epoch,datetime_utc,open,high,low,close
1753955112,2025-07-31 09:45:12,14179.183,14221.983,14158.249,14189.109
1753963200,2025-07-31 12:00:00,14189.111,14264.035,14189.111,14225.069
1753977600,2025-07-31 16:00:00,14225.076,14261.044,14208.183,14245.007
1753992000,2025-07-31 20:00:00,14245.015,14351.938,14245.015,14340.565
1754006400,2025-08-01 00:00:00,14340.571,14364.598,14277.646,14302.018
1754020800,2025-08-01 04:00:00,14302.022,14331.657,14265.601,14316.972
1754035200,2025-08-01 08:00:00,14316.98,14349.605,14220.59,14276.831
1754049600,2025-08-01 12:00:00,14276.845,14359.095,14244.749,14359.095
1754064000,2025-08-01 16:00:00,14359.101,14441.691,14335.42,14373.576
1754078400,2025-08-01 20:00:00,14373.579,14526.445,14358.82,14512.837
1754092800,2025-08-02 00:00:00,14512.843,14579.828,14512.843,14539.884
1754107200,2025-08-02 04:00:00,14539.902,14582.101,14456.273,14467.04
1754121600,2025-08-02 08:00:00,14467.051,14486.01,14416.774,14486.01
1754136000,2025-08-02 12:00:00,14486.014,14516.596,14442.185,14507.449
1754150400,2025-08-02 16:00:00,14507.463,14533.492,14491.752,14533.008
1754164800,2025-08-02 20:00:00,14533.017,14555.262,14337.017,14369.921
1754179200,2025-08-03 00:00:00,14369.954,14390.057,14293.786,14383.674
1754193600,2025-08-03 04:00:00,14383.716,14476.456,14377.969,14470.86
1754208000,2025-08-03 08:00:00,14470.88,14524.408,14440.991,14447.099
1754222400,2025-08-03 12:00:00,14447.125,14526.527,14447.125,14523.918
1754236800,2025-08-03 16:00:00,14523.934,14534.705,14417.996,14508.965
1754251200,2025-08-03 20:00:00,14508.976,14518.076,14416.228,14455.519
1754265600,2025-08-04 00:00:00,14455.558,14522.974,14455.558,14485.794
1754280000,2025-08-04 04:00:00,14485.811,14544.844,14445.124,14532.044
1754294400,2025-08-04 08:00:00,14532.044,14608.333,14532.044,14547.59
1754308800,2025-08-04 12:00:00,14547.599,14584.826,14498.754,14524.803
1754323200,2025-08-04 16:00:00,14524.821,14627.342,14492.662,14624.816
1754337600,2025-08-04 20:00:00,14624.825,14663.555,14508.654,14515.055
1754352000,2025-08-05 00:00:00,14515.065,14529.052,14433.681,14470.384
1754366400,2025-08-05 04:00:00,14470.388,14517.718,14435.552,14469.834
1754380800,2025-08-05 08:00:00,14469.837,14478.861,14373.748,14417.002
1754395200,2025-08-05 12:00:00,14417.034,14465.789,14370.086,14377.046
1754409600,2025-08-05 16:00:00,14377.064,14385.764,14253.971,14309.542
1754424000,2025-08-05 20:00:00,14309.567,14413.676,14309.567,14376.923
1754438400,2025-08-06 00:00:00,14376.962,14408.994,14338.615,14357.682
1754452800,2025-08-06 04:00:00,14357.699,14405.037,14340.069,14377.139
1754467200,2025-08-06 08:00:00,14377.156,14386.428,14194.859,14195.409
1754481600,2025-08-06 12:00:00,14195.426,14246.134,14172.585,14207.595
1754496000,2025-08-06 16:00:00,14207.61,14286.173,14207.61,14261.865
1754510400,2025-08-06 20:00:00,14261.894,14305.894,14235.793,14284.918
1754524800,2025-08-07 00:00:00,14284.923,14292.438,14228.317,14278.556
1754539200,2025-08-07 04:00:00,14278.57,14289.186,14154.69,14173.971
1754553600,2025-08-07 08:00:00,14173.983,14204.011,14126.721,14201.767
1754568000,2025-08-07 12:00:00,14201.775,14260.446,14169.471,14258.863
1754582400,2025-08-07 16:00:00,14258.869,14290.101,14207.199,14290.101
1754596800,2025-08-07 20:00:00,14290.15,14299.148,14202.182,14270.519
1754611200,2025-08-08 00:00:00,14270.533,14312.032,14176.036,14203.741
1754625600,2025-08-08 04:00:00,14203.747,14222.419,14105.266,14117.086
1754640000,2025-08-08 08:00:00,14117.111,14166.972,14093.769,14137.698
1754654400,2025-08-08 12:00:00,14137.699,14147.084,13979.665,13985.515
1754668800,2025-08-08 16:00:00,13985.524,14078.764,13980.788,14078.764
1754683200,2025-08-08 20:00:00,14078.772,14085.998,13967.478,14004.971
1754697600,2025-08-09 00:00:00,14004.985,14066.257,13974.482,14066.257
1754712000,2025-08-09 04:00:00,14066.316,14077.677,14003.516,14047.997
1754726400,2025-08-09 08:00:00,14048.011,14072.853,13996.97,14031.661
1754740800,2025-08-09 12:00:00,14031.671,14082.214,14000.135,14072.504
1754755200,2025-08-09 16:00:00,14072.518,14126.831,14045.873,14101.124
1754769600,2025-08-09 20:00:00,14101.146,14126.84,14038.109,14096.994
1754784000,2025-08-10 00:00:00,14097.008,14202.236,14060.432,14202.236
1754798400,2025-08-10 04:00:00,14202.254,14277.55,14196.495,14277.55
1754812800,2025-08-10 08:00:00,14277.554,14356.742,14262.367,14350.486
1754827200,2025-08-10 12:00:00,14350.502,14375.277,14208.237,14245.497
1754841600,2025-08-10 16:00:00,14245.529,14349.831,14231.573,14349.831
1754856000,2025-08-10 20:00:00,14349.842,14482.605,14328.798,14482.605
1754870400,2025-08-11 00:00:00,14482.623,14591.193,14482.623,14562.577
1754884800,2025-08-11 04:00:00,14562.601,14602.211,14501.981,14565.491
1754899200,2025-08-11 08:00:00,14565.496,14594.308,14530.889,14587.705
1754913600,2025-08-11 12:00:00,14587.726,14617.7,14541.051,14617.7
1754928000,2025-08-11 16:00:00,14617.719,14712.856,14595.195,14712.392
1754942400,2025-08-11 20:00:00,14712.419,14751.839,14632.446,14688.446
1754956800,2025-08-12 00:00:00,14688.45,14754.671,14628.372,14669.427
1754971200,2025-08-12 04:00:00,14669.429,14825.712,14669.126,14825.712
1754985600,2025-08-12 08:00:00,14825.729,14890.695,14812.802,14835.89
1755000000,2025-08-12 12:00:00,14835.894,14958.514,14835.894,14931.201
1755014400,2025-08-12 16:00:00,14931.215,14997.741,14875.011,14979.603
1755028800,2025-08-12 20:00:00,14979.617,15012.693,14909.905,14925.248
1755043200,2025-08-13 00:00:00,14925.252,14932.347,14855.565,14886.309
1755057600,2025-08-13 04:00:00,14886.34,15008.913,14861.117,15008.913
1755072000,2025-08-13 08:00:00,15008.915,15155.314,15008.915,15138.23
1755086400,2025-08-13 12:00:00,15138.249,15181.642,15092.051,15106.377
1755100800,2025-08-13 16:00:00,15106.406,15129.046,15006.581,15051.359
1755115200,2025-08-13 20:00:00,15051.377,15058.535,14918.185,14929.568
1755129600,2025-08-14 00:00:00,14929.569,15071.935,14929.569,15058.781
1755144000,2025-08-14 04:00:00,15058.802,15067.238,14966.28,14996.797
1755158400,2025-08-14 08:00:00,14996.806,15027.835,14921.015,15002.352
1755172800,2025-08-14 12:00:00,15002.365,15103.359,14985.831,15014.838
1755187200,2025-08-14 16:00:00,15014.858,15052.044,14924.779,14936.934
1755201600,2025-08-14 20:00:00,14936.958,14967.142,14850.347,14904.152
1755216000,2025-08-15 00:00:00,14904.16,14922.667,14826.714,14876.216
1755230400,2025-08-15 04:00:00,14876.247,14899.434,14842.61,14865.524
1755244800,2025-08-15 08:00:00,14865.536,14919.367,14852.622,14907.892
1755259200,2025-08-15 12:00:00,14907.918,14983.542,14907.918,14983.542
1755273600,2025-08-15 16:00:00,14983.556,15006.79,14865.923,14926.002
1755288000,2025-08-15 20:00:00,14926.022,14929.078,14856.349,14861.236
1755302400,2025-08-16 00:00:00,14861.24,14922.726,14841.986,14913.46
1755316800,2025-08-16 04:00:00,14913.476,14935.576,14833.626,14860.446
1755331200,2025-08-16 08:00:00,14860.468,14969.844,14846.974,14969.844
1755345600,2025-08-16 12:00:00,14969.87,14977.449,14893.974,14906.967
1755360000,2025-08-16 16:00:00,14906.984,14996.377,14895.477,14989.354
1755374400,2025-08-16 20:00:00,14989.382,15059.904,14983.491,15051.476
1755388800,2025-08-17 00:00:00,15051.513,15160.526,15029.491,15160.526
1755403200,2025-08-17 04:00:00,15160.536,15199.462,15029.323,15081.399
1755417600,2025-08-17 08:00:00,15081.433,15129.693,14966.865,14974.639
1755432000,2025-08-17 12:00:00,14974.644,15080.154,14956.278,15080.154
1755446400,2025-08-17 16:00:00,15080.183,15086.757,14976.529,15017.906
1755460800,2025-08-17 20:00:00,15017.921,15120.519,15013.945,15086.408
1755475200,2025-08-18 00:00:00,15086.434,15128.525,14981.208,14982.139
1755489600,2025-08-18 04:00:00,14982.159,15058.106,14953.558,14957.41
1755504000,2025-08-18 08:00:00,14957.422,15020.309,14957.422,15018.742
1755518400,2025-08-18 12:00:00,15018.747,15089.363,14947.013,14987.066
1755532800,2025-08-18 16:00:00,14987.079,15041.093,14960.263,14986.958
1755547200,2025-08-18 20:00:00,14986.973,15012.554,14944.876,14998.762
1755561600,2025-08-19 00:00:00,14998.792,15026.653,14973.452,15021.914
1755576000,2025-08-19 04:00:00,15021.933,15206.958,15021.933,15206.958
1755590400,2025-08-19 08:00:00,15206.977,15243.633,15137.521,15243.004
1755604800,2025-08-19 12:00:00,15243.008,15340.438,15236.412,15291.095
1755619200,2025-08-19 16:00:00,15291.134,15329.654,15109.019,15117.739
1755633600,2025-08-19 20:00:00,15117.741,15197.983,15117.741,15180.502
1755648000,2025-08-20 00:00:00,15180.514,15252.018,15159.399,15250.377
1755662400,2025-08-20 04:00:00,15250.386,15335.509,15206.706,15250.527
1755676800,2025-08-20 08:00:00,15250.54,15306.754,15217.42,15264.26
1755691200,2025-08-20 12:00:00,15264.273,15375.784,15264.273,15316.134
1755705600,2025-08-20 16:00:00,15316.143,15390.49,15313.881,15374.336
1755720000,2025-08-20 20:00:00,15374.337,15441.013,15308.473,15310.186
1755734400,2025-08-21 00:00:00,15310.202,15350.475,15284.658,15318.168
1755748800,2025-08-21 04:00:00,15318.195,15357.99,15237.641,15253.514
1755763200,2025-08-21 08:00:00,15253.555,15301.878,15191.585,15192.116
1755777600,2025-08-21 12:00:00,15192.131,15195.483,15053.082,15073.637
1755792000,2025-08-21 16:00:00,15073.651,15113.818,15007.947,15054.5
1755806400,2025-08-21 20:00:00,15054.533,15132.669,15054.533,15109.288
1755820800,2025-08-22 00:00:00,15109.316,15184.695,15085.556,15183.196
1755835200,2025-08-22 04:00:00,15183.2,15195.438,15086.597,15100.196
1755849600,2025-08-22 08:00:00,15100.203,15126.174,15073.011,15103.399
1755864000,2025-08-22 12:00:00,15103.415,15170.203,15068.775,15170.203
1755878400,2025-08-22 16:00:00,15170.208,15288.935,15170.208,15269.523
1755892800,2025-08-22 20:00:00,15269.547,15365.003,15262.778,15349.079
1755907200,2025-08-23 00:00:00,15349.11,15370.642,15306.396,15354.052
1755921600,2025-08-23 04:00:00,15354.08,15371.073,15211.06,15267.579
1755936000,2025-08-23 08:00:00,15267.593,15318.993,15218.38,15318.993
1755950400,2025-08-23 12:00:00,15319.019,15347.596,15275.926,15296.747
1755964800,2025-08-23 16:00:00,15296.77,15340.698,15250.433,15336.019
1755979200,2025-08-23 20:00:00,15336.041,15444.281,15299.017,15412.011
1755993600,2025-08-24 00:00:00,15412.021,15493.198,15400.072,15400.595
1756008000,2025-08-24 04:00:00,15400.597,15454.043,15400.597,15448.49
1756022400,2025-08-24 08:00:00,15448.492,15481.771,15394.546,15442.581
1756036800,2025-08-24 12:00:00,15442.585,15460.587,15343.322,15345.895
1756051200,2025-08-24 16:00:00,15345.912,15394.679,15286.784,15370.463
1756065600,2025-08-24 20:00:00,15370.485,15405.313,15316.132,15405.313
1756080000,2025-08-25 00:00:00,15405.319,15405.319,15251.773,15254.222
1756094400,2025-08-25 04:00:00,15254.24,15335.729,15230.308,15295.554
1756108800,2025-08-25 08:00:00,15295.567,15307.762,15146.581,15157.977
1756123200,2025-08-25 12:00:00,15158.007,15181.836,15097.153,15140.494
1756137600,2025-08-25 16:00:00,15140.525,15269.5,15140.525,15269.5
1756152000,2025-08-25 20:00:00,15269.529,15377.75,15230.039,15377.75
1756166400,2025-08-26 00:00:00,15377.768,15471.137,15365.542,15394.456
1756180800,2025-08-26 04:00:00,15394.5,15423.288,15349.874,15422.308
1756195200,2025-08-26 08:00:00,15422.329,15524.61,15422.329,15498.653
1756209600,2025-08-26 12:00:00,15498.661,15570.633,15492.94,15513.109
1756224000,2025-08-26 16:00:00,15513.117,15616.349,15494.593,15616.349
1756238400,2025-08-26 20:00:00,15616.363,15652.273,15531.279,15546.915
1756252800,2025-08-27 00:00:00,15546.954,15637.697,15546.954,15634.811
1756267200,2025-08-27 04:00:00,15634.818,15780.539,15612.807,15727.458
1756281600,2025-08-27 08:00:00,15727.467,15767.283,15680.061,15685.901
1756296000,2025-08-27 12:00:00,15685.907,15863.935,15685.907,15856.619
1756310400,2025-08-27 16:00:00,15856.653,15901.893,15787.363,15806.777
1756324800,2025-08-27 20:00:00,15806.786,15947.92,15806.786,15902.757
1756339200,2025-08-28 00:00:00,15902.761,16069.6,15902.761,16060.012
1756353600,2025-08-28 04:00:00,16060.024,16172.884,16034.383,16041.52
1756368000,2025-08-28 08:00:00,16041.56,16150.778,16036.63,16150.778
1756382400,2025-08-28 12:00:00,16150.808,16183.852,16124.062,16164.218
1756396800,2025-08-28 16:00:00,16164.243,16201.774,16113.411,16184.54
1756411200,2025-08-28 20:00:00,16184.55,16201.048,16094.53,16198.954
1756425600,2025-08-29 00:00:00,16198.967,16319.599,16198.967,16291.483
1756440000,2025-08-29 04:00:00,16291.505,16414.089,16291.505,16390.343
1756454400,2025-08-29 08:00:00,16390.366,16426.835,16318.017,16361.183
1756468800,2025-08-29 12:00:00,16361.193,16429.127,16335.532,16413.47
1756483200,2025-08-29 16:00:00,16413.48,16450.763,16284.768,16297.269
1756497600,2025-08-29 20:00:00,16297.287,16328.381,16252.327,16273.28
1756512000,2025-08-30 00:00:00,16273.296,16294.845,16187.434,16228.304
1756526400,2025-08-30 04:00:00,16228.311,16253.851,16136.253,16253.851
1756540800,2025-08-30 08:00:00,16253.883,16390.525,16253.883,16379.039
1756555200,2025-08-30 12:00:00,16379.061,16420.5,16336.105,16372.506
1756569600,2025-08-30 16:00:00,16372.529,16373.605,16222.27,16237.944
1756584000,2025-08-30 20:00:00,16237.97,16291.782,16186.734,16248.69
1756598400,2025-08-31 00:00:00,16248.702,16267.306,16199.985,16231.573
1756612800,2025-08-31 04:00:00,16231.599,16274.214,16205.623,16256.315
1756627200,2025-08-31 08:00:00,16256.339,16345.244,16252.749,16344.771
1756641600,2025-08-31 12:00:00,16344.776,16347.008,16236.499,16240.403
1756656000,2025-08-31 16:00:00,16240.425,16270.661,16111.181,16123.085
1756670400,2025-08-31 20:00:00,16123.103,16153.732,16066.161,16131.328
1756684800,2025-09-01 00:00:00,16131.33,16198.233,16128.024,16184.01
1756699200,2025-09-01 04:00:00,16184.015,16237.223,16129.911,16171.697
1756713600,2025-09-01 08:00:00,16171.706,16262.869,16171.706,16191.664
1756728000,2025-09-01 12:00:00,16191.668,16326.149,16166.53,16311.146
1756742400,2025-09-01 16:00:00,16311.172,16356.515,16270.32,16279.02
1756756800,2025-09-01 20:00:00,16279.032,16461.503,16256.297,16461.503
1756771200,2025-09-02 00:00:00,16461.516,16568.78,16461.516,16525.769
1756785600,2025-09-02 04:00:00,16525.791,16539.353,16417.814,16471.746
1756800000,2025-09-02 08:00:00,16471.778,16500.325,16388.529,16415.512
1756814400,2025-09-02 12:00:00,16415.53,16545.758,16415.53,16535.32
1756828800,2025-09-02 16:00:00,16535.328,16703.985,16535.328,16703.985
1756843200,2025-09-02 20:00:00,16704,16843.696,16644.278,16807.299
1756857600,2025-09-03 00:00:00,16807.31,16960.795,16792.275,16951.759
1756872000,2025-09-03 04:00:00,16951.76,17028.951,16911.112,16963.555
1756886400,2025-09-03 08:00:00,16963.565,17034.954,16963.565,17022.303
1756900800,2025-09-03 12:00:00,17022.303,17054.426,16963.946,17052.268
1756915200,2025-09-03 16:00:00,17052.271,17149.1,17024.862,17028.077
1756929600,2025-09-03 20:00:00,17028.105,17089.481,17011.869,17022.76
1756944000,2025-09-04 00:00:00,17022.791,17079.567,17013.133,17079.567
1756958400,2025-09-04 04:00:00,17079.604,17106.354,17011.44,17078.696
1756972800,2025-09-04 08:00:00,17078.707,17194.534,17059.705,17194.534
1756987200,2025-09-04 12:00:00,17194.559,17227.183,17086.772,17134.706
1757001600,2025-09-04 16:00:00,17134.724,17237.957,17128.598,17217.093
1757016000,2025-09-04 20:00:00,17217.105,17304.215,17177.12,17190.344
1757030400,2025-09-05 00:00:00,17190.363,17279.023,17190.363,17279.023
1757044800,2025-09-05 04:00:00,17279.027,17287.594,17181.966,17226.153
1757059200,2025-09-05 08:00:00,17226.198,17320.184,17226.198,17288.009
1757073600,2025-09-05 12:00:00,17288.028,17315.995,17249.368,17303.594
1757088000,2025-09-05 16:00:00,17303.616,17387.662,17294.877,17369.19
1757102400,2025-09-05 20:00:00,17369.222,17473.557,17297.017,17428.5
1757116800,2025-09-06 00:00:00,17428.519,17455.58,17210.495,17215.92
1757131200,2025-09-06 04:00:00,17215.922,17369.145,17215.922,17349.313
1757145600,2025-09-06 08:00:00,17349.343,17390.06,17206.127,17207.975
1757160000,2025-09-06 12:00:00,17207.995,17216.531,17077.962,17137.54
1757174400,2025-09-06 16:00:00,17137.545,17309.328,17137.545,17254.578
1757188800,2025-09-06 20:00:00,17254.588,17321.472,17217.257,17321.472
1757203200,2025-09-07 00:00:00,17321.496,17431.389,17321.496,17390.32
1757217600,2025-09-07 04:00:00,17390.328,17550.591,17390.328,17550.591
1757232000,2025-09-07 08:00:00,17550.597,17563.254,17475.484,17542.232
1757246400,2025-09-07 12:00:00,17542.235,17635.454,17531.856,17586.084
1757260800,2025-09-07 16:00:00,17586.121,17592.956,17483.478,17486.784
1757275200,2025-09-07 20:00:00,17486.805,17504.765,17357.013,17465.023
1757289600,2025-09-08 00:00:00,17465.044,17465.898,17371.118,17430.593
1757304000,2025-09-08 04:00:00,17430.612,17513.546,17402.131,17513.546
1757318400,2025-09-08 08:00:00,17513.558,17562.226,17405.423,17415.865
1757332800,2025-09-08 12:00:00,17415.886,17443.488,17305.424,17310.657
1757347200,2025-09-08 16:00:00,17310.667,17314.633,17213.653,17248.737
1757361600,2025-09-08 20:00:00,17248.749,17253.999,17067.754,17078.634
1757376000,2025-09-09 00:00:00,17078.65,17192.666,17077.743,17160.46
1757390400,2025-09-09 04:00:00,17160.466,17188.109,17108.628,17138.274
1757404800,2025-09-09 08:00:00,17138.327,17155.837,17071.464,17139.915
1757419200,2025-09-09 12:00:00,17139.917,17206.645,17101.916,17112.941
1757433600,2025-09-09 16:00:00,17112.982,17220.719,17111.728,17196.046
1757448000,2025-09-09 20:00:00,17196.05,17211.51,17024.994,17062.644
1757462400,2025-09-10 00:00:00,17062.682,17094.993,16990.806,17049.671
1757476800,2025-09-10 04:00:00,17049.718,17094.358,16941.362,16969.858
1757491200,2025-09-10 08:00:00,16969.868,17084.48,16961.431,17056.249
1757505600,2025-09-10 12:00:00,17056.27,17072.146,16927.543,17016.382
1757520000,2025-09-10 16:00:00,17016.388,17093.384,16980.748,17031.482
1757534400,2025-09-10 20:00:00,17031.485,17102.417,16996.837,17073.649
1757548800,2025-09-11 00:00:00,17073.657,17196.993,17070.235,17186.712
1757563200,2025-09-11 04:00:00,17186.73,17291.245,17186.73,17289.642
1757577600,2025-09-11 08:00:00,17289.657,17331.761,17220.391,17283.006
1757592000,2025-09-11 12:00:00,17283.03,17295.227,17168.469,17195.885
1757606400,2025-09-11 16:00:00,17195.918,17301.301,17183.192,17301.301
1757620800,2025-09-11 20:00:00,17301.332,17342.527,17206.431,17211.629
1757635200,2025-09-12 00:00:00,17211.67,17325.184,17190.462,17265.781
1757649600,2025-09-12 04:00:00,17265.787,17302.545,17145.566,17160.307
1757664000,2025-09-12 08:00:00,17160.337,17244.062,17160.337,17202.439
1757678400,2025-09-12 12:00:00,17202.474,17229.213,17109.519,17120.779
1757692800,2025-09-12 16:00:00,17120.791,17201.117,17108.991,17200.024
1757707200,2025-09-12 20:00:00,17200.04,17330.361,17200.04,17330.361
1757721600,2025-09-13 00:00:00,17330.374,17337.886,17254.565,17337.886
1757736000,2025-09-13 04:00:00,17337.925,17357.822,17287.122,17314.305
1757750400,2025-09-13 08:00:00,17314.316,17335.2,17239.369,17259.322
1757764800,2025-09-13 12:00:00,17259.336,17304.57,17206.901,17236.817
1757779200,2025-09-13 16:00:00,17236.822,17338.121,17182.905,17326.468
1757793600,2025-09-13 20:00:00,17326.492,17381.912,17297.764,17371.698
1757808000,2025-09-14 00:00:00,17371.712,17377.061,17284.649,17355.236
1757822400,2025-09-14 04:00:00,17355.25,17375.319,17304.598,17333.417
1757836800,2025-09-14 08:00:00,17333.423,17358.699,17173.522,17186.543
1757851200,2025-09-14 12:00:00,17186.582,17312.212,17179.091,17312.212
1757865600,2025-09-14 16:00:00,17312.237,17319.654,17210.87,17270.321
1757880000,2025-09-14 20:00:00,17270.333,17277.97,17184.505,17242.927
1757894400,2025-09-15 00:00:00,17242.927,17368.011,17242.927,17313.174
1757908800,2025-09-15 04:00:00,17313.218,17447.439,17313.218,17430.046
1757923200,2025-09-15 08:00:00,17430.055,17552.197,17425.553,17514.834
1757937600,2025-09-15 12:00:00,17514.875,17663.404,17514.875,17644.59
1757952000,2025-09-15 16:00:00,17644.635,17675.714,17523.019,17532.863
1757966400,2025-09-15 20:00:00,17532.869,17591.535,17480.774,17524.736
1757980800,2025-09-16 00:00:00,17524.761,17613.385,17523.681,17592.516
1757995200,2025-09-16 04:00:00,17592.528,17623.515,17471.28,17494.518
1758009600,2025-09-16 08:00:00,17494.542,17570.687,17412.182,17414.519
1758024000,2025-09-16 12:00:00,17414.544,17479.884,17414.544,17433.583
1758038400,2025-09-16 16:00:00,17433.616,17475.659,17382.803,17438.065
1758052800,2025-09-16 20:00:00,17438.102,17458.37,17355.425,17386.921
1758067200,2025-09-17 00:00:00,17386.942,17472.467,17383.689,17439.348
1758081600,2025-09-17 04:00:00,17439.364,17468.857,17346.718,17468.857
1758096000,2025-09-17 08:00:00,17468.868,17595.136,17456.536,17595.136
1758110400,2025-09-17 12:00:00,17595.165,17621.231,17449.127,17464.526
1758124800,2025-09-17 16:00:00,17464.551,17513.658,17344.943,17414.534
1758139200,2025-09-17 20:00:00,17414.535,17422.263,17326.984,17401.541
1758153600,2025-09-18 00:00:00,17401.568,17566.447,17401.568,17566.447
1758168000,2025-09-18 04:00:00,17566.464,17762.276,17566.464,17747.677
1758182400,2025-09-18 08:00:00,17747.717,17825.784,17659.92,17663.765
1758196800,2025-09-18 12:00:00,17663.779,17761.108,17663.779,17751.85
1758211200,2025-09-18 16:00:00,17751.854,17859.523,17725.666,17849.091
1758225600,2025-09-18 20:00:00,17849.118,17918.025,17849.118,17896.626
1758240000,2025-09-19 00:00:00,17896.632,18060.372,17896.632,18060.372
1758254400,2025-09-19 04:00:00,18060.416,18161.789,18060.416,18161.789
1758268800,2025-09-19 08:00:00,18161.792,18246.201,18123.809,18240.575
1758283200,2025-09-19 12:00:00,18240.585,18405.805,18240.585,18380.223
1758297600,2025-09-19 16:00:00,18380.226,18467.731,18344.297,18438.929
1758312000,2025-09-19 20:00:00,18438.957,18495.051,18387.901,18417.486
1758326400,2025-09-20 00:00:00,18417.513,18562.578,18417.513,18552.664
1758340800,2025-09-20 04:00:00,18552.688,18591.617,18496.812,18579.488
1758355200,2025-09-20 08:00:00,18579.494,18671.187,18522.613,18660.819
1758369600,2025-09-20 12:00:00,18660.854,18733.417,18627.591,18733.417
1758384000,2025-09-20 16:00:00,18733.441,18770.655,18708.299,18733.302
1758398400,2025-09-20 20:00:00,18733.311,18856.385,18718.016,18856.385
1758412800,2025-09-21 00:00:00,18856.395,18885.394,18758.85,18784.964
1758427200,2025-09-21 04:00:00,18784.998,18888.324,18743.651,18872.642
1758441600,2025-09-21 08:00:00,18872.683,18929.752,18812.026,18812.325
1758456000,2025-09-21 12:00:00,18812.333,18887.225,18779.138,18808.798
1758470400,2025-09-21 16:00:00,18808.819,18820.474,18606.019,18677.317
1758484800,2025-09-21 20:00:00,18677.323,18771.724,18640.141,18644.908
1758499200,2025-09-22 00:00:00,18644.917,18739.887,18644.917,18739.887
1758513600,2025-09-22 04:00:00,18739.916,18780.088,18671.244,18725.588
1758528000,2025-09-22 08:00:00,18725.59,18826.342,18725.59,18826.342
1758542400,2025-09-22 12:00:00,18826.366,18927.123,18792.403,18896.754
1758556800,2025-09-22 16:00:00,18896.781,19022.55,18896.781,18976.491
1758571200,2025-09-22 20:00:00,18976.493,19140.027,18976.493,19140.027
1758585600,2025-09-23 00:00:00,19140.046,19151.315,19031.753,19113.336
1758600000,2025-09-23 04:00:00,19113.361,19127.63,18969.609,18991.698
1758614400,2025-09-23 08:00:00,18991.704,19034.114,18908.285,19034.114
1758628800,2025-09-23 12:00:00,19034.148,19140.136,19011.72,19120.362
1758643200,2025-09-23 16:00:00,19120.397,19276.03,19110.564,19276.03
1758657600,2025-09-23 20:00:00,19276.085,19282.24,19066.325,19095.881
1758672000,2025-09-24 00:00:00,19095.887,19119.474,18960.852,18971.584
1758686400,2025-09-24 04:00:00,18971.611,19049.348,18851.006,18913.686
1758700800,2025-09-24 08:00:00,18913.735,19034.492,18913.735,19004.78
1758715200,2025-09-24 12:00:00,19004.785,19107.771,18997.384,19065.438
1758729600,2025-09-24 16:00:00,19065.484,19123.781,18967.845,18971.353
1758744000,2025-09-24 20:00:00,18971.358,18996.306,18917.796,18939.349
1758758400,2025-09-25 00:00:00,18939.351,19026.717,18889.578,19025.001
1758772800,2025-09-25 04:00:00,19025.036,19157.951,19020.054,19115.945
1758787200,2025-09-25 08:00:00,19115.977,19164.102,19076.768,19128.583
1758801600,2025-09-25 12:00:00,19128.612,19265.791,19128.612,19258.601
1758816000,2025-09-25 16:00:00,19258.602,19360.705,19258.602,19307.5
1758830400,2025-09-25 20:00:00,19307.517,19381.009,19253.874,19363.984
1758844800,2025-09-26 00:00:00,19364.036,19454.709,19187.441,19210.915
1758859200,2025-09-26 04:00:00,19210.953,19285.187,19176.016,19268.358
1758873600,2025-09-26 08:00:00,19268.371,19395.357,19268.371,19395.357
1758888000,2025-09-26 12:00:00,19395.361,19407.174,19206.574,19244.132
1758902400,2025-09-26 16:00:00,19244.17,19322.217,19225.045,19270.944
1758916800,2025-09-26 20:00:00,19270.963,19387.901,19270.963,19372.147
1758931200,2025-09-27 00:00:00,19372.155,19379.258,19199.904,19223.215
1758945600,2025-09-27 04:00:00,19223.218,19420.081,19223.218,19420.081
1758960000,2025-09-27 08:00:00,19420.115,19454.339,19348.53,19357.658
1758974400,2025-09-27 12:00:00,19357.688,19508.115,19352.773,19508.115
1758988800,2025-09-27 16:00:00,19508.121,19624.62,19508.121,19551.342
1759003200,2025-09-27 20:00:00,19551.351,19683.049,19551.351,19649.003
1759017600,2025-09-28 00:00:00,19649.007,19673.16,19526.72,19567.513
1759032000,2025-09-28 04:00:00,19567.531,19646.32,19550.355,19553.735
1759046400,2025-09-28 08:00:00,19553.748,19622.061,19521.433,19572.789
1759060800,2025-09-28 12:00:00,19572.796,19652.151,19533.086,19538.582
1759075200,2025-09-28 16:00:00,19538.608,19613.923,19524.633,19569.826
1759089600,2025-09-28 20:00:00,19569.859,19678.406,19561.831,19599.601
1759104000,2025-09-29 00:00:00,19599.648,19745.619,19589.869,19745.619
1759118400,2025-09-29 04:00:00,19745.653,19783.723,19699.273,19771.793
1759132800,2025-09-29 08:00:00,19771.8,19867.649,19703.975,19844.143
1759147200,2025-09-29 12:00:00,19844.16,19903.932,19825.058,19903.932
1759161600,2025-09-29 16:00:00,19903.934,19937.903,19863.538,19937.903
1759176000,2025-09-29 20:00:00,19937.927,19980.431,19815.455,19840.595
1759190400,2025-09-30 00:00:00,19840.608,19891,19760.42,19843.786
1759204800,2025-09-30 04:00:00,19843.812,19987.743,19807.617,19943.345
1759219200,2025-09-30 08:00:00,19943.353,20033.796,19732.61,19747.881
1759233600,2025-09-30 12:00:00,19747.884,19826.901,19734.732,19826.901
1759248000,2025-09-30 16:00:00,19826.923,19831.18,19723.819,19762.101
1759262400,2025-09-30 20:00:00,19762.14,19787.654,19677.233,19711.043
1759276800,2025-10-01 00:00:00,19711.086,19745.677,19642.98,19659.535
1759291200,2025-10-01 04:00:00,19659.578,19775.234,19602.767,19775.234
1759305600,2025-10-01 08:00:00,19775.264,19821.31,19711.36,19731.729
1759320000,2025-10-01 12:00:00,19731.769,19736.325,19639.801,19708.574
1759334400,2025-10-01 16:00:00,19708.596,19725.916,19581.292,19655.477
1759348800,2025-10-01 20:00:00,19655.492,19759.944,19647.811,19671.284
1759363200,2025-10-02 00:00:00,19671.285,19712.199,19620.609,19669.474
1759377600,2025-10-02 04:00:00,19669.49,19681.718,19576.545,19640.906
1759392000,2025-10-02 08:00:00,19640.913,19729.258,19606.897,19657.653
1759406400,2025-10-02 12:00:00,19657.671,19698.723,19520.46,19604.363
1759420800,2025-10-02 16:00:00,19604.392,19782.725,19575.911,19763.077
1759435200,2025-10-02 20:00:00,19763.114,19855.913,19736.141,19754.69
1759449600,2025-10-03 00:00:00,19754.731,19830.535,19681.506,19752.622
1759464000,2025-10-03 04:00:00,19752.635,19947.924,19752.635,19916.697
1759478400,2025-10-03 08:00:00,19916.719,20035.102,19904.061,19927.646
1759492800,2025-10-03 12:00:00,19927.657,19938.608,19642.818,19669.419
1759507200,2025-10-03 16:00:00,19669.424,19688.998,19524.457,19603.424
1759521600,2025-10-03 20:00:00,19603.439,19628.953,19534.119,19596.314
1759536000,2025-10-04 00:00:00,19596.316,19681.589,19538.252,19572.133
1759550400,2025-10-04 04:00:00,19572.155,19659.958,19540.648,19599.532
1759564800,2025-10-04 08:00:00,19599.543,19787.47,19599.543,19787.47
1759579200,2025-10-04 12:00:00,19787.498,19884.638,19676.561,19720.123
1759593600,2025-10-04 16:00:00,19720.176,19743.989,19635.16,19716.399
1759608000,2025-10-04 20:00:00,19716.449,19809.449,19677.586,19809.449
1759622400,2025-10-05 00:00:00,19809.475,19873.273,19786.104,19872.306
1759636800,2025-10-05 04:00:00,19872.327,19971.158,19826.005,19965.21
1759651200,2025-10-05 08:00:00,19965.235,20039.516,19897.76,19905.995
1759665600,2025-10-05 12:00:00,19906.044,20064.9,19898.28,20033.746
1759680000,2025-10-05 16:00:00,20033.767,20076.241,19811.413,19848.969
1759694400,2025-10-05 20:00:00,19848.978,19913.468,19797.532,19883.567
1759708800,2025-10-06 00:00:00,19883.581,19946.115,19864.736,19883.577
1759723200,2025-10-06 04:00:00,19883.614,20009.485,19883.614,19998.617
1759737600,2025-10-06 08:00:00,19998.649,20042.882,19862.886,19872.509
1759752000,2025-10-06 12:00:00,19872.52,20031.396,19867.948,20031.396
1759766400,2025-10-06 16:00:00,20031.431,20130.386,19940.452,19951.932
1759780800,2025-10-06 20:00:00,19951.965,20073.759,19951.965,19993.915
1759795200,2025-10-07 00:00:00,19993.942,20033.106,19937.804,20003.603
1759809600,2025-10-07 04:00:00,20003.652,20046.909,19951.136,20027.413
1759824000,2025-10-07 08:00:00,20027.416,20057.836,19985.413,20011.088
1759838400,2025-10-07 12:00:00,20011.092,20089.101,19947.828,19950.127
1759852800,2025-10-07 16:00:00,19950.131,20022.188,19870.749,19966.825
1759867200,2025-10-07 20:00:00,19966.858,20013.004,19863.997,19964.154
1759881600,2025-10-08 00:00:00,19964.201,20015.109,19916.689,20013.233
1759896000,2025-10-08 04:00:00,20013.249,20075.137,19982.618,20068.268
1759910400,2025-10-08 08:00:00,20068.32,20080.19,19939.435,20039.614
1759924800,2025-10-08 12:00:00,20039.637,20049.379,19853.819,19871.12
1759939200,2025-10-08 16:00:00,19871.138,20005.962,19845.122,20005.962
1759953600,2025-10-08 20:00:00,20005.969,20106.15,19936.462,19946.246
1759968000,2025-10-09 00:00:00,19946.277,19956.234,19826.197,19886.864
1759982400,2025-10-09 04:00:00,19886.887,19901.965,19710.189,19782.896
1759996800,2025-10-09 08:00:00,19782.909,19921.845,19782.909,19876.915
1760011200,2025-10-09 12:00:00,19876.925,19944.772,19832.723,19863.505
1760025600,2025-10-09 16:00:00,19863.546,19970.5,19863.546,19960.458
1760040000,2025-10-09 20:00:00,19960.469,20047.773,19954.244,20018.909
1760054400,2025-10-10 00:00:00,20018.935,20049.458,19913.422,20049.458
1760068800,2025-10-10 04:00:00,20049.475,20200.787,19988.695,20200.787
1760083200,2025-10-10 08:00:00,20200.843,20256.163,20106.062,20184.255
1760097600,2025-10-10 12:00:00,20184.279,20296.123,20159.353,20296.123
1760112000,2025-10-10 16:00:00,20296.153,20310.333,20217.399,20268.27
1760126400,2025-10-10 20:00:00,20268.296,20291.858,20165.832,20185.968
1760140800,2025-10-11 00:00:00,20185.976,20275.903,20143.107,20213.464
1760155200,2025-10-11 04:00:00,20213.487,20320.911,20192.827,20295.328
1760169600,2025-10-11 08:00:00,20295.37,20332.948,20220.515,20277.146
1760184000,2025-10-11 12:00:00,20277.173,20412.467,20277.173,20412.467
1760198400,2025-10-11 16:00:00,20412.47,20501.063,20370.445,20498.193
1760212800,2025-10-11 20:00:00,20498.196,20609.823,20470.652,20609.823
1760227200,2025-10-12 00:00:00,20609.831,20705.319,20588.777,20608.077
1760241600,2025-10-12 04:00:00,20608.079,20665.268,20561.36,20633.257
1760256000,2025-10-12 08:00:00,20633.295,20689.274,20537.421,20689.274
1760270400,2025-10-12 12:00:00,20689.299,20746.007,20586.07,20746.007
1760284800,2025-10-12 16:00:00,20746.015,20787.169,20670.358,20756.363
1760299200,2025-10-12 20:00:00,20756.387,20759.803,20553.781,20580.542
1760313600,2025-10-13 00:00:00,20580.575,20612.969,20488.431,20504.4
1760328000,2025-10-13 04:00:00,20504.407,20538.616,20434.466,20449.429
1760342400,2025-10-13 08:00:00,20449.459,20455.805,20320.119,20330.586
1760356800,2025-10-13 12:00:00,20330.589,20363.39,20139.547,20185.07
1760371200,2025-10-13 16:00:00,20185.104,20324.602,20185.104,20324.602
1760385600,2025-10-13 20:00:00,20324.618,20439.411,20293.278,20320.581
1760400000,2025-10-14 00:00:00,20320.602,20330.614,20198.047,20252.984
1760414400,2025-10-14 04:00:00,20253.013,20447.195,20253.013,20447.195
1760428800,2025-10-14 08:00:00,20447.234,20539.561,20364.805,20390.292
1760443200,2025-10-14 12:00:00,20390.311,20463.92,20382.984,20399.122
1760457600,2025-10-14 16:00:00,20399.131,20478.43,20394.559,20478.43
1760472000,2025-10-14 20:00:00,20478.438,20524.752,20397.191,20470.951
1760486400,2025-10-15 00:00:00,20470.969,20526.346,20417.401,20449.913
1760500800,2025-10-15 04:00:00,20449.957,20505.719,20436.583,20489.544
1760515200,2025-10-15 08:00:00,20489.559,20522.757,20439.828,20519.281
1760529600,2025-10-15 12:00:00,20519.285,20541.201,20431.211,20504.272
1760544000,2025-10-15 16:00:00,20504.307,20508.791,20383.847,20450.737
1760558400,2025-10-15 20:00:00,20450.773,20580.61,20450.773,20575.102
1760572800,2025-10-16 00:00:00,20575.107,20689.645,20559.832,20613.785
1760587200,2025-10-16 04:00:00,20613.797,20628.292,20538.915,20606.865
1760601600,2025-10-16 08:00:00,20606.875,20628.303,20521.563,20586.53
1760616000,2025-10-16 12:00:00,20586.568,20681.047,20586.568,20681.047
1760630400,2025-10-16 16:00:00,20681.051,20785.022,20671.081,20785.022
1760644800,2025-10-16 20:00:00,20785.037,20956.365,20785.037,20881.761
1760659200,2025-10-17 00:00:00,20881.799,20985.336,20731.339,20748.946
1760673600,2025-10-17 04:00:00,20748.953,20938.09,20748.953,20889.804
1760688000,2025-10-17 08:00:00,20889.812,20893.291,20750.489,20829.897
1760702400,2025-10-17 12:00:00,20829.91,20855.469,20694.773,20774.139
1760716800,2025-10-17 16:00:00,20774.153,20860.137,20740.992,20753.659
1760731200,2025-10-17 20:00:00,20753.675,20770.026,20583.776,20652.896
1760745600,2025-10-18 00:00:00,20652.917,20687.826,20576.26,20607.43
1760760000,2025-10-18 04:00:00,20607.436,20708.785,20569.976,20695.433
1760774400,2025-10-18 08:00:00,20695.443,20719.698,20580.344,20608.378
1760788800,2025-10-18 12:00:00,20608.386,20613.834,20471.609,20520.486
1760803200,2025-10-18 16:00:00,20520.513,20674.735,20520.513,20648.991
1760817600,2025-10-18 20:00:00,20649.004,20732.827,20566.177,20625.06
1760832000,2025-10-19 00:00:00,20625.109,20677.095,20490.891,20546.384
1760846400,2025-10-19 04:00:00,20546.415,20568.307,20454.648,20568.307
1760860800,2025-10-19 08:00:00,20568.325,20629.307,20514.459,20629.307
1760875200,2025-10-19 12:00:00,20629.342,20806.269,20629.342,20730.969
1760889600,2025-10-19 16:00:00,20730.972,20763.391,20565.278,20594.388
1760904000,2025-10-19 20:00:00,20594.426,20642.788,20465.288,20471.665
1760918400,2025-10-20 00:00:00,20471.676,20554.669,20450.079,20493.122
1760932800,2025-10-20 04:00:00,20493.124,20518.371,20419.754,20445.22
1760947200,2025-10-20 08:00:00,20445.229,20489.011,20339.397,20400.962
1760961600,2025-10-20 12:00:00,20400.962,20445.405,20286.096,20299.867
1760976000,2025-10-20 16:00:00,20299.906,20433.915,20299.906,20364.306
1760990400,2025-10-20 20:00:00,20364.329,20452.372,20357.056,20368.021
1761004800,2025-10-21 00:00:00,20368.058,20370.806,20244.716,20255.76
1761019200,2025-10-21 04:00:00,20255.804,20458.989,20255.804,20437.113
1761033600,2025-10-21 08:00:00,20437.165,20469.176,20363.194,20401.848
1761048000,2025-10-21 12:00:00,20401.855,20552.752,20401.379,20502.342
1761062400,2025-10-21 16:00:00,20502.361,20612.218,20493.588,20545.51
1761076800,2025-10-21 20:00:00,20545.532,20623.382,20494.41,20497.673
1761091200,2025-10-22 00:00:00,20497.703,20548.935,20343.485,20395.614
1761105600,2025-10-22 04:00:00,20395.632,20444.719,20280.341,20325.372
1761120000,2025-10-22 08:00:00,20325.373,20354.294,20145.333,20146.856
1761134400,2025-10-22 12:00:00,20146.871,20235.878,20125.358,20168.039
1761148800,2025-10-22 16:00:00,20168.056,20208.246,20072.757,20098.493
1761163200,2025-10-22 20:00:00,20098.501,20161.28,20061.711,20157.812
1761177600,2025-10-23 00:00:00,20157.814,20200.736,20095.052,20145.952
1761192000,2025-10-23 04:00:00,20145.991,20235.879,20081.822,20117.289
1761206400,2025-10-23 08:00:00,20117.309,20254.724,20069.04,20151.866
1761220800,2025-10-23 12:00:00,20151.867,20237.214,20145.115,20237.214
1761235200,2025-10-23 16:00:00,20237.216,20242.248,20102.698,20202.271
1761249600,2025-10-23 20:00:00,20202.296,20278.648,20165.447,20223.373
1761264000,2025-10-24 00:00:00,20223.432,20333.885,20223.432,20318.381
1761278400,2025-10-24 04:00:00,20318.42,20330.306,20174.504,20237.784
1761292800,2025-10-24 08:00:00,20237.794,20322.019,20194.279,20272.71
1761307200,2025-10-24 12:00:00,20272.773,20319.684,20217.866,20256.576
1761321600,2025-10-24 16:00:00,20256.628,20430.364,20256.628,20319.886
1761336000,2025-10-24 20:00:00,20319.892,20387.455,20289.157,20387.455
1761350400,2025-10-25 00:00:00,20387.469,20512.489,20383.815,20509.664
1761364800,2025-10-25 04:00:00,20509.679,20670.31,20509.679,20638.963
1761379200,2025-10-25 08:00:00,20638.987,20739.145,20591.671,20710.511
1761393600,2025-10-25 12:00:00,20710.533,20792.789,20621.534,20625.286
1761408000,2025-10-25 16:00:00,20625.345,20686.844,20575.321,20622.433
1761422400,2025-10-25 20:00:00,20622.453,20756.112,20595.156,20754.024
1761436800,2025-10-26 00:00:00,20754.04,20807.493,20707.715,20807.493
1761451200,2025-10-26 04:00:00,20807.499,20859.258,20767.154,20841.582
1761465600,2025-10-26 08:00:00,20841.607,21000.407,20797.415,21000.407
1761480000,2025-10-26 12:00:00,21000.414,21046.123,20684.012,20714.493
1761494400,2025-10-26 16:00:00,20714.494,20891.058,20708.838,20832.228
1761508800,2025-10-26 20:00:00,20832.228,20898.83,20767.034,20811.634
1761523200,2025-10-27 00:00:00,20811.664,20859.164,20703.033,20714.626
1761537600,2025-10-27 04:00:00,20714.636,20823.306,20647.262,20656.701
1761552000,2025-10-27 08:00:00,20656.764,20810.336,20656.764,20773.911
1761566400,2025-10-27 12:00:00,20773.922,20898.317,20744.588,20892.971
1761580800,2025-10-27 16:00:00,20892.987,20955.905,20836.308,20868.165
1761595200,2025-10-27 20:00:00,20868.188,20869.765,20734.585,20865.349
1761609600,2025-10-28 00:00:00,20865.362,20909.408,20548.767,20554.751
1761624000,2025-10-28 04:00:00,20554.8,20667.367,20456.362,20477.427
1761638400,2025-10-28 08:00:00,20477.486,20509.346,20321.907,20357.754
1761652800,2025-10-28 12:00:00,20357.773,20380.161,20220.578,20335.417
1761667200,2025-10-28 16:00:00,20335.43,20401.337,20284.807,20386.745
1761681600,2025-10-28 20:00:00,20386.76,20454.564,20252.973,20299.689
1761696000,2025-10-29 00:00:00,20299.727,20518.867,20299.727,20518.867
1761710400,2025-10-29 04:00:00,20518.9,20580.85,20366.368,20417.345
1761724800,2025-10-29 08:00:00,20417.365,20471.553,20383.162,20413.399
1761739200,2025-10-29 12:00:00,20413.423,20424.095,20277.283,20354.305
1761753600,2025-10-29 16:00:00,20354.308,20404.899,20295.767,20309.884
1761768000,2025-10-29 20:00:00,20309.914,20385.678,20133.403,20156.132
1761782400,2025-10-30 00:00:00,20156.138,20170.123,20075.969,20124.619
1761796800,2025-10-30 04:00:00,20124.63,20181.409,20062.996,20179.135
1761811200,2025-10-30 08:00:00,20179.169,20273.688,20076.713,20108.671
1761825600,2025-10-30 12:00:00,20108.7,20142.755,20009.156,20089.757
1761840000,2025-10-30 16:00:00,20089.775,20199.405,19968.055,19970.809
1761854400,2025-10-30 20:00:00,19970.811,20050.628,19955.116,19976.317
1761868800,2025-10-31 00:00:00,19976.38,20027.947,19908.612,19981.906
1761883200,2025-10-31 04:00:00,19981.927,20209.495,19981.927,20138.829
1761897600,2025-10-31 08:00:00,20138.86,20139.942,20000.237,20082.031
1761912000,2025-10-31 12:00:00,20082.061,20175.011,20021.215,20048.934
1761926400,2025-10-31 16:00:00,20048.978,20129.962,19986.034,20003.403
1761940800,2025-10-31 20:00:00,20003.418,20060.531,19989.722,20027.359
1761955200,2025-11-01 00:00:00,20027.385,20071.986,19960.596,20054.949
1761969600,2025-11-01 04:00:00,20054.991,20175.49,20027.916,20146.09
1761984000,2025-11-01 08:00:00,20146.094,20200.972,20007.809,20065.569
1761998400,2025-11-01 12:00:00,20065.576,20152.991,20018.826,20029.54
1762012800,2025-11-01 16:00:00,20029.56,20067.783,19967.31,19982.178
1762027200,2025-11-01 20:00:00,19982.203,19995.761,19857.731,19893.964
1762041600,2025-11-02 00:00:00,19893.982,20037.395,19887.205,20029.163
1762056000,2025-11-02 04:00:00,20029.174,20132.896,20001.975,20132.896
1762070400,2025-11-02 08:00:00,20132.909,20237.77,20131.414,20153.936
1762084800,2025-11-02 12:00:00,20153.94,20231.429,20080.963,20158.277
1762099200,2025-11-02 16:00:00,20158.28,20180.927,20047.327,20097.709
1762113600,2025-11-02 20:00:00,20097.749,20113.635,19948.869,20079.335
1762128000,2025-11-03 00:00:00,20079.373,20156.059,20012.116,20037.221
1762142400,2025-11-03 04:00:00,20037.237,20096.203,19978.03,19987.822
1762156800,2025-11-03 08:00:00,19987.849,20143.67,19946.562,20143.67
1762171200,2025-11-03 12:00:00,20143.688,20167.76,20075.889,20119.18
1762185600,2025-11-03 16:00:00,20119.198,20263.738,20112.624,20263.738
1762200000,2025-11-03 20:00:00,20263.743,20355.754,20263.743,20292.023
1762214400,2025-11-04 00:00:00,20292.096,20376.649,20237.717,20282.799
1762228800,2025-11-04 04:00:00,20282.817,20377.043,20152.954,20202.077
1762243200,2025-11-04 08:00:00,20202.087,20238.747,20048.322,20080.714
1762257600,2025-11-04 12:00:00,20080.729,20183.699,20071.878,20177.525
1762272000,2025-11-04 16:00:00,20177.557,20182.332,20037.021,20049.657
1762286400,2025-11-04 20:00:00,20049.679,20061.829,19854.051,19916.466
1762300800,2025-11-05 00:00:00,19916.508,20079.697,19911.451,20001.398
1762315200,2025-11-05 04:00:00,20001.433,20077.184,19956.277,19995.531
1762329600,2025-11-05 08:00:00,19995.533,20079.8,19945.855,19957.948
1762344000,2025-11-05 12:00:00,19957.964,20018.154,19824.41,19916.257
1762358400,2025-11-05 16:00:00,19916.287,20092.029,19916.287,20092.029
1762372800,2025-11-05 20:00:00,20092.063,20131.256,19848.21,19856.197
1762387200,2025-11-06 00:00:00,19856.243,19936.228,19815.492,19820.298
1762401600,2025-11-06 04:00:00,19820.318,19827.984,19710.036,19790.84
1762416000,2025-11-06 08:00:00,19790.857,19828.967,19678.048,19808.875
1762430400,2025-11-06 12:00:00,19808.891,19818.464,19705.019,19707.1
1762444800,2025-11-06 16:00:00,19707.103,19749.925,19585.279,19597.781
1762459200,2025-11-06 20:00:00,19597.784,19685.291,19578.19,19679.65
1762473600,2025-11-07 00:00:00,19679.654,19718.382,19601.454,19697.6
1762488000,2025-11-07 04:00:00,19697.63,19758.919,19679.326,19705.161
1762502400,2025-11-07 08:00:00,19705.181,19836.561,19705.181,19821.694
1762516800,2025-11-07 12:00:00,19821.695,19850.768,19613.537,19666.709
1762531200,2025-11-07 16:00:00,19666.719,19719.393,19628.921,19698.635
1762545600,2025-11-07 20:00:00,19698.658,19733.071,19580.514,19688.946
1762560000,2025-11-08 00:00:00,19688.961,19707.215,19543.911,19549.045
1762574400,2025-11-08 04:00:00,19549.067,19620.867,19465.864,19502.978
1762588800,2025-11-08 08:00:00,19502.987,19503.099,19294.91,19329.572
1762603200,2025-11-08 12:00:00,19329.589,19477.924,19329.589,19382.867
1762617600,2025-11-08 16:00:00,19382.903,19543.082,19382.903,19483.99
1762632000,2025-11-08 20:00:00,19483.998,19526.479,19260.193,19294.37
1762646400,2025-11-09 00:00:00,19294.371,19305.283,19189.876,19203.272
1762660800,2025-11-09 04:00:00,19203.28,19256.037,19096.219,19108.905
1762675200,2025-11-09 08:00:00,19108.913,19220.413,19066.331,19215.211
1762689600,2025-11-09 12:00:00,19215.233,19262.915,19149.153,19234.59
1762704000,2025-11-09 16:00:00,19234.615,19241.64,19137.732,19165.65
1762718400,2025-11-09 20:00:00,19165.657,19254.586,19115.838,19134.674
1762732800,2025-11-10 00:00:00,19134.687,19217.224,19134.687,19199.329
1762747200,2025-11-10 04:00:00,19199.384,19305.464,19192.919,19284.427
1762761600,2025-11-10 08:00:00,19284.458,19431.941,19273.737,19355.976
1762776000,2025-11-10 12:00:00,19356,19370.403,19284.75,19366.461
1762790400,2025-11-10 16:00:00,19366.484,19401.019,19298.353,19385.219
1762804800,2025-11-10 20:00:00,19385.251,19429.02,19274.126,19355.077
1762819200,2025-11-11 00:00:00,19355.077,19355.488,19230.083,19313.045
1762833600,2025-11-11 04:00:00,19313.071,19393.947,19300.966,19391.294
1762848000,2025-11-11 08:00:00,19391.317,19489.735,19352.075,19462.019
1762862400,2025-11-11 12:00:00,19462.023,19615.938,19458.068,19592.214
1762876800,2025-11-11 16:00:00,19592.242,19664.636,19581.175,19652.704
1762891200,2025-11-11 20:00:00,19652.707,19840.021,19652.707,19840.021
1762905600,2025-11-12 00:00:00,19840.028,19877.42,19790.572,19813.547
1762920000,2025-11-12 04:00:00,19813.561,19837.616,19704.391,19768.269
1762934400,2025-11-12 08:00:00,19768.28,19836.222,19717.945,19737.51
1762948800,2025-11-12 12:00:00,19737.523,19833.855,19657.455,19833.855
1762963200,2025-11-12 16:00:00,19833.86,19835.928,19696.766,19715.134
1762977600,2025-11-12 20:00:00,19715.142,19845.761,19697.47,19791.271
1762992000,2025-11-13 00:00:00,19791.312,19826.33,19717.404,19747.383
1763006400,2025-11-13 04:00:00,19747.429,19769.744,19657.532,19695.493
1763020800,2025-11-13 08:00:00,19695.52,19711.528,19538.961,19602.017
1763035200,2025-11-13 12:00:00,19602.058,19679.627,19559.284,19629.12
1763049600,2025-11-13 16:00:00,19629.149,19728.498,19614.948,19728.498
1763064000,2025-11-13 20:00:00,19728.509,19841.259,19665.767,19797.094
1763078400,2025-11-14 00:00:00,19797.119,19839.024,19769.532,19833.565
1763092800,2025-11-14 04:00:00,19833.612,19846.639,19753.734,19797.3
1763107200,2025-11-14 08:00:00,19797.326,19879.535,19728.507,19834.291
1763121600,2025-11-14 12:00:00,19834.306,19837.552,19600.349,19701.523
1763136000,2025-11-14 16:00:00,19701.549,19779.701,19666.024,19735.777
1763150400,2025-11-14 20:00:00,19735.794,19764.601,19599.672,19674.332
1763164800,2025-11-15 00:00:00,19674.347,19776.401,19640.195,19653.265
1763179200,2025-11-15 04:00:00,19653.293,19666.591,19471.683,19516.076
1763193600,2025-11-15 08:00:00,19516.08,19580.995,19471.349,19548.657
1763208000,2025-11-15 12:00:00,19548.681,19748.533,19548.681,19718.484
1763222400,2025-11-15 16:00:00,19718.534,19855.09,19718.534,19830.592
1763236800,2025-11-15 20:00:00,19830.611,19922.508,19782.66,19892.841
1763251200,2025-11-16 00:00:00,19892.847,19965.427,19862.33,19950.461
1763265600,2025-11-16 04:00:00,19950.479,20040.869,19841.64,19850.328
1763280000,2025-11-16 08:00:00,19850.349,19891.229,19771.098,19781.93
1763294400,2025-11-16 12:00:00,19781.934,19858.608,19767.344,19771.839
1763308800,2025-11-16 16:00:00,19771.864,19965.361,19771.864,19962.157
1763323200,2025-11-16 20:00:00,19962.184,20021.594,19954.343,19992.925
1763337600,2025-11-17 00:00:00,19992.967,20039.233,19864.767,19917.962
1763352000,2025-11-17 04:00:00,19917.967,19973.792,19866.714,19960.183
1763366400,2025-11-17 08:00:00,19960.206,20004.105,19901.834,19995.224
1763380800,2025-11-17 12:00:00,19995.231,20148.69,19994.669,20080.482
1763395200,2025-11-17 16:00:00,20080.498,20105.832,19998.836,20046.535
1763409600,2025-11-17 20:00:00,20046.561,20086.985,19960.46,20001.461
1763424000,2025-11-18 00:00:00,20001.492,20061.208,19933.66,19984.505
1763438400,2025-11-18 04:00:00,19984.536,20002.211,19753.574,19760.577
1763452800,2025-11-18 08:00:00,19760.619,19892.775,19742.76,19872.791
1763467200,2025-11-18 12:00:00,19872.807,19879.831,19767.429,19845.557
1763481600,2025-11-18 16:00:00,19845.574,19867.739,19699.849,19820.715
1763496000,2025-11-18 20:00:00,19820.716,19859.868,19756.541,19837.455
1763510400,2025-11-19 00:00:00,19837.463,19885.918,19778.764,19820.647
1763524800,2025-11-19 04:00:00,19820.674,19856.471,19746.731,19827.392
1763539200,2025-11-19 08:00:00,19827.446,19909.853,19760.633,19779.472
1763553600,2025-11-19 12:00:00,19779.504,19914.761,19744.141,19856.557
1763568000,2025-11-19 16:00:00,19856.589,19972.338,19856.589,19902.209
1763582400,2025-11-19 20:00:00,19902.265,19923.804,19699.487,19703.496
1763596800,2025-11-20 00:00:00,19703.526,19798.679,19702.595,19798.679
1763611200,2025-11-20 04:00:00,19798.686,19858.165,19746.62,19858.165
1763625600,2025-11-20 08:00:00,19858.168,19883.428,19713.512,19759.163
1763640000,2025-11-20 12:00:00,19759.196,19846.202,19683.742,19762.347
1763654400,2025-11-20 16:00:00,19762.381,19845.373,19576.049,19594.56
1763668800,2025-11-20 20:00:00,19594.569,19596.408,19494.239,19553.635
1763683200,2025-11-21 00:00:00,19553.655,19733.297,19550.828,19733.297
1763697600,2025-11-21 04:00:00,19733.318,19785.018,19586.564,19704.463
1763712000,2025-11-21 08:00:00,19704.479,19837.593,19628.346,19837.593
1763726400,2025-11-21 12:00:00,19837.606,19860.991,19761.554,19769.817
1763740800,2025-11-21 16:00:00,19769.839,19879.903,19758.496,19870.465
1763755200,2025-11-21 20:00:00,19870.482,19880.395,19775.175,19816.692
1763769600,2025-11-22 00:00:00,19816.731,19893.183,19798.731,19819.534
1763784000,2025-11-22 04:00:00,19819.574,19935.86,19807.863,19826.281
1763798400,2025-11-22 08:00:00,19826.306,19832.196,19733.829,19755.1
1763812800,2025-11-22 12:00:00,19755.123,19853.42,19723.175,19853.42
1763827200,2025-11-22 16:00:00,19853.459,19934.672,19853.459,19933.709
1763841600,2025-11-22 20:00:00,19933.715,20067.934,19908.009,20025.305
1763856000,2025-11-23 00:00:00,20025.328,20108.175,20000.544,20048.041
1763870400,2025-11-23 04:00:00,20048.077,20138.567,19975.906,20100.745
1763884800,2025-11-23 08:00:00,20100.767,20179.677,20052.317,20168.518
1763899200,2025-11-23 12:00:00,20168.546,20302.123,20168.546,20267.945
1763913600,2025-11-23 16:00:00,20267.951,20278.68,20167.564,20266.645
1763928000,2025-11-23 20:00:00,20266.654,20334.852,20202.501,20310.921
1763942400,2025-11-24 00:00:00,20310.922,20366.577,20240.428,20358.729
1763956800,2025-11-24 04:00:00,20358.757,20435.774,20276.533,20299.844
1763971200,2025-11-24 08:00:00,20299.846,20386.089,20231.484,20232.865
1763985600,2025-11-24 12:00:00,20232.902,20283.142,20142.633,20178.537
1764000000,2025-11-24 16:00:00,20178.557,20248.04,20139.799,20166.363
1764014400,2025-11-24 20:00:00,20166.374,20226.324,20101.057,20226.324
1764028800,2025-11-25 00:00:00,20226.359,20262.715,20123.375,20124.221
1764043200,2025-11-25 04:00:00,20124.262,20193.48,20110.402,20181.275
1764057600,2025-11-25 08:00:00,20181.341,20200.921,19966.29,19970.784
1764072000,2025-11-25 12:00:00,19970.802,20052.212,19903.822,19948.31
1764086400,2025-11-25 16:00:00,19948.314,19960.597,19744.532,19757.261
1764100800,2025-11-25 20:00:00,19757.277,19785.665,19652.501,19785.665
1764115200,2025-11-26 00:00:00,19785.684,19787.556,19465.915,19486.418
1764129600,2025-11-26 04:00:00,19486.457,19555.445,19465.003,19541.947
1764144000,2025-11-26 08:00:00,19541.961,19618.306,19539.508,19610.269
1764158400,2025-11-26 12:00:00,19610.284,19629.569,19537.4,19570.898
1764172800,2025-11-26 16:00:00,19570.925,19638.559,19433.415,19462.195
1764187200,2025-11-26 20:00:00,19462.216,19467.356,19329.887,19426.397
1764201600,2025-11-27 00:00:00,19426.443,19481.613,19394.67,19460.213
1764216000,2025-11-27 04:00:00,19460.227,19497.102,19334.759,19346.655
1764230400,2025-11-27 08:00:00,19346.699,19471.461,19316.238,19471.461
1764244800,2025-11-27 12:00:00,19471.467,19608.537,19438.582,19557.668
1764259200,2025-11-27 16:00:00,19557.692,19651.664,19528.397,19532.852
1764273600,2025-11-27 20:00:00,19532.873,19543.156,19457.802,19501.991
1764288000,2025-11-28 00:00:00,19502.015,19590.145,19472.991,19518.434
1764302400,2025-11-28 04:00:00,19518.456,19539.663,19412.026,19503.235
1764316800,2025-11-28 08:00:00,19503.245,19593.804,19484.764,19523.162
1764331200,2025-11-28 12:00:00,19523.194,19541.116,19415.726,19502.77
1764345600,2025-11-28 16:00:00,19502.79,19554.947,19464.962,19510.307
1764360000,2025-11-28 20:00:00,19510.328,19522.744,19374.644,19428.802
1764374400,2025-11-29 00:00:00,19428.825,19490.669,19393.003,19420.173
1764388800,2025-11-29 04:00:00,19420.176,19483.684,19349.55,19365.409
1764403200,2025-11-29 08:00:00,19365.45,19390.76,19216.902,19223.103
1764417600,2025-11-29 12:00:00,19223.17,19240.65,19125.326,19178.717
1764432000,2025-11-29 16:00:00,19178.761,19259.731,19101.88,19220.62
1764446400,2025-11-29 20:00:00,19220.633,19222.909,19108.18,19108.807
1764460800,2025-11-30 00:00:00,19108.817,19111.903,18933.194,18962.67
1764475200,2025-11-30 04:00:00,18962.704,18997.629,18862.73,18956.35
1764489600,2025-11-30 08:00:00,18956.366,18988.284,18896.803,18948.398
1764504000,2025-11-30 12:00:00,18948.409,19141.198,18948.409,19141.198
1764518400,2025-11-30 16:00:00,19141.217,19237.66,19117.055,19150.923
1764532800,2025-11-30 20:00:00,19150.959,19220.884,19117.837,19146.676
1764547200,2025-12-01 00:00:00,19146.708,19212.797,18993.763,19020.138
1764561600,2025-12-01 04:00:00,19020.142,19067.366,18843.813,18854.772
1764576000,2025-12-01 08:00:00,18854.789,18864.748,18757.853,18828.606
1764590400,2025-12-01 12:00:00,18828.626,18873.816,18509.615,18547.239
1764604800,2025-12-01 16:00:00,18547.265,18578.853,18437.074,18494.221
1764619200,2025-12-01 20:00:00,18494.241,18545.059,18402.331,18478.534
1764633600,2025-12-02 00:00:00,18478.562,18484.444,18271.443,18272.308
1764648000,2025-12-02 04:00:00,18272.331,18388.665,18272.331,18370.332
1764662400,2025-12-02 08:00:00,18370.351,18395.365,18116.578,18117.41
1764676800,2025-12-02 12:00:00,18117.424,18139.143,18059.981,18109.731
1764691200,2025-12-02 16:00:00,18109.76,18155.922,18036.176,18144.019
1764705600,2025-12-02 20:00:00,18144.039,18182.675,18034.371,18049.484
1764720000,2025-12-03 00:00:00,18049.499,18086.464,17958.161,17974.324
1764734400,2025-12-03 04:00:00,17974.349,18008.499,17910.842,17951.173
1764748800,2025-12-03 08:00:00,17951.181,17977.22,17805.824,17874.52
1764763200,2025-12-03 12:00:00,17874.525,18003.396,17852.365,17869.897
1764777600,2025-12-03 16:00:00,17869.914,17931.772,17790.046,17931.772
1764792000,2025-12-03 20:00:00,17931.823,18048.426,17928.13,18048.426
1764806400,2025-12-04 00:00:00,18048.426,18110.046,18025.13,18062.967
1764820800,2025-12-04 04:00:00,18062.972,18151.883,18062.972,18137.379
1764835200,2025-12-04 08:00:00,18137.381,18242.504,18101.882,18228.013
1764849600,2025-12-04 12:00:00,18228.042,18279.369,18196.815,18213.301
1764864000,2025-12-04 16:00:00,18213.335,18297.058,18213.335,18253.766
1764878400,2025-12-04 20:00:00,18253.81,18368.488,18240.557,18343.439
1764892800,2025-12-05 00:00:00,18343.454,18353.543,18210.886,18283.272
1764907200,2025-12-05 04:00:00,18283.333,18299.951,18200.89,18260.648
1764921600,2025-12-05 08:00:00,18260.678,18334.439,18248.87,18334.439
1764936000,2025-12-05 12:00:00,18334.478,18397.809,18248.306,18283.551
1764950400,2025-12-05 16:00:00,18283.576,18488.296,18269.443,18435.37
1764964800,2025-12-05 20:00:00,18435.411,18561.258,18435.411,18561.258
1764979200,2025-12-06 00:00:00,18561.279,18640.025,18534.278,18603.268
1764993600,2025-12-06 04:00:00,18603.306,18624.403,18555.62,18597.508
1765008000,2025-12-06 08:00:00,18597.517,18651.36,18567.436,18617.468
1765022400,2025-12-06 12:00:00,18617.494,18624.615,18508.775,18585.048
1765036800,2025-12-06 16:00:00,18585.065,18610.786,18502.088,18519.627
1765051200,2025-12-06 20:00:00,18519.663,18521.782,18391.479,18427.815
1765065600,2025-12-07 00:00:00,18427.841,18461.898,18378.507,18409.369
1765080000,2025-12-07 04:00:00,18409.393,18516.846,18409.393,18516.002
1765094400,2025-12-07 08:00:00,18516.024,18523.564,18375.34,18423.777
1765108800,2025-12-07 12:00:00,18423.782,18447.054,18371.472,18404.715
1765123200,2025-12-07 16:00:00,18404.726,18550.499,18388.058,18539.465
1765137600,2025-12-07 20:00:00,18539.466,18578.633,18492.926,18571.781
1765152000,2025-12-08 00:00:00,18571.788,18697.098,18571.788,18689.694
1765166400,2025-12-08 04:00:00,18689.722,18733.124,18616.659,18733.124
1765180800,2025-12-08 08:00:00,18733.143,18872.531,18733.143,18872.531
1765195200,2025-12-08 12:00:00,18872.546,18896.961,18698.751,18717.718
1765209600,2025-12-08 16:00:00,18717.739,18792.424,18675.226,18691.042
1765224000,2025-12-08 20:00:00,18691.07,18806.724,18671.354,18806.724
1765238400,2025-12-09 00:00:00,18806.732,18902.854,18773.4,18889.865
1765252800,2025-12-09 04:00:00,18889.875,18944.955,18814.315,18938.409
1765267200,2025-12-09 08:00:00,18938.412,19042.275,18938.412,19001.837
1765281600,2025-12-09 12:00:00,19001.88,19041.935,18956.358,18978.908
1765296000,2025-12-09 16:00:00,18978.92,18984.355,18674.892,18697.154
1765310400,2025-12-09 20:00:00,18697.179,18808.672,18656.649,18757.134
1765324800,2025-12-10 00:00:00,18757.147,18810.796,18689.994,18776.481
1765339200,2025-12-10 04:00:00,18776.516,18901.437,18766.688,18901.437
1765353600,2025-12-10 08:00:00,18901.482,18980.593,18873.728,18922.724
1765368000,2025-12-10 12:00:00,18922.73,18933.785,18814.728,18922.325
1765382400,2025-12-10 16:00:00,18922.407,18983.107,18840.135,18840.661
1765396800,2025-12-10 20:00:00,18840.695,18972.908,18807.869,18968.768
1765411200,2025-12-11 00:00:00,18968.802,19057.867,18968.802,19022.679
1765425600,2025-12-11 04:00:00,19022.715,19025.112,18920.274,18953.577
1765440000,2025-12-11 08:00:00,18953.617,19047.231,18953.617,19047.231
1765454400,2025-12-11 12:00:00,19047.238,19066.167,18942.016,19047.347
1765468800,2025-12-11 16:00:00,19047.351,19069.286,18985.827,19018.413
1765483200,2025-12-11 20:00:00,19018.425,19074.068,18936.797,19030.6
1765497600,2025-12-12 00:00:00,19030.622,19056.63,18943.531,18949.45
1765512000,2025-12-12 04:00:00,18949.494,19021.808,18898.266,19021.808
1765526400,2025-12-12 08:00:00,19021.823,19053.306,18829.01,18850.46
1765540800,2025-12-12 12:00:00,18850.464,18903.191,18793.635,18838.979
1765555200,2025-12-12 16:00:00,18839.02,18861.374,18764.438,18796.458
1765569600,2025-12-12 20:00:00,18796.459,18836.443,18760.533,18836.443
1765584000,2025-12-13 00:00:00,18836.469,18859.836,18727.326,18779.529
1765598400,2025-12-13 04:00:00,18779.534,18794.442,18686.596,18690.368
1765612800,2025-12-13 08:00:00,18690.385,18849.074,18653.939,18849.074
1765627200,2025-12-13 12:00:00,18849.112,18946.3,18834.436,18880.199
1765641600,2025-12-13 16:00:00,18880.203,18955.27,18856.369,18927.237
1765656000,2025-12-13 20:00:00,18927.277,19021.038,18917.465,18996.421
1765670400,2025-12-14 00:00:00,18996.455,19166.971,18994.352,19166.971
1765684800,2025-12-14 04:00:00,19167.035,19282.523,19167.035,19282.523
1765699200,2025-12-14 08:00:00,19282.542,19310.317,19154.091,19191.611
1765713600,2025-12-14 12:00:00,19191.638,19245.024,19033.448,19066.63
1765728000,2025-12-14 16:00:00,19066.651,19107.7,19027.605,19107.7
1765742400,2025-12-14 20:00:00,19107.733,19123.84,18978.179,19054.399
1765756800,2025-12-15 00:00:00,19054.437,19149.315,19054.437,19126.944
1765771200,2025-12-15 04:00:00,19126.951,19152.088,19001.495,19018.359
1765785600,2025-12-15 08:00:00,19018.373,19026.422,18782.765,18812.029
1765800000,2025-12-15 12:00:00,18812.037,18919.347,18812.037,18901.89
1765814400,2025-12-15 16:00:00,18901.923,18980.318,18901.923,18950.386
1765828800,2025-12-15 20:00:00,18950.407,18957.012,18851.135,18899.254
1765843200,2025-12-16 00:00:00,18899.264,18993.479,18899.264,18944.455
1765857600,2025-12-16 04:00:00,18944.503,19125.825,18892.641,19125.825
1765872000,2025-12-16 08:00:00,19125.845,19162.56,19080.351,19124.848
1765886400,2025-12-16 12:00:00,19124.859,19165.484,19085.949,19115.712
1765900800,2025-12-16 16:00:00,19115.731,19196.658,19021.176,19049.849
1765915200,2025-12-16 20:00:00,19049.884,19097.804,18941.285,18992.066
1765929600,2025-12-17 00:00:00,18992.07,19036.63,18874.741,18939.019
1765944000,2025-12-17 04:00:00,18939.024,18949.888,18830.42,18874.989
1765958400,2025-12-17 08:00:00,18875.031,19022.188,18866.108,19022.188
1765972800,2025-12-17 12:00:00,19022.19,19222.766,19022.19,19221.077
1765987200,2025-12-17 16:00:00,19221.117,19232.137,19117.809,19166.335
1766001600,2025-12-17 20:00:00,19166.358,19189.47,18888.333,18896.78
1766016000,2025-12-18 00:00:00,18896.8,18956.556,18858.481,18956.556
1766030400,2025-12-18 04:00:00,18956.573,19078.352,18927.076,18970.399
1766044800,2025-12-18 08:00:00,18970.401,19055.29,18943.658,18959.36
1766059200,2025-12-18 12:00:00,18959.372,19000.671,18926.291,18999.717
1766073600,2025-12-18 16:00:00,18999.723,19065.822,18951.428,18999.64
1766088000,2025-12-18 20:00:00,18999.645,19159.385,18988.748,19146.95
1766102400,2025-12-19 00:00:00,19147.007,19196.596,19080.023,19156.832
1766116800,2025-12-19 04:00:00,19156.85,19158.041,18906.023,18945.411
1766131200,2025-12-19 08:00:00,18945.429,19023.684,18922.644,18950.524
1766145600,2025-12-19 12:00:00,18950.535,19015.05,18899.066,19015.05
1766160000,2025-12-19 16:00:00,19015.053,19121.838,18966.848,19064.562
1766174400,2025-12-19 20:00:00,19064.591,19148.891,19020.843,19148.891
1766188800,2025-12-20 00:00:00,19148.926,19273.388,19148.926,19182.096
1766203200,2025-12-20 04:00:00,19182.115,19320.736,19175.926,19238.726
1766217600,2025-12-20 08:00:00,19238.735,19259.439,19184.42,19206.852
1766232000,2025-12-20 12:00:00,19206.859,19274.554,19163.868,19214.111
1766246400,2025-12-20 16:00:00,19214.132,19399.388,19157.174,19399.388
1766260800,2025-12-20 20:00:00,19399.442,19424.004,19342.673,19356.553
1766275200,2025-12-21 00:00:00,19356.59,19359.275,19231.511,19330.352
1766289600,2025-12-21 04:00:00,19330.354,19348.468,19198.265,19217.672
1766304000,2025-12-21 08:00:00,19217.674,19282.986,18937.676,18938.936
1766318400,2025-12-21 12:00:00,18938.947,19056.226,18938.947,19055.833
1766332800,2025-12-21 16:00:00,19055.851,19072.536,18908.712,18967.12
1766347200,2025-12-21 20:00:00,18967.156,18992.463,18857.38,18892.04
1766361600,2025-12-22 00:00:00,18892.044,18988.489,18869.458,18988.489
1766376000,2025-12-22 04:00:00,18988.518,19054.222,18919.223,18930.486
1766390400,2025-12-22 08:00:00,18930.529,19028.133,18930.399,18981.848
1766404800,2025-12-22 12:00:00,18981.867,19067.388,18931.85,19062.374
1766419200,2025-12-22 16:00:00,19062.375,19218.97,19062.375,19149.472
1766433600,2025-12-22 20:00:00,19149.525,19304.839,19134.41,19259.266
1766448000,2025-12-23 00:00:00,19259.28,19295.1,19123.515,19135.628
1766462400,2025-12-23 04:00:00,19135.639,19167.394,19000.094,19014.38
1766476800,2025-12-23 08:00:00,19014.436,19095.269,18993.161,19038.469
1766491200,2025-12-23 12:00:00,19038.474,19105.228,18973.739,19004.456
1766505600,2025-12-23 16:00:00,19004.486,19007.478,18877.937,18938.584
1766520000,2025-12-23 20:00:00,18938.589,18976.331,18835.702,18876.954
1766534400,2025-12-24 00:00:00,18877.005,18899.475,18749.046,18788.104
1766548800,2025-12-24 04:00:00,18788.109,18829.141,18699.743,18712.492
1766563200,2025-12-24 08:00:00,18712.537,18892.136,18702.713,18892.136
1766577600,2025-12-24 12:00:00,18892.176,18903.504,18663.011,18701.861
1766592000,2025-12-24 16:00:00,18701.873,18793.146,18634.695,18683.152
1766606400,2025-12-24 20:00:00,18683.158,18707.042,18448.138,18462.636
1766620800,2025-12-25 00:00:00,18462.636,18663.161,18462.636,18663.161
1766635200,2025-12-25 04:00:00,18663.175,18737.071,18628.882,18737.071
1766649600,2025-12-25 08:00:00,18737.083,18817.154,18718.712,18762.804
1766664000,2025-12-25 12:00:00,18762.844,18902.328,18762.844,18889.905
1766678400,2025-12-25 16:00:00,18889.926,19033.546,18886.052,18892.776
1766692800,2025-12-25 20:00:00,18892.793,18951.333,18853.19,18920.015
1766707200,2025-12-26 00:00:00,18920.023,18966.726,18783.423,18790.318
1766721600,2025-12-26 04:00:00,18790.351,18882.158,18774.171,18834.111
1766736000,2025-12-26 08:00:00,18834.115,18885.388,18806.471,18853.111
1766750400,2025-12-26 12:00:00,18853.143,18879.62,18776.194,18795.439
1766764800,2025-12-26 16:00:00,18795.487,18846.909,18745.92,18843.638
1766779200,2025-12-26 20:00:00,18843.659,18879.659,18769.062,18868.049
1766793600,2025-12-27 00:00:00,18868.08,18901.927,18787.197,18882.117
1766808000,2025-12-27 04:00:00,18882.121,18981.4,18840.699,18860.86
1766822400,2025-12-27 08:00:00,18860.876,18946.962,18810.429,18929.263
1766836800,2025-12-27 12:00:00,18929.264,18944.82,18870.964,18906.946
1766851200,2025-12-27 16:00:00,18906.956,19029.863,18906.956,18928.602
1766865600,2025-12-27 20:00:00,18928.604,18982.823,18760.963,18772.5
1766880000,2025-12-28 00:00:00,18772.538,18775.885,18647.795,18650.036
1766894400,2025-12-28 04:00:00,18650.051,18738.528,18635.253,18651.183
1766908800,2025-12-28 08:00:00,18651.184,18777.762,18651.184,18715.388
1766923200,2025-12-28 12:00:00,18715.399,18820.775,18708.41,18820.775
1766937600,2025-12-28 16:00:00,18820.777,18864.194,18718.795,18751.297
1766952000,2025-12-28 20:00:00,18751.34,18751.538,18589.189,18672.758
1766966400,2025-12-29 00:00:00,18672.768,18677.086,18527.799,18628.98
1766980800,2025-12-29 04:00:00,18629.017,18666.914,18481.356,18578.118
1766995200,2025-12-29 08:00:00,18578.142,18581.08,18488.121,18561.823
1767009600,2025-12-29 12:00:00,18561.857,18609.739,18505.545,18512.094
1767024000,2025-12-29 16:00:00,18512.104,18551.033,18297.697,18339.594
1767038400,2025-12-29 20:00:00,18339.607,18344.581,18213.799,18246.208
1767052800,2025-12-30 00:00:00,18246.233,18269.988,18188.713,18247.292
1767067200,2025-12-30 04:00:00,18247.303,18401.515,18247.303,18369.741
1767081600,2025-12-30 08:00:00,18369.778,18395.324,18194.863,18236.644
1767096000,2025-12-30 12:00:00,18236.672,18328.044,18169.101,18193.723
1767110400,2025-12-30 16:00:00,18193.746,18329.264,18189.403,18315.122
1767124800,2025-12-30 20:00:00,18315.131,18403.568,18299.418,18358.738
1767139200,2025-12-31 00:00:00,18358.773,18404.299,18305.079,18361.714
1767153600,2025-12-31 04:00:00,18361.724,18417.694,18349.656,18402.732
1767168000,2025-12-31 08:00:00,18402.781,18471.93,18387.349,18446.067
1767182400,2025-12-31 12:00:00,18446.085,18492.853,18381.403,18433.652
1767196800,2025-12-31 16:00:00,18433.685,18489.152,18393.682,18425.725
1767211200,2025-12-31 20:00:00,18425.75,18433.658,18336.243,18412.326
1767225600,2026-01-01 00:00:00,18412.333,18512.338,18411.371,18444.43
1767240000,2026-01-01 04:00:00,18444.442,18487.756,18325.383,18362.628
1767254400,2026-01-01 08:00:00,18362.636,18455.851,18307.105,18455.851
1767268800,2026-01-01 12:00:00,18455.888,18480.594,18411.778,18463.339
1767283200,2026-01-01 16:00:00,18463.376,18526.791,18389.577,18492.967
1767297600,2026-01-01 20:00:00,18492.983,18520.006,18363.987,18398.184
1767312000,2026-01-02 00:00:00,18398.234,18460.916,18376.429,18443.529
1767326400,2026-01-02 04:00:00,18443.54,18522.287,18438.544,18447.083
1767340800,2026-01-02 08:00:00,18447.115,18657.051,18416.314,18657.051
1767355200,2026-01-02 12:00:00,18657.077,18688.257,18531.88,18532.854
1767369600,2026-01-02 16:00:00,18532.857,18665.953,18508.5,18661.004
1767384000,2026-01-02 20:00:00,18661.051,18731.31,18618.361,18731.31
1767398400,2026-01-03 00:00:00,18731.311,18801.496,18696.535,18801.496
1767412800,2026-01-03 04:00:00,18801.546,19059.374,18801.546,18983.23
1767427200,2026-01-03 08:00:00,18983.238,18995.801,18855.201,18884.55
1767441600,2026-01-03 12:00:00,18884.559,18938.867,18822.604,18938.867
1767456000,2026-01-03 16:00:00,18938.887,18963.14,18856.052,18892.611
1767470400,2026-01-03 20:00:00,18892.627,19027.005,18853.235,19027.005
1767484800,2026-01-04 00:00:00,19027.024,19089.618,19022.892,19069.42
1767499200,2026-01-04 04:00:00,19069.468,19140.506,19023.14,19092.562
1767513600,2026-01-04 08:00:00,19092.571,19181.531,19047.834,19181.531
1767528000,2026-01-04 12:00:00,19181.551,19242.55,19147.818,19183.578
1767542400,2026-01-04 16:00:00,19183.598,19225.949,19149.133,19195.78
1767556800,2026-01-04 20:00:00,19195.82,19280.392,19191.591,19280.392
1767571200,2026-01-05 00:00:00,19280.403,19311.884,19217.346,19253.229
1767585600,2026-01-05 04:00:00,19253.237,19320.135,19252.171,19274.911
1767600000,2026-01-05 08:00:00,19274.93,19419.577,19259.816,19397.55
1767614400,2026-01-05 12:00:00,19397.559,19473.76,19308.469,19473.76
1767628800,2026-01-05 16:00:00,19473.798,19535.414,19432.373,19527.172
1767643200,2026-01-05 20:00:00,19527.188,19599.968,19437.523,19489.803
1767657600,2026-01-06 00:00:00,19489.826,19615.715,19489.826,19580.525
1767672000,2026-01-06 04:00:00,19580.534,19604.195,19525.307,19551.144
1767686400,2026-01-06 08:00:00,19551.146,19607.492,19478.614,19596.907
1767700800,2026-01-06 12:00:00,19596.917,19653.308,19591.731,19635.217
1767715200,2026-01-06 16:00:00,19635.22,19766.421,19632.463,19759.434
1767729600,2026-01-06 20:00:00,19759.456,19864.699,19700.557,19836.341
1767744000,2026-01-07 00:00:00,19836.353,20007.955,19836.353,20005.83
1767758400,2026-01-07 04:00:00,20005.858,20032.807,19937.348,19993.846
1767772800,2026-01-07 08:00:00,19993.857,20071.767,19933.089,19964.305
1767787200,2026-01-07 12:00:00,19964.343,20054.861,19954.339,20054.861
1767801600,2026-01-07 16:00:00,20054.889,20072.694,19865.422,19869.626
1767816000,2026-01-07 20:00:00,19869.654,19906.471,19746.169,19763.363
1767830400,2026-01-08 00:00:00,19763.38,19894.034,19763.38,19861.813
1767844800,2026-01-08 04:00:00,19861.866,19906.82,19693.823,19787.99
1767859200,2026-01-08 08:00:00,19788.029,19876.754,19778.188,19861.799
1767873600,2026-01-08 12:00:00,19861.841,19923.01,19746.572,19749.175
1767888000,2026-01-08 16:00:00,19749.2,19822.271,19747.48,19805.634
1767902400,2026-01-08 20:00:00,19805.637,19891.213,19754.09,19849.733
1767916800,2026-01-09 00:00:00,19849.739,19999.256,19849.739,19941.884
1767931200,2026-01-09 04:00:00,19941.894,19961.446,19867.319,19897.401
1767945600,2026-01-09 08:00:00,19897.401,19953.091,19802.803,19939.443
1767960000,2026-01-09 12:00:00,19939.473,20020.087,19878.64,20018.989
1767974400,2026-01-09 16:00:00,20019.004,20030.048,19820.871,19910.864
1767988800,2026-01-09 20:00:00,19910.908,20017.192,19890.294,19907.65
1768003200,2026-01-10 00:00:00,19907.663,19970.205,19864.971,19970.205
1768017600,2026-01-10 04:00:00,19970.216,20043.572,19905.272,19907.749
1768032000,2026-01-10 08:00:00,19907.773,19953.389,19879.344,19943.519
1768046400,2026-01-10 12:00:00,19943.552,20048.683,19929.087,20032.352
1768060800,2026-01-10 16:00:00,20032.36,20040.762,19898.682,19918.926
1768075200,2026-01-10 20:00:00,19918.932,19983.342,19894.971,19932.385
1768089600,2026-01-11 00:00:00,19932.409,19939.044,19833.719,19893.603
1768104000,2026-01-11 04:00:00,19893.618,19936.614,19835.741,19872.712
1768118400,2026-01-11 08:00:00,19872.741,19972.849,19865.443,19972.849
1768132800,2026-01-11 12:00:00,19972.866,20018.912,19805.703,19827.576
1768147200,2026-01-11 16:00:00,19827.638,19832.422,19710.684,19750.094
1768161600,2026-01-11 20:00:00,19750.103,19776.241,19633.85,19723.418
1768176000,2026-01-12 00:00:00,19723.431,19838.58,19723.431,19769.72
1768190400,2026-01-12 04:00:00,19769.797,19810.122,19695.054,19695.274
1768204800,2026-01-12 08:00:00,19695.281,19719.547,19568.078,19621.302
1768219200,2026-01-12 12:00:00,19621.329,19665.113,19585.331,19630.795
1768233600,2026-01-12 16:00:00,19630.812,19643.025,19556.305,19636.134
1768248000,2026-01-12 20:00:00,19636.173,19651.013,19541.197,19558.469
1768262400,2026-01-13 00:00:00,19558.474,19731.059,19547.093,19623.154
1768276800,2026-01-13 04:00:00,19623.17,19690.047,19462.359,19486.937
1768291200,2026-01-13 08:00:00,19486.954,19616.443,19486.954,19601.812
1768305600,2026-01-13 12:00:00,19601.834,19699.616,19601.834,19634.338
1768320000,2026-01-13 16:00:00,19634.354,19668.949,19415.551,19459.103
1768334400,2026-01-13 20:00:00,19459.104,19539.374,19431.936,19537.392
1768348800,2026-01-14 00:00:00,19537.414,19617.68,19532.284,19606.352
1768363200,2026-01-14 04:00:00,19606.372,19659.242,19481.604,19486.135
1768377600,2026-01-14 08:00:00,19486.178,19575.406,19486.178,19574.26
1768392000,2026-01-14 12:00:00,19574.269,19658.417,19543.377,19658.417
1768406400,2026-01-14 16:00:00,19658.468,19705.322,19572.884,19692.988
1768420800,2026-01-14 20:00:00,19693.073,19775.785,19675.767,19706.149
1768435200,2026-01-15 00:00:00,19706.163,19752.542,19658.153,19728.145
1768449600,2026-01-15 04:00:00,19728.15,19803.622,19711.06,19727.164
1768464000,2026-01-15 08:00:00,19727.175,19731.319,19588.913,19705.918
1768478400,2026-01-15 12:00:00,19705.92,19742.362,19630.989,19663.411
1768492800,2026-01-15 16:00:00,19663.422,19667.535,19576.057,19645.736
1768507200,2026-01-15 20:00:00,19645.751,19736.951,19619.173,19626.946
1768521600,2026-01-16 00:00:00,19626.975,19777.976,19626.975,19701.678
1768536000,2026-01-16 04:00:00,19701.7,19809.617,19701.7,19803.125
1768550400,2026-01-16 08:00:00,19803.159,19931.649,19762.092,19931.649
1768564800,2026-01-16 12:00:00,19931.693,19996.372,19898.145,19928.075
1768579200,2026-01-16 16:00:00,19928.112,19977.9,19873.174,19926.998
1768593600,2026-01-16 20:00:00,19927.04,19955.646,19790.368,19802.221
1768608000,2026-01-17 00:00:00,19802.253,19907.516,19802.253,19822.657
1768622400,2026-01-17 04:00:00,19822.666,19830.271,19551.926,19606.143
1768636800,2026-01-17 08:00:00,19606.153,19646.491,19453.55,19503.215
1768651200,2026-01-17 12:00:00,19503.228,19535.117,19455.004,19473.742
1768665600,2026-01-17 16:00:00,19473.767,19522.634,19371.024,19459.008
1768680000,2026-01-17 20:00:00,19459.027,19520.036,19380.107,19426.102
1768694400,2026-01-18 00:00:00,19426.129,19451.203,19284.523,19314.266
1768708800,2026-01-18 04:00:00,19314.275,19329.276,19216.921,19309.002
1768723200,2026-01-18 08:00:00,19309.049,19345.274,19168.877,19294.866
1768737600,2026-01-18 12:00:00,19294.9,19361.414,19269.083,19308.194
1768752000,2026-01-18 16:00:00,19308.201,19447.001,19298.099,19417.986
1768766400,2026-01-18 20:00:00,19417.994,19555.481,19417.994,19481.253
1768780800,2026-01-19 00:00:00,19481.264,19507.064,19307.671,19314.703
1768795200,2026-01-19 04:00:00,19314.719,19346.297,19198.931,19232.076
1768809600,2026-01-19 08:00:00,19232.079,19243.697,19100.597,19217.623
1768824000,2026-01-19 12:00:00,19217.654,19292.919,19097.461,19130.674
1768838400,2026-01-19 16:00:00,19130.691,19169.564,19049.575,19050.458
1768852800,2026-01-19 20:00:00,19050.497,19055.289,18956.398,18992.541
1768867200,2026-01-20 00:00:00,18992.546,19091.754,18985.61,19042.861
1768881600,2026-01-20 04:00:00,19042.875,19153.556,18962.843,18969.152
1768896000,2026-01-20 08:00:00,18969.157,19047.938,18963.38,19031.108
1768910400,2026-01-20 12:00:00,19031.112,19086.571,18877.484,18939.153
1768924800,2026-01-20 16:00:00,18939.193,19108.398,18932.074,19088.489
1768939200,2026-01-20 20:00:00,19088.509,19106.696,18931.431,18944.882
1768953600,2026-01-21 00:00:00,18944.894,19051.055,18925.402,18967.226
1768968000,2026-01-21 04:00:00,18967.248,19082.131,18967.248,19027.073
1768982400,2026-01-21 08:00:00,19027.08,19050.298,18895.973,18896.419
1768996800,2026-01-21 12:00:00,18896.42,19006.281,18896.42,18937.436
1769011200,2026-01-21 16:00:00,18937.498,18957.416,18773.696,18811.16
1769025600,2026-01-21 20:00:00,18811.173,18978.5,18807.666,18920.456
1769040000,2026-01-22 00:00:00,18920.468,18981.275,18896.092,18966.685
1769054400,2026-01-22 04:00:00,18966.719,18976.075,18724.581,18805.318
1769068800,2026-01-22 08:00:00,18805.324,18862.191,18742.582,18854.741
1769083200,2026-01-22 12:00:00,18854.757,18894.625,18764.747,18861.671
1769097600,2026-01-22 16:00:00,18861.69,18866.349,18673.704,18674.228
1769112000,2026-01-22 20:00:00,18674.236,18731.261,18592.961,18631.411
1769126400,2026-01-23 00:00:00,18631.443,18705.071,18581.552,18695.97
1769140800,2026-01-23 04:00:00,18695.974,18760.87,18668.8,18680.221
1769155200,2026-01-23 08:00:00,18680.252,18723.639,18627.414,18710.166
1769169600,2026-01-23 12:00:00,18710.172,18787.415,18630.387,18674.707
1769184000,2026-01-23 16:00:00,18674.742,18807.161,18674.742,18792.159
1769198400,2026-01-23 20:00:00,18792.167,18832.972,18732.757,18784.211
1769212800,2026-01-24 00:00:00,18784.255,18885.445,18760.912,18885.445
1769227200,2026-01-24 04:00:00,18885.469,18949.164,18867.514,18943.545
1769241600,2026-01-24 08:00:00,18943.59,19067.607,18895.611,19067.607
1769256000,2026-01-24 12:00:00,19067.64,19114.291,18936.679,18955.966
1769270400,2026-01-24 16:00:00,18955.994,18965.065,18838.814,18927.967
1769284800,2026-01-24 20:00:00,18927.975,18959.114,18848.747,18866.847
1769299200,2026-01-25 00:00:00,18866.86,18926.763,18774.624,18924.113
1769313600,2026-01-25 04:00:00,18924.159,18958.152,18862.687,18926.861
1769328000,2026-01-25 08:00:00,18926.912,19034.845,18926.912,18996.701
1769342400,2026-01-25 12:00:00,18996.715,19029.225,18885.586,18931.516
1769356800,2026-01-25 16:00:00,18931.518,18971.18,18841.673,18886.277
1769371200,2026-01-25 20:00:00,18886.285,18954.417,18799.639,18799.908
1769385600,2026-01-26 00:00:00,18799.914,18801.894,18537.441,18574.387
1769400000,2026-01-26 04:00:00,18574.39,18651.057,18563.412,18624.807
1769414400,2026-01-26 08:00:00,18624.813,18723.93,18624.813,18715.108
1769428800,2026-01-26 12:00:00,18715.108,18759.607,18683.933,18725.879
1769443200,2026-01-26 16:00:00,18725.884,18929.747,18716.583,18929.747
1769457600,2026-01-26 20:00:00,18929.768,18947.17,18743.51,18850.232
1769472000,2026-01-27 00:00:00,18850.242,18887.013,18823.149,18885.599
1769486400,2026-01-27 04:00:00,18885.638,18926.533,18793.201,18864.862
1769500800,2026-01-27 08:00:00,18864.879,19027.227,18852.779,18956.279
1769515200,2026-01-27 12:00:00,18956.34,19079.145,18916.83,18967.91
1769529600,2026-01-27 16:00:00,18967.916,18991.398,18857.973,18883.692
1769544000,2026-01-27 20:00:00,18883.707,18901.417,18787.959,18892.176
1769558400,2026-01-28 00:00:00,18892.185,18928.791,18795.92,18846.224
1769572800,2026-01-28 04:00:00,18846.273,18854.623,18700.531,18778.282
1769587200,2026-01-28 08:00:00,18778.296,18794.171,18683.416,18760.121
1769601600,2026-01-28 12:00:00,18760.13,18805.11,18678.177,18805.11
1769616000,2026-01-28 16:00:00,18805.111,18873.776,18768.111,18772.717
1769630400,2026-01-28 20:00:00,18772.766,18789.954,18680.42,18701.069
1769644800,2026-01-29 00:00:00,18701.079,18767.349,18662.634,18745.72
1769659200,2026-01-29 04:00:00,18745.722,18850.004,18678.392,18850.004
1769673600,2026-01-29 08:00:00,18850.054,18850.909,18786.159,18830.516
1769688000,2026-01-29 12:00:00,18830.557,18958.061,18766.368,18767.642
1769702400,2026-01-29 16:00:00,18767.659,18798.633,18669.928,18719.697
1769716800,2026-01-29 20:00:00,18719.723,18783.974,18693.702,18772.65
1769731200,2026-01-30 00:00:00,18772.652,18886.056,18736.339,18765.811
1769745600,2026-01-30 04:00:00,18765.836,18868.921,18749.069,18815.559
1769760000,2026-01-30 08:00:00,18815.57,18905.395,18815.57,18905.395
1769774400,2026-01-30 12:00:00,18905.405,18924.015,18822.083,18907.682
1769788800,2026-01-30 16:00:00,18907.712,18966.28,18842.056,18966.28
1769803200,2026-01-30 20:00:00,18966.305,19090.523,18966.305,19040.482
1769817600,2026-01-31 00:00:00,19040.483,19169.181,19040.483,19163.633
1769832000,2026-01-31 04:00:00,19163.64,19212.497,19122.864,19183.75
1769846400,2026-01-31 08:00:00,19183.756,19237.448,19156.847,19211.986
1769860800,2026-01-31 12:00:00,19212.005,19279.505,19151.055,19159.863
1769875200,2026-01-31 16:00:00,19159.87,19248.431,19134.073,19248.431
1769889600,2026-01-31 20:00:00,19248.438,19290.301,19203.121,19204.485
1769904000,2026-02-01 00:00:00,19204.507,19333.383,19201.639,19290.633
1769918400,2026-02-01 04:00:00,19290.647,19377.351,19290.647,19358.033
1769932800,2026-02-01 08:00:00,19358.042,19422.237,19354.421,19421.469
1769947200,2026-02-01 12:00:00,19421.507,19426.573,19263,19319.087
1769961600,2026-02-01 16:00:00,19319.139,19462.246,19318.804,19441.457
1769976000,2026-02-01 20:00:00,19441.487,19531.323,19441.487,19524.397
1769990400,2026-02-02 00:00:00,19524.403,19589.135,19471.702,19545.36
1770004800,2026-02-02 04:00:00,19545.375,19586.233,19449.698,19555.904
1770019200,2026-02-02 08:00:00,19555.927,19557.938,19355.849,19396.13
1770033600,2026-02-02 12:00:00,19396.136,19473.451,19332.209,19341.637
1770048000,2026-02-02 16:00:00,19341.682,19468.854,19341.682,19468.854
1770062400,2026-02-02 20:00:00,19468.869,19531.204,19428.664,19523.033
1770076800,2026-02-03 00:00:00,19523.065,19587.621,19504.401,19540.373
1770091200,2026-02-03 04:00:00,19540.4,19694.36,19540.4,19655.058
1770105600,2026-02-03 08:00:00,19655.067,19787.992,19655.067,19760.8
1770120000,2026-02-03 12:00:00,19760.829,19859.536,19737.727,19753.28
1770134400,2026-02-03 16:00:00,19753.319,19760.809,19471.565,19487.329
1770148800,2026-02-03 20:00:00,19487.348,19525.961,19399.915,19490.564
1770163200,2026-02-04 00:00:00,19490.585,19495.889,19355.476,19490.036
1770177600,2026-02-04 04:00:00,19490.071,19601.484,19482.741,19601.484
1770192000,2026-02-04 08:00:00,19601.507,19653.081,19392.119,19436.71
1770206400,2026-02-04 12:00:00,19436.731,19494.469,19287.57,19306.326
1770220800,2026-02-04 16:00:00,19306.361,19349.437,19224.599,19267.689
1770235200,2026-02-04 20:00:00,19267.715,19419.737,19267.715,19294.579
1770249600,2026-02-05 00:00:00,19294.584,19395.955,19274.806,19395.955
1770264000,2026-02-05 04:00:00,19395.958,19405.012,19237.548,19260.855
1770278400,2026-02-05 08:00:00,19260.881,19291.507,19203.128,19224.075
1770292800,2026-02-05 12:00:00,19224.101,19267.542,19074.693,19190.701
1770307200,2026-02-05 16:00:00,19190.741,19250.387,19150.844,19228.989
1770321600,2026-02-05 20:00:00,19228.999,19359.524,19191.383,19359.524
1770336000,2026-02-06 00:00:00,19359.543,19362.237,19269.645,19323.762
1770350400,2026-02-06 04:00:00,19323.793,19464.318,19323.793,19445.937
1770364800,2026-02-06 08:00:00,19445.987,19522.418,19364.168,19407.774
1770379200,2026-02-06 12:00:00,19407.805,19432.602,19300.743,19409.675
1770393600,2026-02-06 16:00:00,19409.693,19431.305,19287.055,19356.933
1770408000,2026-02-06 20:00:00,19356.942,19482.503,19306.57,19420.493
1770422400,2026-02-07 00:00:00,19420.539,19540.155,19399.333,19458.728
1770436800,2026-02-07 04:00:00,19458.758,19655.334,19458.758,19655.334
1770451200,2026-02-07 08:00:00,19655.35,19659.903,19446.026,19525.58
1770465600,2026-02-07 12:00:00,19525.629,19560.911,19387.2,19450.857
1770480000,2026-02-07 16:00:00,19450.869,19520.156,19433.476,19512.629
1770494400,2026-02-07 20:00:00,19512.668,19658.205,19512.668,19657.91
1770508800,2026-02-08 00:00:00,19657.934,19791.308,19638.008,19791.308
1770523200,2026-02-08 04:00:00,19791.317,19848.403,19769.85,19795.137
1770537600,2026-02-08 08:00:00,19795.15,19857.375,19774.905,19855.622
1770552000,2026-02-08 12:00:00,19855.64,19881.765,19771.175,19810.387
1770566400,2026-02-08 16:00:00,19810.436,19910.512,19810.436,19890.715
1770580800,2026-02-08 20:00:00,19890.717,20015.237,19869.311,20014.367
1770595200,2026-02-09 00:00:00,20014.38,20099.533,19994.675,20001.194
1770609600,2026-02-09 04:00:00,20001.204,20028.609,19940.142,20015.988
1770624000,2026-02-09 08:00:00,20015.989,20059.529,19866.742,19946.311
1770638400,2026-02-09 12:00:00,19946.327,20099.375,19946.327,20070.984
1770652800,2026-02-09 16:00:00,20071.015,20137.478,20023.759,20108.614
1770667200,2026-02-09 20:00:00,20108.646,20211.257,20094.198,20150.862
1770681600,2026-02-10 00:00:00,20150.88,20154.338,19995.878,20104.54
1770696000,2026-02-10 04:00:00,20104.602,20109.945,20004.811,20073.454
1770710400,2026-02-10 08:00:00,20073.466,20105.453,19964.973,20064.759
1770724800,2026-02-10 12:00:00,20064.765,20186.569,20055.595,20117.133
1770739200,2026-02-10 16:00:00,20117.184,20223.558,20117.184,20205.258
1770753600,2026-02-10 20:00:00,20205.308,20325.439,20205.308,20325.439
1770768000,2026-02-11 00:00:00,20325.448,20440.342,20287.909,20425.124
1770782400,2026-02-11 04:00:00,20425.168,20502.463,20363.279,20369.346
1770796800,2026-02-11 08:00:00,20369.349,20455.172,20369.349,20455.172
1770811200,2026-02-11 12:00:00,20455.206,20490.169,20381.191,20447.272
1770825600,2026-02-11 16:00:00,20447.289,20465.153,20322.375,20392.325
1770840000,2026-02-11 20:00:00,20392.365,20435.692,20318.945,20387.038
1770854400,2026-02-12 00:00:00,20387.043,20459.03,20361.424,20391.859
1770868800,2026-02-12 04:00:00,20391.875,20412.251,20254.118,20311.259
1770883200,2026-02-12 08:00:00,20311.275,20371.303,20261.178,20369.419
1770897600,2026-02-12 12:00:00,20369.439,20437.041,20312.297,20354.018
1770912000,2026-02-12 16:00:00,20354.077,20376.978,20111.907,20172.032
1770926400,2026-02-12 20:00:00,20172.052,20212.269,20135.325,20162.909
1770940800,2026-02-13 00:00:00,20162.967,20211.508,20129.801,20168.305
1770955200,2026-02-13 04:00:00,20168.321,20213.791,20061.493,20164.666
1770969600,2026-02-13 08:00:00,20164.672,20198.829,20096.578,20198.829
1770984000,2026-02-13 12:00:00,20198.856,20253.006,20169.387,20213.904
1770998400,2026-02-13 16:00:00,20213.917,20246.752,19987.701,20025.357
1771012800,2026-02-13 20:00:00,20025.39,20041.492,19847.998,19855.732
1771027200,2026-02-14 00:00:00,19855.747,20022.964,19855.747,20022.964
1771041600,2026-02-14 04:00:00,20022.979,20099.301,19989.678,20029.401
1771056000,2026-02-14 08:00:00,20029.438,20103.177,20022.942,20063.193
1771070400,2026-02-14 12:00:00,20063.196,20128.699,20024.841,20028.195
1771084800,2026-02-14 16:00:00,20028.219,20110.861,20016.895,20110.861
1771099200,2026-02-14 20:00:00,20110.882,20260.937,20061.784,20260.937
1771113600,2026-02-15 00:00:00,20260.968,20336.55,20202.821,20232.884
1771128000,2026-02-15 04:00:00,20232.901,20406.391,20232.901,20406.391
1771142400,2026-02-15 08:00:00,20406.405,20408.439,20198.099,20210.621
1771156800,2026-02-15 12:00:00,20210.632,20366.518,20210.632,20343.261
1771171200,2026-02-15 16:00:00,20343.282,20539.163,20324.602,20539.163
1771185600,2026-02-15 20:00:00,20539.186,20605.051,20460.622,20490.179
1771200000,2026-02-16 00:00:00,20490.19,20593.636,20478.982,20593.636
1771214400,2026-02-16 04:00:00,20593.66,20618.197,20504.614,20535.457
1771228800,2026-02-16 08:00:00,20535.477,20643.999,20529.978,20584.486
1771243200,2026-02-16 12:00:00,20584.487,20632.072,20535.925,20598.191
1771257600,2026-02-16 16:00:00,20598.205,20657.802,20502.595,20555.782
1771272000,2026-02-16 20:00:00,20555.809,20587.769,20434.681,20461.623
1771286400,2026-02-17 00:00:00,20461.668,20527.825,20390.902,20527.825
1771300800,2026-02-17 04:00:00,20527.856,20570.719,20486.135,20497.516
1771315200,2026-02-17 08:00:00,20497.533,20555.53,20452.211,20537.203
1771329600,2026-02-17 12:00:00,20537.233,20543.409,20389.531,20522.632
1771344000,2026-02-17 16:00:00,20522.676,20602.476,20445.254,20455.304
1771358400,2026-02-17 20:00:00,20455.32,20460.515,20253.314,20293.604
1771372800,2026-02-18 00:00:00,20293.612,20331.965,20241.014,20262.968
1771387200,2026-02-18 04:00:00,20263.013,20305.716,20214.77,20234.98
1771401600,2026-02-18 08:00:00,20234.997,20383.996,20232.073,20383.996
1771416000,2026-02-18 12:00:00,20384.003,20395.382,20289.114,20294.418
1771430400,2026-02-18 16:00:00,20294.448,20368.883,20265.955,20364.03
1771444800,2026-02-18 20:00:00,20364.062,20372.011,20183.808,20207.878
1771459200,2026-02-19 00:00:00,20207.909,20287.939,20181.603,20247.541
1771473600,2026-02-19 04:00:00,20247.562,20333.414,20199.109,20283.11
1771488000,2026-02-19 08:00:00,20283.153,20300.877,20122.638,20176.762
1771502400,2026-02-19 12:00:00,20176.782,20326.629,20176.782,20275.226
1771516800,2026-02-19 16:00:00,20275.259,20297.668,20205.435,20213.35
1771531200,2026-02-19 20:00:00,20213.381,20284.509,20159.112,20261.105
1771545600,2026-02-20 00:00:00,20261.11,20371.725,20239.849,20371.725
1771560000,2026-02-20 04:00:00,20371.766,20471.927,20367.711,20376.304
1771574400,2026-02-20 08:00:00,20376.332,20415.628,20298.682,20309.178
1771588800,2026-02-20 12:00:00,20309.207,20453.513,20309.207,20413.705
1771603200,2026-02-20 16:00:00,20413.753,20424.786,20234.23,20239.532
1771617600,2026-02-20 20:00:00,20239.535,20336.496,20234.574,20271.547
1771632000,2026-02-21 00:00:00,20271.562,20283.645,20205.387,20255.456
1771646400,2026-02-21 04:00:00,20255.461,20377.185,20231.85,20310.517
1771660800,2026-02-21 08:00:00,20310.523,20372.194,20269.08,20293.747
1771675200,2026-02-21 12:00:00,20293.764,20393.648,20282.72,20316.739
1771689600,2026-02-21 16:00:00,20316.747,20321.163,20225.075,20259.553
1771704000,2026-02-21 20:00:00,20259.568,20264.259,20143.4,20226.939
1771718400,2026-02-22 00:00:00,20226.952,20348.297,20226.952,20278.831
1771732800,2026-02-22 04:00:00,20278.838,20314.883,20195.109,20203.225
1771747200,2026-02-22 08:00:00,20203.248,20381.606,20193.901,20381.606
1771761600,2026-02-22 12:00:00,20381.614,20569.41,20381.614,20512.743
1771776000,2026-02-22 16:00:00,20512.755,20685.657,20510.875,20683.944
1771790400,2026-02-22 20:00:00,20683.981,20789.799,20668.058,20741.56
1771804800,2026-02-23 00:00:00,20741.574,20779.625,20509.843,20523.442
1771819200,2026-02-23 04:00:00,20523.445,20746.185,20523.445,20746.185
1771833600,2026-02-23 08:00:00,20746.224,20822.012,20746.224,20796.841
1771848000,2026-02-23 12:00:00,20796.864,20858.628,20758.085,20858.628
1771862400,2026-02-23 16:00:00,20858.63,20990.415,20839.236,20857.757
1771876800,2026-02-23 20:00:00,20857.769,20947.707,20811.259,20851.869
1771891200,2026-02-24 00:00:00,20851.883,21000.048,20851.883,20968.143
1771905600,2026-02-24 04:00:00,20968.143,21185.283,20968.143,21185.283
1771920000,2026-02-24 08:00:00,21185.313,21212.313,21031.63,21040.526
1771934400,2026-02-24 12:00:00,21040.538,21129.381,20961.757,20962.595
1771948800,2026-02-24 16:00:00,20962.63,21060.569,20960.386,21051.448
1771963200,2026-02-24 20:00:00,21051.457,21052.879,20892.883,20958.559
1771977600,2026-02-25 00:00:00,20951.682,21008.537,20849.066,20946.755
1771992000,2026-02-25 04:00:00,20946.761,21063.334,20911.98,21040.975
1772006400,2026-02-25 08:00:00,21041.052,21064.49,20878.769,20935.085
1772020800,2026-02-25 12:00:00,20935.127,20964.848,20542.21,20596.923
1772035200,2026-02-25 16:00:00,20596.932,20711.891,20596.932,20649.332
1772049600,2026-02-25 20:00:00,20649.336,20747.765,20643.812,20744.939
1772064000,2026-02-26 00:00:00,20744.997,20756.05,20641.061,20678.944
1772078400,2026-02-26 04:00:00,20678.944,20680.827,20552.457,20597.597
1772092800,2026-02-26 08:00:00,20597.617,20635.152,20434.582,20443.544
1772107200,2026-02-26 12:00:00,20443.574,20565.496,20443.574,20565.496
1772121600,2026-02-26 16:00:00,20565.497,20607.794,20452.013,20486.199
1772136000,2026-02-26 20:00:00,20486.218,20535.408,20416.255,20535.408
1772150400,2026-02-27 00:00:00,20535.431,20624.682,20535.172,20571.932
1772164800,2026-02-27 04:00:00,20571.969,20611.256,20496.603,20556.317
1772179200,2026-02-27 08:00:00,20556.36,20643.314,20507.779,20595.828
1772193600,2026-02-27 12:00:00,20595.857,20658.143,20556.32,20578.672
1772208000,2026-02-27 16:00:00,20578.702,20608.572,20497.347,20541.874
1772222400,2026-02-27 20:00:00,20541.875,20548.321,20276.167,20290.166
1772236800,2026-02-28 00:00:00,20290.182,20301.463,20180.746,20185.46
1772251200,2026-02-28 04:00:00,20185.471,20214.666,20150.843,20212.455
1772265600,2026-02-28 08:00:00,20212.479,20220.739,19906.964,19946.087
1772280000,2026-02-28 12:00:00,19946.135,20114.586,19946.135,20114.586
1772294400,2026-02-28 16:00:00,20114.608,20187.339,20057.014,20158.786
1772308800,2026-02-28 20:00:00,20158.807,20180.578,19948.723,20019.153
1772323200,2026-03-01 00:00:00,20019.155,20032.116,19937.953,20003.041
1772337600,2026-03-01 04:00:00,20003.07,20027.389,19880.861,19992.692
1772352000,2026-03-01 08:00:00,19992.693,20030.41,19890.208,19901.769
1772366400,2026-03-01 12:00:00,19901.793,19952.115,19799.341,19804.829
1772380800,2026-03-01 16:00:00,19804.846,19952.312,19804.846,19864.962
1772395200,2026-03-01 20:00:00,19865.005,19949.37,19825.216,19877.232
1772409600,2026-03-02 00:00:00,19877.242,19916.525,19803.869,19867.377
1772424000,2026-03-02 04:00:00,19867.407,19868.13,19643.87,19660.597
1772438400,2026-03-02 08:00:00,19660.6,19821.211,19642.532,19821.211
1772452800,2026-03-02 12:00:00,19821.26,19981.526,19821.26,19981.526
1772467200,2026-03-02 16:00:00,19981.551,20045.852,19967.092,20002.977
1772481600,2026-03-02 20:00:00,20003.005,20116.487,19993.395,20110.119
1772496000,2026-03-03 00:00:00,20110.136,20124.824,19993.526,20058.202
1772510400,2026-03-03 04:00:00,20058.253,20172.751,20058.253,20172.751
1772524800,2026-03-03 08:00:00,20172.761,20297.416,20172.761,20266.684
1772539200,2026-03-03 12:00:00,20266.72,20297.834,20147.47,20157.212
1772553600,2026-03-03 16:00:00,20157.213,20163.322,20027.249,20116.844
1772568000,2026-03-03 20:00:00,20116.878,20147.178,19942.517,19976.834
1772582400,2026-03-04 00:00:00,19976.877,20028.897,19884.833,19956.382
1772596800,2026-03-04 04:00:00,19956.411,20029.725,19925.691,19994.974
1772611200,2026-03-04 08:00:00,19994.976,20104.209,19952.626,19977.64
1772625600,2026-03-04 12:00:00,19977.67,19998.904,19841.621,19937.843
1772640000,2026-03-04 16:00:00,19937.848,20026.357,19922.465,19973.607
1772654400,2026-03-04 20:00:00,19973.654,20050.971,19965.09,19979.012
1772668800,2026-03-05 00:00:00,19979.033,20181.084,19974.087,20181.084
1772683200,2026-03-05 04:00:00,20181.112,20220.825,20116.088,20216.931
1772697600,2026-03-05 08:00:00,20216.963,20279.57,20097.275,20099.224
1772712000,2026-03-05 12:00:00,20099.241,20123.889,19966.021,19988.297
1772726400,2026-03-05 16:00:00,19988.327,20121.043,19950.787,20060.544
1772740800,2026-03-05 20:00:00,20060.6,20106.491,20046.143,20077.003
1772755200,2026-03-06 00:00:00,20077.032,20193.276,20064.14,20184.533
1772769600,2026-03-06 04:00:00,20184.551,20265.591,20070.945,20094.982
1772784000,2026-03-06 08:00:00,20094.984,20174.123,20023.562,20039.299
1772798400,2026-03-06 12:00:00,20039.323,20115.077,20029.496,20066.188
1772812800,2026-03-06 16:00:00,20066.227,20239.543,20066.227,20238.593
1772827200,2026-03-06 20:00:00,20238.602,20317.593,20122.928,20143.584
1772841600,2026-03-07 00:00:00,20143.609,20154.244,20058.204,20088.328
1772856000,2026-03-07 04:00:00,20088.339,20103.678,19951.293,20004.977
1772870400,2026-03-07 08:00:00,20005.007,20035.38,19952.855,20020.229
1772884800,2026-03-07 12:00:00,20020.229,20096.247,19890.108,19890.575
1772899200,2026-03-07 16:00:00,19890.576,20017.944,19885.279,19934.343
1772913600,2026-03-07 20:00:00,19934.376,20036.006,19926.433,19936.656
1772928000,2026-03-08 00:00:00,19936.69,19961.068,19837.43,19957.953
1772942400,2026-03-08 04:00:00,19957.964,20023.315,19941.861,19971.585
1772956800,2026-03-08 08:00:00,19971.599,20017.578,19888.401,19986.8
1772971200,2026-03-08 12:00:00,19986.809,20056.36,19969.412,20017.642
1772985600,2026-03-08 16:00:00,20017.662,20093.641,19949.645,19953.389
1773000000,2026-03-08 20:00:00,19953.424,19990.712,19795.16,19840.059
1773014400,2026-03-09 00:00:00,19840.094,20043.573,19840.094,20043.573
1773028800,2026-03-09 04:00:00,20043.606,20046.122,19903.662,19958.978
1773043200,2026-03-09 08:00:00,19958.989,20071.226,19951.162,20042.13
1773057600,2026-03-09 12:00:00,20042.13,20188.937,20042.13,20138.685
1773072000,2026-03-09 16:00:00,20138.741,20291.652,20100.67,20291.652
1773086400,2026-03-09 20:00:00,20291.659,20359.456,20238.325,20276.666
1773100800,2026-03-10 00:00:00,20276.668,20279.484,20034.886,20132.407
1773115200,2026-03-10 04:00:00,20132.417,20175.562,20062.866,20167.477
1773129600,2026-03-10 08:00:00,20167.511,20203.69,20070.176,20089.641
1773144000,2026-03-10 12:00:00,20089.676,20171.741,20015.689,20068.867
1773158400,2026-03-10 16:00:00,20068.891,20093.234,20015.14,20036.844
1773172800,2026-03-10 20:00:00,20036.858,20176.749,20023.432,20165.012
1773187200,2026-03-11 00:00:00,20165.02,20183.788,20009.736,20028.316
1773201600,2026-03-11 04:00:00,20028.336,20112.768,20021.528,20087.88
1773216000,2026-03-11 08:00:00,20087.925,20103.563,19886.457,19905.502
1773230400,2026-03-11 12:00:00,19905.525,19961.837,19832.389,19839.574
1773244800,2026-03-11 16:00:00,19839.588,19973.452,19839.588,19940.785
1773259200,2026-03-11 20:00:00,19940.836,20051.327,19887.706,20046.63
1773273600,2026-03-12 00:00:00,20046.657,20102.425,19975.935,20061.743
1773288000,2026-03-12 04:00:00,20061.746,20146.981,20045.447,20078.426
1773302400,2026-03-12 08:00:00,20078.434,20104.342,19920.919,19922.038
1773316800,2026-03-12 12:00:00,19922.06,19981.017,19844.003,19895.194
1773331200,2026-03-12 16:00:00,19895.194,20016.13,19895.194,20016.13
1773345600,2026-03-12 20:00:00,20016.167,20173.835,20016.167,20171.296
1773360000,2026-03-13 00:00:00,20171.309,20282.05,20125.744,20198.552
1773374400,2026-03-13 04:00:00,20198.554,20272.673,20191.71,20258.128
1773388800,2026-03-13 08:00:00,20258.174,20259.131,20107.364,20137.841
1773403200,2026-03-13 12:00:00,20137.859,20156.204,19946.849,20015.292
1773417600,2026-03-13 16:00:00,20015.309,20085.522,19913.608,19985.934
1773432000,2026-03-13 20:00:00,19985.983,20053.767,19943.942,20033.634
1773446400,2026-03-14 00:00:00,20033.642,20110.835,20002.662,20022.694
1773460800,2026-03-14 04:00:00,20022.713,20055.689,19955.911,20055.689
1773475200,2026-03-14 08:00:00,20055.721,20114.796,20022.02,20098.147
1773489600,2026-03-14 12:00:00,20098.164,20268.145,20055.941,20268.145
1773504000,2026-03-14 16:00:00,20268.155,20285.403,20192.258,20257.303
1773518400,2026-03-14 20:00:00,20257.322,20395.967,20257.322,20355.917
1773532800,2026-03-15 00:00:00,20355.932,20366.883,20175.821,20182.388
1773547200,2026-03-15 04:00:00,20182.437,20314.128,20125.247,20295.486
1773561600,2026-03-15 08:00:00,20295.493,20420.597,20295.493,20325.037
1773576000,2026-03-15 12:00:00,20325.045,20385.516,20303.288,20361.704
1773590400,2026-03-15 16:00:00,20361.73,20440.864,20286.722,20440.864
1773604800,2026-03-15 20:00:00,20440.92,20530.214,20435.877,20495.335
1773619200,2026-03-16 00:00:00,20495.371,20502.923,20304.159,20308.618
1773633600,2026-03-16 04:00:00,20308.671,20368.063,20196.752,20368.063
1773648000,2026-03-16 08:00:00,20368.064,20483.154,20367.717,20381.505
1773662400,2026-03-16 12:00:00,20381.524,20441.57,20307.329,20399.8
1773676800,2026-03-16 16:00:00,20399.808,20600.967,20399.808,20600.967
1773691200,2026-03-16 20:00:00,20600.975,20640.303,20567.156,20640.104
1773705600,2026-03-17 00:00:00,20640.115,20749.087,20638.595,20728.666
1773720000,2026-03-17 04:00:00,20728.697,20864.98,20719.336,20841.808
1773734400,2026-03-17 08:00:00,20841.858,20902.795,20773.384,20856.957
1773748800,2026-03-17 12:00:00,20856.98,20967.432,20839.302,20950.075
1773763200,2026-03-17 16:00:00,20950.107,21031.116,20922.817,20972.731
1773777600,2026-03-17 20:00:00,20972.738,21052.617,20877.753,20882.761
1773792000,2026-03-18 00:00:00,20882.809,21076.908,20882.809,21045.135
1773806400,2026-03-18 04:00:00,21045.187,21128.306,21031.196,21128.306
1773820800,2026-03-18 08:00:00,21128.323,21128.409,20985.836,21089.482
1773835200,2026-03-18 12:00:00,21089.499,21110.105,20956.073,21010.655
1773849600,2026-03-18 16:00:00,21010.657,21019.409,20879.227,20881.907
1773864000,2026-03-18 20:00:00,20881.92,20981.526,20814.82,20981.526
1773878400,2026-03-19 00:00:00,20981.562,21202.051,20976.801,21202.051
1773892800,2026-03-19 04:00:00,21202.097,21242.388,21030.627,21056.808
1773907200,2026-03-19 08:00:00,21056.815,21103.851,20899.693,20935.913
1773921600,2026-03-19 12:00:00,20935.949,20977.439,20880.022,20915.458
1773936000,2026-03-19 16:00:00,20915.474,20999.876,20907.19,20940.943
1773950400,2026-03-19 20:00:00,20940.96,20973.478,20809.442,20973.478
1773964800,2026-03-20 00:00:00,20973.525,21034.019,20914.59,20917.848
1773979200,2026-03-20 04:00:00,20917.888,20937.042,20748.023,20803.355
1773993600,2026-03-20 08:00:00,20803.385,20941.309,20793.256,20906.474
1774008000,2026-03-20 12:00:00,20906.518,20922.266,20713.414,20746.636
1774022400,2026-03-20 16:00:00,20746.693,20810.117,20684.072,20747.612
1774036800,2026-03-20 20:00:00,20747.624,20862.189,20747.624,20796.989
1774051200,2026-03-21 00:00:00,20797.013,20800.71,20606.305,20657.318
1774065600,2026-03-21 04:00:00,20657.352,20725.879,20606.55,20664.452
1774080000,2026-03-21 08:00:00,20664.469,20841.677,20664.469,20841.677
1774094400,2026-03-21 12:00:00,20841.698,20853.141,20606.292,20631.163
1774108800,2026-03-21 16:00:00,20631.175,20762.702,20617.577,20762.702
1774123200,2026-03-21 20:00:00,20762.729,20837.137,20718.388,20784.995
1774137600,2026-03-22 00:00:00,20785.015,20861.608,20725.373,20820.37
1774152000,2026-03-22 04:00:00,20820.392,20832.642,20677.646,20722.08
1774166400,2026-03-22 08:00:00,20722.095,20736.087,20615.256,20628.366
1774180800,2026-03-22 12:00:00,20628.403,20662.941,20312.474,20357.996
1774195200,2026-03-22 16:00:00,20358,20384.35,20265.208,20384.35
1774209600,2026-03-22 20:00:00,20384.358,20453.228,20313.569,20347.244
1774224000,2026-03-23 00:00:00,20347.275,20559.853,20347.275,20548.574
1774238400,2026-03-23 04:00:00,20548.605,20781.835,20548.605,20770.753
1774252800,2026-03-23 08:00:00,20770.761,20784.41,20642.682,20781.511
1774267200,2026-03-23 12:00:00,20781.533,20836.53,20746.863,20836.53
1774281600,2026-03-23 16:00:00,20836.571,20869.494,20781.361,20816.294
1774296000,2026-03-23 20:00:00,20816.297,20916.36,20816.297,20876.31
1774310400,2026-03-24 00:00:00,20876.318,20894.591,20696.785,20777.025
1774324800,2026-03-24 04:00:00,20777.026,20958.803,20777.026,20892.618
1774339200,2026-03-24 08:00:00,20892.643,20989.444,20892.643,20956.042
1774353600,2026-03-24 12:00:00,20956.058,20980.168,20824.992,20872.636
1774368000,2026-03-24 16:00:00,20872.664,21062.826,20861.25,21036.663
1774382400,2026-03-24 20:00:00,21036.663,21093.962,21016.634,21073.709
1774396800,2026-03-25 00:00:00,21073.726,21130.616,21023.238,21130.616
1774411200,2026-03-25 04:00:00,21130.649,21154.761,20777.059,20788.768
1774425600,2026-03-25 08:00:00,20788.772,20838.418,20750.304,20799.132
1774440000,2026-03-25 12:00:00,20799.158,20852.895,20764.901,20846.78
1774454400,2026-03-25 16:00:00,20846.843,20970.932,20697.989,20702.154
1774468800,2026-03-25 20:00:00,20702.171,20715.487,20604.493,20649.994
1774483200,2026-03-26 00:00:00,20649.998,20690.153,20532.248,20637.772
1774497600,2026-03-26 04:00:00,20637.782,20652.1,20530.489,20599.487
1774512000,2026-03-26 08:00:00,20599.507,20607.108,20427.549,20540.152
1774526400,2026-03-26 12:00:00,20540.169,20553.553,20385.535,20534.278
1774540800,2026-03-26 16:00:00,20534.289,20562.932,20356.981,20428.937
1774555200,2026-03-26 20:00:00,20428.941,20469.193,20340.41,20404.797
1774569600,2026-03-27 00:00:00,20404.798,20427.251,20322.479,20406.133
1774584000,2026-03-27 04:00:00,20406.156,20426.521,20315.966,20399.96
1774598400,2026-03-27 08:00:00,20399.974,20467.791,20371.82,20445.598
1774612800,2026-03-27 12:00:00,20445.614,20518.349,20437.784,20490.693
1774627200,2026-03-27 16:00:00,20490.738,20558.175,20463.226,20492.645
1774641600,2026-03-27 20:00:00,20492.654,20627.806,20465.601,20626.73
1774656000,2026-03-28 00:00:00,20626.752,20740.98,20626.752,20651.694
1774670400,2026-03-28 04:00:00,20651.697,20673.554,20524.213,20636.264
1774684800,2026-03-28 08:00:00,20636.266,20788.878,20635.38,20788.878
1774699200,2026-03-28 12:00:00,20788.878,20968.379,20788.878,20947.559
1774713600,2026-03-28 16:00:00,20947.596,21095.932,20944.469,21007.722
1774728000,2026-03-28 20:00:00,21007.765,21013.53,20832.204,20977.379
1774742400,2026-03-29 00:00:00,20977.38,21044.797,20856.412,20998.827
1774756800,2026-03-29 04:00:00,20998.856,21088.009,20946.882,20965.86
1774771200,2026-03-29 08:00:00,20965.909,21123.277,20965.909,21058.346
1774785600,2026-03-29 12:00:00,21058.409,21241.208,21020.709,21241.208
1774800000,2026-03-29 16:00:00,21241.209,21308.734,21200.321,21308.734
1774814400,2026-03-29 20:00:00,21308.743,21351.783,21199.575,21211.097
1774828800,2026-03-30 00:00:00,21211.142,21305.772,21198.375,21256.713
1774843200,2026-03-30 04:00:00,21256.75,21300.227,21159.588,21171.523
1774857600,2026-03-30 08:00:00,21171.542,21228.813,21107.094,21133.89
1774872000,2026-03-30 12:00:00,21133.917,21150.758,21029.781,21079.898
1774886400,2026-03-30 16:00:00,21079.957,21118.915,21026.187,21029.964
1774900800,2026-03-30 20:00:00,21029.964,21094.985,20974.808,21094.985
1774915200,2026-03-31 00:00:00,21095.025,21195.358,21071.356,21103.846
1774929600,2026-03-31 04:00:00,21103.863,21167.981,21073.931,21084.159
1774944000,2026-03-31 08:00:00,21084.189,21117.821,20976.907,21000.47
1774958400,2026-03-31 12:00:00,21000.48,21044.775,20912.633,20938.087
1774972800,2026-03-31 16:00:00,20938.093,21024.652,20925.284,21024.652
1774987200,2026-03-31 20:00:00,21024.68,21051.24,20637.164,20638.895
1775001600,2026-04-01 00:00:00,20638.964,20822.426,20609.042,20791.817
1775016000,2026-04-01 04:00:00,20791.829,20839.16,20763.526,20833.492
1775030400,2026-04-01 08:00:00,20833.525,20873.512,20598.434,20620.754
1775044800,2026-04-01 12:00:00,20620.772,20697.173,20557.813,20697.173
1775059200,2026-04-01 16:00:00,20697.206,20903.003,20697.206,20877.523
1775073600,2026-04-01 20:00:00,20877.548,20945.952,20809.854,20835.871
1775088000,2026-04-02 00:00:00,20835.91,20996.132,20826.67,20933.898
1775102400,2026-04-02 04:00:00,20933.942,20976.827,20831.169,20957.649
1775116800,2026-04-02 08:00:00,20957.679,21020.554,20944.036,21016.485
1775131200,2026-04-02 12:00:00,21016.51,21041.792,20900.713,20906.107
1775145600,2026-04-02 16:00:00,20906.108,20954.534,20852.48,20937.851
1775160000,2026-04-02 20:00:00,20937.876,21102.011,20937.876,21072.011
1775174400,2026-04-03 00:00:00,21072.021,21252.214,21072.021,21252.214
1775188800,2026-04-03 04:00:00,21252.237,21290.769,21026.86,21033.749
1775203200,2026-04-03 08:00:00,21033.772,21121.779,20977.262,21051.152
1775217600,2026-04-03 12:00:00,21051.17,21144.818,21036.02,21126.135
1775232000,2026-04-03 16:00:00,21046.126,21163.386,20965.907,21005.29
1775246400,2026-04-03 20:00:00,21005.296,21095.471,21005.296,21043.069
1775260800,2026-04-04 00:00:00,21043.114,21122.726,21020.224,21059.663
1775275200,2026-04-04 04:00:00,21059.674,21208.619,21059.674,21173.823
1775289600,2026-04-04 08:00:00,21173.844,21243.91,21160.129,21243.91
1775304000,2026-04-04 12:00:00,21243.917,21255.417,20963.835,20989.603
1775318400,2026-04-04 16:00:00,20989.607,21061.789,20832.174,20875.528
1775332800,2026-04-04 20:00:00,20875.545,20907.342,20783.132,20907.342
1775347200,2026-04-05 00:00:00,20907.352,20989.072,20889.802,20901.287
1775361600,2026-04-05 04:00:00,20901.315,20939.418,20755.865,20807.473
1775376000,2026-04-05 08:00:00,20807.479,20828.287,20627.027,20645.635
1775390400,2026-04-05 12:00:00,20645.713,20785.978,20598.559,20785.978
1775404800,2026-04-05 16:00:00,20785.985,20941.484,20785.985,20906.277
1775419200,2026-04-05 20:00:00,20906.283,20942.222,20791.393,20791.855
1775433600,2026-04-06 00:00:00,20791.866,20792.059,20341.027,20341.089
1775448000,2026-04-06 04:00:00,20341.096,20418.67,20317.972,20418.67
1775462400,2026-04-06 08:00:00,20418.674,20455.522,20343.644,20427.811
1775476800,2026-04-06 12:00:00,20427.824,20429.678,20034.035,20043.643
1775491200,2026-04-06 16:00:00,20043.667,20065.978,19837.977,19871.454
1775505600,2026-04-06 20:00:00,19871.464,19972.938,19716.833,19737.768
1775520000,2026-04-07 00:00:00,19737.794,19784.905,19523.743,19525.989
1775534400,2026-04-07 04:00:00,19525.997,19580.299,19446.724,19461.215
1775548800,2026-04-07 08:00:00,19461.23,19495.506,19400.029,19430.07
1775563200,2026-04-07 12:00:00,19430.109,19443.474,19331.025,19388.492
1775577600,2026-04-07 16:00:00,19388.497,19480.083,19371.145,19391.534
1775592000,2026-04-07 20:00:00,19391.535,19397.669,19200.938,19222.285
1775606400,2026-04-08 00:00:00,19222.31,19312.677,19140.995,19178.326
1775620800,2026-04-08 04:00:00,19178.367,19197.84,18996.171,19043.551
1775635200,2026-04-08 08:00:00,19043.559,19128.633,19043.559,19124.1
1775649600,2026-04-08 12:00:00,19124.104,19190.642,19077.976,19145.197
1775664000,2026-04-08 16:00:00,19145.23,19303.819,19118.705,19303.819
1775678400,2026-04-08 20:00:00,19303.859,19418.304,19303.34,19343.758
1775692800,2026-04-09 00:00:00,19343.779,19415.471,19299.925,19351.597
1775707200,2026-04-09 04:00:00,19351.599,19549.368,19351.599,19549.368
1775721600,2026-04-09 08:00:00,19549.37,19606.416,19497.794,19577.956
1775736000,2026-04-09 12:00:00,19577.984,19609.007,19376.042,19380.492
1775750400,2026-04-09 16:00:00,19380.504,19454.13,19352.468,19355.239
1775764800,2026-04-09 20:00:00,19355.282,19400.201,19243.448,19297.574
1775779200,2026-04-10 00:00:00,19297.577,19407.961,19258.287,19325.159
1775793600,2026-04-10 04:00:00,19325.16,19353.64,19233.668,19308.223
1775808000,2026-04-10 08:00:00,19308.237,19408.084,19305.22,19336.861
1775822400,2026-04-10 12:00:00,19336.893,19445.534,19336.893,19367.358
1775836800,2026-04-10 16:00:00,19367.365,19428.556,19215.155,19219.179
1775851200,2026-04-10 20:00:00,19219.19,19301.56,19219.19,19285.734
1775865600,2026-04-11 00:00:00,19285.757,19323.442,19201.908,19302.025
1775880000,2026-04-11 04:00:00,19302.03,19362.443,19236.578,19276.3
1775894400,2026-04-11 08:00:00,19276.306,19337.232,19257.355,19335.331
1775908800,2026-04-11 12:00:00,19335.341,19442.93,19291.287,19365.657
1775923200,2026-04-11 16:00:00,19365.679,19441.764,19357.845,19406.412
1775937600,2026-04-11 20:00:00,19406.445,19564.461,19378.481,19531.019
1775952000,2026-04-12 00:00:00,19531.029,19549.96,19371.118,19413.423
1775966400,2026-04-12 04:00:00,19413.437,19489.271,19372.682,19404.556
1775980800,2026-04-12 08:00:00,19404.58,19410.854,19217.882,19256.084
1775995200,2026-04-12 12:00:00,19256.093,19374.331,19238.481,19366.025
1776009600,2026-04-12 16:00:00,19366.058,19379.594,19245.794,19270.745
1776024000,2026-04-12 20:00:00,19270.785,19480.798,19270.785,19477.874
1776038400,2026-04-13 00:00:00,19477.881,19562.102,19432.792,19453.761
1776052800,2026-04-13 04:00:00,19453.8,19582.029,19430.05,19525.108
1776067200,2026-04-13 08:00:00,19525.115,19577.299,19431.437,19439.957
1776081600,2026-04-13 12:00:00,19440.015,19472.421,19348.68,19470.21
1776096000,2026-04-13 16:00:00,19470.273,19517.732,19378.436,19474.957
1776110400,2026-04-13 20:00:00,19474.967,19581.18,19474.967,19575.241
1776124800,2026-04-14 00:00:00,19575.258,19622.126,19542.02,19618.415
1776139200,2026-04-14 04:00:00,19618.449,19712.392,19568.652,19625.122
1776153600,2026-04-14 08:00:00,19625.156,19687.532,19602.626,19687.532
1776168000,2026-04-14 12:00:00,19687.533,19751.357,19632.59,19733.5
1776182400,2026-04-14 16:00:00,19733.534,19771.735,19618.34,19689.432
1776196800,2026-04-14 20:00:00,19689.46,19722.315,19607.244,19651.304
1776211200,2026-04-15 00:00:00,19651.305,19767.263,19636.124,19720.137
1776225600,2026-04-15 04:00:00,19720.158,19786.69,19720.158,19733.463
1776240000,2026-04-15 08:00:00,19733.484,19743.803,19564.824,19586.104
1776254400,2026-04-15 12:00:00,19586.128,19613.293,19509.907,19542.153
1776268800,2026-04-15 16:00:00,19542.173,19640.207,19504.835,19523.327
1776283200,2026-04-15 20:00:00,19523.37,19562.198,19434.41,19450.89
1776297600,2026-04-16 00:00:00,19450.896,19502.194,19339.268,19367.915
1776312000,2026-04-16 04:00:00,19367.948,19427.107,19289.703,19408.626
1776326400,2026-04-16 08:00:00,19408.644,19529.661,19391.203,19438.885
1776340800,2026-04-16 12:00:00,19438.889,19457.696,19238.502,19337.563
1776355200,2026-04-16 16:00:00,19337.599,19421.09,19290.244,19320.448
1776369600,2026-04-16 20:00:00,19320.477,19410.672,19320.477,19410.672
1776384000,2026-04-17 00:00:00,19410.716,19426.361,19249.229,19298.141
1776398400,2026-04-17 04:00:00,19298.148,19420.358,19277.265,19420.358
1776412800,2026-04-17 08:00:00,19420.416,19421.384,19107.307,19144.308
1776427200,2026-04-17 12:00:00,19144.311,19174.747,18966.012,18977.845
1776441600,2026-04-17 16:00:00,18977.851,19119.522,18977.851,19100.449
1776456000,2026-04-17 20:00:00,19100.458,19164.871,19100.458,19133.023
1776470400,2026-04-18 00:00:00,19133.059,19140.126,18982.163,19006.332
1776484800,2026-04-18 04:00:00,19006.335,19062.135,18924.442,19015.85
1776499200,2026-04-18 08:00:00,19015.86,19063.746,18981.887,19059.681
1776513600,2026-04-18 12:00:00,19059.697,19174.813,19059.697,19169.544
1776528000,2026-04-18 16:00:00,19169.547,19361.251,19169.547,19361.251
1776542400,2026-04-18 20:00:00,19361.256,19394.421,19268.049,19394.421
1776556800,2026-04-19 00:00:00,19394.453,19398.391,19179.904,19210.935
1776571200,2026-04-19 04:00:00,19210.942,19251.407,19074.622,19084.668
1776585600,2026-04-19 08:00:00,19084.69,19105.148,18976.533,19064.314
1776600000,2026-04-19 12:00:00,19064.341,19136.654,19031.619,19082.406
1776614400,2026-04-19 16:00:00,19082.46,19110.744,18996.48,19005.755
1776628800,2026-04-19 20:00:00,19005.782,19120.572,19005.782,19093.739
1776643200,2026-04-20 00:00:00,19093.74,19094.239,18954.877,19073.626
1776657600,2026-04-20 04:00:00,19073.642,19149.902,19014.725,19040.999
1776672000,2026-04-20 08:00:00,19041.001,19074.289,18903.738,18946.85
1776686400,2026-04-20 12:00:00,18946.851,18977.374,18891.337,18976.77
1776700800,2026-04-20 16:00:00,18976.817,19012.607,18689.092,18726.076
1776715200,2026-04-20 20:00:00,18726.1,18772.848,18692.125,18729.537
1776729600,2026-04-21 00:00:00,18729.583,18814.208,18684.586,18814.208
1776744000,2026-04-21 04:00:00,18814.24,18972.344,18814.24,18955.971
1776758400,2026-04-21 08:00:00,18955.971,19082.352,18940.966,19028.841
1776772800,2026-04-21 12:00:00,19028.856,19147.807,18990.004,19051.028
1776787200,2026-04-21 16:00:00,19051.035,19114.82,19025.844,19084.014
1776801600,2026-04-21 20:00:00,19084.035,19160.28,18948.649,18959.934
1776816000,2026-04-22 00:00:00,18959.949,19030.213,18833.404,18850.329
1776830400,2026-04-22 04:00:00,18850.357,18878.477,18745.354,18793.224
1776844800,2026-04-22 08:00:00,18793.23,18852.015,18707.337,18731.945
1776859200,2026-04-22 12:00:00,18731.949,18827.623,18713.864,18749.839
1776873600,2026-04-22 16:00:00,18749.866,18816.693,18711.23,18760.64
1776888000,2026-04-22 20:00:00,18760.678,18792.651,18669.497,18705.451
1776902400,2026-04-23 00:00:00,18705.456,18808.585,18686.643,18728.374
1776916800,2026-04-23 04:00:00,18728.395,18745.291,18591.178,18652.267
1776931200,2026-04-23 08:00:00,18652.302,18798.815,18642.319,18798.815
1776945600,2026-04-23 12:00:00,18798.847,18870.648,18708.406,18722.806
1776960000,2026-04-23 16:00:00,18722.844,18783.827,18655.311,18770.574
1776974400,2026-04-23 20:00:00,18770.594,18784.741,18501.977,18520.908
1776988800,2026-04-24 00:00:00,18520.926,18583.749,18477.756,18575.014
1777003200,2026-04-24 04:00:00,18575.024,18604.75,18438.604,18442.973
1777017600,2026-04-24 08:00:00,18443.027,18500.676,18384.569,18450.641
1777032000,2026-04-24 12:00:00,18450.672,18621.33,18425.012,18605.672
1777046400,2026-04-24 16:00:00,18605.673,18627.719,18469.613,18519.987
1777060800,2026-04-24 20:00:00,18520.008,18564.469,18483.282,18535.423
1777075200,2026-04-25 00:00:00,18535.435,18589.611,18482.46,18538.617
1777089600,2026-04-25 04:00:00,18538.641,18656.955,18519.361,18656.955
1777104000,2026-04-25 08:00:00,18656.968,18727.445,18514.887,18584.079
1777118400,2026-04-25 12:00:00,18584.096,18633.781,18440.478,18454.15
1777132800,2026-04-25 16:00:00,18454.172,18584.395,18454.172,18527.748
1777147200,2026-04-25 20:00:00,18527.766,18578.38,18477.259,18578.38
1777161600,2026-04-26 00:00:00,18578.395,18620.983,18413.636,18432.597
1777176000,2026-04-26 04:00:00,18432.602,18503.142,18395.62,18450.744
1777190400,2026-04-26 08:00:00,18450.768,18626.035,18450.768,18626.035
1777204800,2026-04-26 12:00:00,18626.047,18786.99,18615.382,18777.132
1777219200,2026-04-26 16:00:00,18777.15,18871.794,18771.792,18871.002
1777233600,2026-04-26 20:00:00,18871.048,18926.349,18787.772,18829.094
1777248000,2026-04-27 00:00:00,18829.103,18870.707,18733.81,18808.377
1777262400,2026-04-27 04:00:00,18808.401,18872.04,18776.813,18842.001
1777276800,2026-04-27 08:00:00,18842.035,18902.716,18801.69,18858.773
1777291200,2026-04-27 12:00:00,18858.795,18865.664,18750.326,18842.835
1777305600,2026-04-27 16:00:00,18842.844,18908.239,18796.583,18908.239
1777320000,2026-04-27 20:00:00,18908.28,18913.773,18805.919,18819.493
1777334400,2026-04-28 00:00:00,18819.552,18859.983,18765.274,18785.99
1777348800,2026-04-28 04:00:00,18786.002,18852.473,18780.113,18828.03
1777363200,2026-04-28 08:00:00,18828.076,18863.497,18607.946,18628.643
1777377600,2026-04-28 12:00:00,18628.661,18793.834,18618.551,18793.2
1777392000,2026-04-28 16:00:00,18793.209,18885.051,18744.382,18765.186
1777406400,2026-04-28 20:00:00,18765.219,18792.827,18694.948,18764.176
1777420800,2026-04-29 00:00:00,18764.187,18788.064,18711.998,18761.935
1777435200,2026-04-29 04:00:00,18761.952,18896.324,18749.105,18772.341
1777449600,2026-04-29 08:00:00,18772.346,18914.499,18772.346,18890.854
1777464000,2026-04-29 12:00:00,18890.895,18901.108,18812.556,18865.792
1777478400,2026-04-29 16:00:00,18865.81,18929.629,18824.384,18923.875
1777492800,2026-04-29 20:00:00,18923.896,18973.559,18657.761,18720.842
1777507200,2026-04-30 00:00:00,18720.845,18754.924,18623.639,18643.744
1777521600,2026-04-30 04:00:00,18643.756,18682.411,18472.813,18515.932
1777536000,2026-04-30 08:00:00,18515.947,18609.504,18489.121,18560.173
1777550400,2026-04-30 12:00:00,18560.209,18576.148,18430.014,18530.451
1777564800,2026-04-30 16:00:00,18530.497,18567.765,18491.759,18548.326
1777579200,2026-04-30 20:00:00,18548.341,18631.906,18495.599,18593.821
1777593600,2026-05-01 00:00:00,18593.85,18602.917,18484.45,18493.019
1777608000,2026-05-01 04:00:00,18493.041,18549.562,18362.85,18370.602
1777622400,2026-05-01 08:00:00,18370.617,18419.548,18309.026,18339.512
1777636800,2026-05-01 12:00:00,18339.534,18346.731,18163.596,18189.859
1777651200,2026-05-01 16:00:00,18189.881,18242.905,18175.87,18194.335
1777665600,2026-05-01 20:00:00,18194.4,18198.283,17985.117,18012.178
1777680000,2026-05-02 00:00:00,18012.196,18059.853,17979.22,18025.354
1777694400,2026-05-02 04:00:00,18025.372,18044.017,17998.95,18020.678
1777708800,2026-05-02 08:00:00,18020.719,18197.819,18020.719,18173.693
1777723200,2026-05-02 12:00:00,18173.708,18280.821,18159.109,18270.562
1777737600,2026-05-02 16:00:00,18270.57,18350.81,18244.119,18295.677
1777752000,2026-05-02 20:00:00,18295.71,18338.431,18277.887,18288.17
1777766400,2026-05-03 00:00:00,18288.193,18413.314,18288.193,18366.654
1777780800,2026-05-03 04:00:00,18366.666,18455.33,18366.666,18375.581
1777795200,2026-05-03 08:00:00,18375.605,18485.066,18335.622,18462.864
1777809600,2026-05-03 12:00:00,18462.875,18505.755,18357.965,18461.443
1777824000,2026-05-03 16:00:00,18461.448,18556.131,18420.113,18518.361
1777838400,2026-05-03 20:00:00,18518.391,18644.258,18518.391,18600.746
1777852800,2026-05-04 00:00:00,18600.778,18618.075,18506.147,18508.668
1777867200,2026-05-04 04:00:00,18508.689,18625.566,18508.689,18625.566
1777881600,2026-05-04 08:00:00,18625.606,18743.953,18602.221,18736.981
1777896000,2026-05-04 12:00:00,18736.99,18740.202,18523.573,18538.902
1777910400,2026-05-04 16:00:00,18538.905,18560.617,18469.255,18494.769
1777924800,2026-05-04 20:00:00,18494.797,18589.628,18494.797,18589.628
1777939200,2026-05-05 00:00:00,18589.636,18606.091,18407.851,18409.568
1777953600,2026-05-05 04:00:00,18409.585,18494.306,18384.122,18418.669
1777968000,2026-05-05 08:00:00,18418.705,18440.047,18310.054,18433.621
1777982400,2026-05-05 12:00:00,18433.642,18472.031,18271.96,18277.963
1777996800,2026-05-05 16:00:00,18277.98,18389.894,18277.98,18372.342
1778011200,2026-05-05 20:00:00,18372.354,18433.183,18348.347,18377.998
1778025600,2026-05-06 00:00:00,18378,18393.402,18283.724,18355.222
1778040000,2026-05-06 04:00:00,18355.25,18412.997,18307.82,18343.164
1778054400,2026-05-06 08:00:00,18343.192,18347.504,18215.707,18266.141
1778068800,2026-05-06 12:00:00,18266.143,18283.275,18107.566,18149.976
1778083200,2026-05-06 16:00:00,18149.988,18198.44,18049.363,18121.735
1778097600,2026-05-06 20:00:00,18121.745,18140.048,17942.161,17946.618
1778112000,2026-05-07 00:00:00,17946.639,18104.42,17929.702,18086.231
1778126400,2026-05-07 04:00:00,18086.235,18305.224,18056.703,18305.224
1778140800,2026-05-07 08:00:00,18305.225,18406.833,18284.913,18288.607
1778155200,2026-05-07 12:00:00,18288.644,18354.035,18264.713,18352.669
1778169600,2026-05-07 16:00:00,18352.684,18383.949,18299.392,18364.355
1778184000,2026-05-07 20:00:00,18364.363,18367.148,18225.794,18246.14
1778198400,2026-05-08 00:00:00,18246.174,18384.326,18227.82,18377.529
1778212800,2026-05-08 04:00:00,18377.531,18428.853,18321.723,18402.304
1778227200,2026-05-08 08:00:00,18402.331,18502.278,18390.889,18405.963
1778241600,2026-05-08 12:00:00,18405.995,18562.134,18384.274,18548.3
1778256000,2026-05-08 16:00:00,18548.325,18708.205,18538.003,18681.271
1778270400,2026-05-08 20:00:00,18681.329,18681.666,18367.136,18445.07
1778284800,2026-05-09 00:00:00,18445.093,18545.842,18445.093,18493.232
1778299200,2026-05-09 04:00:00,18493.235,18509.428,18412.986,18421.13
1778313600,2026-05-09 08:00:00,18421.149,18466.49,18351.37,18428.966
1778328000,2026-05-09 12:00:00,18428.967,18430.356,18187.006,18213.426
1778342400,2026-05-09 16:00:00,18213.429,18319.18,18178.642,18293.864
1778356800,2026-05-09 20:00:00,18293.875,18378.339,18191.413,18193.397
1778371200,2026-05-10 00:00:00,18193.421,18243.19,18149.292,18219.779
1778385600,2026-05-10 04:00:00,18219.799,18256.882,18143.119,18153.809
1778400000,2026-05-10 08:00:00,18153.83,18273.435,18118.895,18220.923
1778414400,2026-05-10 12:00:00,18220.974,18308.45,18180.339,18262.542
1778428800,2026-05-10 16:00:00,18262.555,18292.681,18200.74,18268.793
1778443200,2026-05-10 20:00:00,18268.801,18328.022,18197.712,18301.791
1778457600,2026-05-11 00:00:00,18301.794,18355.24,18234.831,18258.506
1778472000,2026-05-11 04:00:00,18258.556,18316.036,18194.986,18271.274
1778486400,2026-05-11 08:00:00,18271.289,18364.851,18230.077,18324.125
1778500800,2026-05-11 12:00:00,18324.143,18435.679,18324.143,18418.746
1778515200,2026-05-11 16:00:00,18418.747,18460.544,18292.928,18320.414
1778529600,2026-05-11 20:00:00,18320.437,18433.66,18320.437,18372.154
1778544000,2026-05-12 00:00:00,18372.171,18412.287,18333.978,18382.929
1778558400,2026-05-12 04:00:00,18382.947,18405.48,18217.8,18270.854
1778572800,2026-05-12 08:00:00,18270.855,18388.016,18251.609,18328.736
1778587200,2026-05-12 12:00:00,18328.772,18422.778,18295.91,18411.968
1778601600,2026-05-12 16:00:00,18411.98,18434.005,18372.594,18403.164
1778616000,2026-05-12 20:00:00,18403.188,18430.839,18349.863,18430.839
1778630400,2026-05-13 00:00:00,18430.859,18507.538,18375.398,18502.694
1778644800,2026-05-13 04:00:00,18502.731,18575.666,18369.186,18460.102
1778659200,2026-05-13 08:00:00,18460.129,18493.361,18362.871,18455.125
1778673600,2026-05-13 12:00:00,18455.152,18506.533,18370.806,18480.83
1778688000,2026-05-13 16:00:00,18480.847,18554.173,18455.933,18554.173
1778702400,2026-05-13 20:00:00,18554.197,18598.126,18503.419,18562.281
1778716800,2026-05-14 00:00:00,18562.334,18643.611,18524.667,18643.611
1778731200,2026-05-14 04:00:00,18643.622,18701.563,18542.644,18576.254
1778745600,2026-05-14 08:00:00,18576.269,18635.991,18514.395,18566.285
1778760000,2026-05-14 12:00:00,18566.293,18601.997,18500.514,18518.447
1778774400,2026-05-14 16:00:00,18518.452,18612.436,18482.351,18612.436
1778788800,2026-05-14 20:00:00,18612.467,18675.36,18594.676,18655.005
1778803200,2026-05-15 00:00:00,18655.018,18696.793,18608.173,18613.322
1778817600,2026-05-15 04:00:00,18613.351,18730.595,18577.738,18595.319
1778832000,2026-05-15 08:00:00,18595.351,18604.288,18486.211,18543.364
1778846400,2026-05-15 12:00:00,18543.41,18653.824,18473.385,18491.304
1778860800,2026-05-15 16:00:00,18491.318,18519.86,18361.081,18406.293
1778875200,2026-05-15 20:00:00,18406.302,18482.458,18396.825,18424.921
1778889600,2026-05-16 00:00:00,18424.96,18516.683,18418.667,18477.457
1778904000,2026-05-16 04:00:00,18477.497,18623.55,18475.6,18616.213
1778918400,2026-05-16 08:00:00,18616.236,18671.223,18567.985,18613.056
1778932800,2026-05-16 12:00:00,18613.058,18704.899,18560.145,18704.899
1778947200,2026-05-16 16:00:00,18704.901,18767.375,18663.557,18744.389
1778961600,2026-05-16 20:00:00,18744.396,18829.796,18737.003,18759.402
1778976000,2026-05-17 00:00:00,18759.431,18801.184,18715.834,18795.754
1778990400,2026-05-17 04:00:00,18795.784,18899.939,18777.887,18880.131
1779004800,2026-05-17 08:00:00,18880.17,18925.28,18739.54,18750.998
1779019200,2026-05-17 12:00:00,18751,18897.115,18728.96,18891.945
1779033600,2026-05-17 16:00:00,18891.996,18901.436,18765.922,18774.359
1779048000,2026-05-17 20:00:00,18774.374,18786.567,18680.769,18758.872
1779062400,2026-05-18 00:00:00,18758.894,18927.056,18758.894,18863.322
1779076800,2026-05-18 04:00:00,18863.331,18973.185,18863.331,18927.357
1779091200,2026-05-18 08:00:00,18927.358,19029.195,18870.433,19006.78
1779105600,2026-05-18 12:00:00,19006.796,19096.924,19006.796,19080.608
1779120000,2026-05-18 16:00:00,19080.62,19118.626,19016.637,19057.763
1779134400,2026-05-18 20:00:00,19057.795,19196.48,19021.142,19196.48
1779148800,2026-05-19 00:00:00,19196.49,19245.608,19176.106,19226.124
1779163200,2026-05-19 04:00:00,19226.126,19346.262,19180.848,19340.667
1779177600,2026-05-19 08:00:00,19340.684,19405.718,19239.242,19249.977
1779192000,2026-05-19 12:00:00,19249.995,19307.332,19210.438,19260.164
1779206400,2026-05-19 16:00:00,19260.175,19302.297,19218.12,19301.654
1779220800,2026-05-19 20:00:00,19301.707,19318.778,19182.289,19183.869
1779235200,2026-05-20 00:00:00,19183.9,19193.764,19046.542,19072.74
1779249600,2026-05-20 04:00:00,19072.771,19114.092,18975.026,19113.642
1779264000,2026-05-20 08:00:00,19113.7,19113.859,18956.126,19100.324
1779278400,2026-05-20 12:00:00,19100.341,19134.283,19003.405,19003.853
1779292800,2026-05-20 16:00:00,19003.854,19009.026,18818.63,18863.491
1779307200,2026-05-20 20:00:00,18863.516,18925.635,18801.196,18813.669
1779321600,2026-05-21 00:00:00,18813.683,18820.698,18499.906,18514.719
1779336000,2026-05-21 04:00:00,18514.733,18516.271,18289.87,18334.583
1779350400,2026-05-21 08:00:00,18334.583,18383.426,18265.328,18348.851
1779364800,2026-05-21 12:00:00,18348.868,18366.34,18231.181,18293.981
1779379200,2026-05-21 16:00:00,18294.014,18446.726,18294.014,18446.726
1779393600,2026-05-21 20:00:00,18446.735,18495.048,18413.099,18438.657
1779408000,2026-05-22 00:00:00,18438.666,18478.805,18401.051,18422.009
1779422400,2026-05-22 04:00:00,18422.025,18433.473,18283.874,18316.902
1779436800,2026-05-22 08:00:00,18316.92,18481.924,18304.433,18481.924
1779451200,2026-05-22 12:00:00,18481.93,18652.075,18481.93,18575.156
1779465600,2026-05-22 16:00:00,18575.191,18604.208,18509.031,18527.831
1779480000,2026-05-22 20:00:00,18527.873,18533.648,18458.898,18504.328
1779494400,2026-05-23 00:00:00,18504.342,18504.628,18378.039,18400.329
1779508800,2026-05-23 04:00:00,18400.335,18498.637,18399.632,18472.2
1779523200,2026-05-23 08:00:00,18472.21,18508.103,18425.484,18435.317
1779537600,2026-05-23 12:00:00,18435.323,18450.468,18340.316,18344.558
1779552000,2026-05-23 16:00:00,18344.577,18467.769,18327.586,18334.672
1779566400,2026-05-23 20:00:00,18334.681,18397.839,18323.319,18368.623
1779580800,2026-05-24 00:00:00,18368.624,18440.215,18283.013,18327.109
1779595200,2026-05-24 04:00:00,18327.116,18342.174,18175.117,18180.767
1779609600,2026-05-24 08:00:00,18180.774,18350.531,18148.437,18242.234
1779624000,2026-05-24 12:00:00,18242.279,18389.988,18242.279,18378.125
1779638400,2026-05-24 16:00:00,18378.163,18532.624,18368.517,18487.988
1779652800,2026-05-24 20:00:00,18488.012,18502.297,18354.575,18370.151
1779667200,2026-05-25 00:00:00,18370.183,18388.8,18326.909,18348.882
1779681600,2026-05-25 04:00:00,18348.907,18414.622,18322.615,18330.208
1779696000,2026-05-25 08:00:00,18330.238,18433.595,18306.535,18425.639
1779710400,2026-05-25 12:00:00,18425.659,18578.194,18425.659,18534.056
1779724800,2026-05-25 16:00:00,18534.061,18553.722,18414.015,18419.167
1779739200,2026-05-25 20:00:00,18419.204,18454.364,18383.005,18447.122
1779753600,2026-05-26 00:00:00,18447.152,18454.455,18327.749,18365.237
1779768000,2026-05-26 04:00:00,18365.252,18420.585,18254.142,18273.365
1779782400,2026-05-26 08:00:00,18273.393,18319.815,18190.787,18194.851
1779796800,2026-05-26 12:00:00,18194.853,18257.522,18103.508,18140.393
1779811200,2026-05-26 16:00:00,18140.394,18192.921,18044.479,18076.559
1779825600,2026-05-26 20:00:00,18076.571,18076.841,17965.274,17999.693
1779840000,2026-05-27 00:00:00,17999.72,18083.324,17999.72,18074.751
1779854400,2026-05-27 04:00:00,18074.766,18081.775,17999.056,18036.42
1779868800,2026-05-27 08:00:00,18036.463,18090.831,18007.966,18040.075
1779883200,2026-05-27 12:00:00,18040.115,18071.244,17991.6,18060.76
1779897600,2026-05-27 16:00:00,18060.767,18138.428,18029.433,18130.224
1779912000,2026-05-27 20:00:00,18130.253,18190.918,18088.103,18146.376
1779926400,2026-05-28 00:00:00,18146.392,18160.231,17997.585,18058.093
1779940800,2026-05-28 04:00:00,18058.114,18085.671,17960.317,18085.671
1779955200,2026-05-28 08:00:00,18085.682,18137.465,17962.741,17969.771
1779969600,2026-05-28 12:00:00,17969.779,18047.084,17969.779,17988.69
1779984000,2026-05-28 16:00:00,17988.716,17991.273,17849.437,17884.218
1779998400,2026-05-28 20:00:00,17884.235,17910.563,17792.386,17833.442
1780012800,2026-05-29 00:00:00,17833.454,17900.014,17811.783,17886.466
1780027200,2026-05-29 04:00:00,17886.492,17941.481,17841.646,17941.242
1780041600,2026-05-29 08:00:00,17941.25,17944.051,17816.553,17844.371
1780056000,2026-05-29 12:00:00,17844.377,17874.613,17746.446,17770.94
1780070400,2026-05-29 16:00:00,17770.946,17847.274,17759.375,17843.964
1780084800,2026-05-29 20:00:00,17843.99,17936.67,17814.491,17888.454
1780099200,2026-05-30 00:00:00,17888.466,17927.915,17849.38,17927.915
1780113600,2026-05-30 04:00:00,17927.93,18043.424,17927.93,18003.325
1780128000,2026-05-30 08:00:00,18003.352,18105.105,18002.26,18024.358
1780142400,2026-05-30 12:00:00,18024.379,18035.241,17932.276,17994.478
1780156800,2026-05-30 16:00:00,17994.499,18064.293,17948.284,18012.817
1780171200,2026-05-30 20:00:00,18012.836,18059.7,17936.382,18059.7
1780185600,2026-05-31 00:00:00,18059.721,18156.179,18059.721,18139.836
1780200000,2026-05-31 04:00:00,18139.87,18246.374,18131.845,18246.076
1780214400,2026-05-31 08:00:00,18246.08,18304.289,18146.187,18163.985
1780228800,2026-05-31 12:00:00,18163.997,18209.763,18052.535,18100.145
1780243200,2026-05-31 16:00:00,18100.146,18163.04,18004.556,18017.442
1780257600,2026-05-31 20:00:00,18017.473,18107.476,17993.336,17996.761
1780272000,2026-06-01 00:00:00,17996.795,18078.611,17869.285,17870.841
1780286400,2026-06-01 04:00:00,17870.895,17899.403,17808.747,17839.861
1780300800,2026-06-01 08:00:00,17839.885,17941.007,17815.545,17903.698
1780315200,2026-06-01 12:00:00,17903.704,17921.775,17770.565,17797.409
1780329600,2026-06-01 16:00:00,17797.42,18005.222,17797.42,18005.222
1780344000,2026-06-01 20:00:00,18005.232,18144.398,18004.083,18144.398
1780358400,2026-06-02 00:00:00,18144.407,18309.61,18144.407,18191.367
1780372800,2026-06-02 04:00:00,18191.382,18239.248,18111.538,18184.548
1780387200,2026-06-02 08:00:00,18184.606,18239.466,18142.384,18190.431
1780401600,2026-06-02 12:00:00,18190.463,18364.296,18190.463,18360.634
1780416000,2026-06-02 16:00:00,18360.657,18500.266,18341.876,18448.6
1780430400,2026-06-02 20:00:00,18448.601,18449.442,18309.764,18345.144
1780444800,2026-06-03 00:00:00,18345.189,18405.734,18315.556,18400.74
1780459200,2026-06-03 04:00:00,18400.751,18416.928,18328.526,18356.259
1780473600,2026-06-03 08:00:00,18356.277,18375.697,18290.908,18302.772
1780488000,2026-06-03 12:00:00,18302.81,18367.995,18270.386,18361.365
1780502400,2026-06-03 16:00:00,18361.403,18428.158,18292.308,18292.431
1780516800,2026-06-03 20:00:00,18292.456,18366.19,18286.452,18315.091
1780531200,2026-06-04 00:00:00,18315.125,18372.911,18241.429,18267.893
1780545600,2026-06-04 04:00:00,18267.899,18394.806,18252.516,18394.806
1780560000,2026-06-04 08:00:00,18394.807,18459.63,18177.285,18180.024
1780574400,2026-06-04 12:00:00,18180.036,18313.193,18180.036,18313.193
1780588800,2026-06-04 16:00:00,18313.217,18414.424,18269.666,18271.861
1780603200,2026-06-04 20:00:00,18271.91,18322.126,18098.498,18115.578
1780617600,2026-06-05 00:00:00,18115.613,18207.528,18115.613,18142.526
1780632000,2026-06-05 04:00:00,18142.533,18298.233,18115.825,18246.219
1780646400,2026-06-05 08:00:00,18246.241,18308.548,18205.168,18211.715
1780660800,2026-06-05 12:00:00,18211.736,18234.313,18113.208,18171.226
1780675200,2026-06-05 16:00:00,18171.249,18285.697,18155.333,18251.662
1780689600,2026-06-05 20:00:00,18251.686,18306.594,18219.551,18306.594
1780704000,2026-06-06 00:00:00,18306.643,18318.032,18174.06,18220.777
1780718400,2026-06-06 04:00:00,18220.785,18230.616,18091.45,18111.072
1780732800,2026-06-06 08:00:00,18111.083,18206.038,18073.465,18099.381
1780747200,2026-06-06 12:00:00,18099.41,18157.688,18022.381,18065.998
1780761600,2026-06-06 16:00:00,18066.036,18184.305,18066.036,18167.419
1780776000,2026-06-06 20:00:00,18167.437,18206.955,18144.72,18206.955
1780790400,2026-06-07 00:00:00,18206.983,18265.344,18184.709,18228.92
1780804800,2026-06-07 04:00:00,18228.947,18229.06,18099.499,18127.546
1780819200,2026-06-07 08:00:00,18127.548,18170.808,18022.622,18043.213
1780833600,2026-06-07 12:00:00,18043.256,18073.866,17975.494,18073.866
1780848000,2026-06-07 16:00:00,18073.904,18150.314,18063.907,18128.436
1780862400,2026-06-07 20:00:00,18128.468,18186.109,18096.78,18124.276
1780876800,2026-06-08 00:00:00,18124.303,18175.411,18116.846,18136.255
1780891200,2026-06-08 04:00:00,18136.268,18184.483,18100.638,18134.784
1780905600,2026-06-08 08:00:00,18134.826,18185.923,18030.426,18083.089
1780920000,2026-06-08 12:00:00,18083.099,18083.355,17991.343,18023.14
1780934400,2026-06-08 16:00:00,18023.154,18094.503,17976.185,18042.561
1780948800,2026-06-08 20:00:00,18042.603,18079.956,17980.827,18016.021
1780963200,2026-06-09 00:00:00,18016.054,18105.546,18007.672,18015.085
1780977600,2026-06-09 04:00:00,18015.089,18049.595,17948.477,17959.951
1780992000,2026-06-09 08:00:00,17959.964,17961.363,17856.297,17872.479
1781006400,2026-06-09 12:00:00,17872.525,17978.337,17841.274,17930.749
1781020800,2026-06-09 16:00:00,17930.754,17998.933,17891.834,17914.119
1781035200,2026-06-09 20:00:00,17914.123,17927.473,17790.947,17809.341
1781049600,2026-06-10 00:00:00,17809.377,17972.16,17809.377,17972.16
1781064000,2026-06-10 04:00:00,17972.165,18027.949,17938.281,17975.464
1781078400,2026-06-10 08:00:00,17975.48,17985.889,17854.843,17857.538
1781092800,2026-06-10 12:00:00,17857.55,17930.659,17843.869,17881.394
1781107200,2026-06-10 16:00:00,17881.406,17892.392,17776.546,17783.24
1781121600,2026-06-10 20:00:00,17783.242,17889.893,17756.393,17869.448
1781136000,2026-06-11 00:00:00,17869.47,17883.214,17785.938,17799.04
1781150400,2026-06-11 04:00:00,17799.071,17816.505,17669.515,17707.075
1781164800,2026-06-11 08:00:00,17707.112,17765.212,17555.765,17557.456
1781179200,2026-06-11 12:00:00,17557.463,17582.879,17518.864,17577.769
1781193600,2026-06-11 16:00:00,17577.781,17677.47,17577.781,17643.648
1781208000,2026-06-11 20:00:00,17643.673,17648.34,17483.761,17610.149
1781222400,2026-06-12 00:00:00,17610.169,17627.139,17541.228,17627.139
1781236800,2026-06-12 04:00:00,17627.148,17650.233,17406.237,17407.765
1781251200,2026-06-12 08:00:00,17407.787,17409.027,17285.153,17338.773
1781265600,2026-06-12 12:00:00,17338.799,17366.67,17201.14,17203.839
1781280000,2026-06-12 16:00:00,17203.863,17232.583,16915.807,16974.231
1781294400,2026-06-12 20:00:00,16974.238,16975.191,16835.634,16878.32
1781308800,2026-06-13 00:00:00,16878.353,16911.77,16754.141,16777.854
1781323200,2026-06-13 04:00:00,16777.891,16811.632,16743.672,16775.532
1781337600,2026-06-13 08:00:00,16775.548,16820.228,16734.527,16791.229
1781352000,2026-06-13 12:00:00,16791.253,16828.946,16638.099,16641.826
1781366400,2026-06-13 16:00:00,16641.858,16682.603,16483.452,16483.81
1781380800,2026-06-13 20:00:00,16483.846,16511.999,16382.36,16432.968
1781395200,2026-06-14 00:00:00,16432.996,16474.44,16332.412,16351.87
1781409600,2026-06-14 04:00:00,16351.881,16438.734,16327.118,16378.678
1781424000,2026-06-14 08:00:00,16378.69,16500.412,16378.69,16427.302
1781438400,2026-06-14 12:00:00,16427.321,16514.651,16393.594,16449.636
1781452800,2026-06-14 16:00:00,16449.637,16504.362,16428.325,16504.362
1781467200,2026-06-14 20:00:00,16504.408,16641.592,16504.408,16641.592
1781481600,2026-06-15 00:00:00,16641.603,16687.181,16583.442,16609.176
1781496000,2026-06-15 04:00:00,16609.192,16643.397,16567.511,16583.662
1781510400,2026-06-15 08:00:00,16583.674,16600.57,16467.795,16577.176
1781524800,2026-06-15 12:00:00,16577.185,16592.848,16521.969,16538.841
1781539200,2026-06-15 16:00:00,16538.86,16592.146,16501.199,16572.008
1781553600,2026-06-15 20:00:00,16572.034,16674.719,16540.533,16568.876
1781568000,2026-06-16 00:00:00,16568.89,16647.068,16568.89,16603.787
1781582400,2026-06-16 04:00:00,16603.803,16649.938,16565.251,16593.23
1781596800,2026-06-16 08:00:00,16593.236,16694.213,16586.09,16694.107
1781611200,2026-06-16 12:00:00,16694.114,16701.473,16505.811,16529.802
1781625600,2026-06-16 16:00:00,16529.817,16552.67,16426.571,16477.246
1781640000,2026-06-16 20:00:00,16477.301,16556.073,16456.41,16556.073
1781654400,2026-06-17 00:00:00,16556.103,16619.734,16518,16559.894
1781668800,2026-06-17 04:00:00,16559.916,16611.481,16521.062,16558.035
1781683200,2026-06-17 08:00:00,16558.053,16688.286,16558.053,16577.172
1781697600,2026-06-17 12:00:00,16577.181,16704.29,16577.181,16704.29
1781712000,2026-06-17 16:00:00,16704.295,16793.185,16676.657,16743.831
1781726400,2026-06-17 20:00:00,16743.835,16747.46,16557.907,16564.829
1781740800,2026-06-18 00:00:00,16564.855,16660.584,16560.912,16640.976
1781755200,2026-06-18 04:00:00,16640.984,16695.009,16614.165,16657.812
1781769600,2026-06-18 08:00:00,16657.849,16748.089,16657.849,16735.868
1781784000,2026-06-18 12:00:00,16735.877,16752.152,16678.919,16727.226
1781798400,2026-06-18 16:00:00,16727.237,16762.776,16687.455,16742.686
1781812800,2026-06-18 20:00:00,16742.709,16755.766,16628.262,16655.811
1781827200,2026-06-19 00:00:00,16655.854,16666.99,16547.83,16612.141
1781841600,2026-06-19 04:00:00,16612.153,16705.177,16586.008,16701.492
1781856000,2026-06-19 08:00:00,16701.531,16712.613,16536.656,16575.456
1781870400,2026-06-19 12:00:00,16575.475,16625.797,16556.989,16581.166
1781884800,2026-06-19 16:00:00,16581.17,16633.331,16557.842,16592.749
1781899200,2026-06-19 20:00:00,16592.768,16650.465,16546.58,16650.465
1781913600,2026-06-20 00:00:00,16650.468,16832.96,16640.363,16825.798
1781928000,2026-06-20 04:00:00,16825.814,16832.65,16701.251,16737.217
1781942400,2026-06-20 08:00:00,16737.229,16804.882,16723.652,16800.439
1781956800,2026-06-20 12:00:00,16800.49,16921.676,16779.786,16914.096
1781971200,2026-06-20 16:00:00,16914.113,17002.428,16901.815,16995.85
1781985600,2026-06-20 20:00:00,16995.865,17003.839,16879.114,16957.767
1782000000,2026-06-21 00:00:00,16957.775,16964.953,16906.187,16918.884
1782014400,2026-06-21 04:00:00,16918.925,16944.309,16769.856,16796.55
1782028800,2026-06-21 08:00:00,16796.559,16879.946,16774.76,16879.946
1782043200,2026-06-21 12:00:00,16879.982,16983.859,16859.039,16983.859
1782057600,2026-06-21 16:00:00,16983.882,17102.667,16973.525,17102.667
1782072000,2026-06-21 20:00:00,17102.667,17143.538,17007.85,17024.032
1782086400,2026-06-22 00:00:00,17024.054,17216.49,17001.756,17196.829
1782100800,2026-06-22 04:00:00,17196.849,17268.139,17176.307,17234.919
1782115200,2026-06-22 08:00:00,17234.936,17263.564,17170.473,17216.213
1782129600,2026-06-22 12:00:00,17216.236,17323.7,17186.076,17323.7
1782144000,2026-06-22 16:00:00,17323.701,17488.822,17314.938,17483.085
1782158400,2026-06-22 20:00:00,17483.1,17548.612,17427.031,17439.207
1782172800,2026-06-23 00:00:00,17439.261,17465.063,17375.748,17404.891
1782187200,2026-06-23 04:00:00,17404.909,17443.506,17333.566,17357.954
1782201600,2026-06-23 08:00:00,17357.982,17367.55,17234.209,17254.19
1782216000,2026-06-23 12:00:00,17254.241,17290.819,17206.743,17255.464
1782230400,2026-06-23 16:00:00,17255.497,17373.942,17255.497,17357.696
1782244800,2026-06-23 20:00:00,17357.705,17441.271,17312.539,17376.045
1782259200,2026-06-24 00:00:00,17376.051,17392.209,17269.347,17351.721
1782273600,2026-06-24 04:00:00,17351.73,17365.701,17262.277,17298.696
1782288000,2026-06-24 08:00:00,17298.72,17463.761,17278.411,17429.421
1782302400,2026-06-24 12:00:00,17429.437,17614.59,17429.437,17614.59
1782316800,2026-06-24 16:00:00,17614.611,17630.458,17536.947,17597.292
1782331200,2026-06-24 20:00:00,17597.321,17699.926,17586.801,17597.386
1782345600,2026-06-25 00:00:00,17597.407,17621.721,17488.996,17515.281
1782360000,2026-06-25 04:00:00,17515.301,17591.299,17495.191,17516.308
1782374400,2026-06-25 08:00:00,17516.351,17537.234,17376.506,17450.794
1782388800,2026-06-25 12:00:00,17450.832,17591.848,17450.832,17529.015
1782403200,2026-06-25 16:00:00,17529.026,17593.064,17479.342,17491.735
1782417600,2026-06-25 20:00:00,17491.769,17568.241,17471.423,17529.398
1782432000,2026-06-26 00:00:00,17529.441,17600.785,17453.793,17600.785
1782446400,2026-06-26 04:00:00,17600.79,17741.24,17589.429,17741.24
1782460800,2026-06-26 08:00:00,17741.259,17799.053,17672.813,17698.11
1782475200,2026-06-26 12:00:00,17698.112,17764.062,17664.054,17740.341
1782489600,2026-06-26 16:00:00,17740.369,17809.633,17735.438,17808.363
1782504000,2026-06-26 20:00:00,17808.379,17811.518,17717.024,17782.932
1782518400,2026-06-27 00:00:00,17782.972,17811.858,17717.796,17784.932
1782532800,2026-06-27 04:00:00,17784.936,17819.54,17684.433,17715.68
1782547200,2026-06-27 08:00:00,17715.683,17725.195,17535.306,17595.066
1782561600,2026-06-27 12:00:00,17595.092,17652.045,17569.713,17652.045
1782576000,2026-06-27 16:00:00,17652.064,17751.814,17652.064,17662.396
1782590400,2026-06-27 20:00:00,17662.41,17814.671,17662.41,17786.097
1782604800,2026-06-28 00:00:00,17786.114,17827.925,17734.953,17806.118
1782619200,2026-06-28 04:00:00,17806.121,17838.949,17732.213,17813.487
1782633600,2026-06-28 08:00:00,17813.518,17845.741,17751.37,17825.245
1782648000,2026-06-28 12:00:00,17825.257,17863.922,17777.751,17788.363
1782662400,2026-06-28 16:00:00,17788.382,17812.766,17505.975,17524.128
1782676800,2026-06-28 20:00:00,17524.17,17569.439,17422.999,17569.439
1782691200,2026-06-29 00:00:00,17569.479,17607.89,17466.176,17473.534
1782705600,2026-06-29 04:00:00,17473.545,17487.151,17308.025,17388.633
1782720000,2026-06-29 08:00:00,17388.638,17401.144,17306.793,17360.498
1782734400,2026-06-29 12:00:00,17360.531,17442.564,17323.337,17442.564
1782748800,2026-06-29 16:00:00,17442.586,17515.406,17405.3,17493.93
1782763200,2026-06-29 20:00:00,17493.945,17512.271,17401.758,17419.784
1782777600,2026-06-30 00:00:00,17419.787,17534.255,17376.882,17434.454
1782792000,2026-06-30 04:00:00,17434.471,17535.39,17409.768,17527.148
1782806400,2026-06-30 08:00:00,17527.175,17620.86,17402.978,17422.562
1782820800,2026-06-30 12:00:00,17422.569,17448.816,17280.365,17348.567
1782835200,2026-06-30 16:00:00,17348.588,17547.884,17348.588,17547.884
1782849600,2026-06-30 20:00:00,17547.915,17620.712,17505.43,17558.348
1782864000,2026-07-01 00:00:00,17558.363,17589.331,17429.831,17589.331
1782878400,2026-07-01 04:00:00,17589.353,17609.073,17364.369,17410.874
1782892800,2026-07-01 08:00:00,17410.908,17521.944,17397.562,17489.159
1782907200,2026-07-01 12:00:00,17489.174,17587.842,17475.86,17560.827
1782921600,2026-07-01 16:00:00,17560.834,17705.333,17549.837,17697.524
1782936000,2026-07-01 20:00:00,17697.53,17803.237,17697.53,17733.75
1782950400,2026-07-02 00:00:00,17733.758,17761.526,17661.146,17677.257
1782964800,2026-07-02 04:00:00,17677.293,17744.888,17608.71,17628.618
1782979200,2026-07-02 08:00:00,17628.622,17718.124,17558.729,17704.924
1782993600,2026-07-02 12:00:00,17704.971,17815.516,17704.971,17812.324
1783008000,2026-07-02 16:00:00,17812.339,17875.546,17760.041,17875.546
1783022400,2026-07-02 20:00:00,17875.557,18077.759,17875.557,18077.759
1783036800,2026-07-03 00:00:00,18077.789,18099.296,18042.931,18099.296
1783051200,2026-07-03 04:00:00,18099.341,18158.826,18061.616,18109.116
1783065600,2026-07-03 08:00:00,18109.119,18253.616,18104.008,18217.59
1783080000,2026-07-03 12:00:00,18217.607,18303.165,18210.68,18237.484
1783094400,2026-07-03 16:00:00,18237.492,18245.513,18163.101,18185.758
1783108800,2026-07-03 20:00:00,18185.783,18223.332,18012.99,18014.603
1783123200,2026-07-04 00:00:00,18014.637,18023.577,17863.535,17903.11
1783137600,2026-07-04 04:00:00,17903.115,17997.361,17888.43,17997.361
1783152000,2026-07-04 08:00:00,17997.38,18054.877,17928.667,18054.877
1783166400,2026-07-04 12:00:00,18054.91,18142.048,18042.339,18057.932
1783180800,2026-07-04 16:00:00,18057.993,18143.607,18044.949,18143.607
1783195200,2026-07-04 20:00:00,18143.612,18211.125,18085.484,18160.206
1783209600,2026-07-05 00:00:00,18160.226,18278.091,18160.226,18183.713
1783224000,2026-07-05 04:00:00,18183.739,18317.91,18136.224,18294.956
1783238400,2026-07-05 08:00:00,18294.971,18330.225,18200.833,18222.682
1783252800,2026-07-05 12:00:00,18222.685,18240.627,18153.975,18157.232
1783267200,2026-07-05 16:00:00,18157.244,18210.046,18092.295,18119.091
1783281600,2026-07-05 20:00:00,18119.095,18209.425,18073.911,18122.857
1783296000,2026-07-06 00:00:00,18122.878,18166.381,17990.553,17992.401
1783310400,2026-07-06 04:00:00,17992.412,18076.072,17992.412,18032.182
1783324800,2026-07-06 08:00:00,18032.194,18052.431,17916.547,17965.966
1783339200,2026-07-06 12:00:00,17965.97,17987.889,17921.974,17979.967
1783353600,2026-07-06 16:00:00,17979.992,18016.645,17740.662,17754.465
1783368000,2026-07-06 20:00:00,17754.486,17757.988,17627.985,17642.017
1783382400,2026-07-07 00:00:00,17642.068,17739.537,17627.003,17696.824
1783396800,2026-07-07 04:00:00,17696.838,17791.049,17695.037,17791.049
1783411200,2026-07-07 08:00:00,17791.066,17843.151,17759.665,17791.422
1783425600,2026-07-07 12:00:00,17791.443,17852.006,17766.222,17835.349
1783440000,2026-07-07 16:00:00,17835.386,17908.034,17763.211,17784.62
1783454400,2026-07-07 20:00:00,17784.64,17811.451,17712.945,17786.929
1783468800,2026-07-08 00:00:00,17786.982,17842.808,17745.013,17788.474
1783483200,2026-07-08 04:00:00,17788.497,17911.458,17765.312,17834.614
1783497600,2026-07-08 08:00:00,17834.615,17878.605,17765.854,17878.605
1783512000,2026-07-08 12:00:00,17878.618,17954.245,17869.831,17950.63
1783526400,2026-07-08 16:00:00,17950.63,17959.346,17795.799,17833.052
1783540800,2026-07-08 20:00:00,17833.089,17875.789,17765.026,17811.272
1783555200,2026-07-09 00:00:00,17811.277,17989.083,17808.311,17947.046
1783569600,2026-07-09 04:00:00,17947.074,18063.626,17915.244,18035.145
1783584000,2026-07-09 08:00:00,18035.17,18117.178,17974.138,18045.849
1783598400,2026-07-09 12:00:00,18045.851,18093.942,17890.419,17908.783
1783612800,2026-07-09 16:00:00,17908.795,17923.785,17819.258,17919.601
1783627200,2026-07-09 20:00:00,17919.607,18022.1,17888.483,18022.1
1783641600,2026-07-10 00:00:00,18022.106,18046.432,17861.553,17884.758
1783656000,2026-07-10 04:00:00,17884.769,17936.3,17844.963,17936.3
1783670400,2026-07-10 08:00:00,17936.351,17981.171,17889.03,17925.555
1783684800,2026-07-10 12:00:00,17925.558,17974.662,17909.891,17935.084
1783699200,2026-07-10 16:00:00,17935.12,18023.51,17919.178,17989.631
1783713600,2026-07-10 20:00:00,17989.658,18106.267,17983.02,18106.267
1783728000,2026-07-11 00:00:00,18106.276,18131.901,18029.139,18058.471
1783742400,2026-07-11 04:00:00,18058.484,18082.27,17994.532,18052.37
1783756800,2026-07-11 08:00:00,18052.373,18054.119,17850.575,17923.899
1783771200,2026-07-11 12:00:00,17923.922,17990.996,17907.408,17944.141
1783785600,2026-07-11 16:00:00,17944.156,18036.586,17926.537,17997.312
1783800000,2026-07-11 20:00:00,17997.34,18072.58,17974.692,18065.109
1783814400,2026-07-12 00:00:00,18065.131,18220.497,18040.817,18220.497
1783828800,2026-07-12 04:00:00,18220.502,18325.516,18207.841,18296.047
1783843200,2026-07-12 08:00:00,18296.068,18373.271,18286.631,18340.406
1783857600,2026-07-12 12:00:00,18340.445,18421.581,18262.617,18421.581
1783872000,2026-07-12 16:00:00,18421.584,18451.92,18181.087,18184.564
1783886400,2026-07-12 20:00:00,18184.581,18197.548,18048.685,18094.459
1783900800,2026-07-13 00:00:00,18094.49,18126.79,17974.97,18020.174
1783915200,2026-07-13 04:00:00,18020.178,18051.296,17953.525,17995.803
1783929600,2026-07-13 08:00:00,17995.832,18008.377,17932.8,17967.509
1783944000,2026-07-13 12:00:00,17967.546,18037.208,17938.218,18036.926
1783958400,2026-07-13 16:00:00,18036.931,18074.586,18005.815,18042.389
1783972800,2026-07-13 20:00:00,18042.455,18069.253,17930.45,17998.136
1783987200,2026-07-14 00:00:00,17998.164,18041.19,17966.177,17982.454
1784001600,2026-07-14 04:00:00,17982.482,18003.273,17889.662,17933.932
1784016000,2026-07-14 08:00:00,17933.938,17953.452,17797.472,17844.761
1784030400,2026-07-14 12:00:00,17844.765,17856.063,17795.386,17847.222
1784044800,2026-07-14 16:00:00,17847.23,17869.327,17768.912,17849.118
1784059200,2026-07-14 20:00:00,17849.154,17874.46,17726.948,17741.006
1784073600,2026-07-15 00:00:00,17741.011,17889.369,17741.011,17847.513
1784088000,2026-07-15 04:00:00,17847.524,17958.967,17847.524,17957.649
1784102400,2026-07-15 08:00:00,17957.668,17994.004,17892.628,17993.098
1784116800,2026-07-15 12:00:00,17993.113,18007.378,17878.388,17888.098
1784131200,2026-07-15 16:00:00,17888.13,17910.535,17800.26,17866.379
1784145600,2026-07-15 20:00:00,17866.402,17907.283,17792.065,17907.283
1784160000,2026-07-16 00:00:00,17907.307,17914.389,17782.308,17799.862
1784174400,2026-07-16 04:00:00,17799.88,17839.912,17737.67,17784.609
1784188800,2026-07-16 08:00:00,17784.612,17945.54,17784.612,17944.167
1784203200,2026-07-16 12:00:00,17944.183,17998.383,17915.245,17958.961
1784217600,2026-07-16 16:00:00,17958.963,17980.463,17889.247,17950.091
1784232000,2026-07-16 20:00:00,17950.121,18116.631,17930.629,18044.44
1784246400,2026-07-17 00:00:00,18036.209,18174.317,18036.209,18123.289
1784260800,2026-07-17 04:00:00,18123.312,18219.249,18119.088,18219.249
1784275200,2026-07-17 08:00:00,18219.271,18254.632,18085.632,18096.164
1784289600,2026-07-17 12:00:00,18096.184,18139.101,18064.675,18138.322
1784304000,2026-07-17 16:00:00,18138.342,18162.377,17955.561,17972.786
1784318400,2026-07-17 20:00:00,17972.819,18174.919,17972.819,18157.637
1784332800,2026-07-18 00:00:00,18157.666,18296.33,18155.001,18269.111
1784347200,2026-07-18 04:00:00,18269.115,18327.475,18224.048,18327.475
1784361600,2026-07-18 08:00:00,18327.491,18335.22,18187.638,18335.04
1784376000,2026-07-18 12:00:00,18335.085,18485.454,18335.085,18485.454
1784390400,2026-07-18 16:00:00,18485.48,18492.744,18312.72,18333.86
1784404800,2026-07-18 20:00:00,18333.867,18388.225,18220.187,18250.337
1784419200,2026-07-19 00:00:00,18250.387,18284.38,18027.123,18078.755
1784433600,2026-07-19 04:00:00,18078.785,18103.12,18019.722,18027.839
1784448000,2026-07-19 08:00:00,18027.876,18106.788,17959.408,18025.092
1784462400,2026-07-19 12:00:00,18025.125,18107.353,18022.842,18043.85
1784476800,2026-07-19 16:00:00,18043.88,18049.73,17954.285,17983.07
1784491200,2026-07-19 20:00:00,17983.09,18090.871,17960.878,18005.516
1784505600,2026-07-20 00:00:00,18005.524,18066.722,17939.054,18066.722
1784520000,2026-07-20 04:00:00,18066.742,18092.808,17980.363,18066.487
1784534400,2026-07-20 08:00:00,18066.49,18168.488,18026.766,18168.488
1784548800,2026-07-20 12:00:00,18168.502,18242.977,18135.676,18207.135
1784563200,2026-07-20 16:00:00,18207.136,18282.554,18160.504,18183.266
1784577600,2026-07-20 20:00:00,18183.283,18349.277,18152.086,18349.277
1784592000,2026-07-21 00:00:00,18349.282,18448.86,18346.447,18428.08
1784606400,2026-07-21 04:00:00,18428.09,18480.119,18151.448,18187.369
1784620800,2026-07-21 08:00:00,18187.376,18281.108,18177.836,18216.476
1784635200,2026-07-21 12:00:00,18216.516,18329.973,18216.516,18295.821
1784649600,2026-07-21 16:00:00,18295.854,18397.962,18263.853,18315.441
1784664000,2026-07-21 20:00:00,18315.448,18428.927,18293.588,18402.524
1784678400,2026-07-22 00:00:00,18402.542,18403.254,18291.2,18316.565
1784692800,2026-07-22 04:00:00,18316.574,18410.552,18231.192,18273.463
1784707200,2026-07-22 08:00:00,18273.467,18350.066,18236.574,18316.916
1784721600,2026-07-22 12:00:00,18316.937,18366.46,18287.342,18349.431
1784736000,2026-07-22 16:00:00,18349.435,18393.273,18323.983,18349.471
1784750400,2026-07-22 20:00:00,18349.488,18356.315,18265.835,18296.669
1784764800,2026-07-23 00:00:00,18296.695,18378.191,18179.563,18208.309
1784779200,2026-07-23 04:00:00,18208.324,18283.459,18193.675,18276.153
1784793600,2026-07-23 08:00:00,18276.162,18279.602,18158.18,18224.153
1784808000,2026-07-23 12:00:00,18224.191,18297.921,18193.693,18283.836
1784822400,2026-07-23 16:00:00,18283.89,18426.237,18283.89,18388.691
1784836800,2026-07-23 20:00:00,18388.705,18459.674,18316.862,18428.428
1784851200,2026-07-24 00:00:00,18428.45,18436.227,18260.573,18278.834
1784865600,2026-07-24 04:00:00,18278.86,18422.385,18278.86,18396.268
1784880000,2026-07-24 08:00:00,18396.312,18417.514,18259.823,18259.823
1784894400,2026-07-24 12:00:00,18259.842,18381.743,18259.842,18350.812
1784908800,2026-07-24 16:00:00,18350.814,18407.505,18322.373,18357.525
1784923200,2026-07-24 20:00:00,18357.551,18379.326,18291.139,18318.644
1784937600,2026-07-25 00:00:00,18318.66,18371.705,18296.812,18369.716
1784952000,2026-07-25 04:00:00,18369.72,18423.352,18324.31,18418.926
1784966400,2026-07-25 08:00:00,18418.967,18487.894,18399.921,18426.084
1784980800,2026-07-25 12:00:00,18426.119,18578.034,18415.459,18555.935
1784995200,2026-07-25 16:00:00,18555.977,18706.76,18538.633,18706.76
1785009600,2026-07-25 20:00:00,18706.778,18864,18703.319,18819.801
1785024000,2026-07-26 00:00:00,18819.81,18959.746,18757.039,18959.746
1785038400,2026-07-26 04:00:00,18959.77,18970.351,18871.038,18946.548
1785052800,2026-07-26 08:00:00,18946.567,18993.842,18852.471,18971.192
1785067200,2026-07-26 12:00:00,18971.215,18998.272,18879.236,18994.939
1785081600,2026-07-26 16:00:00,18994.973,19059.57,18839.237,18842.234
1785096000,2026-07-26 20:00:00,18842.243,18880.85,18692.745,18734.92
1785110400,2026-07-27 00:00:00,18734.942,18764.997,18651.373,18676.01
1785124800,2026-07-27 04:00:00,18676.024,18697.291,18635.706,18689.236
1785139200,2026-07-27 08:00:00,18689.238,18822.469,18689.238,18763.271
1785153600,2026-07-27 12:00:00,18763.291,18801.637,18525.094,18583.694
1785168000,2026-07-27 16:00:00,18583.715,18643.063,18529.17,18629.898
1785182400,2026-07-27 20:00:00,18629.952,18760.803,18629.952,18709.284
1785196800,2026-07-28 00:00:00,18709.301,18712.003,18590.246,18642.457
1785211200,2026-07-28 04:00:00,18642.473,18737.478,18605.551,18737.478
1785225600,2026-07-28 08:00:00,18737.496,18785.281,18679.386,18716.025
1785240000,2026-07-28 12:00:00,18716.042,18775.488,18667.38,18747.096
1785254400,2026-07-28 16:00:00,18747.131,18780.216,18688.249,18756.878
1785268800,2026-07-28 20:00:00,18756.881,18789.892,18638.486,18670.015
1785283200,2026-07-29 00:00:00,18670.033,18761.291,18668.614,18716.98
1785297600,2026-07-29 04:00:00,18716.992,18765.736,18668.649,18676.574
1785312000,2026-07-29 08:00:00,18676.592,18678.097,18535.737,18579.491
1785326400,2026-07-29 12:00:00,18579.496,18669.23,18527.023,18669.23
1785340800,2026-07-29 16:00:00,18669.252,18711.639,18507.242,18569.212
1785355200,2026-07-29 20:00:00,18569.221,18710.575,18535.403,18710.575
1785369600,2026-07-30 00:00:00,18710.577,18753.523,18638.11,18679.42
1785384000,2026-07-30 04:00:00,18679.441,18720.174,18608.459,18664.949
1785398400,2026-07-30 08:00:00,18664.968,18849.873,18662.071,18804.023
1785412800,2026-07-30 12:00:00,18804.032,18812.558,18720.726,18759.222
1785427200,2026-07-30 16:00:00,18759.24,18784.798,18499.914,18517.596
1785441600,2026-07-30 20:00:00,18517.614,18610.023,18500.65,18558.868
1785456000,2026-07-31 00:00:00,18558.877,18646.519,18520.584,18630.436
1785470400,2026-07-31 04:00:00,18630.445,18728.702,18615.637,18698.9
1785484800,2026-07-31 08:00:00,18698.904,18750.955,18669.424,18704.906
