epoch,datetime_utc,open,high,low,close
1753954588,2025-07-31 09:36:28,736.5,743.86,735.86,743.75
1753956000,2025-07-31 10:00:00,743.66,749.64,737.75,744.34
1753959600,2025-07-31 11:00:00,744.18,747.04,733.02,738.4
1753963200,2025-07-31 12:00:00,738.36,744.07,734.16,737.51
1753966800,2025-07-31 13:00:00,737.44,747.68,736.01,742.56
1753970400,2025-07-31 14:00:00,742.64,755.06,742.51,753.54
1753974000,2025-07-31 15:00:00,753.58,760.52,743.3,750.31
1753977600,2025-07-31 16:00:00,750.24,754.17,747.54,749.48
1753981200,2025-07-31 17:00:00,749.43,750.05,732.16,734.89
1753984800,2025-07-31 18:00:00,734.72,743.78,734.35,738.46
1753988400,2025-07-31 19:00:00,738.51,746.31,737.59,740.73
1753992000,2025-07-31 20:00:00,740.59,740.75,725.19,725.55
1753995600,2025-07-31 21:00:00,725.56,725.72,716.16,717.31
1753999200,2025-07-31 22:00:00,717.21,722.52,714.34,714.93
1754002800,2025-07-31 23:00:00,714.86,717.3,699.71,702.49
1754006400,2025-08-01 00:00:00,702.72,705.6,696.29,703.57
1754010000,2025-08-01 01:00:00,703.35,705.73,698.19,705.45
1754013600,2025-08-01 02:00:00,705.35,710.83,700.61,708.67
1754017200,2025-08-01 03:00:00,708.85,713.92,702.57,706.89
1754020800,2025-08-01 04:00:00,707.02,718.9,704.59,715.22
1754024400,2025-08-01 05:00:00,715.05,719.95,704.63,714.64
1754028000,2025-08-01 06:00:00,714.62,723,708.56,710.94
1754031600,2025-08-01 07:00:00,710.82,715.25,708.32,708.99
1754035200,2025-08-01 08:00:00,708.92,713.37,703.16,706.68
1754038800,2025-08-01 09:00:00,706.93,722.36,700.15,720.31
1754042400,2025-08-01 10:00:00,720.5,720.5,702.35,703.41
1754046000,2025-08-01 11:00:00,703.33,703.82,695.18,698.64
1754049600,2025-08-01 12:00:00,698.53,704.05,686.45,686.65
1754053200,2025-08-01 13:00:00,686.87,692.29,685.87,692.29
1754056800,2025-08-01 14:00:00,692.24,692.84,681.86,690.76
1754060400,2025-08-01 15:00:00,690.66,693.48,682.59,686.54
1754064000,2025-08-01 16:00:00,686.52,689.92,680.74,686.99
1754067600,2025-08-01 17:00:00,686.96,704.72,686.07,704
1754071200,2025-08-01 18:00:00,703.86,704,690.42,699.31
1754074800,2025-08-01 19:00:00,699.36,699.75,683.68,684.77
1754078400,2025-08-01 20:00:00,684.65,685.33,675.88,678.73
1754082000,2025-08-01 21:00:00,678.62,679.47,661.3,664.29
1754085600,2025-08-01 22:00:00,664.21,665.8,654.93,662.42
1754089200,2025-08-01 23:00:00,662.33,663.99,653.96,660.21
1754092800,2025-08-02 00:00:00,660.28,665.35,656.3,664.63
1754096400,2025-08-02 01:00:00,664.63,666.27,653.62,664.41
1754100000,2025-08-02 02:00:00,664.31,671.5,663.62,670.88
1754103600,2025-08-02 03:00:00,670.98,672.09,656.62,658.38
1754107200,2025-08-02 04:00:00,658.58,665.9,655.79,662.74
1754110800,2025-08-02 05:00:00,662.73,666.32,660.71,664.29
1754114400,2025-08-02 06:00:00,664.34,672.3,663.32,666.85
1754118000,2025-08-02 07:00:00,666.78,672.9,664.52,670.67
1754121600,2025-08-02 08:00:00,670.4,677.23,665.11,669.91
1754125200,2025-08-02 09:00:00,669.92,676.55,666.04,676.55
1754128800,2025-08-02 10:00:00,676.75,684.32,670.78,672.59
1754132400,2025-08-02 11:00:00,672.47,673.37,659.51,664.28
1754136000,2025-08-02 12:00:00,664.34,670.08,661.79,669.93
1754139600,2025-08-02 13:00:00,669.85,670.5,661.67,662.66
1754143200,2025-08-02 14:00:00,662.39,663.77,656.07,661.74
1754146800,2025-08-02 15:00:00,661.68,678.98,661.14,671.78
1754150400,2025-08-02 16:00:00,671.95,675.34,666.06,667.7
1754154000,2025-08-02 17:00:00,667.58,669.87,662.89,666.76
1754157600,2025-08-02 18:00:00,666.86,666.86,653.32,657.74
1754161200,2025-08-02 19:00:00,657.86,658.58,648.91,653.17
1754164800,2025-08-02 20:00:00,653.27,658.69,650.59,656.69
1754168400,2025-08-02 21:00:00,656.55,666.81,655.98,663.32
1754172000,2025-08-02 22:00:00,663.26,664.48,657.24,660.85
1754175600,2025-08-02 23:00:00,660.93,669.49,659.06,659.3
1754179200,2025-08-03 00:00:00,659.25,665.87,653.62,657.68
1754182800,2025-08-03 01:00:00,657.63,664.36,649.57,651.84
1754186400,2025-08-03 02:00:00,651.67,654.11,643.25,643.44
1754190000,2025-08-03 03:00:00,643.23,648.6,637.45,648.6
1754193600,2025-08-03 04:00:00,648.66,656.78,646.56,647.97
1754197200,2025-08-03 05:00:00,647.85,648.2,638.97,639.71
1754200800,2025-08-03 06:00:00,639.6,648.58,638.13,642.37
1754204400,2025-08-03 07:00:00,642.24,643.76,636.1,639.32
1754208000,2025-08-03 08:00:00,639.23,648.74,638.9,646.89
1754211600,2025-08-03 09:00:00,646.72,651.97,642.64,649
1754215200,2025-08-03 10:00:00,649,656.42,646.21,647.19
1754218800,2025-08-03 11:00:00,647.05,656.55,646.81,651.98
1754222400,2025-08-03 12:00:00,651.96,653.19,637.38,638.36
1754226000,2025-08-03 13:00:00,638.4,656,637.98,655.24
1754229600,2025-08-03 14:00:00,655.35,657.42,646.84,648.49
1754233200,2025-08-03 15:00:00,648.43,650.92,636.45,636.45
1754236800,2025-08-03 16:00:00,636.41,652.88,635.94,647.4
1754240400,2025-08-03 17:00:00,647.37,649.79,640.5,647.62
1754244000,2025-08-03 18:00:00,647.5,648.66,635.33,635.59
1754247600,2025-08-03 19:00:00,635.44,635.53,624.28,624.48
1754251200,2025-08-03 20:00:00,624.44,630.09,622.37,624.04
1754254800,2025-08-03 21:00:00,624.06,629.57,618.69,620.21
1754258400,2025-08-03 22:00:00,620.17,627.72,618.59,627.26
1754262000,2025-08-03 23:00:00,627.25,632.02,624.53,629.59
1754265600,2025-08-04 00:00:00,629.51,629.51,619.24,625.12
1754269200,2025-08-04 01:00:00,625.04,627.61,621.03,627.31
1754272800,2025-08-04 02:00:00,627.35,632.91,625.52,629.23
1754276400,2025-08-04 03:00:00,629.04,637.6,627.08,630.41
1754280000,2025-08-04 04:00:00,630.38,631.16,617.12,618.56
1754283600,2025-08-04 05:00:00,618.49,624.97,616.29,623.07
1754287200,2025-08-04 06:00:00,622.89,630.23,620.42,621.32
1754290800,2025-08-04 07:00:00,621.39,622.89,616.09,621
1754294400,2025-08-04 08:00:00,621,633.21,620.6,632.93
1754298000,2025-08-04 09:00:00,632.69,642.35,632.04,638.41
1754301600,2025-08-04 10:00:00,638.57,644.87,632.88,636.63
1754305200,2025-08-04 11:00:00,636.67,637.25,630.49,634.88
1754308800,2025-08-04 12:00:00,634.73,640.7,630.63,635.19
1754312400,2025-08-04 13:00:00,635.12,635.64,620.91,626.66
1754316000,2025-08-04 14:00:00,626.85,633.52,624.59,630.15
1754319600,2025-08-04 15:00:00,630.13,630.43,618.17,618.24
1754323200,2025-08-04 16:00:00,618.22,622.59,615.73,621.4
1754326800,2025-08-04 17:00:00,621.36,627.72,616.83,625.91
1754330400,2025-08-04 18:00:00,625.97,632.13,621.1,628.5
1754334000,2025-08-04 19:00:00,628.54,634.3,623.92,627.46
1754337600,2025-08-04 20:00:00,627.46,627.94,621.53,625.5
1754341200,2025-08-04 21:00:00,625.49,631.96,622.71,629.12
1754344800,2025-08-04 22:00:00,628.87,636.08,626.79,635.09
1754348400,2025-08-04 23:00:00,635.08,638.29,628.77,631.2
1754352000,2025-08-05 00:00:00,631.29,632.36,621.88,621.98
1754355600,2025-08-05 01:00:00,622.05,625.96,620.13,624.83
1754359200,2025-08-05 02:00:00,624.75,627.64,612.34,619.92
1754362800,2025-08-05 03:00:00,619.87,623.15,616.97,621.79
1754366400,2025-08-05 04:00:00,621.65,629.02,618.97,627.21
1754370000,2025-08-05 05:00:00,627.45,632.04,621.41,627.52
1754373600,2025-08-05 06:00:00,627.44,634.87,625.82,629.17
1754377200,2025-08-05 07:00:00,629.3,635.49,628.47,633.09
1754380800,2025-08-05 08:00:00,632.96,638.9,628.89,638.9
1754384400,2025-08-05 09:00:00,638.68,641.16,631,632.35
1754388000,2025-08-05 10:00:00,632.36,633.14,618.41,618.62
1754391600,2025-08-05 11:00:00,618.77,619.32,613.62,614.68
1754395200,2025-08-05 12:00:00,614.71,614.71,606.76,607.52
1754398800,2025-08-05 13:00:00,607.6,610.79,605.14,609.77
1754402400,2025-08-05 14:00:00,609.94,613.62,606.99,610.17
1754406000,2025-08-05 15:00:00,610.18,613.92,606.54,610.73
1754409600,2025-08-05 16:00:00,610.95,614.19,607.3,608.43
1754413200,2025-08-05 17:00:00,608.59,610.8,601.86,603.89
1754416800,2025-08-05 18:00:00,603.77,604.9,597.89,598.96
1754420400,2025-08-05 19:00:00,598.99,602.01,595.41,599.25
1754424000,2025-08-05 20:00:00,599.21,603,595.05,595.75
1754427600,2025-08-05 21:00:00,595.52,598.81,590.58,594.26
1754431200,2025-08-05 22:00:00,594.16,596.45,586.41,587.78
1754434800,2025-08-05 23:00:00,587.79,593.75,586.26,588.92
1754438400,2025-08-06 00:00:00,588.91,598.75,587.34,598.04
1754442000,2025-08-06 01:00:00,598.04,603.65,597.7,603.05
1754445600,2025-08-06 02:00:00,603.14,607.57,598.03,598.89
1754449200,2025-08-06 03:00:00,599.11,600.86,589.41,589.73
1754452800,2025-08-06 04:00:00,589.79,600.15,589.05,598.98
1754456400,2025-08-06 05:00:00,598.84,599.52,589.43,590.33
1754460000,2025-08-06 06:00:00,590.39,592.4,582.45,590.42
1754463600,2025-08-06 07:00:00,590.46,590.52,579.4,582.4
1754467200,2025-08-06 08:00:00,582.34,584.01,577.04,579.18
1754470800,2025-08-06 09:00:00,579.22,585.16,571.2,577.33
1754474400,2025-08-06 10:00:00,577.26,588.06,575.87,580.84
1754478000,2025-08-06 11:00:00,580.78,584.98,578.56,584.68
1754481600,2025-08-06 12:00:00,584.68,590.87,580.04,581.24
1754485200,2025-08-06 13:00:00,581.12,592.43,579.2,589.06
1754488800,2025-08-06 14:00:00,588.88,604.89,588.44,601.73
1754492400,2025-08-06 15:00:00,601.72,603.58,594.46,595.29
1754496000,2025-08-06 16:00:00,595.39,601.7,593.65,598.67
1754499600,2025-08-06 17:00:00,598.66,607.16,598.26,604.12
1754503200,2025-08-06 18:00:00,604.18,611.2,602.26,608.18
1754506800,2025-08-06 19:00:00,608.22,610.87,601.03,610.87
1754510400,2025-08-06 20:00:00,610.91,611.06,596.19,598.7
1754514000,2025-08-06 21:00:00,598.62,606.5,597.04,600.6
1754517600,2025-08-06 22:00:00,600.62,604.93,596.56,602.32
1754521200,2025-08-06 23:00:00,602.3,611.31,601.45,610.32
1754524800,2025-08-07 00:00:00,610.28,611.01,600.19,603.86
1754528400,2025-08-07 01:00:00,603.79,604.07,596.23,598.59
1754532000,2025-08-07 02:00:00,598.5,600.87,587.84,587.96
1754535600,2025-08-07 03:00:00,587.85,588.14,573.94,578.23
1754539200,2025-08-07 04:00:00,578.18,585.67,573.15,575.78
1754542800,2025-08-07 05:00:00,575.73,581.04,573.36,578.8
1754546400,2025-08-07 06:00:00,578.79,582.32,576.36,582.24
1754550000,2025-08-07 07:00:00,582.19,587.73,580.03,583.99
1754553600,2025-08-07 08:00:00,584.03,589.28,573.97,574.56
1754557200,2025-08-07 09:00:00,574.7,575.33,561.05,562.4
1754560800,2025-08-07 10:00:00,562.37,569.88,557.9,567.88
1754564400,2025-08-07 11:00:00,567.68,573.43,559.59,560.37
1754568000,2025-08-07 12:00:00,560.28,563.51,552.93,553.61
1754571600,2025-08-07 13:00:00,553.62,559.46,549.48,549.91
1754575200,2025-08-07 14:00:00,549.87,551.31,542.59,546.54
1754578800,2025-08-07 15:00:00,546.46,547.36,538.08,539.38
1754582400,2025-08-07 16:00:00,539.31,543.9,535.57,542.91
1754586000,2025-08-07 17:00:00,542.69,548.57,541.44,544.72
1754589600,2025-08-07 18:00:00,544.71,546.36,540.33,542.44
1754593200,2025-08-07 19:00:00,542.44,542.72,535.87,537.67
1754596800,2025-08-07 20:00:00,537.69,539.35,531.92,533.34
1754600400,2025-08-07 21:00:00,533.27,539.02,533.13,534.07
1754604000,2025-08-07 22:00:00,534.07,534.68,530.15,532.43
1754607600,2025-08-07 23:00:00,532.5,535.46,526.75,528.23
1754611200,2025-08-08 00:00:00,528.24,533.68,526.59,533.06
1754614800,2025-08-08 01:00:00,533,533.01,524.96,525.43
1754618400,2025-08-08 02:00:00,525.32,527.64,520.31,520.71
1754622000,2025-08-08 03:00:00,520.83,522.3,515.5,519.93
1754625600,2025-08-08 04:00:00,519.89,520.16,512.4,515.42
1754629200,2025-08-08 05:00:00,515.47,515.59,505.18,506.04
1754632800,2025-08-08 06:00:00,506.09,508.75,502.82,505.09
1754636400,2025-08-08 07:00:00,505.04,508.01,496.72,499.11
1754640000,2025-08-08 08:00:00,499,504.98,496.34,504.41
1754643600,2025-08-08 09:00:00,504.42,511.14,502.89,509.04
1754647200,2025-08-08 10:00:00,509,510.43,494.02,494.4
1754650800,2025-08-08 11:00:00,494.43,500.59,493,500.03
1754654400,2025-08-08 12:00:00,500.05,509.2,499.67,503.88
1754658000,2025-08-08 13:00:00,503.81,508.32,502.41,505.85
1754661600,2025-08-08 14:00:00,505.74,507.39,500.52,501.44
1754665200,2025-08-08 15:00:00,501.56,506.42,497.97,503.06
1754668800,2025-08-08 16:00:00,503.12,507.85,500.08,502.08
1754672400,2025-08-08 17:00:00,502.09,503.81,493.55,495.37
1754676000,2025-08-08 18:00:00,495.37,496.39,490.5,491.01
1754679600,2025-08-08 19:00:00,490.95,495.73,487.68,495.23
1754683200,2025-08-08 20:00:00,495.28,498.65,491.08,494.19
1754686800,2025-08-08 21:00:00,494.14,495.76,491.47,494.19
1754690400,2025-08-08 22:00:00,494.02,495.23,485.31,488.02
1754694000,2025-08-08 23:00:00,488.06,489.17,483.59,487.06
1754697600,2025-08-09 00:00:00,487.08,487.08,481.45,484.42
1754701200,2025-08-09 01:00:00,484.54,488.12,478.13,478.46
1754704800,2025-08-09 02:00:00,478.59,482.03,473.4,473.93
1754708400,2025-08-09 03:00:00,474.1,479.83,472.67,479.73
1754712000,2025-08-09 04:00:00,479.62,480.6,468.83,469.33
1754715600,2025-08-09 05:00:00,469.37,472.48,466.73,472.24
1754719200,2025-08-09 06:00:00,472.14,472.74,463.56,466.33
1754722800,2025-08-09 07:00:00,466.3,468.66,460.76,467.56
1754726400,2025-08-09 08:00:00,467.66,474.16,465.47,474.03
1754730000,2025-08-09 09:00:00,474.1,474.13,462.94,464.52
1754733600,2025-08-09 10:00:00,464.56,464.84,460.11,462.87
1754737200,2025-08-09 11:00:00,462.8,471.09,461.94,469.18
1754740800,2025-08-09 12:00:00,469.24,469.93,462.21,464.15
1754744400,2025-08-09 13:00:00,464.07,465.9,459.3,463.35
1754748000,2025-08-09 14:00:00,463.31,468.69,460.9,467.69
1754751600,2025-08-09 15:00:00,467.64,469.04,463.82,465.48
1754755200,2025-08-09 16:00:00,465.43,474.69,461.8,471.2
1754758800,2025-08-09 17:00:00,471.14,478.53,469.93,470.37
1754762400,2025-08-09 18:00:00,470.33,474.46,465.09,473.54
1754766000,2025-08-09 19:00:00,473.48,474.93,469.84,474.65
1754769600,2025-08-09 20:00:00,474.75,481.35,472.22,476.61
1754773200,2025-08-09 21:00:00,476.71,485,476.24,482.15
1754776800,2025-08-09 22:00:00,482.18,485.73,478.26,483.66
1754780400,2025-08-09 23:00:00,483.65,486.05,476.11,479.15
1754784000,2025-08-10 00:00:00,479.14,490.29,477.92,488.61
1754787600,2025-08-10 01:00:00,488.54,492.24,487.59,489.81
1754791200,2025-08-10 02:00:00,489.75,494.29,487.55,493.62
1754794800,2025-08-10 03:00:00,493.49,494.84,489.3,494.84
1754798400,2025-08-10 04:00:00,494.94,496.71,492.02,493.71
1754802000,2025-08-10 05:00:00,493.82,494.87,487.42,491.98
1754805600,2025-08-10 06:00:00,491.82,492.65,487.01,487.68
1754809200,2025-08-10 07:00:00,487.64,491.83,486.47,490.57
1754812800,2025-08-10 08:00:00,490.59,492.42,486.76,487.89
1754816400,2025-08-10 09:00:00,487.86,492.75,486.45,489.58
1754820000,2025-08-10 10:00:00,489.67,493.13,484.72,491.16
1754823600,2025-08-10 11:00:00,491.36,497.07,489.01,494.69
1754827200,2025-08-10 12:00:00,494.54,502.6,490.96,500.23
1754830800,2025-08-10 13:00:00,500.4,502.59,493.62,494
1754834400,2025-08-10 14:00:00,494.04,501.97,492.34,501.64
1754838000,2025-08-10 15:00:00,501.44,504.1,492.14,492.28
1754841600,2025-08-10 16:00:00,492.29,494.59,484.25,484.62
1754845200,2025-08-10 17:00:00,484.45,488.29,478.12,481.46
1754848800,2025-08-10 18:00:00,481.4,483.16,471.21,471.47
1754852400,2025-08-10 19:00:00,471.42,473.79,466.9,470.12
1754856000,2025-08-10 20:00:00,470.06,479.94,469.82,476.58
1754859600,2025-08-10 21:00:00,476.71,478.75,471.76,475.31
1754863200,2025-08-10 22:00:00,475.45,478.7,467.97,478.13
1754866800,2025-08-10 23:00:00,477.97,479.12,472.1,474.3
1754870400,2025-08-11 00:00:00,474.58,476.81,470.99,472.91
1754874000,2025-08-11 01:00:00,472.9,473.53,464.05,466.44
1754877600,2025-08-11 02:00:00,466.41,474.14,465.68,470.68
1754881200,2025-08-11 03:00:00,470.71,470.96,456.85,457.18
1754884800,2025-08-11 04:00:00,457.18,460.91,455.85,458.95
1754888400,2025-08-11 05:00:00,458.94,462.4,457.94,461.25
1754892000,2025-08-11 06:00:00,461.21,471.79,461.21,465.59
1754895600,2025-08-11 07:00:00,465.59,472.29,464.9,470.53
1754899200,2025-08-11 08:00:00,470.61,481,469.48,478.44
1754902800,2025-08-11 09:00:00,478.46,481.16,475.43,476.74
1754906400,2025-08-11 10:00:00,476.8,481.63,475.7,480.62
1754910000,2025-08-11 11:00:00,480.82,484.15,475.4,483.59
1754913600,2025-08-11 12:00:00,483.69,489.96,479.87,482.29
1754917200,2025-08-11 13:00:00,482.3,483.5,476.68,478.16
1754920800,2025-08-11 14:00:00,478.15,478.77,472.49,477.16
1754924400,2025-08-11 15:00:00,477.09,481.05,471.21,471.21
1754928000,2025-08-11 16:00:00,471.26,472.19,464.92,469.9
1754931600,2025-08-11 17:00:00,470.04,470.73,464.72,468
1754935200,2025-08-11 18:00:00,467.95,470.4,464.97,466.69
1754938800,2025-08-11 19:00:00,466.66,476.39,465.3,474.9
1754942400,2025-08-11 20:00:00,474.75,475.58,462.82,462.88
1754946000,2025-08-11 21:00:00,463,467.42,458.78,466.26
1754949600,2025-08-11 22:00:00,466.27,469.8,463.34,465.98
1754953200,2025-08-11 23:00:00,466.08,469.84,465.91,466.03
1754956800,2025-08-12 00:00:00,466.09,466.31,456.16,462.38
1754960400,2025-08-12 01:00:00,462.28,467.28,461.12,462.56
1754964000,2025-08-12 02:00:00,462.62,471.1,462.62,468.23
1754967600,2025-08-12 03:00:00,468.28,473.06,467.21,469.98
1754971200,2025-08-12 04:00:00,469.81,472.47,465.28,470.34
1754974800,2025-08-12 05:00:00,470.22,470.37,464.89,467.67
1754978400,2025-08-12 06:00:00,467.65,476.91,465.7,475.75
1754982000,2025-08-12 07:00:00,475.59,482.79,472.92,482.26
1754985600,2025-08-12 08:00:00,482.33,488.53,481.61,483.61
1754989200,2025-08-12 09:00:00,483.6,487.86,481.09,486.5
1754992800,2025-08-12 10:00:00,486.53,490.17,485.28,486.7
1754996400,2025-08-12 11:00:00,486.65,487.3,474.9,477.78
1755000000,2025-08-12 12:00:00,477.73,479.45,472.87,478.74
1755003600,2025-08-12 13:00:00,478.79,485.23,477.76,478.31
1755007200,2025-08-12 14:00:00,478.35,485.7,476.73,482.07
1755010800,2025-08-12 15:00:00,482.02,484.17,471.79,471.9
1755014400,2025-08-12 16:00:00,471.8,472.63,466.17,468.87
1755018000,2025-08-12 17:00:00,469,473.76,467.79,472.52
1755021600,2025-08-12 18:00:00,472.35,473.52,464.8,468.36
1755025200,2025-08-12 19:00:00,468.2,480.79,468.2,478.09
1755028800,2025-08-12 20:00:00,478.08,483.19,478.01,482.03
1755032400,2025-08-12 21:00:00,481.9,482.57,470.51,470.99
1755036000,2025-08-12 22:00:00,471.01,471.38,465.28,469.74
1755039600,2025-08-12 23:00:00,469.7,473.83,466.55,472.86
1755043200,2025-08-13 00:00:00,472.85,477.57,468.81,472.54
1755046800,2025-08-13 01:00:00,472.5,479.3,471.96,478.4
1755050400,2025-08-13 02:00:00,478.49,485.61,477,480.02
1755054000,2025-08-13 03:00:00,480.13,481.54,476.7,479.87
1755057600,2025-08-13 04:00:00,479.77,484.92,478.75,480.83
1755061200,2025-08-13 05:00:00,480.96,491.54,480.14,489.57
1755064800,2025-08-13 06:00:00,489.49,489.85,482.81,486.31
1755068400,2025-08-13 07:00:00,486.27,496.1,485.44,492.46
1755072000,2025-08-13 08:00:00,492.44,496.88,491.51,494.82
1755075600,2025-08-13 09:00:00,494.69,507.51,493.74,506.67
1755079200,2025-08-13 10:00:00,506.63,508.48,502.73,506.4
1755082800,2025-08-13 11:00:00,506.36,509.58,503.22,507.94
1755086400,2025-08-13 12:00:00,508.04,517.41,507.57,516.24
1755090000,2025-08-13 13:00:00,516.04,525.41,515.16,523.49
1755093600,2025-08-13 14:00:00,523.41,529.51,522.19,523.02
1755097200,2025-08-13 15:00:00,523.05,530.45,520.16,528.04
1755100800,2025-08-13 16:00:00,528.21,529.85,523.95,525.89
1755104400,2025-08-13 17:00:00,525.9,532.1,519.79,523.64
1755108000,2025-08-13 18:00:00,523.68,534.04,521.7,531.1
1755111600,2025-08-13 19:00:00,531.03,531.77,515.35,515.35
1755115200,2025-08-13 20:00:00,515.32,517.59,510.87,511.22
1755118800,2025-08-13 21:00:00,511.33,515.23,508.33,512.79
1755122400,2025-08-13 22:00:00,512.89,516.46,506.04,506.04
1755126000,2025-08-13 23:00:00,505.91,506.85,502.03,504.71
1755129600,2025-08-14 00:00:00,504.59,510.46,504.07,505.55
1755133200,2025-08-14 01:00:00,505.36,505.36,493.19,493.63
1755136800,2025-08-14 02:00:00,493.68,494.91,488.73,494.7
1755140400,2025-08-14 03:00:00,494.58,497.36,491.76,497.22
1755144000,2025-08-14 04:00:00,497.26,498.76,488.67,489.03
1755147600,2025-08-14 05:00:00,488.97,494.04,485.36,487.15
1755151200,2025-08-14 06:00:00,487.16,494.64,485.43,493.71
1755154800,2025-08-14 07:00:00,493.75,493.75,485.93,493.08
1755158400,2025-08-14 08:00:00,493.09,504.65,493.07,499.37
1755162000,2025-08-14 09:00:00,499.47,509.92,497.27,509.92
1755165600,2025-08-14 10:00:00,510.01,516.92,508.18,514.55
1755169200,2025-08-14 11:00:00,514.51,519.76,512.79,518.61
1755172800,2025-08-14 12:00:00,518.73,525.48,518.71,523.51
1755176400,2025-08-14 13:00:00,523.77,530.18,521.67,526.86
1755180000,2025-08-14 14:00:00,526.88,529.53,518.66,520.12
1755183600,2025-08-14 15:00:00,520.17,526.74,519.49,522.16
1755187200,2025-08-14 16:00:00,522.32,523.72,517.02,520.17
1755190800,2025-08-14 17:00:00,520.24,526.57,519.06,522.04
1755194400,2025-08-14 18:00:00,522.07,530.15,520.42,529.18
1755198000,2025-08-14 19:00:00,529.19,533.83,524.98,533.59
1755201600,2025-08-14 20:00:00,533.55,534.74,525.4,526.22
1755205200,2025-08-14 21:00:00,526.27,533.27,520.97,522.62
1755208800,2025-08-14 22:00:00,522.42,533.79,522.41,528.58
1755212400,2025-08-14 23:00:00,528.65,532.17,520.46,522
1755216000,2025-08-15 00:00:00,522.01,524.05,509.49,510.07
1755219600,2025-08-15 01:00:00,510.24,512.11,501.63,503.94
1755223200,2025-08-15 02:00:00,503.93,506.36,497.73,500.38
1755226800,2025-08-15 03:00:00,500.34,507.95,499.33,504.59
1755230400,2025-08-15 04:00:00,504.62,511.46,502.39,509.45
1755234000,2025-08-15 05:00:00,509.33,509.68,501.9,505.96
1755237600,2025-08-15 06:00:00,505.98,507.73,497.08,497.64
1755241200,2025-08-15 07:00:00,497.5,497.72,481.7,482.96
1755244800,2025-08-15 08:00:00,482.91,487.11,480.24,485.2
1755248400,2025-08-15 09:00:00,485.17,488.09,482.35,487.41
1755252000,2025-08-15 10:00:00,487.4,489.68,484.2,485.31
1755255600,2025-08-15 11:00:00,485.34,488.95,481.31,487.13
1755259200,2025-08-15 12:00:00,487.19,489.65,480.13,480.24
1755262800,2025-08-15 13:00:00,480.27,490.93,479.9,485.82
1755266400,2025-08-15 14:00:00,485.85,490.17,484.69,485.22
1755270000,2025-08-15 15:00:00,485.21,493.42,484.8,489.91
1755273600,2025-08-15 16:00:00,489.92,503.67,489.86,502.31
1755277200,2025-08-15 17:00:00,502.33,503,496.72,497.01
1755280800,2025-08-15 18:00:00,497.1,498.02,491.89,492.54
1755284400,2025-08-15 19:00:00,492.6,495.2,483.41,484.44
1755288000,2025-08-15 20:00:00,484.42,488.17,482.79,487.62
1755291600,2025-08-15 21:00:00,487.71,493.85,486.43,490.05
1755295200,2025-08-15 22:00:00,490.17,492.72,480.3,480.92
1755298800,2025-08-15 23:00:00,480.83,485.26,478.47,483.65
1755302400,2025-08-16 00:00:00,483.52,484.45,478.49,479.93
1755306000,2025-08-16 01:00:00,479.96,482.77,475.52,479.67
1755309600,2025-08-16 02:00:00,479.75,484.87,476.73,482.87
1755313200,2025-08-16 03:00:00,482.75,490.38,480.64,489.06
1755316800,2025-08-16 04:00:00,489.01,489.34,479.99,487.68
1755320400,2025-08-16 05:00:00,487.63,490.49,482.78,485.08
1755324000,2025-08-16 06:00:00,485.08,494.14,484.87,489.44
1755327600,2025-08-16 07:00:00,489.32,497.95,488.98,492.28
1755331200,2025-08-16 08:00:00,492.21,496.35,490.32,495.4
1755334800,2025-08-16 09:00:00,495.5,503.19,493.34,502.23
1755338400,2025-08-16 10:00:00,502.17,506.05,497.73,503.73
1755342000,2025-08-16 11:00:00,503.82,510.09,499.22,502.13
1755345600,2025-08-16 12:00:00,502.13,504.92,495.01,503.46
1755349200,2025-08-16 13:00:00,503.35,509.11,503.09,505.31
1755352800,2025-08-16 14:00:00,505.16,510.28,503.8,509.19
1755356400,2025-08-16 15:00:00,509.16,518.16,508.83,513.29
1755360000,2025-08-16 16:00:00,513.32,519.44,513.12,516.95
1755363600,2025-08-16 17:00:00,516.91,520.7,512.72,518.85
1755367200,2025-08-16 18:00:00,518.83,523.55,517.36,519.57
1755370800,2025-08-16 19:00:00,519.64,521.41,510.5,510.92
1755374400,2025-08-16 20:00:00,510.9,512.75,500.76,503.12
1755378000,2025-08-16 21:00:00,503.11,506.45,500,504.15
1755381600,2025-08-16 22:00:00,503.98,507.83,500.87,502.53
1755385200,2025-08-16 23:00:00,502.62,504.95,494.31,500.95
1755388800,2025-08-17 00:00:00,500.83,511.67,496.36,510.34
1755392400,2025-08-17 01:00:00,510.35,518.8,509.48,518.14
1755396000,2025-08-17 02:00:00,518.2,520.1,515.29,518.47
1755399600,2025-08-17 03:00:00,518.57,521.73,514.35,518.11
1755403200,2025-08-17 04:00:00,518.15,519.69,512.32,514.87
1755406800,2025-08-17 05:00:00,514.94,527.51,513.11,522.81
1755410400,2025-08-17 06:00:00,522.82,529.28,518.02,528.39
1755414000,2025-08-17 07:00:00,528.47,533.62,527.24,529.58
1755417600,2025-08-17 08:00:00,529.65,530.03,523.55,527.67
1755421200,2025-08-17 09:00:00,527.59,527.59,517.6,518.16
1755424800,2025-08-17 10:00:00,518.22,526.88,518.19,526.49
1755428400,2025-08-17 11:00:00,526.44,532.95,523.79,530.12
1755432000,2025-08-17 12:00:00,530.07,535.86,529.15,534.28
1755435600,2025-08-17 13:00:00,534.2,542.13,530.38,541.58
1755439200,2025-08-17 14:00:00,541.49,548.81,537.86,546.28
1755442800,2025-08-17 15:00:00,546.34,548.78,536.93,539.57
1755446400,2025-08-17 16:00:00,539.48,540.88,529.7,532.12
1755450000,2025-08-17 17:00:00,532.17,545.51,531.99,543.31
1755453600,2025-08-17 18:00:00,543.13,554.84,540.12,551.24
1755457200,2025-08-17 19:00:00,551.29,556.52,544.99,550.67
1755460800,2025-08-17 20:00:00,550.88,556.84,546.4,555.91
1755464400,2025-08-17 21:00:00,556.03,560.62,553.52,553.96
1755468000,2025-08-17 22:00:00,553.95,555.54,550.77,552.7
1755471600,2025-08-17 23:00:00,552.81,554.2,545.63,552.82
1755475200,2025-08-18 00:00:00,552.95,558.2,552.28,556.9
1755478800,2025-08-18 01:00:00,556.76,562.62,551.71,556.73
1755482400,2025-08-18 02:00:00,556.73,557.42,550.7,550.7
1755486000,2025-08-18 03:00:00,550.79,555.83,546.89,555.32
1755489600,2025-08-18 04:00:00,555.2,558.62,546.09,558.47
1755493200,2025-08-18 05:00:00,558.45,561.81,555.03,558.03
1755496800,2025-08-18 06:00:00,558.17,563.04,554.74,561.6
1755500400,2025-08-18 07:00:00,561.63,565.56,558.67,562.07
1755504000,2025-08-18 08:00:00,562.15,569.94,559.81,561.74
1755507600,2025-08-18 09:00:00,561.71,565.56,557.98,562.45
1755511200,2025-08-18 10:00:00,562.28,565.61,557.99,561.97
1755514800,2025-08-18 11:00:00,561.98,576.71,561.86,569.35
1755518400,2025-08-18 12:00:00,569.46,573.08,564.78,571.35
1755522000,2025-08-18 13:00:00,571.35,586.52,570.84,582.55
1755525600,2025-08-18 14:00:00,582.32,583.69,578.06,582.57
1755529200,2025-08-18 15:00:00,582.53,591.02,580.88,589.68
1755532800,2025-08-18 16:00:00,590,604.51,590,603.3
1755536400,2025-08-18 17:00:00,603.29,609.4,600.73,602.36
1755540000,2025-08-18 18:00:00,602.43,604.54,593.23,595.25
1755543600,2025-08-18 19:00:00,595.3,600.17,593.19,598.2
1755547200,2025-08-18 20:00:00,598.47,602.41,591.02,595.44
1755550800,2025-08-18 21:00:00,595.34,600.28,591.38,598.71
1755554400,2025-08-18 22:00:00,598.84,603.01,595.99,602.29
1755558000,2025-08-18 23:00:00,602.03,609.74,598.51,609.04
1755561600,2025-08-19 00:00:00,608.89,612.07,605,607.08
1755565200,2025-08-19 01:00:00,607.08,613.06,604.19,608.19
1755568800,2025-08-19 02:00:00,608.04,608.34,600.96,605.35
1755572400,2025-08-19 03:00:00,605.41,627.35,605.06,617.29
1755576000,2025-08-19 04:00:00,617.19,625.83,615.09,624.42
1755579600,2025-08-19 05:00:00,624.35,636.48,624,631.21
1755583200,2025-08-19 06:00:00,631.22,640.24,624.58,637.33
1755586800,2025-08-19 07:00:00,637.4,637.43,628.14,628.23
1755590400,2025-08-19 08:00:00,627.99,633.28,623.93,630.31
1755594000,2025-08-19 09:00:00,630.16,636.55,624,626.09
1755597600,2025-08-19 10:00:00,626.01,630.54,624.51,628.73
1755601200,2025-08-19 11:00:00,628.82,629.2,621.46,624.12
1755604800,2025-08-19 12:00:00,624.13,626.32,620.53,625.68
1755608400,2025-08-19 13:00:00,625.73,625.95,612.08,614.84
1755612000,2025-08-19 14:00:00,614.79,618.07,605.87,608.17
1755615600,2025-08-19 15:00:00,608.11,615.19,602.96,614.17
1755619200,2025-08-19 16:00:00,614.26,618.6,611.26,613.46
1755622800,2025-08-19 17:00:00,613.48,616.56,610.52,610.9
1755626400,2025-08-19 18:00:00,610.82,620.73,610.65,617.13
1755630000,2025-08-19 19:00:00,617.4,627.24,615.25,626.84
1755633600,2025-08-19 20:00:00,626.71,633.43,625.08,625.88
1755637200,2025-08-19 21:00:00,625.9,635.37,622.63,633.85
1755640800,2025-08-19 22:00:00,633.85,646.37,633.85,645.65
1755644400,2025-08-19 23:00:00,645.72,648.35,638.35,639.4
1755648000,2025-08-20 00:00:00,639.35,652.34,639.35,652.02
1755651600,2025-08-20 01:00:00,652.07,659.91,651.49,656.28
1755655200,2025-08-20 02:00:00,656.16,661.71,653.79,656.45
1755658800,2025-08-20 03:00:00,656.55,657.59,646.42,649.33
1755662400,2025-08-20 04:00:00,649.31,655.48,643.65,646.15
1755666000,2025-08-20 05:00:00,646.26,649.58,636.06,639.82
1755669600,2025-08-20 06:00:00,639.77,644.6,634,643.28
1755673200,2025-08-20 07:00:00,643.46,648.85,640.4,646.46
1755676800,2025-08-20 08:00:00,646.65,646.74,633.9,637.87
1755680400,2025-08-20 09:00:00,637.98,638.51,627.79,629.84
1755684000,2025-08-20 10:00:00,629.83,633.5,626.08,630.73
1755687600,2025-08-20 11:00:00,630.68,640.88,627.49,638.92
1755691200,2025-08-20 12:00:00,639.09,646.56,638,642.22
1755694800,2025-08-20 13:00:00,642.04,646.52,637.87,640.08
1755698400,2025-08-20 14:00:00,640.04,648.3,637.07,637.98
1755702000,2025-08-20 15:00:00,638,643.33,629.92,641.16
1755705600,2025-08-20 16:00:00,641.09,643.57,631.89,636.96
1755709200,2025-08-20 17:00:00,637.03,639.9,629.2,639.55
1755712800,2025-08-20 18:00:00,639.74,649.36,639.57,643.89
1755716400,2025-08-20 19:00:00,644.01,644.34,635.74,642.83
1755720000,2025-08-20 20:00:00,642.76,655.89,640.47,653.88
1755723600,2025-08-20 21:00:00,653.84,654.8,642.73,642.73
1755727200,2025-08-20 22:00:00,642.8,646.6,640.09,641.8
1755730800,2025-08-20 23:00:00,641.58,646.54,639.3,644.35
1755734400,2025-08-21 00:00:00,644.46,650.05,640.2,646.39
1755738000,2025-08-21 01:00:00,646.27,647.93,641.35,644.32
1755741600,2025-08-21 02:00:00,644.18,647.67,639.04,644.65
1755745200,2025-08-21 03:00:00,644.61,646.59,638.46,639.86
1755748800,2025-08-21 04:00:00,639.81,641.52,635.43,637.84
1755752400,2025-08-21 05:00:00,637.66,638.15,626.64,631.12
1755756000,2025-08-21 06:00:00,631.14,632.62,622.89,623.68
1755759600,2025-08-21 07:00:00,623.62,636.47,623.35,634.49
1755763200,2025-08-21 08:00:00,634.42,638.92,629.34,635.56
1755766800,2025-08-21 09:00:00,635.54,640.22,625.94,627.06
1755770400,2025-08-21 10:00:00,626.87,627.82,620.13,621.5
1755774000,2025-08-21 11:00:00,621.46,626.28,619.84,623.67
1755777600,2025-08-21 12:00:00,623.58,628.8,618.39,626.03
1755781200,2025-08-21 13:00:00,625.77,634.99,624.45,627.05
1755784800,2025-08-21 14:00:00,626.91,641.3,624.86,640.58
1755788400,2025-08-21 15:00:00,640.4,647.64,639.47,641.08
1755792000,2025-08-21 16:00:00,640.89,650.86,639.74,641.04
1755795600,2025-08-21 17:00:00,641,643.05,623.07,623.58
1755799200,2025-08-21 18:00:00,623.54,633.8,621.05,631.54
1755802800,2025-08-21 19:00:00,631.54,639.14,630,633.69
1755806400,2025-08-21 20:00:00,633.58,646.61,629.52,642.8
1755810000,2025-08-21 21:00:00,642.74,644.54,637.48,638.38
1755813600,2025-08-21 22:00:00,638.37,645.96,634.87,636.32
1755817200,2025-08-21 23:00:00,636.26,645.64,634.17,644.93
1755820800,2025-08-22 00:00:00,644.97,651.03,642.37,645.95
1755824400,2025-08-22 01:00:00,645.99,646.03,631.61,634.79
1755828000,2025-08-22 02:00:00,634.77,636.92,628.58,635.96
1755831600,2025-08-22 03:00:00,636.06,641.09,633.25,635.81
1755835200,2025-08-22 04:00:00,635.66,646.78,632.39,642.45
1755838800,2025-08-22 05:00:00,642.33,643.89,634.92,636.76
1755842400,2025-08-22 06:00:00,636.69,640.78,630.54,632.66
1755846000,2025-08-22 07:00:00,632.61,640.49,631.82,639.9
1755849600,2025-08-22 08:00:00,639.88,649.33,636.34,636.97
1755853200,2025-08-22 09:00:00,637.28,637.28,626.85,628.11
1755856800,2025-08-22 10:00:00,628.16,631.62,622.22,629.24
1755860400,2025-08-22 11:00:00,629.11,629.63,615.6,619.2
1755864000,2025-08-22 12:00:00,619.4,622.44,613.58,614.24
1755867600,2025-08-22 13:00:00,614.18,622.07,612.76,617.26
1755871200,2025-08-22 14:00:00,617.34,625.7,617.2,624.62
1755874800,2025-08-22 15:00:00,624.4,630.3,622.5,628.57
1755878400,2025-08-22 16:00:00,628.55,633.2,625.61,625.91
1755882000,2025-08-22 17:00:00,626.08,647.18,626.08,646.48
1755885600,2025-08-22 18:00:00,646.46,649.55,642.74,649.47
1755889200,2025-08-22 19:00:00,649.52,649.64,638.14,640.68
1755892800,2025-08-22 20:00:00,640.67,640.84,626.71,626.73
1755896400,2025-08-22 21:00:00,626.62,628.49,623.03,625.17
1755900000,2025-08-22 22:00:00,625.01,635.44,622.73,631.16
1755903600,2025-08-22 23:00:00,631.17,637.01,626.93,627.08
1755907200,2025-08-23 00:00:00,627.21,634.05,622.15,633.3
1755910800,2025-08-23 01:00:00,633.3,636.7,628.51,635.43
1755914400,2025-08-23 02:00:00,635.34,638.48,630.91,635.9
1755918000,2025-08-23 03:00:00,635.81,639.78,630.79,634.44
1755921600,2025-08-23 04:00:00,634.26,636.4,625.06,628.1
1755925200,2025-08-23 05:00:00,628.11,628.99,621.49,625.47
1755928800,2025-08-23 06:00:00,625.5,640.84,622.79,638.26
1755932400,2025-08-23 07:00:00,638.38,645.62,635.04,640.24
1755936000,2025-08-23 08:00:00,640.34,648.65,639.26,641.48
1755939600,2025-08-23 09:00:00,641.6,644,629.78,637.49
1755943200,2025-08-23 10:00:00,637.58,640.78,622.26,622.74
1755946800,2025-08-23 11:00:00,622.87,628.38,617.48,626.33
1755950400,2025-08-23 12:00:00,626.32,627.07,617.56,619.35
1755954000,2025-08-23 13:00:00,619.22,627.29,617.95,627.05
1755957600,2025-08-23 14:00:00,627.06,632.25,622.27,628.06
1755961200,2025-08-23 15:00:00,628.12,630.61,621.17,621.17
1755964800,2025-08-23 16:00:00,621.38,625.06,615.96,622.96
1755968400,2025-08-23 17:00:00,622.94,623.03,612.55,615.59
1755972000,2025-08-23 18:00:00,615.65,620.83,612.5,619.93
1755975600,2025-08-23 19:00:00,619.88,624.22,612.97,622.96
1755979200,2025-08-23 20:00:00,623.03,626.88,615.32,616.15
1755982800,2025-08-23 21:00:00,616.21,623.61,613.48,621.05
1755986400,2025-08-23 22:00:00,621.26,632.56,616.8,630.33
1755990000,2025-08-23 23:00:00,630.48,634.04,625.15,633.23
1755993600,2025-08-24 00:00:00,633.16,636.18,626.65,627.35
1755997200,2025-08-24 01:00:00,627.47,628.61,621.86,623.38
1756000800,2025-08-24 02:00:00,623.33,627.25,619.01,622.43
1756004400,2025-08-24 03:00:00,622.36,632.07,621.19,631.53
1756008000,2025-08-24 04:00:00,631.54,633.06,627.31,629.87
1756011600,2025-08-24 05:00:00,629.75,636.11,627.42,635.41
1756015200,2025-08-24 06:00:00,635.38,636.2,627.37,632.58
1756018800,2025-08-24 07:00:00,632.64,635.15,621.08,623.23
1756022400,2025-08-24 08:00:00,623.16,628.58,619.93,628.53
1756026000,2025-08-24 09:00:00,628.6,637.63,623.5,633.57
1756029600,2025-08-24 10:00:00,633.54,637.67,630.23,634.16
1756033200,2025-08-24 11:00:00,634.13,634.38,625.06,631.21
1756036800,2025-08-24 12:00:00,631.29,631.49,620.18,627.58
1756040400,2025-08-24 13:00:00,627.56,637.68,627.17,633.8
1756044000,2025-08-24 14:00:00,633.72,642.42,633.62,634.56
1756047600,2025-08-24 15:00:00,634.61,636.52,624.21,624.25
1756051200,2025-08-24 16:00:00,624.21,631.44,619.06,619.06
1756054800,2025-08-24 17:00:00,618.92,620.24,614.18,615.12
1756058400,2025-08-24 18:00:00,615.13,615.82,604.16,604.16
1756062000,2025-08-24 19:00:00,603.95,613.22,603.4,608.87
1756065600,2025-08-24 20:00:00,608.9,615.07,607.19,608.62
1756069200,2025-08-24 21:00:00,608.5,609.41,592.74,594.31
1756072800,2025-08-24 22:00:00,594.43,599.1,590.68,597.79
1756076400,2025-08-24 23:00:00,597.81,602.77,594.31,599.4
1756080000,2025-08-25 00:00:00,599.54,603.26,593.11,594.1
1756083600,2025-08-25 01:00:00,594.08,603.08,592.21,600.33
1756087200,2025-08-25 02:00:00,600.19,602.45,596.6,598
1756090800,2025-08-25 03:00:00,598.11,599.31,590.59,595.36
1756094400,2025-08-25 04:00:00,595.22,595.53,586.23,587.34
1756098000,2025-08-25 05:00:00,587.31,589.44,579.44,585.78
1756101600,2025-08-25 06:00:00,585.91,586.47,581.87,582.15
1756105200,2025-08-25 07:00:00,582.17,587.73,580.17,586.11
1756108800,2025-08-25 08:00:00,586.04,587.69,571.25,571.53
1756112400,2025-08-25 09:00:00,571.5,577.39,566.65,567.12
1756116000,2025-08-25 10:00:00,567.32,568.78,556.88,559.61
1756119600,2025-08-25 11:00:00,559.6,562.48,555.58,555.64
1756123200,2025-08-25 12:00:00,555.68,560.26,552.41,556.89
1756126800,2025-08-25 13:00:00,556.69,562.16,552.36,559.01
1756130400,2025-08-25 14:00:00,559.03,568.18,558.25,564.83
1756134000,2025-08-25 15:00:00,564.85,565.92,557.91,564.83
1756137600,2025-08-25 16:00:00,564.76,568.39,554.5,557.5
1756141200,2025-08-25 17:00:00,557.57,560.28,553.74,555.19
1756144800,2025-08-25 18:00:00,555.11,567.18,552.62,558.17
1756148400,2025-08-25 19:00:00,558.2,564.84,556.27,562.4
1756152000,2025-08-25 20:00:00,562.32,568.25,561.23,563.24
1756155600,2025-08-25 21:00:00,563.08,565.38,554.85,560.57
1756159200,2025-08-25 22:00:00,560.51,565.72,554.2,555.12
1756162800,2025-08-25 23:00:00,555.21,556.16,549.75,552.99
1756166400,2025-08-26 00:00:00,553.14,560.32,552.01,556.78
1756170000,2025-08-26 01:00:00,556.92,568.29,555.32,565.83
1756173600,2025-08-26 02:00:00,565.85,574.09,564.82,572
1756177200,2025-08-26 03:00:00,572.15,575.75,568.41,572.86
1756180800,2025-08-26 04:00:00,573.03,581.18,571.84,578.81
1756184400,2025-08-26 05:00:00,578.93,587.9,576.36,583.89
1756188000,2025-08-26 06:00:00,584,592.82,580.45,588.49
1756191600,2025-08-26 07:00:00,588.51,599.14,586.22,596.82
1756195200,2025-08-26 08:00:00,596.76,601.06,593.83,598.17
1756198800,2025-08-26 09:00:00,598.21,608.05,596.73,607.26
1756202400,2025-08-26 10:00:00,607.3,611.98,603.1,603.64
1756206000,2025-08-26 11:00:00,603.7,605.62,597.75,600.31
1756209600,2025-08-26 12:00:00,600.26,606.59,596.33,606.22
1756213200,2025-08-26 13:00:00,606.15,607.45,595.65,598.65
1756216800,2025-08-26 14:00:00,598.55,598.74,591.76,596.91
1756220400,2025-08-26 15:00:00,596.95,605.94,596.1,605.79
1756224000,2025-08-26 16:00:00,605.62,608.96,603.78,608.33
1756227600,2025-08-26 17:00:00,608.27,618.8,606.14,618.16
1756231200,2025-08-26 18:00:00,618.36,622.88,613.77,616.69
1756234800,2025-08-26 19:00:00,616.68,620.53,612.3,613.89
1756238400,2025-08-26 20:00:00,613.7,615.37,604.53,608.94
1756242000,2025-08-26 21:00:00,608.94,611.86,601.75,601.75
1756245600,2025-08-26 22:00:00,601.71,601.71,596.23,598.55
1756249200,2025-08-26 23:00:00,598.52,607.5,598.27,604.09
1756252800,2025-08-27 00:00:00,604.28,605.42,595.21,601.71
1756256400,2025-08-27 01:00:00,601.79,602.83,597.46,600.94
1756260000,2025-08-27 02:00:00,600.9,603.34,597.92,600.6
1756263600,2025-08-27 03:00:00,600.59,603.45,596.32,599.66
1756267200,2025-08-27 04:00:00,599.71,609.22,595.84,606.79
1756270800,2025-08-27 05:00:00,606.67,607.79,600.01,603.47
1756274400,2025-08-27 06:00:00,603.32,608.6,600.74,605.66
1756278000,2025-08-27 07:00:00,605.66,612.51,605.37,606.75
1756281600,2025-08-27 08:00:00,606.8,608.71,602.43,607.8
1756285200,2025-08-27 09:00:00,607.71,614.82,604.18,604.96
1756288800,2025-08-27 10:00:00,605.08,605.08,590.68,592.38
1756292400,2025-08-27 11:00:00,592.21,594.14,583.26,586.42
1756296000,2025-08-27 12:00:00,586.27,592.24,582.19,583.03
1756299600,2025-08-27 13:00:00,583.03,587.49,580.88,582.82
1756303200,2025-08-27 14:00:00,582.76,593.12,582.14,588.39
1756306800,2025-08-27 15:00:00,588.39,599.38,587.97,598.22
1756310400,2025-08-27 16:00:00,598.27,607.63,597.59,607.4
1756314000,2025-08-27 17:00:00,607.47,610.11,603.58,605.86
1756317600,2025-08-27 18:00:00,605.84,609.93,600.23,602.05
1756321200,2025-08-27 19:00:00,602.05,607.49,598,599.19
1756324800,2025-08-27 20:00:00,599.05,602.12,590.52,593.92
1756328400,2025-08-27 21:00:00,593.81,596.87,591.84,592.26
1756332000,2025-08-27 22:00:00,592.16,604.65,591.63,600.51
1756335600,2025-08-27 23:00:00,600.5,605.5,598,604.74
1756339200,2025-08-28 00:00:00,604.8,608.87,595.99,605.29
1756342800,2025-08-28 01:00:00,605.46,605.88,593.37,598.87
1756346400,2025-08-28 02:00:00,599.07,602.17,594.54,597
1756350000,2025-08-28 03:00:00,597.06,604.97,594.87,602.07
1756353600,2025-08-28 04:00:00,602.06,602.69,590.37,597.93
1756357200,2025-08-28 05:00:00,597.88,608.57,597.88,607.15
1756360800,2025-08-28 06:00:00,607.05,607.92,599.54,606.71
1756364400,2025-08-28 07:00:00,606.75,606.92,597.75,600.57
1756368000,2025-08-28 08:00:00,600.53,603.38,597.06,599.49
1756371600,2025-08-28 09:00:00,599.25,601.53,594.94,597.21
1756375200,2025-08-28 10:00:00,597.14,597.16,588.99,592.87
1756378800,2025-08-28 11:00:00,592.8,592.92,582.31,585.88
1756382400,2025-08-28 12:00:00,585.81,585.98,579.18,580.34
1756386000,2025-08-28 13:00:00,580.4,586.56,575.99,580.4
1756389600,2025-08-28 14:00:00,580.33,586.77,578.29,581.69
1756393200,2025-08-28 15:00:00,581.69,584.09,578.91,583.97
1756396800,2025-08-28 16:00:00,584.04,590.51,582.91,588.37
1756400400,2025-08-28 17:00:00,588.5,597.62,585.75,591.7
1756404000,2025-08-28 18:00:00,591.76,593,586.12,587.1
1756407600,2025-08-28 19:00:00,587.09,587.09,574.08,576.85
1756411200,2025-08-28 20:00:00,576.92,579.83,571.91,575.7
1756414800,2025-08-28 21:00:00,575.77,577.73,566.35,566.51
1756418400,2025-08-28 22:00:00,566.55,575.41,565.49,574.61
1756422000,2025-08-28 23:00:00,574.47,577.68,567.36,572.75
1756425600,2025-08-29 00:00:00,572.63,580.81,571.11,579.15
1756429200,2025-08-29 01:00:00,579.11,581.99,576.47,577.13
1756432800,2025-08-29 02:00:00,577.03,585.07,576.84,582.82
1756436400,2025-08-29 03:00:00,583.04,597.28,582.96,595.25
1756440000,2025-08-29 04:00:00,595.33,602.46,594.05,597.35
1756443600,2025-08-29 05:00:00,597.32,614.21,596.09,613.23
1756447200,2025-08-29 06:00:00,613.21,618.89,608,609.49
1756450800,2025-08-29 07:00:00,609.46,613.58,605.76,610.75
1756454400,2025-08-29 08:00:00,610.65,614.61,603.98,606.05
1756458000,2025-08-29 09:00:00,606.06,610.65,602.29,609.52
1756461600,2025-08-29 10:00:00,609.44,620.26,607.74,619.59
1756465200,2025-08-29 11:00:00,619.67,621.18,608.73,615.43
1756468800,2025-08-29 12:00:00,615.32,616.19,608.01,615.2
1756472400,2025-08-29 13:00:00,615.29,615.29,601.91,605.2
1756476000,2025-08-29 14:00:00,605.28,606.85,596.87,596.93
1756479600,2025-08-29 15:00:00,596.94,604.86,595.13,600.04
1756483200,2025-08-29 16:00:00,600.08,605.88,596.87,597.28
1756486800,2025-08-29 17:00:00,597.33,609.04,596.91,604.84
1756490400,2025-08-29 18:00:00,604.9,606.04,596.44,599.77
1756494000,2025-08-29 19:00:00,599.61,606.25,598.32,605.72
1756497600,2025-08-29 20:00:00,605.7,607.34,595.51,600.09
1756501200,2025-08-29 21:00:00,600.11,603.22,593.98,600.2
1756504800,2025-08-29 22:00:00,600.26,604.06,596.45,596.7
1756508400,2025-08-29 23:00:00,596.6,601.94,594.37,598.8
1756512000,2025-08-30 00:00:00,598.7,602.09,595.3,599.52
1756515600,2025-08-30 01:00:00,599.52,600.18,587.58,590.69
1756519200,2025-08-30 02:00:00,590.66,594.67,585.37,586.49
1756522800,2025-08-30 03:00:00,586.6,590.6,583.37,585.76
1756526400,2025-08-30 04:00:00,585.85,596.09,584.63,596.09
1756530000,2025-08-30 05:00:00,596.04,607.98,595.67,604.99
1756533600,2025-08-30 06:00:00,604.85,609.58,600.34,602.67
1756537200,2025-08-30 07:00:00,602.67,614.51,601.95,611.25
1756540800,2025-08-30 08:00:00,611.24,618.37,608.69,615.51
1756544400,2025-08-30 09:00:00,615.61,616.29,606,608.8
1756548000,2025-08-30 10:00:00,608.9,613.47,603.8,608.76
1756551600,2025-08-30 11:00:00,608.73,610.03,598.15,601.24
1756555200,2025-08-30 12:00:00,601.33,602.13,593.68,595.17
1756558800,2025-08-30 13:00:00,595.15,595.19,587.42,589.82
1756562400,2025-08-30 14:00:00,589.75,599.15,586.96,594.51
1756566000,2025-08-30 15:00:00,594.55,595.3,585.5,590.51
1756569600,2025-08-30 16:00:00,590.67,600.14,587.9,596.12
1756573200,2025-08-30 17:00:00,596.17,602.06,587.57,588.53
1756576800,2025-08-30 18:00:00,588.57,598.78,587.27,594.05
1756580400,2025-08-30 19:00:00,593.86,603.06,593.44,601.52
1756584000,2025-08-30 20:00:00,601.61,610.83,599.17,609.65
1756587600,2025-08-30 21:00:00,609.67,613,601.94,605.39
1756591200,2025-08-30 22:00:00,605.2,611.37,601.95,603.62
1756594800,2025-08-30 23:00:00,603.77,614.69,602.31,605.26
1756598400,2025-08-31 00:00:00,605.31,609.21,600.73,601.11
1756602000,2025-08-31 01:00:00,600.8,606.11,598.78,602.34
1756605600,2025-08-31 02:00:00,602.3,607.62,600.33,604.64
1756609200,2025-08-31 03:00:00,604.7,606.39,595.22,602.17
1756612800,2025-08-31 04:00:00,602.28,606.13,600.12,604.29
1756616400,2025-08-31 05:00:00,604.2,607.24,601.67,603.48
1756620000,2025-08-31 06:00:00,603.38,605.55,600.6,604.24
1756623600,2025-08-31 07:00:00,604.19,608.68,601.52,601.74
1756627200,2025-08-31 08:00:00,601.68,608.03,599.9,604.93
1756630800,2025-08-31 09:00:00,604.87,610.78,603.14,609.72
1756634400,2025-08-31 10:00:00,609.77,612.6,603.36,604.55
1756638000,2025-08-31 11:00:00,604.4,607.06,596.27,597.09
1756641600,2025-08-31 12:00:00,597.1,603.23,594.93,603.23
1756645200,2025-08-31 13:00:00,603.09,605.73,595.51,598.74
1756648800,2025-08-31 14:00:00,598.67,601.28,590.32,593.06
1756652400,2025-08-31 15:00:00,593.11,601.12,591.86,601.03
1756656000,2025-08-31 16:00:00,600.87,616.49,600.41,615.79
1756659600,2025-08-31 17:00:00,615.68,622.86,613.51,616.71
1756663200,2025-08-31 18:00:00,616.51,627,616.46,625.16
1756666800,2025-08-31 19:00:00,625.23,633.6,621.31,621.89
1756670400,2025-08-31 20:00:00,621.97,625.37,617.44,622.34
1756674000,2025-08-31 21:00:00,622.37,627.83,618.08,627.83
1756677600,2025-08-31 22:00:00,627.77,640.55,626.79,638.28
1756681200,2025-08-31 23:00:00,638.26,649.53,635.6,649.41
1756684800,2025-09-01 00:00:00,649.23,652.89,643.98,650.7
1756688400,2025-09-01 01:00:00,650.68,653.44,645.53,647.61
1756692000,2025-09-01 02:00:00,647.54,649.96,644.27,644.82
1756695600,2025-09-01 03:00:00,644.81,648.44,637.15,641.21
1756699200,2025-09-01 04:00:00,641.22,650,639.98,648.3
1756702800,2025-09-01 05:00:00,648.18,652.62,646.6,648.59
1756706400,2025-09-01 06:00:00,648.62,653.67,636.8,637.31
1756710000,2025-09-01 07:00:00,637.24,655.78,635.84,653.41
1756713600,2025-09-01 08:00:00,653.26,655.35,645.86,650.97
1756717200,2025-09-01 09:00:00,650.73,653.26,645.07,649.25
1756720800,2025-09-01 10:00:00,649.28,655.44,647.19,650.43
1756724400,2025-09-01 11:00:00,650.55,652.2,638.99,641.68
1756728000,2025-09-01 12:00:00,641.7,646.64,636.56,637.92
1756731600,2025-09-01 13:00:00,637.89,643.36,631.69,640.52
1756735200,2025-09-01 14:00:00,640.59,642.62,633.68,637.12
1756738800,2025-09-01 15:00:00,637.04,647.57,634.97,641.25
1756742400,2025-09-01 16:00:00,641.05,651.73,640.43,642.92
1756746000,2025-09-01 17:00:00,642.89,648.71,640.99,642.12
1756749600,2025-09-01 18:00:00,642.06,648.24,638.35,643.78
1756753200,2025-09-01 19:00:00,643.69,644.95,639.2,641.58
1756756800,2025-09-01 20:00:00,641.64,643.54,631.7,633.12
1756760400,2025-09-01 21:00:00,633.1,638.17,623.66,625.42
1756764000,2025-09-01 22:00:00,625.53,630.63,621.11,629.83
1756767600,2025-09-01 23:00:00,629.77,638.23,626.83,635.6
1756771200,2025-09-02 00:00:00,635.71,638.47,628.02,635.02
1756774800,2025-09-02 01:00:00,635.07,640.57,631.55,634
1756778400,2025-09-02 02:00:00,634.04,636.26,624.26,628.43
1756782000,2025-09-02 03:00:00,628.33,630.83,618.34,625.29
1756785600,2025-09-02 04:00:00,625.06,629.77,622.96,628
1756789200,2025-09-02 05:00:00,627.94,630.79,623.26,626.09
1756792800,2025-09-02 06:00:00,626.2,636.28,623.79,633.2
1756796400,2025-09-02 07:00:00,633.36,639.1,631.41,636.09
1756800000,2025-09-02 08:00:00,636.19,636.97,614.11,618.5
1756803600,2025-09-02 09:00:00,618.45,619.17,609.4,609.67
1756807200,2025-09-02 10:00:00,609.7,615.54,603.8,607.8
1756810800,2025-09-02 11:00:00,607.61,614.53,604.84,613.28
1756814400,2025-09-02 12:00:00,613.17,616.01,607.13,610.37
1756818000,2025-09-02 13:00:00,610.43,616.9,606.71,613.64
1756821600,2025-09-02 14:00:00,613.86,614.53,606.67,611
1756825200,2025-09-02 15:00:00,610.9,612.04,602.33,607.34
1756828800,2025-09-02 16:00:00,607.41,609.45,603.4,605.84
1756832400,2025-09-02 17:00:00,605.7,606.7,598.11,600.86
1756836000,2025-09-02 18:00:00,600.65,606.86,594.63,595.13
1756839600,2025-09-02 19:00:00,595.12,608.33,593.57,603.91
1756843200,2025-09-02 20:00:00,604.09,608.57,595.47,608.42
1756846800,2025-09-02 21:00:00,608.49,617.91,607.56,609.88
1756850400,2025-09-02 22:00:00,609.93,611.83,597.63,598.14
1756854000,2025-09-02 23:00:00,598.01,602.96,597.25,600.64
1756857600,2025-09-03 00:00:00,600.71,611.74,600.12,608.27
1756861200,2025-09-03 01:00:00,608.34,618.1,603.84,616.62
1756864800,2025-09-03 02:00:00,616.46,620.69,615.68,619.48
1756868400,2025-09-03 03:00:00,619.51,632.61,617.58,628.16
1756872000,2025-09-03 04:00:00,628.3,635.04,627.99,632.27
1756875600,2025-09-03 05:00:00,632.25,640.69,629.54,638.36
1756879200,2025-09-03 06:00:00,638.27,644.59,637.42,643.63
1756882800,2025-09-03 07:00:00,643.64,651.11,643.26,643.84
1756886400,2025-09-03 08:00:00,643.81,657.03,643.2,650.83
1756890000,2025-09-03 09:00:00,650.82,654.07,646.03,649.69
1756893600,2025-09-03 10:00:00,649.59,660.19,643.37,656.24
1756897200,2025-09-03 11:00:00,656.22,661.95,654.54,660.61
1756900800,2025-09-03 12:00:00,660.51,674.18,658.34,671.64
1756904400,2025-09-03 13:00:00,671.66,686.27,670.56,685.35
1756908000,2025-09-03 14:00:00,685.21,692.51,681.81,689.68
1756911600,2025-09-03 15:00:00,689.93,690.31,681.74,686.02
1756915200,2025-09-03 16:00:00,686.12,687.58,677.98,682.1
1756918800,2025-09-03 17:00:00,682.17,684.46,676.34,681.49
1756922400,2025-09-03 18:00:00,681.59,694.13,679.56,692.94
1756926000,2025-09-03 19:00:00,692.96,701.38,690.6,696.47
1756929600,2025-09-03 20:00:00,696.85,712.78,696.27,712.63
1756933200,2025-09-03 21:00:00,712.48,714.67,706.67,708.23
1756936800,2025-09-03 22:00:00,708.21,711.92,698.91,701.55
1756940400,2025-09-03 23:00:00,701.35,711.38,700.01,706.31
1756944000,2025-09-04 00:00:00,706.5,708.42,686.42,687.81
1756947600,2025-09-04 01:00:00,687.69,698.5,687.63,694.36
1756951200,2025-09-04 02:00:00,694.5,699.1,686.43,688.14
1756954800,2025-09-04 03:00:00,688.12,688.83,676.87,679.82
1756958400,2025-09-04 04:00:00,680.19,683.53,671.53,672.01
1756962000,2025-09-04 05:00:00,672.01,675.4,665.35,667.59
1756965600,2025-09-04 06:00:00,667.38,669.69,661.13,664.11
1756969200,2025-09-04 07:00:00,664.15,671.33,659.72,664.42
1756972800,2025-09-04 08:00:00,664.43,669.06,659.26,666.45
1756976400,2025-09-04 09:00:00,666.46,672.29,663.45,670.86
1756980000,2025-09-04 10:00:00,670.84,678.79,663.89,678.53
1756983600,2025-09-04 11:00:00,678.59,685.5,677.44,685.09
1756987200,2025-09-04 12:00:00,685.2,686.25,677.83,678.67
1756990800,2025-09-04 13:00:00,678.53,687.41,670.78,671.12
1756994400,2025-09-04 14:00:00,671.25,677.91,670.61,673.55
1756998000,2025-09-04 15:00:00,673.61,688.87,672.79,685.76
1757001600,2025-09-04 16:00:00,685.88,688.37,682.42,688.37
1757005200,2025-09-04 17:00:00,688.5,693.05,685.11,686.02
1757008800,2025-09-04 18:00:00,685.93,692.55,680.94,692.04
1757012400,2025-09-04 19:00:00,691.98,692.85,683.06,684.2
1757016000,2025-09-04 20:00:00,684.13,701.64,680.83,698.78
1757019600,2025-09-04 21:00:00,698.76,702.57,691.2,692.7
1757023200,2025-09-04 22:00:00,692.8,696.91,691.26,694.45
1757026800,2025-09-04 23:00:00,694.32,702.75,694.11,700.04
1757030400,2025-09-05 00:00:00,700.03,707.92,695.66,706.17
1757034000,2025-09-05 01:00:00,705.94,706.59,687.25,687.48
1757037600,2025-09-05 02:00:00,687.4,689.77,681.94,687.49
1757041200,2025-09-05 03:00:00,687.45,698.39,685.46,690.42
1757044800,2025-09-05 04:00:00,690.55,698.82,687.31,696
1757048400,2025-09-05 05:00:00,696.25,703.04,694.24,701.21
1757052000,2025-09-05 06:00:00,701.04,704.06,695.24,700.74
1757055600,2025-09-05 07:00:00,700.51,711,698.04,709.45
1757059200,2025-09-05 08:00:00,709.42,721.5,708.54,720.41
1757062800,2025-09-05 09:00:00,720.51,738.57,720.51,733.81
1757066400,2025-09-05 10:00:00,733.94,746.36,731,745.26
1757070000,2025-09-05 11:00:00,745.04,752.04,742.37,749.54
1757073600,2025-09-05 12:00:00,749.46,755.32,746.48,749.42
1757077200,2025-09-05 13:00:00,749.36,749.61,737.59,742.85
1757080800,2025-09-05 14:00:00,742.87,749.74,735.64,736.47
1757084400,2025-09-05 15:00:00,736.37,736.37,722.17,727.35
1757088000,2025-09-05 16:00:00,727.57,733.64,725.35,731.36
1757091600,2025-09-05 17:00:00,731.5,738.76,728.05,730.29
1757095200,2025-09-05 18:00:00,730.38,733.18,719.78,727.42
1757098800,2025-09-05 19:00:00,727.47,729.56,717.13,717.32
1757102400,2025-09-05 20:00:00,717.33,724.69,713.02,716.33
1757106000,2025-09-05 21:00:00,716.35,720.59,709.65,712.39
1757109600,2025-09-05 22:00:00,712.41,717.47,710.04,712.57
1757113200,2025-09-05 23:00:00,712.39,718.02,710.44,715.14
1757116800,2025-09-06 00:00:00,715.04,722.79,714.56,721.38
1757120400,2025-09-06 01:00:00,721.61,727.55,716.44,726.09
1757124000,2025-09-06 02:00:00,726.06,733.51,721.32,731.56
1757127600,2025-09-06 03:00:00,731.71,735.51,724.75,732.83
1757131200,2025-09-06 04:00:00,732.72,734.62,723.73,725.99
1757134800,2025-09-06 05:00:00,726.26,726.87,715.97,719.11
1757138400,2025-09-06 06:00:00,719.03,729.3,717.14,718.72
1757142000,2025-09-06 07:00:00,718.84,722.8,713.06,714.93
1757145600,2025-09-06 08:00:00,715.04,718.31,707.63,709.38
1757149200,2025-09-06 09:00:00,709.41,714.77,704.16,711.89
1757152800,2025-09-06 10:00:00,712.12,716.08,705.92,713.63
1757156400,2025-09-06 11:00:00,713.48,727.33,710.66,726.03
1757160000,2025-09-06 12:00:00,726.16,733.37,721.02,721.27
1757163600,2025-09-06 13:00:00,721.34,729.19,721.23,727.23
1757167200,2025-09-06 14:00:00,727.31,735.98,725.22,735.94
1757170800,2025-09-06 15:00:00,736.05,756.95,734.48,756.13
1757174400,2025-09-06 16:00:00,756.11,758.76,749.51,750.74
1757178000,2025-09-06 17:00:00,750.85,755.51,746.1,752.07
1757181600,2025-09-06 18:00:00,752.07,754.68,745.3,749.36
1757185200,2025-09-06 19:00:00,749.23,754.97,741.66,742.74
1757188800,2025-09-06 20:00:00,742.7,743.97,731.87,738.82
1757192400,2025-09-06 21:00:00,738.95,745.83,737.91,745.2
1757196000,2025-09-06 22:00:00,745.1,747.3,735.79,744.35
1757199600,2025-09-06 23:00:00,744.28,746.04,729.44,731.1
1757203200,2025-09-07 00:00:00,731.32,741.45,730.16,738.7
1757206800,2025-09-07 01:00:00,738.63,743.03,734.54,742.65
1757210400,2025-09-07 02:00:00,742.52,752.63,740.47,751.33
1757214000,2025-09-07 03:00:00,751.35,757.36,748.49,751.2
1757217600,2025-09-07 04:00:00,751.16,753.65,743.83,747.89
1757221200,2025-09-07 05:00:00,747.9,748.83,729.48,736.08
1757224800,2025-09-07 06:00:00,736.01,739.61,730.36,732.94
1757228400,2025-09-07 07:00:00,732.95,737.67,728.09,732.21
1757232000,2025-09-07 08:00:00,732.18,743.16,731.34,742.04
1757235600,2025-09-07 09:00:00,742.14,762.88,742.14,761.46
1757239200,2025-09-07 10:00:00,761.52,762.87,746.69,749.84
1757242800,2025-09-07 11:00:00,749.9,754.23,742.51,749.76
1757246400,2025-09-07 12:00:00,749.87,750.25,738.87,746.48
1757250000,2025-09-07 13:00:00,746.46,754.85,744.98,745.33
1757253600,2025-09-07 14:00:00,745.52,746.99,740.62,740.8
1757257200,2025-09-07 15:00:00,740.66,745.99,738.44,744.48
1757260800,2025-09-07 16:00:00,744.28,755.29,743.12,753.3
1757264400,2025-09-07 17:00:00,753.34,754.63,747.98,752.26
1757268000,2025-09-07 18:00:00,752.05,756.41,744.08,746.77
1757271600,2025-09-07 19:00:00,746.75,751.21,743.04,747.22
1757275200,2025-09-07 20:00:00,747.29,763.52,747.29,755.69
1757278800,2025-09-07 21:00:00,755.79,761.09,747.62,751.02
1757282400,2025-09-07 22:00:00,751.01,759.18,750.12,756.81
1757286000,2025-09-07 23:00:00,756.59,763.62,750.31,751.64
1757289600,2025-09-08 00:00:00,751.67,760.74,751.32,756.91
1757293200,2025-09-08 01:00:00,756.88,764.19,755.76,761.96
1757296800,2025-09-08 02:00:00,761.9,771.49,761.45,767.16
1757300400,2025-09-08 03:00:00,767.28,772.93,765.02,772.36
1757304000,2025-09-08 04:00:00,772.28,784.53,770.87,784.53
1757307600,2025-09-08 05:00:00,784.64,795.93,780.65,793.2
1757311200,2025-09-08 06:00:00,793.26,793.26,781.93,785.51
1757314800,2025-09-08 07:00:00,785.55,787.18,761.64,762.39
1757318400,2025-09-08 08:00:00,762.55,763.83,749.13,750.93
1757322000,2025-09-08 09:00:00,750.8,753.52,738.45,740.22
1757325600,2025-09-08 10:00:00,740.13,756.34,738.55,755.99
1757329200,2025-09-08 11:00:00,756.17,758.69,740.48,741.48
1757332800,2025-09-08 12:00:00,741.48,743.25,728.08,728.43
1757336400,2025-09-08 13:00:00,728.5,744.1,726.91,741.53
1757340000,2025-09-08 14:00:00,741.44,751.89,741.35,742.34
1757343600,2025-09-08 15:00:00,742.32,747.89,739.78,746.1
1757347200,2025-09-08 16:00:00,745.93,754.47,741,741.61
1757350800,2025-09-08 17:00:00,741.56,748.71,738.61,745.29
1757354400,2025-09-08 18:00:00,745.24,752.3,738.72,739.23
1757358000,2025-09-08 19:00:00,739.31,739.62,726.02,726.64
1757361600,2025-09-08 20:00:00,726.55,731.15,718.85,726.49
1757365200,2025-09-08 21:00:00,726.36,737.85,725.2,732.82
1757368800,2025-09-08 22:00:00,732.79,753.37,730.93,752.77
1757372400,2025-09-08 23:00:00,752.77,752.82,746.13,749.07
1757376000,2025-09-09 00:00:00,749.01,749.89,728.97,728.99
1757379600,2025-09-09 01:00:00,729.03,739.39,722.52,735.18
1757383200,2025-09-09 02:00:00,735.06,749.37,734.76,740.94
1757386800,2025-09-09 03:00:00,741.14,749.7,738.06,738.08
1757390400,2025-09-09 04:00:00,737.88,742.66,731.63,742.29
1757394000,2025-09-09 05:00:00,742.44,746.11,739.2,745.93
1757397600,2025-09-09 06:00:00,745.77,747.79,737.36,738.87
1757401200,2025-09-09 07:00:00,738.9,743.41,732.12,733.17
1757404800,2025-09-09 08:00:00,733.51,745.12,733.18,743.18
1757408400,2025-09-09 09:00:00,742.81,746.99,733.86,734.51
1757412000,2025-09-09 10:00:00,734.68,746.21,734.37,745.03
1757415600,2025-09-09 11:00:00,745,753.89,734.91,737.87
1757419200,2025-09-09 12:00:00,737.74,740.82,726.89,727.79
1757422800,2025-09-09 13:00:00,727.84,730.94,722.87,725.56
1757426400,2025-09-09 14:00:00,725.8,731.68,721.43,724.89
1757430000,2025-09-09 15:00:00,724.8,731.25,723.64,725.99
1757433600,2025-09-09 16:00:00,725.86,727.53,719.65,727.53
1757437200,2025-09-09 17:00:00,727.68,727.68,715.89,719.73
1757440800,2025-09-09 18:00:00,719.73,726.44,719.07,719.51
1757444400,2025-09-09 19:00:00,719.6,728.75,712.9,727.93
1757448000,2025-09-09 20:00:00,728.06,729.35,712.8,715.07
1757451600,2025-09-09 21:00:00,715.05,720.83,708.77,712.99
1757455200,2025-09-09 22:00:00,712.92,721.32,712.47,716
1757458800,2025-09-09 23:00:00,715.93,715.93,709.14,710.62
1757462400,2025-09-10 00:00:00,710.69,718.39,706.77,717.97
1757466000,2025-09-10 01:00:00,717.96,731.61,717.78,729.84
1757469600,2025-09-10 02:00:00,729.84,736.45,711.62,717.12
1757473200,2025-09-10 03:00:00,717.24,730.61,714.69,727.66
1757476800,2025-09-10 04:00:00,727.63,737.28,725.85,736.15
1757480400,2025-09-10 05:00:00,736.28,752.05,730.98,749.47
1757484000,2025-09-10 06:00:00,749.27,759.56,746.35,759.47
1757487600,2025-09-10 07:00:00,759.59,767.89,758.17,765.04
1757491200,2025-09-10 08:00:00,765,765.76,756.74,760.08
1757494800,2025-09-10 09:00:00,760.03,761.79,746,746.8
1757498400,2025-09-10 10:00:00,746.62,747.47,739.63,745.15
1757502000,2025-09-10 11:00:00,745.12,754.75,744.07,750.87
1757505600,2025-09-10 12:00:00,751.18,760.21,745.91,759.49
1757509200,2025-09-10 13:00:00,759.4,761.7,750.43,754.71
1757512800,2025-09-10 14:00:00,754.7,763.82,752.55,763.5
1757516400,2025-09-10 15:00:00,763.72,778.49,763.72,776.58
1757520000,2025-09-10 16:00:00,776.41,777.71,770.48,775.97
1757523600,2025-09-10 17:00:00,776.17,792.42,774.2,789.9
1757527200,2025-09-10 18:00:00,789.75,792.09,779.57,787.91
1757530800,2025-09-10 19:00:00,787.96,805.55,787.6,805.39
1757534400,2025-09-10 20:00:00,805.29,814.31,795.9,809.33
1757538000,2025-09-10 21:00:00,809.31,809.7,794.09,797.6
1757541600,2025-09-10 22:00:00,797.71,804.86,794.16,800.41
1757545200,2025-09-10 23:00:00,800.43,801.2,786.95,792.82
1757548800,2025-09-11 00:00:00,792.73,801.87,791.73,796.85
1757552400,2025-09-11 01:00:00,796.79,800.49,789.94,800.08
1757556000,2025-09-11 02:00:00,800.25,820.36,798.02,819.69
1757559600,2025-09-11 03:00:00,819.75,828.97,816.02,822.27
1757563200,2025-09-11 04:00:00,822.05,822.19,803.65,804.14
1757566800,2025-09-11 05:00:00,804.02,806.9,793.14,797.48
1757570400,2025-09-11 06:00:00,797.39,798.98,788.12,791.35
1757574000,2025-09-11 07:00:00,791.36,811.15,789.65,809.38
1757577600,2025-09-11 08:00:00,809.42,813.33,803.34,810.36
1757581200,2025-09-11 09:00:00,810.22,810.22,799.25,801.84
1757584800,2025-09-11 10:00:00,801.78,803.67,794.01,797.35
1757588400,2025-09-11 11:00:00,797.25,798.47,784.62,786.82
1757592000,2025-09-11 12:00:00,786.71,788.3,780.14,784.13
1757595600,2025-09-11 13:00:00,784.14,785.16,775.36,779.08
1757599200,2025-09-11 14:00:00,779.49,782.83,770.59,772.98
1757602800,2025-09-11 15:00:00,772.83,773.73,766.63,766.66
1757606400,2025-09-11 16:00:00,766.32,780.22,764.59,777.91
1757610000,2025-09-11 17:00:00,778.05,790.11,777,787.03
1757613600,2025-09-11 18:00:00,787.2,803.41,781.13,796.72
1757617200,2025-09-11 19:00:00,796.69,806.1,792.05,806.06
1757620800,2025-09-11 20:00:00,806.07,815.48,800.99,811.85
1757624400,2025-09-11 21:00:00,811.71,811.97,798.72,798.76
1757628000,2025-09-11 22:00:00,798.65,802.72,793.09,796.39
1757631600,2025-09-11 23:00:00,796.57,800.46,790.48,797.85
1757635200,2025-09-12 00:00:00,797.86,805.36,794.07,801.71
1757638800,2025-09-12 01:00:00,801.98,817.81,800.62,816.64
1757642400,2025-09-12 02:00:00,816.73,833.21,814.93,833.21
1757646000,2025-09-12 03:00:00,833.31,842.52,832.45,836.35
1757649600,2025-09-12 04:00:00,836.31,836.67,820.23,821.36
1757653200,2025-09-12 05:00:00,821.76,828.67,819.47,826.37
1757656800,2025-09-12 06:00:00,826.4,826.65,807.07,814.99
1757660400,2025-09-12 07:00:00,815.06,817.98,801.34,803
1757664000,2025-09-12 08:00:00,802.84,813.09,798.29,804.19
1757667600,2025-09-12 09:00:00,804.18,811.43,803.71,809.38
1757671200,2025-09-12 10:00:00,808.98,829.44,807.37,823.88
1757674800,2025-09-12 11:00:00,823.67,839.34,819.69,837.46
1757678400,2025-09-12 12:00:00,837.42,839.47,829.88,835.26
1757682000,2025-09-12 13:00:00,835.15,836.72,826.28,834.83
1757685600,2025-09-12 14:00:00,834.71,848.36,832.48,847.29
1757689200,2025-09-12 15:00:00,847.54,855.65,844.22,845.56
1757692800,2025-09-12 16:00:00,845.18,855.53,844.99,854.01
1757696400,2025-09-12 17:00:00,853.96,859.02,837.43,838.27
1757700000,2025-09-12 18:00:00,838.38,845.79,837.64,839.13
1757703600,2025-09-12 19:00:00,839.25,840.02,818.22,821.08
1757707200,2025-09-12 20:00:00,821.17,828.69,819.63,827.6
1757710800,2025-09-12 21:00:00,827.78,831.04,822.53,824.2
1757714400,2025-09-12 22:00:00,823.99,825.64,807.18,809.52
1757718000,2025-09-12 23:00:00,809.64,826.67,807.67,821.37
1757721600,2025-09-13 00:00:00,821.46,821.89,812.37,817.29
1757725200,2025-09-13 01:00:00,817.44,823.13,813.87,815.97
1757728800,2025-09-13 02:00:00,816.09,816.4,800.48,806.79
1757732400,2025-09-13 03:00:00,806.53,808.99,797.25,804.66
1757736000,2025-09-13 04:00:00,804.47,805.62,797.34,801.95
1757739600,2025-09-13 05:00:00,802.12,806.35,792.28,804.17
1757743200,2025-09-13 06:00:00,804.45,804.86,793.65,796.11
1757746800,2025-09-13 07:00:00,796.27,805.2,791.46,797.72
1757750400,2025-09-13 08:00:00,797.71,801.35,792.95,799.36
1757754000,2025-09-13 09:00:00,799.11,801.04,791.93,798.48
1757757600,2025-09-13 10:00:00,798.61,814.46,796.62,808.06
1757761200,2025-09-13 11:00:00,808.03,811.25,795.18,795.46
1757764800,2025-09-13 12:00:00,795.4,805.42,791.1,802.01
1757768400,2025-09-13 13:00:00,802.04,805.62,795.32,799.17
1757772000,2025-09-13 14:00:00,799.03,801.4,788.14,788.29
1757775600,2025-09-13 15:00:00,788.47,791.23,779.86,783.84
1757779200,2025-09-13 16:00:00,784.19,787.11,772.78,778.23
1757782800,2025-09-13 17:00:00,778.29,781.93,772.22,778.67
1757786400,2025-09-13 18:00:00,778.54,783.55,771.64,772.09
1757790000,2025-09-13 19:00:00,771.84,779.19,765.69,766.78
1757793600,2025-09-13 20:00:00,766.91,780.95,766.12,779.72
1757797200,2025-09-13 21:00:00,779.67,785.04,773.92,784.87
1757800800,2025-09-13 22:00:00,784.88,788.75,774.09,781.84
1757804400,2025-09-13 23:00:00,781.89,788.94,775.39,780.76
1757808000,2025-09-14 00:00:00,780.75,781.4,770.71,775.4
1757811600,2025-09-14 01:00:00,775.59,782.47,769.16,771.72
1757815200,2025-09-14 02:00:00,771.78,777.01,762.7,762.95
1757818800,2025-09-14 03:00:00,762.88,769.97,757.92,766.47
1757822400,2025-09-14 04:00:00,766.45,780.58,765.54,779.43
1757826000,2025-09-14 05:00:00,779.78,790.8,779.49,785.06
1757829600,2025-09-14 06:00:00,785.19,798.72,782.59,798.06
1757833200,2025-09-14 07:00:00,797.96,803.41,786.22,790.22
1757836800,2025-09-14 08:00:00,790.14,795.64,785.97,792.12
1757840400,2025-09-14 09:00:00,792.02,794.01,787.35,788.25
1757844000,2025-09-14 10:00:00,788.3,791.24,774.5,777.03
1757847600,2025-09-14 11:00:00,777.06,784.99,772.13,773.43
1757851200,2025-09-14 12:00:00,773.54,781.79,767.7,780.5
1757854800,2025-09-14 13:00:00,780.42,795.78,779.28,783.22
1757858400,2025-09-14 14:00:00,783.13,784.87,766.15,766.51
1757862000,2025-09-14 15:00:00,766.75,768.38,750.53,758.94
1757865600,2025-09-14 16:00:00,759.04,765.86,757.98,761.45
1757869200,2025-09-14 17:00:00,761.49,768.39,756.43,768.25
1757872800,2025-09-14 18:00:00,768.21,782.29,764.38,780.18
1757876400,2025-09-14 19:00:00,780.17,788.1,774.9,783.59
1757880000,2025-09-14 20:00:00,783.6,790.48,779.4,788.07
1757883600,2025-09-14 21:00:00,788.07,788.79,776.33,778.99
1757887200,2025-09-14 22:00:00,778.87,786.22,778.39,781.79
1757890800,2025-09-14 23:00:00,782.09,784.19,768.7,773.08
1757894400,2025-09-15 00:00:00,772.84,776.04,766.59,772.47
1757898000,2025-09-15 01:00:00,772.5,777.49,763.61,769.97
1757901600,2025-09-15 02:00:00,770.04,775.78,755.2,773.97
1757905200,2025-09-15 03:00:00,773.81,778.6,767.16,771.19
1757908800,2025-09-15 04:00:00,771.1,776.3,767.9,770.19
1757912400,2025-09-15 05:00:00,770.24,784.32,770.16,778.65
1757916000,2025-09-15 06:00:00,778.7,790.47,778,785.18
1757919600,2025-09-15 07:00:00,785.26,786.99,780.5,783.79
1757923200,2025-09-15 08:00:00,783.89,786.53,775.56,779.38
1757926800,2025-09-15 09:00:00,779.42,783.78,763.84,764.64
1757930400,2025-09-15 10:00:00,764.59,765.97,759.04,763
1757934000,2025-09-15 11:00:00,762.84,770.97,755.35,769.89
1757937600,2025-09-15 12:00:00,769.75,775.21,758.56,765.4
1757941200,2025-09-15 13:00:00,765.39,773.38,763.02,766.71
1757944800,2025-09-15 14:00:00,766.76,780.38,761.33,780.38
1757948400,2025-09-15 15:00:00,780.23,783.05,768.25,772.83
1757952000,2025-09-15 16:00:00,772.6,783.56,769.03,778.53
1757955600,2025-09-15 17:00:00,778.56,779.38,763.21,765.47
1757959200,2025-09-15 18:00:00,765.43,767.65,759.52,763.23
1757962800,2025-09-15 19:00:00,763.14,765.31,754.42,758.6
1757966400,2025-09-15 20:00:00,758.6,760.05,747.62,748.79
1757970000,2025-09-15 21:00:00,748.87,751.83,745.49,746.09
1757973600,2025-09-15 22:00:00,745.92,750.34,738.63,741.53
1757977200,2025-09-15 23:00:00,741.47,745.21,736.39,738.69
1757980800,2025-09-16 00:00:00,738.41,739.96,726.98,734.93
1757984400,2025-09-16 01:00:00,734.88,736.34,726.23,726.5
1757988000,2025-09-16 02:00:00,726.46,741.1,726.02,736.77
1757991600,2025-09-16 03:00:00,736.63,739.87,731.29,735.22
1757995200,2025-09-16 04:00:00,735.32,740.53,731.47,739.11
1757998800,2025-09-16 05:00:00,739.12,747.1,734.2,738.39
1758002400,2025-09-16 06:00:00,738.37,745.12,734.95,737.92
1758006000,2025-09-16 07:00:00,737.69,746.54,736.93,739.3
1758009600,2025-09-16 08:00:00,739.45,749.09,736.65,738.95
1758013200,2025-09-16 09:00:00,738.66,744.96,735.59,742.37
1758016800,2025-09-16 10:00:00,742.33,746.03,738.4,742.93
1758020400,2025-09-16 11:00:00,742.95,755.66,742.14,750.73
1758024000,2025-09-16 12:00:00,750.79,754.55,736.23,741.42
1758027600,2025-09-16 13:00:00,741.6,742.81,728.59,728.59
1758031200,2025-09-16 14:00:00,728.73,740.87,726.04,737.85
1758034800,2025-09-16 15:00:00,737.87,738.8,729.17,735.98
1758038400,2025-09-16 16:00:00,735.93,746.99,735.08,745.18
1758042000,2025-09-16 17:00:00,745.11,746.58,736.54,740.26
1758045600,2025-09-16 18:00:00,740.15,742.98,728.86,738.52
1758049200,2025-09-16 19:00:00,738.26,738.26,721.66,730.47
1758052800,2025-09-16 20:00:00,730.46,732.27,718.83,732.27
1758056400,2025-09-16 21:00:00,732.2,737.62,723.22,724.12
1758060000,2025-09-16 22:00:00,724.08,738.04,719.75,734.64
1758063600,2025-09-16 23:00:00,734.48,739.26,731.08,734.48
1758067200,2025-09-17 00:00:00,734.65,746.56,729.49,731.96
1758070800,2025-09-17 01:00:00,732.22,741.45,730.72,740.3
1758074400,2025-09-17 02:00:00,740.31,740.5,724.73,730.09
1758078000,2025-09-17 03:00:00,730.16,737.79,729.75,736.35
1758081600,2025-09-17 04:00:00,736.4,738.23,728.07,732.1
1758085200,2025-09-17 05:00:00,732.08,732.17,718.42,728.04
1758088800,2025-09-17 06:00:00,727.96,729.23,718.99,720.17
1758092400,2025-09-17 07:00:00,720.11,721.14,706.59,711.54
1758096000,2025-09-17 08:00:00,711.45,717,707.55,713.32
1758099600,2025-09-17 09:00:00,713.38,714.67,701.17,702.86
1758103200,2025-09-17 10:00:00,702.81,704.12,690.88,694.57
1758106800,2025-09-17 11:00:00,694.54,711.69,694.54,706.37
1758110400,2025-09-17 12:00:00,706.35,710.42,696.22,710.2
1758114000,2025-09-17 13:00:00,710.38,711.71,698.14,699.87
1758117600,2025-09-17 14:00:00,699.9,706.7,694.46,698
1758121200,2025-09-17 15:00:00,697.96,708.86,697.75,704.56
1758124800,2025-09-17 16:00:00,704.65,714.96,702.79,711.82
1758128400,2025-09-17 17:00:00,711.69,715.69,698.27,703.98
1758132000,2025-09-17 18:00:00,704.02,715.69,703.35,712.86
1758135600,2025-09-17 19:00:00,712.92,713.41,703.06,703.56
1758139200,2025-09-17 20:00:00,703.57,707.66,697.73,706.19
1758142800,2025-09-17 21:00:00,706.19,715.25,704.77,711.84
1758146400,2025-09-17 22:00:00,711.69,717.74,705.74,717.6
1758150000,2025-09-17 23:00:00,717.43,717.67,696.57,703.02
1758153600,2025-09-18 00:00:00,702.89,721.62,702.61,719.97
1758157200,2025-09-18 01:00:00,720.19,724.57,717.12,722.55
1758160800,2025-09-18 02:00:00,722.61,725.42,718.07,719.92
1758164400,2025-09-18 03:00:00,719.87,721.11,711.44,713.87
1758168000,2025-09-18 04:00:00,713.83,726.76,713.83,718.89
1758171600,2025-09-18 05:00:00,718.9,724.41,714,715.59
1758175200,2025-09-18 06:00:00,715.57,727.74,712.6,726.55
1758178800,2025-09-18 07:00:00,726.65,734.58,723.28,731.7
1758182400,2025-09-18 08:00:00,731.41,732.71,721.17,721.76
1758186000,2025-09-18 09:00:00,721.85,728.24,717.86,718.1
1758189600,2025-09-18 10:00:00,718.15,720.24,711.32,716.73
1758193200,2025-09-18 11:00:00,716.69,721.53,710.15,719.6
1758196800,2025-09-18 12:00:00,719.37,730.32,716.76,729.97
1758200400,2025-09-18 13:00:00,729.98,749.37,728.9,748.36
1758204000,2025-09-18 14:00:00,748.27,757.73,747.92,748.75
1758207600,2025-09-18 15:00:00,748.68,753.76,737.4,753.47
1758211200,2025-09-18 16:00:00,753.41,767.35,751.4,762.29
1758214800,2025-09-18 17:00:00,762.3,772.32,759.99,766.34
1758218400,2025-09-18 18:00:00,766.34,766.81,754.78,762.51
1758222000,2025-09-18 19:00:00,762.49,765.81,753.25,765.09
1758225600,2025-09-18 20:00:00,765.12,768.82,758.91,766.34
1758229200,2025-09-18 21:00:00,766.59,770.79,758.47,761.63
1758232800,2025-09-18 22:00:00,761.69,769.33,758.92,766.46
1758236400,2025-09-18 23:00:00,766.33,767,757.11,759.03
1758240000,2025-09-19 00:00:00,759,760.07,746.12,748.58
1758243600,2025-09-19 01:00:00,748.74,757.69,745.12,753.55
1758247200,2025-09-19 02:00:00,753.43,764.96,751.03,764.79
1758250800,2025-09-19 03:00:00,764.77,768.42,756.73,762.34
1758254400,2025-09-19 04:00:00,762.22,763.45,750.82,757.72
1758258000,2025-09-19 05:00:00,757.7,760.17,751.83,758.28
1758261600,2025-09-19 06:00:00,761.06,764.72,751.84,754.67
1758265200,2025-09-19 07:00:00,754.83,766.42,754.01,766.24
1758268800,2025-09-19 08:00:00,766.18,773.58,763.08,771.48
1758272400,2025-09-19 09:00:00,771.38,775.77,768.31,770.17
1758276000,2025-09-19 10:00:00,770.31,774.65,763.26,769.45
1758279600,2025-09-19 11:00:00,769.36,790.49,768.79,780.82
1758283200,2025-09-19 12:00:00,780.75,788.47,777.66,780.89
1758286800,2025-09-19 13:00:00,780.93,783.15,772.57,777.6
1758290400,2025-09-19 14:00:00,777.4,797.67,777.4,794.72
1758294000,2025-09-19 15:00:00,794.75,800.16,786.01,791.38
1758297600,2025-09-19 16:00:00,791.22,799.93,787.78,794.64
1758301200,2025-09-19 17:00:00,794.78,804.63,794.41,801.29
1758304800,2025-09-19 18:00:00,801.28,822.91,801.03,819.59
1758308400,2025-09-19 19:00:00,819.72,825.04,809.27,809.27
1758312000,2025-09-19 20:00:00,809.31,822.3,809.13,812.92
1758315600,2025-09-19 21:00:00,813,815.11,805.66,809.54
1758319200,2025-09-19 22:00:00,809.51,815.79,802,803.47
1758322800,2025-09-19 23:00:00,803.72,810.07,799.22,807.56
1758326400,2025-09-20 00:00:00,807.58,811.17,799.09,802.08
1758330000,2025-09-20 01:00:00,802.15,808.06,798.2,800.09
1758333600,2025-09-20 02:00:00,799.82,807.37,798.34,805.29
1758337200,2025-09-20 03:00:00,805.29,817.6,804.28,813.14
1758340800,2025-09-20 04:00:00,813.02,820.77,808.02,819.61
1758344400,2025-09-20 05:00:00,819.57,820.48,808.55,809.2
1758348000,2025-09-20 06:00:00,809.05,813.61,802.28,809.53
1758351600,2025-09-20 07:00:00,809.86,817.26,807.05,817.26
1758355200,2025-09-20 08:00:00,817.68,830.26,813.07,815
1758358800,2025-09-20 09:00:00,815.02,815.45,805.57,809.67
1758362400,2025-09-20 10:00:00,809.63,825.16,808.58,824.93
1758366000,2025-09-20 11:00:00,824.82,835.7,823.47,835.7
1758369600,2025-09-20 12:00:00,835.69,844.54,833.48,836.39
1758373200,2025-09-20 13:00:00,836.69,842.85,826.15,826.93
1758376800,2025-09-20 14:00:00,827.11,828.63,813.6,820.82
1758380400,2025-09-20 15:00:00,820.73,829.67,817.6,821.48
1758384000,2025-09-20 16:00:00,821.38,827.3,812.57,812.57
1758387600,2025-09-20 17:00:00,812.53,821.14,806.2,820.15
1758391200,2025-09-20 18:00:00,820.06,820.59,810.21,813.29
1758394800,2025-09-20 19:00:00,813.19,821.49,806.13,806.62
1758398400,2025-09-20 20:00:00,806.7,811.47,794.39,799.3
1758402000,2025-09-20 21:00:00,799.25,804.6,789.69,796.36
1758405600,2025-09-20 22:00:00,796.34,803.83,794.81,802.03
1758409200,2025-09-20 23:00:00,801.99,803.28,782.91,783.93
1758412800,2025-09-21 00:00:00,784.04,791.14,778.89,788.56
1758416400,2025-09-21 01:00:00,788.72,795.72,780.18,785.15
1758420000,2025-09-21 02:00:00,784.94,788.85,776.89,788.14
1758423600,2025-09-21 03:00:00,788.05,795.06,786.3,793.29
1758427200,2025-09-21 04:00:00,793.27,796.07,781.03,785.05
1758430800,2025-09-21 05:00:00,785.06,785.27,774.4,782.52
1758434400,2025-09-21 06:00:00,782.62,785.93,776.36,783.88
1758438000,2025-09-21 07:00:00,784.02,786.26,775.37,782.57
1758441600,2025-09-21 08:00:00,782.38,783.84,771.78,778.31
1758445200,2025-09-21 09:00:00,778.22,784.37,768.77,772.66
1758448800,2025-09-21 10:00:00,772.88,775.3,762.83,763.44
1758452400,2025-09-21 11:00:00,763.4,765.71,754.21,759.93
1758456000,2025-09-21 12:00:00,759.88,762.13,752.01,759.42
1758459600,2025-09-21 13:00:00,759.39,760.91,753.3,760.79
1758463200,2025-09-21 14:00:00,760.43,761.28,749.22,755.56
1758466800,2025-09-21 15:00:00,755.78,756.79,744.3,747.11
1758470400,2025-09-21 16:00:00,747.08,751.94,734.75,736.56
1758474000,2025-09-21 17:00:00,736.36,745.87,734.5,745.58
1758477600,2025-09-21 18:00:00,745.71,749.82,738.51,745.23
1758481200,2025-09-21 19:00:00,745.11,755.81,739.07,755.75
1758484800,2025-09-21 20:00:00,755.69,766.37,754.34,766.37
1758488400,2025-09-21 21:00:00,766.65,772.09,760.93,764.33
1758492000,2025-09-21 22:00:00,764.36,767.38,753.16,754.82
1758495600,2025-09-21 23:00:00,754.7,755.62,740.53,744.25
1758499200,2025-09-22 00:00:00,744.28,753.35,737.04,745.16
1758502800,2025-09-22 01:00:00,745.08,749.38,737.45,747.95
1758506400,2025-09-22 02:00:00,748.17,755.91,738.58,740.06
1758510000,2025-09-22 03:00:00,740.09,740.79,730.12,737.88
1758513600,2025-09-22 04:00:00,737.8,740.89,733.35,736.03
1758517200,2025-09-22 05:00:00,736.12,742.79,732.29,742.79
1758520800,2025-09-22 06:00:00,742.92,745.31,735.94,737.27
1758524400,2025-09-22 07:00:00,737.13,749.74,736.68,741.03
1758528000,2025-09-22 08:00:00,741.13,765.08,739.63,762.98
1758531600,2025-09-22 09:00:00,762.98,764.91,754.16,758.03
1758535200,2025-09-22 10:00:00,758.03,766.63,753.61,759.69
1758538800,2025-09-22 11:00:00,759.69,763.6,756.44,761.64
1758542400,2025-09-22 12:00:00,761.87,764.64,749.99,757.29
1758546000,2025-09-22 13:00:00,757.62,773.75,756.82,773.58
1758549600,2025-09-22 14:00:00,773.51,777.19,763.79,765.32
1758553200,2025-09-22 15:00:00,765.29,767.19,758.29,764.34
1758556800,2025-09-22 16:00:00,764.3,764.9,751.37,757.14
1758560400,2025-09-22 17:00:00,757.22,775.08,757.04,773.95
1758564000,2025-09-22 18:00:00,774.09,783.44,770.91,773.47
1758567600,2025-09-22 19:00:00,773.55,781.08,766.63,769.74
1758571200,2025-09-22 20:00:00,769.66,770.82,756.96,764.72
1758574800,2025-09-22 21:00:00,764.82,767.47,756.62,757.39
1758578400,2025-09-22 22:00:00,757.47,770.41,754.1,766.42
1758582000,2025-09-22 23:00:00,766.45,777.6,763.27,777
1758585600,2025-09-23 00:00:00,777.04,779.54,764.07,765.46
1758589200,2025-09-23 01:00:00,765.52,775.45,765.41,767.11
1758592800,2025-09-23 02:00:00,767.25,788.57,765.71,788.54
1758596400,2025-09-23 03:00:00,788.52,797.46,786.65,795.1
1758600000,2025-09-23 04:00:00,795.27,802.95,788.77,792.13
1758603600,2025-09-23 05:00:00,792.34,797,786.9,787.54
1758607200,2025-09-23 06:00:00,787.45,793.36,778.53,784.42
1758610800,2025-09-23 07:00:00,784.37,785.27,772.92,774.4
1758614400,2025-09-23 08:00:00,774.48,784.42,772.55,783.51
1758618000,2025-09-23 09:00:00,783.32,789.09,775.19,779.18
1758621600,2025-09-23 10:00:00,779.29,779.89,766.79,767.07
1758625200,2025-09-23 11:00:00,767.18,769.38,761.62,768.44
1758628800,2025-09-23 12:00:00,768.5,768.5,754.39,756.93
1758632400,2025-09-23 13:00:00,756.9,761.87,754.06,761.49
1758636000,2025-09-23 14:00:00,761.3,773.89,755.99,773.46
1758639600,2025-09-23 15:00:00,773.35,777.29,765.32,766.74
1758643200,2025-09-23 16:00:00,767.02,776.2,764.98,771.16
1758646800,2025-09-23 17:00:00,771.19,772.75,756.85,757.52
1758650400,2025-09-23 18:00:00,757.42,761.55,750.25,750.65
1758654000,2025-09-23 19:00:00,750.84,755.33,747.09,747.97
1758657600,2025-09-23 20:00:00,748.06,753.48,746.36,752.62
1758661200,2025-09-23 21:00:00,752.78,766.4,751.49,766.25
1758664800,2025-09-23 22:00:00,766.12,766.74,754.12,761.19
1758668400,2025-09-23 23:00:00,760.9,762.95,753.92,757.64
1758672000,2025-09-24 00:00:00,757.66,767.72,755.01,766.72
1758675600,2025-09-24 01:00:00,766.75,769.06,761.87,767.25
1758679200,2025-09-24 02:00:00,767.49,777.65,760.99,777.65
1758682800,2025-09-24 03:00:00,777.51,786.21,774.37,785.71
1758686400,2025-09-24 04:00:00,785.71,792.53,773.48,774.03
1758690000,2025-09-24 05:00:00,774.11,775.43,766.63,769.54
1758693600,2025-09-24 06:00:00,769.96,786.7,768.56,784.02
1758697200,2025-09-24 07:00:00,783.74,800.99,781.43,792.35
1758700800,2025-09-24 08:00:00,792.36,797.93,788.27,794.36
1758704400,2025-09-24 09:00:00,794.4,795.07,780.23,784.69
1758708000,2025-09-24 10:00:00,784.65,784.7,774.27,778.94
1758711600,2025-09-24 11:00:00,778.85,783.86,773.91,776.95
1758715200,2025-09-24 12:00:00,776.97,778.88,771.11,773.98
1758718800,2025-09-24 13:00:00,773.87,776.06,766.99,773.67
1758722400,2025-09-24 14:00:00,773.67,776,765.89,766.82
1758726000,2025-09-24 15:00:00,766.8,769.74,759.52,763.1
1758729600,2025-09-24 16:00:00,763.03,765.77,757.76,764.49
1758733200,2025-09-24 17:00:00,764.35,771.66,757.64,760.8
1758736800,2025-09-24 18:00:00,760.79,778.02,757.49,776.41
1758740400,2025-09-24 19:00:00,776.36,788.47,773.7,787.13
1758744000,2025-09-24 20:00:00,787.22,790.58,781.49,787.94
1758747600,2025-09-24 21:00:00,787.71,799.07,785.78,792.22
1758751200,2025-09-24 22:00:00,792.31,792.49,780.57,782.14
1758754800,2025-09-24 23:00:00,781.93,786.73,777.65,782.46
1758758400,2025-09-25 00:00:00,782.4,790.97,777.18,778.22
1758762000,2025-09-25 01:00:00,778.36,781.84,771,771.66
1758765600,2025-09-25 02:00:00,771.76,773.89,766.56,769.87
1758769200,2025-09-25 03:00:00,769.47,779.57,767.49,773.68
1758772800,2025-09-25 04:00:00,773.66,783.55,771.5,779.33
1758776400,2025-09-25 05:00:00,779.51,780.36,771.49,778.28
1758780000,2025-09-25 06:00:00,778.32,784.57,775.12,779.05
1758783600,2025-09-25 07:00:00,779.04,789.41,778.3,786.68
1758787200,2025-09-25 08:00:00,786.99,793.29,783.97,790.27
1758790800,2025-09-25 09:00:00,790.55,815.22,789.27,815.22
1758794400,2025-09-25 10:00:00,815.21,827.09,814.17,821.17
1758798000,2025-09-25 11:00:00,821.4,824.37,810.2,812.8
1758801600,2025-09-25 12:00:00,812.67,815,799.61,800.15
1758805200,2025-09-25 13:00:00,800.08,818.39,797.47,817.91
1758808800,2025-09-25 14:00:00,817.99,825.17,810.43,814.25
1758812400,2025-09-25 15:00:00,814.22,817.35,808.08,811.72
1758816000,2025-09-25 16:00:00,811.56,820.03,805.77,807.33
1758819600,2025-09-25 17:00:00,807.42,808.71,791.85,795.27
1758823200,2025-09-25 18:00:00,795.28,799.73,788.3,789.78
1758826800,2025-09-25 19:00:00,789.72,795.41,785.87,789.07
1758830400,2025-09-25 20:00:00,789.13,791.27,778.1,782.31
1758834000,2025-09-25 21:00:00,782.3,791.84,776.5,789.32
1758837600,2025-09-25 22:00:00,789.27,796.4,783.36,785.12
1758841200,2025-09-25 23:00:00,784.99,793.3,782.15,790.07
1758844800,2025-09-26 00:00:00,790.18,794.2,780.87,781.4
1758848400,2025-09-26 01:00:00,781.48,784.21,774.11,779.72
1758852000,2025-09-26 02:00:00,779.76,780.45,772.55,778.71
1758855600,2025-09-26 03:00:00,778.63,792.65,776.24,792.58
1758859200,2025-09-26 04:00:00,792.75,793.25,776.73,778.22
1758862800,2025-09-26 05:00:00,778.08,779.6,766.07,767.35
1758866400,2025-09-26 06:00:00,767.38,774.06,764.62,766.69
1758870000,2025-09-26 07:00:00,766.62,773.84,763.94,771.47
1758873600,2025-09-26 08:00:00,771.67,775.34,766.97,768.13
1758877200,2025-09-26 09:00:00,768.14,768.55,755.09,756.16
1758880800,2025-09-26 10:00:00,756.26,768.09,754.1,767.96
1758884400,2025-09-26 11:00:00,767.8,769.14,762,766.07
1758888000,2025-09-26 12:00:00,766.19,778.15,765.92,778.1
1758891600,2025-09-26 13:00:00,778.28,780.17,767.92,772.89
1758895200,2025-09-26 14:00:00,772.9,780.05,769.91,776.98
1758898800,2025-09-26 15:00:00,777.07,777.83,761.6,762.66
1758902400,2025-09-26 16:00:00,762.83,772.65,761.05,769.96
1758906000,2025-09-26 17:00:00,769.87,784.48,766.26,784.05
1758909600,2025-09-26 18:00:00,783.99,791.21,778.77,788.25
1758913200,2025-09-26 19:00:00,788.25,789.98,775.53,785.08
1758916800,2025-09-26 20:00:00,785.11,795.64,783.26,795.64
1758920400,2025-09-26 21:00:00,795.87,796.45,782.83,783.16
1758924000,2025-09-26 22:00:00,782.86,785.45,774.6,780.95
1758927600,2025-09-26 23:00:00,781.02,784.37,767.85,768.41
1758931200,2025-09-27 00:00:00,768.27,768.3,746.89,746.97
1758934800,2025-09-27 01:00:00,746.96,754.76,739.06,754.57
1758938400,2025-09-27 02:00:00,754.42,755.48,732.26,734.6
1758942000,2025-09-27 03:00:00,734.72,736.89,719.06,719.62
1758945600,2025-09-27 04:00:00,719.32,725.06,713.97,717.92
1758949200,2025-09-27 05:00:00,717.92,718.48,700.41,701.77
1758952800,2025-09-27 06:00:00,701.8,708.55,701.14,703.1
1758956400,2025-09-27 07:00:00,703.09,711.98,700.94,711.66
1758960000,2025-09-27 08:00:00,711.7,717.45,708.89,715.75
1758963600,2025-09-27 09:00:00,715.75,736.28,711.54,734.67
1758967200,2025-09-27 10:00:00,734.72,749.74,733.63,748.65
1758970800,2025-09-27 11:00:00,748.62,756.38,746.7,747.9
1758974400,2025-09-27 12:00:00,747.65,751.05,742.05,746.55
1758978000,2025-09-27 13:00:00,746.75,760.86,745.41,760.66
1758981600,2025-09-27 14:00:00,760.86,763.33,746.43,749.64
1758985200,2025-09-27 15:00:00,749.39,765.94,746.87,763.4
1758988800,2025-09-27 16:00:00,763.32,767.38,756.12,766.94
1758992400,2025-09-27 17:00:00,766.9,770.82,756.11,756.32
1758996000,2025-09-27 18:00:00,756.45,762.94,749.12,749.85
1758999600,2025-09-27 19:00:00,750.04,755.01,746.8,751.38
1759003200,2025-09-27 20:00:00,751.48,752.45,733.9,735.74
1759006800,2025-09-27 21:00:00,735.87,742.88,734.5,740.3
1759010400,2025-09-27 22:00:00,740.28,748.91,736.23,746.55
1759014000,2025-09-27 23:00:00,746.6,749.45,735.41,741.82
1759017600,2025-09-28 00:00:00,741.83,751,739.15,744.39
1759021200,2025-09-28 01:00:00,744.38,744.85,737.26,741.88
1759024800,2025-09-28 02:00:00,741.8,753.1,739.05,749.29
1759028400,2025-09-28 03:00:00,749.21,753.37,744.09,750.46
1759032000,2025-09-28 04:00:00,750.32,758.7,745.61,756.93
1759035600,2025-09-28 05:00:00,756.56,767.49,756.01,764.97
1759039200,2025-09-28 06:00:00,764.89,768.19,752.47,753.47
1759042800,2025-09-28 07:00:00,753.29,769.08,752.54,766.67
1759046400,2025-09-28 08:00:00,766.37,771.89,760.02,768.11
1759050000,2025-09-28 09:00:00,767.75,777.32,767.54,773.82
1759053600,2025-09-28 10:00:00,773.75,787.25,772.41,786.07
1759057200,2025-09-28 11:00:00,786.2,796.74,782.5,793.39
1759060800,2025-09-28 12:00:00,793.15,794.5,782.55,787.74
1759064400,2025-09-28 13:00:00,787.82,793.79,784.46,789.03
1759068000,2025-09-28 14:00:00,789.17,789.23,771.77,783.09
1759071600,2025-09-28 15:00:00,782.95,783.78,769.55,771.19
1759075200,2025-09-28 16:00:00,771.1,771.34,764.22,767.14
1759078800,2025-09-28 17:00:00,767.09,770.99,756.34,763.05
1759082400,2025-09-28 18:00:00,763.27,777.48,758.63,774.12
1759086000,2025-09-28 19:00:00,774.05,779.95,765.72,778.06
1759089600,2025-09-28 20:00:00,777.96,798.6,776.93,786.39
1759093200,2025-09-28 21:00:00,786.39,786.9,770.06,775.78
1759096800,2025-09-28 22:00:00,775.72,780.85,772.99,776.49
1759100400,2025-09-28 23:00:00,776.45,776.45,753.95,754.65
1759104000,2025-09-29 00:00:00,754.79,760.11,752.99,758.58
1759107600,2025-09-29 01:00:00,758.65,760.52,754.01,756.82
1759111200,2025-09-29 02:00:00,756.96,769.48,755.35,763.61
1759114800,2025-09-29 03:00:00,763.45,765.74,754.37,757.86
1759118400,2025-09-29 04:00:00,757.72,758.92,734.45,735.3
1759122000,2025-09-29 05:00:00,735.09,735.59,722.36,725.77
1759125600,2025-09-29 06:00:00,725.93,731.21,721.82,724.78
1759129200,2025-09-29 07:00:00,724.83,735.05,724.66,735.05
1759132800,2025-09-29 08:00:00,735.04,737.93,723.06,723.23
1759136400,2025-09-29 09:00:00,723.07,725.92,714.39,723.17
1759140000,2025-09-29 10:00:00,723.03,725.6,712.01,714.02
1759143600,2025-09-29 11:00:00,714.04,715.5,704.34,705.65
1759147200,2025-09-29 12:00:00,705.5,708.56,696.42,700.14
1759150800,2025-09-29 13:00:00,700.08,703.24,693.06,695.97
1759154400,2025-09-29 14:00:00,695.8,697.49,683.72,686.65
1759158000,2025-09-29 15:00:00,686.68,692.31,683.49,684.11
1759161600,2025-09-29 16:00:00,684.16,685.54,672.8,673.73
1759165200,2025-09-29 17:00:00,673.55,674.92,665.9,672.17
1759168800,2025-09-29 18:00:00,672.22,673.08,665.22,671.87
1759172400,2025-09-29 19:00:00,671.97,672.26,664.9,665.06
1759176000,2025-09-29 20:00:00,665.39,666.2,655.76,655.76
1759179600,2025-09-29 21:00:00,655.74,660.69,651.36,653.47
1759183200,2025-09-29 22:00:00,653.59,655.33,640.92,642.36
1759186800,2025-09-29 23:00:00,642.39,648.48,636.64,646.83
1759190400,2025-09-30 00:00:00,646.6,659.49,645.57,658.35
1759194000,2025-09-30 01:00:00,658.18,664.42,651.34,662.34
1759197600,2025-09-30 02:00:00,662.32,672,661.45,667.81
1759201200,2025-09-30 03:00:00,667.57,670.99,661.76,669.71
1759204800,2025-09-30 04:00:00,669.75,683.02,668.74,680.59
1759208400,2025-09-30 05:00:00,680.56,695.47,679.28,693.27
1759212000,2025-09-30 06:00:00,693.15,708.47,689.05,700.32
1759215600,2025-09-30 07:00:00,700.43,701.5,688.71,689.6
1759219200,2025-09-30 08:00:00,689.49,692.21,687.06,687.08
1759222800,2025-09-30 09:00:00,686.89,688.87,679.89,682.86
1759226400,2025-09-30 10:00:00,683.05,690.09,680.71,683.71
1759230000,2025-09-30 11:00:00,683.84,701.28,683.27,697.76
1759233600,2025-09-30 12:00:00,697.72,701.64,695.35,699.76
1759237200,2025-09-30 13:00:00,699.92,723.21,697.34,720.49
1759240800,2025-09-30 14:00:00,720.49,721.82,711.48,714.6
1759244400,2025-09-30 15:00:00,714.56,719.26,710.52,710.55
1759248000,2025-09-30 16:00:00,710.74,711.65,695.16,697.26
1759251600,2025-09-30 17:00:00,697.09,705.08,692.27,704.93
1759255200,2025-09-30 18:00:00,704.7,721.11,701,719.82
1759258800,2025-09-30 19:00:00,719.84,732.59,719.48,731.13
1759262400,2025-09-30 20:00:00,730.84,744.23,730.42,744.23
1759266000,2025-09-30 21:00:00,744.16,747.93,738.4,746.09
1759269600,2025-09-30 22:00:00,745.95,746.97,734.67,739.18
1759273200,2025-09-30 23:00:00,739,756.88,737.17,755.24
1759276800,2025-10-01 00:00:00,755.26,756.6,742.71,743.86
1759280400,2025-10-01 01:00:00,743.96,745.77,736.46,740.67
1759284000,2025-10-01 02:00:00,740.61,741.26,726.65,734.94
1759287600,2025-10-01 03:00:00,735.07,742.5,733.32,736.83
1759291200,2025-10-01 04:00:00,736.92,741.45,717.82,718.54
1759294800,2025-10-01 05:00:00,718.61,732.5,717.51,730.21
1759298400,2025-10-01 06:00:00,730.16,735.65,728.71,733.28
1759302000,2025-10-01 07:00:00,733.27,735.28,726.41,726.41
1759305600,2025-10-01 08:00:00,726.55,727.93,720.01,727.54
1759309200,2025-10-01 09:00:00,727.54,728.02,714.02,720.6
1759312800,2025-10-01 10:00:00,720.71,723.89,710.85,713.7
1759316400,2025-10-01 11:00:00,713.44,729.25,711.43,726.35
1759320000,2025-10-01 12:00:00,726.26,733.08,717.53,724.85
1759323600,2025-10-01 13:00:00,725.08,726.76,716.15,717.64
1759327200,2025-10-01 14:00:00,717.6,739.95,717.46,739.62
1759330800,2025-10-01 15:00:00,739.61,743.9,732.42,732.7
1759334400,2025-10-01 16:00:00,732.83,740.79,726.71,739.98
1759338000,2025-10-01 17:00:00,740.06,743.26,731.2,733.12
1759341600,2025-10-01 18:00:00,733.06,736.8,726.27,728.15
1759345200,2025-10-01 19:00:00,728.21,733.88,718.81,720.51
1759348800,2025-10-01 20:00:00,720.17,736.42,719.43,732.71
1759352400,2025-10-01 21:00:00,732.66,738.59,725.09,725.93
1759356000,2025-10-01 22:00:00,726.03,730.3,721.35,725.94
1759359600,2025-10-01 23:00:00,725.69,741.14,723.42,736.88
1759363200,2025-10-02 00:00:00,736.64,743.66,736.24,739.14
1759366800,2025-10-02 01:00:00,739.08,742.67,734.86,735.85
1759370400,2025-10-02 02:00:00,735.74,745.24,733.66,738.68
1759374000,2025-10-02 03:00:00,738.7,744.17,736.32,741.9
1759377600,2025-10-02 04:00:00,741.83,748.6,736.38,736.92
1759381200,2025-10-02 05:00:00,736.99,737.94,731.79,733.94
1759384800,2025-10-02 06:00:00,733.85,742.51,732.68,739.41
1759388400,2025-10-02 07:00:00,739.44,741.85,726.23,736.95
1759392000,2025-10-02 08:00:00,736.74,745.75,728.78,745
1759395600,2025-10-02 09:00:00,744.79,745.45,731.47,736.53
1759399200,2025-10-02 10:00:00,736.35,739.93,727.15,727.15
1759402800,2025-10-02 11:00:00,727.29,730.16,722.82,725.28
1759406400,2025-10-02 12:00:00,725.01,733.53,717.29,718.59
1759410000,2025-10-02 13:00:00,718.77,719.34,696.45,697.96
1759413600,2025-10-02 14:00:00,698.06,698.83,679.36,681.09
1759417200,2025-10-02 15:00:00,681.05,685.75,676.86,681.46
1759420800,2025-10-02 16:00:00,681.25,681.93,674.5,675.83
1759424400,2025-10-02 17:00:00,675.97,677.39,665.52,668.74
1759428000,2025-10-02 18:00:00,668.61,672.76,659.25,662.84
1759431600,2025-10-02 19:00:00,662.66,677.64,659.83,675.65
1759435200,2025-10-02 20:00:00,675.83,677.58,669.42,674.57
1759438800,2025-10-02 21:00:00,674.29,679.87,672.37,674.94
1759442400,2025-10-02 22:00:00,674.93,677.83,669.35,670.68
1759446000,2025-10-02 23:00:00,670.7,673.75,658.61,659.71
1759449600,2025-10-03 00:00:00,659.75,664.49,654.09,654.42
1759453200,2025-10-03 01:00:00,654.41,656.8,648.11,651.07
1759456800,2025-10-03 02:00:00,650.9,653.55,647.17,651.62
1759460400,2025-10-03 03:00:00,651.75,656.86,649.06,655.02
1759464000,2025-10-03 04:00:00,655.05,655.7,644.53,650.33
1759467600,2025-10-03 05:00:00,650.39,654,644.26,652.16
1759471200,2025-10-03 06:00:00,652.29,661.43,650.84,654.74
1759474800,2025-10-03 07:00:00,654.65,668.66,654.48,662.97
1759478400,2025-10-03 08:00:00,663.12,666.52,660.07,666.27
1759482000,2025-10-03 09:00:00,666.19,689.02,665.87,688.29
1759485600,2025-10-03 10:00:00,688.33,696.5,682.38,683.3
1759489200,2025-10-03 11:00:00,683.41,688.02,677.51,680.69
1759492800,2025-10-03 12:00:00,680.91,692.32,680.53,691.17
1759496400,2025-10-03 13:00:00,691.21,699.66,690.63,692.98
1759500000,2025-10-03 14:00:00,693.1,702.61,689.54,699.43
1759503600,2025-10-03 15:00:00,699.45,713.34,695.91,699.89
1759507200,2025-10-03 16:00:00,700.04,709.18,688.91,708.52
1759510800,2025-10-03 17:00:00,708.24,723.87,707.4,723.44
1759514400,2025-10-03 18:00:00,723.47,728.1,720.85,725.18
1759518000,2025-10-03 19:00:00,725.22,726.75,711.07,716.21
1759521600,2025-10-03 20:00:00,716.36,719.71,708.79,719.66
1759525200,2025-10-03 21:00:00,719.71,729.03,717.63,725.79
1759528800,2025-10-03 22:00:00,725.66,728.09,712.38,721.59
1759532400,2025-10-03 23:00:00,721.65,726.08,713.78,714.23
1759536000,2025-10-04 00:00:00,714.26,726.54,710.74,726.54
1759539600,2025-10-04 01:00:00,726.63,738.34,724.22,737.61
1759543200,2025-10-04 02:00:00,737.66,752.28,734.95,747.47
1759546800,2025-10-04 03:00:00,747.3,752.73,742.25,745.89
1759550400,2025-10-04 04:00:00,745.98,746.97,736.16,736.32
1759554000,2025-10-04 05:00:00,736.45,750.29,734.82,746.49
1759557600,2025-10-04 06:00:00,746.32,753.46,744.74,747.22
1759561200,2025-10-04 07:00:00,747.3,752.75,743.09,748.38
1759564800,2025-10-04 08:00:00,748.25,755.63,747.34,753.85
1759568400,2025-10-04 09:00:00,754,762.72,751.5,760.18
1759572000,2025-10-04 10:00:00,760.18,772.57,758.9,772.25
1759575600,2025-10-04 11:00:00,772.43,777.61,760.19,762.56
1759579200,2025-10-04 12:00:00,762.71,773.04,761.63,770.56
1759582800,2025-10-04 13:00:00,770.8,775.74,766.21,771.57
1759586400,2025-10-04 14:00:00,771.36,787.99,768.63,786.92
1759590000,2025-10-04 15:00:00,786.81,795.04,782.41,792.24
1759593600,2025-10-04 16:00:00,792.09,802.57,786.97,794.39
1759597200,2025-10-04 17:00:00,794.52,800.17,784.28,784.54
1759600800,2025-10-04 18:00:00,784.44,793.87,781.56,792.47
1759604400,2025-10-04 19:00:00,792.49,797.49,784.92,785.18
1759608000,2025-10-04 20:00:00,784.96,785.36,775.64,778.87
1759611600,2025-10-04 21:00:00,779.04,788.76,778.17,780.88
1759615200,2025-10-04 22:00:00,781,789.08,780.14,784.99
1759618800,2025-10-04 23:00:00,784.97,785.16,772.63,777.38
1759622400,2025-10-05 00:00:00,777.26,783.83,771.7,777.97
1759626000,2025-10-05 01:00:00,777.98,779.71,768.4,769.42
1759629600,2025-10-05 02:00:00,769.43,785.97,768.69,783.98
1759633200,2025-10-05 03:00:00,784.15,795.52,783.68,789.09
1759636800,2025-10-05 04:00:00,789.04,794.13,780.22,790.04
1759640400,2025-10-05 05:00:00,789.89,797.3,784,787.28
1759644000,2025-10-05 06:00:00,787.5,800.59,787.36,790.9
1759647600,2025-10-05 07:00:00,790.98,792.14,777.1,779.14
1759651200,2025-10-05 08:00:00,779.15,793.92,778.19,793.92
1759654800,2025-10-05 09:00:00,794.1,799.86,791.99,799.73
1759658400,2025-10-05 10:00:00,799.93,816.02,799.18,810.71
1759662000,2025-10-05 11:00:00,810.63,818.93,805.47,818.78
1759665600,2025-10-05 12:00:00,818.46,824.26,810.25,816.97
1759669200,2025-10-05 13:00:00,817.06,819.23,811.3,813.27
1759672800,2025-10-05 14:00:00,813.31,830.85,812.42,825.95
1759676400,2025-10-05 15:00:00,826,830.57,818.49,829.24
1759680000,2025-10-05 16:00:00,829.4,833.59,815.96,820.03
1759683600,2025-10-05 17:00:00,819.84,829,811.64,813.08
1759687200,2025-10-05 18:00:00,813.28,818.5,807.68,816.31
1759690800,2025-10-05 19:00:00,816.32,818.26,802.25,804.44
1759694400,2025-10-05 20:00:00,804.38,808.64,793.46,805.05
1759698000,2025-10-05 21:00:00,805.24,815.53,803.27,815.45
1759701600,2025-10-05 22:00:00,815.55,823.2,809.54,817.77
1759705200,2025-10-05 23:00:00,817.56,827.95,815.54,816.26
1759708800,2025-10-06 00:00:00,816.46,821.04,807.61,809.02
1759712400,2025-10-06 01:00:00,808.85,814.96,804.62,805.13
1759716000,2025-10-06 02:00:00,804.95,817.75,803.14,815.77
1759719600,2025-10-06 03:00:00,815.71,831.74,813.92,821.51
1759723200,2025-10-06 04:00:00,821.76,831.44,813.05,814.51
1759726800,2025-10-06 05:00:00,814.54,822.34,808.39,809.87
1759730400,2025-10-06 06:00:00,809.86,813.3,802.16,802.54
1759734000,2025-10-06 07:00:00,802.39,816.29,799.29,812.17
1759737600,2025-10-06 08:00:00,812.32,815.09,806.5,810.06
1759741200,2025-10-06 09:00:00,809.88,816.54,796.24,797.49
1759744800,2025-10-06 10:00:00,797.61,810.89,797.39,806.07
1759748400,2025-10-06 11:00:00,806.35,809.94,801.64,809.22
1759752000,2025-10-06 12:00:00,809.25,828.31,806.38,827.62
1759755600,2025-10-06 13:00:00,827.69,842.69,827.36,839.83
1759759200,2025-10-06 14:00:00,839.8,858.35,837.67,855.49
1759762800,2025-10-06 15:00:00,855.44,869.35,853.02,867.97
1759766400,2025-10-06 16:00:00,868.27,895.66,863.9,890.89
1759770000,2025-10-06 17:00:00,890.92,899.22,890.28,894.2
1759773600,2025-10-06 18:00:00,894.15,906.02,890.29,890.29
1759777200,2025-10-06 19:00:00,890.44,904.03,887.66,899.5
1759780800,2025-10-06 20:00:00,899.59,917.28,892.35,913.94
1759784400,2025-10-06 21:00:00,913.84,930.3,909.12,927.96
1759788000,2025-10-06 22:00:00,928.16,931.4,920.21,931.39
1759791600,2025-10-06 23:00:00,931.48,939.1,925.62,938.59
1759795200,2025-10-07 00:00:00,938.42,941.67,922.61,924.46
1759798800,2025-10-07 01:00:00,924.36,933.93,921.96,928.77
1759802400,2025-10-07 02:00:00,928.46,936.35,925.86,926.11
1759806000,2025-10-07 03:00:00,926.31,931.87,923.89,928.15
1759809600,2025-10-07 04:00:00,928.18,940.68,923.28,926.45
1759813200,2025-10-07 05:00:00,926.63,934.15,922.49,927.82
1759816800,2025-10-07 06:00:00,927.85,938.79,925.46,926.66
1759820400,2025-10-07 07:00:00,926.74,936.22,920.19,920.84
1759824000,2025-10-07 08:00:00,920.81,926.68,911.78,914.43
1759827600,2025-10-07 09:00:00,914.44,921.52,906.82,913.23
1759831200,2025-10-07 10:00:00,912.98,918.63,908.15,913.93
1759834800,2025-10-07 11:00:00,914.16,943.27,909.66,942.56
1759838400,2025-10-07 12:00:00,942.92,948.19,935.09,944.01
1759842000,2025-10-07 13:00:00,943.66,944.14,925.71,936.25
1759845600,2025-10-07 14:00:00,936.43,949.7,933.73,935
1759849200,2025-10-07 15:00:00,935.16,953.74,934.73,950.87
1759852800,2025-10-07 16:00:00,950.86,964.63,941.63,964.58
1759856400,2025-10-07 17:00:00,964.38,979.29,961.48,972.1
1759860000,2025-10-07 18:00:00,972.13,972.28,952.92,953.45
1759863600,2025-10-07 19:00:00,953.2,954.88,940.76,945.84
1759867200,2025-10-07 20:00:00,945.58,956.19,941.21,955.07
1759870800,2025-10-07 21:00:00,954.86,970.95,953.78,968.23
1759874400,2025-10-07 22:00:00,968.65,969.49,951.65,956.56
1759878000,2025-10-07 23:00:00,956.76,958.67,941.48,942.71
1759881600,2025-10-08 00:00:00,942.76,959.71,940.68,953.28
1759885200,2025-10-08 01:00:00,953.36,978.78,949.93,976.22
1759888800,2025-10-08 02:00:00,976.1,980.81,969.92,973.38
1759892400,2025-10-08 03:00:00,973.63,984.9,972.2,980.86
1759896000,2025-10-08 04:00:00,980.86,993.64,973.84,991.34
1759899600,2025-10-08 05:00:00,991.49,1009.59,990.79,1003.84
1759903200,2025-10-08 06:00:00,1003.91,1015.07,1002.63,1007.09
1759906800,2025-10-08 07:00:00,1007.16,1018.82,1003.21,1012.03
1759910400,2025-10-08 08:00:00,1012.01,1021.37,995.03,1004
1759914000,2025-10-08 09:00:00,1004,1006.24,979.81,979.85
1759917600,2025-10-08 10:00:00,979.98,984.45,967.85,970.58
1759921200,2025-10-08 11:00:00,970.63,978.95,968.71,974.07
1759924800,2025-10-08 12:00:00,974.02,991.56,971.71,986.72
1759928400,2025-10-08 13:00:00,986.92,987.31,976.52,981.89
1759932000,2025-10-08 14:00:00,981.76,990.56,975.74,976.41
1759935600,2025-10-08 15:00:00,976.58,989.21,968.47,980.96
1759939200,2025-10-08 16:00:00,981.14,982.98,971.85,974.51
1759942800,2025-10-08 17:00:00,974.35,985.32,970.28,984
1759946400,2025-10-08 18:00:00,983.88,998.18,982.99,998.13
1759950000,2025-10-08 19:00:00,998.18,1010.33,996.74,1005.54
1759953600,2025-10-08 20:00:00,1005.74,1007.88,991.67,1005.42
1759957200,2025-10-08 21:00:00,1005.61,1013.7,1004.48,1006.15
1759960800,2025-10-08 22:00:00,1006.13,1008.58,996.58,1000.29
1759964400,2025-10-08 23:00:00,1000.31,1005.77,994.18,998.86
1759968000,2025-10-09 00:00:00,998.98,1000.97,984.57,986.87
1759971600,2025-10-09 01:00:00,986.69,992.83,979.89,987.87
1759975200,2025-10-09 02:00:00,987.96,995.08,984.15,990.48
1759978800,2025-10-09 03:00:00,990.67,992,974.2,991.48
1759982400,2025-10-09 04:00:00,991.37,1022.8,987.4,1021.92
1759986000,2025-10-09 05:00:00,1021.93,1035.66,1011.01,1011.76
1759989600,2025-10-09 06:00:00,1011.79,1023.6,1005.99,1013.73
1759993200,2025-10-09 07:00:00,1013.94,1014.44,1002.42,1003.1
1759996800,2025-10-09 08:00:00,1003.27,1014.18,1002.12,1013.41
1760000400,2025-10-09 09:00:00,1013.47,1020.22,1005.13,1017.64
1760004000,2025-10-09 10:00:00,1017.64,1021.88,1010.81,1014.27
1760007600,2025-10-09 11:00:00,1013.91,1024.51,1003.3,1016.19
1760011200,2025-10-09 12:00:00,1016.12,1036.7,1013.61,1026.19
1760014800,2025-10-09 13:00:00,1026.07,1029.17,1017.2,1023.31
1760018400,2025-10-09 14:00:00,1023.36,1033.46,1011.64,1030.94
1760022000,2025-10-09 15:00:00,1031.13,1039.57,1009.71,1015.28
1760025600,2025-10-09 16:00:00,1015.03,1015.03,999.2,1011.17
1760029200,2025-10-09 17:00:00,1011.59,1018.7,1006.37,1011.64
1760032800,2025-10-09 18:00:00,1011.47,1025.88,1005.62,1017.08
1760036400,2025-10-09 19:00:00,1017.15,1033.8,1013.74,1029.12
1760040000,2025-10-09 20:00:00,1029.53,1037.27,1022.04,1022.04
1760043600,2025-10-09 21:00:00,1022.16,1027.28,1013.03,1013.98
1760047200,2025-10-09 22:00:00,1013.71,1020.18,1005.89,1014.64
1760050800,2025-10-09 23:00:00,1014.19,1032.39,1014.12,1024.97
1760054400,2025-10-10 00:00:00,1024.99,1036.83,1020.97,1023.18
1760058000,2025-10-10 01:00:00,1023.59,1027.35,1000.97,1008.06
1760061600,2025-10-10 02:00:00,1007.94,1028.87,1006.15,1020.08
1760065200,2025-10-10 03:00:00,1020.49,1020.57,1002.19,1006.31
1760068800,2025-10-10 04:00:00,1006.24,1012.68,983.67,985.12
1760072400,2025-10-10 05:00:00,985.13,992.96,979.34,983.08
1760076000,2025-10-10 06:00:00,983.24,1033.14,983.07,1032.35
1760079600,2025-10-10 07:00:00,1032.4,1037.8,1022.64,1025.99
1760083200,2025-10-10 08:00:00,1025.85,1027.35,1017.19,1025.59
1760086800,2025-10-10 09:00:00,1025.55,1027.08,1017.4,1021.18
1760090400,2025-10-10 10:00:00,1021.38,1033.28,1020.37,1030.74
1760094000,2025-10-10 11:00:00,1030.32,1040.03,1030.15,1036.9
1760097600,2025-10-10 12:00:00,1037.03,1043.94,1030.28,1042.83
1760101200,2025-10-10 13:00:00,1042.61,1047.63,1032.49,1041.85
1760104800,2025-10-10 14:00:00,1041.61,1052.54,1032.11,1043.05
1760108400,2025-10-10 15:00:00,1043.32,1056.56,1043.09,1055.48
1760112000,2025-10-10 16:00:00,1055.3,1061.75,1051.52,1057.69
1760115600,2025-10-10 17:00:00,1057.5,1071.66,1055.08,1068.86
1760119200,2025-10-10 18:00:00,1068.64,1079.22,1058.95,1077.66
1760122800,2025-10-10 19:00:00,1077.82,1079.65,1057.69,1065.78
1760126400,2025-10-10 20:00:00,1065.36,1080.88,1064.02,1076.35
1760130000,2025-10-10 21:00:00,1076.24,1080.37,1071.01,1075.45
1760133600,2025-10-10 22:00:00,1075.63,1101.97,1075.43,1093.9
1760137200,2025-10-10 23:00:00,1094.09,1097.6,1086.03,1093.29
1760140800,2025-10-11 00:00:00,1093.44,1100.08,1083.42,1091.35
1760144400,2025-10-11 01:00:00,1090.93,1101.19,1084.89,1100.4
1760148000,2025-10-11 02:00:00,1100.63,1106.67,1087.8,1089.48
1760151600,2025-10-11 03:00:00,1089,1089,1074.04,1079.66
1760155200,2025-10-11 04:00:00,1079.45,1080.21,1065.69,1074.02
1760158800,2025-10-11 05:00:00,1074.1,1097.83,1074.1,1095.83
1760162400,2025-10-11 06:00:00,1095.86,1105.32,1091.78,1100.03
1760166000,2025-10-11 07:00:00,1099.76,1108.24,1082.56,1085.58
1760169600,2025-10-11 08:00:00,1085.66,1093.68,1083.74,1092.02
1760173200,2025-10-11 09:00:00,1092.05,1122.15,1088.88,1120.78
1760176800,2025-10-11 10:00:00,1120.88,1121.81,1107.03,1117.06
1760180400,2025-10-11 11:00:00,1117.13,1138.23,1115.04,1135.21
1760184000,2025-10-11 12:00:00,1135.61,1154.54,1133.6,1140.03
1760187600,2025-10-11 13:00:00,1140.05,1141.19,1126.18,1128.76
1760191200,2025-10-11 14:00:00,1128.46,1148.71,1118.42,1148.37
1760194800,2025-10-11 15:00:00,1148.55,1149.12,1134.21,1135.66
1760198400,2025-10-11 16:00:00,1135.71,1147.42,1129.14,1140.29
1760202000,2025-10-11 17:00:00,1140.18,1140.84,1129.84,1136.29
1760205600,2025-10-11 18:00:00,1136.3,1137.5,1122.43,1128.55
1760209200,2025-10-11 19:00:00,1128.46,1141.27,1125.44,1129.51
1760212800,2025-10-11 20:00:00,1129.48,1136.99,1111.3,1112.9
1760216400,2025-10-11 21:00:00,1113.09,1126.84,1109.82,1112.72
1760220000,2025-10-11 22:00:00,1112.68,1120.97,1104.24,1116.75
1760223600,2025-10-11 23:00:00,1116.36,1130.18,1109.35,1125.19
1760227200,2025-10-12 00:00:00,1125.17,1126.2,1113.42,1117.29
1760230800,2025-10-12 01:00:00,1116.97,1139.7,1108.12,1130.63
1760234400,2025-10-12 02:00:00,1130.66,1151.23,1129.91,1150.35
1760238000,2025-10-12 03:00:00,1150.24,1153.04,1130.34,1135.47
1760241600,2025-10-12 04:00:00,1135.06,1137.38,1120.71,1129.32
1760245200,2025-10-12 05:00:00,1129.24,1132.19,1115.71,1115.81
1760248800,2025-10-12 06:00:00,1115.66,1116.46,1106.46,1109.2
1760252400,2025-10-12 07:00:00,1109.14,1125.67,1107.09,1125.46
1760256000,2025-10-12 08:00:00,1125.19,1135.4,1121.53,1125.32
1760259600,2025-10-12 09:00:00,1125.3,1125.48,1111.67,1117.96
1760263200,2025-10-12 10:00:00,1117.84,1128.37,1114.57,1124.54
1760266800,2025-10-12 11:00:00,1124.51,1138.7,1123.28,1136.41
1760270400,2025-10-12 12:00:00,1136.83,1145.21,1131.88,1134.36
1760274000,2025-10-12 13:00:00,1134.58,1168.89,1131.32,1168.74
1760277600,2025-10-12 14:00:00,1168.83,1177.72,1156.56,1173.37
1760281200,2025-10-12 15:00:00,1173.5,1181.18,1168.99,1169.07
1760284800,2025-10-12 16:00:00,1169.52,1173.64,1156.46,1167.53
1760288400,2025-10-12 17:00:00,1167.65,1177.54,1160.11,1177.24
1760292000,2025-10-12 18:00:00,1177.44,1177.52,1152.36,1154.58
1760295600,2025-10-12 19:00:00,1154.23,1156.59,1136.87,1138.73
1760299200,2025-10-12 20:00:00,1138.52,1163.33,1128.38,1160.76
1760302800,2025-10-12 21:00:00,1160.66,1169.02,1155.31,1158.49
1760306400,2025-10-12 22:00:00,1158.68,1160.88,1135.35,1139.07
1760310000,2025-10-12 23:00:00,1139.17,1159.45,1137.79,1141.14
1760313600,2025-10-13 00:00:00,1140.71,1159.71,1140.34,1153.6
1760317200,2025-10-13 01:00:00,1153.94,1174.99,1152.12,1169.68
1760320800,2025-10-13 02:00:00,1169.55,1180.48,1165.02,1169.45
1760324400,2025-10-13 03:00:00,1169.39,1171.9,1154.37,1157.68
1760328000,2025-10-13 04:00:00,1157.52,1162.16,1148.79,1155.23
1760331600,2025-10-13 05:00:00,1155.09,1160.72,1139.29,1139.58
1760335200,2025-10-13 06:00:00,1139.17,1143.12,1113.77,1115.31
1760338800,2025-10-13 07:00:00,1115.38,1116.43,1096.33,1104.88
1760342400,2025-10-13 08:00:00,1104.77,1119.39,1104.4,1111.28
1760346000,2025-10-13 09:00:00,1111.35,1123.77,1110,1113.13
1760349600,2025-10-13 10:00:00,1113.2,1119.82,1102.02,1106.73
1760353200,2025-10-13 11:00:00,1106.48,1112.01,1101.73,1104.8
1760356800,2025-10-13 12:00:00,1104.97,1115.01,1098.9,1100.25
1760360400,2025-10-13 13:00:00,1100.41,1116.83,1098.94,1107.45
1760364000,2025-10-13 14:00:00,1107.39,1111.52,1098.44,1106.7
1760367600,2025-10-13 15:00:00,1106.44,1110.91,1101.64,1109
1760371200,2025-10-13 16:00:00,1109.27,1118.06,1101.46,1101.98
1760374800,2025-10-13 17:00:00,1102.04,1112.85,1096.21,1103.06
1760378400,2025-10-13 18:00:00,1103.23,1118.73,1097.41,1115.48
1760382000,2025-10-13 19:00:00,1115.16,1129.48,1109.88,1126.17
1760385600,2025-10-13 20:00:00,1126.11,1135.97,1123.73,1128.02
1760389200,2025-10-13 21:00:00,1128.1,1131.55,1115.07,1117.57
1760392800,2025-10-13 22:00:00,1117.39,1137.99,1111.4,1137.42
1760396400,2025-10-13 23:00:00,1137.42,1140.75,1129.37,1130.85
1760400000,2025-10-14 00:00:00,1130.91,1135.81,1122.31,1135.81
1760403600,2025-10-14 01:00:00,1135.53,1141.98,1128.31,1132.81
1760407200,2025-10-14 02:00:00,1132.87,1142.85,1124.2,1139.41
1760410800,2025-10-14 03:00:00,1139.2,1147.46,1130.26,1141.22
1760414400,2025-10-14 04:00:00,1141.03,1148.51,1130.92,1139.4
1760418000,2025-10-14 05:00:00,1139.24,1145.09,1132.09,1139.6
1760421600,2025-10-14 06:00:00,1139.26,1149.47,1134.16,1136.73
1760425200,2025-10-14 07:00:00,1136.53,1164.96,1134.78,1164.42
1760428800,2025-10-14 08:00:00,1164.09,1180.57,1158.68,1159.99
1760432400,2025-10-14 09:00:00,1159.78,1160.44,1138.6,1145.85
1760436000,2025-10-14 10:00:00,1145.61,1148.57,1135.34,1137.49
1760439600,2025-10-14 11:00:00,1137.71,1145.91,1131.26,1145.86
1760443200,2025-10-14 12:00:00,1146.14,1170.32,1142.37,1169.49
1760446800,2025-10-14 13:00:00,1169.35,1173.1,1151.61,1157.66
1760450400,2025-10-14 14:00:00,1157.56,1161.81,1133.21,1134
1760454000,2025-10-14 15:00:00,1134.06,1147.47,1133.37,1145.39
1760457600,2025-10-14 16:00:00,1145.5,1155.92,1135.65,1150.65
1760461200,2025-10-14 17:00:00,1150.72,1157.42,1133.5,1136.27
1760464800,2025-10-14 18:00:00,1136.29,1152.97,1132.48,1150.65
1760468400,2025-10-14 19:00:00,1150.92,1153.14,1144.48,1150.56
1760472000,2025-10-14 20:00:00,1151.01,1151.01,1116.77,1120.52
1760475600,2025-10-14 21:00:00,1120.68,1123.41,1111.74,1119.97
1760479200,2025-10-14 22:00:00,1119.98,1134.38,1116.63,1134
1760482800,2025-10-14 23:00:00,1133.94,1134.74,1107.99,1108.35
1760486400,2025-10-15 00:00:00,1108.31,1119.33,1106.83,1107.59
1760490000,2025-10-15 01:00:00,1107.7,1117.87,1102.1,1105.53
1760493600,2025-10-15 02:00:00,1105.72,1115.86,1102.21,1110.69
1760497200,2025-10-15 03:00:00,1110.62,1118.11,1104.19,1110.23
1760500800,2025-10-15 04:00:00,1110.09,1127.4,1108.1,1125.25
1760504400,2025-10-15 05:00:00,1125.36,1130.11,1107.98,1129.81
1760508000,2025-10-15 06:00:00,1129.75,1129.82,1101.02,1102.93
1760511600,2025-10-15 07:00:00,1102.65,1112.62,1087.82,1089.89
1760515200,2025-10-15 08:00:00,1089.93,1092.3,1066.51,1067.97
1760518800,2025-10-15 09:00:00,1068.22,1075.75,1061.95,1067.28
1760522400,2025-10-15 10:00:00,1067.07,1071.47,1040.76,1042.11
1760526000,2025-10-15 11:00:00,1042.16,1050.83,1035.62,1047.84
1760529600,2025-10-15 12:00:00,1047.48,1053.86,1043.72,1046.13
1760533200,2025-10-15 13:00:00,1046.63,1047.75,1028.73,1034.97
1760536800,2025-10-15 14:00:00,1034.95,1056.89,1034.15,1047.17
1760540400,2025-10-15 15:00:00,1047.41,1057.71,1046.62,1053.99
1760544000,2025-10-15 16:00:00,1053.73,1060.91,1041.76,1044.28
1760547600,2025-10-15 17:00:00,1044.3,1044.53,1034.05,1035.59
1760551200,2025-10-15 18:00:00,1035.4,1043.27,1025.56,1026.91
1760554800,2025-10-15 19:00:00,1027.18,1037.61,1025.26,1026.41
1760558400,2025-10-15 20:00:00,1026.47,1034.47,1015.66,1019.85
1760562000,2025-10-15 21:00:00,1019.77,1037.22,1014.75,1032.92
1760565600,2025-10-15 22:00:00,1032.74,1055.28,1029.07,1049.66
1760569200,2025-10-15 23:00:00,1049.94,1050.18,1027.87,1030.58
1760572800,2025-10-16 00:00:00,1030.65,1033.75,1012.73,1018.04
1760576400,2025-10-16 01:00:00,1017.87,1021.37,1005.69,1008.33
1760580000,2025-10-16 02:00:00,1008.37,1025.21,1006.81,1013.7
1760583600,2025-10-16 03:00:00,1013.7,1019.43,996.69,1005.56
1760587200,2025-10-16 04:00:00,1005.7,1012.04,999.32,1006.62
1760590800,2025-10-16 05:00:00,1006.3,1010.86,999.04,1003.35
1760594400,2025-10-16 06:00:00,1003.45,1003.46,969.4,975.75
1760598000,2025-10-16 07:00:00,976.04,986.05,973.52,985.04
1760601600,2025-10-16 08:00:00,984.85,993.6,981,982.6
1760605200,2025-10-16 09:00:00,982.73,988.26,979.76,983.77
1760608800,2025-10-16 10:00:00,983.58,997.45,980.95,985.52
1760612400,2025-10-16 11:00:00,985.49,991.15,977.14,988.95
1760616000,2025-10-16 12:00:00,989.04,994.91,977.13,977.7
1760619600,2025-10-16 13:00:00,977.57,978.18,966.88,973.04
1760623200,2025-10-16 14:00:00,973.13,973.43,961.15,970.58
1760626800,2025-10-16 15:00:00,970.52,990.51,969.52,985.69
1760630400,2025-10-16 16:00:00,985.83,992.68,978.91,984.54
1760634000,2025-10-16 17:00:00,984.38,1007.95,982.62,1005.84
1760637600,2025-10-16 18:00:00,1005.79,1005.8,988.09,988.09
1760641200,2025-10-16 19:00:00,988.32,990.13,980.18,984.47
1760644800,2025-10-16 20:00:00,984.38,985.66,967.16,967.57
1760648400,2025-10-16 21:00:00,967.62,973.97,961.24,961.32
1760652000,2025-10-16 22:00:00,961.25,965.38,953.72,955.49
1760655600,2025-10-16 23:00:00,955.61,967.49,951.88,967.23
1760659200,2025-10-17 00:00:00,967.66,977.85,966.08,974.81
1760662800,2025-10-17 01:00:00,974.84,980.55,964.56,971.95
1760666400,2025-10-17 02:00:00,971.95,975.92,963.08,966.77
1760670000,2025-10-17 03:00:00,966.85,981.81,966.67,979.05
1760673600,2025-10-17 04:00:00,979.24,991.18,978.23,983.26
1760677200,2025-10-17 05:00:00,982.84,1003.5,980.87,1001.79
1760680800,2025-10-17 06:00:00,1001.67,1002.59,986.41,993.53
1760684400,2025-10-17 07:00:00,993.81,994.49,969.06,970.22
1760688000,2025-10-17 08:00:00,969.92,978.77,964.91,971.22
1760691600,2025-10-17 09:00:00,971.07,983.24,964.57,978.83
1760695200,2025-10-17 10:00:00,978.98,981.17,965.23,966.72
1760698800,2025-10-17 11:00:00,966.77,975.59,962.42,964.15
1760702400,2025-10-17 12:00:00,963.88,969.15,954.61,965.39
1760706000,2025-10-17 13:00:00,965.61,980.64,965.01,973.52
1760709600,2025-10-17 14:00:00,973.72,982.53,969.34,982.2
1760713200,2025-10-17 15:00:00,982.43,982.7,974.41,979.21
1760716800,2025-10-17 16:00:00,978.85,987.86,970.39,981.86
1760720400,2025-10-17 17:00:00,981.89,991.06,979.56,986.62
1760724000,2025-10-17 18:00:00,986.58,986.61,963.57,966.97
1760727600,2025-10-17 19:00:00,967.44,970.04,954.38,954.72
1760731200,2025-10-17 20:00:00,954.82,962.73,943.43,956.17
1760734800,2025-10-17 21:00:00,956.24,960.14,945.92,946.28
1760738400,2025-10-17 22:00:00,946.84,959.7,946.28,949.58
1760742000,2025-10-17 23:00:00,949.72,950.46,937.07,944.94
1760745600,2025-10-18 00:00:00,944.85,954.63,935.03,939.78
1760749200,2025-10-18 01:00:00,939.81,948.48,931.48,936.72
1760752800,2025-10-18 02:00:00,936.77,941.73,933.51,937.33
1760756400,2025-10-18 03:00:00,937.47,940.38,929.14,934.09
1760760000,2025-10-18 04:00:00,933.96,941.61,928.58,930.88
1760763600,2025-10-18 05:00:00,931.23,933.96,916.41,921.87
1760767200,2025-10-18 06:00:00,922.04,932.74,921.37,930.42
1760770800,2025-10-18 07:00:00,930.54,931.23,912.18,919.27
1760774400,2025-10-18 08:00:00,919.19,942.11,919.18,935.76
1760778000,2025-10-18 09:00:00,935.33,948.87,928.92,946.81
1760781600,2025-10-18 10:00:00,946.81,964.73,944.89,963.84
1760785200,2025-10-18 11:00:00,963.73,964.32,951.93,961.22
1760788800,2025-10-18 12:00:00,961.38,964.36,948.89,957.37
1760792400,2025-10-18 13:00:00,957.21,957.61,938.08,940.22
1760796000,2025-10-18 14:00:00,940.39,949.39,937.71,945.61
1760799600,2025-10-18 15:00:00,945.51,947.38,930.99,938.85
1760803200,2025-10-18 16:00:00,939.13,951.93,935.46,936.03
1760806800,2025-10-18 17:00:00,936.25,937.91,910.62,913.96
1760810400,2025-10-18 18:00:00,913.4,921.67,910.88,919.86
1760814000,2025-10-18 19:00:00,920.21,923.69,908.33,922.95
1760817600,2025-10-18 20:00:00,922.94,925.94,911.35,912.25
1760821200,2025-10-18 21:00:00,912.46,914.46,901.78,902.96
1760824800,2025-10-18 22:00:00,902.92,904.64,893.06,899.49
1760828400,2025-10-18 23:00:00,899.53,901.52,889.71,894.5
1760832000,2025-10-19 00:00:00,894.6,907.74,893.76,900.11
1760835600,2025-10-19 01:00:00,900.27,908.05,894.27,901.04
1760839200,2025-10-19 02:00:00,900.91,903.59,893.16,895.88
1760842800,2025-10-19 03:00:00,896,904.99,890.46,899.34
1760846400,2025-10-19 04:00:00,899.35,912.3,897.03,908.53
1760850000,2025-10-19 05:00:00,908.53,917.37,904.69,907.41
1760853600,2025-10-19 06:00:00,907.34,911.04,898.54,900.52
1760857200,2025-10-19 07:00:00,900.5,911.9,896.83,897.94
1760860800,2025-10-19 08:00:00,897.83,900.27,882.96,893.24
1760864400,2025-10-19 09:00:00,893.26,897.86,884.53,889.37
1760868000,2025-10-19 10:00:00,889.14,897.16,880.94,881.19
1760871600,2025-10-19 11:00:00,881.26,892.33,876.95,881.79
1760875200,2025-10-19 12:00:00,881.75,881.75,871.81,874.18
1760878800,2025-10-19 13:00:00,874.26,880.26,868.84,871.08
1760882400,2025-10-19 14:00:00,871.11,876.45,866.36,867.62
1760886000,2025-10-19 15:00:00,867.64,881.67,867.61,880.16
1760889600,2025-10-19 16:00:00,880,888.86,877.12,877.12
1760893200,2025-10-19 17:00:00,877.14,880.06,870.27,872.91
1760896800,2025-10-19 18:00:00,872.84,877.24,863.75,869.99
1760900400,2025-10-19 19:00:00,869.96,879.76,866.55,866.6
1760904000,2025-10-19 20:00:00,866.67,875.6,862.9,874.25
1760907600,2025-10-19 21:00:00,874.33,880.12,868.98,877.62
1760911200,2025-10-19 22:00:00,877.49,878.52,864.76,865.68
1760914800,2025-10-19 23:00:00,865.69,873.71,860.6,866.15
1760918400,2025-10-20 00:00:00,865.99,880.75,861.34,879.86
1760922000,2025-10-20 01:00:00,879.87,883.11,877.42,879.36
1760925600,2025-10-20 02:00:00,879.46,880.49,865.67,872
1760929200,2025-10-20 03:00:00,871.9,878.77,866.14,867.23
1760932800,2025-10-20 04:00:00,867.23,869.65,850.81,851.84
1760936400,2025-10-20 05:00:00,851.87,851.92,831.77,847.67
1760940000,2025-10-20 06:00:00,847.89,853.24,840.96,850.93
1760943600,2025-10-20 07:00:00,850.89,858.07,843.32,844.56
1760947200,2025-10-20 08:00:00,844.53,867.83,844.53,867.74
1760950800,2025-10-20 09:00:00,867.83,876.3,864.87,871.1
1760954400,2025-10-20 10:00:00,871.17,874.51,859.3,860.76
1760958000,2025-10-20 11:00:00,860.84,880.98,859.08,878.48
1760961600,2025-10-20 12:00:00,878.46,895.9,873.95,892.6
1760965200,2025-10-20 13:00:00,892.61,915.75,892.51,913.55
1760968800,2025-10-20 14:00:00,913.37,916.52,901.62,901.62
1760972400,2025-10-20 15:00:00,901.62,910.24,900.84,901.39
1760976000,2025-10-20 16:00:00,901.51,904.36,890.86,893.72
1760979600,2025-10-20 17:00:00,893.83,895.56,884.17,886.39
1760983200,2025-10-20 18:00:00,886.48,888.43,872.2,884.81
1760986800,2025-10-20 19:00:00,884.69,892.12,877.84,878.21
1760990400,2025-10-20 20:00:00,878.17,882.25,858.72,865.95
1760994000,2025-10-20 21:00:00,866.12,870.62,858.11,863.28
1760997600,2025-10-20 22:00:00,863.17,867.63,852.7,858.27
1761001200,2025-10-20 23:00:00,857.96,864.64,852.66,853.79
1761004800,2025-10-21 00:00:00,853.99,859.87,847.95,850.83
1761008400,2025-10-21 01:00:00,850.81,857.44,842.04,857.4
1761012000,2025-10-21 02:00:00,857.4,858.5,843.1,846.34
1761015600,2025-10-21 03:00:00,846.57,858.48,845.31,848.41
1761019200,2025-10-21 04:00:00,848.15,848.66,832.52,834.45
1761022800,2025-10-21 05:00:00,834.52,842.57,834.08,838.85
1761026400,2025-10-21 06:00:00,838.91,839,825.2,825.63
1761030000,2025-10-21 07:00:00,825.98,828.09,813.86,816.62
1761033600,2025-10-21 08:00:00,816.5,821.58,810.08,810.23
1761037200,2025-10-21 09:00:00,810.09,825.52,807.2,823.9
1761040800,2025-10-21 10:00:00,823.82,827.46,815.97,822.35
1761044400,2025-10-21 11:00:00,822.43,832.54,814.75,815.11
1761048000,2025-10-21 12:00:00,815.27,817.72,802.81,807.17
1761051600,2025-10-21 13:00:00,807.41,812.21,799.61,807.18
1761055200,2025-10-21 14:00:00,807.23,811.42,795.74,795.74
1761058800,2025-10-21 15:00:00,795.89,797.84,783.92,785.61
1761062400,2025-10-21 16:00:00,785.65,788.31,771.19,773.85
1761066000,2025-10-21 17:00:00,773.88,774.09,765.47,766.45
1761069600,2025-10-21 18:00:00,766.4,768.9,763.4,764.23
1761073200,2025-10-21 19:00:00,764.44,780.8,760.2,771.12
1761076800,2025-10-21 20:00:00,771.07,776.75,765.42,765.52
1761080400,2025-10-21 21:00:00,765.43,781.27,759.4,780.58
1761084000,2025-10-21 22:00:00,780.45,783.43,765.89,768.26
1761087600,2025-10-21 23:00:00,768.08,775.1,762.15,762.66
1761091200,2025-10-22 00:00:00,762.79,766.38,744.95,745.08
1761094800,2025-10-22 01:00:00,745.15,750.69,740.27,749.44
1761098400,2025-10-22 02:00:00,749.42,749.69,742.09,743.79
1761102000,2025-10-22 03:00:00,743.86,751.74,740.07,740.43
1761105600,2025-10-22 04:00:00,740.39,744.42,736.09,739.35
1761109200,2025-10-22 05:00:00,739.39,752.44,739.34,752.44
1761112800,2025-10-22 06:00:00,752.34,759.55,750.49,754.75
1761116400,2025-10-22 07:00:00,754.84,765.74,754.19,757.34
1761120000,2025-10-22 08:00:00,757.37,765.8,750.89,750.89
1761123600,2025-10-22 09:00:00,750.88,758.22,747.82,749.66
1761127200,2025-10-22 10:00:00,749.82,758.46,747.5,755.55
1761130800,2025-10-22 11:00:00,755.73,763.6,753.41,760.25
1761134400,2025-10-22 12:00:00,760.4,776.17,760.4,767.05
1761138000,2025-10-22 13:00:00,767.1,774.97,763.97,770.71
1761141600,2025-10-22 14:00:00,770.6,780.08,768.67,779.61
1761145200,2025-10-22 15:00:00,779.56,779.66,764.48,769
1761148800,2025-10-22 16:00:00,769,770.84,759.98,765.13
1761152400,2025-10-22 17:00:00,765.23,767.59,759.96,764.01
1761156000,2025-10-22 18:00:00,764.11,765.1,755.26,758.94
1761159600,2025-10-22 19:00:00,759.14,764.37,753.7,762.97
1761163200,2025-10-22 20:00:00,763.04,776.58,762.86,774.37
1761166800,2025-10-22 21:00:00,774.51,783.91,773.98,777.42
1761170400,2025-10-22 22:00:00,777.28,784.28,769.84,783.16
1761174000,2025-10-22 23:00:00,783.21,791.57,772.72,774.7
1761177600,2025-10-23 00:00:00,774.72,777.11,770.03,771.7
1761181200,2025-10-23 01:00:00,771.84,773.8,759.69,760.08
1761184800,2025-10-23 02:00:00,760.12,762.3,750.74,757.11
1761188400,2025-10-23 03:00:00,757.19,767.71,756.74,765.16
1761192000,2025-10-23 04:00:00,765.16,770.3,759.85,761.48
1761195600,2025-10-23 05:00:00,761.62,768.49,755.35,764.21
1761199200,2025-10-23 06:00:00,764.14,768.93,759.13,765.53
1761202800,2025-10-23 07:00:00,765.52,770.51,762.42,768.87
1761206400,2025-10-23 08:00:00,768.94,775.27,763.83,774.05
1761210000,2025-10-23 09:00:00,773.98,783.92,765.59,778.72
1761213600,2025-10-23 10:00:00,778.63,792.2,776.36,788.28
1761217200,2025-10-23 11:00:00,788.15,798.04,788.15,795.01
1761220800,2025-10-23 12:00:00,795.27,819,795.27,814.94
1761224400,2025-10-23 13:00:00,814.71,820.83,810.83,817.38
1761228000,2025-10-23 14:00:00,817.42,823,808.52,818.34
1761231600,2025-10-23 15:00:00,818.3,820.98,809.52,815.35
1761235200,2025-10-23 16:00:00,815.38,823.52,811.28,818.03
1761238800,2025-10-23 17:00:00,817.74,819.97,810.5,813.16
1761242400,2025-10-23 18:00:00,813.32,822.62,808.04,808.24
1761246000,2025-10-23 19:00:00,808.28,814.31,804.66,812.44
1761249600,2025-10-23 20:00:00,812.65,818.74,796.64,801.26
1761253200,2025-10-23 21:00:00,801.21,805.42,798.01,802.87
1761256800,2025-10-23 22:00:00,803.01,805.67,795.49,801.36
1761260400,2025-10-23 23:00:00,801.21,802.03,792.52,795.45
1761264000,2025-10-24 00:00:00,795.58,799.9,783.34,786.97
1761267600,2025-10-24 01:00:00,786.91,787.47,773.73,782.46
1761271200,2025-10-24 02:00:00,782.47,792.45,779.29,790.2
1761274800,2025-10-24 03:00:00,790.52,801.67,789.47,800.28
1761278400,2025-10-24 04:00:00,800.51,817.01,800.4,813.18
1761282000,2025-10-24 05:00:00,813.13,826.17,811.52,826.17
1761285600,2025-10-24 06:00:00,826.27,828.25,810.52,818.5
1761289200,2025-10-24 07:00:00,818.54,831.56,813.43,822.63
1761292800,2025-10-24 08:00:00,822.46,825.89,812.29,815.03
1761296400,2025-10-24 09:00:00,814.91,831.1,814.46,824.1
1761300000,2025-10-24 10:00:00,824.16,844.89,823.04,843.78
1761303600,2025-10-24 11:00:00,843.71,850.48,836.01,836.82
1761307200,2025-10-24 12:00:00,836.96,845.41,836.46,843.83
1761310800,2025-10-24 13:00:00,843.57,843.76,830.99,833.26
1761314400,2025-10-24 14:00:00,833.12,838.91,826.43,834.11
1761318000,2025-10-24 15:00:00,834.05,850,831.58,845.71
1761321600,2025-10-24 16:00:00,845.48,871.37,843.08,870.02
1761325200,2025-10-24 17:00:00,869.88,877.56,866.88,874.88
1761328800,2025-10-24 18:00:00,874.85,888.7,870.15,870.94
1761332400,2025-10-24 19:00:00,870.92,873.27,858.07,862.68
1761336000,2025-10-24 20:00:00,862.85,870.47,861.45,867.44
1761339600,2025-10-24 21:00:00,867.54,877.12,859.54,875.14
1761343200,2025-10-24 22:00:00,875.28,875.91,869.52,875.51
1761346800,2025-10-24 23:00:00,875.29,878.22,865.29,878.05
1761350400,2025-10-25 00:00:00,878.08,885.03,862.43,862.43
1761354000,2025-10-25 01:00:00,862.52,869.8,849.32,850.38
1761357600,2025-10-25 02:00:00,850.52,865.13,844.41,862.36
1761361200,2025-10-25 03:00:00,862.53,872.59,861.6,869.82
1761364800,2025-10-25 04:00:00,869.56,884.13,869.49,883.74
1761368400,2025-10-25 05:00:00,883.96,894.2,882.27,890.79
1761372000,2025-10-25 06:00:00,890.76,892.55,879.77,891.38
1761375600,2025-10-25 07:00:00,891.38,895.25,877.27,882.08
1761379200,2025-10-25 08:00:00,882.08,888.87,873.63,882.67
1761382800,2025-10-25 09:00:00,882.69,887.08,872.94,874.8
1761386400,2025-10-25 10:00:00,874.9,882.31,873.97,875.33
1761390000,2025-10-25 11:00:00,875.12,900.91,870.17,897.02
1761393600,2025-10-25 12:00:00,896.81,902.71,892.43,896.82
1761397200,2025-10-25 13:00:00,896.92,907.94,895.78,897.15
1761400800,2025-10-25 14:00:00,897.29,910.82,894.61,900.94
1761404400,2025-10-25 15:00:00,900.88,902.49,879.65,880.25
1761408000,2025-10-25 16:00:00,880.58,894.42,880.15,888.48
1761411600,2025-10-25 17:00:00,888.32,893.03,884.66,887.12
1761415200,2025-10-25 18:00:00,887.16,894.89,879.23,881.88
1761418800,2025-10-25 19:00:00,881.86,907.68,881.13,901.46
1761422400,2025-10-25 20:00:00,901.59,915.95,897.95,912.76
1761426000,2025-10-25 21:00:00,913.01,918.59,888.59,891.07
1761429600,2025-10-25 22:00:00,891.09,901.41,884.02,900.31
1761433200,2025-10-25 23:00:00,900.03,902.57,884.95,895.11
1761436800,2025-10-26 00:00:00,895.18,900.82,887.18,898.66
1761440400,2025-10-26 01:00:00,898.53,901.54,886.98,893.49
1761444000,2025-10-26 02:00:00,893.38,906.95,887.98,892.3
1761447600,2025-10-26 03:00:00,892.48,910.77,892.48,909.43
1761451200,2025-10-26 04:00:00,909.38,921.54,907.97,918.48
1761454800,2025-10-26 05:00:00,918.41,936.52,915.3,927.5
1761458400,2025-10-26 06:00:00,927.46,942.42,924.31,929.73
1761462000,2025-10-26 07:00:00,929.94,941.76,920.58,939.81
1761465600,2025-10-26 08:00:00,939.69,962.95,935.86,960.88
1761469200,2025-10-26 09:00:00,960.63,963.63,950.87,951.93
1761472800,2025-10-26 10:00:00,952.1,954.3,945.68,951.79
1761476400,2025-10-26 11:00:00,951.95,956.11,942.55,942.88
1761480000,2025-10-26 12:00:00,942.85,943,928.87,938.49
1761483600,2025-10-26 13:00:00,938.37,947.99,935.69,938.09
1761487200,2025-10-26 14:00:00,938.35,947.52,933.1,939.55
1761490800,2025-10-26 15:00:00,939.34,939.67,927.8,936.5
1761494400,2025-10-26 16:00:00,936.32,946.76,928.74,940.12
1761498000,2025-10-26 17:00:00,940.03,951.83,938.6,948.23
1761501600,2025-10-26 18:00:00,948.28,966.61,947.97,966.51
1761505200,2025-10-26 19:00:00,966.7,967.76,951.07,953.55
1761508800,2025-10-26 20:00:00,953.24,958.08,934.45,935.56
1761512400,2025-10-26 21:00:00,935.61,947.95,933.56,943.83
1761516000,2025-10-26 22:00:00,943.62,969.09,942.27,966.46
1761519600,2025-10-26 23:00:00,966.68,977.26,960.35,968.16
1761523200,2025-10-27 00:00:00,968.04,982.12,965.95,980.12
1761526800,2025-10-27 01:00:00,980,988.52,972.18,973.84
1761530400,2025-10-27 02:00:00,973.79,974.45,952.71,953.56
1761534000,2025-10-27 03:00:00,953.62,963.91,950.36,951.45
1761537600,2025-10-27 04:00:00,951.43,954.75,943,945.73
1761541200,2025-10-27 05:00:00,945.8,953.72,934.83,938.81
1761544800,2025-10-27 06:00:00,938.48,960.4,937.06,958.88
1761548400,2025-10-27 07:00:00,958.92,965.55,951.43,956.71
1761552000,2025-10-27 08:00:00,957.04,957.85,942.17,949.19
1761555600,2025-10-27 09:00:00,949.09,953.65,939.95,951.71
1761559200,2025-10-27 10:00:00,951.9,965.79,947.79,960.65
1761562800,2025-10-27 11:00:00,960.49,972.08,960.49,965.87
1761566400,2025-10-27 12:00:00,965.85,971.51,959.39,960.08
1761570000,2025-10-27 13:00:00,959.84,972.66,959.15,963.24
1761573600,2025-10-27 14:00:00,962.87,974.91,961.49,970.2
1761577200,2025-10-27 15:00:00,970.28,979.3,968.81,969.85
1761580800,2025-10-27 16:00:00,969.9,985.14,969.16,972.92
1761584400,2025-10-27 17:00:00,972.81,980.88,966.96,972.31
1761588000,2025-10-27 18:00:00,972.34,979.52,964.92,968.36
1761591600,2025-10-27 19:00:00,968.31,981.38,967.99,981.33
1761595200,2025-10-27 20:00:00,981.47,994.72,970.8,993.6
1761598800,2025-10-27 21:00:00,993.55,993.64,982.72,984.74
1761602400,2025-10-27 22:00:00,984.69,986.68,972.68,982.48
1761606000,2025-10-27 23:00:00,982.26,983.16,953.08,953.69
1761609600,2025-10-28 00:00:00,953.45,957.61,949.8,953.95
1761613200,2025-10-28 01:00:00,953.95,959.9,947.52,949.63
1761616800,2025-10-28 02:00:00,949.47,961.55,946.54,960.23
1761620400,2025-10-28 03:00:00,960.17,961.35,945.19,952.76
1761624000,2025-10-28 04:00:00,952.69,956.76,948.29,948.95
1761627600,2025-10-28 05:00:00,948.97,959.83,945.75,954.83
1761631200,2025-10-28 06:00:00,954.71,955.81,934.65,937.12
1761634800,2025-10-28 07:00:00,936.97,950.95,932.21,949.59
1761638400,2025-10-28 08:00:00,949.63,955.22,935.69,938.24
1761642000,2025-10-28 09:00:00,938.36,939.32,925.89,928.69
1761645600,2025-10-28 10:00:00,928.28,931.13,920.98,924.8
1761649200,2025-10-28 11:00:00,924.66,931.92,918.62,919.56
1761652800,2025-10-28 12:00:00,919.67,926.43,917.18,922.29
1761656400,2025-10-28 13:00:00,922.38,927.66,912.38,917.11
1761660000,2025-10-28 14:00:00,916.93,926.2,912.69,922.78
1761663600,2025-10-28 15:00:00,922.74,925.14,904.99,908.29
1761667200,2025-10-28 16:00:00,908.08,914.99,903.19,904.9
1761670800,2025-10-28 17:00:00,905.13,919.9,902.2,902.2
1761674400,2025-10-28 18:00:00,901.99,914.7,896.93,911.85
1761678000,2025-10-28 19:00:00,911.81,912.28,901.39,902.81
1761681600,2025-10-28 20:00:00,902.65,911.52,896.74,900.12
1761685200,2025-10-28 21:00:00,900.18,903.89,886.06,893.65
1761688800,2025-10-28 22:00:00,893.59,904.81,890.78,899.91
1761692400,2025-10-28 23:00:00,899.84,900.43,882.08,884.42
1761696000,2025-10-29 00:00:00,884.69,901.93,884.58,901.09
1761699600,2025-10-29 01:00:00,901,902.86,890.8,900.06
1761703200,2025-10-29 02:00:00,899.98,911.45,897.35,909.25
1761706800,2025-10-29 03:00:00,909.2,919.97,905.83,919.79
1761710400,2025-10-29 04:00:00,920.06,925.26,903.25,904.13
1761714000,2025-10-29 05:00:00,904.1,919.87,900.16,919.87
1761717600,2025-10-29 06:00:00,919.98,933,910.43,931.78
1761721200,2025-10-29 07:00:00,931.68,941.88,926.82,931.32
1761724800,2025-10-29 08:00:00,931.28,935.05,922.61,927.84
1761728400,2025-10-29 09:00:00,927.88,936.44,926.61,935.64
1761732000,2025-10-29 10:00:00,935.51,947.42,932.5,942.22
1761735600,2025-10-29 11:00:00,942.04,950.05,938.06,941.05
1761739200,2025-10-29 12:00:00,941.1,945.73,929.9,936.12
1761742800,2025-10-29 13:00:00,936.05,939.74,924.36,925.52
1761746400,2025-10-29 14:00:00,925.41,928.58,919.4,924.82
1761750000,2025-10-29 15:00:00,924.75,934.36,921.96,924.2
1761753600,2025-10-29 16:00:00,924.11,928.22,915.96,924.42
1761757200,2025-10-29 17:00:00,924.27,943.16,921.49,941.17
1761760800,2025-10-29 18:00:00,941.34,947.79,931.81,934.28
1761764400,2025-10-29 19:00:00,934.34,938.68,926.44,932.19
1761768000,2025-10-29 20:00:00,932.01,934.81,921.06,934.45
1761771600,2025-10-29 21:00:00,934.5,945.21,930.55,944.68
1761775200,2025-10-29 22:00:00,944.92,950.56,934.4,937.28
1761778800,2025-10-29 23:00:00,937.28,938.33,924.98,932.65
1761782400,2025-10-30 00:00:00,932.53,938.7,923.43,926.92
1761786000,2025-10-30 01:00:00,926.97,937.62,922.45,935.67
1761789600,2025-10-30 02:00:00,935.59,937.94,927.45,928.83
1761793200,2025-10-30 03:00:00,929.13,929.73,912.78,927.43
1761796800,2025-10-30 04:00:00,927.36,937.22,922.27,933.75
1761800400,2025-10-30 05:00:00,933.84,941.74,931.58,936.44
1761804000,2025-10-30 06:00:00,936.53,937.89,927.75,930.5
1761807600,2025-10-30 07:00:00,930.49,938.85,925.64,927.7
1761811200,2025-10-30 08:00:00,927.55,940.83,925.73,936.7
1761814800,2025-10-30 09:00:00,936.73,945.08,930.05,938.93
1761818400,2025-10-30 10:00:00,938.84,946.2,934.59,943.89
1761822000,2025-10-30 11:00:00,943.81,952.09,940.91,947.07
1761825600,2025-10-30 12:00:00,946.78,951.83,935.68,939.43
1761829200,2025-10-30 13:00:00,939.54,944.93,927.18,930.22
1761832800,2025-10-30 14:00:00,930.07,931.02,918.69,919.9
1761836400,2025-10-30 15:00:00,920,920.37,905.17,915.65
1761840000,2025-10-30 16:00:00,915.75,918.11,904.17,905.61
1761843600,2025-10-30 17:00:00,905.48,910.03,897.03,902.77
1761847200,2025-10-30 18:00:00,902.79,910.6,900.62,906.33
1761850800,2025-10-30 19:00:00,906.52,917.84,903.3,912.17
1761854400,2025-10-30 20:00:00,912.28,928.4,911.77,921.93
1761858000,2025-10-30 21:00:00,921.99,930.66,912.79,914.16
1761861600,2025-10-30 22:00:00,914.01,916,902.82,911.14
1761865200,2025-10-30 23:00:00,911.17,916.99,905.13,916.53
1761868800,2025-10-31 00:00:00,916.38,934.22,912.49,934
1761872400,2025-10-31 01:00:00,933.92,937.56,918.23,926.75
1761876000,2025-10-31 02:00:00,926.64,930.07,906.09,909.68
1761879600,2025-10-31 03:00:00,909.29,927.03,905.91,926.66
1761883200,2025-10-31 04:00:00,926.64,930.62,909.22,909.92
1761886800,2025-10-31 05:00:00,910.43,911.02,896.56,899.07
1761890400,2025-10-31 06:00:00,899.13,914.73,898.17,913.09
1761894000,2025-10-31 07:00:00,912.9,922.25,909.77,914.81
1761897600,2025-10-31 08:00:00,914.45,933,914.11,931.27
1761901200,2025-10-31 09:00:00,930.92,948,926.99,945.93
1761904800,2025-10-31 10:00:00,945.62,946.55,928.22,935.35
1761908400,2025-10-31 11:00:00,935.56,939.87,928.68,932.87
1761912000,2025-10-31 12:00:00,933.06,933.45,921.74,923.09
1761915600,2025-10-31 13:00:00,923.47,923.6,905.82,920.15
1761919200,2025-10-31 14:00:00,920.09,921.24,910.33,914.88
1761922800,2025-10-31 15:00:00,915.27,920.27,905.84,910.39
1761926400,2025-10-31 16:00:00,910.32,910.97,891.23,894.42
1761930000,2025-10-31 17:00:00,894.33,907.2,894.01,898.67
1761933600,2025-10-31 18:00:00,898.5,915.05,897.83,913.51
1761937200,2025-10-31 19:00:00,913.44,919.5,909.08,916.89
1761940800,2025-10-31 20:00:00,916.81,921.2,912.76,918.8
1761944400,2025-10-31 21:00:00,918.74,926.67,913.56,914.96
1761948000,2025-10-31 22:00:00,914.72,919.78,907.44,916.53
1761951600,2025-10-31 23:00:00,916.67,931.98,911.69,930.1
1761955200,2025-11-01 00:00:00,930.19,942.06,926.45,938.32
1761958800,2025-11-01 01:00:00,938.19,945.55,929.42,929.86
1761962400,2025-11-01 02:00:00,930.06,941.11,928.82,938.94
1761966000,2025-11-01 03:00:00,938.91,947.68,933.96,945.96
1761969600,2025-11-01 04:00:00,946.03,955.16,945.8,946.81
1761973200,2025-11-01 05:00:00,946.96,948.79,934.13,940.55
1761976800,2025-11-01 06:00:00,940.66,948.63,932.93,944.48
1761980400,2025-11-01 07:00:00,944.44,951.35,933.19,951.29
1761984000,2025-11-01 08:00:00,951.13,957.55,934.99,936.91
1761987600,2025-11-01 09:00:00,936.84,938.42,911.1,914.91
1761991200,2025-11-01 10:00:00,914.85,925.33,910.93,911.32
1761994800,2025-11-01 11:00:00,911.31,922.6,909.56,922.6
1761998400,2025-11-01 12:00:00,922.65,928.6,915.47,915.91
1762002000,2025-11-01 13:00:00,916.14,917.04,891.82,893.11
1762005600,2025-11-01 14:00:00,893.13,907.82,891.4,903.55
1762009200,2025-11-01 15:00:00,903.53,908.9,899.09,904.91
1762012800,2025-11-01 16:00:00,904.88,920.55,904.01,919.54
1762016400,2025-11-01 17:00:00,919.99,926.09,911.41,916.39
1762020000,2025-11-01 18:00:00,916.28,922.12,902.91,914.46
1762023600,2025-11-01 19:00:00,914.09,916.71,900.82,903.22
1762027200,2025-11-01 20:00:00,903.26,910.81,894.63,896.53
1762030800,2025-11-01 21:00:00,896.21,908.54,892.76,906.95
1762034400,2025-11-01 22:00:00,907.16,917.45,902.21,916.51
1762038000,2025-11-01 23:00:00,916.33,919.42,909.48,916.82
1762041600,2025-11-02 00:00:00,916.85,926.19,908.81,916.89
1762045200,2025-11-02 01:00:00,916.9,920.55,904.27,906.94
1762048800,2025-11-02 02:00:00,906.87,926.98,904.17,920.5
1762052400,2025-11-02 03:00:00,920.65,929.6,919.75,928.07
1762056000,2025-11-02 04:00:00,928.17,931.72,920.49,922.3
1762059600,2025-11-02 05:00:00,922.15,923.98,904.69,905.72
1762063200,2025-11-02 06:00:00,905.47,913.54,903.94,911.04
1762066800,2025-11-02 07:00:00,910.81,919.25,909.45,918.39
1762070400,2025-11-02 08:00:00,918.19,920.8,903.88,909.28
1762074000,2025-11-02 09:00:00,909.31,916.34,899.89,914.19
1762077600,2025-11-02 10:00:00,913.85,915.83,900.4,908.71
1762081200,2025-11-02 11:00:00,908.74,911.19,895,898.55
1762084800,2025-11-02 12:00:00,898.35,905.01,890.53,895.84
1762088400,2025-11-02 13:00:00,895.83,903.79,893.78,899.76
1762092000,2025-11-02 14:00:00,899.9,905.54,896.9,904.25
1762095600,2025-11-02 15:00:00,904.49,920.44,896.42,919.2
1762099200,2025-11-02 16:00:00,918.98,920.12,902.59,903.96
1762102800,2025-11-02 17:00:00,904.02,912.17,903.88,906.9
1762106400,2025-11-02 18:00:00,906.82,909.99,897.06,903.22
1762110000,2025-11-02 19:00:00,903.31,905.18,890.16,891.58
1762113600,2025-11-02 20:00:00,891.67,905.67,890.85,904.98
1762117200,2025-11-02 21:00:00,905.09,909.89,901.76,903.5
1762120800,2025-11-02 22:00:00,903.57,904.57,895.13,903.72
1762124400,2025-11-02 23:00:00,903.63,905.73,893.93,895.72
1762128000,2025-11-03 00:00:00,895.99,907.81,893.29,902.51
1762131600,2025-11-03 01:00:00,902.34,904.76,890.6,903.34
1762135200,2025-11-03 02:00:00,903.26,911.85,898.65,911.32
1762138800,2025-11-03 03:00:00,911.29,922.22,910.48,915.99
1762142400,2025-11-03 04:00:00,916.24,918.56,900.14,903.36
1762146000,2025-11-03 05:00:00,903.51,908.28,897.25,904.29
1762149600,2025-11-03 06:00:00,904.13,906.95,892.49,896.67
1762153200,2025-11-03 07:00:00,896.7,899.28,878.27,879.88
1762156800,2025-11-03 08:00:00,879.98,887.27,873.93,879.47
1762160400,2025-11-03 09:00:00,879.56,896.46,879,891.33
1762164000,2025-11-03 10:00:00,891.18,893.51,878.72,879.56
1762167600,2025-11-03 11:00:00,879.58,896.06,879.26,894.34
1762171200,2025-11-03 12:00:00,894.2,895.31,877.15,880.17
1762174800,2025-11-03 13:00:00,880.07,893.56,876.83,887.46
1762178400,2025-11-03 14:00:00,887.59,892.03,882.22,889.37
1762182000,2025-11-03 15:00:00,889.33,892.61,876.48,880.84
1762185600,2025-11-03 16:00:00,880.9,890.67,878.42,884.81
1762189200,2025-11-03 17:00:00,884.61,905.28,883.6,903.12
1762192800,2025-11-03 18:00:00,902.94,916.53,901.78,912.36
1762196400,2025-11-03 19:00:00,912.34,926.05,906.58,922.73
1762200000,2025-11-03 20:00:00,922.74,932.05,922.14,923.07
1762203600,2025-11-03 21:00:00,923.28,928.81,916.44,927.56
1762207200,2025-11-03 22:00:00,927.35,953.87,924.27,952.03
1762210800,2025-11-03 23:00:00,952.11,962.35,948.73,950.88
1762214400,2025-11-04 00:00:00,951.29,961.72,950.08,958.05
1762218000,2025-11-04 01:00:00,958.07,969.98,957.64,969.83
1762221600,2025-11-04 02:00:00,969.92,970.17,955.65,957.98
1762225200,2025-11-04 03:00:00,957.74,970.19,956.28,963.71
1762228800,2025-11-04 04:00:00,963.89,968.39,955.5,962.91
1762232400,2025-11-04 05:00:00,962.79,991.85,961.31,987.98
1762236000,2025-11-04 06:00:00,987.76,1000.66,985.58,1000.23
1762239600,2025-11-04 07:00:00,1000.32,1001.98,988.56,999.37
1762243200,2025-11-04 08:00:00,999.52,1007.44,984.69,988.34
1762246800,2025-11-04 09:00:00,988.29,988.86,963.98,968.83
1762250400,2025-11-04 10:00:00,968.64,971.85,952.01,956.56
1762254000,2025-11-04 11:00:00,956.52,960.52,942.27,953.48
1762257600,2025-11-04 12:00:00,953.1,970.01,951.07,969.03
1762261200,2025-11-04 13:00:00,968.81,985,967.08,980.39
1762264800,2025-11-04 14:00:00,980.55,986.97,977.24,981.83
1762268400,2025-11-04 15:00:00,981.56,988.32,974.35,974.78
1762272000,2025-11-04 16:00:00,974.82,977.17,963.69,973.86
1762275600,2025-11-04 17:00:00,973.81,993.44,968.76,992
1762279200,2025-11-04 18:00:00,992.14,1002.31,988.63,991.18
1762282800,2025-11-04 19:00:00,991.06,992.17,977.54,982.21
1762286400,2025-11-04 20:00:00,982.11,1000.3,982.1,995.7
1762290000,2025-11-04 21:00:00,995.65,1008.12,993.45,1004.14
1762293600,2025-11-04 22:00:00,1004.12,1008.89,995.87,1004.56
1762297200,2025-11-04 23:00:00,1004.5,1004.5,985.51,1000.11
1762300800,2025-11-05 00:00:00,1000.02,1003.65,989.13,999.54
1762304400,2025-11-05 01:00:00,999.91,1002.63,981.23,984.32
1762308000,2025-11-05 02:00:00,984.48,984.99,964.62,970.32
1762311600,2025-11-05 03:00:00,970.06,976.05,964.83,969.97
1762315200,2025-11-05 04:00:00,970.07,979.81,966.78,967.11
1762318800,2025-11-05 05:00:00,966.99,986.91,964.05,982.28
1762322400,2025-11-05 06:00:00,982.35,999.06,980.44,993.1
1762326000,2025-11-05 07:00:00,993.19,998.35,985.9,988.03
1762329600,2025-11-05 08:00:00,988.06,1003.26,985.57,997.42
1762333200,2025-11-05 09:00:00,997,999.5,985.57,988.37
1762336800,2025-11-05 10:00:00,988.51,989.03,977.9,978.94
1762340400,2025-11-05 11:00:00,979.22,980.08,959.44,964.8
1762344000,2025-11-05 12:00:00,964.56,969.82,956.88,964.21
1762347600,2025-11-05 13:00:00,964.08,977.27,962.11,975.29
1762351200,2025-11-05 14:00:00,975.72,980.49,964.11,970.07
1762354800,2025-11-05 15:00:00,970.11,984.11,967.91,981.63
1762358400,2025-11-05 16:00:00,981.46,984.3,970.31,978.18
1762362000,2025-11-05 17:00:00,978.54,980.12,965.31,969.4
1762365600,2025-11-05 18:00:00,969.33,972.99,960.64,969.51
1762369200,2025-11-05 19:00:00,969.28,977.4,965.99,967.88
1762372800,2025-11-05 20:00:00,967.91,976.73,964.8,973.78
1762376400,2025-11-05 21:00:00,973.78,977.59,966.29,976.56
1762380000,2025-11-05 22:00:00,976.54,980.02,969.88,977.2
1762383600,2025-11-05 23:00:00,977.11,989.68,974.44,982.45
1762387200,2025-11-06 00:00:00,982.49,982.77,963.53,964.35
1762390800,2025-11-06 01:00:00,964.29,974.38,961.49,970.02
1762394400,2025-11-06 02:00:00,970.02,984.53,962.79,981
1762398000,2025-11-06 03:00:00,980.91,987.05,971.54,985.91
1762401600,2025-11-06 04:00:00,986.05,1000.99,976.96,1000.92
1762405200,2025-11-06 05:00:00,1000.96,1005.42,977.11,978.04
1762408800,2025-11-06 06:00:00,978.21,984.16,968.31,978.89
1762412400,2025-11-06 07:00:00,979.11,988.59,973.86,978.69
1762416000,2025-11-06 08:00:00,978.64,983.86,966.14,967.71
1762419600,2025-11-06 09:00:00,967.87,969.53,945.24,946.35
1762423200,2025-11-06 10:00:00,946.45,956.28,940.13,950.5
1762426800,2025-11-06 11:00:00,950.67,964.33,940.47,950.03
1762430400,2025-11-06 12:00:00,950.02,950.17,933.82,934.66
1762434000,2025-11-06 13:00:00,934.52,938.19,911.93,912.5
1762437600,2025-11-06 14:00:00,912.28,914.15,884.39,885.63
1762441200,2025-11-06 15:00:00,885.55,905.03,882.4,903.16
1762444800,2025-11-06 16:00:00,903.23,906.86,887.9,894.41
1762448400,2025-11-06 17:00:00,894.5,900.54,888.29,888.5
1762452000,2025-11-06 18:00:00,888.47,905.82,885.77,902.53
1762455600,2025-11-06 19:00:00,902.51,904.98,891.51,892.36
1762459200,2025-11-06 20:00:00,892.26,895.83,877.78,879.36
1762462800,2025-11-06 21:00:00,879.21,882.62,870.51,879.5
1762466400,2025-11-06 22:00:00,879.47,888.86,872.61,881.72
1762470000,2025-11-06 23:00:00,881.76,893.81,880.7,887.67
1762473600,2025-11-07 00:00:00,887.87,896.61,883.63,886.58
1762477200,2025-11-07 01:00:00,886.57,889.4,879.66,884.97
1762480800,2025-11-07 02:00:00,885.01,903.22,881.19,902.2
1762484400,2025-11-07 03:00:00,902.01,919.53,901.65,916.72
1762488000,2025-11-07 04:00:00,916.89,919.59,909.1,909.43
1762491600,2025-11-07 05:00:00,909.39,912.34,890.92,899.34
1762495200,2025-11-07 06:00:00,899.76,899.76,889.02,892.55
1762498800,2025-11-07 07:00:00,892.7,897.95,872.98,876.22
1762502400,2025-11-07 08:00:00,876.14,888.05,873.09,878.2
1762506000,2025-11-07 09:00:00,878.27,880.79,862.87,867.2
1762509600,2025-11-07 10:00:00,867.17,869.04,856.51,858.24
1762513200,2025-11-07 11:00:00,858.24,863.53,854.59,862.76
1762516800,2025-11-07 12:00:00,862.79,868.41,856.06,864.78
1762520400,2025-11-07 13:00:00,864.94,881.11,862.34,877.23
1762524000,2025-11-07 14:00:00,877.4,879.64,868.67,877.28
1762527600,2025-11-07 15:00:00,877.05,883.24,871.98,874.17
1762531200,2025-11-07 16:00:00,874.32,881.75,870.1,878.37
1762534800,2025-11-07 17:00:00,878.5,888.32,873.37,887.69
1762538400,2025-11-07 18:00:00,887.69,890.04,876.02,881.64
1762542000,2025-11-07 19:00:00,881.73,881.81,869.58,877.96
1762545600,2025-11-07 20:00:00,877.97,893.72,872.58,893.33
1762549200,2025-11-07 21:00:00,893.22,897.52,872.95,875.57
1762552800,2025-11-07 22:00:00,875.39,908.7,875.04,907.07
1762556400,2025-11-07 23:00:00,907.26,932.03,905.54,927.36
1762560000,2025-11-08 00:00:00,927.59,927.63,913.17,921.55
1762563600,2025-11-08 01:00:00,921.5,921.86,904.81,905.45
1762567200,2025-11-08 02:00:00,905.53,918.86,903.43,914.17
1762570800,2025-11-08 03:00:00,914.16,919.1,909.9,913.21
1762574400,2025-11-08 04:00:00,912.94,918.74,904.27,906.1
1762578000,2025-11-08 05:00:00,906.03,923.02,901.41,922.26
1762581600,2025-11-08 06:00:00,922.1,930.84,917.65,926.41
1762585200,2025-11-08 07:00:00,926.68,931.88,911.87,925.27
1762588800,2025-11-08 08:00:00,925.3,945.17,921.63,940.27
1762592400,2025-11-08 09:00:00,940.35,942.9,932.22,937.7
1762596000,2025-11-08 10:00:00,937.51,945.55,935.4,941.49
1762599600,2025-11-08 11:00:00,941.39,949.48,936.56,937.92
1762603200,2025-11-08 12:00:00,937.97,949.22,935.21,945.51
1762606800,2025-11-08 13:00:00,945.38,954.67,941.44,953.33
1762610400,2025-11-08 14:00:00,952.95,963.1,951.12,959.65
1762614000,2025-11-08 15:00:00,959.53,974.64,954.87,969.33
1762617600,2025-11-08 16:00:00,969.59,972.06,960.21,966
1762621200,2025-11-08 17:00:00,965.97,971.37,962.69,967.07
1762624800,2025-11-08 18:00:00,966.98,969.47,957.86,959.44
1762628400,2025-11-08 19:00:00,959.54,960.65,935.72,936.26
1762632000,2025-11-08 20:00:00,936.21,938.42,930.1,933.36
1762635600,2025-11-08 21:00:00,933.8,941.92,926.81,939.88
1762639200,2025-11-08 22:00:00,939.99,941.87,926.9,927.81
1762642800,2025-11-08 23:00:00,927.71,937.73,925.21,929.15
1762646400,2025-11-09 00:00:00,929.17,930.23,906.5,913.99
1762650000,2025-11-09 01:00:00,914.01,927.22,910.54,924.8
1762653600,2025-11-09 02:00:00,924.52,954.05,923.57,943.91
1762657200,2025-11-09 03:00:00,943.76,953.6,943.76,945.93
1762660800,2025-11-09 04:00:00,945.74,950.96,939.29,943.93
1762664400,2025-11-09 05:00:00,943.78,953.35,937.44,949.36
1762668000,2025-11-09 06:00:00,949.36,951.76,940.49,947.79
1762671600,2025-11-09 07:00:00,947.82,968.34,944.6,968.34
1762675200,2025-11-09 08:00:00,968.4,984.27,966.52,984.27
1762678800,2025-11-09 09:00:00,984.35,991.4,975.94,981.34
1762682400,2025-11-09 10:00:00,981.5,985.18,959.37,961.87
1762686000,2025-11-09 11:00:00,961.83,966.03,955.2,964.42
1762689600,2025-11-09 12:00:00,964.3,965.11,945.77,950.97
1762693200,2025-11-09 13:00:00,950.99,959.18,945.05,958.67
1762696800,2025-11-09 14:00:00,958.58,961.25,949.55,959.41
1762700400,2025-11-09 15:00:00,959.7,960.97,942.67,958.6
1762704000,2025-11-09 16:00:00,958.56,973.63,956.56,966.2
1762707600,2025-11-09 17:00:00,966.33,971.59,956.88,961.42
1762711200,2025-11-09 18:00:00,961.55,977.57,958.99,975.69
1762714800,2025-11-09 19:00:00,975.66,999.01,975.42,986.73
1762718400,2025-11-09 20:00:00,986.75,992.85,978.06,987.43
1762722000,2025-11-09 21:00:00,987.41,988.91,971.3,980.62
1762725600,2025-11-09 22:00:00,980.67,985.71,971.77,983.62
1762729200,2025-11-09 23:00:00,983.59,992.56,979.78,984.07
1762732800,2025-11-10 00:00:00,984.11,987.43,963.68,964.36
1762736400,2025-11-10 01:00:00,964.3,986.09,961.09,974.63
1762740000,2025-11-10 02:00:00,974.68,986.32,969.62,978.47
1762743600,2025-11-10 03:00:00,978.69,994.04,978.57,986.36
1762747200,2025-11-10 04:00:00,986.44,1000.39,985.74,995.06
1762750800,2025-11-10 05:00:00,995.02,1003.93,987.73,991.57
1762754400,2025-11-10 06:00:00,991.19,995.43,984.13,995.22
1762758000,2025-11-10 07:00:00,995.43,1013.09,991.53,1010.29
1762761600,2025-11-10 08:00:00,1010.39,1029.61,1008.31,1028.63
1762765200,2025-11-10 09:00:00,1028.58,1029.16,1000.77,1009.85
1762768800,2025-11-10 10:00:00,1009.96,1019.14,1004.02,1017.53
1762772400,2025-11-10 11:00:00,1017.49,1022.06,1010.36,1014.87
1762776000,2025-11-10 12:00:00,1014.85,1036.32,1014.71,1030.47
1762779600,2025-11-10 13:00:00,1030.44,1042.57,1022.62,1041.22
1762783200,2025-11-10 14:00:00,1041.07,1067.65,1036.07,1066.83
1762786800,2025-11-10 15:00:00,1066.58,1066.58,1044.43,1060.6
1762790400,2025-11-10 16:00:00,1060.58,1068.03,1057.58,1061.11
1762794000,2025-11-10 17:00:00,1060.95,1063.07,1045.6,1060.53
1762797600,2025-11-10 18:00:00,1060.27,1067.55,1047.93,1049.87
1762801200,2025-11-10 19:00:00,1049.73,1050.13,1034.22,1034.28
1762804800,2025-11-10 20:00:00,1034.23,1036.54,1023.9,1035.78
1762808400,2025-11-10 21:00:00,1036.04,1038.7,1024.61,1026.34
1762812000,2025-11-10 22:00:00,1026.3,1048.16,1025.89,1041.11
1762815600,2025-11-10 23:00:00,1041.21,1049.11,1039.98,1044.48
1762819200,2025-11-11 00:00:00,1044.28,1062.62,1042.05,1062.62
1762822800,2025-11-11 01:00:00,1062.34,1064.03,1054.02,1056.93
1762826400,2025-11-11 02:00:00,1057.14,1068.05,1055.21,1065.99
1762830000,2025-11-11 03:00:00,1066.04,1085.62,1066.04,1074.52
1762833600,2025-11-11 04:00:00,1074.41,1082.28,1065.42,1066.36
1762837200,2025-11-11 05:00:00,1066.34,1070.76,1052.73,1063.09
1762840800,2025-11-11 06:00:00,1062.85,1067.5,1055.25,1056.22
1762844400,2025-11-11 07:00:00,1056.16,1072.08,1054.89,1062.85
1762848000,2025-11-11 08:00:00,1062.8,1077.26,1062.02,1072.13
1762851600,2025-11-11 09:00:00,1072.66,1077.6,1062.88,1063.03
1762855200,2025-11-11 10:00:00,1063,1075.54,1056.25,1074.53
1762858800,2025-11-11 11:00:00,1074.89,1075.66,1059.73,1063.15
1762862400,2025-11-11 12:00:00,1062.92,1082.42,1062.85,1066.31
1762866000,2025-11-11 13:00:00,1066.3,1074.54,1061.68,1067.21
1762869600,2025-11-11 14:00:00,1067.34,1071.48,1058.33,1059.62
1762873200,2025-11-11 15:00:00,1059.39,1079.68,1054.71,1072.3
1762876800,2025-11-11 16:00:00,1072.35,1076.5,1054.8,1062.81
1762880400,2025-11-11 17:00:00,1062.68,1069.69,1055.18,1056.01
1762884000,2025-11-11 18:00:00,1056.18,1060.95,1043.77,1043.82
1762887600,2025-11-11 19:00:00,1043.86,1045.42,1030.25,1035.89
1762891200,2025-11-11 20:00:00,1035.94,1037.03,1011.1,1014.13
1762894800,2025-11-11 21:00:00,1014,1022.93,1007.31,1021.59
1762898400,2025-11-11 22:00:00,1022,1040.53,1021.39,1038.11
1762902000,2025-11-11 23:00:00,1038.13,1056.24,1034.36,1044.92
1762905600,2025-11-12 00:00:00,1044.87,1046.93,1031.99,1038.25
1762909200,2025-11-12 01:00:00,1038.16,1046.15,1034.29,1038.53
1762912800,2025-11-12 02:00:00,1038.22,1042.06,1032.92,1034.4
1762916400,2025-11-12 03:00:00,1034.46,1038.46,1016.03,1020.13
1762920000,2025-11-12 04:00:00,1020.45,1020.74,1011.49,1017.05
1762923600,2025-11-12 05:00:00,1016.9,1023.89,1008.42,1017.02
1762927200,2025-11-12 06:00:00,1016.95,1019.66,1002.71,1003.48
1762930800,2025-11-12 07:00:00,1003.48,1011.23,1001.64,1003.02
1762934400,2025-11-12 08:00:00,1002.82,1017.9,998.75,1015.92
1762938000,2025-11-12 09:00:00,1015.84,1023.99,1005.72,1008.65
1762941600,2025-11-12 10:00:00,1008.84,1017.46,999.85,1012.43
1762945200,2025-11-12 11:00:00,1012.29,1029.51,1012.17,1024.74
1762948800,2025-11-12 12:00:00,1024.75,1037.76,1023.78,1033.73
1762952400,2025-11-12 13:00:00,1033.65,1037.91,1016.74,1017.64
1762956000,2025-11-12 14:00:00,1017.21,1018.77,1007.91,1017.6
1762959600,2025-11-12 15:00:00,1017.59,1021.32,997.96,1000.48
1762963200,2025-11-12 16:00:00,1000.58,1000.64,973.33,974.62
1762966800,2025-11-12 17:00:00,975.04,978.25,962.97,963.56
1762970400,2025-11-12 18:00:00,963.65,971.99,956.78,959.2
1762974000,2025-11-12 19:00:00,959.32,962.74,948.52,952.8
1762977600,2025-11-12 20:00:00,952.97,963.3,949.85,956
1762981200,2025-11-12 21:00:00,955.55,973.66,955.21,968.11
1762984800,2025-11-12 22:00:00,968.09,977.73,957.28,959.55
1762988400,2025-11-12 23:00:00,959.71,966.75,955.85,963.55
1762992000,2025-11-13 00:00:00,963.67,970.02,948.51,968.67
1762995600,2025-11-13 01:00:00,968.42,971.53,956.05,957.93
1762999200,2025-11-13 02:00:00,957.74,958.77,930.61,931.05
1763002800,2025-11-13 03:00:00,931.08,948.53,929.03,929.03
1763006400,2025-11-13 04:00:00,929.16,941.78,926.74,932.66
1763010000,2025-11-13 05:00:00,932.79,950.56,931.44,949.46
1763013600,2025-11-13 06:00:00,949.44,968.44,948.92,958.67
1763017200,2025-11-13 07:00:00,958.75,989.23,958.08,983.75
1763020800,2025-11-13 08:00:00,983.69,988.82,978.7,982.33
1763024400,2025-11-13 09:00:00,982.35,1004.48,977.76,989.04
1763028000,2025-11-13 10:00:00,988.77,1001.53,987.85,996.73
1763031600,2025-11-13 11:00:00,996.66,1013.82,993.9,1009.01
1763035200,2025-11-13 12:00:00,1008.91,1022.3,1006.47,1013.94
1763038800,2025-11-13 13:00:00,1014.11,1017.92,999.83,1002.95
1763042400,2025-11-13 14:00:00,1003.37,1019.86,1002.04,1018.82
1763046000,2025-11-13 15:00:00,1018.69,1029.2,1015.92,1027.71
1763049600,2025-11-13 16:00:00,1027.76,1036.04,1010.24,1010.84
1763053200,2025-11-13 17:00:00,1010.63,1024.74,1008.82,1017.15
1763056800,2025-11-13 18:00:00,1017.23,1018.02,989.12,995.82
1763060400,2025-11-13 19:00:00,995.58,998.23,987.29,994.25
1763064000,2025-11-13 20:00:00,994.09,1001.57,985.43,997.42
1763067600,2025-11-13 21:00:00,997.52,1002.35,987.21,987.78
1763071200,2025-11-13 22:00:00,987.76,1001.18,983.32,998.93
1763074800,2025-11-13 23:00:00,999.3,1004.26,986.35,987.42
1763078400,2025-11-14 00:00:00,987.18,991.49,973.01,975.09
1763082000,2025-11-14 01:00:00,975.31,981.38,969.24,976.43
1763085600,2025-11-14 02:00:00,976.38,995.85,975.56,992.01
1763089200,2025-11-14 03:00:00,991.9,999.16,989.43,993.23
1763092800,2025-11-14 04:00:00,993.08,993.16,978.99,983.1
1763096400,2025-11-14 05:00:00,983.2,990.83,979.95,989.99
1763100000,2025-11-14 06:00:00,990.01,990.27,963.45,975.75
1763103600,2025-11-14 07:00:00,975.88,984.96,973.73,982.12
1763107200,2025-11-14 08:00:00,981.99,987.6,976.03,983.75
1763110800,2025-11-14 09:00:00,983.57,992.76,979.8,985.98
1763114400,2025-11-14 10:00:00,986.33,994.29,979.58,987.96
1763118000,2025-11-14 11:00:00,988.02,991.61,980.6,984.74
1763121600,2025-11-14 12:00:00,984.97,1009.7,983.55,1005.2
1763125200,2025-11-14 13:00:00,1004.99,1008.32,992.65,994.33
1763128800,2025-11-14 14:00:00,994.42,1002.73,987.66,997.06
1763132400,2025-11-14 15:00:00,997.18,1008.13,991.73,991.73
1763136000,2025-11-14 16:00:00,991.6,999.52,978.44,981.53
1763139600,2025-11-14 17:00:00,981.39,982.17,963.26,963.99
1763143200,2025-11-14 18:00:00,964.13,969.75,960.82,963.61
1763146800,2025-11-14 19:00:00,963.8,973.49,956.96,972.44
1763150400,2025-11-14 20:00:00,972.7,974.73,963.91,966.21
1763154000,2025-11-14 21:00:00,966.16,975.95,963.82,965.25
1763157600,2025-11-14 22:00:00,965.49,971.47,956.52,959.81
1763161200,2025-11-14 23:00:00,959.91,963.31,954.98,960.93
1763164800,2025-11-15 00:00:00,961.06,962.98,954.31,958.12
1763168400,2025-11-15 01:00:00,957.98,963.51,949.12,954.34
1763172000,2025-11-15 02:00:00,954.08,964.76,947.57,963.01
1763175600,2025-11-15 03:00:00,962.92,967.6,953.59,967.6
1763179200,2025-11-15 04:00:00,967.61,970.4,952.75,956.29
1763182800,2025-11-15 05:00:00,956.11,961.96,945.17,961.35
1763186400,2025-11-15 06:00:00,961.69,966.49,947.39,948.44
1763190000,2025-11-15 07:00:00,948.65,955.08,939.34,940.49
1763193600,2025-11-15 08:00:00,940.21,955.58,938.16,948.74
1763197200,2025-11-15 09:00:00,948.93,959.2,942.11,959.2
1763200800,2025-11-15 10:00:00,959.21,989.92,958.91,983.07
1763204400,2025-11-15 11:00:00,982.93,1004.02,981.18,1003.59
1763208000,2025-11-15 12:00:00,1003.25,1003.9,988.88,989.42
1763211600,2025-11-15 13:00:00,989.56,993.44,981.13,992.83
1763215200,2025-11-15 14:00:00,993.22,1012.13,992.35,1010.82
1763218800,2025-11-15 15:00:00,1010.68,1019.56,1004.6,1018.01
1763222400,2025-11-15 16:00:00,1018.25,1020.85,1001.12,1002.2
1763226000,2025-11-15 17:00:00,1002.45,1004.29,986.48,988.6
1763229600,2025-11-15 18:00:00,988.73,992.96,981.2,982.2
1763233200,2025-11-15 19:00:00,982.31,984.17,958.22,963.96
1763236800,2025-11-15 20:00:00,963.83,965.5,950.17,953.86
1763240400,2025-11-15 21:00:00,954.43,968.5,953.89,962.39
1763244000,2025-11-15 22:00:00,962.46,967.84,956.86,957.73
1763247600,2025-11-15 23:00:00,957.8,971.78,954.55,963.62
1763251200,2025-11-16 00:00:00,963.34,969.93,957.85,964.04
1763254800,2025-11-16 01:00:00,964,982.52,961.45,978.24
1763258400,2025-11-16 02:00:00,978.58,986.81,968.28,974.8
1763262000,2025-11-16 03:00:00,974.95,998.15,974.63,991.18
1763265600,2025-11-16 04:00:00,991.5,1002.48,986.98,992.3
1763269200,2025-11-16 05:00:00,991.96,998.6,983.09,995.04
1763272800,2025-11-16 06:00:00,994.92,997.2,977.87,987.34
1763276400,2025-11-16 07:00:00,987.27,994.45,982.64,986.79
1763280000,2025-11-16 08:00:00,987.09,1000.81,983.31,1000.47
1763283600,2025-11-16 09:00:00,1000.3,1013.48,995.04,1006.39
1763287200,2025-11-16 10:00:00,1006.42,1021.54,1005.8,1013.79
1763290800,2025-11-16 11:00:00,1013.73,1016.25,1001.89,1013.26
1763294400,2025-11-16 12:00:00,1012.95,1015.22,998.65,1004.79
1763298000,2025-11-16 13:00:00,1004.81,1009.29,1000.26,1004.15
1763301600,2025-11-16 14:00:00,1004.19,1009.23,987.54,992.26
1763305200,2025-11-16 15:00:00,991.91,998.48,987.62,987.85
1763308800,2025-11-16 16:00:00,988.11,1001.12,986.53,989.62
1763312400,2025-11-16 17:00:00,989.54,996.03,979.25,980.7
1763316000,2025-11-16 18:00:00,980.76,1011.78,978.41,1011.17
1763319600,2025-11-16 19:00:00,1011.46,1017.95,1000.79,1005.37
1763323200,2025-11-16 20:00:00,1005.36,1014.2,1001.75,1008.94
1763326800,2025-11-16 21:00:00,1008.94,1012.81,998.26,1002.9
1763330400,2025-11-16 22:00:00,1002.39,1014.73,1001.35,1002.33
1763334000,2025-11-16 23:00:00,1002.49,1003,985.15,997.73
1763337600,2025-11-17 00:00:00,997.95,1019.78,993.77,1004.4
1763341200,2025-11-17 01:00:00,1004.59,1010.08,1000.56,1006.41
1763344800,2025-11-17 02:00:00,1006.04,1011.48,996.91,996.91
1763348400,2025-11-17 03:00:00,997.05,1013.15,985.7,1008.8
1763352000,2025-11-17 04:00:00,1008.42,1013.32,999.14,1013.32
1763355600,2025-11-17 05:00:00,1013.47,1024.06,1005.49,1010.25
1763359200,2025-11-17 06:00:00,1010.11,1024.02,1006.29,1009.82
1763362800,2025-11-17 07:00:00,1009.96,1015.33,1003.05,1011.33
1763366400,2025-11-17 08:00:00,1011.59,1012.75,993.58,993.81
1763370000,2025-11-17 09:00:00,993.69,996.49,987.48,990.52
1763373600,2025-11-17 10:00:00,990.4,996.15,987.04,992.45
1763377200,2025-11-17 11:00:00,992.37,1000.77,988.67,993.66
1763380800,2025-11-17 12:00:00,993.55,1007.15,992.37,997.65
1763384400,2025-11-17 13:00:00,997.64,997.64,981.06,993.46
1763388000,2025-11-17 14:00:00,993.26,997.74,981.12,984.35
1763391600,2025-11-17 15:00:00,984.42,986.13,970.89,982.58
1763395200,2025-11-17 16:00:00,982.51,984.3,965.56,973.8
1763398800,2025-11-17 17:00:00,973.47,983.87,962.92,979.7
1763402400,2025-11-17 18:00:00,979.67,992.58,978.88,986.34
1763406000,2025-11-17 19:00:00,986.79,988.22,973.42,978.44
1763409600,2025-11-17 20:00:00,978.1,1000.43,976.63,997.12
1763413200,2025-11-17 21:00:00,997.11,1000.46,980.83,981.94
1763416800,2025-11-17 22:00:00,982.23,988.22,976.94,981.7
1763420400,2025-11-17 23:00:00,981.99,988.99,978.81,982.19
1763424000,2025-11-18 00:00:00,982.16,987.19,968.85,970.7
1763427600,2025-11-18 01:00:00,970.54,982.14,967.46,972.87
1763431200,2025-11-18 02:00:00,972.83,978.21,964.73,970.19
1763434800,2025-11-18 03:00:00,970.05,975.8,960.91,966.93
1763438400,2025-11-18 04:00:00,966.77,968.37,954.36,954.8
1763442000,2025-11-18 05:00:00,954.66,955.88,944.8,950.54
1763445600,2025-11-18 06:00:00,950.35,953.79,945.08,950.19
1763449200,2025-11-18 07:00:00,950.16,952.05,934.99,937.39
1763452800,2025-11-18 08:00:00,937.31,945.02,935.49,937.5
1763456400,2025-11-18 09:00:00,937.51,945.66,929.78,941.89
1763460000,2025-11-18 10:00:00,941.94,953.38,939.6,944.34
1763463600,2025-11-18 11:00:00,944.31,944.86,928.74,937.1
1763467200,2025-11-18 12:00:00,936.94,937.04,923.25,928.7
1763470800,2025-11-18 13:00:00,928.64,928.95,908.35,922.62
1763474400,2025-11-18 14:00:00,922.51,928.2,912.18,920.7
1763478000,2025-11-18 15:00:00,920.82,929.05,919.53,923.11
1763481600,2025-11-18 16:00:00,923.07,934.78,920.84,934.78
1763485200,2025-11-18 17:00:00,934.63,937.06,916.14,922.64
1763488800,2025-11-18 18:00:00,922.55,942.72,919.2,942.4
1763492400,2025-11-18 19:00:00,942.28,951.73,940.39,948.77
1763496000,2025-11-18 20:00:00,948.81,952.63,940.91,942.66
1763499600,2025-11-18 21:00:00,942.56,951.19,937.05,947.91
1763503200,2025-11-18 22:00:00,947.88,949.15,935.74,936.29
1763506800,2025-11-18 23:00:00,936.14,941.91,927.3,928.13
1763510400,2025-11-19 00:00:00,928,936.49,924.09,932.1
1763514000,2025-11-19 01:00:00,931.85,932.72,916.92,924.92
1763517600,2025-11-19 02:00:00,925.14,927.85,916.61,921.13
1763521200,2025-11-19 03:00:00,921.01,927.42,912.31,916.49
1763524800,2025-11-19 04:00:00,916.37,928.87,911.81,927.68
1763528400,2025-11-19 05:00:00,927.79,931.95,918.18,922.26
1763532000,2025-11-19 06:00:00,922.24,929.23,917.65,919.74
1763535600,2025-11-19 07:00:00,919.8,922.58,913.51,914.77
1763539200,2025-11-19 08:00:00,914.83,926.87,910.78,921.13
1763542800,2025-11-19 09:00:00,921.15,925.33,916.42,924.29
1763546400,2025-11-19 10:00:00,924.36,928.53,918.2,926.62
1763550000,2025-11-19 11:00:00,926.75,930.39,917.83,923.66
1763553600,2025-11-19 12:00:00,923.65,935.54,916.43,935.35
1763557200,2025-11-19 13:00:00,935.25,945.35,931.75,938.2
1763560800,2025-11-19 14:00:00,938.12,938.12,924.88,927.9
1763564400,2025-11-19 15:00:00,927.95,937.58,924.65,936.86
1763568000,2025-11-19 16:00:00,936.91,942,927.52,936.22
1763571600,2025-11-19 17:00:00,936.29,953.56,933.88,953.21
1763575200,2025-11-19 18:00:00,953.32,953.95,933.95,935.79
1763578800,2025-11-19 19:00:00,936,958.19,934.98,955.69
1763582400,2025-11-19 20:00:00,955.84,959.44,947.74,951.31
1763586000,2025-11-19 21:00:00,951.2,957.8,943.69,949.77
1763589600,2025-11-19 22:00:00,949.63,963.32,947.74,957.47
1763593200,2025-11-19 23:00:00,957.34,962.39,947.5,954.66
1763596800,2025-11-20 00:00:00,954.78,961.33,928,929.68
1763600400,2025-11-20 01:00:00,929.59,931.6,922.89,931.53
1763604000,2025-11-20 02:00:00,931.33,945.86,925.1,942.72
1763607600,2025-11-20 03:00:00,942.75,953.73,936.16,949.92
1763611200,2025-11-20 04:00:00,949.75,954.72,937.19,941.92
1763614800,2025-11-20 05:00:00,941.73,950.2,936.83,938
1763618400,2025-11-20 06:00:00,937.87,942.28,935.58,937.85
1763622000,2025-11-20 07:00:00,937.68,960.07,936.1,951.01
1763625600,2025-11-20 08:00:00,950.98,962.91,948.11,953.41
1763629200,2025-11-20 09:00:00,953.29,962,947.02,958.69
1763632800,2025-11-20 10:00:00,958.9,960.03,937.07,938.76
1763636400,2025-11-20 11:00:00,938.65,941.91,930.66,938.17
1763640000,2025-11-20 12:00:00,938.2,950.2,937.78,941.51
1763643600,2025-11-20 13:00:00,941.22,947.6,938.56,941.66
1763647200,2025-11-20 14:00:00,941.5,952.38,938.26,939.97
1763650800,2025-11-20 15:00:00,940.18,944.89,922.12,922.32
1763654400,2025-11-20 16:00:00,922.74,923.85,912.47,915.49
1763658000,2025-11-20 17:00:00,915.82,923.77,908.95,918.03
1763661600,2025-11-20 18:00:00,918.07,922.04,906.78,906.88
1763665200,2025-11-20 19:00:00,907.02,909.55,885.58,887.62
1763668800,2025-11-20 20:00:00,887.77,895.45,880.46,893.45
1763672400,2025-11-20 21:00:00,893.11,899.06,887.23,888.18
1763676000,2025-11-20 22:00:00,888.12,892.44,881.76,891.95
1763679600,2025-11-20 23:00:00,891.72,901.71,890.73,901.14
1763683200,2025-11-21 00:00:00,900.98,905.8,892.34,903
1763686800,2025-11-21 01:00:00,903.11,907.56,893.32,898.3
1763690400,2025-11-21 02:00:00,898.24,901.27,885.07,887.55
1763694000,2025-11-21 03:00:00,887.21,908.59,881.84,901.83
1763697600,2025-11-21 04:00:00,901.73,911.53,898.35,904.54
1763701200,2025-11-21 05:00:00,904.84,909.08,887.37,891.08
1763704800,2025-11-21 06:00:00,891.26,891.58,871.3,871.68
1763708400,2025-11-21 07:00:00,871.71,884.06,869.76,882.81
1763712000,2025-11-21 08:00:00,882.9,887.14,871.41,874.1
1763715600,2025-11-21 09:00:00,874.4,874.99,862.94,866.89
1763719200,2025-11-21 10:00:00,866.88,874.38,861.34,871.9
1763722800,2025-11-21 11:00:00,871.9,881.65,871.08,871.35
1763726400,2025-11-21 12:00:00,871.26,883.9,868.29,870.3
1763730000,2025-11-21 13:00:00,870.16,873.44,854.51,858.47
1763733600,2025-11-21 14:00:00,858.39,864.23,848.19,849.52
1763737200,2025-11-21 15:00:00,849.41,851.56,836.25,836.38
1763740800,2025-11-21 16:00:00,836.24,839.04,828.77,839.04
1763744400,2025-11-21 17:00:00,839.02,844.75,833.05,834.8
1763748000,2025-11-21 18:00:00,834.68,843.77,827.89,830.45
1763751600,2025-11-21 19:00:00,830.79,844.21,827.05,840.91
1763755200,2025-11-21 20:00:00,840.71,845.55,837.33,837.4
1763758800,2025-11-21 21:00:00,837.56,844.75,835.69,838.1
1763762400,2025-11-21 22:00:00,838,854.89,833.89,849.25
1763766000,2025-11-21 23:00:00,849.31,849.93,838.24,845.52
1763769600,2025-11-22 00:00:00,845.28,847.77,839.19,842.61
1763773200,2025-11-22 01:00:00,842.5,844.57,829.79,834.3
1763776800,2025-11-22 02:00:00,834.35,846.56,829.7,844.82
1763780400,2025-11-22 03:00:00,844.77,849.53,842.8,844.68
1763784000,2025-11-22 04:00:00,844.44,860.81,844.2,853.26
1763787600,2025-11-22 05:00:00,852.96,855.84,833.51,833.9
1763791200,2025-11-22 06:00:00,833.49,844.12,832.08,833.02
1763794800,2025-11-22 07:00:00,833,847.87,828.96,843.73
1763798400,2025-11-22 08:00:00,844.03,847,835.88,839.93
1763802000,2025-11-22 09:00:00,839.77,851.68,838.01,849.24
1763805600,2025-11-22 10:00:00,849.64,857.61,846.9,848.32
1763809200,2025-11-22 11:00:00,848.35,852.33,838.88,851.25
1763812800,2025-11-22 12:00:00,851.36,851.91,823.76,824.71
1763816400,2025-11-22 13:00:00,824.71,826.1,807.34,812.32
1763820000,2025-11-22 14:00:00,812.42,817.98,807.2,807.99
1763823600,2025-11-22 15:00:00,808.01,821.9,806.26,816.36
1763827200,2025-11-22 16:00:00,816.33,827.63,815.73,825.6
1763830800,2025-11-22 17:00:00,825.34,839.27,821.02,830.21
1763834400,2025-11-22 18:00:00,830.16,833.1,812.06,812.99
1763838000,2025-11-22 19:00:00,812.85,821.86,810.69,818.75
1763841600,2025-11-22 20:00:00,818.8,818.8,796.73,802.2
1763845200,2025-11-22 21:00:00,802.31,815.22,799.52,805.54
1763848800,2025-11-22 22:00:00,805.32,807.65,793.79,803.21
1763852400,2025-11-22 23:00:00,803.35,806.71,797.1,802.74
1763856000,2025-11-23 00:00:00,802.94,809.02,797.75,809.02
1763859600,2025-11-23 01:00:00,808.91,817.74,805.48,813.55
1763863200,2025-11-23 02:00:00,813.57,820.69,808.85,810.39
1763866800,2025-11-23 03:00:00,810.44,832.42,807.83,832.42
1763870400,2025-11-23 04:00:00,832.35,855.2,831.26,847.55
1763874000,2025-11-23 05:00:00,847.33,850.4,828.73,829.8
1763877600,2025-11-23 06:00:00,830,836.74,826.24,834.59
1763881200,2025-11-23 07:00:00,834.58,837.36,828.79,829.62
1763884800,2025-11-23 08:00:00,829.5,832.94,822.82,825.63
1763888400,2025-11-23 09:00:00,825.5,836.38,825.3,829.08
1763892000,2025-11-23 10:00:00,829.19,835.8,818.92,820.76
1763895600,2025-11-23 11:00:00,820.57,821.03,808.59,816.45
1763899200,2025-11-23 12:00:00,816.42,820.75,810.12,819.54
1763902800,2025-11-23 13:00:00,819.37,823.99,812.31,814.41
1763906400,2025-11-23 14:00:00,814.49,815.65,805.49,807.15
1763910000,2025-11-23 15:00:00,807,807.03,795.54,802.98
1763913600,2025-11-23 16:00:00,803.24,803.52,781.97,788.11
1763917200,2025-11-23 17:00:00,788.13,798.58,786.63,797.32
1763920800,2025-11-23 18:00:00,797.48,799.77,788.17,790.87
1763924400,2025-11-23 19:00:00,790.95,801.4,788.24,797.73
1763928000,2025-11-23 20:00:00,797.91,806.62,791.72,804.2
1763931600,2025-11-23 21:00:00,804.47,813.07,801.69,804.07
1763935200,2025-11-23 22:00:00,804.19,813.85,801.29,810.34
1763938800,2025-11-23 23:00:00,810.55,817.61,804.59,815.32
1763942400,2025-11-24 00:00:00,815.94,830.79,815.75,830.6
1763946000,2025-11-24 01:00:00,830.56,833.75,814.64,818.99
1763949600,2025-11-24 02:00:00,818.96,832.78,818.17,826.32
1763953200,2025-11-24 03:00:00,826.19,829.98,819.97,822.48
1763956800,2025-11-24 04:00:00,822.57,830.28,817.07,818.04
1763960400,2025-11-24 05:00:00,818.04,831.06,816.4,830.64
1763964000,2025-11-24 06:00:00,830.75,839.42,827.51,837.85
1763967600,2025-11-24 07:00:00,837.62,840.63,818.92,832.84
1763971200,2025-11-24 08:00:00,832.93,834.03,822.51,828.89
1763974800,2025-11-24 09:00:00,828.77,839.84,822.95,836.53
1763978400,2025-11-24 10:00:00,836.34,840.89,823.37,826.25
1763982000,2025-11-24 11:00:00,826.38,830.46,820.36,824.05
1763985600,2025-11-24 12:00:00,824.12,826.36,806.26,806.52
1763989200,2025-11-24 13:00:00,806.5,820.52,804.95,815.28
1763992800,2025-11-24 14:00:00,814.96,823.78,812.95,816.77
1763996400,2025-11-24 15:00:00,816.51,822.6,814.39,817.41
1764000000,2025-11-24 16:00:00,817.24,818.08,801.34,804.08
1764003600,2025-11-24 17:00:00,804.08,804.59,783.6,784.71
1764007200,2025-11-24 18:00:00,784.73,789.2,779.44,781.99
1764010800,2025-11-24 19:00:00,782.2,791.06,778.09,790.61
1764014400,2025-11-24 20:00:00,790.9,795.38,776.68,777.33
1764018000,2025-11-24 21:00:00,777.36,778.73,769.32,771.71
1764021600,2025-11-24 22:00:00,771.62,786.19,771.47,785.01
1764025200,2025-11-24 23:00:00,785.05,791.18,778.27,787.66
1764028800,2025-11-25 00:00:00,788,799.12,786.18,798.51
1764032400,2025-11-25 01:00:00,798.55,799.96,790.96,796.98
1764036000,2025-11-25 02:00:00,796.82,810.19,795.07,806.77
1764039600,2025-11-25 03:00:00,806.95,816.91,804.35,810.1
1764043200,2025-11-25 04:00:00,809.93,819.92,804.26,817.31
1764046800,2025-11-25 05:00:00,817.13,825.36,811.63,825.01
1764050400,2025-11-25 06:00:00,825.14,838.37,823.59,834.98
1764054000,2025-11-25 07:00:00,835.19,837.37,811.54,816.11
1764057600,2025-11-25 08:00:00,815.95,833.81,809.05,828.54
1764061200,2025-11-25 09:00:00,828.77,838.43,824,834
1764064800,2025-11-25 10:00:00,833.98,844.39,832.85,835.2
1764068400,2025-11-25 11:00:00,835.49,836.52,822.49,836.52
1764072000,2025-11-25 12:00:00,836.49,840.03,818.55,839.88
1764075600,2025-11-25 13:00:00,839.67,843.51,834.19,838.79
1764079200,2025-11-25 14:00:00,838.85,852.66,836.31,847.63
1764082800,2025-11-25 15:00:00,847.64,850.93,840.1,840.96
1764086400,2025-11-25 16:00:00,840.73,855.47,840.4,854.27
1764090000,2025-11-25 17:00:00,854.21,858.78,848.35,853.1
1764093600,2025-11-25 18:00:00,852.86,860.86,850.52,859.69
1764097200,2025-11-25 19:00:00,859.79,864.18,851.54,857.63
1764100800,2025-11-25 20:00:00,857.67,865.41,851.31,864.46
1764104400,2025-11-25 21:00:00,864.57,870.54,857.21,861.89
1764108000,2025-11-25 22:00:00,861.92,862.86,845.22,849.99
1764111600,2025-11-25 23:00:00,850.1,858.18,849.98,855.42
1764115200,2025-11-26 00:00:00,855.6,869.21,849.04,863.86
1764118800,2025-11-26 01:00:00,863.77,874.64,855.14,856.31
1764122400,2025-11-26 02:00:00,856.53,860.78,851.48,855.88
1764126000,2025-11-26 03:00:00,856.08,857.55,848.61,852.23
1764129600,2025-11-26 04:00:00,852.19,859.2,846.56,851.61
1764133200,2025-11-26 05:00:00,851.78,865.07,844.42,858.28
1764136800,2025-11-26 06:00:00,858.37,859.13,843.18,852.05
1764140400,2025-11-26 07:00:00,851.87,859.49,850.72,855.8
1764144000,2025-11-26 08:00:00,855.92,869.02,852.88,863.96
1764147600,2025-11-26 09:00:00,864.02,865.77,849.91,852.47
1764151200,2025-11-26 10:00:00,852.55,859.75,845.4,845.44
1764154800,2025-11-26 11:00:00,845.53,854.13,843.96,853.81
1764158400,2025-11-26 12:00:00,853.95,859.09,845.1,855.84
1764162000,2025-11-26 13:00:00,855.87,871.27,855.65,868.05
1764165600,2025-11-26 14:00:00,867.95,878.85,865.32,871.12
1764169200,2025-11-26 15:00:00,871.15,872.95,853.58,857.88
1764172800,2025-11-26 16:00:00,857.72,866.27,854.79,858.2
1764176400,2025-11-26 17:00:00,858.03,858.76,843.79,844.39
1764180000,2025-11-26 18:00:00,844.44,852.52,843.04,844.16
1764183600,2025-11-26 19:00:00,844.21,855.49,843.46,850.62
1764187200,2025-11-26 20:00:00,850.72,865.55,845.95,858.9
1764190800,2025-11-26 21:00:00,859.05,870.24,853.32,859.96
1764194400,2025-11-26 22:00:00,860.05,862.76,836.67,837.28
1764198000,2025-11-26 23:00:00,837.33,844.83,832.69,842.65
1764201600,2025-11-27 00:00:00,842.69,848.34,836.78,840.9
1764205200,2025-11-27 01:00:00,840.83,849.45,835.1,841.34
1764208800,2025-11-27 02:00:00,841.41,842.41,824.84,827.3
1764212400,2025-11-27 03:00:00,827.45,827.57,815.64,824.11
1764216000,2025-11-27 04:00:00,823.86,833.79,819.96,825.98
1764219600,2025-11-27 05:00:00,825.96,840.77,821.11,838.51
1764223200,2025-11-27 06:00:00,838.48,838.92,825.09,831.35
1764226800,2025-11-27 07:00:00,831.14,839.25,824.2,827.19
1764230400,2025-11-27 08:00:00,827.41,829.38,816.08,819.12
1764234000,2025-11-27 09:00:00,819.11,823.78,812.24,813.42
1764237600,2025-11-27 10:00:00,813.45,816.07,806.66,806.66
1764241200,2025-11-27 11:00:00,806.69,829.22,806.08,828.16
1764244800,2025-11-27 12:00:00,828.32,836.72,822.14,824.97
1764248400,2025-11-27 13:00:00,825.03,839.87,824.59,836.86
1764252000,2025-11-27 14:00:00,837,839.72,829.56,832.19
1764255600,2025-11-27 15:00:00,832.28,835.89,813.49,820.47
1764259200,2025-11-27 16:00:00,820.53,827.92,817.67,818.85
1764262800,2025-11-27 17:00:00,819.15,825.19,817.22,821.79
1764266400,2025-11-27 18:00:00,821.8,825.02,817.67,819.49
1764270000,2025-11-27 19:00:00,819.52,833.03,817.9,830.64
1764273600,2025-11-27 20:00:00,830.76,835.66,823.45,829.94
1764277200,2025-11-27 21:00:00,829.86,830.21,819.65,825.02
1764280800,2025-11-27 22:00:00,824.8,825.74,817.13,819.74
1764284400,2025-11-27 23:00:00,819.62,820.27,804.75,808.25
1764288000,2025-11-28 00:00:00,808.38,829.43,806.22,829.35
1764291600,2025-11-28 01:00:00,829.39,840.4,827.9,830.5
1764295200,2025-11-28 02:00:00,830.48,841.89,829.78,836.66
1764298800,2025-11-28 03:00:00,836.73,839.82,831.41,834.41
1764302400,2025-11-28 04:00:00,834.35,842.43,829.22,841.61
1764306000,2025-11-28 05:00:00,841.3,851.84,838.55,851.64
1764309600,2025-11-28 06:00:00,851.66,852.5,842.15,842.95
1764313200,2025-11-28 07:00:00,843.28,843.64,836.09,842.02
1764316800,2025-11-28 08:00:00,841.97,847.75,831.16,834.32
1764320400,2025-11-28 09:00:00,834.54,842.84,833.33,840.27
1764324000,2025-11-28 10:00:00,840.63,844.12,835.6,840.7
1764327600,2025-11-28 11:00:00,840.52,843.42,828.11,832.36
1764331200,2025-11-28 12:00:00,832.54,834.93,822.33,830.54
1764334800,2025-11-28 13:00:00,830.45,839.74,829.04,835.21
1764338400,2025-11-28 14:00:00,835.23,850.39,830.16,848.71
1764342000,2025-11-28 15:00:00,848.56,859.52,845.97,855.46
1764345600,2025-11-28 16:00:00,855.31,881.88,854.43,873.93
1764349200,2025-11-28 17:00:00,874.06,877.36,866.22,876.24
1764352800,2025-11-28 18:00:00,876.16,885.67,874.68,883.91
1764356400,2025-11-28 19:00:00,883.97,900.27,882.78,900.02
1764360000,2025-11-28 20:00:00,900.01,903.55,889.7,892.33
1764363600,2025-11-28 21:00:00,892.45,902.4,889.5,892.15
1764367200,2025-11-28 22:00:00,892.07,896.55,883.04,894.53
1764370800,2025-11-28 23:00:00,894.91,904.56,890.25,904.44
1764374400,2025-11-29 00:00:00,904.54,904.61,888.8,900.98
1764378000,2025-11-29 01:00:00,900.82,906.03,894.86,897.56
1764381600,2025-11-29 02:00:00,897.61,914.77,896.56,899.13
1764385200,2025-11-29 03:00:00,899.3,915.95,896.47,914.39
1764388800,2025-11-29 04:00:00,914.16,917.32,904.35,909.01
1764392400,2025-11-29 05:00:00,909.11,909.49,877.67,877.81
1764396000,2025-11-29 06:00:00,877.59,888.41,872.85,881.83
1764399600,2025-11-29 07:00:00,881.81,888.32,873.21,884.36
1764403200,2025-11-29 08:00:00,884.36,895.33,883.85,891.44
1764406800,2025-11-29 09:00:00,891.16,893.36,877.78,887.53
1764410400,2025-11-29 10:00:00,887.53,888.53,879.46,885.89
1764414000,2025-11-29 11:00:00,885.64,890.07,877.55,889.35
1764417600,2025-11-29 12:00:00,889.35,890.48,875.82,877.04
1764421200,2025-11-29 13:00:00,877.09,877.74,860.3,863.95
1764424800,2025-11-29 14:00:00,863.95,870.72,862.24,863.96
1764428400,2025-11-29 15:00:00,864.01,875.22,862.75,873.99
1764432000,2025-11-29 16:00:00,874.31,886.75,873.9,882.33
1764435600,2025-11-29 17:00:00,882.49,892.45,881.24,887.84
1764439200,2025-11-29 18:00:00,887.97,889.18,874.62,874.94
1764442800,2025-11-29 19:00:00,874.74,874.77,859.44,866.98
1764446400,2025-11-29 20:00:00,867,872.41,857.86,865.71
1764450000,2025-11-29 21:00:00,865.83,873.61,861.26,872.66
1764453600,2025-11-29 22:00:00,872.61,872.66,858.63,859.98
1764457200,2025-11-29 23:00:00,860.04,865.41,853.81,861.91
1764460800,2025-11-30 00:00:00,862.02,866.61,850.93,856.72
1764464400,2025-11-30 01:00:00,856.64,869.21,856.39,866.16
1764468000,2025-11-30 02:00:00,865.87,868.98,854.6,855.06
1764471600,2025-11-30 03:00:00,855.11,872.76,854.03,865.71
1764475200,2025-11-30 04:00:00,865.67,867.6,856.56,858.45
1764478800,2025-11-30 05:00:00,858.55,863.52,836.7,840.99
1764482400,2025-11-30 06:00:00,841.02,841.31,830.5,837.29
1764486000,2025-11-30 07:00:00,837.08,837.54,821.44,821.97
1764489600,2025-11-30 08:00:00,821.6,825.06,815.87,821.03
1764493200,2025-11-30 09:00:00,821.27,822.08,802.13,805.14
1764496800,2025-11-30 10:00:00,805.1,812.16,803.75,806.37
1764500400,2025-11-30 11:00:00,806.55,809.43,794.01,798.28
1764504000,2025-11-30 12:00:00,798.4,799.25,789.08,793.76
1764507600,2025-11-30 13:00:00,793.87,799.54,789.94,799
1764511200,2025-11-30 14:00:00,799.24,809.46,798.13,806.57
1764514800,2025-11-30 15:00:00,806.39,807.79,791.18,796.3
1764518400,2025-11-30 16:00:00,796.36,805.01,786.54,802.7
1764522000,2025-11-30 17:00:00,802.81,822.66,802.72,813.93
1764525600,2025-11-30 18:00:00,814.06,824.66,813.55,816.92
1764529200,2025-11-30 19:00:00,816.98,825.7,811.33,823.33
1764532800,2025-11-30 20:00:00,823.25,824.49,808.91,813.88
1764536400,2025-11-30 21:00:00,813.83,819.11,806.01,812.4
1764540000,2025-11-30 22:00:00,812.51,820.85,809.17,817.86
1764543600,2025-11-30 23:00:00,818.11,821.93,806.5,809.75
1764547200,2025-12-01 00:00:00,809.53,814.96,804.19,807.71
1764550800,2025-12-01 01:00:00,807.65,817.51,806.41,807.91
1764554400,2025-12-01 02:00:00,807.64,811.45,790.72,792.72
1764558000,2025-12-01 03:00:00,792.8,799.06,790.38,796.49
1764561600,2025-12-01 04:00:00,796.49,803.15,793.15,799.7
1764565200,2025-12-01 05:00:00,799.69,806.81,797.11,803.22
1764568800,2025-12-01 06:00:00,803.29,810.04,798.06,805.18
1764572400,2025-12-01 07:00:00,805,811.42,789.21,797.84
1764576000,2025-12-01 08:00:00,797.69,798.75,787.08,793.48
1764579600,2025-12-01 09:00:00,793.43,795.67,777.65,793.66
1764583200,2025-12-01 10:00:00,793.52,797.64,786.92,795.32
1764586800,2025-12-01 11:00:00,795.21,797.4,778.11,781.97
1764590400,2025-12-01 12:00:00,781.99,791.23,770.86,772.37
1764594000,2025-12-01 13:00:00,772.26,774.59,763.32,763.32
1764597600,2025-12-01 14:00:00,763.48,775.35,760.26,775.25
1764601200,2025-12-01 15:00:00,775.14,777.48,765.65,774.11
1764604800,2025-12-01 16:00:00,774.23,786.46,774.16,777.32
1764608400,2025-12-01 17:00:00,777.22,784.35,777.03,778.72
1764612000,2025-12-01 18:00:00,778.91,782.33,770.11,774.85
1764615600,2025-12-01 19:00:00,774.75,780.67,769,775.89
1764619200,2025-12-01 20:00:00,775.81,776.97,767.17,772.42
1764622800,2025-12-01 21:00:00,772.51,775.49,761.85,763.06
1764626400,2025-12-01 22:00:00,762.9,764.3,756.8,757.65
1764630000,2025-12-01 23:00:00,757.53,763.01,748.62,748.91
1764633600,2025-12-02 00:00:00,749.08,761.77,748.62,758.2
1764637200,2025-12-02 01:00:00,758.17,759.74,738.83,741.68
1764640800,2025-12-02 02:00:00,741.67,744.39,735.95,736.34
1764644400,2025-12-02 03:00:00,736.22,738.78,727.93,732.15
1764648000,2025-12-02 04:00:00,731.97,738.9,730.98,737.2
1764651600,2025-12-02 05:00:00,737.23,747.05,735.03,741.62
1764655200,2025-12-02 06:00:00,741.79,745.68,728.15,728.67
1764658800,2025-12-02 07:00:00,728.65,731.03,720.24,725.31
1764662400,2025-12-02 08:00:00,725.39,727.41,719.53,726.43
1764666000,2025-12-02 09:00:00,726.27,729.07,716.11,718.59
1764669600,2025-12-02 10:00:00,718.56,726.09,718.14,722.38
1764673200,2025-12-02 11:00:00,722.27,722.27,711.69,715.17
1764676800,2025-12-02 12:00:00,715.17,716.49,699.8,704.42
1764680400,2025-12-02 13:00:00,704.33,707.22,694.29,700.72
1764684000,2025-12-02 14:00:00,700.87,703.93,691.16,692.52
1764687600,2025-12-02 15:00:00,692.31,701.66,690.76,695.33
1764691200,2025-12-02 16:00:00,695.52,702.79,688.39,702.74
1764694800,2025-12-02 17:00:00,702.85,709.07,701.77,708.95
1764698400,2025-12-02 18:00:00,708.77,720.74,704.51,719.68
1764702000,2025-12-02 19:00:00,719.65,727.15,716.6,724.9
1764705600,2025-12-02 20:00:00,724.66,736.05,724.46,732.21
1764709200,2025-12-02 21:00:00,732.4,733.07,720.01,729.49
1764712800,2025-12-02 22:00:00,729.59,737.43,724.68,734.79
1764716400,2025-12-02 23:00:00,735.04,744.05,733.13,735.99
1764720000,2025-12-03 00:00:00,735.9,746.82,735.33,744.27
1764723600,2025-12-03 01:00:00,744.11,750.43,738.24,749.13
1764727200,2025-12-03 02:00:00,749.39,753.27,744.42,747.07
1764730800,2025-12-03 03:00:00,747.07,747.87,738.18,739.13
1764734400,2025-12-03 04:00:00,739.04,745.3,737.39,742.1
1764738000,2025-12-03 05:00:00,742.13,751.05,732.17,733.88
1764741600,2025-12-03 06:00:00,734.17,746.08,729.29,745.51
1764745200,2025-12-03 07:00:00,745.46,757.49,743.73,748.47
1764748800,2025-12-03 08:00:00,748.52,749.99,730.25,736.67
1764752400,2025-12-03 09:00:00,736.72,741.51,731.01,731.76
1764756000,2025-12-03 10:00:00,731.94,752.13,728.19,750.77
1764759600,2025-12-03 11:00:00,750.88,758.52,747.89,754.93
1764763200,2025-12-03 12:00:00,755.02,759.67,748.94,758.44
1764766800,2025-12-03 13:00:00,758.28,770.73,756.14,766.68
1764770400,2025-12-03 14:00:00,766.73,772.96,760.03,771.06
1764774000,2025-12-03 15:00:00,770.89,773.85,765.67,769.53
1764777600,2025-12-03 16:00:00,769.74,780.24,769.72,771.36
1764781200,2025-12-03 17:00:00,771.15,775.76,764.89,766.13
1764784800,2025-12-03 18:00:00,766.1,781.17,765.71,779.55
1764788400,2025-12-03 19:00:00,779.69,790.44,776.8,783.84
1764792000,2025-12-03 20:00:00,783.85,788.77,778.75,782.12
1764795600,2025-12-03 21:00:00,782.17,784.49,770.31,771.23
1764799200,2025-12-03 22:00:00,771.42,785.87,769.6,780.49
1764802800,2025-12-03 23:00:00,780.36,795.18,779.7,793.75
1764806400,2025-12-04 00:00:00,793.89,799.06,768.35,769.83
1764810000,2025-12-04 01:00:00,769.83,774.35,762.41,763.28
1764813600,2025-12-04 02:00:00,763.55,765.57,753.62,758.56
1764817200,2025-12-04 03:00:00,758.67,763.07,753.08,753.52
1764820800,2025-12-04 04:00:00,753.73,761.04,750.84,753.87
1764824400,2025-12-04 05:00:00,753.93,760.34,749.17,758.99
1764828000,2025-12-04 06:00:00,759.24,762.03,749.18,751.26
1764831600,2025-12-04 07:00:00,751.36,761.39,750.57,758.43
1764835200,2025-12-04 08:00:00,758.71,765.58,752.99,756.35
1764838800,2025-12-04 09:00:00,756.38,757.22,744.99,745.26
1764842400,2025-12-04 10:00:00,745.18,754.27,742.41,748.28
1764846000,2025-12-04 11:00:00,748.27,752.94,740.55,751
1764849600,2025-12-04 12:00:00,750.78,761.49,746.77,760
1764853200,2025-12-04 13:00:00,759.79,766.37,756.86,761.5
1764856800,2025-12-04 14:00:00,761.6,769.93,759.89,760.57
1764860400,2025-12-04 15:00:00,760.48,764.7,755.64,761.61
1764864000,2025-12-04 16:00:00,761.58,768.2,753.71,753.96
1764867600,2025-12-04 17:00:00,753.76,760.57,751.14,759
1764871200,2025-12-04 18:00:00,759.15,767.31,756.76,765.7
1764874800,2025-12-04 19:00:00,765.75,772.92,759,767.48
1764878400,2025-12-04 20:00:00,767.56,770.37,759.34,762.13
1764882000,2025-12-04 21:00:00,762.2,776.33,758.61,772.85
1764885600,2025-12-04 22:00:00,773.25,780.9,767.62,780.46
1764889200,2025-12-04 23:00:00,780.44,791.15,776.62,790.62
1764892800,2025-12-05 00:00:00,790.58,792.36,779.32,783.2
1764896400,2025-12-05 01:00:00,782.98,796.1,780.14,793.64
1764900000,2025-12-05 02:00:00,793.37,794.38,781.16,789.89
1764903600,2025-12-05 03:00:00,789.73,796.36,786.3,794.85
1764907200,2025-12-05 04:00:00,794.81,796.6,782.05,784.86
1764910800,2025-12-05 05:00:00,784.89,785.11,771.8,772.88
1764914400,2025-12-05 06:00:00,772.68,777.2,765.61,772.43
1764918000,2025-12-05 07:00:00,772.45,773.74,760.29,766.94
1764921600,2025-12-05 08:00:00,767.1,771.94,765.32,767.13
1764925200,2025-12-05 09:00:00,767.09,775.13,759.72,770.47
1764928800,2025-12-05 10:00:00,770.36,780.28,767.23,777.52
1764932400,2025-12-05 11:00:00,777.55,790.08,777.16,787.18
1764936000,2025-12-05 12:00:00,787.24,790.72,778.76,779.75
1764939600,2025-12-05 13:00:00,779.78,783.7,771.52,778.85
1764943200,2025-12-05 14:00:00,778.9,790.2,776.2,789.31
1764946800,2025-12-05 15:00:00,789.15,793.79,782.14,783.4
1764950400,2025-12-05 16:00:00,783.32,794.34,783.32,790.09
1764954000,2025-12-05 17:00:00,790.06,794.65,779.84,783.96
1764957600,2025-12-05 18:00:00,783.98,790.69,775.15,775.19
1764961200,2025-12-05 19:00:00,775.27,779.7,768.69,770.7
1764964800,2025-12-05 20:00:00,770.75,777.34,767.35,773.28
1764968400,2025-12-05 21:00:00,773.34,780.58,770.15,774.81
1764972000,2025-12-05 22:00:00,774.76,796.23,771.59,795.6
1764975600,2025-12-05 23:00:00,795.72,797.37,784.79,792.41
1764979200,2025-12-06 00:00:00,792.47,792.72,778.44,780.08
1764982800,2025-12-06 01:00:00,780.07,785.83,775.44,780.72
1764986400,2025-12-06 02:00:00,780.78,786.1,777.61,782.63
1764990000,2025-12-06 03:00:00,782.63,787.26,775.45,779.87
1764993600,2025-12-06 04:00:00,780.13,783.35,772.52,773.31
1764997200,2025-12-06 05:00:00,773.59,775.58,756.35,758.92
1765000800,2025-12-06 06:00:00,758.89,766.82,757.08,760.27
1765004400,2025-12-06 07:00:00,760.17,764.42,754.42,759.15
1765008000,2025-12-06 08:00:00,759.29,763.45,752.61,755.68
1765011600,2025-12-06 09:00:00,755.68,765.96,755.14,761.47
1765015200,2025-12-06 10:00:00,761.4,780.34,760.74,777.93
1765018800,2025-12-06 11:00:00,778.06,788.73,777.72,784.3
1765022400,2025-12-06 12:00:00,784.4,788.09,768.93,769.16
1765026000,2025-12-06 13:00:00,769.14,774.17,766.05,768.83
1765029600,2025-12-06 14:00:00,768.91,773.23,762.71,768.55
1765033200,2025-12-06 15:00:00,768.63,769.73,758.45,760.64
1765036800,2025-12-06 16:00:00,760.91,760.99,743.94,751.6
1765040400,2025-12-06 17:00:00,751.62,765.41,745.28,751.3
1765044000,2025-12-06 18:00:00,751.26,753.8,745.69,749.13
1765047600,2025-12-06 19:00:00,749.18,761.47,747.69,757.12
1765051200,2025-12-06 20:00:00,757.19,761.07,748.16,753.96
1765054800,2025-12-06 21:00:00,753.96,754.71,746.64,751.86
1765058400,2025-12-06 22:00:00,751.77,754.1,738.92,752.99
1765062000,2025-12-06 23:00:00,753.18,760.35,750.21,753.73
1765065600,2025-12-07 00:00:00,753.78,757.76,749.09,751.11
1765069200,2025-12-07 01:00:00,751.05,760.09,747.84,757.96
1765072800,2025-12-07 02:00:00,757.98,768.7,757.54,761.43
1765076400,2025-12-07 03:00:00,761.47,762.57,743.13,746.73
1765080000,2025-12-07 04:00:00,746.73,765.39,746.19,758.05
1765083600,2025-12-07 05:00:00,758.16,771.95,756.79,767.61
1765087200,2025-12-07 06:00:00,767.77,777.71,759.72,777.19
1765090800,2025-12-07 07:00:00,777.06,781.31,771.69,781.31
1765094400,2025-12-07 08:00:00,781.23,786.91,777.92,783.82
1765098000,2025-12-07 09:00:00,783.94,790.16,778.52,779.68
1765101600,2025-12-07 10:00:00,779.66,783.34,775.74,776.58
1765105200,2025-12-07 11:00:00,776.62,784.83,774.78,784.81
1765108800,2025-12-07 12:00:00,784.6,785.91,767,773.95
1765112400,2025-12-07 13:00:00,773.96,776.67,764.47,768.31
1765116000,2025-12-07 14:00:00,768.36,769.15,757.53,759.11
1765119600,2025-12-07 15:00:00,759.21,769.72,750.85,768.06
1765123200,2025-12-07 16:00:00,767.91,768.99,755.45,758.3
1765126800,2025-12-07 17:00:00,758.21,761.27,745.94,760.76
1765130400,2025-12-07 18:00:00,760.87,765.84,753.41,763.84
1765134000,2025-12-07 19:00:00,763.77,775.28,762.84,773.5
1765137600,2025-12-07 20:00:00,773.64,787.79,770.4,786.51
1765141200,2025-12-07 21:00:00,786.5,797.21,779.21,795.16
1765144800,2025-12-07 22:00:00,795.04,805.77,793.91,795.63
1765148400,2025-12-07 23:00:00,795.46,805.62,787.68,802.33
1765152000,2025-12-08 00:00:00,802.3,807.47,792.13,799.18
1765155600,2025-12-08 01:00:00,799.27,804.66,792.71,804.3
1765159200,2025-12-08 02:00:00,804.47,810.72,798.18,800.4
1765162800,2025-12-08 03:00:00,800.68,802.11,790.62,799.96
1765166400,2025-12-08 04:00:00,800.05,807.24,796.13,804.91
1765170000,2025-12-08 05:00:00,804.66,816.73,801.81,814.38
1765173600,2025-12-08 06:00:00,814.26,814.66,802.58,805.23
1765177200,2025-12-08 07:00:00,805.34,807.86,788.52,789.4
1765180800,2025-12-08 08:00:00,789.63,796.13,785.87,791.28
1765184400,2025-12-08 09:00:00,791.47,799.11,785.74,798.28
1765188000,2025-12-08 10:00:00,798.33,808.35,796.68,807.82
1765191600,2025-12-08 11:00:00,807.65,817.21,804.4,811.75
1765195200,2025-12-08 12:00:00,811.74,822.97,804.77,815.09
1765198800,2025-12-08 13:00:00,815.09,821.3,809.15,818.33
1765202400,2025-12-08 14:00:00,818.11,823.75,807.82,810.13
1765206000,2025-12-08 15:00:00,810.07,811.24,782.72,784.47
1765209600,2025-12-08 16:00:00,784.32,790.4,780.94,789.48
1765213200,2025-12-08 17:00:00,789.71,797.28,787.76,791.8
1765216800,2025-12-08 18:00:00,791.75,800.84,788.34,789.97
1765220400,2025-12-08 19:00:00,790.1,801.1,783.66,801
1765224000,2025-12-08 20:00:00,801.21,811.17,800.54,807.81
1765227600,2025-12-08 21:00:00,807.96,809.38,791.32,791.33
1765231200,2025-12-08 22:00:00,791.3,793.68,782.77,785.14
1765234800,2025-12-08 23:00:00,785.18,787.8,772.38,774.86
1765238400,2025-12-09 00:00:00,774.7,779.64,769.82,774.85
1765242000,2025-12-09 01:00:00,774.98,778.85,767.62,774.35
1765245600,2025-12-09 02:00:00,774.46,777.79,765.77,774.63
1765249200,2025-12-09 03:00:00,774.58,782.05,774.05,781.15
1765252800,2025-12-09 04:00:00,781.13,787.04,774.68,780.62
1765256400,2025-12-09 05:00:00,780.54,786.07,776.12,785.67
1765260000,2025-12-09 06:00:00,785.68,785.74,768.27,783.07
1765263600,2025-12-09 07:00:00,782.95,789.63,782.34,787.86
1765267200,2025-12-09 08:00:00,787.56,788.37,777.16,778.63
1765270800,2025-12-09 09:00:00,778.57,782,772.92,775.67
1765274400,2025-12-09 10:00:00,775.61,784.49,771.6,775.38
1765278000,2025-12-09 11:00:00,775.31,779.83,765.34,765.79
1765281600,2025-12-09 12:00:00,765.75,772.87,757.29,766.24
1765285200,2025-12-09 13:00:00,766.56,775.28,766.39,767.84
1765288800,2025-12-09 14:00:00,767.74,771.11,761.76,769.05
1765292400,2025-12-09 15:00:00,768.95,770.62,762.25,765.38
1765296000,2025-12-09 16:00:00,765.49,769.4,753.48,753.48
1765299600,2025-12-09 17:00:00,753.41,765.36,752.85,764.17
1765303200,2025-12-09 18:00:00,764.09,771.13,762.99,767.26
1765306800,2025-12-09 19:00:00,767.27,770.87,763.24,767.93
1765310400,2025-12-09 20:00:00,767.98,769.21,761.53,765.79
1765314000,2025-12-09 21:00:00,765.57,777.5,759.93,767.82
1765317600,2025-12-09 22:00:00,767.83,771.14,760.9,770.97
1765321200,2025-12-09 23:00:00,770.88,778.05,768.35,776.17
1765324800,2025-12-10 00:00:00,776.28,783.28,772.11,778.49
1765328400,2025-12-10 01:00:00,778.95,794.8,778.73,791.46
1765332000,2025-12-10 02:00:00,791.44,802.77,786.95,799.86
1765335600,2025-12-10 03:00:00,800.14,802.66,794.27,798.32
1765339200,2025-12-10 04:00:00,798.52,803.86,792.83,802.17
1765342800,2025-12-10 05:00:00,802.21,813.64,800.05,812.92
1765346400,2025-12-10 06:00:00,813.01,813.6,804.54,809.52
1765350000,2025-12-10 07:00:00,809.74,816.29,805.05,808.29
1765353600,2025-12-10 08:00:00,808.58,808.86,789.34,794.37
1765357200,2025-12-10 09:00:00,794.43,796.67,777.78,784.73
1765360800,2025-12-10 10:00:00,784.56,801.51,783.75,800.11
1765364400,2025-12-10 11:00:00,800.09,808.7,796.56,805.44
1765368000,2025-12-10 12:00:00,805.12,814.75,804.71,809.27
1765371600,2025-12-10 13:00:00,809.32,818.85,808.77,816.21
1765375200,2025-12-10 14:00:00,816.13,824.38,807.98,821.29
1765378800,2025-12-10 15:00:00,821.49,838.37,818.16,831.96
1765382400,2025-12-10 16:00:00,831.94,839.84,827.64,829.63
1765386000,2025-12-10 17:00:00,829.64,830,810.62,811.32
1765389600,2025-12-10 18:00:00,811.29,829.88,810.66,820.88
1765393200,2025-12-10 19:00:00,821,831,814.21,822.87
1765396800,2025-12-10 20:00:00,822.7,839.05,822.15,835.67
1765400400,2025-12-10 21:00:00,835.75,836.29,829.59,831.71
1765404000,2025-12-10 22:00:00,831.59,838.89,828.69,837.9
1765407600,2025-12-10 23:00:00,838.06,841.97,826.21,828.64
1765411200,2025-12-11 00:00:00,828.59,830.03,815.78,824.63
1765414800,2025-12-11 01:00:00,824.58,827.94,815.48,820.59
1765418400,2025-12-11 02:00:00,820.56,825.75,817.07,821.79
1765422000,2025-12-11 03:00:00,821.87,834.68,818.22,832.61
1765425600,2025-12-11 04:00:00,832.95,835.84,826.23,835.29
1765429200,2025-12-11 05:00:00,835.15,838,827.87,828.57
1765432800,2025-12-11 06:00:00,828.71,832.97,822.26,825.29
1765436400,2025-12-11 07:00:00,825.42,827.71,815.86,817.67
1765440000,2025-12-11 08:00:00,817.47,826.2,815.42,823.06
1765443600,2025-12-11 09:00:00,823.33,829.59,818.02,825.53
1765447200,2025-12-11 10:00:00,825.74,835.65,824.3,826.6
1765450800,2025-12-11 11:00:00,826.68,831.06,820.9,825.53
1765454400,2025-12-11 12:00:00,825.61,836.11,819.92,834.14
1765458000,2025-12-11 13:00:00,834.31,834.48,818.28,823.19
1765461600,2025-12-11 14:00:00,823.09,826.4,819.24,821.96
1765465200,2025-12-11 15:00:00,821.9,831.39,820.11,822.96
1765468800,2025-12-11 16:00:00,822.95,834.4,818.59,832.23
1765472400,2025-12-11 17:00:00,832.31,836.84,817.52,820.18
1765476000,2025-12-11 18:00:00,820.33,823.64,806.99,807.46
1765479600,2025-12-11 19:00:00,807.38,821.77,800.69,819.82
1765483200,2025-12-11 20:00:00,819.51,822.08,813.71,814.87
1765486800,2025-12-11 21:00:00,815,818.5,811.9,815.85
1765490400,2025-12-11 22:00:00,816.16,823.7,809.15,813.17
1765494000,2025-12-11 23:00:00,813.34,816.82,799.81,803.73
1765497600,2025-12-12 00:00:00,803.86,808.51,792.3,795.02
1765501200,2025-12-12 01:00:00,794.99,795.99,787.8,788.09
1765504800,2025-12-12 02:00:00,788.26,788.33,772.47,779.25
1765508400,2025-12-12 03:00:00,779.23,782.17,767.27,769.84
1765512000,2025-12-12 04:00:00,769.91,772.01,757.83,759.68
1765515600,2025-12-12 05:00:00,759.49,766.63,754.6,766.15
1765519200,2025-12-12 06:00:00,766.06,772.98,757.8,758.45
1765522800,2025-12-12 07:00:00,758.34,758.84,748.21,749.06
1765526400,2025-12-12 08:00:00,749.23,754.28,743.08,745.85
1765530000,2025-12-12 09:00:00,745.71,757.01,742.85,753.65
1765533600,2025-12-12 10:00:00,753.66,758.35,748.4,752.19
1765537200,2025-12-12 11:00:00,752.23,756.89,740.91,747.97
1765540800,2025-12-12 12:00:00,747.74,750.64,734.68,737
1765544400,2025-12-12 13:00:00,737.05,738.56,727.08,735.24
1765548000,2025-12-12 14:00:00,735.25,746.19,734.52,740.76
1765551600,2025-12-12 15:00:00,740.77,749.83,738.39,746.02
1765555200,2025-12-12 16:00:00,745.93,748.17,737.86,740.74
1765558800,2025-12-12 17:00:00,740.68,748.26,734.25,741.2
1765562400,2025-12-12 18:00:00,741.14,744.39,731.31,735.85
1765566000,2025-12-12 19:00:00,735.96,744.9,733.34,736.87
1765569600,2025-12-12 20:00:00,736.79,759.12,735.58,756.89
1765573200,2025-12-12 21:00:00,756.77,767.32,748.92,766.87
1765576800,2025-12-12 22:00:00,766.79,781.07,765.97,778.71
1765580400,2025-12-12 23:00:00,778.65,782.74,772.2,773.72
1765584000,2025-12-13 00:00:00,773.64,778.84,768.9,777.7
1765587600,2025-12-13 01:00:00,777.63,777.9,768.88,777.02
1765591200,2025-12-13 02:00:00,777.14,792.13,773.38,792.13
1765594800,2025-12-13 03:00:00,792.16,809.9,791.62,807.43
1765598400,2025-12-13 04:00:00,807.36,824.57,806.9,817.35
1765602000,2025-12-13 05:00:00,817.24,823.18,814.07,815.59
1765605600,2025-12-13 06:00:00,815.48,818.22,800.37,801.67
1765609200,2025-12-13 07:00:00,801.55,802.09,791.12,799.47
1765612800,2025-12-13 08:00:00,799.66,806.97,792.76,803.24
1765616400,2025-12-13 09:00:00,803.24,811.83,798.09,801.54
1765620000,2025-12-13 10:00:00,801.53,815.14,794.84,814.32
1765623600,2025-12-13 11:00:00,814.3,822.33,810.87,817.99
1765627200,2025-12-13 12:00:00,818.05,820.45,813.02,814.06
1765630800,2025-12-13 13:00:00,814.09,819.36,800.48,801.53
1765634400,2025-12-13 14:00:00,801.72,802.39,790.68,797.41
1765638000,2025-12-13 15:00:00,797.68,807.55,790.83,793.19
1765641600,2025-12-13 16:00:00,793.05,802.06,792.61,793.74
1765645200,2025-12-13 17:00:00,793.66,803.26,793.53,798.15
1765648800,2025-12-13 18:00:00,798.32,806.96,794.35,800.9
1765652400,2025-12-13 19:00:00,800.8,809.21,795.81,808.82
1765656000,2025-12-13 20:00:00,808.92,809.73,799.1,804.18
1765659600,2025-12-13 21:00:00,804.24,807.17,793.29,797.85
1765663200,2025-12-13 22:00:00,797.99,802.35,791.16,798.87
1765666800,2025-12-13 23:00:00,798.92,816.4,797.67,811.41
1765670400,2025-12-14 00:00:00,811.49,828.59,810.31,823.87
1765674000,2025-12-14 01:00:00,823.85,825.33,815.57,818.47
1765677600,2025-12-14 02:00:00,818.27,820.31,811.9,814.64
1765681200,2025-12-14 03:00:00,814.6,822.93,811.5,817.54
1765684800,2025-12-14 04:00:00,817.53,818.77,798.18,800.3
1765688400,2025-12-14 05:00:00,800.08,806.35,795.57,798.78
1765692000,2025-12-14 06:00:00,798.86,805.19,788.88,789.9
1765695600,2025-12-14 07:00:00,789.75,797.11,784.48,788.78
1765699200,2025-12-14 08:00:00,788.98,790.53,779.05,783.23
1765702800,2025-12-14 09:00:00,783.33,788.49,776.98,783.59
1765706400,2025-12-14 10:00:00,783.67,790.84,780.85,786.78
1765710000,2025-12-14 11:00:00,786.72,786.95,769.21,769.21
1765713600,2025-12-14 12:00:00,768.91,778.69,768.63,774.8
1765717200,2025-12-14 13:00:00,774.86,781.33,774.59,775.12
1765720800,2025-12-14 14:00:00,774.95,785.86,773.46,785.17
1765724400,2025-12-14 15:00:00,785.19,793.38,781.96,787.36
1765728000,2025-12-14 16:00:00,787.45,791.45,777.76,782.57
1765731600,2025-12-14 17:00:00,782.77,782.77,775.4,777.5
1765735200,2025-12-14 18:00:00,777.74,783.41,770.27,770.27
1765738800,2025-12-14 19:00:00,770.41,774.85,763.75,769.92
1765742400,2025-12-14 20:00:00,770.08,772.45,765.45,771.4
1765746000,2025-12-14 21:00:00,771.37,774.26,766.03,770.04
1765749600,2025-12-14 22:00:00,769.82,778.81,765.9,769.72
1765753200,2025-12-14 23:00:00,769.52,771.62,758.39,760.16
1765756800,2025-12-15 00:00:00,760.31,763.02,752.48,756.8
1765760400,2025-12-15 01:00:00,757.29,757.29,739.35,739.58
1765764000,2025-12-15 02:00:00,739.36,742.39,729.5,730.1
1765767600,2025-12-15 03:00:00,729.88,736.16,728.89,731.66
1765771200,2025-12-15 04:00:00,731.79,735.63,723.8,734.13
1765774800,2025-12-15 05:00:00,734.02,739.34,731.11,736.38
1765778400,2025-12-15 06:00:00,736.38,739.48,732.23,734.07
1765782000,2025-12-15 07:00:00,734.17,747.29,733.71,737.59
1765785600,2025-12-15 08:00:00,737.81,742.27,728.35,728.95
1765789200,2025-12-15 09:00:00,729,742.01,726.64,738.27
1765792800,2025-12-15 10:00:00,738.24,739.79,732.18,738.95
1765796400,2025-12-15 11:00:00,738.92,740.53,729.64,737
1765800000,2025-12-15 12:00:00,737.3,747.85,734.32,741.12
1765803600,2025-12-15 13:00:00,741.16,745.91,731.1,732.93
1765807200,2025-12-15 14:00:00,732.92,733.3,721.24,722.63
1765810800,2025-12-15 15:00:00,722.7,730.14,719.23,721.77
1765814400,2025-12-15 16:00:00,721.55,722.65,706.35,708.48
1765818000,2025-12-15 17:00:00,708.63,717.92,708.63,716.12
1765821600,2025-12-15 18:00:00,716.13,717.49,706.46,709.38
1765825200,2025-12-15 19:00:00,709.48,717.95,707.77,716.52
1765828800,2025-12-15 20:00:00,716.55,719.75,712.26,715.25
1765832400,2025-12-15 21:00:00,715.35,718.64,706.63,708.08
1765836000,2025-12-15 22:00:00,708.08,717.56,707.32,716.68
1765839600,2025-12-15 23:00:00,716.75,720.88,715.62,717.71
1765843200,2025-12-16 00:00:00,717.58,727.65,717.12,725.34
1765846800,2025-12-16 01:00:00,725.3,732.84,723.83,728.88
1765850400,2025-12-16 02:00:00,728.91,732.34,723.95,731.42
1765854000,2025-12-16 03:00:00,731.34,747.45,728.48,746.68
1765857600,2025-12-16 04:00:00,746.49,754.12,743.83,746.93
1765861200,2025-12-16 05:00:00,746.76,761.31,745.04,756.58
1765864800,2025-12-16 06:00:00,756.58,760.01,751.47,755.29
1765868400,2025-12-16 07:00:00,755.2,760.26,749.4,755.64
1765872000,2025-12-16 08:00:00,755.63,761.42,748.47,750.14
1765875600,2025-12-16 09:00:00,750.11,761.91,746.55,757.74
1765879200,2025-12-16 10:00:00,757.7,758.95,743.11,745.6
1765882800,2025-12-16 11:00:00,745.49,765.38,742.83,763.48
1765886400,2025-12-16 12:00:00,763.55,771.56,759.08,770.68
1765890000,2025-12-16 13:00:00,770.66,771.7,755.91,760.15
1765893600,2025-12-16 14:00:00,760.44,774.26,759.34,764.73
1765897200,2025-12-16 15:00:00,764.72,775.61,763.98,773.73
1765900800,2025-12-16 16:00:00,773.7,787.96,770.64,785.41
1765904400,2025-12-16 17:00:00,785.6,794.54,775.2,776.36
1765908000,2025-12-16 18:00:00,776.4,776.75,755.2,756.71
1765911600,2025-12-16 19:00:00,756.65,764.4,752.59,762.17
1765915200,2025-12-16 20:00:00,762.02,774.36,759.37,762.75
1765918800,2025-12-16 21:00:00,762.71,780.26,761.19,777.43
1765922400,2025-12-16 22:00:00,777.43,784.02,774.45,783.4
1765926000,2025-12-16 23:00:00,783.17,791.25,779.87,787.57
1765929600,2025-12-17 00:00:00,787.77,791.37,777.4,778.51
1765933200,2025-12-17 01:00:00,778.58,782.96,769.64,769.64
1765936800,2025-12-17 02:00:00,769.6,778.93,767.02,778.82
1765940400,2025-12-17 03:00:00,778.75,779.01,770.4,772.26
1765944000,2025-12-17 04:00:00,771.99,773.82,764.26,769.78
1765947600,2025-12-17 05:00:00,769.75,787.44,765.71,786.41
1765951200,2025-12-17 06:00:00,786.33,789.18,779.74,782.87
1765954800,2025-12-17 07:00:00,782.71,787.44,775.23,782.42
1765958400,2025-12-17 08:00:00,782.41,787.93,769.13,784.92
1765962000,2025-12-17 09:00:00,785.06,788.36,777.22,786.13
1765965600,2025-12-17 10:00:00,786.18,801.14,785,795.47
1765969200,2025-12-17 11:00:00,795.52,801.23,787.49,787.87
1765972800,2025-12-17 12:00:00,787.67,792.85,774.78,778.47
1765976400,2025-12-17 13:00:00,778.34,790.06,777.21,784.03
1765980000,2025-12-17 14:00:00,783.89,783.89,766.07,767.66
1765983600,2025-12-17 15:00:00,767.44,768.34,750.61,752.6
1765987200,2025-12-17 16:00:00,752.65,757.07,745.88,748.06
1765990800,2025-12-17 17:00:00,747.86,748.5,731.23,731.98
1765994400,2025-12-17 18:00:00,731.93,742.46,729.19,739.65
1765998000,2025-12-17 19:00:00,739.6,744.07,730.24,730.29
1766001600,2025-12-17 20:00:00,730.28,735.88,727.94,735.83
1766005200,2025-12-17 21:00:00,735.88,745.71,735.79,742.4
1766008800,2025-12-17 22:00:00,742.25,745.14,724.12,724.27
1766012400,2025-12-17 23:00:00,724.22,725.09,714.65,721.1
1766016000,2025-12-18 00:00:00,720.94,724.11,707.51,710.02
1766019600,2025-12-18 01:00:00,710.15,719.49,707.04,718.58
1766023200,2025-12-18 02:00:00,718.56,731.93,717.48,728.14
1766026800,2025-12-18 03:00:00,728.21,739.63,727.71,736.43
1766030400,2025-12-18 04:00:00,736.56,740.98,726.4,733.13
1766034000,2025-12-18 05:00:00,732.91,732.91,719.19,720.14
1766037600,2025-12-18 06:00:00,720.09,722.86,713.2,713.2
1766041200,2025-12-18 07:00:00,713.22,719.02,709.34,714.47
1766044800,2025-12-18 08:00:00,714.56,719.1,712.5,712.74
1766048400,2025-12-18 09:00:00,712.73,715.89,704.98,705.86
1766052000,2025-12-18 10:00:00,705.78,707.23,698.06,699.62
1766055600,2025-12-18 11:00:00,699.57,714.91,699.41,713.07
1766059200,2025-12-18 12:00:00,712.81,715.22,701.52,707.19
1766062800,2025-12-18 13:00:00,707.36,716.8,704.9,708.75
1766066400,2025-12-18 14:00:00,708.39,713.79,706.24,711.44
1766070000,2025-12-18 15:00:00,711.58,719.19,709.42,715.74
1766073600,2025-12-18 16:00:00,715.82,722.71,711.06,712.6
1766077200,2025-12-18 17:00:00,712.7,712.71,692.88,694.67
1766080800,2025-12-18 18:00:00,694.68,707.72,694.62,702.71
1766084400,2025-12-18 19:00:00,702.7,714.32,702.7,705.94
1766088000,2025-12-18 20:00:00,705.82,716.35,705.32,714.82
1766091600,2025-12-18 21:00:00,714.75,726.09,713.75,723.41
1766095200,2025-12-18 22:00:00,723.65,726.44,711.47,723.82
1766098800,2025-12-18 23:00:00,723.65,724.39,707.05,707.05
1766102400,2025-12-19 00:00:00,706.89,710.88,702.97,704.42
1766106000,2025-12-19 01:00:00,704.16,724.36,703.22,723.46
1766109600,2025-12-19 02:00:00,723.67,729.64,719.95,729.64
1766113200,2025-12-19 03:00:00,729.51,735.69,723.43,732.8
1766116800,2025-12-19 04:00:00,732.68,739.79,730.3,733.03
1766120400,2025-12-19 05:00:00,733.07,734,718.84,719.03
1766124000,2025-12-19 06:00:00,718.72,721.56,713.68,715.55
1766127600,2025-12-19 07:00:00,715.64,721.27,715.05,720.1
1766131200,2025-12-19 08:00:00,720.16,723.46,711.55,711.68
1766134800,2025-12-19 09:00:00,711.43,723.86,708.6,721.69
1766138400,2025-12-19 10:00:00,721.78,726.75,713.55,713.73
1766142000,2025-12-19 11:00:00,713.74,723.02,711.81,717.51
1766145600,2025-12-19 12:00:00,717.49,727.12,714.77,724.55
1766149200,2025-12-19 13:00:00,724.43,727.64,716.59,718.79
1766152800,2025-12-19 14:00:00,718.71,730.9,717.83,730.39
1766156400,2025-12-19 15:00:00,730.63,731.38,717.36,718.65
1766160000,2025-12-19 16:00:00,718.66,720.98,711.03,715.97
1766163600,2025-12-19 17:00:00,715.84,730.29,715.2,729.03
1766167200,2025-12-19 18:00:00,728.75,733.33,718.77,730.06
1766170800,2025-12-19 19:00:00,730.11,733.72,723.28,723.43
1766174400,2025-12-19 20:00:00,723.3,735.41,719.43,734.86
1766178000,2025-12-19 21:00:00,735.06,735.76,721.47,729.02
1766181600,2025-12-19 22:00:00,729.03,730.15,720.22,727.8
1766185200,2025-12-19 23:00:00,727.83,731.52,717.29,723.61
1766188800,2025-12-20 00:00:00,723.56,736.63,722.49,732.56
1766192400,2025-12-20 01:00:00,732.79,736.93,726.4,734.41
1766196000,2025-12-20 02:00:00,734.57,741.99,732.55,737.19
1766199600,2025-12-20 03:00:00,737.03,745.57,729.45,730.31
1766203200,2025-12-20 04:00:00,730.35,735.55,720.5,725.48
1766206800,2025-12-20 05:00:00,725.37,728.28,721.62,726.6
1766210400,2025-12-20 06:00:00,726.52,726.74,719.87,721.81
1766214000,2025-12-20 07:00:00,721.68,723.61,707.61,709.31
1766217600,2025-12-20 08:00:00,709.2,713.35,702.55,709.54
1766221200,2025-12-20 09:00:00,709.71,719.47,708.38,713.19
1766224800,2025-12-20 10:00:00,713.3,715.47,706,709.96
1766228400,2025-12-20 11:00:00,710.08,734.11,707.18,733.46
1766232000,2025-12-20 12:00:00,733.58,736.5,726.35,727.99
1766235600,2025-12-20 13:00:00,728.02,736.99,727.08,730.74
1766239200,2025-12-20 14:00:00,730.81,745.71,729.9,741.49
1766242800,2025-12-20 15:00:00,741.48,749.5,736.39,744.79
1766246400,2025-12-20 16:00:00,744.61,750.16,736.12,738.02
1766250000,2025-12-20 17:00:00,738.16,746.27,736.05,742.61
1766253600,2025-12-20 18:00:00,742.59,753.97,740.7,753.62
1766257200,2025-12-20 19:00:00,753.6,757.07,747.28,755.52
1766260800,2025-12-20 20:00:00,755.65,758.1,750.27,753.99
1766264400,2025-12-20 21:00:00,753.93,767.4,750.11,765.22
1766268000,2025-12-20 22:00:00,765.09,771.21,761.08,763.79
1766271600,2025-12-20 23:00:00,763.76,767.32,759.41,763.18
1766275200,2025-12-21 00:00:00,763.42,770.62,760.8,763.04
1766278800,2025-12-21 01:00:00,762.92,771.98,760.54,769.81
1766282400,2025-12-21 02:00:00,769.89,771.98,763.01,767.84
1766286000,2025-12-21 03:00:00,767.63,781.4,767.13,780.07
1766289600,2025-12-21 04:00:00,780.3,784.59,778.12,778.65
1766293200,2025-12-21 05:00:00,778.82,783.46,763.69,767.46
1766296800,2025-12-21 06:00:00,767.5,769.51,753.39,754.48
1766300400,2025-12-21 07:00:00,754.37,754.54,731.87,737.27
1766304000,2025-12-21 08:00:00,737.05,746.67,736.91,739.9
1766307600,2025-12-21 09:00:00,740.12,757.92,740.12,754.61
1766311200,2025-12-21 10:00:00,754.81,757.38,746.54,750.7
1766314800,2025-12-21 11:00:00,750.77,776.13,750.43,773.74
1766318400,2025-12-21 12:00:00,773.68,778.53,767.34,774.72
1766322000,2025-12-21 13:00:00,774.99,782.84,767.19,767.33
1766325600,2025-12-21 14:00:00,767.33,768.48,743.06,746.5
1766329200,2025-12-21 15:00:00,746.78,748.81,737.89,748.78
1766332800,2025-12-21 16:00:00,748.76,758.54,745.09,748.31
1766336400,2025-12-21 17:00:00,748.26,750.73,739.4,741.72
1766340000,2025-12-21 18:00:00,741.92,750.35,741.43,748.9
1766343600,2025-12-21 19:00:00,748.78,750.52,728.03,729.37
1766347200,2025-12-21 20:00:00,729.48,736.27,726.85,727.55
1766350800,2025-12-21 21:00:00,727.62,728.7,714.3,715
1766354400,2025-12-21 22:00:00,715.02,718.4,711.99,714.11
1766358000,2025-12-21 23:00:00,714.23,714.25,701.82,707.13
1766361600,2025-12-22 00:00:00,707.15,707.68,699.01,704.41
1766365200,2025-12-22 01:00:00,704.68,710.06,697.91,699.37
1766368800,2025-12-22 02:00:00,699.55,702.6,681.07,682.38
1766372400,2025-12-22 03:00:00,682.33,695.49,682.22,684.93
1766376000,2025-12-22 04:00:00,684.91,691.92,683.09,691.47
1766379600,2025-12-22 05:00:00,691.43,692.59,686.22,689.47
1766383200,2025-12-22 06:00:00,689.45,695.42,682.88,684.81
1766386800,2025-12-22 07:00:00,684.73,684.73,675.23,677.38
1766390400,2025-12-22 08:00:00,677.31,678.86,670.49,673.91
1766394000,2025-12-22 09:00:00,673.68,676.29,668.89,674.64
1766397600,2025-12-22 10:00:00,674.59,679.93,669.75,670.76
1766401200,2025-12-22 11:00:00,670.89,678.97,669.61,677.18
1766404800,2025-12-22 12:00:00,677.11,677.24,662.92,665.61
1766408400,2025-12-22 13:00:00,665.71,666.99,662.04,666.14
1766412000,2025-12-22 14:00:00,666.08,676.35,665.01,675.4
1766415600,2025-12-22 15:00:00,675.3,684.65,674.85,680.62
1766419200,2025-12-22 16:00:00,680.61,684.47,674.74,677.29
1766422800,2025-12-22 17:00:00,677.33,677.33,659.86,659.88
1766426400,2025-12-22 18:00:00,660,665.95,657.26,660.51
1766430000,2025-12-22 19:00:00,660.5,668.09,656.43,668.09
1766433600,2025-12-22 20:00:00,668.02,668.8,659.45,660.24
1766437200,2025-12-22 21:00:00,660.2,674.65,657.09,672.16
1766440800,2025-12-22 22:00:00,672.2,682.67,670.71,680
1766444400,2025-12-22 23:00:00,680.1,686.21,676.7,681.7
1766448000,2025-12-23 00:00:00,681.77,687.98,680.17,686.98
1766451600,2025-12-23 01:00:00,687.07,698.35,674.61,677.55
1766455200,2025-12-23 02:00:00,677.57,686.95,674.37,683.38
1766458800,2025-12-23 03:00:00,683.22,692.7,680.37,691.89
1766462400,2025-12-23 04:00:00,691.8,701.74,686.06,699.47
1766466000,2025-12-23 05:00:00,699.7,700.99,692.33,700.75
1766469600,2025-12-23 06:00:00,700.62,713.15,700.62,705.35
1766473200,2025-12-23 07:00:00,705.34,705.93,694.4,699.82
1766476800,2025-12-23 08:00:00,699.73,703.38,696.64,699.63
1766480400,2025-12-23 09:00:00,699.45,706.58,696.7,704.54
1766484000,2025-12-23 10:00:00,704.53,719.1,699.97,718.79
1766487600,2025-12-23 11:00:00,718.77,721.34,712.24,712.65
1766491200,2025-12-23 12:00:00,712.74,729.04,710.95,728.79
1766494800,2025-12-23 13:00:00,728.81,751.79,728.81,751.48
1766498400,2025-12-23 14:00:00,751.5,762.79,747.21,761.96
1766502000,2025-12-23 15:00:00,762.03,764.35,755.02,760.54
1766505600,2025-12-23 16:00:00,760.45,761.33,754.49,755.52
1766509200,2025-12-23 17:00:00,755.62,764.73,751.28,762.87
1766512800,2025-12-23 18:00:00,763.02,773.34,760.72,763.29
1766516400,2025-12-23 19:00:00,763.16,768.21,759.2,762.97
1766520000,2025-12-23 20:00:00,763.06,769.28,760.27,766.05
1766523600,2025-12-23 21:00:00,766.15,780.75,766.15,773.4
1766527200,2025-12-23 22:00:00,773.34,784.13,765.74,766.51
1766530800,2025-12-23 23:00:00,766.43,778.94,763.91,778.06
1766534400,2025-12-24 00:00:00,778.25,785.74,774.04,780.44
1766538000,2025-12-24 01:00:00,780.36,784.8,769.94,769.95
1766541600,2025-12-24 02:00:00,769.86,772.15,753.36,754.07
1766545200,2025-12-24 03:00:00,754.16,755.17,746.08,747.33
1766548800,2025-12-24 04:00:00,747.33,762.07,740.56,755.15
1766552400,2025-12-24 05:00:00,755.11,770.98,752.39,768.39
1766556000,2025-12-24 06:00:00,768.42,778.15,767.32,777.17
1766559600,2025-12-24 07:00:00,777.35,780.54,769.18,778.33
1766563200,2025-12-24 08:00:00,778.4,787.87,775,782.46
1766566800,2025-12-24 09:00:00,782.35,790.13,780.76,782.76
1766570400,2025-12-24 10:00:00,782.66,784.5,775.74,779.86
1766574000,2025-12-24 11:00:00,779.76,780.8,764.27,764.85
1766577600,2025-12-24 12:00:00,764.63,769.6,757.13,767.11
1766581200,2025-12-24 13:00:00,767.1,774.8,759.83,765.88
1766584800,2025-12-24 14:00:00,765.86,774.37,763.73,769
1766588400,2025-12-24 15:00:00,768.89,779.53,763.88,774.87
1766592000,2025-12-24 16:00:00,774.86,778.53,771.76,772.68
1766595600,2025-12-24 17:00:00,772.5,774.49,764.14,765.78
1766599200,2025-12-24 18:00:00,765.8,772.63,764.41,768.05
1766602800,2025-12-24 19:00:00,768.09,780.95,768.09,779.19
1766606400,2025-12-24 20:00:00,779.25,782.46,766.23,767.4
1766610000,2025-12-24 21:00:00,767.44,774.88,762.41,771.54
1766613600,2025-12-24 22:00:00,771.46,779.32,769.77,772.34
1766617200,2025-12-24 23:00:00,772.26,773.92,765.1,768.66
1766620800,2025-12-25 00:00:00,768.62,769.12,761.41,768.3
1766624400,2025-12-25 01:00:00,768.52,775.93,766.14,772.64
1766628000,2025-12-25 02:00:00,772.5,772.52,761.94,763.23
1766631600,2025-12-25 03:00:00,763.12,763.87,746.07,746.68
1766635200,2025-12-25 04:00:00,746.42,752.14,741.78,746.22
1766638800,2025-12-25 05:00:00,746.35,746.55,733.05,738.29
1766642400,2025-12-25 06:00:00,738.27,746.69,736.53,739.87
1766646000,2025-12-25 07:00:00,739.73,743.05,731.62,735.11
1766649600,2025-12-25 08:00:00,735.13,739.56,730.33,735.81
1766653200,2025-12-25 09:00:00,735.84,742.35,734.93,741.67
1766656800,2025-12-25 10:00:00,741.61,760.53,741.36,751.26
1766660400,2025-12-25 11:00:00,751.39,766.01,747.65,759.01
1766664000,2025-12-25 12:00:00,759.26,769.11,756.9,766.08
1766667600,2025-12-25 13:00:00,765.93,774.86,759.03,760.16
1766671200,2025-12-25 14:00:00,760.21,763.43,750.88,758.73
1766674800,2025-12-25 15:00:00,758.85,764.78,750.99,751.24
1766678400,2025-12-25 16:00:00,751.28,753.16,740.07,744.14
1766682000,2025-12-25 17:00:00,744.24,754.4,740.96,752.56
1766685600,2025-12-25 18:00:00,752.41,754.45,746.14,752.26
1766689200,2025-12-25 19:00:00,752.35,760.54,751.99,758.7
1766692800,2025-12-25 20:00:00,758.74,762.62,752.51,755.4
1766696400,2025-12-25 21:00:00,755.36,764.09,755.21,761.27
1766700000,2025-12-25 22:00:00,761.31,767.08,756.71,757.23
1766703600,2025-12-25 23:00:00,757.31,765.1,755.99,761.57
1766707200,2025-12-26 00:00:00,761.47,773.43,758.89,772.05
1766710800,2025-12-26 01:00:00,771.71,773.77,766.41,773.76
1766714400,2025-12-26 02:00:00,773.69,778.91,766.2,766.6
1766718000,2025-12-26 03:00:00,766.44,769.81,760.01,763.38
1766721600,2025-12-26 04:00:00,763.29,773.83,757.91,770.74
1766725200,2025-12-26 05:00:00,770.57,781.36,765.7,780.9
1766728800,2025-12-26 06:00:00,780.83,781.79,771.95,777.57
1766732400,2025-12-26 07:00:00,777.98,779.36,772.36,778.25
1766736000,2025-12-26 08:00:00,778.17,779.94,758.77,760.47
1766739600,2025-12-26 09:00:00,760.52,768.83,752.61,753.99
1766743200,2025-12-26 10:00:00,753.84,763.36,753.33,762.56
1766746800,2025-12-26 11:00:00,762.65,767.91,758.86,767.41
1766750400,2025-12-26 12:00:00,767.27,775.95,763.54,774.82
1766754000,2025-12-26 13:00:00,774.97,787.83,769.54,785
1766757600,2025-12-26 14:00:00,784.9,789.64,780.09,783.16
1766761200,2025-12-26 15:00:00,782.87,785.3,771.63,771.67
1766764800,2025-12-26 16:00:00,771.75,774.89,763.47,764.61
1766768400,2025-12-26 17:00:00,764.69,782.94,763.84,779.6
1766772000,2025-12-26 18:00:00,779.79,785.34,773.04,785.05
1766775600,2025-12-26 19:00:00,785.08,790.57,775.3,775.79
1766779200,2025-12-26 20:00:00,775.78,778.93,770.46,777.15
1766782800,2025-12-26 21:00:00,777.24,785.86,775.23,784.97
1766786400,2025-12-26 22:00:00,784.94,793.05,779.13,792.16
1766790000,2025-12-26 23:00:00,792.51,802.74,792.48,800.87
1766793600,2025-12-27 00:00:00,800.92,819.36,800.92,815.25
1766797200,2025-12-27 01:00:00,815.28,829.17,810.79,824.09
1766800800,2025-12-27 02:00:00,823.94,827.98,810.76,818.31
1766804400,2025-12-27 03:00:00,818.37,828.18,814.66,819.03
1766808000,2025-12-27 04:00:00,819.06,821.56,809.82,810.39
1766811600,2025-12-27 05:00:00,810.45,817.35,807.07,810.1
1766815200,2025-12-27 06:00:00,809.82,820.49,807.5,812.72
1766818800,2025-12-27 07:00:00,812.69,818.01,797.44,797.44
1766822400,2025-12-27 08:00:00,797.57,809.08,793.29,806.92
1766826000,2025-12-27 09:00:00,806.84,814.59,803.34,804.27
1766829600,2025-12-27 10:00:00,804.36,819.04,803.14,817.52
1766833200,2025-12-27 11:00:00,817.51,820.43,798.36,800.57
1766836800,2025-12-27 12:00:00,800.5,804,792.79,800.37
1766840400,2025-12-27 13:00:00,800.29,821.22,798.96,819.8
1766844000,2025-12-27 14:00:00,819.78,827.9,818.55,823.03
1766847600,2025-12-27 15:00:00,823.14,836.9,822.48,832
1766851200,2025-12-27 16:00:00,832.09,851.01,830.81,847.99
1766854800,2025-12-27 17:00:00,847.72,850.22,839.46,842.5
1766858400,2025-12-27 18:00:00,842.38,845.44,837.01,843.05
1766862000,2025-12-27 19:00:00,843.01,854.23,841.66,851.5
1766865600,2025-12-27 20:00:00,851.64,859.07,850.44,857.45
1766869200,2025-12-27 21:00:00,857.33,876.48,855.13,867.71
1766872800,2025-12-27 22:00:00,867.54,870.16,859.2,860.18
1766876400,2025-12-27 23:00:00,860.26,868.37,853.44,867.88
1766880000,2025-12-28 00:00:00,867.88,883.38,864.82,879.73
1766883600,2025-12-28 01:00:00,879.69,888.57,874.59,888.55
1766887200,2025-12-28 02:00:00,888.71,894.82,881.52,885
1766890800,2025-12-28 03:00:00,884.88,894,882.82,890.98
1766894400,2025-12-28 04:00:00,891.18,897,884.62,885.28
1766898000,2025-12-28 05:00:00,885.38,893.59,881.75,892.31
1766901600,2025-12-28 06:00:00,892.3,898.98,887.27,893.45
1766905200,2025-12-28 07:00:00,893.41,900.87,882.1,898.15
1766908800,2025-12-28 08:00:00,898.24,899.96,892.15,894.65
1766912400,2025-12-28 09:00:00,894.66,908.34,892.99,899.42
1766916000,2025-12-28 10:00:00,899.34,907.18,892.81,906.65
1766919600,2025-12-28 11:00:00,906.64,907.1,895.73,900.41
1766923200,2025-12-28 12:00:00,900.27,915.85,899.68,902.38
1766926800,2025-12-28 13:00:00,902.59,908.59,892.81,907.42
1766930400,2025-12-28 14:00:00,907.43,909.05,895.95,904.12
1766934000,2025-12-28 15:00:00,903.84,914.65,900.04,909.67
1766937600,2025-12-28 16:00:00,909.74,927.84,907.33,924.71
1766941200,2025-12-28 17:00:00,924.9,933.78,919.52,927.33
1766944800,2025-12-28 18:00:00,927.34,929.22,903.11,906.9
1766948400,2025-12-28 19:00:00,906.84,912.3,897.89,899.98
1766952000,2025-12-28 20:00:00,900.15,911.44,899.68,909.2
1766955600,2025-12-28 21:00:00,909.2,917.46,906.55,916.85
1766959200,2025-12-28 22:00:00,916.84,923.31,910.91,911.27
1766962800,2025-12-28 23:00:00,910.91,924.39,904.23,920.98
1766966400,2025-12-29 00:00:00,920.76,925.5,912.1,924.5
1766970000,2025-12-29 01:00:00,924.71,931.49,920.57,928.85
1766973600,2025-12-29 02:00:00,928.99,932.33,909.26,912.79
1766977200,2025-12-29 03:00:00,913.17,918.48,904.8,910.98
1766980800,2025-12-29 04:00:00,910.76,923.13,905.86,916.61
1766984400,2025-12-29 05:00:00,916.51,921.24,906.54,911.97
1766988000,2025-12-29 06:00:00,911.88,920.5,909.16,910.65
1766991600,2025-12-29 07:00:00,910.37,922.08,906.33,909.55
1766995200,2025-12-29 08:00:00,909.22,924.43,908.33,922.97
1766998800,2025-12-29 09:00:00,923.07,924.51,915.08,917.56
1767002400,2025-12-29 10:00:00,917.56,932.22,913.41,925.06
1767006000,2025-12-29 11:00:00,925.11,948.07,919.59,945.84
1767009600,2025-12-29 12:00:00,945.84,961.76,945.84,959.03
1767013200,2025-12-29 13:00:00,958.75,959.27,944.87,952.33
1767016800,2025-12-29 14:00:00,952.42,959.67,949.51,955.83
1767020400,2025-12-29 15:00:00,955.81,958.65,950.58,954.34
1767024000,2025-12-29 16:00:00,954.37,959.8,948.04,948.88
1767027600,2025-12-29 17:00:00,949.02,965.41,948.15,955.29
1767031200,2025-12-29 18:00:00,955.41,964.35,947.35,963.29
1767034800,2025-12-29 19:00:00,963.41,969.65,952.08,967.86
1767038400,2025-12-29 20:00:00,967.84,972.33,960.62,967.45
1767042000,2025-12-29 21:00:00,967.2,970.47,943.39,944.47
1767045600,2025-12-29 22:00:00,944.49,944.89,927.71,931.96
1767049200,2025-12-29 23:00:00,932.12,936.21,925.45,933.04
1767052800,2025-12-30 00:00:00,932.9,952.79,928.66,951.03
1767056400,2025-12-30 01:00:00,951.3,951.77,931.46,932.39
1767060000,2025-12-30 02:00:00,932.37,935.16,916.81,922.77
1767063600,2025-12-30 03:00:00,923.11,955.52,921.23,952.42
1767067200,2025-12-30 04:00:00,952.48,965.44,951.98,955.7
1767070800,2025-12-30 05:00:00,955.63,960.03,947.79,955.76
1767074400,2025-12-30 06:00:00,955.9,964.71,951.62,961.03
1767078000,2025-12-30 07:00:00,960.89,972.22,960.79,963.97
1767081600,2025-12-30 08:00:00,963.97,976.52,960.94,973.67
1767085200,2025-12-30 09:00:00,973.76,976.12,956.3,958.03
1767088800,2025-12-30 10:00:00,957.98,976.57,957.83,964.5
1767092400,2025-12-30 11:00:00,964.68,973.74,955.84,971.58
1767096000,2025-12-30 12:00:00,971.37,974.68,960.11,967.76
1767099600,2025-12-30 13:00:00,968.1,982.09,967.42,981.48
1767103200,2025-12-30 14:00:00,981.61,1003.62,980.43,1003.1
1767106800,2025-12-30 15:00:00,1002.92,1004.54,992.85,998.02
1767110400,2025-12-30 16:00:00,997.69,1002.71,988.24,991.5
1767114000,2025-12-30 17:00:00,991.65,1001.14,986.52,997.06
1767117600,2025-12-30 18:00:00,996.75,996.79,974.62,984.85
1767121200,2025-12-30 19:00:00,984.88,995.16,981.92,992.57
1767124800,2025-12-30 20:00:00,992.86,1002.59,976.86,987.77
1767128400,2025-12-30 21:00:00,987.5,992.04,980.88,985.81
1767132000,2025-12-30 22:00:00,985.86,988.22,971.49,972.06
1767135600,2025-12-30 23:00:00,971.99,985.42,969.41,984.56
1767139200,2025-12-31 00:00:00,984.46,1000.73,982.44,1000.73
1767142800,2025-12-31 01:00:00,1000.86,1016.12,1000.84,1012.54
1767146400,2025-12-31 02:00:00,1012.78,1019.01,1007.11,1007.11
1767150000,2025-12-31 03:00:00,1007.23,1018.93,1003.68,1007.25
1767153600,2025-12-31 04:00:00,1007.13,1019.17,1002.83,1004.29
1767157200,2025-12-31 05:00:00,1004.13,1006.71,982.17,982.83
1767160800,2025-12-31 06:00:00,983.02,992.14,979.11,981.05
1767164400,2025-12-31 07:00:00,980.71,989.52,977.26,978.75
1767168000,2025-12-31 08:00:00,978.62,983.88,963.24,963.7
1767171600,2025-12-31 09:00:00,963.92,967.3,953.28,964.49
1767175200,2025-12-31 10:00:00,964.6,972.2,956,959.14
1767178800,2025-12-31 11:00:00,958.97,975.39,956.76,975.17
1767182400,2025-12-31 12:00:00,975.29,982.43,969.1,975.86
1767186000,2025-12-31 13:00:00,975.92,976.88,964.45,965.01
1767189600,2025-12-31 14:00:00,965.2,975.78,962.4,970.17
1767193200,2025-12-31 15:00:00,970.26,975.14,963.81,965.77
1767196800,2025-12-31 16:00:00,965.52,973.12,956.95,972.59
1767200400,2025-12-31 17:00:00,972.38,977.12,963.6,964.78
1767204000,2025-12-31 18:00:00,964.79,978.16,963.22,968.23
1767207600,2025-12-31 19:00:00,968.34,979.06,961.89,973.83
1767211200,2025-12-31 20:00:00,973.66,985.89,969.39,979.57
1767214800,2025-12-31 21:00:00,979.51,986.07,977.36,979.6
1767218400,2025-12-31 22:00:00,979.73,980.1,964.02,970.69
1767222000,2025-12-31 23:00:00,970.48,977.73,965.55,973.3
1767225600,2026-01-01 00:00:00,972.89,983.75,970.89,982.21
1767229200,2026-01-01 01:00:00,982.57,986.7,969.94,970.03
1767232800,2026-01-01 02:00:00,970.19,971.5,959.97,967.74
1767236400,2026-01-01 03:00:00,968.12,984.07,965.76,983.18
1767240000,2026-01-01 04:00:00,983.43,984.69,966.61,967.43
1767243600,2026-01-01 05:00:00,967.96,982.45,963.4,978.64
1767247200,2026-01-01 06:00:00,978.72,999.21,976.23,996.77
1767250800,2026-01-01 07:00:00,996.63,1008.52,989.65,994.47
1767254400,2026-01-01 08:00:00,994.53,1001.39,990.7,1000.33
1767258000,2026-01-01 09:00:00,1000.28,1002.8,988.16,994.33
1767261600,2026-01-01 10:00:00,994.27,1014.02,991.91,1010.25
1767265200,2026-01-01 11:00:00,1010.5,1019.98,1007.04,1013.11
1767268800,2026-01-01 12:00:00,1012.95,1032.9,1010.57,1030.21
1767272400,2026-01-01 13:00:00,1030.35,1044.26,1025.45,1039.89
1767276000,2026-01-01 14:00:00,1040.07,1051.48,1032.12,1043.72
1767279600,2026-01-01 15:00:00,1043.54,1044.13,1019.24,1019.33
1767283200,2026-01-01 16:00:00,1019.22,1023.24,1013.96,1020.2
1767286800,2026-01-01 17:00:00,1020.72,1024,1013.1,1015.94
1767290400,2026-01-01 18:00:00,1015.83,1023.2,1008.16,1013.75
1767294000,2026-01-01 19:00:00,1014.09,1018.1,1010.9,1014.11
1767297600,2026-01-01 20:00:00,1014.19,1047.69,1009.63,1046.25
1767301200,2026-01-01 21:00:00,1046.2,1054.02,1042.02,1052.74
1767304800,2026-01-01 22:00:00,1052.73,1052.98,1034.9,1037.33
1767308400,2026-01-01 23:00:00,1037.59,1047.7,1030.79,1031.95
1767312000,2026-01-02 00:00:00,1032.19,1044.96,1026.93,1031.41
1767315600,2026-01-02 01:00:00,1031.38,1032.7,1011.79,1016.48
1767319200,2026-01-02 02:00:00,1016.54,1017.17,995.52,995.89
1767322800,2026-01-02 03:00:00,995.95,1002.52,989.55,1001.16
1767326400,2026-01-02 04:00:00,1000.98,1001.76,987.36,995.85
1767330000,2026-01-02 05:00:00,995.83,1022.58,995.62,1022.31
1767333600,2026-01-02 06:00:00,1022.22,1027.06,1012.93,1023.6
1767337200,2026-01-02 07:00:00,1023.6,1030.31,1016.44,1026.23
1767340800,2026-01-02 08:00:00,1025.93,1036,1023.8,1025.95
1767344400,2026-01-02 09:00:00,1026.23,1027.18,1012.49,1022.96
1767348000,2026-01-02 10:00:00,1022.63,1023.65,1006.31,1007.92
1767351600,2026-01-02 11:00:00,1008,1018.41,1003.22,1015.5
1767355200,2026-01-02 12:00:00,1015.51,1017.93,1001.07,1004.83
1767358800,2026-01-02 13:00:00,1004.96,1024.82,1004.46,1015.44
1767362400,2026-01-02 14:00:00,1015.46,1022.81,1008.48,1012.67
1767366000,2026-01-02 15:00:00,1012.49,1013.61,998.87,999.82
1767369600,2026-01-02 16:00:00,999.82,1000.97,986.84,993.35
1767373200,2026-01-02 17:00:00,993.45,996.92,978.57,983.05
1767376800,2026-01-02 18:00:00,982.79,996.43,978.43,994.7
1767380400,2026-01-02 19:00:00,995.06,1003.98,988.82,989.05
1767384000,2026-01-02 20:00:00,988.93,989.02,966.54,969.96
1767387600,2026-01-02 21:00:00,969.99,971.14,954.88,965.07
1767391200,2026-01-02 22:00:00,965.05,978.24,962.22,968.86
1767394800,2026-01-02 23:00:00,968.66,975.11,961.04,973.48
1767398400,2026-01-03 00:00:00,973.62,981.1,969.39,980.38
1767402000,2026-01-03 01:00:00,980.44,983.66,959.23,959.58
1767405600,2026-01-03 02:00:00,959.51,971.81,959.17,965.67
1767409200,2026-01-03 03:00:00,965.81,971.53,955.97,969.5
1767412800,2026-01-03 04:00:00,969.46,977.08,961.73,970.74
1767416400,2026-01-03 05:00:00,970.74,977.63,966.32,976.01
1767420000,2026-01-03 06:00:00,976.17,981.79,971.8,979.06
1767423600,2026-01-03 07:00:00,979.36,982.95,955.69,958.68
1767427200,2026-01-03 08:00:00,958.87,970.41,957.61,965.63
1767430800,2026-01-03 09:00:00,965.99,966.42,952.24,956.45
1767434400,2026-01-03 10:00:00,956.52,964.79,955.19,960.85
1767438000,2026-01-03 11:00:00,960.86,968.24,950.75,965.36
1767441600,2026-01-03 12:00:00,965.3,976.61,959.46,963.37
1767445200,2026-01-03 13:00:00,963.38,966.77,946.69,949.11
1767448800,2026-01-03 14:00:00,948.83,949.93,936.05,944.52
1767452400,2026-01-03 15:00:00,944.97,956.08,932.97,937.1
1767456000,2026-01-03 16:00:00,937.09,943.13,930.57,941.77
1767459600,2026-01-03 17:00:00,941.85,943.07,924.18,924.95
1767463200,2026-01-03 18:00:00,924.79,938.25,921.44,936.19
1767466800,2026-01-03 19:00:00,936.36,944.32,933.53,936.76
1767470400,2026-01-03 20:00:00,936.96,955.78,934.64,946.83
1767474000,2026-01-03 21:00:00,946.64,953.33,931.28,934.11
1767477600,2026-01-03 22:00:00,934.03,944.45,924.45,939.45
1767481200,2026-01-03 23:00:00,939.35,941.94,925.83,938
1767484800,2026-01-04 00:00:00,937.97,944.61,937.14,937.88
1767488400,2026-01-04 01:00:00,937.88,938.08,918.83,928.94
1767492000,2026-01-04 02:00:00,929.46,935.95,924.74,928.5
1767495600,2026-01-04 03:00:00,928.47,936.01,926.83,929.58
1767499200,2026-01-04 04:00:00,929.42,931.29,916.09,921.91
1767502800,2026-01-04 05:00:00,921.77,938.06,921.04,930.87
1767506400,2026-01-04 06:00:00,930.78,935.53,924.4,932.41
1767510000,2026-01-04 07:00:00,932.38,938.57,926.03,937.31
1767513600,2026-01-04 08:00:00,937.56,956.69,934.69,951.49
1767517200,2026-01-04 09:00:00,951.52,962.79,948.79,951.84
1767520800,2026-01-04 10:00:00,951.61,955.13,936.03,945.36
1767524400,2026-01-04 11:00:00,945.08,953.53,937.09,942.79
1767528000,2026-01-04 12:00:00,942.85,961.59,941.03,956.02
1767531600,2026-01-04 13:00:00,956.08,963.05,951.3,961.41
1767535200,2026-01-04 14:00:00,961.41,968.93,952.02,959.16
1767538800,2026-01-04 15:00:00,959.49,960.62,948.69,956.48
1767542400,2026-01-04 16:00:00,956.67,961.01,947.22,953.42
1767546000,2026-01-04 17:00:00,953.48,958.17,949.25,954.45
1767549600,2026-01-04 18:00:00,954.23,962.8,948.53,960.93
1767553200,2026-01-04 19:00:00,961.27,966.6,956.17,962.51
1767556800,2026-01-04 20:00:00,962.66,977.56,961.92,977.56
1767560400,2026-01-04 21:00:00,977.3,985.47,965.7,973.29
1767564000,2026-01-04 22:00:00,973.32,987.73,970.72,987.19
1767567600,2026-01-04 23:00:00,987.05,993.49,979.74,991.26
1767571200,2026-01-05 00:00:00,991.09,1010.83,990.21,992.35
1767574800,2026-01-05 01:00:00,992.27,999.89,985.39,999.89
1767578400,2026-01-05 02:00:00,1000.32,1004.56,992.47,994.83
1767582000,2026-01-05 03:00:00,994.46,1001.71,986.88,995.11
1767585600,2026-01-05 04:00:00,995.37,1001.76,990.5,996.47
1767589200,2026-01-05 05:00:00,996.36,1024.5,993.72,1021.18
1767592800,2026-01-05 06:00:00,1021.14,1025.09,1013.73,1018.45
1767596400,2026-01-05 07:00:00,1018.39,1036.29,1018.18,1025.8
1767600000,2026-01-05 08:00:00,1025.7,1032.34,1022.72,1023.31
1767603600,2026-01-05 09:00:00,1023.41,1034.62,1022.22,1025.16
1767607200,2026-01-05 10:00:00,1025.38,1032,1021.22,1022.89
1767610800,2026-01-05 11:00:00,1023.07,1040.39,1021.15,1039.79
1767614400,2026-01-05 12:00:00,1039.88,1051.24,1038.67,1048.88
1767618000,2026-01-05 13:00:00,1048.97,1060.6,1046.67,1050.54
1767621600,2026-01-05 14:00:00,1050.55,1062.24,1045.68,1048.47
1767625200,2026-01-05 15:00:00,1048.31,1053.05,1033.05,1036
1767628800,2026-01-05 16:00:00,1036.2,1050.6,1033.88,1045.1
1767632400,2026-01-05 17:00:00,1044.79,1047.71,1031.53,1033.15
1767636000,2026-01-05 18:00:00,1033.08,1039.97,1017.52,1024.2
1767639600,2026-01-05 19:00:00,1024.08,1024.59,1004.99,1013.46
1767643200,2026-01-05 20:00:00,1013.63,1024.18,1007.94,1021.23
1767646800,2026-01-05 21:00:00,1021.54,1028.6,1018.27,1025.57
1767650400,2026-01-05 22:00:00,1025.68,1036.29,1022.46,1022.58
1767654000,2026-01-05 23:00:00,1023.05,1026.46,1016.56,1021.81
1767657600,2026-01-06 00:00:00,1022,1033,1014.13,1031.6
1767661200,2026-01-06 01:00:00,1031.71,1041.56,1018.94,1035.03
1767664800,2026-01-06 02:00:00,1035.24,1046.38,1033.95,1043.92
1767668400,2026-01-06 03:00:00,1043.94,1047.35,1034.17,1038.31
1767672000,2026-01-06 04:00:00,1038.35,1045.87,1025.17,1044.68
1767675600,2026-01-06 05:00:00,1044.82,1053.74,1038.05,1039.87
1767679200,2026-01-06 06:00:00,1039.78,1047.19,1036.54,1040.79
1767682800,2026-01-06 07:00:00,1040.92,1053.21,1036.89,1042.56
1767686400,2026-01-06 08:00:00,1042.61,1052.98,1031.23,1051.51
1767690000,2026-01-06 09:00:00,1051.83,1057.87,1039.44,1041.3
1767693600,2026-01-06 10:00:00,1041.33,1047.29,1036.25,1036.92
1767697200,2026-01-06 11:00:00,1037,1055.15,1036.59,1044.25
1767700800,2026-01-06 12:00:00,1044.42,1046.92,1030.48,1033.93
1767704400,2026-01-06 13:00:00,1033.89,1047.7,1031.99,1039.6
1767708000,2026-01-06 14:00:00,1039.69,1060.61,1034.63,1051.14
1767711600,2026-01-06 15:00:00,1051.03,1060.8,1042.13,1059.69
1767715200,2026-01-06 16:00:00,1059.96,1069,1056.48,1067.94
1767718800,2026-01-06 17:00:00,1068.07,1078.57,1062.6,1074.3
1767722400,2026-01-06 18:00:00,1074.52,1081.49,1059.57,1063.87
1767726000,2026-01-06 19:00:00,1063.93,1067,1053.81,1066.38
1767729600,2026-01-06 20:00:00,1066.15,1070.53,1047.31,1047.49
1767733200,2026-01-06 21:00:00,1047.15,1056.22,1046.73,1047.52
1767736800,2026-01-06 22:00:00,1046.96,1062.44,1044.72,1046.19
1767740400,2026-01-06 23:00:00,1046.17,1046.6,1029.09,1030.14
1767744000,2026-01-07 00:00:00,1030.19,1036.01,1025.84,1028.31
1767747600,2026-01-07 01:00:00,1028.06,1041.77,1026.78,1040.26
1767751200,2026-01-07 02:00:00,1040.52,1056.74,1040.52,1045.14
1767754800,2026-01-07 03:00:00,1045.07,1069.1,1043.02,1067.86
1767758400,2026-01-07 04:00:00,1067.72,1071.81,1047.99,1050.63
1767762000,2026-01-07 05:00:00,1050.49,1064.33,1044.28,1057.57
1767765600,2026-01-07 06:00:00,1057.51,1068.48,1053.73,1055.21
1767769200,2026-01-07 07:00:00,1054.78,1064.68,1049.01,1060.19
1767772800,2026-01-07 08:00:00,1060,1077.51,1058.37,1076.68
1767776400,2026-01-07 09:00:00,1076.31,1077.34,1055.26,1057.39
1767780000,2026-01-07 10:00:00,1057.69,1065.19,1054.39,1061.45
1767783600,2026-01-07 11:00:00,1061.56,1068.04,1054.45,1055.01
1767787200,2026-01-07 12:00:00,1055.13,1064.74,1049.89,1053.98
1767790800,2026-01-07 13:00:00,1054.15,1054.72,1034.34,1036.87
1767794400,2026-01-07 14:00:00,1036.91,1037.36,1025.91,1028.86
1767798000,2026-01-07 15:00:00,1029.05,1034.94,1025.84,1032.88
1767801600,2026-01-07 16:00:00,1032.8,1033.34,1015.87,1018.44
1767805200,2026-01-07 17:00:00,1018.57,1021.6,1010.09,1013.91
1767808800,2026-01-07 18:00:00,1013.77,1015.02,997.6,1003.58
1767812400,2026-01-07 19:00:00,1003.7,1009.22,995.51,1004.7
1767816000,2026-01-07 20:00:00,1004.72,1017.52,1001.06,1016.53
1767819600,2026-01-07 21:00:00,1016.4,1021.44,1004.11,1005.66
1767823200,2026-01-07 22:00:00,1005.83,1025.93,1002.9,1024.97
1767826800,2026-01-07 23:00:00,1024.98,1029.92,1014.49,1015.39
1767830400,2026-01-08 00:00:00,1015.92,1019.26,994.67,995.2
1767834000,2026-01-08 01:00:00,995.81,1005.91,990.24,1001.97
1767837600,2026-01-08 02:00:00,1002.05,1004.03,994.79,1001.75
1767841200,2026-01-08 03:00:00,1001.9,1005.68,992.96,1005.68
1767844800,2026-01-08 04:00:00,1005.78,1006.6,990.71,993.73
1767848400,2026-01-08 05:00:00,993.84,993.85,983.12,988.73
1767852000,2026-01-08 06:00:00,988.37,993.95,980.97,986.23
1767855600,2026-01-08 07:00:00,986.42,991.42,982.83,983.64
1767859200,2026-01-08 08:00:00,983.56,988.34,966.84,969.59
1767862800,2026-01-08 09:00:00,969.7,969.7,953.85,958.74
1767866400,2026-01-08 10:00:00,958.47,959,947.37,952.93
1767870000,2026-01-08 11:00:00,952.95,970.4,946.14,969.24
1767873600,2026-01-08 12:00:00,969.43,983.24,967.27,977.67
1767877200,2026-01-08 13:00:00,977.89,983.38,975.39,980.1
1767880800,2026-01-08 14:00:00,980.11,986.68,958.29,959.05
1767884400,2026-01-08 15:00:00,959.15,975.75,954.7,973.44
1767888000,2026-01-08 16:00:00,973.19,989.05,972.93,980.79
1767891600,2026-01-08 17:00:00,980.96,992.08,976.56,989.98
1767895200,2026-01-08 18:00:00,989.93,1002.63,983.96,1000.36
1767898800,2026-01-08 19:00:00,1000.66,1009.44,997.8,1008.44
1767902400,2026-01-08 20:00:00,1008.5,1008.69,986.6,986.72
1767906000,2026-01-08 21:00:00,986.49,1005.49,983.41,1004.43
1767909600,2026-01-08 22:00:00,1004.73,1030.27,998.17,1029.65
1767913200,2026-01-08 23:00:00,1029.6,1048.93,1023.15,1045.71
1767916800,2026-01-09 00:00:00,1045.94,1049.31,1027.39,1028.74
1767920400,2026-01-09 01:00:00,1028.62,1029.44,1004.89,1005.18
1767924000,2026-01-09 02:00:00,1005.01,1018.85,1000.03,1009.14
1767927600,2026-01-09 03:00:00,1008.93,1022.6,1006.49,1021.68
1767931200,2026-01-09 04:00:00,1021.41,1032.04,1013.31,1013.64
1767934800,2026-01-09 05:00:00,1013.67,1014.55,998.26,1010.49
1767938400,2026-01-09 06:00:00,1010.51,1011.43,995.96,1004.69
1767942000,2026-01-09 07:00:00,1004.73,1013.01,998.83,1009.85
1767945600,2026-01-09 08:00:00,1009.84,1014.2,1005.02,1010.58
1767949200,2026-01-09 09:00:00,1010.35,1026.55,1004,1025.13
1767952800,2026-01-09 10:00:00,1025.06,1034.26,1019.03,1020.45
1767956400,2026-01-09 11:00:00,1020.23,1028.14,1016.47,1020.09
1767960000,2026-01-09 12:00:00,1020.2,1051.29,1020.09,1050.69
1767963600,2026-01-09 13:00:00,1050.78,1069.74,1049.13,1068.95
1767967200,2026-01-09 14:00:00,1068.73,1074.31,1051.09,1057.04
1767970800,2026-01-09 15:00:00,1056.99,1057.29,1021.41,1025.44
1767974400,2026-01-09 16:00:00,1025.62,1027.89,1000.61,1012.14
1767978000,2026-01-09 17:00:00,1012.46,1021.04,1007.12,1007.38
1767981600,2026-01-09 18:00:00,1007.3,1027.11,1004.41,1025.73
1767985200,2026-01-09 19:00:00,1025.73,1026.67,1002.23,1017.01
1767988800,2026-01-09 20:00:00,1017.2,1023.84,1012.75,1020.98
1767992400,2026-01-09 21:00:00,1020.71,1021.77,1013.61,1018.78
1767996000,2026-01-09 22:00:00,1018.67,1037.5,1016.09,1020.38
1767999600,2026-01-09 23:00:00,1020.13,1037.16,1013.37,1028.23
1768003200,2026-01-10 00:00:00,1028.32,1030.77,1014.56,1015.66
1768006800,2026-01-10 01:00:00,1015.62,1023.18,1006.53,1013.87
1768010400,2026-01-10 02:00:00,1013.71,1024.63,1012.2,1013.75
1768014000,2026-01-10 03:00:00,1013.87,1030.34,1013.87,1022.43
1768017600,2026-01-10 04:00:00,1022.4,1031.12,1018.95,1027.85
1768021200,2026-01-10 05:00:00,1027.52,1030.37,1017.49,1024.2
1768024800,2026-01-10 06:00:00,1024.07,1029.1,1011.97,1028.88
1768028400,2026-01-10 07:00:00,1029.03,1039.67,1023,1038.49
1768032000,2026-01-10 08:00:00,1038.53,1046.46,1034.32,1046.45
1768035600,2026-01-10 09:00:00,1046.49,1060.94,1041.59,1058.15
1768039200,2026-01-10 10:00:00,1057.94,1080.87,1056.67,1077.62
1768042800,2026-01-10 11:00:00,1077.9,1089.14,1065.61,1067.73
1768046400,2026-01-10 12:00:00,1067.69,1072.39,1060.47,1068.79
1768050000,2026-01-10 13:00:00,1068.74,1081.13,1064.19,1075.81
1768053600,2026-01-10 14:00:00,1075.82,1088.69,1074.12,1075.54
1768057200,2026-01-10 15:00:00,1075.33,1076.9,1061.39,1063.05
1768060800,2026-01-10 16:00:00,1062.95,1069.03,1059.32,1059.61
1768064400,2026-01-10 17:00:00,1059.51,1085.21,1057.69,1074.1
1768068000,2026-01-10 18:00:00,1073.99,1076.13,1057.62,1069.08
1768071600,2026-01-10 19:00:00,1069.24,1076.6,1064.46,1065.89
1768075200,2026-01-10 20:00:00,1066,1077.52,1064.09,1071.34
1768078800,2026-01-10 21:00:00,1071.55,1103.85,1071.19,1098.91
1768082400,2026-01-10 22:00:00,1098.83,1099.07,1071.88,1081.62
1768086000,2026-01-10 23:00:00,1081.42,1097.3,1074.14,1095.91
1768089600,2026-01-11 00:00:00,1096.27,1097.17,1083.02,1092.47
1768093200,2026-01-11 01:00:00,1092.6,1099.95,1089.65,1095.01
1768096800,2026-01-11 02:00:00,1094.78,1096.31,1080.59,1083.87
1768100400,2026-01-11 03:00:00,1083.92,1105.71,1080.86,1101.18
1768104000,2026-01-11 04:00:00,1101.4,1103.67,1081.21,1086.9
1768107600,2026-01-11 05:00:00,1086.4,1095.24,1084.15,1093.31
1768111200,2026-01-11 06:00:00,1093.23,1100.27,1082.32,1082.32
1768114800,2026-01-11 07:00:00,1082.17,1087.93,1070.46,1070.46
1768118400,2026-01-11 08:00:00,1070.81,1079.09,1060.68,1070.03
1768122000,2026-01-11 09:00:00,1070.05,1076.81,1056.1,1074.46
1768125600,2026-01-11 10:00:00,1074.43,1075.26,1062.01,1072.64
1768129200,2026-01-11 11:00:00,1072.91,1076.66,1059.68,1063.11
1768132800,2026-01-11 12:00:00,1063.39,1078.04,1061.14,1073.43
1768136400,2026-01-11 13:00:00,1073.65,1075.05,1057.51,1059.72
1768140000,2026-01-11 14:00:00,1059.76,1063.9,1050.89,1055.07
1768143600,2026-01-11 15:00:00,1054.93,1055.04,1041.97,1051.85
1768147200,2026-01-11 16:00:00,1051.81,1055.95,1042.9,1054.32
1768150800,2026-01-11 17:00:00,1054.33,1059.61,1040.25,1045.06
1768154400,2026-01-11 18:00:00,1045.34,1056.69,1041.82,1048.73
1768158000,2026-01-11 19:00:00,1048.52,1057.49,1041.72,1046.16
1768161600,2026-01-11 20:00:00,1046.01,1054.07,1034.2,1052.5
1768165200,2026-01-11 21:00:00,1052.1,1062.91,1051.24,1053.61
1768168800,2026-01-11 22:00:00,1053.27,1065.67,1047.67,1056.86
1768172400,2026-01-11 23:00:00,1056.85,1078.85,1055.58,1073.62
1768176000,2026-01-12 00:00:00,1073.49,1083.33,1068,1073.91
1768179600,2026-01-12 01:00:00,1074.26,1082.1,1070.6,1072.75
1768183200,2026-01-12 02:00:00,1072.47,1080.63,1063.44,1074.78
1768186800,2026-01-12 03:00:00,1074.95,1093.74,1074.95,1092.06
1768190400,2026-01-12 04:00:00,1092.25,1095.34,1082.26,1087.74
1768194000,2026-01-12 05:00:00,1087.93,1097.43,1084.86,1089.1
1768197600,2026-01-12 06:00:00,1089.14,1097.91,1078.53,1084.66
1768201200,2026-01-12 07:00:00,1084.74,1085.42,1066.55,1067.39
1768204800,2026-01-12 08:00:00,1067.38,1069.18,1045.38,1047.33
1768208400,2026-01-12 09:00:00,1047.01,1050.9,1034.77,1035.33
1768212000,2026-01-12 10:00:00,1035.3,1042.92,1022.01,1022.6
1768215600,2026-01-12 11:00:00,1022.6,1040.49,1022.46,1032.52
1768219200,2026-01-12 12:00:00,1032.41,1033.58,1017.32,1019.67
1768222800,2026-01-12 13:00:00,1019.44,1029.17,1016.1,1023.99
1768226400,2026-01-12 14:00:00,1024.12,1026.48,1014.34,1015.3
1768230000,2026-01-12 15:00:00,1015.72,1019.31,1010.01,1012.39
1768233600,2026-01-12 16:00:00,1012.11,1016.18,987.42,995.32
1768237200,2026-01-12 17:00:00,995.28,1003.97,991.21,1003.51
1768240800,2026-01-12 18:00:00,1003.36,1008.52,992.04,1005.86
1768244400,2026-01-12 19:00:00,1005.7,1021.95,1004.61,1016.59
1768248000,2026-01-12 20:00:00,1016.55,1019.74,1005.16,1012.89
1768251600,2026-01-12 21:00:00,1013.13,1022.5,1007.89,1019.78
1768255200,2026-01-12 22:00:00,1019.71,1021.42,1010.15,1020.26
1768258800,2026-01-12 23:00:00,1020.31,1020.47,1001.27,1007.66
1768262400,2026-01-13 00:00:00,1007.57,1009.9,999.95,1009.11
1768266000,2026-01-13 01:00:00,1009.13,1009.64,980.51,981.34
1768269600,2026-01-13 02:00:00,981.77,985.67,963.48,970.13
1768273200,2026-01-13 03:00:00,970.14,978.5,963.28,975.79
1768276800,2026-01-13 04:00:00,975.88,996.89,974.95,990.64
1768280400,2026-01-13 05:00:00,990.76,994.41,983.02,990.04
1768284000,2026-01-13 06:00:00,990.02,997.85,985.21,992.31
1768287600,2026-01-13 07:00:00,992.49,1005.21,986.31,998.88
1768291200,2026-01-13 08:00:00,999.07,1005.74,989.09,991.36
1768294800,2026-01-13 09:00:00,991.15,995.42,969.23,974.22
1768298400,2026-01-13 10:00:00,974.3,992.48,969.22,991.66
1768302000,2026-01-13 11:00:00,991.59,1000.94,991.31,999.1
1768305600,2026-01-13 12:00:00,999.2,1007.62,994.35,1003.06
1768309200,2026-01-13 13:00:00,1002.86,1003.26,981.54,988.58
1768312800,2026-01-13 14:00:00,988.75,1013.91,986.07,1008.55
1768316400,2026-01-13 15:00:00,1008.36,1010.73,998.02,1007.96
1768320000,2026-01-13 16:00:00,1007.95,1026.98,1006.55,1026.12
1768323600,2026-01-13 17:00:00,1026.1,1039.1,1022.07,1038.06
1768327200,2026-01-13 18:00:00,1037.78,1059.6,1037.7,1055.84
1768330800,2026-01-13 19:00:00,1056.03,1066.44,1054.97,1060.22
1768334400,2026-01-13 20:00:00,1060.32,1063.07,1042.62,1045.48
1768338000,2026-01-13 21:00:00,1045.56,1057.4,1043.26,1044.82
1768341600,2026-01-13 22:00:00,1044.71,1044.71,1034.34,1036.99
1768345200,2026-01-13 23:00:00,1036.69,1041.49,1029.5,1031.78
1768348800,2026-01-14 00:00:00,1031.65,1039.81,1023.25,1025.09
1768352400,2026-01-14 01:00:00,1025.28,1035.25,1021.86,1026.01
1768356000,2026-01-14 02:00:00,1025.88,1032.59,1015.3,1019.2
1768359600,2026-01-14 03:00:00,1019.37,1019.37,993.23,1001.41
1768363200,2026-01-14 04:00:00,1001.38,1005.91,994.88,1002.21
1768366800,2026-01-14 05:00:00,1002.48,1004.55,988.28,994.73
1768370400,2026-01-14 06:00:00,994.88,998.9,976.57,982.9
1768374000,2026-01-14 07:00:00,982.64,991.51,976.12,978.84
1768377600,2026-01-14 08:00:00,979,988.18,969.72,970.48
1768381200,2026-01-14 09:00:00,970.53,974.69,948.65,949.23
1768384800,2026-01-14 10:00:00,949.14,951.66,929.34,929.6
1768388400,2026-01-14 11:00:00,929.48,933.16,918.16,927.77
1768392000,2026-01-14 12:00:00,927.86,942.22,925.52,939.56
1768395600,2026-01-14 13:00:00,939.54,945.22,933.46,937.72
1768399200,2026-01-14 14:00:00,937.72,946.91,927.55,934.1
1768402800,2026-01-14 15:00:00,933.7,944.31,931.13,937.29
1768406400,2026-01-14 16:00:00,937.23,956.48,935.46,954.32
1768410000,2026-01-14 17:00:00,954.19,968.37,952.81,960.71
1768413600,2026-01-14 18:00:00,960.45,976.26,957.18,963.25
1768417200,2026-01-14 19:00:00,963.07,974.87,961.19,961.59
1768420800,2026-01-14 20:00:00,961.49,963.52,952.96,962.85
1768424400,2026-01-14 21:00:00,962.91,972.61,955.91,972.29
1768428000,2026-01-14 22:00:00,972.41,982.81,971.05,977.69
1768431600,2026-01-14 23:00:00,977.65,977.65,961.65,972.74
1768435200,2026-01-15 00:00:00,972.71,987.85,971.73,985.27
1768438800,2026-01-15 01:00:00,985.55,1003.99,978.88,1002.58
1768442400,2026-01-15 02:00:00,1002.56,1010.82,997.33,1010.78
1768446000,2026-01-15 03:00:00,1010.93,1016.25,1006.39,1011.66
1768449600,2026-01-15 04:00:00,1011.98,1013.46,1002.38,1012.53
1768453200,2026-01-15 05:00:00,1012.66,1017.01,1001.63,1001.98
1768456800,2026-01-15 06:00:00,1001.85,1016.83,1000.09,1010.38
1768460400,2026-01-15 07:00:00,1010.34,1019.2,999.25,1016.92
1768464000,2026-01-15 08:00:00,1016.89,1022.84,1013.52,1016.24
1768467600,2026-01-15 09:00:00,1016.42,1020.18,1005.72,1019.06
1768471200,2026-01-15 10:00:00,1018.9,1024.63,1016.19,1021.62
1768474800,2026-01-15 11:00:00,1021.9,1033.82,1012.57,1033.82
1768478400,2026-01-15 12:00:00,1033.91,1040.41,1026.43,1027.72
1768482000,2026-01-15 13:00:00,1027.62,1045.73,1026.42,1042.62
1768485600,2026-01-15 14:00:00,1042.5,1051.53,1040.63,1045.34
1768489200,2026-01-15 15:00:00,1045.22,1046.76,1033.68,1037.56
1768492800,2026-01-15 16:00:00,1037.6,1041.98,1030.24,1041.73
1768496400,2026-01-15 17:00:00,1041.68,1044.33,1026.79,1034.39
1768500000,2026-01-15 18:00:00,1034.2,1046.95,1027.56,1045.54
1768503600,2026-01-15 19:00:00,1045.68,1051.65,1033.95,1034.47
1768507200,2026-01-15 20:00:00,1034.44,1041.66,1026.17,1038.55
1768510800,2026-01-15 21:00:00,1038.84,1047.84,1035.77,1039.85
1768514400,2026-01-15 22:00:00,1039.87,1042.01,1024.69,1033.39
1768518000,2026-01-15 23:00:00,1033.48,1047.26,1028.04,1036.5
1768521600,2026-01-16 00:00:00,1036.85,1036.85,1016.36,1029.6
1768525200,2026-01-16 01:00:00,1029.5,1037.12,1025.47,1031.36
1768528800,2026-01-16 02:00:00,1031.27,1044.37,1029.81,1042.95
1768532400,2026-01-16 03:00:00,1042.71,1050.79,1036.39,1041.22
1768536000,2026-01-16 04:00:00,1041.06,1055.28,1030.87,1054.84
1768539600,2026-01-16 05:00:00,1054.62,1061.79,1051.26,1060.52
1768543200,2026-01-16 06:00:00,1060.62,1074.05,1049.67,1071.97
1768546800,2026-01-16 07:00:00,1071.85,1079.56,1066.03,1075.02
1768550400,2026-01-16 08:00:00,1074.79,1087.92,1068.83,1082.05
1768554000,2026-01-16 09:00:00,1082.09,1108.13,1076.64,1107.3
1768557600,2026-01-16 10:00:00,1107.21,1130.81,1104.01,1129.17
1768561200,2026-01-16 11:00:00,1128.88,1146.93,1126.73,1131.91
1768564800,2026-01-16 12:00:00,1131.93,1132.26,1102.02,1102.45
1768568400,2026-01-16 13:00:00,1102.42,1102.43,1090.4,1100.88
1768572000,2026-01-16 14:00:00,1100.77,1121.88,1098.68,1118.76
1768575600,2026-01-16 15:00:00,1118.38,1137.54,1117.17,1134.9
1768579200,2026-01-16 16:00:00,1134.44,1136.91,1108.96,1110.21
1768582800,2026-01-16 17:00:00,1110.59,1113.66,1092.65,1107.09
1768586400,2026-01-16 18:00:00,1107.13,1124.25,1103.11,1122.62
1768590000,2026-01-16 19:00:00,1122.45,1123.59,1106.32,1108.08
1768593600,2026-01-16 20:00:00,1108.24,1116.64,1100.81,1102.17
1768597200,2026-01-16 21:00:00,1101.87,1103.67,1088.05,1088.05
1768600800,2026-01-16 22:00:00,1088.05,1089.71,1070.77,1080.74
1768604400,2026-01-16 23:00:00,1080.74,1088.84,1078.68,1081.09
1768608000,2026-01-17 00:00:00,1081.09,1105.09,1078.15,1102.65
1768611600,2026-01-17 01:00:00,1102.7,1109.7,1094.4,1098.33
1768615200,2026-01-17 02:00:00,1098.12,1102.33,1084.26,1092.54
1768618800,2026-01-17 03:00:00,1092.78,1101.24,1084.36,1094.85
1768622400,2026-01-17 04:00:00,1094.94,1097.05,1071.86,1074.99
1768626000,2026-01-17 05:00:00,1074.93,1075.85,1055.01,1074.1
1768629600,2026-01-17 06:00:00,1073.89,1091.06,1073.15,1089.48
1768633200,2026-01-17 07:00:00,1089.54,1099.95,1082.03,1086.69
1768636800,2026-01-17 08:00:00,1086.6,1092.94,1080.38,1092.94
1768640400,2026-01-17 09:00:00,1093.19,1101.43,1083.78,1084.71
1768644000,2026-01-17 10:00:00,1084.86,1085.85,1065.78,1072.2
1768647600,2026-01-17 11:00:00,1072.56,1077.49,1062.3,1065.71
1768651200,2026-01-17 12:00:00,1065.72,1067,1047.79,1051.74
1768654800,2026-01-17 13:00:00,1051.68,1065.44,1046.89,1047.8
1768658400,2026-01-17 14:00:00,1047.94,1056.34,1030.64,1038.94
1768662000,2026-01-17 15:00:00,1039.14,1045.5,1029.07,1043.94
1768665600,2026-01-17 16:00:00,1043.75,1067.41,1037.72,1065.42
1768669200,2026-01-17 17:00:00,1065.63,1066.68,1054.09,1065.65
1768672800,2026-01-17 18:00:00,1065.43,1080,1062.55,1079.64
1768676400,2026-01-17 19:00:00,1079.68,1082.43,1067.04,1072.06
1768680000,2026-01-17 20:00:00,1072.28,1081.1,1064.37,1080.8
1768683600,2026-01-17 21:00:00,1081.01,1093.73,1077.59,1079.82
1768687200,2026-01-17 22:00:00,1080.02,1096.01,1078.6,1086.52
1768690800,2026-01-17 23:00:00,1086.62,1106.43,1085.17,1099.09
1768694400,2026-01-18 00:00:00,1098.92,1109.44,1096.88,1102.1
1768698000,2026-01-18 01:00:00,1101.92,1105.84,1091.82,1100.96
1768701600,2026-01-18 02:00:00,1101.19,1110.61,1088.92,1107.34
1768705200,2026-01-18 03:00:00,1107.47,1114.63,1098.35,1112.07
1768708800,2026-01-18 04:00:00,1112.11,1112.61,1088.35,1095.17
1768712400,2026-01-18 05:00:00,1095.27,1110.97,1088.44,1090.89
1768716000,2026-01-18 06:00:00,1090.95,1097.14,1080.74,1093.04
1768719600,2026-01-18 07:00:00,1092.99,1099.65,1087.76,1088.97
1768723200,2026-01-18 08:00:00,1088.78,1116.81,1088.2,1113.66
1768726800,2026-01-18 09:00:00,1113.87,1116.78,1107.59,1114.11
1768730400,2026-01-18 10:00:00,1114.03,1118.83,1091.05,1091.05
1768734000,2026-01-18 11:00:00,1091.08,1107.63,1088.35,1104.94
1768737600,2026-01-18 12:00:00,1105.03,1115.53,1101.03,1105.89
1768741200,2026-01-18 13:00:00,1106.03,1114.59,1092.44,1094.2
1768744800,2026-01-18 14:00:00,1094.34,1104.74,1087.49,1101.75
1768748400,2026-01-18 15:00:00,1102.09,1112.09,1091.7,1108.56
1768752000,2026-01-18 16:00:00,1108.39,1118.05,1098.9,1113.92
1768755600,2026-01-18 17:00:00,1114.02,1118.59,1105.09,1109.31
1768759200,2026-01-18 18:00:00,1109.09,1117.04,1099.8,1113.74
1768762800,2026-01-18 19:00:00,1113.53,1114.86,1095.07,1098.01
1768766400,2026-01-18 20:00:00,1097.66,1107.63,1094.25,1107.43
1768770000,2026-01-18 21:00:00,1107.14,1107.42,1078.22,1078.95
1768773600,2026-01-18 22:00:00,1078.81,1085.62,1070.34,1074.19
1768777200,2026-01-18 23:00:00,1074.34,1084.74,1072,1079.18
1768780800,2026-01-19 00:00:00,1079.62,1081.36,1061.77,1066.43
1768784400,2026-01-19 01:00:00,1066.32,1078.11,1061.95,1064.01
1768788000,2026-01-19 02:00:00,1063.57,1068.32,1045.24,1047.09
1768791600,2026-01-19 03:00:00,1047.09,1055.35,1044.39,1051.38
1768795200,2026-01-19 04:00:00,1051.29,1064.17,1049.83,1061.56
1768798800,2026-01-19 05:00:00,1061.49,1092,1059.45,1092
1768802400,2026-01-19 06:00:00,1092.02,1099.58,1088.28,1096.12
1768806000,2026-01-19 07:00:00,1096.13,1125.44,1093.55,1125.23
1768809600,2026-01-19 08:00:00,1125.42,1127.3,1109.59,1117.14
1768813200,2026-01-19 09:00:00,1117.17,1133.21,1109.86,1133.04
1768816800,2026-01-19 10:00:00,1132.86,1139.84,1119.13,1125.99
1768820400,2026-01-19 11:00:00,1126.32,1127.93,1088.78,1091.23
1768824000,2026-01-19 12:00:00,1090.9,1095.93,1083.65,1092.45
1768827600,2026-01-19 13:00:00,1092.45,1093.33,1077.45,1084.6
1768831200,2026-01-19 14:00:00,1084.18,1084.79,1070.35,1077.55
1768834800,2026-01-19 15:00:00,1077.72,1082.03,1067.32,1069.28
1768838400,2026-01-19 16:00:00,1069.45,1074.82,1061.79,1066.39
1768842000,2026-01-19 17:00:00,1066.28,1066.83,1042.58,1046.78
1768845600,2026-01-19 18:00:00,1046.54,1051.65,1034.45,1043.63
1768849200,2026-01-19 19:00:00,1043.49,1043.88,1028.45,1032.16
1768852800,2026-01-19 20:00:00,1032.33,1050.3,1028.63,1048.21
1768856400,2026-01-19 21:00:00,1048.2,1069.7,1048.2,1064.66
1768860000,2026-01-19 22:00:00,1064.94,1074.31,1063.64,1070.19
1768863600,2026-01-19 23:00:00,1069.97,1082.18,1052.71,1055.5
1768867200,2026-01-20 00:00:00,1055.59,1079.16,1053.27,1074.85
1768870800,2026-01-20 01:00:00,1074.56,1082.57,1069.29,1080.68
1768874400,2026-01-20 02:00:00,1080.79,1087.83,1075.74,1082.34
1768878000,2026-01-20 03:00:00,1082.25,1087.42,1076.42,1083.95
1768881600,2026-01-20 04:00:00,1083.93,1085.1,1068.33,1071.17
1768885200,2026-01-20 05:00:00,1071.14,1072.39,1055.23,1065.85
1768888800,2026-01-20 06:00:00,1066.04,1086.48,1064.65,1076.9
1768892400,2026-01-20 07:00:00,1076.67,1089.01,1074.22,1085.07
1768896000,2026-01-20 08:00:00,1085.25,1088.86,1061.88,1064.96
1768899600,2026-01-20 09:00:00,1064.82,1092.95,1061.74,1091.55
1768903200,2026-01-20 10:00:00,1091.91,1101.13,1087.88,1099.84
1768906800,2026-01-20 11:00:00,1099.75,1115.99,1097.59,1108.09
1768910400,2026-01-20 12:00:00,1108,1120.5,1106.84,1114.25
1768914000,2026-01-20 13:00:00,1114.1,1115.59,1104.98,1112.19
1768917600,2026-01-20 14:00:00,1112.32,1131.26,1108.61,1130.85
1768921200,2026-01-20 15:00:00,1130.82,1141.04,1123.42,1140.96
1768924800,2026-01-20 16:00:00,1141.44,1147.58,1134.57,1143.37
1768928400,2026-01-20 17:00:00,1143.72,1153.41,1140.35,1152.02
1768932000,2026-01-20 18:00:00,1151.78,1156.99,1140.52,1145.09
1768935600,2026-01-20 19:00:00,1144.86,1152.76,1137.32,1143.67
1768939200,2026-01-20 20:00:00,1143.89,1152.36,1139.38,1143.48
1768942800,2026-01-20 21:00:00,1143.17,1167.25,1136.7,1160.76
1768946400,2026-01-20 22:00:00,1160.84,1168.66,1142.93,1159.92
1768950000,2026-01-20 23:00:00,1159.76,1173.51,1154.8,1167.81
1768953600,2026-01-21 00:00:00,1167.94,1171.24,1145.92,1146.83
1768957200,2026-01-21 01:00:00,1146.71,1164.73,1146.32,1152.76
1768960800,2026-01-21 02:00:00,1152.55,1177.34,1151.17,1175.64
1768964400,2026-01-21 03:00:00,1175.78,1180.12,1162.57,1162.57
1768968000,2026-01-21 04:00:00,1162.24,1168.41,1155.23,1165.79
1768971600,2026-01-21 05:00:00,1165.53,1187.98,1164.92,1179.55
1768975200,2026-01-21 06:00:00,1179.2,1187.48,1173.82,1182.72
1768978800,2026-01-21 07:00:00,1182.75,1194.44,1173.36,1193.2
1768982400,2026-01-21 08:00:00,1193.2,1203.42,1189.67,1190.57
1768986000,2026-01-21 09:00:00,1190.78,1191.43,1161.16,1167.69
1768989600,2026-01-21 10:00:00,1168.08,1183.57,1161.94,1165.54
1768993200,2026-01-21 11:00:00,1165.61,1173.37,1151.41,1173.03
1768996800,2026-01-21 12:00:00,1173.05,1179.24,1163.46,1168.94
1769000400,2026-01-21 13:00:00,1169.22,1187.71,1162.98,1186.36
1769004000,2026-01-21 14:00:00,1186.12,1192.16,1177.55,1190.61
1769007600,2026-01-21 15:00:00,1190.44,1203.32,1182.86,1183.92
1769011200,2026-01-21 16:00:00,1184.31,1192.47,1173.98,1192.45
1769014800,2026-01-21 17:00:00,1192.48,1193.11,1170.53,1185.37
1769018400,2026-01-21 18:00:00,1185.3,1209.59,1176.98,1198.31
1769022000,2026-01-21 19:00:00,1198.47,1216.98,1197.27,1214.87
1769025600,2026-01-21 20:00:00,1214.78,1224.96,1209.11,1210.11
1769029200,2026-01-21 21:00:00,1210.02,1219.75,1202.11,1207.58
1769032800,2026-01-21 22:00:00,1207.74,1224.31,1204.9,1210.98
1769036400,2026-01-21 23:00:00,1211.15,1214.64,1195.49,1206.06
1769040000,2026-01-22 00:00:00,1206,1218.48,1183.95,1187.52
1769043600,2026-01-22 01:00:00,1187.87,1189.69,1164.89,1168.3
1769047200,2026-01-22 02:00:00,1168.4,1177.38,1161.09,1161.61
1769050800,2026-01-22 03:00:00,1161.51,1162.57,1151.47,1155.51
1769054400,2026-01-22 04:00:00,1155.4,1155.83,1129.85,1141.46
1769058000,2026-01-22 05:00:00,1141.09,1144.01,1122.75,1129.33
1769061600,2026-01-22 06:00:00,1129.28,1135.16,1115.97,1130.83
1769065200,2026-01-22 07:00:00,1130.65,1136.26,1121.19,1128.7
1769068800,2026-01-22 08:00:00,1128.61,1151.1,1125.66,1147.56
1769072400,2026-01-22 09:00:00,1147.63,1154.17,1141.06,1151.34
1769076000,2026-01-22 10:00:00,1151.05,1159.59,1149.38,1155.15
1769079600,2026-01-22 11:00:00,1155.36,1163.62,1148.35,1152.53
1769083200,2026-01-22 12:00:00,1152.18,1157.51,1141.54,1149.35
1769086800,2026-01-22 13:00:00,1149.88,1156.64,1144.53,1148.95
1769090400,2026-01-22 14:00:00,1148.77,1157.73,1131.57,1155.57
1769094000,2026-01-22 15:00:00,1155.36,1176.02,1154.21,1175.31
1769097600,2026-01-22 16:00:00,1175.17,1191.06,1164.19,1190.24
1769101200,2026-01-22 17:00:00,1190.26,1195.89,1180.41,1186.81
1769104800,2026-01-22 18:00:00,1186.84,1192.55,1179.02,1183.61
1769108400,2026-01-22 19:00:00,1183.54,1189.36,1169.77,1174.18
1769112000,2026-01-22 20:00:00,1174.22,1174.44,1161.96,1166.03
1769115600,2026-01-22 21:00:00,1166.15,1178.28,1163.98,1166.93
1769119200,2026-01-22 22:00:00,1166.78,1175.01,1159.68,1172.68
1769122800,2026-01-22 23:00:00,1172.91,1181.61,1168.94,1178.42
1769126400,2026-01-23 00:00:00,1178.31,1206.25,1177.48,1205.85
1769130000,2026-01-23 01:00:00,1205.79,1208.1,1182.31,1191.43
1769133600,2026-01-23 02:00:00,1191.38,1204.11,1189.38,1193.56
1769137200,2026-01-23 03:00:00,1193.75,1207.66,1191.58,1200.5
1769140800,2026-01-23 04:00:00,1200.35,1214.1,1196.14,1204.41
1769144400,2026-01-23 05:00:00,1204.29,1230.15,1199.05,1225.4
1769148000,2026-01-23 06:00:00,1225.13,1226.96,1205.51,1221.33
1769151600,2026-01-23 07:00:00,1221.46,1229.47,1212.07,1222.77
1769155200,2026-01-23 08:00:00,1222.44,1233.79,1220.87,1226.47
1769158800,2026-01-23 09:00:00,1226.44,1231.78,1214.83,1214.83
1769162400,2026-01-23 10:00:00,1214.72,1218.87,1190.11,1197.09
1769166000,2026-01-23 11:00:00,1197.2,1212.86,1196.79,1208.59
1769169600,2026-01-23 12:00:00,1208.62,1218.54,1204.13,1216.42
1769173200,2026-01-23 13:00:00,1216.72,1221.26,1198.97,1219.96
1769176800,2026-01-23 14:00:00,1219.8,1237.71,1215.07,1233.56
1769180400,2026-01-23 15:00:00,1233.55,1241.48,1217.33,1235.25
1769184000,2026-01-23 16:00:00,1235.26,1249.75,1232.07,1245.19
1769187600,2026-01-23 17:00:00,1245.06,1263.59,1232.63,1259.32
1769191200,2026-01-23 18:00:00,1259.31,1263.62,1242.33,1246.73
1769194800,2026-01-23 19:00:00,1246.65,1248.69,1228.49,1236.66
1769198400,2026-01-23 20:00:00,1236.66,1258.98,1236.47,1248.78
1769202000,2026-01-23 21:00:00,1248.94,1261.8,1248.26,1258.21
1769205600,2026-01-23 22:00:00,1258.59,1269.87,1256.62,1260.28
1769209200,2026-01-23 23:00:00,1260.38,1288.2,1259.68,1286.66
1769212800,2026-01-24 00:00:00,1286.28,1291.59,1251.42,1253.46
1769216400,2026-01-24 01:00:00,1253.78,1276.92,1252.35,1273.95
1769220000,2026-01-24 02:00:00,1273.69,1298.52,1271.41,1294.54
1769223600,2026-01-24 03:00:00,1294.36,1311.4,1289.58,1303.43
1769227200,2026-01-24 04:00:00,1303.51,1306.71,1284.24,1296.15
1769230800,2026-01-24 05:00:00,1296.52,1300.64,1272.63,1277.97
1769234400,2026-01-24 06:00:00,1277.88,1294.12,1276.25,1288.7
1769238000,2026-01-24 07:00:00,1288.47,1300.68,1284.92,1299.38
1769241600,2026-01-24 08:00:00,1299.37,1299.66,1272.83,1284.65
1769245200,2026-01-24 09:00:00,1284.6,1286.91,1258.21,1273.23
1769248800,2026-01-24 10:00:00,1273.18,1297.52,1273.18,1281.11
1769252400,2026-01-24 11:00:00,1281.71,1291.33,1274.77,1290.24
1769256000,2026-01-24 12:00:00,1289.94,1304.96,1285.32,1302.46
1769259600,2026-01-24 13:00:00,1302.34,1306.45,1292.25,1295.65
1769263200,2026-01-24 14:00:00,1295.76,1327.94,1293.57,1326.96
1769266800,2026-01-24 15:00:00,1326.96,1341.22,1323.62,1326.84
1769270400,2026-01-24 16:00:00,1326.56,1336.44,1317.26,1320.6
1769274000,2026-01-24 17:00:00,1320.43,1338.96,1313.78,1338.11
1769277600,2026-01-24 18:00:00,1338.37,1352.76,1332.11,1344.05
1769281200,2026-01-24 19:00:00,1343.97,1366.08,1336.36,1355.97
1769284800,2026-01-24 20:00:00,1355.96,1369.45,1350.34,1359.6
1769288400,2026-01-24 21:00:00,1359.44,1375.59,1349.64,1373.91
1769292000,2026-01-24 22:00:00,1374.02,1409.14,1373.57,1399.79
1769295600,2026-01-24 23:00:00,1399.74,1411.88,1391.83,1392.12
1769299200,2026-01-25 00:00:00,1392.32,1403.1,1385.64,1396.06
1769302800,2026-01-25 01:00:00,1396.48,1404.65,1381.53,1385.25
1769306400,2026-01-25 02:00:00,1385.08,1403.73,1381.43,1399.88
1769310000,2026-01-25 03:00:00,1399.67,1417.56,1381.58,1386.26
1769313600,2026-01-25 04:00:00,1386.06,1401.41,1376.74,1395.87
1769317200,2026-01-25 05:00:00,1396.23,1429.6,1393.25,1427.66
1769320800,2026-01-25 06:00:00,1427.51,1452.28,1410.81,1447.64
1769324400,2026-01-25 07:00:00,1447.77,1459.75,1444,1446.29
1769328000,2026-01-25 08:00:00,1446.53,1451.67,1419.46,1443.99
1769331600,2026-01-25 09:00:00,1444.28,1469.86,1439.19,1469.18
1769335200,2026-01-25 10:00:00,1469.37,1485.29,1460.13,1480.65
1769338800,2026-01-25 11:00:00,1480.72,1514.48,1465.37,1509.11
1769342400,2026-01-25 12:00:00,1508.72,1525.36,1504.24,1523.92
1769346000,2026-01-25 13:00:00,1524.18,1534.69,1508.99,1533.77
1769349600,2026-01-25 14:00:00,1533.82,1557.28,1521.22,1557.28
1769353200,2026-01-25 15:00:00,1556.91,1561.14,1518.63,1522.63
1769356800,2026-01-25 16:00:00,1523.13,1553.15,1517.99,1549.15
1769360400,2026-01-25 17:00:00,1549.38,1558.25,1540.72,1545.29
1769364000,2026-01-25 18:00:00,1545.7,1566.99,1544.78,1560.97
1769367600,2026-01-25 19:00:00,1560.71,1578.41,1550.86,1557.91
1769371200,2026-01-25 20:00:00,1557.69,1584.07,1556.68,1574.05
1769374800,2026-01-25 21:00:00,1573.44,1585.85,1561.63,1582.95
1769378400,2026-01-25 22:00:00,1583.14,1594.98,1552.45,1554.24
1769382000,2026-01-25 23:00:00,1554.67,1570.62,1543.14,1570.28
1769385600,2026-01-26 00:00:00,1571.02,1572.84,1533.86,1535.17
1769389200,2026-01-26 01:00:00,1535.72,1544.67,1519.99,1521.08
1769392800,2026-01-26 02:00:00,1521.01,1527.23,1504.1,1514.19
1769396400,2026-01-26 03:00:00,1514.21,1529.73,1510.67,1526.66
1769400000,2026-01-26 04:00:00,1526.24,1529.53,1510.15,1520.66
1769403600,2026-01-26 05:00:00,1520.45,1527.36,1512.53,1521.99
1769407200,2026-01-26 06:00:00,1522.21,1548.43,1519.7,1535.3
1769410800,2026-01-26 07:00:00,1535.42,1549.84,1517.42,1549.84
1769414400,2026-01-26 08:00:00,1549.78,1550.97,1523.65,1528.88
1769418000,2026-01-26 09:00:00,1528.87,1547.7,1521.04,1524.68
1769421600,2026-01-26 10:00:00,1524.24,1532.28,1515.43,1524.22
1769425200,2026-01-26 11:00:00,1524.2,1531.13,1513.96,1522.57
1769428800,2026-01-26 12:00:00,1522.72,1522.72,1493.91,1499.54
1769432400,2026-01-26 13:00:00,1499.62,1507.82,1490.44,1502.77
1769436000,2026-01-26 14:00:00,1503.19,1532.19,1498.28,1522.99
1769439600,2026-01-26 15:00:00,1522.67,1546.89,1516.72,1541.65
1769443200,2026-01-26 16:00:00,1541.52,1542.57,1528.12,1539.18
1769446800,2026-01-26 17:00:00,1539.42,1558.42,1532.77,1547.83
1769450400,2026-01-26 18:00:00,1547.65,1565.04,1542.89,1553.74
1769454000,2026-01-26 19:00:00,1553.55,1557.04,1533.16,1542.07
1769457600,2026-01-26 20:00:00,1542.33,1545,1524.31,1542.83
1769461200,2026-01-26 21:00:00,1543.17,1574.4,1539.44,1554.59
1769464800,2026-01-26 22:00:00,1554.46,1556.37,1530.19,1541.2
1769468400,2026-01-26 23:00:00,1541.31,1570.72,1536.52,1566.14
1769472000,2026-01-27 00:00:00,1566.58,1597.67,1561.28,1593.99
1769475600,2026-01-27 01:00:00,1594.24,1606.09,1590.21,1597.52
1769479200,2026-01-27 02:00:00,1597.42,1607.8,1590.44,1600.34
1769482800,2026-01-27 03:00:00,1600.63,1605.07,1584.57,1601.53
1769486400,2026-01-27 04:00:00,1601.61,1605.44,1566.65,1580.85
1769490000,2026-01-27 05:00:00,1581.06,1618.03,1578.74,1616.34
1769493600,2026-01-27 06:00:00,1616.37,1651.12,1610.55,1649.02
1769497200,2026-01-27 07:00:00,1648.92,1679.4,1645.85,1650.18
1769500800,2026-01-27 08:00:00,1649.73,1661.58,1644.87,1654.13
1769504400,2026-01-27 09:00:00,1653.57,1662.21,1636.83,1645.06
1769508000,2026-01-27 10:00:00,1644.95,1651.73,1628.02,1639.61
1769511600,2026-01-27 11:00:00,1639.99,1671.75,1636.84,1659.1
1769515200,2026-01-27 12:00:00,1658.72,1665.86,1635.32,1643.86
1769518800,2026-01-27 13:00:00,1643.67,1664.55,1635,1661.67
1769522400,2026-01-27 14:00:00,1662.09,1665.05,1648.63,1654.38
1769526000,2026-01-27 15:00:00,1654.64,1668.36,1641.58,1651.97
1769529600,2026-01-27 16:00:00,1651.86,1653.06,1629.63,1632.71
1769533200,2026-01-27 17:00:00,1632.39,1636.01,1619.84,1623.07
1769536800,2026-01-27 18:00:00,1623.09,1651.94,1622.81,1646.21
1769540400,2026-01-27 19:00:00,1646.05,1650.64,1620.35,1637.48
1769544000,2026-01-27 20:00:00,1637.72,1671.63,1630.7,1669.04
1769547600,2026-01-27 21:00:00,1668.79,1685.73,1659.32,1681.12
1769551200,2026-01-27 22:00:00,1681.39,1688.69,1664.4,1677.96
1769554800,2026-01-27 23:00:00,1678.22,1704.16,1678.09,1700.18
1769558400,2026-01-28 00:00:00,1700.16,1724.75,1700.16,1724.75
1769562000,2026-01-28 01:00:00,1724.27,1736.78,1712.57,1717.7
1769565600,2026-01-28 02:00:00,1717.56,1738.77,1714.3,1737.22
1769569200,2026-01-28 03:00:00,1736.38,1756.81,1732.61,1740.62
1769572800,2026-01-28 04:00:00,1739.93,1752.49,1734.17,1736.22
1769576400,2026-01-28 05:00:00,1736,1739.71,1702.68,1709.53
1769580000,2026-01-28 06:00:00,1709.44,1718.2,1695.43,1703.79
1769583600,2026-01-28 07:00:00,1704.11,1709.34,1678.2,1681.05
1769587200,2026-01-28 08:00:00,1681.22,1683.45,1654.13,1668.32
1769590800,2026-01-28 09:00:00,1668.21,1672.26,1648.86,1671.27
1769594400,2026-01-28 10:00:00,1671.39,1674.31,1645.53,1656.36
1769598000,2026-01-28 11:00:00,1656.48,1679.68,1653.71,1677.16
1769601600,2026-01-28 12:00:00,1677.29,1679.23,1649.18,1653.39
1769605200,2026-01-28 13:00:00,1653.14,1666.56,1649.81,1659.28
1769608800,2026-01-28 14:00:00,1659.44,1672.16,1646.76,1650.14
1769612400,2026-01-28 15:00:00,1650.17,1654.79,1632.24,1654.79
1769616000,2026-01-28 16:00:00,1654.36,1674,1652.38,1657.32
1769619600,2026-01-28 17:00:00,1657,1673.79,1651.55,1662.34
1769623200,2026-01-28 18:00:00,1662.44,1674.24,1631.18,1633.57
1769626800,2026-01-28 19:00:00,1633.47,1654.22,1632.98,1641.58
1769630400,2026-01-28 20:00:00,1642.11,1657.89,1627.33,1632.84
1769634000,2026-01-28 21:00:00,1633.06,1641.35,1622.24,1622.43
1769637600,2026-01-28 22:00:00,1622.72,1643.97,1621.72,1634.49
1769641200,2026-01-28 23:00:00,1634.22,1643.58,1624.86,1640.21
1769644800,2026-01-29 00:00:00,1640.02,1646.08,1614.9,1623.27
1769648400,2026-01-29 01:00:00,1623.29,1640.33,1621.17,1622.51
1769652000,2026-01-29 02:00:00,1622.45,1624.43,1606.1,1609.94
1769655600,2026-01-29 03:00:00,1609.44,1617.85,1587.42,1610.14
1769659200,2026-01-29 04:00:00,1609.75,1611.87,1591.9,1610.25
1769662800,2026-01-29 05:00:00,1610.22,1612.83,1594.92,1604.64
1769666400,2026-01-29 06:00:00,1605.13,1636.14,1602.7,1633.06
1769670000,2026-01-29 07:00:00,1632.66,1634.87,1603.74,1608.25
1769673600,2026-01-29 08:00:00,1608.54,1623.45,1606.7,1610.41
1769677200,2026-01-29 09:00:00,1610.01,1638.74,1606.45,1637.76
1769680800,2026-01-29 10:00:00,1637.42,1652.26,1627.41,1629.39
1769684400,2026-01-29 11:00:00,1629.16,1629.84,1605.95,1627.84
1769688000,2026-01-29 12:00:00,1628.02,1661.54,1625.38,1658.65
1769691600,2026-01-29 13:00:00,1658.43,1694.24,1650.74,1694.24
1769695200,2026-01-29 14:00:00,1694.32,1699.01,1680.23,1684.49
1769698800,2026-01-29 15:00:00,1684.45,1703.24,1674.47,1694.5
1769702400,2026-01-29 16:00:00,1693.96,1718.74,1687.15,1705.85
1769706000,2026-01-29 17:00:00,1705.28,1712.9,1693.36,1701.05
1769709600,2026-01-29 18:00:00,1701.17,1703.85,1675.91,1695.68
1769713200,2026-01-29 19:00:00,1695.36,1743.25,1693.7,1743.09
1769716800,2026-01-29 20:00:00,1742.91,1754.32,1737.4,1741.69
1769720400,2026-01-29 21:00:00,1742.31,1748.26,1731.95,1740.59
1769724000,2026-01-29 22:00:00,1740.05,1750.76,1728.7,1745.62
1769727600,2026-01-29 23:00:00,1745.5,1745.83,1707.43,1707.92
1769731200,2026-01-30 00:00:00,1707.71,1709.88,1674.14,1675.37
1769734800,2026-01-30 01:00:00,1675.22,1681.36,1660.21,1672.38
1769738400,2026-01-30 02:00:00,1672.64,1688.74,1669.21,1679.12
1769742000,2026-01-30 03:00:00,1679.27,1681.38,1650.57,1659.48
1769745600,2026-01-30 04:00:00,1659.69,1698.88,1657.53,1693.63
1769749200,2026-01-30 05:00:00,1693.57,1708.82,1680.78,1685.78
1769752800,2026-01-30 06:00:00,1685.91,1709.82,1685.91,1703.9
1769756400,2026-01-30 07:00:00,1703.53,1737.98,1701.62,1721.79
1769760000,2026-01-30 08:00:00,1722.35,1746.61,1709.36,1731.14
1769763600,2026-01-30 09:00:00,1731.57,1742.88,1722.08,1734.7
1769767200,2026-01-30 10:00:00,1734.57,1755.2,1730.24,1744.64
1769770800,2026-01-30 11:00:00,1745.03,1783.94,1744.26,1782.05
1769774400,2026-01-30 12:00:00,1782.2,1782.3,1761.25,1770.8
1769778000,2026-01-30 13:00:00,1770.98,1791.96,1766.25,1769.64
1769781600,2026-01-30 14:00:00,1770.04,1772.66,1750.91,1765.44
1769785200,2026-01-30 15:00:00,1765.56,1775.86,1748.1,1765.53
1769788800,2026-01-30 16:00:00,1765.59,1770.41,1752.16,1758.94
1769792400,2026-01-30 17:00:00,1759.2,1766.03,1733.69,1734.26
1769796000,2026-01-30 18:00:00,1734.26,1738.12,1708.8,1712.02
1769799600,2026-01-30 19:00:00,1711.88,1715.58,1685.1,1686.32
1769803200,2026-01-30 20:00:00,1686.55,1697.84,1662.69,1662.92
1769806800,2026-01-30 21:00:00,1662.92,1677.75,1661.86,1669.19
1769810400,2026-01-30 22:00:00,1669.92,1692.08,1668.16,1684.88
1769814000,2026-01-30 23:00:00,1684.81,1704.25,1681.26,1694.49
1769817600,2026-01-31 00:00:00,1694.19,1729.92,1685.9,1728.4
1769821200,2026-01-31 01:00:00,1728.42,1734.54,1717.37,1724.47
1769824800,2026-01-31 02:00:00,1724.49,1726.91,1671.61,1674.9
1769828400,2026-01-31 03:00:00,1675.03,1677.61,1633.37,1633.37
1769832000,2026-01-31 04:00:00,1633.1,1645.8,1620.29,1633.96
1769835600,2026-01-31 05:00:00,1633.81,1639.37,1615.19,1627.38
1769839200,2026-01-31 06:00:00,1627.29,1635.16,1604.59,1613.79
1769842800,2026-01-31 07:00:00,1613.76,1634.36,1611.8,1628.94
1769846400,2026-01-31 08:00:00,1628.64,1638.93,1613.81,1623.35
1769850000,2026-01-31 09:00:00,1623.68,1656.21,1622.94,1628.77
1769853600,2026-01-31 10:00:00,1629.04,1630.55,1598.37,1615.11
1769857200,2026-01-31 11:00:00,1614.95,1620.51,1589.29,1594.49
1769860800,2026-01-31 12:00:00,1594.44,1612.1,1585.99,1604.29
1769864400,2026-01-31 13:00:00,1604.3,1621.48,1591.13,1619.56
1769868000,2026-01-31 14:00:00,1619.39,1631.71,1595.94,1598.11
1769871600,2026-01-31 15:00:00,1598.39,1611.59,1588.91,1593.57
1769875200,2026-01-31 16:00:00,1593.99,1602.32,1580.96,1592.4
1769878800,2026-01-31 17:00:00,1592.48,1611.58,1586.27,1599.34
1769882400,2026-01-31 18:00:00,1599.5,1626.51,1596.78,1618.13
1769886000,2026-01-31 19:00:00,1617.89,1646.63,1616.54,1640.53
1769889600,2026-01-31 20:00:00,1640.73,1652.63,1634.7,1641.5
1769893200,2026-01-31 21:00:00,1641.72,1658.24,1638.55,1648.38
1769896800,2026-01-31 22:00:00,1648.55,1664.58,1629.57,1660.48
1769900400,2026-01-31 23:00:00,1660,1700.44,1659.15,1681.05
1769904000,2026-02-01 00:00:00,1681.24,1701.53,1676.75,1688.74
1769907600,2026-02-01 01:00:00,1688.71,1694.23,1677.41,1677.62
1769911200,2026-02-01 02:00:00,1677.95,1701.65,1670.92,1696.42
1769914800,2026-02-01 03:00:00,1696.28,1698.15,1670.05,1675.99
1769918400,2026-02-01 04:00:00,1675.99,1694.17,1674.17,1677.26
1769922000,2026-02-01 05:00:00,1677.52,1700.67,1674.05,1689.48
1769925600,2026-02-01 06:00:00,1689.53,1694.8,1668.08,1670.13
1769929200,2026-02-01 07:00:00,1669.74,1705.37,1669.57,1703.65
1769932800,2026-02-01 08:00:00,1703.91,1705.73,1677.02,1692.08
1769936400,2026-02-01 09:00:00,1692.02,1712.11,1689.27,1702
1769940000,2026-02-01 10:00:00,1702.5,1713.54,1688.64,1706.48
1769943600,2026-02-01 11:00:00,1706.89,1716.04,1686.95,1693.41
1769947200,2026-02-01 12:00:00,1693.69,1697.8,1662.25,1664.25
1769950800,2026-02-01 13:00:00,1665.05,1680.79,1661.47,1664.73
1769954400,2026-02-01 14:00:00,1664.44,1666.07,1631.51,1632.41
1769958000,2026-02-01 15:00:00,1632.97,1637.33,1604.24,1606.48
1769961600,2026-02-01 16:00:00,1606.34,1613.41,1597.88,1598.83
1769965200,2026-02-01 17:00:00,1598.66,1616.09,1595.08,1602.16
1769968800,2026-02-01 18:00:00,1602.08,1622.95,1600.67,1614.35
1769972400,2026-02-01 19:00:00,1614.14,1622.76,1601.8,1621.69
1769976000,2026-02-01 20:00:00,1621.87,1625.15,1601.28,1603.48
1769979600,2026-02-01 21:00:00,1603.93,1617.1,1596.71,1615.04
1769983200,2026-02-01 22:00:00,1614.84,1631.26,1600.64,1627.82
1769986800,2026-02-01 23:00:00,1627.56,1639.1,1622.14,1624.72
1769990400,2026-02-02 00:00:00,1624.5,1624.5,1597.19,1597.89
1769994000,2026-02-02 01:00:00,1597.31,1614.75,1593.06,1602.47
1769997600,2026-02-02 02:00:00,1602.57,1607.12,1587.17,1607.03
1770001200,2026-02-02 03:00:00,1606.25,1628.47,1601.56,1614.91
1770004800,2026-02-02 04:00:00,1615.04,1647.33,1614.5,1640.98
1770008400,2026-02-02 05:00:00,1640.9,1649.72,1634.02,1645.69
1770012000,2026-02-02 06:00:00,1645.48,1655.85,1635.34,1648.34
1770015600,2026-02-02 07:00:00,1647.97,1648.83,1610.49,1615.97
1770019200,2026-02-02 08:00:00,1615.76,1621.46,1605.77,1614.39
1770022800,2026-02-02 09:00:00,1614.31,1627.13,1608.98,1611.63
1770026400,2026-02-02 10:00:00,1611.99,1623.05,1598.31,1618.89
1770030000,2026-02-02 11:00:00,1618.97,1658.65,1615.69,1644.44
1770033600,2026-02-02 12:00:00,1644.62,1655.95,1637.56,1650.04
1770037200,2026-02-02 13:00:00,1650.58,1650.67,1628.81,1635.29
1770040800,2026-02-02 14:00:00,1635.27,1658.78,1630.85,1656.99
1770044400,2026-02-02 15:00:00,1657.28,1687.45,1655.1,1685.57
1770048000,2026-02-02 16:00:00,1685.23,1689.37,1651.94,1680.02
1770051600,2026-02-02 17:00:00,1680.55,1692.64,1652.29,1654.15
1770055200,2026-02-02 18:00:00,1654.46,1678.78,1651.59,1672
1770058800,2026-02-02 19:00:00,1672.06,1690.25,1659.68,1674.06
1770062400,2026-02-02 20:00:00,1673.84,1680.96,1658.88,1661.19
1770066000,2026-02-02 21:00:00,1661.14,1673.11,1654.99,1673.11
1770069600,2026-02-02 22:00:00,1673.4,1675.91,1645.24,1658.66
1770073200,2026-02-02 23:00:00,1658.75,1670.46,1648.75,1661.68
1770076800,2026-02-03 00:00:00,1661.64,1692,1660.76,1690.32
1770080400,2026-02-03 01:00:00,1690.27,1695.02,1670.51,1677.7
1770084000,2026-02-03 02:00:00,1677.7,1686.5,1666.33,1671.65
1770087600,2026-02-03 03:00:00,1671.83,1676.36,1655.28,1662.12
1770091200,2026-02-03 04:00:00,1661.86,1673.91,1651.92,1661.33
1770094800,2026-02-03 05:00:00,1661.1,1701.25,1657.61,1692.5
1770098400,2026-02-03 06:00:00,1692.81,1708.49,1686.35,1708.3
1770102000,2026-02-03 07:00:00,1708.16,1720.2,1693.49,1700.72
1770105600,2026-02-03 08:00:00,1700.4,1707.86,1668.76,1671.31
1770109200,2026-02-03 09:00:00,1671.44,1687.93,1669.59,1685.04
1770112800,2026-02-03 10:00:00,1684.77,1708.19,1673.21,1700.99
1770116400,2026-02-03 11:00:00,1701.26,1708.32,1689.26,1691.45
1770120000,2026-02-03 12:00:00,1691.35,1721.53,1687.12,1721.13
1770123600,2026-02-03 13:00:00,1720.92,1751.52,1720.36,1742.1
1770127200,2026-02-03 14:00:00,1742.25,1742.44,1703.36,1708.42
1770130800,2026-02-03 15:00:00,1708.53,1709.87,1689.75,1700.31
1770134400,2026-02-03 16:00:00,1700.15,1719.95,1696.3,1700.89
1770138000,2026-02-03 17:00:00,1701.57,1730.26,1696.4,1729.67
1770141600,2026-02-03 18:00:00,1729.75,1733.29,1701.01,1709.65
1770145200,2026-02-03 19:00:00,1709.49,1718.41,1690.07,1694.73
1770148800,2026-02-03 20:00:00,1693.86,1700.24,1662.41,1665.08
1770152400,2026-02-03 21:00:00,1664.85,1710.83,1664.64,1706.33
1770156000,2026-02-03 22:00:00,1705.95,1718.72,1690.58,1695.96
1770159600,2026-02-03 23:00:00,1695.51,1698.98,1675.65,1689.23
1770163200,2026-02-04 00:00:00,1689.31,1698.52,1658.96,1671.92
1770166800,2026-02-04 01:00:00,1671.67,1692.76,1670.43,1677.89
1770170400,2026-02-04 02:00:00,1677.2,1705.94,1675.76,1697.81
1770174000,2026-02-04 03:00:00,1698.16,1713.22,1695.02,1705.28
1770177600,2026-02-04 04:00:00,1705.42,1722.73,1692.03,1716.03
1770181200,2026-02-04 05:00:00,1716.19,1721.06,1699.29,1700.69
1770184800,2026-02-04 06:00:00,1700.48,1719.48,1697.59,1717.23
1770188400,2026-02-04 07:00:00,1717.51,1731.96,1708.14,1727.33
1770192000,2026-02-04 08:00:00,1727.38,1729.76,1700.11,1716.91
1770195600,2026-02-04 09:00:00,1717.15,1727.89,1699.61,1724.01
1770199200,2026-02-04 10:00:00,1723.74,1749.88,1719.05,1729.8
1770202800,2026-02-04 11:00:00,1729.74,1747.41,1717.76,1726.99
1770206400,2026-02-04 12:00:00,1726.73,1740.99,1720.12,1733.31
1770210000,2026-02-04 13:00:00,1733.33,1785.12,1732.19,1783.4
1770213600,2026-02-04 14:00:00,1783.75,1784.22,1760.06,1767.88
1770217200,2026-02-04 15:00:00,1767.1,1769.84,1733.31,1738.66
1770220800,2026-02-04 16:00:00,1738.89,1761.78,1730.64,1749.63
1770224400,2026-02-04 17:00:00,1749.09,1782.57,1741.82,1780.32
1770228000,2026-02-04 18:00:00,1780.58,1791.86,1732.95,1735.64
1770231600,2026-02-04 19:00:00,1735.17,1747.56,1719.61,1733.89
1770235200,2026-02-04 20:00:00,1734.08,1735.88,1698.29,1704.86
1770238800,2026-02-04 21:00:00,1705.06,1716.67,1694.62,1702.36
1770242400,2026-02-04 22:00:00,1702.05,1735.78,1693.73,1735.56
1770246000,2026-02-04 23:00:00,1735.68,1746.36,1718.46,1719.44
1770249600,2026-02-05 00:00:00,1719.37,1746.04,1717.72,1732.64
1770253200,2026-02-05 01:00:00,1732.43,1738.39,1703.84,1730.14
1770256800,2026-02-05 02:00:00,1730.15,1735,1712.03,1712.03
1770260400,2026-02-05 03:00:00,1711.84,1721.92,1695.63,1705.52
1770264000,2026-02-05 04:00:00,1705.15,1724.03,1698.17,1721.1
1770267600,2026-02-05 05:00:00,1720.96,1727.67,1711.08,1719.23
1770271200,2026-02-05 06:00:00,1719.49,1733.16,1710.74,1727.26
1770274800,2026-02-05 07:00:00,1726.99,1735.28,1717.24,1729.98
1770278400,2026-02-05 08:00:00,1730.37,1737.63,1720.64,1732.57
1770282000,2026-02-05 09:00:00,1732.57,1740.92,1710.52,1711.48
1770285600,2026-02-05 10:00:00,1710.78,1715.86,1670.63,1671.51
1770289200,2026-02-05 11:00:00,1671.4,1695.83,1666.63,1675.95
1770292800,2026-02-05 12:00:00,1675.95,1680.77,1659.91,1666.97
1770296400,2026-02-05 13:00:00,1666.63,1683.1,1660.15,1683.1
1770300000,2026-02-05 14:00:00,1683.49,1686.83,1670.79,1675.55
1770303600,2026-02-05 15:00:00,1675.68,1697.93,1673.34,1684.69
1770307200,2026-02-05 16:00:00,1684.6,1718.54,1684.26,1714.36
1770310800,2026-02-05 17:00:00,1714.52,1733.45,1708.36,1713.04
1770314400,2026-02-05 18:00:00,1712.77,1729.86,1711.23,1722.66
1770318000,2026-02-05 19:00:00,1722.98,1729.33,1702.6,1714.32
1770321600,2026-02-05 20:00:00,1713.85,1730.47,1706.71,1714.47
1770325200,2026-02-05 21:00:00,1714.28,1725.79,1707.64,1716.88
1770328800,2026-02-05 22:00:00,1716.7,1724.42,1692.27,1717.33
1770332400,2026-02-05 23:00:00,1717.49,1735.67,1708.48,1727.41
1770336000,2026-02-06 00:00:00,1727.3,1740.32,1719.99,1731.92
1770339600,2026-02-06 01:00:00,1731.54,1749.7,1730.17,1748.5
1770343200,2026-02-06 02:00:00,1748.49,1761.26,1728.73,1750.88
1770346800,2026-02-06 03:00:00,1751.15,1783.17,1750.75,1763.09
1770350400,2026-02-06 04:00:00,1762.83,1767.32,1724.77,1727.19
1770354000,2026-02-06 05:00:00,1727.01,1750.13,1714.83,1741.46
1770357600,2026-02-06 06:00:00,1741.79,1746.94,1711.33,1715.16
1770361200,2026-02-06 07:00:00,1715.4,1716.45,1692.86,1707.14
1770364800,2026-02-06 08:00:00,1707.01,1724.21,1703.8,1707.97
1770368400,2026-02-06 09:00:00,1707.83,1744.22,1703.67,1741.74
1770372000,2026-02-06 10:00:00,1741.84,1747.46,1724.64,1729.53
1770375600,2026-02-06 11:00:00,1730.03,1761.41,1727,1758.3
1770379200,2026-02-06 12:00:00,1758.21,1764.75,1737.3,1753.87
1770382800,2026-02-06 13:00:00,1753.65,1795.07,1750.94,1787.43
1770386400,2026-02-06 14:00:00,1787.6,1827.56,1785.76,1826.43
1770390000,2026-02-06 15:00:00,1826.65,1827.48,1789.51,1799.46
1770393600,2026-02-06 16:00:00,1799.69,1805.73,1777.24,1778.82
1770397200,2026-02-06 17:00:00,1778.83,1796.19,1777.42,1778.38
1770400800,2026-02-06 18:00:00,1778.74,1796.37,1764.66,1796.21
1770404400,2026-02-06 19:00:00,1796.88,1813.19,1783.39,1803.5
1770408000,2026-02-06 20:00:00,1803.03,1806.38,1753.33,1758.67
1770411600,2026-02-06 21:00:00,1758.26,1785.19,1756.69,1775.08
1770415200,2026-02-06 22:00:00,1775.19,1780.13,1764.12,1772.06
1770418800,2026-02-06 23:00:00,1772.05,1800.12,1763.04,1781.97
1770422400,2026-02-07 00:00:00,1781.38,1803.94,1766.67,1802.69
1770426000,2026-02-07 01:00:00,1802.7,1837.5,1802.7,1818.95
1770429600,2026-02-07 02:00:00,1818.79,1820.21,1784.08,1792.45
1770433200,2026-02-07 03:00:00,1792.14,1799.43,1769.2,1779.58
1770436800,2026-02-07 04:00:00,1779.95,1797.14,1777.27,1780.61
1770440400,2026-02-07 05:00:00,1780.93,1782.39,1759.77,1774.42
1770444000,2026-02-07 06:00:00,1774.35,1792.62,1769.61,1786.07
1770447600,2026-02-07 07:00:00,1786.21,1793.82,1781.05,1785.14
1770451200,2026-02-07 08:00:00,1784.68,1815.59,1781.24,1812.43
1770454800,2026-02-07 09:00:00,1812.95,1820.29,1788.22,1792.11
1770458400,2026-02-07 10:00:00,1792.49,1794.14,1758.88,1781.28
1770462000,2026-02-07 11:00:00,1781,1802.84,1776.93,1788.03
1770465600,2026-02-07 12:00:00,1787.76,1801.9,1757.82,1761.73
1770469200,2026-02-07 13:00:00,1761.78,1772.57,1735.55,1768.95
1770472800,2026-02-07 14:00:00,1768.69,1772.14,1754.8,1767.73
1770476400,2026-02-07 15:00:00,1768.03,1792.57,1757.43,1781.29
1770480000,2026-02-07 16:00:00,1781.54,1809.28,1776.66,1795.98
1770483600,2026-02-07 17:00:00,1795.9,1803.45,1772.71,1797.25
1770487200,2026-02-07 18:00:00,1797,1816.85,1785.59,1791.93
1770490800,2026-02-07 19:00:00,1792.37,1799.22,1755.52,1766.28
1770494400,2026-02-07 20:00:00,1765.71,1806.52,1758.29,1791.4
1770498000,2026-02-07 21:00:00,1791.16,1795.17,1763.59,1763.59
1770501600,2026-02-07 22:00:00,1763.58,1764.78,1732.81,1751.96
1770505200,2026-02-07 23:00:00,1751.62,1760.75,1740.95,1744.05
1770508800,2026-02-08 00:00:00,1743.94,1756.44,1724.6,1730.29
1770512400,2026-02-08 01:00:00,1730.26,1740.44,1706.34,1738.28
1770516000,2026-02-08 02:00:00,1737.8,1753.36,1708.46,1709.52
1770519600,2026-02-08 03:00:00,1709.6,1745.6,1699.29,1742.69
1770523200,2026-02-08 04:00:00,1742.29,1781.13,1737.31,1777.51
1770526800,2026-02-08 05:00:00,1777.71,1790.13,1764.34,1782.21
1770530400,2026-02-08 06:00:00,1782.19,1784.85,1764.11,1767.03
1770534000,2026-02-08 07:00:00,1767.05,1786.39,1760.82,1772.78
1770537600,2026-02-08 08:00:00,1772.57,1799.38,1772.32,1784.44
1770541200,2026-02-08 09:00:00,1785.14,1795.4,1767.14,1769.45
1770544800,2026-02-08 10:00:00,1769.13,1772.1,1724.91,1743.2
1770548400,2026-02-08 11:00:00,1743.6,1752.68,1737.57,1738.24
1770552000,2026-02-08 12:00:00,1738.1,1784.18,1737.29,1782.13
1770555600,2026-02-08 13:00:00,1782.41,1799.89,1757.76,1761.62
1770559200,2026-02-08 14:00:00,1762,1779.13,1750,1756.18
1770562800,2026-02-08 15:00:00,1756,1759.75,1748.28,1753.6
1770566400,2026-02-08 16:00:00,1753.63,1784.9,1750.16,1779.52
1770570000,2026-02-08 17:00:00,1779.63,1803.33,1770.99,1792.17
1770573600,2026-02-08 18:00:00,1791.97,1825.82,1787.5,1819.01
1770577200,2026-02-08 19:00:00,1819.06,1838.21,1814.57,1824.51
1770580800,2026-02-08 20:00:00,1824.4,1829.64,1797.22,1800.89
1770584400,2026-02-08 21:00:00,1800.72,1813.47,1784.15,1802.59
1770588000,2026-02-08 22:00:00,1802.31,1802.33,1779.73,1779.92
1770591600,2026-02-08 23:00:00,1779.49,1787.2,1761.35,1764.61
1770595200,2026-02-09 00:00:00,1764.31,1786.76,1756.49,1783.08
1770598800,2026-02-09 01:00:00,1782.56,1783.67,1747.41,1764.23
1770602400,2026-02-09 02:00:00,1763.93,1780.63,1749.67,1774.68
1770606000,2026-02-09 03:00:00,1774.96,1789.53,1757.29,1775.3
1770609600,2026-02-09 04:00:00,1774.69,1781.13,1762.01,1766.52
1770613200,2026-02-09 05:00:00,1766.37,1776.78,1738.33,1743.24
1770616800,2026-02-09 06:00:00,1742.58,1749.75,1728.68,1735.99
1770620400,2026-02-09 07:00:00,1736.34,1765.06,1733.86,1761.74
1770624000,2026-02-09 08:00:00,1761.73,1783.24,1754.35,1782.56
1770627600,2026-02-09 09:00:00,1782.46,1795.51,1765.44,1792.64
1770631200,2026-02-09 10:00:00,1792.8,1804.06,1778.54,1784.38
1770634800,2026-02-09 11:00:00,1785.07,1817.53,1781.29,1798.43
1770638400,2026-02-09 12:00:00,1798.36,1800.82,1778.56,1789.6
1770642000,2026-02-09 13:00:00,1789.62,1790.98,1763.82,1768.03
1770645600,2026-02-09 14:00:00,1767.86,1805.48,1767.86,1778.96
1770649200,2026-02-09 15:00:00,1778.97,1784.98,1754.65,1759.8
1770652800,2026-02-09 16:00:00,1759.23,1768.7,1742.61,1759.06
1770656400,2026-02-09 17:00:00,1758.98,1760.52,1734.96,1744.91
1770660000,2026-02-09 18:00:00,1744.95,1758.71,1726.9,1735.05
1770663600,2026-02-09 19:00:00,1734.94,1739.28,1708.42,1718.46
1770667200,2026-02-09 20:00:00,1718.63,1725.45,1699.5,1714.17
1770670800,2026-02-09 21:00:00,1714.51,1716.24,1689.47,1706.66
1770674400,2026-02-09 22:00:00,1706.53,1706.53,1686.53,1692.66
1770678000,2026-02-09 23:00:00,1693.14,1722.51,1687.8,1719.2
1770681600,2026-02-10 00:00:00,1719.1,1723.71,1705.89,1718.81
1770685200,2026-02-10 01:00:00,1718.58,1721.95,1701.89,1711.55
1770688800,2026-02-10 02:00:00,1711.28,1732.27,1703.15,1711.75
1770692400,2026-02-10 03:00:00,1711.72,1712.11,1671.93,1680.59
1770696000,2026-02-10 04:00:00,1680.39,1696.77,1676.9,1682.47
1770699600,2026-02-10 05:00:00,1682.37,1734.12,1682.02,1733.13
1770703200,2026-02-10 06:00:00,1732.95,1733.83,1703.17,1715.42
1770706800,2026-02-10 07:00:00,1715.37,1754.11,1710.14,1754.11
1770710400,2026-02-10 08:00:00,1754.15,1755.41,1732.23,1737.54
1770714000,2026-02-10 09:00:00,1737.37,1759.06,1733.45,1747.21
1770717600,2026-02-10 10:00:00,1747.56,1771.08,1745.87,1750.82
1770721200,2026-02-10 11:00:00,1750.42,1767.8,1743.4,1756.62
1770724800,2026-02-10 12:00:00,1757.14,1759.21,1744.51,1753.43
1770728400,2026-02-10 13:00:00,1753.02,1771.29,1751.64,1759.39
1770732000,2026-02-10 14:00:00,1759.26,1781.23,1756.61,1771.57
1770735600,2026-02-10 15:00:00,1771.58,1789.08,1760.58,1773.03
1770739200,2026-02-10 16:00:00,1772.55,1795.09,1769.3,1792.64
1770742800,2026-02-10 17:00:00,1793.07,1815.51,1788.41,1797.59
1770746400,2026-02-10 18:00:00,1797.3,1841.08,1796.54,1819.51
1770750000,2026-02-10 19:00:00,1819.16,1821.08,1791.61,1794.15
1770753600,2026-02-10 20:00:00,1794.44,1809.88,1787.79,1800.09
1770757200,2026-02-10 21:00:00,1799.92,1811.24,1781.4,1808.61
1770760800,2026-02-10 22:00:00,1808.2,1830.84,1801.23,1820.86
1770764400,2026-02-10 23:00:00,1820.59,1831.59,1804.02,1828.11
1770768000,2026-02-11 00:00:00,1828.69,1833.61,1767.08,1771.98
1770771600,2026-02-11 01:00:00,1771.78,1800.21,1770.15,1799.43
1770775200,2026-02-11 02:00:00,1799.47,1824.55,1788.65,1818.73
1770778800,2026-02-11 03:00:00,1818.62,1840.41,1803.82,1831.3
1770782400,2026-02-11 04:00:00,1831.57,1836.13,1818.92,1818.96
1770786000,2026-02-11 05:00:00,1818.88,1825.11,1786.07,1792.89
1770789600,2026-02-11 06:00:00,1793.15,1797.06,1773.61,1781.46
1770793200,2026-02-11 07:00:00,1781.38,1800.3,1771.18,1797.95
1770796800,2026-02-11 08:00:00,1797.94,1832.58,1796.04,1804.93
1770800400,2026-02-11 09:00:00,1805.02,1807.69,1767.86,1785.86
1770804000,2026-02-11 10:00:00,1785.72,1797.43,1774.83,1787.17
1770807600,2026-02-11 11:00:00,1787.41,1787.53,1764.75,1781.95
1770811200,2026-02-11 12:00:00,1781.77,1805.52,1780.05,1790.68
1770814800,2026-02-11 13:00:00,1790.57,1804.6,1754.53,1757.58
1770818400,2026-02-11 14:00:00,1757.7,1762.79,1722.35,1726.53
1770822000,2026-02-11 15:00:00,1726.61,1728.39,1699.79,1714.12
1770825600,2026-02-11 16:00:00,1714.65,1716.66,1690.58,1697.17
1770829200,2026-02-11 17:00:00,1697.31,1698.58,1655.85,1665.73
1770832800,2026-02-11 18:00:00,1665.69,1671.28,1640.46,1642.93
1770836400,2026-02-11 19:00:00,1642.93,1667.17,1632.7,1644.26
1770840000,2026-02-11 20:00:00,1644.27,1661.76,1640.02,1651.23
1770843600,2026-02-11 21:00:00,1651.07,1664.2,1646.11,1649.33
1770847200,2026-02-11 22:00:00,1649.38,1664.09,1647.41,1656.5
1770850800,2026-02-11 23:00:00,1656,1679.61,1648.26,1666.66
1770854400,2026-02-12 00:00:00,1666.54,1677.26,1648.04,1652.05
1770858000,2026-02-12 01:00:00,1652.22,1663.77,1637.02,1662.2
1770861600,2026-02-12 02:00:00,1662.46,1666.84,1639.14,1646.86
1770865200,2026-02-12 03:00:00,1647.01,1650.87,1627.55,1635.25
1770868800,2026-02-12 04:00:00,1635.09,1664.09,1630.66,1655.71
1770872400,2026-02-12 05:00:00,1655.52,1665.76,1637.59,1647.01
1770876000,2026-02-12 06:00:00,1646.84,1655.51,1632.53,1638.32
1770879600,2026-02-12 07:00:00,1638.11,1638.43,1614.56,1630.05
1770883200,2026-02-12 08:00:00,1629.63,1650.22,1627.33,1637.16
1770886800,2026-02-12 09:00:00,1636.59,1651.1,1624.55,1641.12
1770890400,2026-02-12 10:00:00,1641.47,1649.26,1624.41,1647.18
1770894000,2026-02-12 11:00:00,1647.4,1650.87,1615.1,1622.59
1770897600,2026-02-12 12:00:00,1622.36,1657.99,1622.06,1640.38
1770901200,2026-02-12 13:00:00,1640.36,1667.05,1639.76,1660.21
1770904800,2026-02-12 14:00:00,1660.48,1664.51,1634.67,1639.55
1770908400,2026-02-12 15:00:00,1639.68,1658.07,1635.02,1641.76
1770912000,2026-02-12 16:00:00,1641.58,1644.64,1625.34,1644.64
1770915600,2026-02-12 17:00:00,1644.83,1652.9,1631.4,1633.59
1770919200,2026-02-12 18:00:00,1633.66,1662.45,1629.15,1659.74
1770922800,2026-02-12 19:00:00,1659.81,1686.74,1657.87,1679.05
1770926400,2026-02-12 20:00:00,1679,1689.22,1660.95,1669.29
1770930000,2026-02-12 21:00:00,1669.61,1674.11,1648.73,1651.53
1770933600,2026-02-12 22:00:00,1651.53,1666.83,1640.05,1652.73
1770937200,2026-02-12 23:00:00,1652.9,1657.76,1628.55,1630.53
1770940800,2026-02-13 00:00:00,1629.79,1637.26,1618.19,1635
1770944400,2026-02-13 01:00:00,1634.45,1651.95,1632.2,1640.53
1770948000,2026-02-13 02:00:00,1640.45,1683.33,1632.54,1680.94
1770951600,2026-02-13 03:00:00,1680.86,1683.61,1653.44,1655.08
1770955200,2026-02-13 04:00:00,1654.94,1680.03,1649.44,1668.64
1770958800,2026-02-13 05:00:00,1668.34,1687.4,1662.65,1684.77
1770962400,2026-02-13 06:00:00,1685.04,1687.82,1667.84,1680.24
1770966000,2026-02-13 07:00:00,1680.18,1685.65,1646.52,1652.59
1770969600,2026-02-13 08:00:00,1652.08,1678.22,1645.05,1674.4
1770973200,2026-02-13 09:00:00,1673.96,1686.01,1661.51,1676.41
1770976800,2026-02-13 10:00:00,1676.45,1682.31,1634.92,1644.22
1770980400,2026-02-13 11:00:00,1643.87,1651.14,1636.83,1638.08
1770984000,2026-02-13 12:00:00,1637.99,1643.16,1614.25,1635.68
1770987600,2026-02-13 13:00:00,1635.27,1661.89,1634.86,1656.8
1770991200,2026-02-13 14:00:00,1656.3,1673.44,1655.18,1664.52
1770994800,2026-02-13 15:00:00,1664.74,1697.86,1664.43,1690.71
1770998400,2026-02-13 16:00:00,1690.51,1695.79,1659.58,1660.61
1771002000,2026-02-13 17:00:00,1660.58,1675.9,1638.65,1675.76
1771005600,2026-02-13 18:00:00,1675.39,1682.7,1665.33,1667.16
1771009200,2026-02-13 19:00:00,1667.33,1667.33,1599.44,1600.87
1771012800,2026-02-13 20:00:00,1601.5,1625.47,1587.53,1611.91
1771016400,2026-02-13 21:00:00,1612.13,1627.64,1601.24,1616.97
1771020000,2026-02-13 22:00:00,1616.76,1645.01,1606.33,1645.01
1771023600,2026-02-13 23:00:00,1644.58,1671.21,1644.35,1664.9
1771027200,2026-02-14 00:00:00,1665.28,1672.98,1633.05,1639.88
1771030800,2026-02-14 01:00:00,1639.91,1650.99,1629.79,1641.02
1771034400,2026-02-14 02:00:00,1641.08,1646.94,1628.58,1642.5
1771038000,2026-02-14 03:00:00,1642.02,1666.52,1630.82,1661.55
1771041600,2026-02-14 04:00:00,1661.87,1683.39,1660.25,1679.37
1771045200,2026-02-14 05:00:00,1679.41,1688.06,1667.04,1675.52
1771048800,2026-02-14 06:00:00,1675.16,1696.44,1674.97,1679.15
1771052400,2026-02-14 07:00:00,1679.11,1695.84,1672.28,1675.83
1771056000,2026-02-14 08:00:00,1676.49,1685.38,1663.24,1664.75
1771059600,2026-02-14 09:00:00,1664.39,1681.8,1662.38,1669.43
1771063200,2026-02-14 10:00:00,1669.41,1690.75,1666.33,1672.3
1771066800,2026-02-14 11:00:00,1672.64,1692.35,1664.52,1681.35
1771070400,2026-02-14 12:00:00,1681.41,1706.54,1670.91,1706.47
1771074000,2026-02-14 13:00:00,1706.81,1734.5,1705.85,1734.5
1771077600,2026-02-14 14:00:00,1734.21,1740.04,1708.97,1725.12
1771081200,2026-02-14 15:00:00,1725.47,1743.91,1710.49,1722.25
1771084800,2026-02-14 16:00:00,1722.31,1759.06,1721,1757.55
1771088400,2026-02-14 17:00:00,1757.77,1758.05,1726.99,1733.93
1771092000,2026-02-14 18:00:00,1733.84,1740.73,1720.96,1733.34
1771095600,2026-02-14 19:00:00,1733.39,1762.01,1733.21,1757.4
1771099200,2026-02-14 20:00:00,1757.64,1790.49,1751.7,1786.4
1771102800,2026-02-14 21:00:00,1786.17,1795.97,1754.78,1756.99
1771106400,2026-02-14 22:00:00,1757.32,1780.51,1754.38,1770.37
1771110000,2026-02-14 23:00:00,1770.51,1770.51,1739.04,1746.42
1771113600,2026-02-15 00:00:00,1746.46,1757.41,1738.47,1740.61
1771117200,2026-02-15 01:00:00,1740.49,1744.05,1686.77,1693.36
1771120800,2026-02-15 02:00:00,1693.52,1706.53,1685.19,1692.99
1771124400,2026-02-15 03:00:00,1692.92,1701.42,1668.38,1670.65
1771128000,2026-02-15 04:00:00,1670.39,1670.98,1635.04,1636.63
1771131600,2026-02-15 05:00:00,1636.79,1650.35,1617.17,1627.13
1771135200,2026-02-15 06:00:00,1627.07,1637.45,1620.45,1630.46
1771138800,2026-02-15 07:00:00,1630.94,1636.75,1614.59,1626.96
1771142400,2026-02-15 08:00:00,1627.19,1667.7,1626.07,1653.79
1771146000,2026-02-15 09:00:00,1653.6,1671.73,1648.17,1661.75
1771149600,2026-02-15 10:00:00,1662.03,1664.21,1643.34,1650.06
1771153200,2026-02-15 11:00:00,1650.16,1650.78,1607.62,1614.86
1771156800,2026-02-15 12:00:00,1614.94,1639.17,1614.49,1629.33
1771160400,2026-02-15 13:00:00,1629.17,1637.05,1614.27,1622.6
1771164000,2026-02-15 14:00:00,1622.44,1627.65,1592.92,1625.48
1771167600,2026-02-15 15:00:00,1625.36,1637.13,1614.66,1620.83
1771171200,2026-02-15 16:00:00,1620.85,1627.13,1609.4,1612.17
1771174800,2026-02-15 17:00:00,1612.01,1615.74,1569.57,1578.25
1771178400,2026-02-15 18:00:00,1578.37,1590.08,1560.18,1575.63
1771182000,2026-02-15 19:00:00,1575.91,1587.01,1561.33,1583.72
1771185600,2026-02-15 20:00:00,1583.83,1597.41,1572.72,1582.9
1771189200,2026-02-15 21:00:00,1582.61,1590.24,1572.13,1577.87
1771192800,2026-02-15 22:00:00,1577.8,1585.25,1565.46,1577.14
1771196400,2026-02-15 23:00:00,1577.05,1588.92,1567.44,1588.36
1771200000,2026-02-16 00:00:00,1588.21,1597.83,1576.32,1585.81
1771203600,2026-02-16 01:00:00,1585.73,1600.53,1578.41,1588.35
1771207200,2026-02-16 02:00:00,1588.7,1591.28,1575,1584.36
1771210800,2026-02-16 03:00:00,1584.01,1590.27,1570.72,1583.34
1771214400,2026-02-16 04:00:00,1582.62,1587.5,1565.17,1572.39
1771218000,2026-02-16 05:00:00,1572.36,1600.07,1571.89,1588.03
1771221600,2026-02-16 06:00:00,1588.13,1606.77,1586.83,1589.18
1771225200,2026-02-16 07:00:00,1589.18,1614.61,1589.18,1608.27
1771228800,2026-02-16 08:00:00,1608.68,1632.81,1602.28,1623.52
1771232400,2026-02-16 09:00:00,1623.25,1649.75,1616.48,1635.3
1771236000,2026-02-16 10:00:00,1635.12,1652.95,1632.67,1648.94
1771239600,2026-02-16 11:00:00,1648.8,1654.72,1634.52,1637.39
1771243200,2026-02-16 12:00:00,1637.63,1644.66,1600.11,1607.44
1771246800,2026-02-16 13:00:00,1607.07,1612.88,1594.42,1605.17
1771250400,2026-02-16 14:00:00,1605.33,1629.25,1604.14,1621.37
1771254000,2026-02-16 15:00:00,1621.02,1650.44,1619.7,1646.9
1771257600,2026-02-16 16:00:00,1646.64,1646.88,1619.74,1625.39
1771261200,2026-02-16 17:00:00,1625.02,1634,1595.06,1608.95
1771264800,2026-02-16 18:00:00,1608.93,1612.71,1580.48,1581.98
1771268400,2026-02-16 19:00:00,1581.74,1599.49,1577.11,1593.61
1771272000,2026-02-16 20:00:00,1594.04,1604.59,1585.65,1591.81
1771275600,2026-02-16 21:00:00,1591.74,1609.87,1581.32,1601.15
1771279200,2026-02-16 22:00:00,1601.12,1620.74,1600.67,1614.46
1771282800,2026-02-16 23:00:00,1614.26,1647.4,1604.7,1642.5
1771286400,2026-02-17 00:00:00,1642.41,1644.13,1618.69,1626.39
1771290000,2026-02-17 01:00:00,1626.34,1635.12,1593.83,1595.32
1771293600,2026-02-17 02:00:00,1595.18,1604.02,1576.35,1585.11
1771297200,2026-02-17 03:00:00,1585.2,1599.7,1580.3,1589.78
1771300800,2026-02-17 04:00:00,1589.53,1597.68,1576.49,1585.28
1771304400,2026-02-17 05:00:00,1585.52,1605.29,1581.37,1594.74
1771308000,2026-02-17 06:00:00,1594.83,1597.7,1581.17,1593.51
1771311600,2026-02-17 07:00:00,1593.87,1611.79,1588.45,1592.08
1771315200,2026-02-17 08:00:00,1591.94,1604.33,1587.49,1590.71
1771318800,2026-02-17 09:00:00,1590.9,1604.65,1581.63,1588.88
1771322400,2026-02-17 10:00:00,1589.06,1595.37,1577.84,1589.27
1771326000,2026-02-17 11:00:00,1589.48,1600.84,1582.38,1598.47
1771329600,2026-02-17 12:00:00,1598.54,1608.79,1582.53,1605.54
1771333200,2026-02-17 13:00:00,1606.29,1615.94,1595.5,1600.3
1771336800,2026-02-17 14:00:00,1599.98,1607.71,1594.61,1601.84
1771340400,2026-02-17 15:00:00,1601.69,1608.45,1584.18,1601.96
1771344000,2026-02-17 16:00:00,1601.94,1631.63,1599.26,1614.41
1771347600,2026-02-17 17:00:00,1614.01,1620.43,1600.18,1617.2
1771351200,2026-02-17 18:00:00,1617.97,1631.32,1601.39,1620.31
1771354800,2026-02-17 19:00:00,1620.46,1621.47,1587.09,1594.9
1771358400,2026-02-17 20:00:00,1594.38,1596.88,1572.22,1584.71
1771362000,2026-02-17 21:00:00,1584.45,1585.48,1564.85,1576.72
1771365600,2026-02-17 22:00:00,1575.62,1589.49,1560.36,1571.93
1771369200,2026-02-17 23:00:00,1571.69,1587.47,1565.83,1583.51
1771372800,2026-02-18 00:00:00,1583.48,1593.91,1570.84,1578.52
1771376400,2026-02-18 01:00:00,1578.83,1598.58,1575.76,1583.83
1771380000,2026-02-18 02:00:00,1584.12,1636.69,1581.54,1629.82
1771383600,2026-02-18 03:00:00,1629.95,1631.08,1596.9,1600.49
1771387200,2026-02-18 04:00:00,1600.73,1613.12,1582.84,1588.01
1771390800,2026-02-18 05:00:00,1587.7,1590.28,1570.77,1590.28
1771394400,2026-02-18 06:00:00,1590.29,1607.78,1589.88,1602.89
1771398000,2026-02-18 07:00:00,1602.95,1602.95,1583.77,1591.75
1771401600,2026-02-18 08:00:00,1591.82,1593.02,1557.74,1584.24
1771405200,2026-02-18 09:00:00,1584.41,1606.76,1582.93,1605.32
1771408800,2026-02-18 10:00:00,1605.35,1619.37,1601.72,1605.88
1771412400,2026-02-18 11:00:00,1605.48,1621.09,1595.42,1618.05
1771416000,2026-02-18 12:00:00,1617.5,1637.89,1604.42,1624.7
1771419600,2026-02-18 13:00:00,1624.78,1646.47,1617.46,1618.51
1771423200,2026-02-18 14:00:00,1618.54,1626.56,1606.99,1611.38
1771426800,2026-02-18 15:00:00,1611.19,1624.49,1598.55,1624.49
1771430400,2026-02-18 16:00:00,1624.1,1638.74,1619.82,1623.54
1771434000,2026-02-18 17:00:00,1623.3,1639.37,1619.43,1637.16
1771437600,2026-02-18 18:00:00,1637.07,1638.94,1601.62,1605.55
1771441200,2026-02-18 19:00:00,1605.53,1620.16,1587.55,1593.8
1771444800,2026-02-18 20:00:00,1594,1607.09,1581.21,1604.36
1771448400,2026-02-18 21:00:00,1604.53,1622.34,1597.75,1614.39
1771452000,2026-02-18 22:00:00,1614.19,1618.75,1594.56,1618.5
1771455600,2026-02-18 23:00:00,1618.28,1623.93,1586.68,1590.01
1771459200,2026-02-19 00:00:00,1589.98,1590.29,1564.69,1571.03
1771462800,2026-02-19 01:00:00,1570.86,1578.9,1556.84,1574.82
1771466400,2026-02-19 02:00:00,1575.23,1579.44,1550.01,1564.55
1771470000,2026-02-19 03:00:00,1564.66,1567.17,1551.45,1557.33
1771473600,2026-02-19 04:00:00,1557.28,1569.1,1535.5,1544.47
1771477200,2026-02-19 05:00:00,1544.83,1555.43,1537.61,1549.63
1771480800,2026-02-19 06:00:00,1549.81,1564.56,1542.82,1556.57
1771484400,2026-02-19 07:00:00,1556.83,1573.93,1545.46,1569.95
1771488000,2026-02-19 08:00:00,1569.78,1585.65,1558.96,1564.51
1771491600,2026-02-19 09:00:00,1564.82,1575.13,1559.56,1573.27
1771495200,2026-02-19 10:00:00,1573.4,1589.09,1563.52,1569.46
1771498800,2026-02-19 11:00:00,1569.31,1577.91,1557.49,1577
1771502400,2026-02-19 12:00:00,1576.62,1579.2,1539.04,1539.65
1771506000,2026-02-19 13:00:00,1539.53,1549.72,1520.36,1547.97
1771509600,2026-02-19 14:00:00,1548.26,1556.57,1538.54,1542.02
1771513200,2026-02-19 15:00:00,1542.46,1553.78,1513.94,1529.81
1771516800,2026-02-19 16:00:00,1529.75,1537.61,1514.69,1533.24
1771520400,2026-02-19 17:00:00,1532.68,1545.17,1514.91,1521.53
1771524000,2026-02-19 18:00:00,1521.02,1526.39,1502.39,1522.68
1771527600,2026-02-19 19:00:00,1522.62,1538.22,1516.22,1529.65
1771531200,2026-02-19 20:00:00,1529.94,1544.15,1526.78,1531.21
1771534800,2026-02-19 21:00:00,1531.43,1532.94,1506.86,1526.28
1771538400,2026-02-19 22:00:00,1526.55,1539.2,1517.69,1523.62
1771542000,2026-02-19 23:00:00,1523.72,1546.98,1522.87,1530.62
1771545600,2026-02-20 00:00:00,1530.28,1541.81,1512.8,1513.64
1771549200,2026-02-20 01:00:00,1513.58,1514.41,1488.9,1492.73
1771552800,2026-02-20 02:00:00,1492.25,1500.25,1476.02,1480.16
1771556400,2026-02-20 03:00:00,1480.75,1505.53,1478.54,1497.24
1771560000,2026-02-20 04:00:00,1497.18,1507.01,1490.7,1502.02
1771563600,2026-02-20 05:00:00,1501.84,1502.83,1483.43,1487
1771567200,2026-02-20 06:00:00,1487.33,1506.11,1481.41,1500.39
1771570800,2026-02-20 07:00:00,1499.77,1512.56,1496.05,1506.86
1771574400,2026-02-20 08:00:00,1506.67,1525.71,1500.45,1519.66
1771578000,2026-02-20 09:00:00,1519.61,1520.12,1504.94,1507.91
1771581600,2026-02-20 10:00:00,1508.2,1534.92,1507.61,1523.8
1771585200,2026-02-20 11:00:00,1523.28,1527.19,1496.59,1511.04
1771588800,2026-02-20 12:00:00,1511.09,1535.12,1508.55,1518.68
1771592400,2026-02-20 13:00:00,1518.81,1520.07,1497.6,1499.48
1771596000,2026-02-20 14:00:00,1500.1,1509.93,1486.68,1507.81
1771599600,2026-02-20 15:00:00,1507.8,1538.21,1507.46,1519.17
1771603200,2026-02-20 16:00:00,1519.06,1536.9,1515.34,1535.72
1771606800,2026-02-20 17:00:00,1535.46,1576.39,1535.46,1566.78
1771610400,2026-02-20 18:00:00,1566.44,1587.82,1559.97,1577.78
1771614000,2026-02-20 19:00:00,1577.19,1579.99,1566.95,1577.3
1771617600,2026-02-20 20:00:00,1576.89,1594.45,1571.23,1575.74
1771621200,2026-02-20 21:00:00,1575.89,1607.93,1566.02,1605.69
1771624800,2026-02-20 22:00:00,1605.56,1613.49,1589.15,1603.91
1771628400,2026-02-20 23:00:00,1603.92,1604.4,1583.94,1590.35
1771632000,2026-02-21 00:00:00,1590.02,1590.36,1563.96,1573.28
1771635600,2026-02-21 01:00:00,1573.16,1581.55,1552.82,1580.97
1771639200,2026-02-21 02:00:00,1580.67,1596.69,1577.29,1589.84
1771642800,2026-02-21 03:00:00,1590.47,1595.81,1579.62,1591.4
1771646400,2026-02-21 04:00:00,1591.41,1606.58,1589.05,1601.43
1771650000,2026-02-21 05:00:00,1601.68,1640.48,1601.68,1624.49
1771653600,2026-02-21 06:00:00,1624.69,1629.17,1612.57,1625.97
1771657200,2026-02-21 07:00:00,1625.45,1643.85,1621.94,1640.85
1771660800,2026-02-21 08:00:00,1641.01,1653.98,1622.85,1631.27
1771664400,2026-02-21 09:00:00,1631.4,1639.4,1614.06,1621.78
1771668000,2026-02-21 10:00:00,1621.73,1633.9,1615.06,1629.98
1771671600,2026-02-21 11:00:00,1629.62,1636.26,1599.95,1601.75
1771675200,2026-02-21 12:00:00,1601.52,1624.26,1600.36,1614.26
1771678800,2026-02-21 13:00:00,1614,1621.53,1595.39,1605.75
1771682400,2026-02-21 14:00:00,1606.17,1611.72,1583.23,1587.18
1771686000,2026-02-21 15:00:00,1587.1,1597.01,1578.38,1591.61
1771689600,2026-02-21 16:00:00,1591.69,1593.88,1541.58,1543.78
1771693200,2026-02-21 17:00:00,1543.8,1546.53,1532.45,1533.57
1771696800,2026-02-21 18:00:00,1533.39,1536.64,1509.94,1514.44
1771700400,2026-02-21 19:00:00,1513.87,1532.54,1503.82,1525.77
1771704000,2026-02-21 20:00:00,1525.9,1535.93,1512.73,1520.66
1771707600,2026-02-21 21:00:00,1521.04,1532.21,1497.89,1501.84
1771711200,2026-02-21 22:00:00,1501.88,1510.59,1494.44,1497.27
1771714800,2026-02-21 23:00:00,1497.31,1502.37,1474.69,1475.39
1771718400,2026-02-22 00:00:00,1475.59,1476.04,1441.68,1456.93
1771722000,2026-02-22 01:00:00,1456.95,1471.57,1454.33,1457.19
1771725600,2026-02-22 02:00:00,1457.44,1484.59,1449.33,1482.68
1771729200,2026-02-22 03:00:00,1482.68,1486.4,1448.9,1452.52
1771732800,2026-02-22 04:00:00,1452.38,1471.92,1434.38,1470.63
1771736400,2026-02-22 05:00:00,1470.78,1491.84,1465.86,1490.87
1771740000,2026-02-22 06:00:00,1490.69,1510.35,1489.3,1498.13
1771743600,2026-02-22 07:00:00,1498.1,1526.93,1495.55,1524.91
1771747200,2026-02-22 08:00:00,1524.96,1542.23,1503.98,1506.29
1771750800,2026-02-22 09:00:00,1506.32,1508.54,1487.92,1494.81
1771754400,2026-02-22 10:00:00,1494.67,1503.17,1490.28,1496.36
1771758000,2026-02-22 11:00:00,1496.3,1505.85,1485.95,1500.31
1771761600,2026-02-22 12:00:00,1500.43,1511.56,1485.63,1492.77
1771765200,2026-02-22 13:00:00,1492.97,1504.16,1459.74,1460.93
1771768800,2026-02-22 14:00:00,1460.72,1465.81,1442.96,1443.56
1771772400,2026-02-22 15:00:00,1443.88,1475.16,1436.45,1473.82
1771776000,2026-02-22 16:00:00,1473.83,1490.18,1467.94,1490.18
1771779600,2026-02-22 17:00:00,1490.08,1509.48,1479.41,1505.42
1771783200,2026-02-22 18:00:00,1505.18,1537.38,1502.18,1534.16
1771786800,2026-02-22 19:00:00,1533.97,1539.19,1522.97,1535.27
1771790400,2026-02-22 20:00:00,1535.23,1539.72,1509.21,1535.31
1771794000,2026-02-22 21:00:00,1535.26,1553.55,1535.26,1550.74
1771797600,2026-02-22 22:00:00,1550.98,1551.24,1519.62,1519.64
1771801200,2026-02-22 23:00:00,1519.35,1528.02,1489.67,1489.67
1771804800,2026-02-23 00:00:00,1490,1507.01,1482.57,1506.65
1771808400,2026-02-23 01:00:00,1506.28,1523.1,1497.48,1503.42
1771812000,2026-02-23 02:00:00,1503.31,1527.58,1497.13,1524.48
1771815600,2026-02-23 03:00:00,1524.66,1542.87,1520.27,1534.09
1771819200,2026-02-23 04:00:00,1534.26,1538.84,1510.81,1513.32
1771822800,2026-02-23 05:00:00,1513.46,1514.54,1492.11,1511
1771826400,2026-02-23 06:00:00,1511.41,1529.25,1506.01,1528.45
1771830000,2026-02-23 07:00:00,1528.9,1544.3,1521.25,1535.24
1771833600,2026-02-23 08:00:00,1535.09,1537.01,1506.18,1509.27
1771837200,2026-02-23 09:00:00,1509.79,1547.39,1509.5,1544.03
1771840800,2026-02-23 10:00:00,1543.93,1555.98,1529.01,1539.22
1771844400,2026-02-23 11:00:00,1538.97,1549.85,1534.99,1538.41
1771848000,2026-02-23 12:00:00,1538.68,1546.72,1525.8,1542.42
1771851600,2026-02-23 13:00:00,1543.27,1557.14,1540.32,1551.96
1771855200,2026-02-23 14:00:00,1551.7,1568.74,1543.42,1555.39
1771858800,2026-02-23 15:00:00,1555.44,1567.21,1547.69,1551.73
1771862400,2026-02-23 16:00:00,1551.95,1566.9,1540.77,1548.13
1771866000,2026-02-23 17:00:00,1547.88,1586.65,1547.73,1572.46
1771869600,2026-02-23 18:00:00,1572.19,1572.34,1542.45,1564.99
1771873200,2026-02-23 19:00:00,1564.99,1566.22,1532.48,1538.33
1771876800,2026-02-23 20:00:00,1538.04,1540.83,1520.99,1529.9
1771880400,2026-02-23 21:00:00,1530,1546.9,1520.77,1545.65
1771884000,2026-02-23 22:00:00,1545.74,1551.07,1512.95,1515.19
1771887600,2026-02-23 23:00:00,1515.06,1526.25,1510.37,1520.58
1771891200,2026-02-24 00:00:00,1521.02,1531.74,1519.44,1522.11
1771894800,2026-02-24 01:00:00,1522.08,1538.83,1515.64,1537.46
1771898400,2026-02-24 02:00:00,1537.26,1555.83,1518.84,1519.59
1771902000,2026-02-24 03:00:00,1519.26,1534.58,1513.34,1514.48
1771905600,2026-02-24 04:00:00,1514.13,1532.14,1511.42,1521.22
1771909200,2026-02-24 05:00:00,1521.3,1524.2,1509.49,1517.44
1771912800,2026-02-24 06:00:00,1517.68,1527.38,1502.7,1525.08
1771916400,2026-02-24 07:00:00,1525.23,1537.87,1518.01,1529.76
1771920000,2026-02-24 08:00:00,1529.78,1543.87,1519.3,1534.04
1771923600,2026-02-24 09:00:00,1534.29,1536.08,1512.39,1523.23
1771927200,2026-02-24 10:00:00,1523.29,1532.68,1505.31,1507.78
1771930800,2026-02-24 11:00:00,1508.07,1520.73,1498.2,1498.62
1771934400,2026-02-24 12:00:00,1498.97,1517.87,1498.92,1505.91
1771938000,2026-02-24 13:00:00,1506.06,1509.99,1483.75,1506.72
1771941600,2026-02-24 14:00:00,1506.62,1530.12,1505.02,1520.22
1771945200,2026-02-24 15:00:00,1520.03,1537.21,1508.08,1535.24
1771948800,2026-02-24 16:00:00,1534.93,1535.26,1518.43,1528.25
1771952400,2026-02-24 17:00:00,1528.04,1536.93,1519.71,1522.6
1771956000,2026-02-24 18:00:00,1522.87,1527.52,1508.72,1517.22
1771959600,2026-02-24 19:00:00,1517.12,1532.33,1511.28,1522.4
1771963200,2026-02-24 20:00:00,1522.04,1524.03,1501.13,1511.49
1771966800,2026-02-24 21:00:00,1511.56,1538.55,1505.87,1538.19
1771970400,2026-02-24 22:00:00,1537.78,1538.25,1511.71,1511.73
1771974000,2026-02-24 23:00:00,1512.12,1514.35,1493.41,1503.08
1771977600,2026-02-25 00:00:00,1503.64,1509.84,1494.86,1496.78
1771981200,2026-02-25 01:00:00,1497.13,1503.69,1486.05,1487.4
1771984800,2026-02-25 02:00:00,1487.8,1497.18,1470.42,1477.04
1771988400,2026-02-25 03:00:00,1477.21,1487.23,1464.59,1466.21
1771992000,2026-02-25 04:00:00,1466.23,1491.67,1464.06,1489.41
1771995600,2026-02-25 05:00:00,1489.14,1499.17,1475.97,1496.85
1771999200,2026-02-25 06:00:00,1496.81,1509.15,1481.1,1495.42
1772002800,2026-02-25 07:00:00,1495.16,1522.11,1491.34,1519.14
1772006400,2026-02-25 08:00:00,1519.62,1530.46,1505.4,1511.82
1772010000,2026-02-25 09:00:00,1512.04,1522.7,1501.1,1511.61
1772013600,2026-02-25 10:00:00,1511.84,1515.13,1493.88,1513.24
1772017200,2026-02-25 11:00:00,1512.85,1516.99,1492.35,1495.1
1772020800,2026-02-25 12:00:00,1495.74,1501.66,1476.28,1477.64
1772024400,2026-02-25 13:00:00,1477.3,1497.08,1472.23,1487.34
1772028000,2026-02-25 14:00:00,1487.39,1493.03,1472.07,1482
1772031600,2026-02-25 15:00:00,1482.31,1486.7,1470.9,1476.13
1772035200,2026-02-25 16:00:00,1476.7,1511.95,1474.12,1501.21
1772038800,2026-02-25 17:00:00,1501.02,1517.88,1495.17,1508.18
1772042400,2026-02-25 18:00:00,1508.41,1523.62,1498.29,1515.38
1772046000,2026-02-25 19:00:00,1515.73,1535.47,1510.6,1527.58
1772049600,2026-02-25 20:00:00,1527.13,1532.45,1500.47,1501.61
1772053200,2026-02-25 21:00:00,1501.45,1505.1,1483.44,1501.1
1772056800,2026-02-25 22:00:00,1500.89,1506.99,1490.57,1500.37
1772060400,2026-02-25 23:00:00,1500.47,1515.24,1491.15,1504.72
1772064000,2026-02-26 00:00:00,1504.56,1516.75,1490.44,1513.03
1772067600,2026-02-26 01:00:00,1513.11,1522.71,1501.61,1505.77
1772071200,2026-02-26 02:00:00,1505.68,1506.16,1488.69,1495.01
1772074800,2026-02-26 03:00:00,1495.03,1495.15,1472.4,1476.61
1772078400,2026-02-26 04:00:00,1476.48,1491.45,1462.3,1491.45
1772082000,2026-02-26 05:00:00,1491.3,1499.01,1482.96,1484.54
1772085600,2026-02-26 06:00:00,1484.83,1521.01,1483.08,1508.81
1772089200,2026-02-26 07:00:00,1508.71,1523.62,1505.46,1517.91
1772092800,2026-02-26 08:00:00,1517.87,1539.99,1516.49,1518.58
1772096400,2026-02-26 09:00:00,1518.92,1527.21,1510.59,1514.21
1772100000,2026-02-26 10:00:00,1514.41,1526.2,1503.78,1507.93
1772103600,2026-02-26 11:00:00,1508.12,1522.99,1504.58,1512
1772107200,2026-02-26 12:00:00,1511.86,1526.79,1502.28,1513.51
1772110800,2026-02-26 13:00:00,1513.19,1522.47,1508.51,1518.85
1772114400,2026-02-26 14:00:00,1518.29,1540.11,1515.21,1530.16
1772118000,2026-02-26 15:00:00,1529.99,1530.6,1507.6,1511.84
1772121600,2026-02-26 16:00:00,1511.71,1538.93,1504.43,1532.82
1772125200,2026-02-26 17:00:00,1532.56,1560.1,1531.36,1544.43
1772128800,2026-02-26 18:00:00,1544.38,1551.69,1521.09,1526.53
1772132400,2026-02-26 19:00:00,1526.58,1530.9,1512.65,1518.3
1772136000,2026-02-26 20:00:00,1518.69,1525.8,1503.92,1521.7
1772139600,2026-02-26 21:00:00,1521.49,1529.1,1500.55,1509.01
1772143200,2026-02-26 22:00:00,1509.76,1532.65,1508.37,1526.81
1772146800,2026-02-26 23:00:00,1526.92,1528.69,1501.83,1523.14
1772150400,2026-02-27 00:00:00,1523.39,1535.44,1510.57,1516.2
1772154000,2026-02-27 01:00:00,1516.14,1518.8,1485.54,1503.18
1772157600,2026-02-27 02:00:00,1503.6,1531.59,1500.12,1531.36
1772161200,2026-02-27 03:00:00,1531.53,1553.41,1518.61,1550.32
1772164800,2026-02-27 04:00:00,1550.39,1564.68,1547.31,1547.31
1772168400,2026-02-27 05:00:00,1547.35,1573.99,1546.94,1562.02
1772172000,2026-02-27 06:00:00,1562.31,1575.06,1545.03,1572.54
1772175600,2026-02-27 07:00:00,1572.1,1575.05,1550.58,1563.35
1772179200,2026-02-27 08:00:00,1563.35,1578.22,1557.25,1575.04
1772182800,2026-02-27 09:00:00,1574.87,1578.74,1543.56,1547.1
1772186400,2026-02-27 10:00:00,1546.79,1554.55,1536.7,1550.38
1772190000,2026-02-27 11:00:00,1550.1,1559.59,1544.42,1552.1
1772193600,2026-02-27 12:00:00,1551.91,1556.28,1528.64,1531.09
1772197200,2026-02-27 13:00:00,1531.07,1537.64,1514.81,1522.88
1772200800,2026-02-27 14:00:00,1522.49,1550.47,1512.07,1546.43
1772204400,2026-02-27 15:00:00,1546.4,1558.25,1536.72,1548.69
1772208000,2026-02-27 16:00:00,1548.77,1566.09,1543.69,1557.23
1772211600,2026-02-27 17:00:00,1556.86,1571.61,1552.79,1554.57
1772215200,2026-02-27 18:00:00,1554.63,1556.73,1533.35,1534.37
1772218800,2026-02-27 19:00:00,1534.06,1537.21,1505.37,1511.05
1772222400,2026-02-27 20:00:00,1511.09,1527.11,1498.8,1518.85
1772226000,2026-02-27 21:00:00,1518.25,1527.36,1492.05,1495.49
1772229600,2026-02-27 22:00:00,1495.51,1502.89,1486.28,1501.15
1772233200,2026-02-27 23:00:00,1500.49,1516.36,1488.46,1489.35
1772236800,2026-02-28 00:00:00,1489.26,1493.86,1464.32,1473.02
1772240400,2026-02-28 01:00:00,1472.5,1483.15,1460.45,1472.83
1772244000,2026-02-28 02:00:00,1473.2,1497.81,1465.2,1496.91
1772247600,2026-02-28 03:00:00,1496.5,1506.45,1488.53,1500.47
1772251200,2026-02-28 04:00:00,1500.39,1521.87,1496.1,1512.5
1772254800,2026-02-28 05:00:00,1512.69,1526.39,1508.87,1514.79
1772258400,2026-02-28 06:00:00,1514.55,1518.85,1494.04,1502.99
1772262000,2026-02-28 07:00:00,1502.78,1530.61,1497.63,1522.94
1772265600,2026-02-28 08:00:00,1523.04,1543.24,1514.16,1537.32
1772269200,2026-02-28 09:00:00,1537.41,1583.65,1535.73,1582.43
1772272800,2026-02-28 10:00:00,1582.29,1604.82,1575.58,1599.37
1772276400,2026-02-28 11:00:00,1599.32,1622.95,1597.55,1617.98
1772280000,2026-02-28 12:00:00,1618.12,1620.44,1601.88,1608.19
1772283600,2026-02-28 13:00:00,1607.52,1610.3,1589.03,1599.56
1772287200,2026-02-28 14:00:00,1599.69,1599.69,1579.59,1595.34
1772290800,2026-02-28 15:00:00,1595.59,1616.79,1586.31,1608.91
1772294400,2026-02-28 16:00:00,1609.03,1615.6,1593.68,1602.05
1772298000,2026-02-28 17:00:00,1601.68,1609.66,1587.03,1591.24
1772301600,2026-02-28 18:00:00,1590.55,1597.61,1575.88,1578.39
1772305200,2026-02-28 19:00:00,1578.43,1593.64,1571.67,1587.98
1772308800,2026-02-28 20:00:00,1587.98,1601.78,1585.36,1601.18
1772312400,2026-02-28 21:00:00,1601.15,1628.3,1600.74,1623.03
1772316000,2026-02-28 22:00:00,1622.92,1623.62,1594.65,1597.22
1772319600,2026-02-28 23:00:00,1597.12,1598.06,1568.76,1574.81
1772323200,2026-03-01 00:00:00,1574.61,1581.08,1560.02,1560.74
1772326800,2026-03-01 01:00:00,1560.74,1569.72,1551.25,1562.76
1772330400,2026-03-01 02:00:00,1562.87,1586.34,1562.32,1568.46
1772334000,2026-03-01 03:00:00,1568.6,1587.07,1566.37,1570.6
1772337600,2026-03-01 04:00:00,1570.72,1578.17,1553.32,1562.03
1772341200,2026-03-01 05:00:00,1561.96,1567.68,1550.54,1566.56
1772344800,2026-03-01 06:00:00,1566.36,1573.4,1556.59,1561.6
1772348400,2026-03-01 07:00:00,1561.59,1570.08,1552.9,1564.69
1772352000,2026-03-01 08:00:00,1564.85,1576.76,1543.95,1550.19
1772355600,2026-03-01 09:00:00,1550.54,1579.86,1542.08,1579.14
1772359200,2026-03-01 10:00:00,1579.34,1603.15,1579.34,1596.56
1772362800,2026-03-01 11:00:00,1596.57,1618.79,1594.37,1615.97
1772366400,2026-03-01 12:00:00,1616.5,1631.13,1602.63,1630.61
1772370000,2026-03-01 13:00:00,1630.46,1651.65,1628.23,1637.2
1772373600,2026-03-01 14:00:00,1637.09,1642.97,1603.61,1620.75
1772377200,2026-03-01 15:00:00,1620.83,1631.6,1600.61,1600.81
1772380800,2026-03-01 16:00:00,1601.6,1623.29,1588.36,1589.98
1772384400,2026-03-01 17:00:00,1590.01,1604.61,1585.52,1599.15
1772388000,2026-03-01 18:00:00,1599.04,1606.35,1578.98,1581.55
1772391600,2026-03-01 19:00:00,1581.69,1596.53,1565.96,1570.21
1772395200,2026-03-01 20:00:00,1569.96,1583.47,1553,1556.33
1772398800,2026-03-01 21:00:00,1556.41,1556.41,1530.43,1534.24
1772402400,2026-03-01 22:00:00,1534.53,1547.21,1531.25,1537.31
1772406000,2026-03-01 23:00:00,1537.21,1579.18,1532.02,1576.43
1772409600,2026-03-02 00:00:00,1576.83,1582.14,1559.77,1579.14
1772413200,2026-03-02 01:00:00,1579.1,1587.99,1554.42,1561.14
1772416800,2026-03-02 02:00:00,1561.21,1562.97,1542.66,1549.83
1772420400,2026-03-02 03:00:00,1550.03,1568.19,1535.8,1556.14
1772424000,2026-03-02 04:00:00,1556.06,1561.23,1534.59,1539.78
1772427600,2026-03-02 05:00:00,1539.82,1545.18,1513.21,1514.14
1772431200,2026-03-02 06:00:00,1514.1,1517.11,1495.7,1516.88
1772434800,2026-03-02 07:00:00,1517.08,1521.85,1495.71,1512.99
1772438400,2026-03-02 08:00:00,1512.97,1549.19,1509.93,1527.63
1772442000,2026-03-02 09:00:00,1527.3,1542.26,1519.03,1522.82
1772445600,2026-03-02 10:00:00,1522.78,1534.75,1521.7,1532.96
1772449200,2026-03-02 11:00:00,1532.74,1547.17,1525.13,1543.14
1772452800,2026-03-02 12:00:00,1543.1,1562.97,1533.22,1559.06
1772456400,2026-03-02 13:00:00,1558.82,1574.93,1550.95,1559.79
1772460000,2026-03-02 14:00:00,1559.7,1578.4,1550.77,1555.31
1772463600,2026-03-02 15:00:00,1555.52,1557.11,1528.96,1541.53
1772467200,2026-03-02 16:00:00,1541.46,1555.57,1532.85,1550.57
1772470800,2026-03-02 17:00:00,1550.45,1567.77,1549.1,1564.99
1772474400,2026-03-02 18:00:00,1565,1576.76,1554.08,1567.02
1772478000,2026-03-02 19:00:00,1567.19,1567.29,1553.66,1557.2
1772481600,2026-03-02 20:00:00,1557.81,1566.48,1546.41,1555.68
1772485200,2026-03-02 21:00:00,1555.52,1574.22,1547.07,1550.33
1772488800,2026-03-02 22:00:00,1550.5,1556.89,1530.77,1530.77
1772492400,2026-03-02 23:00:00,1530.64,1532.17,1516.12,1517.69
1772496000,2026-03-03 00:00:00,1517.49,1522.9,1498.57,1511.18
1772499600,2026-03-03 01:00:00,1511.01,1526.85,1510.02,1525.85
1772503200,2026-03-03 02:00:00,1525.71,1535.98,1510.62,1530.4
1772506800,2026-03-03 03:00:00,1530.35,1534.86,1516,1526.92
1772510400,2026-03-03 04:00:00,1526.93,1538.69,1513.99,1528.57
1772514000,2026-03-03 05:00:00,1528.76,1537.87,1519.33,1525.92
1772517600,2026-03-03 06:00:00,1526.28,1539.46,1520.72,1521.64
1772521200,2026-03-03 07:00:00,1521.84,1529.88,1509.27,1509.69
1772524800,2026-03-03 08:00:00,1509.84,1542.46,1509.5,1523.91
1772528400,2026-03-03 09:00:00,1523.62,1530.63,1509.43,1515.17
1772532000,2026-03-03 10:00:00,1515.14,1523.04,1493.46,1505.52
1772535600,2026-03-03 11:00:00,1505.71,1516.98,1504.21,1513.85
1772539200,2026-03-03 12:00:00,1514.28,1514.71,1484.16,1496.26
1772542800,2026-03-03 13:00:00,1496.63,1497.55,1468.85,1482.97
1772546400,2026-03-03 14:00:00,1483.05,1484.58,1464.98,1480.74
1772550000,2026-03-03 15:00:00,1480.28,1508.52,1475.39,1490.09
1772553600,2026-03-03 16:00:00,1490.32,1499.89,1480.04,1490.84
1772557200,2026-03-03 17:00:00,1491.04,1508.04,1487.87,1504.97
1772560800,2026-03-03 18:00:00,1505.36,1528.46,1498.07,1526.82
1772564400,2026-03-03 19:00:00,1526.74,1532.47,1501.15,1502.7
1772568000,2026-03-03 20:00:00,1502.43,1507.92,1481.14,1486.81
1772571600,2026-03-03 21:00:00,1486.91,1494.61,1480.32,1490.65
1772575200,2026-03-03 22:00:00,1490.95,1493.24,1464.64,1464.71
1772578800,2026-03-03 23:00:00,1464.2,1471.59,1451.76,1469.89
1772582400,2026-03-04 00:00:00,1469.69,1473.43,1456.81,1457.63
1772586000,2026-03-04 01:00:00,1457.69,1463.6,1442.36,1442.9
1772589600,2026-03-04 02:00:00,1442.9,1443.44,1419.65,1424.65
1772593200,2026-03-04 03:00:00,1424.4,1424.65,1408.38,1408.5
1772596800,2026-03-04 04:00:00,1408.41,1420.1,1406.43,1419.65
1772600400,2026-03-04 05:00:00,1419.33,1431,1412.64,1429.01
1772604000,2026-03-04 06:00:00,1429.26,1449.6,1427.08,1434.41
1772607600,2026-03-04 07:00:00,1434.29,1436.9,1412.14,1427.33
1772611200,2026-03-04 08:00:00,1427.04,1454.68,1425.98,1439.85
1772614800,2026-03-04 09:00:00,1439.87,1440.52,1414.97,1431.79
1772618400,2026-03-04 10:00:00,1432.05,1438.65,1425.84,1434.12
1772622000,2026-03-04 11:00:00,1434.42,1440.5,1421.01,1424.98
1772625600,2026-03-04 12:00:00,1425.04,1452.81,1423.65,1446.87
1772629200,2026-03-04 13:00:00,1446.97,1454.65,1437.33,1446.48
1772632800,2026-03-04 14:00:00,1446.4,1460.91,1441.46,1458.04
1772636400,2026-03-04 15:00:00,1457.9,1466.91,1434.59,1465.52
1772640000,2026-03-04 16:00:00,1465.62,1477.32,1449.44,1457.04
1772643600,2026-03-04 17:00:00,1456.79,1459.46,1441.47,1446.87
1772647200,2026-03-04 18:00:00,1447.06,1452.8,1431.35,1434.47
1772650800,2026-03-04 19:00:00,1434.3,1442.83,1422.13,1439.27
1772654400,2026-03-04 20:00:00,1439.04,1441.86,1403.44,1410.83
1772658000,2026-03-04 21:00:00,1410.75,1417.21,1399.46,1410.23
1772661600,2026-03-04 22:00:00,1410.17,1433.16,1409.62,1429.42
1772665200,2026-03-04 23:00:00,1429.56,1443.05,1424.21,1429.41
1772668800,2026-03-05 00:00:00,1429.2,1449.3,1428.28,1437.56
1772672400,2026-03-05 01:00:00,1437.78,1442.09,1422.15,1433.11
1772676000,2026-03-05 02:00:00,1433.08,1439.41,1421.25,1430.53
1772679600,2026-03-05 03:00:00,1430.33,1430.68,1415.16,1422.85
1772683200,2026-03-05 04:00:00,1422.64,1462.38,1416.06,1459.79
1772686800,2026-03-05 05:00:00,1459.75,1463.31,1442.49,1442.89
1772690400,2026-03-05 06:00:00,1442.85,1456.8,1428.32,1428.32
1772694000,2026-03-05 07:00:00,1428.74,1429.68,1402.39,1403.03
1772697600,2026-03-05 08:00:00,1403.14,1435.19,1403.14,1428.96
1772701200,2026-03-05 09:00:00,1428.76,1438.44,1413.08,1415.28
1772704800,2026-03-05 10:00:00,1415.03,1448.53,1414.27,1445.58
1772708400,2026-03-05 11:00:00,1445.21,1451.47,1422.4,1425.51
1772712000,2026-03-05 12:00:00,1425.46,1431.3,1401.53,1414.95
1772715600,2026-03-05 13:00:00,1414.74,1415.8,1398.26,1407.35
1772719200,2026-03-05 14:00:00,1407.12,1434.46,1406.23,1416.19
1772722800,2026-03-05 15:00:00,1416.32,1422.97,1406.73,1421.56
1772726400,2026-03-05 16:00:00,1421.29,1444.14,1420.07,1437.91
1772730000,2026-03-05 17:00:00,1437.41,1440.3,1424.61,1429.7
1772733600,2026-03-05 18:00:00,1429.69,1459.98,1429.69,1438.89
1772737200,2026-03-05 19:00:00,1439.07,1452.52,1417.34,1417.76
1772740800,2026-03-05 20:00:00,1417.64,1420.78,1401.9,1404.03
1772744400,2026-03-05 21:00:00,1403.93,1404.28,1383.68,1386.23
1772748000,2026-03-05 22:00:00,1386.2,1440.71,1385.48,1431.41
1772751600,2026-03-05 23:00:00,1431.62,1449.78,1418.88,1418.88
1772755200,2026-03-06 00:00:00,1418.68,1421.29,1404.32,1413.89
1772758800,2026-03-06 01:00:00,1413.42,1413.94,1393.66,1394.81
1772762400,2026-03-06 02:00:00,1394.75,1397.48,1378.78,1393.57
1772766000,2026-03-06 03:00:00,1393.48,1397.06,1376.64,1380.85
1772769600,2026-03-06 04:00:00,1380.5,1389.92,1364.5,1386.89
1772773200,2026-03-06 05:00:00,1387.16,1387.89,1350.15,1356.07
1772776800,2026-03-06 06:00:00,1355.97,1369.3,1351.63,1368.58
1772780400,2026-03-06 07:00:00,1368.48,1376,1355.09,1363.28
1772784000,2026-03-06 08:00:00,1363.08,1384.27,1361.56,1375.59
1772787600,2026-03-06 09:00:00,1375.68,1381.91,1365.76,1371.78
1772791200,2026-03-06 10:00:00,1371.53,1378.6,1356.58,1368.41
1772794800,2026-03-06 11:00:00,1368.24,1372.88,1354.37,1363.62
1772798400,2026-03-06 12:00:00,1363.25,1377.77,1352.53,1354.5
1772802000,2026-03-06 13:00:00,1354.27,1363.12,1348.35,1353.51
1772805600,2026-03-06 14:00:00,1353.34,1374.06,1351.49,1365.07
1772809200,2026-03-06 15:00:00,1365.37,1367.99,1347.92,1356.27
1772812800,2026-03-06 16:00:00,1356.5,1372.72,1344.34,1346.22
1772816400,2026-03-06 17:00:00,1346.4,1379.64,1338.71,1377.57
1772820000,2026-03-06 18:00:00,1377.7,1382.54,1365.68,1376.97
1772823600,2026-03-06 19:00:00,1376.92,1378.14,1357.17,1360.99
1772827200,2026-03-06 20:00:00,1361.25,1361.88,1345.97,1359.07
1772830800,2026-03-06 21:00:00,1358.94,1371.63,1338.21,1339.15
1772834400,2026-03-06 22:00:00,1338.98,1351.71,1325.8,1346.62
1772838000,2026-03-06 23:00:00,1346.37,1350.1,1326.38,1326.88
1772841600,2026-03-07 00:00:00,1327.25,1330.62,1309.81,1310.4
1772845200,2026-03-07 01:00:00,1310.39,1339.03,1308.05,1335.92
1772848800,2026-03-07 02:00:00,1335.78,1345.16,1328.7,1338.84
1772852400,2026-03-07 03:00:00,1338.9,1354.9,1335.57,1347.8
1772856000,2026-03-07 04:00:00,1347.95,1349.5,1332.43,1348.96
1772859600,2026-03-07 05:00:00,1349.4,1362.68,1346.56,1358.88
1772863200,2026-03-07 06:00:00,1358.81,1362.13,1349.92,1355.5
1772866800,2026-03-07 07:00:00,1355.53,1356.42,1343.28,1344.54
1772870400,2026-03-07 08:00:00,1343.89,1363.32,1341.3,1359.96
1772874000,2026-03-07 09:00:00,1359.71,1382.99,1358.9,1379.43
1772877600,2026-03-07 10:00:00,1379.8,1395.64,1377.44,1388.4
1772881200,2026-03-07 11:00:00,1388.38,1402.97,1382.29,1382.88
1772884800,2026-03-07 12:00:00,1382.63,1394.48,1378.37,1389.84
1772888400,2026-03-07 13:00:00,1389.55,1404.67,1384.07,1387.77
1772892000,2026-03-07 14:00:00,1387.35,1391.62,1365.11,1370.82
1772895600,2026-03-07 15:00:00,1370.67,1395.79,1370.06,1393.58
1772899200,2026-03-07 16:00:00,1393.84,1418.27,1390.69,1411.76
1772902800,2026-03-07 17:00:00,1411.8,1414.95,1390.23,1396.98
1772906400,2026-03-07 18:00:00,1397.23,1406.07,1390.06,1393.09
1772910000,2026-03-07 19:00:00,1392.8,1392.87,1375.85,1388.45
1772913600,2026-03-07 20:00:00,1388.52,1399.41,1386.11,1396.39
1772917200,2026-03-07 21:00:00,1396.32,1422.95,1396.02,1408.86
1772920800,2026-03-07 22:00:00,1408.65,1427.79,1396.83,1424.2
1772924400,2026-03-07 23:00:00,1424.2,1432.17,1407.53,1414.8
1772928000,2026-03-08 00:00:00,1415.08,1431.01,1406.18,1423.38
1772931600,2026-03-08 01:00:00,1423.5,1425.86,1411.36,1422.48
1772935200,2026-03-08 02:00:00,1422.44,1444.12,1418.58,1440.4
1772938800,2026-03-08 03:00:00,1440.38,1449.79,1435.75,1442.89
1772942400,2026-03-08 04:00:00,1442.72,1460.22,1428.16,1455.54
1772946000,2026-03-08 05:00:00,1455.64,1464.73,1448.5,1459.91
1772949600,2026-03-08 06:00:00,1459.78,1463.39,1448.23,1448.65
1772953200,2026-03-08 07:00:00,1448.55,1455.05,1436.55,1448.37
1772956800,2026-03-08 08:00:00,1448.38,1461.94,1444.32,1450.73
1772960400,2026-03-08 09:00:00,1450.98,1473.42,1445.64,1467.29
1772964000,2026-03-08 10:00:00,1467.57,1501.89,1464.64,1498.09
1772967600,2026-03-08 11:00:00,1497.55,1500.28,1461.84,1470.28
1772971200,2026-03-08 12:00:00,1470.14,1470.58,1447.97,1450.49
1772974800,2026-03-08 13:00:00,1450.81,1457.52,1425.79,1428.54
1772978400,2026-03-08 14:00:00,1428.6,1459.4,1418.43,1459.4
1772982000,2026-03-08 15:00:00,1459.35,1466.66,1451.99,1457.75
1772985600,2026-03-08 16:00:00,1457.9,1460.8,1440.49,1459.52
1772989200,2026-03-08 17:00:00,1459.53,1479.28,1455.47,1474
1772992800,2026-03-08 18:00:00,1474.01,1488.07,1470.17,1474.71
1772996400,2026-03-08 19:00:00,1474.79,1481.16,1462.61,1476.83
1773000000,2026-03-08 20:00:00,1476.97,1478.53,1456.71,1462.73
1773003600,2026-03-08 21:00:00,1463.02,1478.18,1452.67,1473.45
1773007200,2026-03-08 22:00:00,1473.71,1482.48,1463.64,1470.82
1773010800,2026-03-08 23:00:00,1470.75,1481.03,1458.63,1478.06
1773014400,2026-03-09 00:00:00,1478.32,1483.4,1458.26,1462.72
1773018000,2026-03-09 01:00:00,1462.68,1467.5,1443.4,1464.3
1773021600,2026-03-09 02:00:00,1464.1,1476.77,1458.34,1475.52
1773025200,2026-03-09 03:00:00,1475.98,1495.15,1466.91,1493.97
1773028800,2026-03-09 04:00:00,1493.79,1500.42,1477.92,1500.42
1773032400,2026-03-09 05:00:00,1499.91,1522.81,1493.88,1519.4
1773036000,2026-03-09 06:00:00,1519.58,1531.98,1503.66,1507.27
1773039600,2026-03-09 07:00:00,1507.4,1520.89,1490.27,1496.61
1773043200,2026-03-09 08:00:00,1496.55,1505.32,1484.68,1487.78
1773046800,2026-03-09 09:00:00,1488,1501.25,1477.35,1482.36
1773050400,2026-03-09 10:00:00,1482.51,1490.48,1473.73,1481.34
1773054000,2026-03-09 11:00:00,1481.02,1490.62,1475.31,1484.81
1773057600,2026-03-09 12:00:00,1484.42,1515.07,1477.01,1515.07
1773061200,2026-03-09 13:00:00,1514.96,1546.05,1513.84,1544.91
1773064800,2026-03-09 14:00:00,1544.99,1575.16,1544.57,1568.42
1773068400,2026-03-09 15:00:00,1568.34,1585.67,1566.31,1585.25
1773072000,2026-03-09 16:00:00,1585.17,1612.51,1581.37,1608.68
1773075600,2026-03-09 17:00:00,1608.51,1612.15,1584.27,1591.14
1773079200,2026-03-09 18:00:00,1591.53,1609.39,1589.78,1607.85
1773082800,2026-03-09 19:00:00,1607.75,1622.44,1604.97,1615.93
1773086400,2026-03-09 20:00:00,1616.09,1616.09,1576.87,1580.46
1773090000,2026-03-09 21:00:00,1580.41,1584.57,1570.74,1572.16
1773093600,2026-03-09 22:00:00,1571.98,1574.81,1556.47,1567.34
1773097200,2026-03-09 23:00:00,1567.35,1584.81,1563.95,1573.39
1773100800,2026-03-10 00:00:00,1573.33,1592.53,1566.99,1578.77
1773104400,2026-03-10 01:00:00,1578.67,1613.81,1570.14,1612.92
1773108000,2026-03-10 02:00:00,1613.45,1631.3,1609.49,1627.06
1773111600,2026-03-10 03:00:00,1627.02,1637.34,1603.54,1604.96
1773115200,2026-03-10 04:00:00,1605.15,1612.78,1592.07,1599.19
1773118800,2026-03-10 05:00:00,1599.1,1618.8,1589.57,1607.65
1773122400,2026-03-10 06:00:00,1607.68,1609.22,1588.17,1595.24
1773126000,2026-03-10 07:00:00,1595.59,1596.33,1576.32,1589.57
1773129600,2026-03-10 08:00:00,1589.42,1591.01,1565.61,1577.51
1773133200,2026-03-10 09:00:00,1578.05,1578.17,1550.97,1553.2
1773136800,2026-03-10 10:00:00,1553.25,1578.27,1551.27,1566.02
1773140400,2026-03-10 11:00:00,1566.03,1582.65,1559.63,1577.86
1773144000,2026-03-10 12:00:00,1577.51,1582.07,1552.31,1552.31
1773147600,2026-03-10 13:00:00,1552.32,1576.93,1543.42,1576.23
1773151200,2026-03-10 14:00:00,1575.82,1597.64,1573.22,1591.37
1773154800,2026-03-10 15:00:00,1591.52,1624.44,1586.06,1611.66
1773158400,2026-03-10 16:00:00,1611.99,1620.69,1578.84,1594.37
1773162000,2026-03-10 17:00:00,1594.16,1610.68,1589.87,1590.21
1773165600,2026-03-10 18:00:00,1590.51,1601.51,1587.93,1595.94
1773169200,2026-03-10 19:00:00,1596.39,1599.61,1573.09,1575.29
1773172800,2026-03-10 20:00:00,1575.31,1585.84,1568.43,1579.68
1773176400,2026-03-10 21:00:00,1580.19,1612.22,1578.42,1601.61
1773180000,2026-03-10 22:00:00,1601.95,1605.18,1578.52,1578.52
1773183600,2026-03-10 23:00:00,1578.66,1599.82,1577.83,1587.24
1773187200,2026-03-11 00:00:00,1587.28,1617.54,1580.38,1616.82
1773190800,2026-03-11 01:00:00,1617.05,1627.83,1606.72,1615.79
1773194400,2026-03-11 02:00:00,1616.06,1639.51,1608.49,1626.52
1773198000,2026-03-11 03:00:00,1626.49,1640.36,1621.11,1627.21
1773201600,2026-03-11 04:00:00,1627.39,1633.02,1621.25,1628.75
1773205200,2026-03-11 05:00:00,1628.93,1652.36,1624.87,1643.71
1773208800,2026-03-11 06:00:00,1643.54,1683.5,1642.6,1675.69
1773212400,2026-03-11 07:00:00,1675.46,1698.56,1674.93,1683.45
1773216000,2026-03-11 08:00:00,1683.25,1686.01,1658.6,1664.04
1773219600,2026-03-11 09:00:00,1664,1665.11,1629.46,1638.7
1773223200,2026-03-11 10:00:00,1638.4,1641.68,1615.32,1625.96
1773226800,2026-03-11 11:00:00,1625.83,1646.35,1615.53,1644.87
1773230400,2026-03-11 12:00:00,1645.44,1664.89,1643.95,1650.61
1773234000,2026-03-11 13:00:00,1650.6,1679.51,1642.28,1663.67
1773237600,2026-03-11 14:00:00,1663.26,1669.57,1654.17,1667.88
1773241200,2026-03-11 15:00:00,1667.56,1689.22,1663.91,1687.01
1773244800,2026-03-11 16:00:00,1686.94,1716.83,1683.68,1694.14
1773248400,2026-03-11 17:00:00,1694.19,1703.45,1681.72,1682.9
1773252000,2026-03-11 18:00:00,1682.43,1709.26,1675.52,1706.84
1773255600,2026-03-11 19:00:00,1707.15,1714.29,1692.9,1697.82
1773259200,2026-03-11 20:00:00,1697.92,1737.21,1695.82,1736.92
1773262800,2026-03-11 21:00:00,1737.02,1747.97,1713.94,1716.31
1773266400,2026-03-11 22:00:00,1716.5,1733.46,1703.11,1709.5
1773270000,2026-03-11 23:00:00,1709.62,1729.69,1707.58,1728.57
1773273600,2026-03-12 00:00:00,1728.54,1755.16,1717.86,1751.62
1773277200,2026-03-12 01:00:00,1751.71,1764.53,1735.51,1763.73
1773280800,2026-03-12 02:00:00,1763.59,1772.55,1747.57,1750.03
1773284400,2026-03-12 03:00:00,1750.36,1751.82,1724.98,1751.71
1773288000,2026-03-12 04:00:00,1751.56,1753.08,1723.29,1730.31
1773291600,2026-03-12 05:00:00,1730.39,1739.91,1705.08,1709.12
1773295200,2026-03-12 06:00:00,1708.99,1735.69,1696.09,1732.63
1773298800,2026-03-12 07:00:00,1732.77,1738.17,1709.33,1709.33
1773302400,2026-03-12 08:00:00,1708.99,1709.51,1677.92,1682.25
1773306000,2026-03-12 09:00:00,1682.73,1719.1,1673.79,1699.4
1773309600,2026-03-12 10:00:00,1699.4,1703.58,1687.38,1693.06
1773313200,2026-03-12 11:00:00,1692.69,1726.19,1688.58,1718.66
1773316800,2026-03-12 12:00:00,1718.63,1733.83,1711.57,1730.53
1773320400,2026-03-12 13:00:00,1730.45,1732.68,1698.7,1699.32
1773324000,2026-03-12 14:00:00,1699.18,1723.43,1683.87,1714.44
1773327600,2026-03-12 15:00:00,1714.44,1717.73,1687.67,1693.64
1773331200,2026-03-12 16:00:00,1693.08,1701.52,1677.85,1682.46
1773334800,2026-03-12 17:00:00,1682.64,1688.52,1671.84,1685.95
1773338400,2026-03-12 18:00:00,1685.7,1687.57,1636.99,1641.89
1773342000,2026-03-12 19:00:00,1641.78,1647.19,1620.16,1624.42
1773345600,2026-03-12 20:00:00,1624.71,1633.56,1616.09,1630.13
1773349200,2026-03-12 21:00:00,1629.78,1638.55,1620.95,1630.67
1773352800,2026-03-12 22:00:00,1630.64,1632,1612.3,1624.46
1773356400,2026-03-12 23:00:00,1624.62,1630.78,1606.58,1617.85
1773360000,2026-03-13 00:00:00,1618.01,1632.41,1606.85,1611.54
1773363600,2026-03-13 01:00:00,1611.8,1629.67,1607.59,1612.12
1773367200,2026-03-13 02:00:00,1612.52,1629.76,1607.88,1616.69
1773370800,2026-03-13 03:00:00,1616.81,1627.33,1600.8,1611.75
1773374400,2026-03-13 04:00:00,1611.84,1628.7,1597.59,1613.1
1773378000,2026-03-13 05:00:00,1613.09,1614.27,1589.55,1606.78
1773381600,2026-03-13 06:00:00,1606.65,1611.05,1585.71,1608.58
1773385200,2026-03-13 07:00:00,1608.94,1621.2,1589.29,1620.87
1773388800,2026-03-13 08:00:00,1621.32,1630.64,1592.4,1602.96
1773392400,2026-03-13 09:00:00,1602.54,1606.3,1575.61,1582.73
1773396000,2026-03-13 10:00:00,1582.48,1584.55,1553.56,1553.92
1773399600,2026-03-13 11:00:00,1553.71,1576.21,1553.71,1572.06
1773403200,2026-03-13 12:00:00,1572.16,1615.21,1570.73,1614.58
1773406800,2026-03-13 13:00:00,1614.28,1620.14,1600.61,1608.48
1773410400,2026-03-13 14:00:00,1608.52,1627.94,1606.48,1626.69
1773414000,2026-03-13 15:00:00,1626.97,1640.23,1617.41,1620.27
1773417600,2026-03-13 16:00:00,1620.25,1639.97,1606.73,1636.61
1773421200,2026-03-13 17:00:00,1637.18,1658.93,1624.22,1645.51
1773424800,2026-03-13 18:00:00,1645.38,1678.51,1643.59,1668.2
1773428400,2026-03-13 19:00:00,1668.51,1694.43,1664.46,1687.26
1773432000,2026-03-13 20:00:00,1687.57,1687.57,1658.55,1680.95
1773435600,2026-03-13 21:00:00,1680.67,1681.54,1662.01,1673.91
1773439200,2026-03-13 22:00:00,1673.66,1687.41,1663.46,1665.96
1773442800,2026-03-13 23:00:00,1665.42,1674.74,1646.66,1651.07
1773446400,2026-03-14 00:00:00,1651.25,1660.52,1640.72,1649.38
1773450000,2026-03-14 01:00:00,1649.42,1676.32,1647.19,1672.46
1773453600,2026-03-14 02:00:00,1672.85,1676.15,1659.14,1661.75
1773457200,2026-03-14 03:00:00,1661.39,1697.79,1654.92,1682.79
1773460800,2026-03-14 04:00:00,1682.61,1709.38,1678.94,1697.19
1773464400,2026-03-14 05:00:00,1696.78,1729.86,1690.18,1729.66
1773468000,2026-03-14 06:00:00,1729.74,1730.87,1699.27,1707.8
1773471600,2026-03-14 07:00:00,1707.47,1736.1,1695.57,1730.48
1773475200,2026-03-14 08:00:00,1730.21,1731.66,1708.85,1709.17
1773478800,2026-03-14 09:00:00,1709.05,1721.86,1705.98,1712.99
1773482400,2026-03-14 10:00:00,1713.36,1722.64,1700.11,1712.38
1773486000,2026-03-14 11:00:00,1712.83,1721.34,1680.55,1683.31
1773489600,2026-03-14 12:00:00,1682.97,1693.98,1660.33,1667.75
1773493200,2026-03-14 13:00:00,1667.5,1667.55,1634.03,1640.68
1773496800,2026-03-14 14:00:00,1640.49,1662.03,1635.93,1641.37
1773500400,2026-03-14 15:00:00,1641.32,1645.04,1623.9,1641.56
1773504000,2026-03-14 16:00:00,1641.89,1659.51,1640.6,1647.01
1773507600,2026-03-14 17:00:00,1646.92,1659.02,1629.51,1631.17
1773511200,2026-03-14 18:00:00,1631.05,1637.82,1603.82,1605.44
1773514800,2026-03-14 19:00:00,1605.43,1608.95,1576.86,1582.32
1773518400,2026-03-14 20:00:00,1582.19,1604.03,1572.93,1601.79
1773522000,2026-03-14 21:00:00,1601.97,1612.64,1574.4,1575.65
1773525600,2026-03-14 22:00:00,1575.93,1596.19,1570.97,1589.96
1773529200,2026-03-14 23:00:00,1590,1593.49,1579.27,1591.22
1773532800,2026-03-15 00:00:00,1591.6,1601.56,1561.06,1568.64
1773536400,2026-03-15 01:00:00,1568.76,1583.9,1562.36,1574.11
1773540000,2026-03-15 02:00:00,1574.08,1575.35,1553.46,1555.65
1773543600,2026-03-15 03:00:00,1555.36,1556.38,1529.16,1531.86
1773547200,2026-03-15 04:00:00,1531.88,1546.37,1522.8,1537.42
1773550800,2026-03-15 05:00:00,1537.48,1542.33,1516.79,1523.83
1773554400,2026-03-15 06:00:00,1523.54,1526.3,1510.31,1521.48
1773558000,2026-03-15 07:00:00,1521.37,1556.62,1521.32,1550.94
1773561600,2026-03-15 08:00:00,1551.08,1554.41,1508.93,1514.83
1773565200,2026-03-15 09:00:00,1514.95,1528.68,1512.58,1525.52
1773568800,2026-03-15 10:00:00,1525.75,1560.6,1523.77,1557.97
1773572400,2026-03-15 11:00:00,1557.68,1570.06,1551.98,1559.22
1773576000,2026-03-15 12:00:00,1559.09,1573.84,1549.47,1571.79
1773579600,2026-03-15 13:00:00,1571.99,1574.88,1561.33,1561.89
1773583200,2026-03-15 14:00:00,1562.2,1579.32,1555.31,1576.69
1773586800,2026-03-15 15:00:00,1576.6,1613.21,1570.43,1610.77
1773590400,2026-03-15 16:00:00,1610.83,1616.54,1595.03,1605.77
1773594000,2026-03-15 17:00:00,1605.6,1615.22,1591.02,1610.98
1773597600,2026-03-15 18:00:00,1611.47,1612.32,1582.23,1592.33
1773601200,2026-03-15 19:00:00,1592.26,1647.94,1587.78,1645.44
1773604800,2026-03-15 20:00:00,1645.34,1649.73,1619.98,1630.71
1773608400,2026-03-15 21:00:00,1630.83,1631.69,1614.3,1616.48
1773612000,2026-03-15 22:00:00,1616.48,1630.98,1612.01,1623.11
1773615600,2026-03-15 23:00:00,1623.19,1635.3,1618.4,1626.25
1773619200,2026-03-16 00:00:00,1626.36,1649.62,1622.57,1648.97
1773622800,2026-03-16 01:00:00,1648.68,1655.85,1614.11,1616.2
1773626400,2026-03-16 02:00:00,1616.55,1631.19,1590.87,1591.48
1773630000,2026-03-16 03:00:00,1591.9,1595.6,1569.55,1582.88
1773633600,2026-03-16 04:00:00,1583.49,1596.51,1573.11,1584.33
1773637200,2026-03-16 05:00:00,1584.65,1596.04,1576.23,1590.75
1773640800,2026-03-16 06:00:00,1590.94,1624.94,1579.88,1617.38
1773644400,2026-03-16 07:00:00,1617.5,1636.59,1606.8,1627.5
1773648000,2026-03-16 08:00:00,1627.54,1647.1,1624.97,1640.14
1773651600,2026-03-16 09:00:00,1640.3,1659.25,1638.2,1643.55
1773655200,2026-03-16 10:00:00,1643.04,1646.32,1627.6,1635.36
1773658800,2026-03-16 11:00:00,1635.32,1657.41,1633,1645.26
1773662400,2026-03-16 12:00:00,1645.08,1647.54,1618.66,1639.08
1773666000,2026-03-16 13:00:00,1638.99,1660.63,1638.6,1656.65
1773669600,2026-03-16 14:00:00,1656.21,1683.13,1654.57,1681.24
1773673200,2026-03-16 15:00:00,1680.83,1708.1,1675.66,1706.44
1773676800,2026-03-16 16:00:00,1706.37,1733.46,1705.78,1729.61
1773680400,2026-03-16 17:00:00,1729.78,1767.81,1720.71,1760.63
1773684000,2026-03-16 18:00:00,1760.69,1788.37,1745.09,1785.84
1773687600,2026-03-16 19:00:00,1786.17,1802.76,1781.64,1796.06
1773691200,2026-03-16 20:00:00,1796.25,1809.78,1773.45,1790.25
1773694800,2026-03-16 21:00:00,1790.38,1791.52,1759.95,1762.36
1773698400,2026-03-16 22:00:00,1762.57,1765.3,1750.92,1754.72
1773702000,2026-03-16 23:00:00,1755.42,1770.34,1749.93,1762.58
1773705600,2026-03-17 00:00:00,1762.59,1769.38,1744.76,1749.22
1773709200,2026-03-17 01:00:00,1749.38,1771.08,1746.3,1762.13
1773712800,2026-03-17 02:00:00,1761.84,1762.01,1721.69,1735.48
1773716400,2026-03-17 03:00:00,1735.35,1767.56,1720.78,1764.11
1773720000,2026-03-17 04:00:00,1764.09,1769.85,1750.04,1750.34
1773723600,2026-03-17 05:00:00,1749.97,1767.47,1741.92,1757.13
1773727200,2026-03-17 06:00:00,1756.98,1762.46,1742.03,1748.91
1773730800,2026-03-17 07:00:00,1748.7,1751.86,1719.24,1729.77
1773734400,2026-03-17 08:00:00,1730.04,1743.52,1715.52,1721.91
1773738000,2026-03-17 09:00:00,1721.67,1731.68,1694.92,1695.05
1773741600,2026-03-17 10:00:00,1694.96,1695.88,1667.65,1678.19
1773745200,2026-03-17 11:00:00,1677.43,1698.17,1668.96,1677.98
1773748800,2026-03-17 12:00:00,1677.84,1680.74,1651.59,1659.58
1773752400,2026-03-17 13:00:00,1659.59,1668.5,1650.19,1664.09
1773756000,2026-03-17 14:00:00,1664.58,1703.18,1664.31,1696.99
1773759600,2026-03-17 15:00:00,1696.99,1717.41,1688.44,1706.94
1773763200,2026-03-17 16:00:00,1706.34,1715.68,1699.67,1704.84
1773766800,2026-03-17 17:00:00,1704.65,1707.87,1675.17,1690.33
1773770400,2026-03-17 18:00:00,1689.99,1696.53,1652.84,1657.9
1773774000,2026-03-17 19:00:00,1657.63,1674.52,1647.96,1651.24
1773777600,2026-03-17 20:00:00,1651.25,1654.6,1628.96,1630
1773781200,2026-03-17 21:00:00,1629.89,1640.04,1615.58,1628.68
1773784800,2026-03-17 22:00:00,1628.53,1644.49,1620.02,1636.39
1773788400,2026-03-17 23:00:00,1636.65,1651.3,1628.95,1648.89
1773792000,2026-03-18 00:00:00,1649.03,1657.7,1633.71,1642.18
1773795600,2026-03-18 01:00:00,1642.52,1676.79,1636.42,1661.9
1773799200,2026-03-18 02:00:00,1662.25,1671.74,1654.2,1658.57
1773802800,2026-03-18 03:00:00,1658.31,1684.43,1657.14,1677.96
1773806400,2026-03-18 04:00:00,1678.12,1684.86,1666.34,1680.27
1773810000,2026-03-18 05:00:00,1680.34,1696.68,1654.09,1662.48
1773813600,2026-03-18 06:00:00,1662.49,1686.08,1661.63,1665.78
1773817200,2026-03-18 07:00:00,1665.74,1673.79,1657.65,1666.35
1773820800,2026-03-18 08:00:00,1666.21,1678.34,1655.67,1678.34
1773824400,2026-03-18 09:00:00,1678.34,1680.83,1661.21,1677.32
1773828000,2026-03-18 10:00:00,1677.76,1702.77,1675.47,1682.63
1773831600,2026-03-18 11:00:00,1682.67,1707.02,1671.88,1706.65
1773835200,2026-03-18 12:00:00,1706.53,1726.76,1700.19,1724.75
1773838800,2026-03-18 13:00:00,1724.86,1741.01,1719.36,1728.73
1773842400,2026-03-18 14:00:00,1728.74,1737.53,1689.79,1707.81
1773846000,2026-03-18 15:00:00,1707.47,1719.34,1704.38,1712.13
1773849600,2026-03-18 16:00:00,1711.92,1728.02,1704.67,1716.15
1773853200,2026-03-18 17:00:00,1716.31,1716.39,1689.61,1708.73
1773856800,2026-03-18 18:00:00,1708.56,1740.23,1701.42,1721.17
1773860400,2026-03-18 19:00:00,1721.36,1732.83,1712.13,1727.95
1773864000,2026-03-18 20:00:00,1727.98,1740.38,1722.28,1726.7
1773867600,2026-03-18 21:00:00,1726.47,1736.22,1688.67,1697
1773871200,2026-03-18 22:00:00,1697.11,1709.21,1680.74,1692.67
1773874800,2026-03-18 23:00:00,1693.17,1720.63,1691.96,1715.75
1773878400,2026-03-19 00:00:00,1715.87,1718.54,1700.73,1704.21
1773882000,2026-03-19 01:00:00,1704.34,1717.56,1690.22,1690.83
1773885600,2026-03-19 02:00:00,1690.65,1705.01,1670.82,1673.57
1773889200,2026-03-19 03:00:00,1673.9,1682.42,1654.31,1662.48
1773892800,2026-03-19 04:00:00,1662.86,1679.06,1640.18,1677.35
1773896400,2026-03-19 05:00:00,1677.47,1685.08,1655.36,1659.7
1773900000,2026-03-19 06:00:00,1660.18,1671.69,1654.28,1664.1
1773903600,2026-03-19 07:00:00,1664.46,1676.62,1656.3,1659.25
1773907200,2026-03-19 08:00:00,1659.48,1681.31,1651.87,1678.61
1773910800,2026-03-19 09:00:00,1678.62,1681.63,1665.35,1670.11
1773914400,2026-03-19 10:00:00,1670.44,1683.52,1660.5,1676.19
1773918000,2026-03-19 11:00:00,1676.92,1696.55,1665.6,1666.71
1773921600,2026-03-19 12:00:00,1666.33,1673.82,1633.39,1635.33
1773925200,2026-03-19 13:00:00,1635.51,1652.67,1615.23,1618.23
1773928800,2026-03-19 14:00:00,1618.42,1623.64,1585.18,1589.59
1773932400,2026-03-19 15:00:00,1589.79,1603.28,1586.12,1602.02
1773936000,2026-03-19 16:00:00,1601.92,1628.98,1591.84,1623.99
1773939600,2026-03-19 17:00:00,1624.61,1626.43,1606.8,1618.98
1773943200,2026-03-19 18:00:00,1619.33,1621.67,1599.93,1602.57
1773946800,2026-03-19 19:00:00,1602.78,1614.85,1592.56,1611.91
1773950400,2026-03-19 20:00:00,1612.01,1615.33,1588.99,1604.24
1773954000,2026-03-19 21:00:00,1604.27,1610.82,1596.98,1601.55
1773957600,2026-03-19 22:00:00,1601.94,1631.1,1599.84,1623.64
1773961200,2026-03-19 23:00:00,1623.26,1643.04,1621.58,1639.05
1773964800,2026-03-20 00:00:00,1639.28,1655.32,1625.98,1630.3
1773968400,2026-03-20 01:00:00,1630.68,1653.11,1627.65,1644.84
1773972000,2026-03-20 02:00:00,1644.97,1653.35,1631.78,1650.18
1773975600,2026-03-20 03:00:00,1650.08,1669.48,1641.44,1657.81
1773979200,2026-03-20 04:00:00,1657.79,1665.31,1642.81,1665.31
1773982800,2026-03-20 05:00:00,1665.5,1677.37,1654.34,1655.55
1773986400,2026-03-20 06:00:00,1655.37,1662.58,1638.63,1652.09
1773990000,2026-03-20 07:00:00,1652.63,1671.72,1650.65,1660.08
1773993600,2026-03-20 08:00:00,1660.39,1660.48,1621.14,1626.27
1773997200,2026-03-20 09:00:00,1626.07,1630.07,1613.07,1620.04
1774000800,2026-03-20 10:00:00,1620.51,1659.24,1614.67,1656.22
1774004400,2026-03-20 11:00:00,1655.78,1674.59,1653.24,1674.59
1774008000,2026-03-20 12:00:00,1674.9,1678.74,1661.59,1668.9
1774011600,2026-03-20 13:00:00,1669.4,1673.75,1657.06,1665.5
1774015200,2026-03-20 14:00:00,1665.59,1670.28,1643.8,1650.48
1774018800,2026-03-20 15:00:00,1650.22,1676.33,1639.42,1664.3
1774022400,2026-03-20 16:00:00,1664.34,1680.82,1658.46,1664.49
1774026000,2026-03-20 17:00:00,1664.23,1668.03,1643.12,1653.05
1774029600,2026-03-20 18:00:00,1653.19,1653.19,1634.52,1639.5
1774033200,2026-03-20 19:00:00,1640.27,1645.96,1623.11,1632.5
1774036800,2026-03-20 20:00:00,1632.86,1634.87,1607.84,1610.12
1774040400,2026-03-20 21:00:00,1610.09,1619.78,1593.95,1595.25
1774044000,2026-03-20 22:00:00,1594.82,1606.79,1583.28,1597.16
1774047600,2026-03-20 23:00:00,1597.23,1620.32,1586.66,1614.59
1774051200,2026-03-21 00:00:00,1614.37,1618.13,1597.63,1606.1
1774054800,2026-03-21 01:00:00,1606.37,1616.62,1582.46,1582.73
1774058400,2026-03-21 02:00:00,1582.94,1588.03,1557.45,1559.26
1774062000,2026-03-21 03:00:00,1559.27,1565.78,1524.29,1524.67
1774065600,2026-03-21 04:00:00,1525.07,1547.25,1517.56,1539.47
1774069200,2026-03-21 05:00:00,1539.36,1551.75,1527.34,1533.21
1774072800,2026-03-21 06:00:00,1533.26,1550.77,1531.33,1536.69
1774076400,2026-03-21 07:00:00,1536.54,1547.54,1527.95,1545.96
1774080000,2026-03-21 08:00:00,1545.72,1568.93,1539.79,1565.46
1774083600,2026-03-21 09:00:00,1565.45,1566.31,1536.55,1538.1
1774087200,2026-03-21 10:00:00,1538.15,1547.57,1528.1,1540.54
1774090800,2026-03-21 11:00:00,1540.63,1562.5,1535.93,1556.17
1774094400,2026-03-21 12:00:00,1556.14,1565.41,1536.7,1538.34
1774098000,2026-03-21 13:00:00,1538.02,1539.18,1498.23,1507.43
1774101600,2026-03-21 14:00:00,1507.43,1510.98,1493.66,1496.44
1774105200,2026-03-21 15:00:00,1496.42,1512.62,1487.71,1490.53
1774108800,2026-03-21 16:00:00,1490.62,1498.35,1483.53,1491.44
1774112400,2026-03-21 17:00:00,1491.65,1514.22,1487.4,1501.34
1774116000,2026-03-21 18:00:00,1501.4,1519.62,1485.94,1489.97
1774119600,2026-03-21 19:00:00,1490.21,1508.7,1489.56,1501.67
1774123200,2026-03-21 20:00:00,1501.76,1519.12,1493.1,1517.89
1774126800,2026-03-21 21:00:00,1518.01,1538.86,1509.03,1534.22
1774130400,2026-03-21 22:00:00,1534.26,1538.12,1503.4,1506.32
1774134000,2026-03-21 23:00:00,1506.35,1542.37,1505.51,1535.16
1774137600,2026-03-22 00:00:00,1535.2,1545.8,1525.98,1533.43
1774141200,2026-03-22 01:00:00,1533.16,1552.8,1526.99,1528.45
1774144800,2026-03-22 02:00:00,1529.04,1566.74,1526.78,1565.37
1774148400,2026-03-22 03:00:00,1565.41,1573.45,1547.63,1569.94
1774152000,2026-03-22 04:00:00,1569.95,1581.6,1561.23,1573.33
1774155600,2026-03-22 05:00:00,1573.16,1576.64,1556.28,1560.55
1774159200,2026-03-22 06:00:00,1560.85,1580.38,1555.16,1577.78
1774162800,2026-03-22 07:00:00,1578.13,1599.63,1576.12,1579.61
1774166400,2026-03-22 08:00:00,1579.68,1582,1554.99,1560
1774170000,2026-03-22 09:00:00,1559.99,1561.29,1525.74,1529.62
1774173600,2026-03-22 10:00:00,1529.4,1536.77,1503.34,1526.67
1774177200,2026-03-22 11:00:00,1526.81,1532.62,1516.71,1520.21
1774180800,2026-03-22 12:00:00,1520.3,1523.72,1495.73,1517.82
1774184400,2026-03-22 13:00:00,1517.6,1517.6,1490.89,1500.51
1774188000,2026-03-22 14:00:00,1500.85,1511.73,1476.43,1476.92
1774191600,2026-03-22 15:00:00,1476.83,1487.9,1474.35,1478.64
1774195200,2026-03-22 16:00:00,1478.95,1492.69,1470.25,1472.65
1774198800,2026-03-22 17:00:00,1472.48,1475.39,1444.38,1446.44
1774202400,2026-03-22 18:00:00,1446.07,1457.38,1430.77,1448.94
1774206000,2026-03-22 19:00:00,1448.99,1453.83,1435.85,1437.82
1774209600,2026-03-22 20:00:00,1437.52,1439.85,1414.34,1425.57
1774213200,2026-03-22 21:00:00,1425.17,1428.97,1399.69,1414.55
1774216800,2026-03-22 22:00:00,1414.34,1423.88,1401.8,1402.96
1774220400,2026-03-22 23:00:00,1403.23,1412.05,1388.23,1408.71
1774224000,2026-03-23 00:00:00,1408.75,1408.86,1381.27,1385.1
1774227600,2026-03-23 01:00:00,1385.32,1392.13,1378.89,1380
1774231200,2026-03-23 02:00:00,1379.98,1392.86,1372.1,1374.46
1774234800,2026-03-23 03:00:00,1374.89,1378.76,1357.63,1371.66
1774238400,2026-03-23 04:00:00,1371.92,1372.95,1355.33,1361.61
1774242000,2026-03-23 05:00:00,1361.84,1363.99,1351.36,1359.88
1774245600,2026-03-23 06:00:00,1359.74,1363.3,1340.89,1345.79
1774249200,2026-03-23 07:00:00,1346,1358.75,1339.22,1351.43
1774252800,2026-03-23 08:00:00,1351.9,1356.84,1337.83,1344.75
1774256400,2026-03-23 09:00:00,1344.56,1355.94,1339.04,1343.14
1774260000,2026-03-23 10:00:00,1343.38,1359.46,1343.18,1357.14
1774263600,2026-03-23 11:00:00,1356.84,1358.25,1342.39,1354.56
1774267200,2026-03-23 12:00:00,1354.42,1375,1350.97,1362.66
1774270800,2026-03-23 13:00:00,1362.9,1370.67,1355.05,1369.37
1774274400,2026-03-23 14:00:00,1369.51,1370.89,1340.3,1349.11
1774278000,2026-03-23 15:00:00,1348.96,1378.01,1344.78,1360.5
1774281600,2026-03-23 16:00:00,1360.35,1360.83,1332.46,1335.27
1774285200,2026-03-23 17:00:00,1335.47,1338.67,1320.73,1334.05
1774288800,2026-03-23 18:00:00,1334.06,1341.63,1332.69,1338.51
1774292400,2026-03-23 19:00:00,1338.6,1340.06,1306.77,1308.23
1774296000,2026-03-23 20:00:00,1308.34,1310.4,1286.67,1297.01
1774299600,2026-03-23 21:00:00,1296.84,1313.45,1294.66,1310.88
1774303200,2026-03-23 22:00:00,1310.68,1319.56,1296,1299.12
1774306800,2026-03-23 23:00:00,1298.72,1300.73,1282.79,1285.64
1774310400,2026-03-24 00:00:00,1285.68,1299.69,1283.4,1293.44
1774314000,2026-03-24 01:00:00,1293.76,1294.41,1272.38,1276.68
1774317600,2026-03-24 02:00:00,1276.86,1291.37,1271.53,1284.93
1774321200,2026-03-24 03:00:00,1284.61,1297.97,1282.79,1285.21
1774324800,2026-03-24 04:00:00,1284.93,1320.16,1284.7,1318.1
1774328400,2026-03-24 05:00:00,1318.29,1326.39,1308.55,1319.13
1774332000,2026-03-24 06:00:00,1319.4,1347.34,1316.82,1342.27
1774335600,2026-03-24 07:00:00,1342.12,1353.08,1323.27,1351.89
1774339200,2026-03-24 08:00:00,1351.92,1356.74,1327.73,1330.99
1774342800,2026-03-24 09:00:00,1331.06,1347.22,1328.12,1330.08
1774346400,2026-03-24 10:00:00,1329.85,1340.27,1324.87,1332.58
1774350000,2026-03-24 11:00:00,1332.6,1339.5,1320.48,1335.64
1774353600,2026-03-24 12:00:00,1335.47,1351.06,1333.24,1347.4
1774357200,2026-03-24 13:00:00,1347.01,1353.55,1330.68,1330.91
1774360800,2026-03-24 14:00:00,1330.8,1348.88,1327.13,1343.69
1774364400,2026-03-24 15:00:00,1343.74,1360.18,1331.39,1332.55
1774368000,2026-03-24 16:00:00,1332.06,1333.18,1307.11,1310.05
1774371600,2026-03-24 17:00:00,1310.07,1321.81,1305.49,1308.08
1774375200,2026-03-24 18:00:00,1308.17,1308.79,1275.31,1287.84
1774378800,2026-03-24 19:00:00,1288.14,1300.44,1278.53,1279.33
1774382400,2026-03-24 20:00:00,1279.51,1292.16,1269.29,1290.48
1774386000,2026-03-24 21:00:00,1290.46,1291.01,1271.43,1274.73
1774389600,2026-03-24 22:00:00,1274.97,1278.48,1259.48,1263.32
1774393200,2026-03-24 23:00:00,1263.21,1263.3,1237.85,1240.9
1774396800,2026-03-25 00:00:00,1241.14,1244.56,1231.71,1243.3
1774400400,2026-03-25 01:00:00,1242.97,1245.47,1225.83,1227.65
1774404000,2026-03-25 02:00:00,1227.74,1255.23,1226.79,1249.64
1774407600,2026-03-25 03:00:00,1249.77,1251.88,1237.79,1243.1
1774411200,2026-03-25 04:00:00,1243.02,1255.54,1236.86,1250.97
1774414800,2026-03-25 05:00:00,1250.75,1251.55,1235.48,1246.88
1774418400,2026-03-25 06:00:00,1246.94,1248.73,1221,1221.56
1774422000,2026-03-25 07:00:00,1221.48,1225.4,1211.35,1219.89
1774425600,2026-03-25 08:00:00,1220.01,1232.8,1211.18,1223.54
1774429200,2026-03-25 09:00:00,1223.21,1225.97,1196.85,1209.73
1774432800,2026-03-25 10:00:00,1209.89,1229.02,1207.27,1209.55
1774436400,2026-03-25 11:00:00,1209.62,1219.59,1205.83,1215.54
1774440000,2026-03-25 12:00:00,1215.61,1219.55,1203.86,1218.84
1774443600,2026-03-25 13:00:00,1218.74,1223.99,1210.72,1216.69
1774447200,2026-03-25 14:00:00,1216.72,1220.95,1206.03,1215.49
1774450800,2026-03-25 15:00:00,1215.12,1229.58,1210.05,1220.13
1774454400,2026-03-25 16:00:00,1220.07,1234.05,1211.13,1224.87
1774458000,2026-03-25 17:00:00,1225.07,1225.73,1195.44,1201.69
1774461600,2026-03-25 18:00:00,1201.29,1218.78,1196.23,1212.45
1774465200,2026-03-25 19:00:00,1212.27,1212.3,1189.85,1203.43
1774468800,2026-03-25 20:00:00,1203.35,1203.36,1185.58,1194.79
1774472400,2026-03-25 21:00:00,1194.61,1202.08,1180.77,1185.88
1774476000,2026-03-25 22:00:00,1185.59,1188.93,1164.68,1166.25
1774479600,2026-03-25 23:00:00,1166.24,1181.35,1165.4,1178.69
1774483200,2026-03-26 00:00:00,1178.69,1182.07,1168.98,1176.87
1774486800,2026-03-26 01:00:00,1176.85,1190.7,1168.84,1187.65
1774490400,2026-03-26 02:00:00,1187.62,1190.22,1173.59,1176.27
1774494000,2026-03-26 03:00:00,1176.29,1190.18,1169.94,1173.28
1774497600,2026-03-26 04:00:00,1173.28,1180.34,1160.54,1166.69
1774501200,2026-03-26 05:00:00,1166.91,1194.29,1161.89,1194.21
1774504800,2026-03-26 06:00:00,1194.18,1195.07,1167.43,1171.18
1774508400,2026-03-26 07:00:00,1171.31,1179.12,1155.36,1173.52
1774512000,2026-03-26 08:00:00,1173.84,1178.59,1161.7,1162.25
1774515600,2026-03-26 09:00:00,1162.16,1170.84,1153.87,1165.72
1774519200,2026-03-26 10:00:00,1165.65,1166.58,1149.84,1165.67
1774522800,2026-03-26 11:00:00,1165.43,1179.97,1164.28,1177.7
1774526400,2026-03-26 12:00:00,1177.73,1182.45,1174.82,1181.08
1774530000,2026-03-26 13:00:00,1181.14,1181.44,1165.91,1167.17
1774533600,2026-03-26 14:00:00,1167.15,1171.49,1158.24,1168.68
1774537200,2026-03-26 15:00:00,1168.85,1182.07,1166.73,1172.16
1774540800,2026-03-26 16:00:00,1172.03,1175.82,1156.2,1164.65
1774544400,2026-03-26 17:00:00,1164.66,1177.43,1164,1172.11
1774548000,2026-03-26 18:00:00,1172.2,1180.85,1170.33,1176.1
1774551600,2026-03-26 19:00:00,1175.69,1186.29,1173.13,1183.6
1774555200,2026-03-26 20:00:00,1183.72,1184.76,1168.74,1174.92
1774558800,2026-03-26 21:00:00,1175.17,1191.75,1174.48,1191.04
1774562400,2026-03-26 22:00:00,1190.9,1196.42,1178.47,1189.84
1774566000,2026-03-26 23:00:00,1189.74,1205.64,1179.23,1204.36
1774569600,2026-03-27 00:00:00,1204.23,1211.66,1192.23,1203.86
1774573200,2026-03-27 01:00:00,1204.06,1208.11,1190.26,1194.81
1774576800,2026-03-27 02:00:00,1194.86,1207.18,1193.07,1198.16
1774580400,2026-03-27 03:00:00,1198.39,1214.38,1188.52,1213.99
1774584000,2026-03-27 04:00:00,1213.92,1217.81,1203.33,1216.04
1774587600,2026-03-27 05:00:00,1216.05,1230.33,1205.87,1226.16
1774591200,2026-03-27 06:00:00,1226.27,1242.66,1224.54,1231.48
1774594800,2026-03-27 07:00:00,1231.28,1237.47,1223.03,1228.97
1774598400,2026-03-27 08:00:00,1228.51,1230.43,1217.79,1221.55
1774602000,2026-03-27 09:00:00,1221.15,1221.87,1196.75,1204.67
1774605600,2026-03-27 10:00:00,1204.85,1221.56,1203.48,1210.1
1774609200,2026-03-27 11:00:00,1210.07,1212.69,1195.1,1203.66
1774612800,2026-03-27 12:00:00,1203.76,1213.54,1192.04,1201.26
1774616400,2026-03-27 13:00:00,1201.36,1203.96,1192.91,1198.21
1774620000,2026-03-27 14:00:00,1198.22,1204.43,1182.51,1188.07
1774623600,2026-03-27 15:00:00,1187.92,1193.23,1169.04,1181.24
1774627200,2026-03-27 16:00:00,1181.29,1184.52,1165.84,1167.27
1774630800,2026-03-27 17:00:00,1167.06,1178.87,1161.35,1165.11
1774634400,2026-03-27 18:00:00,1164.82,1180.48,1164.57,1174.8
1774638000,2026-03-27 19:00:00,1174.86,1188.45,1171.78,1183.85
1774641600,2026-03-27 20:00:00,1183.65,1194.44,1174.19,1175.91
1774645200,2026-03-27 21:00:00,1175.67,1191.7,1174.61,1190.7
1774648800,2026-03-27 22:00:00,1190.8,1224.69,1184.31,1220
1774652400,2026-03-27 23:00:00,1219.82,1227.08,1196.13,1196.19
1774656000,2026-03-28 00:00:00,1196.3,1203.58,1188.11,1199.74
1774659600,2026-03-28 01:00:00,1199.28,1201.04,1179.86,1194.42
1774663200,2026-03-28 02:00:00,1194.65,1213.34,1188.7,1205.81
1774666800,2026-03-28 03:00:00,1206.24,1222.09,1200.73,1221.43
1774670400,2026-03-28 04:00:00,1221.36,1225.72,1206.14,1221.16
1774674000,2026-03-28 05:00:00,1221.07,1221.93,1206.7,1211.11
1774677600,2026-03-28 06:00:00,1210.78,1217.53,1201.18,1207.74
1774681200,2026-03-28 07:00:00,1207.87,1225.04,1196.01,1213.72
1774684800,2026-03-28 08:00:00,1213.51,1222.55,1201.02,1217.8
1774688400,2026-03-28 09:00:00,1217.62,1235.34,1216.38,1221.3
1774692000,2026-03-28 10:00:00,1221.12,1244.4,1215.81,1239.92
1774695600,2026-03-28 11:00:00,1239.92,1268.4,1237.29,1267.27
1774699200,2026-03-28 12:00:00,1267.28,1267.86,1240.33,1244.33
1774702800,2026-03-28 13:00:00,1244.73,1244.94,1225.48,1230.68
1774706400,2026-03-28 14:00:00,1230.92,1242.59,1228.79,1233.17
1774710000,2026-03-28 15:00:00,1233.46,1244.34,1225.1,1241.1
1774713600,2026-03-28 16:00:00,1241.07,1251.23,1232.12,1244.47
1774717200,2026-03-28 17:00:00,1244.36,1259.31,1244.32,1256.03
1774720800,2026-03-28 18:00:00,1255.69,1259.22,1239.17,1256.16
1774724400,2026-03-28 19:00:00,1256.17,1259.19,1234.56,1246.35
1774728000,2026-03-28 20:00:00,1246.22,1251.21,1236.78,1245.71
1774731600,2026-03-28 21:00:00,1245.6,1246.94,1215.9,1223.05
1774735200,2026-03-28 22:00:00,1223.05,1248.21,1215.28,1247.42
1774738800,2026-03-28 23:00:00,1247.62,1249.08,1215.35,1216.83
1774742400,2026-03-29 00:00:00,1216.9,1217.36,1193.86,1205.07
1774746000,2026-03-29 01:00:00,1204.73,1215.7,1191.45,1193.52
1774749600,2026-03-29 02:00:00,1193.37,1201.56,1187.32,1189.45
1774753200,2026-03-29 03:00:00,1189.46,1208.2,1182.61,1207.76
1774756800,2026-03-29 04:00:00,1208.08,1208.59,1187.21,1188.07
1774760400,2026-03-29 05:00:00,1187.91,1214.2,1180.63,1213.22
1774764000,2026-03-29 06:00:00,1213.46,1237.15,1212.49,1229.76
1774767600,2026-03-29 07:00:00,1229.6,1231.74,1213.18,1220.33
1774771200,2026-03-29 08:00:00,1220.22,1243.57,1212.78,1238.98
1774774800,2026-03-29 09:00:00,1238.78,1243.95,1226.27,1230.68
1774778400,2026-03-29 10:00:00,1230.42,1232.93,1194.35,1194.7
1774782000,2026-03-29 11:00:00,1194.97,1201.63,1188.05,1198.57
1774785600,2026-03-29 12:00:00,1198.92,1202.05,1185.45,1186.95
1774789200,2026-03-29 13:00:00,1187.19,1208.04,1184.7,1204.52
1774792800,2026-03-29 14:00:00,1204.53,1206.87,1176.85,1192.92
1774796400,2026-03-29 15:00:00,1192.86,1196.32,1176.91,1187.99
1774800000,2026-03-29 16:00:00,1187.48,1196.61,1177.19,1178.48
1774803600,2026-03-29 17:00:00,1178.4,1182.26,1167.04,1169.69
1774807200,2026-03-29 18:00:00,1169.63,1170.27,1139.46,1141.48
1774810800,2026-03-29 19:00:00,1141.68,1169.22,1136.76,1168.81
1774814400,2026-03-29 20:00:00,1168.81,1186.92,1167.89,1182.86
1774818000,2026-03-29 21:00:00,1182.92,1184.18,1161.16,1176.93
1774821600,2026-03-29 22:00:00,1176.96,1184.24,1161.77,1173.15
1774825200,2026-03-29 23:00:00,1173.13,1193.79,1170.89,1185.95
1774828800,2026-03-30 00:00:00,1186.01,1192.3,1170.22,1191.42
1774832400,2026-03-30 01:00:00,1191.43,1194.52,1177.24,1194.52
1774836000,2026-03-30 02:00:00,1194.55,1197.44,1184.32,1189.33
1774839600,2026-03-30 03:00:00,1189.25,1206.02,1185.31,1201.61
1774843200,2026-03-30 04:00:00,1201.87,1203.8,1185.69,1192.99
1774846800,2026-03-30 05:00:00,1193.28,1194.72,1176.59,1184.6
1774850400,2026-03-30 06:00:00,1185.09,1186.1,1166.88,1169.97
1774854000,2026-03-30 07:00:00,1169.47,1173.04,1157.51,1163.54
1774857600,2026-03-30 08:00:00,1163.74,1168.74,1139.17,1146.73
1774861200,2026-03-30 09:00:00,1146.75,1153.14,1140.33,1147.16
1774864800,2026-03-30 10:00:00,1147.06,1158.17,1146.69,1151.29
1774868400,2026-03-30 11:00:00,1151.29,1152.61,1129.67,1130.71
1774872000,2026-03-30 12:00:00,1130.84,1133.07,1121.5,1127.87
1774875600,2026-03-30 13:00:00,1128.13,1138.89,1126.83,1137.72
1774879200,2026-03-30 14:00:00,1137.73,1142.62,1126.09,1135.2
1774882800,2026-03-30 15:00:00,1134.59,1167.06,1134.32,1155.93
1774886400,2026-03-30 16:00:00,1156,1166.08,1154.26,1163.15
1774890000,2026-03-30 17:00:00,1163.21,1167.43,1157.15,1160.81
1774893600,2026-03-30 18:00:00,1160.85,1171.75,1158.62,1168.72
1774897200,2026-03-30 19:00:00,1168.47,1184.47,1166.06,1171.69
1774900800,2026-03-30 20:00:00,1171.56,1171.86,1136.6,1141.52
1774904400,2026-03-30 21:00:00,1141.13,1156.74,1135.87,1155.93
1774908000,2026-03-30 22:00:00,1155.24,1181.53,1152.21,1179.95
1774911600,2026-03-30 23:00:00,1179.85,1190.1,1170.37,1190.06
1774915200,2026-03-31 00:00:00,1189.92,1191.55,1171.22,1173.42
1774918800,2026-03-31 01:00:00,1173.65,1188.31,1167.07,1182.68
1774922400,2026-03-31 02:00:00,1182.52,1197.36,1181.35,1191.02
1774926000,2026-03-31 03:00:00,1191.21,1213.34,1190.2,1203.19
1774929600,2026-03-31 04:00:00,1203.34,1213.26,1182.68,1185.52
1774933200,2026-03-31 05:00:00,1185.71,1195.66,1179.58,1182.43
1774936800,2026-03-31 06:00:00,1182.28,1182.76,1170.38,1173.13
1774940400,2026-03-31 07:00:00,1172.98,1184,1162.62,1163.72
1774944000,2026-03-31 08:00:00,1163.86,1169.75,1153.11,1153.89
1774947600,2026-03-31 09:00:00,1153.51,1164.22,1149.75,1164.22
1774951200,2026-03-31 10:00:00,1164.24,1187.56,1161.02,1185.79
1774954800,2026-03-31 11:00:00,1185.88,1193.63,1163.23,1173.66
1774958400,2026-03-31 12:00:00,1173.44,1205.8,1170.98,1204.81
1774962000,2026-03-31 13:00:00,1204.6,1225.41,1201.82,1224.25
1774965600,2026-03-31 14:00:00,1224.5,1245.26,1223.16,1235.97
1774969200,2026-03-31 15:00:00,1235.77,1239.28,1225.87,1233.29
1774972800,2026-03-31 16:00:00,1233.26,1235.66,1215.1,1219.28
1774976400,2026-03-31 17:00:00,1218.97,1229.3,1208.06,1214.3
1774980000,2026-03-31 18:00:00,1214.42,1227.22,1206.43,1225.82
1774983600,2026-03-31 19:00:00,1226.01,1228.86,1210.68,1219.27
1774987200,2026-03-31 20:00:00,1219.55,1227.47,1217.66,1224.14
1774990800,2026-03-31 21:00:00,1224.48,1232.37,1218.97,1221.44
1774994400,2026-03-31 22:00:00,1221.39,1230.56,1218.73,1221.73
1774998000,2026-03-31 23:00:00,1221.95,1222.37,1207.8,1222.34
1775001600,2026-04-01 00:00:00,1222.4,1222.44,1202.36,1217.18
1775005200,2026-04-01 01:00:00,1217.36,1227.71,1210.81,1226.4
1775008800,2026-04-01 02:00:00,1226.04,1234.56,1215.91,1231.98
1775012400,2026-04-01 03:00:00,1231.95,1232.67,1199.16,1199.42
1775016000,2026-04-01 04:00:00,1199.61,1210.46,1198.24,1202.17
1775019600,2026-04-01 05:00:00,1202.17,1212.49,1188.85,1194.46
1775023200,2026-04-01 06:00:00,1194.51,1214.8,1187.36,1208.45
1775026800,2026-04-01 07:00:00,1208.37,1224.16,1201.04,1212.96
1775030400,2026-04-01 08:00:00,1212.92,1232.74,1210.51,1231.69
1775034000,2026-04-01 09:00:00,1231.81,1252.26,1224.49,1251.88
1775037600,2026-04-01 10:00:00,1251.9,1255,1235.29,1239.44
1775041200,2026-04-01 11:00:00,1239.54,1239.9,1222.26,1228.95
1775044800,2026-04-01 12:00:00,1229.06,1240.3,1223.01,1224.01
1775048400,2026-04-01 13:00:00,1223.98,1232.35,1215.04,1222.96
1775052000,2026-04-01 14:00:00,1222.8,1232.15,1218.4,1227.74
1775055600,2026-04-01 15:00:00,1227.79,1235.64,1217.65,1229.48
1775059200,2026-04-01 16:00:00,1229.44,1237.19,1225.2,1230.15
1775062800,2026-04-01 17:00:00,1230.26,1241.58,1224.38,1232.02
1775066400,2026-04-01 18:00:00,1231.99,1267.28,1226.26,1262.36
1775070000,2026-04-01 19:00:00,1262.35,1267.7,1254.84,1265.47
1775073600,2026-04-01 20:00:00,1265.26,1267.87,1252.82,1255.16
1775077200,2026-04-01 21:00:00,1255.31,1273.12,1250.61,1272.18
1775080800,2026-04-01 22:00:00,1272.05,1277.6,1263.27,1273.56
1775084400,2026-04-01 23:00:00,1273.05,1283.23,1266.98,1268.84
1775088000,2026-04-02 00:00:00,1268.79,1271.5,1259.73,1268.81
1775091600,2026-04-02 01:00:00,1268.71,1269.16,1252.12,1257.7
1775095200,2026-04-02 02:00:00,1257.74,1268.75,1252.11,1265.46
1775098800,2026-04-02 03:00:00,1264.94,1266.45,1249.21,1266.45
1775102400,2026-04-02 04:00:00,1266.27,1280.26,1261.15,1267.2
1775106000,2026-04-02 05:00:00,1267.34,1275.89,1257.55,1258.31
1775109600,2026-04-02 06:00:00,1258.48,1262.97,1248.96,1254.5
1775113200,2026-04-02 07:00:00,1254.44,1264.24,1249.2,1258.01
1775116800,2026-04-02 08:00:00,1257.91,1263.7,1242.17,1252.25
1775120400,2026-04-02 09:00:00,1252.31,1261.73,1235.42,1237.09
1775124000,2026-04-02 10:00:00,1236.62,1245.9,1215.37,1225.96
1775127600,2026-04-02 11:00:00,1226.21,1243.26,1216.37,1234.6
1775131200,2026-04-02 12:00:00,1234.47,1255.15,1233.5,1239.38
1775134800,2026-04-02 13:00:00,1239.43,1258.39,1225.9,1254.16
1775138400,2026-04-02 14:00:00,1254.35,1264.57,1251.81,1257.08
1775142000,2026-04-02 15:00:00,1257.2,1274.74,1253.07,1260.35
1775145600,2026-04-02 16:00:00,1260.53,1277.94,1252.74,1269.54
1775149200,2026-04-02 17:00:00,1269.88,1271.94,1250.15,1263.4
1775152800,2026-04-02 18:00:00,1262.86,1268.61,1248.63,1251.27
1775156400,2026-04-02 19:00:00,1250.98,1265.02,1246.02,1261.51
1775160000,2026-04-02 20:00:00,1261.45,1275.48,1260.59,1267.62
1775163600,2026-04-02 21:00:00,1267.4,1279.8,1261.02,1273.69
1775167200,2026-04-02 22:00:00,1273.39,1273.86,1253.02,1267.14
1775170800,2026-04-02 23:00:00,1267.23,1284.6,1256.14,1283.99
1775174400,2026-04-03 00:00:00,1284.14,1298.57,1277.56,1297.78
1775178000,2026-04-03 01:00:00,1297.9,1301.07,1279.02,1281.83
1775181600,2026-04-03 02:00:00,1281.92,1305.26,1277.65,1302.03
1775185200,2026-04-03 03:00:00,1302.43,1305.16,1274.87,1283.56
1775188800,2026-04-03 04:00:00,1283.28,1294.71,1281.82,1283.77
1775192400,2026-04-03 05:00:00,1283.26,1295.92,1274.38,1277.36
1775196000,2026-04-03 06:00:00,1277.49,1277.49,1255.53,1258.86
1775199600,2026-04-03 07:00:00,1258.87,1275.42,1255.65,1257.03
1775203200,2026-04-03 08:00:00,1256.98,1273.96,1254.19,1268.64
1775206800,2026-04-03 09:00:00,1268.08,1277.71,1262.63,1274.17
1775210400,2026-04-03 10:00:00,1274.11,1276.88,1261.52,1263.13
1775214000,2026-04-03 11:00:00,1263.01,1270.92,1254,1259.63
1775217600,2026-04-03 12:00:00,1260.01,1262.22,1250.21,1255.29
1775221200,2026-04-03 13:00:00,1255.47,1280.24,1251.6,1277.36
1775224800,2026-04-03 14:00:00,1277.18,1287.61,1267.28,1286.2
1775228400,2026-04-03 15:00:00,1285.98,1292.14,1269.5,1288.6
1775232000,2026-04-03 16:00:00,1288.33,1288.42,1271.25,1279.58
1775235600,2026-04-03 17:00:00,1279.33,1282.59,1254.09,1269.23
1775239200,2026-04-03 18:00:00,1269.16,1285.75,1256.53,1256.83
1775242800,2026-04-03 19:00:00,1257.07,1295.6,1255.16,1292.19
1775246400,2026-04-03 20:00:00,1291.95,1293.19,1256.71,1257.32
1775250000,2026-04-03 21:00:00,1257.37,1265.25,1250.75,1253.38
1775253600,2026-04-03 22:00:00,1253.68,1266.72,1244.59,1246.88
1775257200,2026-04-03 23:00:00,1246.68,1247.33,1227.06,1229.96
1775260800,2026-04-04 00:00:00,1230.31,1252.12,1229.91,1237.67
1775264400,2026-04-04 01:00:00,1237.72,1241.17,1222.95,1239.59
1775268000,2026-04-04 02:00:00,1239.73,1252.36,1237.68,1244.89
1775271600,2026-04-04 03:00:00,1244.88,1262.51,1242.19,1259.19
1775275200,2026-04-04 04:00:00,1259.33,1259.45,1240.74,1248.38
1775278800,2026-04-04 05:00:00,1248.45,1249.85,1234.13,1237.9
1775282400,2026-04-04 06:00:00,1237.75,1242.66,1215.48,1215.48
1775286000,2026-04-04 07:00:00,1215.3,1220.95,1192.76,1196.16
1775289600,2026-04-04 08:00:00,1196.14,1196.55,1172.44,1175.02
1775293200,2026-04-04 09:00:00,1174.82,1177.62,1164.89,1176.53
1775296800,2026-04-04 10:00:00,1176.32,1181.71,1166.32,1168.39
1775300400,2026-04-04 11:00:00,1168.72,1169.57,1155.62,1163.08
1775304000,2026-04-04 12:00:00,1162.89,1174.02,1157.65,1165.09
1775307600,2026-04-04 13:00:00,1165.08,1173.96,1155.21,1172.33
1775311200,2026-04-04 14:00:00,1172.29,1178.74,1161.27,1162.87
1775314800,2026-04-04 15:00:00,1162.8,1172.79,1159.9,1166.46
1775318400,2026-04-04 16:00:00,1166.52,1177.17,1159.75,1172.89
1775322000,2026-04-04 17:00:00,1173.05,1185.76,1171.28,1178.16
1775325600,2026-04-04 18:00:00,1178.64,1181.82,1164.82,1167.66
1775329200,2026-04-04 19:00:00,1168.04,1187.18,1165.78,1185.75
1775332800,2026-04-04 20:00:00,1186.06,1193.51,1182.34,1182.55
1775336400,2026-04-04 21:00:00,1182.48,1199.34,1179.55,1189.34
1775340000,2026-04-04 22:00:00,1189.28,1191.12,1176.84,1181.87
1775343600,2026-04-04 23:00:00,1181.97,1197.28,1176.31,1191.71
1775347200,2026-04-05 00:00:00,1191.75,1217.55,1190.81,1216.59
1775350800,2026-04-05 01:00:00,1216.29,1232.5,1210.01,1228.78
1775354400,2026-04-05 02:00:00,1228.84,1239.67,1224.18,1234.78
1775358000,2026-04-05 03:00:00,1234.89,1235.17,1220.93,1232.9
1775361600,2026-04-05 04:00:00,1232.42,1233.66,1210.92,1225.1
1775365200,2026-04-05 05:00:00,1225.03,1229.96,1211.08,1223.17
1775368800,2026-04-05 06:00:00,1222.99,1237.15,1221.7,1230.44
1775372400,2026-04-05 07:00:00,1230.58,1237.48,1225.17,1236.85
1775376000,2026-04-05 08:00:00,1236.92,1266.58,1229.49,1252.08
1775379600,2026-04-05 09:00:00,1252.54,1253.88,1221.96,1223.24
1775383200,2026-04-05 10:00:00,1223.11,1234.16,1213.2,1217.04
1775386800,2026-04-05 11:00:00,1217.1,1244.44,1215.88,1243.52
1775390400,2026-04-05 12:00:00,1243.59,1259.96,1235.78,1245.03
1775394000,2026-04-05 13:00:00,1244.75,1245.17,1208.39,1214.25
1775397600,2026-04-05 14:00:00,1214.21,1214.22,1193.44,1201.5
1775401200,2026-04-05 15:00:00,1200.79,1205.93,1187.48,1187.48
1775404800,2026-04-05 16:00:00,1187.28,1202.85,1186.68,1198.65
1775408400,2026-04-05 17:00:00,1198.85,1203.67,1192.85,1202.79
1775412000,2026-04-05 18:00:00,1202.99,1206.83,1188.66,1199.26
1775415600,2026-04-05 19:00:00,1199.45,1214.53,1194.19,1213.47
1775419200,2026-04-05 20:00:00,1213.68,1223.8,1209.63,1222.46
1775422800,2026-04-05 21:00:00,1222.6,1232.18,1216.09,1226.43
1775426400,2026-04-05 22:00:00,1226.5,1245.98,1225.42,1245.89
1775430000,2026-04-05 23:00:00,1245.66,1248.98,1234.12,1244.61
1775433600,2026-04-06 00:00:00,1244.56,1257.07,1240.57,1249.79
1775437200,2026-04-06 01:00:00,1249.85,1258.68,1239.99,1244.41
1775440800,2026-04-06 02:00:00,1244.64,1264.39,1241.84,1261.36
1775444400,2026-04-06 03:00:00,1261.11,1280.65,1260.87,1272.67
1775448000,2026-04-06 04:00:00,1272.68,1288.08,1272.09,1277.46
1775451600,2026-04-06 05:00:00,1277.52,1316.38,1276.44,1309.97
1775455200,2026-04-06 06:00:00,1309.61,1329.57,1297.31,1320.99
1775458800,2026-04-06 07:00:00,1320.77,1330.42,1315.37,1326.54
1775462400,2026-04-06 08:00:00,1326.18,1338.66,1320.94,1338.31
1775466000,2026-04-06 09:00:00,1338.36,1345.14,1314.04,1319.38
1775469600,2026-04-06 10:00:00,1319.13,1320.04,1302.05,1309.43
1775473200,2026-04-06 11:00:00,1309.49,1317.63,1301.23,1308.34
1775476800,2026-04-06 12:00:00,1308.09,1315.63,1295.04,1301.1
1775480400,2026-04-06 13:00:00,1300.84,1314.75,1288.4,1292.46
1775484000,2026-04-06 14:00:00,1291.9,1302.92,1277.75,1279.45
1775487600,2026-04-06 15:00:00,1279.62,1281.42,1257.09,1273.44
1775491200,2026-04-06 16:00:00,1273.48,1275.35,1257.52,1257.96
1775494800,2026-04-06 17:00:00,1258.35,1261.57,1236.58,1238.16
1775498400,2026-04-06 18:00:00,1238.04,1257.23,1235.55,1235.56
1775502000,2026-04-06 19:00:00,1235.25,1249.69,1223.98,1234.47
1775505600,2026-04-06 20:00:00,1234.47,1245.96,1225.45,1239.99
1775509200,2026-04-06 21:00:00,1240.32,1249.3,1234.25,1240.93
1775512800,2026-04-06 22:00:00,1240.77,1241.46,1223.79,1238.33
1775516400,2026-04-06 23:00:00,1238.54,1243.91,1218.11,1218.29
1775520000,2026-04-07 00:00:00,1218.45,1225.82,1203.54,1220.63
1775523600,2026-04-07 01:00:00,1220.69,1230.17,1217.44,1227.76
1775527200,2026-04-07 02:00:00,1227.94,1228.96,1207.89,1220.7
1775530800,2026-04-07 03:00:00,1220.86,1229.32,1208.82,1211
1775534400,2026-04-07 04:00:00,1210.71,1232.14,1208.18,1227.71
1775538000,2026-04-07 05:00:00,1227.6,1243.07,1220.95,1242.92
1775541600,2026-04-07 06:00:00,1243.1,1249.25,1234.68,1238.09
1775545200,2026-04-07 07:00:00,1237.99,1258.09,1235.82,1255.53
1775548800,2026-04-07 08:00:00,1255.28,1264.44,1250.41,1256.36
1775552400,2026-04-07 09:00:00,1256.74,1259.22,1247.52,1252.08
1775556000,2026-04-07 10:00:00,1252.26,1259.54,1248.5,1257.65
1775559600,2026-04-07 11:00:00,1257.92,1265.68,1247.21,1257.12
1775563200,2026-04-07 12:00:00,1256.6,1263.43,1250.97,1262.64
1775566800,2026-04-07 13:00:00,1262.75,1291.55,1259.87,1271.23
1775570400,2026-04-07 14:00:00,1271.24,1287.48,1269.26,1281.67
1775574000,2026-04-07 15:00:00,1281.48,1299.49,1280.89,1298.33
1775577600,2026-04-07 16:00:00,1298.7,1301.74,1284.5,1293.08
1775581200,2026-04-07 17:00:00,1293.1,1294.85,1281.78,1284.76
1775584800,2026-04-07 18:00:00,1284.79,1294.69,1267.54,1273.36
1775588400,2026-04-07 19:00:00,1273.34,1282.19,1264.14,1273.55
1775592000,2026-04-07 20:00:00,1273.66,1287.93,1270.67,1284.19
1775595600,2026-04-07 21:00:00,1284.36,1285.99,1259.36,1261.46
1775599200,2026-04-07 22:00:00,1261.58,1277.8,1256.72,1274.48
1775602800,2026-04-07 23:00:00,1274.67,1282.1,1265.57,1272.39
1775606400,2026-04-08 00:00:00,1272.77,1272.92,1255.09,1267.27
1775610000,2026-04-08 01:00:00,1267.44,1289.14,1265.6,1283.73
1775613600,2026-04-08 02:00:00,1283.65,1287.37,1270.51,1270.6
1775617200,2026-04-08 03:00:00,1270.65,1282.51,1264.84,1265.21
1775620800,2026-04-08 04:00:00,1265.59,1282.22,1256.95,1281.31
1775624400,2026-04-08 05:00:00,1281.43,1284.52,1267.4,1282.9
1775628000,2026-04-08 06:00:00,1282.58,1284.05,1244.42,1244.66
1775631600,2026-04-08 07:00:00,1244.67,1260.49,1243.46,1246.49
1775635200,2026-04-08 08:00:00,1245.98,1256.07,1239.84,1255.65
1775638800,2026-04-08 09:00:00,1255.72,1288.22,1253.05,1287.9
1775642400,2026-04-08 10:00:00,1287.78,1290.42,1270.53,1274.75
1775646000,2026-04-08 11:00:00,1274.52,1276.74,1234.29,1240.79
1775649600,2026-04-08 12:00:00,1241.05,1252.89,1236,1251.74
1775653200,2026-04-08 13:00:00,1251.79,1276.9,1251.48,1259
1775656800,2026-04-08 14:00:00,1259.56,1264.62,1243.98,1264.55
1775660400,2026-04-08 15:00:00,1264.29,1266.81,1251.42,1260.05
1775664000,2026-04-08 16:00:00,1259.38,1265.42,1244.94,1245.02
1775667600,2026-04-08 17:00:00,1245.12,1267.21,1243.37,1247.74
1775671200,2026-04-08 18:00:00,1247.99,1252.48,1234.07,1240.01
1775674800,2026-04-08 19:00:00,1240.09,1240.22,1224.27,1228.83
1775678400,2026-04-08 20:00:00,1228.91,1249.24,1226.83,1244.11
1775682000,2026-04-08 21:00:00,1244.18,1245.83,1220.16,1223.73
1775685600,2026-04-08 22:00:00,1223.39,1247.56,1222.06,1246.86
1775689200,2026-04-08 23:00:00,1246.79,1250.76,1217.48,1220.4
1775692800,2026-04-09 00:00:00,1220.32,1227.3,1199.92,1202.22
1775696400,2026-04-09 01:00:00,1202.18,1206.24,1187.85,1188.51
1775700000,2026-04-09 02:00:00,1188.21,1198.57,1177.96,1186.42
1775703600,2026-04-09 03:00:00,1186.41,1206.5,1185.84,1188.3
1775707200,2026-04-09 04:00:00,1188.12,1204.63,1185.67,1190.03
1775710800,2026-04-09 05:00:00,1189.85,1195.64,1184.22,1188.35
1775714400,2026-04-09 06:00:00,1188.34,1197.35,1186.21,1195.81
1775718000,2026-04-09 07:00:00,1196.05,1200.95,1187.35,1193.58
1775721600,2026-04-09 08:00:00,1193.74,1199.48,1180.63,1181.39
1775725200,2026-04-09 09:00:00,1181.61,1185.65,1173.09,1181.95
1775728800,2026-04-09 10:00:00,1181.8,1203.3,1178.23,1197.41
1775732400,2026-04-09 11:00:00,1197.27,1212.92,1190.31,1198.01
1775736000,2026-04-09 12:00:00,1198.06,1218.79,1191.15,1215.32
1775739600,2026-04-09 13:00:00,1215.48,1219.01,1203.24,1218.86
1775743200,2026-04-09 14:00:00,1218.86,1222.25,1196.52,1197.28
1775746800,2026-04-09 15:00:00,1197.16,1200.76,1182.37,1188.74
1775750400,2026-04-09 16:00:00,1188.14,1208.06,1180.1,1200.54
1775754000,2026-04-09 17:00:00,1200.35,1210.73,1192.32,1195.78
1775757600,2026-04-09 18:00:00,1195.47,1204.33,1186.73,1186.86
1775761200,2026-04-09 19:00:00,1186.84,1200.32,1185.14,1189.68
1775764800,2026-04-09 20:00:00,1189.62,1193.09,1177.19,1178.68
1775768400,2026-04-09 21:00:00,1178.79,1191.91,1172.31,1191.64
1775772000,2026-04-09 22:00:00,1191.61,1208.97,1190.16,1206.03
1775775600,2026-04-09 23:00:00,1206.07,1223.55,1203.41,1219.46
1775779200,2026-04-10 00:00:00,1219.37,1227.66,1215.82,1224.21
1775782800,2026-04-10 01:00:00,1224.17,1231.08,1216.43,1224.65
1775786400,2026-04-10 02:00:00,1224.5,1226.48,1209.71,1211.59
1775790000,2026-04-10 03:00:00,1211.8,1219.71,1195.26,1218.88
1775793600,2026-04-10 04:00:00,1219.03,1230.29,1207.99,1209.25
1775797200,2026-04-10 05:00:00,1209.13,1220.02,1200.95,1210.82
1775800800,2026-04-10 06:00:00,1211.32,1217.4,1202.37,1205.33
1775804400,2026-04-10 07:00:00,1205.25,1205.41,1178.72,1188.78
1775808000,2026-04-10 08:00:00,1188.09,1192.99,1172.25,1178.08
1775811600,2026-04-10 09:00:00,1177.57,1191.43,1171.17,1187.26
1775815200,2026-04-10 10:00:00,1187.24,1197.26,1184.72,1190.39
1775818800,2026-04-10 11:00:00,1190.16,1199.97,1179.96,1191.18
1775822400,2026-04-10 12:00:00,1191.5,1195.95,1181.43,1185.83
1775826000,2026-04-10 13:00:00,1185.63,1209.11,1181.51,1207.89
1775829600,2026-04-10 14:00:00,1208.19,1214.17,1195.86,1210.92
1775833200,2026-04-10 15:00:00,1211.19,1239.93,1210.18,1237.92
1775836800,2026-04-10 16:00:00,1238.04,1246.86,1231.59,1234.24
1775840400,2026-04-10 17:00:00,1234.17,1242.27,1226.64,1240.32
1775844000,2026-04-10 18:00:00,1240.21,1241.3,1208.49,1214.94
1775847600,2026-04-10 19:00:00,1215.03,1233.06,1213.01,1231.06
1775851200,2026-04-10 20:00:00,1230.73,1248.25,1220.34,1247.99
1775854800,2026-04-10 21:00:00,1247.9,1249.71,1229.7,1238.28
1775858400,2026-04-10 22:00:00,1238.58,1245.42,1222.05,1227.31
1775862000,2026-04-10 23:00:00,1227.33,1234.02,1218.13,1224.16
1775865600,2026-04-11 00:00:00,1224.37,1234.53,1217.48,1219.51
1775869200,2026-04-11 01:00:00,1219.5,1244.47,1213.92,1240.32
1775872800,2026-04-11 02:00:00,1240,1259.44,1239.42,1246.91
1775876400,2026-04-11 03:00:00,1246.92,1276.12,1245.68,1276.12
1775880000,2026-04-11 04:00:00,1276.26,1295.78,1275.78,1295.77
1775883600,2026-04-11 05:00:00,1295.5,1307.62,1289.08,1298.88
1775887200,2026-04-11 06:00:00,1299.19,1314.11,1292.71,1298
1775890800,2026-04-11 07:00:00,1297.88,1301.35,1288.78,1292.66
1775894400,2026-04-11 08:00:00,1292.54,1293.11,1264.22,1265.37
1775898000,2026-04-11 09:00:00,1265.24,1289.52,1257.25,1287.79
1775901600,2026-04-11 10:00:00,1287.59,1309.7,1279.94,1306.2
1775905200,2026-04-11 11:00:00,1306.24,1309.92,1279.63,1282.25
1775908800,2026-04-11 12:00:00,1282.36,1289.55,1250.55,1260.71
1775912400,2026-04-11 13:00:00,1260.69,1267.3,1254.76,1264.86
1775916000,2026-04-11 14:00:00,1264.91,1269.62,1256.65,1262.92
1775919600,2026-04-11 15:00:00,1263.06,1289.91,1262.52,1288.27
1775923200,2026-04-11 16:00:00,1288.28,1296.72,1268.3,1274.02
1775926800,2026-04-11 17:00:00,1274.13,1284.34,1267.86,1282.15
1775930400,2026-04-11 18:00:00,1282.05,1288.78,1275.42,1276.4
1775934000,2026-04-11 19:00:00,1276.23,1291.07,1269.47,1279.1
1775937600,2026-04-11 20:00:00,1279.27,1299.86,1269.06,1296.29
1775941200,2026-04-11 21:00:00,1296.25,1321.92,1290.85,1314.62
1775944800,2026-04-11 22:00:00,1314.23,1329.56,1311.1,1317.22
1775948400,2026-04-11 23:00:00,1317.63,1335.85,1314.55,1326.42
1775952000,2026-04-12 00:00:00,1326.77,1341.44,1324.17,1329.68
1775955600,2026-04-12 01:00:00,1329.79,1331.64,1303.92,1304.66
1775959200,2026-04-12 02:00:00,1304.82,1321.73,1302.88,1306.74
1775962800,2026-04-12 03:00:00,1306.63,1313.23,1290.84,1291.77
1775966400,2026-04-12 04:00:00,1291.87,1302.38,1281.9,1283.21
1775970000,2026-04-12 05:00:00,1283.47,1302.9,1283.22,1297.2
1775973600,2026-04-12 06:00:00,1297.15,1301.56,1277.99,1289.66
1775977200,2026-04-12 07:00:00,1289.67,1305.59,1282.77,1296.79
1775980800,2026-04-12 08:00:00,1296.99,1299.97,1276.83,1279.37
1775984400,2026-04-12 09:00:00,1279.31,1287.87,1275.79,1287.87
1775988000,2026-04-12 10:00:00,1287.6,1292.14,1273.05,1286.74
1775991600,2026-04-12 11:00:00,1286.67,1291.89,1275.26,1279.21
1775995200,2026-04-12 12:00:00,1279.72,1294.4,1274.01,1274.58
1775998800,2026-04-12 13:00:00,1274.39,1283.08,1260.49,1260.78
1776002400,2026-04-12 14:00:00,1260.68,1281.06,1258.93,1273.41
1776006000,2026-04-12 15:00:00,1273.34,1277.31,1259.93,1265.99
1776009600,2026-04-12 16:00:00,1266.44,1276.34,1263.64,1263.82
1776013200,2026-04-12 17:00:00,1263.52,1266.83,1248.9,1264.8
1776016800,2026-04-12 18:00:00,1265.17,1281.09,1263.64,1277.14
1776020400,2026-04-12 19:00:00,1277.15,1298.5,1272.82,1294.88
1776024000,2026-04-12 20:00:00,1294.93,1297.95,1275.69,1280.71
1776027600,2026-04-12 21:00:00,1280.31,1289.98,1266.7,1266.9
1776031200,2026-04-12 22:00:00,1266.79,1280.39,1260.36,1280.33
1776034800,2026-04-12 23:00:00,1280.01,1297.19,1277.3,1288.89
1776038400,2026-04-13 00:00:00,1288.95,1302.54,1272.18,1276.72
1776042000,2026-04-13 01:00:00,1276.45,1296.58,1271.31,1296.08
1776045600,2026-04-13 02:00:00,1296,1297.4,1267.88,1270.28
1776049200,2026-04-13 03:00:00,1270.48,1291.26,1264.43,1285.6
1776052800,2026-04-13 04:00:00,1285.57,1304.91,1277.97,1304
1776056400,2026-04-13 05:00:00,1303.86,1308.97,1289.66,1300.29
1776060000,2026-04-13 06:00:00,1300.53,1317.08,1299.73,1301.59
1776063600,2026-04-13 07:00:00,1302.29,1306.78,1287.16,1299.35
1776067200,2026-04-13 08:00:00,1299.53,1307.75,1291.39,1304.3
1776070800,2026-04-13 09:00:00,1304.75,1305.98,1285.1,1291.23
1776074400,2026-04-13 10:00:00,1291.13,1294.67,1265.15,1269.82
1776078000,2026-04-13 11:00:00,1269.86,1281.59,1260.47,1279.33
1776081600,2026-04-13 12:00:00,1279.45,1292.94,1270.17,1276.86
1776085200,2026-04-13 13:00:00,1277.06,1284.75,1262.32,1282.66
1776088800,2026-04-13 14:00:00,1282.9,1293.59,1276.09,1283.82
1776092400,2026-04-13 15:00:00,1284.06,1284.89,1255.43,1259.91
1776096000,2026-04-13 16:00:00,1259.73,1264.91,1248.68,1253.37
1776099600,2026-04-13 17:00:00,1253.25,1267.25,1244.06,1262.86
1776103200,2026-04-13 18:00:00,1262.87,1263.56,1238.09,1244.13
1776106800,2026-04-13 19:00:00,1244.28,1258.01,1244.16,1256.28
1776110400,2026-04-13 20:00:00,1256.32,1277.83,1256.32,1270.06
1776114000,2026-04-13 21:00:00,1269.89,1296.54,1268.04,1293.94
1776117600,2026-04-13 22:00:00,1293.96,1305.26,1291.96,1301.64
1776121200,2026-04-13 23:00:00,1301.77,1327.35,1298.4,1316.29
1776124800,2026-04-14 00:00:00,1316.38,1336.23,1312.95,1332.12
1776128400,2026-04-14 01:00:00,1332.29,1341.36,1326.15,1331.04
1776132000,2026-04-14 02:00:00,1331.18,1356.25,1328.87,1353.32
1776135600,2026-04-14 03:00:00,1353.28,1353.67,1332.39,1332.87
1776139200,2026-04-14 04:00:00,1332.76,1344.91,1324.04,1340.06
1776142800,2026-04-14 05:00:00,1340.07,1354.9,1328.99,1349.19
1776146400,2026-04-14 06:00:00,1349.69,1357.58,1337.19,1354.66
1776150000,2026-04-14 07:00:00,1354.72,1376.82,1347.35,1365.54
1776153600,2026-04-14 08:00:00,1365.84,1382.26,1365.2,1379.83
1776157200,2026-04-14 09:00:00,1379.85,1398.51,1369.4,1372.33
1776160800,2026-04-14 10:00:00,1372.38,1387.04,1356.64,1362.8
1776164400,2026-04-14 11:00:00,1362.88,1362.89,1344.59,1355.74
1776168000,2026-04-14 12:00:00,1355.45,1368.38,1351.59,1357.83
1776171600,2026-04-14 13:00:00,1357.77,1362.73,1346.59,1359.67
1776175200,2026-04-14 14:00:00,1359.48,1364.33,1350.9,1357.86
1776178800,2026-04-14 15:00:00,1358.01,1367.49,1354.1,1358.81
1776182400,2026-04-14 16:00:00,1358.39,1373.41,1350.76,1371.18
1776186000,2026-04-14 17:00:00,1370.73,1376.37,1339.01,1340.09
1776189600,2026-04-14 18:00:00,1340.08,1355.85,1335.98,1351.86
1776193200,2026-04-14 19:00:00,1351.56,1375.9,1349.42,1365.71
1776196800,2026-04-14 20:00:00,1365.54,1380.1,1356.25,1359.04
1776200400,2026-04-14 21:00:00,1358.78,1383.38,1356.33,1377.4
1776204000,2026-04-14 22:00:00,1377.28,1393.93,1369.77,1371.71
1776207600,2026-04-14 23:00:00,1371.36,1394.17,1369.65,1391.88
1776211200,2026-04-15 00:00:00,1391.97,1392.12,1372.14,1379.62
1776214800,2026-04-15 01:00:00,1379.37,1389.68,1345.73,1347.82
1776218400,2026-04-15 02:00:00,1347.91,1349.19,1326.95,1345.9
1776222000,2026-04-15 03:00:00,1345.81,1364.16,1336.12,1347.36
1776225600,2026-04-15 04:00:00,1347.25,1352.3,1322.18,1325.73
1776229200,2026-04-15 05:00:00,1325.77,1341.43,1324.46,1338.72
1776232800,2026-04-15 06:00:00,1338.41,1348.59,1324.87,1334.64
1776236400,2026-04-15 07:00:00,1334.58,1350.58,1326.69,1348.66
1776240000,2026-04-15 08:00:00,1348.95,1349.84,1334.49,1335.13
1776243600,2026-04-15 09:00:00,1334.72,1342.71,1319.76,1336.52
1776247200,2026-04-15 10:00:00,1336.36,1361.93,1333.15,1356.22
1776250800,2026-04-15 11:00:00,1356.43,1356.78,1333.37,1335.77
1776254400,2026-04-15 12:00:00,1335.28,1346.15,1329.59,1343.33
1776258000,2026-04-15 13:00:00,1343.22,1357.31,1333.24,1357.31
1776261600,2026-04-15 14:00:00,1356.86,1361.67,1343.45,1359.64
1776265200,2026-04-15 15:00:00,1359.68,1363.89,1334.82,1336.54
1776268800,2026-04-15 16:00:00,1336.25,1350.16,1331.48,1332.08
1776272400,2026-04-15 17:00:00,1332.27,1338.13,1317.69,1332.28
1776276000,2026-04-15 18:00:00,1332.18,1335.4,1312.89,1333.7
1776279600,2026-04-15 19:00:00,1333.61,1358.42,1333.51,1356.8
1776283200,2026-04-15 20:00:00,1356.76,1361.75,1347.26,1355.2
1776286800,2026-04-15 21:00:00,1354.89,1368.84,1348.06,1354.69
1776290400,2026-04-15 22:00:00,1354.68,1357.94,1340.69,1351.72
1776294000,2026-04-15 23:00:00,1351.7,1358.9,1325.03,1327.69
1776297600,2026-04-16 00:00:00,1327.77,1351.6,1318.11,1347.47
1776301200,2026-04-16 01:00:00,1347.83,1360.22,1344.31,1352.41
1776304800,2026-04-16 02:00:00,1352.51,1360.07,1328.21,1329.21
1776308400,2026-04-16 03:00:00,1328.98,1331.52,1305.16,1328
1776312000,2026-04-16 04:00:00,1328.01,1337.72,1325.96,1334.07
1776315600,2026-04-16 05:00:00,1333.55,1366.52,1332.83,1364.89
1776319200,2026-04-16 06:00:00,1364.63,1370.24,1328.09,1337.34
1776322800,2026-04-16 07:00:00,1337.52,1352.89,1337.06,1341.4
1776326400,2026-04-16 08:00:00,1341.58,1353.8,1337.13,1345.56
1776330000,2026-04-16 09:00:00,1345.94,1347.4,1333.89,1335.85
1776333600,2026-04-16 10:00:00,1336.04,1343.3,1323.14,1334.17
1776337200,2026-04-16 11:00:00,1334,1345.62,1330.4,1338.42
1776340800,2026-04-16 12:00:00,1338.32,1346.28,1333.96,1336.84
1776344400,2026-04-16 13:00:00,1337.13,1341.3,1323.18,1334.68
1776348000,2026-04-16 14:00:00,1334.42,1348.83,1325.43,1348.16
1776351600,2026-04-16 15:00:00,1348.33,1359.01,1338.84,1359.01
1776355200,2026-04-16 16:00:00,1359.21,1364.75,1346,1354.2
1776358800,2026-04-16 17:00:00,1354.28,1357.3,1339.48,1355.27
1776362400,2026-04-16 18:00:00,1355.55,1363.49,1343.26,1352
1776366000,2026-04-16 19:00:00,1351.85,1356.05,1342.25,1346.81
1776369600,2026-04-16 20:00:00,1346.99,1352.42,1332.61,1347.6
1776373200,2026-04-16 21:00:00,1347.36,1372.55,1343.28,1365.75
1776376800,2026-04-16 22:00:00,1365.5,1370.73,1353.04,1367.6
1776380400,2026-04-16 23:00:00,1367.6,1376.42,1351.57,1364.21
1776384000,2026-04-17 00:00:00,1364.32,1372.46,1357.73,1361.65
1776387600,2026-04-17 01:00:00,1362.11,1374.16,1348.47,1351.47
1776391200,2026-04-17 02:00:00,1351.87,1362.74,1342.25,1355.55
1776394800,2026-04-17 03:00:00,1355.47,1362.36,1342.36,1360.5
1776398400,2026-04-17 04:00:00,1360.51,1385.93,1360.51,1383.76
1776402000,2026-04-17 05:00:00,1383.54,1392.47,1374.61,1377.37
1776405600,2026-04-17 06:00:00,1377.36,1378.27,1351.57,1353.84
1776409200,2026-04-17 07:00:00,1354.21,1388.8,1354.21,1385.06
1776412800,2026-04-17 08:00:00,1385.34,1389.19,1357.51,1365.06
1776416400,2026-04-17 09:00:00,1364.9,1369.01,1353.25,1355.29
1776420000,2026-04-17 10:00:00,1355.55,1366.97,1347.81,1360.79
1776423600,2026-04-17 11:00:00,1360.89,1361.6,1330.81,1333.88
1776427200,2026-04-17 12:00:00,1333.41,1334.72,1307.24,1312.62
1776430800,2026-04-17 13:00:00,1312.49,1321.07,1298.65,1312.09
1776434400,2026-04-17 14:00:00,1312.06,1332.27,1310.27,1330.86
1776438000,2026-04-17 15:00:00,1330.78,1356.12,1326.71,1347.95
1776441600,2026-04-17 16:00:00,1348.1,1368.22,1341.59,1366.32
1776445200,2026-04-17 17:00:00,1366.28,1389.81,1362.17,1377.51
1776448800,2026-04-17 18:00:00,1377.37,1394.23,1375.57,1379.13
1776452400,2026-04-17 19:00:00,1379.18,1387.46,1364.35,1369.96
1776456000,2026-04-17 20:00:00,1370.11,1378.53,1362.11,1372.97
1776459600,2026-04-17 21:00:00,1372.55,1381.86,1366.75,1371.69
1776463200,2026-04-17 22:00:00,1372.09,1394.65,1371.13,1387.25
1776466800,2026-04-17 23:00:00,1387.18,1391.37,1377.44,1384.9
1776470400,2026-04-18 00:00:00,1385.08,1395.91,1377.75,1392.22
1776474000,2026-04-18 01:00:00,1391.8,1404.65,1373.21,1404.15
1776477600,2026-04-18 02:00:00,1404.27,1414.39,1398.17,1406.37
1776481200,2026-04-18 03:00:00,1406.4,1417.38,1403.39,1408.31
1776484800,2026-04-18 04:00:00,1408.4,1431.03,1404.39,1425.95
1776488400,2026-04-18 05:00:00,1425.99,1442.67,1415.49,1440.45
1776492000,2026-04-18 06:00:00,1440.59,1441.86,1423.36,1434.01
1776495600,2026-04-18 07:00:00,1433.68,1445.3,1429.24,1442.91
1776499200,2026-04-18 08:00:00,1442.71,1455.52,1433.9,1443.18
1776502800,2026-04-18 09:00:00,1443.21,1455.37,1433.23,1441.53
1776506400,2026-04-18 10:00:00,1441.7,1450.87,1429.24,1446.91
1776510000,2026-04-18 11:00:00,1447.08,1456.55,1440.97,1450
1776513600,2026-04-18 12:00:00,1449.72,1457.7,1440.96,1455.08
1776517200,2026-04-18 13:00:00,1455.06,1463.18,1434.79,1440.16
1776520800,2026-04-18 14:00:00,1440.66,1441.24,1413.24,1422.42
1776524400,2026-04-18 15:00:00,1422.51,1434.13,1416.21,1429.27
1776528000,2026-04-18 16:00:00,1429.4,1441.27,1426.22,1427.48
1776531600,2026-04-18 17:00:00,1427.59,1439.26,1418.03,1419.2
1776535200,2026-04-18 18:00:00,1419.32,1428.83,1415.78,1428.51
1776538800,2026-04-18 19:00:00,1428.2,1439.4,1415.59,1435.27
1776542400,2026-04-18 20:00:00,1435.38,1444.68,1427.77,1429.4
1776546000,2026-04-18 21:00:00,1429.75,1455.92,1427.55,1455.41
1776549600,2026-04-18 22:00:00,1455.11,1473.15,1451.6,1469.97
1776553200,2026-04-18 23:00:00,1470.12,1472.58,1453.99,1466.37
1776556800,2026-04-19 00:00:00,1466.53,1474.27,1442.33,1445
1776560400,2026-04-19 01:00:00,1445.26,1449.03,1431.37,1445.36
1776564000,2026-04-19 02:00:00,1445.07,1445.67,1405.55,1414.55
1776567600,2026-04-19 03:00:00,1414.71,1432.84,1413.73,1424.45
1776571200,2026-04-19 04:00:00,1424.43,1440.65,1421.69,1429.44
1776574800,2026-04-19 05:00:00,1429.5,1431.71,1402.21,1402.24
1776578400,2026-04-19 06:00:00,1402.12,1404.88,1389.74,1395.36
1776582000,2026-04-19 07:00:00,1395.33,1413.08,1392.08,1412.67
1776585600,2026-04-19 08:00:00,1412.33,1418.5,1396.68,1399.18
1776589200,2026-04-19 09:00:00,1398.88,1413.66,1382.14,1411.23
1776592800,2026-04-19 10:00:00,1411.95,1420.87,1404.61,1416.58
1776596400,2026-04-19 11:00:00,1416.66,1419.32,1401.73,1407.13
1776600000,2026-04-19 12:00:00,1406.84,1439.54,1405.63,1432.66
1776603600,2026-04-19 13:00:00,1433.04,1435.52,1382.64,1387.08
1776607200,2026-04-19 14:00:00,1387.16,1390.7,1370.41,1376.9
1776610800,2026-04-19 15:00:00,1377.1,1386.04,1367.24,1382.38
1776614400,2026-04-19 16:00:00,1382.59,1418.72,1382.35,1404.94
1776618000,2026-04-19 17:00:00,1404.75,1412.26,1391.98,1406.67
1776621600,2026-04-19 18:00:00,1406.53,1418.02,1389.67,1414.75
1776625200,2026-04-19 19:00:00,1414.6,1415.8,1384.8,1391.19
1776628800,2026-04-19 20:00:00,1390.99,1391.15,1375.98,1389.96
1776632400,2026-04-19 21:00:00,1389.87,1401.7,1384.99,1399.24
1776636000,2026-04-19 22:00:00,1399.21,1405.8,1388.58,1389.42
1776639600,2026-04-19 23:00:00,1389.56,1408.81,1389.56,1406.33
1776643200,2026-04-20 00:00:00,1406.62,1407.13,1380.9,1391.15
1776646800,2026-04-20 01:00:00,1390.84,1398.03,1376.95,1386.99
1776650400,2026-04-20 02:00:00,1387,1407.16,1381.31,1400.43
1776654000,2026-04-20 03:00:00,1400.78,1411.12,1393.21,1394.24
1776657600,2026-04-20 04:00:00,1394.36,1398.01,1381.44,1387.93
1776661200,2026-04-20 05:00:00,1387.6,1395.1,1377.55,1383.02
1776664800,2026-04-20 06:00:00,1383.11,1383.11,1357.54,1360.5
1776668400,2026-04-20 07:00:00,1360.75,1386.53,1356.08,1384.62
1776672000,2026-04-20 08:00:00,1384.6,1392.42,1374.34,1374.61
1776675600,2026-04-20 09:00:00,1374.25,1382.06,1361.45,1370.12
1776679200,2026-04-20 10:00:00,1370.08,1385.91,1362.87,1384.08
1776682800,2026-04-20 11:00:00,1384.54,1391.23,1372.14,1378.41
1776686400,2026-04-20 12:00:00,1378.44,1393.4,1377.86,1381.31
1776690000,2026-04-20 13:00:00,1380.71,1381.68,1358.6,1359.5
1776693600,2026-04-20 14:00:00,1359.31,1361.42,1338.19,1349.29
1776697200,2026-04-20 15:00:00,1349.06,1350.87,1323.14,1329.57
1776700800,2026-04-20 16:00:00,1329.47,1353.99,1326.73,1352.74
1776704400,2026-04-20 17:00:00,1353.06,1366.59,1345.77,1346.31
1776708000,2026-04-20 18:00:00,1346.19,1346.81,1326.35,1330.34
1776711600,2026-04-20 19:00:00,1330.59,1358.2,1321.36,1355.44
1776715200,2026-04-20 20:00:00,1355.33,1360.32,1345.62,1355.73
1776718800,2026-04-20 21:00:00,1355.37,1359.35,1342.27,1345.47
1776722400,2026-04-20 22:00:00,1345.5,1356.57,1331.35,1349.94
1776726000,2026-04-20 23:00:00,1349.95,1363.65,1345.05,1350.89
1776729600,2026-04-21 00:00:00,1351.03,1372.27,1345.6,1365.72
1776733200,2026-04-21 01:00:00,1365.47,1367.04,1339.31,1347.08
1776736800,2026-04-21 02:00:00,1346.8,1357.4,1334.09,1341.63
1776740400,2026-04-21 03:00:00,1341.39,1365.31,1341.39,1360.02
1776744000,2026-04-21 04:00:00,1360.03,1393.37,1358.79,1387.41
1776747600,2026-04-21 05:00:00,1387.33,1414.21,1379.37,1410.15
1776751200,2026-04-21 06:00:00,1410.04,1435.14,1399.05,1428.05
1776754800,2026-04-21 07:00:00,1427.95,1433.71,1420.66,1425.48
1776758400,2026-04-21 08:00:00,1425.51,1429.97,1409.69,1411.09
1776762000,2026-04-21 09:00:00,1411.29,1429.97,1404.46,1428.28
1776765600,2026-04-21 10:00:00,1427.98,1450.2,1426.82,1445.05
1776769200,2026-04-21 11:00:00,1445.17,1451.63,1427.88,1438.08
1776772800,2026-04-21 12:00:00,1438.42,1450.87,1430.54,1434.05
1776776400,2026-04-21 13:00:00,1434.13,1438.31,1421.72,1436.38
1776780000,2026-04-21 14:00:00,1436.42,1458.78,1434.57,1457.73
1776783600,2026-04-21 15:00:00,1457.38,1466.35,1439.15,1442.9
1776787200,2026-04-21 16:00:00,1442.8,1448.02,1428.55,1433.4
1776790800,2026-04-21 17:00:00,1433.47,1448.64,1427.88,1440.32
1776794400,2026-04-21 18:00:00,1440.21,1451.64,1426.97,1442.6
1776798000,2026-04-21 19:00:00,1442.61,1459,1441.62,1451.58
1776801600,2026-04-21 20:00:00,1451.3,1462.91,1445.2,1455.93
1776805200,2026-04-21 21:00:00,1455.91,1470.75,1437.86,1462.61
1776808800,2026-04-21 22:00:00,1462.83,1468.81,1451.81,1455.53
1776812400,2026-04-21 23:00:00,1456.24,1483.3,1447.41,1473.7
1776816000,2026-04-22 00:00:00,1473.51,1475.72,1458.74,1469.84
1776819600,2026-04-22 01:00:00,1469.97,1477.62,1459.51,1461.59
1776823200,2026-04-22 02:00:00,1461.24,1465.6,1420.97,1425.77
1776826800,2026-04-22 03:00:00,1425.37,1444.61,1422.47,1429.67
1776830400,2026-04-22 04:00:00,1429.66,1437.01,1422.41,1433.07
1776834000,2026-04-22 05:00:00,1432.82,1434.95,1416.72,1428.02
1776837600,2026-04-22 06:00:00,1427.68,1447.65,1408.6,1408.91
1776841200,2026-04-22 07:00:00,1409.04,1436.48,1402.96,1433.2
1776844800,2026-04-22 08:00:00,1433.02,1439.27,1421.09,1428.71
1776848400,2026-04-22 09:00:00,1429.38,1432.7,1410.97,1412.45
1776852000,2026-04-22 10:00:00,1412.27,1417.69,1399.6,1409.88
1776855600,2026-04-22 11:00:00,1409.9,1418.55,1394,1403.1
1776859200,2026-04-22 12:00:00,1402.92,1415.65,1388.32,1414.38
1776862800,2026-04-22 13:00:00,1414.61,1417.2,1404.02,1413.51
1776866400,2026-04-22 14:00:00,1413.05,1455.53,1412.92,1438.04
1776870000,2026-04-22 15:00:00,1437.98,1443.36,1428.66,1433.4
1776873600,2026-04-22 16:00:00,1433.48,1434.55,1413.96,1415.49
1776877200,2026-04-22 17:00:00,1415.55,1418.53,1393.13,1406.38
1776880800,2026-04-22 18:00:00,1406.58,1421.83,1401.64,1406.89
1776884400,2026-04-22 19:00:00,1406.83,1415.02,1388.29,1388.91
1776888000,2026-04-22 20:00:00,1389.07,1401.42,1383.06,1383.09
1776891600,2026-04-22 21:00:00,1383.25,1389.15,1368.39,1379.39
1776895200,2026-04-22 22:00:00,1379.37,1414.77,1373.01,1413.29
1776898800,2026-04-22 23:00:00,1413.07,1444.49,1409.62,1432.51
1776902400,2026-04-23 00:00:00,1432.05,1459.68,1428.18,1456.79
1776906000,2026-04-23 01:00:00,1456.69,1491.82,1455.13,1491.55
1776909600,2026-04-23 02:00:00,1491.7,1505.54,1473.5,1502.48
1776913200,2026-04-23 03:00:00,1502.28,1509.29,1488.55,1503.72
1776916800,2026-04-23 04:00:00,1503.83,1522.13,1491.52,1511.75
1776920400,2026-04-23 05:00:00,1511.97,1515.47,1498.79,1514.34
1776924000,2026-04-23 06:00:00,1514.38,1515.67,1483.32,1484.19
1776927600,2026-04-23 07:00:00,1483.93,1485.25,1456.48,1459.21
1776931200,2026-04-23 08:00:00,1459.24,1472.7,1449.81,1466
1776934800,2026-04-23 09:00:00,1466.46,1470.59,1448.58,1456.96
1776938400,2026-04-23 10:00:00,1456.95,1459.05,1441.71,1448.74
1776942000,2026-04-23 11:00:00,1448.99,1457.23,1426.96,1439.63
1776945600,2026-04-23 12:00:00,1440.35,1463.48,1438.79,1453.97
1776949200,2026-04-23 13:00:00,1454.36,1465.98,1448.63,1460.67
1776952800,2026-04-23 14:00:00,1460.44,1470.08,1450.84,1450.85
1776956400,2026-04-23 15:00:00,1450.88,1460.68,1439.57,1443.07
1776960000,2026-04-23 16:00:00,1443.05,1453.8,1435.47,1451.57
1776963600,2026-04-23 17:00:00,1451.46,1460.29,1434.36,1438
1776967200,2026-04-23 18:00:00,1438.18,1440.32,1418.07,1428.53
1776970800,2026-04-23 19:00:00,1428.6,1436.63,1418.82,1427.33
1776974400,2026-04-23 20:00:00,1427.3,1432.57,1410.81,1413.85
1776978000,2026-04-23 21:00:00,1413.91,1414.75,1392.12,1399.96
1776981600,2026-04-23 22:00:00,1400.16,1403.44,1377.5,1383.87
1776985200,2026-04-23 23:00:00,1383.85,1388.61,1360.45,1386.63
1776988800,2026-04-24 00:00:00,1386.76,1404.43,1385.65,1397.24
1776992400,2026-04-24 01:00:00,1397.53,1412.93,1390.39,1402.42
1776996000,2026-04-24 02:00:00,1402.39,1436.51,1398.08,1435.3
1776999600,2026-04-24 03:00:00,1435.21,1466.71,1433.25,1459.31
1777003200,2026-04-24 04:00:00,1459.05,1459.62,1435.15,1439.1
1777006800,2026-04-24 05:00:00,1439.02,1441.34,1412.13,1424.28
1777010400,2026-04-24 06:00:00,1424.21,1428.28,1412.8,1416.98
1777014000,2026-04-24 07:00:00,1416.85,1428.25,1406.59,1416.71
1777017600,2026-04-24 08:00:00,1416.27,1427.75,1412.35,1419.55
1777021200,2026-04-24 09:00:00,1419.51,1429.31,1386.89,1386.89
1777024800,2026-04-24 10:00:00,1386.7,1393.5,1376.7,1381.36
1777028400,2026-04-24 11:00:00,1380.73,1386,1354.89,1371.2
1777032000,2026-04-24 12:00:00,1371.55,1394.17,1371.55,1392.92
1777035600,2026-04-24 13:00:00,1392.91,1423.04,1390.28,1407.69
1777039200,2026-04-24 14:00:00,1408.15,1408.15,1392.66,1395.34
1777042800,2026-04-24 15:00:00,1394.96,1421.84,1393.23,1414.44
1777046400,2026-04-24 16:00:00,1414.05,1418.46,1405.2,1410.8
1777050000,2026-04-24 17:00:00,1410.66,1412.12,1389.25,1407.38
1777053600,2026-04-24 18:00:00,1407.8,1408.47,1397.32,1408.09
1777057200,2026-04-24 19:00:00,1408.49,1409.04,1386.96,1397.26
1777060800,2026-04-24 20:00:00,1397.87,1398.15,1372.67,1372.94
1777064400,2026-04-24 21:00:00,1372.7,1389.64,1363.66,1377.67
1777068000,2026-04-24 22:00:00,1378.06,1386.8,1363.3,1363.37
1777071600,2026-04-24 23:00:00,1363.63,1379.09,1359.61,1368.05
1777075200,2026-04-25 00:00:00,1368.22,1373.57,1352.38,1352.45
1777078800,2026-04-25 01:00:00,1352.71,1353.81,1336.7,1342.4
1777082400,2026-04-25 02:00:00,1342.53,1354.76,1334.64,1343.07
1777086000,2026-04-25 03:00:00,1343.33,1349.48,1326.23,1326.8
1777089600,2026-04-25 04:00:00,1326.88,1327.27,1315.09,1324.48
1777093200,2026-04-25 05:00:00,1324.98,1345.63,1317.21,1345.01
1777096800,2026-04-25 06:00:00,1344.94,1353.9,1335.91,1343.2
1777100400,2026-04-25 07:00:00,1342.8,1345.77,1321.68,1344.88
1777104000,2026-04-25 08:00:00,1344.74,1377.92,1341.58,1372.34
1777107600,2026-04-25 09:00:00,1372.52,1377.41,1351.7,1357.64
1777111200,2026-04-25 10:00:00,1358.18,1364.81,1340.29,1346.95
1777114800,2026-04-25 11:00:00,1347.29,1368.78,1340.74,1362.76
1777118400,2026-04-25 12:00:00,1362.62,1366.29,1339.37,1344.97
1777122000,2026-04-25 13:00:00,1344.75,1352.93,1334.4,1348.96
1777125600,2026-04-25 14:00:00,1348.89,1364.31,1339.55,1341.3
1777129200,2026-04-25 15:00:00,1341.36,1348.3,1328.62,1335.34
1777132800,2026-04-25 16:00:00,1335.56,1346.09,1329.93,1341.78
1777136400,2026-04-25 17:00:00,1341.74,1345.8,1319.7,1327.82
1777140000,2026-04-25 18:00:00,1328.14,1348.1,1325.25,1332.14
1777143600,2026-04-25 19:00:00,1332.07,1345.9,1321.35,1345.9
1777147200,2026-04-25 20:00:00,1345.68,1366.8,1344.13,1366.03
1777150800,2026-04-25 21:00:00,1366.2,1390.8,1365.86,1373.21
1777154400,2026-04-25 22:00:00,1372.79,1385.99,1366.39,1377.87
1777158000,2026-04-25 23:00:00,1377.23,1383.51,1363.8,1380.77
1777161600,2026-04-26 00:00:00,1380.81,1381.32,1346.51,1350.44
1777165200,2026-04-26 01:00:00,1350.53,1376.14,1343.88,1373.48
1777168800,2026-04-26 02:00:00,1373.41,1404.93,1371.68,1394.55
1777172400,2026-04-26 03:00:00,1394.66,1432.41,1393.36,1414.73
1777176000,2026-04-26 04:00:00,1414.9,1421.18,1402.22,1410.47
1777179600,2026-04-26 05:00:00,1410.44,1411.47,1377.95,1381.63
1777183200,2026-04-26 06:00:00,1381.79,1396.33,1379.41,1394.35
1777186800,2026-04-26 07:00:00,1393.95,1401.82,1387.17,1398.89
1777190400,2026-04-26 08:00:00,1399.09,1411.49,1387.29,1394.86
1777194000,2026-04-26 09:00:00,1394.81,1410.29,1389,1405.96
1777197600,2026-04-26 10:00:00,1406.12,1432.96,1403.71,1430.48
1777201200,2026-04-26 11:00:00,1430.23,1436.59,1418.02,1432.32
1777204800,2026-04-26 12:00:00,1432.05,1452.91,1427.23,1446.78
1777208400,2026-04-26 13:00:00,1446.87,1452.53,1435.33,1437.11
1777212000,2026-04-26 14:00:00,1437.3,1452.76,1422.94,1425.3
1777215600,2026-04-26 15:00:00,1425.03,1438.13,1421.01,1428.2
1777219200,2026-04-26 16:00:00,1428.53,1431.86,1412.71,1420.68
1777222800,2026-04-26 17:00:00,1421.16,1440.64,1414.25,1438.25
1777226400,2026-04-26 18:00:00,1438.21,1455.7,1435.28,1453.83
1777230000,2026-04-26 19:00:00,1453.71,1460.19,1420.21,1429.17
1777233600,2026-04-26 20:00:00,1428.93,1448.41,1411.51,1448.41
1777237200,2026-04-26 21:00:00,1448.6,1465.52,1446.74,1450.89
1777240800,2026-04-26 22:00:00,1450.68,1459.7,1443.57,1445.84
1777244400,2026-04-26 23:00:00,1445.98,1484.13,1441.95,1481.9
1777248000,2026-04-27 00:00:00,1481.83,1484.77,1457.44,1473.95
1777251600,2026-04-27 01:00:00,1474.17,1483.07,1468.64,1476.88
1777255200,2026-04-27 02:00:00,1476.86,1482.22,1467.34,1470.18
1777258800,2026-04-27 03:00:00,1469.94,1488.22,1464.46,1480.75
1777262400,2026-04-27 04:00:00,1481.03,1487.62,1467.61,1485.46
1777266000,2026-04-27 05:00:00,1485.39,1494.76,1476.74,1489.73
1777269600,2026-04-27 06:00:00,1489.78,1491.7,1464.84,1474.17
1777273200,2026-04-27 07:00:00,1474.45,1486.79,1464.31,1479.53
1777276800,2026-04-27 08:00:00,1479.85,1487.71,1468.8,1469
1777280400,2026-04-27 09:00:00,1468.67,1476.07,1460.33,1464.79
1777284000,2026-04-27 10:00:00,1464.63,1475.87,1461.76,1470.96
1777287600,2026-04-27 11:00:00,1470.47,1477.8,1457.12,1471.53
1777291200,2026-04-27 12:00:00,1471.49,1497.03,1470.94,1482.05
1777294800,2026-04-27 13:00:00,1481.97,1493.08,1469.58,1489.82
1777298400,2026-04-27 14:00:00,1489.99,1504.35,1489.82,1497.47
1777302000,2026-04-27 15:00:00,1497.89,1514.18,1491.16,1507.19
1777305600,2026-04-27 16:00:00,1507.06,1507.54,1477.28,1479.26
1777309200,2026-04-27 17:00:00,1478.83,1488.4,1469.38,1484.09
1777312800,2026-04-27 18:00:00,1483.94,1485.89,1468.2,1473.01
1777316400,2026-04-27 19:00:00,1472.96,1499.43,1472.7,1478.72
1777320000,2026-04-27 20:00:00,1478.66,1481.3,1459.47,1464.42
1777323600,2026-04-27 21:00:00,1464.79,1468.5,1428.75,1432.75
1777327200,2026-04-27 22:00:00,1432.89,1432.89,1411.84,1425.29
1777330800,2026-04-27 23:00:00,1425.53,1432.9,1394.41,1399.69
1777334400,2026-04-28 00:00:00,1399.56,1412.36,1379.62,1385.16
1777338000,2026-04-28 01:00:00,1385.03,1408.97,1384.13,1407.67
1777341600,2026-04-28 02:00:00,1407.82,1415.47,1400.58,1403.46
1777345200,2026-04-28 03:00:00,1403.46,1412.23,1399.74,1403.51
1777348800,2026-04-28 04:00:00,1403.84,1410.36,1394.14,1400.85
1777352400,2026-04-28 05:00:00,1400.94,1406.55,1391.44,1392.79
1777356000,2026-04-28 06:00:00,1392.68,1392.68,1360.48,1361.02
1777359600,2026-04-28 07:00:00,1360.95,1371.34,1345.49,1369.64
1777363200,2026-04-28 08:00:00,1369.83,1395.55,1364.33,1390.48
1777366800,2026-04-28 09:00:00,1390.7,1392.11,1363.56,1373.33
1777370400,2026-04-28 10:00:00,1373.59,1382.01,1365,1376.32
1777374000,2026-04-28 11:00:00,1376.39,1392.38,1371.86,1390.82
1777377600,2026-04-28 12:00:00,1390.48,1431.05,1390.46,1428.31
1777381200,2026-04-28 13:00:00,1428.08,1441.42,1419.24,1440.11
1777384800,2026-04-28 14:00:00,1439.93,1442.1,1410.33,1414.01
1777388400,2026-04-28 15:00:00,1413.92,1436.66,1412.19,1430.68
1777392000,2026-04-28 16:00:00,1430.18,1430.18,1402.43,1423.57
1777395600,2026-04-28 17:00:00,1423.54,1427.15,1411.12,1421.22
1777399200,2026-04-28 18:00:00,1421.65,1422.86,1399.46,1409.69
1777402800,2026-04-28 19:00:00,1409.53,1427.08,1400.5,1419.89
1777406400,2026-04-28 20:00:00,1420.19,1451.72,1417.99,1448.88
1777410000,2026-04-28 21:00:00,1449,1455.76,1432.84,1451.07
1777413600,2026-04-28 22:00:00,1450.51,1462.51,1440.66,1458.06
1777417200,2026-04-28 23:00:00,1458.01,1459.47,1423.8,1423.8
1777420800,2026-04-29 00:00:00,1423.37,1426.9,1402.08,1408.05
1777424400,2026-04-29 01:00:00,1407.89,1417.48,1400.6,1403.69
1777428000,2026-04-29 02:00:00,1404.02,1414.67,1401.77,1408.46
1777431600,2026-04-29 03:00:00,1408.69,1430.14,1406.93,1427.8
1777435200,2026-04-29 04:00:00,1427.55,1436.56,1407.09,1408.72
1777438800,2026-04-29 05:00:00,1408.96,1420.72,1403.64,1416.98
1777442400,2026-04-29 06:00:00,1417.14,1424.08,1403.08,1404.54
1777446000,2026-04-29 07:00:00,1404.04,1404.43,1366.8,1375.21
1777449600,2026-04-29 08:00:00,1375.4,1398.24,1369.75,1392.15
1777453200,2026-04-29 09:00:00,1391.55,1408.56,1385.65,1405.98
1777456800,2026-04-29 10:00:00,1405.39,1411.89,1388.88,1397.25
1777460400,2026-04-29 11:00:00,1397.29,1399.94,1385.57,1386.11
1777464000,2026-04-29 12:00:00,1386.04,1388,1357.14,1360.76
1777467600,2026-04-29 13:00:00,1360.98,1363.81,1337.21,1339.24
1777471200,2026-04-29 14:00:00,1339.14,1340.26,1319.48,1331.66
1777474800,2026-04-29 15:00:00,1332.2,1339.14,1321.45,1335.34
1777478400,2026-04-29 16:00:00,1335.51,1342.77,1325.32,1335.39
1777482000,2026-04-29 17:00:00,1335.14,1346.94,1325.3,1333.66
1777485600,2026-04-29 18:00:00,1333.85,1335.41,1321.13,1321.13
1777489200,2026-04-29 19:00:00,1320.99,1321.16,1298.89,1300.48
1777492800,2026-04-29 20:00:00,1300.47,1319.66,1299.36,1315.17
1777496400,2026-04-29 21:00:00,1314.92,1332.14,1311.19,1324.65
1777500000,2026-04-29 22:00:00,1324.55,1331.3,1314.01,1316.38
1777503600,2026-04-29 23:00:00,1316.47,1327.5,1308.57,1309.75
1777507200,2026-04-30 00:00:00,1309.57,1315.36,1300.08,1313.63
1777510800,2026-04-30 01:00:00,1313.69,1330.88,1310.95,1322.13
1777514400,2026-04-30 02:00:00,1322.15,1330.47,1312.86,1315.19
1777518000,2026-04-30 03:00:00,1315.04,1328.64,1310.26,1315.49
1777521600,2026-04-30 04:00:00,1315.96,1336.63,1312.82,1329.07
1777525200,2026-04-30 05:00:00,1329.38,1349.05,1328.66,1334.78
1777528800,2026-04-30 06:00:00,1335.12,1343.19,1318.17,1321.74
1777532400,2026-04-30 07:00:00,1321.59,1326.75,1313.51,1314.98
1777536000,2026-04-30 08:00:00,1314.85,1334.22,1310.96,1328.69
1777539600,2026-04-30 09:00:00,1328.29,1343.48,1322.99,1337.72
1777543200,2026-04-30 10:00:00,1338.01,1345.53,1333.19,1338.66
1777546800,2026-04-30 11:00:00,1338.51,1370.47,1337.02,1370.36
1777550400,2026-04-30 12:00:00,1370.02,1386.11,1363.88,1370.48
1777554000,2026-04-30 13:00:00,1370.74,1402.09,1362.85,1397.93
1777557600,2026-04-30 14:00:00,1397.81,1422.86,1388.81,1422.63
1777561200,2026-04-30 15:00:00,1422.64,1422.64,1404.26,1413.8
1777564800,2026-04-30 16:00:00,1413.07,1426.53,1411.76,1416.7
1777568400,2026-04-30 17:00:00,1416.83,1435.09,1414.66,1422.22
1777572000,2026-04-30 18:00:00,1421.54,1430.61,1410.46,1418.95
1777575600,2026-04-30 19:00:00,1419.1,1425.13,1414.77,1424.51
1777579200,2026-04-30 20:00:00,1424.62,1435.8,1419.82,1433.19
1777582800,2026-04-30 21:00:00,1433.11,1452.28,1425.53,1427.86
1777586400,2026-04-30 22:00:00,1427.62,1429.98,1386.86,1389.8
1777590000,2026-04-30 23:00:00,1389.81,1395.59,1370.11,1377.64
1777593600,2026-05-01 00:00:00,1377.78,1381.43,1365.62,1376.25
1777597200,2026-05-01 01:00:00,1375.71,1389.51,1364.49,1366.22
1777600800,2026-05-01 02:00:00,1366.45,1372.25,1350.32,1368.77
1777604400,2026-05-01 03:00:00,1368.58,1391.9,1362.75,1383.01
1777608000,2026-05-01 04:00:00,1382.78,1396.72,1377.89,1382.21
1777611600,2026-05-01 05:00:00,1382.1,1394.89,1376.81,1383.76
1777615200,2026-05-01 06:00:00,1383.88,1386.73,1364.92,1366.97
1777618800,2026-05-01 07:00:00,1366.59,1385.54,1359.11,1382.63
1777622400,2026-05-01 08:00:00,1382.78,1386.12,1367.86,1372.05
1777626000,2026-05-01 09:00:00,1371.73,1399.76,1366.96,1388.62
1777629600,2026-05-01 10:00:00,1388.75,1405.07,1381.31,1404.64
1777633200,2026-05-01 11:00:00,1404.69,1406.72,1376,1386.02
1777636800,2026-05-01 12:00:00,1386.56,1396.34,1377.27,1384.5
1777640400,2026-05-01 13:00:00,1384.37,1397.85,1378.38,1397.28
1777644000,2026-05-01 14:00:00,1397.28,1406.36,1375.24,1379.39
1777647600,2026-05-01 15:00:00,1379.61,1398.47,1373.69,1390.86
1777651200,2026-05-01 16:00:00,1390.86,1396.61,1381.54,1389.35
1777654800,2026-05-01 17:00:00,1389.21,1392.99,1380.94,1390.16
1777658400,2026-05-01 18:00:00,1390.15,1396.16,1376.74,1392.25
1777662000,2026-05-01 19:00:00,1392.01,1413.41,1382.21,1408.69
1777665600,2026-05-01 20:00:00,1408.95,1411.96,1385.82,1401.36
1777669200,2026-05-01 21:00:00,1401.24,1408.09,1378.66,1385.22
1777672800,2026-05-01 22:00:00,1385.16,1391.47,1376.29,1388.84
1777676400,2026-05-01 23:00:00,1388.88,1401.59,1383.38,1398.74
1777680000,2026-05-02 00:00:00,1398.65,1404.67,1378.55,1381.29
1777683600,2026-05-02 01:00:00,1381.44,1389.72,1371.86,1388.63
1777687200,2026-05-02 02:00:00,1388.15,1423.57,1387.76,1415.96
1777690800,2026-05-02 03:00:00,1416.03,1437.95,1408.54,1419.86
1777694400,2026-05-02 04:00:00,1419.84,1421.5,1406.54,1412.04
1777698000,2026-05-02 05:00:00,1412.09,1420.72,1405.71,1414.52
1777701600,2026-05-02 06:00:00,1414.49,1434.88,1410.59,1431.32
1777705200,2026-05-02 07:00:00,1431.91,1438.06,1412.26,1425.39
1777708800,2026-05-02 08:00:00,1425.17,1444.1,1423.17,1436.27
1777712400,2026-05-02 09:00:00,1435.97,1449.9,1427.72,1430.71
1777716000,2026-05-02 10:00:00,1430.8,1439.73,1416.14,1439.73
1777719600,2026-05-02 11:00:00,1439.53,1450.94,1429.45,1437.31
1777723200,2026-05-02 12:00:00,1437.71,1440.47,1425.17,1429.82
1777726800,2026-05-02 13:00:00,1429.77,1437.48,1404.18,1405.29
1777730400,2026-05-02 14:00:00,1405.31,1433.05,1403.71,1427.12
1777734000,2026-05-02 15:00:00,1427.38,1445.28,1419.58,1445.28
1777737600,2026-05-02 16:00:00,1445.05,1459.71,1439.49,1449.48
1777741200,2026-05-02 17:00:00,1449.86,1465.88,1443.12,1444.19
1777744800,2026-05-02 18:00:00,1444.31,1453.9,1423.58,1426.95
1777748400,2026-05-02 19:00:00,1426.75,1434.9,1414.88,1427.61
1777752000,2026-05-02 20:00:00,1427.6,1430.26,1403.72,1413.98
1777755600,2026-05-02 21:00:00,1414.08,1431.55,1407.42,1430.18
1777759200,2026-05-02 22:00:00,1429.65,1434.68,1406.77,1415.17
1777762800,2026-05-02 23:00:00,1415.07,1422.43,1402.56,1406.72
1777766400,2026-05-03 00:00:00,1406.56,1410.66,1396.29,1404.95
1777770000,2026-05-03 01:00:00,1405.56,1432.06,1402.1,1432.06
1777773600,2026-05-03 02:00:00,1432.36,1450.3,1429.45,1446.81
1777777200,2026-05-03 03:00:00,1447.16,1454.4,1431.2,1434.06
1777780800,2026-05-03 04:00:00,1434.27,1456.22,1426.84,1439.25
1777784400,2026-05-03 05:00:00,1439.25,1442.98,1412.61,1413.38
1777788000,2026-05-03 06:00:00,1413.1,1420.48,1393.36,1402.78
1777791600,2026-05-03 07:00:00,1403.06,1403.06,1368.59,1372.38
1777795200,2026-05-03 08:00:00,1372.63,1390.8,1371.35,1380.04
1777798800,2026-05-03 09:00:00,1379.66,1380.75,1331.49,1333.39
1777802400,2026-05-03 10:00:00,1333.57,1350.88,1320.66,1345.83
1777806000,2026-05-03 11:00:00,1345.9,1345.9,1322.46,1335.76
1777809600,2026-05-03 12:00:00,1336.33,1345.6,1329.83,1341.49
1777813200,2026-05-03 13:00:00,1341.27,1358.55,1328.83,1357.34
1777816800,2026-05-03 14:00:00,1357.43,1359.51,1340.25,1358.14
1777820400,2026-05-03 15:00:00,1358.17,1374.33,1350.38,1364.45
1777824000,2026-05-03 16:00:00,1364.23,1368.91,1354.64,1363.38
1777827600,2026-05-03 17:00:00,1363.74,1402.11,1362.31,1399.18
1777831200,2026-05-03 18:00:00,1399.31,1426.29,1398.86,1411.28
1777834800,2026-05-03 19:00:00,1411.14,1414.36,1388.94,1402.72
1777838400,2026-05-03 20:00:00,1402.74,1407.05,1392.32,1406.79
1777842000,2026-05-03 21:00:00,1406.95,1408.34,1381.29,1393.72
1777845600,2026-05-03 22:00:00,1393.74,1406.33,1388.07,1392.15
1777849200,2026-05-03 23:00:00,1392.54,1393.61,1350.91,1355.8
1777852800,2026-05-04 00:00:00,1355.62,1359.17,1337.62,1341.87
1777856400,2026-05-04 01:00:00,1341.81,1359.96,1340.03,1356.32
1777860000,2026-05-04 02:00:00,1356.05,1360.34,1330.95,1330.95
1777863600,2026-05-04 03:00:00,1331.23,1340.39,1324.78,1332.29
1777867200,2026-05-04 04:00:00,1331.86,1333.22,1320.7,1331.47
1777870800,2026-05-04 05:00:00,1331.19,1332.08,1317.41,1320.17
1777874400,2026-05-04 06:00:00,1320.1,1330.62,1312.86,1316.79
1777878000,2026-05-04 07:00:00,1316.47,1320.89,1304.63,1313.97
1777881600,2026-05-04 08:00:00,1313.98,1326.51,1310.33,1321.87
1777885200,2026-05-04 09:00:00,1321.7,1324.73,1295.25,1298.19
1777888800,2026-05-04 10:00:00,1298.12,1315.94,1291.58,1312.65
1777892400,2026-05-04 11:00:00,1312.4,1333.29,1310.48,1326.32
1777896000,2026-05-04 12:00:00,1326.41,1347.87,1326.14,1336.61
1777899600,2026-05-04 13:00:00,1336.26,1367.4,1335.07,1353.3
1777903200,2026-05-04 14:00:00,1353.55,1359.95,1334.69,1341.52
1777906800,2026-05-04 15:00:00,1341.16,1341.23,1315.91,1321.51
1777910400,2026-05-04 16:00:00,1321.58,1324.33,1303.42,1303.82
1777914000,2026-05-04 17:00:00,1303.85,1317.73,1300.2,1305.49
1777917600,2026-05-04 18:00:00,1305.9,1306.4,1286.9,1295.61
1777921200,2026-05-04 19:00:00,1295.71,1302.97,1287.14,1288.58
1777924800,2026-05-04 20:00:00,1289.09,1304.59,1287.47,1303.43
1777928400,2026-05-04 21:00:00,1303.29,1315.66,1299.67,1307.65
1777932000,2026-05-04 22:00:00,1307.6,1314.69,1295.4,1303.77
1777935600,2026-05-04 23:00:00,1303.9,1311.47,1296.35,1310.64
1777939200,2026-05-05 00:00:00,1311.04,1338.17,1309.83,1334.62
1777942800,2026-05-05 01:00:00,1334.28,1359.31,1331.63,1351.87
1777946400,2026-05-05 02:00:00,1351.87,1371.62,1349.79,1370.47
1777950000,2026-05-05 03:00:00,1370.54,1401.18,1369.2,1400.19
1777953600,2026-05-05 04:00:00,1400.35,1403.43,1387.69,1401.89
1777957200,2026-05-05 05:00:00,1402.3,1423.82,1401.84,1415.28
1777960800,2026-05-05 06:00:00,1415.6,1429.14,1408.51,1416.62
1777964400,2026-05-05 07:00:00,1416.38,1420.8,1387.72,1390.68
1777968000,2026-05-05 08:00:00,1391.1,1396.66,1372.77,1384.83
1777971600,2026-05-05 09:00:00,1384.73,1391.52,1368.45,1375.51
1777975200,2026-05-05 10:00:00,1375.33,1391.01,1372.47,1382
1777978800,2026-05-05 11:00:00,1381.66,1392.43,1377.24,1388.52
1777982400,2026-05-05 12:00:00,1388.6,1413.68,1385.47,1413.68
1777986000,2026-05-05 13:00:00,1413.32,1427.23,1406.26,1413.06
1777989600,2026-05-05 14:00:00,1412.98,1421.99,1404.91,1418.94
1777993200,2026-05-05 15:00:00,1418.83,1436.99,1418.06,1435
1777996800,2026-05-05 16:00:00,1434.72,1441.73,1415.31,1418.42
1778000400,2026-05-05 17:00:00,1418.26,1423.2,1388.43,1399.99
1778004000,2026-05-05 18:00:00,1400.27,1415.97,1395.3,1398.2
1778007600,2026-05-05 19:00:00,1397.89,1413.9,1394.89,1408.84
1778011200,2026-05-05 20:00:00,1409.07,1412.88,1383.41,1396.53
1778014800,2026-05-05 21:00:00,1396.65,1403.27,1383.34,1393.84
1778018400,2026-05-05 22:00:00,1394.2,1422.37,1393.38,1419.87
1778022000,2026-05-05 23:00:00,1420.16,1433.47,1412.24,1415.87
1778025600,2026-05-06 00:00:00,1415.58,1425.2,1407.37,1412.32
1778029200,2026-05-06 01:00:00,1412.51,1413.62,1389.05,1392.87
1778032800,2026-05-06 02:00:00,1392.91,1413.44,1388.89,1409.73
1778036400,2026-05-06 03:00:00,1409.94,1423.92,1402.81,1416.35
1778040000,2026-05-06 04:00:00,1416.16,1431.72,1410.45,1421.54
1778043600,2026-05-06 05:00:00,1421.98,1442.4,1416.54,1434.73
1778047200,2026-05-06 06:00:00,1434.49,1439.88,1420.08,1428.59
1778050800,2026-05-06 07:00:00,1428.58,1436.83,1411.83,1418.55
1778054400,2026-05-06 08:00:00,1418.73,1428.93,1410.18,1416.34
1778058000,2026-05-06 09:00:00,1416.5,1443.29,1416.3,1443.29
1778061600,2026-05-06 10:00:00,1443.5,1452.73,1436.08,1436.89
1778065200,2026-05-06 11:00:00,1437.06,1454.03,1436.2,1453.55
1778068800,2026-05-06 12:00:00,1453.58,1465.87,1435.26,1437.96
1778072400,2026-05-06 13:00:00,1437.77,1446.06,1432.44,1435.04
1778076000,2026-05-06 14:00:00,1435.13,1440.04,1397.7,1397.7
1778079600,2026-05-06 15:00:00,1397.61,1404.16,1377.92,1390.32
1778083200,2026-05-06 16:00:00,1390.45,1406.06,1382.25,1404.61
1778086800,2026-05-06 17:00:00,1405.06,1414.05,1384.6,1387.64
1778090400,2026-05-06 18:00:00,1387.24,1398.17,1369.83,1384.8
1778094000,2026-05-06 19:00:00,1384.29,1404.58,1374.47,1398.13
1778097600,2026-05-06 20:00:00,1398.13,1407.12,1387.14,1406.7
1778101200,2026-05-06 21:00:00,1406.46,1409.47,1392.09,1408.27
1778104800,2026-05-06 22:00:00,1408.57,1434.54,1403.9,1426.34
1778108400,2026-05-06 23:00:00,1426.56,1441.12,1419.53,1435.22
1778112000,2026-05-07 00:00:00,1434.98,1435.26,1410.06,1429.02
1778115600,2026-05-07 01:00:00,1428.67,1438.36,1422.23,1432.23
1778119200,2026-05-07 02:00:00,1432.53,1438.38,1416.59,1422.73
1778122800,2026-05-07 03:00:00,1422.37,1454.29,1418.75,1447.7
1778126400,2026-05-07 04:00:00,1447.64,1451.53,1422.96,1424.79
1778130000,2026-05-07 05:00:00,1424.87,1428.74,1413.21,1414.37
1778133600,2026-05-07 06:00:00,1414.15,1414.62,1393.18,1410.6
1778137200,2026-05-07 07:00:00,1410.53,1417.17,1362.76,1367.69
1778140800,2026-05-07 08:00:00,1367.67,1379.18,1359.52,1374.51
1778144400,2026-05-07 09:00:00,1374.09,1382.57,1349.16,1354.27
1778148000,2026-05-07 10:00:00,1354.08,1361.79,1347.02,1353.6
1778151600,2026-05-07 11:00:00,1353.13,1373.08,1350.53,1370.69
1778155200,2026-05-07 12:00:00,1370.63,1386.8,1363.09,1371.02
1778158800,2026-05-07 13:00:00,1370.74,1372.99,1347.38,1368.63
1778162400,2026-05-07 14:00:00,1368.66,1380.6,1351.83,1365.29
1778166000,2026-05-07 15:00:00,1364.95,1380.18,1357.8,1358.16
1778169600,2026-05-07 16:00:00,1358.73,1386.76,1358.62,1382.39
1778173200,2026-05-07 17:00:00,1382.41,1386.34,1355.22,1356.09
1778176800,2026-05-07 18:00:00,1355.81,1382.37,1347.97,1381.38
1778180400,2026-05-07 19:00:00,1381.6,1411.3,1379.34,1405.16
1778184000,2026-05-07 20:00:00,1405.28,1409.8,1388.94,1395.37
1778187600,2026-05-07 21:00:00,1395.53,1400.96,1381.86,1393.16
1778191200,2026-05-07 22:00:00,1392.97,1414.32,1390.61,1405.81
1778194800,2026-05-07 23:00:00,1406.25,1411.05,1387.29,1389.89
1778198400,2026-05-08 00:00:00,1389.61,1401.58,1381.37,1398.27
1778202000,2026-05-08 01:00:00,1397.89,1402,1375.94,1401.4
1778205600,2026-05-08 02:00:00,1401.54,1402.16,1386.8,1395.23
1778209200,2026-05-08 03:00:00,1395.32,1402.59,1387.25,1392.58
1778212800,2026-05-08 04:00:00,1392.75,1408.47,1388.86,1403.45
1778216400,2026-05-08 05:00:00,1403.19,1430.34,1401.65,1425.13
1778220000,2026-05-08 06:00:00,1425.53,1430.29,1407.78,1427.76
1778223600,2026-05-08 07:00:00,1427.87,1441.55,1420.81,1431.81
1778227200,2026-05-08 08:00:00,1431.79,1459.99,1426.47,1458.04
1778230800,2026-05-08 09:00:00,1457.75,1461.94,1441.88,1443.58
1778234400,2026-05-08 10:00:00,1443.44,1453.34,1418.68,1430.11
1778238000,2026-05-08 11:00:00,1430.07,1450.56,1418.12,1447.61
1778241600,2026-05-08 12:00:00,1447.59,1466.28,1444.35,1450.18
1778245200,2026-05-08 13:00:00,1450.3,1484.74,1442.85,1482.1
1778248800,2026-05-08 14:00:00,1481.9,1499.59,1465.98,1489.19
1778252400,2026-05-08 15:00:00,1489.1,1500.64,1481.59,1483.36
1778256000,2026-05-08 16:00:00,1483.96,1485.27,1454.11,1463.02
1778259600,2026-05-08 17:00:00,1463.26,1481.67,1452.61,1478.34
1778263200,2026-05-08 18:00:00,1478.52,1480.99,1462.18,1479.89
1778266800,2026-05-08 19:00:00,1479.73,1481.61,1466.08,1472.04
1778270400,2026-05-08 20:00:00,1471.75,1479.51,1462.26,1465.77
1778274000,2026-05-08 21:00:00,1465.59,1476.73,1458.53,1458.98
1778277600,2026-05-08 22:00:00,1459.27,1470.22,1456.53,1461.47
1778281200,2026-05-08 23:00:00,1461.44,1476.49,1449.74,1457.65
1778284800,2026-05-09 00:00:00,1457.46,1466.57,1425.68,1428.95
1778288400,2026-05-09 01:00:00,1428.79,1438.85,1411.02,1412.92
1778292000,2026-05-09 02:00:00,1413.07,1445.32,1410.44,1429.44
1778295600,2026-05-09 03:00:00,1429.79,1438.94,1419.75,1436.21
1778299200,2026-05-09 04:00:00,1436.03,1441.49,1405.72,1409.28
1778302800,2026-05-09 05:00:00,1409.32,1415.74,1401.9,1410.42
1778306400,2026-05-09 06:00:00,1410.7,1419.61,1400.41,1417.6
1778310000,2026-05-09 07:00:00,1417.57,1417.79,1397.06,1399.78
1778313600,2026-05-09 08:00:00,1400,1402.71,1368.47,1377.95
1778317200,2026-05-09 09:00:00,1377.36,1382.73,1359.79,1366.65
1778320800,2026-05-09 10:00:00,1366.9,1380.05,1356.98,1357.63
1778324400,2026-05-09 11:00:00,1357.68,1365.65,1325.44,1339.44
1778328000,2026-05-09 12:00:00,1339.5,1345.64,1315.25,1315.71
1778331600,2026-05-09 13:00:00,1315.53,1328.44,1309.27,1320.5
1778335200,2026-05-09 14:00:00,1320.26,1353.25,1317.89,1352.68
1778338800,2026-05-09 15:00:00,1352.4,1358.07,1336.86,1350.31
1778342400,2026-05-09 16:00:00,1350.33,1353.12,1327.23,1328.74
1778346000,2026-05-09 17:00:00,1328.67,1340.31,1320.23,1338.75
1778349600,2026-05-09 18:00:00,1338.78,1347.85,1336.62,1343.73
1778353200,2026-05-09 19:00:00,1343.44,1355.77,1328.29,1344.49
1778356800,2026-05-09 20:00:00,1344.85,1344.85,1325.28,1328.15
1778360400,2026-05-09 21:00:00,1327.99,1342.96,1324.41,1338.94
1778364000,2026-05-09 22:00:00,1338.79,1340.56,1319.06,1337.77
1778367600,2026-05-09 23:00:00,1337.74,1346.88,1327.55,1330.55
1778371200,2026-05-10 00:00:00,1330.74,1333.36,1310.02,1313.58
1778374800,2026-05-10 01:00:00,1313.34,1322.65,1310.87,1314.19
1778378400,2026-05-10 02:00:00,1314.2,1319.53,1288.18,1291.52
1778382000,2026-05-10 03:00:00,1291.65,1310.28,1291.65,1306.08
1778385600,2026-05-10 04:00:00,1306.16,1324.33,1303.61,1319.85
1778389200,2026-05-10 05:00:00,1319.81,1333.92,1315.95,1324.46
1778392800,2026-05-10 06:00:00,1324.03,1324.72,1298.85,1304.79
1778396400,2026-05-10 07:00:00,1304.77,1305.7,1282.62,1291.02
1778400000,2026-05-10 08:00:00,1290.77,1292.9,1266.21,1274.4
1778403600,2026-05-10 09:00:00,1274.51,1275.26,1253.83,1255.28
1778407200,2026-05-10 10:00:00,1254.92,1257.21,1236.03,1241.34
1778410800,2026-05-10 11:00:00,1241.45,1249.28,1219.59,1220.35
1778414400,2026-05-10 12:00:00,1220.04,1223.64,1196.88,1198.25
1778418000,2026-05-10 13:00:00,1198.48,1198.81,1172.46,1190.96
1778421600,2026-05-10 14:00:00,1190.97,1202.89,1180.8,1202.89
1778425200,2026-05-10 15:00:00,1202.61,1203.56,1188.97,1202.47
1778428800,2026-05-10 16:00:00,1201.95,1205.41,1188.86,1196.43
1778432400,2026-05-10 17:00:00,1196.62,1205.46,1181.82,1185.51
1778436000,2026-05-10 18:00:00,1185.33,1186.83,1173.24,1184.39
1778439600,2026-05-10 19:00:00,1184.26,1186.66,1170.36,1182.34
1778443200,2026-05-10 20:00:00,1182.63,1199.96,1182.63,1193.99
1778446800,2026-05-10 21:00:00,1193.88,1198.6,1185.84,1190.86
1778450400,2026-05-10 22:00:00,1190.81,1201.3,1172.45,1174.07
1778454000,2026-05-10 23:00:00,1174.23,1181.97,1165.39,1169.64
1778457600,2026-05-11 00:00:00,1169.87,1176.13,1153,1156.34
1778461200,2026-05-11 01:00:00,1156.46,1167.68,1141.33,1146.2
1778464800,2026-05-11 02:00:00,1146.01,1147.26,1124.59,1129.91
1778468400,2026-05-11 03:00:00,1129.88,1140.8,1123.55,1134.91
1778472000,2026-05-11 04:00:00,1134.92,1164.3,1133.84,1162.32
1778475600,2026-05-11 05:00:00,1162.17,1180.39,1154.48,1179.53
1778479200,2026-05-11 06:00:00,1179.39,1192.7,1177,1185.94
1778482800,2026-05-11 07:00:00,1185.57,1204.15,1180.52,1200.72
1778486400,2026-05-11 08:00:00,1201.3,1203.98,1186.5,1195.86
1778490000,2026-05-11 09:00:00,1195.96,1224.2,1195.18,1222.19
1778493600,2026-05-11 10:00:00,1222.05,1225.85,1209.11,1217.51
1778497200,2026-05-11 11:00:00,1217.87,1234.4,1216.24,1218.94
1778500800,2026-05-11 12:00:00,1219.08,1226.53,1215.05,1220.48
1778504400,2026-05-11 13:00:00,1220.47,1221.78,1199.38,1215.57
1778508000,2026-05-11 14:00:00,1215.62,1223.03,1203.18,1219.14
1778511600,2026-05-11 15:00:00,1218.94,1225.54,1214.04,1221.66
1778515200,2026-05-11 16:00:00,1221.89,1238.33,1218.39,1235.95
1778518800,2026-05-11 17:00:00,1236.06,1242.16,1226.27,1237.33
1778522400,2026-05-11 18:00:00,1237.06,1244.48,1229.3,1242.48
1778526000,2026-05-11 19:00:00,1242.39,1263.32,1239.74,1261.86
1778529600,2026-05-11 20:00:00,1261.72,1270.17,1247.29,1266.21
1778533200,2026-05-11 21:00:00,1266.19,1271.98,1255.78,1266.56
1778536800,2026-05-11 22:00:00,1266.82,1274.73,1251.03,1256.11
1778540400,2026-05-11 23:00:00,1256.11,1256.32,1232,1235.63
1778544000,2026-05-12 00:00:00,1235.5,1235.5,1203.35,1212.22
1778547600,2026-05-12 01:00:00,1212,1213.2,1186.11,1190.93
1778551200,2026-05-12 02:00:00,1190.85,1197.77,1177.04,1178.45
1778554800,2026-05-12 03:00:00,1178.7,1182.28,1164.3,1166.34
1778558400,2026-05-12 04:00:00,1166.16,1175.29,1154.29,1165.88
1778562000,2026-05-12 05:00:00,1166,1177.78,1163.97,1177
1778565600,2026-05-12 06:00:00,1176.91,1187.82,1172.12,1177.34
1778569200,2026-05-12 07:00:00,1177.53,1178.06,1160.48,1161.93
1778572800,2026-05-12 08:00:00,1161.84,1177.14,1157.72,1177.13
1778576400,2026-05-12 09:00:00,1177.2,1188.26,1172.79,1176.57
1778580000,2026-05-12 10:00:00,1176.52,1176.88,1160.02,1167.18
1778583600,2026-05-12 11:00:00,1167.46,1186.45,1166.93,1182.46
1778587200,2026-05-12 12:00:00,1182.34,1193.69,1180.62,1180.62
1778590800,2026-05-12 13:00:00,1180.4,1200.98,1177.65,1186.51
1778594400,2026-05-12 14:00:00,1186.55,1187.48,1171.98,1173.01
1778598000,2026-05-12 15:00:00,1173.48,1182.79,1160.25,1163.22
1778601600,2026-05-12 16:00:00,1163.34,1172.64,1159.22,1164.58
1778605200,2026-05-12 17:00:00,1164.36,1165.29,1145.81,1154.07
1778608800,2026-05-12 18:00:00,1154.37,1184.9,1148.44,1181.69
1778612400,2026-05-12 19:00:00,1181.76,1189.81,1174.08,1174.08
1778616000,2026-05-12 20:00:00,1174.53,1176.92,1150.02,1150.59
1778619600,2026-05-12 21:00:00,1150.92,1155.96,1142.84,1145.73
1778623200,2026-05-12 22:00:00,1145.84,1149.71,1126.23,1135.13
1778626800,2026-05-12 23:00:00,1135.06,1144.1,1129.08,1140.02
1778630400,2026-05-13 00:00:00,1140.32,1143.02,1124.46,1132.14
1778634000,2026-05-13 01:00:00,1132,1150.25,1130.98,1144.64
1778637600,2026-05-13 02:00:00,1144.88,1149.79,1136.74,1141.13
1778641200,2026-05-13 03:00:00,1141.07,1147.92,1128.1,1135.96
1778644800,2026-05-13 04:00:00,1136.12,1145.66,1128.03,1144.06
1778648400,2026-05-13 05:00:00,1143.95,1149.06,1132.39,1146.29
1778652000,2026-05-13 06:00:00,1146.26,1152.48,1130.17,1134.5
1778655600,2026-05-13 07:00:00,1134.61,1157.44,1133.66,1147.49
1778659200,2026-05-13 08:00:00,1147.38,1165.93,1144.45,1158.41
1778662800,2026-05-13 09:00:00,1158.39,1171.38,1155.66,1168.53
1778666400,2026-05-13 10:00:00,1168.5,1189.03,1166.46,1186.57
1778670000,2026-05-13 11:00:00,1186.31,1227.89,1184.33,1223.96
1778673600,2026-05-13 12:00:00,1223.85,1229.55,1211.62,1226.76
1778677200,2026-05-13 13:00:00,1226.53,1241.66,1226.53,1238.5
1778680800,2026-05-13 14:00:00,1238.88,1247.49,1216.67,1221.71
1778684400,2026-05-13 15:00:00,1221.42,1226.37,1215.18,1220.39
1778688000,2026-05-13 16:00:00,1220.29,1221.94,1188.54,1193.06
1778691600,2026-05-13 17:00:00,1193.17,1204.61,1190.1,1200.85
1778695200,2026-05-13 18:00:00,1201.12,1206.54,1192.31,1194.22
1778698800,2026-05-13 19:00:00,1194.05,1197.07,1178.87,1195.14
1778702400,2026-05-13 20:00:00,1195.13,1203.18,1186.07,1188.37
1778706000,2026-05-13 21:00:00,1188.7,1188.7,1171.66,1178.9
1778709600,2026-05-13 22:00:00,1178.98,1184.16,1167.2,1172.78
1778713200,2026-05-13 23:00:00,1172.69,1188.68,1172.55,1186.88
1778716800,2026-05-14 00:00:00,1186.6,1189.13,1171.16,1173.03
1778720400,2026-05-14 01:00:00,1173.46,1178.95,1155.96,1160.03
1778724000,2026-05-14 02:00:00,1159.73,1175.33,1156.39,1165.58
1778727600,2026-05-14 03:00:00,1165.66,1181.06,1158.42,1178.52
1778731200,2026-05-14 04:00:00,1178.63,1196.2,1172.52,1190.62
1778734800,2026-05-14 05:00:00,1190.45,1191.76,1166.07,1183.89
1778738400,2026-05-14 06:00:00,1183.75,1197.75,1178.84,1195.11
1778742000,2026-05-14 07:00:00,1195.35,1202.95,1189.44,1189.65
1778745600,2026-05-14 08:00:00,1189.45,1193.98,1178.33,1186.6
1778749200,2026-05-14 09:00:00,1186.52,1192.1,1167.63,1170.7
1778752800,2026-05-14 10:00:00,1170.78,1176.03,1157.73,1165.6
1778756400,2026-05-14 11:00:00,1165.5,1177.67,1158.88,1174.3
1778760000,2026-05-14 12:00:00,1174.13,1177.96,1164.54,1164.98
1778763600,2026-05-14 13:00:00,1164.69,1171.85,1156.64,1158.11
1778767200,2026-05-14 14:00:00,1158.16,1169.93,1156.06,1165.67
1778770800,2026-05-14 15:00:00,1165.72,1202.48,1161.85,1201.85
1778774400,2026-05-14 16:00:00,1202.29,1226.91,1200.59,1224.99
1778778000,2026-05-14 17:00:00,1224.83,1239.21,1217.34,1236.05
1778781600,2026-05-14 18:00:00,1236.41,1242.86,1224.21,1238.21
1778785200,2026-05-14 19:00:00,1238.17,1243.48,1215.72,1218.39
1778788800,2026-05-14 20:00:00,1218.66,1227.98,1212.34,1225.05
1778792400,2026-05-14 21:00:00,1225.08,1226.65,1209.53,1210.16
1778796000,2026-05-14 22:00:00,1210.27,1242.42,1207.74,1240.48
1778799600,2026-05-14 23:00:00,1240.68,1249.75,1234.22,1236.91
1778803200,2026-05-15 00:00:00,1237.07,1250.04,1230.46,1243.89
1778806800,2026-05-15 01:00:00,1243.73,1258.57,1243.54,1247.44
1778810400,2026-05-15 02:00:00,1247.19,1255.01,1241.39,1248.49
1778814000,2026-05-15 03:00:00,1248.06,1256.64,1238.65,1243.86
1778817600,2026-05-15 04:00:00,1244.01,1244.68,1218.18,1224.8
1778821200,2026-05-15 05:00:00,1225.16,1227.53,1203.66,1207.36
1778824800,2026-05-15 06:00:00,1207.72,1215.35,1195.81,1199.01
1778828400,2026-05-15 07:00:00,1198.86,1200.31,1186.79,1196.08
1778832000,2026-05-15 08:00:00,1196.33,1214.09,1195.39,1198.25
1778835600,2026-05-15 09:00:00,1197.68,1214.46,1192.26,1204.29
1778839200,2026-05-15 10:00:00,1204.15,1217.43,1195.82,1215.46
1778842800,2026-05-15 11:00:00,1216.09,1227.39,1207.02,1224.5
1778846400,2026-05-15 12:00:00,1224.68,1225.67,1208.46,1214.44
1778850000,2026-05-15 13:00:00,1214.49,1227.07,1201.17,1224.99
1778853600,2026-05-15 14:00:00,1225.11,1236.54,1216.79,1225.71
1778857200,2026-05-15 15:00:00,1225.76,1239.08,1220.73,1226.55
1778860800,2026-05-15 16:00:00,1226.33,1235.4,1207.88,1209.19
1778864400,2026-05-15 17:00:00,1209.14,1219.62,1197.31,1203.93
1778868000,2026-05-15 18:00:00,1204.1,1205.85,1184.88,1188.24
1778871600,2026-05-15 19:00:00,1188.32,1191.75,1171.01,1181.93
1778875200,2026-05-15 20:00:00,1181.56,1204.34,1181.56,1201.92
1778878800,2026-05-15 21:00:00,1201.77,1205.19,1188.5,1190.8
1778882400,2026-05-15 22:00:00,1190.9,1212.64,1185.27,1210.28
1778886000,2026-05-15 23:00:00,1210.31,1211.67,1195.35,1206.74
1778889600,2026-05-16 00:00:00,1206.61,1212.36,1198.09,1203.17
1778893200,2026-05-16 01:00:00,1203.27,1204,1168.91,1169.76
1778896800,2026-05-16 02:00:00,1169.76,1182.3,1167.43,1182.3
1778900400,2026-05-16 03:00:00,1182.25,1213.63,1174.24,1208.8
1778904000,2026-05-16 04:00:00,1208.59,1223.2,1206.64,1222.1
1778907600,2026-05-16 05:00:00,1222.38,1235.22,1217.04,1219.81
1778911200,2026-05-16 06:00:00,1219.82,1225.12,1205.17,1212.93
1778914800,2026-05-16 07:00:00,1212.6,1219.28,1207.45,1209.08
1778918400,2026-05-16 08:00:00,1209.14,1215.86,1204.05,1205.07
1778922000,2026-05-16 09:00:00,1204.81,1212.51,1191.09,1195.49
1778925600,2026-05-16 10:00:00,1195.19,1195.79,1179.49,1189.97
1778929200,2026-05-16 11:00:00,1190.4,1205.33,1188.07,1196.9
1778932800,2026-05-16 12:00:00,1196.64,1206.15,1190.25,1198.53
1778936400,2026-05-16 13:00:00,1198.73,1205.94,1180.74,1185.81
1778940000,2026-05-16 14:00:00,1185.68,1193.6,1172.1,1172.63
1778943600,2026-05-16 15:00:00,1173.14,1180.62,1159.1,1164.02
1778947200,2026-05-16 16:00:00,1164.26,1169.13,1158.43,1167.43
1778950800,2026-05-16 17:00:00,1167.36,1171.26,1156.32,1157.93
1778954400,2026-05-16 18:00:00,1157.93,1168.72,1154.02,1161.49
1778958000,2026-05-16 19:00:00,1161.78,1173.76,1157.49,1163.94
1778961600,2026-05-16 20:00:00,1163.82,1164.59,1143.29,1161.86
1778965200,2026-05-16 21:00:00,1161.68,1167.17,1152.55,1154.52
1778968800,2026-05-16 22:00:00,1154.32,1168.98,1147.1,1152.67
1778972400,2026-05-16 23:00:00,1152.87,1161.24,1149.42,1154.37
1778976000,2026-05-17 00:00:00,1154.13,1157.99,1143.31,1148.99
1778979600,2026-05-17 01:00:00,1148.78,1161.03,1144.99,1146.58
1778983200,2026-05-17 02:00:00,1146.54,1166.1,1146.37,1165.01
1778986800,2026-05-17 03:00:00,1165.48,1185.29,1162.05,1175.95
1778990400,2026-05-17 04:00:00,1176.23,1177.41,1157.16,1161.12
1778994000,2026-05-17 05:00:00,1161.26,1172.11,1149.43,1166.64
1778997600,2026-05-17 06:00:00,1166.08,1167.27,1147.65,1151.64
1779001200,2026-05-17 07:00:00,1151.33,1159.33,1144.37,1150.16
1779004800,2026-05-17 08:00:00,1150.12,1153.56,1138.79,1146.07
1779008400,2026-05-17 09:00:00,1146.06,1148.21,1120.92,1130.48
1779012000,2026-05-17 10:00:00,1130.59,1155.16,1127.97,1149.64
1779015600,2026-05-17 11:00:00,1149.58,1166.83,1147.11,1163.44
1779019200,2026-05-17 12:00:00,1163.08,1168.03,1147.32,1151.65
1779022800,2026-05-17 13:00:00,1151.75,1152.99,1137.6,1147.87
1779026400,2026-05-17 14:00:00,1147.99,1165.84,1140.01,1148.15
1779030000,2026-05-17 15:00:00,1147.95,1149.54,1132.54,1135.3
1779033600,2026-05-17 16:00:00,1135.08,1148.11,1131.17,1144.7
1779037200,2026-05-17 17:00:00,1144.21,1147.39,1124.99,1127.38
1779040800,2026-05-17 18:00:00,1127.32,1137.7,1126.41,1132.88
1779044400,2026-05-17 19:00:00,1132.74,1145.45,1129.26,1131.52
1779048000,2026-05-17 20:00:00,1131.69,1134.18,1100.3,1104.02
1779051600,2026-05-17 21:00:00,1104.2,1107.02,1089.2,1098.61
1779055200,2026-05-17 22:00:00,1098.84,1108.68,1086.58,1089.78
1779058800,2026-05-17 23:00:00,1089.84,1096.7,1080.44,1081.49
1779062400,2026-05-18 00:00:00,1081.07,1084.2,1071.53,1079.52
1779066000,2026-05-18 01:00:00,1079.5,1084.2,1069.27,1073.37
1779069600,2026-05-18 02:00:00,1073.54,1087.12,1070.37,1082.32
1779073200,2026-05-18 03:00:00,1082.62,1105.53,1082.21,1092.99
1779076800,2026-05-18 04:00:00,1092.83,1106.73,1080.22,1105.51
1779080400,2026-05-18 05:00:00,1105.54,1107.73,1097.36,1105.81
1779084000,2026-05-18 06:00:00,1105.78,1126.65,1103.25,1107.77
1779087600,2026-05-18 07:00:00,1107.69,1114.62,1097.45,1101.02
1779091200,2026-05-18 08:00:00,1100.98,1104.09,1092.25,1097.29
1779094800,2026-05-18 09:00:00,1097.27,1098.45,1069.2,1069.86
1779098400,2026-05-18 10:00:00,1070.19,1082.91,1063.84,1079.75
1779102000,2026-05-18 11:00:00,1079.76,1080.79,1063.86,1073.21
1779105600,2026-05-18 12:00:00,1073.2,1075.53,1049.81,1058.04
1779109200,2026-05-18 13:00:00,1058.12,1068.13,1056.83,1068.11
1779112800,2026-05-18 14:00:00,1067.97,1074.73,1063.85,1070.25
1779116400,2026-05-18 15:00:00,1070.25,1076.72,1059.25,1065.7
1779120000,2026-05-18 16:00:00,1065.88,1070.1,1057.86,1065.24
1779123600,2026-05-18 17:00:00,1065.35,1068.81,1050.08,1052.59
1779127200,2026-05-18 18:00:00,1052.6,1059.12,1042.92,1046.66
1779130800,2026-05-18 19:00:00,1046.73,1055.22,1039.88,1040.27
1779134400,2026-05-18 20:00:00,1040.02,1055.48,1038.39,1048.52
1779138000,2026-05-18 21:00:00,1048.3,1057.38,1047.5,1056.01
1779141600,2026-05-18 22:00:00,1055.51,1062.53,1053.3,1059.37
1779145200,2026-05-18 23:00:00,1059.44,1061.84,1039.26,1040.39
1779148800,2026-05-19 00:00:00,1040.35,1065.01,1039.59,1060.71
1779152400,2026-05-19 01:00:00,1060.77,1067.35,1041.23,1041.23
1779156000,2026-05-19 02:00:00,1041.42,1041.73,1027.37,1029.93
1779159600,2026-05-19 03:00:00,1030.12,1045.53,1024.3,1040.34
1779163200,2026-05-19 04:00:00,1040.33,1055.31,1037.63,1050.54
1779166800,2026-05-19 05:00:00,1050.43,1066.62,1048.98,1050.8
1779170400,2026-05-19 06:00:00,1050.7,1057.35,1048.01,1052.3
1779174000,2026-05-19 07:00:00,1052.3,1055.65,1039.04,1051.52
1779177600,2026-05-19 08:00:00,1051.27,1051.9,1034.55,1038.82
1779181200,2026-05-19 09:00:00,1038.76,1044.38,1033.77,1042.05
1779184800,2026-05-19 10:00:00,1042.05,1046.12,1025.6,1025.81
1779188400,2026-05-19 11:00:00,1025.4,1041.81,1019.23,1038.69
1779192000,2026-05-19 12:00:00,1038.52,1045.65,1031.1,1045.09
1779195600,2026-05-19 13:00:00,1045.06,1045.06,1008.79,1010.08
1779199200,2026-05-19 14:00:00,1010.15,1014.15,999,1012.93
1779202800,2026-05-19 15:00:00,1012.99,1013.94,996.8,1005.22
1779206400,2026-05-19 16:00:00,1005.34,1011.91,995.5,1009.96
1779210000,2026-05-19 17:00:00,1010.34,1012.3,995.67,998.39
1779213600,2026-05-19 18:00:00,998.3,1007.96,992.42,999.06
1779217200,2026-05-19 19:00:00,999.28,1000.84,987.17,996.38
1779220800,2026-05-19 20:00:00,996.4,1002.48,973.94,976.64
1779224400,2026-05-19 21:00:00,976.49,982.43,973.88,978.61
1779228000,2026-05-19 22:00:00,978.75,989.83,974.61,987.69
1779231600,2026-05-19 23:00:00,987.75,999.95,982.75,999.74
1779235200,2026-05-20 00:00:00,999.57,1010.38,998.4,1009.78
1779238800,2026-05-20 01:00:00,1009.63,1015.75,984.76,984.76
1779242400,2026-05-20 02:00:00,984.51,989.97,975.07,982.68
1779246000,2026-05-20 03:00:00,982.78,985.92,973.21,978.59
1779249600,2026-05-20 04:00:00,978.38,982.32,967.24,981.15
1779253200,2026-05-20 05:00:00,981,982.19,964.46,972.43
1779256800,2026-05-20 06:00:00,972.44,973.45,948.07,954.28
1779260400,2026-05-20 07:00:00,954.26,964.5,950.78,963.92
1779264000,2026-05-20 08:00:00,964.36,985.45,958.45,983.24
1779267600,2026-05-20 09:00:00,983.3,986.12,961.61,961.95
1779271200,2026-05-20 10:00:00,962.03,962.57,953.23,960.13
1779274800,2026-05-20 11:00:00,960.13,969.48,957.63,959.21
1779278400,2026-05-20 12:00:00,959.12,969.99,956.57,967.9
1779282000,2026-05-20 13:00:00,967.84,977.9,966.38,974.84
1779285600,2026-05-20 14:00:00,975.02,976.84,966.12,967.6
1779289200,2026-05-20 15:00:00,967.63,985.06,964.48,978.25
1779292800,2026-05-20 16:00:00,978.58,978.73,959.47,961.9
1779296400,2026-05-20 17:00:00,961.87,964.78,950.01,955.15
1779300000,2026-05-20 18:00:00,955.08,965.63,953.1,955.77
1779303600,2026-05-20 19:00:00,955.94,959.62,948.8,957.15
1779307200,2026-05-20 20:00:00,956.93,963.95,948.38,961.03
1779310800,2026-05-20 21:00:00,961.07,974.36,957.73,970.86
1779314400,2026-05-20 22:00:00,971,979.32,964.65,978.76
1779318000,2026-05-20 23:00:00,979.26,987.06,968.99,986.25
1779321600,2026-05-21 00:00:00,986.4,1011.48,984.14,1006.22
1779325200,2026-05-21 01:00:00,1006.25,1012.35,1000.33,1011.44
1779328800,2026-05-21 02:00:00,1011.41,1012.95,991.96,993.64
1779332400,2026-05-21 03:00:00,993.55,996.69,979.71,992.41
1779336000,2026-05-21 04:00:00,992.39,1009.67,992,1000.33
1779339600,2026-05-21 05:00:00,1000.58,1004.5,992.6,992.6
1779343200,2026-05-21 06:00:00,992.58,1013.83,992.58,1011.09
1779346800,2026-05-21 07:00:00,1011.2,1011.94,999.32,1005.62
1779350400,2026-05-21 08:00:00,1005.86,1014.66,1001.64,1008.88
1779354000,2026-05-21 09:00:00,1008.91,1021.76,1001.42,1007.78
1779357600,2026-05-21 10:00:00,1007.79,1011.49,994.5,1001.77
1779361200,2026-05-21 11:00:00,1001.66,1004.22,976.32,978.17
1779364800,2026-05-21 12:00:00,978.4,985.38,973.35,983.86
1779368400,2026-05-21 13:00:00,984.07,996.03,982.61,989.73
1779372000,2026-05-21 14:00:00,989.59,1003.48,981.66,998.67
1779375600,2026-05-21 15:00:00,998.77,1014.24,998.44,1008.32
1779379200,2026-05-21 16:00:00,1008.33,1009.89,1000.99,1002.48
1779382800,2026-05-21 17:00:00,1002.5,1011.91,1000.19,1003.25
1779386400,2026-05-21 18:00:00,1003.31,1004.95,988.4,999.79
1779390000,2026-05-21 19:00:00,999.61,1009.21,992.61,994.13
1779393600,2026-05-21 20:00:00,994.35,1015.44,990.71,1010.08
1779397200,2026-05-21 21:00:00,1010.17,1019.16,1009.82,1013.5
1779400800,2026-05-21 22:00:00,1013.48,1019.66,1004.35,1005.79
1779404400,2026-05-21 23:00:00,1005.94,1012.16,1001.93,1010.12
1779408000,2026-05-22 00:00:00,1010.17,1014.66,1005.5,1012.24
1779411600,2026-05-22 01:00:00,1012.22,1014.78,999.83,1000.13
1779415200,2026-05-22 02:00:00,1000.13,1001.65,982.46,987.44
1779418800,2026-05-22 03:00:00,987.43,989.51,976.36,980.8
1779422400,2026-05-22 04:00:00,980.59,994.58,967.34,973.43
1779426000,2026-05-22 05:00:00,973.47,985.93,969.92,975.34
1779429600,2026-05-22 06:00:00,975.6,979.49,965.65,965.88
1779433200,2026-05-22 07:00:00,966.08,982.61,961.82,972.62
1779436800,2026-05-22 08:00:00,972.57,974.82,957.93,959.7
1779440400,2026-05-22 09:00:00,959.66,962.56,949.94,959.59
1779444000,2026-05-22 10:00:00,959.6,964.96,951.25,961.63
1779447600,2026-05-22 11:00:00,961.36,967.15,954.36,959.45
1779451200,2026-05-22 12:00:00,959.5,960.51,951.98,955.64
1779454800,2026-05-22 13:00:00,955.79,956.92,934.59,935
1779458400,2026-05-22 14:00:00,935.26,945.01,934.51,942.04
1779462000,2026-05-22 15:00:00,941.95,949.04,936.91,940.83
1779465600,2026-05-22 16:00:00,940.71,949.96,936.8,948.99
1779469200,2026-05-22 17:00:00,948.91,960.32,943.34,955.16
1779472800,2026-05-22 18:00:00,955.2,970.89,951.01,966.94
1779476400,2026-05-22 19:00:00,967.16,971.87,955.53,961.91
1779480000,2026-05-22 20:00:00,961.84,963.46,947.74,948.07
1779483600,2026-05-22 21:00:00,948.14,960.31,943.14,953.11
1779487200,2026-05-22 22:00:00,953.3,957.76,942.67,951.73
1779490800,2026-05-22 23:00:00,951.88,953.58,943.51,946.72
1779494400,2026-05-23 00:00:00,946.73,958.02,939.71,944.64
1779498000,2026-05-23 01:00:00,944.78,945.12,929.96,938.54
1779501600,2026-05-23 02:00:00,938.34,952.26,938.26,951.11
1779505200,2026-05-23 03:00:00,951.13,955.34,937.18,941.49
1779508800,2026-05-23 04:00:00,941.68,945.88,928.62,932.42
1779512400,2026-05-23 05:00:00,932.18,938.95,925.68,930.11
1779516000,2026-05-23 06:00:00,930.03,935.49,926.14,931.23
1779519600,2026-05-23 07:00:00,931.04,950.11,927.12,933.96
1779523200,2026-05-23 08:00:00,933.82,935.63,921.95,926.37
1779526800,2026-05-23 09:00:00,926.35,929.15,911.49,913.9
1779530400,2026-05-23 10:00:00,913.73,924.79,904.92,914.16
1779534000,2026-05-23 11:00:00,914.08,934.72,909.96,929.31
1779537600,2026-05-23 12:00:00,929.26,935.19,923.09,930.28
1779541200,2026-05-23 13:00:00,930.35,932.44,922.99,925.29
1779544800,2026-05-23 14:00:00,925.28,927.14,914.88,920.91
1779548400,2026-05-23 15:00:00,921.1,923.85,911.01,914.94
1779552000,2026-05-23 16:00:00,915.03,922.7,911.9,919.01
1779555600,2026-05-23 17:00:00,919.09,922.81,915.01,917.37
1779559200,2026-05-23 18:00:00,917.7,921.43,911.37,914.65
1779562800,2026-05-23 19:00:00,914.78,923.5,907.75,921.24
1779566400,2026-05-23 20:00:00,921.28,928.74,911.38,912.28
1779570000,2026-05-23 21:00:00,912.55,929.13,910.71,920.46
1779573600,2026-05-23 22:00:00,920.47,931.41,914.47,925.79
1779577200,2026-05-23 23:00:00,925.9,932.81,920.95,924.64
1779580800,2026-05-24 00:00:00,924.71,932.06,919.66,931.17
1779584400,2026-05-24 01:00:00,931.23,931.74,914.95,919.26
1779588000,2026-05-24 02:00:00,919.19,923.18,911.14,911.37
1779591600,2026-05-24 03:00:00,911.48,918.96,902.48,908.53
1779595200,2026-05-24 04:00:00,908.51,922.09,907.25,921.26
1779598800,2026-05-24 05:00:00,921.32,931.95,917.74,931.19
1779602400,2026-05-24 06:00:00,931.16,942.82,931.16,935.48
1779606000,2026-05-24 07:00:00,935.51,941.51,919.23,919.33
1779609600,2026-05-24 08:00:00,919.16,935.46,916.77,928.53
1779613200,2026-05-24 09:00:00,928.57,945.48,928.54,945.38
1779616800,2026-05-24 10:00:00,945.43,959.64,945.32,958.14
1779620400,2026-05-24 11:00:00,957.98,969.1,950.26,953.53
1779624000,2026-05-24 12:00:00,953.65,955.08,943.16,950.71
1779627600,2026-05-24 13:00:00,950.78,958.42,947.81,957.83
1779631200,2026-05-24 14:00:00,957.83,963.61,950.37,956.92
1779634800,2026-05-24 15:00:00,956.66,966.74,945.84,964.05
1779638400,2026-05-24 16:00:00,963.7,966.12,954.97,960.76
1779642000,2026-05-24 17:00:00,961,975.91,956.93,968.99
1779645600,2026-05-24 18:00:00,968.76,975.92,962.66,970
1779649200,2026-05-24 19:00:00,970.24,979.28,965.67,971.03
1779652800,2026-05-24 20:00:00,971.12,971.73,958.48,966.03
1779656400,2026-05-24 21:00:00,966.05,967.92,946.35,946.57
1779660000,2026-05-24 22:00:00,946.54,948.93,936.17,941.57
1779663600,2026-05-24 23:00:00,941.65,951.62,932.52,933.28
1779667200,2026-05-25 00:00:00,933.45,934.58,925.99,931.42
1779670800,2026-05-25 01:00:00,931.46,943.43,931.41,935.01
1779674400,2026-05-25 02:00:00,935.16,935.52,926.36,929.34
1779678000,2026-05-25 03:00:00,929.32,930.26,899.19,902.85
1779681600,2026-05-25 04:00:00,902.76,904.69,888.93,889.22
1779685200,2026-05-25 05:00:00,889.33,893.4,880.15,880.65
1779688800,2026-05-25 06:00:00,880.55,882.12,869.78,879.8
1779692400,2026-05-25 07:00:00,879.54,888.92,876.7,883.49
1779696000,2026-05-25 08:00:00,883.62,893.22,876.52,889.48
1779699600,2026-05-25 09:00:00,889.53,900.14,879.81,897.85
1779703200,2026-05-25 10:00:00,897.91,898.94,874.02,882.11
1779706800,2026-05-25 11:00:00,882.47,886.11,866.88,872.01
1779710400,2026-05-25 12:00:00,872.06,899.51,871.85,897.78
1779714000,2026-05-25 13:00:00,897.91,908.19,889.06,897.59
1779717600,2026-05-25 14:00:00,897.45,907.9,890.85,906.23
1779721200,2026-05-25 15:00:00,906.21,921.96,905.34,909.63
1779724800,2026-05-25 16:00:00,909.43,912.69,895.67,911.66
1779728400,2026-05-25 17:00:00,911.65,921.51,907.66,918.26
1779732000,2026-05-25 18:00:00,918.11,930.06,916.83,923.78
1779735600,2026-05-25 19:00:00,923.88,934.04,921.17,927.2
1779739200,2026-05-25 20:00:00,927.32,954.65,926.2,945.55
1779742800,2026-05-25 21:00:00,945.61,946.69,934.32,938.37
1779746400,2026-05-25 22:00:00,938.26,948.34,929.44,934.39
1779750000,2026-05-25 23:00:00,934.41,949.7,932.18,945.12
1779753600,2026-05-26 00:00:00,944.97,951.09,936.12,947.83
1779757200,2026-05-26 01:00:00,947.92,952.3,937.81,941.04
1779760800,2026-05-26 02:00:00,941.11,948.43,939.72,945.88
1779764400,2026-05-26 03:00:00,946.15,960.59,944.22,956.18
1779768000,2026-05-26 04:00:00,956.11,966.93,953.3,953.5
1779771600,2026-05-26 05:00:00,953.01,963.09,950.51,951.58
1779775200,2026-05-26 06:00:00,951.7,952.5,918.22,920.51
1779778800,2026-05-26 07:00:00,920.39,935.19,913.38,932.97
1779782400,2026-05-26 08:00:00,933.36,943.1,930.76,935.27
1779786000,2026-05-26 09:00:00,935.48,941.55,932.98,939.14
1779789600,2026-05-26 10:00:00,938.98,939.85,907.29,907.39
1779793200,2026-05-26 11:00:00,907.28,912.09,902.58,904.5
1779796800,2026-05-26 12:00:00,904.49,904.96,894.65,903.52
1779800400,2026-05-26 13:00:00,903.13,903.7,873.24,879.69
1779804000,2026-05-26 14:00:00,879.64,882.3,872.76,877.94
1779807600,2026-05-26 15:00:00,877.96,880.28,862.71,867.59
1779811200,2026-05-26 16:00:00,867.34,875.97,852.19,854.32
1779814800,2026-05-26 17:00:00,854.15,855.33,842.56,851.78
1779818400,2026-05-26 18:00:00,851.77,858.19,846.85,852.48
1779822000,2026-05-26 19:00:00,852.55,860.76,844.43,844.61
1779825600,2026-05-26 20:00:00,844.28,854.99,843.12,849.23
1779829200,2026-05-26 21:00:00,849.17,863.96,847.7,863.96
1779832800,2026-05-26 22:00:00,863.9,871.79,860.12,869.64
1779836400,2026-05-26 23:00:00,869.57,878.69,865.99,867.72
1779840000,2026-05-27 00:00:00,867.98,873.79,863.62,864.69
1779843600,2026-05-27 01:00:00,864.72,879.96,864.19,879.9
1779847200,2026-05-27 02:00:00,879.69,886.28,868.17,868.36
1779850800,2026-05-27 03:00:00,868.08,881.95,867.16,881.95
1779854400,2026-05-27 04:00:00,882.22,895.91,880.11,887.69
1779858000,2026-05-27 05:00:00,887.53,898.23,884.15,898.19
1779861600,2026-05-27 06:00:00,898.19,898.95,881.87,883.72
1779865200,2026-05-27 07:00:00,883.69,886.42,876.18,876.26
1779868800,2026-05-27 08:00:00,876.38,879.41,870.99,877.7
1779872400,2026-05-27 09:00:00,877.71,903.37,877.36,892.71
1779876000,2026-05-27 10:00:00,892.55,909.22,892.55,909.22
1779879600,2026-05-27 11:00:00,909.24,917.69,900.52,900.65
1779883200,2026-05-27 12:00:00,900.54,901.75,872.71,873.47
1779886800,2026-05-27 13:00:00,873.7,882.6,866.94,870
1779890400,2026-05-27 14:00:00,869.84,870.26,858.54,861.23
1779894000,2026-05-27 15:00:00,861.38,866.72,854.52,858.3
1779897600,2026-05-27 16:00:00,858.36,864.59,852.82,854.51
1779901200,2026-05-27 17:00:00,854.41,860.95,850.46,856.96
1779904800,2026-05-27 18:00:00,857.04,865.84,856.51,858.17
1779908400,2026-05-27 19:00:00,858.1,863.59,852.33,859.42
1779912000,2026-05-27 20:00:00,859.35,859.35,845.18,851.27
1779915600,2026-05-27 21:00:00,851.06,857.4,845.38,847.17
1779919200,2026-05-27 22:00:00,847.31,847.37,839.06,839.93
1779922800,2026-05-27 23:00:00,839.94,844.9,833.97,843.56
1779926400,2026-05-28 00:00:00,843.37,853.33,841.41,849.91
1779930000,2026-05-28 01:00:00,850.06,852.44,832.2,832.65
1779933600,2026-05-28 02:00:00,832.87,837.78,828.01,831.64
1779937200,2026-05-28 03:00:00,831.6,839.05,822.42,825.71
1779940800,2026-05-28 04:00:00,825.81,826.41,803.41,804.98
1779944400,2026-05-28 05:00:00,805.07,811.69,798.6,800.95
1779948000,2026-05-28 06:00:00,800.82,819.67,800.25,813.24
1779951600,2026-05-28 07:00:00,813.36,813.38,797.5,805.08
1779955200,2026-05-28 08:00:00,805.14,806.92,797.54,800.87
1779958800,2026-05-28 09:00:00,800.91,811.62,799.96,805.57
1779962400,2026-05-28 10:00:00,805.81,810.04,793.85,795.74
1779966000,2026-05-28 11:00:00,795.77,803.33,793.25,801.51
1779969600,2026-05-28 12:00:00,801.54,820.85,800.43,819.2
1779973200,2026-05-28 13:00:00,819.25,820.77,806.11,810.67
1779976800,2026-05-28 14:00:00,810.42,817.55,795.56,796.18
1779980400,2026-05-28 15:00:00,796.2,804.57,795.31,797.76
1779984000,2026-05-28 16:00:00,797.48,805.04,787.01,804.19
1779987600,2026-05-28 17:00:00,804.07,816.84,803.52,816.13
1779991200,2026-05-28 18:00:00,816.02,825.72,807.97,823.42
1779994800,2026-05-28 19:00:00,823.53,831.67,818.79,827.36
1779998400,2026-05-28 20:00:00,827.32,831.83,819.05,819.52
1780002000,2026-05-28 21:00:00,819.52,819.98,802.98,803
1780005600,2026-05-28 22:00:00,803.15,808.63,800.12,802.78
1780009200,2026-05-28 23:00:00,802.8,819.01,801.69,807.21
1780012800,2026-05-29 00:00:00,807.24,814.12,803.43,805.76
1780016400,2026-05-29 01:00:00,805.83,811.65,800.66,808.7
1780020000,2026-05-29 02:00:00,808.85,814.3,802.48,812.44
1780023600,2026-05-29 03:00:00,812.18,816.81,801.95,803.5
1780027200,2026-05-29 04:00:00,803.63,817.49,802.41,815.71
1780030800,2026-05-29 05:00:00,815.84,818.6,806.35,813.09
1780034400,2026-05-29 06:00:00,812.99,814.58,795.41,795.67
1780038000,2026-05-29 07:00:00,795.62,796.77,777.05,781.39
1780041600,2026-05-29 08:00:00,781.29,788.91,773.19,775.71
1780045200,2026-05-29 09:00:00,775.8,790.56,775.53,789.86
1780048800,2026-05-29 10:00:00,789.93,793.02,785.87,789.35
1780052400,2026-05-29 11:00:00,789,791.2,783.91,786.87
1780056000,2026-05-29 12:00:00,786.85,792.66,780.44,787.09
1780059600,2026-05-29 13:00:00,787.34,795.97,784.76,792.81
1780063200,2026-05-29 14:00:00,792.95,794.22,782.5,785.7
1780066800,2026-05-29 15:00:00,786,789.79,771.18,772.72
1780070400,2026-05-29 16:00:00,772.69,786.47,770.86,785.78
1780074000,2026-05-29 17:00:00,785.62,793.77,783.28,787.31
1780077600,2026-05-29 18:00:00,787.14,795.06,782.85,793.39
1780081200,2026-05-29 19:00:00,793.49,795.37,783.21,784.53
1780084800,2026-05-29 20:00:00,784.35,785.6,764.12,766.48
1780088400,2026-05-29 21:00:00,766.72,774.37,762.62,772.49
1780092000,2026-05-29 22:00:00,772.41,788.66,771.75,778.91
1780095600,2026-05-29 23:00:00,778.93,782.43,770.87,776.19
1780099200,2026-05-30 00:00:00,776.25,788.06,772.82,787.31
1780102800,2026-05-30 01:00:00,787.54,796.82,785.98,794.36
1780106400,2026-05-30 02:00:00,794.47,795.88,786.43,789
1780110000,2026-05-30 03:00:00,788.86,788.86,772.87,780.77
1780113600,2026-05-30 04:00:00,780.82,790.24,774.5,786.31
1780117200,2026-05-30 05:00:00,786.29,793.04,784.34,791.76
1780120800,2026-05-30 06:00:00,791.76,795.38,787.53,791.18
1780124400,2026-05-30 07:00:00,791.2,800.69,787.16,788.21
1780128000,2026-05-30 08:00:00,788.33,801.59,783.59,800.25
1780131600,2026-05-30 09:00:00,800.5,803.5,794.01,797.51
1780135200,2026-05-30 10:00:00,797.37,804.63,797.24,799.06
1780138800,2026-05-30 11:00:00,799.04,814.71,796.29,814.38
1780142400,2026-05-30 12:00:00,814.22,815.76,795.03,795.32
1780146000,2026-05-30 13:00:00,795.46,814.26,792.19,812.01
1780149600,2026-05-30 14:00:00,811.99,813.1,803.17,804.61
1780153200,2026-05-30 15:00:00,804.38,815.25,803.14,813.02
1780156800,2026-05-30 16:00:00,812.81,814.69,803.2,814.45
1780160400,2026-05-30 17:00:00,814.42,816.26,808.38,809.89
1780164000,2026-05-30 18:00:00,809.88,810.33,794.72,798.01
1780167600,2026-05-30 19:00:00,798.06,812.01,797.83,806.59
1780171200,2026-05-30 20:00:00,806.51,825,806.51,824.18
1780174800,2026-05-30 21:00:00,824.31,832.5,821.01,831.12
1780178400,2026-05-30 22:00:00,831.05,843.26,829.7,840.47
1780182000,2026-05-30 23:00:00,840.58,852.72,840.54,842.99
1780185600,2026-05-31 00:00:00,843.05,855.83,838.09,847.73
1780189200,2026-05-31 01:00:00,847.9,853.28,837.09,838.24
1780192800,2026-05-31 02:00:00,838.32,848.64,833.09,846.66
1780196400,2026-05-31 03:00:00,846.48,855.22,840.68,854.37
1780200000,2026-05-31 04:00:00,854.43,864.05,850.3,859.35
1780203600,2026-05-31 05:00:00,859.39,878,854.44,869.74
1780207200,2026-05-31 06:00:00,869.96,874.28,863.56,872.16
1780210800,2026-05-31 07:00:00,872.22,876.81,862.84,866.13
1780214400,2026-05-31 08:00:00,866.28,871.62,863.16,869.6
1780218000,2026-05-31 09:00:00,869.65,880.81,865.84,867.1
1780221600,2026-05-31 10:00:00,867.14,872.68,861.19,871.77
1780225200,2026-05-31 11:00:00,872.07,878.85,867.92,875.83
1780228800,2026-05-31 12:00:00,875.88,877.82,864.16,866.14
1780232400,2026-05-31 13:00:00,866.22,868.87,843.94,845.67
1780236000,2026-05-31 14:00:00,845.55,853.12,840.5,850.28
1780239600,2026-05-31 15:00:00,850.29,856.98,841.42,848.22
1780243200,2026-05-31 16:00:00,848.37,854.22,835.2,836.52
1780246800,2026-05-31 17:00:00,836.6,865.15,835.08,861.08
1780250400,2026-05-31 18:00:00,861.43,862.87,845.57,856.39
1780254000,2026-05-31 19:00:00,856.25,866.29,853.78,856.78
1780257600,2026-05-31 20:00:00,856.45,864.91,854.18,859.81
1780261200,2026-05-31 21:00:00,859.41,864.03,852,856.8
1780264800,2026-05-31 22:00:00,856.73,868.3,855.97,862.29
1780268400,2026-05-31 23:00:00,862.31,862.78,853.89,858.64
1780272000,2026-06-01 00:00:00,858.61,865.42,856.4,859.07
1780275600,2026-06-01 01:00:00,859.13,877.28,857.49,876.94
1780279200,2026-06-01 02:00:00,877.26,905.21,875.43,903.44
1780282800,2026-06-01 03:00:00,903.42,911.48,892.95,895.11
1780286400,2026-06-01 04:00:00,894.84,902.72,873.13,873.13
1780290000,2026-06-01 05:00:00,873.13,887.44,865.54,882.95
1780293600,2026-06-01 06:00:00,883.13,889.57,872.32,886.57
1780297200,2026-06-01 07:00:00,886.75,892.16,881.8,887.59
1780300800,2026-06-01 08:00:00,887.48,891.6,873.15,880.95
1780304400,2026-06-01 09:00:00,881.04,882.88,874.58,878.43
1780308000,2026-06-01 10:00:00,878.27,878.27,867.31,871.76
1780311600,2026-06-01 11:00:00,871.99,873.51,858.23,870.89
1780315200,2026-06-01 12:00:00,871.16,879.54,864.03,874.72
1780318800,2026-06-01 13:00:00,874.7,878.27,862.98,868.28
1780322400,2026-06-01 14:00:00,868.27,872.58,861.49,863.49
1780326000,2026-06-01 15:00:00,863.49,880.08,860.23,873.78
1780329600,2026-06-01 16:00:00,873.71,880.88,866.59,874.6
1780333200,2026-06-01 17:00:00,874.79,894.39,874.62,892.23
1780336800,2026-06-01 18:00:00,892.07,901.73,885.2,900.67
1780340400,2026-06-01 19:00:00,900.6,910.14,899.07,904.3
1780344000,2026-06-01 20:00:00,904.31,925.1,904.09,921.34
1780347600,2026-06-01 21:00:00,921.24,926.16,917.63,920.05
1780351200,2026-06-01 22:00:00,919.99,924.8,906.02,906.19
1780354800,2026-06-01 23:00:00,906.05,910.21,890.96,893.14
1780358400,2026-06-02 00:00:00,893.36,910.64,889.57,904.06
1780362000,2026-06-02 01:00:00,903.9,906.41,895.05,901.05
1780365600,2026-06-02 02:00:00,901.21,908.4,898.09,907.19
1780369200,2026-06-02 03:00:00,907.04,910.14,891.49,894.5
1780372800,2026-06-02 04:00:00,894.17,900.34,888.59,889.45
1780376400,2026-06-02 05:00:00,889.4,903.41,886.45,899.06
1780380000,2026-06-02 06:00:00,899.01,921.16,894.69,918.42
1780383600,2026-06-02 07:00:00,918.38,926.87,916.26,921.88
1780387200,2026-06-02 08:00:00,921.85,923.47,905.73,906.3
1780390800,2026-06-02 09:00:00,906.24,915.62,896.01,897.33
1780394400,2026-06-02 10:00:00,897.29,899.59,885.16,885.16
1780398000,2026-06-02 11:00:00,884.94,888.37,876.55,880.87
1780401600,2026-06-02 12:00:00,881.13,881.46,857.66,860.1
1780405200,2026-06-02 13:00:00,860.2,864.23,846.1,852.23
1780408800,2026-06-02 14:00:00,852.16,862.73,851.1,855.26
1780412400,2026-06-02 15:00:00,855.35,856.2,842.41,847.89
1780416000,2026-06-02 16:00:00,847.97,854.44,845,848.04
1780419600,2026-06-02 17:00:00,848.34,853.86,843.78,848.47
1780423200,2026-06-02 18:00:00,848.23,857.92,843.49,843.61
1780426800,2026-06-02 19:00:00,843.6,845.59,820.22,821.01
1780430400,2026-06-02 20:00:00,821.15,821.44,810.56,815.54
1780434000,2026-06-02 21:00:00,815.46,827.82,811.35,820.54
1780437600,2026-06-02 22:00:00,820.74,821.19,809.36,812.6
1780441200,2026-06-02 23:00:00,812.58,826.52,811.66,822.17
1780444800,2026-06-03 00:00:00,822,822,806.94,813.1
1780448400,2026-06-03 01:00:00,813.34,814.42,806,807.95
1780452000,2026-06-03 02:00:00,807.84,815.99,805.85,813.91
1780455600,2026-06-03 03:00:00,813.93,833.51,812.67,829.53
1780459200,2026-06-03 04:00:00,829.41,838.95,828.57,833.97
1780462800,2026-06-03 05:00:00,833.88,841.18,825.68,827.06
1780466400,2026-06-03 06:00:00,826.71,828.65,818.89,824.64
1780470000,2026-06-03 07:00:00,824.65,831.73,819.62,824.84
1780473600,2026-06-03 08:00:00,825.13,829.93,818.18,828.13
1780477200,2026-06-03 09:00:00,827.96,830.93,821.1,822.73
1780480800,2026-06-03 10:00:00,822.66,823.71,812.8,815.61
1780484400,2026-06-03 11:00:00,815.46,815.46,801.5,804.62
1780488000,2026-06-03 12:00:00,804.89,811.58,799.33,806.94
1780491600,2026-06-03 13:00:00,806.78,821.77,805.51,821.23
1780495200,2026-06-03 14:00:00,821.05,832.04,816.85,830.69
1780498800,2026-06-03 15:00:00,830.76,832.16,823.13,827.75
1780502400,2026-06-03 16:00:00,827.72,827.72,814.39,815.87
1780506000,2026-06-03 17:00:00,815.74,818.52,807.03,809.23
1780509600,2026-06-03 18:00:00,809.45,821.24,804.37,818.36
1780513200,2026-06-03 19:00:00,818.4,830.52,814.23,827.41
1780516800,2026-06-03 20:00:00,827.51,840.67,823.98,836.76
1780520400,2026-06-03 21:00:00,836.93,841.31,822.6,829.2
1780524000,2026-06-03 22:00:00,829.28,836.2,827.12,832.4
1780527600,2026-06-03 23:00:00,832.34,832.46,820.6,823.06
1780531200,2026-06-04 00:00:00,823,823.78,806.99,812.35
1780534800,2026-06-04 01:00:00,812.28,816.32,804.07,806.72
1780538400,2026-06-04 02:00:00,806.73,820.62,806.38,817.92
1780542000,2026-06-04 03:00:00,818,837.4,815.77,833.1
1780545600,2026-06-04 04:00:00,832.79,835.04,815.59,823.34
1780549200,2026-06-04 05:00:00,823.55,827.17,811.19,817.76
1780552800,2026-06-04 06:00:00,817.65,824.99,815.75,815.75
1780556400,2026-06-04 07:00:00,815.75,823.69,813.7,816.49
1780560000,2026-06-04 08:00:00,816.41,830.74,815.36,829.08
1780563600,2026-06-04 09:00:00,829.09,836.09,826.58,829.51
1780567200,2026-06-04 10:00:00,829.42,848.48,828.61,833.94
1780570800,2026-06-04 11:00:00,834.17,842.24,828.66,835.81
1780574400,2026-06-04 12:00:00,835.82,839.94,830.84,839.11
1780578000,2026-06-04 13:00:00,839.06,848.86,834.75,844.8
1780581600,2026-06-04 14:00:00,844.98,847.58,833.59,833.88
1780585200,2026-06-04 15:00:00,834.03,834.87,821.95,833.51
1780588800,2026-06-04 16:00:00,833.54,837.27,818.67,818.72
1780592400,2026-06-04 17:00:00,818.56,834.47,818.53,832.09
1780596000,2026-06-04 18:00:00,832.27,834.25,819.01,826.02
1780599600,2026-06-04 19:00:00,825.75,835.16,825.17,831.61
1780603200,2026-06-04 20:00:00,831.71,844.17,822.94,839.48
1780606800,2026-06-04 21:00:00,839.47,853.02,836.12,852.48
1780610400,2026-06-04 22:00:00,852.56,868.49,849.76,863.96
1780614000,2026-06-04 23:00:00,864.24,866.13,857.83,861.5
1780617600,2026-06-05 00:00:00,861.5,864.9,849.55,852.49
1780621200,2026-06-05 01:00:00,852.57,854.96,839.92,842.65
1780624800,2026-06-05 02:00:00,842.77,845.83,834,835.04
1780628400,2026-06-05 03:00:00,835.36,848.7,835.36,847.42
1780632000,2026-06-05 04:00:00,847.44,853.19,842.6,843.25
1780635600,2026-06-05 05:00:00,843.27,845.85,835.35,842.87
1780639200,2026-06-05 06:00:00,842.96,856.58,839.73,848.77
1780642800,2026-06-05 07:00:00,848.84,850.03,829.57,832.69
1780646400,2026-06-05 08:00:00,832.54,838.41,828.51,830.23
1780650000,2026-06-05 09:00:00,830.48,830.75,817.82,822.33
1780653600,2026-06-05 10:00:00,822.55,823.21,810.64,820.41
1780657200,2026-06-05 11:00:00,820.37,822.47,801.36,804.97
1780660800,2026-06-05 12:00:00,804.9,805.38,795.39,800.56
1780664400,2026-06-05 13:00:00,800.77,803.12,785.52,792.68
1780668000,2026-06-05 14:00:00,792.65,801.03,789.93,797.73
1780671600,2026-06-05 15:00:00,797.95,802.54,792.37,801.64
1780675200,2026-06-05 16:00:00,801.76,807.78,783.4,784.01
1780678800,2026-06-05 17:00:00,784.01,792.19,781.98,786.88
1780682400,2026-06-05 18:00:00,786.92,792.19,775.62,777.57
1780686000,2026-06-05 19:00:00,777.35,784.39,768.22,768.22
1780689600,2026-06-05 20:00:00,768.22,773.23,760.18,771.6
1780693200,2026-06-05 21:00:00,771.47,775.66,762.59,769.65
1780696800,2026-06-05 22:00:00,769.5,772.44,755.24,756.33
1780700400,2026-06-05 23:00:00,756.41,762.2,743.37,747.21
1780704000,2026-06-06 00:00:00,747.3,756.75,744.14,752.7
1780707600,2026-06-06 01:00:00,752.96,755.75,739.05,739.51
1780711200,2026-06-06 02:00:00,739.69,740.12,729.55,729.58
1780714800,2026-06-06 03:00:00,729.39,734.45,723.76,731.41
1780718400,2026-06-06 04:00:00,731.41,741.13,726.69,735.6
1780722000,2026-06-06 05:00:00,735.36,744.89,735.03,742.54
1780725600,2026-06-06 06:00:00,742.64,742.83,726.67,734.77
1780729200,2026-06-06 07:00:00,734.78,741.85,731.5,738.85
1780732800,2026-06-06 08:00:00,738.8,739.65,724.29,727.25
1780736400,2026-06-06 09:00:00,727.31,740.1,723.55,739.69
1780740000,2026-06-06 10:00:00,739.84,744.84,734.7,741.14
1780743600,2026-06-06 11:00:00,741.25,746.32,737.2,745.26
1780747200,2026-06-06 12:00:00,745.05,747.1,730.94,740.5
1780750800,2026-06-06 13:00:00,740.4,740.54,728.2,732.05
1780754400,2026-06-06 14:00:00,731.97,733,722.23,732.9
1780758000,2026-06-06 15:00:00,732.92,741.67,729.24,734.01
1780761600,2026-06-06 16:00:00,734.07,748.56,731.2,745.34
1780765200,2026-06-06 17:00:00,745.33,753.32,744.14,748.71
1780768800,2026-06-06 18:00:00,748.61,750.22,728.19,728.72
1780772400,2026-06-06 19:00:00,728.52,729.22,715.22,715.86
1780776000,2026-06-06 20:00:00,715.89,725.54,713.51,725.06
1780779600,2026-06-06 21:00:00,724.94,728.71,715.03,715.71
1780783200,2026-06-06 22:00:00,715.79,717.11,697.99,698.22
1780786800,2026-06-06 23:00:00,698.41,711.36,695.62,708.55
1780790400,2026-06-07 00:00:00,708.76,710.86,698.62,704.75
1780794000,2026-06-07 01:00:00,704.83,715.29,704.34,710.16
1780797600,2026-06-07 02:00:00,710.32,722.81,709.6,722.24
1780801200,2026-06-07 03:00:00,722.41,722.72,710.9,715.67
1780804800,2026-06-07 04:00:00,715.7,729.27,713.34,719.23
1780808400,2026-06-07 05:00:00,719.27,722.41,710.81,716.6
1780812000,2026-06-07 06:00:00,716.52,728.43,715.03,727.84
1780815600,2026-06-07 07:00:00,727.76,727.76,712.79,720.39
1780819200,2026-06-07 08:00:00,720.39,720.96,708.96,716.9
1780822800,2026-06-07 09:00:00,717.16,720.32,704.33,706.53
1780826400,2026-06-07 10:00:00,706.68,708.98,698.32,705.79
1780830000,2026-06-07 11:00:00,705.97,708.5,699.69,703.82
1780833600,2026-06-07 12:00:00,703.9,708.19,698.45,703.6
1780837200,2026-06-07 13:00:00,703.75,711.03,695.44,698.27
1780840800,2026-06-07 14:00:00,698.26,702.71,692.8,702.64
1780844400,2026-06-07 15:00:00,702.7,711.02,698.91,708.36
1780848000,2026-06-07 16:00:00,708.33,711.5,702.26,704.63
1780851600,2026-06-07 17:00:00,704.49,707.29,697.02,701.22
1780855200,2026-06-07 18:00:00,701.17,710,695.61,701.6
1780858800,2026-06-07 19:00:00,701.46,711.55,700.05,711.4
1780862400,2026-06-07 20:00:00,711.15,714.54,705.05,708.68
1780866000,2026-06-07 21:00:00,708.59,715.44,704.71,715.15
1780869600,2026-06-07 22:00:00,715.12,719.72,709.52,712.52
1780873200,2026-06-07 23:00:00,712.65,714.62,704.45,707.72
1780876800,2026-06-08 00:00:00,708.03,709.38,701.65,708.82
1780880400,2026-06-08 01:00:00,709.02,718.26,706.86,717.49
1780884000,2026-06-08 02:00:00,717.71,725.82,714,720.04
1780887600,2026-06-08 03:00:00,720.32,721.76,705.92,712.73
1780891200,2026-06-08 04:00:00,713.04,717.84,705.82,705.93
1780894800,2026-06-08 05:00:00,706,712.24,702.93,707.9
1780898400,2026-06-08 06:00:00,708.02,711.33,700.42,702.35
1780902000,2026-06-08 07:00:00,702.53,715.56,699.8,713.11
1780905600,2026-06-08 08:00:00,713.18,714.49,700.36,704.62
1780909200,2026-06-08 09:00:00,704.43,719.15,703.71,710.12
1780912800,2026-06-08 10:00:00,710.09,719.85,708.57,716.53
1780916400,2026-06-08 11:00:00,716.65,720.32,707.39,707.78
1780920000,2026-06-08 12:00:00,707.81,715.4,705.86,714.24
1780923600,2026-06-08 13:00:00,714.21,723.77,707.19,721.86
1780927200,2026-06-08 14:00:00,721.88,724.11,713.88,718.75
1780930800,2026-06-08 15:00:00,718.72,719.16,703.17,705.58
1780934400,2026-06-08 16:00:00,705.5,711.61,705,706.3
1780938000,2026-06-08 17:00:00,706.44,722.78,705.17,722.33
1780941600,2026-06-08 18:00:00,722.33,723.08,709.95,712.08
1780945200,2026-06-08 19:00:00,712.03,721.93,709.99,713.35
1780948800,2026-06-08 20:00:00,713.45,719.47,707.63,716.17
1780952400,2026-06-08 21:00:00,716.49,727.72,716.14,718.72
1780956000,2026-06-08 22:00:00,718.73,723.62,712.47,719.17
1780959600,2026-06-08 23:00:00,719.08,721.09,711.53,717.34
1780963200,2026-06-09 00:00:00,717.46,722.43,714.51,715.87
1780966800,2026-06-09 01:00:00,715.83,718.11,703.8,709.22
1780970400,2026-06-09 02:00:00,708.93,717.35,708.58,714.57
1780974000,2026-06-09 03:00:00,714.4,716.44,703.94,706.68
1780977600,2026-06-09 04:00:00,706.53,712.09,701.82,707.82
1780981200,2026-06-09 05:00:00,707.92,713.48,705.02,713.01
1780984800,2026-06-09 06:00:00,712.93,719.81,711.85,715.46
1780988400,2026-06-09 07:00:00,715.37,715.44,705.34,711.43
1780992000,2026-06-09 08:00:00,711.63,713.47,697.39,698.5
1780995600,2026-06-09 09:00:00,698.59,713.84,695.8,713.84
1780999200,2026-06-09 10:00:00,714.06,718.61,708.06,717.02
1781002800,2026-06-09 11:00:00,717.09,721.01,705.05,719.24
1781006400,2026-06-09 12:00:00,718.86,719.84,708.7,709.95
1781010000,2026-06-09 13:00:00,710.18,714.77,707,711.96
1781013600,2026-06-09 14:00:00,712.05,712.23,694.93,695.76
1781017200,2026-06-09 15:00:00,695.99,696.5,687.45,689.56
1781020800,2026-06-09 16:00:00,689.51,701.91,689.51,701.38
1781024400,2026-06-09 17:00:00,701.41,715.16,699.49,711.75
1781028000,2026-06-09 18:00:00,711.71,724.49,711.12,722.87
1781031600,2026-06-09 19:00:00,722.84,724.89,717.34,722.76
1781035200,2026-06-09 20:00:00,722.8,728.8,717.68,726.09
1781038800,2026-06-09 21:00:00,726.22,735.88,725.63,733.26
1781042400,2026-06-09 22:00:00,733.21,738.07,729.91,732.08
1781046000,2026-06-09 23:00:00,731.94,732.77,713.78,714.4
1781049600,2026-06-10 00:00:00,714.47,717.48,695.03,695.59
1781053200,2026-06-10 01:00:00,695.69,697.34,689.27,693.15
1781056800,2026-06-10 02:00:00,693.22,701.65,692.87,698.33
1781060400,2026-06-10 03:00:00,698.4,710.1,696.49,707.37
1781064000,2026-06-10 04:00:00,707.15,712.69,700.43,708.54
1781067600,2026-06-10 05:00:00,708.63,717.01,705.32,709
1781071200,2026-06-10 06:00:00,708.99,713.92,706.45,708.42
1781074800,2026-06-10 07:00:00,708.62,718.47,708.27,718.21
1781078400,2026-06-10 08:00:00,718.46,721.54,712.15,719.17
1781082000,2026-06-10 09:00:00,719.02,723.89,714.5,715.08
1781085600,2026-06-10 10:00:00,715.05,725.67,713.14,723.08
1781089200,2026-06-10 11:00:00,723.27,729.93,717.92,724.94
1781092800,2026-06-10 12:00:00,724.87,726.77,713.48,718.11
1781096400,2026-06-10 13:00:00,718.24,725.51,716.03,716.38
1781100000,2026-06-10 14:00:00,716.37,722.94,713.27,721.16
1781103600,2026-06-10 15:00:00,721.11,733,720.91,727.75
1781107200,2026-06-10 16:00:00,727.58,740.19,726.92,731.8
1781110800,2026-06-10 17:00:00,731.77,743.42,727.61,740.6
1781114400,2026-06-10 18:00:00,740.5,742.31,728.23,736.3
1781118000,2026-06-10 19:00:00,736.6,741.78,733.26,741.78
1781121600,2026-06-10 20:00:00,742.02,745.02,732.68,735.76
1781125200,2026-06-10 21:00:00,735.71,742.45,731.66,736.45
1781128800,2026-06-10 22:00:00,736.39,745.97,735.35,745.02
1781132400,2026-06-10 23:00:00,744.87,746.64,732.82,746.17
1781136000,2026-06-11 00:00:00,746.17,746.76,734.64,739.49
1781139600,2026-06-11 01:00:00,739.5,741.98,727.86,728.71
1781143200,2026-06-11 02:00:00,728.89,730.46,722.11,724.5
1781146800,2026-06-11 03:00:00,724.63,728.03,717.98,728.03
1781150400,2026-06-11 04:00:00,728.22,733.65,719.69,720.04
1781154000,2026-06-11 05:00:00,720.27,724.48,718.39,720.75
1781157600,2026-06-11 06:00:00,720.89,729.86,716.84,729.43
1781161200,2026-06-11 07:00:00,729.38,730.45,724.11,724.72
1781164800,2026-06-11 08:00:00,724.67,733.68,722.49,723.54
1781168400,2026-06-11 09:00:00,723.55,725.71,716.69,719.65
1781172000,2026-06-11 10:00:00,719.66,721.66,709.71,714.47
1781175600,2026-06-11 11:00:00,714.43,722.48,712.18,722.29
1781179200,2026-06-11 12:00:00,722.44,723.59,703.83,704.4
1781182800,2026-06-11 13:00:00,704.35,709.59,700.15,705.03
1781186400,2026-06-11 14:00:00,705.04,714.35,703.23,711.81
1781190000,2026-06-11 15:00:00,711.8,715.81,707.61,708.39
1781193600,2026-06-11 16:00:00,708.24,725.38,706.35,718.91
1781197200,2026-06-11 17:00:00,719,722.86,710.37,712.66
1781200800,2026-06-11 18:00:00,712.5,723.31,708.91,709.54
1781204400,2026-06-11 19:00:00,709.42,713.54,704.3,710.64
1781208000,2026-06-11 20:00:00,710.69,712.34,701.39,705.4
1781211600,2026-06-11 21:00:00,705.34,706.67,695.32,698.83
1781215200,2026-06-11 22:00:00,699.04,700.03,687.75,690.72
1781218800,2026-06-11 23:00:00,690.84,693.27,681.97,686.85
1781222400,2026-06-12 00:00:00,686.81,689.31,677.69,678.23
1781226000,2026-06-12 01:00:00,678.25,685.27,676.92,678.16
1781229600,2026-06-12 02:00:00,678.18,688.82,677.9,688.82
1781233200,2026-06-12 03:00:00,688.67,688.96,676.92,679.9
1781236800,2026-06-12 04:00:00,679.99,686.5,678.66,684.59
1781240400,2026-06-12 05:00:00,684.52,687.17,678.18,681.98
1781244000,2026-06-12 06:00:00,682.1,687.56,678.87,683.66
1781247600,2026-06-12 07:00:00,683.66,697.42,682.64,695.6
1781251200,2026-06-12 08:00:00,695.81,696.02,687.42,694.79
1781254800,2026-06-12 09:00:00,694.77,702.84,692.61,694.6
1781258400,2026-06-12 10:00:00,694.68,704.76,689.11,703.04
1781262000,2026-06-12 11:00:00,703.19,704.06,691.47,691.76
1781265600,2026-06-12 12:00:00,691.82,699.42,690.76,697.29
1781269200,2026-06-12 13:00:00,697.08,698.06,689.38,691.23
1781272800,2026-06-12 14:00:00,691.26,697.63,684.34,696.53
1781276400,2026-06-12 15:00:00,696.67,708.64,693.65,707.22
1781280000,2026-06-12 16:00:00,707.47,710.38,702.27,704.79
1781283600,2026-06-12 17:00:00,704.67,705.1,693.8,699.74
1781287200,2026-06-12 18:00:00,699.72,701.62,686.3,689.33
1781290800,2026-06-12 19:00:00,689.37,706.88,689.35,702.6
1781294400,2026-06-12 20:00:00,702.66,724.43,702.63,720.34
1781298000,2026-06-12 21:00:00,720.48,735.2,715.71,728.22
1781301600,2026-06-12 22:00:00,728.32,736.41,723.72,734.04
1781305200,2026-06-12 23:00:00,734.12,753.53,734.12,753.08
1781308800,2026-06-13 00:00:00,753.11,753.39,734.02,739.85
1781312400,2026-06-13 01:00:00,740.13,741.77,732.22,732.9
1781316000,2026-06-13 02:00:00,733.13,736.57,724.22,726.85
1781319600,2026-06-13 03:00:00,726.79,733.8,725.62,726.31
1781323200,2026-06-13 04:00:00,726.29,729.99,716.49,726.7
1781326800,2026-06-13 05:00:00,726.54,732.19,723.4,728.97
1781330400,2026-06-13 06:00:00,729.16,731.13,719.1,721.16
1781334000,2026-06-13 07:00:00,721.23,724.36,713.03,718.2
1781337600,2026-06-13 08:00:00,718.45,720.78,714.38,717.32
1781341200,2026-06-13 09:00:00,717.36,718.82,703.96,705.91
1781344800,2026-06-13 10:00:00,706.03,716.89,705.34,714.41
1781348400,2026-06-13 11:00:00,714.32,717.53,708.76,711.84
1781352000,2026-06-13 12:00:00,711.99,714.55,702.51,703.49
1781355600,2026-06-13 13:00:00,703.6,703.63,698.44,700.65
1781359200,2026-06-13 14:00:00,700.52,700.79,679.77,682.65
1781362800,2026-06-13 15:00:00,682.61,684.79,674.5,684.78
1781366400,2026-06-13 16:00:00,684.81,685.47,676.6,677.98
1781370000,2026-06-13 17:00:00,677.77,693.42,675.52,690.66
1781373600,2026-06-13 18:00:00,690.5,711.46,690.24,710.4
1781377200,2026-06-13 19:00:00,710.4,733.46,709.89,718.7
1781380800,2026-06-13 20:00:00,718.6,721.99,713.56,716.92
1781384400,2026-06-13 21:00:00,717.05,724.95,716.75,719.66
1781388000,2026-06-13 22:00:00,719.87,720,708.45,708.61
1781391600,2026-06-13 23:00:00,708.78,710.27,697.91,699.18
1781395200,2026-06-14 00:00:00,699.11,699.44,687.11,689.18
1781398800,2026-06-14 01:00:00,689.09,700.42,687.54,698.46
1781402400,2026-06-14 02:00:00,698.61,704.55,696.16,700.57
1781406000,2026-06-14 03:00:00,700.51,707.92,691.11,706.88
1781409600,2026-06-14 04:00:00,707.08,708.57,692.24,693.48
1781413200,2026-06-14 05:00:00,693.53,693.53,679.99,685.51
1781416800,2026-06-14 06:00:00,685.55,695.47,685.42,691.4
1781420400,2026-06-14 07:00:00,691.52,702.23,690.11,701.33
1781424000,2026-06-14 08:00:00,701.35,702.41,689.45,696.91
1781427600,2026-06-14 09:00:00,696.89,704.01,691.38,699.17
1781431200,2026-06-14 10:00:00,699,704.76,679.24,680.76
1781434800,2026-06-14 11:00:00,680.73,685.58,675.77,685.24
1781438400,2026-06-14 12:00:00,685.25,685.25,670.32,672.1
1781442000,2026-06-14 13:00:00,672.13,672.16,660.12,665.61
1781445600,2026-06-14 14:00:00,665.7,669,654.24,662.77
1781449200,2026-06-14 15:00:00,662.93,680.41,662.65,680.37
1781452800,2026-06-14 16:00:00,680.25,682.58,675.93,681.69
1781456400,2026-06-14 17:00:00,681.74,689.69,677.85,686.76
1781460000,2026-06-14 18:00:00,686.69,689.88,678.59,679.87
1781463600,2026-06-14 19:00:00,679.84,680.5,673.25,678.27
1781467200,2026-06-14 20:00:00,678.43,679.64,668.14,669.82
1781470800,2026-06-14 21:00:00,669.79,675.37,659.43,660.03
1781474400,2026-06-14 22:00:00,660.12,666.48,655.99,658.83
1781478000,2026-06-14 23:00:00,658.87,671.37,658.21,668.86
1781481600,2026-06-15 00:00:00,668.95,683.17,668.92,680.21
1781485200,2026-06-15 01:00:00,679.99,704.62,679.83,702.93
1781488800,2026-06-15 02:00:00,703.05,708.44,695,707.78
1781492400,2026-06-15 03:00:00,707.84,723.01,707.01,717.1
1781496000,2026-06-15 04:00:00,717.29,742.66,714.96,739.16
1781499600,2026-06-15 05:00:00,739.12,744.75,737.2,739.56
1781503200,2026-06-15 06:00:00,739.72,742.29,732.92,735.89
1781506800,2026-06-15 07:00:00,736.17,739.4,730.39,733.37
1781510400,2026-06-15 08:00:00,733.26,740.97,729.09,740.92
1781514000,2026-06-15 09:00:00,741.04,745.54,735.85,739.41
1781517600,2026-06-15 10:00:00,739.38,742,735.65,739.43
1781521200,2026-06-15 11:00:00,739.51,745.7,736.26,737.76
1781524800,2026-06-15 12:00:00,737.88,739.51,730.42,730.57
1781528400,2026-06-15 13:00:00,730.66,743.02,730.66,742.22
1781532000,2026-06-15 14:00:00,742.11,751.35,735.08,735.47
1781535600,2026-06-15 15:00:00,735.28,741.38,730.18,731.43
1781539200,2026-06-15 16:00:00,731.46,744.54,730.83,744
1781542800,2026-06-15 17:00:00,743.83,745.05,737.2,744.25
1781546400,2026-06-15 18:00:00,744.28,745.31,729.61,736.05
1781550000,2026-06-15 19:00:00,736.16,739.62,724.37,732.78
1781553600,2026-06-15 20:00:00,732.82,748.66,729.6,748.15
1781557200,2026-06-15 21:00:00,748.08,754.13,744.38,749.28
1781560800,2026-06-15 22:00:00,748.97,766,747.16,762.54
1781564400,2026-06-15 23:00:00,762.56,767.45,756.1,757.31
1781568000,2026-06-16 00:00:00,757.28,758.34,742.52,743.88
1781571600,2026-06-16 01:00:00,743.98,744.74,730.62,733.01
1781575200,2026-06-16 02:00:00,733,734.76,726.9,732.93
1781578800,2026-06-16 03:00:00,733.08,741.62,732.33,740.68
1781582400,2026-06-16 04:00:00,740.62,754.73,736.47,752.89
1781586000,2026-06-16 05:00:00,752.88,759.24,751.44,752.56
1781589600,2026-06-16 06:00:00,752.44,760.37,752.2,753.85
1781593200,2026-06-16 07:00:00,753.89,760.52,745.98,757.69
1781596800,2026-06-16 08:00:00,757.98,767.46,752.24,760.29
1781600400,2026-06-16 09:00:00,760.57,770.83,760.17,770.35
1781604000,2026-06-16 10:00:00,770.5,773.97,760.36,766.14
1781607600,2026-06-16 11:00:00,766.12,774.83,762.6,772.49
1781611200,2026-06-16 12:00:00,772.51,785.48,772.31,780.23
1781614800,2026-06-16 13:00:00,780.28,782.71,775.7,781.57
1781618400,2026-06-16 14:00:00,781.6,797.34,776.19,796.21
1781622000,2026-06-16 15:00:00,796.07,804.85,788.61,803.24
1781625600,2026-06-16 16:00:00,803.31,807.25,788.41,790.71
1781629200,2026-06-16 17:00:00,790.86,793.55,785.44,789.08
1781632800,2026-06-16 18:00:00,789.05,799.63,785.69,790.99
1781636400,2026-06-16 19:00:00,791.07,792.95,784.12,789.66
1781640000,2026-06-16 20:00:00,789.62,790.45,773.17,789.85
1781643600,2026-06-16 21:00:00,789.83,794.54,784.96,794.1
1781647200,2026-06-16 22:00:00,794.18,801.04,784.01,788.11
1781650800,2026-06-16 23:00:00,788.18,792.94,784.3,786.26
1781654400,2026-06-17 00:00:00,786.13,792.89,783.65,792.12
1781658000,2026-06-17 01:00:00,791.92,800.97,790.32,800.37
1781661600,2026-06-17 02:00:00,800.41,810.27,798.89,800.54
1781665200,2026-06-17 03:00:00,800.79,823.13,800.74,822.63
1781668800,2026-06-17 04:00:00,822.85,827.67,818.87,819.64
1781672400,2026-06-17 05:00:00,819.79,830.82,816.99,828.97
1781676000,2026-06-17 06:00:00,828.8,831.07,819.24,819.42
1781679600,2026-06-17 07:00:00,819.1,821.02,809.97,820.02
1781683200,2026-06-17 08:00:00,819.89,825.98,815.83,822.46
1781686800,2026-06-17 09:00:00,822.35,825.12,817.11,820.77
1781690400,2026-06-17 10:00:00,820.77,826.86,812.43,815.13
1781694000,2026-06-17 11:00:00,814.98,833.11,813.09,833.06
1781697600,2026-06-17 12:00:00,832.9,834.14,825.7,828.5
1781701200,2026-06-17 13:00:00,828.49,839.35,822.98,838.83
1781704800,2026-06-17 14:00:00,838.75,840.98,815.52,826.12
1781708400,2026-06-17 15:00:00,826.07,836.59,823.67,828.28
1781712000,2026-06-17 16:00:00,828.39,839.18,828.38,838.6
1781715600,2026-06-17 17:00:00,838.76,844.56,829.09,844.33
1781719200,2026-06-17 18:00:00,844.39,852.46,839.99,848.94
1781722800,2026-06-17 19:00:00,849.13,853.71,832.44,833.86
1781726400,2026-06-17 20:00:00,833.87,835.68,822.54,824.11
1781730000,2026-06-17 21:00:00,824.31,827.01,807.76,807.76
1781733600,2026-06-17 22:00:00,807.58,814.44,800.56,808.85
1781737200,2026-06-17 23:00:00,808.69,816.23,805.49,805.75
1781740800,2026-06-18 00:00:00,805.68,808.2,799.3,800.78
1781744400,2026-06-18 01:00:00,800.65,820.5,798.39,820.45
1781748000,2026-06-18 02:00:00,820.22,829.91,819.89,820.85
1781751600,2026-06-18 03:00:00,820.86,821.74,802.17,802.24
1781755200,2026-06-18 04:00:00,802.33,813.35,799.89,803.78
1781758800,2026-06-18 05:00:00,803.86,804.23,790.26,790.97
1781762400,2026-06-18 06:00:00,791.03,803.77,788.66,802.69
1781766000,2026-06-18 07:00:00,802.57,814.22,799.7,805.35
1781769600,2026-06-18 08:00:00,805.1,809.76,792.44,796.46
1781773200,2026-06-18 09:00:00,796.44,798.49,787.81,791.56
1781776800,2026-06-18 10:00:00,791.48,791.7,783.3,784.35
1781780400,2026-06-18 11:00:00,784.49,788.4,769.63,772.42
1781784000,2026-06-18 12:00:00,772.48,780.23,767.79,772.22
1781787600,2026-06-18 13:00:00,771.94,775.46,762.08,762.37
1781791200,2026-06-18 14:00:00,762.33,764.12,748.06,749.25
1781794800,2026-06-18 15:00:00,749.24,751.67,735.63,740.09
1781798400,2026-06-18 16:00:00,740.11,741.82,725.59,730.83
1781802000,2026-06-18 17:00:00,730.86,733.93,723.84,725.56
1781805600,2026-06-18 18:00:00,725.45,741.36,725.31,737
1781809200,2026-06-18 19:00:00,736.98,751.18,736.72,740.57
1781812800,2026-06-18 20:00:00,740.62,744.64,732.83,734.49
1781816400,2026-06-18 21:00:00,734.6,743.13,733.46,735.03
1781820000,2026-06-18 22:00:00,735.13,735.77,721.21,722.61
1781823600,2026-06-18 23:00:00,722.8,728.56,720.47,721.83
1781827200,2026-06-19 00:00:00,722.03,729.28,716.06,727.36
1781830800,2026-06-19 01:00:00,727.45,734.9,724.14,724.41
1781834400,2026-06-19 02:00:00,724.29,738.08,722.03,733.67
1781838000,2026-06-19 03:00:00,733.49,736.11,728,734.5
1781841600,2026-06-19 04:00:00,734.52,741.73,731.72,738.6
1781845200,2026-06-19 05:00:00,738.51,744.89,735.13,737.38
1781848800,2026-06-19 06:00:00,737.4,744.71,730.92,735.64
1781852400,2026-06-19 07:00:00,735.48,741.31,731.8,738.35
1781856000,2026-06-19 08:00:00,738.38,740.38,730.45,735.12
1781859600,2026-06-19 09:00:00,735.09,737.25,725.87,728.52
1781863200,2026-06-19 10:00:00,728.43,736.89,725.59,733.35
1781866800,2026-06-19 11:00:00,733.38,736.84,728.93,734.32
1781870400,2026-06-19 12:00:00,734.39,745.43,729.53,744.9
1781874000,2026-06-19 13:00:00,744.81,745.47,734.21,734.39
1781877600,2026-06-19 14:00:00,734.39,739.35,731.2,737.32
1781881200,2026-06-19 15:00:00,737.58,751.79,737.12,746.47
1781884800,2026-06-19 16:00:00,746.54,760.59,744.53,759.04
1781888400,2026-06-19 17:00:00,759.26,768.52,756.04,759.92
1781892000,2026-06-19 18:00:00,760.02,762.09,749.48,754.94
1781895600,2026-06-19 19:00:00,754.68,758.43,745.72,756.18
1781899200,2026-06-19 20:00:00,756.08,756.24,735.47,737.1
1781902800,2026-06-19 21:00:00,737.11,746.15,735.26,743.46
1781906400,2026-06-19 22:00:00,743.42,755.37,742.36,752.33
1781910000,2026-06-19 23:00:00,752.31,752.7,740.19,743.48
1781913600,2026-06-20 00:00:00,743.31,751.63,738.82,747.7
1781917200,2026-06-20 01:00:00,747.7,754.79,739.04,742.22
1781920800,2026-06-20 02:00:00,742.54,743.59,730.81,733.66
1781924400,2026-06-20 03:00:00,733.47,734.24,725.25,727.63
1781928000,2026-06-20 04:00:00,727.47,737.41,726.52,726.6
1781931600,2026-06-20 05:00:00,726.84,728.22,718.92,725.38
1781935200,2026-06-20 06:00:00,725.16,729,719.6,720.06
1781938800,2026-06-20 07:00:00,720.16,728.57,714.48,727.18
1781942400,2026-06-20 08:00:00,727.06,730.86,715.31,716.57
1781946000,2026-06-20 09:00:00,716.62,722.5,715.18,716.94
1781949600,2026-06-20 10:00:00,716.85,719.4,711.54,715.05
1781953200,2026-06-20 11:00:00,714.88,717.87,705.11,706.66
1781956800,2026-06-20 12:00:00,706.51,710.68,704.2,707.89
1781960400,2026-06-20 13:00:00,708.1,708.39,698.96,703.54
1781964000,2026-06-20 14:00:00,703.68,715.19,701.1,712.85
1781967600,2026-06-20 15:00:00,713.1,716.85,706.25,713.18
1781971200,2026-06-20 16:00:00,713.38,714.98,704.47,712
1781974800,2026-06-20 17:00:00,712.03,725.91,709.16,725.86
1781978400,2026-06-20 18:00:00,725.84,733.47,724.87,730.87
1781982000,2026-06-20 19:00:00,730.94,737.56,728.77,733.85
1781985600,2026-06-20 20:00:00,733.87,742.21,732.65,738.62
1781989200,2026-06-20 21:00:00,738.69,750.84,737.97,746.48
1781992800,2026-06-20 22:00:00,746.62,764.68,746.62,764.19
1781996400,2026-06-20 23:00:00,764.18,777.19,763.51,769.01
1782000000,2026-06-21 00:00:00,769.27,771.44,763.86,767.53
1782003600,2026-06-21 01:00:00,767.42,782.28,767.04,780.77
1782007200,2026-06-21 02:00:00,781.06,789.08,780.12,785.29
1782010800,2026-06-21 03:00:00,785.42,795.96,781.04,790.38
1782014400,2026-06-21 04:00:00,790.4,793.93,780.75,790.94
1782018000,2026-06-21 05:00:00,790.9,792.27,776.17,785
1782021600,2026-06-21 06:00:00,785.08,791.46,782.81,788.49
1782025200,2026-06-21 07:00:00,788.41,790.77,775.52,777.95
1782028800,2026-06-21 08:00:00,777.99,777.99,764.71,770.4
1782032400,2026-06-21 09:00:00,770.22,784.45,768.82,778.81
1782036000,2026-06-21 10:00:00,778.85,783.92,769.49,775.78
1782039600,2026-06-21 11:00:00,775.92,777.08,765.98,767.63
1782043200,2026-06-21 12:00:00,767.47,770.71,753.11,754.36
1782046800,2026-06-21 13:00:00,754.51,758.08,744.53,748.39
1782050400,2026-06-21 14:00:00,748.34,749.73,735.11,740.98
1782054000,2026-06-21 15:00:00,741.22,744.18,734.53,735.91
1782057600,2026-06-21 16:00:00,735.95,747.65,735.22,744.71
1782061200,2026-06-21 17:00:00,744.52,748.59,734.38,736.28
1782064800,2026-06-21 18:00:00,736.36,747.5,730.18,746.6
1782068400,2026-06-21 19:00:00,746.64,750.3,736.65,737.32
1782072000,2026-06-21 20:00:00,737.3,740.44,730.99,737.73
1782075600,2026-06-21 21:00:00,737.82,744.81,735.33,744.05
1782079200,2026-06-21 22:00:00,743.94,750.6,743.05,746.86
1782082800,2026-06-21 23:00:00,746.82,748.9,736.44,738.24
1782086400,2026-06-22 00:00:00,738.33,751.35,738.19,749
1782090000,2026-06-22 01:00:00,748.87,755.16,739.64,741.59
1782093600,2026-06-22 02:00:00,741.59,764.2,740.39,762.16
1782097200,2026-06-22 03:00:00,761.85,766.31,753.75,756.8
1782100800,2026-06-22 04:00:00,756.78,765.18,753.72,756.58
1782104400,2026-06-22 05:00:00,756.33,756.93,744.78,746.04
1782108000,2026-06-22 06:00:00,746.14,751.28,740.78,750.07
1782111600,2026-06-22 07:00:00,750.11,752.73,736.24,745.1
1782115200,2026-06-22 08:00:00,745.12,754.61,742.32,750.6
1782118800,2026-06-22 09:00:00,750.6,757.91,741.39,757.21
1782122400,2026-06-22 10:00:00,757.43,764.39,753.74,759.63
1782126000,2026-06-22 11:00:00,759.83,762.83,751.97,758.4
1782129600,2026-06-22 12:00:00,758.58,765.36,753.62,758.12
1782133200,2026-06-22 13:00:00,758.25,759.18,753.64,754.98
1782136800,2026-06-22 14:00:00,755.14,771.66,754.5,771.45
1782140400,2026-06-22 15:00:00,771.58,775.85,764.17,765.99
1782144000,2026-06-22 16:00:00,765.94,769.37,760.7,768.91
1782147600,2026-06-22 17:00:00,768.93,773.27,763.13,767.58
1782151200,2026-06-22 18:00:00,767.82,771.59,761.76,767.06
1782154800,2026-06-22 19:00:00,767.01,771.07,760.69,766.16
1782158400,2026-06-22 20:00:00,766.14,766.15,753.63,755.46
1782162000,2026-06-22 21:00:00,755.42,758.49,749.26,757.6
1782165600,2026-06-22 22:00:00,757.72,766.79,754.85,766.5
1782169200,2026-06-22 23:00:00,766.53,774.26,764.79,769.25
1782172800,2026-06-23 00:00:00,769.36,770.81,757.35,758.32
1782176400,2026-06-23 01:00:00,758.31,761.2,750.75,758.31
1782180000,2026-06-23 02:00:00,758.42,763.57,751.86,763.43
1782183600,2026-06-23 03:00:00,763.52,780.8,763.25,777.3
1782187200,2026-06-23 04:00:00,777.26,786.5,774.37,780.98
1782190800,2026-06-23 05:00:00,780.93,781.82,770.93,771.39
1782194400,2026-06-23 06:00:00,771.43,778.96,768.94,773.38
1782198000,2026-06-23 07:00:00,773.35,778.24,768.08,770.77
1782201600,2026-06-23 08:00:00,770.63,772.07,759.07,768.54
1782205200,2026-06-23 09:00:00,768.56,773.38,757.43,759.92
1782208800,2026-06-23 10:00:00,759.99,760.97,749.37,757.81
1782212400,2026-06-23 11:00:00,757.5,759.76,752.39,752.58
1782216000,2026-06-23 12:00:00,752.26,756.7,740.38,741.38
1782219600,2026-06-23 13:00:00,741.33,741.33,723.71,726.33
1782223200,2026-06-23 14:00:00,726.39,727.33,718.61,721.84
1782226800,2026-06-23 15:00:00,721.88,729.45,718.14,728.96
1782230400,2026-06-23 16:00:00,729.03,747.43,727.8,746.82
1782234000,2026-06-23 17:00:00,746.93,766.92,746.7,762.23
1782237600,2026-06-23 18:00:00,762.28,762.65,747.2,752.25
1782241200,2026-06-23 19:00:00,752.2,752.62,736.85,746.6
1782244800,2026-06-23 20:00:00,746.71,746.83,735.31,735.31
1782248400,2026-06-23 21:00:00,735.41,739.49,729.33,737.81
1782252000,2026-06-23 22:00:00,737.75,750.12,733.39,748.1
1782255600,2026-06-23 23:00:00,748.2,759.25,746.82,755.31
1782259200,2026-06-24 00:00:00,755.26,781.8,755.26,778.43
1782262800,2026-06-24 01:00:00,778.22,785.7,775.97,784.84
1782266400,2026-06-24 02:00:00,784.76,792,775.69,788.57
1782270000,2026-06-24 03:00:00,788.36,788.93,777.56,784.05
1782273600,2026-06-24 04:00:00,784.2,805.25,783.63,805.19
1782277200,2026-06-24 05:00:00,805.17,812.12,799.35,800.93
1782280800,2026-06-24 06:00:00,800.79,801.85,790.74,794.91
1782284400,2026-06-24 07:00:00,795.07,797.65,781.96,786.19
1782288000,2026-06-24 08:00:00,786.22,790.65,782.78,784.04
1782291600,2026-06-24 09:00:00,784.05,787.25,777.73,781.15
1782295200,2026-06-24 10:00:00,781.01,783.8,775.59,777.77
1782298800,2026-06-24 11:00:00,777.92,780.87,759.93,773.48
1782302400,2026-06-24 12:00:00,773.42,779.95,769.73,770.98
1782306000,2026-06-24 13:00:00,771.22,783.06,765.86,781.12
1782309600,2026-06-24 14:00:00,781.11,789.58,776.44,780.35
1782313200,2026-06-24 15:00:00,780.49,784.75,768.04,768.62
1782316800,2026-06-24 16:00:00,768.77,781.98,768.18,781.94
1782320400,2026-06-24 17:00:00,781.92,796.28,779.83,786.59
1782324000,2026-06-24 18:00:00,786.65,789.91,776.74,777.77
1782327600,2026-06-24 19:00:00,777.56,783.57,772.46,778.29
1782331200,2026-06-24 20:00:00,778.42,778.54,762.75,773.62
1782334800,2026-06-24 21:00:00,773.33,773.76,766.51,770.56
1782338400,2026-06-24 22:00:00,770.83,779.69,769.08,774.57
1782342000,2026-06-24 23:00:00,774.52,790.92,774.07,788.42
1782345600,2026-06-25 00:00:00,788.49,806.9,783.87,806.08
1782349200,2026-06-25 01:00:00,805.94,807.38,792.58,797.25
1782352800,2026-06-25 02:00:00,797.36,798.49,791.88,796.95
1782356400,2026-06-25 03:00:00,796.91,813.65,791.51,812.49
1782360000,2026-06-25 04:00:00,812.67,821.65,808.82,809.8
1782363600,2026-06-25 05:00:00,809.88,810.05,797.14,799.54
1782367200,2026-06-25 06:00:00,799.58,806.51,795.3,800.13
1782370800,2026-06-25 07:00:00,800.13,801.32,787.5,791.73
1782374400,2026-06-25 08:00:00,791.68,798.82,783.97,795.97
1782378000,2026-06-25 09:00:00,795.89,796.14,788.93,790.42
1782381600,2026-06-25 10:00:00,790.63,800.92,790.63,796.82
1782385200,2026-06-25 11:00:00,796.87,808.64,792.73,802.96
1782388800,2026-06-25 12:00:00,802.52,807.68,790.73,793.57
1782392400,2026-06-25 13:00:00,793.62,797.49,783.7,783.85
1782396000,2026-06-25 14:00:00,783.77,783.86,770.94,775.4
1782399600,2026-06-25 15:00:00,775.18,787.21,774.83,785.84
1782403200,2026-06-25 16:00:00,785.87,786.03,772.09,774.63
1782406800,2026-06-25 17:00:00,774.47,782.07,772.27,779.53
1782410400,2026-06-25 18:00:00,779.56,779.71,764.87,767.31
1782414000,2026-06-25 19:00:00,767.22,772.18,760.64,770.08
1782417600,2026-06-25 20:00:00,769.89,772.53,758.54,760.81
1782421200,2026-06-25 21:00:00,760.79,768.22,758.38,760.81
1782424800,2026-06-25 22:00:00,760.94,774.4,759.59,770.32
1782428400,2026-06-25 23:00:00,770.57,772.59,762.64,768.56
1782432000,2026-06-26 00:00:00,768.24,773.71,763.75,773.32
1782435600,2026-06-26 01:00:00,773.21,784.01,772.18,783.9
1782439200,2026-06-26 02:00:00,783.95,796.74,780.27,792.25
1782442800,2026-06-26 03:00:00,792.48,795.61,787.06,787.82
1782446400,2026-06-26 04:00:00,787.87,796.38,782.98,787.9
1782450000,2026-06-26 05:00:00,788.03,788.21,774.95,778.04
1782453600,2026-06-26 06:00:00,777.91,784.06,770.48,771.92
1782457200,2026-06-26 07:00:00,771.92,779.19,761.54,767.48
1782460800,2026-06-26 08:00:00,767.54,773.09,761.14,769.21
1782464400,2026-06-26 09:00:00,769.14,773.04,757.4,757.49
1782468000,2026-06-26 10:00:00,757.41,759.9,748.83,755.16
1782471600,2026-06-26 11:00:00,755.02,766.57,754.35,757.9
1782475200,2026-06-26 12:00:00,757.87,758.42,732.69,734.07
1782478800,2026-06-26 13:00:00,734.06,736.49,720.46,730.46
1782482400,2026-06-26 14:00:00,730.56,737.21,727.3,734.73
1782486000,2026-06-26 15:00:00,734.72,738.79,729.33,729.57
1782489600,2026-06-26 16:00:00,729.73,749.59,729.62,747.87
1782493200,2026-06-26 17:00:00,748.11,752.39,743.46,747.03
1782496800,2026-06-26 18:00:00,747.11,759.82,746.28,758.27
1782500400,2026-06-26 19:00:00,758.17,767.86,753.63,765.79
1782504000,2026-06-26 20:00:00,765.87,773.94,757.16,758.25
1782507600,2026-06-26 21:00:00,758.17,760.22,747.85,752.45
1782511200,2026-06-26 22:00:00,752.38,754.87,743.89,745.74
1782514800,2026-06-26 23:00:00,745.87,747.56,729.08,735.85
1782518400,2026-06-27 00:00:00,735.84,739.14,727.16,736.82
1782522000,2026-06-27 01:00:00,736.93,740.27,730.32,730.54
1782525600,2026-06-27 02:00:00,730.62,743.79,729.77,739.74
1782529200,2026-06-27 03:00:00,739.85,752.12,739.23,750
1782532800,2026-06-27 04:00:00,750.17,754.92,743.46,748.54
1782536400,2026-06-27 05:00:00,748.3,748.83,741.19,745.67
1782540000,2026-06-27 06:00:00,745.84,748.12,740.75,747.43
1782543600,2026-06-27 07:00:00,747.33,757.71,744.37,755.41
1782547200,2026-06-27 08:00:00,755.19,761.98,750.85,757.45
1782550800,2026-06-27 09:00:00,757.37,765.7,756.92,764.03
1782554400,2026-06-27 10:00:00,764.25,776.81,762.2,772.52
1782558000,2026-06-27 11:00:00,772.65,780.92,771.72,774.15
1782561600,2026-06-27 12:00:00,774.22,786.8,772.66,786.7
1782565200,2026-06-27 13:00:00,786.63,789.37,781.06,785.11
1782568800,2026-06-27 14:00:00,785.14,785.2,767.39,767.94
1782572400,2026-06-27 15:00:00,767.93,777.06,766,774.87
1782576000,2026-06-27 16:00:00,774.87,775.96,763.36,764.59
1782579600,2026-06-27 17:00:00,764.55,766.48,759.62,762.67
1782583200,2026-06-27 18:00:00,762.86,772.57,760.63,772.12
1782586800,2026-06-27 19:00:00,771.78,782.84,769.59,781.44
1782590400,2026-06-27 20:00:00,781.58,797.43,779.76,794.37
1782594000,2026-06-27 21:00:00,794.27,797.4,779.62,781.88
1782597600,2026-06-27 22:00:00,782.1,788.23,775.91,780.32
1782601200,2026-06-27 23:00:00,780.47,790.56,776.96,790.22
1782604800,2026-06-28 00:00:00,790.36,804.2,790.27,794.22
1782608400,2026-06-28 01:00:00,794.38,798.13,787.27,788.99
1782612000,2026-06-28 02:00:00,789.02,798,786.54,796.55
1782615600,2026-06-28 03:00:00,796.35,806.37,796.08,798.6
1782619200,2026-06-28 04:00:00,798.55,817.08,795.46,808.96
1782622800,2026-06-28 05:00:00,809.16,814.3,801.07,804.96
1782626400,2026-06-28 06:00:00,805.01,806.1,798.92,803.21
1782630000,2026-06-28 07:00:00,803.13,807.57,790.87,793.74
1782633600,2026-06-28 08:00:00,793.79,803.89,786.36,803.45
1782637200,2026-06-28 09:00:00,803.38,818.13,801.68,810.93
1782640800,2026-06-28 10:00:00,810.94,832.4,810.94,831.18
1782644400,2026-06-28 11:00:00,831.07,831.87,811.08,813.88
1782648000,2026-06-28 12:00:00,813.85,822.24,809.93,811.17
1782651600,2026-06-28 13:00:00,811.16,823.87,811.02,819.42
1782655200,2026-06-28 14:00:00,819.27,823.71,813.82,817.87
1782658800,2026-06-28 15:00:00,817.58,817.75,800.9,801.55
1782662400,2026-06-28 16:00:00,801.76,805.95,795.77,800.4
1782666000,2026-06-28 17:00:00,800.47,813.57,794.54,812.35
1782669600,2026-06-28 18:00:00,812.46,819.36,807.79,818.54
1782673200,2026-06-28 19:00:00,818.6,819.09,805.21,809.06
1782676800,2026-06-28 20:00:00,808.99,809.85,797.12,800.11
1782680400,2026-06-28 21:00:00,799.97,809.01,796.6,801.43
1782684000,2026-06-28 22:00:00,801.42,803.15,791.19,792.8
1782687600,2026-06-28 23:00:00,792.68,802.47,790.66,799.18
1782691200,2026-06-29 00:00:00,799.37,805.08,793.54,794.69
1782694800,2026-06-29 01:00:00,794.76,795.81,784.22,788.83
1782698400,2026-06-29 02:00:00,788.9,803.93,787.61,802.93
1782702000,2026-06-29 03:00:00,802.89,811.81,799.66,810.4
1782705600,2026-06-29 04:00:00,810.63,813.21,801.44,803.91
1782709200,2026-06-29 05:00:00,803.83,809.12,800.05,808.53
1782712800,2026-06-29 06:00:00,808.71,819.63,805.82,818.41
1782716400,2026-06-29 07:00:00,818.57,823.42,813.8,820.13
1782720000,2026-06-29 08:00:00,819.99,845.56,817.41,843.33
1782723600,2026-06-29 09:00:00,843.39,850.81,841.56,845.94
1782727200,2026-06-29 10:00:00,846.1,865.97,844.91,859.96
1782730800,2026-06-29 11:00:00,859.84,865.09,855.96,862.7
1782734400,2026-06-29 12:00:00,862.5,872.17,860.49,871.76
1782738000,2026-06-29 13:00:00,871.81,881.4,863.92,873.82
1782741600,2026-06-29 14:00:00,873.84,881.57,868.24,878.63
1782745200,2026-06-29 15:00:00,878.4,880.22,863.38,871.04
1782748800,2026-06-29 16:00:00,871.03,871.56,852.94,854.81
1782752400,2026-06-29 17:00:00,854.75,854.96,843.81,843.95
1782756000,2026-06-29 18:00:00,843.88,845.85,833.1,836.61
1782759600,2026-06-29 19:00:00,836.72,840.01,824.96,836.54
1782763200,2026-06-29 20:00:00,836.55,859.7,833.02,859.47
1782766800,2026-06-29 21:00:00,859.48,865.84,853.59,860.38
1782770400,2026-06-29 22:00:00,860.42,864.46,855.43,857.84
1782774000,2026-06-29 23:00:00,857.99,861.02,849.86,855.85
1782777600,2026-06-30 00:00:00,855.75,858.73,842.74,851.23
1782781200,2026-06-30 01:00:00,851.12,860.64,846.62,855.92
1782784800,2026-06-30 02:00:00,855.71,867.71,852.1,866.52
1782788400,2026-06-30 03:00:00,866.52,874.43,860.08,867.85
1782792000,2026-06-30 04:00:00,867.85,871.73,856.41,858.3
1782795600,2026-06-30 05:00:00,858.52,865.39,850.28,856.07
1782799200,2026-06-30 06:00:00,855.97,862.32,853.36,853.36
1782802800,2026-06-30 07:00:00,853.49,858.91,846.01,858.82
1782806400,2026-06-30 08:00:00,859.08,860.01,841.92,845.55
1782810000,2026-06-30 09:00:00,845.69,856.42,837.02,838.9
1782813600,2026-06-30 10:00:00,838.61,861.88,838.61,861.36
1782817200,2026-06-30 11:00:00,861.17,861.54,850.78,859.18
1782820800,2026-06-30 12:00:00,859.23,868.83,851.62,853.52
1782824400,2026-06-30 13:00:00,853.77,861.3,851.55,859.1
1782828000,2026-06-30 14:00:00,859.3,874.62,857.75,871.21
1782831600,2026-06-30 15:00:00,871.23,872.26,860.68,864.11
1782835200,2026-06-30 16:00:00,864.06,869.46,860.55,866.83
1782838800,2026-06-30 17:00:00,866.57,868.41,852.42,856.04
1782842400,2026-06-30 18:00:00,856.03,857.27,836.8,840.29
1782846000,2026-06-30 19:00:00,840.31,844.73,827.14,831.23
1782849600,2026-06-30 20:00:00,831.29,835.77,821.24,823
1782853200,2026-06-30 21:00:00,823.05,825.73,813.64,825.52
1782856800,2026-06-30 22:00:00,825.3,830.4,821.56,824.42
1782860400,2026-06-30 23:00:00,824.65,831.17,813.66,816.56
1782864000,2026-07-01 00:00:00,816.76,829.31,814.68,825.82
1782867600,2026-07-01 01:00:00,826.04,828.8,816.57,817.54
1782871200,2026-07-01 02:00:00,817.53,824.41,815.4,823.45
1782874800,2026-07-01 03:00:00,823.43,825.85,817.45,817.45
1782878400,2026-07-01 04:00:00,817.46,829.39,815.56,822.12
1782882000,2026-07-01 05:00:00,822.22,823.07,808.67,809.65
1782885600,2026-07-01 06:00:00,809.57,819.76,808.43,809.63
1782889200,2026-07-01 07:00:00,809.56,813.9,800.7,806.78
1782892800,2026-07-01 08:00:00,807.06,821.04,805.41,817.84
1782896400,2026-07-01 09:00:00,818.07,822.53,810.63,811.08
1782900000,2026-07-01 10:00:00,810.89,816.39,806.5,809.46
1782903600,2026-07-01 11:00:00,809.56,818.13,808.27,813.86
1782907200,2026-07-01 12:00:00,813.62,820.17,806.77,808.13
1782910800,2026-07-01 13:00:00,808.17,808.58,799.77,806.92
1782914400,2026-07-01 14:00:00,806.82,813.55,798.22,804.22
1782918000,2026-07-01 15:00:00,804.07,811.59,802.6,810.12
1782921600,2026-07-01 16:00:00,810.11,812.79,801.98,802.25
1782925200,2026-07-01 17:00:00,802.18,814.3,797.24,811.1
1782928800,2026-07-01 18:00:00,811.02,815.59,806.09,813.11
1782932400,2026-07-01 19:00:00,813.38,827.02,809.52,824.99
1782936000,2026-07-01 20:00:00,825.07,827.31,815.82,821.14
1782939600,2026-07-01 21:00:00,821.36,822.76,801.66,804.83
1782943200,2026-07-01 22:00:00,804.77,808.23,792.19,796.48
1782946800,2026-07-01 23:00:00,796.49,796.69,773.88,773.95
1782950400,2026-07-02 00:00:00,773.79,778.43,766.42,774.15
1782954000,2026-07-02 01:00:00,774.24,787.72,772.87,786.9
1782957600,2026-07-02 02:00:00,786.79,790.62,776.46,777.36
1782961200,2026-07-02 03:00:00,777.27,789.33,774.63,787.57
1782964800,2026-07-02 04:00:00,787.68,795.75,786.82,787.78
1782968400,2026-07-02 05:00:00,787.87,790.6,778.96,788.43
1782972000,2026-07-02 06:00:00,788.42,812.74,787.55,812.64
1782975600,2026-07-02 07:00:00,812.53,816.6,808.46,812.67
1782979200,2026-07-02 08:00:00,812.86,815,804.89,810.02
1782982800,2026-07-02 09:00:00,810.12,813.47,806.31,809.21
1782986400,2026-07-02 10:00:00,808.97,812.36,798.24,799.12
1782990000,2026-07-02 11:00:00,799.18,802.86,794.11,800.71
1782993600,2026-07-02 12:00:00,800.94,804.99,795.87,796.28
1782997200,2026-07-02 13:00:00,796.16,806.09,795.9,801.56
1783000800,2026-07-02 14:00:00,801.56,810.23,798.84,805.46
1783004400,2026-07-02 15:00:00,805.47,821.02,802.18,819.77
1783008000,2026-07-02 16:00:00,819.62,831.26,816.58,826.22
1783011600,2026-07-02 17:00:00,826.39,840.11,823.35,839.15
1783015200,2026-07-02 18:00:00,839.17,840.4,817.69,824.18
1783018800,2026-07-02 19:00:00,824.27,839.11,823.7,830.39
1783022400,2026-07-02 20:00:00,830.27,834.61,822.42,826.06
1783026000,2026-07-02 21:00:00,826.19,829.43,818.42,818.49
1783029600,2026-07-02 22:00:00,818.56,822.27,806.84,811.06
1783033200,2026-07-02 23:00:00,811.2,812.7,804.3,806.31
1783036800,2026-07-03 00:00:00,806.31,808.65,797.7,806.52
1783040400,2026-07-03 01:00:00,806.52,810.86,801.41,807.18
1783044000,2026-07-03 02:00:00,807.05,824.17,804.03,821.28
1783047600,2026-07-03 03:00:00,821.24,821.24,808.42,813.02
1783051200,2026-07-03 04:00:00,813,818.27,807.27,810.42
1783054800,2026-07-03 05:00:00,810.49,814.46,802.96,805.79
1783058400,2026-07-03 06:00:00,805.86,807.09,795.48,800.09
1783062000,2026-07-03 07:00:00,799.88,800.95,793.96,794.69
1783065600,2026-07-03 08:00:00,794.71,797.35,787.7,791.34
1783069200,2026-07-03 09:00:00,791.4,793.48,782.59,787.7
1783072800,2026-07-03 10:00:00,787.48,792.71,774.88,778.06
1783076400,2026-07-03 11:00:00,778.14,791.34,777.8,791.15
1783080000,2026-07-03 12:00:00,790.88,798.12,773.94,774.02
1783083600,2026-07-03 13:00:00,774.12,783.85,774.12,781.46
1783087200,2026-07-03 14:00:00,781.43,790.93,780.13,782.36
1783090800,2026-07-03 15:00:00,782.37,787.32,774.16,784.31
1783094400,2026-07-03 16:00:00,783.99,784.83,773.3,777.47
1783098000,2026-07-03 17:00:00,777.57,783.13,773.55,776
1783101600,2026-07-03 18:00:00,775.99,785.18,767.92,780.85
1783105200,2026-07-03 19:00:00,781.01,784.43,778.22,783.16
1783108800,2026-07-03 20:00:00,783.04,784.89,768.16,768.16
1783112400,2026-07-03 21:00:00,768.33,773.01,761.51,761.51
1783116000,2026-07-03 22:00:00,761.54,762.14,749.86,756.3
1783119600,2026-07-03 23:00:00,756.31,771.43,751.82,771.42
1783123200,2026-07-04 00:00:00,771.42,774.9,764.74,771.62
1783126800,2026-07-04 01:00:00,771.43,771.62,753.48,756.8
1783130400,2026-07-04 02:00:00,756.83,763.79,755.55,763.79
1783134000,2026-07-04 03:00:00,763.92,770.16,750.87,751.33
1783137600,2026-07-04 04:00:00,751.25,760.24,747.01,755.22
1783141200,2026-07-04 05:00:00,755.26,755.51,745.73,749.08
1783144800,2026-07-04 06:00:00,748.92,749.56,739.34,742.49
1783148400,2026-07-04 07:00:00,742.58,746.77,735.12,746.2
1783152000,2026-07-04 08:00:00,746.07,749.08,739.94,745.77
1783155600,2026-07-04 09:00:00,745.72,746.4,731.85,743.39
1783159200,2026-07-04 10:00:00,743.18,747.25,738.47,743.82
1783162800,2026-07-04 11:00:00,743.68,751.81,742.22,748.23
1783166400,2026-07-04 12:00:00,748.42,754.24,745.76,754.16
1783170000,2026-07-04 13:00:00,754.35,772.41,752.42,769.76
1783173600,2026-07-04 14:00:00,769.61,780.18,767.76,774.81
1783177200,2026-07-04 15:00:00,774.84,781.16,769.82,774.52
1783180800,2026-07-04 16:00:00,774.71,780.04,772.33,777.63
1783184400,2026-07-04 17:00:00,777.48,785.16,775.65,781.35
1783188000,2026-07-04 18:00:00,781.31,784.91,768.5,769.54
1783191600,2026-07-04 19:00:00,769.47,775.55,759.26,760.62
1783195200,2026-07-04 20:00:00,760.55,767.35,758.36,766.84
1783198800,2026-07-04 21:00:00,766.95,766.95,759.82,761.49
1783202400,2026-07-04 22:00:00,761.33,764.48,756.27,758.49
1783206000,2026-07-04 23:00:00,758.49,761.46,752.35,755.68
1783209600,2026-07-05 00:00:00,755.87,767.11,753.13,765.63
1783213200,2026-07-05 01:00:00,765.52,770.95,760.39,764.23
1783216800,2026-07-05 02:00:00,764.28,786.93,763.9,784.11
1783220400,2026-07-05 03:00:00,784.06,790.12,778.79,787.85
1783224000,2026-07-05 04:00:00,787.83,800.81,787.2,800.7
1783227600,2026-07-05 05:00:00,800.67,806.85,793.55,800.72
1783231200,2026-07-05 06:00:00,800.74,804.47,789.96,799.78
1783234800,2026-07-05 07:00:00,799.86,813.64,799.45,808.84
1783238400,2026-07-05 08:00:00,808.72,814.79,804.58,808.14
1783242000,2026-07-05 09:00:00,808.39,814.29,806.02,811.32
1783245600,2026-07-05 10:00:00,811.31,812.28,795.13,797.36
1783249200,2026-07-05 11:00:00,797.31,798.49,784.6,795.42
1783252800,2026-07-05 12:00:00,795.27,800.66,789.85,791.43
1783256400,2026-07-05 13:00:00,791.56,812.74,791.56,807.32
1783260000,2026-07-05 14:00:00,807.37,815.1,803.21,808.77
1783263600,2026-07-05 15:00:00,808.96,813.06,804.13,808.58
1783267200,2026-07-05 16:00:00,808.6,822.67,806.12,820.6
1783270800,2026-07-05 17:00:00,820.62,823.28,811.57,816.41
1783274400,2026-07-05 18:00:00,816.69,817.55,795.58,799.59
1783278000,2026-07-05 19:00:00,799.52,802.12,793.14,796.01
1783281600,2026-07-05 20:00:00,795.83,804,794.96,802.32
1783285200,2026-07-05 21:00:00,802.37,804.81,789.87,799.04
1783288800,2026-07-05 22:00:00,799.07,801.94,793.33,797.48
1783292400,2026-07-05 23:00:00,797.57,798.46,783.32,791.63
1783296000,2026-07-06 00:00:00,791.75,793.47,783.27,784.2
1783299600,2026-07-06 01:00:00,784.17,797.74,782.33,797.31
1783303200,2026-07-06 02:00:00,797.15,806.08,793.64,796.6
1783306800,2026-07-06 03:00:00,796.57,798.38,785.8,788.12
1783310400,2026-07-06 04:00:00,788.17,796.82,786.04,791.04
1783314000,2026-07-06 05:00:00,790.97,810.55,787.11,809.73
1783317600,2026-07-06 06:00:00,809.73,811.7,804.49,806.62
1783321200,2026-07-06 07:00:00,806.65,814.92,799.78,800.16
1783324800,2026-07-06 08:00:00,800.18,809.9,796.89,808.46
1783328400,2026-07-06 09:00:00,808.45,815,802.13,813.95
1783332000,2026-07-06 10:00:00,813.77,815.13,804.77,806.57
1783335600,2026-07-06 11:00:00,806.79,814.66,805.03,809.48
1783339200,2026-07-06 12:00:00,809.28,815.54,805.02,809.57
1783342800,2026-07-06 13:00:00,809.59,816.04,808.7,813.1
1783346400,2026-07-06 14:00:00,813.14,818.69,805.06,810.02
1783350000,2026-07-06 15:00:00,810,822.95,802.98,822.83
1783353600,2026-07-06 16:00:00,822.83,843.51,817.95,841.19
1783357200,2026-07-06 17:00:00,841.35,845.56,831.8,833.24
1783360800,2026-07-06 18:00:00,833.13,841.83,832.67,837.09
1783364400,2026-07-06 19:00:00,837.15,838.84,826.65,830.97
1783368000,2026-07-06 20:00:00,831.13,844.15,829.15,842.69
1783371600,2026-07-06 21:00:00,842.74,846.53,839.03,842.58
1783375200,2026-07-06 22:00:00,842.63,859.3,842.03,856.14
1783378800,2026-07-06 23:00:00,856.04,876.5,855.99,875.16
1783382400,2026-07-07 00:00:00,875.05,893.01,874.69,890.07
1783386000,2026-07-07 01:00:00,890.41,893.02,878.87,881.99
1783389600,2026-07-07 02:00:00,882,884.62,867.21,868.5
1783393200,2026-07-07 03:00:00,868.48,877.98,865.02,865.5
1783396800,2026-07-07 04:00:00,865.5,880.82,863.37,873.1
1783400400,2026-07-07 05:00:00,872.87,880.81,866.66,878.99
1783404000,2026-07-07 06:00:00,878.98,882.09,860.17,880.05
1783407600,2026-07-07 07:00:00,880.07,886.83,873.79,876.7
1783411200,2026-07-07 08:00:00,876.77,882.98,869.56,878.57
1783414800,2026-07-07 09:00:00,878.79,891.21,877.79,887.51
1783418400,2026-07-07 10:00:00,887.49,888.28,876.54,881.63
1783422000,2026-07-07 11:00:00,881.53,891.35,879.74,891.08
1783425600,2026-07-07 12:00:00,890.87,895.1,882.96,883.86
1783429200,2026-07-07 13:00:00,883.93,897.95,882.94,895.61
1783432800,2026-07-07 14:00:00,895.48,897.23,887.18,891.15
1783436400,2026-07-07 15:00:00,891.12,895.44,877.25,882.32
1783440000,2026-07-07 16:00:00,882.21,904.13,880.45,900.85
1783443600,2026-07-07 17:00:00,900.64,910.13,893.95,909.73
1783447200,2026-07-07 18:00:00,909.66,909.71,890.72,893.91
1783450800,2026-07-07 19:00:00,893.92,901.82,884.67,900.48
1783454400,2026-07-07 20:00:00,900.28,903.51,893.21,897
1783458000,2026-07-07 21:00:00,896.96,898.64,884.55,892.34
1783461600,2026-07-07 22:00:00,892.27,902.12,890.97,893.9
1783465200,2026-07-07 23:00:00,893.85,895.4,883.95,886.85
1783468800,2026-07-08 00:00:00,886.77,893.12,880.03,881.38
1783472400,2026-07-08 01:00:00,881.77,888.01,878.99,887.81
1783476000,2026-07-08 02:00:00,887.62,891.91,877.47,887.84
1783479600,2026-07-08 03:00:00,888,894.47,885.51,889.68
1783483200,2026-07-08 04:00:00,889.73,890.62,865.53,867.12
1783486800,2026-07-08 05:00:00,867.18,870.76,857.07,861.63
1783490400,2026-07-08 06:00:00,861.48,870.32,859.16,865.89
1783494000,2026-07-08 07:00:00,865.81,868.83,855.94,864.93
1783497600,2026-07-08 08:00:00,864.7,871.6,858.04,866.23
1783501200,2026-07-08 09:00:00,866.1,873.7,861.24,873.19
1783504800,2026-07-08 10:00:00,873.48,883.17,870.05,872.56
1783508400,2026-07-08 11:00:00,872.57,872.76,852.72,857.76
1783512000,2026-07-08 12:00:00,857.95,871.04,857.1,870.42
1783515600,2026-07-08 13:00:00,870.33,875.53,866.02,867.3
1783519200,2026-07-08 14:00:00,866.94,870.2,859.36,861.76
1783522800,2026-07-08 15:00:00,861.89,869.98,857.18,864.9
1783526400,2026-07-08 16:00:00,864.92,875.23,860.95,870.21
1783530000,2026-07-08 17:00:00,870.19,878.57,869.37,872.71
1783533600,2026-07-08 18:00:00,872.64,882.1,868.51,873.47
1783537200,2026-07-08 19:00:00,873.23,881.18,866.96,879.44
1783540800,2026-07-08 20:00:00,879.51,885.45,875.14,880
1783544400,2026-07-08 21:00:00,880.05,885.28,870.53,873.92
1783548000,2026-07-08 22:00:00,874.13,875.41,866.54,870.31
1783551600,2026-07-08 23:00:00,870.3,873.75,857.75,857.75
1783555200,2026-07-09 00:00:00,857.7,865.39,849.44,855.49
1783558800,2026-07-09 01:00:00,855.37,866.9,850.18,864.12
1783562400,2026-07-09 02:00:00,864.05,869.68,857.71,863.7
1783566000,2026-07-09 03:00:00,863.6,866.48,855.28,862.55
1783569600,2026-07-09 04:00:00,862.3,874.18,856.71,871
1783573200,2026-07-09 05:00:00,870.68,873.58,865.03,866.27
1783576800,2026-07-09 06:00:00,866.29,885.18,861.65,885.16
1783580400,2026-07-09 07:00:00,885.28,898.82,880.84,893.55
1783584000,2026-07-09 08:00:00,893.54,897.5,884.71,889.64
1783587600,2026-07-09 09:00:00,889.48,914.05,885.93,909.87
1783591200,2026-07-09 10:00:00,910.09,918.96,904.19,915.9
1783594800,2026-07-09 11:00:00,915.79,927.58,914.27,922.8
1783598400,2026-07-09 12:00:00,922.84,923.34,911.98,921.82
1783602000,2026-07-09 13:00:00,921.8,932.08,919.55,920.14
1783605600,2026-07-09 14:00:00,920.14,925.87,905.51,906.56
1783609200,2026-07-09 15:00:00,906.63,909.79,892.99,893.7
1783612800,2026-07-09 16:00:00,893.61,904.89,891.18,897.86
1783616400,2026-07-09 17:00:00,897.67,907.37,880.5,880.6
1783620000,2026-07-09 18:00:00,880.71,881,864.29,866.23
1783623600,2026-07-09 19:00:00,866.12,887.64,865.88,886.18
1783627200,2026-07-09 20:00:00,886.25,895.77,885.11,889.49
1783630800,2026-07-09 21:00:00,889.65,898.86,881.95,890.15
1783634400,2026-07-09 22:00:00,889.95,900.94,889.29,900.3
1783638000,2026-07-09 23:00:00,900.38,905.93,894.32,902.55
1783641600,2026-07-10 00:00:00,902.84,913.94,899.58,907.99
1783645200,2026-07-10 01:00:00,908.28,912.96,891.39,893.34
1783648800,2026-07-10 02:00:00,893.29,897.28,885.82,886.27
1783652400,2026-07-10 03:00:00,886.07,889.01,882.14,884.48
1783656000,2026-07-10 04:00:00,884.4,900.54,883.19,894.25
1783659600,2026-07-10 05:00:00,894.5,895.27,872.01,877.33
1783663200,2026-07-10 06:00:00,877.36,882.48,867.77,868.53
1783666800,2026-07-10 07:00:00,868.56,879.41,866.66,870.31
1783670400,2026-07-10 08:00:00,870.22,886.77,867.29,884.64
1783674000,2026-07-10 09:00:00,884.78,885.78,871.98,875.84
1783677600,2026-07-10 10:00:00,875.95,894.82,875.64,892.58
1783681200,2026-07-10 11:00:00,892.76,897.86,881.56,895.98
1783684800,2026-07-10 12:00:00,896.15,897.34,878.45,880.89
1783688400,2026-07-10 13:00:00,880.87,881.41,868.9,873.53
1783692000,2026-07-10 14:00:00,873.35,880.73,870.24,875.08
1783695600,2026-07-10 15:00:00,875.4,889.58,874.94,884.69
1783699200,2026-07-10 16:00:00,884.63,904.09,883.75,900.82
1783702800,2026-07-10 17:00:00,900.86,901.61,889.09,898.64
1783706400,2026-07-10 18:00:00,898.69,912.51,892.5,911.9
1783710000,2026-07-10 19:00:00,911.87,921.67,904.72,906.37
1783713600,2026-07-10 20:00:00,906.06,906.48,892.62,893.76
1783717200,2026-07-10 21:00:00,893.93,913.24,893.84,912.08
1783720800,2026-07-10 22:00:00,911.9,923.95,910.97,915.5
1783724400,2026-07-10 23:00:00,915.73,924.42,908.03,923.31
1783728000,2026-07-11 00:00:00,923.35,932.96,922.16,927.13
1783731600,2026-07-11 01:00:00,927.3,927.3,906.2,906.38
1783735200,2026-07-11 02:00:00,906.46,914.55,897.28,897.39
1783738800,2026-07-11 03:00:00,897.34,916.01,896.51,910.84
1783742400,2026-07-11 04:00:00,910.99,929.97,909.59,925.41
1783746000,2026-07-11 05:00:00,925.4,934.41,922.2,931.68
1783749600,2026-07-11 06:00:00,931.68,932.23,914.58,917.57
1783753200,2026-07-11 07:00:00,917.45,934.65,917.24,922.92
1783756800,2026-07-11 08:00:00,922.67,928.57,916.65,922.1
1783760400,2026-07-11 09:00:00,921.96,925.94,912.61,913.92
1783764000,2026-07-11 10:00:00,913.96,914.17,898.54,901.81
1783767600,2026-07-11 11:00:00,902.05,906.14,897.52,899.89
1783771200,2026-07-11 12:00:00,900.07,911.2,899.71,908
1783774800,2026-07-11 13:00:00,908.3,913.28,902.05,911.77
1783778400,2026-07-11 14:00:00,912.02,913.5,895.56,898.88
1783782000,2026-07-11 15:00:00,898.85,911.65,895.35,895.84
1783785600,2026-07-11 16:00:00,895.8,909.3,895.8,905.79
1783789200,2026-07-11 17:00:00,905.8,913.12,901.82,904.83
1783792800,2026-07-11 18:00:00,904.67,914.26,904.63,913.2
1783796400,2026-07-11 19:00:00,912.95,915.43,902.34,912.76
1783800000,2026-07-11 20:00:00,912.65,919.28,904.81,905.66
1783803600,2026-07-11 21:00:00,905.7,916.57,894.29,915.84
1783807200,2026-07-11 22:00:00,915.99,926.52,913.72,913.94
1783810800,2026-07-11 23:00:00,913.86,920.45,910.61,912.26
1783814400,2026-07-12 00:00:00,912.43,920.86,911.89,916.27
1783818000,2026-07-12 01:00:00,916.27,924.54,904.18,923.75
1783821600,2026-07-12 02:00:00,923.86,926.48,915.89,915.89
1783825200,2026-07-12 03:00:00,915.89,924.12,912.75,920.43
1783828800,2026-07-12 04:00:00,920.14,925.08,907.06,908.62
1783832400,2026-07-12 05:00:00,908.72,918.46,906.03,914.11
1783836000,2026-07-12 06:00:00,913.8,916.34,902.8,906.25
1783839600,2026-07-12 07:00:00,906.04,921.75,904.3,918.66
1783843200,2026-07-12 08:00:00,918.92,921.47,910.95,920.63
1783846800,2026-07-12 09:00:00,920.5,931.29,917.06,930.12
1783850400,2026-07-12 10:00:00,930.01,945.6,928.57,943.64
1783854000,2026-07-12 11:00:00,943.64,946.1,937.8,941.1
1783857600,2026-07-12 12:00:00,941.08,944.85,926.44,926.44
1783861200,2026-07-12 13:00:00,926.19,930.18,916.29,917.16
1783864800,2026-07-12 14:00:00,917.09,931.44,916.29,928.94
1783868400,2026-07-12 15:00:00,928.91,934.74,920.72,930.89
1783872000,2026-07-12 16:00:00,930.87,931.08,918.86,920.51
1783875600,2026-07-12 17:00:00,920.08,923.35,900.6,900.97
1783879200,2026-07-12 18:00:00,900.95,903.37,891.45,901.05
1783882800,2026-07-12 19:00:00,901.01,905.52,890.76,898.35
1783886400,2026-07-12 20:00:00,898.4,899.12,883.9,892.41
1783890000,2026-07-12 21:00:00,892.34,904.51,891.35,902.36
1783893600,2026-07-12 22:00:00,902.48,912,888.94,906.72
1783897200,2026-07-12 23:00:00,906.87,910.52,900.26,900.41
1783900800,2026-07-13 00:00:00,900.14,902.07,889.86,898.61
1783904400,2026-07-13 01:00:00,898.71,904.65,892.52,898.55
1783908000,2026-07-13 02:00:00,898.75,907.27,891.58,893.79
1783911600,2026-07-13 03:00:00,893.96,895.95,877.54,878.63
1783915200,2026-07-13 04:00:00,878.53,886.43,874.4,882.08
1783918800,2026-07-13 05:00:00,882.08,884.38,873.49,878.99
1783922400,2026-07-13 06:00:00,879.13,889.35,875.81,876.05
1783926000,2026-07-13 07:00:00,875.9,898.13,875.23,896.37
1783929600,2026-07-13 08:00:00,896.46,913.13,893.11,908.86
1783933200,2026-07-13 09:00:00,908.6,918.14,906.8,916.88
1783936800,2026-07-13 10:00:00,916.9,923.27,908.09,921.36
1783940400,2026-07-13 11:00:00,921.4,931.21,917.75,928.73
1783944000,2026-07-13 12:00:00,928.65,948.87,924.68,948.08
1783947600,2026-07-13 13:00:00,948.26,961.15,944.37,960.92
1783951200,2026-07-13 14:00:00,960.76,960.81,946.83,951.68
1783954800,2026-07-13 15:00:00,951.54,954.07,938.32,939.25
1783958400,2026-07-13 16:00:00,939.31,950.98,937.54,950.98
1783962000,2026-07-13 17:00:00,951.3,955.38,936.9,945.9
1783965600,2026-07-13 18:00:00,945.53,945.77,925.76,926.09
1783969200,2026-07-13 19:00:00,926.16,932.88,921.25,928.33
1783972800,2026-07-13 20:00:00,928.15,934.86,923.41,929.82
1783976400,2026-07-13 21:00:00,929.76,952.91,922.33,951.73
1783980000,2026-07-13 22:00:00,951.59,952.03,937.37,949.93
1783983600,2026-07-13 23:00:00,949.98,950.42,939.69,946.67
1783987200,2026-07-14 00:00:00,946.79,950.88,939.58,942.6
1783990800,2026-07-14 01:00:00,942.52,945.5,931.18,931.28
1783994400,2026-07-14 02:00:00,931.39,932.58,911.2,920.95
1783998000,2026-07-14 03:00:00,920.98,924.69,911.78,912.92
1784001600,2026-07-14 04:00:00,912.88,937.24,910.09,936.73
1784005200,2026-07-14 05:00:00,936.97,939.93,919.46,921.34
1784008800,2026-07-14 06:00:00,921.23,932.59,916.85,926.32
1784012400,2026-07-14 07:00:00,926.21,930.52,908.21,911.11
1784016000,2026-07-14 08:00:00,911.07,922.42,906.33,918.12
1784019600,2026-07-14 09:00:00,918.26,919.61,902.01,909.97
1784023200,2026-07-14 10:00:00,910.05,911.51,900.73,901.82
1784026800,2026-07-14 11:00:00,901.82,906.27,892.22,898.95
1784030400,2026-07-14 12:00:00,899.28,902.13,889.32,889.95
1784034000,2026-07-14 13:00:00,890.18,895.78,883.84,891.91
1784037600,2026-07-14 14:00:00,891.89,894.17,882.78,883.14
1784041200,2026-07-14 15:00:00,883.16,883.53,861.56,865.78
1784044800,2026-07-14 16:00:00,865.94,871.05,856.73,861.81
1784048400,2026-07-14 17:00:00,861.74,863.15,849.08,858.36
1784052000,2026-07-14 18:00:00,858.34,865.15,852.58,862
1784055600,2026-07-14 19:00:00,862.34,868.02,854.31,865.16
1784059200,2026-07-14 20:00:00,865.17,880.59,862.2,873.67
1784062800,2026-07-14 21:00:00,873.9,886.27,871.94,880.52
1784066400,2026-07-14 22:00:00,880.7,884.87,867.97,874.67
1784070000,2026-07-14 23:00:00,874.64,876.37,863.48,863.93
1784073600,2026-07-15 00:00:00,864.04,864.58,849.65,860.46
1784077200,2026-07-15 01:00:00,860.41,863.98,844.69,848.16
1784080800,2026-07-15 02:00:00,848.31,862.34,844.78,860.63
1784084400,2026-07-15 03:00:00,860.66,873.32,857.41,868.48
1784088000,2026-07-15 04:00:00,868.5,875.86,858.04,858.75
1784091600,2026-07-15 05:00:00,858.84,864.54,853.73,861.93
1784095200,2026-07-15 06:00:00,861.82,864.95,852.64,853.52
1784098800,2026-07-15 07:00:00,853.59,875.11,852.58,858.62
1784102400,2026-07-15 08:00:00,858.47,877.87,858.09,872.73
1784106000,2026-07-15 09:00:00,872.84,882.22,871.57,879.22
1784109600,2026-07-15 10:00:00,879.13,887.4,875.97,881.17
1784113200,2026-07-15 11:00:00,881.13,883.87,869.57,883.74
1784116800,2026-07-15 12:00:00,883.68,900.45,883.5,891.44
1784120400,2026-07-15 13:00:00,891.39,895.97,877.72,880.76
1784124000,2026-07-15 14:00:00,880.93,884.53,864.29,870.06
1784127600,2026-07-15 15:00:00,870.11,877.32,864.04,876.49
1784131200,2026-07-15 16:00:00,876.27,878.15,864.56,864.97
1784134800,2026-07-15 17:00:00,865.17,865.49,852.7,857.05
1784138400,2026-07-15 18:00:00,857.18,867.93,855.49,866.66
1784142000,2026-07-15 19:00:00,866.63,868.19,852.81,854.16
1784145600,2026-07-15 20:00:00,854.23,855.25,831.6,833.65
1784149200,2026-07-15 21:00:00,833.55,834.44,818.06,828.95
1784152800,2026-07-15 22:00:00,828.98,837.09,823.59,836.8
1784156400,2026-07-15 23:00:00,836.95,839.47,823.92,827.56
1784160000,2026-07-16 00:00:00,827.48,832.35,818.27,823.83
1784163600,2026-07-16 01:00:00,823.85,833.41,819.52,826.83
1784167200,2026-07-16 02:00:00,826.93,835.01,823.8,834.91
1784170800,2026-07-16 03:00:00,835.17,842.58,828.35,829.74
1784174400,2026-07-16 04:00:00,829.84,834.79,822.73,828
1784178000,2026-07-16 05:00:00,828.17,837.28,822.35,836.56
1784181600,2026-07-16 06:00:00,836.42,846.89,829.65,833.32
1784185200,2026-07-16 07:00:00,833.1,844.94,831.31,837.46
1784188800,2026-07-16 08:00:00,837.51,851.97,834.6,848.73
1784192400,2026-07-16 09:00:00,849.09,851.18,844.48,844.79
1784196000,2026-07-16 10:00:00,844.82,845.05,828.78,836.98
1784199600,2026-07-16 11:00:00,836.8,841.13,833.66,838.51
1784203200,2026-07-16 12:00:00,838.72,849.26,834.2,845.19
1784206800,2026-07-16 13:00:00,845.18,857.54,843.35,844.26
1784210400,2026-07-16 14:00:00,844.3,856.03,839.92,852.84
1784214000,2026-07-16 15:00:00,852.78,861.83,851.13,859.17
1784217600,2026-07-16 16:00:00,859.1,864.21,852.06,859.1
1784221200,2026-07-16 17:00:00,859.15,874.83,856.05,871.83
1784224800,2026-07-16 18:00:00,872.02,876.93,864.56,866.67
1784228400,2026-07-16 19:00:00,866.79,877.08,862.57,874.46
1784232000,2026-07-16 20:00:00,874.51,880.06,864.55,865.85
1784235600,2026-07-16 21:00:00,865.66,873.74,863.93,873.01
1784239200,2026-07-16 22:00:00,873.15,882.26,868.47,879.31
1784242800,2026-07-16 23:00:00,879.44,882.68,864.6,875.14
1784246400,2026-07-17 00:00:00,874.96,881.7,865.35,878.61
1784250000,2026-07-17 01:00:00,878.49,879.34,865.96,870.08
1784253600,2026-07-17 02:00:00,869.9,878.13,867.57,875.21
1784257200,2026-07-17 03:00:00,875.34,884.39,866.83,881.27
1784260800,2026-07-17 04:00:00,881.16,887.51,875.95,878.65
1784264400,2026-07-17 05:00:00,878.52,891.96,871.98,886.94
1784268000,2026-07-17 06:00:00,886.78,902.7,886.78,900.31
1784271600,2026-07-17 07:00:00,900.24,904.92,889.02,889.88
1784275200,2026-07-17 08:00:00,889.79,896.76,886.81,893.65
1784278800,2026-07-17 09:00:00,893.8,900.04,891.05,896.53
1784282400,2026-07-17 10:00:00,896.5,897.61,878.97,883.13
1784286000,2026-07-17 11:00:00,883.24,887.16,868.05,871.65
1784289600,2026-07-17 12:00:00,871.75,882,868.62,879.72
1784293200,2026-07-17 13:00:00,879.62,895.62,879.55,884.29
1784296800,2026-07-17 14:00:00,884.37,892.09,880.93,888.53
1784300400,2026-07-17 15:00:00,888.64,898.95,887.95,890.57
1784304000,2026-07-17 16:00:00,890.51,896.08,885.71,892.5
1784307600,2026-07-17 17:00:00,892.54,908.49,891.14,904.03
1784311200,2026-07-17 18:00:00,903.72,910.36,892.09,894.81
1784314800,2026-07-17 19:00:00,894.81,898.13,877.46,879.33
1784318400,2026-07-17 20:00:00,879.29,882.44,857.82,860.28
1784322000,2026-07-17 21:00:00,860.43,865.28,850.44,851.29
1784325600,2026-07-17 22:00:00,851.08,851.98,838.97,839.2
1784329200,2026-07-17 23:00:00,838.91,841.97,828.35,834.63
1784332800,2026-07-18 00:00:00,834.63,835.17,822.14,822.77
1784336400,2026-07-18 01:00:00,822.69,827.63,819.26,824.92
1784340000,2026-07-18 02:00:00,824.9,825.98,809.37,810.75
1784343600,2026-07-18 03:00:00,810.55,824.4,802.25,823.62
1784347200,2026-07-18 04:00:00,823.39,828.58,816.74,828.17
1784350800,2026-07-18 05:00:00,828.38,840.85,827.61,834.41
1784354400,2026-07-18 06:00:00,834.41,836.14,822.95,828.06
1784358000,2026-07-18 07:00:00,827.95,839.36,827.91,837.07
1784361600,2026-07-18 08:00:00,837.33,845.04,821.95,822.06
1784365200,2026-07-18 09:00:00,821.99,823.53,802.71,803.83
1784368800,2026-07-18 10:00:00,803.69,806.32,785.99,793.05
1784372400,2026-07-18 11:00:00,792.97,799.51,790.06,793.22
1784376000,2026-07-18 12:00:00,793.11,797.31,786.88,793.24
1784379600,2026-07-18 13:00:00,793.24,796.91,787.87,793.67
1784383200,2026-07-18 14:00:00,793.83,805.23,793.73,803.28
1784386800,2026-07-18 15:00:00,803.05,808.97,792.54,794.21
1784390400,2026-07-18 16:00:00,794.04,800.04,792.27,796.25
1784394000,2026-07-18 17:00:00,796.23,810.35,793.76,807.66
1784397600,2026-07-18 18:00:00,807.58,808.04,787.31,789.65
1784401200,2026-07-18 19:00:00,789.6,802.32,785.41,799.31
1784404800,2026-07-18 20:00:00,799.3,804.24,795.54,800.03
1784408400,2026-07-18 21:00:00,800.01,801.1,792.26,796.85
1784412000,2026-07-18 22:00:00,796.69,803.11,795.24,802.47
1784415600,2026-07-18 23:00:00,802.48,806.5,794.08,796.59
1784419200,2026-07-19 00:00:00,796.76,813.29,796.03,808.56
1784422800,2026-07-19 01:00:00,808.72,811.67,791.18,792.69
1784426400,2026-07-19 02:00:00,792.92,798.74,788.71,797.93
1784430000,2026-07-19 03:00:00,798,814.86,792.72,807.49
1784433600,2026-07-19 04:00:00,807.57,815.8,802.23,807.83
1784437200,2026-07-19 05:00:00,807.64,810.12,800.77,806.85
1784440800,2026-07-19 06:00:00,806.76,806.76,792.55,794.64
1784444400,2026-07-19 07:00:00,794.77,801.84,786.7,787.68
1784448000,2026-07-19 08:00:00,787.75,791.13,777.68,786.39
1784451600,2026-07-19 09:00:00,786.39,795.58,782.59,789.4
1784455200,2026-07-19 10:00:00,789.24,801.78,789.01,793.7
1784458800,2026-07-19 11:00:00,794.04,811.96,793.4,808.14
1784462400,2026-07-19 12:00:00,808.35,812.29,805.47,805.76
1784466000,2026-07-19 13:00:00,805.57,809.41,795.98,796.42
1784469600,2026-07-19 14:00:00,796.12,797.39,781.57,785.55
1784473200,2026-07-19 15:00:00,785.37,799.5,785.37,797.79
1784476800,2026-07-19 16:00:00,797.7,799.17,789.1,795.66
1784480400,2026-07-19 17:00:00,795.75,799.82,788.87,794.55
1784484000,2026-07-19 18:00:00,794.65,798,787.6,792.71
1784487600,2026-07-19 19:00:00,792.83,798.36,790.36,797.95
1784491200,2026-07-19 20:00:00,797.98,802.1,791.59,796.95
1784494800,2026-07-19 21:00:00,797.05,798.02,786.99,793.54
1784498400,2026-07-19 22:00:00,793.7,801.25,786.13,800.08
1784502000,2026-07-19 23:00:00,800.16,807.9,796.84,802.02
1784505600,2026-07-20 00:00:00,801.89,801.89,790.55,792.26
1784509200,2026-07-20 01:00:00,792.36,803.01,788.85,800.06
1784512800,2026-07-20 02:00:00,800.12,806.5,792.91,805.91
1784516400,2026-07-20 03:00:00,806.1,810.91,799,801.18
1784520000,2026-07-20 04:00:00,801.07,806.15,794.71,801.24
1784523600,2026-07-20 05:00:00,801.1,801.26,785.54,791.97
1784527200,2026-07-20 06:00:00,792.08,796.62,787.23,791.03
1784530800,2026-07-20 07:00:00,790.99,797.75,782.1,796.1
1784534400,2026-07-20 08:00:00,796.06,799.33,784.98,791.09
1784538000,2026-07-20 09:00:00,790.9,791.53,780.89,785.99
1784541600,2026-07-20 10:00:00,785.69,801.64,784.25,795.43
1784545200,2026-07-20 11:00:00,795.27,795.66,781.6,781.73
1784548800,2026-07-20 12:00:00,781.55,789.47,779.58,788.28
1784552400,2026-07-20 13:00:00,788.3,790.96,778.96,783.39
1784556000,2026-07-20 14:00:00,783.14,786,776.1,782.15
1784559600,2026-07-20 15:00:00,782.25,782.68,771.01,774.37
1784563200,2026-07-20 16:00:00,774.55,787.64,772.37,785.28
1784566800,2026-07-20 17:00:00,785.47,795.33,785.1,789.73
1784570400,2026-07-20 18:00:00,789.84,796.06,784.55,795.04
1784574000,2026-07-20 19:00:00,795.35,796.22,785.82,789.12
1784577600,2026-07-20 20:00:00,788.98,794.4,784.98,785.09
1784581200,2026-07-20 21:00:00,785.03,791.03,778.2,782.42
1784584800,2026-07-20 22:00:00,782.27,789.49,779.5,786.16
1784588400,2026-07-20 23:00:00,786.06,790.77,782.22,787.96
1784592000,2026-07-21 00:00:00,787.69,788.54,776.57,778.8
1784595600,2026-07-21 01:00:00,779.1,780.5,769.47,776.82
1784599200,2026-07-21 02:00:00,776.74,786.9,776.17,780.73
1784602800,2026-07-21 03:00:00,780.99,786.25,774.98,781.98
1784606400,2026-07-21 04:00:00,782.23,782.96,766.12,767.57
1784610000,2026-07-21 05:00:00,767.65,769.5,749.24,749.62
1784613600,2026-07-21 06:00:00,749.55,751.35,742.23,745.79
1784617200,2026-07-21 07:00:00,745.57,747.55,739.63,741.42
1784620800,2026-07-21 08:00:00,741.48,743.07,733.28,735.42
1784624400,2026-07-21 09:00:00,735.28,737.32,725.98,728.67
1784628000,2026-07-21 10:00:00,728.6,733.05,718.43,724.13
1784631600,2026-07-21 11:00:00,724.31,729.94,721.33,722.45
1784635200,2026-07-21 12:00:00,722.54,727.25,719.57,721.77
1784638800,2026-07-21 13:00:00,721.77,728.49,716.6,724.19
1784642400,2026-07-21 14:00:00,724.02,724.3,708.73,710.56
1784646000,2026-07-21 15:00:00,710.64,713.38,703,712.93
1784649600,2026-07-21 16:00:00,712.66,720.98,711.73,715.14
1784653200,2026-07-21 17:00:00,714.96,719.02,706.83,716.46
1784656800,2026-07-21 18:00:00,716.49,723.06,714.06,716.87
1784660400,2026-07-21 19:00:00,717.07,718.89,710.88,711.3
1784664000,2026-07-21 20:00:00,711.44,713.93,705.91,706.43
1784667600,2026-07-21 21:00:00,706.65,711.06,698.77,705.05
1784671200,2026-07-21 22:00:00,705.11,709.15,700.69,708.71
1784674800,2026-07-21 23:00:00,708.65,722.66,708.49,712.28
1784678400,2026-07-22 00:00:00,712.14,712.96,699.99,701.96
1784682000,2026-07-22 01:00:00,701.97,702.04,687.1,690.29
1784685600,2026-07-22 02:00:00,690.24,691.23,681.98,690.13
1784689200,2026-07-22 03:00:00,690.02,693.83,685.95,690.61
1784692800,2026-07-22 04:00:00,690.56,699.29,689.65,693.49
1784696400,2026-07-22 05:00:00,693.31,693.85,682.93,683.78
1784700000,2026-07-22 06:00:00,683.86,701.71,683.59,696.94
1784703600,2026-07-22 07:00:00,697.03,705.51,694.87,703.07
1784707200,2026-07-22 08:00:00,702.7,707.75,700.84,705.7
1784710800,2026-07-22 09:00:00,705.54,706.73,698.33,703.07
1784714400,2026-07-22 10:00:00,703.15,704.43,694.13,695.91
1784718000,2026-07-22 11:00:00,695.93,698.17,681.64,687.38
1784721600,2026-07-22 12:00:00,687.25,695.43,683.91,692.55
1784725200,2026-07-22 13:00:00,692.53,701.39,689.17,697.48
1784728800,2026-07-22 14:00:00,697.45,705.7,697.01,702.13
1784732400,2026-07-22 15:00:00,701.96,706.66,692.09,700.4
1784736000,2026-07-22 16:00:00,700.16,708.06,698.42,704.92
1784739600,2026-07-22 17:00:00,704.99,705.11,692.15,693.83
1784743200,2026-07-22 18:00:00,693.68,704.73,692.56,693.42
1784746800,2026-07-22 19:00:00,693.49,694.57,683.92,694.22
1784750400,2026-07-22 20:00:00,694.09,703.39,693.03,700.31
1784754000,2026-07-22 21:00:00,700.25,710.08,698.28,707.04
1784757600,2026-07-22 22:00:00,707.01,708.58,691.2,694.27
1784761200,2026-07-22 23:00:00,694.31,699.46,692.43,698.31
1784764800,2026-07-23 00:00:00,698.33,706.6,696.89,701.36
1784768400,2026-07-23 01:00:00,701.36,708.38,699.23,707.26
1784772000,2026-07-23 02:00:00,707.3,718.27,707.07,714.25
1784775600,2026-07-23 03:00:00,714.27,717.03,706.01,716.21
1784779200,2026-07-23 04:00:00,716.26,719.28,707.21,709.84
1784782800,2026-07-23 05:00:00,709.98,713.27,702.6,707.26
1784786400,2026-07-23 06:00:00,707.21,711.11,704.31,707.24
1784790000,2026-07-23 07:00:00,707.28,708.33,696.99,697.46
1784793600,2026-07-23 08:00:00,697.37,698.51,690.32,692.24
1784797200,2026-07-23 09:00:00,692.35,706.08,689.94,705.36
1784800800,2026-07-23 10:00:00,705.53,711.18,703.12,705.86
1784804400,2026-07-23 11:00:00,705.95,714.29,704.11,707.45
1784808000,2026-07-23 12:00:00,707.36,713.02,701.35,702.04
1784811600,2026-07-23 13:00:00,701.75,702.29,684.8,686.28
1784815200,2026-07-23 14:00:00,686.4,689.73,680.89,683.4
1784818800,2026-07-23 15:00:00,683.5,690.62,682.47,689.62
1784822400,2026-07-23 16:00:00,689.85,703.19,687.11,702.46
1784826000,2026-07-23 17:00:00,702.53,702.82,691.49,696.56
1784829600,2026-07-23 18:00:00,696.56,717.34,694.33,716.02
1784833200,2026-07-23 19:00:00,716.26,718.09,708.13,715.17
1784836800,2026-07-23 20:00:00,715.05,715.92,705.46,711.86
1784840400,2026-07-23 21:00:00,711.81,713.3,699.18,704.96
1784844000,2026-07-23 22:00:00,705.06,707.42,696.31,696.63
1784847600,2026-07-23 23:00:00,696.73,698.44,688.26,689.4
1784851200,2026-07-24 00:00:00,689.55,697.99,689.26,692.39
1784854800,2026-07-24 01:00:00,692.55,707.92,692.55,701.33
1784858400,2026-07-24 02:00:00,701.38,703.56,694.99,697.99
1784862000,2026-07-24 03:00:00,697.84,702.56,693.87,694.33
1784865600,2026-07-24 04:00:00,694.37,704.56,694.17,701.15
1784869200,2026-07-24 05:00:00,701.16,703.91,695.09,702.23
1784872800,2026-07-24 06:00:00,702.36,713.62,700.89,711.15
1784876400,2026-07-24 07:00:00,711.39,716.97,708.97,712.22
1784880000,2026-07-24 08:00:00,712.38,713.11,705.52,710.8
1784883600,2026-07-24 09:00:00,710.7,719.29,709.29,718.61
1784887200,2026-07-24 10:00:00,718.67,735.56,717.94,730.4
1784890800,2026-07-24 11:00:00,730.57,735.12,724.84,728.99
1784894400,2026-07-24 12:00:00,728.86,740.89,728.86,737.41
1784898000,2026-07-24 13:00:00,737.38,744.2,735.07,742.62
1784901600,2026-07-24 14:00:00,742.57,757.16,742.01,752.3
1784905200,2026-07-24 15:00:00,752.03,757.73,744.64,746.02
1784908800,2026-07-24 16:00:00,745.99,753.65,731.31,731.41
1784912400,2026-07-24 17:00:00,731.43,735.66,723.35,727.21
1784916000,2026-07-24 18:00:00,727.41,728.9,707.08,707.3
1784919600,2026-07-24 19:00:00,707.16,710.07,703.96,707.28
1784923200,2026-07-24 20:00:00,707.42,709.46,698.94,700.25
1784926800,2026-07-24 21:00:00,700.28,706.59,695.57,696.38
1784930400,2026-07-24 22:00:00,696.44,707,696.44,705.34
1784934000,2026-07-24 23:00:00,705.35,712.84,700.57,711.54
1784937600,2026-07-25 00:00:00,711.58,711.97,701.77,702.21
1784941200,2026-07-25 01:00:00,702.29,705.18,691.41,692.46
1784944800,2026-07-25 02:00:00,692.29,695.8,686.7,687.42
1784948400,2026-07-25 03:00:00,687.51,690.05,681.99,688.67
1784952000,2026-07-25 04:00:00,688.62,690.62,678.48,679.07
1784955600,2026-07-25 05:00:00,679.35,697.58,678.32,690.37
1784959200,2026-07-25 06:00:00,690.52,706.77,689.88,704.01
1784962800,2026-07-25 07:00:00,703.87,708.42,699.72,706.69
1784966400,2026-07-25 08:00:00,706.94,711.35,700.13,703.5
1784970000,2026-07-25 09:00:00,703.59,709.36,702.79,706.78
1784973600,2026-07-25 10:00:00,706.51,713.31,701.32,704.49
1784977200,2026-07-25 11:00:00,704.25,709.59,697.25,705.38
1784980800,2026-07-25 12:00:00,705.41,709.41,700.2,702.66
1784984400,2026-07-25 13:00:00,702.76,717.8,700.52,717.04
1784988000,2026-07-25 14:00:00,717.16,722.37,712.06,717.09
1784991600,2026-07-25 15:00:00,717.03,729.54,716.51,719.31
1784995200,2026-07-25 16:00:00,719.26,729.63,717.96,729.54
1784998800,2026-07-25 17:00:00,729.64,739.15,727.45,736.6
1785002400,2026-07-25 18:00:00,736.6,747.72,735.14,744.04
1785006000,2026-07-25 19:00:00,744,746.75,732.79,734.17
1785009600,2026-07-25 20:00:00,734.11,743.13,730.25,741.12
1785013200,2026-07-25 21:00:00,741.01,747.02,740.44,744.09
1785016800,2026-07-25 22:00:00,744.05,744.43,723.62,729.52
1785020400,2026-07-25 23:00:00,729.61,731.38,723.2,724.58
1785024000,2026-07-26 00:00:00,724.44,731.63,720.93,731.4
1785027600,2026-07-26 01:00:00,731.42,738.36,725.14,738.36
1785031200,2026-07-26 02:00:00,738.45,746.47,734.05,738.89
1785034800,2026-07-26 03:00:00,738.65,750.16,734.45,741.09
1785038400,2026-07-26 04:00:00,740.84,741.12,732.1,732.87
1785042000,2026-07-26 05:00:00,732.97,738.22,719.07,722.13
1785045600,2026-07-26 06:00:00,722.12,733.19,721.65,723.66
1785049200,2026-07-26 07:00:00,723.65,742.56,723.11,735.18
1785052800,2026-07-26 08:00:00,735.29,739.15,729.91,730.7
1785056400,2026-07-26 09:00:00,730.84,733.96,724.72,725.56
1785060000,2026-07-26 10:00:00,725.44,726.51,718.28,721.18
1785063600,2026-07-26 11:00:00,721.22,722.74,711.88,718.43
1785067200,2026-07-26 12:00:00,718.46,718.46,712.18,714.12
1785070800,2026-07-26 13:00:00,714.01,717.39,707,709.65
1785074400,2026-07-26 14:00:00,709.57,714.98,705.26,714.96
1785078000,2026-07-26 15:00:00,714.86,727.21,711.77,726.67
1785081600,2026-07-26 16:00:00,726.77,728.55,707.41,712.13
1785085200,2026-07-26 17:00:00,712.26,719.97,698.01,698.36
1785088800,2026-07-26 18:00:00,698.35,712.99,694.45,709.35
1785092400,2026-07-26 19:00:00,709.42,722.58,709.42,719.79
1785096000,2026-07-26 20:00:00,719.73,728.43,713.02,714.47
1785099600,2026-07-26 21:00:00,714.54,724.34,709.38,713.28
1785103200,2026-07-26 22:00:00,713.18,719.5,711.78,719.5
1785106800,2026-07-26 23:00:00,719.42,725.56,715.94,724.91
1785110400,2026-07-27 00:00:00,724.96,734.87,724.33,731.09
1785114000,2026-07-27 01:00:00,731.29,740.56,729.21,740.28
1785117600,2026-07-27 02:00:00,740.15,742.9,728.29,737.23
1785121200,2026-07-27 03:00:00,737.2,740.45,730.51,735.09
1785124800,2026-07-27 04:00:00,735.38,740.07,731.57,737.93
1785128400,2026-07-27 05:00:00,738.11,741.24,730.6,731.48
1785132000,2026-07-27 06:00:00,731.64,737.78,729.17,731.62
1785135600,2026-07-27 07:00:00,731.62,739.64,730.27,733.58
1785139200,2026-07-27 08:00:00,733.62,735.85,722.88,724.37
1785142800,2026-07-27 09:00:00,724.53,727.77,716.39,720.83
1785146400,2026-07-27 10:00:00,720.88,741.95,720.88,741.11
1785150000,2026-07-27 11:00:00,741.13,744.97,737.1,739.61
1785153600,2026-07-27 12:00:00,739.68,753.72,738.82,750.86
1785157200,2026-07-27 13:00:00,750.6,756.38,746.51,751.19
1785160800,2026-07-27 14:00:00,751.4,759.14,747.32,754.07
1785164400,2026-07-27 15:00:00,754.15,755.32,741.56,746.91
1785168000,2026-07-27 16:00:00,746.74,757.99,745.66,754.81
1785171600,2026-07-27 17:00:00,754.79,767.85,750.16,766.5
1785175200,2026-07-27 18:00:00,766.59,776.17,766.11,770.01
1785178800,2026-07-27 19:00:00,769.81,774.63,760.98,761.45
1785182400,2026-07-27 20:00:00,761.52,762.33,749.23,749.48
1785186000,2026-07-27 21:00:00,749.76,760.04,747.32,759.79
1785189600,2026-07-27 22:00:00,759.6,764.14,751.41,755.15
1785193200,2026-07-27 23:00:00,755.28,764.29,753.83,759.05
1785196800,2026-07-28 00:00:00,759.23,762.1,751.37,759.37
1785200400,2026-07-28 01:00:00,759.37,766.32,754.4,763.87
1785204000,2026-07-28 02:00:00,763.66,765.05,746.87,746.87
1785207600,2026-07-28 03:00:00,746.77,755.35,746.5,754.26
1785211200,2026-07-28 04:00:00,754.43,758.89,747,751.28
1785214800,2026-07-28 05:00:00,751.22,767.84,749.81,766.2
1785218400,2026-07-28 06:00:00,766.23,776.87,765.86,774.44
1785222000,2026-07-28 07:00:00,774.37,780.68,770.16,775.47
1785225600,2026-07-28 08:00:00,775.47,779.73,768.12,769.08
1785229200,2026-07-28 09:00:00,768.94,776.54,768.26,771.44
1785232800,2026-07-28 10:00:00,771.57,773.57,759.61,763.2
1785236400,2026-07-28 11:00:00,763.23,772.92,762.75,769.15
1785240000,2026-07-28 12:00:00,768.92,777.2,760.06,776.53
1785243600,2026-07-28 13:00:00,776.53,778.68,770.37,774.82
1785247200,2026-07-28 14:00:00,774.59,778.17,763.67,765.77
1785250800,2026-07-28 15:00:00,765.88,775.87,758.98,761.47
1785254400,2026-07-28 16:00:00,761.49,765.56,749.39,765.56
1785258000,2026-07-28 17:00:00,765.72,778.57,758.08,778.09
1785261600,2026-07-28 18:00:00,778.16,788.42,774.74,788.42
1785265200,2026-07-28 19:00:00,788.27,796.38,785.12,786.79
1785268800,2026-07-28 20:00:00,786.73,791.92,779.34,790.07
1785272400,2026-07-28 21:00:00,790.39,802.63,788.18,797.39
1785276000,2026-07-28 22:00:00,797.44,803.76,794.68,797.25
1785279600,2026-07-28 23:00:00,797.34,814.1,797.23,812.05
1785283200,2026-07-29 00:00:00,812.02,820.11,809.47,817.2
1785286800,2026-07-29 01:00:00,817.13,818.38,807.48,816.71
1785290400,2026-07-29 02:00:00,816.54,828.49,816.04,824.94
1785294000,2026-07-29 03:00:00,824.79,844.71,823.04,843.58
1785297600,2026-07-29 04:00:00,843.79,848.38,837.31,842.18
1785301200,2026-07-29 05:00:00,842.46,848.63,832.04,836.39
1785304800,2026-07-29 06:00:00,836.64,843.28,831.8,832.65
1785308400,2026-07-29 07:00:00,832.49,838.11,825.13,825.13
1785312000,2026-07-29 08:00:00,825,830.31,815.53,823.86
1785315600,2026-07-29 09:00:00,824.07,828.75,819.49,825.22
1785319200,2026-07-29 10:00:00,825.36,829.73,820.14,826.82
1785322800,2026-07-29 11:00:00,827.01,827.3,810.33,810.72
1785326400,2026-07-29 12:00:00,810.79,824.83,808.32,822.62
1785330000,2026-07-29 13:00:00,822.7,826.61,818.6,819.07
1785333600,2026-07-29 14:00:00,819.11,830.31,812.52,816.19
1785337200,2026-07-29 15:00:00,816.14,831.28,816.06,821.8
1785340800,2026-07-29 16:00:00,821.97,826.51,811.71,825.62
1785344400,2026-07-29 17:00:00,825.47,826.7,809.96,811.2
1785348000,2026-07-29 18:00:00,811.07,813.23,799.04,800.39
1785351600,2026-07-29 19:00:00,800.41,806.31,788.2,802.85
1785355200,2026-07-29 20:00:00,802.8,802.92,776.37,777.56
1785358800,2026-07-29 21:00:00,777.56,781.81,767.81,774.43
1785362400,2026-07-29 22:00:00,774.07,784.25,771.8,783.12
1785366000,2026-07-29 23:00:00,783.21,792.96,778.13,792.66
1785369600,2026-07-30 00:00:00,792.81,800.77,791.78,792.35
1785373200,2026-07-30 01:00:00,792.28,797.85,777.13,778.69
1785376800,2026-07-30 02:00:00,778.58,781.85,774.2,778.21
1785380400,2026-07-30 03:00:00,778.19,779.4,770.52,772.59
1785384000,2026-07-30 04:00:00,772.67,790.27,769.98,782.71
1785387600,2026-07-30 05:00:00,782.7,783.57,771.1,778.01
1785391200,2026-07-30 06:00:00,778.03,783.28,759.69,760.08
1785394800,2026-07-30 07:00:00,760.32,768.5,756.31,768.12
1785398400,2026-07-30 08:00:00,768.16,770.08,752.77,754.35
1785402000,2026-07-30 09:00:00,754.42,760.23,743.68,748.3
1785405600,2026-07-30 10:00:00,748.41,766.2,747.98,761.75
1785409200,2026-07-30 11:00:00,761.71,767.2,756.46,764.82
1785412800,2026-07-30 12:00:00,765.02,765.88,757.24,757.37
1785416400,2026-07-30 13:00:00,757.38,765.41,754.33,755.01
1785420000,2026-07-30 14:00:00,755.01,765.27,753.88,764.56
1785423600,2026-07-30 15:00:00,764.48,768.87,754.35,757.52
1785427200,2026-07-30 16:00:00,757.61,763.75,755.3,757.13
1785430800,2026-07-30 17:00:00,757.19,768,755.62,761.45
1785434400,2026-07-30 18:00:00,761.38,773.09,757.15,766.66
1785438000,2026-07-30 19:00:00,766.69,768.43,759.96,763.3
1785441600,2026-07-30 20:00:00,763.13,780.81,762.85,779.69
1785445200,2026-07-30 21:00:00,779.57,790.2,778.75,780.17
1785448800,2026-07-30 22:00:00,780.17,793.18,778.59,792.49
1785452400,2026-07-30 23:00:00,792.5,797.13,787.29,787.61
1785456000,2026-07-31 00:00:00,787.73,788.48,776.37,777.91
1785459600,2026-07-31 01:00:00,777.84,786.61,773.43,784.27
1785463200,2026-07-31 02:00:00,784.48,798.33,782.62,793.34
1785466800,2026-07-31 03:00:00,793.55,796.01,780.59,783.1
1785470400,2026-07-31 04:00:00,783.37,800.1,781.96,796.62
1785474000,2026-07-31 05:00:00,796.81,797.07,789.35,789.88
1785477600,2026-07-31 06:00:00,789.72,798.66,782.84,784.48
1785481200,2026-07-31 07:00:00,784.57,791.96,783.51,791.96
1785484800,2026-07-31 08:00:00,791.78,792.21,781.81,785.27
1785488400,2026-07-31 09:00:00,785.28,787.13,773.54,774.28
