epoch,datetime_utc,open,high,low,close
1753954577,2025-07-31 09:36:17,736.5,743.86,735.86,743.75
1753956000,2025-07-31 10:00:00,743.66,749.64,733.02,738.4
1753963200,2025-07-31 12:00:00,738.36,747.68,734.16,742.56
1753970400,2025-07-31 14:00:00,742.64,760.52,742.51,750.31
1753977600,2025-07-31 16:00:00,750.24,754.17,732.16,734.89
1753984800,2025-07-31 18:00:00,734.72,746.31,734.35,740.73
1753992000,2025-07-31 20:00:00,740.59,740.75,716.16,717.31
1753999200,2025-07-31 22:00:00,717.21,722.52,699.71,702.49
1754006400,2025-08-01 00:00:00,702.72,705.73,696.29,705.45
1754013600,2025-08-01 02:00:00,705.35,713.92,700.61,706.89
1754020800,2025-08-01 04:00:00,707.02,719.95,704.59,714.64
1754028000,2025-08-01 06:00:00,714.62,723,708.32,708.99
1754035200,2025-08-01 08:00:00,708.92,722.36,700.15,720.31
1754042400,2025-08-01 10:00:00,720.5,720.5,695.18,698.64
1754049600,2025-08-01 12:00:00,698.53,704.05,685.87,692.29
1754056800,2025-08-01 14:00:00,692.24,693.48,681.86,686.54
1754064000,2025-08-01 16:00:00,686.52,704.72,680.74,704
1754071200,2025-08-01 18:00:00,703.86,704,683.68,684.77
1754078400,2025-08-01 20:00:00,684.65,685.33,661.3,664.29
1754085600,2025-08-01 22:00:00,664.21,665.8,653.96,660.21
1754092800,2025-08-02 00:00:00,660.28,666.27,653.62,664.41
1754100000,2025-08-02 02:00:00,664.31,672.09,656.62,658.38
1754107200,2025-08-02 04:00:00,658.58,666.32,655.79,664.29
1754114400,2025-08-02 06:00:00,664.34,672.9,663.32,670.67
1754121600,2025-08-02 08:00:00,670.4,677.23,665.11,676.55
1754128800,2025-08-02 10:00:00,676.75,684.32,659.51,664.28
1754136000,2025-08-02 12:00:00,664.34,670.5,661.67,662.66
1754143200,2025-08-02 14:00:00,662.39,678.98,656.07,671.78
1754150400,2025-08-02 16:00:00,671.95,675.34,662.89,666.76
1754157600,2025-08-02 18:00:00,666.86,666.86,648.91,653.17
1754164800,2025-08-02 20:00:00,653.27,666.81,650.59,663.32
1754172000,2025-08-02 22:00:00,663.26,669.49,657.24,659.3
1754179200,2025-08-03 00:00:00,659.25,665.87,649.57,651.84
1754186400,2025-08-03 02:00:00,651.67,654.11,637.45,648.6
1754193600,2025-08-03 04:00:00,648.66,656.78,638.97,639.71
1754200800,2025-08-03 06:00:00,639.6,648.58,636.1,639.32
1754208000,2025-08-03 08:00:00,639.23,651.97,638.9,649
1754215200,2025-08-03 10:00:00,649,656.55,646.21,651.98
1754222400,2025-08-03 12:00:00,651.96,656,637.38,655.24
1754229600,2025-08-03 14:00:00,655.35,657.42,636.45,636.45
1754236800,2025-08-03 16:00:00,636.41,652.88,635.94,647.62
1754244000,2025-08-03 18:00:00,647.5,648.66,624.28,624.48
1754251200,2025-08-03 20:00:00,624.44,630.09,618.69,620.21
1754258400,2025-08-03 22:00:00,620.17,632.02,618.59,629.59
1754265600,2025-08-04 00:00:00,629.51,629.51,619.24,627.31
1754272800,2025-08-04 02:00:00,627.35,637.6,625.52,630.41
1754280000,2025-08-04 04:00:00,630.38,631.16,616.29,623.07
1754287200,2025-08-04 06:00:00,622.89,630.23,616.09,621
1754294400,2025-08-04 08:00:00,621,642.35,620.6,638.41
1754301600,2025-08-04 10:00:00,638.57,644.87,630.49,634.88
1754308800,2025-08-04 12:00:00,634.73,640.7,620.91,626.66
1754316000,2025-08-04 14:00:00,626.85,633.52,618.17,618.24
1754323200,2025-08-04 16:00:00,618.22,627.72,615.73,625.91
1754330400,2025-08-04 18:00:00,625.97,634.3,621.1,627.46
1754337600,2025-08-04 20:00:00,627.46,631.96,621.53,629.12
1754344800,2025-08-04 22:00:00,628.87,638.29,626.79,631.2
1754352000,2025-08-05 00:00:00,631.29,632.36,620.13,624.83
1754359200,2025-08-05 02:00:00,624.75,627.64,612.34,621.79
1754366400,2025-08-05 04:00:00,621.65,632.04,618.97,627.52
1754373600,2025-08-05 06:00:00,627.44,635.49,625.82,633.09
1754380800,2025-08-05 08:00:00,632.96,641.16,628.89,632.35
1754388000,2025-08-05 10:00:00,632.36,633.14,613.62,614.68
1754395200,2025-08-05 12:00:00,614.71,614.71,605.14,609.77
1754402400,2025-08-05 14:00:00,609.94,613.92,606.54,610.73
1754409600,2025-08-05 16:00:00,610.95,614.19,601.86,603.89
1754416800,2025-08-05 18:00:00,603.77,604.9,595.41,599.25
1754424000,2025-08-05 20:00:00,599.21,603,590.58,594.26
1754431200,2025-08-05 22:00:00,594.16,596.45,586.26,588.92
1754438400,2025-08-06 00:00:00,588.91,603.65,587.34,603.05
1754445600,2025-08-06 02:00:00,603.14,607.57,589.41,589.73
1754452800,2025-08-06 04:00:00,589.79,600.15,589.05,590.33
1754460000,2025-08-06 06:00:00,590.39,592.4,579.4,582.4
1754467200,2025-08-06 08:00:00,582.34,585.16,571.2,577.33
1754474400,2025-08-06 10:00:00,577.26,588.06,575.87,584.68
1754481600,2025-08-06 12:00:00,584.68,592.43,579.2,589.06
1754488800,2025-08-06 14:00:00,588.88,604.89,588.44,595.29
1754496000,2025-08-06 16:00:00,595.39,607.16,593.65,604.12
1754503200,2025-08-06 18:00:00,604.18,611.2,601.03,610.87
1754510400,2025-08-06 20:00:00,610.91,611.06,596.19,600.6
1754517600,2025-08-06 22:00:00,600.62,611.31,596.56,610.32
1754524800,2025-08-07 00:00:00,610.28,611.01,596.23,598.59
1754532000,2025-08-07 02:00:00,598.5,600.87,573.94,578.23
1754539200,2025-08-07 04:00:00,578.18,585.67,573.15,578.8
1754546400,2025-08-07 06:00:00,578.79,587.73,576.36,583.99
1754553600,2025-08-07 08:00:00,584.03,589.28,561.05,562.4
1754560800,2025-08-07 10:00:00,562.37,573.43,557.9,560.37
1754568000,2025-08-07 12:00:00,560.28,563.51,549.48,549.91
1754575200,2025-08-07 14:00:00,549.87,551.31,538.08,539.38
1754582400,2025-08-07 16:00:00,539.31,548.57,535.57,544.72
1754589600,2025-08-07 18:00:00,544.71,546.36,535.87,537.67
1754596800,2025-08-07 20:00:00,537.69,539.35,531.92,534.07
1754604000,2025-08-07 22:00:00,534.07,535.46,526.75,528.23
1754611200,2025-08-08 00:00:00,528.24,533.68,524.96,525.43
1754618400,2025-08-08 02:00:00,525.32,527.64,515.5,519.93
1754625600,2025-08-08 04:00:00,519.89,520.16,505.18,506.04
1754632800,2025-08-08 06:00:00,506.09,508.75,496.72,499.11
1754640000,2025-08-08 08:00:00,499,511.14,496.34,509.04
1754647200,2025-08-08 10:00:00,509,510.43,493,500.03
1754654400,2025-08-08 12:00:00,500.05,509.2,499.67,505.85
1754661600,2025-08-08 14:00:00,505.74,507.39,497.97,503.06
1754668800,2025-08-08 16:00:00,503.12,507.85,493.55,495.37
1754676000,2025-08-08 18:00:00,495.37,496.39,487.68,495.23
1754683200,2025-08-08 20:00:00,495.28,498.65,491.08,494.19
1754690400,2025-08-08 22:00:00,494.02,495.23,483.59,487.06
1754697600,2025-08-09 00:00:00,487.08,488.12,478.13,478.46
1754704800,2025-08-09 02:00:00,478.59,482.03,472.67,479.73
1754712000,2025-08-09 04:00:00,479.62,480.6,466.73,472.24
1754719200,2025-08-09 06:00:00,472.14,472.74,460.76,467.56
1754726400,2025-08-09 08:00:00,467.66,474.16,462.94,464.52
1754733600,2025-08-09 10:00:00,464.56,471.09,460.11,469.18
1754740800,2025-08-09 12:00:00,469.24,469.93,459.3,463.35
1754748000,2025-08-09 14:00:00,463.31,469.04,460.9,465.48
1754755200,2025-08-09 16:00:00,465.43,478.53,461.8,470.37
1754762400,2025-08-09 18:00:00,470.33,474.93,465.09,474.65
1754769600,2025-08-09 20:00:00,474.75,485,472.22,482.15
1754776800,2025-08-09 22:00:00,482.18,486.05,476.11,479.15
1754784000,2025-08-10 00:00:00,479.14,492.24,477.92,489.81
1754791200,2025-08-10 02:00:00,489.75,494.84,487.55,494.84
1754798400,2025-08-10 04:00:00,494.94,496.71,487.42,491.98
1754805600,2025-08-10 06:00:00,491.82,492.65,486.47,490.57
1754812800,2025-08-10 08:00:00,490.59,492.75,486.45,489.58
1754820000,2025-08-10 10:00:00,489.67,497.07,484.72,494.69
1754827200,2025-08-10 12:00:00,494.54,502.6,490.96,494
1754834400,2025-08-10 14:00:00,494.04,504.1,492.14,492.28
1754841600,2025-08-10 16:00:00,492.29,494.59,478.12,481.46
1754848800,2025-08-10 18:00:00,481.4,483.16,466.9,470.12
1754856000,2025-08-10 20:00:00,470.06,479.94,469.82,475.31
1754863200,2025-08-10 22:00:00,475.45,479.12,467.97,474.3
1754870400,2025-08-11 00:00:00,474.58,476.81,464.05,466.44
1754877600,2025-08-11 02:00:00,466.41,474.14,456.85,457.18
1754884800,2025-08-11 04:00:00,457.18,462.4,455.85,461.25
1754892000,2025-08-11 06:00:00,461.21,472.29,461.21,470.53
1754899200,2025-08-11 08:00:00,470.61,481.16,469.48,476.74
1754906400,2025-08-11 10:00:00,476.8,484.15,475.4,483.59
1754913600,2025-08-11 12:00:00,483.69,489.96,476.68,478.16
1754920800,2025-08-11 14:00:00,478.15,481.05,471.21,471.21
1754928000,2025-08-11 16:00:00,471.26,472.19,464.72,468
1754935200,2025-08-11 18:00:00,467.95,476.39,464.97,474.9
1754942400,2025-08-11 20:00:00,474.75,475.58,458.78,466.26
1754949600,2025-08-11 22:00:00,466.27,469.84,463.34,466.03
1754956800,2025-08-12 00:00:00,466.09,467.28,456.16,462.56
1754964000,2025-08-12 02:00:00,462.62,473.06,462.62,469.98
1754971200,2025-08-12 04:00:00,469.81,472.47,464.89,467.67
1754978400,2025-08-12 06:00:00,467.65,482.79,465.7,482.26
1754985600,2025-08-12 08:00:00,482.33,488.53,481.09,486.5
1754992800,2025-08-12 10:00:00,486.53,490.17,474.9,477.78
1755000000,2025-08-12 12:00:00,477.73,485.23,472.87,478.31
1755007200,2025-08-12 14:00:00,478.35,485.7,471.79,471.9
1755014400,2025-08-12 16:00:00,471.8,473.76,466.17,472.52
1755021600,2025-08-12 18:00:00,472.35,480.79,464.8,478.09
1755028800,2025-08-12 20:00:00,478.08,483.19,470.51,470.99
1755036000,2025-08-12 22:00:00,471.01,473.83,465.28,472.86
1755043200,2025-08-13 00:00:00,472.85,479.3,468.81,478.4
1755050400,2025-08-13 02:00:00,478.49,485.61,476.7,479.87
1755057600,2025-08-13 04:00:00,479.77,491.54,478.75,489.57
1755064800,2025-08-13 06:00:00,489.49,496.1,482.81,492.46
1755072000,2025-08-13 08:00:00,492.44,507.51,491.51,506.67
1755079200,2025-08-13 10:00:00,506.63,509.58,502.73,507.94
1755086400,2025-08-13 12:00:00,508.04,525.41,507.57,523.49
1755093600,2025-08-13 14:00:00,523.41,530.45,520.16,528.04
1755100800,2025-08-13 16:00:00,528.21,532.1,519.79,523.64
1755108000,2025-08-13 18:00:00,523.68,534.04,515.35,515.35
1755115200,2025-08-13 20:00:00,515.32,517.59,508.33,512.79
1755122400,2025-08-13 22:00:00,512.89,516.46,502.03,504.71
1755129600,2025-08-14 00:00:00,504.59,510.46,493.19,493.63
1755136800,2025-08-14 02:00:00,493.68,497.36,488.73,497.22
1755144000,2025-08-14 04:00:00,497.26,498.76,485.36,487.15
1755151200,2025-08-14 06:00:00,487.16,494.64,485.43,493.08
1755158400,2025-08-14 08:00:00,493.09,509.92,493.07,509.92
1755165600,2025-08-14 10:00:00,510.01,519.76,508.18,518.61
1755172800,2025-08-14 12:00:00,518.73,530.18,518.71,526.86
1755180000,2025-08-14 14:00:00,526.88,529.53,518.66,522.16
1755187200,2025-08-14 16:00:00,522.32,526.57,517.02,522.04
1755194400,2025-08-14 18:00:00,522.07,533.83,520.42,533.59
1755201600,2025-08-14 20:00:00,533.55,534.74,520.97,522.62
1755208800,2025-08-14 22:00:00,522.42,533.79,520.46,522
1755216000,2025-08-15 00:00:00,522.01,524.05,501.63,503.94
1755223200,2025-08-15 02:00:00,503.93,507.95,497.73,504.59
1755230400,2025-08-15 04:00:00,504.62,511.46,501.9,505.96
1755237600,2025-08-15 06:00:00,505.98,507.73,481.7,482.96
1755244800,2025-08-15 08:00:00,482.91,488.09,480.24,487.41
1755252000,2025-08-15 10:00:00,487.4,489.68,481.31,487.13
1755259200,2025-08-15 12:00:00,487.19,490.93,479.9,485.82
1755266400,2025-08-15 14:00:00,485.85,493.42,484.69,489.91
1755273600,2025-08-15 16:00:00,489.92,503.67,489.86,497.01
1755280800,2025-08-15 18:00:00,497.1,498.02,483.41,484.44
1755288000,2025-08-15 20:00:00,484.42,493.85,482.79,490.05
1755295200,2025-08-15 22:00:00,490.17,492.72,478.47,483.65
1755302400,2025-08-16 00:00:00,483.52,484.45,475.52,479.67
1755309600,2025-08-16 02:00:00,479.75,490.38,476.73,489.06
1755316800,2025-08-16 04:00:00,489.01,490.49,479.99,485.08
1755324000,2025-08-16 06:00:00,485.08,497.95,484.87,492.28
1755331200,2025-08-16 08:00:00,492.21,503.19,490.32,502.23
1755338400,2025-08-16 10:00:00,502.17,510.09,497.73,502.13
1755345600,2025-08-16 12:00:00,502.13,509.11,495.01,505.31
1755352800,2025-08-16 14:00:00,505.16,518.16,503.8,513.29
1755360000,2025-08-16 16:00:00,513.32,520.7,512.72,518.85
1755367200,2025-08-16 18:00:00,518.83,523.55,510.5,510.92
1755374400,2025-08-16 20:00:00,510.9,512.75,500,504.15
1755381600,2025-08-16 22:00:00,503.98,507.83,494.31,500.95
1755388800,2025-08-17 00:00:00,500.83,518.8,496.36,518.14
1755396000,2025-08-17 02:00:00,518.2,521.73,514.35,518.11
1755403200,2025-08-17 04:00:00,518.15,527.51,512.32,522.81
1755410400,2025-08-17 06:00:00,522.82,533.62,518.02,529.58
1755417600,2025-08-17 08:00:00,529.65,530.03,517.6,518.16
1755424800,2025-08-17 10:00:00,518.22,532.95,518.19,530.12
1755432000,2025-08-17 12:00:00,530.07,542.13,529.15,541.58
1755439200,2025-08-17 14:00:00,541.49,548.81,536.93,539.57
1755446400,2025-08-17 16:00:00,539.48,545.51,529.7,543.31
1755453600,2025-08-17 18:00:00,543.13,556.52,540.12,550.67
1755460800,2025-08-17 20:00:00,550.88,560.62,546.4,553.96
1755468000,2025-08-17 22:00:00,553.95,555.54,545.63,552.82
1755475200,2025-08-18 00:00:00,552.95,562.62,551.71,556.73
1755482400,2025-08-18 02:00:00,556.73,557.42,546.89,555.32
1755489600,2025-08-18 04:00:00,555.2,561.81,546.09,558.03
1755496800,2025-08-18 06:00:00,558.17,565.56,554.74,562.07
1755504000,2025-08-18 08:00:00,562.15,569.94,557.98,562.45
1755511200,2025-08-18 10:00:00,562.28,576.71,557.99,569.35
1755518400,2025-08-18 12:00:00,569.46,586.52,564.78,582.55
1755525600,2025-08-18 14:00:00,582.32,591.02,578.06,589.68
1755532800,2025-08-18 16:00:00,590,609.4,590,602.36
1755540000,2025-08-18 18:00:00,602.43,604.54,593.19,598.2
1755547200,2025-08-18 20:00:00,598.47,602.41,591.02,598.71
1755554400,2025-08-18 22:00:00,598.84,609.74,595.99,609.04
1755561600,2025-08-19 00:00:00,608.89,613.06,604.19,608.19
1755568800,2025-08-19 02:00:00,608.04,627.35,600.96,617.29
1755576000,2025-08-19 04:00:00,617.19,636.48,615.09,631.21
1755583200,2025-08-19 06:00:00,631.22,640.24,624.58,628.23
1755590400,2025-08-19 08:00:00,627.99,636.55,623.93,626.09
1755597600,2025-08-19 10:00:00,626.01,630.54,621.46,624.12
1755604800,2025-08-19 12:00:00,624.13,626.32,612.08,614.84
1755612000,2025-08-19 14:00:00,614.79,618.07,602.96,614.17
1755619200,2025-08-19 16:00:00,614.26,618.6,610.52,610.9
1755626400,2025-08-19 18:00:00,610.82,627.24,610.65,626.84
1755633600,2025-08-19 20:00:00,626.71,635.37,622.63,633.85
1755640800,2025-08-19 22:00:00,633.85,648.35,633.85,639.4
1755648000,2025-08-20 00:00:00,639.35,659.91,639.35,656.28
1755655200,2025-08-20 02:00:00,656.16,661.71,646.42,649.33
1755662400,2025-08-20 04:00:00,649.31,655.48,636.06,639.82
1755669600,2025-08-20 06:00:00,639.77,648.85,634,646.46
1755676800,2025-08-20 08:00:00,646.65,646.74,627.79,629.84
1755684000,2025-08-20 10:00:00,629.83,640.88,626.08,638.92
1755691200,2025-08-20 12:00:00,639.09,646.56,637.87,640.08
1755698400,2025-08-20 14:00:00,640.04,648.3,629.92,641.16
1755705600,2025-08-20 16:00:00,641.09,643.57,629.2,639.55
1755712800,2025-08-20 18:00:00,639.74,649.36,635.74,642.83
1755720000,2025-08-20 20:00:00,642.76,655.89,640.47,642.73
1755727200,2025-08-20 22:00:00,642.8,646.6,639.3,644.35
1755734400,2025-08-21 00:00:00,644.46,650.05,640.2,644.32
1755741600,2025-08-21 02:00:00,644.18,647.67,638.46,639.86
1755748800,2025-08-21 04:00:00,639.81,641.52,626.64,631.12
1755756000,2025-08-21 06:00:00,631.14,636.47,622.89,634.49
1755763200,2025-08-21 08:00:00,634.42,640.22,625.94,627.06
1755770400,2025-08-21 10:00:00,626.87,627.82,619.84,623.67
1755777600,2025-08-21 12:00:00,623.58,634.99,618.39,627.05
1755784800,2025-08-21 14:00:00,626.91,647.64,624.86,641.08
1755792000,2025-08-21 16:00:00,640.89,650.86,623.07,623.58
1755799200,2025-08-21 18:00:00,623.54,639.14,621.05,633.69
1755806400,2025-08-21 20:00:00,633.58,646.61,629.52,638.38
1755813600,2025-08-21 22:00:00,638.37,645.96,634.17,644.93
1755820800,2025-08-22 00:00:00,644.97,651.03,631.61,634.79
1755828000,2025-08-22 02:00:00,634.77,641.09,628.58,635.81
1755835200,2025-08-22 04:00:00,635.66,646.78,632.39,636.76
1755842400,2025-08-22 06:00:00,636.69,640.78,630.54,639.9
1755849600,2025-08-22 08:00:00,639.88,649.33,626.85,628.11
1755856800,2025-08-22 10:00:00,628.16,631.62,615.6,619.2
1755864000,2025-08-22 12:00:00,619.4,622.44,612.76,617.26
1755871200,2025-08-22 14:00:00,617.34,630.3,617.2,628.57
1755878400,2025-08-22 16:00:00,628.55,647.18,625.61,646.48
1755885600,2025-08-22 18:00:00,646.46,649.64,638.14,640.68
1755892800,2025-08-22 20:00:00,640.67,640.84,623.03,625.17
1755900000,2025-08-22 22:00:00,625.01,637.01,622.73,627.08
1755907200,2025-08-23 00:00:00,627.21,636.7,622.15,635.43
1755914400,2025-08-23 02:00:00,635.34,639.78,630.79,634.44
1755921600,2025-08-23 04:00:00,634.26,636.4,621.49,625.47
1755928800,2025-08-23 06:00:00,625.5,645.62,622.79,640.24
1755936000,2025-08-23 08:00:00,640.34,648.65,629.78,637.49
1755943200,2025-08-23 10:00:00,637.58,640.78,617.48,626.33
1755950400,2025-08-23 12:00:00,626.32,627.29,617.56,627.05
1755957600,2025-08-23 14:00:00,627.06,632.25,621.17,621.17
1755964800,2025-08-23 16:00:00,621.38,625.06,612.55,615.59
1755972000,2025-08-23 18:00:00,615.65,624.22,612.5,622.96
1755979200,2025-08-23 20:00:00,623.03,626.88,613.48,621.05
1755986400,2025-08-23 22:00:00,621.26,634.04,616.8,633.23
1755993600,2025-08-24 00:00:00,633.16,636.18,621.86,623.38
1756000800,2025-08-24 02:00:00,623.33,632.07,619.01,631.53
1756008000,2025-08-24 04:00:00,631.54,636.11,627.31,635.41
1756015200,2025-08-24 06:00:00,635.38,636.2,621.08,623.23
1756022400,2025-08-24 08:00:00,623.16,637.63,619.93,633.57
1756029600,2025-08-24 10:00:00,633.54,637.67,625.06,631.21
1756036800,2025-08-24 12:00:00,631.29,637.68,620.18,633.8
1756044000,2025-08-24 14:00:00,633.72,642.42,624.21,624.25
1756051200,2025-08-24 16:00:00,624.21,631.44,614.18,615.12
1756058400,2025-08-24 18:00:00,615.13,615.82,603.4,608.87
1756065600,2025-08-24 20:00:00,608.9,615.07,592.74,594.31
1756072800,2025-08-24 22:00:00,594.43,602.77,590.68,599.4
1756080000,2025-08-25 00:00:00,599.54,603.26,592.21,600.33
1756087200,2025-08-25 02:00:00,600.19,602.45,590.59,595.36
1756094400,2025-08-25 04:00:00,595.22,595.53,579.44,585.78
1756101600,2025-08-25 06:00:00,585.91,587.73,580.17,586.11
1756108800,2025-08-25 08:00:00,586.04,587.69,566.65,567.12
1756116000,2025-08-25 10:00:00,567.32,568.78,555.58,555.64
1756123200,2025-08-25 12:00:00,555.68,562.16,552.36,559.01
1756130400,2025-08-25 14:00:00,559.03,568.18,557.91,564.83
1756137600,2025-08-25 16:00:00,564.76,568.39,553.74,555.19
1756144800,2025-08-25 18:00:00,555.11,567.18,552.62,562.4
1756152000,2025-08-25 20:00:00,562.32,568.25,554.85,560.57
1756159200,2025-08-25 22:00:00,560.51,565.72,549.75,552.99
1756166400,2025-08-26 00:00:00,553.14,568.29,552.01,565.83
1756173600,2025-08-26 02:00:00,565.85,575.75,564.82,572.86
1756180800,2025-08-26 04:00:00,573.03,587.9,571.84,583.89
1756188000,2025-08-26 06:00:00,584,599.14,580.45,596.82
1756195200,2025-08-26 08:00:00,596.76,608.05,593.83,607.26
1756202400,2025-08-26 10:00:00,607.3,611.98,597.75,600.31
1756209600,2025-08-26 12:00:00,600.26,607.45,595.65,598.65
1756216800,2025-08-26 14:00:00,598.55,605.94,591.76,605.79
1756224000,2025-08-26 16:00:00,605.62,618.8,603.78,618.16
1756231200,2025-08-26 18:00:00,618.36,622.88,612.3,613.89
1756238400,2025-08-26 20:00:00,613.7,615.37,601.75,601.75
1756245600,2025-08-26 22:00:00,601.71,607.5,596.23,604.09
1756252800,2025-08-27 00:00:00,604.28,605.42,595.21,600.94
1756260000,2025-08-27 02:00:00,600.9,603.45,596.32,599.66
1756267200,2025-08-27 04:00:00,599.71,609.22,595.84,603.47
1756274400,2025-08-27 06:00:00,603.32,612.51,600.74,606.75
1756281600,2025-08-27 08:00:00,606.8,614.82,602.43,604.96
1756288800,2025-08-27 10:00:00,605.08,605.08,583.26,586.42
1756296000,2025-08-27 12:00:00,586.27,592.24,580.88,582.82
1756303200,2025-08-27 14:00:00,582.76,599.38,582.14,598.22
1756310400,2025-08-27 16:00:00,598.27,610.11,597.59,605.86
1756317600,2025-08-27 18:00:00,605.84,609.93,598,599.19
1756324800,2025-08-27 20:00:00,599.05,602.12,590.52,592.26
1756332000,2025-08-27 22:00:00,592.16,605.5,591.63,604.74
1756339200,2025-08-28 00:00:00,604.8,608.87,593.37,598.87
1756346400,2025-08-28 02:00:00,599.07,604.97,594.54,602.07
1756353600,2025-08-28 04:00:00,602.06,608.57,590.37,607.15
1756360800,2025-08-28 06:00:00,607.05,607.92,597.75,600.57
1756368000,2025-08-28 08:00:00,600.53,603.38,594.94,597.21
1756375200,2025-08-28 10:00:00,597.14,597.16,582.31,585.88
1756382400,2025-08-28 12:00:00,585.81,586.56,575.99,580.4
1756389600,2025-08-28 14:00:00,580.33,586.77,578.29,583.97
1756396800,2025-08-28 16:00:00,584.04,597.62,582.91,591.7
1756404000,2025-08-28 18:00:00,591.76,593,574.08,576.85
1756411200,2025-08-28 20:00:00,576.92,579.83,566.35,566.51
1756418400,2025-08-28 22:00:00,566.55,577.68,565.49,572.75
1756425600,2025-08-29 00:00:00,572.63,581.99,571.11,577.13
1756432800,2025-08-29 02:00:00,577.03,597.28,576.84,595.25
1756440000,2025-08-29 04:00:00,595.33,614.21,594.05,613.23
1756447200,2025-08-29 06:00:00,613.21,618.89,605.76,610.75
1756454400,2025-08-29 08:00:00,610.65,614.61,602.29,609.52
1756461600,2025-08-29 10:00:00,609.44,621.18,607.74,615.43
1756468800,2025-08-29 12:00:00,615.32,616.19,601.91,605.2
1756476000,2025-08-29 14:00:00,605.28,606.85,595.13,600.04
1756483200,2025-08-29 16:00:00,600.08,609.04,596.87,604.84
1756490400,2025-08-29 18:00:00,604.9,606.25,596.44,605.72
1756497600,2025-08-29 20:00:00,605.7,607.34,593.98,600.2
1756504800,2025-08-29 22:00:00,600.26,604.06,594.37,598.8
1756512000,2025-08-30 00:00:00,598.7,602.09,587.58,590.69
1756519200,2025-08-30 02:00:00,590.66,594.67,583.37,585.76
1756526400,2025-08-30 04:00:00,585.85,607.98,584.63,604.99
1756533600,2025-08-30 06:00:00,604.85,614.51,600.34,611.25
1756540800,2025-08-30 08:00:00,611.24,618.37,606,608.8
1756548000,2025-08-30 10:00:00,608.9,613.47,598.15,601.24
1756555200,2025-08-30 12:00:00,601.33,602.13,587.42,589.82
1756562400,2025-08-30 14:00:00,589.75,599.15,585.5,590.51
1756569600,2025-08-30 16:00:00,590.67,602.06,587.57,588.53
1756576800,2025-08-30 18:00:00,588.57,603.06,587.27,601.52
1756584000,2025-08-30 20:00:00,601.61,613,599.17,605.39
1756591200,2025-08-30 22:00:00,605.2,614.69,601.95,605.26
1756598400,2025-08-31 00:00:00,605.31,609.21,598.78,602.34
1756605600,2025-08-31 02:00:00,602.3,607.62,595.22,602.17
1756612800,2025-08-31 04:00:00,602.28,607.24,600.12,603.48
1756620000,2025-08-31 06:00:00,603.38,608.68,600.6,601.74
1756627200,2025-08-31 08:00:00,601.68,610.78,599.9,609.72
1756634400,2025-08-31 10:00:00,609.77,612.6,596.27,597.09
1756641600,2025-08-31 12:00:00,597.1,605.73,594.93,598.74
1756648800,2025-08-31 14:00:00,598.67,601.28,590.32,601.03
1756656000,2025-08-31 16:00:00,600.87,622.86,600.41,616.71
1756663200,2025-08-31 18:00:00,616.51,633.6,616.46,621.89
1756670400,2025-08-31 20:00:00,621.97,627.83,617.44,627.83
1756677600,2025-08-31 22:00:00,627.77,649.53,626.79,649.41
1756684800,2025-09-01 00:00:00,649.23,653.44,643.98,647.61
1756692000,2025-09-01 02:00:00,647.54,649.96,637.15,641.21
1756699200,2025-09-01 04:00:00,641.22,652.62,639.98,648.59
1756706400,2025-09-01 06:00:00,648.62,655.78,635.84,653.41
1756713600,2025-09-01 08:00:00,653.26,655.35,645.07,649.25
1756720800,2025-09-01 10:00:00,649.28,655.44,638.99,641.68
1756728000,2025-09-01 12:00:00,641.7,646.64,631.69,640.52
1756735200,2025-09-01 14:00:00,640.59,647.57,633.68,641.25
1756742400,2025-09-01 16:00:00,641.05,651.73,640.43,642.12
1756749600,2025-09-01 18:00:00,642.06,648.24,638.35,641.58
1756756800,2025-09-01 20:00:00,641.64,643.54,623.66,625.42
1756764000,2025-09-01 22:00:00,625.53,638.23,621.11,635.6
1756771200,2025-09-02 00:00:00,635.71,640.57,628.02,634
1756778400,2025-09-02 02:00:00,634.04,636.26,618.34,625.29
1756785600,2025-09-02 04:00:00,625.06,630.79,622.96,626.09
1756792800,2025-09-02 06:00:00,626.2,639.1,623.79,636.09
1756800000,2025-09-02 08:00:00,636.19,636.97,609.4,609.67
1756807200,2025-09-02 10:00:00,609.7,615.54,603.8,613.28
1756814400,2025-09-02 12:00:00,613.17,616.9,606.71,613.64
1756821600,2025-09-02 14:00:00,613.86,614.53,602.33,607.34
1756828800,2025-09-02 16:00:00,607.41,609.45,598.11,600.86
1756836000,2025-09-02 18:00:00,600.65,608.33,593.57,603.91
1756843200,2025-09-02 20:00:00,604.09,617.91,595.47,609.88
1756850400,2025-09-02 22:00:00,609.93,611.83,597.25,600.64
1756857600,2025-09-03 00:00:00,600.71,618.1,600.12,616.62
1756864800,2025-09-03 02:00:00,616.46,632.61,615.68,628.16
1756872000,2025-09-03 04:00:00,628.3,640.69,627.99,638.36
1756879200,2025-09-03 06:00:00,638.27,651.11,637.42,643.84
1756886400,2025-09-03 08:00:00,643.81,657.03,643.2,649.69
1756893600,2025-09-03 10:00:00,649.59,661.95,643.37,660.61
1756900800,2025-09-03 12:00:00,660.51,686.27,658.34,685.35
1756908000,2025-09-03 14:00:00,685.21,692.51,681.74,686.02
1756915200,2025-09-03 16:00:00,686.12,687.58,676.34,681.49
1756922400,2025-09-03 18:00:00,681.59,701.38,679.56,696.47
1756929600,2025-09-03 20:00:00,696.85,714.67,696.27,708.23
1756936800,2025-09-03 22:00:00,708.21,711.92,698.91,706.31
1756944000,2025-09-04 00:00:00,706.5,708.42,686.42,694.36
1756951200,2025-09-04 02:00:00,694.5,699.1,676.87,679.82
1756958400,2025-09-04 04:00:00,680.19,683.53,665.35,667.59
1756965600,2025-09-04 06:00:00,667.38,671.33,659.72,664.42
1756972800,2025-09-04 08:00:00,664.43,672.29,659.26,670.86
1756980000,2025-09-04 10:00:00,670.84,685.5,663.89,685.09
1756987200,2025-09-04 12:00:00,685.2,687.41,670.78,671.12
1756994400,2025-09-04 14:00:00,671.25,688.87,670.61,685.76
1757001600,2025-09-04 16:00:00,685.88,693.05,682.42,686.02
1757008800,2025-09-04 18:00:00,685.93,692.85,680.94,684.2
1757016000,2025-09-04 20:00:00,684.13,702.57,680.83,692.7
1757023200,2025-09-04 22:00:00,692.8,702.75,691.26,700.04
1757030400,2025-09-05 00:00:00,700.03,707.92,687.25,687.48
1757037600,2025-09-05 02:00:00,687.4,698.39,681.94,690.42
1757044800,2025-09-05 04:00:00,690.55,703.04,687.31,701.21
1757052000,2025-09-05 06:00:00,701.04,711,695.24,709.45
1757059200,2025-09-05 08:00:00,709.42,738.57,708.54,733.81
1757066400,2025-09-05 10:00:00,733.94,752.04,731,749.54
1757073600,2025-09-05 12:00:00,749.46,755.32,737.59,742.85
1757080800,2025-09-05 14:00:00,742.87,749.74,722.17,727.35
1757088000,2025-09-05 16:00:00,727.57,738.76,725.35,730.29
1757095200,2025-09-05 18:00:00,730.38,733.18,717.13,717.32
1757102400,2025-09-05 20:00:00,717.33,724.69,709.65,712.39
1757109600,2025-09-05 22:00:00,712.41,718.02,710.04,715.14
1757116800,2025-09-06 00:00:00,715.04,727.55,714.56,726.09
1757124000,2025-09-06 02:00:00,726.06,735.51,721.32,732.83
1757131200,2025-09-06 04:00:00,732.72,734.62,715.97,719.11
1757138400,2025-09-06 06:00:00,719.03,729.3,713.06,714.93
1757145600,2025-09-06 08:00:00,715.04,718.31,704.16,711.89
1757152800,2025-09-06 10:00:00,712.12,727.33,705.92,726.03
1757160000,2025-09-06 12:00:00,726.16,733.37,721.02,727.23
1757167200,2025-09-06 14:00:00,727.31,756.95,725.22,756.13
1757174400,2025-09-06 16:00:00,756.11,758.76,746.1,752.07
1757181600,2025-09-06 18:00:00,752.07,754.97,741.66,742.74
1757188800,2025-09-06 20:00:00,742.7,745.83,731.87,745.2
1757196000,2025-09-06 22:00:00,745.1,747.3,729.44,731.1
1757203200,2025-09-07 00:00:00,731.32,743.03,730.16,742.65
1757210400,2025-09-07 02:00:00,742.52,757.36,740.47,751.2
1757217600,2025-09-07 04:00:00,751.16,753.65,729.48,736.08
1757224800,2025-09-07 06:00:00,736.01,739.61,728.09,732.21
1757232000,2025-09-07 08:00:00,732.18,762.88,731.34,761.46
1757239200,2025-09-07 10:00:00,761.52,762.87,742.51,749.76
1757246400,2025-09-07 12:00:00,749.87,754.85,738.87,745.33
1757253600,2025-09-07 14:00:00,745.52,746.99,738.44,744.48
1757260800,2025-09-07 16:00:00,744.28,755.29,743.12,752.26
1757268000,2025-09-07 18:00:00,752.05,756.41,743.04,747.22
1757275200,2025-09-07 20:00:00,747.29,763.52,747.29,751.02
1757282400,2025-09-07 22:00:00,751.01,763.62,750.12,751.64
1757289600,2025-09-08 00:00:00,751.67,764.19,751.32,761.96
1757296800,2025-09-08 02:00:00,761.9,772.93,761.45,772.36
1757304000,2025-09-08 04:00:00,772.28,795.93,770.87,793.2
1757311200,2025-09-08 06:00:00,793.26,793.26,761.64,762.39
1757318400,2025-09-08 08:00:00,762.55,763.83,738.45,740.22
1757325600,2025-09-08 10:00:00,740.13,758.69,738.55,741.48
1757332800,2025-09-08 12:00:00,741.48,744.1,726.91,741.53
1757340000,2025-09-08 14:00:00,741.44,751.89,739.78,746.1
1757347200,2025-09-08 16:00:00,745.93,754.47,738.61,745.29
1757354400,2025-09-08 18:00:00,745.24,752.3,726.02,726.64
1757361600,2025-09-08 20:00:00,726.55,737.85,718.85,732.82
1757368800,2025-09-08 22:00:00,732.79,753.37,730.93,749.07
1757376000,2025-09-09 00:00:00,749.01,749.89,722.52,735.18
1757383200,2025-09-09 02:00:00,735.06,749.7,734.76,738.08
1757390400,2025-09-09 04:00:00,737.88,746.11,731.63,745.93
1757397600,2025-09-09 06:00:00,745.77,747.79,732.12,733.17
1757404800,2025-09-09 08:00:00,733.51,746.99,733.18,734.51
1757412000,2025-09-09 10:00:00,734.68,753.89,734.37,737.87
1757419200,2025-09-09 12:00:00,737.74,740.82,722.87,725.56
1757426400,2025-09-09 14:00:00,725.8,731.68,721.43,725.99
1757433600,2025-09-09 16:00:00,725.86,727.68,715.89,719.73
1757440800,2025-09-09 18:00:00,719.73,728.75,712.9,727.93
1757448000,2025-09-09 20:00:00,728.06,729.35,708.77,712.99
1757455200,2025-09-09 22:00:00,712.92,721.32,709.14,710.62
1757462400,2025-09-10 00:00:00,710.69,731.61,706.77,729.84
1757469600,2025-09-10 02:00:00,729.84,736.45,711.62,727.66
1757476800,2025-09-10 04:00:00,727.63,752.05,725.85,749.47
1757484000,2025-09-10 06:00:00,749.27,767.89,746.35,765.04
1757491200,2025-09-10 08:00:00,765,765.76,746,746.8
1757498400,2025-09-10 10:00:00,746.62,754.75,739.63,750.87
1757505600,2025-09-10 12:00:00,751.18,761.7,745.91,754.71
1757512800,2025-09-10 14:00:00,754.7,778.49,752.55,776.58
1757520000,2025-09-10 16:00:00,776.41,792.42,770.48,789.9
1757527200,2025-09-10 18:00:00,789.75,805.55,779.57,805.39
1757534400,2025-09-10 20:00:00,805.29,814.31,794.09,797.6
1757541600,2025-09-10 22:00:00,797.71,804.86,786.95,792.82
1757548800,2025-09-11 00:00:00,792.73,801.87,789.94,800.08
1757556000,2025-09-11 02:00:00,800.25,828.97,798.02,822.27
1757563200,2025-09-11 04:00:00,822.05,822.19,793.14,797.48
1757570400,2025-09-11 06:00:00,797.39,811.15,788.12,809.38
1757577600,2025-09-11 08:00:00,809.42,813.33,799.25,801.84
1757584800,2025-09-11 10:00:00,801.78,803.67,784.62,786.82
1757592000,2025-09-11 12:00:00,786.71,788.3,775.36,779.08
1757599200,2025-09-11 14:00:00,779.49,782.83,766.63,766.66
1757606400,2025-09-11 16:00:00,766.32,790.11,764.59,787.03
1757613600,2025-09-11 18:00:00,787.2,806.1,781.13,806.06
1757620800,2025-09-11 20:00:00,806.07,815.48,798.72,798.76
1757628000,2025-09-11 22:00:00,798.65,802.72,790.48,797.85
1757635200,2025-09-12 00:00:00,797.86,817.81,794.07,816.64
1757642400,2025-09-12 02:00:00,816.73,842.52,814.93,836.35
1757649600,2025-09-12 04:00:00,836.31,836.67,819.47,826.37
1757656800,2025-09-12 06:00:00,826.4,826.65,801.34,803
1757664000,2025-09-12 08:00:00,802.84,813.09,798.29,809.38
1757671200,2025-09-12 10:00:00,808.98,839.34,807.37,837.46
1757678400,2025-09-12 12:00:00,837.42,839.47,826.28,834.83
1757685600,2025-09-12 14:00:00,834.71,855.65,832.48,845.56
1757692800,2025-09-12 16:00:00,845.18,859.02,837.43,838.27
1757700000,2025-09-12 18:00:00,838.38,845.79,818.22,821.08
1757707200,2025-09-12 20:00:00,821.17,831.04,819.63,824.2
1757714400,2025-09-12 22:00:00,823.99,826.67,807.18,821.37
1757721600,2025-09-13 00:00:00,821.46,823.13,812.37,815.97
1757728800,2025-09-13 02:00:00,816.09,816.4,797.25,804.66
1757736000,2025-09-13 04:00:00,804.47,806.35,792.28,804.17
1757743200,2025-09-13 06:00:00,804.45,805.2,791.46,797.72
1757750400,2025-09-13 08:00:00,797.71,801.35,791.93,798.48
1757757600,2025-09-13 10:00:00,798.61,814.46,795.18,795.46
1757764800,2025-09-13 12:00:00,795.4,805.62,791.1,799.17
1757772000,2025-09-13 14:00:00,799.03,801.4,779.86,783.84
1757779200,2025-09-13 16:00:00,784.19,787.11,772.22,778.67
1757786400,2025-09-13 18:00:00,778.54,783.55,765.69,766.78
1757793600,2025-09-13 20:00:00,766.91,785.04,766.12,784.87
1757800800,2025-09-13 22:00:00,784.88,788.94,774.09,780.76
1757808000,2025-09-14 00:00:00,780.75,782.47,769.16,771.72
1757815200,2025-09-14 02:00:00,771.78,777.01,757.92,766.47
1757822400,2025-09-14 04:00:00,766.45,790.8,765.54,785.06
1757829600,2025-09-14 06:00:00,785.19,803.41,782.59,790.22
1757836800,2025-09-14 08:00:00,790.14,795.64,785.97,788.25
1757844000,2025-09-14 10:00:00,788.3,791.24,772.13,773.43
1757851200,2025-09-14 12:00:00,773.54,795.78,767.7,783.22
1757858400,2025-09-14 14:00:00,783.13,784.87,750.53,758.94
1757865600,2025-09-14 16:00:00,759.04,768.39,756.43,768.25
1757872800,2025-09-14 18:00:00,768.21,788.1,764.38,783.59
1757880000,2025-09-14 20:00:00,783.6,790.48,776.33,778.99
1757887200,2025-09-14 22:00:00,778.87,786.22,768.7,773.08
1757894400,2025-09-15 00:00:00,772.84,777.49,763.61,769.97
1757901600,2025-09-15 02:00:00,770.04,778.6,755.2,771.19
1757908800,2025-09-15 04:00:00,771.1,784.32,767.9,778.65
1757916000,2025-09-15 06:00:00,778.7,790.47,778,783.79
1757923200,2025-09-15 08:00:00,783.89,786.53,763.84,764.64
1757930400,2025-09-15 10:00:00,764.59,770.97,755.35,769.89
1757937600,2025-09-15 12:00:00,769.75,775.21,758.56,766.71
1757944800,2025-09-15 14:00:00,766.76,783.05,761.33,772.83
1757952000,2025-09-15 16:00:00,772.6,783.56,763.21,765.47
1757959200,2025-09-15 18:00:00,765.43,767.65,754.42,758.6
1757966400,2025-09-15 20:00:00,758.6,760.05,745.49,746.09
1757973600,2025-09-15 22:00:00,745.92,750.34,736.39,738.69
1757980800,2025-09-16 00:00:00,738.41,739.96,726.23,726.5
1757988000,2025-09-16 02:00:00,726.46,741.1,726.02,735.22
1757995200,2025-09-16 04:00:00,735.32,747.1,731.47,738.39
1758002400,2025-09-16 06:00:00,738.37,746.54,734.95,739.3
1758009600,2025-09-16 08:00:00,739.45,749.09,735.59,742.37
1758016800,2025-09-16 10:00:00,742.33,755.66,738.4,750.73
1758024000,2025-09-16 12:00:00,750.79,754.55,728.59,728.59
1758031200,2025-09-16 14:00:00,728.73,740.87,726.04,735.98
1758038400,2025-09-16 16:00:00,735.93,746.99,735.08,740.26
1758045600,2025-09-16 18:00:00,740.15,742.98,721.66,730.47
1758052800,2025-09-16 20:00:00,730.46,737.62,718.83,724.12
1758060000,2025-09-16 22:00:00,724.08,739.26,719.75,734.48
1758067200,2025-09-17 00:00:00,734.65,746.56,729.49,740.3
1758074400,2025-09-17 02:00:00,740.31,740.5,724.73,736.35
1758081600,2025-09-17 04:00:00,736.4,738.23,718.42,728.04
1758088800,2025-09-17 06:00:00,727.96,729.23,706.59,711.54
1758096000,2025-09-17 08:00:00,711.45,717,701.17,702.86
1758103200,2025-09-17 10:00:00,702.81,711.69,690.88,706.37
1758110400,2025-09-17 12:00:00,706.35,711.71,696.22,699.87
1758117600,2025-09-17 14:00:00,699.9,708.86,694.46,704.56
1758124800,2025-09-17 16:00:00,704.65,715.69,698.27,703.98
1758132000,2025-09-17 18:00:00,704.02,715.69,703.06,703.56
1758139200,2025-09-17 20:00:00,703.57,715.25,697.73,711.84
1758146400,2025-09-17 22:00:00,711.69,717.74,696.57,703.02
1758153600,2025-09-18 00:00:00,702.89,724.57,702.61,722.55
1758160800,2025-09-18 02:00:00,722.61,725.42,711.44,713.87
1758168000,2025-09-18 04:00:00,713.83,726.76,713.83,715.59
1758175200,2025-09-18 06:00:00,715.57,734.58,712.6,731.7
1758182400,2025-09-18 08:00:00,731.41,732.71,717.86,718.1
1758189600,2025-09-18 10:00:00,718.15,721.53,710.15,719.6
1758196800,2025-09-18 12:00:00,719.37,749.37,716.76,748.36
1758204000,2025-09-18 14:00:00,748.27,757.73,737.4,753.47
1758211200,2025-09-18 16:00:00,753.41,772.32,751.4,766.34
1758218400,2025-09-18 18:00:00,766.34,766.81,753.25,765.09
1758225600,2025-09-18 20:00:00,765.12,770.79,758.47,761.63
1758232800,2025-09-18 22:00:00,761.69,769.33,757.11,759.03
1758240000,2025-09-19 00:00:00,759,760.07,745.12,753.55
1758247200,2025-09-19 02:00:00,753.43,768.42,751.03,762.34
1758254400,2025-09-19 04:00:00,762.22,763.45,750.82,758.28
1758261600,2025-09-19 06:00:00,761.06,766.42,751.84,766.24
1758268800,2025-09-19 08:00:00,766.18,775.77,763.08,770.17
1758276000,2025-09-19 10:00:00,770.31,790.49,763.26,780.82
1758283200,2025-09-19 12:00:00,780.75,788.47,772.57,777.6
1758290400,2025-09-19 14:00:00,777.4,800.16,777.4,791.38
1758297600,2025-09-19 16:00:00,791.22,804.63,787.78,801.29
1758304800,2025-09-19 18:00:00,801.28,825.04,801.03,809.27
1758312000,2025-09-19 20:00:00,809.31,822.3,805.66,809.54
1758319200,2025-09-19 22:00:00,809.51,815.79,799.22,807.56
1758326400,2025-09-20 00:00:00,807.58,811.17,798.2,800.09
1758333600,2025-09-20 02:00:00,799.82,817.6,798.34,813.14
1758340800,2025-09-20 04:00:00,813.02,820.77,808.02,809.2
1758348000,2025-09-20 06:00:00,809.05,817.26,802.28,817.26
1758355200,2025-09-20 08:00:00,817.68,830.26,805.57,809.67
1758362400,2025-09-20 10:00:00,809.63,835.7,808.58,835.7
1758369600,2025-09-20 12:00:00,835.69,844.54,826.15,826.93
1758376800,2025-09-20 14:00:00,827.11,829.67,813.6,821.48
1758384000,2025-09-20 16:00:00,821.38,827.3,806.2,820.15
1758391200,2025-09-20 18:00:00,820.06,821.49,806.13,806.62
1758398400,2025-09-20 20:00:00,806.7,811.47,789.69,796.36
1758405600,2025-09-20 22:00:00,796.34,803.83,782.91,783.93
1758412800,2025-09-21 00:00:00,784.04,795.72,778.89,785.15
1758420000,2025-09-21 02:00:00,784.94,795.06,776.89,793.29
1758427200,2025-09-21 04:00:00,793.27,796.07,774.4,782.52
1758434400,2025-09-21 06:00:00,782.62,786.26,775.37,782.57
1758441600,2025-09-21 08:00:00,782.38,784.37,768.77,772.66
1758448800,2025-09-21 10:00:00,772.88,775.3,754.21,759.93
1758456000,2025-09-21 12:00:00,759.88,762.13,752.01,760.79
1758463200,2025-09-21 14:00:00,760.43,761.28,744.3,747.11
1758470400,2025-09-21 16:00:00,747.08,751.94,734.5,745.58
1758477600,2025-09-21 18:00:00,745.71,755.81,738.51,755.75
1758484800,2025-09-21 20:00:00,755.69,772.09,754.34,764.33
1758492000,2025-09-21 22:00:00,764.36,767.38,740.53,744.25
1758499200,2025-09-22 00:00:00,744.28,753.35,737.04,747.95
1758506400,2025-09-22 02:00:00,748.17,755.91,730.12,737.88
1758513600,2025-09-22 04:00:00,737.8,742.79,732.29,742.79
1758520800,2025-09-22 06:00:00,742.92,749.74,735.94,741.03
1758528000,2025-09-22 08:00:00,741.13,765.08,739.63,758.03
1758535200,2025-09-22 10:00:00,758.03,766.63,753.61,761.64
1758542400,2025-09-22 12:00:00,761.87,773.75,749.99,773.58
1758549600,2025-09-22 14:00:00,773.51,777.19,758.29,764.34
1758556800,2025-09-22 16:00:00,764.3,775.08,751.37,773.95
1758564000,2025-09-22 18:00:00,774.09,783.44,766.63,769.74
1758571200,2025-09-22 20:00:00,769.66,770.82,756.62,757.39
1758578400,2025-09-22 22:00:00,757.47,777.6,754.1,777
1758585600,2025-09-23 00:00:00,777.04,779.54,764.07,767.11
1758592800,2025-09-23 02:00:00,767.25,797.46,765.71,795.1
1758600000,2025-09-23 04:00:00,795.27,802.95,786.9,787.54
1758607200,2025-09-23 06:00:00,787.45,793.36,772.92,774.4
1758614400,2025-09-23 08:00:00,774.48,789.09,772.55,779.18
1758621600,2025-09-23 10:00:00,779.29,779.89,761.62,768.44
1758628800,2025-09-23 12:00:00,768.5,768.5,754.06,761.49
1758636000,2025-09-23 14:00:00,761.3,777.29,755.99,766.74
1758643200,2025-09-23 16:00:00,767.02,776.2,756.85,757.52
1758650400,2025-09-23 18:00:00,757.42,761.55,747.09,747.97
1758657600,2025-09-23 20:00:00,748.06,766.4,746.36,766.25
1758664800,2025-09-23 22:00:00,766.12,766.74,753.92,757.64
1758672000,2025-09-24 00:00:00,757.66,769.06,755.01,767.25
1758679200,2025-09-24 02:00:00,767.49,786.21,760.99,785.71
1758686400,2025-09-24 04:00:00,785.71,792.53,766.63,769.54
1758693600,2025-09-24 06:00:00,769.96,800.99,768.56,792.35
1758700800,2025-09-24 08:00:00,792.36,797.93,780.23,784.69
1758708000,2025-09-24 10:00:00,784.65,784.7,773.91,776.95
1758715200,2025-09-24 12:00:00,776.97,778.88,766.99,773.67
1758722400,2025-09-24 14:00:00,773.67,776,759.52,763.1
1758729600,2025-09-24 16:00:00,763.03,771.66,757.64,760.8
1758736800,2025-09-24 18:00:00,760.79,788.47,757.49,787.13
1758744000,2025-09-24 20:00:00,787.22,799.07,781.49,792.22
1758751200,2025-09-24 22:00:00,792.31,792.49,777.65,782.46
1758758400,2025-09-25 00:00:00,782.4,790.97,771,771.66
1758765600,2025-09-25 02:00:00,771.76,779.57,766.56,773.68
1758772800,2025-09-25 04:00:00,773.66,783.55,771.49,778.28
1758780000,2025-09-25 06:00:00,778.32,789.41,775.12,786.68
1758787200,2025-09-25 08:00:00,786.99,815.22,783.97,815.22
1758794400,2025-09-25 10:00:00,815.21,827.09,810.2,812.8
1758801600,2025-09-25 12:00:00,812.67,818.39,797.47,817.91
1758808800,2025-09-25 14:00:00,817.99,825.17,808.08,811.72
1758816000,2025-09-25 16:00:00,811.56,820.03,791.85,795.27
1758823200,2025-09-25 18:00:00,795.28,799.73,785.87,789.07
1758830400,2025-09-25 20:00:00,789.13,791.84,776.5,789.32
1758837600,2025-09-25 22:00:00,789.27,796.4,782.15,790.07
1758844800,2025-09-26 00:00:00,790.18,794.2,774.11,779.72
1758852000,2025-09-26 02:00:00,779.76,792.65,772.55,792.58
1758859200,2025-09-26 04:00:00,792.75,793.25,766.07,767.35
1758866400,2025-09-26 06:00:00,767.38,774.06,763.94,771.47
1758873600,2025-09-26 08:00:00,771.67,775.34,755.09,756.16
1758880800,2025-09-26 10:00:00,756.26,769.14,754.1,766.07
1758888000,2025-09-26 12:00:00,766.19,780.17,765.92,772.89
1758895200,2025-09-26 14:00:00,772.9,780.05,761.6,762.66
1758902400,2025-09-26 16:00:00,762.83,784.48,761.05,784.05
1758909600,2025-09-26 18:00:00,783.99,791.21,775.53,785.08
1758916800,2025-09-26 20:00:00,785.11,796.45,782.83,783.16
1758924000,2025-09-26 22:00:00,782.86,785.45,767.85,768.41
1758931200,2025-09-27 00:00:00,768.27,768.3,739.06,754.57
1758938400,2025-09-27 02:00:00,754.42,755.48,719.06,719.62
1758945600,2025-09-27 04:00:00,719.32,725.06,700.41,701.77
1758952800,2025-09-27 06:00:00,701.8,711.98,700.94,711.66
1758960000,2025-09-27 08:00:00,711.7,736.28,708.89,734.67
1758967200,2025-09-27 10:00:00,734.72,756.38,733.63,747.9
1758974400,2025-09-27 12:00:00,747.65,760.86,742.05,760.66
1758981600,2025-09-27 14:00:00,760.86,765.94,746.43,763.4
1758988800,2025-09-27 16:00:00,763.32,770.82,756.11,756.32
1758996000,2025-09-27 18:00:00,756.45,762.94,746.8,751.38
1759003200,2025-09-27 20:00:00,751.48,752.45,733.9,740.3
1759010400,2025-09-27 22:00:00,740.28,749.45,735.41,741.82
1759017600,2025-09-28 00:00:00,741.83,751,737.26,741.88
1759024800,2025-09-28 02:00:00,741.8,753.37,739.05,750.46
1759032000,2025-09-28 04:00:00,750.32,767.49,745.61,764.97
1759039200,2025-09-28 06:00:00,764.89,769.08,752.47,766.67
1759046400,2025-09-28 08:00:00,766.37,777.32,760.02,773.82
1759053600,2025-09-28 10:00:00,773.75,796.74,772.41,793.39
1759060800,2025-09-28 12:00:00,793.15,794.5,782.55,789.03
1759068000,2025-09-28 14:00:00,789.17,789.23,769.55,771.19
1759075200,2025-09-28 16:00:00,771.1,771.34,756.34,763.05
1759082400,2025-09-28 18:00:00,763.27,779.95,758.63,778.06
1759089600,2025-09-28 20:00:00,777.96,798.6,770.06,775.78
1759096800,2025-09-28 22:00:00,775.72,780.85,753.95,754.65
1759104000,2025-09-29 00:00:00,754.79,760.52,752.99,756.82
1759111200,2025-09-29 02:00:00,756.96,769.48,754.37,757.86
1759118400,2025-09-29 04:00:00,757.72,758.92,722.36,725.77
1759125600,2025-09-29 06:00:00,725.93,735.05,721.82,735.05
1759132800,2025-09-29 08:00:00,735.04,737.93,714.39,723.17
1759140000,2025-09-29 10:00:00,723.03,725.6,704.34,705.65
1759147200,2025-09-29 12:00:00,705.5,708.56,693.06,695.97
1759154400,2025-09-29 14:00:00,695.8,697.49,683.49,684.11
1759161600,2025-09-29 16:00:00,684.16,685.54,665.9,672.17
1759168800,2025-09-29 18:00:00,672.22,673.08,664.9,665.06
1759176000,2025-09-29 20:00:00,665.39,666.2,651.36,653.47
1759183200,2025-09-29 22:00:00,653.59,655.33,636.64,646.83
1759190400,2025-09-30 00:00:00,646.6,664.42,645.57,662.34
1759197600,2025-09-30 02:00:00,662.32,672,661.45,669.71
1759204800,2025-09-30 04:00:00,669.75,695.47,668.74,693.27
1759212000,2025-09-30 06:00:00,693.15,708.47,688.71,689.6
1759219200,2025-09-30 08:00:00,689.49,692.21,679.89,682.86
1759226400,2025-09-30 10:00:00,683.05,701.28,680.71,697.76
1759233600,2025-09-30 12:00:00,697.72,723.21,695.35,720.49
1759240800,2025-09-30 14:00:00,720.49,721.82,710.52,710.55
1759248000,2025-09-30 16:00:00,710.74,711.65,692.27,704.93
1759255200,2025-09-30 18:00:00,704.7,732.59,701,731.13
1759262400,2025-09-30 20:00:00,730.84,747.93,730.42,746.09
1759269600,2025-09-30 22:00:00,745.95,756.88,734.67,755.24
1759276800,2025-10-01 00:00:00,755.26,756.6,736.46,740.67
1759284000,2025-10-01 02:00:00,740.61,742.5,726.65,736.83
1759291200,2025-10-01 04:00:00,736.92,741.45,717.51,730.21
1759298400,2025-10-01 06:00:00,730.16,735.65,726.41,726.41
1759305600,2025-10-01 08:00:00,726.55,728.02,714.02,720.6
1759312800,2025-10-01 10:00:00,720.71,729.25,710.85,726.35
1759320000,2025-10-01 12:00:00,726.26,733.08,716.15,717.64
1759327200,2025-10-01 14:00:00,717.6,743.9,717.46,732.7
1759334400,2025-10-01 16:00:00,732.83,743.26,726.71,733.12
1759341600,2025-10-01 18:00:00,733.06,736.8,718.81,720.51
1759348800,2025-10-01 20:00:00,720.17,738.59,719.43,725.93
1759356000,2025-10-01 22:00:00,726.03,741.14,721.35,736.88
1759363200,2025-10-02 00:00:00,736.64,743.66,734.86,735.85
1759370400,2025-10-02 02:00:00,735.74,745.24,733.66,741.9
1759377600,2025-10-02 04:00:00,741.83,748.6,731.79,733.94
1759384800,2025-10-02 06:00:00,733.85,742.51,726.23,736.95
1759392000,2025-10-02 08:00:00,736.74,745.75,728.78,736.53
1759399200,2025-10-02 10:00:00,736.35,739.93,722.82,725.28
1759406400,2025-10-02 12:00:00,725.01,733.53,696.45,697.96
1759413600,2025-10-02 14:00:00,698.06,698.83,676.86,681.46
1759420800,2025-10-02 16:00:00,681.25,681.93,665.52,668.74
1759428000,2025-10-02 18:00:00,668.61,677.64,659.25,675.65
1759435200,2025-10-02 20:00:00,675.83,679.87,669.42,674.94
1759442400,2025-10-02 22:00:00,674.93,677.83,658.61,659.71
1759449600,2025-10-03 00:00:00,659.75,664.49,648.11,651.07
1759456800,2025-10-03 02:00:00,650.9,656.86,647.17,655.02
1759464000,2025-10-03 04:00:00,655.05,655.7,644.26,652.16
1759471200,2025-10-03 06:00:00,652.29,668.66,650.84,662.97
1759478400,2025-10-03 08:00:00,663.12,689.02,660.07,688.29
1759485600,2025-10-03 10:00:00,688.33,696.5,677.51,680.69
1759492800,2025-10-03 12:00:00,680.91,699.66,680.53,692.98
1759500000,2025-10-03 14:00:00,693.1,713.34,689.54,699.89
1759507200,2025-10-03 16:00:00,700.04,723.87,688.91,723.44
1759514400,2025-10-03 18:00:00,723.47,728.1,711.07,716.21
1759521600,2025-10-03 20:00:00,716.36,729.03,708.79,725.79
1759528800,2025-10-03 22:00:00,725.66,728.09,712.38,714.23
1759536000,2025-10-04 00:00:00,714.26,738.34,710.74,737.61
1759543200,2025-10-04 02:00:00,737.66,752.73,734.95,745.89
1759550400,2025-10-04 04:00:00,745.98,750.29,734.82,746.49
1759557600,2025-10-04 06:00:00,746.32,753.46,743.09,748.38
1759564800,2025-10-04 08:00:00,748.25,762.72,747.34,760.18
1759572000,2025-10-04 10:00:00,760.18,777.61,758.9,762.56
1759579200,2025-10-04 12:00:00,762.71,775.74,761.63,771.57
1759586400,2025-10-04 14:00:00,771.36,795.04,768.63,792.24
1759593600,2025-10-04 16:00:00,792.09,802.57,784.28,784.54
1759600800,2025-10-04 18:00:00,784.44,797.49,781.56,785.18
1759608000,2025-10-04 20:00:00,784.96,788.76,775.64,780.88
1759615200,2025-10-04 22:00:00,781,789.08,772.63,777.38
1759622400,2025-10-05 00:00:00,777.26,783.83,768.4,769.42
1759629600,2025-10-05 02:00:00,769.43,795.52,768.69,789.09
1759636800,2025-10-05 04:00:00,789.04,797.3,780.22,787.28
1759644000,2025-10-05 06:00:00,787.5,800.59,777.1,779.14
1759651200,2025-10-05 08:00:00,779.15,799.86,778.19,799.73
1759658400,2025-10-05 10:00:00,799.93,818.93,799.18,818.78
1759665600,2025-10-05 12:00:00,818.46,824.26,810.25,813.27
1759672800,2025-10-05 14:00:00,813.31,830.85,812.42,829.24
1759680000,2025-10-05 16:00:00,829.4,833.59,811.64,813.08
1759687200,2025-10-05 18:00:00,813.28,818.5,802.25,804.44
1759694400,2025-10-05 20:00:00,804.38,815.53,793.46,815.45
1759701600,2025-10-05 22:00:00,815.55,827.95,809.54,816.26
1759708800,2025-10-06 00:00:00,816.46,821.04,804.62,805.13
1759716000,2025-10-06 02:00:00,804.95,831.74,803.14,821.51
1759723200,2025-10-06 04:00:00,821.76,831.44,808.39,809.87
1759730400,2025-10-06 06:00:00,809.86,816.29,799.29,812.17
1759737600,2025-10-06 08:00:00,812.32,816.54,796.24,797.49
1759744800,2025-10-06 10:00:00,797.61,810.89,797.39,809.22
1759752000,2025-10-06 12:00:00,809.25,842.69,806.38,839.83
1759759200,2025-10-06 14:00:00,839.8,869.35,837.67,867.97
1759766400,2025-10-06 16:00:00,868.27,899.22,863.9,894.2
1759773600,2025-10-06 18:00:00,894.15,906.02,887.66,899.5
1759780800,2025-10-06 20:00:00,899.59,930.3,892.35,927.96
1759788000,2025-10-06 22:00:00,928.16,939.1,920.21,938.59
1759795200,2025-10-07 00:00:00,938.42,941.67,921.96,928.77
1759802400,2025-10-07 02:00:00,928.46,936.35,923.89,928.15
1759809600,2025-10-07 04:00:00,928.18,940.68,922.49,927.82
1759816800,2025-10-07 06:00:00,927.85,938.79,920.19,920.84
1759824000,2025-10-07 08:00:00,920.81,926.68,906.82,913.23
1759831200,2025-10-07 10:00:00,912.98,943.27,908.15,942.56
1759838400,2025-10-07 12:00:00,942.92,948.19,925.71,936.25
1759845600,2025-10-07 14:00:00,936.43,953.74,933.73,950.87
1759852800,2025-10-07 16:00:00,950.86,979.29,941.63,972.1
1759860000,2025-10-07 18:00:00,972.13,972.28,940.76,945.84
1759867200,2025-10-07 20:00:00,945.58,970.95,941.21,968.23
1759874400,2025-10-07 22:00:00,968.65,969.49,941.48,942.71
1759881600,2025-10-08 00:00:00,942.76,978.78,940.68,976.22
1759888800,2025-10-08 02:00:00,976.1,984.9,969.92,980.86
1759896000,2025-10-08 04:00:00,980.86,1009.59,973.84,1003.84
1759903200,2025-10-08 06:00:00,1003.91,1018.82,1002.63,1012.03
1759910400,2025-10-08 08:00:00,1012.01,1021.37,979.81,979.85
1759917600,2025-10-08 10:00:00,979.98,984.45,967.85,974.07
1759924800,2025-10-08 12:00:00,974.02,991.56,971.71,981.89
1759932000,2025-10-08 14:00:00,981.76,990.56,968.47,980.96
1759939200,2025-10-08 16:00:00,981.14,985.32,970.28,984
1759946400,2025-10-08 18:00:00,983.88,1010.33,982.99,1005.54
1759953600,2025-10-08 20:00:00,1005.74,1013.7,991.67,1006.15
1759960800,2025-10-08 22:00:00,1006.13,1008.58,994.18,998.86
1759968000,2025-10-09 00:00:00,998.98,1000.97,979.89,987.87
1759975200,2025-10-09 02:00:00,987.96,995.08,974.2,991.48
1759982400,2025-10-09 04:00:00,991.37,1035.66,987.4,1011.76
1759989600,2025-10-09 06:00:00,1011.79,1023.6,1002.42,1003.1
1759996800,2025-10-09 08:00:00,1003.27,1020.22,1002.12,1017.64
1760004000,2025-10-09 10:00:00,1017.64,1024.51,1003.3,1016.19
1760011200,2025-10-09 12:00:00,1016.12,1036.7,1013.61,1023.31
1760018400,2025-10-09 14:00:00,1023.36,1039.57,1009.71,1015.28
1760025600,2025-10-09 16:00:00,1015.03,1018.7,999.2,1011.64
1760032800,2025-10-09 18:00:00,1011.47,1033.8,1005.62,1029.12
1760040000,2025-10-09 20:00:00,1029.53,1037.27,1013.03,1013.98
1760047200,2025-10-09 22:00:00,1013.71,1032.39,1005.89,1024.97
1760054400,2025-10-10 00:00:00,1024.99,1036.83,1000.97,1008.06
1760061600,2025-10-10 02:00:00,1007.94,1028.87,1002.19,1006.31
1760068800,2025-10-10 04:00:00,1006.24,1012.68,979.34,983.08
1760076000,2025-10-10 06:00:00,983.24,1037.8,983.07,1025.99
1760083200,2025-10-10 08:00:00,1025.85,1027.35,1017.19,1021.18
1760090400,2025-10-10 10:00:00,1021.38,1040.03,1020.37,1036.9
1760097600,2025-10-10 12:00:00,1037.03,1047.63,1030.28,1041.85
1760104800,2025-10-10 14:00:00,1041.61,1056.56,1032.11,1055.48
1760112000,2025-10-10 16:00:00,1055.3,1071.66,1051.52,1068.86
1760119200,2025-10-10 18:00:00,1068.64,1079.65,1057.69,1065.78
1760126400,2025-10-10 20:00:00,1065.36,1080.88,1064.02,1075.45
1760133600,2025-10-10 22:00:00,1075.63,1101.97,1075.43,1093.29
1760140800,2025-10-11 00:00:00,1093.44,1101.19,1083.42,1100.4
1760148000,2025-10-11 02:00:00,1100.63,1106.67,1074.04,1079.66
1760155200,2025-10-11 04:00:00,1079.45,1097.83,1065.69,1095.83
1760162400,2025-10-11 06:00:00,1095.86,1108.24,1082.56,1085.58
1760169600,2025-10-11 08:00:00,1085.66,1122.15,1083.74,1120.78
1760176800,2025-10-11 10:00:00,1120.88,1138.23,1107.03,1135.21
1760184000,2025-10-11 12:00:00,1135.61,1154.54,1126.18,1128.76
1760191200,2025-10-11 14:00:00,1128.46,1149.12,1118.42,1135.66
1760198400,2025-10-11 16:00:00,1135.71,1147.42,1129.14,1136.29
1760205600,2025-10-11 18:00:00,1136.3,1141.27,1122.43,1129.51
1760212800,2025-10-11 20:00:00,1129.48,1136.99,1109.82,1112.72
1760220000,2025-10-11 22:00:00,1112.68,1130.18,1104.24,1125.19
1760227200,2025-10-12 00:00:00,1125.17,1139.7,1108.12,1130.63
1760234400,2025-10-12 02:00:00,1130.66,1153.04,1129.91,1135.47
1760241600,2025-10-12 04:00:00,1135.06,1137.38,1115.71,1115.81
1760248800,2025-10-12 06:00:00,1115.66,1125.67,1106.46,1125.46
1760256000,2025-10-12 08:00:00,1125.19,1135.4,1111.67,1117.96
1760263200,2025-10-12 10:00:00,1117.84,1138.7,1114.57,1136.41
1760270400,2025-10-12 12:00:00,1136.83,1168.89,1131.32,1168.74
1760277600,2025-10-12 14:00:00,1168.83,1181.18,1156.56,1169.07
1760284800,2025-10-12 16:00:00,1169.52,1177.54,1156.46,1177.24
1760292000,2025-10-12 18:00:00,1177.44,1177.52,1136.87,1138.73
1760299200,2025-10-12 20:00:00,1138.52,1169.02,1128.38,1158.49
1760306400,2025-10-12 22:00:00,1158.68,1160.88,1135.35,1141.14
1760313600,2025-10-13 00:00:00,1140.71,1174.99,1140.34,1169.68
1760320800,2025-10-13 02:00:00,1169.55,1180.48,1154.37,1157.68
1760328000,2025-10-13 04:00:00,1157.52,1162.16,1139.29,1139.58
1760335200,2025-10-13 06:00:00,1139.17,1143.12,1096.33,1104.88
1760342400,2025-10-13 08:00:00,1104.77,1123.77,1104.4,1113.13
1760349600,2025-10-13 10:00:00,1113.2,1119.82,1101.73,1104.8
1760356800,2025-10-13 12:00:00,1104.97,1116.83,1098.9,1107.45
1760364000,2025-10-13 14:00:00,1107.39,1111.52,1098.44,1109
1760371200,2025-10-13 16:00:00,1109.27,1118.06,1096.21,1103.06
1760378400,2025-10-13 18:00:00,1103.23,1129.48,1097.41,1126.17
1760385600,2025-10-13 20:00:00,1126.11,1135.97,1115.07,1117.57
1760392800,2025-10-13 22:00:00,1117.39,1140.75,1111.4,1130.85
1760400000,2025-10-14 00:00:00,1130.91,1141.98,1122.31,1132.81
1760407200,2025-10-14 02:00:00,1132.87,1147.46,1124.2,1141.22
1760414400,2025-10-14 04:00:00,1141.03,1148.51,1130.92,1139.6
1760421600,2025-10-14 06:00:00,1139.26,1164.96,1134.16,1164.42
1760428800,2025-10-14 08:00:00,1164.09,1180.57,1138.6,1145.85
1760436000,2025-10-14 10:00:00,1145.61,1148.57,1131.26,1145.86
1760443200,2025-10-14 12:00:00,1146.14,1173.1,1142.37,1157.66
1760450400,2025-10-14 14:00:00,1157.56,1161.81,1133.21,1145.39
1760457600,2025-10-14 16:00:00,1145.5,1157.42,1133.5,1136.27
1760464800,2025-10-14 18:00:00,1136.29,1153.14,1132.48,1150.56
1760472000,2025-10-14 20:00:00,1151.01,1151.01,1111.74,1119.97
1760479200,2025-10-14 22:00:00,1119.98,1134.74,1107.99,1108.35
1760486400,2025-10-15 00:00:00,1108.31,1119.33,1102.1,1105.53
1760493600,2025-10-15 02:00:00,1105.72,1118.11,1102.21,1110.23
1760500800,2025-10-15 04:00:00,1110.09,1130.11,1107.98,1129.81
1760508000,2025-10-15 06:00:00,1129.75,1129.82,1087.82,1089.89
1760515200,2025-10-15 08:00:00,1089.93,1092.3,1061.95,1067.28
1760522400,2025-10-15 10:00:00,1067.07,1071.47,1035.62,1047.84
1760529600,2025-10-15 12:00:00,1047.48,1053.86,1028.73,1034.97
1760536800,2025-10-15 14:00:00,1034.95,1057.71,1034.15,1053.99
1760544000,2025-10-15 16:00:00,1053.73,1060.91,1034.05,1035.59
1760551200,2025-10-15 18:00:00,1035.4,1043.27,1025.26,1026.41
1760558400,2025-10-15 20:00:00,1026.47,1037.22,1014.75,1032.92
1760565600,2025-10-15 22:00:00,1032.74,1055.28,1027.87,1030.58
1760572800,2025-10-16 00:00:00,1030.65,1033.75,1005.69,1008.33
1760580000,2025-10-16 02:00:00,1008.37,1025.21,996.69,1005.56
1760587200,2025-10-16 04:00:00,1005.7,1012.04,999.04,1003.35
1760594400,2025-10-16 06:00:00,1003.45,1003.46,969.4,985.04
1760601600,2025-10-16 08:00:00,984.85,993.6,979.76,983.77
1760608800,2025-10-16 10:00:00,983.58,997.45,977.14,988.95
1760616000,2025-10-16 12:00:00,989.04,994.91,966.88,973.04
1760623200,2025-10-16 14:00:00,973.13,990.51,961.15,985.69
1760630400,2025-10-16 16:00:00,985.83,1007.95,978.91,1005.84
1760637600,2025-10-16 18:00:00,1005.79,1005.8,980.18,984.47
1760644800,2025-10-16 20:00:00,984.38,985.66,961.24,961.32
1760652000,2025-10-16 22:00:00,961.25,967.49,951.88,967.23
1760659200,2025-10-17 00:00:00,967.66,980.55,964.56,971.95
1760666400,2025-10-17 02:00:00,971.95,981.81,963.08,979.05
1760673600,2025-10-17 04:00:00,979.24,1003.5,978.23,1001.79
1760680800,2025-10-17 06:00:00,1001.67,1002.59,969.06,970.22
1760688000,2025-10-17 08:00:00,969.92,983.24,964.57,978.83
1760695200,2025-10-17 10:00:00,978.98,981.17,962.42,964.15
1760702400,2025-10-17 12:00:00,963.88,980.64,954.61,973.52
1760709600,2025-10-17 14:00:00,973.72,982.7,969.34,979.21
1760716800,2025-10-17 16:00:00,978.85,991.06,970.39,986.62
1760724000,2025-10-17 18:00:00,986.58,986.61,954.38,954.72
1760731200,2025-10-17 20:00:00,954.82,962.73,943.43,946.28
1760738400,2025-10-17 22:00:00,946.84,959.7,937.07,944.94
1760745600,2025-10-18 00:00:00,944.85,954.63,931.48,936.72
1760752800,2025-10-18 02:00:00,936.77,941.73,929.14,934.09
1760760000,2025-10-18 04:00:00,933.96,941.61,916.41,921.87
1760767200,2025-10-18 06:00:00,922.04,932.74,912.18,919.27
1760774400,2025-10-18 08:00:00,919.19,948.87,919.18,946.81
1760781600,2025-10-18 10:00:00,946.81,964.73,944.89,961.22
1760788800,2025-10-18 12:00:00,961.38,964.36,938.08,940.22
1760796000,2025-10-18 14:00:00,940.39,949.39,930.99,938.85
1760803200,2025-10-18 16:00:00,939.13,951.93,910.62,913.96
1760810400,2025-10-18 18:00:00,913.4,923.69,908.33,922.95
1760817600,2025-10-18 20:00:00,922.94,925.94,901.78,902.96
1760824800,2025-10-18 22:00:00,902.92,904.64,889.71,894.5
1760832000,2025-10-19 00:00:00,894.6,908.05,893.76,901.04
1760839200,2025-10-19 02:00:00,900.91,904.99,890.46,899.34
1760846400,2025-10-19 04:00:00,899.35,917.37,897.03,907.41
1760853600,2025-10-19 06:00:00,907.34,911.9,896.83,897.94
1760860800,2025-10-19 08:00:00,897.83,900.27,882.96,889.37
1760868000,2025-10-19 10:00:00,889.14,897.16,876.95,881.79
1760875200,2025-10-19 12:00:00,881.75,881.75,868.84,871.08
1760882400,2025-10-19 14:00:00,871.11,881.67,866.36,880.16
1760889600,2025-10-19 16:00:00,880,888.86,870.27,872.91
1760896800,2025-10-19 18:00:00,872.84,879.76,863.75,866.6
1760904000,2025-10-19 20:00:00,866.67,880.12,862.9,877.62
1760911200,2025-10-19 22:00:00,877.49,878.52,860.6,866.15
1760918400,2025-10-20 00:00:00,865.99,883.11,861.34,879.36
1760925600,2025-10-20 02:00:00,879.46,880.49,865.67,867.23
1760932800,2025-10-20 04:00:00,867.23,869.65,831.77,847.67
1760940000,2025-10-20 06:00:00,847.89,858.07,840.96,844.56
1760947200,2025-10-20 08:00:00,844.53,876.3,844.53,871.1
1760954400,2025-10-20 10:00:00,871.17,880.98,859.08,878.48
1760961600,2025-10-20 12:00:00,878.46,915.75,873.95,913.55
1760968800,2025-10-20 14:00:00,913.37,916.52,900.84,901.39
1760976000,2025-10-20 16:00:00,901.51,904.36,884.17,886.39
1760983200,2025-10-20 18:00:00,886.48,892.12,872.2,878.21
1760990400,2025-10-20 20:00:00,878.17,882.25,858.11,863.28
1760997600,2025-10-20 22:00:00,863.17,867.63,852.66,853.79
1761004800,2025-10-21 00:00:00,853.99,859.87,842.04,857.4
1761012000,2025-10-21 02:00:00,857.4,858.5,843.1,848.41
1761019200,2025-10-21 04:00:00,848.15,848.66,832.52,838.85
1761026400,2025-10-21 06:00:00,838.91,839,813.86,816.62
1761033600,2025-10-21 08:00:00,816.5,825.52,807.2,823.9
1761040800,2025-10-21 10:00:00,823.82,832.54,814.75,815.11
1761048000,2025-10-21 12:00:00,815.27,817.72,799.61,807.18
1761055200,2025-10-21 14:00:00,807.23,811.42,783.92,785.61
1761062400,2025-10-21 16:00:00,785.65,788.31,765.47,766.45
1761069600,2025-10-21 18:00:00,766.4,780.8,760.2,771.12
1761076800,2025-10-21 20:00:00,771.07,781.27,759.4,780.58
1761084000,2025-10-21 22:00:00,780.45,783.43,762.15,762.66
1761091200,2025-10-22 00:00:00,762.79,766.38,740.27,749.44
1761098400,2025-10-22 02:00:00,749.42,751.74,740.07,740.43
1761105600,2025-10-22 04:00:00,740.39,752.44,736.09,752.44
1761112800,2025-10-22 06:00:00,752.34,765.74,750.49,757.34
1761120000,2025-10-22 08:00:00,757.37,765.8,747.82,749.66
1761127200,2025-10-22 10:00:00,749.82,763.6,747.5,760.25
1761134400,2025-10-22 12:00:00,760.4,776.17,760.4,770.71
1761141600,2025-10-22 14:00:00,770.6,780.08,764.48,769
1761148800,2025-10-22 16:00:00,769,770.84,759.96,764.01
1761156000,2025-10-22 18:00:00,764.11,765.1,753.7,762.97
1761163200,2025-10-22 20:00:00,763.04,783.91,762.86,777.42
1761170400,2025-10-22 22:00:00,777.28,791.57,769.84,774.7
1761177600,2025-10-23 00:00:00,774.72,777.11,759.69,760.08
1761184800,2025-10-23 02:00:00,760.12,767.71,750.74,765.16
1761192000,2025-10-23 04:00:00,765.16,770.3,755.35,764.21
1761199200,2025-10-23 06:00:00,764.14,770.51,759.13,768.87
1761206400,2025-10-23 08:00:00,768.94,783.92,763.83,778.72
1761213600,2025-10-23 10:00:00,778.63,798.04,776.36,795.01
1761220800,2025-10-23 12:00:00,795.27,820.83,795.27,817.38
1761228000,2025-10-23 14:00:00,817.42,823,808.52,815.35
1761235200,2025-10-23 16:00:00,815.38,823.52,810.5,813.16
1761242400,2025-10-23 18:00:00,813.32,822.62,804.66,812.44
1761249600,2025-10-23 20:00:00,812.65,818.74,796.64,802.87
1761256800,2025-10-23 22:00:00,803.01,805.67,792.52,795.45
1761264000,2025-10-24 00:00:00,795.58,799.9,773.73,782.46
1761271200,2025-10-24 02:00:00,782.47,801.67,779.29,800.28
1761278400,2025-10-24 04:00:00,800.51,826.17,800.4,826.17
1761285600,2025-10-24 06:00:00,826.27,831.56,810.52,822.63
1761292800,2025-10-24 08:00:00,822.46,831.1,812.29,824.1
1761300000,2025-10-24 10:00:00,824.16,850.48,823.04,836.82
1761307200,2025-10-24 12:00:00,836.96,845.41,830.99,833.26
1761314400,2025-10-24 14:00:00,833.12,850,826.43,845.71
1761321600,2025-10-24 16:00:00,845.48,877.56,843.08,874.88
1761328800,2025-10-24 18:00:00,874.85,888.7,858.07,862.68
1761336000,2025-10-24 20:00:00,862.85,877.12,859.54,875.14
1761343200,2025-10-24 22:00:00,875.28,878.22,865.29,878.05
1761350400,2025-10-25 00:00:00,878.08,885.03,849.32,850.38
1761357600,2025-10-25 02:00:00,850.52,872.59,844.41,869.82
1761364800,2025-10-25 04:00:00,869.56,894.2,869.49,890.79
1761372000,2025-10-25 06:00:00,890.76,895.25,877.27,882.08
1761379200,2025-10-25 08:00:00,882.08,888.87,872.94,874.8
1761386400,2025-10-25 10:00:00,874.9,900.91,870.17,897.02
1761393600,2025-10-25 12:00:00,896.81,907.94,892.43,897.15
1761400800,2025-10-25 14:00:00,897.29,910.82,879.65,880.25
1761408000,2025-10-25 16:00:00,880.58,894.42,880.15,887.12
1761415200,2025-10-25 18:00:00,887.16,907.68,879.23,901.46
1761422400,2025-10-25 20:00:00,901.59,918.59,888.59,891.07
1761429600,2025-10-25 22:00:00,891.09,902.57,884.02,895.11
1761436800,2025-10-26 00:00:00,895.18,901.54,886.98,893.49
1761444000,2025-10-26 02:00:00,893.38,910.77,887.98,909.43
1761451200,2025-10-26 04:00:00,909.38,936.52,907.97,927.5
1761458400,2025-10-26 06:00:00,927.46,942.42,920.58,939.81
1761465600,2025-10-26 08:00:00,939.69,963.63,935.86,951.93
1761472800,2025-10-26 10:00:00,952.1,956.11,942.55,942.88
1761480000,2025-10-26 12:00:00,942.85,947.99,928.87,938.09
1761487200,2025-10-26 14:00:00,938.35,947.52,927.8,936.5
1761494400,2025-10-26 16:00:00,936.32,951.83,928.74,948.23
1761501600,2025-10-26 18:00:00,948.28,967.76,947.97,953.55
1761508800,2025-10-26 20:00:00,953.24,958.08,933.56,943.83
1761516000,2025-10-26 22:00:00,943.62,977.26,942.27,968.16
1761523200,2025-10-27 00:00:00,968.04,988.52,965.95,973.84
1761530400,2025-10-27 02:00:00,973.79,974.45,950.36,951.45
1761537600,2025-10-27 04:00:00,951.43,954.75,934.83,938.81
1761544800,2025-10-27 06:00:00,938.48,965.55,937.06,956.71
1761552000,2025-10-27 08:00:00,957.04,957.85,939.95,951.71
1761559200,2025-10-27 10:00:00,951.9,972.08,947.79,965.87
1761566400,2025-10-27 12:00:00,965.85,972.66,959.15,963.24
1761573600,2025-10-27 14:00:00,962.87,979.3,961.49,969.85
1761580800,2025-10-27 16:00:00,969.9,985.14,966.96,972.31
1761588000,2025-10-27 18:00:00,972.34,981.38,964.92,981.33
1761595200,2025-10-27 20:00:00,981.47,994.72,970.8,984.74
1761602400,2025-10-27 22:00:00,984.69,986.68,953.08,953.69
1761609600,2025-10-28 00:00:00,953.45,959.9,947.52,949.63
1761616800,2025-10-28 02:00:00,949.47,961.55,945.19,952.76
1761624000,2025-10-28 04:00:00,952.69,959.83,945.75,954.83
1761631200,2025-10-28 06:00:00,954.71,955.81,932.21,949.59
1761638400,2025-10-28 08:00:00,949.63,955.22,925.89,928.69
1761645600,2025-10-28 10:00:00,928.28,931.92,918.62,919.56
1761652800,2025-10-28 12:00:00,919.67,927.66,912.38,917.11
1761660000,2025-10-28 14:00:00,916.93,926.2,904.99,908.29
1761667200,2025-10-28 16:00:00,908.08,919.9,902.2,902.2
1761674400,2025-10-28 18:00:00,901.99,914.7,896.93,902.81
1761681600,2025-10-28 20:00:00,902.65,911.52,886.06,893.65
1761688800,2025-10-28 22:00:00,893.59,904.81,882.08,884.42
1761696000,2025-10-29 00:00:00,884.69,902.86,884.58,900.06
1761703200,2025-10-29 02:00:00,899.98,919.97,897.35,919.79
1761710400,2025-10-29 04:00:00,920.06,925.26,900.16,919.87
1761717600,2025-10-29 06:00:00,919.98,941.88,910.43,931.32
1761724800,2025-10-29 08:00:00,931.28,936.44,922.61,935.64
1761732000,2025-10-29 10:00:00,935.51,950.05,932.5,941.05
1761739200,2025-10-29 12:00:00,941.1,945.73,924.36,925.52
1761746400,2025-10-29 14:00:00,925.41,934.36,919.4,924.2
1761753600,2025-10-29 16:00:00,924.11,943.16,915.96,941.17
1761760800,2025-10-29 18:00:00,941.34,947.79,926.44,932.19
1761768000,2025-10-29 20:00:00,932.01,945.21,921.06,944.68
1761775200,2025-10-29 22:00:00,944.92,950.56,924.98,932.65
1761782400,2025-10-30 00:00:00,932.53,938.7,922.45,935.67
1761789600,2025-10-30 02:00:00,935.59,937.94,912.78,927.43
1761796800,2025-10-30 04:00:00,927.36,941.74,922.27,936.44
1761804000,2025-10-30 06:00:00,936.53,938.85,925.64,927.7
1761811200,2025-10-30 08:00:00,927.55,945.08,925.73,938.93
1761818400,2025-10-30 10:00:00,938.84,952.09,934.59,947.07
1761825600,2025-10-30 12:00:00,946.78,951.83,927.18,930.22
1761832800,2025-10-30 14:00:00,930.07,931.02,905.17,915.65
1761840000,2025-10-30 16:00:00,915.75,918.11,897.03,902.77
1761847200,2025-10-30 18:00:00,902.79,917.84,900.62,912.17
1761854400,2025-10-30 20:00:00,912.28,930.66,911.77,914.16
1761861600,2025-10-30 22:00:00,914.01,916.99,902.82,916.53
1761868800,2025-10-31 00:00:00,916.38,937.56,912.49,926.75
1761876000,2025-10-31 02:00:00,926.64,930.07,905.91,926.66
1761883200,2025-10-31 04:00:00,926.64,930.62,896.56,899.07
1761890400,2025-10-31 06:00:00,899.13,922.25,898.17,914.81
1761897600,2025-10-31 08:00:00,914.45,948,914.11,945.93
1761904800,2025-10-31 10:00:00,945.62,946.55,928.22,932.87
1761912000,2025-10-31 12:00:00,933.06,933.45,905.82,920.15
1761919200,2025-10-31 14:00:00,920.09,921.24,905.84,910.39
1761926400,2025-10-31 16:00:00,910.32,910.97,891.23,898.67
1761933600,2025-10-31 18:00:00,898.5,919.5,897.83,916.89
1761940800,2025-10-31 20:00:00,916.81,926.67,912.76,914.96
1761948000,2025-10-31 22:00:00,914.72,931.98,907.44,930.1
1761955200,2025-11-01 00:00:00,930.19,945.55,926.45,929.86
1761962400,2025-11-01 02:00:00,930.06,947.68,928.82,945.96
1761969600,2025-11-01 04:00:00,946.03,955.16,934.13,940.55
1761976800,2025-11-01 06:00:00,940.66,951.35,932.93,951.29
1761984000,2025-11-01 08:00:00,951.13,957.55,911.1,914.91
1761991200,2025-11-01 10:00:00,914.85,925.33,909.56,922.6
1761998400,2025-11-01 12:00:00,922.65,928.6,891.82,893.11
1762005600,2025-11-01 14:00:00,893.13,908.9,891.4,904.91
1762012800,2025-11-01 16:00:00,904.88,926.09,904.01,916.39
1762020000,2025-11-01 18:00:00,916.28,922.12,900.82,903.22
1762027200,2025-11-01 20:00:00,903.26,910.81,892.76,906.95
1762034400,2025-11-01 22:00:00,907.16,919.42,902.21,916.82
1762041600,2025-11-02 00:00:00,916.85,926.19,904.27,906.94
1762048800,2025-11-02 02:00:00,906.87,929.6,904.17,928.07
1762056000,2025-11-02 04:00:00,928.17,931.72,904.69,905.72
1762063200,2025-11-02 06:00:00,905.47,919.25,903.94,918.39
1762070400,2025-11-02 08:00:00,918.19,920.8,899.89,914.19
1762077600,2025-11-02 10:00:00,913.85,915.83,895,898.55
1762084800,2025-11-02 12:00:00,898.35,905.01,890.53,899.76
1762092000,2025-11-02 14:00:00,899.9,920.44,896.42,919.2
1762099200,2025-11-02 16:00:00,918.98,920.12,902.59,906.9
1762106400,2025-11-02 18:00:00,906.82,909.99,890.16,891.58
1762113600,2025-11-02 20:00:00,891.67,909.89,890.85,903.5
1762120800,2025-11-02 22:00:00,903.57,905.73,893.93,895.72
1762128000,2025-11-03 00:00:00,895.99,907.81,890.6,903.34
1762135200,2025-11-03 02:00:00,903.26,922.22,898.65,915.99
1762142400,2025-11-03 04:00:00,916.24,918.56,897.25,904.29
1762149600,2025-11-03 06:00:00,904.13,906.95,878.27,879.88
1762156800,2025-11-03 08:00:00,879.98,896.46,873.93,891.33
1762164000,2025-11-03 10:00:00,891.18,896.06,878.72,894.34
1762171200,2025-11-03 12:00:00,894.2,895.31,876.83,887.46
1762178400,2025-11-03 14:00:00,887.59,892.61,876.48,880.84
1762185600,2025-11-03 16:00:00,880.9,905.28,878.42,903.12
1762192800,2025-11-03 18:00:00,902.94,926.05,901.78,922.73
1762200000,2025-11-03 20:00:00,922.74,932.05,916.44,927.56
1762207200,2025-11-03 22:00:00,927.35,962.35,924.27,950.88
1762214400,2025-11-04 00:00:00,951.29,969.98,950.08,969.83
1762221600,2025-11-04 02:00:00,969.92,970.19,955.65,963.71
1762228800,2025-11-04 04:00:00,963.89,991.85,955.5,987.98
1762236000,2025-11-04 06:00:00,987.76,1001.98,985.58,999.37
1762243200,2025-11-04 08:00:00,999.52,1007.44,963.98,968.83
1762250400,2025-11-04 10:00:00,968.64,971.85,942.27,953.48
1762257600,2025-11-04 12:00:00,953.1,985,951.07,980.39
1762264800,2025-11-04 14:00:00,980.55,988.32,974.35,974.78
1762272000,2025-11-04 16:00:00,974.82,993.44,963.69,992
1762279200,2025-11-04 18:00:00,992.14,1002.31,977.54,982.21
1762286400,2025-11-04 20:00:00,982.11,1008.12,982.1,1004.14
1762293600,2025-11-04 22:00:00,1004.12,1008.89,985.51,1000.11
1762300800,2025-11-05 00:00:00,1000.02,1003.65,981.23,984.32
1762308000,2025-11-05 02:00:00,984.48,984.99,964.62,969.97
1762315200,2025-11-05 04:00:00,970.07,986.91,964.05,982.28
1762322400,2025-11-05 06:00:00,982.35,999.06,980.44,988.03
1762329600,2025-11-05 08:00:00,988.06,1003.26,985.57,988.37
1762336800,2025-11-05 10:00:00,988.51,989.03,959.44,964.8
1762344000,2025-11-05 12:00:00,964.56,977.27,956.88,975.29
1762351200,2025-11-05 14:00:00,975.72,984.11,964.11,981.63
1762358400,2025-11-05 16:00:00,981.46,984.3,965.31,969.4
1762365600,2025-11-05 18:00:00,969.33,977.4,960.64,967.88
1762372800,2025-11-05 20:00:00,967.91,977.59,964.8,976.56
1762380000,2025-11-05 22:00:00,976.54,989.68,969.88,982.45
1762387200,2025-11-06 00:00:00,982.49,982.77,961.49,970.02
1762394400,2025-11-06 02:00:00,970.02,987.05,962.79,985.91
1762401600,2025-11-06 04:00:00,986.05,1005.42,976.96,978.04
1762408800,2025-11-06 06:00:00,978.21,988.59,968.31,978.69
1762416000,2025-11-06 08:00:00,978.64,983.86,945.24,946.35
1762423200,2025-11-06 10:00:00,946.45,964.33,940.13,950.03
1762430400,2025-11-06 12:00:00,950.02,950.17,911.93,912.5
1762437600,2025-11-06 14:00:00,912.28,914.15,882.4,903.16
1762444800,2025-11-06 16:00:00,903.23,906.86,887.9,888.5
1762452000,2025-11-06 18:00:00,888.47,905.82,885.77,892.36
1762459200,2025-11-06 20:00:00,892.26,895.83,870.51,879.5
1762466400,2025-11-06 22:00:00,879.47,893.81,872.61,887.67
1762473600,2025-11-07 00:00:00,887.87,896.61,879.66,884.97
1762480800,2025-11-07 02:00:00,885.01,919.53,881.19,916.72
1762488000,2025-11-07 04:00:00,916.89,919.59,890.92,899.34
1762495200,2025-11-07 06:00:00,899.76,899.76,872.98,876.22
1762502400,2025-11-07 08:00:00,876.14,888.05,862.87,867.2
1762509600,2025-11-07 10:00:00,867.17,869.04,854.59,862.76
1762516800,2025-11-07 12:00:00,862.79,881.11,856.06,877.23
1762524000,2025-11-07 14:00:00,877.4,883.24,868.67,874.17
1762531200,2025-11-07 16:00:00,874.32,888.32,870.1,887.69
1762538400,2025-11-07 18:00:00,887.69,890.04,869.58,877.96
1762545600,2025-11-07 20:00:00,877.97,897.52,872.58,875.57
1762552800,2025-11-07 22:00:00,875.39,932.03,875.04,927.36
1762560000,2025-11-08 00:00:00,927.59,927.63,904.81,905.45
1762567200,2025-11-08 02:00:00,905.53,919.1,903.43,913.21
1762574400,2025-11-08 04:00:00,912.94,923.02,901.41,922.26
1762581600,2025-11-08 06:00:00,922.1,931.88,911.87,925.27
1762588800,2025-11-08 08:00:00,925.3,945.17,921.63,937.7
1762596000,2025-11-08 10:00:00,937.51,949.48,935.4,937.92
1762603200,2025-11-08 12:00:00,937.97,954.67,935.21,953.33
1762610400,2025-11-08 14:00:00,952.95,974.64,951.12,969.33
1762617600,2025-11-08 16:00:00,969.59,972.06,960.21,967.07
1762624800,2025-11-08 18:00:00,966.98,969.47,935.72,936.26
1762632000,2025-11-08 20:00:00,936.21,941.92,926.81,939.88
1762639200,2025-11-08 22:00:00,939.99,941.87,925.21,929.15
1762646400,2025-11-09 00:00:00,929.17,930.23,906.5,924.8
1762653600,2025-11-09 02:00:00,924.52,954.05,923.57,945.93
1762660800,2025-11-09 04:00:00,945.74,953.35,937.44,949.36
1762668000,2025-11-09 06:00:00,949.36,968.34,940.49,968.34
1762675200,2025-11-09 08:00:00,968.4,991.4,966.52,981.34
1762682400,2025-11-09 10:00:00,981.5,985.18,955.2,964.42
1762689600,2025-11-09 12:00:00,964.3,965.11,945.05,958.67
1762696800,2025-11-09 14:00:00,958.58,961.25,942.67,958.6
1762704000,2025-11-09 16:00:00,958.56,973.63,956.56,961.42
1762711200,2025-11-09 18:00:00,961.55,999.01,958.99,986.73
1762718400,2025-11-09 20:00:00,986.75,992.85,971.3,980.62
1762725600,2025-11-09 22:00:00,980.67,992.56,971.77,984.07
1762732800,2025-11-10 00:00:00,984.11,987.43,961.09,974.63
1762740000,2025-11-10 02:00:00,974.68,994.04,969.62,986.36
1762747200,2025-11-10 04:00:00,986.44,1003.93,985.74,991.57
1762754400,2025-11-10 06:00:00,991.19,1013.09,984.13,1010.29
1762761600,2025-11-10 08:00:00,1010.39,1029.61,1000.77,1009.85
1762768800,2025-11-10 10:00:00,1009.96,1022.06,1004.02,1014.87
1762776000,2025-11-10 12:00:00,1014.85,1042.57,1014.71,1041.22
1762783200,2025-11-10 14:00:00,1041.07,1067.65,1036.07,1060.6
1762790400,2025-11-10 16:00:00,1060.58,1068.03,1045.6,1060.53
1762797600,2025-11-10 18:00:00,1060.27,1067.55,1034.22,1034.28
1762804800,2025-11-10 20:00:00,1034.23,1038.7,1023.9,1026.34
1762812000,2025-11-10 22:00:00,1026.3,1049.11,1025.89,1044.48
1762819200,2025-11-11 00:00:00,1044.28,1064.03,1042.05,1056.93
1762826400,2025-11-11 02:00:00,1057.14,1085.62,1055.21,1074.52
1762833600,2025-11-11 04:00:00,1074.41,1082.28,1052.73,1063.09
1762840800,2025-11-11 06:00:00,1062.85,1072.08,1054.89,1062.85
1762848000,2025-11-11 08:00:00,1062.8,1077.6,1062.02,1063.03
1762855200,2025-11-11 10:00:00,1063,1075.66,1056.25,1063.15
1762862400,2025-11-11 12:00:00,1062.92,1082.42,1061.68,1067.21
1762869600,2025-11-11 14:00:00,1067.34,1079.68,1054.71,1072.3
1762876800,2025-11-11 16:00:00,1072.35,1076.5,1054.8,1056.01
1762884000,2025-11-11 18:00:00,1056.18,1060.95,1030.25,1035.89
1762891200,2025-11-11 20:00:00,1035.94,1037.03,1007.31,1021.59
1762898400,2025-11-11 22:00:00,1022,1056.24,1021.39,1044.92
1762905600,2025-11-12 00:00:00,1044.87,1046.93,1031.99,1038.53
1762912800,2025-11-12 02:00:00,1038.22,1042.06,1016.03,1020.13
1762920000,2025-11-12 04:00:00,1020.45,1023.89,1008.42,1017.02
1762927200,2025-11-12 06:00:00,1016.95,1019.66,1001.64,1003.02
1762934400,2025-11-12 08:00:00,1002.82,1023.99,998.75,1008.65
1762941600,2025-11-12 10:00:00,1008.84,1029.51,999.85,1024.74
1762948800,2025-11-12 12:00:00,1024.75,1037.91,1016.74,1017.64
1762956000,2025-11-12 14:00:00,1017.21,1021.32,997.96,1000.48
1762963200,2025-11-12 16:00:00,1000.58,1000.64,962.97,963.56
1762970400,2025-11-12 18:00:00,963.65,971.99,948.52,952.8
1762977600,2025-11-12 20:00:00,952.97,973.66,949.85,968.11
1762984800,2025-11-12 22:00:00,968.09,977.73,955.85,963.55
1762992000,2025-11-13 00:00:00,963.67,971.53,948.51,957.93
1762999200,2025-11-13 02:00:00,957.74,958.77,929.03,929.03
1763006400,2025-11-13 04:00:00,929.16,950.56,926.74,949.46
1763013600,2025-11-13 06:00:00,949.44,989.23,948.92,983.75
1763020800,2025-11-13 08:00:00,983.69,1004.48,977.76,989.04
1763028000,2025-11-13 10:00:00,988.77,1013.82,987.85,1009.01
1763035200,2025-11-13 12:00:00,1008.91,1022.3,999.83,1002.95
1763042400,2025-11-13 14:00:00,1003.37,1029.2,1002.04,1027.71
1763049600,2025-11-13 16:00:00,1027.76,1036.04,1008.82,1017.15
1763056800,2025-11-13 18:00:00,1017.23,1018.02,987.29,994.25
1763064000,2025-11-13 20:00:00,994.09,1002.35,985.43,987.78
1763071200,2025-11-13 22:00:00,987.76,1004.26,983.32,987.42
1763078400,2025-11-14 00:00:00,987.18,991.49,969.24,976.43
1763085600,2025-11-14 02:00:00,976.38,999.16,975.56,993.23
1763092800,2025-11-14 04:00:00,993.08,993.16,978.99,989.99
1763100000,2025-11-14 06:00:00,990.01,990.27,963.45,982.12
1763107200,2025-11-14 08:00:00,981.99,992.76,976.03,985.98
1763114400,2025-11-14 10:00:00,986.33,994.29,979.58,984.74
1763121600,2025-11-14 12:00:00,984.97,1009.7,983.55,994.33
1763128800,2025-11-14 14:00:00,994.42,1008.13,987.66,991.73
1763136000,2025-11-14 16:00:00,991.6,999.52,963.26,963.99
1763143200,2025-11-14 18:00:00,964.13,973.49,956.96,972.44
1763150400,2025-11-14 20:00:00,972.7,975.95,963.82,965.25
1763157600,2025-11-14 22:00:00,965.49,971.47,954.98,960.93
1763164800,2025-11-15 00:00:00,961.06,963.51,949.12,954.34
1763172000,2025-11-15 02:00:00,954.08,967.6,947.57,967.6
1763179200,2025-11-15 04:00:00,967.61,970.4,945.17,961.35
1763186400,2025-11-15 06:00:00,961.69,966.49,939.34,940.49
1763193600,2025-11-15 08:00:00,940.21,959.2,938.16,959.2
1763200800,2025-11-15 10:00:00,959.21,1004.02,958.91,1003.59
1763208000,2025-11-15 12:00:00,1003.25,1003.9,981.13,992.83
1763215200,2025-11-15 14:00:00,993.22,1019.56,992.35,1018.01
1763222400,2025-11-15 16:00:00,1018.25,1020.85,986.48,988.6
1763229600,2025-11-15 18:00:00,988.73,992.96,958.22,963.96
1763236800,2025-11-15 20:00:00,963.83,968.5,950.17,962.39
1763244000,2025-11-15 22:00:00,962.46,971.78,954.55,963.62
1763251200,2025-11-16 00:00:00,963.34,982.52,957.85,978.24
1763258400,2025-11-16 02:00:00,978.58,998.15,968.28,991.18
1763265600,2025-11-16 04:00:00,991.5,1002.48,983.09,995.04
1763272800,2025-11-16 06:00:00,994.92,997.2,977.87,986.79
1763280000,2025-11-16 08:00:00,987.09,1013.48,983.31,1006.39
1763287200,2025-11-16 10:00:00,1006.42,1021.54,1001.89,1013.26
1763294400,2025-11-16 12:00:00,1012.95,1015.22,998.65,1004.15
1763301600,2025-11-16 14:00:00,1004.19,1009.23,987.54,987.85
1763308800,2025-11-16 16:00:00,988.11,1001.12,979.25,980.7
1763316000,2025-11-16 18:00:00,980.76,1017.95,978.41,1005.37
1763323200,2025-11-16 20:00:00,1005.36,1014.2,998.26,1002.9
1763330400,2025-11-16 22:00:00,1002.39,1014.73,985.15,997.73
1763337600,2025-11-17 00:00:00,997.95,1019.78,993.77,1006.41
1763344800,2025-11-17 02:00:00,1006.04,1013.15,985.7,1008.8
1763352000,2025-11-17 04:00:00,1008.42,1024.06,999.14,1010.25
1763359200,2025-11-17 06:00:00,1010.11,1024.02,1003.05,1011.33
1763366400,2025-11-17 08:00:00,1011.59,1012.75,987.48,990.52
1763373600,2025-11-17 10:00:00,990.4,1000.77,987.04,993.66
1763380800,2025-11-17 12:00:00,993.55,1007.15,981.06,993.46
1763388000,2025-11-17 14:00:00,993.26,997.74,970.89,982.58
1763395200,2025-11-17 16:00:00,982.51,984.3,962.92,979.7
1763402400,2025-11-17 18:00:00,979.67,992.58,973.42,978.44
1763409600,2025-11-17 20:00:00,978.1,1000.46,976.63,981.94
1763416800,2025-11-17 22:00:00,982.23,988.99,976.94,982.19
1763424000,2025-11-18 00:00:00,982.16,987.19,967.46,972.87
1763431200,2025-11-18 02:00:00,972.83,978.21,960.91,966.93
1763438400,2025-11-18 04:00:00,966.77,968.37,944.8,950.54
1763445600,2025-11-18 06:00:00,950.35,953.79,934.99,937.39
1763452800,2025-11-18 08:00:00,937.31,945.66,929.78,941.89
1763460000,2025-11-18 10:00:00,941.94,953.38,928.74,937.1
1763467200,2025-11-18 12:00:00,936.94,937.04,908.35,922.62
1763474400,2025-11-18 14:00:00,922.51,929.05,912.18,923.11
1763481600,2025-11-18 16:00:00,923.07,937.06,916.14,922.64
1763488800,2025-11-18 18:00:00,922.55,951.73,919.2,948.77
1763496000,2025-11-18 20:00:00,948.81,952.63,937.05,947.91
1763503200,2025-11-18 22:00:00,947.88,949.15,927.3,928.13
1763510400,2025-11-19 00:00:00,928,936.49,916.92,924.92
1763517600,2025-11-19 02:00:00,925.14,927.85,912.31,916.49
1763524800,2025-11-19 04:00:00,916.37,931.95,911.81,922.26
1763532000,2025-11-19 06:00:00,922.24,929.23,913.51,914.77
1763539200,2025-11-19 08:00:00,914.83,926.87,910.78,924.29
1763546400,2025-11-19 10:00:00,924.36,930.39,917.83,923.66
1763553600,2025-11-19 12:00:00,923.65,945.35,916.43,938.2
1763560800,2025-11-19 14:00:00,938.12,938.12,924.65,936.86
1763568000,2025-11-19 16:00:00,936.91,953.56,927.52,953.21
1763575200,2025-11-19 18:00:00,953.32,958.19,933.95,955.69
1763582400,2025-11-19 20:00:00,955.84,959.44,943.69,949.77
1763589600,2025-11-19 22:00:00,949.63,963.32,947.5,954.66
1763596800,2025-11-20 00:00:00,954.78,961.33,922.89,931.53
1763604000,2025-11-20 02:00:00,931.33,953.73,925.1,949.92
1763611200,2025-11-20 04:00:00,949.75,954.72,936.83,938
1763618400,2025-11-20 06:00:00,937.87,960.07,935.58,951.01
1763625600,2025-11-20 08:00:00,950.98,962.91,947.02,958.69
1763632800,2025-11-20 10:00:00,958.9,960.03,930.66,938.17
1763640000,2025-11-20 12:00:00,938.2,950.2,937.78,941.66
1763647200,2025-11-20 14:00:00,941.5,952.38,922.12,922.32
1763654400,2025-11-20 16:00:00,922.74,923.85,908.95,918.03
1763661600,2025-11-20 18:00:00,918.07,922.04,885.58,887.62
1763668800,2025-11-20 20:00:00,887.77,899.06,880.46,888.18
1763676000,2025-11-20 22:00:00,888.12,901.71,881.76,901.14
1763683200,2025-11-21 00:00:00,900.98,907.56,892.34,898.3
1763690400,2025-11-21 02:00:00,898.24,908.59,881.84,901.83
1763697600,2025-11-21 04:00:00,901.73,911.53,887.37,891.08
1763704800,2025-11-21 06:00:00,891.26,891.58,869.76,882.81
1763712000,2025-11-21 08:00:00,882.9,887.14,862.94,866.89
1763719200,2025-11-21 10:00:00,866.88,881.65,861.34,871.35
1763726400,2025-11-21 12:00:00,871.26,883.9,854.51,858.47
1763733600,2025-11-21 14:00:00,858.39,864.23,836.25,836.38
1763740800,2025-11-21 16:00:00,836.24,844.75,828.77,834.8
1763748000,2025-11-21 18:00:00,834.68,844.21,827.05,840.91
1763755200,2025-11-21 20:00:00,840.71,845.55,835.69,838.1
1763762400,2025-11-21 22:00:00,838,854.89,833.89,845.52
1763769600,2025-11-22 00:00:00,845.28,847.77,829.79,834.3
1763776800,2025-11-22 02:00:00,834.35,849.53,829.7,844.68
1763784000,2025-11-22 04:00:00,844.44,860.81,833.51,833.9
1763791200,2025-11-22 06:00:00,833.49,847.87,828.96,843.73
1763798400,2025-11-22 08:00:00,844.03,851.68,835.88,849.24
1763805600,2025-11-22 10:00:00,849.64,857.61,838.88,851.25
1763812800,2025-11-22 12:00:00,851.36,851.91,807.34,812.32
1763820000,2025-11-22 14:00:00,812.42,821.9,806.26,816.36
1763827200,2025-11-22 16:00:00,816.33,839.27,815.73,830.21
1763834400,2025-11-22 18:00:00,830.16,833.1,810.69,818.75
1763841600,2025-11-22 20:00:00,818.8,818.8,796.73,805.54
1763848800,2025-11-22 22:00:00,805.32,807.65,793.79,802.74
1763856000,2025-11-23 00:00:00,802.94,817.74,797.75,813.55
1763863200,2025-11-23 02:00:00,813.57,832.42,807.83,832.42
1763870400,2025-11-23 04:00:00,832.35,855.2,828.73,829.8
1763877600,2025-11-23 06:00:00,830,837.36,826.24,829.62
1763884800,2025-11-23 08:00:00,829.5,836.38,822.82,829.08
1763892000,2025-11-23 10:00:00,829.19,835.8,808.59,816.45
1763899200,2025-11-23 12:00:00,816.42,823.99,810.12,814.41
1763906400,2025-11-23 14:00:00,814.49,815.65,795.54,802.98
1763913600,2025-11-23 16:00:00,803.24,803.52,781.97,797.32
1763920800,2025-11-23 18:00:00,797.48,801.4,788.17,797.73
1763928000,2025-11-23 20:00:00,797.91,813.07,791.72,804.07
1763935200,2025-11-23 22:00:00,804.19,817.61,801.29,815.32
1763942400,2025-11-24 00:00:00,815.94,833.75,814.64,818.99
1763949600,2025-11-24 02:00:00,818.96,832.78,818.17,822.48
1763956800,2025-11-24 04:00:00,822.57,831.06,816.4,830.64
1763964000,2025-11-24 06:00:00,830.75,840.63,818.92,832.84
1763971200,2025-11-24 08:00:00,832.93,839.84,822.51,836.53
1763978400,2025-11-24 10:00:00,836.34,840.89,820.36,824.05
1763985600,2025-11-24 12:00:00,824.12,826.36,804.95,815.28
1763992800,2025-11-24 14:00:00,814.96,823.78,812.95,817.41
1764000000,2025-11-24 16:00:00,817.24,818.08,783.6,784.71
1764007200,2025-11-24 18:00:00,784.73,791.06,778.09,790.61
1764014400,2025-11-24 20:00:00,790.9,795.38,769.32,771.71
1764021600,2025-11-24 22:00:00,771.62,791.18,771.47,787.66
1764028800,2025-11-25 00:00:00,788,799.96,786.18,796.98
1764036000,2025-11-25 02:00:00,796.82,816.91,795.07,810.1
1764043200,2025-11-25 04:00:00,809.93,825.36,804.26,825.01
1764050400,2025-11-25 06:00:00,825.14,838.37,811.54,816.11
1764057600,2025-11-25 08:00:00,815.95,838.43,809.05,834
1764064800,2025-11-25 10:00:00,833.98,844.39,822.49,836.52
1764072000,2025-11-25 12:00:00,836.49,843.51,818.55,838.79
1764079200,2025-11-25 14:00:00,838.85,852.66,836.31,840.96
1764086400,2025-11-25 16:00:00,840.73,858.78,840.4,853.1
1764093600,2025-11-25 18:00:00,852.86,864.18,850.52,857.63
1764100800,2025-11-25 20:00:00,857.67,870.54,851.31,861.89
1764108000,2025-11-25 22:00:00,861.92,862.86,845.22,855.42
1764115200,2025-11-26 00:00:00,855.6,874.64,849.04,856.31
1764122400,2025-11-26 02:00:00,856.53,860.78,848.61,852.23
1764129600,2025-11-26 04:00:00,852.19,865.07,844.42,858.28
1764136800,2025-11-26 06:00:00,858.37,859.49,843.18,855.8
1764144000,2025-11-26 08:00:00,855.92,869.02,849.91,852.47
1764151200,2025-11-26 10:00:00,852.55,859.75,843.96,853.81
1764158400,2025-11-26 12:00:00,853.95,871.27,845.1,868.05
1764165600,2025-11-26 14:00:00,867.95,878.85,853.58,857.88
1764172800,2025-11-26 16:00:00,857.72,866.27,843.79,844.39
1764180000,2025-11-26 18:00:00,844.44,855.49,843.04,850.62
1764187200,2025-11-26 20:00:00,850.72,870.24,845.95,859.96
1764194400,2025-11-26 22:00:00,860.05,862.76,832.69,842.65
1764201600,2025-11-27 00:00:00,842.69,849.45,835.1,841.34
1764208800,2025-11-27 02:00:00,841.41,842.41,815.64,824.11
1764216000,2025-11-27 04:00:00,823.86,840.77,819.96,838.51
1764223200,2025-11-27 06:00:00,838.48,839.25,824.2,827.19
1764230400,2025-11-27 08:00:00,827.41,829.38,812.24,813.42
1764237600,2025-11-27 10:00:00,813.45,829.22,806.08,828.16
1764244800,2025-11-27 12:00:00,828.32,839.87,822.14,836.86
1764252000,2025-11-27 14:00:00,837,839.72,813.49,820.47
1764259200,2025-11-27 16:00:00,820.53,827.92,817.22,821.79
1764266400,2025-11-27 18:00:00,821.8,833.03,817.67,830.64
1764273600,2025-11-27 20:00:00,830.76,835.66,819.65,825.02
1764280800,2025-11-27 22:00:00,824.8,825.74,804.75,808.25
1764288000,2025-11-28 00:00:00,808.38,840.4,806.22,830.5
1764295200,2025-11-28 02:00:00,830.48,841.89,829.78,834.41
1764302400,2025-11-28 04:00:00,834.35,851.84,829.22,851.64
1764309600,2025-11-28 06:00:00,851.66,852.5,836.09,842.02
1764316800,2025-11-28 08:00:00,841.97,847.75,831.16,840.27
1764324000,2025-11-28 10:00:00,840.63,844.12,828.11,832.36
1764331200,2025-11-28 12:00:00,832.54,839.74,822.33,835.21
1764338400,2025-11-28 14:00:00,835.23,859.52,830.16,855.46
1764345600,2025-11-28 16:00:00,855.31,881.88,854.43,876.24
1764352800,2025-11-28 18:00:00,876.16,900.27,874.68,900.02
1764360000,2025-11-28 20:00:00,900.01,903.55,889.5,892.15
1764367200,2025-11-28 22:00:00,892.07,904.56,883.04,904.44
1764374400,2025-11-29 00:00:00,904.54,906.03,888.8,897.56
1764381600,2025-11-29 02:00:00,897.61,915.95,896.47,914.39
1764388800,2025-11-29 04:00:00,914.16,917.32,877.67,877.81
1764396000,2025-11-29 06:00:00,877.59,888.41,872.85,884.36
1764403200,2025-11-29 08:00:00,884.36,895.33,877.78,887.53
1764410400,2025-11-29 10:00:00,887.53,890.07,877.55,889.35
1764417600,2025-11-29 12:00:00,889.35,890.48,860.3,863.95
1764424800,2025-11-29 14:00:00,863.95,875.22,862.24,873.99
1764432000,2025-11-29 16:00:00,874.31,892.45,873.9,887.84
1764439200,2025-11-29 18:00:00,887.97,889.18,859.44,866.98
1764446400,2025-11-29 20:00:00,867,873.61,857.86,872.66
1764453600,2025-11-29 22:00:00,872.61,872.66,853.81,861.91
1764460800,2025-11-30 00:00:00,862.02,869.21,850.93,866.16
1764468000,2025-11-30 02:00:00,865.87,872.76,854.03,865.71
1764475200,2025-11-30 04:00:00,865.67,867.6,836.7,840.99
1764482400,2025-11-30 06:00:00,841.02,841.31,821.44,821.97
1764489600,2025-11-30 08:00:00,821.6,825.06,802.13,805.14
1764496800,2025-11-30 10:00:00,805.1,812.16,794.01,798.28
1764504000,2025-11-30 12:00:00,798.4,799.54,789.08,799
1764511200,2025-11-30 14:00:00,799.24,809.46,791.18,796.3
1764518400,2025-11-30 16:00:00,796.36,822.66,786.54,813.93
1764525600,2025-11-30 18:00:00,814.06,825.7,811.33,823.33
1764532800,2025-11-30 20:00:00,823.25,824.49,806.01,812.4
1764540000,2025-11-30 22:00:00,812.51,821.93,806.5,809.75
1764547200,2025-12-01 00:00:00,809.53,817.51,804.19,807.91
1764554400,2025-12-01 02:00:00,807.64,811.45,790.38,796.49
1764561600,2025-12-01 04:00:00,796.49,806.81,793.15,803.22
1764568800,2025-12-01 06:00:00,803.29,811.42,789.21,797.84
1764576000,2025-12-01 08:00:00,797.69,798.75,777.65,793.66
1764583200,2025-12-01 10:00:00,793.52,797.64,778.11,781.97
1764590400,2025-12-01 12:00:00,781.99,791.23,763.32,763.32
1764597600,2025-12-01 14:00:00,763.48,777.48,760.26,774.11
1764604800,2025-12-01 16:00:00,774.23,786.46,774.16,778.72
1764612000,2025-12-01 18:00:00,778.91,782.33,769,775.89
1764619200,2025-12-01 20:00:00,775.81,776.97,761.85,763.06
1764626400,2025-12-01 22:00:00,762.9,764.3,748.62,748.91
1764633600,2025-12-02 00:00:00,749.08,761.77,738.83,741.68
1764640800,2025-12-02 02:00:00,741.67,744.39,727.93,732.15
1764648000,2025-12-02 04:00:00,731.97,747.05,730.98,741.62
1764655200,2025-12-02 06:00:00,741.79,745.68,720.24,725.31
1764662400,2025-12-02 08:00:00,725.39,729.07,716.11,718.59
1764669600,2025-12-02 10:00:00,718.56,726.09,711.69,715.17
1764676800,2025-12-02 12:00:00,715.17,716.49,694.29,700.72
1764684000,2025-12-02 14:00:00,700.87,703.93,690.76,695.33
1764691200,2025-12-02 16:00:00,695.52,709.07,688.39,708.95
1764698400,2025-12-02 18:00:00,708.77,727.15,704.51,724.9
1764705600,2025-12-02 20:00:00,724.66,736.05,720.01,729.49
1764712800,2025-12-02 22:00:00,729.59,744.05,724.68,735.99
1764720000,2025-12-03 00:00:00,735.9,750.43,735.33,749.13
1764727200,2025-12-03 02:00:00,749.39,753.27,738.18,739.13
1764734400,2025-12-03 04:00:00,739.04,751.05,732.17,733.88
1764741600,2025-12-03 06:00:00,734.17,757.49,729.29,748.47
1764748800,2025-12-03 08:00:00,748.52,749.99,730.25,731.76
1764756000,2025-12-03 10:00:00,731.94,758.52,728.19,754.93
1764763200,2025-12-03 12:00:00,755.02,770.73,748.94,766.68
1764770400,2025-12-03 14:00:00,766.73,773.85,760.03,769.53
1764777600,2025-12-03 16:00:00,769.74,780.24,764.89,766.13
1764784800,2025-12-03 18:00:00,766.1,790.44,765.71,783.84
1764792000,2025-12-03 20:00:00,783.85,788.77,770.31,771.23
1764799200,2025-12-03 22:00:00,771.42,795.18,769.6,793.75
1764806400,2025-12-04 00:00:00,793.89,799.06,762.41,763.28
1764813600,2025-12-04 02:00:00,763.55,765.57,753.08,753.52
1764820800,2025-12-04 04:00:00,753.73,761.04,749.17,758.99
1764828000,2025-12-04 06:00:00,759.24,762.03,749.18,758.43
1764835200,2025-12-04 08:00:00,758.71,765.58,744.99,745.26
1764842400,2025-12-04 10:00:00,745.18,754.27,740.55,751
1764849600,2025-12-04 12:00:00,750.78,766.37,746.77,761.5
1764856800,2025-12-04 14:00:00,761.6,769.93,755.64,761.61
1764864000,2025-12-04 16:00:00,761.58,768.2,751.14,759
1764871200,2025-12-04 18:00:00,759.15,772.92,756.76,767.48
1764878400,2025-12-04 20:00:00,767.56,776.33,758.61,772.85
1764885600,2025-12-04 22:00:00,773.25,791.15,767.62,790.62
1764892800,2025-12-05 00:00:00,790.58,796.1,779.32,793.64
1764900000,2025-12-05 02:00:00,793.37,796.36,781.16,794.85
1764907200,2025-12-05 04:00:00,794.81,796.6,771.8,772.88
1764914400,2025-12-05 06:00:00,772.68,777.2,760.29,766.94
1764921600,2025-12-05 08:00:00,767.1,775.13,759.72,770.47
1764928800,2025-12-05 10:00:00,770.36,790.08,767.23,787.18
1764936000,2025-12-05 12:00:00,787.24,790.72,771.52,778.85
1764943200,2025-12-05 14:00:00,778.9,793.79,776.2,783.4
1764950400,2025-12-05 16:00:00,783.32,794.65,779.84,783.96
1764957600,2025-12-05 18:00:00,783.98,790.69,768.69,770.7
1764964800,2025-12-05 20:00:00,770.75,780.58,767.35,774.81
1764972000,2025-12-05 22:00:00,774.76,797.37,771.59,792.41
1764979200,2025-12-06 00:00:00,792.47,792.72,775.44,780.72
1764986400,2025-12-06 02:00:00,780.78,787.26,775.45,779.87
1764993600,2025-12-06 04:00:00,780.13,783.35,756.35,758.92
1765000800,2025-12-06 06:00:00,758.89,766.82,754.42,759.15
1765008000,2025-12-06 08:00:00,759.29,765.96,752.61,761.47
1765015200,2025-12-06 10:00:00,761.4,788.73,760.74,784.3
1765022400,2025-12-06 12:00:00,784.4,788.09,766.05,768.83
1765029600,2025-12-06 14:00:00,768.91,773.23,758.45,760.64
1765036800,2025-12-06 16:00:00,760.91,765.41,743.94,751.3
1765044000,2025-12-06 18:00:00,751.26,761.47,745.69,757.12
1765051200,2025-12-06 20:00:00,757.19,761.07,746.64,751.86
1765058400,2025-12-06 22:00:00,751.77,760.35,738.92,753.73
1765065600,2025-12-07 00:00:00,753.78,760.09,747.84,757.96
1765072800,2025-12-07 02:00:00,757.98,768.7,743.13,746.73
1765080000,2025-12-07 04:00:00,746.73,771.95,746.19,767.61
1765087200,2025-12-07 06:00:00,767.77,781.31,759.72,781.31
1765094400,2025-12-07 08:00:00,781.23,790.16,777.92,779.68
1765101600,2025-12-07 10:00:00,779.66,784.83,774.78,784.81
1765108800,2025-12-07 12:00:00,784.6,785.91,764.47,768.31
1765116000,2025-12-07 14:00:00,768.36,769.72,750.85,768.06
1765123200,2025-12-07 16:00:00,767.91,768.99,745.94,760.76
1765130400,2025-12-07 18:00:00,760.87,775.28,753.41,773.5
1765137600,2025-12-07 20:00:00,773.64,797.21,770.4,795.16
1765144800,2025-12-07 22:00:00,795.04,805.77,787.68,802.33
1765152000,2025-12-08 00:00:00,802.3,807.47,792.13,804.3
1765159200,2025-12-08 02:00:00,804.47,810.72,790.62,799.96
1765166400,2025-12-08 04:00:00,800.05,816.73,796.13,814.38
1765173600,2025-12-08 06:00:00,814.26,814.66,788.52,789.4
1765180800,2025-12-08 08:00:00,789.63,799.11,785.74,798.28
1765188000,2025-12-08 10:00:00,798.33,817.21,796.68,811.75
1765195200,2025-12-08 12:00:00,811.74,822.97,804.77,818.33
1765202400,2025-12-08 14:00:00,818.11,823.75,782.72,784.47
1765209600,2025-12-08 16:00:00,784.32,797.28,780.94,791.8
1765216800,2025-12-08 18:00:00,791.75,801.1,783.66,801
1765224000,2025-12-08 20:00:00,801.21,811.17,791.32,791.33
1765231200,2025-12-08 22:00:00,791.3,793.68,772.38,774.86
1765238400,2025-12-09 00:00:00,774.7,779.64,767.62,774.35
1765245600,2025-12-09 02:00:00,774.46,782.05,765.77,781.15
1765252800,2025-12-09 04:00:00,781.13,787.04,774.68,785.67
1765260000,2025-12-09 06:00:00,785.68,789.63,768.27,787.86
1765267200,2025-12-09 08:00:00,787.56,788.37,772.92,775.67
1765274400,2025-12-09 10:00:00,775.61,784.49,765.34,765.79
1765281600,2025-12-09 12:00:00,765.75,775.28,757.29,767.84
1765288800,2025-12-09 14:00:00,767.74,771.11,761.76,765.38
1765296000,2025-12-09 16:00:00,765.49,769.4,752.85,764.17
1765303200,2025-12-09 18:00:00,764.09,771.13,762.99,767.93
1765310400,2025-12-09 20:00:00,767.98,777.5,759.93,767.82
1765317600,2025-12-09 22:00:00,767.83,778.05,760.9,776.17
1765324800,2025-12-10 00:00:00,776.28,794.8,772.11,791.46
1765332000,2025-12-10 02:00:00,791.44,802.77,786.95,798.32
1765339200,2025-12-10 04:00:00,798.52,813.64,792.83,812.92
1765346400,2025-12-10 06:00:00,813.01,816.29,804.54,808.29
1765353600,2025-12-10 08:00:00,808.58,808.86,777.78,784.73
1765360800,2025-12-10 10:00:00,784.56,808.7,783.75,805.44
1765368000,2025-12-10 12:00:00,805.12,818.85,804.71,816.21
1765375200,2025-12-10 14:00:00,816.13,838.37,807.98,831.96
1765382400,2025-12-10 16:00:00,831.94,839.84,810.62,811.32
1765389600,2025-12-10 18:00:00,811.29,831,810.66,822.87
1765396800,2025-12-10 20:00:00,822.7,839.05,822.15,831.71
1765404000,2025-12-10 22:00:00,831.59,841.97,826.21,828.64
1765411200,2025-12-11 00:00:00,828.59,830.03,815.48,820.59
1765418400,2025-12-11 02:00:00,820.56,834.68,817.07,832.61
1765425600,2025-12-11 04:00:00,832.95,838,826.23,828.57
1765432800,2025-12-11 06:00:00,828.71,832.97,815.86,817.67
1765440000,2025-12-11 08:00:00,817.47,829.59,815.42,825.53
1765447200,2025-12-11 10:00:00,825.74,835.65,820.9,825.53
1765454400,2025-12-11 12:00:00,825.61,836.11,818.28,823.19
1765461600,2025-12-11 14:00:00,823.09,831.39,819.24,822.96
1765468800,2025-12-11 16:00:00,822.95,836.84,817.52,820.18
1765476000,2025-12-11 18:00:00,820.33,823.64,800.69,819.82
1765483200,2025-12-11 20:00:00,819.51,822.08,811.9,815.85
1765490400,2025-12-11 22:00:00,816.16,823.7,799.81,803.73
1765497600,2025-12-12 00:00:00,803.86,808.51,787.8,788.09
1765504800,2025-12-12 02:00:00,788.26,788.33,767.27,769.84
1765512000,2025-12-12 04:00:00,769.91,772.01,754.6,766.15
1765519200,2025-12-12 06:00:00,766.06,772.98,748.21,749.06
1765526400,2025-12-12 08:00:00,749.23,757.01,742.85,753.65
1765533600,2025-12-12 10:00:00,753.66,758.35,740.91,747.97
1765540800,2025-12-12 12:00:00,747.74,750.64,727.08,735.24
1765548000,2025-12-12 14:00:00,735.25,749.83,734.52,746.02
1765555200,2025-12-12 16:00:00,745.93,748.26,734.25,741.2
1765562400,2025-12-12 18:00:00,741.14,744.9,731.31,736.87
1765569600,2025-12-12 20:00:00,736.79,767.32,735.58,766.87
1765576800,2025-12-12 22:00:00,766.79,782.74,765.97,773.72
1765584000,2025-12-13 00:00:00,773.64,778.84,768.88,777.02
1765591200,2025-12-13 02:00:00,777.14,809.9,773.38,807.43
1765598400,2025-12-13 04:00:00,807.36,824.57,806.9,815.59
1765605600,2025-12-13 06:00:00,815.48,818.22,791.12,799.47
1765612800,2025-12-13 08:00:00,799.66,811.83,792.76,801.54
1765620000,2025-12-13 10:00:00,801.53,822.33,794.84,817.99
1765627200,2025-12-13 12:00:00,818.05,820.45,800.48,801.53
1765634400,2025-12-13 14:00:00,801.72,807.55,790.68,793.19
1765641600,2025-12-13 16:00:00,793.05,803.26,792.61,798.15
1765648800,2025-12-13 18:00:00,798.32,809.21,794.35,808.82
1765656000,2025-12-13 20:00:00,808.92,809.73,793.29,797.85
1765663200,2025-12-13 22:00:00,797.99,816.4,791.16,811.41
1765670400,2025-12-14 00:00:00,811.49,828.59,810.31,818.47
1765677600,2025-12-14 02:00:00,818.27,822.93,811.5,817.54
1765684800,2025-12-14 04:00:00,817.53,818.77,795.57,798.78
1765692000,2025-12-14 06:00:00,798.86,805.19,784.48,788.78
1765699200,2025-12-14 08:00:00,788.98,790.53,776.98,783.59
1765706400,2025-12-14 10:00:00,783.67,790.84,769.21,769.21
1765713600,2025-12-14 12:00:00,768.91,781.33,768.63,775.12
1765720800,2025-12-14 14:00:00,774.95,793.38,773.46,787.36
1765728000,2025-12-14 16:00:00,787.45,791.45,775.4,777.5
1765735200,2025-12-14 18:00:00,777.74,783.41,763.75,769.92
1765742400,2025-12-14 20:00:00,770.08,774.26,765.45,770.04
1765749600,2025-12-14 22:00:00,769.82,778.81,758.39,760.16
1765756800,2025-12-15 00:00:00,760.31,763.02,739.35,739.58
1765764000,2025-12-15 02:00:00,739.36,742.39,728.89,731.66
1765771200,2025-12-15 04:00:00,731.79,739.34,723.8,736.38
1765778400,2025-12-15 06:00:00,736.38,747.29,732.23,737.59
1765785600,2025-12-15 08:00:00,737.81,742.27,726.64,738.27
1765792800,2025-12-15 10:00:00,738.24,740.53,729.64,737
1765800000,2025-12-15 12:00:00,737.3,747.85,731.1,732.93
1765807200,2025-12-15 14:00:00,732.92,733.3,719.23,721.77
1765814400,2025-12-15 16:00:00,721.55,722.65,706.35,716.12
1765821600,2025-12-15 18:00:00,716.13,717.95,706.46,716.52
1765828800,2025-12-15 20:00:00,716.55,719.75,706.63,708.08
1765836000,2025-12-15 22:00:00,708.08,720.88,707.32,717.71
1765843200,2025-12-16 00:00:00,717.58,732.84,717.12,728.88
1765850400,2025-12-16 02:00:00,728.91,747.45,723.95,746.68
1765857600,2025-12-16 04:00:00,746.49,761.31,743.83,756.58
1765864800,2025-12-16 06:00:00,756.58,760.26,749.4,755.64
1765872000,2025-12-16 08:00:00,755.63,761.91,746.55,757.74
1765879200,2025-12-16 10:00:00,757.7,765.38,742.83,763.48
1765886400,2025-12-16 12:00:00,763.55,771.7,755.91,760.15
1765893600,2025-12-16 14:00:00,760.44,775.61,759.34,773.73
1765900800,2025-12-16 16:00:00,773.7,794.54,770.64,776.36
1765908000,2025-12-16 18:00:00,776.4,776.75,752.59,762.17
1765915200,2025-12-16 20:00:00,762.02,780.26,759.37,777.43
1765922400,2025-12-16 22:00:00,777.43,791.25,774.45,787.57
1765929600,2025-12-17 00:00:00,787.77,791.37,769.64,769.64
1765936800,2025-12-17 02:00:00,769.6,779.01,767.02,772.26
1765944000,2025-12-17 04:00:00,771.99,787.44,764.26,786.41
1765951200,2025-12-17 06:00:00,786.33,789.18,775.23,782.42
1765958400,2025-12-17 08:00:00,782.41,788.36,769.13,786.13
1765965600,2025-12-17 10:00:00,786.18,801.23,785,787.87
1765972800,2025-12-17 12:00:00,787.67,792.85,774.78,784.03
1765980000,2025-12-17 14:00:00,783.89,783.89,750.61,752.6
1765987200,2025-12-17 16:00:00,752.65,757.07,731.23,731.98
1765994400,2025-12-17 18:00:00,731.93,744.07,729.19,730.29
1766001600,2025-12-17 20:00:00,730.28,745.71,727.94,742.4
1766008800,2025-12-17 22:00:00,742.25,745.14,714.65,721.1
1766016000,2025-12-18 00:00:00,720.94,724.11,707.04,718.58
1766023200,2025-12-18 02:00:00,718.56,739.63,717.48,736.43
1766030400,2025-12-18 04:00:00,736.56,740.98,719.19,720.14
1766037600,2025-12-18 06:00:00,720.09,722.86,709.34,714.47
1766044800,2025-12-18 08:00:00,714.56,719.1,704.98,705.86
1766052000,2025-12-18 10:00:00,705.78,714.91,698.06,713.07
1766059200,2025-12-18 12:00:00,712.81,716.8,701.52,708.75
1766066400,2025-12-18 14:00:00,708.39,719.19,706.24,715.74
1766073600,2025-12-18 16:00:00,715.82,722.71,692.88,694.67
1766080800,2025-12-18 18:00:00,694.68,714.32,694.62,705.94
1766088000,2025-12-18 20:00:00,705.82,726.09,705.32,723.41
1766095200,2025-12-18 22:00:00,723.65,726.44,707.05,707.05
1766102400,2025-12-19 00:00:00,706.89,724.36,702.97,723.46
1766109600,2025-12-19 02:00:00,723.67,735.69,719.95,732.8
1766116800,2025-12-19 04:00:00,732.68,739.79,718.84,719.03
1766124000,2025-12-19 06:00:00,718.72,721.56,713.68,720.1
1766131200,2025-12-19 08:00:00,720.16,723.86,708.6,721.69
1766138400,2025-12-19 10:00:00,721.78,726.75,711.81,717.51
1766145600,2025-12-19 12:00:00,717.49,727.64,714.77,718.79
1766152800,2025-12-19 14:00:00,718.71,731.38,717.36,718.65
1766160000,2025-12-19 16:00:00,718.66,730.29,711.03,729.03
1766167200,2025-12-19 18:00:00,728.75,733.72,718.77,723.43
1766174400,2025-12-19 20:00:00,723.3,735.76,719.43,729.02
1766181600,2025-12-19 22:00:00,729.03,731.52,717.29,723.61
1766188800,2025-12-20 00:00:00,723.56,736.93,722.49,734.41
1766196000,2025-12-20 02:00:00,734.57,745.57,729.45,730.31
1766203200,2025-12-20 04:00:00,730.35,735.55,720.5,726.6
1766210400,2025-12-20 06:00:00,726.52,726.74,707.61,709.31
1766217600,2025-12-20 08:00:00,709.2,719.47,702.55,713.19
1766224800,2025-12-20 10:00:00,713.3,734.11,706,733.46
1766232000,2025-12-20 12:00:00,733.58,736.99,726.35,730.74
1766239200,2025-12-20 14:00:00,730.81,749.5,729.9,744.79
1766246400,2025-12-20 16:00:00,744.61,750.16,736.05,742.61
1766253600,2025-12-20 18:00:00,742.59,757.07,740.7,755.52
1766260800,2025-12-20 20:00:00,755.65,767.4,750.11,765.22
1766268000,2025-12-20 22:00:00,765.09,771.21,759.41,763.18
1766275200,2025-12-21 00:00:00,763.42,771.98,760.54,769.81
1766282400,2025-12-21 02:00:00,769.89,781.4,763.01,780.07
1766289600,2025-12-21 04:00:00,780.3,784.59,763.69,767.46
1766296800,2025-12-21 06:00:00,767.5,769.51,731.87,737.27
1766304000,2025-12-21 08:00:00,737.05,757.92,736.91,754.61
1766311200,2025-12-21 10:00:00,754.81,776.13,746.54,773.74
1766318400,2025-12-21 12:00:00,773.68,782.84,767.19,767.33
1766325600,2025-12-21 14:00:00,767.33,768.48,737.89,748.78
1766332800,2025-12-21 16:00:00,748.76,758.54,739.4,741.72
1766340000,2025-12-21 18:00:00,741.92,750.52,728.03,729.37
1766347200,2025-12-21 20:00:00,729.48,736.27,714.3,715
1766354400,2025-12-21 22:00:00,715.02,718.4,701.82,707.13
1766361600,2025-12-22 00:00:00,707.15,710.06,697.91,699.37
1766368800,2025-12-22 02:00:00,699.55,702.6,681.07,684.93
1766376000,2025-12-22 04:00:00,684.91,692.59,683.09,689.47
1766383200,2025-12-22 06:00:00,689.45,695.42,675.23,677.38
1766390400,2025-12-22 08:00:00,677.31,678.86,668.89,674.64
1766397600,2025-12-22 10:00:00,674.59,679.93,669.61,677.18
1766404800,2025-12-22 12:00:00,677.11,677.24,662.04,666.14
1766412000,2025-12-22 14:00:00,666.08,684.65,665.01,680.62
1766419200,2025-12-22 16:00:00,680.61,684.47,659.86,659.88
1766426400,2025-12-22 18:00:00,660,668.09,656.43,668.09
1766433600,2025-12-22 20:00:00,668.02,674.65,657.09,672.16
1766440800,2025-12-22 22:00:00,672.2,686.21,670.71,681.7
1766448000,2025-12-23 00:00:00,681.77,698.35,674.61,677.55
1766455200,2025-12-23 02:00:00,677.57,692.7,674.37,691.89
1766462400,2025-12-23 04:00:00,691.8,701.74,686.06,700.75
1766469600,2025-12-23 06:00:00,700.62,713.15,694.4,699.82
1766476800,2025-12-23 08:00:00,699.73,706.58,696.64,704.54
1766484000,2025-12-23 10:00:00,704.53,721.34,699.97,712.65
1766491200,2025-12-23 12:00:00,712.74,751.79,710.95,751.48
1766498400,2025-12-23 14:00:00,751.5,764.35,747.21,760.54
1766505600,2025-12-23 16:00:00,760.45,764.73,751.28,762.87
1766512800,2025-12-23 18:00:00,763.02,773.34,759.2,762.97
1766520000,2025-12-23 20:00:00,763.06,780.75,760.27,773.4
1766527200,2025-12-23 22:00:00,773.34,784.13,763.91,778.06
1766534400,2025-12-24 00:00:00,778.25,785.74,769.94,769.95
1766541600,2025-12-24 02:00:00,769.86,772.15,746.08,747.33
1766548800,2025-12-24 04:00:00,747.33,770.98,740.56,768.39
1766556000,2025-12-24 06:00:00,768.42,780.54,767.32,778.33
1766563200,2025-12-24 08:00:00,778.4,790.13,775,782.76
1766570400,2025-12-24 10:00:00,782.66,784.5,764.27,764.85
1766577600,2025-12-24 12:00:00,764.63,774.8,757.13,765.88
1766584800,2025-12-24 14:00:00,765.86,779.53,763.73,774.87
1766592000,2025-12-24 16:00:00,774.86,778.53,764.14,765.78
1766599200,2025-12-24 18:00:00,765.8,780.95,764.41,779.19
1766606400,2025-12-24 20:00:00,779.25,782.46,762.41,771.54
1766613600,2025-12-24 22:00:00,771.46,779.32,765.1,768.66
1766620800,2025-12-25 00:00:00,768.62,775.93,761.41,772.64
1766628000,2025-12-25 02:00:00,772.5,772.52,746.07,746.68
1766635200,2025-12-25 04:00:00,746.42,752.14,733.05,738.29
1766642400,2025-12-25 06:00:00,738.27,746.69,731.62,735.11
1766649600,2025-12-25 08:00:00,735.13,742.35,730.33,741.67
1766656800,2025-12-25 10:00:00,741.61,766.01,741.36,759.01
1766664000,2025-12-25 12:00:00,759.26,774.86,756.9,760.16
1766671200,2025-12-25 14:00:00,760.21,764.78,750.88,751.24
1766678400,2025-12-25 16:00:00,751.28,754.4,740.07,752.56
1766685600,2025-12-25 18:00:00,752.41,760.54,746.14,758.7
1766692800,2025-12-25 20:00:00,758.74,764.09,752.51,761.27
1766700000,2025-12-25 22:00:00,761.31,767.08,755.99,761.57
1766707200,2025-12-26 00:00:00,761.47,773.77,758.89,773.76
1766714400,2025-12-26 02:00:00,773.69,778.91,760.01,763.38
1766721600,2025-12-26 04:00:00,763.29,781.36,757.91,780.9
1766728800,2025-12-26 06:00:00,780.83,781.79,771.95,778.25
1766736000,2025-12-26 08:00:00,778.17,779.94,752.61,753.99
1766743200,2025-12-26 10:00:00,753.84,767.91,753.33,767.41
1766750400,2025-12-26 12:00:00,767.27,787.83,763.54,785
1766757600,2025-12-26 14:00:00,784.9,789.64,771.63,771.67
1766764800,2025-12-26 16:00:00,771.75,782.94,763.47,779.6
1766772000,2025-12-26 18:00:00,779.79,790.57,773.04,775.79
1766779200,2025-12-26 20:00:00,775.78,785.86,770.46,784.97
1766786400,2025-12-26 22:00:00,784.94,802.74,779.13,800.87
1766793600,2025-12-27 00:00:00,800.92,829.17,800.92,824.09
1766800800,2025-12-27 02:00:00,823.94,828.18,810.76,819.03
1766808000,2025-12-27 04:00:00,819.06,821.56,807.07,810.1
1766815200,2025-12-27 06:00:00,809.82,820.49,797.44,797.44
1766822400,2025-12-27 08:00:00,797.57,814.59,793.29,804.27
1766829600,2025-12-27 10:00:00,804.36,820.43,798.36,800.57
1766836800,2025-12-27 12:00:00,800.5,821.22,792.79,819.8
1766844000,2025-12-27 14:00:00,819.78,836.9,818.55,832
1766851200,2025-12-27 16:00:00,832.09,851.01,830.81,842.5
1766858400,2025-12-27 18:00:00,842.38,854.23,837.01,851.5
1766865600,2025-12-27 20:00:00,851.64,876.48,850.44,867.71
1766872800,2025-12-27 22:00:00,867.54,870.16,853.44,867.88
1766880000,2025-12-28 00:00:00,867.88,888.57,864.82,888.55
1766887200,2025-12-28 02:00:00,888.71,894.82,881.52,890.98
1766894400,2025-12-28 04:00:00,891.18,897,881.75,892.31
1766901600,2025-12-28 06:00:00,892.3,900.87,882.1,898.15
1766908800,2025-12-28 08:00:00,898.24,908.34,892.15,899.42
1766916000,2025-12-28 10:00:00,899.34,907.18,892.81,900.41
1766923200,2025-12-28 12:00:00,900.27,915.85,892.81,907.42
1766930400,2025-12-28 14:00:00,907.43,914.65,895.95,909.67
1766937600,2025-12-28 16:00:00,909.74,933.78,907.33,927.33
1766944800,2025-12-28 18:00:00,927.34,929.22,897.89,899.98
1766952000,2025-12-28 20:00:00,900.15,917.46,899.68,916.85
1766959200,2025-12-28 22:00:00,916.84,924.39,904.23,920.98
1766966400,2025-12-29 00:00:00,920.76,931.49,912.1,928.85
1766973600,2025-12-29 02:00:00,928.99,932.33,904.8,910.98
1766980800,2025-12-29 04:00:00,910.76,923.13,905.86,911.97
1766988000,2025-12-29 06:00:00,911.88,922.08,906.33,909.55
1766995200,2025-12-29 08:00:00,909.22,924.51,908.33,917.56
1767002400,2025-12-29 10:00:00,917.56,948.07,913.41,945.84
1767009600,2025-12-29 12:00:00,945.84,961.76,944.87,952.33
1767016800,2025-12-29 14:00:00,952.42,959.67,949.51,954.34
1767024000,2025-12-29 16:00:00,954.37,965.41,948.04,955.29
1767031200,2025-12-29 18:00:00,955.41,969.65,947.35,967.86
1767038400,2025-12-29 20:00:00,967.84,972.33,943.39,944.47
1767045600,2025-12-29 22:00:00,944.49,944.89,925.45,933.04
1767052800,2025-12-30 00:00:00,932.9,952.79,928.66,932.39
1767060000,2025-12-30 02:00:00,932.37,955.52,916.81,952.42
1767067200,2025-12-30 04:00:00,952.48,965.44,947.79,955.76
1767074400,2025-12-30 06:00:00,955.9,972.22,951.62,963.97
1767081600,2025-12-30 08:00:00,963.97,976.52,956.3,958.03
1767088800,2025-12-30 10:00:00,957.98,976.57,955.84,971.58
1767096000,2025-12-30 12:00:00,971.37,982.09,960.11,981.48
1767103200,2025-12-30 14:00:00,981.61,1004.54,980.43,998.02
1767110400,2025-12-30 16:00:00,997.69,1002.71,986.52,997.06
1767117600,2025-12-30 18:00:00,996.75,996.79,974.62,992.57
1767124800,2025-12-30 20:00:00,992.86,1002.59,976.86,985.81
1767132000,2025-12-30 22:00:00,985.86,988.22,969.41,984.56
1767139200,2025-12-31 00:00:00,984.46,1016.12,982.44,1012.54
1767146400,2025-12-31 02:00:00,1012.78,1019.01,1003.68,1007.25
1767153600,2025-12-31 04:00:00,1007.13,1019.17,982.17,982.83
1767160800,2025-12-31 06:00:00,983.02,992.14,977.26,978.75
1767168000,2025-12-31 08:00:00,978.62,983.88,953.28,964.49
1767175200,2025-12-31 10:00:00,964.6,975.39,956,975.17
1767182400,2025-12-31 12:00:00,975.29,982.43,964.45,965.01
1767189600,2025-12-31 14:00:00,965.2,975.78,962.4,965.77
1767196800,2025-12-31 16:00:00,965.52,977.12,956.95,964.78
1767204000,2025-12-31 18:00:00,964.79,979.06,961.89,973.83
1767211200,2025-12-31 20:00:00,973.66,986.07,969.39,979.6
1767218400,2025-12-31 22:00:00,979.73,980.1,964.02,973.3
1767225600,2026-01-01 00:00:00,972.89,986.7,969.94,970.03
1767232800,2026-01-01 02:00:00,970.19,984.07,959.97,983.18
1767240000,2026-01-01 04:00:00,983.43,984.69,963.4,978.64
1767247200,2026-01-01 06:00:00,978.72,1008.52,976.23,994.47
1767254400,2026-01-01 08:00:00,994.53,1002.8,988.16,994.33
1767261600,2026-01-01 10:00:00,994.27,1019.98,991.91,1013.11
1767268800,2026-01-01 12:00:00,1012.95,1044.26,1010.57,1039.89
1767276000,2026-01-01 14:00:00,1040.07,1051.48,1019.24,1019.33
1767283200,2026-01-01 16:00:00,1019.22,1024,1013.1,1015.94
1767290400,2026-01-01 18:00:00,1015.83,1023.2,1008.16,1014.11
1767297600,2026-01-01 20:00:00,1014.19,1054.02,1009.63,1052.74
1767304800,2026-01-01 22:00:00,1052.73,1052.98,1030.79,1031.95
1767312000,2026-01-02 00:00:00,1032.19,1044.96,1011.79,1016.48
1767319200,2026-01-02 02:00:00,1016.54,1017.17,989.55,1001.16
1767326400,2026-01-02 04:00:00,1000.98,1022.58,987.36,1022.31
1767333600,2026-01-02 06:00:00,1022.22,1030.31,1012.93,1026.23
1767340800,2026-01-02 08:00:00,1025.93,1036,1012.49,1022.96
1767348000,2026-01-02 10:00:00,1022.63,1023.65,1003.22,1015.5
1767355200,2026-01-02 12:00:00,1015.51,1024.82,1001.07,1015.44
1767362400,2026-01-02 14:00:00,1015.46,1022.81,998.87,999.82
1767369600,2026-01-02 16:00:00,999.82,1000.97,978.57,983.05
1767376800,2026-01-02 18:00:00,982.79,1003.98,978.43,989.05
1767384000,2026-01-02 20:00:00,988.93,989.02,954.88,965.07
1767391200,2026-01-02 22:00:00,965.05,978.24,961.04,973.48
1767398400,2026-01-03 00:00:00,973.62,983.66,959.23,959.58
1767405600,2026-01-03 02:00:00,959.51,971.81,955.97,969.5
1767412800,2026-01-03 04:00:00,969.46,977.63,961.73,976.01
1767420000,2026-01-03 06:00:00,976.17,982.95,955.69,958.68
1767427200,2026-01-03 08:00:00,958.87,970.41,952.24,956.45
1767434400,2026-01-03 10:00:00,956.52,968.24,950.75,965.36
1767441600,2026-01-03 12:00:00,965.3,976.61,946.69,949.11
1767448800,2026-01-03 14:00:00,948.83,956.08,932.97,937.1
1767456000,2026-01-03 16:00:00,937.09,943.13,924.18,924.95
1767463200,2026-01-03 18:00:00,924.79,944.32,921.44,936.76
1767470400,2026-01-03 20:00:00,936.96,955.78,931.28,934.11
1767477600,2026-01-03 22:00:00,934.03,944.45,924.45,938
1767484800,2026-01-04 00:00:00,937.97,944.61,918.83,928.94
1767492000,2026-01-04 02:00:00,929.46,936.01,924.74,929.58
1767499200,2026-01-04 04:00:00,929.42,938.06,916.09,930.87
1767506400,2026-01-04 06:00:00,930.78,938.57,924.4,937.31
1767513600,2026-01-04 08:00:00,937.56,962.79,934.69,951.84
1767520800,2026-01-04 10:00:00,951.61,955.13,936.03,942.79
1767528000,2026-01-04 12:00:00,942.85,963.05,941.03,961.41
1767535200,2026-01-04 14:00:00,961.41,968.93,948.69,956.48
1767542400,2026-01-04 16:00:00,956.67,961.01,947.22,954.45
1767549600,2026-01-04 18:00:00,954.23,966.6,948.53,962.51
1767556800,2026-01-04 20:00:00,962.66,985.47,961.92,973.29
1767564000,2026-01-04 22:00:00,973.32,993.49,970.72,991.26
1767571200,2026-01-05 00:00:00,991.09,1010.83,985.39,999.89
1767578400,2026-01-05 02:00:00,1000.32,1004.56,986.88,995.11
1767585600,2026-01-05 04:00:00,995.37,1024.5,990.5,1021.18
1767592800,2026-01-05 06:00:00,1021.14,1036.29,1013.73,1025.8
1767600000,2026-01-05 08:00:00,1025.7,1034.62,1022.22,1025.16
1767607200,2026-01-05 10:00:00,1025.38,1040.39,1021.15,1039.79
1767614400,2026-01-05 12:00:00,1039.88,1060.6,1038.67,1050.54
1767621600,2026-01-05 14:00:00,1050.55,1062.24,1033.05,1036
1767628800,2026-01-05 16:00:00,1036.2,1050.6,1031.53,1033.15
1767636000,2026-01-05 18:00:00,1033.08,1039.97,1004.99,1013.46
1767643200,2026-01-05 20:00:00,1013.63,1028.6,1007.94,1025.57
1767650400,2026-01-05 22:00:00,1025.68,1036.29,1016.56,1021.81
1767657600,2026-01-06 00:00:00,1022,1041.56,1014.13,1035.03
1767664800,2026-01-06 02:00:00,1035.24,1047.35,1033.95,1038.31
1767672000,2026-01-06 04:00:00,1038.35,1053.74,1025.17,1039.87
1767679200,2026-01-06 06:00:00,1039.78,1053.21,1036.54,1042.56
1767686400,2026-01-06 08:00:00,1042.61,1057.87,1031.23,1041.3
1767693600,2026-01-06 10:00:00,1041.33,1055.15,1036.25,1044.25
1767700800,2026-01-06 12:00:00,1044.42,1047.7,1030.48,1039.6
1767708000,2026-01-06 14:00:00,1039.69,1060.8,1034.63,1059.69
1767715200,2026-01-06 16:00:00,1059.96,1078.57,1056.48,1074.3
1767722400,2026-01-06 18:00:00,1074.52,1081.49,1053.81,1066.38
1767729600,2026-01-06 20:00:00,1066.15,1070.53,1046.73,1047.52
1767736800,2026-01-06 22:00:00,1046.96,1062.44,1029.09,1030.14
1767744000,2026-01-07 00:00:00,1030.19,1041.77,1025.84,1040.26
1767751200,2026-01-07 02:00:00,1040.52,1069.1,1040.52,1067.86
1767758400,2026-01-07 04:00:00,1067.72,1071.81,1044.28,1057.57
1767765600,2026-01-07 06:00:00,1057.51,1068.48,1049.01,1060.19
1767772800,2026-01-07 08:00:00,1060,1077.51,1055.26,1057.39
1767780000,2026-01-07 10:00:00,1057.69,1068.04,1054.39,1055.01
1767787200,2026-01-07 12:00:00,1055.13,1064.74,1034.34,1036.87
1767794400,2026-01-07 14:00:00,1036.91,1037.36,1025.84,1032.88
1767801600,2026-01-07 16:00:00,1032.8,1033.34,1010.09,1013.91
1767808800,2026-01-07 18:00:00,1013.77,1015.02,995.51,1004.7
1767816000,2026-01-07 20:00:00,1004.72,1021.44,1001.06,1005.66
1767823200,2026-01-07 22:00:00,1005.83,1029.92,1002.9,1015.39
1767830400,2026-01-08 00:00:00,1015.92,1019.26,990.24,1001.97
1767837600,2026-01-08 02:00:00,1002.05,1005.68,992.96,1005.68
1767844800,2026-01-08 04:00:00,1005.78,1006.6,983.12,988.73
1767852000,2026-01-08 06:00:00,988.37,993.95,980.97,983.64
1767859200,2026-01-08 08:00:00,983.56,988.34,953.85,958.74
1767866400,2026-01-08 10:00:00,958.47,970.4,946.14,969.24
1767873600,2026-01-08 12:00:00,969.43,983.38,967.27,980.1
1767880800,2026-01-08 14:00:00,980.11,986.68,954.7,973.44
1767888000,2026-01-08 16:00:00,973.19,992.08,972.93,989.98
1767895200,2026-01-08 18:00:00,989.93,1009.44,983.96,1008.44
1767902400,2026-01-08 20:00:00,1008.5,1008.69,983.41,1004.43
1767909600,2026-01-08 22:00:00,1004.73,1048.93,998.17,1045.71
1767916800,2026-01-09 00:00:00,1045.94,1049.31,1004.89,1005.18
1767924000,2026-01-09 02:00:00,1005.01,1022.6,1000.03,1021.68
1767931200,2026-01-09 04:00:00,1021.41,1032.04,998.26,1010.49
1767938400,2026-01-09 06:00:00,1010.51,1013.01,995.96,1009.85
1767945600,2026-01-09 08:00:00,1009.84,1026.55,1004,1025.13
1767952800,2026-01-09 10:00:00,1025.06,1034.26,1016.47,1020.09
1767960000,2026-01-09 12:00:00,1020.2,1069.74,1020.09,1068.95
1767967200,2026-01-09 14:00:00,1068.73,1074.31,1021.41,1025.44
1767974400,2026-01-09 16:00:00,1025.62,1027.89,1000.61,1007.38
1767981600,2026-01-09 18:00:00,1007.3,1027.11,1002.23,1017.01
1767988800,2026-01-09 20:00:00,1017.2,1023.84,1012.75,1018.78
1767996000,2026-01-09 22:00:00,1018.67,1037.5,1013.37,1028.23
1768003200,2026-01-10 00:00:00,1028.32,1030.77,1006.53,1013.87
1768010400,2026-01-10 02:00:00,1013.71,1030.34,1012.2,1022.43
1768017600,2026-01-10 04:00:00,1022.4,1031.12,1017.49,1024.2
1768024800,2026-01-10 06:00:00,1024.07,1039.67,1011.97,1038.49
1768032000,2026-01-10 08:00:00,1038.53,1060.94,1034.32,1058.15
1768039200,2026-01-10 10:00:00,1057.94,1089.14,1056.67,1067.73
1768046400,2026-01-10 12:00:00,1067.69,1081.13,1060.47,1075.81
1768053600,2026-01-10 14:00:00,1075.82,1088.69,1061.39,1063.05
1768060800,2026-01-10 16:00:00,1062.95,1085.21,1057.69,1074.1
1768068000,2026-01-10 18:00:00,1073.99,1076.6,1057.62,1065.89
1768075200,2026-01-10 20:00:00,1066,1103.85,1064.09,1098.91
1768082400,2026-01-10 22:00:00,1098.83,1099.07,1071.88,1095.91
1768089600,2026-01-11 00:00:00,1096.27,1099.95,1083.02,1095.01
1768096800,2026-01-11 02:00:00,1094.78,1105.71,1080.59,1101.18
1768104000,2026-01-11 04:00:00,1101.4,1103.67,1081.21,1093.31
1768111200,2026-01-11 06:00:00,1093.23,1100.27,1070.46,1070.46
1768118400,2026-01-11 08:00:00,1070.81,1079.09,1056.1,1074.46
1768125600,2026-01-11 10:00:00,1074.43,1076.66,1059.68,1063.11
1768132800,2026-01-11 12:00:00,1063.39,1078.04,1057.51,1059.72
1768140000,2026-01-11 14:00:00,1059.76,1063.9,1041.97,1051.85
1768147200,2026-01-11 16:00:00,1051.81,1059.61,1040.25,1045.06
1768154400,2026-01-11 18:00:00,1045.34,1057.49,1041.72,1046.16
1768161600,2026-01-11 20:00:00,1046.01,1062.91,1034.2,1053.61
1768168800,2026-01-11 22:00:00,1053.27,1078.85,1047.67,1073.62
1768176000,2026-01-12 00:00:00,1073.49,1083.33,1068,1072.75
1768183200,2026-01-12 02:00:00,1072.47,1093.74,1063.44,1092.06
1768190400,2026-01-12 04:00:00,1092.25,1097.43,1082.26,1089.1
1768197600,2026-01-12 06:00:00,1089.14,1097.91,1066.55,1067.39
1768204800,2026-01-12 08:00:00,1067.38,1069.18,1034.77,1035.33
1768212000,2026-01-12 10:00:00,1035.3,1042.92,1022.01,1032.52
1768219200,2026-01-12 12:00:00,1032.41,1033.58,1016.1,1023.99
1768226400,2026-01-12 14:00:00,1024.12,1026.48,1010.01,1012.39
1768233600,2026-01-12 16:00:00,1012.11,1016.18,987.42,1003.51
1768240800,2026-01-12 18:00:00,1003.36,1021.95,992.04,1016.59
1768248000,2026-01-12 20:00:00,1016.55,1022.5,1005.16,1019.78
1768255200,2026-01-12 22:00:00,1019.71,1021.42,1001.27,1007.66
1768262400,2026-01-13 00:00:00,1007.57,1009.9,980.51,981.34
1768269600,2026-01-13 02:00:00,981.77,985.67,963.28,975.79
1768276800,2026-01-13 04:00:00,975.88,996.89,974.95,990.04
1768284000,2026-01-13 06:00:00,990.02,1005.21,985.21,998.88
1768291200,2026-01-13 08:00:00,999.07,1005.74,969.23,974.22
1768298400,2026-01-13 10:00:00,974.3,1000.94,969.22,999.1
1768305600,2026-01-13 12:00:00,999.2,1007.62,981.54,988.58
1768312800,2026-01-13 14:00:00,988.75,1013.91,986.07,1007.96
1768320000,2026-01-13 16:00:00,1007.95,1039.1,1006.55,1038.06
1768327200,2026-01-13 18:00:00,1037.78,1066.44,1037.7,1060.22
1768334400,2026-01-13 20:00:00,1060.32,1063.07,1042.62,1044.82
1768341600,2026-01-13 22:00:00,1044.71,1044.71,1029.5,1031.78
1768348800,2026-01-14 00:00:00,1031.65,1039.81,1021.86,1026.01
1768356000,2026-01-14 02:00:00,1025.88,1032.59,993.23,1001.41
1768363200,2026-01-14 04:00:00,1001.38,1005.91,988.28,994.73
1768370400,2026-01-14 06:00:00,994.88,998.9,976.12,978.84
1768377600,2026-01-14 08:00:00,979,988.18,948.65,949.23
1768384800,2026-01-14 10:00:00,949.14,951.66,918.16,927.77
1768392000,2026-01-14 12:00:00,927.86,945.22,925.52,937.72
1768399200,2026-01-14 14:00:00,937.72,946.91,927.55,937.29
1768406400,2026-01-14 16:00:00,937.23,968.37,935.46,960.71
1768413600,2026-01-14 18:00:00,960.45,976.26,957.18,961.59
1768420800,2026-01-14 20:00:00,961.49,972.61,952.96,972.29
1768428000,2026-01-14 22:00:00,972.41,982.81,961.65,972.74
1768435200,2026-01-15 00:00:00,972.71,1003.99,971.73,1002.58
1768442400,2026-01-15 02:00:00,1002.56,1016.25,997.33,1011.66
1768449600,2026-01-15 04:00:00,1011.98,1017.01,1001.63,1001.98
1768456800,2026-01-15 06:00:00,1001.85,1019.2,999.25,1016.92
1768464000,2026-01-15 08:00:00,1016.89,1022.84,1005.72,1019.06
1768471200,2026-01-15 10:00:00,1018.9,1033.82,1012.57,1033.82
1768478400,2026-01-15 12:00:00,1033.91,1045.73,1026.42,1042.62
1768485600,2026-01-15 14:00:00,1042.5,1051.53,1033.68,1037.56
1768492800,2026-01-15 16:00:00,1037.6,1044.33,1026.79,1034.39
1768500000,2026-01-15 18:00:00,1034.2,1051.65,1027.56,1034.47
1768507200,2026-01-15 20:00:00,1034.44,1047.84,1026.17,1039.85
1768514400,2026-01-15 22:00:00,1039.87,1047.26,1024.69,1036.5
1768521600,2026-01-16 00:00:00,1036.85,1037.12,1016.36,1031.36
1768528800,2026-01-16 02:00:00,1031.27,1050.79,1029.81,1041.22
1768536000,2026-01-16 04:00:00,1041.06,1061.79,1030.87,1060.52
1768543200,2026-01-16 06:00:00,1060.62,1079.56,1049.67,1075.02
1768550400,2026-01-16 08:00:00,1074.79,1108.13,1068.83,1107.3
1768557600,2026-01-16 10:00:00,1107.21,1146.93,1104.01,1131.91
1768564800,2026-01-16 12:00:00,1131.93,1132.26,1090.4,1100.88
1768572000,2026-01-16 14:00:00,1100.77,1137.54,1098.68,1134.9
1768579200,2026-01-16 16:00:00,1134.44,1136.91,1092.65,1107.09
1768586400,2026-01-16 18:00:00,1107.13,1124.25,1103.11,1108.08
1768593600,2026-01-16 20:00:00,1108.24,1116.64,1088.05,1088.05
1768600800,2026-01-16 22:00:00,1088.05,1089.71,1070.77,1081.09
1768608000,2026-01-17 00:00:00,1081.09,1109.7,1078.15,1098.33
1768615200,2026-01-17 02:00:00,1098.12,1102.33,1084.26,1094.85
1768622400,2026-01-17 04:00:00,1094.94,1097.05,1055.01,1074.1
1768629600,2026-01-17 06:00:00,1073.89,1099.95,1073.15,1086.69
1768636800,2026-01-17 08:00:00,1086.6,1101.43,1080.38,1084.71
1768644000,2026-01-17 10:00:00,1084.86,1085.85,1062.3,1065.71
1768651200,2026-01-17 12:00:00,1065.72,1067,1046.89,1047.8
1768658400,2026-01-17 14:00:00,1047.94,1056.34,1029.07,1043.94
1768665600,2026-01-17 16:00:00,1043.75,1067.41,1037.72,1065.65
1768672800,2026-01-17 18:00:00,1065.43,1082.43,1062.55,1072.06
1768680000,2026-01-17 20:00:00,1072.28,1093.73,1064.37,1079.82
1768687200,2026-01-17 22:00:00,1080.02,1106.43,1078.6,1099.09
1768694400,2026-01-18 00:00:00,1098.92,1109.44,1091.82,1100.96
1768701600,2026-01-18 02:00:00,1101.19,1114.63,1088.92,1112.07
1768708800,2026-01-18 04:00:00,1112.11,1112.61,1088.35,1090.89
1768716000,2026-01-18 06:00:00,1090.95,1099.65,1080.74,1088.97
1768723200,2026-01-18 08:00:00,1088.78,1116.81,1088.2,1114.11
1768730400,2026-01-18 10:00:00,1114.03,1118.83,1088.35,1104.94
1768737600,2026-01-18 12:00:00,1105.03,1115.53,1092.44,1094.2
1768744800,2026-01-18 14:00:00,1094.34,1112.09,1087.49,1108.56
1768752000,2026-01-18 16:00:00,1108.39,1118.59,1098.9,1109.31
1768759200,2026-01-18 18:00:00,1109.09,1117.04,1095.07,1098.01
1768766400,2026-01-18 20:00:00,1097.66,1107.63,1078.22,1078.95
1768773600,2026-01-18 22:00:00,1078.81,1085.62,1070.34,1079.18
1768780800,2026-01-19 00:00:00,1079.62,1081.36,1061.77,1064.01
1768788000,2026-01-19 02:00:00,1063.57,1068.32,1044.39,1051.38
1768795200,2026-01-19 04:00:00,1051.29,1092,1049.83,1092
1768802400,2026-01-19 06:00:00,1092.02,1125.44,1088.28,1125.23
1768809600,2026-01-19 08:00:00,1125.42,1133.21,1109.59,1133.04
1768816800,2026-01-19 10:00:00,1132.86,1139.84,1088.78,1091.23
1768824000,2026-01-19 12:00:00,1090.9,1095.93,1077.45,1084.6
1768831200,2026-01-19 14:00:00,1084.18,1084.79,1067.32,1069.28
1768838400,2026-01-19 16:00:00,1069.45,1074.82,1042.58,1046.78
1768845600,2026-01-19 18:00:00,1046.54,1051.65,1028.45,1032.16
1768852800,2026-01-19 20:00:00,1032.33,1069.7,1028.63,1064.66
1768860000,2026-01-19 22:00:00,1064.94,1082.18,1052.71,1055.5
1768867200,2026-01-20 00:00:00,1055.59,1082.57,1053.27,1080.68
1768874400,2026-01-20 02:00:00,1080.79,1087.83,1075.74,1083.95
1768881600,2026-01-20 04:00:00,1083.93,1085.1,1055.23,1065.85
1768888800,2026-01-20 06:00:00,1066.04,1089.01,1064.65,1085.07
1768896000,2026-01-20 08:00:00,1085.25,1092.95,1061.74,1091.55
1768903200,2026-01-20 10:00:00,1091.91,1115.99,1087.88,1108.09
1768910400,2026-01-20 12:00:00,1108,1120.5,1104.98,1112.19
1768917600,2026-01-20 14:00:00,1112.32,1141.04,1108.61,1140.96
1768924800,2026-01-20 16:00:00,1141.44,1153.41,1134.57,1152.02
1768932000,2026-01-20 18:00:00,1151.78,1156.99,1137.32,1143.67
1768939200,2026-01-20 20:00:00,1143.89,1167.25,1136.7,1160.76
1768946400,2026-01-20 22:00:00,1160.84,1173.51,1142.93,1167.81
1768953600,2026-01-21 00:00:00,1167.94,1171.24,1145.92,1152.76
1768960800,2026-01-21 02:00:00,1152.55,1180.12,1151.17,1162.57
1768968000,2026-01-21 04:00:00,1162.24,1187.98,1155.23,1179.55
1768975200,2026-01-21 06:00:00,1179.2,1194.44,1173.36,1193.2
1768982400,2026-01-21 08:00:00,1193.2,1203.42,1161.16,1167.69
1768989600,2026-01-21 10:00:00,1168.08,1183.57,1151.41,1173.03
1768996800,2026-01-21 12:00:00,1173.05,1187.71,1162.98,1186.36
1769004000,2026-01-21 14:00:00,1186.12,1203.32,1177.55,1183.92
1769011200,2026-01-21 16:00:00,1184.31,1193.11,1170.53,1185.37
1769018400,2026-01-21 18:00:00,1185.3,1216.98,1176.98,1214.87
1769025600,2026-01-21 20:00:00,1214.78,1224.96,1202.11,1207.58
1769032800,2026-01-21 22:00:00,1207.74,1224.31,1195.49,1206.06
1769040000,2026-01-22 00:00:00,1206,1218.48,1164.89,1168.3
1769047200,2026-01-22 02:00:00,1168.4,1177.38,1151.47,1155.51
1769054400,2026-01-22 04:00:00,1155.4,1155.83,1122.75,1129.33
1769061600,2026-01-22 06:00:00,1129.28,1136.26,1115.97,1128.7
1769068800,2026-01-22 08:00:00,1128.61,1154.17,1125.66,1151.34
1769076000,2026-01-22 10:00:00,1151.05,1163.62,1148.35,1152.53
1769083200,2026-01-22 12:00:00,1152.18,1157.51,1141.54,1148.95
1769090400,2026-01-22 14:00:00,1148.77,1176.02,1131.57,1175.31
1769097600,2026-01-22 16:00:00,1175.17,1195.89,1164.19,1186.81
1769104800,2026-01-22 18:00:00,1186.84,1192.55,1169.77,1174.18
1769112000,2026-01-22 20:00:00,1174.22,1178.28,1161.96,1166.93
1769119200,2026-01-22 22:00:00,1166.78,1181.61,1159.68,1178.42
1769126400,2026-01-23 00:00:00,1178.31,1208.1,1177.48,1191.43
1769133600,2026-01-23 02:00:00,1191.38,1207.66,1189.38,1200.5
1769140800,2026-01-23 04:00:00,1200.35,1230.15,1196.14,1225.4
1769148000,2026-01-23 06:00:00,1225.13,1229.47,1205.51,1222.77
1769155200,2026-01-23 08:00:00,1222.44,1233.79,1214.83,1214.83
1769162400,2026-01-23 10:00:00,1214.72,1218.87,1190.11,1208.59
1769169600,2026-01-23 12:00:00,1208.62,1221.26,1198.97,1219.96
1769176800,2026-01-23 14:00:00,1219.8,1241.48,1215.07,1235.25
1769184000,2026-01-23 16:00:00,1235.26,1263.59,1232.07,1259.32
1769191200,2026-01-23 18:00:00,1259.31,1263.62,1228.49,1236.66
1769198400,2026-01-23 20:00:00,1236.66,1261.8,1236.47,1258.21
1769205600,2026-01-23 22:00:00,1258.59,1288.2,1256.62,1286.66
1769212800,2026-01-24 00:00:00,1286.28,1291.59,1251.42,1273.95
1769220000,2026-01-24 02:00:00,1273.69,1311.4,1271.41,1303.43
1769227200,2026-01-24 04:00:00,1303.51,1306.71,1272.63,1277.97
1769234400,2026-01-24 06:00:00,1277.88,1300.68,1276.25,1299.38
1769241600,2026-01-24 08:00:00,1299.37,1299.66,1258.21,1273.23
1769248800,2026-01-24 10:00:00,1273.18,1297.52,1273.18,1290.24
1769256000,2026-01-24 12:00:00,1289.94,1306.45,1285.32,1295.65
1769263200,2026-01-24 14:00:00,1295.76,1341.22,1293.57,1326.84
1769270400,2026-01-24 16:00:00,1326.56,1338.96,1313.78,1338.11
1769277600,2026-01-24 18:00:00,1338.37,1366.08,1332.11,1355.97
1769284800,2026-01-24 20:00:00,1355.96,1375.59,1349.64,1373.91
1769292000,2026-01-24 22:00:00,1374.02,1411.88,1373.57,1392.12
1769299200,2026-01-25 00:00:00,1392.32,1404.65,1381.53,1385.25
1769306400,2026-01-25 02:00:00,1385.08,1417.56,1381.43,1386.26
1769313600,2026-01-25 04:00:00,1386.06,1429.6,1376.74,1427.66
1769320800,2026-01-25 06:00:00,1427.51,1459.75,1410.81,1446.29
1769328000,2026-01-25 08:00:00,1446.53,1469.86,1419.46,1469.18
1769335200,2026-01-25 10:00:00,1469.37,1514.48,1460.13,1509.11
1769342400,2026-01-25 12:00:00,1508.72,1534.69,1504.24,1533.77
1769349600,2026-01-25 14:00:00,1533.82,1561.14,1518.63,1522.63
1769356800,2026-01-25 16:00:00,1523.13,1558.25,1517.99,1545.29
1769364000,2026-01-25 18:00:00,1545.7,1578.41,1544.78,1557.91
1769371200,2026-01-25 20:00:00,1557.69,1585.85,1556.68,1582.95
1769378400,2026-01-25 22:00:00,1583.14,1594.98,1543.14,1570.28
1769385600,2026-01-26 00:00:00,1571.02,1572.84,1519.99,1521.08
1769392800,2026-01-26 02:00:00,1521.01,1529.73,1504.1,1526.66
1769400000,2026-01-26 04:00:00,1526.24,1529.53,1510.15,1521.99
1769407200,2026-01-26 06:00:00,1522.21,1549.84,1517.42,1549.84
1769414400,2026-01-26 08:00:00,1549.78,1550.97,1521.04,1524.68
1769421600,2026-01-26 10:00:00,1524.24,1532.28,1513.96,1522.57
1769428800,2026-01-26 12:00:00,1522.72,1522.72,1490.44,1502.77
1769436000,2026-01-26 14:00:00,1503.19,1546.89,1498.28,1541.65
1769443200,2026-01-26 16:00:00,1541.52,1558.42,1528.12,1547.83
1769450400,2026-01-26 18:00:00,1547.65,1565.04,1533.16,1542.07
1769457600,2026-01-26 20:00:00,1542.33,1574.4,1524.31,1554.59
1769464800,2026-01-26 22:00:00,1554.46,1570.72,1530.19,1566.14
1769472000,2026-01-27 00:00:00,1566.58,1606.09,1561.28,1597.52
1769479200,2026-01-27 02:00:00,1597.42,1607.8,1584.57,1601.53
1769486400,2026-01-27 04:00:00,1601.61,1618.03,1566.65,1616.34
1769493600,2026-01-27 06:00:00,1616.37,1679.4,1610.55,1650.18
1769500800,2026-01-27 08:00:00,1649.73,1662.21,1636.83,1645.06
1769508000,2026-01-27 10:00:00,1644.95,1671.75,1628.02,1659.1
1769515200,2026-01-27 12:00:00,1658.72,1665.86,1635,1661.67
1769522400,2026-01-27 14:00:00,1662.09,1668.36,1641.58,1651.97
1769529600,2026-01-27 16:00:00,1651.86,1653.06,1619.84,1623.07
1769536800,2026-01-27 18:00:00,1623.09,1651.94,1620.35,1637.48
1769544000,2026-01-27 20:00:00,1637.72,1685.73,1630.7,1681.12
1769551200,2026-01-27 22:00:00,1681.39,1704.16,1664.4,1700.18
1769558400,2026-01-28 00:00:00,1700.16,1736.78,1700.16,1717.7
1769565600,2026-01-28 02:00:00,1717.56,1756.81,1714.3,1740.62
1769572800,2026-01-28 04:00:00,1739.93,1752.49,1702.68,1709.53
1769580000,2026-01-28 06:00:00,1709.44,1718.2,1678.2,1681.05
1769587200,2026-01-28 08:00:00,1681.22,1683.45,1648.86,1671.27
1769594400,2026-01-28 10:00:00,1671.39,1679.68,1645.53,1677.16
1769601600,2026-01-28 12:00:00,1677.29,1679.23,1649.18,1659.28
1769608800,2026-01-28 14:00:00,1659.44,1672.16,1632.24,1654.79
1769616000,2026-01-28 16:00:00,1654.36,1674,1651.55,1662.34
1769623200,2026-01-28 18:00:00,1662.44,1674.24,1631.18,1641.58
1769630400,2026-01-28 20:00:00,1642.11,1657.89,1622.24,1622.43
1769637600,2026-01-28 22:00:00,1622.72,1643.97,1621.72,1640.21
1769644800,2026-01-29 00:00:00,1640.02,1646.08,1614.9,1622.51
1769652000,2026-01-29 02:00:00,1622.45,1624.43,1587.42,1610.14
1769659200,2026-01-29 04:00:00,1609.75,1612.83,1591.9,1604.64
1769666400,2026-01-29 06:00:00,1605.13,1636.14,1602.7,1608.25
1769673600,2026-01-29 08:00:00,1608.54,1638.74,1606.45,1637.76
1769680800,2026-01-29 10:00:00,1637.42,1652.26,1605.95,1627.84
1769688000,2026-01-29 12:00:00,1628.02,1694.24,1625.38,1694.24
1769695200,2026-01-29 14:00:00,1694.32,1703.24,1674.47,1694.5
1769702400,2026-01-29 16:00:00,1693.96,1718.74,1687.15,1701.05
1769709600,2026-01-29 18:00:00,1701.17,1743.25,1675.91,1743.09
1769716800,2026-01-29 20:00:00,1742.91,1754.32,1731.95,1740.59
1769724000,2026-01-29 22:00:00,1740.05,1750.76,1707.43,1707.92
1769731200,2026-01-30 00:00:00,1707.71,1709.88,1660.21,1672.38
1769738400,2026-01-30 02:00:00,1672.64,1688.74,1650.57,1659.48
1769745600,2026-01-30 04:00:00,1659.69,1708.82,1657.53,1685.78
1769752800,2026-01-30 06:00:00,1685.91,1737.98,1685.91,1721.79
1769760000,2026-01-30 08:00:00,1722.35,1746.61,1709.36,1734.7
1769767200,2026-01-30 10:00:00,1734.57,1783.94,1730.24,1782.05
1769774400,2026-01-30 12:00:00,1782.2,1791.96,1761.25,1769.64
1769781600,2026-01-30 14:00:00,1770.04,1775.86,1748.1,1765.53
1769788800,2026-01-30 16:00:00,1765.59,1770.41,1733.69,1734.26
1769796000,2026-01-30 18:00:00,1734.26,1738.12,1685.1,1686.32
1769803200,2026-01-30 20:00:00,1686.55,1697.84,1661.86,1669.19
1769810400,2026-01-30 22:00:00,1669.92,1704.25,1668.16,1694.49
1769817600,2026-01-31 00:00:00,1694.19,1734.54,1685.9,1724.47
1769824800,2026-01-31 02:00:00,1724.49,1726.91,1633.37,1633.37
1769832000,2026-01-31 04:00:00,1633.1,1645.8,1615.19,1627.38
1769839200,2026-01-31 06:00:00,1627.29,1635.16,1604.59,1628.94
1769846400,2026-01-31 08:00:00,1628.64,1656.21,1613.81,1628.77
1769853600,2026-01-31 10:00:00,1629.04,1630.55,1589.29,1594.49
1769860800,2026-01-31 12:00:00,1594.44,1621.48,1585.99,1619.56
1769868000,2026-01-31 14:00:00,1619.39,1631.71,1588.91,1593.57
1769875200,2026-01-31 16:00:00,1593.99,1611.58,1580.96,1599.34
1769882400,2026-01-31 18:00:00,1599.5,1646.63,1596.78,1640.53
1769889600,2026-01-31 20:00:00,1640.73,1658.24,1634.7,1648.38
1769896800,2026-01-31 22:00:00,1648.55,1700.44,1629.57,1681.05
1769904000,2026-02-01 00:00:00,1681.24,1701.53,1676.75,1677.62
1769911200,2026-02-01 02:00:00,1677.95,1701.65,1670.05,1675.99
1769918400,2026-02-01 04:00:00,1675.99,1700.67,1674.05,1689.48
1769925600,2026-02-01 06:00:00,1689.53,1705.37,1668.08,1703.65
1769932800,2026-02-01 08:00:00,1703.91,1712.11,1677.02,1702
1769940000,2026-02-01 10:00:00,1702.5,1716.04,1686.95,1693.41
1769947200,2026-02-01 12:00:00,1693.69,1697.8,1661.47,1664.73
1769954400,2026-02-01 14:00:00,1664.44,1666.07,1604.24,1606.48
1769961600,2026-02-01 16:00:00,1606.34,1616.09,1595.08,1602.16
1769968800,2026-02-01 18:00:00,1602.08,1622.95,1600.67,1621.69
1769976000,2026-02-01 20:00:00,1621.87,1625.15,1596.71,1615.04
1769983200,2026-02-01 22:00:00,1614.84,1639.1,1600.64,1624.72
1769990400,2026-02-02 00:00:00,1624.5,1624.5,1593.06,1602.47
1769997600,2026-02-02 02:00:00,1602.57,1628.47,1587.17,1614.91
1770004800,2026-02-02 04:00:00,1615.04,1649.72,1614.5,1645.69
1770012000,2026-02-02 06:00:00,1645.48,1655.85,1610.49,1615.97
1770019200,2026-02-02 08:00:00,1615.76,1627.13,1605.77,1611.63
1770026400,2026-02-02 10:00:00,1611.99,1658.65,1598.31,1644.44
1770033600,2026-02-02 12:00:00,1644.62,1655.95,1628.81,1635.29
1770040800,2026-02-02 14:00:00,1635.27,1687.45,1630.85,1685.57
1770048000,2026-02-02 16:00:00,1685.23,1692.64,1651.94,1654.15
1770055200,2026-02-02 18:00:00,1654.46,1690.25,1651.59,1674.06
1770062400,2026-02-02 20:00:00,1673.84,1680.96,1654.99,1673.11
1770069600,2026-02-02 22:00:00,1673.4,1675.91,1645.24,1661.68
1770076800,2026-02-03 00:00:00,1661.64,1695.02,1660.76,1677.7
1770084000,2026-02-03 02:00:00,1677.7,1686.5,1655.28,1662.12
1770091200,2026-02-03 04:00:00,1661.86,1701.25,1651.92,1692.5
1770098400,2026-02-03 06:00:00,1692.81,1720.2,1686.35,1700.72
1770105600,2026-02-03 08:00:00,1700.4,1707.86,1668.76,1685.04
1770112800,2026-02-03 10:00:00,1684.77,1708.32,1673.21,1691.45
1770120000,2026-02-03 12:00:00,1691.35,1751.52,1687.12,1742.1
1770127200,2026-02-03 14:00:00,1742.25,1742.44,1689.75,1700.31
1770134400,2026-02-03 16:00:00,1700.15,1730.26,1696.3,1729.67
1770141600,2026-02-03 18:00:00,1729.75,1733.29,1690.07,1694.73
1770148800,2026-02-03 20:00:00,1693.86,1710.83,1662.41,1706.33
1770156000,2026-02-03 22:00:00,1705.95,1718.72,1675.65,1689.23
1770163200,2026-02-04 00:00:00,1689.31,1698.52,1658.96,1677.89
1770170400,2026-02-04 02:00:00,1677.2,1713.22,1675.76,1705.28
1770177600,2026-02-04 04:00:00,1705.42,1722.73,1692.03,1700.69
1770184800,2026-02-04 06:00:00,1700.48,1731.96,1697.59,1727.33
1770192000,2026-02-04 08:00:00,1727.38,1729.76,1699.61,1724.01
1770199200,2026-02-04 10:00:00,1723.74,1749.88,1717.76,1726.99
1770206400,2026-02-04 12:00:00,1726.73,1785.12,1720.12,1783.4
1770213600,2026-02-04 14:00:00,1783.75,1784.22,1733.31,1738.66
1770220800,2026-02-04 16:00:00,1738.89,1782.57,1730.64,1780.32
1770228000,2026-02-04 18:00:00,1780.58,1791.86,1719.61,1733.89
1770235200,2026-02-04 20:00:00,1734.08,1735.88,1694.62,1702.36
1770242400,2026-02-04 22:00:00,1702.05,1746.36,1693.73,1719.44
1770249600,2026-02-05 00:00:00,1719.37,1746.04,1703.84,1730.14
1770256800,2026-02-05 02:00:00,1730.15,1735,1695.63,1705.52
1770264000,2026-02-05 04:00:00,1705.15,1727.67,1698.17,1719.23
1770271200,2026-02-05 06:00:00,1719.49,1735.28,1710.74,1729.98
1770278400,2026-02-05 08:00:00,1730.37,1740.92,1710.52,1711.48
1770285600,2026-02-05 10:00:00,1710.78,1715.86,1666.63,1675.95
1770292800,2026-02-05 12:00:00,1675.95,1683.1,1659.91,1683.1
1770300000,2026-02-05 14:00:00,1683.49,1697.93,1670.79,1684.69
1770307200,2026-02-05 16:00:00,1684.6,1733.45,1684.26,1713.04
1770314400,2026-02-05 18:00:00,1712.77,1729.86,1702.6,1714.32
1770321600,2026-02-05 20:00:00,1713.85,1730.47,1706.71,1716.88
1770328800,2026-02-05 22:00:00,1716.7,1735.67,1692.27,1727.41
1770336000,2026-02-06 00:00:00,1727.3,1749.7,1719.99,1748.5
1770343200,2026-02-06 02:00:00,1748.49,1783.17,1728.73,1763.09
1770350400,2026-02-06 04:00:00,1762.83,1767.32,1714.83,1741.46
1770357600,2026-02-06 06:00:00,1741.79,1746.94,1692.86,1707.14
1770364800,2026-02-06 08:00:00,1707.01,1744.22,1703.67,1741.74
1770372000,2026-02-06 10:00:00,1741.84,1761.41,1724.64,1758.3
1770379200,2026-02-06 12:00:00,1758.21,1795.07,1737.3,1787.43
1770386400,2026-02-06 14:00:00,1787.6,1827.56,1785.76,1799.46
1770393600,2026-02-06 16:00:00,1799.69,1805.73,1777.24,1778.38
1770400800,2026-02-06 18:00:00,1778.74,1813.19,1764.66,1803.5
1770408000,2026-02-06 20:00:00,1803.03,1806.38,1753.33,1775.08
1770415200,2026-02-06 22:00:00,1775.19,1800.12,1763.04,1781.97
1770422400,2026-02-07 00:00:00,1781.38,1837.5,1766.67,1818.95
1770429600,2026-02-07 02:00:00,1818.79,1820.21,1769.2,1779.58
1770436800,2026-02-07 04:00:00,1779.95,1797.14,1759.77,1774.42
1770444000,2026-02-07 06:00:00,1774.35,1793.82,1769.61,1785.14
1770451200,2026-02-07 08:00:00,1784.68,1820.29,1781.24,1792.11
1770458400,2026-02-07 10:00:00,1792.49,1802.84,1758.88,1788.03
1770465600,2026-02-07 12:00:00,1787.76,1801.9,1735.55,1768.95
1770472800,2026-02-07 14:00:00,1768.69,1792.57,1754.8,1781.29
1770480000,2026-02-07 16:00:00,1781.54,1809.28,1772.71,1797.25
1770487200,2026-02-07 18:00:00,1797,1816.85,1755.52,1766.28
1770494400,2026-02-07 20:00:00,1765.71,1806.52,1758.29,1763.59
1770501600,2026-02-07 22:00:00,1763.58,1764.78,1732.81,1744.05
1770508800,2026-02-08 00:00:00,1743.94,1756.44,1706.34,1738.28
1770516000,2026-02-08 02:00:00,1737.8,1753.36,1699.29,1742.69
1770523200,2026-02-08 04:00:00,1742.29,1790.13,1737.31,1782.21
1770530400,2026-02-08 06:00:00,1782.19,1786.39,1760.82,1772.78
1770537600,2026-02-08 08:00:00,1772.57,1799.38,1767.14,1769.45
1770544800,2026-02-08 10:00:00,1769.13,1772.1,1724.91,1738.24
1770552000,2026-02-08 12:00:00,1738.1,1799.89,1737.29,1761.62
1770559200,2026-02-08 14:00:00,1762,1779.13,1748.28,1753.6
1770566400,2026-02-08 16:00:00,1753.63,1803.33,1750.16,1792.17
1770573600,2026-02-08 18:00:00,1791.97,1838.21,1787.5,1824.51
1770580800,2026-02-08 20:00:00,1824.4,1829.64,1784.15,1802.59
1770588000,2026-02-08 22:00:00,1802.31,1802.33,1761.35,1764.61
1770595200,2026-02-09 00:00:00,1764.31,1786.76,1747.41,1764.23
1770602400,2026-02-09 02:00:00,1763.93,1789.53,1749.67,1775.3
1770609600,2026-02-09 04:00:00,1774.69,1781.13,1738.33,1743.24
1770616800,2026-02-09 06:00:00,1742.58,1765.06,1728.68,1761.74
1770624000,2026-02-09 08:00:00,1761.73,1795.51,1754.35,1792.64
1770631200,2026-02-09 10:00:00,1792.8,1817.53,1778.54,1798.43
1770638400,2026-02-09 12:00:00,1798.36,1800.82,1763.82,1768.03
1770645600,2026-02-09 14:00:00,1767.86,1805.48,1754.65,1759.8
1770652800,2026-02-09 16:00:00,1759.23,1768.7,1734.96,1744.91
1770660000,2026-02-09 18:00:00,1744.95,1758.71,1708.42,1718.46
1770667200,2026-02-09 20:00:00,1718.63,1725.45,1689.47,1706.66
1770674400,2026-02-09 22:00:00,1706.53,1722.51,1686.53,1719.2
1770681600,2026-02-10 00:00:00,1719.1,1723.71,1701.89,1711.55
1770688800,2026-02-10 02:00:00,1711.28,1732.27,1671.93,1680.59
1770696000,2026-02-10 04:00:00,1680.39,1734.12,1676.9,1733.13
1770703200,2026-02-10 06:00:00,1732.95,1754.11,1703.17,1754.11
1770710400,2026-02-10 08:00:00,1754.15,1759.06,1732.23,1747.21
1770717600,2026-02-10 10:00:00,1747.56,1771.08,1743.4,1756.62
1770724800,2026-02-10 12:00:00,1757.14,1771.29,1744.51,1759.39
1770732000,2026-02-10 14:00:00,1759.26,1789.08,1756.61,1773.03
1770739200,2026-02-10 16:00:00,1772.55,1815.51,1769.3,1797.59
1770746400,2026-02-10 18:00:00,1797.3,1841.08,1791.61,1794.15
1770753600,2026-02-10 20:00:00,1794.44,1811.24,1781.4,1808.61
1770760800,2026-02-10 22:00:00,1808.2,1831.59,1801.23,1828.11
1770768000,2026-02-11 00:00:00,1828.69,1833.61,1767.08,1799.43
1770775200,2026-02-11 02:00:00,1799.47,1840.41,1788.65,1831.3
1770782400,2026-02-11 04:00:00,1831.57,1836.13,1786.07,1792.89
1770789600,2026-02-11 06:00:00,1793.15,1800.3,1771.18,1797.95
1770796800,2026-02-11 08:00:00,1797.94,1832.58,1767.86,1785.86
1770804000,2026-02-11 10:00:00,1785.72,1797.43,1764.75,1781.95
1770811200,2026-02-11 12:00:00,1781.77,1805.52,1754.53,1757.58
1770818400,2026-02-11 14:00:00,1757.7,1762.79,1699.79,1714.12
1770825600,2026-02-11 16:00:00,1714.65,1716.66,1655.85,1665.73
1770832800,2026-02-11 18:00:00,1665.69,1671.28,1632.7,1644.26
1770840000,2026-02-11 20:00:00,1644.27,1664.2,1640.02,1649.33
1770847200,2026-02-11 22:00:00,1649.38,1679.61,1647.41,1666.66
1770854400,2026-02-12 00:00:00,1666.54,1677.26,1637.02,1662.2
1770861600,2026-02-12 02:00:00,1662.46,1666.84,1627.55,1635.25
1770868800,2026-02-12 04:00:00,1635.09,1665.76,1630.66,1647.01
1770876000,2026-02-12 06:00:00,1646.84,1655.51,1614.56,1630.05
1770883200,2026-02-12 08:00:00,1629.63,1651.1,1624.55,1641.12
1770890400,2026-02-12 10:00:00,1641.47,1650.87,1615.1,1622.59
1770897600,2026-02-12 12:00:00,1622.36,1667.05,1622.06,1660.21
1770904800,2026-02-12 14:00:00,1660.48,1664.51,1634.67,1641.76
1770912000,2026-02-12 16:00:00,1641.58,1652.9,1625.34,1633.59
1770919200,2026-02-12 18:00:00,1633.66,1686.74,1629.15,1679.05
1770926400,2026-02-12 20:00:00,1679,1689.22,1648.73,1651.53
1770933600,2026-02-12 22:00:00,1651.53,1666.83,1628.55,1630.53
1770940800,2026-02-13 00:00:00,1629.79,1651.95,1618.19,1640.53
1770948000,2026-02-13 02:00:00,1640.45,1683.61,1632.54,1655.08
1770955200,2026-02-13 04:00:00,1654.94,1687.4,1649.44,1684.77
1770962400,2026-02-13 06:00:00,1685.04,1687.82,1646.52,1652.59
1770969600,2026-02-13 08:00:00,1652.08,1686.01,1645.05,1676.41
1770976800,2026-02-13 10:00:00,1676.45,1682.31,1634.92,1638.08
1770984000,2026-02-13 12:00:00,1637.99,1661.89,1614.25,1656.8
1770991200,2026-02-13 14:00:00,1656.3,1697.86,1655.18,1690.71
1770998400,2026-02-13 16:00:00,1690.51,1695.79,1638.65,1675.76
1771005600,2026-02-13 18:00:00,1675.39,1682.7,1599.44,1600.87
1771012800,2026-02-13 20:00:00,1601.5,1627.64,1587.53,1616.97
1771020000,2026-02-13 22:00:00,1616.76,1671.21,1606.33,1664.9
1771027200,2026-02-14 00:00:00,1665.28,1672.98,1629.79,1641.02
1771034400,2026-02-14 02:00:00,1641.08,1666.52,1628.58,1661.55
1771041600,2026-02-14 04:00:00,1661.87,1688.06,1660.25,1675.52
1771048800,2026-02-14 06:00:00,1675.16,1696.44,1672.28,1675.83
1771056000,2026-02-14 08:00:00,1676.49,1685.38,1662.38,1669.43
1771063200,2026-02-14 10:00:00,1669.41,1692.35,1664.52,1681.35
1771070400,2026-02-14 12:00:00,1681.41,1734.5,1670.91,1734.5
1771077600,2026-02-14 14:00:00,1734.21,1743.91,1708.97,1722.25
1771084800,2026-02-14 16:00:00,1722.31,1759.06,1721,1733.93
1771092000,2026-02-14 18:00:00,1733.84,1762.01,1720.96,1757.4
1771099200,2026-02-14 20:00:00,1757.64,1795.97,1751.7,1756.99
1771106400,2026-02-14 22:00:00,1757.32,1780.51,1739.04,1746.42
1771113600,2026-02-15 00:00:00,1746.46,1757.41,1686.77,1693.36
1771120800,2026-02-15 02:00:00,1693.52,1706.53,1668.38,1670.65
1771128000,2026-02-15 04:00:00,1670.39,1670.98,1617.17,1627.13
1771135200,2026-02-15 06:00:00,1627.07,1637.45,1614.59,1626.96
1771142400,2026-02-15 08:00:00,1627.19,1671.73,1626.07,1661.75
1771149600,2026-02-15 10:00:00,1662.03,1664.21,1607.62,1614.86
1771156800,2026-02-15 12:00:00,1614.94,1639.17,1614.27,1622.6
1771164000,2026-02-15 14:00:00,1622.44,1637.13,1592.92,1620.83
1771171200,2026-02-15 16:00:00,1620.85,1627.13,1569.57,1578.25
1771178400,2026-02-15 18:00:00,1578.37,1590.08,1560.18,1583.72
1771185600,2026-02-15 20:00:00,1583.83,1597.41,1572.13,1577.87
1771192800,2026-02-15 22:00:00,1577.8,1588.92,1565.46,1588.36
1771200000,2026-02-16 00:00:00,1588.21,1600.53,1576.32,1588.35
1771207200,2026-02-16 02:00:00,1588.7,1591.28,1570.72,1583.34
1771214400,2026-02-16 04:00:00,1582.62,1600.07,1565.17,1588.03
1771221600,2026-02-16 06:00:00,1588.13,1614.61,1586.83,1608.27
1771228800,2026-02-16 08:00:00,1608.68,1649.75,1602.28,1635.3
1771236000,2026-02-16 10:00:00,1635.12,1654.72,1632.67,1637.39
1771243200,2026-02-16 12:00:00,1637.63,1644.66,1594.42,1605.17
1771250400,2026-02-16 14:00:00,1605.33,1650.44,1604.14,1646.9
1771257600,2026-02-16 16:00:00,1646.64,1646.88,1595.06,1608.95
1771264800,2026-02-16 18:00:00,1608.93,1612.71,1577.11,1593.61
1771272000,2026-02-16 20:00:00,1594.04,1609.87,1581.32,1601.15
1771279200,2026-02-16 22:00:00,1601.12,1647.4,1600.67,1642.5
1771286400,2026-02-17 00:00:00,1642.41,1644.13,1593.83,1595.32
1771293600,2026-02-17 02:00:00,1595.18,1604.02,1576.35,1589.78
1771300800,2026-02-17 04:00:00,1589.53,1605.29,1576.49,1594.74
1771308000,2026-02-17 06:00:00,1594.83,1611.79,1581.17,1592.08
1771315200,2026-02-17 08:00:00,1591.94,1604.65,1581.63,1588.88
1771322400,2026-02-17 10:00:00,1589.06,1600.84,1577.84,1598.47
1771329600,2026-02-17 12:00:00,1598.54,1615.94,1582.53,1600.3
1771336800,2026-02-17 14:00:00,1599.98,1608.45,1584.18,1601.96
1771344000,2026-02-17 16:00:00,1601.94,1631.63,1599.26,1617.2
1771351200,2026-02-17 18:00:00,1617.97,1631.32,1587.09,1594.9
1771358400,2026-02-17 20:00:00,1594.38,1596.88,1564.85,1576.72
1771365600,2026-02-17 22:00:00,1575.62,1589.49,1560.36,1583.51
1771372800,2026-02-18 00:00:00,1583.48,1598.58,1570.84,1583.83
1771380000,2026-02-18 02:00:00,1584.12,1636.69,1581.54,1600.49
1771387200,2026-02-18 04:00:00,1600.73,1613.12,1570.77,1590.28
1771394400,2026-02-18 06:00:00,1590.29,1607.78,1583.77,1591.75
1771401600,2026-02-18 08:00:00,1591.82,1606.76,1557.74,1605.32
1771408800,2026-02-18 10:00:00,1605.35,1621.09,1595.42,1618.05
1771416000,2026-02-18 12:00:00,1617.5,1646.47,1604.42,1618.51
1771423200,2026-02-18 14:00:00,1618.54,1626.56,1598.55,1624.49
1771430400,2026-02-18 16:00:00,1624.1,1639.37,1619.43,1637.16
1771437600,2026-02-18 18:00:00,1637.07,1638.94,1587.55,1593.8
1771444800,2026-02-18 20:00:00,1594,1622.34,1581.21,1614.39
1771452000,2026-02-18 22:00:00,1614.19,1623.93,1586.68,1590.01
1771459200,2026-02-19 00:00:00,1589.98,1590.29,1556.84,1574.82
1771466400,2026-02-19 02:00:00,1575.23,1579.44,1550.01,1557.33
1771473600,2026-02-19 04:00:00,1557.28,1569.1,1535.5,1549.63
1771480800,2026-02-19 06:00:00,1549.81,1573.93,1542.82,1569.95
1771488000,2026-02-19 08:00:00,1569.78,1585.65,1558.96,1573.27
1771495200,2026-02-19 10:00:00,1573.4,1589.09,1557.49,1577
1771502400,2026-02-19 12:00:00,1576.62,1579.2,1520.36,1547.97
1771509600,2026-02-19 14:00:00,1548.26,1556.57,1513.94,1529.81
1771516800,2026-02-19 16:00:00,1529.75,1545.17,1514.69,1521.53
1771524000,2026-02-19 18:00:00,1521.02,1538.22,1502.39,1529.65
1771531200,2026-02-19 20:00:00,1529.94,1544.15,1506.86,1526.28
1771538400,2026-02-19 22:00:00,1526.55,1546.98,1517.69,1530.62
1771545600,2026-02-20 00:00:00,1530.28,1541.81,1488.9,1492.73
1771552800,2026-02-20 02:00:00,1492.25,1505.53,1476.02,1497.24
1771560000,2026-02-20 04:00:00,1497.18,1507.01,1483.43,1487
1771567200,2026-02-20 06:00:00,1487.33,1512.56,1481.41,1506.86
1771574400,2026-02-20 08:00:00,1506.67,1525.71,1500.45,1507.91
1771581600,2026-02-20 10:00:00,1508.2,1534.92,1496.59,1511.04
1771588800,2026-02-20 12:00:00,1511.09,1535.12,1497.6,1499.48
1771596000,2026-02-20 14:00:00,1500.1,1538.21,1486.68,1519.17
1771603200,2026-02-20 16:00:00,1519.06,1576.39,1515.34,1566.78
1771610400,2026-02-20 18:00:00,1566.44,1587.82,1559.97,1577.3
1771617600,2026-02-20 20:00:00,1576.89,1607.93,1566.02,1605.69
1771624800,2026-02-20 22:00:00,1605.56,1613.49,1583.94,1590.35
1771632000,2026-02-21 00:00:00,1590.02,1590.36,1552.82,1580.97
1771639200,2026-02-21 02:00:00,1580.67,1596.69,1577.29,1591.4
1771646400,2026-02-21 04:00:00,1591.41,1640.48,1589.05,1624.49
1771653600,2026-02-21 06:00:00,1624.69,1643.85,1612.57,1640.85
1771660800,2026-02-21 08:00:00,1641.01,1653.98,1614.06,1621.78
1771668000,2026-02-21 10:00:00,1621.73,1636.26,1599.95,1601.75
1771675200,2026-02-21 12:00:00,1601.52,1624.26,1595.39,1605.75
1771682400,2026-02-21 14:00:00,1606.17,1611.72,1578.38,1591.61
1771689600,2026-02-21 16:00:00,1591.69,1593.88,1532.45,1533.57
1771696800,2026-02-21 18:00:00,1533.39,1536.64,1503.82,1525.77
1771704000,2026-02-21 20:00:00,1525.9,1535.93,1497.89,1501.84
1771711200,2026-02-21 22:00:00,1501.88,1510.59,1474.69,1475.39
1771718400,2026-02-22 00:00:00,1475.59,1476.04,1441.68,1457.19
1771725600,2026-02-22 02:00:00,1457.44,1486.4,1448.9,1452.52
1771732800,2026-02-22 04:00:00,1452.38,1491.84,1434.38,1490.87
1771740000,2026-02-22 06:00:00,1490.69,1526.93,1489.3,1524.91
1771747200,2026-02-22 08:00:00,1524.96,1542.23,1487.92,1494.81
1771754400,2026-02-22 10:00:00,1494.67,1505.85,1485.95,1500.31
1771761600,2026-02-22 12:00:00,1500.43,1511.56,1459.74,1460.93
1771768800,2026-02-22 14:00:00,1460.72,1475.16,1436.45,1473.82
1771776000,2026-02-22 16:00:00,1473.83,1509.48,1467.94,1505.42
1771783200,2026-02-22 18:00:00,1505.18,1539.19,1502.18,1535.27
1771790400,2026-02-22 20:00:00,1535.23,1553.55,1509.21,1550.74
1771797600,2026-02-22 22:00:00,1550.98,1551.24,1489.67,1489.67
1771804800,2026-02-23 00:00:00,1490,1523.1,1482.57,1503.42
1771812000,2026-02-23 02:00:00,1503.31,1542.87,1497.13,1534.09
1771819200,2026-02-23 04:00:00,1534.26,1538.84,1492.11,1511
1771826400,2026-02-23 06:00:00,1511.41,1544.3,1506.01,1535.24
1771833600,2026-02-23 08:00:00,1535.09,1547.39,1506.18,1544.03
1771840800,2026-02-23 10:00:00,1543.93,1555.98,1529.01,1538.41
1771848000,2026-02-23 12:00:00,1538.68,1557.14,1525.8,1551.96
1771855200,2026-02-23 14:00:00,1551.7,1568.74,1543.42,1551.73
1771862400,2026-02-23 16:00:00,1551.95,1586.65,1540.77,1572.46
1771869600,2026-02-23 18:00:00,1572.19,1572.34,1532.48,1538.33
1771876800,2026-02-23 20:00:00,1538.04,1546.9,1520.77,1545.65
1771884000,2026-02-23 22:00:00,1545.74,1551.07,1510.37,1520.58
1771891200,2026-02-24 00:00:00,1521.02,1538.83,1515.64,1537.46
1771898400,2026-02-24 02:00:00,1537.26,1555.83,1513.34,1514.48
1771905600,2026-02-24 04:00:00,1514.13,1532.14,1509.49,1517.44
1771912800,2026-02-24 06:00:00,1517.68,1537.87,1502.7,1529.76
1771920000,2026-02-24 08:00:00,1529.78,1543.87,1512.39,1523.23
1771927200,2026-02-24 10:00:00,1523.29,1532.68,1498.2,1498.62
1771934400,2026-02-24 12:00:00,1498.97,1517.87,1483.75,1506.72
1771941600,2026-02-24 14:00:00,1506.62,1537.21,1505.02,1535.24
1771948800,2026-02-24 16:00:00,1534.93,1536.93,1518.43,1522.6
1771956000,2026-02-24 18:00:00,1522.87,1532.33,1508.72,1522.4
1771963200,2026-02-24 20:00:00,1522.04,1538.55,1501.13,1538.19
1771970400,2026-02-24 22:00:00,1537.78,1538.25,1493.41,1503.08
1771977600,2026-02-25 00:00:00,1503.64,1509.84,1486.05,1487.4
1771984800,2026-02-25 02:00:00,1487.8,1497.18,1464.59,1466.21
1771992000,2026-02-25 04:00:00,1466.23,1499.17,1464.06,1496.85
1771999200,2026-02-25 06:00:00,1496.81,1522.11,1481.1,1519.14
1772006400,2026-02-25 08:00:00,1519.62,1530.46,1501.1,1511.61
1772013600,2026-02-25 10:00:00,1511.84,1516.99,1492.35,1495.1
1772020800,2026-02-25 12:00:00,1495.74,1501.66,1472.23,1487.34
1772028000,2026-02-25 14:00:00,1487.39,1493.03,1470.9,1476.13
1772035200,2026-02-25 16:00:00,1476.7,1517.88,1474.12,1508.18
1772042400,2026-02-25 18:00:00,1508.41,1535.47,1498.29,1527.58
1772049600,2026-02-25 20:00:00,1527.13,1532.45,1483.44,1501.1
1772056800,2026-02-25 22:00:00,1500.89,1515.24,1490.57,1504.72
1772064000,2026-02-26 00:00:00,1504.56,1522.71,1490.44,1505.77
1772071200,2026-02-26 02:00:00,1505.68,1506.16,1472.4,1476.61
1772078400,2026-02-26 04:00:00,1476.48,1499.01,1462.3,1484.54
1772085600,2026-02-26 06:00:00,1484.83,1523.62,1483.08,1517.91
1772092800,2026-02-26 08:00:00,1517.87,1539.99,1510.59,1514.21
1772100000,2026-02-26 10:00:00,1514.41,1526.2,1503.78,1512
1772107200,2026-02-26 12:00:00,1511.86,1526.79,1502.28,1518.85
1772114400,2026-02-26 14:00:00,1518.29,1540.11,1507.6,1511.84
1772121600,2026-02-26 16:00:00,1511.71,1560.1,1504.43,1544.43
1772128800,2026-02-26 18:00:00,1544.38,1551.69,1512.65,1518.3
1772136000,2026-02-26 20:00:00,1518.69,1529.1,1500.55,1509.01
1772143200,2026-02-26 22:00:00,1509.76,1532.65,1501.83,1523.14
1772150400,2026-02-27 00:00:00,1523.39,1535.44,1485.54,1503.18
1772157600,2026-02-27 02:00:00,1503.6,1553.41,1500.12,1550.32
1772164800,2026-02-27 04:00:00,1550.39,1573.99,1546.94,1562.02
1772172000,2026-02-27 06:00:00,1562.31,1575.06,1545.03,1563.35
1772179200,2026-02-27 08:00:00,1563.35,1578.74,1543.56,1547.1
1772186400,2026-02-27 10:00:00,1546.79,1559.59,1536.7,1552.1
1772193600,2026-02-27 12:00:00,1551.91,1556.28,1514.81,1522.88
1772200800,2026-02-27 14:00:00,1522.49,1558.25,1512.07,1548.69
1772208000,2026-02-27 16:00:00,1548.77,1571.61,1543.69,1554.57
1772215200,2026-02-27 18:00:00,1554.63,1556.73,1505.37,1511.05
1772222400,2026-02-27 20:00:00,1511.09,1527.36,1492.05,1495.49
1772229600,2026-02-27 22:00:00,1495.51,1516.36,1486.28,1489.35
1772236800,2026-02-28 00:00:00,1489.26,1493.86,1460.45,1472.83
1772244000,2026-02-28 02:00:00,1473.2,1506.45,1465.2,1500.47
1772251200,2026-02-28 04:00:00,1500.39,1526.39,1496.1,1514.79
1772258400,2026-02-28 06:00:00,1514.55,1530.61,1494.04,1522.94
1772265600,2026-02-28 08:00:00,1523.04,1583.65,1514.16,1582.43
1772272800,2026-02-28 10:00:00,1582.29,1622.95,1575.58,1617.98
1772280000,2026-02-28 12:00:00,1618.12,1620.44,1589.03,1599.56
1772287200,2026-02-28 14:00:00,1599.69,1616.79,1579.59,1608.91
1772294400,2026-02-28 16:00:00,1609.03,1615.6,1587.03,1591.24
1772301600,2026-02-28 18:00:00,1590.55,1597.61,1571.67,1587.98
1772308800,2026-02-28 20:00:00,1587.98,1628.3,1585.36,1623.03
1772316000,2026-02-28 22:00:00,1622.92,1623.62,1568.76,1574.81
1772323200,2026-03-01 00:00:00,1574.61,1581.08,1551.25,1562.76
1772330400,2026-03-01 02:00:00,1562.87,1587.07,1562.32,1570.6
1772337600,2026-03-01 04:00:00,1570.72,1578.17,1550.54,1566.56
1772344800,2026-03-01 06:00:00,1566.36,1573.4,1552.9,1564.69
1772352000,2026-03-01 08:00:00,1564.85,1579.86,1542.08,1579.14
1772359200,2026-03-01 10:00:00,1579.34,1618.79,1579.34,1615.97
1772366400,2026-03-01 12:00:00,1616.5,1651.65,1602.63,1637.2
1772373600,2026-03-01 14:00:00,1637.09,1642.97,1600.61,1600.81
1772380800,2026-03-01 16:00:00,1601.6,1623.29,1585.52,1599.15
1772388000,2026-03-01 18:00:00,1599.04,1606.35,1565.96,1570.21
1772395200,2026-03-01 20:00:00,1569.96,1583.47,1530.43,1534.24
1772402400,2026-03-01 22:00:00,1534.53,1579.18,1531.25,1576.43
1772409600,2026-03-02 00:00:00,1576.83,1587.99,1554.42,1561.14
1772416800,2026-03-02 02:00:00,1561.21,1568.19,1535.8,1556.14
1772424000,2026-03-02 04:00:00,1556.06,1561.23,1513.21,1514.14
1772431200,2026-03-02 06:00:00,1514.1,1521.85,1495.7,1512.99
1772438400,2026-03-02 08:00:00,1512.97,1549.19,1509.93,1522.82
1772445600,2026-03-02 10:00:00,1522.78,1547.17,1521.7,1543.14
1772452800,2026-03-02 12:00:00,1543.1,1574.93,1533.22,1559.79
1772460000,2026-03-02 14:00:00,1559.7,1578.4,1528.96,1541.53
1772467200,2026-03-02 16:00:00,1541.46,1567.77,1532.85,1564.99
1772474400,2026-03-02 18:00:00,1565,1576.76,1553.66,1557.2
1772481600,2026-03-02 20:00:00,1557.81,1574.22,1546.41,1550.33
1772488800,2026-03-02 22:00:00,1550.5,1556.89,1516.12,1517.69
1772496000,2026-03-03 00:00:00,1517.49,1526.85,1498.57,1525.85
1772503200,2026-03-03 02:00:00,1525.71,1535.98,1510.62,1526.92
1772510400,2026-03-03 04:00:00,1526.93,1538.69,1513.99,1525.92
1772517600,2026-03-03 06:00:00,1526.28,1539.46,1509.27,1509.69
1772524800,2026-03-03 08:00:00,1509.84,1542.46,1509.43,1515.17
1772532000,2026-03-03 10:00:00,1515.14,1523.04,1493.46,1513.85
1772539200,2026-03-03 12:00:00,1514.28,1514.71,1468.85,1482.97
1772546400,2026-03-03 14:00:00,1483.05,1508.52,1464.98,1490.09
1772553600,2026-03-03 16:00:00,1490.32,1508.04,1480.04,1504.97
1772560800,2026-03-03 18:00:00,1505.36,1532.47,1498.07,1502.7
1772568000,2026-03-03 20:00:00,1502.43,1507.92,1480.32,1490.65
1772575200,2026-03-03 22:00:00,1490.95,1493.24,1451.76,1469.89
1772582400,2026-03-04 00:00:00,1469.69,1473.43,1442.36,1442.9
1772589600,2026-03-04 02:00:00,1442.9,1443.44,1408.38,1408.5
1772596800,2026-03-04 04:00:00,1408.41,1431,1406.43,1429.01
1772604000,2026-03-04 06:00:00,1429.26,1449.6,1412.14,1427.33
1772611200,2026-03-04 08:00:00,1427.04,1454.68,1414.97,1431.79
1772618400,2026-03-04 10:00:00,1432.05,1440.5,1421.01,1424.98
1772625600,2026-03-04 12:00:00,1425.04,1454.65,1423.65,1446.48
1772632800,2026-03-04 14:00:00,1446.4,1466.91,1434.59,1465.52
1772640000,2026-03-04 16:00:00,1465.62,1477.32,1441.47,1446.87
1772647200,2026-03-04 18:00:00,1447.06,1452.8,1422.13,1439.27
1772654400,2026-03-04 20:00:00,1439.04,1441.86,1399.46,1410.23
1772661600,2026-03-04 22:00:00,1410.17,1443.05,1409.62,1429.41
1772668800,2026-03-05 00:00:00,1429.2,1449.3,1422.15,1433.11
1772676000,2026-03-05 02:00:00,1433.08,1439.41,1415.16,1422.85
1772683200,2026-03-05 04:00:00,1422.64,1463.31,1416.06,1442.89
1772690400,2026-03-05 06:00:00,1442.85,1456.8,1402.39,1403.03
1772697600,2026-03-05 08:00:00,1403.14,1438.44,1403.14,1415.28
1772704800,2026-03-05 10:00:00,1415.03,1451.47,1414.27,1425.51
1772712000,2026-03-05 12:00:00,1425.46,1431.3,1398.26,1407.35
1772719200,2026-03-05 14:00:00,1407.12,1434.46,1406.23,1421.56
1772726400,2026-03-05 16:00:00,1421.29,1444.14,1420.07,1429.7
1772733600,2026-03-05 18:00:00,1429.69,1459.98,1417.34,1417.76
1772740800,2026-03-05 20:00:00,1417.64,1420.78,1383.68,1386.23
1772748000,2026-03-05 22:00:00,1386.2,1449.78,1385.48,1418.88
1772755200,2026-03-06 00:00:00,1418.68,1421.29,1393.66,1394.81
1772762400,2026-03-06 02:00:00,1394.75,1397.48,1376.64,1380.85
1772769600,2026-03-06 04:00:00,1380.5,1389.92,1350.15,1356.07
1772776800,2026-03-06 06:00:00,1355.97,1376,1351.63,1363.28
1772784000,2026-03-06 08:00:00,1363.08,1384.27,1361.56,1371.78
1772791200,2026-03-06 10:00:00,1371.53,1378.6,1354.37,1363.62
1772798400,2026-03-06 12:00:00,1363.25,1377.77,1348.35,1353.51
1772805600,2026-03-06 14:00:00,1353.34,1374.06,1347.92,1356.27
1772812800,2026-03-06 16:00:00,1356.5,1379.64,1338.71,1377.57
1772820000,2026-03-06 18:00:00,1377.7,1382.54,1357.17,1360.99
1772827200,2026-03-06 20:00:00,1361.25,1371.63,1338.21,1339.15
1772834400,2026-03-06 22:00:00,1338.98,1351.71,1325.8,1326.88
1772841600,2026-03-07 00:00:00,1327.25,1339.03,1308.05,1335.92
1772848800,2026-03-07 02:00:00,1335.78,1354.9,1328.7,1347.8
1772856000,2026-03-07 04:00:00,1347.95,1362.68,1332.43,1358.88
1772863200,2026-03-07 06:00:00,1358.81,1362.13,1343.28,1344.54
1772870400,2026-03-07 08:00:00,1343.89,1382.99,1341.3,1379.43
1772877600,2026-03-07 10:00:00,1379.8,1402.97,1377.44,1382.88
1772884800,2026-03-07 12:00:00,1382.63,1404.67,1378.37,1387.77
1772892000,2026-03-07 14:00:00,1387.35,1395.79,1365.11,1393.58
1772899200,2026-03-07 16:00:00,1393.84,1418.27,1390.23,1396.98
1772906400,2026-03-07 18:00:00,1397.23,1406.07,1375.85,1388.45
1772913600,2026-03-07 20:00:00,1388.52,1422.95,1386.11,1408.86
1772920800,2026-03-07 22:00:00,1408.65,1432.17,1396.83,1414.8
1772928000,2026-03-08 00:00:00,1415.08,1431.01,1406.18,1422.48
1772935200,2026-03-08 02:00:00,1422.44,1449.79,1418.58,1442.89
1772942400,2026-03-08 04:00:00,1442.72,1464.73,1428.16,1459.91
1772949600,2026-03-08 06:00:00,1459.78,1463.39,1436.55,1448.37
1772956800,2026-03-08 08:00:00,1448.38,1473.42,1444.32,1467.29
1772964000,2026-03-08 10:00:00,1467.57,1501.89,1461.84,1470.28
1772971200,2026-03-08 12:00:00,1470.14,1470.58,1425.79,1428.54
1772978400,2026-03-08 14:00:00,1428.6,1466.66,1418.43,1457.75
1772985600,2026-03-08 16:00:00,1457.9,1479.28,1440.49,1474
1772992800,2026-03-08 18:00:00,1474.01,1488.07,1462.61,1476.83
1773000000,2026-03-08 20:00:00,1476.97,1478.53,1452.67,1473.45
1773007200,2026-03-08 22:00:00,1473.71,1482.48,1458.63,1478.06
1773014400,2026-03-09 00:00:00,1478.32,1483.4,1443.4,1464.3
1773021600,2026-03-09 02:00:00,1464.1,1495.15,1458.34,1493.97
1773028800,2026-03-09 04:00:00,1493.79,1522.81,1477.92,1519.4
1773036000,2026-03-09 06:00:00,1519.58,1531.98,1490.27,1496.61
1773043200,2026-03-09 08:00:00,1496.55,1505.32,1477.35,1482.36
1773050400,2026-03-09 10:00:00,1482.51,1490.62,1473.73,1484.81
1773057600,2026-03-09 12:00:00,1484.42,1546.05,1477.01,1544.91
1773064800,2026-03-09 14:00:00,1544.99,1585.67,1544.57,1585.25
1773072000,2026-03-09 16:00:00,1585.17,1612.51,1581.37,1591.14
1773079200,2026-03-09 18:00:00,1591.53,1622.44,1589.78,1615.93
1773086400,2026-03-09 20:00:00,1616.09,1616.09,1570.74,1572.16
1773093600,2026-03-09 22:00:00,1571.98,1584.81,1556.47,1573.39
1773100800,2026-03-10 00:00:00,1573.33,1613.81,1566.99,1612.92
1773108000,2026-03-10 02:00:00,1613.45,1637.34,1603.54,1604.96
1773115200,2026-03-10 04:00:00,1605.15,1618.8,1589.57,1607.65
1773122400,2026-03-10 06:00:00,1607.68,1609.22,1576.32,1589.57
1773129600,2026-03-10 08:00:00,1589.42,1591.01,1550.97,1553.2
1773136800,2026-03-10 10:00:00,1553.25,1582.65,1551.27,1577.86
1773144000,2026-03-10 12:00:00,1577.51,1582.07,1543.42,1576.23
1773151200,2026-03-10 14:00:00,1575.82,1624.44,1573.22,1611.66
1773158400,2026-03-10 16:00:00,1611.99,1620.69,1578.84,1590.21
1773165600,2026-03-10 18:00:00,1590.51,1601.51,1573.09,1575.29
1773172800,2026-03-10 20:00:00,1575.31,1612.22,1568.43,1601.61
1773180000,2026-03-10 22:00:00,1601.95,1605.18,1577.83,1587.24
1773187200,2026-03-11 00:00:00,1587.28,1627.83,1580.38,1615.79
1773194400,2026-03-11 02:00:00,1616.06,1640.36,1608.49,1627.21
1773201600,2026-03-11 04:00:00,1627.39,1652.36,1621.25,1643.71
1773208800,2026-03-11 06:00:00,1643.54,1698.56,1642.6,1683.45
1773216000,2026-03-11 08:00:00,1683.25,1686.01,1629.46,1638.7
1773223200,2026-03-11 10:00:00,1638.4,1646.35,1615.32,1644.87
1773230400,2026-03-11 12:00:00,1645.44,1679.51,1642.28,1663.67
1773237600,2026-03-11 14:00:00,1663.26,1689.22,1654.17,1687.01
1773244800,2026-03-11 16:00:00,1686.94,1716.83,1681.72,1682.9
1773252000,2026-03-11 18:00:00,1682.43,1714.29,1675.52,1697.82
1773259200,2026-03-11 20:00:00,1697.92,1747.97,1695.82,1716.31
1773266400,2026-03-11 22:00:00,1716.5,1733.46,1703.11,1728.57
1773273600,2026-03-12 00:00:00,1728.54,1764.53,1717.86,1763.73
1773280800,2026-03-12 02:00:00,1763.59,1772.55,1724.98,1751.71
1773288000,2026-03-12 04:00:00,1751.56,1753.08,1705.08,1709.12
1773295200,2026-03-12 06:00:00,1708.99,1738.17,1696.09,1709.33
1773302400,2026-03-12 08:00:00,1708.99,1719.1,1673.79,1699.4
1773309600,2026-03-12 10:00:00,1699.4,1726.19,1687.38,1718.66
1773316800,2026-03-12 12:00:00,1718.63,1733.83,1698.7,1699.32
1773324000,2026-03-12 14:00:00,1699.18,1723.43,1683.87,1693.64
1773331200,2026-03-12 16:00:00,1693.08,1701.52,1671.84,1685.95
1773338400,2026-03-12 18:00:00,1685.7,1687.57,1620.16,1624.42
1773345600,2026-03-12 20:00:00,1624.71,1638.55,1616.09,1630.67
1773352800,2026-03-12 22:00:00,1630.64,1632,1606.58,1617.85
1773360000,2026-03-13 00:00:00,1618.01,1632.41,1606.85,1612.12
1773367200,2026-03-13 02:00:00,1612.52,1629.76,1600.8,1611.75
1773374400,2026-03-13 04:00:00,1611.84,1628.7,1589.55,1606.78
1773381600,2026-03-13 06:00:00,1606.65,1621.2,1585.71,1620.87
1773388800,2026-03-13 08:00:00,1621.32,1630.64,1575.61,1582.73
1773396000,2026-03-13 10:00:00,1582.48,1584.55,1553.56,1572.06
1773403200,2026-03-13 12:00:00,1572.16,1620.14,1570.73,1608.48
1773410400,2026-03-13 14:00:00,1608.52,1640.23,1606.48,1620.27
1773417600,2026-03-13 16:00:00,1620.25,1658.93,1606.73,1645.51
1773424800,2026-03-13 18:00:00,1645.38,1694.43,1643.59,1687.26
1773432000,2026-03-13 20:00:00,1687.57,1687.57,1658.55,1673.91
1773439200,2026-03-13 22:00:00,1673.66,1687.41,1646.66,1651.07
1773446400,2026-03-14 00:00:00,1651.25,1676.32,1640.72,1672.46
1773453600,2026-03-14 02:00:00,1672.85,1697.79,1654.92,1682.79
1773460800,2026-03-14 04:00:00,1682.61,1729.86,1678.94,1729.66
1773468000,2026-03-14 06:00:00,1729.74,1736.1,1695.57,1730.48
1773475200,2026-03-14 08:00:00,1730.21,1731.66,1705.98,1712.99
1773482400,2026-03-14 10:00:00,1713.36,1722.64,1680.55,1683.31
1773489600,2026-03-14 12:00:00,1682.97,1693.98,1634.03,1640.68
1773496800,2026-03-14 14:00:00,1640.49,1662.03,1623.9,1641.56
1773504000,2026-03-14 16:00:00,1641.89,1659.51,1629.51,1631.17
1773511200,2026-03-14 18:00:00,1631.05,1637.82,1576.86,1582.32
1773518400,2026-03-14 20:00:00,1582.19,1612.64,1572.93,1575.65
1773525600,2026-03-14 22:00:00,1575.93,1596.19,1570.97,1591.22
1773532800,2026-03-15 00:00:00,1591.6,1601.56,1561.06,1574.11
1773540000,2026-03-15 02:00:00,1574.08,1575.35,1529.16,1531.86
1773547200,2026-03-15 04:00:00,1531.88,1546.37,1516.79,1523.83
1773554400,2026-03-15 06:00:00,1523.54,1556.62,1510.31,1550.94
1773561600,2026-03-15 08:00:00,1551.08,1554.41,1508.93,1525.52
1773568800,2026-03-15 10:00:00,1525.75,1570.06,1523.77,1559.22
1773576000,2026-03-15 12:00:00,1559.09,1574.88,1549.47,1561.89
1773583200,2026-03-15 14:00:00,1562.2,1613.21,1555.31,1610.77
1773590400,2026-03-15 16:00:00,1610.83,1616.54,1591.02,1610.98
1773597600,2026-03-15 18:00:00,1611.47,1647.94,1582.23,1645.44
1773604800,2026-03-15 20:00:00,1645.34,1649.73,1614.3,1616.48
1773612000,2026-03-15 22:00:00,1616.48,1635.3,1612.01,1626.25
1773619200,2026-03-16 00:00:00,1626.36,1655.85,1614.11,1616.2
1773626400,2026-03-16 02:00:00,1616.55,1631.19,1569.55,1582.88
1773633600,2026-03-16 04:00:00,1583.49,1596.51,1573.11,1590.75
1773640800,2026-03-16 06:00:00,1590.94,1636.59,1579.88,1627.5
1773648000,2026-03-16 08:00:00,1627.54,1659.25,1624.97,1643.55
1773655200,2026-03-16 10:00:00,1643.04,1657.41,1627.6,1645.26
1773662400,2026-03-16 12:00:00,1645.08,1660.63,1618.66,1656.65
1773669600,2026-03-16 14:00:00,1656.21,1708.1,1654.57,1706.44
1773676800,2026-03-16 16:00:00,1706.37,1767.81,1705.78,1760.63
1773684000,2026-03-16 18:00:00,1760.69,1802.76,1745.09,1796.06
1773691200,2026-03-16 20:00:00,1796.25,1809.78,1759.95,1762.36
1773698400,2026-03-16 22:00:00,1762.57,1770.34,1749.93,1762.58
1773705600,2026-03-17 00:00:00,1762.59,1771.08,1744.76,1762.13
1773712800,2026-03-17 02:00:00,1761.84,1767.56,1720.78,1764.11
1773720000,2026-03-17 04:00:00,1764.09,1769.85,1741.92,1757.13
1773727200,2026-03-17 06:00:00,1756.98,1762.46,1719.24,1729.77
1773734400,2026-03-17 08:00:00,1730.04,1743.52,1694.92,1695.05
1773741600,2026-03-17 10:00:00,1694.96,1698.17,1667.65,1677.98
1773748800,2026-03-17 12:00:00,1677.84,1680.74,1650.19,1664.09
1773756000,2026-03-17 14:00:00,1664.58,1717.41,1664.31,1706.94
1773763200,2026-03-17 16:00:00,1706.34,1715.68,1675.17,1690.33
1773770400,2026-03-17 18:00:00,1689.99,1696.53,1647.96,1651.24
1773777600,2026-03-17 20:00:00,1651.25,1654.6,1615.58,1628.68
1773784800,2026-03-17 22:00:00,1628.53,1651.3,1620.02,1648.89
1773792000,2026-03-18 00:00:00,1649.03,1676.79,1633.71,1661.9
1773799200,2026-03-18 02:00:00,1662.25,1684.43,1654.2,1677.96
1773806400,2026-03-18 04:00:00,1678.12,1696.68,1654.09,1662.48
1773813600,2026-03-18 06:00:00,1662.49,1686.08,1657.65,1666.35
1773820800,2026-03-18 08:00:00,1666.21,1680.83,1655.67,1677.32
1773828000,2026-03-18 10:00:00,1677.76,1707.02,1671.88,1706.65
1773835200,2026-03-18 12:00:00,1706.53,1741.01,1700.19,1728.73
1773842400,2026-03-18 14:00:00,1728.74,1737.53,1689.79,1712.13
1773849600,2026-03-18 16:00:00,1711.92,1728.02,1689.61,1708.73
1773856800,2026-03-18 18:00:00,1708.56,1740.23,1701.42,1727.95
1773864000,2026-03-18 20:00:00,1727.98,1740.38,1688.67,1697
1773871200,2026-03-18 22:00:00,1697.11,1720.63,1680.74,1715.75
1773878400,2026-03-19 00:00:00,1715.87,1718.54,1690.22,1690.83
1773885600,2026-03-19 02:00:00,1690.65,1705.01,1654.31,1662.48
1773892800,2026-03-19 04:00:00,1662.86,1685.08,1640.18,1659.7
1773900000,2026-03-19 06:00:00,1660.18,1676.62,1654.28,1659.25
1773907200,2026-03-19 08:00:00,1659.48,1681.63,1651.87,1670.11
1773914400,2026-03-19 10:00:00,1670.44,1696.55,1660.5,1666.71
1773921600,2026-03-19 12:00:00,1666.33,1673.82,1615.23,1618.23
1773928800,2026-03-19 14:00:00,1618.42,1623.64,1585.18,1602.02
1773936000,2026-03-19 16:00:00,1601.92,1628.98,1591.84,1618.98
1773943200,2026-03-19 18:00:00,1619.33,1621.67,1592.56,1611.91
1773950400,2026-03-19 20:00:00,1612.01,1615.33,1588.99,1601.55
1773957600,2026-03-19 22:00:00,1601.94,1643.04,1599.84,1639.05
1773964800,2026-03-20 00:00:00,1639.28,1655.32,1625.98,1644.84
1773972000,2026-03-20 02:00:00,1644.97,1669.48,1631.78,1657.81
1773979200,2026-03-20 04:00:00,1657.79,1677.37,1642.81,1655.55
1773986400,2026-03-20 06:00:00,1655.37,1671.72,1638.63,1660.08
1773993600,2026-03-20 08:00:00,1660.39,1660.48,1613.07,1620.04
1774000800,2026-03-20 10:00:00,1620.51,1674.59,1614.67,1674.59
1774008000,2026-03-20 12:00:00,1674.9,1678.74,1657.06,1665.5
1774015200,2026-03-20 14:00:00,1665.59,1676.33,1639.42,1664.3
1774022400,2026-03-20 16:00:00,1664.34,1680.82,1643.12,1653.05
1774029600,2026-03-20 18:00:00,1653.19,1653.19,1623.11,1632.5
1774036800,2026-03-20 20:00:00,1632.86,1634.87,1593.95,1595.25
1774044000,2026-03-20 22:00:00,1594.82,1620.32,1583.28,1614.59
1774051200,2026-03-21 00:00:00,1614.37,1618.13,1582.46,1582.73
1774058400,2026-03-21 02:00:00,1582.94,1588.03,1524.29,1524.67
1774065600,2026-03-21 04:00:00,1525.07,1551.75,1517.56,1533.21
1774072800,2026-03-21 06:00:00,1533.26,1550.77,1527.95,1545.96
1774080000,2026-03-21 08:00:00,1545.72,1568.93,1536.55,1538.1
1774087200,2026-03-21 10:00:00,1538.15,1562.5,1528.1,1556.17
1774094400,2026-03-21 12:00:00,1556.14,1565.41,1498.23,1507.43
1774101600,2026-03-21 14:00:00,1507.43,1512.62,1487.71,1490.53
1774108800,2026-03-21 16:00:00,1490.62,1514.22,1483.53,1501.34
1774116000,2026-03-21 18:00:00,1501.4,1519.62,1485.94,1501.67
1774123200,2026-03-21 20:00:00,1501.76,1538.86,1493.1,1534.22
1774130400,2026-03-21 22:00:00,1534.26,1542.37,1503.4,1535.16
1774137600,2026-03-22 00:00:00,1535.2,1552.8,1525.98,1528.45
1774144800,2026-03-22 02:00:00,1529.04,1573.45,1526.78,1569.94
1774152000,2026-03-22 04:00:00,1569.95,1581.6,1556.28,1560.55
1774159200,2026-03-22 06:00:00,1560.85,1599.63,1555.16,1579.61
1774166400,2026-03-22 08:00:00,1579.68,1582,1525.74,1529.62
1774173600,2026-03-22 10:00:00,1529.4,1536.77,1503.34,1520.21
1774180800,2026-03-22 12:00:00,1520.3,1523.72,1490.89,1500.51
1774188000,2026-03-22 14:00:00,1500.85,1511.73,1474.35,1478.64
1774195200,2026-03-22 16:00:00,1478.95,1492.69,1444.38,1446.44
1774202400,2026-03-22 18:00:00,1446.07,1457.38,1430.77,1437.82
1774209600,2026-03-22 20:00:00,1437.52,1439.85,1399.69,1414.55
1774216800,2026-03-22 22:00:00,1414.34,1423.88,1388.23,1408.71
1774224000,2026-03-23 00:00:00,1408.75,1408.86,1378.89,1380
1774231200,2026-03-23 02:00:00,1379.98,1392.86,1357.63,1371.66
1774238400,2026-03-23 04:00:00,1371.92,1372.95,1351.36,1359.88
1774245600,2026-03-23 06:00:00,1359.74,1363.3,1339.22,1351.43
1774252800,2026-03-23 08:00:00,1351.9,1356.84,1337.83,1343.14
1774260000,2026-03-23 10:00:00,1343.38,1359.46,1342.39,1354.56
1774267200,2026-03-23 12:00:00,1354.42,1375,1350.97,1369.37
1774274400,2026-03-23 14:00:00,1369.51,1378.01,1340.3,1360.5
1774281600,2026-03-23 16:00:00,1360.35,1360.83,1320.73,1334.05
1774288800,2026-03-23 18:00:00,1334.06,1341.63,1306.77,1308.23
1774296000,2026-03-23 20:00:00,1308.34,1313.45,1286.67,1310.88
1774303200,2026-03-23 22:00:00,1310.68,1319.56,1282.79,1285.64
1774310400,2026-03-24 00:00:00,1285.68,1299.69,1272.38,1276.68
1774317600,2026-03-24 02:00:00,1276.86,1297.97,1271.53,1285.21
1774324800,2026-03-24 04:00:00,1284.93,1326.39,1284.7,1319.13
1774332000,2026-03-24 06:00:00,1319.4,1353.08,1316.82,1351.89
1774339200,2026-03-24 08:00:00,1351.92,1356.74,1327.73,1330.08
1774346400,2026-03-24 10:00:00,1329.85,1340.27,1320.48,1335.64
1774353600,2026-03-24 12:00:00,1335.47,1353.55,1330.68,1330.91
1774360800,2026-03-24 14:00:00,1330.8,1360.18,1327.13,1332.55
1774368000,2026-03-24 16:00:00,1332.06,1333.18,1305.49,1308.08
1774375200,2026-03-24 18:00:00,1308.17,1308.79,1275.31,1279.33
1774382400,2026-03-24 20:00:00,1279.51,1292.16,1269.29,1274.73
1774389600,2026-03-24 22:00:00,1274.97,1278.48,1237.85,1240.9
1774396800,2026-03-25 00:00:00,1241.14,1245.47,1225.83,1227.65
1774404000,2026-03-25 02:00:00,1227.74,1255.23,1226.79,1243.1
1774411200,2026-03-25 04:00:00,1243.02,1255.54,1235.48,1246.88
1774418400,2026-03-25 06:00:00,1246.94,1248.73,1211.35,1219.89
1774425600,2026-03-25 08:00:00,1220.01,1232.8,1196.85,1209.73
1774432800,2026-03-25 10:00:00,1209.89,1229.02,1205.83,1215.54
1774440000,2026-03-25 12:00:00,1215.61,1223.99,1203.86,1216.69
1774447200,2026-03-25 14:00:00,1216.72,1229.58,1206.03,1220.13
1774454400,2026-03-25 16:00:00,1220.07,1234.05,1195.44,1201.69
1774461600,2026-03-25 18:00:00,1201.29,1218.78,1189.85,1203.43
1774468800,2026-03-25 20:00:00,1203.35,1203.36,1180.77,1185.88
1774476000,2026-03-25 22:00:00,1185.59,1188.93,1164.68,1178.69
1774483200,2026-03-26 00:00:00,1178.69,1190.7,1168.84,1187.65
1774490400,2026-03-26 02:00:00,1187.62,1190.22,1169.94,1173.28
1774497600,2026-03-26 04:00:00,1173.28,1194.29,1160.54,1194.21
1774504800,2026-03-26 06:00:00,1194.18,1195.07,1155.36,1173.52
1774512000,2026-03-26 08:00:00,1173.84,1178.59,1153.87,1165.72
1774519200,2026-03-26 10:00:00,1165.65,1179.97,1149.84,1177.7
1774526400,2026-03-26 12:00:00,1177.73,1182.45,1165.91,1167.17
1774533600,2026-03-26 14:00:00,1167.15,1182.07,1158.24,1172.16
1774540800,2026-03-26 16:00:00,1172.03,1177.43,1156.2,1172.11
1774548000,2026-03-26 18:00:00,1172.2,1186.29,1170.33,1183.6
1774555200,2026-03-26 20:00:00,1183.72,1191.75,1168.74,1191.04
1774562400,2026-03-26 22:00:00,1190.9,1205.64,1178.47,1204.36
1774569600,2026-03-27 00:00:00,1204.23,1211.66,1190.26,1194.81
1774576800,2026-03-27 02:00:00,1194.86,1214.38,1188.52,1213.99
1774584000,2026-03-27 04:00:00,1213.92,1230.33,1203.33,1226.16
1774591200,2026-03-27 06:00:00,1226.27,1242.66,1223.03,1228.97
1774598400,2026-03-27 08:00:00,1228.51,1230.43,1196.75,1204.67
1774605600,2026-03-27 10:00:00,1204.85,1221.56,1195.1,1203.66
1774612800,2026-03-27 12:00:00,1203.76,1213.54,1192.04,1198.21
1774620000,2026-03-27 14:00:00,1198.22,1204.43,1169.04,1181.24
1774627200,2026-03-27 16:00:00,1181.29,1184.52,1161.35,1165.11
1774634400,2026-03-27 18:00:00,1164.82,1188.45,1164.57,1183.85
1774641600,2026-03-27 20:00:00,1183.65,1194.44,1174.19,1190.7
1774648800,2026-03-27 22:00:00,1190.8,1227.08,1184.31,1196.19
1774656000,2026-03-28 00:00:00,1196.3,1203.58,1179.86,1194.42
1774663200,2026-03-28 02:00:00,1194.65,1222.09,1188.7,1221.43
1774670400,2026-03-28 04:00:00,1221.36,1225.72,1206.14,1211.11
1774677600,2026-03-28 06:00:00,1210.78,1225.04,1196.01,1213.72
1774684800,2026-03-28 08:00:00,1213.51,1235.34,1201.02,1221.3
1774692000,2026-03-28 10:00:00,1221.12,1268.4,1215.81,1267.27
1774699200,2026-03-28 12:00:00,1267.28,1267.86,1225.48,1230.68
1774706400,2026-03-28 14:00:00,1230.92,1244.34,1225.1,1241.1
1774713600,2026-03-28 16:00:00,1241.07,1259.31,1232.12,1256.03
1774720800,2026-03-28 18:00:00,1255.69,1259.22,1234.56,1246.35
1774728000,2026-03-28 20:00:00,1246.22,1251.21,1215.9,1223.05
1774735200,2026-03-28 22:00:00,1223.05,1249.08,1215.28,1216.83
1774742400,2026-03-29 00:00:00,1216.9,1217.36,1191.45,1193.52
1774749600,2026-03-29 02:00:00,1193.37,1208.2,1182.61,1207.76
1774756800,2026-03-29 04:00:00,1208.08,1214.2,1180.63,1213.22
1774764000,2026-03-29 06:00:00,1213.46,1237.15,1212.49,1220.33
1774771200,2026-03-29 08:00:00,1220.22,1243.95,1212.78,1230.68
1774778400,2026-03-29 10:00:00,1230.42,1232.93,1188.05,1198.57
1774785600,2026-03-29 12:00:00,1198.92,1208.04,1184.7,1204.52
1774792800,2026-03-29 14:00:00,1204.53,1206.87,1176.85,1187.99
1774800000,2026-03-29 16:00:00,1187.48,1196.61,1167.04,1169.69
1774807200,2026-03-29 18:00:00,1169.63,1170.27,1136.76,1168.81
1774814400,2026-03-29 20:00:00,1168.81,1186.92,1161.16,1176.93
1774821600,2026-03-29 22:00:00,1176.96,1193.79,1161.77,1185.95
1774828800,2026-03-30 00:00:00,1186.01,1194.52,1170.22,1194.52
1774836000,2026-03-30 02:00:00,1194.55,1206.02,1184.32,1201.61
1774843200,2026-03-30 04:00:00,1201.87,1203.8,1176.59,1184.6
1774850400,2026-03-30 06:00:00,1185.09,1186.1,1157.51,1163.54
1774857600,2026-03-30 08:00:00,1163.74,1168.74,1139.17,1147.16
1774864800,2026-03-30 10:00:00,1147.06,1158.17,1129.67,1130.71
1774872000,2026-03-30 12:00:00,1130.84,1138.89,1121.5,1137.72
1774879200,2026-03-30 14:00:00,1137.73,1167.06,1126.09,1155.93
1774886400,2026-03-30 16:00:00,1156,1167.43,1154.26,1160.81
1774893600,2026-03-30 18:00:00,1160.85,1184.47,1158.62,1171.69
1774900800,2026-03-30 20:00:00,1171.56,1171.86,1135.87,1155.93
1774908000,2026-03-30 22:00:00,1155.24,1190.1,1152.21,1190.06
1774915200,2026-03-31 00:00:00,1189.92,1191.55,1167.07,1182.68
1774922400,2026-03-31 02:00:00,1182.52,1213.34,1181.35,1203.19
1774929600,2026-03-31 04:00:00,1203.34,1213.26,1179.58,1182.43
1774936800,2026-03-31 06:00:00,1182.28,1184,1162.62,1163.72
1774944000,2026-03-31 08:00:00,1163.86,1169.75,1149.75,1164.22
1774951200,2026-03-31 10:00:00,1164.24,1193.63,1161.02,1173.66
1774958400,2026-03-31 12:00:00,1173.44,1225.41,1170.98,1224.25
1774965600,2026-03-31 14:00:00,1224.5,1245.26,1223.16,1233.29
1774972800,2026-03-31 16:00:00,1233.26,1235.66,1208.06,1214.3
1774980000,2026-03-31 18:00:00,1214.42,1228.86,1206.43,1219.27
1774987200,2026-03-31 20:00:00,1219.55,1232.37,1217.66,1221.44
1774994400,2026-03-31 22:00:00,1221.39,1230.56,1207.8,1222.34
1775001600,2026-04-01 00:00:00,1222.4,1227.71,1202.36,1226.4
1775008800,2026-04-01 02:00:00,1226.04,1234.56,1199.16,1199.42
1775016000,2026-04-01 04:00:00,1199.61,1212.49,1188.85,1194.46
1775023200,2026-04-01 06:00:00,1194.51,1224.16,1187.36,1212.96
1775030400,2026-04-01 08:00:00,1212.92,1252.26,1210.51,1251.88
1775037600,2026-04-01 10:00:00,1251.9,1255,1222.26,1228.95
1775044800,2026-04-01 12:00:00,1229.06,1240.3,1215.04,1222.96
1775052000,2026-04-01 14:00:00,1222.8,1235.64,1217.65,1229.48
1775059200,2026-04-01 16:00:00,1229.44,1241.58,1224.38,1232.02
1775066400,2026-04-01 18:00:00,1231.99,1267.7,1226.26,1265.47
1775073600,2026-04-01 20:00:00,1265.26,1273.12,1250.61,1272.18
1775080800,2026-04-01 22:00:00,1272.05,1283.23,1263.27,1268.84
1775088000,2026-04-02 00:00:00,1268.79,1271.5,1252.12,1257.7
1775095200,2026-04-02 02:00:00,1257.74,1268.75,1249.21,1266.45
1775102400,2026-04-02 04:00:00,1266.27,1280.26,1257.55,1258.31
1775109600,2026-04-02 06:00:00,1258.48,1264.24,1248.96,1258.01
1775116800,2026-04-02 08:00:00,1257.91,1263.7,1235.42,1237.09
1775124000,2026-04-02 10:00:00,1236.62,1245.9,1215.37,1234.6
1775131200,2026-04-02 12:00:00,1234.47,1258.39,1225.9,1254.16
1775138400,2026-04-02 14:00:00,1254.35,1274.74,1251.81,1260.35
1775145600,2026-04-02 16:00:00,1260.53,1277.94,1250.15,1263.4
1775152800,2026-04-02 18:00:00,1262.86,1268.61,1246.02,1261.51
1775160000,2026-04-02 20:00:00,1261.45,1279.8,1260.59,1273.69
1775167200,2026-04-02 22:00:00,1273.39,1284.6,1253.02,1283.99
1775174400,2026-04-03 00:00:00,1284.14,1301.07,1277.56,1281.83
1775181600,2026-04-03 02:00:00,1281.92,1305.26,1274.87,1283.56
1775188800,2026-04-03 04:00:00,1283.28,1295.92,1274.38,1277.36
1775196000,2026-04-03 06:00:00,1277.49,1277.49,1255.53,1257.03
1775203200,2026-04-03 08:00:00,1256.98,1277.71,1254.19,1274.17
1775210400,2026-04-03 10:00:00,1274.11,1276.88,1254,1259.63
1775217600,2026-04-03 12:00:00,1260.01,1280.24,1250.21,1277.36
1775224800,2026-04-03 14:00:00,1277.18,1292.14,1267.28,1288.6
1775232000,2026-04-03 16:00:00,1288.33,1288.42,1254.09,1269.23
1775239200,2026-04-03 18:00:00,1269.16,1295.6,1255.16,1292.19
1775246400,2026-04-03 20:00:00,1291.95,1293.19,1250.75,1253.38
1775253600,2026-04-03 22:00:00,1253.68,1266.72,1227.06,1229.96
1775260800,2026-04-04 00:00:00,1230.31,1252.12,1222.95,1239.59
1775268000,2026-04-04 02:00:00,1239.73,1262.51,1237.68,1259.19
1775275200,2026-04-04 04:00:00,1259.33,1259.45,1234.13,1237.9
1775282400,2026-04-04 06:00:00,1237.75,1242.66,1192.76,1196.16
1775289600,2026-04-04 08:00:00,1196.14,1196.55,1164.89,1176.53
1775296800,2026-04-04 10:00:00,1176.32,1181.71,1155.62,1163.08
1775304000,2026-04-04 12:00:00,1162.89,1174.02,1155.21,1172.33
1775311200,2026-04-04 14:00:00,1172.29,1178.74,1159.9,1166.46
1775318400,2026-04-04 16:00:00,1166.52,1185.76,1159.75,1178.16
1775325600,2026-04-04 18:00:00,1178.64,1187.18,1164.82,1185.75
1775332800,2026-04-04 20:00:00,1186.06,1199.34,1179.55,1189.34
1775340000,2026-04-04 22:00:00,1189.28,1197.28,1176.31,1191.71
1775347200,2026-04-05 00:00:00,1191.75,1232.5,1190.81,1228.78
1775354400,2026-04-05 02:00:00,1228.84,1239.67,1220.93,1232.9
1775361600,2026-04-05 04:00:00,1232.42,1233.66,1210.92,1223.17
1775368800,2026-04-05 06:00:00,1222.99,1237.48,1221.7,1236.85
1775376000,2026-04-05 08:00:00,1236.92,1266.58,1221.96,1223.24
1775383200,2026-04-05 10:00:00,1223.11,1244.44,1213.2,1243.52
1775390400,2026-04-05 12:00:00,1243.59,1259.96,1208.39,1214.25
1775397600,2026-04-05 14:00:00,1214.21,1214.22,1187.48,1187.48
1775404800,2026-04-05 16:00:00,1187.28,1203.67,1186.68,1202.79
1775412000,2026-04-05 18:00:00,1202.99,1214.53,1188.66,1213.47
1775419200,2026-04-05 20:00:00,1213.68,1232.18,1209.63,1226.43
1775426400,2026-04-05 22:00:00,1226.5,1248.98,1225.42,1244.61
1775433600,2026-04-06 00:00:00,1244.56,1258.68,1239.99,1244.41
1775440800,2026-04-06 02:00:00,1244.64,1280.65,1241.84,1272.67
1775448000,2026-04-06 04:00:00,1272.68,1316.38,1272.09,1309.97
1775455200,2026-04-06 06:00:00,1309.61,1330.42,1297.31,1326.54
1775462400,2026-04-06 08:00:00,1326.18,1345.14,1314.04,1319.38
1775469600,2026-04-06 10:00:00,1319.13,1320.04,1301.23,1308.34
1775476800,2026-04-06 12:00:00,1308.09,1315.63,1288.4,1292.46
1775484000,2026-04-06 14:00:00,1291.9,1302.92,1257.09,1273.44
1775491200,2026-04-06 16:00:00,1273.48,1275.35,1236.58,1238.16
1775498400,2026-04-06 18:00:00,1238.04,1257.23,1223.98,1234.47
1775505600,2026-04-06 20:00:00,1234.47,1249.3,1225.45,1240.93
1775512800,2026-04-06 22:00:00,1240.77,1243.91,1218.11,1218.29
1775520000,2026-04-07 00:00:00,1218.45,1230.17,1203.54,1227.76
1775527200,2026-04-07 02:00:00,1227.94,1229.32,1207.89,1211
1775534400,2026-04-07 04:00:00,1210.71,1243.07,1208.18,1242.92
1775541600,2026-04-07 06:00:00,1243.1,1258.09,1234.68,1255.53
1775548800,2026-04-07 08:00:00,1255.28,1264.44,1247.52,1252.08
1775556000,2026-04-07 10:00:00,1252.26,1265.68,1247.21,1257.12
1775563200,2026-04-07 12:00:00,1256.6,1291.55,1250.97,1271.23
1775570400,2026-04-07 14:00:00,1271.24,1299.49,1269.26,1298.33
1775577600,2026-04-07 16:00:00,1298.7,1301.74,1281.78,1284.76
1775584800,2026-04-07 18:00:00,1284.79,1294.69,1264.14,1273.55
1775592000,2026-04-07 20:00:00,1273.66,1287.93,1259.36,1261.46
1775599200,2026-04-07 22:00:00,1261.58,1282.1,1256.72,1272.39
1775606400,2026-04-08 00:00:00,1272.77,1289.14,1255.09,1283.73
1775613600,2026-04-08 02:00:00,1283.65,1287.37,1264.84,1265.21
1775620800,2026-04-08 04:00:00,1265.59,1284.52,1256.95,1282.9
1775628000,2026-04-08 06:00:00,1282.58,1284.05,1243.46,1246.49
1775635200,2026-04-08 08:00:00,1245.98,1288.22,1239.84,1287.9
1775642400,2026-04-08 10:00:00,1287.78,1290.42,1234.29,1240.79
1775649600,2026-04-08 12:00:00,1241.05,1276.9,1236,1259
1775656800,2026-04-08 14:00:00,1259.56,1266.81,1243.98,1260.05
1775664000,2026-04-08 16:00:00,1259.38,1267.21,1243.37,1247.74
1775671200,2026-04-08 18:00:00,1247.99,1252.48,1224.27,1228.83
1775678400,2026-04-08 20:00:00,1228.91,1249.24,1220.16,1223.73
1775685600,2026-04-08 22:00:00,1223.39,1250.76,1217.48,1220.4
1775692800,2026-04-09 00:00:00,1220.32,1227.3,1187.85,1188.51
1775700000,2026-04-09 02:00:00,1188.21,1206.5,1177.96,1188.3
1775707200,2026-04-09 04:00:00,1188.12,1204.63,1184.22,1188.35
1775714400,2026-04-09 06:00:00,1188.34,1200.95,1186.21,1193.58
1775721600,2026-04-09 08:00:00,1193.74,1199.48,1173.09,1181.95
1775728800,2026-04-09 10:00:00,1181.8,1212.92,1178.23,1198.01
1775736000,2026-04-09 12:00:00,1198.06,1219.01,1191.15,1218.86
1775743200,2026-04-09 14:00:00,1218.86,1222.25,1182.37,1188.74
1775750400,2026-04-09 16:00:00,1188.14,1210.73,1180.1,1195.78
1775757600,2026-04-09 18:00:00,1195.47,1204.33,1185.14,1189.68
1775764800,2026-04-09 20:00:00,1189.62,1193.09,1172.31,1191.64
1775772000,2026-04-09 22:00:00,1191.61,1223.55,1190.16,1219.46
1775779200,2026-04-10 00:00:00,1219.37,1231.08,1215.82,1224.65
1775786400,2026-04-10 02:00:00,1224.5,1226.48,1195.26,1218.88
1775793600,2026-04-10 04:00:00,1219.03,1230.29,1200.95,1210.82
1775800800,2026-04-10 06:00:00,1211.32,1217.4,1178.72,1188.78
1775808000,2026-04-10 08:00:00,1188.09,1192.99,1171.17,1187.26
1775815200,2026-04-10 10:00:00,1187.24,1199.97,1179.96,1191.18
1775822400,2026-04-10 12:00:00,1191.5,1209.11,1181.43,1207.89
1775829600,2026-04-10 14:00:00,1208.19,1239.93,1195.86,1237.92
1775836800,2026-04-10 16:00:00,1238.04,1246.86,1226.64,1240.32
1775844000,2026-04-10 18:00:00,1240.21,1241.3,1208.49,1231.06
1775851200,2026-04-10 20:00:00,1230.73,1249.71,1220.34,1238.28
1775858400,2026-04-10 22:00:00,1238.58,1245.42,1218.13,1224.16
1775865600,2026-04-11 00:00:00,1224.37,1244.47,1213.92,1240.32
1775872800,2026-04-11 02:00:00,1240,1276.12,1239.42,1276.12
1775880000,2026-04-11 04:00:00,1276.26,1307.62,1275.78,1298.88
1775887200,2026-04-11 06:00:00,1299.19,1314.11,1288.78,1292.66
1775894400,2026-04-11 08:00:00,1292.54,1293.11,1257.25,1287.79
1775901600,2026-04-11 10:00:00,1287.59,1309.92,1279.63,1282.25
1775908800,2026-04-11 12:00:00,1282.36,1289.55,1250.55,1264.86
1775916000,2026-04-11 14:00:00,1264.91,1289.91,1256.65,1288.27
1775923200,2026-04-11 16:00:00,1288.28,1296.72,1267.86,1282.15
1775930400,2026-04-11 18:00:00,1282.05,1291.07,1269.47,1279.1
1775937600,2026-04-11 20:00:00,1279.27,1321.92,1269.06,1314.62
1775944800,2026-04-11 22:00:00,1314.23,1335.85,1311.1,1326.42
1775952000,2026-04-12 00:00:00,1326.77,1341.44,1303.92,1304.66
1775959200,2026-04-12 02:00:00,1304.82,1321.73,1290.84,1291.77
1775966400,2026-04-12 04:00:00,1291.87,1302.9,1281.9,1297.2
1775973600,2026-04-12 06:00:00,1297.15,1305.59,1277.99,1296.79
1775980800,2026-04-12 08:00:00,1296.99,1299.97,1275.79,1287.87
1775988000,2026-04-12 10:00:00,1287.6,1292.14,1273.05,1279.21
1775995200,2026-04-12 12:00:00,1279.72,1294.4,1260.49,1260.78
1776002400,2026-04-12 14:00:00,1260.68,1281.06,1258.93,1265.99
1776009600,2026-04-12 16:00:00,1266.44,1276.34,1248.9,1264.8
1776016800,2026-04-12 18:00:00,1265.17,1298.5,1263.64,1294.88
1776024000,2026-04-12 20:00:00,1294.93,1297.95,1266.7,1266.9
1776031200,2026-04-12 22:00:00,1266.79,1297.19,1260.36,1288.89
1776038400,2026-04-13 00:00:00,1288.95,1302.54,1271.31,1296.08
1776045600,2026-04-13 02:00:00,1296,1297.4,1264.43,1285.6
1776052800,2026-04-13 04:00:00,1285.57,1308.97,1277.97,1300.29
1776060000,2026-04-13 06:00:00,1300.53,1317.08,1287.16,1299.35
1776067200,2026-04-13 08:00:00,1299.53,1307.75,1285.1,1291.23
1776074400,2026-04-13 10:00:00,1291.13,1294.67,1260.47,1279.33
1776081600,2026-04-13 12:00:00,1279.45,1292.94,1262.32,1282.66
1776088800,2026-04-13 14:00:00,1282.9,1293.59,1255.43,1259.91
1776096000,2026-04-13 16:00:00,1259.73,1267.25,1244.06,1262.86
1776103200,2026-04-13 18:00:00,1262.87,1263.56,1238.09,1256.28
1776110400,2026-04-13 20:00:00,1256.32,1296.54,1256.32,1293.94
1776117600,2026-04-13 22:00:00,1293.96,1327.35,1291.96,1316.29
1776124800,2026-04-14 00:00:00,1316.38,1341.36,1312.95,1331.04
1776132000,2026-04-14 02:00:00,1331.18,1356.25,1328.87,1332.87
1776139200,2026-04-14 04:00:00,1332.76,1354.9,1324.04,1349.19
1776146400,2026-04-14 06:00:00,1349.69,1376.82,1337.19,1365.54
1776153600,2026-04-14 08:00:00,1365.84,1398.51,1365.2,1372.33
1776160800,2026-04-14 10:00:00,1372.38,1387.04,1344.59,1355.74
1776168000,2026-04-14 12:00:00,1355.45,1368.38,1346.59,1359.67
1776175200,2026-04-14 14:00:00,1359.48,1367.49,1350.9,1358.81
1776182400,2026-04-14 16:00:00,1358.39,1376.37,1339.01,1340.09
1776189600,2026-04-14 18:00:00,1340.08,1375.9,1335.98,1365.71
1776196800,2026-04-14 20:00:00,1365.54,1383.38,1356.25,1377.4
1776204000,2026-04-14 22:00:00,1377.28,1394.17,1369.65,1391.88
1776211200,2026-04-15 00:00:00,1391.97,1392.12,1345.73,1347.82
1776218400,2026-04-15 02:00:00,1347.91,1364.16,1326.95,1347.36
1776225600,2026-04-15 04:00:00,1347.25,1352.3,1322.18,1338.72
1776232800,2026-04-15 06:00:00,1338.41,1350.58,1324.87,1348.66
1776240000,2026-04-15 08:00:00,1348.95,1349.84,1319.76,1336.52
1776247200,2026-04-15 10:00:00,1336.36,1361.93,1333.15,1335.77
1776254400,2026-04-15 12:00:00,1335.28,1357.31,1329.59,1357.31
1776261600,2026-04-15 14:00:00,1356.86,1363.89,1334.82,1336.54
1776268800,2026-04-15 16:00:00,1336.25,1350.16,1317.69,1332.28
1776276000,2026-04-15 18:00:00,1332.18,1358.42,1312.89,1356.8
1776283200,2026-04-15 20:00:00,1356.76,1368.84,1347.26,1354.69
1776290400,2026-04-15 22:00:00,1354.68,1358.9,1325.03,1327.69
1776297600,2026-04-16 00:00:00,1327.77,1360.22,1318.11,1352.41
1776304800,2026-04-16 02:00:00,1352.51,1360.07,1305.16,1328
1776312000,2026-04-16 04:00:00,1328.01,1366.52,1325.96,1364.89
1776319200,2026-04-16 06:00:00,1364.63,1370.24,1328.09,1341.4
1776326400,2026-04-16 08:00:00,1341.58,1353.8,1333.89,1335.85
1776333600,2026-04-16 10:00:00,1336.04,1345.62,1323.14,1338.42
1776340800,2026-04-16 12:00:00,1338.32,1346.28,1323.18,1334.68
1776348000,2026-04-16 14:00:00,1334.42,1359.01,1325.43,1359.01
1776355200,2026-04-16 16:00:00,1359.21,1364.75,1339.48,1355.27
1776362400,2026-04-16 18:00:00,1355.55,1363.49,1342.25,1346.81
1776369600,2026-04-16 20:00:00,1346.99,1372.55,1332.61,1365.75
1776376800,2026-04-16 22:00:00,1365.5,1376.42,1351.57,1364.21
1776384000,2026-04-17 00:00:00,1364.32,1374.16,1348.47,1351.47
1776391200,2026-04-17 02:00:00,1351.87,1362.74,1342.25,1360.5
1776398400,2026-04-17 04:00:00,1360.51,1392.47,1360.51,1377.37
1776405600,2026-04-17 06:00:00,1377.36,1388.8,1351.57,1385.06
1776412800,2026-04-17 08:00:00,1385.34,1389.19,1353.25,1355.29
1776420000,2026-04-17 10:00:00,1355.55,1366.97,1330.81,1333.88
1776427200,2026-04-17 12:00:00,1333.41,1334.72,1298.65,1312.09
1776434400,2026-04-17 14:00:00,1312.06,1356.12,1310.27,1347.95
1776441600,2026-04-17 16:00:00,1348.1,1389.81,1341.59,1377.51
1776448800,2026-04-17 18:00:00,1377.37,1394.23,1364.35,1369.96
1776456000,2026-04-17 20:00:00,1370.11,1381.86,1362.11,1371.69
1776463200,2026-04-17 22:00:00,1372.09,1394.65,1371.13,1384.9
1776470400,2026-04-18 00:00:00,1385.08,1404.65,1373.21,1404.15
1776477600,2026-04-18 02:00:00,1404.27,1417.38,1398.17,1408.31
1776484800,2026-04-18 04:00:00,1408.4,1442.67,1404.39,1440.45
1776492000,2026-04-18 06:00:00,1440.59,1445.3,1423.36,1442.91
1776499200,2026-04-18 08:00:00,1442.71,1455.52,1433.23,1441.53
1776506400,2026-04-18 10:00:00,1441.7,1456.55,1429.24,1450
1776513600,2026-04-18 12:00:00,1449.72,1463.18,1434.79,1440.16
1776520800,2026-04-18 14:00:00,1440.66,1441.24,1413.24,1429.27
1776528000,2026-04-18 16:00:00,1429.4,1441.27,1418.03,1419.2
1776535200,2026-04-18 18:00:00,1419.32,1439.4,1415.59,1435.27
1776542400,2026-04-18 20:00:00,1435.38,1455.92,1427.55,1455.41
1776549600,2026-04-18 22:00:00,1455.11,1473.15,1451.6,1466.37
1776556800,2026-04-19 00:00:00,1466.53,1474.27,1431.37,1445.36
1776564000,2026-04-19 02:00:00,1445.07,1445.67,1405.55,1424.45
1776571200,2026-04-19 04:00:00,1424.43,1440.65,1402.21,1402.24
1776578400,2026-04-19 06:00:00,1402.12,1413.08,1389.74,1412.67
1776585600,2026-04-19 08:00:00,1412.33,1418.5,1382.14,1411.23
1776592800,2026-04-19 10:00:00,1411.95,1420.87,1401.73,1407.13
1776600000,2026-04-19 12:00:00,1406.84,1439.54,1382.64,1387.08
1776607200,2026-04-19 14:00:00,1387.16,1390.7,1367.24,1382.38
1776614400,2026-04-19 16:00:00,1382.59,1418.72,1382.35,1406.67
1776621600,2026-04-19 18:00:00,1406.53,1418.02,1384.8,1391.19
1776628800,2026-04-19 20:00:00,1390.99,1401.7,1375.98,1399.24
1776636000,2026-04-19 22:00:00,1399.21,1408.81,1388.58,1406.33
1776643200,2026-04-20 00:00:00,1406.62,1407.13,1376.95,1386.99
1776650400,2026-04-20 02:00:00,1387,1411.12,1381.31,1394.24
1776657600,2026-04-20 04:00:00,1394.36,1398.01,1377.55,1383.02
1776664800,2026-04-20 06:00:00,1383.11,1386.53,1356.08,1384.62
1776672000,2026-04-20 08:00:00,1384.6,1392.42,1361.45,1370.12
1776679200,2026-04-20 10:00:00,1370.08,1391.23,1362.87,1378.41
1776686400,2026-04-20 12:00:00,1378.44,1393.4,1358.6,1359.5
1776693600,2026-04-20 14:00:00,1359.31,1361.42,1323.14,1329.57
1776700800,2026-04-20 16:00:00,1329.47,1366.59,1326.73,1346.31
1776708000,2026-04-20 18:00:00,1346.19,1358.2,1321.36,1355.44
1776715200,2026-04-20 20:00:00,1355.33,1360.32,1342.27,1345.47
1776722400,2026-04-20 22:00:00,1345.5,1363.65,1331.35,1350.89
1776729600,2026-04-21 00:00:00,1351.03,1372.27,1339.31,1347.08
1776736800,2026-04-21 02:00:00,1346.8,1365.31,1334.09,1360.02
1776744000,2026-04-21 04:00:00,1360.03,1414.21,1358.79,1410.15
1776751200,2026-04-21 06:00:00,1410.04,1435.14,1399.05,1425.48
1776758400,2026-04-21 08:00:00,1425.51,1429.97,1404.46,1428.28
1776765600,2026-04-21 10:00:00,1427.98,1451.63,1426.82,1438.08
1776772800,2026-04-21 12:00:00,1438.42,1450.87,1421.72,1436.38
1776780000,2026-04-21 14:00:00,1436.42,1466.35,1434.57,1442.9
1776787200,2026-04-21 16:00:00,1442.8,1448.64,1427.88,1440.32
1776794400,2026-04-21 18:00:00,1440.21,1459,1426.97,1451.58
1776801600,2026-04-21 20:00:00,1451.3,1470.75,1437.86,1462.61
1776808800,2026-04-21 22:00:00,1462.83,1483.3,1447.41,1473.7
1776816000,2026-04-22 00:00:00,1473.51,1477.62,1458.74,1461.59
1776823200,2026-04-22 02:00:00,1461.24,1465.6,1420.97,1429.67
1776830400,2026-04-22 04:00:00,1429.66,1437.01,1416.72,1428.02
1776837600,2026-04-22 06:00:00,1427.68,1447.65,1402.96,1433.2
1776844800,2026-04-22 08:00:00,1433.02,1439.27,1410.97,1412.45
1776852000,2026-04-22 10:00:00,1412.27,1418.55,1394,1403.1
1776859200,2026-04-22 12:00:00,1402.92,1417.2,1388.32,1413.51
1776866400,2026-04-22 14:00:00,1413.05,1455.53,1412.92,1433.4
1776873600,2026-04-22 16:00:00,1433.48,1434.55,1393.13,1406.38
1776880800,2026-04-22 18:00:00,1406.58,1421.83,1388.29,1388.91
1776888000,2026-04-22 20:00:00,1389.07,1401.42,1368.39,1379.39
1776895200,2026-04-22 22:00:00,1379.37,1444.49,1373.01,1432.51
1776902400,2026-04-23 00:00:00,1432.05,1491.82,1428.18,1491.55
1776909600,2026-04-23 02:00:00,1491.7,1509.29,1473.5,1503.72
1776916800,2026-04-23 04:00:00,1503.83,1522.13,1491.52,1514.34
1776924000,2026-04-23 06:00:00,1514.38,1515.67,1456.48,1459.21
1776931200,2026-04-23 08:00:00,1459.24,1472.7,1448.58,1456.96
1776938400,2026-04-23 10:00:00,1456.95,1459.05,1426.96,1439.63
1776945600,2026-04-23 12:00:00,1440.35,1465.98,1438.79,1460.67
1776952800,2026-04-23 14:00:00,1460.44,1470.08,1439.57,1443.07
1776960000,2026-04-23 16:00:00,1443.05,1460.29,1434.36,1438
1776967200,2026-04-23 18:00:00,1438.18,1440.32,1418.07,1427.33
1776974400,2026-04-23 20:00:00,1427.3,1432.57,1392.12,1399.96
1776981600,2026-04-23 22:00:00,1400.16,1403.44,1360.45,1386.63
1776988800,2026-04-24 00:00:00,1386.76,1412.93,1385.65,1402.42
1776996000,2026-04-24 02:00:00,1402.39,1466.71,1398.08,1459.31
1777003200,2026-04-24 04:00:00,1459.05,1459.62,1412.13,1424.28
1777010400,2026-04-24 06:00:00,1424.21,1428.28,1406.59,1416.71
1777017600,2026-04-24 08:00:00,1416.27,1429.31,1386.89,1386.89
1777024800,2026-04-24 10:00:00,1386.7,1393.5,1354.89,1371.2
1777032000,2026-04-24 12:00:00,1371.55,1423.04,1371.55,1407.69
1777039200,2026-04-24 14:00:00,1408.15,1421.84,1392.66,1414.44
1777046400,2026-04-24 16:00:00,1414.05,1418.46,1389.25,1407.38
1777053600,2026-04-24 18:00:00,1407.8,1409.04,1386.96,1397.26
1777060800,2026-04-24 20:00:00,1397.87,1398.15,1363.66,1377.67
1777068000,2026-04-24 22:00:00,1378.06,1386.8,1359.61,1368.05
1777075200,2026-04-25 00:00:00,1368.22,1373.57,1336.7,1342.4
1777082400,2026-04-25 02:00:00,1342.53,1354.76,1326.23,1326.8
1777089600,2026-04-25 04:00:00,1326.88,1345.63,1315.09,1345.01
1777096800,2026-04-25 06:00:00,1344.94,1353.9,1321.68,1344.88
1777104000,2026-04-25 08:00:00,1344.74,1377.92,1341.58,1357.64
1777111200,2026-04-25 10:00:00,1358.18,1368.78,1340.29,1362.76
1777118400,2026-04-25 12:00:00,1362.62,1366.29,1334.4,1348.96
1777125600,2026-04-25 14:00:00,1348.89,1364.31,1328.62,1335.34
1777132800,2026-04-25 16:00:00,1335.56,1346.09,1319.7,1327.82
1777140000,2026-04-25 18:00:00,1328.14,1348.1,1321.35,1345.9
1777147200,2026-04-25 20:00:00,1345.68,1390.8,1344.13,1373.21
1777154400,2026-04-25 22:00:00,1372.79,1385.99,1363.8,1380.77
1777161600,2026-04-26 00:00:00,1380.81,1381.32,1343.88,1373.48
1777168800,2026-04-26 02:00:00,1373.41,1432.41,1371.68,1414.73
1777176000,2026-04-26 04:00:00,1414.9,1421.18,1377.95,1381.63
1777183200,2026-04-26 06:00:00,1381.79,1401.82,1379.41,1398.89
1777190400,2026-04-26 08:00:00,1399.09,1411.49,1387.29,1405.96
1777197600,2026-04-26 10:00:00,1406.12,1436.59,1403.71,1432.32
1777204800,2026-04-26 12:00:00,1432.05,1452.91,1427.23,1437.11
1777212000,2026-04-26 14:00:00,1437.3,1452.76,1421.01,1428.2
1777219200,2026-04-26 16:00:00,1428.53,1440.64,1412.71,1438.25
1777226400,2026-04-26 18:00:00,1438.21,1460.19,1420.21,1429.17
1777233600,2026-04-26 20:00:00,1428.93,1465.52,1411.51,1450.89
1777240800,2026-04-26 22:00:00,1450.68,1484.13,1441.95,1481.9
1777248000,2026-04-27 00:00:00,1481.83,1484.77,1457.44,1476.88
1777255200,2026-04-27 02:00:00,1476.86,1488.22,1464.46,1480.75
1777262400,2026-04-27 04:00:00,1481.03,1494.76,1467.61,1489.73
1777269600,2026-04-27 06:00:00,1489.78,1491.7,1464.31,1479.53
1777276800,2026-04-27 08:00:00,1479.85,1487.71,1460.33,1464.79
1777284000,2026-04-27 10:00:00,1464.63,1477.8,1457.12,1471.53
1777291200,2026-04-27 12:00:00,1471.49,1497.03,1469.58,1489.82
1777298400,2026-04-27 14:00:00,1489.99,1514.18,1489.82,1507.19
1777305600,2026-04-27 16:00:00,1507.06,1507.54,1469.38,1484.09
1777312800,2026-04-27 18:00:00,1483.94,1499.43,1468.2,1478.72
1777320000,2026-04-27 20:00:00,1478.66,1481.3,1428.75,1432.75
1777327200,2026-04-27 22:00:00,1432.89,1432.9,1394.41,1399.69
1777334400,2026-04-28 00:00:00,1399.56,1412.36,1379.62,1407.67
1777341600,2026-04-28 02:00:00,1407.82,1415.47,1399.74,1403.51
1777348800,2026-04-28 04:00:00,1403.84,1410.36,1391.44,1392.79
1777356000,2026-04-28 06:00:00,1392.68,1392.68,1345.49,1369.64
1777363200,2026-04-28 08:00:00,1369.83,1395.55,1363.56,1373.33
1777370400,2026-04-28 10:00:00,1373.59,1392.38,1365,1390.82
1777377600,2026-04-28 12:00:00,1390.48,1441.42,1390.46,1440.11
1777384800,2026-04-28 14:00:00,1439.93,1442.1,1410.33,1430.68
1777392000,2026-04-28 16:00:00,1430.18,1430.18,1402.43,1421.22
1777399200,2026-04-28 18:00:00,1421.65,1427.08,1399.46,1419.89
1777406400,2026-04-28 20:00:00,1420.19,1455.76,1417.99,1451.07
1777413600,2026-04-28 22:00:00,1450.51,1462.51,1423.8,1423.8
1777420800,2026-04-29 00:00:00,1423.37,1426.9,1400.6,1403.69
1777428000,2026-04-29 02:00:00,1404.02,1430.14,1401.77,1427.8
1777435200,2026-04-29 04:00:00,1427.55,1436.56,1403.64,1416.98
1777442400,2026-04-29 06:00:00,1417.14,1424.08,1366.8,1375.21
1777449600,2026-04-29 08:00:00,1375.4,1408.56,1369.75,1405.98
1777456800,2026-04-29 10:00:00,1405.39,1411.89,1385.57,1386.11
1777464000,2026-04-29 12:00:00,1386.04,1388,1337.21,1339.24
1777471200,2026-04-29 14:00:00,1339.14,1340.26,1319.48,1335.34
1777478400,2026-04-29 16:00:00,1335.51,1346.94,1325.3,1333.66
1777485600,2026-04-29 18:00:00,1333.85,1335.41,1298.89,1300.48
1777492800,2026-04-29 20:00:00,1300.47,1332.14,1299.36,1324.65
1777500000,2026-04-29 22:00:00,1324.55,1331.3,1308.57,1309.75
1777507200,2026-04-30 00:00:00,1309.57,1330.88,1300.08,1322.13
1777514400,2026-04-30 02:00:00,1322.15,1330.47,1310.26,1315.49
1777521600,2026-04-30 04:00:00,1315.96,1349.05,1312.82,1334.78
1777528800,2026-04-30 06:00:00,1335.12,1343.19,1313.51,1314.98
1777536000,2026-04-30 08:00:00,1314.85,1343.48,1310.96,1337.72
1777543200,2026-04-30 10:00:00,1338.01,1370.47,1333.19,1370.36
1777550400,2026-04-30 12:00:00,1370.02,1402.09,1362.85,1397.93
1777557600,2026-04-30 14:00:00,1397.81,1422.86,1388.81,1413.8
1777564800,2026-04-30 16:00:00,1413.07,1435.09,1411.76,1422.22
1777572000,2026-04-30 18:00:00,1421.54,1430.61,1410.46,1424.51
1777579200,2026-04-30 20:00:00,1424.62,1452.28,1419.82,1427.86
1777586400,2026-04-30 22:00:00,1427.62,1429.98,1370.11,1377.64
1777593600,2026-05-01 00:00:00,1377.78,1389.51,1364.49,1366.22
1777600800,2026-05-01 02:00:00,1366.45,1391.9,1350.32,1383.01
1777608000,2026-05-01 04:00:00,1382.78,1396.72,1376.81,1383.76
1777615200,2026-05-01 06:00:00,1383.88,1386.73,1359.11,1382.63
1777622400,2026-05-01 08:00:00,1382.78,1399.76,1366.96,1388.62
1777629600,2026-05-01 10:00:00,1388.75,1406.72,1376,1386.02
1777636800,2026-05-01 12:00:00,1386.56,1397.85,1377.27,1397.28
1777644000,2026-05-01 14:00:00,1397.28,1406.36,1373.69,1390.86
1777651200,2026-05-01 16:00:00,1390.86,1396.61,1380.94,1390.16
1777658400,2026-05-01 18:00:00,1390.15,1413.41,1376.74,1408.69
1777665600,2026-05-01 20:00:00,1408.95,1411.96,1378.66,1385.22
1777672800,2026-05-01 22:00:00,1385.16,1401.59,1376.29,1398.74
1777680000,2026-05-02 00:00:00,1398.65,1404.67,1371.86,1388.63
1777687200,2026-05-02 02:00:00,1388.15,1437.95,1387.76,1419.86
1777694400,2026-05-02 04:00:00,1419.84,1421.5,1405.71,1414.52
1777701600,2026-05-02 06:00:00,1414.49,1438.06,1410.59,1425.39
1777708800,2026-05-02 08:00:00,1425.17,1449.9,1423.17,1430.71
1777716000,2026-05-02 10:00:00,1430.8,1450.94,1416.14,1437.31
1777723200,2026-05-02 12:00:00,1437.71,1440.47,1404.18,1405.29
1777730400,2026-05-02 14:00:00,1405.31,1445.28,1403.71,1445.28
1777737600,2026-05-02 16:00:00,1445.05,1465.88,1439.49,1444.19
1777744800,2026-05-02 18:00:00,1444.31,1453.9,1414.88,1427.61
1777752000,2026-05-02 20:00:00,1427.6,1431.55,1403.72,1430.18
1777759200,2026-05-02 22:00:00,1429.65,1434.68,1402.56,1406.72
1777766400,2026-05-03 00:00:00,1406.56,1432.06,1396.29,1432.06
1777773600,2026-05-03 02:00:00,1432.36,1454.4,1429.45,1434.06
1777780800,2026-05-03 04:00:00,1434.27,1456.22,1412.61,1413.38
1777788000,2026-05-03 06:00:00,1413.1,1420.48,1368.59,1372.38
1777795200,2026-05-03 08:00:00,1372.63,1390.8,1331.49,1333.39
1777802400,2026-05-03 10:00:00,1333.57,1350.88,1320.66,1335.76
1777809600,2026-05-03 12:00:00,1336.33,1358.55,1328.83,1357.34
1777816800,2026-05-03 14:00:00,1357.43,1374.33,1340.25,1364.45
1777824000,2026-05-03 16:00:00,1364.23,1402.11,1354.64,1399.18
1777831200,2026-05-03 18:00:00,1399.31,1426.29,1388.94,1402.72
1777838400,2026-05-03 20:00:00,1402.74,1408.34,1381.29,1393.72
1777845600,2026-05-03 22:00:00,1393.74,1406.33,1350.91,1355.8
1777852800,2026-05-04 00:00:00,1355.62,1359.96,1337.62,1356.32
1777860000,2026-05-04 02:00:00,1356.05,1360.34,1324.78,1332.29
1777867200,2026-05-04 04:00:00,1331.86,1333.22,1317.41,1320.17
1777874400,2026-05-04 06:00:00,1320.1,1330.62,1304.63,1313.97
1777881600,2026-05-04 08:00:00,1313.98,1326.51,1295.25,1298.19
1777888800,2026-05-04 10:00:00,1298.12,1333.29,1291.58,1326.32
1777896000,2026-05-04 12:00:00,1326.41,1367.4,1326.14,1353.3
1777903200,2026-05-04 14:00:00,1353.55,1359.95,1315.91,1321.51
1777910400,2026-05-04 16:00:00,1321.58,1324.33,1300.2,1305.49
1777917600,2026-05-04 18:00:00,1305.9,1306.4,1286.9,1288.58
1777924800,2026-05-04 20:00:00,1289.09,1315.66,1287.47,1307.65
1777932000,2026-05-04 22:00:00,1307.6,1314.69,1295.4,1310.64
1777939200,2026-05-05 00:00:00,1311.04,1359.31,1309.83,1351.87
1777946400,2026-05-05 02:00:00,1351.87,1401.18,1349.79,1400.19
1777953600,2026-05-05 04:00:00,1400.35,1423.82,1387.69,1415.28
1777960800,2026-05-05 06:00:00,1415.6,1429.14,1387.72,1390.68
1777968000,2026-05-05 08:00:00,1391.1,1396.66,1368.45,1375.51
1777975200,2026-05-05 10:00:00,1375.33,1392.43,1372.47,1388.52
1777982400,2026-05-05 12:00:00,1388.6,1427.23,1385.47,1413.06
1777989600,2026-05-05 14:00:00,1412.98,1436.99,1404.91,1435
1777996800,2026-05-05 16:00:00,1434.72,1441.73,1388.43,1399.99
1778004000,2026-05-05 18:00:00,1400.27,1415.97,1394.89,1408.84
1778011200,2026-05-05 20:00:00,1409.07,1412.88,1383.34,1393.84
1778018400,2026-05-05 22:00:00,1394.2,1433.47,1393.38,1415.87
1778025600,2026-05-06 00:00:00,1415.58,1425.2,1389.05,1392.87
1778032800,2026-05-06 02:00:00,1392.91,1423.92,1388.89,1416.35
1778040000,2026-05-06 04:00:00,1416.16,1442.4,1410.45,1434.73
1778047200,2026-05-06 06:00:00,1434.49,1439.88,1411.83,1418.55
1778054400,2026-05-06 08:00:00,1418.73,1443.29,1410.18,1443.29
1778061600,2026-05-06 10:00:00,1443.5,1454.03,1436.08,1453.55
1778068800,2026-05-06 12:00:00,1453.58,1465.87,1432.44,1435.04
1778076000,2026-05-06 14:00:00,1435.13,1440.04,1377.92,1390.32
1778083200,2026-05-06 16:00:00,1390.45,1414.05,1382.25,1387.64
1778090400,2026-05-06 18:00:00,1387.24,1404.58,1369.83,1398.13
1778097600,2026-05-06 20:00:00,1398.13,1409.47,1387.14,1408.27
1778104800,2026-05-06 22:00:00,1408.57,1441.12,1403.9,1435.22
1778112000,2026-05-07 00:00:00,1434.98,1438.36,1410.06,1432.23
1778119200,2026-05-07 02:00:00,1432.53,1454.29,1416.59,1447.7
1778126400,2026-05-07 04:00:00,1447.64,1451.53,1413.21,1414.37
1778133600,2026-05-07 06:00:00,1414.15,1417.17,1362.76,1367.69
1778140800,2026-05-07 08:00:00,1367.67,1382.57,1349.16,1354.27
1778148000,2026-05-07 10:00:00,1354.08,1373.08,1347.02,1370.69
1778155200,2026-05-07 12:00:00,1370.63,1386.8,1347.38,1368.63
1778162400,2026-05-07 14:00:00,1368.66,1380.6,1351.83,1358.16
1778169600,2026-05-07 16:00:00,1358.73,1386.76,1355.22,1356.09
1778176800,2026-05-07 18:00:00,1355.81,1411.3,1347.97,1405.16
1778184000,2026-05-07 20:00:00,1405.28,1409.8,1381.86,1393.16
1778191200,2026-05-07 22:00:00,1392.97,1414.32,1387.29,1389.89
1778198400,2026-05-08 00:00:00,1389.61,1402,1375.94,1401.4
1778205600,2026-05-08 02:00:00,1401.54,1402.59,1386.8,1392.58
1778212800,2026-05-08 04:00:00,1392.75,1430.34,1388.86,1425.13
1778220000,2026-05-08 06:00:00,1425.53,1441.55,1407.78,1431.81
1778227200,2026-05-08 08:00:00,1431.79,1461.94,1426.47,1443.58
1778234400,2026-05-08 10:00:00,1443.44,1453.34,1418.12,1447.61
1778241600,2026-05-08 12:00:00,1447.59,1484.74,1442.85,1482.1
1778248800,2026-05-08 14:00:00,1481.9,1500.64,1465.98,1483.36
1778256000,2026-05-08 16:00:00,1483.96,1485.27,1452.61,1478.34
1778263200,2026-05-08 18:00:00,1478.52,1481.61,1462.18,1472.04
1778270400,2026-05-08 20:00:00,1471.75,1479.51,1458.53,1458.98
1778277600,2026-05-08 22:00:00,1459.27,1476.49,1449.74,1457.65
1778284800,2026-05-09 00:00:00,1457.46,1466.57,1411.02,1412.92
1778292000,2026-05-09 02:00:00,1413.07,1445.32,1410.44,1436.21
1778299200,2026-05-09 04:00:00,1436.03,1441.49,1401.9,1410.42
1778306400,2026-05-09 06:00:00,1410.7,1419.61,1397.06,1399.78
1778313600,2026-05-09 08:00:00,1400,1402.71,1359.79,1366.65
1778320800,2026-05-09 10:00:00,1366.9,1380.05,1325.44,1339.44
1778328000,2026-05-09 12:00:00,1339.5,1345.64,1309.27,1320.5
1778335200,2026-05-09 14:00:00,1320.26,1358.07,1317.89,1350.31
1778342400,2026-05-09 16:00:00,1350.33,1353.12,1320.23,1338.75
1778349600,2026-05-09 18:00:00,1338.78,1355.77,1328.29,1344.49
1778356800,2026-05-09 20:00:00,1344.85,1344.85,1324.41,1338.94
1778364000,2026-05-09 22:00:00,1338.79,1346.88,1319.06,1330.55
1778371200,2026-05-10 00:00:00,1330.74,1333.36,1310.02,1314.19
1778378400,2026-05-10 02:00:00,1314.2,1319.53,1288.18,1306.08
1778385600,2026-05-10 04:00:00,1306.16,1333.92,1303.61,1324.46
1778392800,2026-05-10 06:00:00,1324.03,1324.72,1282.62,1291.02
1778400000,2026-05-10 08:00:00,1290.77,1292.9,1253.83,1255.28
1778407200,2026-05-10 10:00:00,1254.92,1257.21,1219.59,1220.35
1778414400,2026-05-10 12:00:00,1220.04,1223.64,1172.46,1190.96
1778421600,2026-05-10 14:00:00,1190.97,1203.56,1180.8,1202.47
1778428800,2026-05-10 16:00:00,1201.95,1205.46,1181.82,1185.51
1778436000,2026-05-10 18:00:00,1185.33,1186.83,1170.36,1182.34
1778443200,2026-05-10 20:00:00,1182.63,1199.96,1182.63,1190.86
1778450400,2026-05-10 22:00:00,1190.81,1201.3,1165.39,1169.64
1778457600,2026-05-11 00:00:00,1169.87,1176.13,1141.33,1146.2
1778464800,2026-05-11 02:00:00,1146.01,1147.26,1123.55,1134.91
1778472000,2026-05-11 04:00:00,1134.92,1180.39,1133.84,1179.53
1778479200,2026-05-11 06:00:00,1179.39,1204.15,1177,1200.72
1778486400,2026-05-11 08:00:00,1201.3,1224.2,1186.5,1222.19
1778493600,2026-05-11 10:00:00,1222.05,1234.4,1209.11,1218.94
1778500800,2026-05-11 12:00:00,1219.08,1226.53,1199.38,1215.57
1778508000,2026-05-11 14:00:00,1215.62,1225.54,1203.18,1221.66
1778515200,2026-05-11 16:00:00,1221.89,1242.16,1218.39,1237.33
1778522400,2026-05-11 18:00:00,1237.06,1263.32,1229.3,1261.86
1778529600,2026-05-11 20:00:00,1261.72,1271.98,1247.29,1266.56
1778536800,2026-05-11 22:00:00,1266.82,1274.73,1232,1235.63
1778544000,2026-05-12 00:00:00,1235.5,1235.5,1186.11,1190.93
1778551200,2026-05-12 02:00:00,1190.85,1197.77,1164.3,1166.34
1778558400,2026-05-12 04:00:00,1166.16,1177.78,1154.29,1177
1778565600,2026-05-12 06:00:00,1176.91,1187.82,1160.48,1161.93
1778572800,2026-05-12 08:00:00,1161.84,1188.26,1157.72,1176.57
1778580000,2026-05-12 10:00:00,1176.52,1186.45,1160.02,1182.46
1778587200,2026-05-12 12:00:00,1182.34,1200.98,1177.65,1186.51
1778594400,2026-05-12 14:00:00,1186.55,1187.48,1160.25,1163.22
1778601600,2026-05-12 16:00:00,1163.34,1172.64,1145.81,1154.07
1778608800,2026-05-12 18:00:00,1154.37,1189.81,1148.44,1174.08
1778616000,2026-05-12 20:00:00,1174.53,1176.92,1142.84,1145.73
1778623200,2026-05-12 22:00:00,1145.84,1149.71,1126.23,1140.02
1778630400,2026-05-13 00:00:00,1140.32,1150.25,1124.46,1144.64
1778637600,2026-05-13 02:00:00,1144.88,1149.79,1128.1,1135.96
1778644800,2026-05-13 04:00:00,1136.12,1149.06,1128.03,1146.29
1778652000,2026-05-13 06:00:00,1146.26,1157.44,1130.17,1147.49
1778659200,2026-05-13 08:00:00,1147.38,1171.38,1144.45,1168.53
1778666400,2026-05-13 10:00:00,1168.5,1227.89,1166.46,1223.96
1778673600,2026-05-13 12:00:00,1223.85,1241.66,1211.62,1238.5
1778680800,2026-05-13 14:00:00,1238.88,1247.49,1215.18,1220.39
1778688000,2026-05-13 16:00:00,1220.29,1221.94,1188.54,1200.85
1778695200,2026-05-13 18:00:00,1201.12,1206.54,1178.87,1195.14
1778702400,2026-05-13 20:00:00,1195.13,1203.18,1171.66,1178.9
1778709600,2026-05-13 22:00:00,1178.98,1188.68,1167.2,1186.88
1778716800,2026-05-14 00:00:00,1186.6,1189.13,1155.96,1160.03
1778724000,2026-05-14 02:00:00,1159.73,1181.06,1156.39,1178.52
1778731200,2026-05-14 04:00:00,1178.63,1196.2,1166.07,1183.89
1778738400,2026-05-14 06:00:00,1183.75,1202.95,1178.84,1189.65
1778745600,2026-05-14 08:00:00,1189.45,1193.98,1167.63,1170.7
1778752800,2026-05-14 10:00:00,1170.78,1177.67,1157.73,1174.3
1778760000,2026-05-14 12:00:00,1174.13,1177.96,1156.64,1158.11
1778767200,2026-05-14 14:00:00,1158.16,1202.48,1156.06,1201.85
1778774400,2026-05-14 16:00:00,1202.29,1239.21,1200.59,1236.05
1778781600,2026-05-14 18:00:00,1236.41,1243.48,1215.72,1218.39
1778788800,2026-05-14 20:00:00,1218.66,1227.98,1209.53,1210.16
1778796000,2026-05-14 22:00:00,1210.27,1249.75,1207.74,1236.91
1778803200,2026-05-15 00:00:00,1237.07,1258.57,1230.46,1247.44
1778810400,2026-05-15 02:00:00,1247.19,1256.64,1238.65,1243.86
1778817600,2026-05-15 04:00:00,1244.01,1244.68,1203.66,1207.36
1778824800,2026-05-15 06:00:00,1207.72,1215.35,1186.79,1196.08
1778832000,2026-05-15 08:00:00,1196.33,1214.46,1192.26,1204.29
1778839200,2026-05-15 10:00:00,1204.15,1227.39,1195.82,1224.5
1778846400,2026-05-15 12:00:00,1224.68,1227.07,1201.17,1224.99
1778853600,2026-05-15 14:00:00,1225.11,1239.08,1216.79,1226.55
1778860800,2026-05-15 16:00:00,1226.33,1235.4,1197.31,1203.93
1778868000,2026-05-15 18:00:00,1204.1,1205.85,1171.01,1181.93
1778875200,2026-05-15 20:00:00,1181.56,1205.19,1181.56,1190.8
1778882400,2026-05-15 22:00:00,1190.9,1212.64,1185.27,1206.74
1778889600,2026-05-16 00:00:00,1206.61,1212.36,1168.91,1169.76
1778896800,2026-05-16 02:00:00,1169.76,1213.63,1167.43,1208.8
1778904000,2026-05-16 04:00:00,1208.59,1235.22,1206.64,1219.81
1778911200,2026-05-16 06:00:00,1219.82,1225.12,1205.17,1209.08
1778918400,2026-05-16 08:00:00,1209.14,1215.86,1191.09,1195.49
1778925600,2026-05-16 10:00:00,1195.19,1205.33,1179.49,1196.9
1778932800,2026-05-16 12:00:00,1196.64,1206.15,1180.74,1185.81
1778940000,2026-05-16 14:00:00,1185.68,1193.6,1159.1,1164.02
1778947200,2026-05-16 16:00:00,1164.26,1171.26,1156.32,1157.93
1778954400,2026-05-16 18:00:00,1157.93,1173.76,1154.02,1163.94
1778961600,2026-05-16 20:00:00,1163.82,1167.17,1143.29,1154.52
1778968800,2026-05-16 22:00:00,1154.32,1168.98,1147.1,1154.37
1778976000,2026-05-17 00:00:00,1154.13,1161.03,1143.31,1146.58
1778983200,2026-05-17 02:00:00,1146.54,1185.29,1146.37,1175.95
1778990400,2026-05-17 04:00:00,1176.23,1177.41,1149.43,1166.64
1778997600,2026-05-17 06:00:00,1166.08,1167.27,1144.37,1150.16
1779004800,2026-05-17 08:00:00,1150.12,1153.56,1120.92,1130.48
1779012000,2026-05-17 10:00:00,1130.59,1166.83,1127.97,1163.44
1779019200,2026-05-17 12:00:00,1163.08,1168.03,1137.6,1147.87
1779026400,2026-05-17 14:00:00,1147.99,1165.84,1132.54,1135.3
1779033600,2026-05-17 16:00:00,1135.08,1148.11,1124.99,1127.38
1779040800,2026-05-17 18:00:00,1127.32,1145.45,1126.41,1131.52
1779048000,2026-05-17 20:00:00,1131.69,1134.18,1089.2,1098.61
1779055200,2026-05-17 22:00:00,1098.84,1108.68,1080.44,1081.49
1779062400,2026-05-18 00:00:00,1081.07,1084.2,1069.27,1073.37
1779069600,2026-05-18 02:00:00,1073.54,1105.53,1070.37,1092.99
1779076800,2026-05-18 04:00:00,1092.83,1107.73,1080.22,1105.81
1779084000,2026-05-18 06:00:00,1105.78,1126.65,1097.45,1101.02
1779091200,2026-05-18 08:00:00,1100.98,1104.09,1069.2,1069.86
1779098400,2026-05-18 10:00:00,1070.19,1082.91,1063.84,1073.21
1779105600,2026-05-18 12:00:00,1073.2,1075.53,1049.81,1068.11
1779112800,2026-05-18 14:00:00,1067.97,1076.72,1059.25,1065.7
1779120000,2026-05-18 16:00:00,1065.88,1070.1,1050.08,1052.59
1779127200,2026-05-18 18:00:00,1052.6,1059.12,1039.88,1040.27
1779134400,2026-05-18 20:00:00,1040.02,1057.38,1038.39,1056.01
1779141600,2026-05-18 22:00:00,1055.51,1062.53,1039.26,1040.39
1779148800,2026-05-19 00:00:00,1040.35,1067.35,1039.59,1041.23
1779156000,2026-05-19 02:00:00,1041.42,1045.53,1024.3,1040.34
1779163200,2026-05-19 04:00:00,1040.33,1066.62,1037.63,1050.8
1779170400,2026-05-19 06:00:00,1050.7,1057.35,1039.04,1051.52
1779177600,2026-05-19 08:00:00,1051.27,1051.9,1033.77,1042.05
1779184800,2026-05-19 10:00:00,1042.05,1046.12,1019.23,1038.69
1779192000,2026-05-19 12:00:00,1038.52,1045.65,1008.79,1010.08
1779199200,2026-05-19 14:00:00,1010.15,1014.15,996.8,1005.22
1779206400,2026-05-19 16:00:00,1005.34,1012.3,995.5,998.39
1779213600,2026-05-19 18:00:00,998.3,1007.96,987.17,996.38
1779220800,2026-05-19 20:00:00,996.4,1002.48,973.88,978.61
1779228000,2026-05-19 22:00:00,978.75,999.95,974.61,999.74
1779235200,2026-05-20 00:00:00,999.57,1015.75,984.76,984.76
1779242400,2026-05-20 02:00:00,984.51,989.97,973.21,978.59
1779249600,2026-05-20 04:00:00,978.38,982.32,964.46,972.43
1779256800,2026-05-20 06:00:00,972.44,973.45,948.07,963.92
1779264000,2026-05-20 08:00:00,964.36,986.12,958.45,961.95
1779271200,2026-05-20 10:00:00,962.03,969.48,953.23,959.21
1779278400,2026-05-20 12:00:00,959.12,977.9,956.57,974.84
1779285600,2026-05-20 14:00:00,975.02,985.06,964.48,978.25
1779292800,2026-05-20 16:00:00,978.58,978.73,950.01,955.15
1779300000,2026-05-20 18:00:00,955.08,965.63,948.8,957.15
1779307200,2026-05-20 20:00:00,956.93,974.36,948.38,970.86
1779314400,2026-05-20 22:00:00,971,987.06,964.65,986.25
1779321600,2026-05-21 00:00:00,986.4,1012.35,984.14,1011.44
1779328800,2026-05-21 02:00:00,1011.41,1012.95,979.71,992.41
1779336000,2026-05-21 04:00:00,992.39,1009.67,992,992.6
1779343200,2026-05-21 06:00:00,992.58,1013.83,992.58,1005.62
1779350400,2026-05-21 08:00:00,1005.86,1021.76,1001.42,1007.78
1779357600,2026-05-21 10:00:00,1007.79,1011.49,976.32,978.17
1779364800,2026-05-21 12:00:00,978.4,996.03,973.35,989.73
1779372000,2026-05-21 14:00:00,989.59,1014.24,981.66,1008.32
1779379200,2026-05-21 16:00:00,1008.33,1011.91,1000.19,1003.25
1779386400,2026-05-21 18:00:00,1003.31,1009.21,988.4,994.13
1779393600,2026-05-21 20:00:00,994.35,1019.16,990.71,1013.5
1779400800,2026-05-21 22:00:00,1013.48,1019.66,1001.93,1010.12
1779408000,2026-05-22 00:00:00,1010.17,1014.78,999.83,1000.13
1779415200,2026-05-22 02:00:00,1000.13,1001.65,976.36,980.8
1779422400,2026-05-22 04:00:00,980.59,994.58,967.34,975.34
1779429600,2026-05-22 06:00:00,975.6,982.61,961.82,972.62
1779436800,2026-05-22 08:00:00,972.57,974.82,949.94,959.59
1779444000,2026-05-22 10:00:00,959.6,967.15,951.25,959.45
1779451200,2026-05-22 12:00:00,959.5,960.51,934.59,935
1779458400,2026-05-22 14:00:00,935.26,949.04,934.51,940.83
1779465600,2026-05-22 16:00:00,940.71,960.32,936.8,955.16
1779472800,2026-05-22 18:00:00,955.2,971.87,951.01,961.91
1779480000,2026-05-22 20:00:00,961.84,963.46,943.14,953.11
1779487200,2026-05-22 22:00:00,953.3,957.76,942.67,946.72
1779494400,2026-05-23 00:00:00,946.73,958.02,929.96,938.54
1779501600,2026-05-23 02:00:00,938.34,955.34,937.18,941.49
1779508800,2026-05-23 04:00:00,941.68,945.88,925.68,930.11
1779516000,2026-05-23 06:00:00,930.03,950.11,926.14,933.96
1779523200,2026-05-23 08:00:00,933.82,935.63,911.49,913.9
1779530400,2026-05-23 10:00:00,913.73,934.72,904.92,929.31
1779537600,2026-05-23 12:00:00,929.26,935.19,922.99,925.29
1779544800,2026-05-23 14:00:00,925.28,927.14,911.01,914.94
1779552000,2026-05-23 16:00:00,915.03,922.81,911.9,917.37
1779559200,2026-05-23 18:00:00,917.7,923.5,907.75,921.24
1779566400,2026-05-23 20:00:00,921.28,929.13,910.71,920.46
1779573600,2026-05-23 22:00:00,920.47,932.81,914.47,924.64
1779580800,2026-05-24 00:00:00,924.71,932.06,914.95,919.26
1779588000,2026-05-24 02:00:00,919.19,923.18,902.48,908.53
1779595200,2026-05-24 04:00:00,908.51,931.95,907.25,931.19
1779602400,2026-05-24 06:00:00,931.16,942.82,919.23,919.33
1779609600,2026-05-24 08:00:00,919.16,945.48,916.77,945.38
1779616800,2026-05-24 10:00:00,945.43,969.1,945.32,953.53
1779624000,2026-05-24 12:00:00,953.65,958.42,943.16,957.83
1779631200,2026-05-24 14:00:00,957.83,966.74,945.84,964.05
1779638400,2026-05-24 16:00:00,963.7,975.91,954.97,968.99
1779645600,2026-05-24 18:00:00,968.76,979.28,962.66,971.03
1779652800,2026-05-24 20:00:00,971.12,971.73,946.35,946.57
1779660000,2026-05-24 22:00:00,946.54,951.62,932.52,933.28
1779667200,2026-05-25 00:00:00,933.45,943.43,925.99,935.01
1779674400,2026-05-25 02:00:00,935.16,935.52,899.19,902.85
1779681600,2026-05-25 04:00:00,902.76,904.69,880.15,880.65
1779688800,2026-05-25 06:00:00,880.55,888.92,869.78,883.49
1779696000,2026-05-25 08:00:00,883.62,900.14,876.52,897.85
1779703200,2026-05-25 10:00:00,897.91,898.94,866.88,872.01
1779710400,2026-05-25 12:00:00,872.06,908.19,871.85,897.59
1779717600,2026-05-25 14:00:00,897.45,921.96,890.85,909.63
1779724800,2026-05-25 16:00:00,909.43,921.51,895.67,918.26
1779732000,2026-05-25 18:00:00,918.11,934.04,916.83,927.2
1779739200,2026-05-25 20:00:00,927.32,954.65,926.2,938.37
1779746400,2026-05-25 22:00:00,938.26,949.7,929.44,945.12
1779753600,2026-05-26 00:00:00,944.97,952.3,936.12,941.04
1779760800,2026-05-26 02:00:00,941.11,960.59,939.72,956.18
1779768000,2026-05-26 04:00:00,956.11,966.93,950.51,951.58
1779775200,2026-05-26 06:00:00,951.7,952.5,913.38,932.97
1779782400,2026-05-26 08:00:00,933.36,943.1,930.76,939.14
1779789600,2026-05-26 10:00:00,938.98,939.85,902.58,904.5
1779796800,2026-05-26 12:00:00,904.49,904.96,873.24,879.69
1779804000,2026-05-26 14:00:00,879.64,882.3,862.71,867.59
1779811200,2026-05-26 16:00:00,867.34,875.97,842.56,851.78
1779818400,2026-05-26 18:00:00,851.77,860.76,844.43,844.61
1779825600,2026-05-26 20:00:00,844.28,863.96,843.12,863.96
1779832800,2026-05-26 22:00:00,863.9,878.69,860.12,867.72
1779840000,2026-05-27 00:00:00,867.98,879.96,863.62,879.9
1779847200,2026-05-27 02:00:00,879.69,886.28,867.16,881.95
1779854400,2026-05-27 04:00:00,882.22,898.23,880.11,898.19
1779861600,2026-05-27 06:00:00,898.19,898.95,876.18,876.26
1779868800,2026-05-27 08:00:00,876.38,903.37,870.99,892.71
1779876000,2026-05-27 10:00:00,892.55,917.69,892.55,900.65
1779883200,2026-05-27 12:00:00,900.54,901.75,866.94,870
1779890400,2026-05-27 14:00:00,869.84,870.26,854.52,858.3
1779897600,2026-05-27 16:00:00,858.36,864.59,850.46,856.96
1779904800,2026-05-27 18:00:00,857.04,865.84,852.33,859.42
1779912000,2026-05-27 20:00:00,859.35,859.35,845.18,847.17
1779919200,2026-05-27 22:00:00,847.31,847.37,833.97,843.56
1779926400,2026-05-28 00:00:00,843.37,853.33,832.2,832.65
1779933600,2026-05-28 02:00:00,832.87,839.05,822.42,825.71
1779940800,2026-05-28 04:00:00,825.81,826.41,798.6,800.95
1779948000,2026-05-28 06:00:00,800.82,819.67,797.5,805.08
1779955200,2026-05-28 08:00:00,805.14,811.62,797.54,805.57
1779962400,2026-05-28 10:00:00,805.81,810.04,793.25,801.51
1779969600,2026-05-28 12:00:00,801.54,820.85,800.43,810.67
1779976800,2026-05-28 14:00:00,810.42,817.55,795.31,797.76
1779984000,2026-05-28 16:00:00,797.48,816.84,787.01,816.13
1779991200,2026-05-28 18:00:00,816.02,831.67,807.97,827.36
1779998400,2026-05-28 20:00:00,827.32,831.83,802.98,803
1780005600,2026-05-28 22:00:00,803.15,819.01,800.12,807.21
1780012800,2026-05-29 00:00:00,807.24,814.12,800.66,808.7
1780020000,2026-05-29 02:00:00,808.85,816.81,801.95,803.5
1780027200,2026-05-29 04:00:00,803.63,818.6,802.41,813.09
1780034400,2026-05-29 06:00:00,812.99,814.58,777.05,781.39
1780041600,2026-05-29 08:00:00,781.29,790.56,773.19,789.86
1780048800,2026-05-29 10:00:00,789.93,793.02,783.91,786.87
1780056000,2026-05-29 12:00:00,786.85,795.97,780.44,792.81
1780063200,2026-05-29 14:00:00,792.95,794.22,771.18,772.72
1780070400,2026-05-29 16:00:00,772.69,793.77,770.86,787.31
1780077600,2026-05-29 18:00:00,787.14,795.37,782.85,784.53
1780084800,2026-05-29 20:00:00,784.35,785.6,762.62,772.49
1780092000,2026-05-29 22:00:00,772.41,788.66,770.87,776.19
1780099200,2026-05-30 00:00:00,776.25,796.82,772.82,794.36
1780106400,2026-05-30 02:00:00,794.47,795.88,772.87,780.77
1780113600,2026-05-30 04:00:00,780.82,793.04,774.5,791.76
1780120800,2026-05-30 06:00:00,791.76,800.69,787.16,788.21
1780128000,2026-05-30 08:00:00,788.33,803.5,783.59,797.51
1780135200,2026-05-30 10:00:00,797.37,814.71,796.29,814.38
1780142400,2026-05-30 12:00:00,814.22,815.76,792.19,812.01
1780149600,2026-05-30 14:00:00,811.99,815.25,803.14,813.02
1780156800,2026-05-30 16:00:00,812.81,816.26,803.2,809.89
1780164000,2026-05-30 18:00:00,809.88,812.01,794.72,806.59
1780171200,2026-05-30 20:00:00,806.51,832.5,806.51,831.12
1780178400,2026-05-30 22:00:00,831.05,852.72,829.7,842.99
1780185600,2026-05-31 00:00:00,843.05,855.83,837.09,838.24
1780192800,2026-05-31 02:00:00,838.32,855.22,833.09,854.37
1780200000,2026-05-31 04:00:00,854.43,878,850.3,869.74
1780207200,2026-05-31 06:00:00,869.96,876.81,862.84,866.13
1780214400,2026-05-31 08:00:00,866.28,880.81,863.16,867.1
1780221600,2026-05-31 10:00:00,867.14,878.85,861.19,875.83
1780228800,2026-05-31 12:00:00,875.88,877.82,843.94,845.67
1780236000,2026-05-31 14:00:00,845.55,856.98,840.5,848.22
1780243200,2026-05-31 16:00:00,848.37,865.15,835.08,861.08
1780250400,2026-05-31 18:00:00,861.43,866.29,845.57,856.78
1780257600,2026-05-31 20:00:00,856.45,864.91,852,856.8
1780264800,2026-05-31 22:00:00,856.73,868.3,853.89,858.64
1780272000,2026-06-01 00:00:00,858.61,877.28,856.4,876.94
1780279200,2026-06-01 02:00:00,877.26,911.48,875.43,895.11
1780286400,2026-06-01 04:00:00,894.84,902.72,865.54,882.95
1780293600,2026-06-01 06:00:00,883.13,892.16,872.32,887.59
1780300800,2026-06-01 08:00:00,887.48,891.6,873.15,878.43
1780308000,2026-06-01 10:00:00,878.27,878.27,858.23,870.89
1780315200,2026-06-01 12:00:00,871.16,879.54,862.98,868.28
1780322400,2026-06-01 14:00:00,868.27,880.08,860.23,873.78
1780329600,2026-06-01 16:00:00,873.71,894.39,866.59,892.23
1780336800,2026-06-01 18:00:00,892.07,910.14,885.2,904.3
1780344000,2026-06-01 20:00:00,904.31,926.16,904.09,920.05
1780351200,2026-06-01 22:00:00,919.99,924.8,890.96,893.14
1780358400,2026-06-02 00:00:00,893.36,910.64,889.57,901.05
1780365600,2026-06-02 02:00:00,901.21,910.14,891.49,894.5
1780372800,2026-06-02 04:00:00,894.17,903.41,886.45,899.06
1780380000,2026-06-02 06:00:00,899.01,926.87,894.69,921.88
1780387200,2026-06-02 08:00:00,921.85,923.47,896.01,897.33
1780394400,2026-06-02 10:00:00,897.29,899.59,876.55,880.87
1780401600,2026-06-02 12:00:00,881.13,881.46,846.1,852.23
1780408800,2026-06-02 14:00:00,852.16,862.73,842.41,847.89
1780416000,2026-06-02 16:00:00,847.97,854.44,843.78,848.47
1780423200,2026-06-02 18:00:00,848.23,857.92,820.22,821.01
1780430400,2026-06-02 20:00:00,821.15,827.82,810.56,820.54
1780437600,2026-06-02 22:00:00,820.74,826.52,809.36,822.17
1780444800,2026-06-03 00:00:00,822,822,806,807.95
1780452000,2026-06-03 02:00:00,807.84,833.51,805.85,829.53
1780459200,2026-06-03 04:00:00,829.41,841.18,825.68,827.06
1780466400,2026-06-03 06:00:00,826.71,831.73,818.89,824.84
1780473600,2026-06-03 08:00:00,825.13,830.93,818.18,822.73
1780480800,2026-06-03 10:00:00,822.66,823.71,801.5,804.62
1780488000,2026-06-03 12:00:00,804.89,821.77,799.33,821.23
1780495200,2026-06-03 14:00:00,821.05,832.16,816.85,827.75
1780502400,2026-06-03 16:00:00,827.72,827.72,807.03,809.23
1780509600,2026-06-03 18:00:00,809.45,830.52,804.37,827.41
1780516800,2026-06-03 20:00:00,827.51,841.31,822.6,829.2
1780524000,2026-06-03 22:00:00,829.28,836.2,820.6,823.06
1780531200,2026-06-04 00:00:00,823,823.78,804.07,806.72
1780538400,2026-06-04 02:00:00,806.73,837.4,806.38,833.1
1780545600,2026-06-04 04:00:00,832.79,835.04,811.19,817.76
1780552800,2026-06-04 06:00:00,817.65,824.99,813.7,816.49
1780560000,2026-06-04 08:00:00,816.41,836.09,815.36,829.51
1780567200,2026-06-04 10:00:00,829.42,848.48,828.61,835.81
1780574400,2026-06-04 12:00:00,835.82,848.86,830.84,844.8
1780581600,2026-06-04 14:00:00,844.98,847.58,821.95,833.51
1780588800,2026-06-04 16:00:00,833.54,837.27,818.53,832.09
1780596000,2026-06-04 18:00:00,832.27,835.16,819.01,831.61
1780603200,2026-06-04 20:00:00,831.71,853.02,822.94,852.48
1780610400,2026-06-04 22:00:00,852.56,868.49,849.76,861.5
1780617600,2026-06-05 00:00:00,861.5,864.9,839.92,842.65
1780624800,2026-06-05 02:00:00,842.77,848.7,834,847.42
1780632000,2026-06-05 04:00:00,847.44,853.19,835.35,842.87
1780639200,2026-06-05 06:00:00,842.96,856.58,829.57,832.69
1780646400,2026-06-05 08:00:00,832.54,838.41,817.82,822.33
1780653600,2026-06-05 10:00:00,822.55,823.21,801.36,804.97
1780660800,2026-06-05 12:00:00,804.9,805.38,785.52,792.68
1780668000,2026-06-05 14:00:00,792.65,802.54,789.93,801.64
1780675200,2026-06-05 16:00:00,801.76,807.78,781.98,786.88
1780682400,2026-06-05 18:00:00,786.92,792.19,768.22,768.22
1780689600,2026-06-05 20:00:00,768.22,775.66,760.18,769.65
1780696800,2026-06-05 22:00:00,769.5,772.44,743.37,747.21
1780704000,2026-06-06 00:00:00,747.3,756.75,739.05,739.51
1780711200,2026-06-06 02:00:00,739.69,740.12,723.76,731.41
1780718400,2026-06-06 04:00:00,731.41,744.89,726.69,742.54
1780725600,2026-06-06 06:00:00,742.64,742.83,726.67,738.85
1780732800,2026-06-06 08:00:00,738.8,740.1,723.55,739.69
1780740000,2026-06-06 10:00:00,739.84,746.32,734.7,745.26
1780747200,2026-06-06 12:00:00,745.05,747.1,728.2,732.05
1780754400,2026-06-06 14:00:00,731.97,741.67,722.23,734.01
1780761600,2026-06-06 16:00:00,734.07,753.32,731.2,748.71
1780768800,2026-06-06 18:00:00,748.61,750.22,715.22,715.86
1780776000,2026-06-06 20:00:00,715.89,728.71,713.51,715.71
1780783200,2026-06-06 22:00:00,715.79,717.11,695.62,708.55
1780790400,2026-06-07 00:00:00,708.76,715.29,698.62,710.16
1780797600,2026-06-07 02:00:00,710.32,722.81,709.6,715.67
1780804800,2026-06-07 04:00:00,715.7,729.27,710.81,716.6
1780812000,2026-06-07 06:00:00,716.52,728.43,712.79,720.39
1780819200,2026-06-07 08:00:00,720.39,720.96,704.33,706.53
1780826400,2026-06-07 10:00:00,706.68,708.98,698.32,703.82
1780833600,2026-06-07 12:00:00,703.9,711.03,695.44,698.27
1780840800,2026-06-07 14:00:00,698.26,711.02,692.8,708.36
1780848000,2026-06-07 16:00:00,708.33,711.5,697.02,701.22
1780855200,2026-06-07 18:00:00,701.17,711.55,695.61,711.4
1780862400,2026-06-07 20:00:00,711.15,715.44,704.71,715.15
1780869600,2026-06-07 22:00:00,715.12,719.72,704.45,707.72
1780876800,2026-06-08 00:00:00,708.03,718.26,701.65,717.49
1780884000,2026-06-08 02:00:00,717.71,725.82,705.92,712.73
1780891200,2026-06-08 04:00:00,713.04,717.84,702.93,707.9
1780898400,2026-06-08 06:00:00,708.02,715.56,699.8,713.11
1780905600,2026-06-08 08:00:00,713.18,719.15,700.36,710.12
1780912800,2026-06-08 10:00:00,710.09,720.32,707.39,707.78
1780920000,2026-06-08 12:00:00,707.81,723.77,705.86,721.86
1780927200,2026-06-08 14:00:00,721.88,724.11,703.17,705.58
1780934400,2026-06-08 16:00:00,705.5,722.78,705,722.33
1780941600,2026-06-08 18:00:00,722.33,723.08,709.95,713.35
1780948800,2026-06-08 20:00:00,713.45,727.72,707.63,718.72
1780956000,2026-06-08 22:00:00,718.73,723.62,711.53,717.34
1780963200,2026-06-09 00:00:00,717.46,722.43,703.8,709.22
1780970400,2026-06-09 02:00:00,708.93,717.35,703.94,706.68
1780977600,2026-06-09 04:00:00,706.53,713.48,701.82,713.01
1780984800,2026-06-09 06:00:00,712.93,719.81,705.34,711.43
1780992000,2026-06-09 08:00:00,711.63,713.84,695.8,713.84
1780999200,2026-06-09 10:00:00,714.06,721.01,705.05,719.24
1781006400,2026-06-09 12:00:00,718.86,719.84,707,711.96
1781013600,2026-06-09 14:00:00,712.05,712.23,687.45,689.56
1781020800,2026-06-09 16:00:00,689.51,715.16,689.51,711.75
1781028000,2026-06-09 18:00:00,711.71,724.89,711.12,722.76
1781035200,2026-06-09 20:00:00,722.8,735.88,717.68,733.26
1781042400,2026-06-09 22:00:00,733.21,738.07,713.78,714.4
1781049600,2026-06-10 00:00:00,714.47,717.48,689.27,693.15
1781056800,2026-06-10 02:00:00,693.22,710.1,692.87,707.37
1781064000,2026-06-10 04:00:00,707.15,717.01,700.43,709
1781071200,2026-06-10 06:00:00,708.99,718.47,706.45,718.21
1781078400,2026-06-10 08:00:00,718.46,723.89,712.15,715.08
1781085600,2026-06-10 10:00:00,715.05,729.93,713.14,724.94
1781092800,2026-06-10 12:00:00,724.87,726.77,713.48,716.38
1781100000,2026-06-10 14:00:00,716.37,733,713.27,727.75
1781107200,2026-06-10 16:00:00,727.58,743.42,726.92,740.6
1781114400,2026-06-10 18:00:00,740.5,742.31,728.23,741.78
1781121600,2026-06-10 20:00:00,742.02,745.02,731.66,736.45
1781128800,2026-06-10 22:00:00,736.39,746.64,732.82,746.17
1781136000,2026-06-11 00:00:00,746.17,746.76,727.86,728.71
1781143200,2026-06-11 02:00:00,728.89,730.46,717.98,728.03
1781150400,2026-06-11 04:00:00,728.22,733.65,718.39,720.75
1781157600,2026-06-11 06:00:00,720.89,730.45,716.84,724.72
1781164800,2026-06-11 08:00:00,724.67,733.68,716.69,719.65
1781172000,2026-06-11 10:00:00,719.66,722.48,709.71,722.29
1781179200,2026-06-11 12:00:00,722.44,723.59,700.15,705.03
1781186400,2026-06-11 14:00:00,705.04,715.81,703.23,708.39
1781193600,2026-06-11 16:00:00,708.24,725.38,706.35,712.66
1781200800,2026-06-11 18:00:00,712.5,723.31,704.3,710.64
1781208000,2026-06-11 20:00:00,710.69,712.34,695.32,698.83
1781215200,2026-06-11 22:00:00,699.04,700.03,681.97,686.85
1781222400,2026-06-12 00:00:00,686.81,689.31,676.92,678.16
1781229600,2026-06-12 02:00:00,678.18,688.96,676.92,679.9
1781236800,2026-06-12 04:00:00,679.99,687.17,678.18,681.98
1781244000,2026-06-12 06:00:00,682.1,697.42,678.87,695.6
1781251200,2026-06-12 08:00:00,695.81,702.84,687.42,694.6
1781258400,2026-06-12 10:00:00,694.68,704.76,689.11,691.76
1781265600,2026-06-12 12:00:00,691.82,699.42,689.38,691.23
1781272800,2026-06-12 14:00:00,691.26,708.64,684.34,707.22
1781280000,2026-06-12 16:00:00,707.47,710.38,693.8,699.74
1781287200,2026-06-12 18:00:00,699.72,706.88,686.3,702.6
1781294400,2026-06-12 20:00:00,702.66,735.2,702.63,728.22
1781301600,2026-06-12 22:00:00,728.32,753.53,723.72,753.08
1781308800,2026-06-13 00:00:00,753.11,753.39,732.22,732.9
1781316000,2026-06-13 02:00:00,733.13,736.57,724.22,726.31
1781323200,2026-06-13 04:00:00,726.29,732.19,716.49,728.97
1781330400,2026-06-13 06:00:00,729.16,731.13,713.03,718.2
1781337600,2026-06-13 08:00:00,718.45,720.78,703.96,705.91
1781344800,2026-06-13 10:00:00,706.03,717.53,705.34,711.84
1781352000,2026-06-13 12:00:00,711.99,714.55,698.44,700.65
1781359200,2026-06-13 14:00:00,700.52,700.79,674.5,684.78
1781366400,2026-06-13 16:00:00,684.81,693.42,675.52,690.66
1781373600,2026-06-13 18:00:00,690.5,733.46,690.24,718.7
1781380800,2026-06-13 20:00:00,718.6,724.95,713.56,719.66
1781388000,2026-06-13 22:00:00,719.87,720,697.91,699.18
1781395200,2026-06-14 00:00:00,699.11,700.42,687.11,698.46
1781402400,2026-06-14 02:00:00,698.61,707.92,691.11,706.88
1781409600,2026-06-14 04:00:00,707.08,708.57,679.99,685.51
1781416800,2026-06-14 06:00:00,685.55,702.23,685.42,701.33
1781424000,2026-06-14 08:00:00,701.35,704.01,689.45,699.17
1781431200,2026-06-14 10:00:00,699,704.76,675.77,685.24
1781438400,2026-06-14 12:00:00,685.25,685.25,660.12,665.61
1781445600,2026-06-14 14:00:00,665.7,680.41,654.24,680.37
1781452800,2026-06-14 16:00:00,680.25,689.69,675.93,686.76
1781460000,2026-06-14 18:00:00,686.69,689.88,673.25,678.27
1781467200,2026-06-14 20:00:00,678.43,679.64,659.43,660.03
1781474400,2026-06-14 22:00:00,660.12,671.37,655.99,668.86
1781481600,2026-06-15 00:00:00,668.95,704.62,668.92,702.93
1781488800,2026-06-15 02:00:00,703.05,723.01,695,717.1
1781496000,2026-06-15 04:00:00,717.29,744.75,714.96,739.56
1781503200,2026-06-15 06:00:00,739.72,742.29,730.39,733.37
1781510400,2026-06-15 08:00:00,733.26,745.54,729.09,739.41
1781517600,2026-06-15 10:00:00,739.38,745.7,735.65,737.76
1781524800,2026-06-15 12:00:00,737.88,743.02,730.42,742.22
1781532000,2026-06-15 14:00:00,742.11,751.35,730.18,731.43
1781539200,2026-06-15 16:00:00,731.46,745.05,730.83,744.25
1781546400,2026-06-15 18:00:00,744.28,745.31,724.37,732.78
1781553600,2026-06-15 20:00:00,732.82,754.13,729.6,749.28
1781560800,2026-06-15 22:00:00,748.97,767.45,747.16,757.31
1781568000,2026-06-16 00:00:00,757.28,758.34,730.62,733.01
1781575200,2026-06-16 02:00:00,733,741.62,726.9,740.68
1781582400,2026-06-16 04:00:00,740.62,759.24,736.47,752.56
1781589600,2026-06-16 06:00:00,752.44,760.52,745.98,757.69
1781596800,2026-06-16 08:00:00,757.98,770.83,752.24,770.35
1781604000,2026-06-16 10:00:00,770.5,774.83,760.36,772.49
1781611200,2026-06-16 12:00:00,772.51,785.48,772.31,781.57
1781618400,2026-06-16 14:00:00,781.6,804.85,776.19,803.24
1781625600,2026-06-16 16:00:00,803.31,807.25,785.44,789.08
1781632800,2026-06-16 18:00:00,789.05,799.63,784.12,789.66
1781640000,2026-06-16 20:00:00,789.62,794.54,773.17,794.1
1781647200,2026-06-16 22:00:00,794.18,801.04,784.01,786.26
1781654400,2026-06-17 00:00:00,786.13,800.97,783.65,800.37
1781661600,2026-06-17 02:00:00,800.41,823.13,798.89,822.63
1781668800,2026-06-17 04:00:00,822.85,830.82,816.99,828.97
1781676000,2026-06-17 06:00:00,828.8,831.07,809.97,820.02
1781683200,2026-06-17 08:00:00,819.89,825.98,815.83,820.77
1781690400,2026-06-17 10:00:00,820.77,833.11,812.43,833.06
1781697600,2026-06-17 12:00:00,832.9,839.35,822.98,838.83
1781704800,2026-06-17 14:00:00,838.75,840.98,815.52,828.28
1781712000,2026-06-17 16:00:00,828.39,844.56,828.38,844.33
1781719200,2026-06-17 18:00:00,844.39,853.71,832.44,833.86
1781726400,2026-06-17 20:00:00,833.87,835.68,807.76,807.76
1781733600,2026-06-17 22:00:00,807.58,816.23,800.56,805.75
1781740800,2026-06-18 00:00:00,805.68,820.5,798.39,820.45
1781748000,2026-06-18 02:00:00,820.22,829.91,802.17,802.24
1781755200,2026-06-18 04:00:00,802.33,813.35,790.26,790.97
1781762400,2026-06-18 06:00:00,791.03,814.22,788.66,805.35
1781769600,2026-06-18 08:00:00,805.1,809.76,787.81,791.56
1781776800,2026-06-18 10:00:00,791.48,791.7,769.63,772.42
1781784000,2026-06-18 12:00:00,772.48,780.23,762.08,762.37
1781791200,2026-06-18 14:00:00,762.33,764.12,735.63,740.09
1781798400,2026-06-18 16:00:00,740.11,741.82,723.84,725.56
1781805600,2026-06-18 18:00:00,725.45,751.18,725.31,740.57
1781812800,2026-06-18 20:00:00,740.62,744.64,732.83,735.03
1781820000,2026-06-18 22:00:00,735.13,735.77,720.47,721.83
1781827200,2026-06-19 00:00:00,722.03,734.9,716.06,724.41
1781834400,2026-06-19 02:00:00,724.29,738.08,722.03,734.5
1781841600,2026-06-19 04:00:00,734.52,744.89,731.72,737.38
1781848800,2026-06-19 06:00:00,737.4,744.71,730.92,738.35
1781856000,2026-06-19 08:00:00,738.38,740.38,725.87,728.52
1781863200,2026-06-19 10:00:00,728.43,736.89,725.59,734.32
1781870400,2026-06-19 12:00:00,734.39,745.47,729.53,734.39
1781877600,2026-06-19 14:00:00,734.39,751.79,731.2,746.47
1781884800,2026-06-19 16:00:00,746.54,768.52,744.53,759.92
1781892000,2026-06-19 18:00:00,760.02,762.09,745.72,756.18
1781899200,2026-06-19 20:00:00,756.08,756.24,735.26,743.46
1781906400,2026-06-19 22:00:00,743.42,755.37,740.19,743.48
1781913600,2026-06-20 00:00:00,743.31,754.79,738.82,742.22
1781920800,2026-06-20 02:00:00,742.54,743.59,725.25,727.63
1781928000,2026-06-20 04:00:00,727.47,737.41,718.92,725.38
1781935200,2026-06-20 06:00:00,725.16,729,714.48,727.18
1781942400,2026-06-20 08:00:00,727.06,730.86,715.18,716.94
1781949600,2026-06-20 10:00:00,716.85,719.4,705.11,706.66
1781956800,2026-06-20 12:00:00,706.51,710.68,698.96,703.54
1781964000,2026-06-20 14:00:00,703.68,716.85,701.1,713.18
1781971200,2026-06-20 16:00:00,713.38,725.91,704.47,725.86
1781978400,2026-06-20 18:00:00,725.84,737.56,724.87,733.85
1781985600,2026-06-20 20:00:00,733.87,750.84,732.65,746.48
1781992800,2026-06-20 22:00:00,746.62,777.19,746.62,769.01
1782000000,2026-06-21 00:00:00,769.27,782.28,763.86,780.77
1782007200,2026-06-21 02:00:00,781.06,795.96,780.12,790.38
1782014400,2026-06-21 04:00:00,790.4,793.93,776.17,785
1782021600,2026-06-21 06:00:00,785.08,791.46,775.52,777.95
1782028800,2026-06-21 08:00:00,777.99,784.45,764.71,778.81
1782036000,2026-06-21 10:00:00,778.85,783.92,765.98,767.63
1782043200,2026-06-21 12:00:00,767.47,770.71,744.53,748.39
1782050400,2026-06-21 14:00:00,748.34,749.73,734.53,735.91
1782057600,2026-06-21 16:00:00,735.95,748.59,734.38,736.28
1782064800,2026-06-21 18:00:00,736.36,750.3,730.18,737.32
1782072000,2026-06-21 20:00:00,737.3,744.81,730.99,744.05
1782079200,2026-06-21 22:00:00,743.94,750.6,736.44,738.24
1782086400,2026-06-22 00:00:00,738.33,755.16,738.19,741.59
1782093600,2026-06-22 02:00:00,741.59,766.31,740.39,756.8
1782100800,2026-06-22 04:00:00,756.78,765.18,744.78,746.04
1782108000,2026-06-22 06:00:00,746.14,752.73,736.24,745.1
1782115200,2026-06-22 08:00:00,745.12,757.91,741.39,757.21
1782122400,2026-06-22 10:00:00,757.43,764.39,751.97,758.4
1782129600,2026-06-22 12:00:00,758.58,765.36,753.62,754.98
1782136800,2026-06-22 14:00:00,755.14,775.85,754.5,765.99
1782144000,2026-06-22 16:00:00,765.94,773.27,760.7,767.58
1782151200,2026-06-22 18:00:00,767.82,771.59,760.69,766.16
1782158400,2026-06-22 20:00:00,766.14,766.15,749.26,757.6
1782165600,2026-06-22 22:00:00,757.72,774.26,754.85,769.25
1782172800,2026-06-23 00:00:00,769.36,770.81,750.75,758.31
1782180000,2026-06-23 02:00:00,758.42,780.8,751.86,777.3
1782187200,2026-06-23 04:00:00,777.26,786.5,770.93,771.39
1782194400,2026-06-23 06:00:00,771.43,778.96,768.08,770.77
1782201600,2026-06-23 08:00:00,770.63,773.38,757.43,759.92
1782208800,2026-06-23 10:00:00,759.99,760.97,749.37,752.58
1782216000,2026-06-23 12:00:00,752.26,756.7,723.71,726.33
1782223200,2026-06-23 14:00:00,726.39,729.45,718.14,728.96
1782230400,2026-06-23 16:00:00,729.03,766.92,727.8,762.23
1782237600,2026-06-23 18:00:00,762.28,762.65,736.85,746.6
1782244800,2026-06-23 20:00:00,746.71,746.83,729.33,737.81
1782252000,2026-06-23 22:00:00,737.75,759.25,733.39,755.31
1782259200,2026-06-24 00:00:00,755.26,785.7,755.26,784.84
1782266400,2026-06-24 02:00:00,784.76,792,775.69,784.05
1782273600,2026-06-24 04:00:00,784.2,812.12,783.63,800.93
1782280800,2026-06-24 06:00:00,800.79,801.85,781.96,786.19
1782288000,2026-06-24 08:00:00,786.22,790.65,777.73,781.15
1782295200,2026-06-24 10:00:00,781.01,783.8,759.93,773.48
1782302400,2026-06-24 12:00:00,773.42,783.06,765.86,781.12
1782309600,2026-06-24 14:00:00,781.11,789.58,768.04,768.62
1782316800,2026-06-24 16:00:00,768.77,796.28,768.18,786.59
1782324000,2026-06-24 18:00:00,786.65,789.91,772.46,778.29
1782331200,2026-06-24 20:00:00,778.42,778.54,762.75,770.56
1782338400,2026-06-24 22:00:00,770.83,790.92,769.08,788.42
1782345600,2026-06-25 00:00:00,788.49,807.38,783.87,797.25
1782352800,2026-06-25 02:00:00,797.36,813.65,791.51,812.49
1782360000,2026-06-25 04:00:00,812.67,821.65,797.14,799.54
1782367200,2026-06-25 06:00:00,799.58,806.51,787.5,791.73
1782374400,2026-06-25 08:00:00,791.68,798.82,783.97,790.42
1782381600,2026-06-25 10:00:00,790.63,808.64,790.63,802.96
1782388800,2026-06-25 12:00:00,802.52,807.68,783.7,783.85
1782396000,2026-06-25 14:00:00,783.77,787.21,770.94,785.84
1782403200,2026-06-25 16:00:00,785.87,786.03,772.09,779.53
1782410400,2026-06-25 18:00:00,779.56,779.71,760.64,770.08
1782417600,2026-06-25 20:00:00,769.89,772.53,758.38,760.81
1782424800,2026-06-25 22:00:00,760.94,774.4,759.59,768.56
1782432000,2026-06-26 00:00:00,768.24,784.01,763.75,783.9
1782439200,2026-06-26 02:00:00,783.95,796.74,780.27,787.82
1782446400,2026-06-26 04:00:00,787.87,796.38,774.95,778.04
1782453600,2026-06-26 06:00:00,777.91,784.06,761.54,767.48
1782460800,2026-06-26 08:00:00,767.54,773.09,757.4,757.49
1782468000,2026-06-26 10:00:00,757.41,766.57,748.83,757.9
1782475200,2026-06-26 12:00:00,757.87,758.42,720.46,730.46
1782482400,2026-06-26 14:00:00,730.56,738.79,727.3,729.57
1782489600,2026-06-26 16:00:00,729.73,752.39,729.62,747.03
1782496800,2026-06-26 18:00:00,747.11,767.86,746.28,765.79
1782504000,2026-06-26 20:00:00,765.87,773.94,747.85,752.45
1782511200,2026-06-26 22:00:00,752.38,754.87,729.08,735.85
1782518400,2026-06-27 00:00:00,735.84,740.27,727.16,730.54
1782525600,2026-06-27 02:00:00,730.62,752.12,729.77,750
1782532800,2026-06-27 04:00:00,750.17,754.92,741.19,745.67
1782540000,2026-06-27 06:00:00,745.84,757.71,740.75,755.41
1782547200,2026-06-27 08:00:00,755.19,765.7,750.85,764.03
1782554400,2026-06-27 10:00:00,764.25,780.92,762.2,774.15
1782561600,2026-06-27 12:00:00,774.22,789.37,772.66,785.11
1782568800,2026-06-27 14:00:00,785.14,785.2,766,774.87
1782576000,2026-06-27 16:00:00,774.87,775.96,759.62,762.67
1782583200,2026-06-27 18:00:00,762.86,782.84,760.63,781.44
1782590400,2026-06-27 20:00:00,781.58,797.43,779.62,781.88
1782597600,2026-06-27 22:00:00,782.1,790.56,775.91,790.22
1782604800,2026-06-28 00:00:00,790.36,804.2,787.27,788.99
1782612000,2026-06-28 02:00:00,789.02,806.37,786.54,798.6
1782619200,2026-06-28 04:00:00,798.55,817.08,795.46,804.96
1782626400,2026-06-28 06:00:00,805.01,807.57,790.87,793.74
1782633600,2026-06-28 08:00:00,793.79,818.13,786.36,810.93
1782640800,2026-06-28 10:00:00,810.94,832.4,810.94,813.88
1782648000,2026-06-28 12:00:00,813.85,823.87,809.93,819.42
1782655200,2026-06-28 14:00:00,819.27,823.71,800.9,801.55
1782662400,2026-06-28 16:00:00,801.76,813.57,794.54,812.35
1782669600,2026-06-28 18:00:00,812.46,819.36,805.21,809.06
1782676800,2026-06-28 20:00:00,808.99,809.85,796.6,801.43
1782684000,2026-06-28 22:00:00,801.42,803.15,790.66,799.18
1782691200,2026-06-29 00:00:00,799.37,805.08,784.22,788.83
1782698400,2026-06-29 02:00:00,788.9,811.81,787.61,810.4
1782705600,2026-06-29 04:00:00,810.63,813.21,800.05,808.53
1782712800,2026-06-29 06:00:00,808.71,823.42,805.82,820.13
1782720000,2026-06-29 08:00:00,819.99,850.81,817.41,845.94
1782727200,2026-06-29 10:00:00,846.1,865.97,844.91,862.7
1782734400,2026-06-29 12:00:00,862.5,881.4,860.49,873.82
1782741600,2026-06-29 14:00:00,873.84,881.57,863.38,871.04
1782748800,2026-06-29 16:00:00,871.03,871.56,843.81,843.95
1782756000,2026-06-29 18:00:00,843.88,845.85,824.96,836.54
1782763200,2026-06-29 20:00:00,836.55,865.84,833.02,860.38
1782770400,2026-06-29 22:00:00,860.42,864.46,849.86,855.85
1782777600,2026-06-30 00:00:00,855.75,860.64,842.74,855.92
1782784800,2026-06-30 02:00:00,855.71,874.43,852.1,867.85
1782792000,2026-06-30 04:00:00,867.85,871.73,850.28,856.07
1782799200,2026-06-30 06:00:00,855.97,862.32,846.01,858.82
1782806400,2026-06-30 08:00:00,859.08,860.01,837.02,838.9
1782813600,2026-06-30 10:00:00,838.61,861.88,838.61,859.18
1782820800,2026-06-30 12:00:00,859.23,868.83,851.55,859.1
1782828000,2026-06-30 14:00:00,859.3,874.62,857.75,864.11
1782835200,2026-06-30 16:00:00,864.06,869.46,852.42,856.04
1782842400,2026-06-30 18:00:00,856.03,857.27,827.14,831.23
1782849600,2026-06-30 20:00:00,831.29,835.77,813.64,825.52
1782856800,2026-06-30 22:00:00,825.3,831.17,813.66,816.56
1782864000,2026-07-01 00:00:00,816.76,829.31,814.68,817.54
1782871200,2026-07-01 02:00:00,817.53,825.85,815.4,817.45
1782878400,2026-07-01 04:00:00,817.46,829.39,808.67,809.65
1782885600,2026-07-01 06:00:00,809.57,819.76,800.7,806.78
1782892800,2026-07-01 08:00:00,807.06,822.53,805.41,811.08
1782900000,2026-07-01 10:00:00,810.89,818.13,806.5,813.86
1782907200,2026-07-01 12:00:00,813.62,820.17,799.77,806.92
1782914400,2026-07-01 14:00:00,806.82,813.55,798.22,810.12
1782921600,2026-07-01 16:00:00,810.11,814.3,797.24,811.1
1782928800,2026-07-01 18:00:00,811.02,827.02,806.09,824.99
1782936000,2026-07-01 20:00:00,825.07,827.31,801.66,804.83
1782943200,2026-07-01 22:00:00,804.77,808.23,773.88,773.95
1782950400,2026-07-02 00:00:00,773.79,787.72,766.42,786.9
1782957600,2026-07-02 02:00:00,786.79,790.62,774.63,787.57
1782964800,2026-07-02 04:00:00,787.68,795.75,778.96,788.43
1782972000,2026-07-02 06:00:00,788.42,816.6,787.55,812.67
1782979200,2026-07-02 08:00:00,812.86,815,804.89,809.21
1782986400,2026-07-02 10:00:00,808.97,812.36,794.11,800.71
1782993600,2026-07-02 12:00:00,800.94,806.09,795.87,801.56
1783000800,2026-07-02 14:00:00,801.56,821.02,798.84,819.77
1783008000,2026-07-02 16:00:00,819.62,840.11,816.58,839.15
1783015200,2026-07-02 18:00:00,839.17,840.4,817.69,830.39
1783022400,2026-07-02 20:00:00,830.27,834.61,818.42,818.49
1783029600,2026-07-02 22:00:00,818.56,822.27,804.3,806.31
1783036800,2026-07-03 00:00:00,806.31,810.86,797.7,807.18
1783044000,2026-07-03 02:00:00,807.05,824.17,804.03,813.02
1783051200,2026-07-03 04:00:00,813,818.27,802.96,805.79
1783058400,2026-07-03 06:00:00,805.86,807.09,793.96,794.69
1783065600,2026-07-03 08:00:00,794.71,797.35,782.59,787.7
1783072800,2026-07-03 10:00:00,787.48,792.71,774.88,791.15
1783080000,2026-07-03 12:00:00,790.88,798.12,773.94,781.46
1783087200,2026-07-03 14:00:00,781.43,790.93,774.16,784.31
1783094400,2026-07-03 16:00:00,783.99,784.83,773.3,776
1783101600,2026-07-03 18:00:00,775.99,785.18,767.92,783.16
1783108800,2026-07-03 20:00:00,783.04,784.89,761.51,761.51
1783116000,2026-07-03 22:00:00,761.54,771.43,749.86,771.42
1783123200,2026-07-04 00:00:00,771.42,774.9,753.48,756.8
1783130400,2026-07-04 02:00:00,756.83,770.16,750.87,751.33
1783137600,2026-07-04 04:00:00,751.25,760.24,745.73,749.08
1783144800,2026-07-04 06:00:00,748.92,749.56,735.12,746.2
1783152000,2026-07-04 08:00:00,746.07,749.08,731.85,743.39
1783159200,2026-07-04 10:00:00,743.18,751.81,738.47,748.23
1783166400,2026-07-04 12:00:00,748.42,772.41,745.76,769.76
1783173600,2026-07-04 14:00:00,769.61,781.16,767.76,774.52
1783180800,2026-07-04 16:00:00,774.71,785.16,772.33,781.35
1783188000,2026-07-04 18:00:00,781.31,784.91,759.26,760.62
1783195200,2026-07-04 20:00:00,760.55,767.35,758.36,761.49
1783202400,2026-07-04 22:00:00,761.33,764.48,752.35,755.68
1783209600,2026-07-05 00:00:00,755.87,770.95,753.13,764.23
1783216800,2026-07-05 02:00:00,764.28,790.12,763.9,787.85
1783224000,2026-07-05 04:00:00,787.83,806.85,787.2,800.72
1783231200,2026-07-05 06:00:00,800.74,813.64,789.96,808.84
1783238400,2026-07-05 08:00:00,808.72,814.79,804.58,811.32
1783245600,2026-07-05 10:00:00,811.31,812.28,784.6,795.42
1783252800,2026-07-05 12:00:00,795.27,812.74,789.85,807.32
1783260000,2026-07-05 14:00:00,807.37,815.1,803.21,808.58
1783267200,2026-07-05 16:00:00,808.6,823.28,806.12,816.41
1783274400,2026-07-05 18:00:00,816.69,817.55,793.14,796.01
1783281600,2026-07-05 20:00:00,795.83,804.81,789.87,799.04
1783288800,2026-07-05 22:00:00,799.07,801.94,783.32,791.63
1783296000,2026-07-06 00:00:00,791.75,797.74,782.33,797.31
1783303200,2026-07-06 02:00:00,797.15,806.08,785.8,788.12
1783310400,2026-07-06 04:00:00,788.17,810.55,786.04,809.73
1783317600,2026-07-06 06:00:00,809.73,814.92,799.78,800.16
1783324800,2026-07-06 08:00:00,800.18,815,796.89,813.95
1783332000,2026-07-06 10:00:00,813.77,815.13,804.77,809.48
1783339200,2026-07-06 12:00:00,809.28,816.04,805.02,813.1
1783346400,2026-07-06 14:00:00,813.14,822.95,802.98,822.83
1783353600,2026-07-06 16:00:00,822.83,845.56,817.95,833.24
1783360800,2026-07-06 18:00:00,833.13,841.83,826.65,830.97
1783368000,2026-07-06 20:00:00,831.13,846.53,829.15,842.58
1783375200,2026-07-06 22:00:00,842.63,876.5,842.03,875.16
1783382400,2026-07-07 00:00:00,875.05,893.02,874.69,881.99
1783389600,2026-07-07 02:00:00,882,884.62,865.02,865.5
1783396800,2026-07-07 04:00:00,865.5,880.82,863.37,878.99
1783404000,2026-07-07 06:00:00,878.98,886.83,860.17,876.7
1783411200,2026-07-07 08:00:00,876.77,891.21,869.56,887.51
1783418400,2026-07-07 10:00:00,887.49,891.35,876.54,891.08
1783425600,2026-07-07 12:00:00,890.87,897.95,882.94,895.61
1783432800,2026-07-07 14:00:00,895.48,897.23,877.25,882.32
1783440000,2026-07-07 16:00:00,882.21,910.13,880.45,909.73
1783447200,2026-07-07 18:00:00,909.66,909.71,884.67,900.48
1783454400,2026-07-07 20:00:00,900.28,903.51,884.55,892.34
1783461600,2026-07-07 22:00:00,892.27,902.12,883.95,886.85
1783468800,2026-07-08 00:00:00,886.77,893.12,878.99,887.81
1783476000,2026-07-08 02:00:00,887.62,894.47,877.47,889.68
1783483200,2026-07-08 04:00:00,889.73,890.62,857.07,861.63
1783490400,2026-07-08 06:00:00,861.48,870.32,855.94,864.93
1783497600,2026-07-08 08:00:00,864.7,873.7,858.04,873.19
1783504800,2026-07-08 10:00:00,873.48,883.17,852.72,857.76
1783512000,2026-07-08 12:00:00,857.95,875.53,857.1,867.3
1783519200,2026-07-08 14:00:00,866.94,870.2,857.18,864.9
1783526400,2026-07-08 16:00:00,864.92,878.57,860.95,872.71
1783533600,2026-07-08 18:00:00,872.64,882.1,866.96,879.44
1783540800,2026-07-08 20:00:00,879.51,885.45,870.53,873.92
1783548000,2026-07-08 22:00:00,874.13,875.41,857.75,857.75
1783555200,2026-07-09 00:00:00,857.7,866.9,849.44,864.12
1783562400,2026-07-09 02:00:00,864.05,869.68,855.28,862.55
1783569600,2026-07-09 04:00:00,862.3,874.18,856.71,866.27
1783576800,2026-07-09 06:00:00,866.29,898.82,861.65,893.55
1783584000,2026-07-09 08:00:00,893.54,914.05,884.71,909.87
1783591200,2026-07-09 10:00:00,910.09,927.58,904.19,922.8
1783598400,2026-07-09 12:00:00,922.84,932.08,911.98,920.14
1783605600,2026-07-09 14:00:00,920.14,925.87,892.99,893.7
1783612800,2026-07-09 16:00:00,893.61,907.37,880.5,880.6
1783620000,2026-07-09 18:00:00,880.71,887.64,864.29,886.18
1783627200,2026-07-09 20:00:00,886.25,898.86,881.95,890.15
1783634400,2026-07-09 22:00:00,889.95,905.93,889.29,902.55
1783641600,2026-07-10 00:00:00,902.84,913.94,891.39,893.34
1783648800,2026-07-10 02:00:00,893.29,897.28,882.14,884.48
1783656000,2026-07-10 04:00:00,884.4,900.54,872.01,877.33
1783663200,2026-07-10 06:00:00,877.36,882.48,866.66,870.31
1783670400,2026-07-10 08:00:00,870.22,886.77,867.29,875.84
1783677600,2026-07-10 10:00:00,875.95,897.86,875.64,895.98
1783684800,2026-07-10 12:00:00,896.15,897.34,868.9,873.53
1783692000,2026-07-10 14:00:00,873.35,889.58,870.24,884.69
1783699200,2026-07-10 16:00:00,884.63,904.09,883.75,898.64
1783706400,2026-07-10 18:00:00,898.69,921.67,892.5,906.37
1783713600,2026-07-10 20:00:00,906.06,913.24,892.62,912.08
1783720800,2026-07-10 22:00:00,911.9,924.42,908.03,923.31
1783728000,2026-07-11 00:00:00,923.35,932.96,906.2,906.38
1783735200,2026-07-11 02:00:00,906.46,916.01,896.51,910.84
1783742400,2026-07-11 04:00:00,910.99,934.41,909.59,931.68
1783749600,2026-07-11 06:00:00,931.68,934.65,914.58,922.92
1783756800,2026-07-11 08:00:00,922.67,928.57,912.61,913.92
1783764000,2026-07-11 10:00:00,913.96,914.17,897.52,899.89
1783771200,2026-07-11 12:00:00,900.07,913.28,899.71,911.77
1783778400,2026-07-11 14:00:00,912.02,913.5,895.35,895.84
1783785600,2026-07-11 16:00:00,895.8,913.12,895.8,904.83
1783792800,2026-07-11 18:00:00,904.67,915.43,902.34,912.76
1783800000,2026-07-11 20:00:00,912.65,919.28,894.29,915.84
1783807200,2026-07-11 22:00:00,915.99,926.52,910.61,912.26
1783814400,2026-07-12 00:00:00,912.43,924.54,904.18,923.75
1783821600,2026-07-12 02:00:00,923.86,926.48,912.75,920.43
1783828800,2026-07-12 04:00:00,920.14,925.08,906.03,914.11
1783836000,2026-07-12 06:00:00,913.8,921.75,902.8,918.66
1783843200,2026-07-12 08:00:00,918.92,931.29,910.95,930.12
1783850400,2026-07-12 10:00:00,930.01,946.1,928.57,941.1
1783857600,2026-07-12 12:00:00,941.08,944.85,916.29,917.16
1783864800,2026-07-12 14:00:00,917.09,934.74,916.29,930.89
1783872000,2026-07-12 16:00:00,930.87,931.08,900.6,900.97
1783879200,2026-07-12 18:00:00,900.95,905.52,890.76,898.35
1783886400,2026-07-12 20:00:00,898.4,904.51,883.9,902.36
1783893600,2026-07-12 22:00:00,902.48,912,888.94,900.41
1783900800,2026-07-13 00:00:00,900.14,904.65,889.86,898.55
1783908000,2026-07-13 02:00:00,898.75,907.27,877.54,878.63
1783915200,2026-07-13 04:00:00,878.53,886.43,873.49,878.99
1783922400,2026-07-13 06:00:00,879.13,898.13,875.23,896.37
1783929600,2026-07-13 08:00:00,896.46,918.14,893.11,916.88
1783936800,2026-07-13 10:00:00,916.9,931.21,908.09,928.73
1783944000,2026-07-13 12:00:00,928.65,961.15,924.68,960.92
1783951200,2026-07-13 14:00:00,960.76,960.81,938.32,939.25
1783958400,2026-07-13 16:00:00,939.31,955.38,936.9,945.9
1783965600,2026-07-13 18:00:00,945.53,945.77,921.25,928.33
1783972800,2026-07-13 20:00:00,928.15,952.91,922.33,951.73
1783980000,2026-07-13 22:00:00,951.59,952.03,937.37,946.67
1783987200,2026-07-14 00:00:00,946.79,950.88,931.18,931.28
1783994400,2026-07-14 02:00:00,931.39,932.58,911.2,912.92
1784001600,2026-07-14 04:00:00,912.88,939.93,910.09,921.34
1784008800,2026-07-14 06:00:00,921.23,932.59,908.21,911.11
1784016000,2026-07-14 08:00:00,911.07,922.42,902.01,909.97
1784023200,2026-07-14 10:00:00,910.05,911.51,892.22,898.95
1784030400,2026-07-14 12:00:00,899.28,902.13,883.84,891.91
1784037600,2026-07-14 14:00:00,891.89,894.17,861.56,865.78
1784044800,2026-07-14 16:00:00,865.94,871.05,849.08,858.36
1784052000,2026-07-14 18:00:00,858.34,868.02,852.58,865.16
1784059200,2026-07-14 20:00:00,865.17,886.27,862.2,880.52
1784066400,2026-07-14 22:00:00,880.7,884.87,863.48,863.93
1784073600,2026-07-15 00:00:00,864.04,864.58,844.69,848.16
1784080800,2026-07-15 02:00:00,848.31,873.32,844.78,868.48
1784088000,2026-07-15 04:00:00,868.5,875.86,853.73,861.93
1784095200,2026-07-15 06:00:00,861.82,875.11,852.58,858.62
1784102400,2026-07-15 08:00:00,858.47,882.22,858.09,879.22
1784109600,2026-07-15 10:00:00,879.13,887.4,869.57,883.74
1784116800,2026-07-15 12:00:00,883.68,900.45,877.72,880.76
1784124000,2026-07-15 14:00:00,880.93,884.53,864.04,876.49
1784131200,2026-07-15 16:00:00,876.27,878.15,852.7,857.05
1784138400,2026-07-15 18:00:00,857.18,868.19,852.81,854.16
1784145600,2026-07-15 20:00:00,854.23,855.25,818.06,828.95
1784152800,2026-07-15 22:00:00,828.98,839.47,823.59,827.56
1784160000,2026-07-16 00:00:00,827.48,833.41,818.27,826.83
1784167200,2026-07-16 02:00:00,826.93,842.58,823.8,829.74
1784174400,2026-07-16 04:00:00,829.84,837.28,822.35,836.56
1784181600,2026-07-16 06:00:00,836.42,846.89,829.65,837.46
1784188800,2026-07-16 08:00:00,837.51,851.97,834.6,844.79
1784196000,2026-07-16 10:00:00,844.82,845.05,828.78,838.51
1784203200,2026-07-16 12:00:00,838.72,857.54,834.2,844.26
1784210400,2026-07-16 14:00:00,844.3,861.83,839.92,859.17
1784217600,2026-07-16 16:00:00,859.1,874.83,852.06,871.83
1784224800,2026-07-16 18:00:00,872.02,877.08,862.57,874.46
1784232000,2026-07-16 20:00:00,874.51,880.06,863.93,873.01
1784239200,2026-07-16 22:00:00,873.15,882.68,864.6,875.14
1784246400,2026-07-17 00:00:00,874.96,881.7,865.35,870.08
1784253600,2026-07-17 02:00:00,869.9,884.39,866.83,881.27
1784260800,2026-07-17 04:00:00,881.16,891.96,871.98,886.94
1784268000,2026-07-17 06:00:00,886.78,904.92,886.78,889.88
1784275200,2026-07-17 08:00:00,889.79,900.04,886.81,896.53
1784282400,2026-07-17 10:00:00,896.5,897.61,868.05,871.65
1784289600,2026-07-17 12:00:00,871.75,895.62,868.62,884.29
1784296800,2026-07-17 14:00:00,884.37,898.95,880.93,890.57
1784304000,2026-07-17 16:00:00,890.51,908.49,885.71,904.03
1784311200,2026-07-17 18:00:00,903.72,910.36,877.46,879.33
1784318400,2026-07-17 20:00:00,879.29,882.44,850.44,851.29
1784325600,2026-07-17 22:00:00,851.08,851.98,828.35,834.63
1784332800,2026-07-18 00:00:00,834.63,835.17,819.26,824.92
1784340000,2026-07-18 02:00:00,824.9,825.98,802.25,823.62
1784347200,2026-07-18 04:00:00,823.39,840.85,816.74,834.41
1784354400,2026-07-18 06:00:00,834.41,839.36,822.95,837.07
1784361600,2026-07-18 08:00:00,837.33,845.04,802.71,803.83
1784368800,2026-07-18 10:00:00,803.69,806.32,785.99,793.22
1784376000,2026-07-18 12:00:00,793.11,797.31,786.88,793.67
1784383200,2026-07-18 14:00:00,793.83,808.97,792.54,794.21
1784390400,2026-07-18 16:00:00,794.04,810.35,792.27,807.66
1784397600,2026-07-18 18:00:00,807.58,808.04,785.41,799.31
1784404800,2026-07-18 20:00:00,799.3,804.24,792.26,796.85
1784412000,2026-07-18 22:00:00,796.69,806.5,794.08,796.59
1784419200,2026-07-19 00:00:00,796.76,813.29,791.18,792.69
1784426400,2026-07-19 02:00:00,792.92,814.86,788.71,807.49
1784433600,2026-07-19 04:00:00,807.57,815.8,800.77,806.85
1784440800,2026-07-19 06:00:00,806.76,806.76,786.7,787.68
1784448000,2026-07-19 08:00:00,787.75,795.58,777.68,789.4
1784455200,2026-07-19 10:00:00,789.24,811.96,789.01,808.14
1784462400,2026-07-19 12:00:00,808.35,812.29,795.98,796.42
1784469600,2026-07-19 14:00:00,796.12,799.5,781.57,797.79
1784476800,2026-07-19 16:00:00,797.7,799.82,788.87,794.55
1784484000,2026-07-19 18:00:00,794.65,798.36,787.6,797.95
1784491200,2026-07-19 20:00:00,797.98,802.1,786.99,793.54
1784498400,2026-07-19 22:00:00,793.7,807.9,786.13,802.02
1784505600,2026-07-20 00:00:00,801.89,803.01,788.85,800.06
1784512800,2026-07-20 02:00:00,800.12,810.91,792.91,801.18
1784520000,2026-07-20 04:00:00,801.07,806.15,785.54,791.97
1784527200,2026-07-20 06:00:00,792.08,797.75,782.1,796.1
1784534400,2026-07-20 08:00:00,796.06,799.33,780.89,785.99
1784541600,2026-07-20 10:00:00,785.69,801.64,781.6,781.73
1784548800,2026-07-20 12:00:00,781.55,790.96,778.96,783.39
1784556000,2026-07-20 14:00:00,783.14,786,771.01,774.37
1784563200,2026-07-20 16:00:00,774.55,795.33,772.37,789.73
1784570400,2026-07-20 18:00:00,789.84,796.22,784.55,789.12
1784577600,2026-07-20 20:00:00,788.98,794.4,778.2,782.42
1784584800,2026-07-20 22:00:00,782.27,790.77,779.5,787.96
1784592000,2026-07-21 00:00:00,787.69,788.54,769.47,776.82
1784599200,2026-07-21 02:00:00,776.74,786.9,774.98,781.98
1784606400,2026-07-21 04:00:00,782.23,782.96,749.24,749.62
1784613600,2026-07-21 06:00:00,749.55,751.35,739.63,741.42
1784620800,2026-07-21 08:00:00,741.48,743.07,725.98,728.67
1784628000,2026-07-21 10:00:00,728.6,733.05,718.43,722.45
1784635200,2026-07-21 12:00:00,722.54,728.49,716.6,724.19
1784642400,2026-07-21 14:00:00,724.02,724.3,703,712.93
1784649600,2026-07-21 16:00:00,712.66,720.98,706.83,716.46
1784656800,2026-07-21 18:00:00,716.49,723.06,710.88,711.3
1784664000,2026-07-21 20:00:00,711.44,713.93,698.77,705.05
1784671200,2026-07-21 22:00:00,705.11,722.66,700.69,712.28
1784678400,2026-07-22 00:00:00,712.14,712.96,687.1,690.29
1784685600,2026-07-22 02:00:00,690.24,693.83,681.98,690.61
1784692800,2026-07-22 04:00:00,690.56,699.29,682.93,683.78
1784700000,2026-07-22 06:00:00,683.86,705.51,683.59,703.07
1784707200,2026-07-22 08:00:00,702.7,707.75,698.33,703.07
1784714400,2026-07-22 10:00:00,703.15,704.43,681.64,687.38
1784721600,2026-07-22 12:00:00,687.25,701.39,683.91,697.48
1784728800,2026-07-22 14:00:00,697.45,706.66,692.09,700.4
1784736000,2026-07-22 16:00:00,700.16,708.06,692.15,693.83
1784743200,2026-07-22 18:00:00,693.68,704.73,683.92,694.22
1784750400,2026-07-22 20:00:00,694.09,710.08,693.03,707.04
1784757600,2026-07-22 22:00:00,707.01,708.58,691.2,698.31
1784764800,2026-07-23 00:00:00,698.33,708.38,696.89,707.26
1784772000,2026-07-23 02:00:00,707.3,718.27,706.01,716.21
1784779200,2026-07-23 04:00:00,716.26,719.28,702.6,707.26
1784786400,2026-07-23 06:00:00,707.21,711.11,696.99,697.46
1784793600,2026-07-23 08:00:00,697.37,706.08,689.94,705.36
1784800800,2026-07-23 10:00:00,705.53,714.29,703.12,707.45
1784808000,2026-07-23 12:00:00,707.36,713.02,684.8,686.28
1784815200,2026-07-23 14:00:00,686.4,690.62,680.89,689.62
1784822400,2026-07-23 16:00:00,689.85,703.19,687.11,696.56
1784829600,2026-07-23 18:00:00,696.56,718.09,694.33,715.17
1784836800,2026-07-23 20:00:00,715.05,715.92,699.18,704.96
1784844000,2026-07-23 22:00:00,705.06,707.42,688.26,689.4
1784851200,2026-07-24 00:00:00,689.55,707.92,689.26,701.33
1784858400,2026-07-24 02:00:00,701.38,703.56,693.87,694.33
1784865600,2026-07-24 04:00:00,694.37,704.56,694.17,702.23
1784872800,2026-07-24 06:00:00,702.36,716.97,700.89,712.22
1784880000,2026-07-24 08:00:00,712.38,719.29,705.52,718.61
1784887200,2026-07-24 10:00:00,718.67,735.56,717.94,728.99
1784894400,2026-07-24 12:00:00,728.86,744.2,728.86,742.62
1784901600,2026-07-24 14:00:00,742.57,757.73,742.01,746.02
1784908800,2026-07-24 16:00:00,745.99,753.65,723.35,727.21
1784916000,2026-07-24 18:00:00,727.41,728.9,703.96,707.28
1784923200,2026-07-24 20:00:00,707.42,709.46,695.57,696.38
1784930400,2026-07-24 22:00:00,696.44,712.84,696.44,711.54
1784937600,2026-07-25 00:00:00,711.58,711.97,691.41,692.46
1784944800,2026-07-25 02:00:00,692.29,695.8,681.99,688.67
1784952000,2026-07-25 04:00:00,688.62,697.58,678.32,690.37
1784959200,2026-07-25 06:00:00,690.52,708.42,689.88,706.69
1784966400,2026-07-25 08:00:00,706.94,711.35,700.13,706.78
1784973600,2026-07-25 10:00:00,706.51,713.31,697.25,705.38
1784980800,2026-07-25 12:00:00,705.41,717.8,700.2,717.04
1784988000,2026-07-25 14:00:00,717.16,729.54,712.06,719.31
1784995200,2026-07-25 16:00:00,719.26,739.15,717.96,736.6
1785002400,2026-07-25 18:00:00,736.6,747.72,732.79,734.17
1785009600,2026-07-25 20:00:00,734.11,747.02,730.25,744.09
1785016800,2026-07-25 22:00:00,744.05,744.43,723.2,724.58
1785024000,2026-07-26 00:00:00,724.44,738.36,720.93,738.36
1785031200,2026-07-26 02:00:00,738.45,750.16,734.05,741.09
1785038400,2026-07-26 04:00:00,740.84,741.12,719.07,722.13
1785045600,2026-07-26 06:00:00,722.12,742.56,721.65,735.18
1785052800,2026-07-26 08:00:00,735.29,739.15,724.72,725.56
1785060000,2026-07-26 10:00:00,725.44,726.51,711.88,718.43
1785067200,2026-07-26 12:00:00,718.46,718.46,707,709.65
1785074400,2026-07-26 14:00:00,709.57,727.21,705.26,726.67
1785081600,2026-07-26 16:00:00,726.77,728.55,698.01,698.36
1785088800,2026-07-26 18:00:00,698.35,722.58,694.45,719.79
1785096000,2026-07-26 20:00:00,719.73,728.43,709.38,713.28
1785103200,2026-07-26 22:00:00,713.18,725.56,711.78,724.91
1785110400,2026-07-27 00:00:00,724.96,740.56,724.33,740.28
1785117600,2026-07-27 02:00:00,740.15,742.9,728.29,735.09
1785124800,2026-07-27 04:00:00,735.38,741.24,730.6,731.48
1785132000,2026-07-27 06:00:00,731.64,739.64,729.17,733.58
1785139200,2026-07-27 08:00:00,733.62,735.85,716.39,720.83
1785146400,2026-07-27 10:00:00,720.88,744.97,720.88,739.61
1785153600,2026-07-27 12:00:00,739.68,756.38,738.82,751.19
1785160800,2026-07-27 14:00:00,751.4,759.14,741.56,746.91
1785168000,2026-07-27 16:00:00,746.74,767.85,745.66,766.5
1785175200,2026-07-27 18:00:00,766.59,776.17,760.98,761.45
1785182400,2026-07-27 20:00:00,761.52,762.33,747.32,759.79
1785189600,2026-07-27 22:00:00,759.6,764.29,751.41,759.05
1785196800,2026-07-28 00:00:00,759.23,766.32,751.37,763.87
1785204000,2026-07-28 02:00:00,763.66,765.05,746.5,754.26
1785211200,2026-07-28 04:00:00,754.43,767.84,747,766.2
1785218400,2026-07-28 06:00:00,766.23,780.68,765.86,775.47
1785225600,2026-07-28 08:00:00,775.47,779.73,768.12,771.44
1785232800,2026-07-28 10:00:00,771.57,773.57,759.61,769.15
1785240000,2026-07-28 12:00:00,768.92,778.68,760.06,774.82
1785247200,2026-07-28 14:00:00,774.59,778.17,758.98,761.47
1785254400,2026-07-28 16:00:00,761.49,778.57,749.39,778.09
1785261600,2026-07-28 18:00:00,778.16,796.38,774.74,786.79
1785268800,2026-07-28 20:00:00,786.73,802.63,779.34,797.39
1785276000,2026-07-28 22:00:00,797.44,814.1,794.68,812.05
1785283200,2026-07-29 00:00:00,812.02,820.11,807.48,816.71
1785290400,2026-07-29 02:00:00,816.54,844.71,816.04,843.58
1785297600,2026-07-29 04:00:00,843.79,848.63,832.04,836.39
1785304800,2026-07-29 06:00:00,836.64,843.28,825.13,825.13
1785312000,2026-07-29 08:00:00,825,830.31,815.53,825.22
1785319200,2026-07-29 10:00:00,825.36,829.73,810.33,810.72
1785326400,2026-07-29 12:00:00,810.79,826.61,808.32,819.07
1785333600,2026-07-29 14:00:00,819.11,831.28,812.52,821.8
1785340800,2026-07-29 16:00:00,821.97,826.7,809.96,811.2
1785348000,2026-07-29 18:00:00,811.07,813.23,788.2,802.85
1785355200,2026-07-29 20:00:00,802.8,802.92,767.81,774.43
1785362400,2026-07-29 22:00:00,774.07,792.96,771.8,792.66
1785369600,2026-07-30 00:00:00,792.81,800.77,777.13,778.69
1785376800,2026-07-30 02:00:00,778.58,781.85,770.52,772.59
1785384000,2026-07-30 04:00:00,772.67,790.27,769.98,778.01
1785391200,2026-07-30 06:00:00,778.03,783.28,756.31,768.12
1785398400,2026-07-30 08:00:00,768.16,770.08,743.68,748.3
1785405600,2026-07-30 10:00:00,748.41,767.2,747.98,764.82
1785412800,2026-07-30 12:00:00,765.02,765.88,754.33,755.01
1785420000,2026-07-30 14:00:00,755.01,768.87,753.88,757.52
1785427200,2026-07-30 16:00:00,757.61,768,755.3,761.45
1785434400,2026-07-30 18:00:00,761.38,773.09,757.15,763.3
1785441600,2026-07-30 20:00:00,763.13,790.2,762.85,780.17
1785448800,2026-07-30 22:00:00,780.17,797.13,778.59,787.61
1785456000,2026-07-31 00:00:00,787.73,788.48,773.43,784.27
1785463200,2026-07-31 02:00:00,784.48,798.33,780.59,783.1
1785470400,2026-07-31 04:00:00,783.37,800.1,781.96,789.88
1785477600,2026-07-31 06:00:00,789.72,798.66,782.84,791.96
1785484800,2026-07-31 08:00:00,791.78,792.21,773.54,774.28
