epoch,datetime_utc,open,high,low,close
1753953292,2025-07-31 09:14:52,8672.56,8676.04,8665.35,8675.21
1753956000,2025-07-31 10:00:00,8675.46,8679.08,8660.74,8670.98
1753963200,2025-07-31 12:00:00,8671.04,8687.61,8667.9,8683.85
1753970400,2025-07-31 14:00:00,8683.87,8693.74,8677.74,8681.93
1753977600,2025-07-31 16:00:00,8681.91,8697.65,8677.25,8693.76
1753984800,2025-07-31 18:00:00,8693.84,8707.48,8689.45,8705.52
1753992000,2025-07-31 20:00:00,8705.56,8709.22,8695.25,8702.1
1753999200,2025-07-31 22:00:00,8702.3,8713.38,8699.84,8706.28
1754006400,2025-08-01 00:00:00,8706.5,8715.05,8695.81,8712.73
1754013600,2025-08-01 02:00:00,8712.74,8719.8,8709.71,8719.21
1754020800,2025-08-01 04:00:00,8719.41,8722.56,8708.8,8709.9
1754028000,2025-08-01 06:00:00,8709.92,8711.71,8689.89,8692.82
1754035200,2025-08-01 08:00:00,8692.72,8703.88,8685.77,8698.37
1754042400,2025-08-01 10:00:00,8698.42,8703.26,8685.57,8693.84
1754049600,2025-08-01 12:00:00,8693.79,8699.93,8682.61,8689.74
1754056800,2025-08-01 14:00:00,8689.68,8697.34,8682.37,8690.15
1754064000,2025-08-01 16:00:00,8689.67,8699.59,8680.66,8682.57
1754071200,2025-08-01 18:00:00,8682.7,8689.06,8671.82,8679.27
1754078400,2025-08-01 20:00:00,8679.26,8683.57,8667.38,8677.07
1754085600,2025-08-01 22:00:00,8677.01,8689.16,8672.46,8686.29
1754092800,2025-08-02 00:00:00,8686.08,8714.67,8684.49,8707.91
1754100000,2025-08-02 02:00:00,8707.97,8709.68,8679.6,8684.6
1754107200,2025-08-02 04:00:00,8684.54,8689.54,8675.31,8675.88
1754114400,2025-08-02 06:00:00,8675.66,8692.19,8672.87,8679.34
1754121600,2025-08-02 08:00:00,8679.54,8680.46,8663.69,8668.76
1754128800,2025-08-02 10:00:00,8668.8,8668.84,8646.23,8648.98
1754136000,2025-08-02 12:00:00,8648.98,8662.72,8639.5,8661.99
1754143200,2025-08-02 14:00:00,8662.09,8667.73,8651.76,8664.4
1754150400,2025-08-02 16:00:00,8664.34,8673.47,8651.97,8669.43
1754157600,2025-08-02 18:00:00,8669.29,8681.67,8668.43,8680.1
1754164800,2025-08-02 20:00:00,8680.01,8689.25,8677.05,8683.5
1754172000,2025-08-02 22:00:00,8683.38,8684.73,8654.7,8657.68
1754179200,2025-08-03 00:00:00,8657.82,8664.95,8650.21,8661.93
1754186400,2025-08-03 02:00:00,8662.23,8674.28,8656.54,8672.47
1754193600,2025-08-03 04:00:00,8672.62,8674.26,8649.74,8663.34
1754200800,2025-08-03 06:00:00,8663.48,8670.55,8658.14,8662.52
1754208000,2025-08-03 08:00:00,8662.68,8677.8,8658.75,8660.36
1754215200,2025-08-03 10:00:00,8660.43,8673.09,8658.51,8669.88
1754222400,2025-08-03 12:00:00,8669.93,8682.3,8664.57,8677.68
1754229600,2025-08-03 14:00:00,8677.33,8698.31,8673.99,8689.8
1754236800,2025-08-03 16:00:00,8689.83,8699.19,8681.68,8687.8
1754244000,2025-08-03 18:00:00,8687.8,8709.79,8682.42,8698.52
1754251200,2025-08-03 20:00:00,8698.73,8703.14,8685.3,8695.63
1754258400,2025-08-03 22:00:00,8695.78,8702.47,8685.79,8692.72
1754265600,2025-08-04 00:00:00,8692.81,8707.01,8687.78,8704.81
1754272800,2025-08-04 02:00:00,8704.67,8707.21,8690.15,8697.41
1754280000,2025-08-04 04:00:00,8697.5,8711.18,8696.64,8706.13
1754287200,2025-08-04 06:00:00,8705.93,8714.3,8697.51,8713.57
1754294400,2025-08-04 08:00:00,8713.55,8723.12,8710.55,8711.53
1754301600,2025-08-04 10:00:00,8711.73,8717.83,8705.7,8708.8
1754308800,2025-08-04 12:00:00,8708.78,8723.8,8707.1,8720.3
1754316000,2025-08-04 14:00:00,8720.81,8720.88,8699.09,8712.13
1754323200,2025-08-04 16:00:00,8712.1,8732,8709.55,8730.02
1754330400,2025-08-04 18:00:00,8729.97,8730.09,8708.73,8716.42
1754337600,2025-08-04 20:00:00,8716.43,8716.66,8697.76,8705.85
1754344800,2025-08-04 22:00:00,8705.95,8707.18,8687.21,8691.18
1754352000,2025-08-05 00:00:00,8691.15,8692.59,8662.85,8665.44
1754359200,2025-08-05 02:00:00,8665.48,8677.2,8657.74,8671.26
1754366400,2025-08-05 04:00:00,8671.27,8672.41,8642.93,8661.1
1754373600,2025-08-05 06:00:00,8661.2,8673.09,8658.01,8663.73
1754380800,2025-08-05 08:00:00,8663.75,8666.25,8647.98,8658.82
1754388000,2025-08-05 10:00:00,8658.74,8675.19,8656.39,8662.49
1754395200,2025-08-05 12:00:00,8662.65,8675.79,8656.56,8667.79
1754402400,2025-08-05 14:00:00,8667.57,8671.14,8654.23,8662.7
1754409600,2025-08-05 16:00:00,8662.51,8665.24,8648.82,8650.22
1754416800,2025-08-05 18:00:00,8650.12,8654.05,8640.39,8648.89
1754424000,2025-08-05 20:00:00,8648.79,8668.71,8648.72,8667.21
1754431200,2025-08-05 22:00:00,8666.91,8672.05,8651.08,8669.51
1754438400,2025-08-06 00:00:00,8669.75,8679.4,8655.3,8656.04
1754445600,2025-08-06 02:00:00,8656.17,8660.76,8642.68,8660.52
1754452800,2025-08-06 04:00:00,8660.53,8664.23,8646.87,8654.43
1754460000,2025-08-06 06:00:00,8654.21,8681.01,8649.7,8674.52
1754467200,2025-08-06 08:00:00,8674.47,8680.56,8661.08,8667.69
1754474400,2025-08-06 10:00:00,8668.02,8689.13,8666.47,8687
1754481600,2025-08-06 12:00:00,8686.96,8715.47,8686.14,8712.2
1754488800,2025-08-06 14:00:00,8712.16,8733.78,8705.37,8731.55
1754496000,2025-08-06 16:00:00,8731.44,8748.83,8728.5,8747.99
1754503200,2025-08-06 18:00:00,8747.71,8748.12,8725.72,8728.9
1754510400,2025-08-06 20:00:00,8728.78,8741.35,8713.96,8717.61
1754517600,2025-08-06 22:00:00,8717.67,8719.99,8696.71,8696.71
1754524800,2025-08-07 00:00:00,8696.77,8723.09,8695.06,8719.84
1754532000,2025-08-07 02:00:00,8719.9,8729.14,8706.86,8725.99
1754539200,2025-08-07 04:00:00,8725.78,8739.97,8725.1,8735.6
1754546400,2025-08-07 06:00:00,8735.72,8746.39,8733.5,8745.66
1754553600,2025-08-07 08:00:00,8745.94,8750.49,8737.86,8747.7
1754560800,2025-08-07 10:00:00,8748.02,8754.26,8731.67,8731.98
1754568000,2025-08-07 12:00:00,8732.14,8751.9,8732.07,8750.56
1754575200,2025-08-07 14:00:00,8750.54,8761.8,8748.46,8761.66
1754582400,2025-08-07 16:00:00,8761.47,8769.23,8753.66,8760.18
1754589600,2025-08-07 18:00:00,8760.08,8780.76,8758.15,8778.66
1754596800,2025-08-07 20:00:00,8778.49,8794.24,8775.22,8781.64
1754604000,2025-08-07 22:00:00,8781.79,8787.61,8777.85,8783.18
1754611200,2025-08-08 00:00:00,8783.21,8793.37,8773.22,8792.3
1754618400,2025-08-08 02:00:00,8792.36,8796.89,8782.2,8793.49
1754625600,2025-08-08 04:00:00,8793.76,8821.06,8791.15,8816.9
1754632800,2025-08-08 06:00:00,8816.86,8824.33,8808.56,8823.09
1754640000,2025-08-08 08:00:00,8823.02,8844.75,8820.62,8840.36
1754647200,2025-08-08 10:00:00,8840.39,8846.16,8822.57,8824.56
1754654400,2025-08-08 12:00:00,8824.27,8834.39,8823.04,8832.37
1754661600,2025-08-08 14:00:00,8832.16,8847.54,8826.29,8845.1
1754668800,2025-08-08 16:00:00,8845.29,8858.63,8842.45,8849.77
1754676000,2025-08-08 18:00:00,8849.55,8867.91,8849.55,8867.78
1754683200,2025-08-08 20:00:00,8867.89,8879.13,8858.02,8877.41
1754690400,2025-08-08 22:00:00,8877.62,8882.57,8871.07,8871.68
1754697600,2025-08-09 00:00:00,8871.68,8879.63,8860.5,8873.75
1754704800,2025-08-09 02:00:00,8873.87,8879.14,8865.39,8871.44
1754712000,2025-08-09 04:00:00,8871.46,8882.11,8861.15,8863.03
1754719200,2025-08-09 06:00:00,8863.02,8879.98,8860.24,8874.09
1754726400,2025-08-09 08:00:00,8873.68,8875.16,8852.82,8859.38
1754733600,2025-08-09 10:00:00,8859.55,8864.02,8845.61,8853.07
1754740800,2025-08-09 12:00:00,8853,8854.5,8823.31,8828.97
1754748000,2025-08-09 14:00:00,8828.99,8832.24,8817.19,8824.99
1754755200,2025-08-09 16:00:00,8824.82,8828.12,8809.51,8815.54
1754762400,2025-08-09 18:00:00,8815.55,8818.87,8799.88,8807.82
1754769600,2025-08-09 20:00:00,8807.92,8813.74,8802.01,8807.35
1754776800,2025-08-09 22:00:00,8807.26,8818.52,8802.4,8803.38
1754784000,2025-08-10 00:00:00,8803.41,8813.74,8795.8,8813.74
1754791200,2025-08-10 02:00:00,8813.57,8827.07,8811.74,8820.72
1754798400,2025-08-10 04:00:00,8820.59,8822.87,8796.88,8797.37
1754805600,2025-08-10 06:00:00,8797.57,8820.59,8795.46,8808.99
1754812800,2025-08-10 08:00:00,8809.14,8850.3,8808.82,8846.15
1754820000,2025-08-10 10:00:00,8846.19,8848.9,8820.05,8827.45
1754827200,2025-08-10 12:00:00,8827.46,8837.93,8821.6,8826.22
1754834400,2025-08-10 14:00:00,8826.3,8835.9,8809.73,8833.65
1754841600,2025-08-10 16:00:00,8833.57,8851.74,8829.81,8835.45
1754848800,2025-08-10 18:00:00,8835.7,8841.33,8824.27,8824.69
1754856000,2025-08-10 20:00:00,8824.7,8835.65,8820.7,8829.91
1754863200,2025-08-10 22:00:00,8829.82,8831.2,8808.95,8813.43
1754870400,2025-08-11 00:00:00,8813.56,8835.77,8811.16,8834.37
1754877600,2025-08-11 02:00:00,8834.32,8850.83,8823.96,8847.11
1754884800,2025-08-11 04:00:00,8847.1,8848.54,8829.83,8840.13
1754892000,2025-08-11 06:00:00,8840.03,8847.63,8834.2,8843.75
1754899200,2025-08-11 08:00:00,8843.78,8863.61,8842.26,8850.07
1754906400,2025-08-11 10:00:00,8850,8860.1,8839.78,8854.43
1754913600,2025-08-11 12:00:00,8854.39,8854.55,8823.3,8825.19
1754920800,2025-08-11 14:00:00,8825.01,8832.99,8818.4,8824.83
1754928000,2025-08-11 16:00:00,8824.94,8826.97,8812.81,8816.63
1754935200,2025-08-11 18:00:00,8816.56,8829.2,8808.65,8808.65
1754942400,2025-08-11 20:00:00,8808.77,8821.43,8802.13,8807.88
1754949600,2025-08-11 22:00:00,8807.78,8820.58,8806.76,8814.08
1754956800,2025-08-12 00:00:00,8814.08,8820.08,8794.29,8798.39
1754964000,2025-08-12 02:00:00,8798.45,8805.47,8790.81,8800.48
1754971200,2025-08-12 04:00:00,8800.53,8814.01,8793.51,8795.24
1754978400,2025-08-12 06:00:00,8795.54,8822.3,8794.71,8810.36
1754985600,2025-08-12 08:00:00,8810.59,8816.07,8801.18,8803.06
1754992800,2025-08-12 10:00:00,8803.03,8812.76,8797.28,8808.03
1755000000,2025-08-12 12:00:00,8807.97,8825.36,8803.99,8813.37
1755007200,2025-08-12 14:00:00,8813.4,8835.7,8808.48,8833.03
1755014400,2025-08-12 16:00:00,8832.99,8840.29,8811.47,8812.59
1755021600,2025-08-12 18:00:00,8812.59,8824.48,8802.87,8818.48
1755028800,2025-08-12 20:00:00,8818.31,8832.16,8818.06,8824.05
1755036000,2025-08-12 22:00:00,8824.04,8832.09,8812.9,8812.99
1755043200,2025-08-13 00:00:00,8812.92,8818.66,8802.21,8807.48
1755050400,2025-08-13 02:00:00,8807.48,8823.57,8801.3,8810.89
1755057600,2025-08-13 04:00:00,8810.92,8824.2,8803.79,8814.44
1755064800,2025-08-13 06:00:00,8814.54,8819.42,8795.59,8813.11
1755072000,2025-08-13 08:00:00,8813.23,8821.63,8809.37,8813.35
1755079200,2025-08-13 10:00:00,8813.28,8822.47,8805.62,8817.59
1755086400,2025-08-13 12:00:00,8817.76,8828.35,8813.83,8821.05
1755093600,2025-08-13 14:00:00,8821.25,8828.63,8814.54,8814.54
1755100800,2025-08-13 16:00:00,8814.64,8814.69,8796.02,8802.84
1755108000,2025-08-13 18:00:00,8802.83,8815.8,8795.9,8800.89
1755115200,2025-08-13 20:00:00,8800.93,8815.08,8792.22,8812.3
1755122400,2025-08-13 22:00:00,8812.58,8831.61,8806.99,8830.01
1755129600,2025-08-14 00:00:00,8829.94,8846.41,8828.52,8832.33
1755136800,2025-08-14 02:00:00,8832.47,8858.99,8830.71,8858.8
1755144000,2025-08-14 04:00:00,8858.77,8861.23,8848.89,8851.9
1755151200,2025-08-14 06:00:00,8852.17,8856.74,8822.61,8823.76
1755158400,2025-08-14 08:00:00,8823.65,8829.58,8814.87,8824.47
1755165600,2025-08-14 10:00:00,8824.39,8828.83,8809.44,8812.73
1755172800,2025-08-14 12:00:00,8812.43,8813.08,8798.18,8805.59
1755180000,2025-08-14 14:00:00,8805.61,8826.99,8804.87,8812.2
1755187200,2025-08-14 16:00:00,8812.35,8821.79,8802.84,8811.72
1755194400,2025-08-14 18:00:00,8811.81,8813.85,8800.32,8802.48
1755201600,2025-08-14 20:00:00,8802.43,8826.3,8793.69,8819.76
1755208800,2025-08-14 22:00:00,8819.71,8826.16,8810.63,8820.12
1755216000,2025-08-15 00:00:00,8820.22,8836.86,8818.3,8836.53
1755223200,2025-08-15 02:00:00,8836.33,8856.8,8832.52,8848.62
1755230400,2025-08-15 04:00:00,8848.62,8875.27,8845.33,8865.31
1755237600,2025-08-15 06:00:00,8865.32,8869.34,8848.27,8861.19
1755244800,2025-08-15 08:00:00,8861.18,8875.17,8856.02,8871.74
1755252000,2025-08-15 10:00:00,8871.89,8879.5,8864.68,8878.4
1755259200,2025-08-15 12:00:00,8878.29,8882.38,8856.5,8865.99
1755266400,2025-08-15 14:00:00,8866.02,8891.97,8863.44,8889.17
1755273600,2025-08-15 16:00:00,8889.29,8896.49,8872.3,8878.58
1755280800,2025-08-15 18:00:00,8878.65,8894.63,8876,8893.16
1755288000,2025-08-15 20:00:00,8893.3,8905.1,8889.59,8901.52
1755295200,2025-08-15 22:00:00,8901.57,8910.62,8896.62,8908.22
1755302400,2025-08-16 00:00:00,8908.12,8923.12,8902.01,8915.2
1755309600,2025-08-16 02:00:00,8915.35,8921.01,8893.3,8895.52
1755316800,2025-08-16 04:00:00,8895.43,8897.1,8872.66,8873.59
1755324000,2025-08-16 06:00:00,8873.55,8875.43,8856.05,8860.83
1755331200,2025-08-16 08:00:00,8860.88,8878.85,8848.33,8869.63
1755338400,2025-08-16 10:00:00,8869.45,8903.41,8856.46,8901.33
1755345600,2025-08-16 12:00:00,8901.54,8901.68,8883.29,8895.49
1755352800,2025-08-16 14:00:00,8895.62,8908.74,8892.62,8906.56
1755360000,2025-08-16 16:00:00,8906.63,8909.79,8890.83,8893.53
1755367200,2025-08-16 18:00:00,8893.46,8903.89,8883.49,8886.89
1755374400,2025-08-16 20:00:00,8886.93,8890.08,8876.27,8879.89
1755381600,2025-08-16 22:00:00,8879.76,8921.72,8879.36,8918.7
1755388800,2025-08-17 00:00:00,8918.88,8937.81,8917.29,8936.75
1755396000,2025-08-17 02:00:00,8936.8,8949.48,8932.88,8944.42
1755403200,2025-08-17 04:00:00,8944.4,8957.05,8941.47,8949.32
1755410400,2025-08-17 06:00:00,8949.33,8955.25,8926.77,8931.87
1755417600,2025-08-17 08:00:00,8931.88,8943.21,8925.34,8935.11
1755424800,2025-08-17 10:00:00,8934.97,8943.91,8928.87,8931.75
1755432000,2025-08-17 12:00:00,8931.98,8938.65,8923.92,8924.18
1755439200,2025-08-17 14:00:00,8924.16,8926.54,8911.77,8921.22
1755446400,2025-08-17 16:00:00,8921.19,8938.03,8913.08,8938.03
1755453600,2025-08-17 18:00:00,8937.95,8970.98,8937.83,8969.29
1755460800,2025-08-17 20:00:00,8969.39,8984.82,8968.11,8979.76
1755468000,2025-08-17 22:00:00,8979.75,8983.65,8961.36,8972.8
1755475200,2025-08-18 00:00:00,8973.11,8985.51,8971.63,8973.44
1755482400,2025-08-18 02:00:00,8973.25,8978.41,8966.11,8968.78
1755489600,2025-08-18 04:00:00,8968.82,8988.92,8967.79,8978.8
1755496800,2025-08-18 06:00:00,8978.77,8993.68,8975.7,8981.13
1755504000,2025-08-18 08:00:00,8981.21,8994.9,8976.53,8983.85
1755511200,2025-08-18 10:00:00,8983.84,9017.4,8981.87,9010.12
1755518400,2025-08-18 12:00:00,9010.18,9010.55,8995.44,8997.06
1755525600,2025-08-18 14:00:00,8997.08,9017.73,8996.15,9006.96
1755532800,2025-08-18 16:00:00,9006.96,9015.95,8993.98,9014.37
1755540000,2025-08-18 18:00:00,9014.14,9022.03,9008.55,9015.95
1755547200,2025-08-18 20:00:00,9015.7,9040.51,9010.49,9037.63
1755554400,2025-08-18 22:00:00,9037.61,9037.94,9008.23,9019.77
1755561600,2025-08-19 00:00:00,9019.9,9035.84,9008.72,9030.77
1755568800,2025-08-19 02:00:00,9030.81,9063.81,9028.35,9058.35
1755576000,2025-08-19 04:00:00,9058.34,9070.62,9055.83,9061.97
1755583200,2025-08-19 06:00:00,9061.94,9072.59,9058.74,9060.15
1755590400,2025-08-19 08:00:00,9060.05,9068.04,9051.4,9060.88
1755597600,2025-08-19 10:00:00,9060.71,9077.16,9057.23,9064.2
1755604800,2025-08-19 12:00:00,9064.61,9081.25,9063.15,9079.19
1755612000,2025-08-19 14:00:00,9079.07,9082.21,9053.54,9054.41
1755619200,2025-08-19 16:00:00,9054.38,9063.6,9051.45,9061.25
1755626400,2025-08-19 18:00:00,9060.95,9062.07,9033.78,9035.38
1755633600,2025-08-19 20:00:00,9035.29,9036.81,9015.76,9024.32
1755640800,2025-08-19 22:00:00,9024.37,9026.32,9001.08,9007.61
1755648000,2025-08-20 00:00:00,9007.51,9026.46,9006.09,9022.42
1755655200,2025-08-20 02:00:00,9022.37,9029.26,9014.45,9016.84
1755662400,2025-08-20 04:00:00,9016.81,9042.91,9016.37,9035.2
1755669600,2025-08-20 06:00:00,9035.16,9044.74,9022.55,9026.97
1755676800,2025-08-20 08:00:00,9026.93,9030.14,9009.44,9026.03
1755684000,2025-08-20 10:00:00,9025.99,9027.98,9015.79,9027.98
1755691200,2025-08-20 12:00:00,9027.85,9040.92,9020.33,9022.5
1755698400,2025-08-20 14:00:00,9022.73,9024.53,9002.65,9006.62
1755705600,2025-08-20 16:00:00,9006.78,9032.45,9006.35,9030.17
1755712800,2025-08-20 18:00:00,9030.3,9030.89,9004.14,9005.17
1755720000,2025-08-20 20:00:00,9005.08,9015.12,8997.65,9002.11
1755727200,2025-08-20 22:00:00,9001.89,9017.2,8996.76,9013.03
1755734400,2025-08-21 00:00:00,9013.39,9032.85,9013.07,9031.35
1755741600,2025-08-21 02:00:00,9031.29,9035.01,9009.77,9020.9
1755748800,2025-08-21 04:00:00,9020.74,9021.03,8995.31,9011.27
1755756000,2025-08-21 06:00:00,9011.36,9015.28,9000.3,9012.3
1755763200,2025-08-21 08:00:00,9012.13,9027.42,9004.77,9027.16
1755770400,2025-08-21 10:00:00,9027.11,9038.11,9016.68,9026.62
1755777600,2025-08-21 12:00:00,9026.45,9041.46,9021.96,9032.5
1755784800,2025-08-21 14:00:00,9032.31,9053.36,9022.64,9024.1
1755792000,2025-08-21 16:00:00,9024.11,9036.17,9012.94,9013.24
1755799200,2025-08-21 18:00:00,9013.19,9021.33,9007.4,9012.9
1755806400,2025-08-21 20:00:00,9012.86,9030.71,9012.09,9016.34
1755813600,2025-08-21 22:00:00,9016.28,9021.54,9002.57,9012.99
1755820800,2025-08-22 00:00:00,9012.83,9017.27,9000.75,9011.25
1755828000,2025-08-22 02:00:00,9011.45,9025.88,9008.11,9016.54
1755835200,2025-08-22 04:00:00,9016.62,9033.05,9011.61,9029.33
1755842400,2025-08-22 06:00:00,9029.44,9042.74,9021.63,9031.33
1755849600,2025-08-22 08:00:00,9031.32,9043.16,9025.23,9034.96
1755856800,2025-08-22 10:00:00,9034.95,9038.06,9021.18,9027.52
1755864000,2025-08-22 12:00:00,9027.49,9029.85,9011.86,9024.02
1755871200,2025-08-22 14:00:00,9024.11,9041.21,9015.99,9040.55
1755878400,2025-08-22 16:00:00,9040.53,9056.85,9027.47,9038.24
1755885600,2025-08-22 18:00:00,9038.37,9050.37,9029.02,9041.89
1755892800,2025-08-22 20:00:00,9042.02,9064.22,9038.08,9063.97
1755900000,2025-08-22 22:00:00,9063.9,9067.96,9054.25,9059.95
1755907200,2025-08-23 00:00:00,9060.08,9085.34,9056.69,9083.22
1755914400,2025-08-23 02:00:00,9083.02,9101.1,9072.45,9097.69
1755921600,2025-08-23 04:00:00,9097.78,9100.25,9084.92,9092.27
1755928800,2025-08-23 06:00:00,9092.08,9093,9056.67,9058.05
1755936000,2025-08-23 08:00:00,9057.91,9059.36,9041.9,9042.79
1755943200,2025-08-23 10:00:00,9043.16,9053.66,9039.15,9040.21
1755950400,2025-08-23 12:00:00,9040.05,9062.73,9039.79,9053.43
1755957600,2025-08-23 14:00:00,9053.65,9053.97,9015.94,9020.47
1755964800,2025-08-23 16:00:00,9020.4,9029.39,9010.5,9010.6
1755972000,2025-08-23 18:00:00,9010.43,9014.79,8999.47,9005.59
1755979200,2025-08-23 20:00:00,9005.7,9013.37,8990.82,9006.39
1755986400,2025-08-23 22:00:00,9006.64,9022.91,9005,9012.19
1755993600,2025-08-24 00:00:00,9012.16,9021.17,9008.35,9015.23
1756000800,2025-08-24 02:00:00,9015.37,9027.43,9011.06,9024.23
1756008000,2025-08-24 04:00:00,9024.17,9031.82,9017.72,9020.27
1756015200,2025-08-24 06:00:00,9020,9023.05,8991.23,9011.08
1756022400,2025-08-24 08:00:00,9010.93,9032.41,9006.84,9023.78
1756029600,2025-08-24 10:00:00,9023.97,9032.82,9016.91,9027.32
1756036800,2025-08-24 12:00:00,9027.35,9042.49,9025.11,9031.59
1756044000,2025-08-24 14:00:00,9031.5,9035.12,9008.38,9018.96
1756051200,2025-08-24 16:00:00,9018.83,9026.31,8999.33,9002.82
1756058400,2025-08-24 18:00:00,9002.61,9018.4,8996.71,9005.37
1756065600,2025-08-24 20:00:00,9005.35,9027.23,9002.53,9024.64
1756072800,2025-08-24 22:00:00,9024.75,9025.44,8997.66,9016.51
1756080000,2025-08-25 00:00:00,9016.62,9027.36,9004.24,9014.76
1756087200,2025-08-25 02:00:00,9014.78,9032.34,9014.2,9022
1756094400,2025-08-25 04:00:00,9021.84,9034.84,9018.96,9030.64
1756101600,2025-08-25 06:00:00,9030.53,9045.57,9028.65,9044.19
1756108800,2025-08-25 08:00:00,9044.27,9053.2,9039.4,9050.23
1756116000,2025-08-25 10:00:00,9050.14,9056.15,9040.92,9055.95
1756123200,2025-08-25 12:00:00,9055.99,9071.87,9044.54,9052.9
1756130400,2025-08-25 14:00:00,9052.9,9055.74,9040.16,9046.11
1756137600,2025-08-25 16:00:00,9046,9049.33,9037.25,9046.34
1756144800,2025-08-25 18:00:00,9046.03,9066.25,9041.36,9063.78
1756152000,2025-08-25 20:00:00,9063.63,9069.55,9055,9058.59
1756159200,2025-08-25 22:00:00,9058.55,9079.57,9056.28,9070.57
1756166400,2025-08-26 00:00:00,9070.67,9071.1,9053.86,9066.79
1756173600,2025-08-26 02:00:00,9066.79,9076.08,9058.67,9065.59
1756180800,2025-08-26 04:00:00,9065.84,9089.35,9060.19,9087.4
1756188000,2025-08-26 06:00:00,9087.67,9096.4,9080.99,9090.65
1756195200,2025-08-26 08:00:00,9090.74,9122.24,9090.54,9121.77
1756202400,2025-08-26 10:00:00,9121.72,9131.43,9110.52,9116.45
1756209600,2025-08-26 12:00:00,9116.49,9125.69,9111.19,9111.64
1756216800,2025-08-26 14:00:00,9111.82,9114.93,9096.2,9100.69
1756224000,2025-08-26 16:00:00,9100.48,9106.21,9094.35,9101.91
1756231200,2025-08-26 18:00:00,9101.47,9109.33,9090.16,9094.32
1756238400,2025-08-26 20:00:00,9094.09,9099.23,9086.64,9094.49
1756245600,2025-08-26 22:00:00,9094.29,9095.58,9063.45,9067.25
1756252800,2025-08-27 00:00:00,9067.31,9068.86,9055.71,9061.15
1756260000,2025-08-27 02:00:00,9061.09,9078.65,9053.87,9075.9
1756267200,2025-08-27 04:00:00,9075.55,9079.01,9064.48,9071.64
1756274400,2025-08-27 06:00:00,9071.61,9075.21,9050.32,9052.91
1756281600,2025-08-27 08:00:00,9052.95,9067.21,9044.66,9064.63
1756288800,2025-08-27 10:00:00,9064.37,9064.56,9052.23,9056.52
1756296000,2025-08-27 12:00:00,9056.64,9061.93,9039.06,9059.76
1756303200,2025-08-27 14:00:00,9059.64,9067.87,9039.99,9054.2
1756310400,2025-08-27 16:00:00,9054.48,9084.93,9053.02,9074.09
1756317600,2025-08-27 18:00:00,9074.15,9096.4,9074.15,9095.79
1756324800,2025-08-27 20:00:00,9095.68,9107.41,9091.6,9099.84
1756332000,2025-08-27 22:00:00,9099.72,9109.8,9086.56,9097.54
1756339200,2025-08-28 00:00:00,9097.46,9121.58,9087.78,9117.62
1756346400,2025-08-28 02:00:00,9117.54,9126.16,9104.29,9116.43
1756353600,2025-08-28 04:00:00,9116.29,9132.81,9111.84,9130.58
1756360800,2025-08-28 06:00:00,9130.55,9141.39,9125.63,9140.84
1756368000,2025-08-28 08:00:00,9140.86,9141.55,9116.07,9128.46
1756375200,2025-08-28 10:00:00,9128.42,9131.51,9112.01,9118.95
1756382400,2025-08-28 12:00:00,9119.11,9127.7,9109.51,9112.27
1756389600,2025-08-28 14:00:00,9112.67,9123.72,9107.91,9108.83
1756396800,2025-08-28 16:00:00,9108.52,9127.66,9104.04,9108.49
1756404000,2025-08-28 18:00:00,9108.51,9111.66,9089.54,9103.62
1756411200,2025-08-28 20:00:00,9103.85,9104.42,9079.84,9082.09
1756418400,2025-08-28 22:00:00,9081.88,9095.67,9078.44,9093.98
1756425600,2025-08-29 00:00:00,9093.79,9100.71,9081.21,9100.24
1756432800,2025-08-29 02:00:00,9100.4,9120.23,9095.22,9110.59
1756440000,2025-08-29 04:00:00,9110.4,9126.49,9109.35,9122.06
1756447200,2025-08-29 06:00:00,9122.02,9124.98,9095.32,9100.55
1756454400,2025-08-29 08:00:00,9100.51,9101.32,9066.51,9078.37
1756461600,2025-08-29 10:00:00,9078.28,9080.27,9055,9066.18
1756468800,2025-08-29 12:00:00,9066.14,9071.96,9055.25,9055.64
1756476000,2025-08-29 14:00:00,9055.73,9071.65,9045.54,9048.96
1756483200,2025-08-29 16:00:00,9048.93,9069.59,9048.75,9065.14
1756490400,2025-08-29 18:00:00,9065.36,9067.89,9046.42,9055.48
1756497600,2025-08-29 20:00:00,9055.37,9060.84,9035.66,9035.89
1756504800,2025-08-29 22:00:00,9036,9055.24,9025.65,9041.57
1756512000,2025-08-30 00:00:00,9041.69,9051.57,9030.7,9041.04
1756519200,2025-08-30 02:00:00,9040.83,9061.96,9037.02,9053.21
1756526400,2025-08-30 04:00:00,9053.24,9070.71,9046.7,9062.75
1756533600,2025-08-30 06:00:00,9062.97,9064.23,9036.45,9039.27
1756540800,2025-08-30 08:00:00,9039.08,9049.11,9032.56,9041.06
1756548000,2025-08-30 10:00:00,9041.02,9053.97,9036.89,9053.82
1756555200,2025-08-30 12:00:00,9053.79,9054.45,9023.47,9027.04
1756562400,2025-08-30 14:00:00,9027.15,9039.13,9015.76,9020.97
1756569600,2025-08-30 16:00:00,9020.95,9030.64,9007.91,9020.62
1756576800,2025-08-30 18:00:00,9020.57,9021.01,9004.22,9008.4
1756584000,2025-08-30 20:00:00,9008.46,9028.13,9006.08,9023.72
1756591200,2025-08-30 22:00:00,9023.87,9045.41,9023.36,9040.32
1756598400,2025-08-31 00:00:00,9040.24,9061.26,9037.66,9059.59
1756605600,2025-08-31 02:00:00,9059.37,9083.92,9054.03,9078.36
1756612800,2025-08-31 04:00:00,9078.19,9082.88,9060,9065.13
1756620000,2025-08-31 06:00:00,9065.08,9090.41,9064.83,9080.37
1756627200,2025-08-31 08:00:00,9080.12,9084.13,9067.99,9068.15
1756634400,2025-08-31 10:00:00,9068.14,9083.13,9060.36,9081.06
1756641600,2025-08-31 12:00:00,9081.09,9099.69,9075.87,9098.77
1756648800,2025-08-31 14:00:00,9098.69,9106.35,9091.03,9093.26
1756656000,2025-08-31 16:00:00,9093.12,9104.85,9083.64,9097.2
1756663200,2025-08-31 18:00:00,9097.15,9107,9085.23,9092.2
1756670400,2025-08-31 20:00:00,9092.26,9093.49,9078.02,9081.59
1756677600,2025-08-31 22:00:00,9081.51,9082.73,9055.62,9059.46
1756684800,2025-09-01 00:00:00,9059.38,9066.24,9046.57,9048.76
1756692000,2025-09-01 02:00:00,9048.6,9050.31,9023.68,9036.64
1756699200,2025-09-01 04:00:00,9037.01,9037.88,9013.48,9019.8
1756706400,2025-09-01 06:00:00,9019.95,9029.45,9010.39,9024.76
1756713600,2025-09-01 08:00:00,9025,9059.83,9022.49,9053.52
1756720800,2025-09-01 10:00:00,9053.79,9075.26,9053.73,9070.18
1756728000,2025-09-01 12:00:00,9070.2,9070.31,9056.9,9057.21
1756735200,2025-09-01 14:00:00,9057.26,9068.49,9051.99,9057.81
1756742400,2025-09-01 16:00:00,9058.03,9058.32,9034.57,9035.42
1756749600,2025-09-01 18:00:00,9035.26,9043.23,9019.51,9019.61
1756756800,2025-09-01 20:00:00,9019.59,9051.6,9019.3,9043.38
1756764000,2025-09-01 22:00:00,9043.4,9053.68,9036.06,9039.42
1756771200,2025-09-02 00:00:00,9039.65,9053.12,9033.7,9047.52
1756778400,2025-09-02 02:00:00,9047.25,9065.09,9042.73,9054.76
1756785600,2025-09-02 04:00:00,9054.74,9078.86,9051.49,9077.54
1756792800,2025-09-02 06:00:00,9077.61,9078.06,9055.02,9055.93
1756800000,2025-09-02 08:00:00,9056.14,9065.35,9050.31,9052.68
1756807200,2025-09-02 10:00:00,9052.65,9052.9,9032.02,9032.32
1756814400,2025-09-02 12:00:00,9032.01,9041.15,9013.58,9017.05
1756821600,2025-09-02 14:00:00,9016.76,9024.74,9007.58,9012.36
1756828800,2025-09-02 16:00:00,9012.42,9026.72,9003.9,9019.98
1756836000,2025-09-02 18:00:00,9019.88,9048.48,9005.82,9046
1756843200,2025-09-02 20:00:00,9045.86,9073.82,9043.14,9061.91
1756850400,2025-09-02 22:00:00,9061.7,9079.21,9057,9060.22
1756857600,2025-09-03 00:00:00,9060.35,9083.16,9060.03,9070.28
1756864800,2025-09-03 02:00:00,9070.08,9084.14,9062.8,9075.98
1756872000,2025-09-03 04:00:00,9076.25,9094.29,9070.1,9083.51
1756879200,2025-09-03 06:00:00,9083.66,9105.65,9082.22,9092.46
1756886400,2025-09-03 08:00:00,9092.39,9098.09,9073.66,9092.91
1756893600,2025-09-03 10:00:00,9092.92,9106.45,9090.85,9095.92
1756900800,2025-09-03 12:00:00,9095.77,9120.26,9092.45,9117.75
1756908000,2025-09-03 14:00:00,9117.73,9123.4,9106.54,9116.19
1756915200,2025-09-03 16:00:00,9116.18,9128.85,9103.52,9104.14
1756922400,2025-09-03 18:00:00,9104.22,9115.36,9102.89,9108.71
1756929600,2025-09-03 20:00:00,9108.81,9131.53,9103.67,9124.3
1756936800,2025-09-03 22:00:00,9124.24,9147.23,9122.28,9129.78
1756944000,2025-09-04 00:00:00,9129.53,9139.82,9122.11,9138.97
1756951200,2025-09-04 02:00:00,9138.8,9145.01,9128.1,9134.25
1756958400,2025-09-04 04:00:00,9134.24,9145.48,9130.84,9131.22
1756965600,2025-09-04 06:00:00,9131.13,9163.41,9125.3,9158.79
1756972800,2025-09-04 08:00:00,9158.71,9163.14,9152.06,9153
1756980000,2025-09-04 10:00:00,9153.35,9157.3,9137.35,9144.76
1756987200,2025-09-04 12:00:00,9144.87,9150.48,9111.86,9116.36
1756994400,2025-09-04 14:00:00,9116.45,9154.56,9113.16,9153.81
1757001600,2025-09-04 16:00:00,9153.81,9171.84,9146.32,9161.2
1757008800,2025-09-04 18:00:00,9161.4,9166.74,9146.51,9162.73
1757016000,2025-09-04 20:00:00,9162.75,9171.31,9153.93,9164.73
1757023200,2025-09-04 22:00:00,9164.63,9166.04,9150.95,9158.04
1757030400,2025-09-05 00:00:00,9158.08,9158.12,9146.29,9153.24
1757037600,2025-09-05 02:00:00,9153.29,9162.88,9144.66,9147.39
1757044800,2025-09-05 04:00:00,9147.51,9165.72,9147.36,9163.37
1757052000,2025-09-05 06:00:00,9163.7,9181.42,9157.12,9172.72
1757059200,2025-09-05 08:00:00,9172.83,9175.53,9156.79,9172.83
1757066400,2025-09-05 10:00:00,9172.83,9175.49,9158.3,9162.64
1757073600,2025-09-05 12:00:00,9162.59,9182.07,9161.15,9162.75
1757080800,2025-09-05 14:00:00,9162.62,9163.92,9143,9151.77
1757088000,2025-09-05 16:00:00,9151.89,9159.4,9146.39,9155.04
1757095200,2025-09-05 18:00:00,9155.03,9166.35,9149.37,9162.82
1757102400,2025-09-05 20:00:00,9162.88,9176.24,9155.78,9163.98
1757109600,2025-09-05 22:00:00,9164.04,9166.27,9144.6,9147.94
1757116800,2025-09-06 00:00:00,9147.57,9149.6,9129.04,9133.65
1757124000,2025-09-06 02:00:00,9133.57,9142.12,9129.77,9134.47
1757131200,2025-09-06 04:00:00,9134.27,9135.62,9122.46,9130.66
1757138400,2025-09-06 06:00:00,9130.67,9141.56,9119.35,9140.06
1757145600,2025-09-06 08:00:00,9140.09,9153.3,9137.47,9141.31
1757152800,2025-09-06 10:00:00,9141.25,9144.69,9129.8,9137.93
1757160000,2025-09-06 12:00:00,9138.02,9142.82,9123.11,9137.74
1757167200,2025-09-06 14:00:00,9137.58,9143.7,9130.82,9135.32
1757174400,2025-09-06 16:00:00,9135.33,9144.03,9123.91,9125.98
1757181600,2025-09-06 18:00:00,9125.91,9131.75,9116.26,9119.34
1757188800,2025-09-06 20:00:00,9119.36,9144.26,9117.94,9139.61
1757196000,2025-09-06 22:00:00,9139.57,9140.18,9123.44,9124.72
1757203200,2025-09-07 00:00:00,9124.58,9137.44,9111.81,9136.6
1757210400,2025-09-07 02:00:00,9136.57,9161.48,9133.85,9150.06
1757217600,2025-09-07 04:00:00,9149.91,9177.59,9147.28,9170.74
1757224800,2025-09-07 06:00:00,9170.66,9186.62,9167.59,9179.79
1757232000,2025-09-07 08:00:00,9179.93,9188.5,9171.55,9181.7
1757239200,2025-09-07 10:00:00,9181.23,9185.09,9166.73,9173.76
1757246400,2025-09-07 12:00:00,9173.68,9191.29,9170.08,9187.5
1757253600,2025-09-07 14:00:00,9187.51,9204.11,9176,9198.27
1757260800,2025-09-07 16:00:00,9198.38,9215.45,9197.66,9204.69
1757268000,2025-09-07 18:00:00,9204.78,9231.48,9202.86,9229.49
1757275200,2025-09-07 20:00:00,9229.22,9242.63,9222.03,9227.89
1757282400,2025-09-07 22:00:00,9228.05,9246.17,9223.33,9243.17
1757289600,2025-09-08 00:00:00,9243.18,9257.92,9242.23,9254.78
1757296800,2025-09-08 02:00:00,9254.73,9268.75,9242.15,9268.65
1757304000,2025-09-08 04:00:00,9268.71,9283.83,9263.73,9278.94
1757311200,2025-09-08 06:00:00,9278.93,9287.44,9266.07,9270.34
1757318400,2025-09-08 08:00:00,9270.38,9272.63,9247.23,9255.59
1757325600,2025-09-08 10:00:00,9255.76,9274.48,9252.88,9260.45
1757332800,2025-09-08 12:00:00,9260.64,9281.11,9259.23,9270.77
1757340000,2025-09-08 14:00:00,9270.8,9294,9268.06,9293.57
1757347200,2025-09-08 16:00:00,9293.6,9312.79,9293.6,9307.04
1757354400,2025-09-08 18:00:00,9306.84,9310.22,9269.74,9271
1757361600,2025-09-08 20:00:00,9271.25,9281.74,9264.43,9279.61
1757368800,2025-09-08 22:00:00,9279.5,9287.89,9269.39,9287.08
1757376000,2025-09-09 00:00:00,9287.11,9301.39,9283.56,9286.96
1757383200,2025-09-09 02:00:00,9287.14,9311.69,9286.92,9307.84
1757390400,2025-09-09 04:00:00,9308.01,9313.33,9291.27,9301.36
1757397600,2025-09-09 06:00:00,9301.21,9306.55,9279.91,9280.85
1757404800,2025-09-09 08:00:00,9280.63,9311.27,9274.76,9303.63
1757412000,2025-09-09 10:00:00,9303.59,9311.46,9284.7,9292.85
1757419200,2025-09-09 12:00:00,9293.09,9293.26,9262.21,9264.84
1757426400,2025-09-09 14:00:00,9265,9285.46,9262.61,9280.55
1757433600,2025-09-09 16:00:00,9280.57,9288.7,9267.35,9271.85
1757440800,2025-09-09 18:00:00,9271.72,9284.94,9263.84,9281.02
1757448000,2025-09-09 20:00:00,9281.29,9298.05,9279.13,9282.61
1757455200,2025-09-09 22:00:00,9282.29,9290.87,9270.76,9281.22
1757462400,2025-09-10 00:00:00,9281.23,9290.67,9272.06,9284.87
1757469600,2025-09-10 02:00:00,9285.05,9290.38,9267.74,9281.68
1757476800,2025-09-10 04:00:00,9281.49,9289.62,9277.3,9286.56
1757484000,2025-09-10 06:00:00,9286.61,9299.77,9286.06,9293.05
1757491200,2025-09-10 08:00:00,9292.69,9306.56,9281.8,9306.3
1757498400,2025-09-10 10:00:00,9306.21,9326.01,9304.17,9318.27
1757505600,2025-09-10 12:00:00,9318.19,9329.98,9304.67,9313.1
1757512800,2025-09-10 14:00:00,9312.84,9323.52,9298.73,9302.56
1757520000,2025-09-10 16:00:00,9302.25,9331.87,9294.1,9331.56
1757527200,2025-09-10 18:00:00,9331.76,9355.62,9331.25,9354.44
1757534400,2025-09-10 20:00:00,9353.98,9359.14,9317.16,9320.07
1757541600,2025-09-10 22:00:00,9319.98,9327.92,9317.24,9318.37
1757548800,2025-09-11 00:00:00,9317.94,9333.46,9314.14,9332.44
1757556000,2025-09-11 02:00:00,9332.31,9345.96,9328.24,9345.52
1757563200,2025-09-11 04:00:00,9345.56,9373.41,9341.62,9371.76
1757570400,2025-09-11 06:00:00,9371.78,9381.43,9359.81,9372.13
1757577600,2025-09-11 08:00:00,9372.3,9372.36,9353.27,9354.9
1757584800,2025-09-11 10:00:00,9354.79,9370.39,9349.64,9367.58
1757592000,2025-09-11 12:00:00,9367.8,9383.07,9358.36,9371.97
1757599200,2025-09-11 14:00:00,9371.59,9384.34,9361.17,9362.22
1757606400,2025-09-11 16:00:00,9362.1,9368.8,9349.22,9350.51
1757613600,2025-09-11 18:00:00,9350.43,9384.92,9346.49,9378.58
1757620800,2025-09-11 20:00:00,9378.74,9381.76,9361.56,9364.59
1757628000,2025-09-11 22:00:00,9364.49,9370.24,9356.72,9367.63
1757635200,2025-09-12 00:00:00,9367.61,9376.15,9360.47,9374.14
1757642400,2025-09-12 02:00:00,9374.17,9383.98,9359.43,9361.6
1757649600,2025-09-12 04:00:00,9361.62,9374.83,9356.25,9362.13
1757656800,2025-09-12 06:00:00,9362.23,9367.46,9348.96,9357.25
1757664000,2025-09-12 08:00:00,9357.05,9357.08,9330.31,9348.03
1757671200,2025-09-12 10:00:00,9348.1,9354.31,9341.21,9343.81
1757678400,2025-09-12 12:00:00,9343.78,9351.65,9333.8,9339.05
1757685600,2025-09-12 14:00:00,9338.92,9343.16,9329.76,9334.6
1757692800,2025-09-12 16:00:00,9334.65,9347.89,9331.92,9343.36
1757700000,2025-09-12 18:00:00,9343.23,9347.6,9322.41,9324.65
1757707200,2025-09-12 20:00:00,9324.16,9324.78,9284.56,9287.22
1757714400,2025-09-12 22:00:00,9287.12,9294.9,9277.27,9279.93
1757721600,2025-09-13 00:00:00,9279.95,9282.3,9262.77,9268.05
1757728800,2025-09-13 02:00:00,9268.05,9284.91,9262.89,9280.22
1757736000,2025-09-13 04:00:00,9280.22,9293.51,9274.95,9292.4
1757743200,2025-09-13 06:00:00,9292.3,9302.55,9289.4,9293.79
1757750400,2025-09-13 08:00:00,9293.64,9296.95,9280.32,9288.08
1757757600,2025-09-13 10:00:00,9288.23,9296.57,9268.88,9268.88
1757764800,2025-09-13 12:00:00,9268.76,9287.09,9264.96,9270.46
1757772000,2025-09-13 14:00:00,9270.74,9302.46,9267.25,9300.27
1757779200,2025-09-13 16:00:00,9300.23,9307.53,9289.94,9302.36
1757786400,2025-09-13 18:00:00,9302.24,9319.36,9296.9,9315.83
1757793600,2025-09-13 20:00:00,9315.84,9330.1,9304.53,9308.76
1757800800,2025-09-13 22:00:00,9308.83,9320.83,9301.27,9312.29
1757808000,2025-09-14 00:00:00,9312.07,9322.59,9308.62,9312.67
1757815200,2025-09-14 02:00:00,9312.56,9342.63,9309.18,9338.88
1757822400,2025-09-14 04:00:00,9338.78,9359.02,9336.09,9350.15
1757829600,2025-09-14 06:00:00,9350.17,9367.75,9348.39,9363.79
1757836800,2025-09-14 08:00:00,9363.8,9367.08,9344.72,9351.75
1757844000,2025-09-14 10:00:00,9351.89,9351.89,9332.13,9338.9
1757851200,2025-09-14 12:00:00,9338.93,9343.46,9324.77,9343.08
1757858400,2025-09-14 14:00:00,9343.03,9377.51,9342.8,9367.14
1757865600,2025-09-14 16:00:00,9367.29,9396.34,9364.17,9393.02
1757872800,2025-09-14 18:00:00,9393.03,9407.23,9384.41,9385.21
1757880000,2025-09-14 20:00:00,9385.01,9390.28,9370,9381.36
1757887200,2025-09-14 22:00:00,9381.36,9383.19,9361.19,9376.74
1757894400,2025-09-15 00:00:00,9376.9,9395.45,9376.9,9389.77
1757901600,2025-09-15 02:00:00,9390.1,9403.37,9386.1,9391.94
1757908800,2025-09-15 04:00:00,9391.76,9405.35,9384.77,9392.77
1757916000,2025-09-15 06:00:00,9392.51,9394.46,9361.34,9369.33
1757923200,2025-09-15 08:00:00,9369.19,9393.94,9363.83,9389.97
1757930400,2025-09-15 10:00:00,9390.03,9394.86,9379.27,9393.84
1757937600,2025-09-15 12:00:00,9393.99,9399.15,9378.63,9379.08
1757944800,2025-09-15 14:00:00,9379.15,9387.93,9373.35,9376.37
1757952000,2025-09-15 16:00:00,9376.33,9382.69,9361.97,9376.63
1757959200,2025-09-15 18:00:00,9376.64,9387.03,9366.55,9376.05
1757966400,2025-09-15 20:00:00,9376.01,9378.41,9358.48,9364.05
1757973600,2025-09-15 22:00:00,9364.27,9368.93,9346.47,9359.76
1757980800,2025-09-16 00:00:00,9359.7,9361.54,9348.54,9359.3
1757988000,2025-09-16 02:00:00,9359.53,9364.03,9344.54,9352.08
1757995200,2025-09-16 04:00:00,9351.96,9369,9350.79,9359.1
1758002400,2025-09-16 06:00:00,9359.31,9361.01,9339.09,9348.31
1758009600,2025-09-16 08:00:00,9348.14,9364.5,9334.43,9335.81
1758016800,2025-09-16 10:00:00,9335.58,9346.52,9331.56,9333.42
1758024000,2025-09-16 12:00:00,9333.56,9345.27,9320.07,9331.23
1758031200,2025-09-16 14:00:00,9331.04,9337.39,9308.34,9312.67
1758038400,2025-09-16 16:00:00,9312.66,9341.98,9310.56,9328.86
1758045600,2025-09-16 18:00:00,9328.87,9330.88,9306.65,9318.51
1758052800,2025-09-16 20:00:00,9318.59,9329.79,9307.76,9311.13
1758060000,2025-09-16 22:00:00,9311.27,9317.55,9302.24,9307.3
1758067200,2025-09-17 00:00:00,9307.1,9315.87,9290.57,9309.36
1758074400,2025-09-17 02:00:00,9309.55,9314.18,9294.9,9299.86
1758081600,2025-09-17 04:00:00,9299.72,9299.81,9287.22,9292.85
1758088800,2025-09-17 06:00:00,9293.1,9307.05,9269.79,9272.25
1758096000,2025-09-17 08:00:00,9272.31,9278.4,9267.17,9273.69
1758103200,2025-09-17 10:00:00,9273.7,9279.14,9259.9,9276.97
1758110400,2025-09-17 12:00:00,9276.92,9281.78,9270.14,9272.54
1758117600,2025-09-17 14:00:00,9272.63,9280.63,9256.81,9257.97
1758124800,2025-09-17 16:00:00,9257.9,9286.53,9256.17,9285.32
1758132000,2025-09-17 18:00:00,9285.3,9287.51,9273.23,9284.29
1758139200,2025-09-17 20:00:00,9284.32,9284.89,9255.44,9257.2
1758146400,2025-09-17 22:00:00,9257.14,9274.78,9242.94,9248.19
1758153600,2025-09-18 00:00:00,9248.23,9270.12,9237.9,9268.11
1758160800,2025-09-18 02:00:00,9267.94,9279.88,9263.25,9279.88
1758168000,2025-09-18 04:00:00,9279.9,9297.7,9275.96,9281.14
1758175200,2025-09-18 06:00:00,9280.83,9296.39,9280.01,9283.28
1758182400,2025-09-18 08:00:00,9283.44,9303.07,9281.49,9302.76
1758189600,2025-09-18 10:00:00,9302.65,9307.86,9273.96,9279.79
1758196800,2025-09-18 12:00:00,9279.76,9289.49,9269,9283.34
1758204000,2025-09-18 14:00:00,9283.29,9288.79,9272.62,9287.41
1758211200,2025-09-18 16:00:00,9287.35,9295.8,9280.87,9293.64
1758218400,2025-09-18 18:00:00,9293.95,9315.18,9291.67,9301.49
1758225600,2025-09-18 20:00:00,9301.52,9318.87,9298.61,9316.94
1758232800,2025-09-18 22:00:00,9317.02,9330.78,9312.73,9314.94
1758240000,2025-09-19 00:00:00,9314.81,9335.5,9313.14,9333.25
1758247200,2025-09-19 02:00:00,9333.09,9343.86,9322.29,9339.93
1758254400,2025-09-19 04:00:00,9340.05,9355.71,9335.15,9340.03
1758261600,2025-09-19 06:00:00,9332.57,9337.27,9323.97,9331.02
1758268800,2025-09-19 08:00:00,9331.16,9339.82,9310.44,9311.1
1758276000,2025-09-19 10:00:00,9310.97,9323.15,9306.8,9316.33
1758283200,2025-09-19 12:00:00,9315.91,9334.3,9311.76,9323.86
1758290400,2025-09-19 14:00:00,9323.97,9360.76,9322.55,9354.6
1758297600,2025-09-19 16:00:00,9354.76,9363.51,9349.88,9359.74
1758304800,2025-09-19 18:00:00,9359.68,9384.13,9357.66,9376.95
1758312000,2025-09-19 20:00:00,9376.82,9387.05,9369.2,9374.38
1758319200,2025-09-19 22:00:00,9374,9374.43,9348.3,9350.84
1758326400,2025-09-20 00:00:00,9350.82,9370.44,9349.7,9352.96
1758333600,2025-09-20 02:00:00,9352.84,9368.82,9350.91,9357.64
1758340800,2025-09-20 04:00:00,9357.88,9364.38,9342.26,9348.33
1758348000,2025-09-20 06:00:00,9348.66,9357.68,9336.37,9338.99
1758355200,2025-09-20 08:00:00,9339.11,9346.81,9330.11,9336.5
1758362400,2025-09-20 10:00:00,9336.48,9350.84,9331.15,9335.87
1758369600,2025-09-20 12:00:00,9335.74,9346.04,9322.66,9342.86
1758376800,2025-09-20 14:00:00,9342.97,9344.65,9316.52,9330.23
1758384000,2025-09-20 16:00:00,9330.53,9338.96,9321.28,9331.54
1758391200,2025-09-20 18:00:00,9331.46,9338.08,9312.98,9316.84
1758398400,2025-09-20 20:00:00,9316.36,9321.04,9305.38,9316.23
1758405600,2025-09-20 22:00:00,9316.19,9330.08,9312.69,9328.51
1758412800,2025-09-21 00:00:00,9328.77,9339.85,9315.47,9338.12
1758420000,2025-09-21 02:00:00,9338.19,9343.02,9318.31,9331.3
1758427200,2025-09-21 04:00:00,9331.32,9344.48,9325.76,9334.54
1758434400,2025-09-21 06:00:00,9334.66,9341.13,9321.33,9324.87
1758441600,2025-09-21 08:00:00,9324.71,9328.93,9308.46,9309.8
1758448800,2025-09-21 10:00:00,9309.56,9320.2,9288.64,9297.22
1758456000,2025-09-21 12:00:00,9297.22,9310.26,9295.95,9303.78
1758463200,2025-09-21 14:00:00,9303.85,9308.97,9290.53,9307.91
1758470400,2025-09-21 16:00:00,9307.89,9329.36,9307.4,9315.32
1758477600,2025-09-21 18:00:00,9315.36,9334.76,9310.69,9322.54
1758484800,2025-09-21 20:00:00,9322.37,9358.09,9316.44,9356.14
1758492000,2025-09-21 22:00:00,9355.95,9367.72,9350.32,9366.21
1758499200,2025-09-22 00:00:00,9365.99,9372.35,9358.72,9368.62
1758506400,2025-09-22 02:00:00,9368.6,9384.69,9359.36,9382.74
1758513600,2025-09-22 04:00:00,9382.97,9389.87,9369.78,9373.9
1758520800,2025-09-22 06:00:00,9374.26,9399.61,9373.08,9384.94
1758528000,2025-09-22 08:00:00,9384.87,9386.35,9360.43,9367.13
1758535200,2025-09-22 10:00:00,9367.28,9371.26,9353.37,9358.88
1758542400,2025-09-22 12:00:00,9359.09,9362.72,9336.92,9354.89
1758549600,2025-09-22 14:00:00,9355.18,9374.44,9353.31,9367.26
1758556800,2025-09-22 16:00:00,9367.01,9374.98,9355.62,9370.26
1758564000,2025-09-22 18:00:00,9369.99,9387.98,9369.29,9384.9
1758571200,2025-09-22 20:00:00,9385.14,9385.39,9360.84,9377.46
1758578400,2025-09-22 22:00:00,9377.43,9379.74,9356.86,9367.54
1758585600,2025-09-23 00:00:00,9367.8,9369.79,9354.9,9356.52
1758592800,2025-09-23 02:00:00,9356.54,9357.41,9339.03,9348.81
1758600000,2025-09-23 04:00:00,9348.81,9353.3,9334.36,9351.38
1758607200,2025-09-23 06:00:00,9351.68,9364.37,9333.13,9336.48
1758614400,2025-09-23 08:00:00,9336.15,9354.89,9329.98,9348.17
1758621600,2025-09-23 10:00:00,9348.2,9379.29,9345.71,9378.19
1758628800,2025-09-23 12:00:00,9378.14,9381.15,9336.81,9336.99
1758636000,2025-09-23 14:00:00,9337,9337.84,9320.21,9327.91
1758643200,2025-09-23 16:00:00,9328.17,9334.7,9321.73,9327
1758650400,2025-09-23 18:00:00,9327.03,9351.08,9327.03,9344.86
1758657600,2025-09-23 20:00:00,9344.94,9351.71,9333.25,9335.62
1758664800,2025-09-23 22:00:00,9335.51,9335.51,9310.23,9319.66
1758672000,2025-09-24 00:00:00,9319.82,9332.21,9312.35,9328.54
1758679200,2025-09-24 02:00:00,9328.37,9334.7,9319.76,9333.73
1758686400,2025-09-24 04:00:00,9333.74,9335.61,9313.94,9326.85
1758693600,2025-09-24 06:00:00,9326.82,9336.92,9319.83,9328.69
1758700800,2025-09-24 08:00:00,9328.68,9337.74,9320.01,9335.41
1758708000,2025-09-24 10:00:00,9335.32,9359.95,9333.02,9359.25
1758715200,2025-09-24 12:00:00,9359.41,9381.14,9350.86,9380.8
1758722400,2025-09-24 14:00:00,9380.96,9388.79,9368.75,9372.36
1758729600,2025-09-24 16:00:00,9372.28,9385.28,9372.28,9378.63
1758736800,2025-09-24 18:00:00,9378.3,9397.03,9374.27,9376.49
1758744000,2025-09-24 20:00:00,9376.56,9382.53,9366.19,9368.07
1758751200,2025-09-24 22:00:00,9368.39,9375.49,9356.43,9359.4
1758758400,2025-09-25 00:00:00,9359.48,9381.63,9356.91,9371.34
1758765600,2025-09-25 02:00:00,9371.54,9380.56,9363.83,9369.17
1758772800,2025-09-25 04:00:00,9369.06,9396.37,9366.63,9393.01
1758780000,2025-09-25 06:00:00,9392.98,9401.79,9377.7,9379.4
1758787200,2025-09-25 08:00:00,9379.48,9400.53,9375.73,9398.68
1758794400,2025-09-25 10:00:00,9398.44,9418.91,9393.63,9417.24
1758801600,2025-09-25 12:00:00,9417.01,9429.02,9409.65,9414.45
1758808800,2025-09-25 14:00:00,9414.45,9424.75,9407.22,9424.44
1758816000,2025-09-25 16:00:00,9424.32,9433.2,9408.8,9408.91
1758823200,2025-09-25 18:00:00,9409.07,9421.65,9391.89,9396
1758830400,2025-09-25 20:00:00,9395.89,9398.25,9379.51,9381.08
1758837600,2025-09-25 22:00:00,9381.31,9384.59,9370.67,9378.65
1758844800,2025-09-26 00:00:00,9378.88,9389.87,9373.81,9378.89
1758852000,2025-09-26 02:00:00,9378.66,9395.3,9374.63,9387.8
1758859200,2025-09-26 04:00:00,9387.79,9395.49,9366.69,9367.7
1758866400,2025-09-26 06:00:00,9367.81,9389.14,9365.27,9384.45
1758873600,2025-09-26 08:00:00,9384.59,9390.43,9380.49,9389.7
1758880800,2025-09-26 10:00:00,9389.75,9392.53,9370.54,9373.35
1758888000,2025-09-26 12:00:00,9373.14,9403.19,9364.73,9397.1
1758895200,2025-09-26 14:00:00,9397.29,9416.57,9395.01,9398.86
1758902400,2025-09-26 16:00:00,9398.65,9402.83,9375.06,9376.18
1758909600,2025-09-26 18:00:00,9376.32,9385.96,9374.76,9379.56
1758916800,2025-09-26 20:00:00,9379.64,9390.7,9362.66,9366.79
1758924000,2025-09-26 22:00:00,9366.66,9373.01,9346.87,9350.73
1758931200,2025-09-27 00:00:00,9350.54,9351.35,9315.7,9317.15
1758938400,2025-09-27 02:00:00,9317.14,9339.81,9315.72,9331.31
1758945600,2025-09-27 04:00:00,9331.12,9336.21,9316.37,9323.15
1758952800,2025-09-27 06:00:00,9322.99,9323.48,9287.54,9292.23
1758960000,2025-09-27 08:00:00,9292.15,9300.79,9283.7,9286.09
1758967200,2025-09-27 10:00:00,9286.05,9299.64,9280.54,9291.94
1758974400,2025-09-27 12:00:00,9291.93,9294.59,9280.31,9285.63
1758981600,2025-09-27 14:00:00,9285.51,9293.2,9279.23,9279.93
1758988800,2025-09-27 16:00:00,9279.98,9316.12,9279.98,9316.12
1758996000,2025-09-27 18:00:00,9316.29,9320.01,9289.91,9294.9
1759003200,2025-09-27 20:00:00,9294.82,9309.66,9291.08,9299.47
1759010400,2025-09-27 22:00:00,9299.54,9304.43,9285.51,9285.95
1759017600,2025-09-28 00:00:00,9286.04,9305.98,9283.14,9286.91
1759024800,2025-09-28 02:00:00,9286.77,9290.9,9265.16,9279.96
1759032000,2025-09-28 04:00:00,9279.78,9292.16,9269.89,9286.61
1759039200,2025-09-28 06:00:00,9286.77,9312.87,9285.79,9312.53
1759046400,2025-09-28 08:00:00,9312.59,9324.87,9306.87,9316.58
1759053600,2025-09-28 10:00:00,9316.44,9318.55,9300.42,9313.36
1759060800,2025-09-28 12:00:00,9313.47,9343.27,9310.65,9341.22
1759068000,2025-09-28 14:00:00,9341.21,9342.04,9323.59,9331.77
1759075200,2025-09-28 16:00:00,9331.56,9346.91,9327.93,9338.12
1759082400,2025-09-28 18:00:00,9338.35,9356.38,9337.79,9344.85
1759089600,2025-09-28 20:00:00,9344.85,9363.89,9344.23,9354.13
1759096800,2025-09-28 22:00:00,9354.15,9365.45,9349.31,9354.37
1759104000,2025-09-29 00:00:00,9354.36,9364.37,9341.27,9354.83
1759111200,2025-09-29 02:00:00,9354.86,9392.11,9352.64,9383.13
1759118400,2025-09-29 04:00:00,9383.06,9383.08,9361.23,9364.02
1759125600,2025-09-29 06:00:00,9363.96,9374.02,9354.47,9357.06
1759132800,2025-09-29 08:00:00,9357.38,9378.08,9344.78,9376.84
1759140000,2025-09-29 10:00:00,9376.89,9392.53,9363.47,9388.22
1759147200,2025-09-29 12:00:00,9388.28,9396.46,9368,9371.99
1759154400,2025-09-29 14:00:00,9371.63,9387.39,9362.97,9384.3
1759161600,2025-09-29 16:00:00,9383.93,9387.73,9361.77,9371.43
1759168800,2025-09-29 18:00:00,9371.58,9390.2,9368.25,9373.88
1759176000,2025-09-29 20:00:00,9373.82,9382.9,9365.67,9367.14
1759183200,2025-09-29 22:00:00,9367.08,9401.21,9366.73,9396.94
1759190400,2025-09-30 00:00:00,9397.06,9410.54,9388.62,9399.23
1759197600,2025-09-30 02:00:00,9399.37,9416.37,9395.04,9414.62
1759204800,2025-09-30 04:00:00,9414.68,9425.21,9397.1,9403.03
1759212000,2025-09-30 06:00:00,9402.9,9406.04,9368.61,9368.85
1759219200,2025-09-30 08:00:00,9369.03,9384.18,9360.93,9382.39
1759226400,2025-09-30 10:00:00,9382.42,9388.69,9369.02,9370.64
1759233600,2025-09-30 12:00:00,9370.68,9378.95,9364.11,9367.91
1759240800,2025-09-30 14:00:00,9368.09,9391.44,9359.38,9380.49
1759248000,2025-09-30 16:00:00,9380.39,9391.19,9379.03,9383.37
1759255200,2025-09-30 18:00:00,9383.39,9403.43,9383.39,9387.86
1759262400,2025-09-30 20:00:00,9387.9,9402.57,9384.55,9392.03
1759269600,2025-09-30 22:00:00,9391.75,9393.59,9372.71,9387.7
1759276800,2025-10-01 00:00:00,9387.64,9404.84,9383.32,9385.92
1759284000,2025-10-01 02:00:00,9385.75,9388.86,9364.78,9365.29
1759291200,2025-10-01 04:00:00,9365.28,9366.12,9351.15,9356.01
1759298400,2025-10-01 06:00:00,9355.88,9372.88,9352.09,9355.42
1759305600,2025-10-01 08:00:00,9355.41,9363.35,9334.28,9339
1759312800,2025-10-01 10:00:00,9339.01,9353.68,9330.69,9351.21
1759320000,2025-10-01 12:00:00,9351.03,9361.44,9346.91,9356.73
1759327200,2025-10-01 14:00:00,9357.02,9357.24,9337.8,9348.3
1759334400,2025-10-01 16:00:00,9348.29,9355.29,9337.86,9352.58
1759341600,2025-10-01 18:00:00,9352.68,9367.97,9348.25,9351.5
1759348800,2025-10-01 20:00:00,9351.48,9368.92,9348.57,9367.89
1759356000,2025-10-01 22:00:00,9367.96,9373.29,9348.38,9359.98
1759363200,2025-10-02 00:00:00,9359.8,9361.83,9328,9332.6
1759370400,2025-10-02 02:00:00,9332.72,9340.43,9328.42,9334.96
1759377600,2025-10-02 04:00:00,9334.71,9355.63,9324.5,9353.25
1759384800,2025-10-02 06:00:00,9353.14,9364.09,9344.66,9360.44
1759392000,2025-10-02 08:00:00,9360.27,9369.17,9356.45,9360.08
1759399200,2025-10-02 10:00:00,9360.12,9382.7,9354.97,9381.95
1759406400,2025-10-02 12:00:00,9381.79,9388.08,9371.33,9375.65
1759413600,2025-10-02 14:00:00,9375.81,9383.21,9361.34,9380.88
1759420800,2025-10-02 16:00:00,9380.93,9396.9,9362.88,9396.64
1759428000,2025-10-02 18:00:00,9396.87,9409.5,9392.22,9404.62
1759435200,2025-10-02 20:00:00,9404.8,9420.31,9395.12,9411.49
1759442400,2025-10-02 22:00:00,9410.95,9420.04,9405.34,9407.54
1759449600,2025-10-03 00:00:00,9407.59,9438.06,9402.76,9423.96
1759456800,2025-10-03 02:00:00,9423.93,9424.99,9406.95,9422.97
1759464000,2025-10-03 04:00:00,9422.84,9434.82,9420.67,9427.82
1759471200,2025-10-03 06:00:00,9427.8,9432.77,9410.81,9416.39
1759478400,2025-10-03 08:00:00,9416.35,9438.04,9412.65,9431.4
1759485600,2025-10-03 10:00:00,9431.61,9438.1,9413,9415.27
1759492800,2025-10-03 12:00:00,9415.03,9439.74,9414.86,9435.04
1759500000,2025-10-03 14:00:00,9435.22,9452.99,9428.75,9451.76
1759507200,2025-10-03 16:00:00,9451.72,9453.71,9427.68,9435.71
1759514400,2025-10-03 18:00:00,9435.51,9454.93,9433.64,9449.37
1759521600,2025-10-03 20:00:00,9449.21,9459.74,9437.86,9453.72
1759528800,2025-10-03 22:00:00,9453.52,9462.37,9449.09,9451.28
1759536000,2025-10-04 00:00:00,9451.38,9455.32,9434.48,9435.6
1759543200,2025-10-04 02:00:00,9435.65,9449.73,9425.16,9431.83
1759550400,2025-10-04 04:00:00,9431.99,9437.1,9423.94,9428
1759557600,2025-10-04 06:00:00,9427.76,9448.34,9426.9,9434.88
1759564800,2025-10-04 08:00:00,9434.99,9435.32,9420.94,9432.18
1759572000,2025-10-04 10:00:00,9432.31,9447.44,9431.29,9441.97
1759579200,2025-10-04 12:00:00,9442.11,9447.12,9428.14,9430.41
1759586400,2025-10-04 14:00:00,9430.68,9443.23,9414.22,9439.21
1759593600,2025-10-04 16:00:00,9439.23,9444.26,9423.02,9430.26
1759600800,2025-10-04 18:00:00,9430.16,9450.41,9428.51,9443.48
1759608000,2025-10-04 20:00:00,9443.15,9450.89,9431.34,9441.06
1759615200,2025-10-04 22:00:00,9440.89,9451.34,9438.85,9442.34
1759622400,2025-10-05 00:00:00,9442.09,9453.68,9433.49,9447.9
1759629600,2025-10-05 02:00:00,9447.74,9455.9,9432.5,9453.48
1759636800,2025-10-05 04:00:00,9453.23,9466.12,9452.99,9455.35
1759644000,2025-10-05 06:00:00,9455.41,9482.76,9453.92,9481.28
1759651200,2025-10-05 08:00:00,9481.32,9483.39,9456.21,9463.29
1759658400,2025-10-05 10:00:00,9463.31,9476.5,9456.86,9462.47
1759665600,2025-10-05 12:00:00,9462.41,9472.78,9454.74,9456.42
1759672800,2025-10-05 14:00:00,9456.48,9458.16,9441.06,9456.11
1759680000,2025-10-05 16:00:00,9455.99,9460.99,9433.19,9441.92
1759687200,2025-10-05 18:00:00,9441.95,9451.8,9429.19,9430.14
1759694400,2025-10-05 20:00:00,9430.11,9440.49,9421.78,9425.69
1759701600,2025-10-05 22:00:00,9425.87,9434.09,9421.05,9424.34
1759708800,2025-10-06 00:00:00,9424.3,9454.68,9418.44,9453.87
1759716000,2025-10-06 02:00:00,9453.7,9454.4,9443.03,9453.27
1759723200,2025-10-06 04:00:00,9453.11,9461.06,9430.99,9435.62
1759730400,2025-10-06 06:00:00,9435.91,9464.76,9433.47,9458.03
1759737600,2025-10-06 08:00:00,9458.23,9466.44,9455.55,9461.77
1759744800,2025-10-06 10:00:00,9461.74,9463.84,9445.31,9447.77
1759752000,2025-10-06 12:00:00,9447.65,9466.91,9438.41,9446.12
1759759200,2025-10-06 14:00:00,9446.3,9464.69,9438.11,9442.33
1759766400,2025-10-06 16:00:00,9442.14,9458.33,9439.8,9452.33
1759773600,2025-10-06 18:00:00,9452.47,9457.9,9434.49,9444.79
1759780800,2025-10-06 20:00:00,9444.78,9448.63,9434.16,9444.47
1759788000,2025-10-06 22:00:00,9444.19,9452.34,9430.47,9430.76
1759795200,2025-10-07 00:00:00,9430.9,9440.58,9426.37,9427.4
1759802400,2025-10-07 02:00:00,9427.2,9444.23,9426.44,9437.79
1759809600,2025-10-07 04:00:00,9437.9,9450.76,9422.98,9424.51
1759816800,2025-10-07 06:00:00,9424.52,9435.12,9410.71,9414.67
1759824000,2025-10-07 08:00:00,9415,9431.16,9410.64,9422.57
1759831200,2025-10-07 10:00:00,9422.52,9433.26,9411.78,9414.58
1759838400,2025-10-07 12:00:00,9414.56,9435.75,9412.79,9428.87
1759845600,2025-10-07 14:00:00,9428.67,9447.86,9416.81,9444.53
1759852800,2025-10-07 16:00:00,9444.66,9446.76,9416.24,9422.51
1759860000,2025-10-07 18:00:00,9422.46,9441.95,9420.78,9438.28
1759867200,2025-10-07 20:00:00,9438.15,9444.69,9432.23,9437.79
1759874400,2025-10-07 22:00:00,9437.52,9452.51,9425.62,9426.22
1759881600,2025-10-08 00:00:00,9426.29,9447.85,9425.02,9439.2
1759888800,2025-10-08 02:00:00,9438.96,9445.26,9429.08,9432.12
1759896000,2025-10-08 04:00:00,9431.99,9435.28,9426.48,9429.48
1759903200,2025-10-08 06:00:00,9429.44,9429.71,9412.48,9415.55
1759910400,2025-10-08 08:00:00,9415.33,9416.2,9383,9386.36
1759917600,2025-10-08 10:00:00,9386.49,9401.58,9385.97,9399.25
1759924800,2025-10-08 12:00:00,9399.07,9403.07,9380.68,9388.99
1759932000,2025-10-08 14:00:00,9389.07,9408.06,9385.58,9402.11
1759939200,2025-10-08 16:00:00,9401.97,9414.89,9387.6,9402.34
1759946400,2025-10-08 18:00:00,9402.29,9408.97,9396.01,9403.56
1759953600,2025-10-08 20:00:00,9403.46,9411.89,9394.18,9397.36
1759960800,2025-10-08 22:00:00,9397.36,9407.5,9391.87,9399.12
1759968000,2025-10-09 00:00:00,9399,9414.85,9392.26,9411.19
1759975200,2025-10-09 02:00:00,9411.41,9414.24,9397.15,9402.84
1759982400,2025-10-09 04:00:00,9402.93,9439.48,9400.58,9433.4
1759989600,2025-10-09 06:00:00,9433.23,9444.36,9423.76,9428.94
1759996800,2025-10-09 08:00:00,9429.12,9433.07,9406.95,9407.49
1760004000,2025-10-09 10:00:00,9407.27,9422.05,9403.13,9414.78
1760011200,2025-10-09 12:00:00,9414.65,9423.53,9397.51,9404.52
1760018400,2025-10-09 14:00:00,9404.61,9419.33,9388.12,9391.59
1760025600,2025-10-09 16:00:00,9391.52,9391.52,9350.64,9354.44
1760032800,2025-10-09 18:00:00,9354.58,9375.5,9341.74,9370.43
1760040000,2025-10-09 20:00:00,9370.67,9385.85,9367.69,9383.41
1760047200,2025-10-09 22:00:00,9383.38,9392.25,9372.49,9386.2
1760054400,2025-10-10 00:00:00,9386.22,9388.89,9361.2,9364.84
1760061600,2025-10-10 02:00:00,9364.92,9373.99,9350.02,9371.94
1760068800,2025-10-10 04:00:00,9371.92,9400.49,9364.92,9398.46
1760076000,2025-10-10 06:00:00,9398.49,9404.2,9384.29,9386.73
1760083200,2025-10-10 08:00:00,9386.94,9394.84,9375.62,9391.7
1760090400,2025-10-10 10:00:00,9391.7,9409.08,9384.59,9406.11
1760097600,2025-10-10 12:00:00,9405.96,9418.94,9395.87,9397.4
1760104800,2025-10-10 14:00:00,9397.69,9411.03,9391.23,9406.61
1760112000,2025-10-10 16:00:00,9406.65,9433.69,9406.46,9430.62
1760119200,2025-10-10 18:00:00,9430.63,9455.92,9430.38,9446.54
1760126400,2025-10-10 20:00:00,9446.46,9468.91,9439.91,9468.76
1760133600,2025-10-10 22:00:00,9468.49,9478.01,9456.16,9456.48
1760140800,2025-10-11 00:00:00,9456.55,9460.37,9442.78,9446.75
1760148000,2025-10-11 02:00:00,9446.65,9473.61,9445.59,9472.66
1760155200,2025-10-11 04:00:00,9472.63,9496.37,9470.26,9495.14
1760162400,2025-10-11 06:00:00,9495.08,9503.92,9489.83,9503.92
1760169600,2025-10-11 08:00:00,9504,9509.48,9479.2,9482.18
1760176800,2025-10-11 10:00:00,9482.2,9500.42,9477.3,9499.86
1760184000,2025-10-11 12:00:00,9499.86,9519.1,9490.95,9504.25
1760191200,2025-10-11 14:00:00,9504.35,9504.36,9469.67,9471.27
1760198400,2025-10-11 16:00:00,9471.49,9474.06,9432.78,9433.28
1760205600,2025-10-11 18:00:00,9433.54,9444.74,9416.38,9421.11
1760212800,2025-10-11 20:00:00,9421.34,9425.26,9405.73,9417.59
1760220000,2025-10-11 22:00:00,9417.77,9422.13,9391.97,9393.41
1760227200,2025-10-12 00:00:00,9393.83,9422.32,9392.47,9422.04
1760234400,2025-10-12 02:00:00,9422.25,9428.45,9416.19,9419.02
1760241600,2025-10-12 04:00:00,9419.14,9439.41,9408.12,9438.61
1760248800,2025-10-12 06:00:00,9438.48,9448.52,9427.6,9433.06
1760256000,2025-10-12 08:00:00,9432.87,9434.16,9413.8,9425.42
1760263200,2025-10-12 10:00:00,9425.4,9441.59,9423.4,9435.98
1760270400,2025-10-12 12:00:00,9435.67,9448.69,9431.69,9440.57
1760277600,2025-10-12 14:00:00,9440.47,9462.95,9437.25,9458.26
1760284800,2025-10-12 16:00:00,9458.17,9475.8,9456.04,9474.11
1760292000,2025-10-12 18:00:00,9474.36,9486.48,9464.74,9473.07
1760299200,2025-10-12 20:00:00,9473.14,9485.83,9464.79,9481.17
1760306400,2025-10-12 22:00:00,9481.41,9486.55,9449.54,9449.74
1760313600,2025-10-13 00:00:00,9449.58,9453.29,9436.29,9438.96
1760320800,2025-10-13 02:00:00,9438.89,9457.39,9437.9,9444.8
1760328000,2025-10-13 04:00:00,9444.71,9470.21,9442.89,9463.38
1760335200,2025-10-13 06:00:00,9463.26,9481.08,9458.76,9480.15
1760342400,2025-10-13 08:00:00,9479.97,9492.18,9478.43,9489.64
1760349600,2025-10-13 10:00:00,9489.57,9490.3,9447.28,9448.71
1760356800,2025-10-13 12:00:00,9448.66,9458.65,9433.19,9456.82
1760364000,2025-10-13 14:00:00,9456.82,9465.53,9434.97,9434.97
1760371200,2025-10-13 16:00:00,9434.73,9440.32,9422.01,9439.81
1760378400,2025-10-13 18:00:00,9439.81,9451.99,9430.02,9436.38
1760385600,2025-10-13 20:00:00,9436.03,9446.77,9419.25,9421.14
1760392800,2025-10-13 22:00:00,9421.33,9430.04,9386.42,9388.07
1760400000,2025-10-14 00:00:00,9387.92,9390.21,9371.54,9383.43
1760407200,2025-10-14 02:00:00,9383.26,9407.51,9376.85,9396.71
1760414400,2025-10-14 04:00:00,9396.95,9407.58,9388.76,9391.15
1760421600,2025-10-14 06:00:00,9391.33,9404.46,9388.28,9396.36
1760428800,2025-10-14 08:00:00,9396.51,9406.27,9386.82,9400.48
1760436000,2025-10-14 10:00:00,9400.34,9418.99,9398.84,9402.67
1760443200,2025-10-14 12:00:00,9402.45,9407.67,9393.31,9393.4
1760450400,2025-10-14 14:00:00,9393.22,9407.82,9391.15,9405.26
1760457600,2025-10-14 16:00:00,9404.99,9412.72,9386.83,9397.88
1760464800,2025-10-14 18:00:00,9397.74,9406.23,9394.38,9401.98
1760472000,2025-10-14 20:00:00,9401.98,9422.68,9392.26,9419.48
1760479200,2025-10-14 22:00:00,9419.19,9420.31,9391.02,9394.76
1760486400,2025-10-15 00:00:00,9394.95,9409.77,9393.23,9403.89
1760493600,2025-10-15 02:00:00,9403.81,9420.06,9397.24,9397.36
1760500800,2025-10-15 04:00:00,9397.54,9400.56,9379.33,9381.92
1760508000,2025-10-15 06:00:00,9382,9398.55,9380.25,9382.58
1760515200,2025-10-15 08:00:00,9382.58,9384.95,9366.01,9379.38
1760522400,2025-10-15 10:00:00,9379.28,9408.15,9378.91,9406.95
1760529600,2025-10-15 12:00:00,9406.79,9421.49,9403.27,9405.5
1760536800,2025-10-15 14:00:00,9405.3,9411.76,9394.96,9409.05
1760544000,2025-10-15 16:00:00,9409.51,9410.51,9394.48,9407.36
1760551200,2025-10-15 18:00:00,9407.06,9425.34,9405.73,9423.15
1760558400,2025-10-15 20:00:00,9422.96,9442.43,9416.98,9441.47
1760565600,2025-10-15 22:00:00,9441.82,9447.14,9425.52,9433.84
1760572800,2025-10-16 00:00:00,9434.04,9458.4,9430.36,9443.97
1760580000,2025-10-16 02:00:00,9444.16,9446.03,9430.52,9436.77
1760587200,2025-10-16 04:00:00,9436.64,9446.66,9425.37,9444.48
1760594400,2025-10-16 06:00:00,9444.48,9453.43,9435.38,9437.1
1760601600,2025-10-16 08:00:00,9437.2,9437.51,9420.04,9422.54
1760608800,2025-10-16 10:00:00,9422.31,9427.8,9403.82,9405.76
1760616000,2025-10-16 12:00:00,9405.83,9410.98,9384.27,9385.17
1760623200,2025-10-16 14:00:00,9385.03,9404.9,9376.62,9389.3
1760630400,2025-10-16 16:00:00,9389.12,9400.83,9385.2,9391.89
1760637600,2025-10-16 18:00:00,9391.87,9407.51,9390.46,9402.13
1760644800,2025-10-16 20:00:00,9402.07,9410.67,9395.2,9407.38
1760652000,2025-10-16 22:00:00,9406.99,9422.9,9402.44,9409.52
1760659200,2025-10-17 00:00:00,9409.39,9439.82,9405.82,9435.54
1760666400,2025-10-17 02:00:00,9435.61,9440.97,9418.31,9426.85
1760673600,2025-10-17 04:00:00,9426.68,9445.63,9421.89,9439.95
1760680800,2025-10-17 06:00:00,9439.87,9442.18,9422.11,9436.62
1760688000,2025-10-17 08:00:00,9436.46,9457.93,9431.2,9453.23
1760695200,2025-10-17 10:00:00,9453.18,9461.58,9421.73,9425.89
1760702400,2025-10-17 12:00:00,9425.69,9435.14,9416.81,9427.99
1760709600,2025-10-17 14:00:00,9427.96,9444.82,9426.12,9438.18
1760716800,2025-10-17 16:00:00,9438.04,9442.39,9405.47,9412.14
1760724000,2025-10-17 18:00:00,9412.19,9419,9395.19,9401.25
1760731200,2025-10-17 20:00:00,9401.14,9401.33,9377.71,9386.64
1760738400,2025-10-17 22:00:00,9386.8,9415.03,9381.32,9412.23
1760745600,2025-10-18 00:00:00,9412.27,9416.09,9391.98,9395.46
1760752800,2025-10-18 02:00:00,9395.8,9398.11,9381.09,9393.85
1760760000,2025-10-18 04:00:00,9393.83,9412.53,9393.52,9397.4
1760767200,2025-10-18 06:00:00,9397.2,9397.25,9367.71,9375.52
1760774400,2025-10-18 08:00:00,9375.34,9378.19,9347.54,9349.76
1760781600,2025-10-18 10:00:00,9349.74,9355.66,9340.26,9344.39
1760788800,2025-10-18 12:00:00,9344.44,9348.59,9334.84,9342.78
1760796000,2025-10-18 14:00:00,9342.84,9344.98,9316.49,9322.16
1760803200,2025-10-18 16:00:00,9321.94,9335.12,9318.18,9323.11
1760810400,2025-10-18 18:00:00,9323.1,9336.52,9318.13,9333.51
1760817600,2025-10-18 20:00:00,9333.5,9349.6,9321.1,9338.02
1760824800,2025-10-18 22:00:00,9338.02,9343.57,9316.16,9326.16
1760832000,2025-10-19 00:00:00,9326.47,9332.42,9318.54,9329.66
1760839200,2025-10-19 02:00:00,9329.39,9332.84,9317.58,9324.4
1760846400,2025-10-19 04:00:00,9324.74,9349.92,9319.66,9347.54
1760853600,2025-10-19 06:00:00,9347.65,9351.62,9334.82,9340.92
1760860800,2025-10-19 08:00:00,9340.95,9349.49,9332.22,9341.51
1760868000,2025-10-19 10:00:00,9341.34,9353.38,9337.48,9352.67
1760875200,2025-10-19 12:00:00,9352.8,9378.25,9349.23,9357.72
1760882400,2025-10-19 14:00:00,9357.45,9366.93,9342.36,9343.19
1760889600,2025-10-19 16:00:00,9343.37,9356.43,9340.05,9352.47
1760896800,2025-10-19 18:00:00,9352.62,9379.6,9351.92,9372.98
1760904000,2025-10-19 20:00:00,9373.01,9384.63,9371.37,9376.02
1760911200,2025-10-19 22:00:00,9375.92,9386.32,9371.87,9386.29
1760918400,2025-10-20 00:00:00,9386.34,9398.63,9382.48,9387.06
1760925600,2025-10-20 02:00:00,9387.23,9388.79,9367.78,9371.03
1760932800,2025-10-20 04:00:00,9371.13,9373.31,9349.92,9365.3
1760940000,2025-10-20 06:00:00,9365.5,9388.69,9365.5,9371.54
1760947200,2025-10-20 08:00:00,9371.58,9396.39,9365.27,9386.99
1760954400,2025-10-20 10:00:00,9387.04,9391.06,9380.43,9389.45
1760961600,2025-10-20 12:00:00,9389.37,9400.37,9379.98,9396.79
1760968800,2025-10-20 14:00:00,9396.65,9399.06,9364.23,9365.2
1760976000,2025-10-20 16:00:00,9365.02,9370.29,9353.2,9353.29
1760983200,2025-10-20 18:00:00,9353.22,9355.71,9341.08,9349.6
1760990400,2025-10-20 20:00:00,9349.72,9356.59,9346.79,9347.97
1760997600,2025-10-20 22:00:00,9348.02,9350.37,9332.72,9345.51
1761004800,2025-10-21 00:00:00,9345.43,9362.22,9337.77,9353.86
1761012000,2025-10-21 02:00:00,9353.95,9369.43,9344.02,9351.57
1761019200,2025-10-21 04:00:00,9351.06,9358.64,9342.23,9348.36
1761026400,2025-10-21 06:00:00,9348.45,9375.36,9346.55,9372.39
1761033600,2025-10-21 08:00:00,9372.34,9373.73,9357.48,9367.12
1761040800,2025-10-21 10:00:00,9367.17,9377.35,9357.27,9359.57
1761048000,2025-10-21 12:00:00,9359.79,9379.2,9355.58,9375.87
1761055200,2025-10-21 14:00:00,9375.58,9398.65,9359.6,9393.11
1761062400,2025-10-21 16:00:00,9393.05,9394.29,9376.82,9384.84
1761069600,2025-10-21 18:00:00,9384.99,9400.71,9376.69,9379.05
1761076800,2025-10-21 20:00:00,9379.14,9388.81,9375.78,9385.27
1761084000,2025-10-21 22:00:00,9385.35,9392.39,9377.87,9384.18
1761091200,2025-10-22 00:00:00,9384.04,9387.56,9364.69,9367.02
1761098400,2025-10-22 02:00:00,9367.17,9370.03,9354.01,9360.41
1761105600,2025-10-22 04:00:00,9360,9383.74,9356.62,9372.39
1761112800,2025-10-22 06:00:00,9372.52,9376.52,9361.59,9371.95
1761120000,2025-10-22 08:00:00,9371.9,9374.7,9364.34,9368.33
1761127200,2025-10-22 10:00:00,9368.38,9391.31,9364.18,9390.79
1761134400,2025-10-22 12:00:00,9390.8,9430,9388.83,9417.99
1761141600,2025-10-22 14:00:00,9418,9421.57,9403.2,9415.79
1761148800,2025-10-22 16:00:00,9415.9,9429.51,9414.59,9427.43
1761156000,2025-10-22 18:00:00,9427.61,9445.79,9424.43,9435.67
1761163200,2025-10-22 20:00:00,9435.87,9460.87,9433.95,9455.46
1761170400,2025-10-22 22:00:00,9455.54,9491.97,9452.56,9490.16
1761177600,2025-10-23 00:00:00,9490.04,9493.75,9478.53,9480.27
1761184800,2025-10-23 02:00:00,9480.33,9487,9456.92,9458.81
1761192000,2025-10-23 04:00:00,9458.94,9464.66,9450.55,9459.44
1761199200,2025-10-23 06:00:00,9459.46,9468.14,9443.93,9450.52
1761206400,2025-10-23 08:00:00,9450.5,9459.31,9445.33,9451.31
1761213600,2025-10-23 10:00:00,9451.36,9458.07,9439.86,9453.41
1761220800,2025-10-23 12:00:00,9453.39,9460.17,9443.98,9458.87
1761228000,2025-10-23 14:00:00,9459.08,9467.86,9445.4,9454.76
1761235200,2025-10-23 16:00:00,9454.71,9462.79,9442.72,9443.95
1761242400,2025-10-23 18:00:00,9443.91,9473.11,9443.81,9463.49
1761249600,2025-10-23 20:00:00,9463.39,9470.61,9444.28,9447.27
1761256800,2025-10-23 22:00:00,9447.36,9453.1,9434.52,9437.36
1761264000,2025-10-24 00:00:00,9437.37,9447.6,9436.42,9445.17
1761271200,2025-10-24 02:00:00,9445.37,9461.46,9436.28,9460.04
1761278400,2025-10-24 04:00:00,9459.91,9462.98,9440.31,9440.75
1761285600,2025-10-24 06:00:00,9440.94,9448.98,9425.66,9436.57
1761292800,2025-10-24 08:00:00,9436.87,9444.92,9424.05,9438.5
1761300000,2025-10-24 10:00:00,9438.45,9443.64,9425.87,9431.19
1761307200,2025-10-24 12:00:00,9431.32,9439.6,9424.91,9430.79
1761314400,2025-10-24 14:00:00,9430.8,9447.32,9425.27,9426.87
1761321600,2025-10-24 16:00:00,9426.83,9449.18,9424.66,9445.24
1761328800,2025-10-24 18:00:00,9445.12,9447.64,9431.71,9437.29
1761336000,2025-10-24 20:00:00,9437.46,9437.74,9411.88,9412.96
1761343200,2025-10-24 22:00:00,9412.89,9416.47,9395.42,9414.77
1761350400,2025-10-25 00:00:00,9414.69,9429.63,9410.59,9427.31
1761357600,2025-10-25 02:00:00,9427.36,9459.64,9425.57,9457.61
1761364800,2025-10-25 04:00:00,9457.57,9470.17,9454.3,9466.08
1761372000,2025-10-25 06:00:00,9466.03,9466.59,9443.58,9444.71
1761379200,2025-10-25 08:00:00,9444.47,9449.2,9421.68,9429.47
1761386400,2025-10-25 10:00:00,9429.61,9455.27,9428.36,9445.06
1761393600,2025-10-25 12:00:00,9445.19,9446.44,9429.41,9433.98
1761400800,2025-10-25 14:00:00,9433.83,9445.03,9425.38,9430.34
1761408000,2025-10-25 16:00:00,9430.47,9454.48,9426.88,9444.11
1761415200,2025-10-25 18:00:00,9443.91,9466.36,9432.37,9459.85
1761422400,2025-10-25 20:00:00,9459.68,9471.74,9443.06,9447.75
1761429600,2025-10-25 22:00:00,9447.98,9449.64,9428.64,9431.13
1761436800,2025-10-26 00:00:00,9431.17,9450.77,9428.53,9446.43
1761444000,2025-10-26 02:00:00,9446.6,9469.12,9443.53,9467.35
1761451200,2025-10-26 04:00:00,9467.52,9470.13,9456.25,9462.52
1761458400,2025-10-26 06:00:00,9462.5,9475.73,9455.64,9470.94
1761465600,2025-10-26 08:00:00,9471.19,9480.75,9459.59,9462.57
1761472800,2025-10-26 10:00:00,9462.5,9464.43,9434.29,9437.08
1761480000,2025-10-26 12:00:00,9437.06,9440.97,9419.9,9422.87
1761487200,2025-10-26 14:00:00,9422.89,9438.03,9415.65,9436.15
1761494400,2025-10-26 16:00:00,9436.01,9455.88,9430.64,9452.25
1761501600,2025-10-26 18:00:00,9452.64,9464.07,9446.69,9462.95
1761508800,2025-10-26 20:00:00,9462.61,9490.72,9453.57,9485.89
1761516000,2025-10-26 22:00:00,9485.88,9487.56,9462.11,9473.51
1761523200,2025-10-27 00:00:00,9473.52,9497.9,9468.77,9485.33
1761530400,2025-10-27 02:00:00,9485.19,9490.83,9464.07,9464.49
1761537600,2025-10-27 04:00:00,9464.61,9464.68,9443.5,9452.79
1761544800,2025-10-27 06:00:00,9452.66,9452.96,9436.28,9441.68
1761552000,2025-10-27 08:00:00,9441.51,9443.83,9430.36,9436.14
1761559200,2025-10-27 10:00:00,9436.03,9436.54,9409.3,9414.29
1761566400,2025-10-27 12:00:00,9414.22,9420.49,9400.79,9418.36
1761573600,2025-10-27 14:00:00,9418.37,9430.34,9403.69,9407.81
1761580800,2025-10-27 16:00:00,9407.89,9411.31,9398.37,9404.18
1761588000,2025-10-27 18:00:00,9404.36,9429.38,9404.36,9421.16
1761595200,2025-10-27 20:00:00,9421.22,9430.84,9416.91,9427.38
1761602400,2025-10-27 22:00:00,9427.61,9448.79,9424.31,9444.64
1761609600,2025-10-28 00:00:00,9444.51,9451.81,9427.46,9433.71
1761616800,2025-10-28 02:00:00,9433.63,9455.7,9433.16,9444.63
1761624000,2025-10-28 04:00:00,9444.88,9470.78,9444.88,9467.25
1761631200,2025-10-28 06:00:00,9467.05,9505.61,9465.19,9501.92
1761638400,2025-10-28 08:00:00,9501.85,9527.4,9500.12,9519.56
1761645600,2025-10-28 10:00:00,9519.79,9528.02,9508.25,9508.5
1761652800,2025-10-28 12:00:00,9508.57,9512.53,9499.14,9502.38
1761660000,2025-10-28 14:00:00,9502.24,9509.18,9495.61,9506.26
1761667200,2025-10-28 16:00:00,9506.13,9525.55,9500.45,9521.8
1761674400,2025-10-28 18:00:00,9521.82,9522.62,9489.46,9499.7
1761681600,2025-10-28 20:00:00,9499.69,9508.34,9486.66,9500.06
1761688800,2025-10-28 22:00:00,9499.95,9500.38,9485.01,9489.69
1761696000,2025-10-29 00:00:00,9489.59,9497.5,9473.33,9474.48
1761703200,2025-10-29 02:00:00,9474.43,9498.29,9473,9489.15
1761710400,2025-10-29 04:00:00,9489.15,9492.06,9469.43,9478.24
1761717600,2025-10-29 06:00:00,9478.58,9482.77,9461.89,9473.38
1761724800,2025-10-29 08:00:00,9473.14,9478.4,9454.27,9463.82
1761732000,2025-10-29 10:00:00,9463.68,9465.16,9436.56,9450.91
1761739200,2025-10-29 12:00:00,9451.06,9490.47,9447.8,9485.09
1761746400,2025-10-29 14:00:00,9485.03,9504.87,9482.93,9494.41
1761753600,2025-10-29 16:00:00,9494.41,9500.51,9484.97,9499.63
1761760800,2025-10-29 18:00:00,9499.94,9513.42,9493.44,9508.02
1761768000,2025-10-29 20:00:00,9508.02,9514.97,9494.16,9494.24
1761775200,2025-10-29 22:00:00,9494.16,9507.51,9487.77,9492.47
1761782400,2025-10-30 00:00:00,9492.67,9517.65,9487.52,9509.22
1761789600,2025-10-30 02:00:00,9509.12,9519.24,9505.98,9509.93
1761796800,2025-10-30 04:00:00,9509.96,9530.36,9497.82,9518.72
1761804000,2025-10-30 06:00:00,9518.7,9526.28,9507.55,9519.67
1761811200,2025-10-30 08:00:00,9519.67,9522.36,9492.46,9499.26
1761818400,2025-10-30 10:00:00,9499.23,9515.79,9498.04,9507.5
1761825600,2025-10-30 12:00:00,9507.47,9526.05,9506.37,9509.9
1761832800,2025-10-30 14:00:00,9510.08,9521.7,9495.52,9519.97
1761840000,2025-10-30 16:00:00,9519.84,9523.83,9505.86,9514.08
1761847200,2025-10-30 18:00:00,9514.19,9527.42,9510.69,9520.16
1761854400,2025-10-30 20:00:00,9520.09,9540.15,9518.39,9536.03
1761861600,2025-10-30 22:00:00,9536.39,9563.47,9534.51,9560.65
1761868800,2025-10-31 00:00:00,9560.72,9567.04,9529.8,9537.28
1761876000,2025-10-31 02:00:00,9537.17,9557.57,9528.74,9549.08
1761883200,2025-10-31 04:00:00,9549.03,9550.88,9525.24,9526.98
1761890400,2025-10-31 06:00:00,9526.94,9534.74,9515.04,9526.54
1761897600,2025-10-31 08:00:00,9526.42,9532.32,9515.53,9525.93
1761904800,2025-10-31 10:00:00,9525.99,9529.88,9496.23,9503.65
1761912000,2025-10-31 12:00:00,9503.63,9513.95,9494.2,9513.8
1761919200,2025-10-31 14:00:00,9513.87,9541.56,9510.28,9541.07
1761926400,2025-10-31 16:00:00,9540.99,9553.77,9536.73,9546.09
1761933600,2025-10-31 18:00:00,9546.15,9551.59,9523.43,9528.36
1761940800,2025-10-31 20:00:00,9528.3,9529.63,9502.64,9505.21
1761948000,2025-10-31 22:00:00,9505.33,9505.42,9486.02,9488.92
1761955200,2025-11-01 00:00:00,9488.89,9493.72,9471.99,9483.58
1761962400,2025-11-01 02:00:00,9483.35,9487.58,9464.15,9466.89
1761969600,2025-11-01 04:00:00,9466.87,9478.89,9459.51,9475.9
1761976800,2025-11-01 06:00:00,9476,9494.87,9474.58,9479.01
1761984000,2025-11-01 08:00:00,9479.04,9494.15,9471.93,9483.13
1761991200,2025-11-01 10:00:00,9483.1,9516.82,9479.57,9515.85
1761998400,2025-11-01 12:00:00,9515.97,9536.56,9515,9524.07
1762005600,2025-11-01 14:00:00,9524.44,9530.09,9515.51,9519.64
1762012800,2025-11-01 16:00:00,9519.68,9526.29,9510.98,9514.45
1762020000,2025-11-01 18:00:00,9514.37,9519.65,9503.96,9511.04
1762027200,2025-11-01 20:00:00,9510.96,9517.98,9503.67,9513.69
1762034400,2025-11-01 22:00:00,9513.53,9529.69,9504.13,9526.93
1762041600,2025-11-02 00:00:00,9526.87,9539.1,9524.66,9535.52
1762048800,2025-11-02 02:00:00,9535.47,9536.8,9518.13,9527.66
1762056000,2025-11-02 04:00:00,9527.85,9528.63,9496.74,9516.63
1762063200,2025-11-02 06:00:00,9516.83,9527.84,9513.34,9527.74
1762070400,2025-11-02 08:00:00,9527.74,9530.45,9507.71,9512.43
1762077600,2025-11-02 10:00:00,9512.18,9514.83,9493.96,9506
1762084800,2025-11-02 12:00:00,9506.01,9508.89,9487.91,9500.68
1762092000,2025-11-02 14:00:00,9500.58,9501.87,9489.4,9499.48
1762099200,2025-11-02 16:00:00,9499.26,9504.23,9484.3,9486.11
1762106400,2025-11-02 18:00:00,9486.15,9496.65,9477.12,9486.34
1762113600,2025-11-02 20:00:00,9486.52,9497.24,9477.04,9489.86
1762120800,2025-11-02 22:00:00,9489.62,9509.41,9485.28,9488.16
1762128000,2025-11-03 00:00:00,9488.47,9497.34,9464.79,9464.94
1762135200,2025-11-03 02:00:00,9465.23,9471.66,9448.9,9450.74
1762142400,2025-11-03 04:00:00,9450.71,9468.66,9445.94,9466.96
1762149600,2025-11-03 06:00:00,9466.94,9473.95,9463.82,9473.36
1762156800,2025-11-03 08:00:00,9473.53,9479.81,9461.84,9461.85
1762164000,2025-11-03 10:00:00,9461.64,9470.59,9459.33,9464.47
1762171200,2025-11-03 12:00:00,9464.5,9470.99,9434.72,9435.99
1762178400,2025-11-03 14:00:00,9435.98,9449.52,9432.77,9438.74
1762185600,2025-11-03 16:00:00,9438.78,9457.96,9434.03,9457.69
1762192800,2025-11-03 18:00:00,9457.39,9461.59,9442.66,9444.43
1762200000,2025-11-03 20:00:00,9444.31,9468.82,9440.73,9466.14
1762207200,2025-11-03 22:00:00,9466.06,9487.54,9463.19,9487.2
1762214400,2025-11-04 00:00:00,9487.13,9513.16,9484.59,9503.31
1762221600,2025-11-04 02:00:00,9503.5,9504.54,9477.94,9481.33
1762228800,2025-11-04 04:00:00,9481.38,9493.33,9462.3,9490.23
1762236000,2025-11-04 06:00:00,9490.28,9501.92,9483.61,9498.71
1762243200,2025-11-04 08:00:00,9498.57,9504.99,9494.06,9499.26
1762250400,2025-11-04 10:00:00,9499.3,9502.63,9480.53,9491.32
1762257600,2025-11-04 12:00:00,9491.27,9516.86,9485.49,9508.81
1762264800,2025-11-04 14:00:00,9508.95,9518,9503.07,9513.87
1762272000,2025-11-04 16:00:00,9513.9,9520.05,9502.79,9509.04
1762279200,2025-11-04 18:00:00,9508.64,9509.22,9489.44,9495.57
1762286400,2025-11-04 20:00:00,9495.69,9504.09,9486.41,9499.07
1762293600,2025-11-04 22:00:00,9499.04,9502.46,9485.25,9494.2
1762300800,2025-11-05 00:00:00,9494.21,9498.61,9482.01,9490.81
1762308000,2025-11-05 02:00:00,9490.51,9495.82,9471.27,9492.36
1762315200,2025-11-05 04:00:00,9492.2,9509.76,9488.19,9507.18
1762322400,2025-11-05 06:00:00,9507.3,9523.59,9503.65,9521.85
1762329600,2025-11-05 08:00:00,9521.7,9530.3,9514.37,9516.5
1762336800,2025-11-05 10:00:00,9516.69,9523.03,9507.56,9521.22
1762344000,2025-11-05 12:00:00,9521.32,9549.78,9520.54,9545.73
1762351200,2025-11-05 14:00:00,9545.96,9545.96,9508.99,9510.15
1762358400,2025-11-05 16:00:00,9510.16,9526.47,9507.18,9521.95
1762365600,2025-11-05 18:00:00,9521.98,9536.97,9520.06,9530.44
1762372800,2025-11-05 20:00:00,9530.29,9549.77,9524.65,9546.3
1762380000,2025-11-05 22:00:00,9546.37,9554.9,9535.77,9545.59
1762387200,2025-11-06 00:00:00,9545.72,9549.79,9532.36,9532.36
1762394400,2025-11-06 02:00:00,9532.44,9560.48,9530.56,9550.82
1762401600,2025-11-06 04:00:00,9550.77,9564.85,9547.57,9558.34
1762408800,2025-11-06 06:00:00,9558.05,9585.7,9557.36,9569
1762416000,2025-11-06 08:00:00,9569.05,9574.79,9551.38,9552.75
1762423200,2025-11-06 10:00:00,9553.1,9573.25,9547.55,9573.13
1762430400,2025-11-06 12:00:00,9573.04,9575.47,9555.64,9556.53
1762437600,2025-11-06 14:00:00,9556.74,9562.65,9547.13,9547.24
1762444800,2025-11-06 16:00:00,9546.9,9601.42,9546.5,9591.82
1762452000,2025-11-06 18:00:00,9591.59,9625.87,9586.43,9621.26
1762459200,2025-11-06 20:00:00,9621.29,9624.36,9603.35,9609.65
1762466400,2025-11-06 22:00:00,9609.53,9613.93,9594.94,9602.11
1762473600,2025-11-07 00:00:00,9602.36,9607.99,9592.86,9595.15
1762480800,2025-11-07 02:00:00,9595.35,9605.39,9585.51,9587.92
1762488000,2025-11-07 04:00:00,9587.69,9591.02,9574.42,9586.3
1762495200,2025-11-07 06:00:00,9586.36,9610.86,9580.61,9608.04
1762502400,2025-11-07 08:00:00,9607.84,9640.43,9606.97,9635.07
1762509600,2025-11-07 10:00:00,9634.92,9643.85,9630.42,9638.64
1762516800,2025-11-07 12:00:00,9638.61,9649.67,9623.78,9624.62
1762524000,2025-11-07 14:00:00,9624.72,9627.58,9601.64,9624.39
1762531200,2025-11-07 16:00:00,9624.47,9627.93,9614.11,9617.56
1762538400,2025-11-07 18:00:00,9617.36,9637.24,9617.29,9635.25
1762545600,2025-11-07 20:00:00,9635.21,9635.24,9617.81,9618.26
1762552800,2025-11-07 22:00:00,9618.35,9622.05,9600.84,9612.15
1762560000,2025-11-08 00:00:00,9612.46,9626.01,9610.06,9613.68
1762567200,2025-11-08 02:00:00,9613.85,9616.79,9591.92,9612.26
1762574400,2025-11-08 04:00:00,9612.44,9622.85,9607.99,9610.32
1762581600,2025-11-08 06:00:00,9610.12,9614.77,9603.88,9607.17
1762588800,2025-11-08 08:00:00,9607.28,9625.69,9605.56,9625.49
1762596000,2025-11-08 10:00:00,9625.7,9628.74,9605.96,9610.88
1762603200,2025-11-08 12:00:00,9610.76,9630.31,9608.88,9626.33
1762610400,2025-11-08 14:00:00,9626.37,9637.87,9619.31,9625.28
1762617600,2025-11-08 16:00:00,9625.53,9639.66,9622.09,9639.59
1762624800,2025-11-08 18:00:00,9639.22,9640.43,9616.94,9618.97
1762632000,2025-11-08 20:00:00,9618.69,9624.77,9590.69,9592.76
1762639200,2025-11-08 22:00:00,9593.09,9594.5,9558.06,9566.48
1762646400,2025-11-09 00:00:00,9566.42,9596.49,9563.72,9593.39
1762653600,2025-11-09 02:00:00,9593.71,9610.13,9593.08,9597.26
1762660800,2025-11-09 04:00:00,9597.3,9605.68,9569.74,9572.42
1762668000,2025-11-09 06:00:00,9572.32,9586.93,9560.8,9586.32
1762675200,2025-11-09 08:00:00,9586.11,9589.17,9558.28,9567.45
1762682400,2025-11-09 10:00:00,9567.45,9602.99,9560.64,9601.04
1762689600,2025-11-09 12:00:00,9601,9619.49,9595.41,9617.57
1762696800,2025-11-09 14:00:00,9617.55,9624.89,9602.37,9606.78
1762704000,2025-11-09 16:00:00,9606.61,9630.53,9595.01,9630.4
1762711200,2025-11-09 18:00:00,9630.33,9638.61,9619.6,9637.64
1762718400,2025-11-09 20:00:00,9637.54,9646.63,9617.41,9618.36
1762725600,2025-11-09 22:00:00,9618.39,9628.94,9612.12,9613.86
1762732800,2025-11-10 00:00:00,9613.89,9618.26,9593.66,9595.68
1762740000,2025-11-10 02:00:00,9595.58,9604.51,9584.11,9591.32
1762747200,2025-11-10 04:00:00,9591.5,9613.8,9585.46,9605.44
1762754400,2025-11-10 06:00:00,9605.34,9631.43,9604.21,9626.52
1762761600,2025-11-10 08:00:00,9626.55,9630.52,9605.56,9608.36
1762768800,2025-11-10 10:00:00,9608.55,9619.43,9598.49,9601.67
1762776000,2025-11-10 12:00:00,9601.61,9618.54,9592.72,9600.3
1762783200,2025-11-10 14:00:00,9600.39,9608.46,9590.72,9595.9
1762790400,2025-11-10 16:00:00,9595.75,9608.24,9585.49,9599.53
1762797600,2025-11-10 18:00:00,9599.67,9601.27,9587.09,9594.46
1762804800,2025-11-10 20:00:00,9594.39,9598.4,9580.54,9581.22
1762812000,2025-11-10 22:00:00,9581.01,9597.67,9575.59,9579.2
1762819200,2025-11-11 00:00:00,9579.28,9581.82,9566.92,9568.91
1762826400,2025-11-11 02:00:00,9568.49,9576.96,9560.89,9574.48
1762833600,2025-11-11 04:00:00,9574.64,9610.89,9569.42,9605.68
1762840800,2025-11-11 06:00:00,9605.52,9615.89,9595.88,9603.53
1762848000,2025-11-11 08:00:00,9603.77,9623.78,9601.84,9616.76
1762855200,2025-11-11 10:00:00,9616.94,9626.92,9609.64,9625.3
1762862400,2025-11-11 12:00:00,9625.22,9630.11,9618.37,9622.27
1762869600,2025-11-11 14:00:00,9622.58,9628.3,9613.12,9615.53
1762876800,2025-11-11 16:00:00,9615.36,9623.07,9607,9619.04
1762884000,2025-11-11 18:00:00,9619.48,9631.91,9611.14,9630.52
1762891200,2025-11-11 20:00:00,9630.44,9639.06,9622.81,9629.34
1762898400,2025-11-11 22:00:00,9629.47,9637.27,9615.41,9629.12
1762905600,2025-11-12 00:00:00,9628.95,9676.52,9628.2,9675.64
1762912800,2025-11-12 02:00:00,9676.1,9683.6,9664.72,9671.2
1762920000,2025-11-12 04:00:00,9671.27,9671.52,9645.73,9653.49
1762927200,2025-11-12 06:00:00,9653.38,9653.43,9630.13,9632.87
1762934400,2025-11-12 08:00:00,9633.04,9639.44,9614.56,9617.36
1762941600,2025-11-12 10:00:00,9617.42,9625.14,9609.48,9622.66
1762948800,2025-11-12 12:00:00,9622.46,9637.99,9618.71,9624.58
1762956000,2025-11-12 14:00:00,9624.73,9636.44,9619.02,9635.34
1762963200,2025-11-12 16:00:00,9635.43,9639.28,9618.74,9633.87
1762970400,2025-11-12 18:00:00,9633.74,9645.95,9623.14,9644.33
1762977600,2025-11-12 20:00:00,9644.34,9662.47,9642.32,9649.32
1762984800,2025-11-12 22:00:00,9649.47,9655.46,9622.91,9626.78
1762992000,2025-11-13 00:00:00,9626.57,9656.25,9625.49,9645.04
1762999200,2025-11-13 02:00:00,9645.22,9650.59,9633.99,9644.93
1763006400,2025-11-13 04:00:00,9645.02,9666.36,9643.77,9662.9
1763013600,2025-11-13 06:00:00,9662.97,9664.05,9639.31,9647.7
1763020800,2025-11-13 08:00:00,9647.72,9652.8,9631.2,9635.87
1763028000,2025-11-13 10:00:00,9635.87,9653.29,9631.56,9635.93
1763035200,2025-11-13 12:00:00,9635.97,9649.32,9629.31,9636.45
1763042400,2025-11-13 14:00:00,9636.49,9641.04,9603.91,9607.2
1763049600,2025-11-13 16:00:00,9607.12,9623.7,9604.74,9618.18
1763056800,2025-11-13 18:00:00,9618.05,9640.62,9615.43,9633.65
1763064000,2025-11-13 20:00:00,9633.78,9652.26,9633.62,9650.24
1763071200,2025-11-13 22:00:00,9650.17,9667.16,9642.81,9666.34
1763078400,2025-11-14 00:00:00,9666.32,9684.3,9658.43,9675.34
1763085600,2025-11-14 02:00:00,9675.54,9678.66,9655.89,9666.45
1763092800,2025-11-14 04:00:00,9666.37,9667.03,9625.62,9625.95
1763100000,2025-11-14 06:00:00,9626.09,9631.44,9606.08,9609.11
1763107200,2025-11-14 08:00:00,9608.96,9629.07,9605.04,9615.04
1763114400,2025-11-14 10:00:00,9614.98,9628.99,9604.76,9628.36
1763121600,2025-11-14 12:00:00,9628.58,9639.9,9618.55,9621.67
1763128800,2025-11-14 14:00:00,9621.73,9624.1,9607.85,9614.89
1763136000,2025-11-14 16:00:00,9614.8,9627.45,9608.2,9621.02
1763143200,2025-11-14 18:00:00,9620.88,9633.21,9607.26,9615.83
1763150400,2025-11-14 20:00:00,9616.1,9638.98,9614.91,9635.08
1763157600,2025-11-14 22:00:00,9635.09,9653.32,9634.47,9637.12
1763164800,2025-11-15 00:00:00,9637.28,9641.84,9622.38,9633.64
1763172000,2025-11-15 02:00:00,9633.7,9654.4,9632.26,9648.41
1763179200,2025-11-15 04:00:00,9648.56,9649.09,9611.49,9618.46
1763186400,2025-11-15 06:00:00,9618.61,9623.62,9599.45,9602.7
1763193600,2025-11-15 08:00:00,9602.44,9616.79,9600.82,9612.73
1763200800,2025-11-15 10:00:00,9612.88,9626.27,9608.89,9626.02
1763208000,2025-11-15 12:00:00,9626.12,9627.81,9610.34,9612.57
1763215200,2025-11-15 14:00:00,9612.57,9629.16,9606.4,9616.75
1763222400,2025-11-15 16:00:00,9616.75,9622.66,9605.4,9607.09
1763229600,2025-11-15 18:00:00,9606.83,9622.22,9596.53,9621.43
1763236800,2025-11-15 20:00:00,9621.53,9632.09,9618.55,9626.6
1763244000,2025-11-15 22:00:00,9626.47,9637.36,9608.88,9611.13
1763251200,2025-11-16 00:00:00,9610.78,9620.14,9596.05,9596.05
1763258400,2025-11-16 02:00:00,9596.17,9617.6,9595.49,9616.14
1763265600,2025-11-16 04:00:00,9615.87,9617.71,9599.14,9609.58
1763272800,2025-11-16 06:00:00,9609.55,9609.95,9590.46,9592.4
1763280000,2025-11-16 08:00:00,9592.61,9599.5,9580.46,9582.07
1763287200,2025-11-16 10:00:00,9582.15,9596.47,9579.4,9583.86
1763294400,2025-11-16 12:00:00,9583.68,9601.3,9576.8,9598.79
1763301600,2025-11-16 14:00:00,9598.98,9600.1,9575.34,9581.15
1763308800,2025-11-16 16:00:00,9581.5,9588.94,9576.28,9582.51
1763316000,2025-11-16 18:00:00,9582.6,9584.03,9551.77,9556.31
1763323200,2025-11-16 20:00:00,9556.44,9562.57,9543.91,9550.06
1763330400,2025-11-16 22:00:00,9550,9550.29,9537.38,9545.83
1763337600,2025-11-17 00:00:00,9545,9549.14,9530.84,9538.33
1763344800,2025-11-17 02:00:00,9538.3,9543.8,9513.26,9523.13
1763352000,2025-11-17 04:00:00,9523.17,9553.46,9518.87,9542.6
1763359200,2025-11-17 06:00:00,9542.38,9553.86,9524.83,9552.7
1763366400,2025-11-17 08:00:00,9552.89,9572.33,9542.96,9571.7
1763373600,2025-11-17 10:00:00,9571.71,9575.36,9557.31,9568.22
1763380800,2025-11-17 12:00:00,9568.39,9572.26,9555.52,9564.64
1763388000,2025-11-17 14:00:00,9564.77,9581.46,9554.76,9566.19
1763395200,2025-11-17 16:00:00,9566.57,9569.09,9547.48,9560.31
1763402400,2025-11-17 18:00:00,9560.46,9575.9,9557.27,9572.45
1763409600,2025-11-17 20:00:00,9572.39,9609.86,9570.58,9609.6
1763416800,2025-11-17 22:00:00,9609.71,9615.52,9600.62,9602.39
1763424000,2025-11-18 00:00:00,9602.19,9620.44,9597.46,9616.67
1763431200,2025-11-18 02:00:00,9616.78,9632.23,9605.83,9631.04
1763438400,2025-11-18 04:00:00,9631.02,9639.99,9621.4,9638.48
1763445600,2025-11-18 06:00:00,9638.65,9656.25,9633.4,9647.8
1763452800,2025-11-18 08:00:00,9647.93,9656.91,9638.46,9654.47
1763460000,2025-11-18 10:00:00,9654.33,9660.67,9644.49,9647.55
1763467200,2025-11-18 12:00:00,9647.6,9649.95,9608.94,9612.8
1763474400,2025-11-18 14:00:00,9612.96,9617.2,9599.36,9608.05
1763481600,2025-11-18 16:00:00,9607.6,9616.32,9601.97,9612.94
1763488800,2025-11-18 18:00:00,9612.95,9619.11,9599.06,9618.79
1763496000,2025-11-18 20:00:00,9618.81,9636.61,9611.58,9628.37
1763503200,2025-11-18 22:00:00,9628.5,9631.24,9612.24,9624.98
1763510400,2025-11-19 00:00:00,9625.06,9646.88,9622.14,9627.23
1763517600,2025-11-19 02:00:00,9627.15,9628.18,9607.95,9610.72
1763524800,2025-11-19 04:00:00,9610.67,9616.89,9597.14,9599.91
1763532000,2025-11-19 06:00:00,9600.06,9644.35,9599.55,9633.66
1763539200,2025-11-19 08:00:00,9633.29,9640.23,9621.73,9626.65
1763546400,2025-11-19 10:00:00,9626.59,9631.96,9611.46,9628.4
1763553600,2025-11-19 12:00:00,9628.14,9647.13,9626.18,9644.7
1763560800,2025-11-19 14:00:00,9645,9654.27,9629.4,9633.25
1763568000,2025-11-19 16:00:00,9633.23,9640.54,9619.23,9631.85
1763575200,2025-11-19 18:00:00,9632.2,9667.94,9627.66,9657.91
1763582400,2025-11-19 20:00:00,9657.97,9658.95,9626.11,9636.22
1763589600,2025-11-19 22:00:00,9636.19,9648.01,9632.78,9638.35
1763596800,2025-11-20 00:00:00,9638.34,9642.16,9623.91,9627.86
1763604000,2025-11-20 02:00:00,9628.04,9641.04,9621.28,9637.39
1763611200,2025-11-20 04:00:00,9637.59,9641.55,9626.8,9634.93
1763618400,2025-11-20 06:00:00,9634.73,9648.73,9628.22,9645.63
1763625600,2025-11-20 08:00:00,9645.56,9660.77,9642.4,9654.72
1763632800,2025-11-20 10:00:00,9654.65,9670.28,9651.46,9664.99
1763640000,2025-11-20 12:00:00,9665.02,9667.59,9640.11,9644.52
1763647200,2025-11-20 14:00:00,9644.54,9650.34,9628.33,9642.75
1763654400,2025-11-20 16:00:00,9642.52,9668.76,9640.23,9658.81
1763661600,2025-11-20 18:00:00,9658.52,9658.99,9629.56,9633.09
1763668800,2025-11-20 20:00:00,9632.94,9685.1,9631.37,9681.05
1763676000,2025-11-20 22:00:00,9680.97,9687.45,9674.02,9686.9
1763683200,2025-11-21 00:00:00,9687.31,9693.96,9664.81,9664.95
1763690400,2025-11-21 02:00:00,9664.79,9685.95,9660.48,9664
1763697600,2025-11-21 04:00:00,9663.99,9680.2,9662.16,9679.36
1763704800,2025-11-21 06:00:00,9679.34,9702.71,9679.13,9694.35
1763712000,2025-11-21 08:00:00,9694.19,9716.96,9693.65,9712.93
1763719200,2025-11-21 10:00:00,9713.01,9715.41,9699.65,9709.81
1763726400,2025-11-21 12:00:00,9709.72,9726.93,9701.21,9718.88
1763733600,2025-11-21 14:00:00,9718.77,9718.95,9700.08,9702.29
1763740800,2025-11-21 16:00:00,9702.18,9703.86,9682.88,9697.16
1763748000,2025-11-21 18:00:00,9696.89,9700.71,9681.99,9690.49
1763755200,2025-11-21 20:00:00,9690.47,9699.94,9660.71,9676.83
1763762400,2025-11-21 22:00:00,9676.91,9687.82,9668.33,9670.1
1763769600,2025-11-22 00:00:00,9669.96,9678.89,9664.42,9668.34
1763776800,2025-11-22 02:00:00,9668.39,9696.93,9660.04,9693.67
1763784000,2025-11-22 04:00:00,9693.54,9693.71,9667.11,9676.82
1763791200,2025-11-22 06:00:00,9676.8,9680.29,9661.87,9670.91
1763798400,2025-11-22 08:00:00,9670.99,9684.26,9667.41,9682.63
1763805600,2025-11-22 10:00:00,9682.57,9689.34,9659.84,9670.26
1763812800,2025-11-22 12:00:00,9670.13,9691.05,9668.07,9676.36
1763820000,2025-11-22 14:00:00,9676.36,9683.2,9651.37,9663.82
1763827200,2025-11-22 16:00:00,9663.73,9675.67,9653.83,9672.96
1763834400,2025-11-22 18:00:00,9673.13,9675.68,9663.21,9672.49
1763841600,2025-11-22 20:00:00,9672.55,9697.67,9671.94,9691.3
1763848800,2025-11-22 22:00:00,9691.34,9717.91,9690.84,9717.01
1763856000,2025-11-23 00:00:00,9716.91,9733.45,9712.31,9731.23
1763863200,2025-11-23 02:00:00,9731.23,9735.15,9712.02,9729.02
1763870400,2025-11-23 04:00:00,9728.95,9748.59,9723.04,9734.5
1763877600,2025-11-23 06:00:00,9734.51,9740.37,9723.82,9729.09
1763884800,2025-11-23 08:00:00,9729.22,9748.03,9720.26,9742.88
1763892000,2025-11-23 10:00:00,9743.17,9746.43,9724.85,9735.12
1763899200,2025-11-23 12:00:00,9735.15,9735.5,9712.25,9713.95
1763906400,2025-11-23 14:00:00,9714.19,9742.81,9711.39,9727.05
1763913600,2025-11-23 16:00:00,9726.93,9729.85,9710.01,9713.47
1763920800,2025-11-23 18:00:00,9713.36,9713.64,9694.52,9711.21
1763928000,2025-11-23 20:00:00,9711.09,9727.16,9708.48,9724.9
1763935200,2025-11-23 22:00:00,9724.76,9738.02,9720.72,9730.6
1763942400,2025-11-24 00:00:00,9729.75,9733.29,9701.14,9703.04
1763949600,2025-11-24 02:00:00,9702.91,9713.7,9683.03,9683.53
1763956800,2025-11-24 04:00:00,9683.56,9686.89,9654.45,9656.02
1763964000,2025-11-24 06:00:00,9655.91,9666.84,9652.59,9664.14
1763971200,2025-11-24 08:00:00,9664.21,9684.69,9662.72,9679.56
1763978400,2025-11-24 10:00:00,9679.18,9682.44,9660.23,9681.14
1763985600,2025-11-24 12:00:00,9681.19,9684.28,9657.89,9662.85
1763992800,2025-11-24 14:00:00,9662.59,9666.2,9645.41,9657.02
1764000000,2025-11-24 16:00:00,9656.88,9662.41,9639.52,9640.8
1764007200,2025-11-24 18:00:00,9640.82,9648,9621.26,9635.3
1764014400,2025-11-24 20:00:00,9635.64,9636.5,9605.58,9607.44
1764021600,2025-11-24 22:00:00,9607.3,9610.9,9587.14,9588.04
1764028800,2025-11-25 00:00:00,9588.4,9592.16,9575.94,9586.82
1764036000,2025-11-25 02:00:00,9587.16,9587.16,9560.33,9563.59
1764043200,2025-11-25 04:00:00,9563.63,9577.98,9559.35,9570.99
1764050400,2025-11-25 06:00:00,9570.9,9575.2,9557.14,9568.45
1764057600,2025-11-25 08:00:00,9568.62,9588.23,9561.54,9578.88
1764064800,2025-11-25 10:00:00,9578.85,9586.1,9573.09,9582.28
1764072000,2025-11-25 12:00:00,9582.35,9620.74,9579.78,9617.33
1764079200,2025-11-25 14:00:00,9617.17,9620,9596.46,9599.01
1764086400,2025-11-25 16:00:00,9599.09,9616.42,9582.71,9615.06
1764093600,2025-11-25 18:00:00,9614.93,9620.6,9600.78,9601.92
1764100800,2025-11-25 20:00:00,9602.07,9618.57,9594.52,9610.51
1764108000,2025-11-25 22:00:00,9610.64,9614.01,9584.23,9590.36
1764115200,2025-11-26 00:00:00,9590.16,9597.85,9582.15,9584.11
1764122400,2025-11-26 02:00:00,9584.22,9585.51,9555.23,9566.8
1764129600,2025-11-26 04:00:00,9566.77,9574.97,9548.85,9550.64
1764136800,2025-11-26 06:00:00,9550.6,9551.44,9529.22,9529.22
1764144000,2025-11-26 08:00:00,9529.23,9543.18,9524.42,9538.78
1764151200,2025-11-26 10:00:00,9538.89,9561.8,9526.56,9527.82
1764158400,2025-11-26 12:00:00,9527.76,9549.16,9526.33,9530.42
1764165600,2025-11-26 14:00:00,9530.32,9538.11,9500.01,9500.38
1764172800,2025-11-26 16:00:00,9500.37,9509.42,9495.36,9499.42
1764180000,2025-11-26 18:00:00,9498.95,9504.36,9479.63,9490.28
1764187200,2025-11-26 20:00:00,9490.19,9494.2,9466.97,9472.64
1764194400,2025-11-26 22:00:00,9472.48,9495.19,9466.72,9494.69
1764201600,2025-11-27 00:00:00,9494.7,9495.04,9474.18,9487.57
1764208800,2025-11-27 02:00:00,9487.47,9488.73,9465.25,9471.9
1764216000,2025-11-27 04:00:00,9471.99,9479.08,9453.55,9467.69
1764223200,2025-11-27 06:00:00,9467.94,9477.11,9461.58,9465.44
1764230400,2025-11-27 08:00:00,9465.56,9478.46,9465.56,9468.22
1764237600,2025-11-27 10:00:00,9468.07,9478.31,9458.37,9466.18
1764244800,2025-11-27 12:00:00,9466.25,9467.46,9456.09,9460.98
1764252000,2025-11-27 14:00:00,9461.09,9461.53,9445.87,9454.41
1764259200,2025-11-27 16:00:00,9454.36,9459.29,9446.96,9452.65
1764266400,2025-11-27 18:00:00,9452.63,9462.63,9446.3,9454.56
1764273600,2025-11-27 20:00:00,9454.41,9467.83,9449.42,9457.4
1764280800,2025-11-27 22:00:00,9457.45,9461.3,9445.26,9450.05
1764288000,2025-11-28 00:00:00,9449.64,9459.75,9439.55,9439.76
1764295200,2025-11-28 02:00:00,9439.8,9446.59,9421.97,9425.76
1764302400,2025-11-28 04:00:00,9425.86,9436.82,9413.97,9436.57
1764309600,2025-11-28 06:00:00,9436.61,9459.8,9434.68,9443.76
1764316800,2025-11-28 08:00:00,9444.06,9471.93,9439.78,9461.13
1764324000,2025-11-28 10:00:00,9461.15,9475.37,9455.5,9471.6
1764331200,2025-11-28 12:00:00,9471.52,9474.97,9453.33,9455.76
1764338400,2025-11-28 14:00:00,9456.03,9476.07,9453.9,9466.92
1764345600,2025-11-28 16:00:00,9466.78,9469.74,9438.32,9440.48
1764352800,2025-11-28 18:00:00,9440.45,9442.65,9413.17,9427.9
1764360000,2025-11-28 20:00:00,9427.7,9429.36,9400.21,9400.6
1764367200,2025-11-28 22:00:00,9400.52,9405.96,9388.19,9399.26
1764374400,2025-11-29 00:00:00,9399.3,9407.04,9388.4,9398.45
1764381600,2025-11-29 02:00:00,9398.58,9403.73,9387.17,9390.59
1764388800,2025-11-29 04:00:00,9390.41,9394.92,9377.08,9378.56
1764396000,2025-11-29 06:00:00,9378.49,9391.74,9371.54,9390.73
1764403200,2025-11-29 08:00:00,9390.83,9403.3,9387.08,9394.67
1764410400,2025-11-29 10:00:00,9394.44,9408.83,9386.09,9391.88
1764417600,2025-11-29 12:00:00,9391.71,9392.97,9369.96,9388.04
1764424800,2025-11-29 14:00:00,9388,9389.16,9355.68,9369.2
1764432000,2025-11-29 16:00:00,9369.27,9384.25,9363.56,9375.52
1764439200,2025-11-29 18:00:00,9375.48,9383.37,9359.96,9383.37
1764446400,2025-11-29 20:00:00,9383.5,9392.68,9377.95,9389.31
1764453600,2025-11-29 22:00:00,9389.49,9393.23,9377.62,9381.59
1764460800,2025-11-30 00:00:00,9381.51,9391.98,9370.13,9386.19
1764468000,2025-11-30 02:00:00,9386.29,9391.22,9367.25,9374.01
1764475200,2025-11-30 04:00:00,9374.19,9392.48,9373.61,9381.05
1764482400,2025-11-30 06:00:00,9380.89,9404.65,9376.02,9400.59
1764489600,2025-11-30 08:00:00,9400.83,9413.23,9378.46,9380.36
1764496800,2025-11-30 10:00:00,9380.34,9390.1,9375.16,9385.66
1764504000,2025-11-30 12:00:00,9385.54,9388.17,9369.53,9371.98
1764511200,2025-11-30 14:00:00,9371.78,9392.68,9361.96,9391.61
1764518400,2025-11-30 16:00:00,9391.51,9392.64,9377.61,9383.5
1764525600,2025-11-30 18:00:00,9383.49,9391.36,9373.39,9379.14
1764532800,2025-11-30 20:00:00,9379.01,9402.71,9378.17,9391.87
1764540000,2025-11-30 22:00:00,9391.88,9393.62,9369.8,9374.17
1764547200,2025-12-01 00:00:00,9374.14,9375.16,9357.19,9357.29
1764554400,2025-12-01 02:00:00,9357.39,9370.86,9354.17,9366.13
1764561600,2025-12-01 04:00:00,9366.32,9383.89,9359.62,9383.53
1764568800,2025-12-01 06:00:00,9383.33,9391.69,9372.82,9377.53
1764576000,2025-12-01 08:00:00,9377.68,9396.79,9373.09,9389.7
1764583200,2025-12-01 10:00:00,9389.88,9390.3,9373.64,9381.04
1764590400,2025-12-01 12:00:00,9381.41,9383.68,9367.13,9372.33
1764597600,2025-12-01 14:00:00,9372.32,9376.47,9359.21,9361.35
1764604800,2025-12-01 16:00:00,9361.22,9364.82,9349.57,9358.05
1764612000,2025-12-01 18:00:00,9357.78,9380.07,9357.41,9369.9
1764619200,2025-12-01 20:00:00,9369.76,9383.09,9358.44,9373.49
1764626400,2025-12-01 22:00:00,9373.28,9384.42,9368.9,9380.28
1764633600,2025-12-02 00:00:00,9380.12,9382.96,9357.38,9376.17
1764640800,2025-12-02 02:00:00,9376.08,9390.73,9374.35,9385.24
1764648000,2025-12-02 04:00:00,9385.6,9411.77,9384.24,9406.16
1764655200,2025-12-02 06:00:00,9406.46,9418.27,9405.22,9411.73
1764662400,2025-12-02 08:00:00,9411.67,9427.41,9403.79,9404.52
1764669600,2025-12-02 10:00:00,9404.56,9425.7,9395.02,9420.41
1764676800,2025-12-02 12:00:00,9420.66,9434.28,9419.36,9429.33
1764684000,2025-12-02 14:00:00,9429.56,9447.36,9428.89,9431.01
1764691200,2025-12-02 16:00:00,9430.92,9442.17,9427.81,9440.47
1764698400,2025-12-02 18:00:00,9440.24,9442.91,9418.38,9433.28
1764705600,2025-12-02 20:00:00,9433.45,9443.93,9421.27,9426.36
1764712800,2025-12-02 22:00:00,9426.27,9445.9,9424.82,9430.31
1764720000,2025-12-03 00:00:00,9430.24,9433.36,9412.15,9417.7
1764727200,2025-12-03 02:00:00,9417.9,9428.12,9413.33,9419.1
1764734400,2025-12-03 04:00:00,9419.03,9424.63,9400.06,9400.52
1764741600,2025-12-03 06:00:00,9400.4,9411.14,9394.84,9405.46
1764748800,2025-12-03 08:00:00,9405.64,9406.62,9368.41,9372.52
1764756000,2025-12-03 10:00:00,9372.24,9388.2,9371.01,9386.28
1764763200,2025-12-03 12:00:00,9386.34,9395.46,9376.17,9379.19
1764770400,2025-12-03 14:00:00,9379.57,9392.46,9363.13,9364.22
1764777600,2025-12-03 16:00:00,9364.15,9378.79,9361.74,9372.75
1764784800,2025-12-03 18:00:00,9372.83,9378.08,9363.89,9371.71
1764792000,2025-12-03 20:00:00,9371.81,9371.95,9342.03,9343.13
1764799200,2025-12-03 22:00:00,9343.4,9359.88,9333.73,9333.87
1764806400,2025-12-04 00:00:00,9334.04,9336.52,9316.77,9317.37
1764813600,2025-12-04 02:00:00,9317.3,9339.36,9315.69,9331.33
1764820800,2025-12-04 04:00:00,9330.97,9364.21,9329.13,9351.15
1764828000,2025-12-04 06:00:00,9351.17,9360.06,9322.72,9327.19
1764835200,2025-12-04 08:00:00,9327.3,9348.1,9326.55,9342.15
1764842400,2025-12-04 10:00:00,9341.73,9354.18,9334.93,9347.79
1764849600,2025-12-04 12:00:00,9347.74,9358.98,9341.37,9345.44
1764856800,2025-12-04 14:00:00,9345.28,9363.55,9340.97,9357.97
1764864000,2025-12-04 16:00:00,9357.9,9362.09,9342.2,9358.06
1764871200,2025-12-04 18:00:00,9358.29,9364.43,9340.7,9348.4
1764878400,2025-12-04 20:00:00,9348.3,9365.29,9347.57,9355.86
1764885600,2025-12-04 22:00:00,9355.74,9358.82,9335.64,9344.52
1764892800,2025-12-05 00:00:00,9344.56,9371.7,9344.36,9362.87
1764900000,2025-12-05 02:00:00,9362.94,9370.44,9354.74,9368.91
1764907200,2025-12-05 04:00:00,9368.59,9377.12,9360.86,9367.28
1764914400,2025-12-05 06:00:00,9367.37,9383.28,9360.41,9376.07
1764921600,2025-12-05 08:00:00,9376.23,9388.22,9372.7,9374.97
1764928800,2025-12-05 10:00:00,9374.88,9390.46,9371.04,9385.97
1764936000,2025-12-05 12:00:00,9386.08,9390.55,9371.3,9371.83
1764943200,2025-12-05 14:00:00,9371.94,9376.5,9363.06,9369
1764950400,2025-12-05 16:00:00,9368.88,9376.16,9358.51,9371.95
1764957600,2025-12-05 18:00:00,9371.87,9380.79,9363.6,9371.49
1764964800,2025-12-05 20:00:00,9371.31,9384.61,9365.01,9381.97
1764972000,2025-12-05 22:00:00,9381.94,9390.01,9376.83,9384.48
1764979200,2025-12-06 00:00:00,9384.16,9390.67,9373.84,9382.85
1764986400,2025-12-06 02:00:00,9382.63,9407.12,9382.63,9406.69
1764993600,2025-12-06 04:00:00,9406.84,9407.92,9390.42,9407.17
1765000800,2025-12-06 06:00:00,9407.32,9432.59,9404.1,9431.22
1765008000,2025-12-06 08:00:00,9431.34,9445.09,9430.72,9434.98
1765015200,2025-12-06 10:00:00,9435.25,9464.08,9434.64,9463.04
1765022400,2025-12-06 12:00:00,9463.32,9490.77,9462.74,9480.51
1765029600,2025-12-06 14:00:00,9480.63,9482.55,9451.88,9456.2
1765036800,2025-12-06 16:00:00,9456.41,9460.43,9439.87,9449.55
1765044000,2025-12-06 18:00:00,9449.51,9459.46,9442.93,9449.88
1765051200,2025-12-06 20:00:00,9449.72,9472.84,9447.88,9468.49
1765058400,2025-12-06 22:00:00,9468.53,9469.13,9453.03,9457.47
1765065600,2025-12-07 00:00:00,9457.45,9464.95,9447.87,9454.86
1765072800,2025-12-07 02:00:00,9454.94,9455.48,9431.83,9435.49
1765080000,2025-12-07 04:00:00,9435.61,9441.25,9424.48,9437.11
1765087200,2025-12-07 06:00:00,9437.2,9447.51,9418.9,9422.15
1765094400,2025-12-07 08:00:00,9422.16,9447.74,9417.07,9442.21
1765101600,2025-12-07 10:00:00,9442.22,9443.12,9421.8,9431.28
1765108800,2025-12-07 12:00:00,9431.33,9437.01,9392.15,9392.73
1765116000,2025-12-07 14:00:00,9392.48,9411.27,9388.98,9409.16
1765123200,2025-12-07 16:00:00,9409.23,9427.46,9406.38,9414.15
1765130400,2025-12-07 18:00:00,9413.94,9429.9,9408.14,9418.99
1765137600,2025-12-07 20:00:00,9419.07,9447.18,9416.9,9446.17
1765144800,2025-12-07 22:00:00,9446.11,9466.4,9442.98,9462.6
1765152000,2025-12-08 00:00:00,9462.66,9475.5,9455.75,9455.91
1765159200,2025-12-08 02:00:00,9455.92,9468.93,9454.68,9457.91
1765166400,2025-12-08 04:00:00,9458.07,9471.24,9444.08,9470.21
1765173600,2025-12-08 06:00:00,9470.49,9486.03,9467.68,9476.62
1765180800,2025-12-08 08:00:00,9476.5,9504.76,9476.4,9502.14
1765188000,2025-12-08 10:00:00,9501.95,9513.28,9497.55,9500.76
1765195200,2025-12-08 12:00:00,9500.6,9502.1,9473.72,9484.67
1765202400,2025-12-08 14:00:00,9484.48,9492.31,9471.45,9491.89
1765209600,2025-12-08 16:00:00,9491.9,9504.03,9488.08,9490.66
1765216800,2025-12-08 18:00:00,9490.31,9514.29,9486.91,9489.25
1765224000,2025-12-08 20:00:00,9489.47,9505.62,9489.34,9490.15
1765231200,2025-12-08 22:00:00,9490.15,9515.2,9489.5,9498.54
1765238400,2025-12-09 00:00:00,9498.74,9498.75,9468.69,9472.61
1765245600,2025-12-09 02:00:00,9472.77,9496.71,9467.45,9477.08
1765252800,2025-12-09 04:00:00,9476.89,9476.89,9445.59,9456.09
1765260000,2025-12-09 06:00:00,9455.84,9458.99,9433.57,9442.69
1765267200,2025-12-09 08:00:00,9442.53,9446.96,9408.82,9414.37
1765274400,2025-12-09 10:00:00,9414.54,9420.19,9406.29,9418.17
1765281600,2025-12-09 12:00:00,9418.29,9422.71,9408.7,9409.02
1765288800,2025-12-09 14:00:00,9408.88,9419.85,9402.22,9418.57
1765296000,2025-12-09 16:00:00,9418.58,9421.28,9399.23,9403.44
1765303200,2025-12-09 18:00:00,9403.47,9417.98,9399.07,9402
1765310400,2025-12-09 20:00:00,9402.19,9413.01,9395.89,9398.21
1765317600,2025-12-09 22:00:00,9398.3,9416.72,9396.56,9411.15
1765324800,2025-12-10 00:00:00,9411.38,9412.89,9394.93,9404.53
1765332000,2025-12-10 02:00:00,9404.41,9422.87,9399.92,9420.92
1765339200,2025-12-10 04:00:00,9420.62,9435.15,9419.75,9423.09
1765346400,2025-12-10 06:00:00,9422.91,9424.55,9402.78,9405.15
1765353600,2025-12-10 08:00:00,9404.91,9415.33,9401.41,9412
1765360800,2025-12-10 10:00:00,9412.14,9415.94,9393.29,9406.24
1765368000,2025-12-10 12:00:00,9406.25,9430.43,9404.52,9423.73
1765375200,2025-12-10 14:00:00,9424.14,9443.34,9415.91,9435.61
1765382400,2025-12-10 16:00:00,9435.4,9445.89,9429.5,9429.83
1765389600,2025-12-10 18:00:00,9430.2,9437.7,9412.55,9421.26
1765396800,2025-12-10 20:00:00,9421.33,9427.19,9412.41,9414.43
1765404000,2025-12-10 22:00:00,9414.2,9428.48,9412.22,9420.83
1765411200,2025-12-11 00:00:00,9420.98,9436.75,9412.45,9435.32
1765418400,2025-12-11 02:00:00,9435.54,9446.14,9432.99,9440.13
1765425600,2025-12-11 04:00:00,9440.32,9442.17,9427.78,9438.96
1765432800,2025-12-11 06:00:00,9439.11,9451.93,9428.31,9442.4
1765440000,2025-12-11 08:00:00,9442.56,9451.44,9429.84,9449.66
1765447200,2025-12-11 10:00:00,9449.48,9467.07,9449.47,9463.49
1765454400,2025-12-11 12:00:00,9463.5,9465.01,9430.73,9431.17
1765461600,2025-12-11 14:00:00,9431.14,9458.74,9431.1,9456.87
1765468800,2025-12-11 16:00:00,9456.75,9462.92,9439.76,9455.94
1765476000,2025-12-11 18:00:00,9455.76,9462.88,9427.63,9429.02
1765483200,2025-12-11 20:00:00,9429.03,9431.14,9412.08,9415.4
1765490400,2025-12-11 22:00:00,9415.61,9419.6,9397.1,9417.26
1765497600,2025-12-12 00:00:00,9417.13,9431.77,9416.72,9431.34
1765504800,2025-12-12 02:00:00,9431.45,9440.76,9426.29,9437.7
1765512000,2025-12-12 04:00:00,9437.55,9439.65,9427.92,9432.9
1765519200,2025-12-12 06:00:00,9432.93,9445.74,9432.78,9444.13
1765526400,2025-12-12 08:00:00,9444.33,9455.55,9438.51,9443.46
1765533600,2025-12-12 10:00:00,9443.69,9463.82,9439.93,9458.99
1765540800,2025-12-12 12:00:00,9458.86,9484.42,9458.46,9476.14
1765548000,2025-12-12 14:00:00,9476.45,9482.59,9463.39,9480.42
1765555200,2025-12-12 16:00:00,9480.38,9494.4,9475.18,9492.65
1765562400,2025-12-12 18:00:00,9492.58,9530.9,9490.03,9520.92
1765569600,2025-12-12 20:00:00,9520.98,9524.38,9504.19,9505.46
1765576800,2025-12-12 22:00:00,9505.33,9514.19,9497.25,9504.55
1765584000,2025-12-13 00:00:00,9504.5,9504.55,9489.43,9493.92
1765591200,2025-12-13 02:00:00,9493.88,9505.55,9483.51,9497.91
1765598400,2025-12-13 04:00:00,9497.75,9513.4,9495.88,9510.44
1765605600,2025-12-13 06:00:00,9510.52,9521.66,9503.03,9514.14
1765612800,2025-12-13 08:00:00,9514.02,9537.71,9509.61,9534.05
1765620000,2025-12-13 10:00:00,9534.38,9534.81,9504.13,9511.46
1765627200,2025-12-13 12:00:00,9511.41,9530.5,9509.67,9522.35
1765634400,2025-12-13 14:00:00,9522.3,9524.32,9509.49,9515.68
1765641600,2025-12-13 16:00:00,9515.85,9539.8,9514.25,9533.24
1765648800,2025-12-13 18:00:00,9533.2,9535.84,9505.36,9510.77
1765656000,2025-12-13 20:00:00,9510.88,9523.65,9502.06,9502.06
1765663200,2025-12-13 22:00:00,9502.19,9512.86,9494.04,9495.34
1765670400,2025-12-14 00:00:00,9495.38,9506.12,9487.96,9496.26
1765677600,2025-12-14 02:00:00,9496.04,9512.74,9481.33,9502.92
1765684800,2025-12-14 04:00:00,9503.09,9533.48,9501.6,9530.7
1765692000,2025-12-14 06:00:00,9530.74,9534.5,9502.86,9529.32
1765699200,2025-12-14 08:00:00,9529.42,9547.37,9528.3,9542.01
1765706400,2025-12-14 10:00:00,9542.24,9562.56,9541.24,9558.44
1765713600,2025-12-14 12:00:00,9558.4,9564.65,9553.37,9555.77
1765720800,2025-12-14 14:00:00,9555.83,9557.19,9536.41,9536.41
1765728000,2025-12-14 16:00:00,9536.51,9540.38,9518.98,9521.94
1765735200,2025-12-14 18:00:00,9521.85,9532.17,9513.97,9518.64
1765742400,2025-12-14 20:00:00,9518.47,9527.87,9515.89,9525.42
1765749600,2025-12-14 22:00:00,9525.47,9528.26,9495.72,9501.41
1765756800,2025-12-15 00:00:00,9501.39,9523.63,9485.96,9522.07
1765764000,2025-12-15 02:00:00,9522,9542.81,9521.25,9530.7
1765771200,2025-12-15 04:00:00,9530.45,9535.73,9505.15,9510.02
1765778400,2025-12-15 06:00:00,9510.21,9526.78,9503.78,9522.39
1765785600,2025-12-15 08:00:00,9522.26,9533.3,9519.75,9520.6
1765792800,2025-12-15 10:00:00,9520.34,9551.92,9520.13,9541.19
1765800000,2025-12-15 12:00:00,9541.27,9553.91,9535.23,9547.6
1765807200,2025-12-15 14:00:00,9547.46,9559.92,9541.84,9545.79
1765814400,2025-12-15 16:00:00,9545.59,9551.54,9536.27,9550.01
1765821600,2025-12-15 18:00:00,9550.18,9584.84,9546.28,9577.56
1765828800,2025-12-15 20:00:00,9578.06,9578.29,9549.25,9557.16
1765836000,2025-12-15 22:00:00,9557.09,9580.99,9555.56,9571.95
1765843200,2025-12-16 00:00:00,9571.82,9579.63,9564.51,9567.79
1765850400,2025-12-16 02:00:00,9567.59,9577.79,9549.49,9550.19
1765857600,2025-12-16 04:00:00,9550,9563.59,9542.64,9550.27
1765864800,2025-12-16 06:00:00,9550.3,9578.26,9546.61,9573.18
1765872000,2025-12-16 08:00:00,9573.13,9582.27,9567.9,9568.85
1765879200,2025-12-16 10:00:00,9568.82,9580.13,9564.96,9573.17
1765886400,2025-12-16 12:00:00,9573.51,9579.35,9561.44,9570.09
1765893600,2025-12-16 14:00:00,9570.17,9585.38,9559.98,9568.74
1765900800,2025-12-16 16:00:00,9568.82,9577.94,9564.47,9574.19
1765908000,2025-12-16 18:00:00,9574.53,9576.21,9557.67,9561.75
1765915200,2025-12-16 20:00:00,9561.58,9573.49,9556.91,9568.89
1765922400,2025-12-16 22:00:00,9568.78,9585.52,9555.76,9559.89
1765929600,2025-12-17 00:00:00,9559.85,9562.84,9538.75,9543.94
1765936800,2025-12-17 02:00:00,9544.18,9567.45,9542.14,9558.16
1765944000,2025-12-17 04:00:00,9558.07,9568.37,9551.27,9554.84
1765951200,2025-12-17 06:00:00,9554.99,9568.69,9551.69,9563.37
1765958400,2025-12-17 08:00:00,9563.16,9566,9542.64,9551.67
1765965600,2025-12-17 10:00:00,9551.81,9559.49,9540.63,9542.81
1765972800,2025-12-17 12:00:00,9543.01,9543.01,9518.98,9520.88
1765980000,2025-12-17 14:00:00,9520.87,9528.13,9512.42,9518.13
1765987200,2025-12-17 16:00:00,9518.47,9524.29,9499.54,9501.79
1765994400,2025-12-17 18:00:00,9501.87,9522.57,9501.2,9515.55
1766001600,2025-12-17 20:00:00,9515.52,9527.88,9510.33,9526.39
1766008800,2025-12-17 22:00:00,9526.27,9545.25,9523.87,9544.17
1766016000,2025-12-18 00:00:00,9543.93,9545.67,9520.82,9537.12
1766023200,2025-12-18 02:00:00,9537.03,9541.88,9518.44,9534.84
1766030400,2025-12-18 04:00:00,9534.71,9546.57,9532.77,9545.82
1766037600,2025-12-18 06:00:00,9545.99,9567.01,9540.2,9563.42
1766044800,2025-12-18 08:00:00,9563.82,9581.05,9563.21,9570.78
1766052000,2025-12-18 10:00:00,9570.86,9605.22,9569.49,9602.59
1766059200,2025-12-18 12:00:00,9602.16,9616.18,9591.62,9608.14
1766066400,2025-12-18 14:00:00,9608.45,9613.77,9596.56,9610.36
1766073600,2025-12-18 16:00:00,9610.27,9631.65,9602.92,9627.25
1766080800,2025-12-18 18:00:00,9627.44,9634.02,9612.62,9617.42
1766088000,2025-12-18 20:00:00,9617.36,9631.11,9602.57,9607.87
1766095200,2025-12-18 22:00:00,9607.96,9612.8,9592.54,9593.88
1766102400,2025-12-19 00:00:00,9593.88,9595.73,9578.82,9582.45
1766109600,2025-12-19 02:00:00,9582.61,9583.75,9552,9556.76
1766116800,2025-12-19 04:00:00,9557.11,9562.14,9536.46,9538.49
1766124000,2025-12-19 06:00:00,9538.62,9539.02,9523.75,9531.44
1766131200,2025-12-19 08:00:00,9531.45,9547.78,9528.35,9542.49
1766138400,2025-12-19 10:00:00,9542.52,9545.89,9531.3,9540.09
1766145600,2025-12-19 12:00:00,9539.97,9552.12,9538.32,9544.81
1766152800,2025-12-19 14:00:00,9544.54,9547.81,9530.63,9535.38
1766160000,2025-12-19 16:00:00,9535.42,9537.06,9514.12,9520.61
1766167200,2025-12-19 18:00:00,9520.61,9532.13,9510.05,9514.67
1766174400,2025-12-19 20:00:00,9514.62,9521.01,9496.21,9500.63
1766181600,2025-12-19 22:00:00,9500.82,9509.13,9496.54,9504.14
1766188800,2025-12-20 00:00:00,9503.95,9511.02,9494.97,9510.59
1766196000,2025-12-20 02:00:00,9510.42,9523.06,9504.92,9511.99
1766203200,2025-12-20 04:00:00,9512.1,9514.86,9493.06,9507.58
1766210400,2025-12-20 06:00:00,9507.41,9515.57,9496.76,9506.29
1766217600,2025-12-20 08:00:00,9506.39,9513.11,9497.95,9501.93
1766224800,2025-12-20 10:00:00,9502.02,9505.29,9470.85,9472.84
1766232000,2025-12-20 12:00:00,9472.92,9499.66,9467.86,9492.1
1766239200,2025-12-20 14:00:00,9492.22,9494.45,9461.97,9469.67
1766246400,2025-12-20 16:00:00,9469.85,9473.44,9450.54,9457.26
1766253600,2025-12-20 18:00:00,9457.03,9457.83,9436.78,9436.82
1766260800,2025-12-20 20:00:00,9437.15,9452.48,9427.91,9444.41
1766268000,2025-12-20 22:00:00,9444.35,9458.15,9437.84,9449.71
1766275200,2025-12-21 00:00:00,9449.96,9469.55,9444.26,9446.17
1766282400,2025-12-21 02:00:00,9446.07,9449.21,9432.76,9436.48
1766289600,2025-12-21 04:00:00,9436.69,9441.22,9424.49,9432.42
1766296800,2025-12-21 06:00:00,9432.46,9433.83,9410.97,9425.74
1766304000,2025-12-21 08:00:00,9425.69,9430.4,9413.08,9423.65
1766311200,2025-12-21 10:00:00,9423.51,9437.31,9422.62,9429.83
1766318400,2025-12-21 12:00:00,9429.88,9456.39,9427.97,9449.12
1766325600,2025-12-21 14:00:00,9449.27,9449.44,9406.99,9410.05
1766332800,2025-12-21 16:00:00,9410.33,9416.87,9402.31,9415.85
1766340000,2025-12-21 18:00:00,9415.6,9417.77,9390,9393.77
1766347200,2025-12-21 20:00:00,9393.57,9403.33,9385.06,9390.58
1766354400,2025-12-21 22:00:00,9390.64,9408.43,9375.98,9385.02
1766361600,2025-12-22 00:00:00,9385.21,9406.21,9385.13,9390.57
1766368800,2025-12-22 02:00:00,9390.43,9409.05,9389.49,9391.84
1766376000,2025-12-22 04:00:00,9392.07,9392.58,9362.71,9364.96
1766383200,2025-12-22 06:00:00,9364.96,9385.29,9364.14,9381.96
1766390400,2025-12-22 08:00:00,9381.66,9383.41,9358.44,9367.97
1766397600,2025-12-22 10:00:00,9367.92,9370.48,9329.15,9330.27
1766404800,2025-12-22 12:00:00,9330.39,9336.41,9315.25,9322.71
1766412000,2025-12-22 14:00:00,9322.86,9340.96,9322.55,9328.14
1766419200,2025-12-22 16:00:00,9328.26,9328.95,9298.2,9300.09
1766426400,2025-12-22 18:00:00,9300.37,9320.54,9295.56,9310.51
1766433600,2025-12-22 20:00:00,9310.52,9314.86,9284.83,9293.25
1766440800,2025-12-22 22:00:00,9293.05,9298.68,9276.71,9281.22
1766448000,2025-12-23 00:00:00,9281.23,9289.53,9276.2,9281.44
1766455200,2025-12-23 02:00:00,9281.35,9292.09,9272.01,9277.94
1766462400,2025-12-23 04:00:00,9277.95,9278.23,9243.62,9245.25
1766469600,2025-12-23 06:00:00,9245.14,9248.71,9230.06,9247.18
1766476800,2025-12-23 08:00:00,9247.37,9279.07,9246.43,9276.49
1766484000,2025-12-23 10:00:00,9276.75,9297.63,9273.5,9297.63
1766491200,2025-12-23 12:00:00,9297.7,9309.43,9296.69,9301.76
1766498400,2025-12-23 14:00:00,9301.57,9303.44,9277.09,9285.49
1766505600,2025-12-23 16:00:00,9285.34,9285.91,9266.47,9280.07
1766512800,2025-12-23 18:00:00,9279.96,9290.68,9270.57,9284.49
1766520000,2025-12-23 20:00:00,9284.66,9319.55,9280.77,9316.9
1766527200,2025-12-23 22:00:00,9316.73,9324.72,9307.44,9311.89
1766534400,2025-12-24 00:00:00,9312.25,9332.27,9304.21,9327.99
1766541600,2025-12-24 02:00:00,9328.1,9339.11,9318.71,9331.1
1766548800,2025-12-24 04:00:00,9331.19,9336.39,9307.22,9309.18
1766556000,2025-12-24 06:00:00,9309.05,9322.28,9300.08,9308.74
1766563200,2025-12-24 08:00:00,9308.6,9311.67,9289.75,9297.07
1766570400,2025-12-24 10:00:00,9297.21,9302.95,9285.46,9299.65
1766577600,2025-12-24 12:00:00,9299.94,9309.93,9295.63,9304.89
1766584800,2025-12-24 14:00:00,9304.7,9342.84,9304.7,9338.82
1766592000,2025-12-24 16:00:00,9338.95,9352.33,9334.37,9345.35
1766599200,2025-12-24 18:00:00,9345.12,9357.18,9341.91,9355.01
1766606400,2025-12-24 20:00:00,9355.13,9381.68,9354.24,9381.18
1766613600,2025-12-24 22:00:00,9381.52,9395.7,9376.36,9384.86
1766620800,2025-12-25 00:00:00,9384.78,9386.16,9367.01,9378.53
1766628000,2025-12-25 02:00:00,9378.38,9397.11,9378.38,9390.43
1766635200,2025-12-25 04:00:00,9390.4,9422.99,9390.4,9410.53
1766642400,2025-12-25 06:00:00,9410.35,9427.71,9410.01,9420.88
1766649600,2025-12-25 08:00:00,9421.06,9459.63,9417.95,9454.63
1766656800,2025-12-25 10:00:00,9454.62,9467.45,9452.94,9467.45
1766664000,2025-12-25 12:00:00,9467.21,9469.48,9442.92,9451.73
1766671200,2025-12-25 14:00:00,9451.51,9474.09,9449.4,9470.41
1766678400,2025-12-25 16:00:00,9470.37,9495.58,9462.54,9492.45
1766685600,2025-12-25 18:00:00,9492.44,9511.17,9487.56,9492.42
1766692800,2025-12-25 20:00:00,9492.61,9500.67,9479.84,9486.89
1766700000,2025-12-25 22:00:00,9487.06,9487.45,9467.13,9475.78
1766707200,2025-12-26 00:00:00,9475.78,9484.9,9470.52,9479.01
1766714400,2025-12-26 02:00:00,9479.07,9500.65,9472.29,9495.22
1766721600,2025-12-26 04:00:00,9495.38,9499.34,9476.17,9485.67
1766728800,2025-12-26 06:00:00,9485.57,9491.09,9478.29,9478.29
1766736000,2025-12-26 08:00:00,9478.37,9486.08,9469.52,9479.27
1766743200,2025-12-26 10:00:00,9479.2,9496.68,9468.14,9494.94
1766750400,2025-12-26 12:00:00,9495.03,9510.18,9483.87,9509.09
1766757600,2025-12-26 14:00:00,9509.04,9524.46,9501.44,9522.76
1766764800,2025-12-26 16:00:00,9522.57,9531.6,9511.18,9526.87
1766772000,2025-12-26 18:00:00,9526.7,9529.1,9494.97,9495.98
1766779200,2025-12-26 20:00:00,9495.87,9500.01,9480.94,9491.97
1766786400,2025-12-26 22:00:00,9491.86,9494.65,9471.02,9475.11
1766793600,2025-12-27 00:00:00,9475.14,9483.4,9464.56,9467.32
1766800800,2025-12-27 02:00:00,9467.35,9474.17,9456.97,9462.3
1766808000,2025-12-27 04:00:00,9462.36,9472.84,9458.05,9460.43
1766815200,2025-12-27 06:00:00,9460.48,9466.5,9443.38,9447.22
1766822400,2025-12-27 08:00:00,9447.08,9455.7,9442.42,9446.83
1766829600,2025-12-27 10:00:00,9446.86,9460.56,9440.82,9460.27
1766836800,2025-12-27 12:00:00,9460.42,9467.11,9454.06,9458.68
1766844000,2025-12-27 14:00:00,9458.59,9478.07,9446.51,9474.45
1766851200,2025-12-27 16:00:00,9474.56,9506.33,9473.88,9500.21
1766858400,2025-12-27 18:00:00,9500.27,9529.27,9497.41,9517.19
1766865600,2025-12-27 20:00:00,9517.03,9531.46,9512.22,9525.14
1766872800,2025-12-27 22:00:00,9525.22,9542.27,9523.78,9536.6
1766880000,2025-12-28 00:00:00,9536.25,9542.81,9510.82,9519.75
1766887200,2025-12-28 02:00:00,9519.75,9528.92,9517.16,9521.47
1766894400,2025-12-28 04:00:00,9521.41,9524.47,9503.34,9509.27
1766901600,2025-12-28 06:00:00,9509.42,9509.55,9493.47,9498.42
1766908800,2025-12-28 08:00:00,9498.62,9510.11,9492.05,9509.89
1766916000,2025-12-28 10:00:00,9509.83,9515.37,9501.39,9514.89
1766923200,2025-12-28 12:00:00,9515,9534.76,9514.43,9525.05
1766930400,2025-12-28 14:00:00,9524.99,9535.02,9518.44,9530.56
1766937600,2025-12-28 16:00:00,9530.47,9534.86,9514.82,9516.45
1766944800,2025-12-28 18:00:00,9516.2,9535.37,9515.53,9530.44
1766952000,2025-12-28 20:00:00,9530.64,9538.15,9523.19,9535.83
1766959200,2025-12-28 22:00:00,9535.53,9538.24,9522.48,9525.46
1766966400,2025-12-29 00:00:00,9525.7,9549.63,9522.86,9538.16
1766973600,2025-12-29 02:00:00,9538.3,9548.71,9532.13,9542.58
1766980800,2025-12-29 04:00:00,9542.54,9545.78,9502.54,9510.72
1766988000,2025-12-29 06:00:00,9510.88,9532.05,9502.43,9523.83
1766995200,2025-12-29 08:00:00,9523.68,9529.31,9507.35,9523.12
1767002400,2025-12-29 10:00:00,9523.1,9541.22,9520.71,9538.05
1767009600,2025-12-29 12:00:00,9538.22,9538.74,9525.18,9526.73
1767016800,2025-12-29 14:00:00,9526.61,9537.9,9519.81,9536.49
1767024000,2025-12-29 16:00:00,9536.31,9544.96,9515.89,9517.79
1767031200,2025-12-29 18:00:00,9517.77,9525.42,9510.75,9522.9
1767038400,2025-12-29 20:00:00,9523.09,9537.41,9515.12,9517.04
1767045600,2025-12-29 22:00:00,9517.16,9519.86,9492.18,9492.72
1767052800,2025-12-30 00:00:00,9492.75,9498.37,9477.91,9483.62
1767060000,2025-12-30 02:00:00,9483.55,9488.4,9464.72,9481.4
1767067200,2025-12-30 04:00:00,9481.49,9508.67,9473.25,9496.74
1767074400,2025-12-30 06:00:00,9496.64,9517.63,9496.59,9516.67
1767081600,2025-12-30 08:00:00,9516.52,9525.26,9497.14,9498.54
1767088800,2025-12-30 10:00:00,9498.45,9526.56,9498.24,9524.21
1767096000,2025-12-30 12:00:00,9524.18,9525.48,9509.07,9512.65
1767103200,2025-12-30 14:00:00,9512.76,9513.73,9503.24,9510.15
1767110400,2025-12-30 16:00:00,9510.32,9548.79,9504.97,9543.14
1767117600,2025-12-30 18:00:00,9542.93,9546.12,9528.14,9529.09
1767124800,2025-12-30 20:00:00,9529.02,9530.51,9499.25,9499.54
1767132000,2025-12-30 22:00:00,9499.55,9513.19,9493.31,9500.79
1767139200,2025-12-31 00:00:00,9500.25,9513.66,9482.08,9483.09
1767146400,2025-12-31 02:00:00,9483.19,9483.38,9470.85,9476.59
1767153600,2025-12-31 04:00:00,9476.36,9491.26,9469.33,9489.97
1767160800,2025-12-31 06:00:00,9489.97,9500.98,9474.4,9497.51
1767168000,2025-12-31 08:00:00,9497.36,9506.79,9490.78,9495.89
1767175200,2025-12-31 10:00:00,9496.21,9508.04,9489.83,9498.22
1767182400,2025-12-31 12:00:00,9497.8,9513.3,9493.49,9508.7
1767189600,2025-12-31 14:00:00,9508.81,9520.43,9506.71,9515.05
1767196800,2025-12-31 16:00:00,9515.07,9536.71,9508.21,9529.7
1767204000,2025-12-31 18:00:00,9529.94,9539.95,9521.22,9522.55
1767211200,2025-12-31 20:00:00,9522.35,9534.74,9517.24,9533.66
1767218400,2025-12-31 22:00:00,9533.57,9540.27,9518.12,9535.5
1767225600,2026-01-01 00:00:00,9535.6,9547.84,9526.32,9538.76
1767232800,2026-01-01 02:00:00,9538.71,9548.53,9523.94,9531.93
1767240000,2026-01-01 04:00:00,9531.62,9552.14,9528.23,9540.43
1767247200,2026-01-01 06:00:00,9540.36,9552.83,9528.66,9540.06
1767254400,2026-01-01 08:00:00,9539.88,9540.22,9521.42,9527.93
1767261600,2026-01-01 10:00:00,9528.07,9542.41,9525.37,9529.37
1767268800,2026-01-01 12:00:00,9529.3,9537.6,9513.92,9536.06
1767276000,2026-01-01 14:00:00,9536.36,9554.72,9533.51,9546.68
1767283200,2026-01-01 16:00:00,9546.94,9575.92,9546.26,9575.32
1767290400,2026-01-01 18:00:00,9575.35,9581.99,9569.38,9576.52
1767297600,2026-01-01 20:00:00,9576.61,9599.57,9571.45,9592.09
1767304800,2026-01-01 22:00:00,9592.21,9592.75,9576.23,9587.83
1767312000,2026-01-02 00:00:00,9587.77,9612.16,9582.26,9607.9
1767319200,2026-01-02 02:00:00,9608.05,9623.26,9603.71,9622.49
1767326400,2026-01-02 04:00:00,9622.3,9623.12,9597.99,9601.2
1767333600,2026-01-02 06:00:00,9601.27,9604.53,9582.92,9594.61
1767340800,2026-01-02 08:00:00,9594.61,9610.72,9588.92,9604.96
1767348000,2026-01-02 10:00:00,9604.65,9615.42,9600.6,9601.34
1767355200,2026-01-02 12:00:00,9601.26,9605.58,9587.04,9599.74
1767362400,2026-01-02 14:00:00,9599.98,9604,9588.98,9599.71
1767369600,2026-01-02 16:00:00,9599.49,9603.72,9589.87,9590.88
1767376800,2026-01-02 18:00:00,9590.81,9610.74,9581.58,9607.96
1767384000,2026-01-02 20:00:00,9608.05,9615.63,9591.78,9608.81
1767391200,2026-01-02 22:00:00,9608.89,9618.1,9594.57,9599.56
1767398400,2026-01-03 00:00:00,9599.65,9608.71,9593.88,9606.39
1767405600,2026-01-03 02:00:00,9606.7,9610.56,9589.43,9592.53
1767412800,2026-01-03 04:00:00,9592.59,9600.36,9585.76,9596.01
1767420000,2026-01-03 06:00:00,9595.93,9600.81,9578.38,9583.47
1767427200,2026-01-03 08:00:00,9583.54,9588.39,9563.16,9570.54
1767434400,2026-01-03 10:00:00,9570.41,9586.37,9561.21,9576.86
1767441600,2026-01-03 12:00:00,9576.78,9582.83,9559.08,9561.39
1767448800,2026-01-03 14:00:00,9561.02,9563.65,9524.36,9534.96
1767456000,2026-01-03 16:00:00,9534.93,9543.73,9522.08,9522.42
1767463200,2026-01-03 18:00:00,9522.35,9535.5,9521.99,9524.86
1767470400,2026-01-03 20:00:00,9524.89,9542.24,9500.25,9502.46
1767477600,2026-01-03 22:00:00,9502.46,9506.37,9480.94,9495.89
1767484800,2026-01-04 00:00:00,9496.02,9499.87,9483.7,9490.75
1767492000,2026-01-04 02:00:00,9491.02,9505.23,9491.02,9497.62
1767499200,2026-01-04 04:00:00,9497.59,9519.58,9492.72,9518.44
1767506400,2026-01-04 06:00:00,9518.24,9545.27,9515.42,9544.68
1767513600,2026-01-04 08:00:00,9544.84,9562.17,9542.28,9553.75
1767520800,2026-01-04 10:00:00,9553.88,9578.64,9545.65,9569.18
1767528000,2026-01-04 12:00:00,9569.15,9575.71,9550.79,9555.05
1767535200,2026-01-04 14:00:00,9555.16,9558.01,9535.51,9541.85
1767542400,2026-01-04 16:00:00,9541.96,9565.03,9540.78,9551.98
1767549600,2026-01-04 18:00:00,9552.12,9554.47,9542.25,9542.55
1767556800,2026-01-04 20:00:00,9542.36,9547.96,9530.86,9542.91
1767564000,2026-01-04 22:00:00,9542.58,9559.37,9532.62,9533.54
1767571200,2026-01-05 00:00:00,9533.41,9555.09,9532.76,9538.69
1767578400,2026-01-05 02:00:00,9538.72,9539.03,9512.65,9517.14
1767585600,2026-01-05 04:00:00,9517.09,9530.74,9513.4,9523.49
1767592800,2026-01-05 06:00:00,9523.68,9528.18,9507.1,9510.46
1767600000,2026-01-05 08:00:00,9510.61,9540.55,9507.86,9529.48
1767607200,2026-01-05 10:00:00,9529.04,9535.18,9515.32,9519.15
1767614400,2026-01-05 12:00:00,9519.24,9519.31,9498.33,9499.46
1767621600,2026-01-05 14:00:00,9499.36,9509.26,9483.32,9487.97
1767628800,2026-01-05 16:00:00,9487.88,9488.25,9469.23,9474.35
1767636000,2026-01-05 18:00:00,9474.56,9475.14,9459.53,9469.43
1767643200,2026-01-05 20:00:00,9469.54,9471.72,9442.26,9444.73
1767650400,2026-01-05 22:00:00,9444.81,9462.22,9443.05,9448.95
1767657600,2026-01-06 00:00:00,9448.9,9464.06,9446.56,9450.79
1767664800,2026-01-06 02:00:00,9450.69,9452.77,9433.97,9443.34
1767672000,2026-01-06 04:00:00,9443.28,9455.87,9435.33,9444.2
1767679200,2026-01-06 06:00:00,9444.28,9451.52,9434.61,9446.76
1767686400,2026-01-06 08:00:00,9446.94,9453.83,9437.74,9449.03
1767693600,2026-01-06 10:00:00,9449,9454.04,9430.7,9451.69
1767700800,2026-01-06 12:00:00,9451.71,9460.36,9445.82,9455.29
1767708000,2026-01-06 14:00:00,9454.9,9463.23,9445.71,9449.86
1767715200,2026-01-06 16:00:00,9449.94,9454.49,9436.5,9442.34
1767722400,2026-01-06 18:00:00,9442.19,9446.42,9431.88,9433.4
1767729600,2026-01-06 20:00:00,9433.37,9444.46,9423.67,9436.82
1767736800,2026-01-06 22:00:00,9437.09,9442.23,9419.02,9426.09
1767744000,2026-01-07 00:00:00,9426.25,9428.19,9414.76,9421.96
1767751200,2026-01-07 02:00:00,9421.92,9442.86,9421.71,9436.84
1767758400,2026-01-07 04:00:00,9436.62,9441.75,9418.75,9419.07
1767765600,2026-01-07 06:00:00,9419.2,9424.66,9411.96,9416.89
1767772800,2026-01-07 08:00:00,9416.98,9439.2,9412.16,9439.16
1767780000,2026-01-07 10:00:00,9439.02,9444.86,9420.57,9443.7
1767787200,2026-01-07 12:00:00,9443.52,9458.69,9433.44,9434.5
1767794400,2026-01-07 14:00:00,9434.4,9442.4,9430.55,9431.62
1767801600,2026-01-07 16:00:00,9431.67,9435.08,9420.52,9432.68
1767808800,2026-01-07 18:00:00,9432.6,9435.78,9417.33,9422.29
1767816000,2026-01-07 20:00:00,9422.35,9446.09,9421.9,9439.69
1767823200,2026-01-07 22:00:00,9439.74,9451.56,9435.77,9443.4
1767830400,2026-01-08 00:00:00,9443.47,9459.66,9438.87,9458.06
1767837600,2026-01-08 02:00:00,9457.99,9472.63,9454.15,9466.21
1767844800,2026-01-08 04:00:00,9466.21,9473.94,9453.28,9454.34
1767852000,2026-01-08 06:00:00,9454.31,9476.05,9450.87,9467.49
1767859200,2026-01-08 08:00:00,9467.49,9468.88,9449.05,9450.92
1767866400,2026-01-08 10:00:00,9450.99,9457.19,9440.56,9456.52
1767873600,2026-01-08 12:00:00,9456.61,9463.09,9446.26,9455.05
1767880800,2026-01-08 14:00:00,9454.95,9456.1,9424.83,9426.79
1767888000,2026-01-08 16:00:00,9427.05,9433.9,9418.43,9419.41
1767895200,2026-01-08 18:00:00,9419.27,9419.3,9405.34,9412.23
1767902400,2026-01-08 20:00:00,9412.18,9418.24,9394.04,9400.56
1767909600,2026-01-08 22:00:00,9400.48,9410.77,9392.79,9402.67
1767916800,2026-01-09 00:00:00,9402.6,9421.99,9395.81,9414.73
1767924000,2026-01-09 02:00:00,9414.7,9425.6,9411.86,9414.49
1767931200,2026-01-09 04:00:00,9414.46,9427.07,9402.52,9420.82
1767938400,2026-01-09 06:00:00,9420.72,9425.69,9395.43,9396.27
1767945600,2026-01-09 08:00:00,9395.96,9420.63,9395.74,9418.97
1767952800,2026-01-09 10:00:00,9418.92,9433.45,9411.42,9420.67
1767960000,2026-01-09 12:00:00,9420.64,9434.88,9410.19,9428.06
1767967200,2026-01-09 14:00:00,9428.34,9430.76,9408.32,9417.01
1767974400,2026-01-09 16:00:00,9416.98,9418.71,9385.27,9395.14
1767981600,2026-01-09 18:00:00,9394.97,9406.55,9381.48,9381.84
1767988800,2026-01-09 20:00:00,9381.94,9385.23,9360,9381.3
1767996000,2026-01-09 22:00:00,9381.43,9401.3,9376.89,9390.04
1768003200,2026-01-10 00:00:00,9389.86,9396.59,9366.78,9373.69
1768010400,2026-01-10 02:00:00,9373.59,9374.56,9356.67,9364.91
1768017600,2026-01-10 04:00:00,9364.96,9381.96,9358.38,9369.59
1768024800,2026-01-10 06:00:00,9369.51,9377.73,9361.16,9366.41
1768032000,2026-01-10 08:00:00,9366.3,9375.32,9353.38,9372.17
1768039200,2026-01-10 10:00:00,9372.19,9386.01,9359.68,9383.82
1768046400,2026-01-10 12:00:00,9383.86,9392.38,9380.18,9387.1
1768053600,2026-01-10 14:00:00,9386.78,9406.19,9381.06,9390.98
1768060800,2026-01-10 16:00:00,9390.91,9394.23,9374.86,9381
1768068000,2026-01-10 18:00:00,9380.79,9382.58,9331.42,9332.11
1768075200,2026-01-10 20:00:00,9332.24,9335.58,9316.35,9316.73
1768082400,2026-01-10 22:00:00,9316.76,9332.84,9315.32,9316
1768089600,2026-01-11 00:00:00,9315.71,9316.2,9302.85,9308.3
1768096800,2026-01-11 02:00:00,9308.07,9315.36,9296.13,9311.38
1768104000,2026-01-11 04:00:00,9311.43,9312.16,9281.98,9296.49
1768111200,2026-01-11 06:00:00,9296.64,9307.28,9288.4,9288.88
1768118400,2026-01-11 08:00:00,9288.9,9292.44,9276.82,9290.65
1768125600,2026-01-11 10:00:00,9290.72,9312.85,9290.72,9297.94
1768132800,2026-01-11 12:00:00,9297.56,9300.32,9279.32,9280.91
1768140000,2026-01-11 14:00:00,9280.72,9291.15,9269.55,9290.49
1768147200,2026-01-11 16:00:00,9290.39,9308.78,9286.79,9306.58
1768154400,2026-01-11 18:00:00,9306.66,9320.89,9300.49,9301.53
1768161600,2026-01-11 20:00:00,9301.49,9327.37,9296.77,9324.17
1768168800,2026-01-11 22:00:00,9324.04,9327.71,9316.81,9321.09
1768176000,2026-01-12 00:00:00,9321.04,9324.01,9298.08,9304.31
1768183200,2026-01-12 02:00:00,9304.42,9318.78,9286.76,9294.16
1768190400,2026-01-12 04:00:00,9293.95,9295.19,9280.22,9292.29
1768197600,2026-01-12 06:00:00,9292.04,9294,9273.51,9286.43
1768204800,2026-01-12 08:00:00,9286.57,9296.65,9281,9287.28
1768212000,2026-01-12 10:00:00,9287.11,9289.75,9271.08,9281.66
1768219200,2026-01-12 12:00:00,9281.73,9284.01,9242.48,9250.72
1768226400,2026-01-12 14:00:00,9250.65,9262.44,9247.54,9247.97
1768233600,2026-01-12 16:00:00,9248.17,9271.94,9244.69,9271.58
1768240800,2026-01-12 18:00:00,9271.83,9277.17,9265.78,9267.31
1768248000,2026-01-12 20:00:00,9267.13,9267.87,9244.74,9253.38
1768255200,2026-01-12 22:00:00,9253.48,9279.79,9250.52,9277.8
1768262400,2026-01-13 00:00:00,9277.73,9281.55,9269.4,9273.54
1768269600,2026-01-13 02:00:00,9273.24,9283.52,9263.58,9277.24
1768276800,2026-01-13 04:00:00,9277.15,9304.72,9271.09,9303.45
1768284000,2026-01-13 06:00:00,9303.34,9313.19,9293.74,9310.6
1768291200,2026-01-13 08:00:00,9310.47,9316.94,9292.89,9302.58
1768298400,2026-01-13 10:00:00,9302.59,9325.48,9295.92,9310.89
1768305600,2026-01-13 12:00:00,9311.08,9325.29,9293.26,9321.59
1768312800,2026-01-13 14:00:00,9321.81,9324.07,9311.46,9312.49
1768320000,2026-01-13 16:00:00,9312.68,9326.25,9299.01,9323.32
1768327200,2026-01-13 18:00:00,9323.37,9326.18,9305.9,9314.02
1768334400,2026-01-13 20:00:00,9313.79,9317.37,9297.44,9317.03
1768341600,2026-01-13 22:00:00,9317.29,9324.46,9295.71,9299.84
1768348800,2026-01-14 00:00:00,9299.71,9301.3,9282.38,9291.72
1768356000,2026-01-14 02:00:00,9291.53,9300.48,9285.95,9290.02
1768363200,2026-01-14 04:00:00,9289.89,9292.32,9263.45,9273.82
1768370400,2026-01-14 06:00:00,9273.98,9281.55,9261.63,9267.24
1768377600,2026-01-14 08:00:00,9267.15,9280.78,9262.76,9275.93
1768384800,2026-01-14 10:00:00,9275.9,9277.31,9239.87,9248.85
1768392000,2026-01-14 12:00:00,9248.8,9266.1,9239.89,9256.65
1768399200,2026-01-14 14:00:00,9256.42,9263.16,9248.02,9256.75
1768406400,2026-01-14 16:00:00,9256.72,9259.99,9241.68,9243.1
1768413600,2026-01-14 18:00:00,9243.33,9253.23,9240.2,9249.86
1768420800,2026-01-14 20:00:00,9249.64,9263.42,9236.75,9244.26
1768428000,2026-01-14 22:00:00,9244.34,9256.71,9238.62,9249.65
1768435200,2026-01-15 00:00:00,9249.98,9277.89,9249.17,9269.81
1768442400,2026-01-15 02:00:00,9269.74,9281.89,9268.52,9277.8
1768449600,2026-01-15 04:00:00,9277.77,9278.93,9244.58,9245.3
1768456800,2026-01-15 06:00:00,9245.05,9245.49,9224,9228.29
1768464000,2026-01-15 08:00:00,9228.33,9240.77,9226.13,9232.47
1768471200,2026-01-15 10:00:00,9232.3,9253.31,9227.53,9250.51
1768478400,2026-01-15 12:00:00,9250.62,9251.04,9225.73,9226.17
1768485600,2026-01-15 14:00:00,9226.34,9249.48,9223.08,9249.14
1768492800,2026-01-15 16:00:00,9248.98,9265.44,9247.49,9264.58
1768500000,2026-01-15 18:00:00,9264.81,9277.88,9260.97,9261.76
1768507200,2026-01-15 20:00:00,9261.97,9268.25,9253.61,9257.38
1768514400,2026-01-15 22:00:00,9257.69,9278.07,9257.41,9262.36
1768521600,2026-01-16 00:00:00,9262.49,9269.06,9246.67,9268.18
1768528800,2026-01-16 02:00:00,9268.32,9276.89,9261.36,9269.21
1768536000,2026-01-16 04:00:00,9269.13,9269.43,9238.81,9240.51
1768543200,2026-01-16 06:00:00,9240.44,9244.77,9233.57,9239.41
1768550400,2026-01-16 08:00:00,9239.1,9245.76,9230.17,9231.91
1768557600,2026-01-16 10:00:00,9231.99,9234.02,9202.41,9218.02
1768564800,2026-01-16 12:00:00,9217.95,9224.07,9196.84,9198.08
1768572000,2026-01-16 14:00:00,9198.07,9210.14,9195.28,9202.07
1768579200,2026-01-16 16:00:00,9202.25,9204.16,9171.33,9185.63
1768586400,2026-01-16 18:00:00,9185.72,9189.8,9172.58,9178.26
1768593600,2026-01-16 20:00:00,9178.43,9201.12,9173.77,9198.91
1768600800,2026-01-16 22:00:00,9199.03,9210.58,9191.74,9203.94
1768608000,2026-01-17 00:00:00,9203.93,9241.72,9203.63,9236.46
1768615200,2026-01-17 02:00:00,9236.8,9243.46,9224.59,9242.96
1768622400,2026-01-17 04:00:00,9243.18,9245.25,9212.74,9221.44
1768629600,2026-01-17 06:00:00,9221.51,9232.78,9208.22,9209.2
1768636800,2026-01-17 08:00:00,9208.86,9222.85,9202.7,9218.16
1768644000,2026-01-17 10:00:00,9218.1,9223.14,9206.67,9210.7
1768651200,2026-01-17 12:00:00,9210.68,9216.47,9199.14,9209.15
1768658400,2026-01-17 14:00:00,9209,9216.89,9201.01,9203.91
1768665600,2026-01-17 16:00:00,9203.69,9207.36,9185.9,9206.02
1768672800,2026-01-17 18:00:00,9205.86,9206.58,9165.98,9170.32
1768680000,2026-01-17 20:00:00,9170.43,9171.04,9155.59,9160.77
1768687200,2026-01-17 22:00:00,9160.66,9164.95,9152.58,9160.04
1768694400,2026-01-18 00:00:00,9160.23,9166.46,9139.12,9147.08
1768701600,2026-01-18 02:00:00,9147.16,9161.79,9139.51,9161.62
1768708800,2026-01-18 04:00:00,9161.96,9167.94,9150.5,9167.86
1768716000,2026-01-18 06:00:00,9167.93,9170.12,9153.78,9157.85
1768723200,2026-01-18 08:00:00,9157.84,9165.56,9145.31,9153.37
1768730400,2026-01-18 10:00:00,9153.11,9176.64,9153.03,9172.21
1768737600,2026-01-18 12:00:00,9171.97,9199.95,9169.16,9191.25
1768744800,2026-01-18 14:00:00,9191.39,9197.16,9176.07,9182.83
1768752000,2026-01-18 16:00:00,9182.76,9207.03,9180.07,9205.38
1768759200,2026-01-18 18:00:00,9205.35,9210.18,9196.36,9205.73
1768766400,2026-01-18 20:00:00,9205.65,9223.71,9201.63,9216.85
1768773600,2026-01-18 22:00:00,9216.79,9219.04,9198.9,9214.54
1768780800,2026-01-19 00:00:00,9214.55,9219.9,9208.19,9216.76
1768788000,2026-01-19 02:00:00,9216.78,9221.41,9202.65,9205.44
1768795200,2026-01-19 04:00:00,9205.71,9217.8,9202.72,9205.75
1768802400,2026-01-19 06:00:00,9206.11,9213.15,9196.71,9199.13
1768809600,2026-01-19 08:00:00,9199.16,9213.93,9198.29,9211.19
1768816800,2026-01-19 10:00:00,9211.12,9231.23,9204.17,9225.18
1768824000,2026-01-19 12:00:00,9225.38,9234.72,9208.19,9213.13
1768831200,2026-01-19 14:00:00,9213.15,9214.48,9192.69,9194.77
1768838400,2026-01-19 16:00:00,9194.69,9207.68,9193.39,9206.93
1768845600,2026-01-19 18:00:00,9206.72,9207.16,9191.07,9191.48
1768852800,2026-01-19 20:00:00,9191.38,9191.57,9171.92,9180.73
1768860000,2026-01-19 22:00:00,9180.69,9181.23,9152.81,9156.5
1768867200,2026-01-20 00:00:00,9156.43,9165.22,9121.1,9129.28
1768874400,2026-01-20 02:00:00,9129.37,9145,9123.44,9124.43
1768881600,2026-01-20 04:00:00,9124.21,9130.84,9115.52,9120.7
1768888800,2026-01-20 06:00:00,9120.51,9144.33,9119.99,9143.75
1768896000,2026-01-20 08:00:00,9143.82,9149.89,9115.81,9131.19
1768903200,2026-01-20 10:00:00,9131.22,9132.02,9118.9,9126.49
1768910400,2026-01-20 12:00:00,9126.63,9129.6,9114.09,9124.75
1768917600,2026-01-20 14:00:00,9124.51,9126.65,9106.17,9108.78
1768924800,2026-01-20 16:00:00,9108.73,9114.26,9082.63,9082.7
1768932000,2026-01-20 18:00:00,9083.04,9092.42,9079.09,9089.17
1768939200,2026-01-20 20:00:00,9089.51,9092.8,9079.96,9086.54
1768946400,2026-01-20 22:00:00,9086.52,9087.87,9067.46,9074.26
1768953600,2026-01-21 00:00:00,9074.5,9089.56,9065.59,9075.73
1768960800,2026-01-21 02:00:00,9075.89,9084.65,9062.94,9071.95
1768968000,2026-01-21 04:00:00,9072.27,9081.83,9067.65,9074.76
1768975200,2026-01-21 06:00:00,9074.89,9086.9,9072.53,9083.67
1768982400,2026-01-21 08:00:00,9083.74,9088.62,9053.99,9058.43
1768989600,2026-01-21 10:00:00,9058.43,9069.94,9051.52,9060.12
1768996800,2026-01-21 12:00:00,9060.41,9079.27,9047.49,9071.2
1769004000,2026-01-21 14:00:00,9071.61,9103.6,9070.4,9099.5
1769011200,2026-01-21 16:00:00,9099.41,9131.03,9096.85,9119.75
1769018400,2026-01-21 18:00:00,9119.84,9133.12,9114,9132.09
1769025600,2026-01-21 20:00:00,9132.04,9140.76,9126.17,9128.1
1769032800,2026-01-21 22:00:00,9128.23,9146.99,9121.73,9137.28
1769040000,2026-01-22 00:00:00,9137.31,9162.14,9134.47,9161.51
1769047200,2026-01-22 02:00:00,9161.67,9183.49,9161.67,9180
1769054400,2026-01-22 04:00:00,9179.87,9196.86,9173.06,9188.44
1769061600,2026-01-22 06:00:00,9188.68,9203.14,9186.92,9188.42
1769068800,2026-01-22 08:00:00,9188.36,9190.34,9176.88,9178.33
1769076000,2026-01-22 10:00:00,9178.26,9189.89,9172.2,9181.51
1769083200,2026-01-22 12:00:00,9181.69,9199.48,9179.37,9198.07
1769090400,2026-01-22 14:00:00,9198.08,9198.49,9181.91,9184.55
1769097600,2026-01-22 16:00:00,9184.49,9190.75,9175.61,9186.71
1769104800,2026-01-22 18:00:00,9186.8,9191.25,9164.49,9173.33
1769112000,2026-01-22 20:00:00,9173.26,9178.24,9162.96,9169.25
1769119200,2026-01-22 22:00:00,9169.06,9170.9,9149.05,9156.59
1769126400,2026-01-23 00:00:00,9156.63,9172.83,9151.63,9153.7
1769133600,2026-01-23 02:00:00,9153.78,9159.54,9137.68,9143.61
1769140800,2026-01-23 04:00:00,9143.62,9147.18,9126.96,9132.11
1769148000,2026-01-23 06:00:00,9132.03,9143.8,9121.47,9125.5
1769155200,2026-01-23 08:00:00,9125.5,9139.8,9118.1,9135.18
1769162400,2026-01-23 10:00:00,9135.34,9154.96,9133.59,9154.27
1769169600,2026-01-23 12:00:00,9154.08,9165.8,9149.05,9157.23
1769176800,2026-01-23 14:00:00,9157.44,9163.45,9149.51,9163.45
1769184000,2026-01-23 16:00:00,9163.57,9173.94,9157.45,9167.96
1769191200,2026-01-23 18:00:00,9168,9188.21,9159.78,9176.82
1769198400,2026-01-23 20:00:00,9176.86,9181.66,9163.11,9170.33
1769205600,2026-01-23 22:00:00,9170.25,9171.86,9153.4,9166.34
1769212800,2026-01-24 00:00:00,9166.34,9167.5,9150.22,9167.5
1769220000,2026-01-24 02:00:00,9167.57,9173.69,9147.1,9172.07
1769227200,2026-01-24 04:00:00,9172.09,9175.67,9158.71,9173.42
1769234400,2026-01-24 06:00:00,9173.39,9179.51,9157.25,9161.37
1769241600,2026-01-24 08:00:00,9161.29,9168.43,9153.01,9161.56
1769248800,2026-01-24 10:00:00,9161.5,9167.67,9150.9,9153.23
1769256000,2026-01-24 12:00:00,9153.21,9165.92,9147.29,9147.29
1769263200,2026-01-24 14:00:00,9147,9164.05,9142.29,9147.27
1769270400,2026-01-24 16:00:00,9146.84,9152.98,9121.66,9126.31
1769277600,2026-01-24 18:00:00,9125.97,9135.23,9111.97,9114.36
1769284800,2026-01-24 20:00:00,9114.06,9118.98,9094.28,9099.51
1769292000,2026-01-24 22:00:00,9099.36,9103.42,9090.26,9099.37
1769299200,2026-01-25 00:00:00,9099.08,9105.04,9091.85,9104.72
1769306400,2026-01-25 02:00:00,9104.74,9121.68,9096.21,9117.58
1769313600,2026-01-25 04:00:00,9117.65,9129.15,9111.19,9116.58
1769320800,2026-01-25 06:00:00,9116.41,9118.62,9099.32,9114.84
1769328000,2026-01-25 08:00:00,9114.79,9115.02,9095.47,9112.09
1769335200,2026-01-25 10:00:00,9111.79,9127.42,9111.79,9114.59
1769342400,2026-01-25 12:00:00,9114.5,9125.9,9107.3,9108.21
1769349600,2026-01-25 14:00:00,9108.16,9120.47,9087.16,9091.38
1769356800,2026-01-25 16:00:00,9091.48,9097.21,9070.98,9083.45
1769364000,2026-01-25 18:00:00,9083.47,9086.75,9068.9,9078.49
1769371200,2026-01-25 20:00:00,9078.66,9096.04,9076.75,9088.87
1769378400,2026-01-25 22:00:00,9088.83,9094.78,9067.77,9076.98
1769385600,2026-01-26 00:00:00,9077.32,9081.06,9055.26,9065.33
1769392800,2026-01-26 02:00:00,9065.41,9072.81,9060.81,9062.04
1769400000,2026-01-26 04:00:00,9062.12,9074.63,9058.92,9072.39
1769407200,2026-01-26 06:00:00,9072.35,9082.46,9065.67,9075.36
1769414400,2026-01-26 08:00:00,9075.67,9077.67,9065.17,9070.84
1769421600,2026-01-26 10:00:00,9070.69,9072.74,9041.43,9050.2
1769428800,2026-01-26 12:00:00,9049.99,9080.2,9048.01,9074.82
1769436000,2026-01-26 14:00:00,9074.85,9090.62,9064.66,9088.81
1769443200,2026-01-26 16:00:00,9088.87,9103.92,9082.73,9102.48
1769450400,2026-01-26 18:00:00,9102.81,9116.88,9101.04,9112.62
1769457600,2026-01-26 20:00:00,9112.82,9121.81,9099.57,9103.09
1769464800,2026-01-26 22:00:00,9103.28,9117.09,9102.81,9115.39
1769472000,2026-01-27 00:00:00,9115.69,9119.58,9098.09,9108.32
1769479200,2026-01-27 02:00:00,9108.34,9132.78,9103.23,9132.2
1769486400,2026-01-27 04:00:00,9132.26,9137,9114.12,9114.24
1769493600,2026-01-27 06:00:00,9114.27,9129.96,9110.5,9122.86
1769500800,2026-01-27 08:00:00,9122.83,9128.07,9104.43,9107.25
1769508000,2026-01-27 10:00:00,9107.41,9114.24,9097.03,9108.92
1769515200,2026-01-27 12:00:00,9108.98,9116.26,9097.71,9106.96
1769522400,2026-01-27 14:00:00,9106.86,9123.47,9099.32,9116.83
1769529600,2026-01-27 16:00:00,9116.85,9120.4,9089.12,9095.24
1769536800,2026-01-27 18:00:00,9095.21,9108.76,9086.21,9094.58
1769544000,2026-01-27 20:00:00,9094.45,9120.74,9089.13,9119.59
1769551200,2026-01-27 22:00:00,9119.66,9120.37,9106.52,9108.51
1769558400,2026-01-28 00:00:00,9108.46,9117.07,9102.96,9114.14
1769565600,2026-01-28 02:00:00,9114.35,9146.55,9106.64,9144.48
1769572800,2026-01-28 04:00:00,9144.77,9153.8,9139.28,9153.08
1769580000,2026-01-28 06:00:00,9153.26,9155.03,9124.02,9142.9
1769587200,2026-01-28 08:00:00,9142.84,9163.11,9133.42,9161.14
1769594400,2026-01-28 10:00:00,9160.8,9163.79,9149.41,9162.89
1769601600,2026-01-28 12:00:00,9162.98,9170.14,9157.19,9160.45
1769608800,2026-01-28 14:00:00,9160.48,9166.94,9130.56,9166.94
1769616000,2026-01-28 16:00:00,9167,9167.42,9150.76,9152.71
1769623200,2026-01-28 18:00:00,9152.59,9160.98,9139.38,9143.23
1769630400,2026-01-28 20:00:00,9143.41,9152.04,9131.7,9144.78
1769637600,2026-01-28 22:00:00,9144.93,9151.89,9133,9149.75
1769644800,2026-01-29 00:00:00,9149.84,9150.24,9109.14,9113.15
1769652000,2026-01-29 02:00:00,9113.12,9131.4,9111.13,9125.96
1769659200,2026-01-29 04:00:00,9126.04,9131.01,9100,9105.22
1769666400,2026-01-29 06:00:00,9104.96,9118.89,9097.87,9098.6
1769673600,2026-01-29 08:00:00,9098.5,9100.96,9087.5,9090.33
1769680800,2026-01-29 10:00:00,9090.29,9098.88,9070.75,9075.56
1769688000,2026-01-29 12:00:00,9075.74,9090.12,9071.63,9076.61
1769695200,2026-01-29 14:00:00,9076.64,9083.26,9067.86,9077.86
1769702400,2026-01-29 16:00:00,9077.68,9089.98,9071.58,9073.75
1769709600,2026-01-29 18:00:00,9073.71,9078.07,9061.66,9069.07
1769716800,2026-01-29 20:00:00,9069.16,9078.2,9060.85,9076.68
1769724000,2026-01-29 22:00:00,9076.67,9087.11,9074.68,9083.79
1769731200,2026-01-30 00:00:00,9083.56,9103.48,9082.07,9095.9
1769738400,2026-01-30 02:00:00,9095.91,9100.92,9083.4,9094.5
1769745600,2026-01-30 04:00:00,9094.5,9106.94,9088.62,9096.72
1769752800,2026-01-30 06:00:00,9097.08,9106.62,9082.86,9104.12
1769760000,2026-01-30 08:00:00,9104.33,9117.83,9093.05,9115.91
1769767200,2026-01-30 10:00:00,9115.88,9125.45,9101.03,9105.64
1769774400,2026-01-30 12:00:00,9105.9,9116.7,9076.3,9080.35
1769781600,2026-01-30 14:00:00,9080.56,9099.05,9079.01,9094.88
1769788800,2026-01-30 16:00:00,9094.87,9101.58,9081.87,9084.53
1769796000,2026-01-30 18:00:00,9084.66,9090.34,9069.99,9073.46
1769803200,2026-01-30 20:00:00,9073.41,9076.63,9054.8,9058.94
1769810400,2026-01-30 22:00:00,9058.96,9091.9,9054.5,9087.47
1769817600,2026-01-31 00:00:00,9087.68,9109.43,9086.34,9102.63
1769824800,2026-01-31 02:00:00,9102.55,9107.75,9090.57,9095.06
1769832000,2026-01-31 04:00:00,9095,9114.33,9093.95,9096.99
1769839200,2026-01-31 06:00:00,9097.08,9111.49,9095.62,9106.04
1769846400,2026-01-31 08:00:00,9106.45,9119.25,9099.78,9112.95
1769853600,2026-01-31 10:00:00,9113.08,9115.95,9090.3,9095.43
1769860800,2026-01-31 12:00:00,9095.49,9097.58,9070.6,9074.71
1769868000,2026-01-31 14:00:00,9074.69,9100.95,9074.13,9097.91
1769875200,2026-01-31 16:00:00,9097.55,9102.88,9081.05,9090.82
1769882400,2026-01-31 18:00:00,9090.82,9099.73,9077.2,9093.36
1769889600,2026-01-31 20:00:00,9093.14,9125.77,9084.17,9121.92
1769896800,2026-01-31 22:00:00,9121.9,9129.78,9095.48,9099.5
1769904000,2026-02-01 00:00:00,9099.66,9111.34,9087.95,9099.1
1769911200,2026-02-01 02:00:00,9099,9119.02,9095.35,9105.39
1769918400,2026-02-01 04:00:00,9105.27,9105.41,9081.95,9091.47
1769925600,2026-02-01 06:00:00,9091.33,9095.21,9080.51,9088.49
1769932800,2026-02-01 08:00:00,9088.46,9092.42,9062.74,9073.19
1769940000,2026-02-01 10:00:00,9072.99,9081.81,9068.75,9075.87
1769947200,2026-02-01 12:00:00,9075.7,9078.5,9066.56,9067.22
1769954400,2026-02-01 14:00:00,9067.27,9077.88,9058.29,9075.51
1769961600,2026-02-01 16:00:00,9075.51,9103.38,9075.09,9099.16
1769968800,2026-02-01 18:00:00,9099.28,9108.2,9095.29,9103.32
1769976000,2026-02-01 20:00:00,9103.18,9127.67,9102.68,9126.14
1769983200,2026-02-01 22:00:00,9126.14,9134.53,9115.81,9126.86
1769990400,2026-02-02 00:00:00,9126.78,9147.19,9115.45,9145.87
1769997600,2026-02-02 02:00:00,9146.06,9147.28,9120.3,9125.57
1770004800,2026-02-02 04:00:00,9125.57,9132.42,9117.75,9122.39
1770012000,2026-02-02 06:00:00,9122.18,9125.14,9095.25,9104.76
1770019200,2026-02-02 08:00:00,9104.8,9106.65,9080.05,9086
1770026400,2026-02-02 10:00:00,9086.33,9097.94,9084.91,9086.23
1770033600,2026-02-02 12:00:00,9086.24,9104.97,9065.03,9076.21
1770040800,2026-02-02 14:00:00,9076.39,9097.5,9074.37,9092.83
1770048000,2026-02-02 16:00:00,9092.86,9097.97,9071.95,9090.61
1770055200,2026-02-02 18:00:00,9090.52,9093.27,9071.74,9074.67
1770062400,2026-02-02 20:00:00,9074.7,9082.58,9068.27,9072.24
1770069600,2026-02-02 22:00:00,9072.6,9098.53,9071.64,9094.5
1770076800,2026-02-03 00:00:00,9094.61,9101.83,9084.38,9100.82
1770084000,2026-02-03 02:00:00,9101.19,9104.64,9087.73,9101.71
1770091200,2026-02-03 04:00:00,9101.72,9125.76,9100.56,9118.23
1770098400,2026-02-03 06:00:00,9118.39,9131.48,9108.26,9114.22
1770105600,2026-02-03 08:00:00,9114.2,9138.15,9112.16,9137.45
1770112800,2026-02-03 10:00:00,9137.54,9174.41,9136.64,9169.91
1770120000,2026-02-03 12:00:00,9170.22,9177.59,9159.02,9167.62
1770127200,2026-02-03 14:00:00,9167.85,9180.57,9160.33,9177.12
1770134400,2026-02-03 16:00:00,9177.15,9200.03,9176.11,9189.16
1770141600,2026-02-03 18:00:00,9189.07,9205.69,9183.02,9184.03
1770148800,2026-02-03 20:00:00,9183.83,9188.87,9171.1,9171.12
1770156000,2026-02-03 22:00:00,9171.26,9171.72,9158.97,9160.06
1770163200,2026-02-04 00:00:00,9159.97,9188.59,9154.66,9186.04
1770170400,2026-02-04 02:00:00,9186.05,9188.94,9169.07,9171.58
1770177600,2026-02-04 04:00:00,9171.39,9174.63,9147.4,9148.41
1770184800,2026-02-04 06:00:00,9148.41,9168.88,9145.27,9162.31
1770192000,2026-02-04 08:00:00,9162.52,9164.96,9145.7,9147.62
1770199200,2026-02-04 10:00:00,9147.75,9151.78,9137.58,9145.89
1770206400,2026-02-04 12:00:00,9145.79,9156.23,9140.03,9141.13
1770213600,2026-02-04 14:00:00,9141.19,9149.86,9125.39,9141.06
1770220800,2026-02-04 16:00:00,9141.29,9148.44,9124.28,9125.19
1770228000,2026-02-04 18:00:00,9124.94,9131.03,9118.78,9123.67
1770235200,2026-02-04 20:00:00,9123.61,9123.78,9106.09,9113.34
1770242400,2026-02-04 22:00:00,9113.43,9122.06,9107.5,9121.18
1770249600,2026-02-05 00:00:00,9121.27,9123.25,9096.34,9104.74
1770256800,2026-02-05 02:00:00,9104.61,9104.61,9070.25,9071.13
1770264000,2026-02-05 04:00:00,9071.1,9083.35,9068.86,9082.27
1770271200,2026-02-05 06:00:00,9082.42,9093.42,9071,9088.16
1770278400,2026-02-05 08:00:00,9088.44,9101.27,9077.12,9098.41
1770285600,2026-02-05 10:00:00,9098.52,9110.45,9091.76,9098.43
1770292800,2026-02-05 12:00:00,9098.24,9101.19,9082.68,9098.84
1770300000,2026-02-05 14:00:00,9098.76,9101.94,9080.01,9084.9
1770307200,2026-02-05 16:00:00,9084.79,9087.84,9063.13,9086.73
1770314400,2026-02-05 18:00:00,9086.66,9096.51,9078.07,9086.17
1770321600,2026-02-05 20:00:00,9086.07,9116.76,9085.39,9116.76
1770328800,2026-02-05 22:00:00,9116.49,9144.59,9107.78,9138.24
1770336000,2026-02-06 00:00:00,9138.3,9152.22,9132.99,9152.2
1770343200,2026-02-06 02:00:00,9152.03,9160.93,9148.81,9150.9
1770350400,2026-02-06 04:00:00,9151.03,9170.48,9145.76,9169.1
1770357600,2026-02-06 06:00:00,9169.22,9169.65,9146.03,9153.21
1770364800,2026-02-06 08:00:00,9153.32,9159.06,9132.87,9133.75
1770372000,2026-02-06 10:00:00,9133.4,9163.3,9132.31,9157.71
1770379200,2026-02-06 12:00:00,9157.59,9172.57,9154.34,9159.5
1770386400,2026-02-06 14:00:00,9159.49,9165.34,9146.4,9150.53
1770393600,2026-02-06 16:00:00,9150.56,9165.46,9149.71,9161.1
1770400800,2026-02-06 18:00:00,9161.06,9166.54,9152.04,9155.76
1770408000,2026-02-06 20:00:00,9155.63,9158.7,9134.69,9153.97
1770415200,2026-02-06 22:00:00,9153.82,9159.64,9144.29,9144.29
1770422400,2026-02-07 00:00:00,9144.3,9145.01,9120.13,9123.36
1770429600,2026-02-07 02:00:00,9123.4,9131.99,9118.94,9124.55
1770436800,2026-02-07 04:00:00,9124.6,9133,9106.07,9108.51
1770444000,2026-02-07 06:00:00,9108.4,9118.26,9084.93,9088.16
1770451200,2026-02-07 08:00:00,9088.02,9098.95,9083.04,9089.51
1770458400,2026-02-07 10:00:00,9089.51,9095.55,9072.15,9072.33
1770465600,2026-02-07 12:00:00,9072.37,9079.62,9068.67,9075.25
1770472800,2026-02-07 14:00:00,9075.23,9095.22,9073.51,9087.11
1770480000,2026-02-07 16:00:00,9087.01,9094.52,9075.06,9084.31
1770487200,2026-02-07 18:00:00,9084.21,9098.9,9064.75,9065.36
1770494400,2026-02-07 20:00:00,9065.09,9074.79,9056.87,9071.63
1770501600,2026-02-07 22:00:00,9071.49,9082.44,9064.33,9068.58
1770508800,2026-02-08 00:00:00,9068.47,9070.19,9046.01,9052.4
1770516000,2026-02-08 02:00:00,9052.42,9062.03,9030.13,9034.15
1770523200,2026-02-08 04:00:00,9033.99,9059.71,9032.27,9055.81
1770530400,2026-02-08 06:00:00,9056.02,9063.06,9047.14,9051.63
1770537600,2026-02-08 08:00:00,9051.7,9066.58,9046.35,9066.12
1770544800,2026-02-08 10:00:00,9066.23,9072.4,9059.07,9059.94
1770552000,2026-02-08 12:00:00,9060,9070.36,9056.23,9062.07
1770559200,2026-02-08 14:00:00,9062.42,9066.63,9046.86,9066.12
1770566400,2026-02-08 16:00:00,9066.05,9072.45,9050.79,9056.78
1770573600,2026-02-08 18:00:00,9056.42,9092.32,9054.4,9074.59
1770580800,2026-02-08 20:00:00,9074.53,9091.73,9074.53,9087.6
1770588000,2026-02-08 22:00:00,9087.66,9102.67,9078.02,9079.01
1770595200,2026-02-09 00:00:00,9078.93,9098.85,9075.07,9097.13
1770602400,2026-02-09 02:00:00,9097.14,9108.22,9089.02,9107.7
1770609600,2026-02-09 04:00:00,9107.68,9129.75,9107.12,9122.49
1770616800,2026-02-09 06:00:00,9122.46,9147.34,9119.43,9145.88
1770624000,2026-02-09 08:00:00,9146.02,9147.22,9132.57,9145.44
1770631200,2026-02-09 10:00:00,9145.5,9154.12,9136.32,9141.96
1770638400,2026-02-09 12:00:00,9141.94,9152.82,9135.97,9146.31
1770645600,2026-02-09 14:00:00,9146.03,9156.26,9139.63,9152.36
1770652800,2026-02-09 16:00:00,9152.34,9171.21,9150.62,9169.6
1770660000,2026-02-09 18:00:00,9169.55,9172.47,9151.73,9154.72
1770667200,2026-02-09 20:00:00,9154.66,9165.67,9148.62,9164.75
1770674400,2026-02-09 22:00:00,9164.58,9167.29,9142.22,9146.17
1770681600,2026-02-10 00:00:00,9146.19,9156.8,9137.23,9153.49
1770688800,2026-02-10 02:00:00,9153.49,9154.52,9114.6,9120.57
1770696000,2026-02-10 04:00:00,9120.19,9130.18,9115.11,9122.15
1770703200,2026-02-10 06:00:00,9122.04,9159.21,9120.78,9143.76
1770710400,2026-02-10 08:00:00,9143.82,9161.49,9142.31,9151.37
1770717600,2026-02-10 10:00:00,9151.35,9168.55,9151.11,9157.06
1770724800,2026-02-10 12:00:00,9157.06,9170.95,9151.71,9164.98
1770732000,2026-02-10 14:00:00,9164.95,9174.14,9159.35,9169.41
1770739200,2026-02-10 16:00:00,9169.31,9173.96,9148.17,9160.86
1770746400,2026-02-10 18:00:00,9160.72,9160.77,9143.68,9145.07
1770753600,2026-02-10 20:00:00,9145.08,9155.26,9136.2,9150.03
1770760800,2026-02-10 22:00:00,9150.15,9151.03,9134.13,9136.79
1770768000,2026-02-11 00:00:00,9136.93,9146.11,9128.91,9144.82
1770775200,2026-02-11 02:00:00,9144.69,9160.69,9139,9155.04
1770782400,2026-02-11 04:00:00,9155.03,9164.23,9153.17,9159.04
1770789600,2026-02-11 06:00:00,9159.03,9192.76,9150.15,9191.65
1770796800,2026-02-11 08:00:00,9191.71,9199.77,9175.4,9178.86
1770804000,2026-02-11 10:00:00,9178.58,9189.35,9172.36,9176.41
1770811200,2026-02-11 12:00:00,9176.22,9190.35,9169.39,9183.05
1770818400,2026-02-11 14:00:00,9182.98,9185.21,9146.99,9150.71
1770825600,2026-02-11 16:00:00,9150.52,9172.95,9149.29,9164.03
1770832800,2026-02-11 18:00:00,9164.19,9180.82,9163.86,9170.56
1770840000,2026-02-11 20:00:00,9170.76,9193.06,9169.99,9191.5
1770847200,2026-02-11 22:00:00,9191.4,9196.37,9169.51,9171.25
1770854400,2026-02-12 00:00:00,9171.19,9178.56,9166.29,9169.38
1770861600,2026-02-12 02:00:00,9169.18,9179.83,9164.98,9166.44
1770868800,2026-02-12 04:00:00,9166.56,9175.31,9159.64,9170.46
1770876000,2026-02-12 06:00:00,9170.55,9182.76,9165.46,9171.89
1770883200,2026-02-12 08:00:00,9172.07,9193.61,9168.86,9187.42
1770890400,2026-02-12 10:00:00,9187.21,9192.33,9173.55,9187.29
1770897600,2026-02-12 12:00:00,9187.33,9225.13,9187.23,9209.55
1770904800,2026-02-12 14:00:00,9209.59,9212.77,9196.69,9198.73
1770912000,2026-02-12 16:00:00,9198.99,9199.81,9178.88,9191.59
1770919200,2026-02-12 18:00:00,9191.82,9214.5,9182.04,9207.72
1770926400,2026-02-12 20:00:00,9207.91,9223.47,9205.74,9211
1770933600,2026-02-12 22:00:00,9210.75,9215.14,9195.48,9196.63
1770940800,2026-02-13 00:00:00,9196.46,9210.47,9185.32,9203.7
1770948000,2026-02-13 02:00:00,9203.43,9217.91,9199.07,9210.28
1770955200,2026-02-13 04:00:00,9210.34,9232.34,9208.16,9228.22
1770962400,2026-02-13 06:00:00,9228.22,9236.97,9219.88,9228.43
1770969600,2026-02-13 08:00:00,9228.69,9245.01,9224.45,9244.57
1770976800,2026-02-13 10:00:00,9244.51,9258.97,9243.76,9258.36
1770984000,2026-02-13 12:00:00,9258.45,9278.89,9257.77,9277.42
1770991200,2026-02-13 14:00:00,9277.41,9308.54,9276.41,9308.49
1770998400,2026-02-13 16:00:00,9308.57,9316.66,9299.49,9308.54
1771005600,2026-02-13 18:00:00,9308.61,9315.45,9287.95,9300.68
1771012800,2026-02-13 20:00:00,9300.81,9305.97,9288.66,9289.72
1771020000,2026-02-13 22:00:00,9290.01,9309.35,9287.53,9300.86
1771027200,2026-02-14 00:00:00,9300.93,9304.74,9283.2,9289.2
1771034400,2026-02-14 02:00:00,9289.32,9300.2,9278.15,9285.06
1771041600,2026-02-14 04:00:00,9285.44,9303.07,9279.27,9296.22
1771048800,2026-02-14 06:00:00,9296.24,9297.66,9261.52,9262.58
1771056000,2026-02-14 08:00:00,9262.46,9262.74,9202.72,9202.72
1771063200,2026-02-14 10:00:00,9202.5,9212.13,9191.98,9208.18
1771070400,2026-02-14 12:00:00,9208.27,9233.6,9208.08,9233.26
1771077600,2026-02-14 14:00:00,9233.57,9251.19,9231.66,9239.9
1771084800,2026-02-14 16:00:00,9239.99,9264.16,9237.1,9252.25
1771092000,2026-02-14 18:00:00,9252.31,9268.7,9248.7,9258.13
1771099200,2026-02-14 20:00:00,9258.15,9264.55,9236.35,9240.48
1771106400,2026-02-14 22:00:00,9240.32,9245.28,9230.42,9238.99
1771113600,2026-02-15 00:00:00,9239.28,9245.17,9222.53,9241.93
1771120800,2026-02-15 02:00:00,9242.01,9259.92,9237.04,9257.87
1771128000,2026-02-15 04:00:00,9258.09,9278.08,9251.6,9277.28
1771135200,2026-02-15 06:00:00,9277.27,9286.31,9269.01,9273.23
1771142400,2026-02-15 08:00:00,9273.1,9273.95,9251.53,9265.31
1771149600,2026-02-15 10:00:00,9265.49,9277.57,9253.39,9277.35
1771156800,2026-02-15 12:00:00,9277.36,9281.03,9244.85,9247.63
1771164000,2026-02-15 14:00:00,9247.69,9261.83,9247.69,9251.98
1771171200,2026-02-15 16:00:00,9252.09,9272.65,9248.67,9251.89
1771178400,2026-02-15 18:00:00,9251.76,9259.07,9227.83,9232.37
1771185600,2026-02-15 20:00:00,9232.33,9233.98,9215.95,9233.19
1771192800,2026-02-15 22:00:00,9233,9243.79,9216.45,9217.82
1771200000,2026-02-16 00:00:00,9217.95,9217.95,9194.35,9216.75
1771207200,2026-02-16 02:00:00,9216.64,9226.87,9208.02,9215.92
1771214400,2026-02-16 04:00:00,9215.84,9224.1,9208.55,9212.23
1771221600,2026-02-16 06:00:00,9211.87,9225.77,9209.6,9215.72
1771228800,2026-02-16 08:00:00,9215.91,9234.18,9215.46,9220.54
1771236000,2026-02-16 10:00:00,9220.57,9234.66,9218.3,9232.96
1771243200,2026-02-16 12:00:00,9233.07,9271.22,9232.01,9269.82
1771250400,2026-02-16 14:00:00,9269.86,9276.38,9255.78,9255.78
1771257600,2026-02-16 16:00:00,9255.72,9264.79,9249.57,9254.21
1771264800,2026-02-16 18:00:00,9254.07,9261.31,9245.95,9250.14
1771272000,2026-02-16 20:00:00,9250.3,9253.18,9235.34,9240.3
1771279200,2026-02-16 22:00:00,9240.25,9250.11,9233.5,9247.59
1771286400,2026-02-17 00:00:00,9247.62,9252.29,9238.11,9239.57
1771293600,2026-02-17 02:00:00,9239.47,9256.21,9232.25,9250.91
1771300800,2026-02-17 04:00:00,9251.09,9264.13,9248.25,9248.69
1771308000,2026-02-17 06:00:00,9248.69,9253.31,9237.42,9242.52
1771315200,2026-02-17 08:00:00,9242.79,9250.29,9228.67,9238.98
1771322400,2026-02-17 10:00:00,9239.16,9240.99,9222.31,9223.4
1771329600,2026-02-17 12:00:00,9223.68,9230.88,9216.42,9224.27
1771336800,2026-02-17 14:00:00,9224.22,9234.34,9212.35,9214.72
1771344000,2026-02-17 16:00:00,9215.1,9222.55,9207.78,9216.31
1771351200,2026-02-17 18:00:00,9216.4,9220.73,9199.92,9201.31
1771358400,2026-02-17 20:00:00,9201.61,9202.91,9188.17,9198.28
1771365600,2026-02-17 22:00:00,9198.55,9207.36,9178.6,9184.62
1771372800,2026-02-18 00:00:00,9184.76,9214.12,9182.56,9202.18
1771380000,2026-02-18 02:00:00,9202,9207.04,9190,9191.26
1771387200,2026-02-18 04:00:00,9191.02,9210.68,9190.28,9204.24
1771394400,2026-02-18 06:00:00,9204.11,9204.31,9185.55,9193.15
1771401600,2026-02-18 08:00:00,9193.29,9207.42,9184.65,9203.76
1771408800,2026-02-18 10:00:00,9203.86,9205.74,9182.55,9186.04
1771416000,2026-02-18 12:00:00,9186.11,9209.25,9185.95,9205.5
1771423200,2026-02-18 14:00:00,9205.59,9219.83,9200.12,9213.3
1771430400,2026-02-18 16:00:00,9213.36,9227.72,9199.62,9223.22
1771437600,2026-02-18 18:00:00,9223.36,9223.44,9186.64,9195.7
1771444800,2026-02-18 20:00:00,9195.88,9205.06,9190.25,9196.79
1771452000,2026-02-18 22:00:00,9196.78,9197.97,9184.2,9189.11
1771459200,2026-02-19 00:00:00,9188.98,9205.12,9183.74,9189.88
1771466400,2026-02-19 02:00:00,9189.69,9199,9178.58,9192.14
1771473600,2026-02-19 04:00:00,9192.18,9198.36,9175.58,9188.5
1771480800,2026-02-19 06:00:00,9188.39,9190.13,9173.72,9187.32
1771488000,2026-02-19 08:00:00,9187.26,9191.37,9158.23,9161.66
1771495200,2026-02-19 10:00:00,9161.8,9180.54,9156.08,9169.26
1771502400,2026-02-19 12:00:00,9169,9186.3,9165.28,9165.89
1771509600,2026-02-19 14:00:00,9165.86,9178.75,9154.72,9176.54
1771516800,2026-02-19 16:00:00,9176.46,9197.43,9175.29,9196.71
1771524000,2026-02-19 18:00:00,9196.87,9208.28,9190.9,9195.04
1771531200,2026-02-19 20:00:00,9195.22,9197.89,9179.37,9194.97
1771538400,2026-02-19 22:00:00,9195.1,9201.95,9188.45,9192.28
1771545600,2026-02-20 00:00:00,9192.42,9199.55,9169.16,9170.8
1771552800,2026-02-20 02:00:00,9170.63,9182.22,9164.22,9169.34
1771560000,2026-02-20 04:00:00,9169.2,9177.64,9160.49,9164.64
1771567200,2026-02-20 06:00:00,9164.81,9189.84,9163.04,9189.32
1771574400,2026-02-20 08:00:00,9189.3,9195.64,9159.43,9160.42
1771581600,2026-02-20 10:00:00,9160.12,9181.37,9159.68,9174.13
1771588800,2026-02-20 12:00:00,9174.09,9176.72,9153.47,9157.71
1771596000,2026-02-20 14:00:00,9157.82,9170.33,9155.69,9169.28
1771603200,2026-02-20 16:00:00,9169.4,9182.68,9164.95,9171.65
1771610400,2026-02-20 18:00:00,9171.85,9188.04,9169.97,9185.86
1771617600,2026-02-20 20:00:00,9185.9,9203.52,9183.81,9197.78
1771624800,2026-02-20 22:00:00,9197.95,9210.11,9191.31,9210.11
1771632000,2026-02-21 00:00:00,9209.71,9231.53,9208.23,9225.62
1771639200,2026-02-21 02:00:00,9225.88,9249.32,9217.66,9238.21
1771646400,2026-02-21 04:00:00,9238.21,9243.87,9225.81,9236.97
1771653600,2026-02-21 06:00:00,9236.76,9261.09,9236.34,9260.86
1771660800,2026-02-21 08:00:00,9260.94,9261.28,9243.63,9251.32
1771668000,2026-02-21 10:00:00,9251.63,9257.26,9236.1,9252.48
1771675200,2026-02-21 12:00:00,9252.35,9261.81,9243.15,9254.28
1771682400,2026-02-21 14:00:00,9254.4,9274.16,9253.04,9272.51
1771689600,2026-02-21 16:00:00,9272.52,9284.79,9266.25,9269.96
1771696800,2026-02-21 18:00:00,9269.98,9285.7,9268.16,9282.55
1771704000,2026-02-21 20:00:00,9282.62,9282.71,9267.13,9277.64
1771711200,2026-02-21 22:00:00,9277.56,9288.59,9269.92,9281.25
1771718400,2026-02-22 00:00:00,9281.37,9291.77,9273.05,9290.8
1771725600,2026-02-22 02:00:00,9290.64,9293.22,9278.27,9287.77
1771732800,2026-02-22 04:00:00,9287.73,9315.96,9287.73,9310.85
1771740000,2026-02-22 06:00:00,9310.96,9318.78,9302.95,9312.68
1771747200,2026-02-22 08:00:00,9312.67,9324.62,9306.68,9321.96
1771754400,2026-02-22 10:00:00,9322.03,9355.25,9321.62,9346.4
1771761600,2026-02-22 12:00:00,9346.44,9358.04,9342.32,9349.78
1771768800,2026-02-22 14:00:00,9349.81,9364.8,9339.87,9343
1771776000,2026-02-22 16:00:00,9343.14,9353.87,9330.44,9342.62
1771783200,2026-02-22 18:00:00,9342.79,9361.22,9342.79,9357.14
1771790400,2026-02-22 20:00:00,9357.12,9364.81,9349.56,9354.42
1771797600,2026-02-22 22:00:00,9354.46,9379.09,9351.42,9376.81
1771804800,2026-02-23 00:00:00,9376.53,9377.44,9363.2,9373.55
1771812000,2026-02-23 02:00:00,9373.49,9398.63,9371.85,9394.28
1771819200,2026-02-23 04:00:00,9394.7,9416.02,9393.72,9402.79
1771826400,2026-02-23 06:00:00,9402.78,9447.66,9401.79,9444.6
1771833600,2026-02-23 08:00:00,9444.51,9456.27,9440.33,9443.43
1771840800,2026-02-23 10:00:00,9443.16,9457.06,9442.9,9447.81
1771848000,2026-02-23 12:00:00,9447.55,9448.38,9426.26,9440.88
1771855200,2026-02-23 14:00:00,9440.89,9457.58,9437.01,9449.65
1771862400,2026-02-23 16:00:00,9449.46,9457.29,9437.32,9442.15
1771869600,2026-02-23 18:00:00,9442.08,9460.94,9441.22,9453.07
1771876800,2026-02-23 20:00:00,9452.89,9463.68,9439.29,9451.67
1771884000,2026-02-23 22:00:00,9451.81,9455.39,9428.92,9430.01
1771891200,2026-02-24 00:00:00,9429.73,9453.48,9423.99,9442.89
1771898400,2026-02-24 02:00:00,9442.99,9447.66,9425.36,9441.5
1771905600,2026-02-24 04:00:00,9441.57,9448.05,9433.72,9442.81
1771912800,2026-02-24 06:00:00,9442.83,9446.55,9418.46,9430.91
1771920000,2026-02-24 08:00:00,9431.11,9443.78,9428,9434.45
1771927200,2026-02-24 10:00:00,9434.23,9443.87,9420.07,9437.18
1771934400,2026-02-24 12:00:00,9437.05,9445.76,9422.45,9443.22
1771941600,2026-02-24 14:00:00,9443.59,9450.33,9425.02,9429.27
1771948800,2026-02-24 16:00:00,9429.37,9435.06,9410.88,9414.48
1771956000,2026-02-24 18:00:00,9414.5,9418.7,9394.15,9406.4
1771963200,2026-02-24 20:00:00,9406.35,9416.84,9389.83,9396.28
1771970400,2026-02-24 22:00:00,9396.26,9402.15,9370.46,9370.87
1771977600,2026-02-25 00:00:00,9370.69,9397.93,9370.47,9390.84
1771984800,2026-02-25 02:00:00,9390.72,9411.23,9389.74,9407.69
1771992000,2026-02-25 04:00:00,9407.76,9414.95,9399.86,9400.43
1771999200,2026-02-25 06:00:00,9400.27,9411.18,9388.52,9406.9
1772006400,2026-02-25 08:00:00,9407.08,9415.88,9404.35,9408.8
1772013600,2026-02-25 10:00:00,9408.57,9437.49,9407.47,9429.74
1772020800,2026-02-25 12:00:00,9429.53,9438.61,9409.79,9410.16
1772028000,2026-02-25 14:00:00,9410.23,9414.93,9401.94,9406.84
1772035200,2026-02-25 16:00:00,9406.81,9418.84,9397.67,9415.96
1772042400,2026-02-25 18:00:00,9416.15,9430.31,9405.92,9420.42
1772049600,2026-02-25 20:00:00,9420.45,9441.99,9410.76,9438.86
1772056800,2026-02-25 22:00:00,9438.83,9449.37,9429.98,9432.11
1772064000,2026-02-26 00:00:00,9431.99,9434.24,9412.92,9420.82
1772071200,2026-02-26 02:00:00,9420.76,9429.97,9419.42,9427.89
1772078400,2026-02-26 04:00:00,9428.18,9439.53,9423.78,9437.89
1772085600,2026-02-26 06:00:00,9437.74,9441.96,9426.42,9435.15
1772092800,2026-02-26 08:00:00,9435.44,9436.93,9407.19,9412.67
1772100000,2026-02-26 10:00:00,9412.51,9432.81,9408.76,9410.65
1772107200,2026-02-26 12:00:00,9410.64,9412.13,9383,9391.93
1772114400,2026-02-26 14:00:00,9391.81,9393.67,9364.44,9369.95
1772121600,2026-02-26 16:00:00,9370.23,9382.43,9358.82,9361.31
1772128800,2026-02-26 18:00:00,9361.59,9378.14,9355.75,9374.16
1772136000,2026-02-26 20:00:00,9374.42,9375.03,9340.23,9341.78
1772143200,2026-02-26 22:00:00,9341.7,9343.52,9325.51,9340.92
1772150400,2026-02-27 00:00:00,9340.82,9361.92,9333.87,9357.19
1772157600,2026-02-27 02:00:00,9357.36,9360.26,9345.73,9350.73
1772164800,2026-02-27 04:00:00,9350.51,9373.58,9340.59,9372.16
1772172000,2026-02-27 06:00:00,9371.94,9382.93,9359.23,9363.63
1772179200,2026-02-27 08:00:00,9363.63,9364.94,9348.56,9356.68
1772186400,2026-02-27 10:00:00,9356.69,9367.03,9349.91,9364.86
1772193600,2026-02-27 12:00:00,9364.77,9378.5,9360.63,9367.42
1772200800,2026-02-27 14:00:00,9367.43,9369.34,9350.16,9352.33
1772208000,2026-02-27 16:00:00,9352.06,9362.43,9333.72,9359.26
1772215200,2026-02-27 18:00:00,9359.26,9375.78,9357.22,9372.52
1772222400,2026-02-27 20:00:00,9372.16,9379.35,9360.55,9371.27
1772229600,2026-02-27 22:00:00,9371.24,9380.19,9357.49,9380.06
1772236800,2026-02-28 00:00:00,9380.24,9380.8,9357.85,9359.83
1772244000,2026-02-28 02:00:00,9359.94,9371.92,9355.96,9364.02
1772251200,2026-02-28 04:00:00,9364.05,9375.07,9360.41,9369.41
1772258400,2026-02-28 06:00:00,9369.55,9378.62,9365.24,9371.51
1772265600,2026-02-28 08:00:00,9371.54,9380.3,9364.11,9379.16
1772272800,2026-02-28 10:00:00,9378.96,9407.62,9375.41,9404.5
1772280000,2026-02-28 12:00:00,9404.22,9421.9,9403.6,9420.5
1772287200,2026-02-28 14:00:00,9420.71,9446.21,9419.94,9439.02
1772294400,2026-02-28 16:00:00,9439.11,9474.19,9435.77,9473.8
1772301600,2026-02-28 18:00:00,9473.75,9482.57,9462.06,9462.73
1772308800,2026-02-28 20:00:00,9462.73,9496.07,9460.51,9491.27
1772316000,2026-02-28 22:00:00,9491.06,9495.16,9480.71,9492.97
1772323200,2026-03-01 00:00:00,9492.84,9498.64,9482.61,9489.51
1772330400,2026-03-01 02:00:00,9489.89,9499.77,9481.58,9491.86
1772337600,2026-03-01 04:00:00,9491.93,9500.44,9483.86,9491.74
1772344800,2026-03-01 06:00:00,9491.46,9509.09,9487.12,9499.42
1772352000,2026-03-01 08:00:00,9499.26,9533.21,9497.43,9533.21
1772359200,2026-03-01 10:00:00,9533.41,9555.56,9531.05,9554.72
1772366400,2026-03-01 12:00:00,9554.8,9579.87,9550.91,9578.19
1772373600,2026-03-01 14:00:00,9578.48,9583.25,9561.13,9564.18
1772380800,2026-03-01 16:00:00,9564.47,9569.52,9555.31,9560.05
1772388000,2026-03-01 18:00:00,9559.91,9562.03,9535.98,9543.8
1772395200,2026-03-01 20:00:00,9544.09,9545.71,9523.64,9529.71
1772402400,2026-03-01 22:00:00,9529.64,9563.55,9523.28,9559.49
1772409600,2026-03-02 00:00:00,9559.46,9582.56,9548.8,9580.76
1772416800,2026-03-02 02:00:00,9580.87,9600.78,9572.21,9598.86
1772424000,2026-03-02 04:00:00,9598.92,9603.08,9570.77,9571.48
1772431200,2026-03-02 06:00:00,9571.42,9581.67,9560.33,9581.55
1772438400,2026-03-02 08:00:00,9581.62,9600.46,9572.77,9573.78
1772445600,2026-03-02 10:00:00,9573.86,9591.93,9571.93,9581.9
1772452800,2026-03-02 12:00:00,9581.9,9586.23,9573.22,9580.85
1772460000,2026-03-02 14:00:00,9580.69,9589.45,9567.58,9588.67
1772467200,2026-03-02 16:00:00,9588.82,9590.41,9563.25,9577.1
1772474400,2026-03-02 18:00:00,9577.14,9581.96,9560.28,9561.48
1772481600,2026-03-02 20:00:00,9561.19,9571.34,9556.95,9569.01
1772488800,2026-03-02 22:00:00,9568.84,9593,9564.41,9592.9
1772496000,2026-03-03 00:00:00,9592.86,9611.04,9590.07,9599.96
1772503200,2026-03-03 02:00:00,9600.07,9605.46,9579.41,9597.33
1772510400,2026-03-03 04:00:00,9597.69,9607.69,9593.97,9595.83
1772517600,2026-03-03 06:00:00,9595.82,9606.07,9582.42,9584.13
1772524800,2026-03-03 08:00:00,9584.13,9589.43,9569.57,9571.28
1772532000,2026-03-03 10:00:00,9571.42,9581.77,9569.72,9572.36
1772539200,2026-03-03 12:00:00,9572.16,9589.81,9564.83,9579.47
1772546400,2026-03-03 14:00:00,9579.16,9590.51,9571.69,9589.3
1772553600,2026-03-03 16:00:00,9589.12,9601.87,9582.14,9596
1772560800,2026-03-03 18:00:00,9595.85,9597.42,9580.58,9584.39
1772568000,2026-03-03 20:00:00,9584.46,9602.05,9580.82,9583.01
1772575200,2026-03-03 22:00:00,9583.24,9605.22,9576.57,9600.34
1772582400,2026-03-04 00:00:00,9600.27,9613.28,9596.1,9596.56
1772589600,2026-03-04 02:00:00,9596.33,9607.74,9584.83,9584.83
1772596800,2026-03-04 04:00:00,9584.75,9587.29,9575.95,9580.13
1772604000,2026-03-04 06:00:00,9579.93,9583.75,9559.69,9564.63
1772611200,2026-03-04 08:00:00,9564.84,9595.72,9561.25,9581.29
1772618400,2026-03-04 10:00:00,9581.52,9582.2,9566.56,9575.64
1772625600,2026-03-04 12:00:00,9575.59,9592.66,9570.68,9591.22
1772632800,2026-03-04 14:00:00,9591.39,9603.35,9583.79,9598.26
1772640000,2026-03-04 16:00:00,9598.37,9608.32,9585.63,9591.31
1772647200,2026-03-04 18:00:00,9591.45,9595.71,9580.2,9583.13
1772654400,2026-03-04 20:00:00,9582.99,9589.19,9571.61,9588.91
1772661600,2026-03-04 22:00:00,9588.85,9593.69,9579.94,9587.58
1772668800,2026-03-05 00:00:00,9587.9,9593.67,9579.86,9584.32
1772676000,2026-03-05 02:00:00,9584.18,9599.11,9580.28,9590.59
1772683200,2026-03-05 04:00:00,9590.27,9595.95,9578.14,9583.87
1772690400,2026-03-05 06:00:00,9583.81,9585.17,9571.99,9572.53
1772697600,2026-03-05 08:00:00,9572.68,9573.27,9533.38,9536.82
1772704800,2026-03-05 10:00:00,9536.94,9553.21,9531.7,9542.26
1772712000,2026-03-05 12:00:00,9542.18,9547.81,9530.21,9534.1
1772719200,2026-03-05 14:00:00,9534.29,9534.81,9517.52,9526.23
1772726400,2026-03-05 16:00:00,9526.35,9558.78,9526.15,9547.32
1772733600,2026-03-05 18:00:00,9547.15,9556.69,9535.78,9556.69
1772740800,2026-03-05 20:00:00,9556.67,9565.51,9544.44,9563.33
1772748000,2026-03-05 22:00:00,9563.17,9570.62,9554.38,9557.05
1772755200,2026-03-06 00:00:00,9556.95,9573.91,9553.71,9567.92
1772762400,2026-03-06 02:00:00,9567.89,9579.87,9552.56,9558.14
1772769600,2026-03-06 04:00:00,9558.17,9587.02,9557.35,9580.58
1772776800,2026-03-06 06:00:00,9580.52,9596.48,9577.97,9586.98
1772784000,2026-03-06 08:00:00,9587.08,9589.01,9568.35,9583.76
1772791200,2026-03-06 10:00:00,9583.76,9606.73,9579.74,9594.37
1772798400,2026-03-06 12:00:00,9594.54,9617.9,9590.91,9611.99
1772805600,2026-03-06 14:00:00,9611.7,9618.24,9605.95,9617.12
1772812800,2026-03-06 16:00:00,9617.12,9629.44,9613.75,9628.34
1772820000,2026-03-06 18:00:00,9628.28,9636.91,9613.06,9621.68
1772827200,2026-03-06 20:00:00,9621.89,9645.24,9614.75,9631.41
1772834400,2026-03-06 22:00:00,9631.56,9655.83,9626.36,9637.96
1772841600,2026-03-07 00:00:00,9637.88,9639.24,9608.09,9618.98
1772848800,2026-03-07 02:00:00,9618.57,9626.73,9607.21,9615.4
1772856000,2026-03-07 04:00:00,9615.54,9615.68,9599.05,9604.26
1772863200,2026-03-07 06:00:00,9604.27,9621.53,9597.89,9598.74
1772870400,2026-03-07 08:00:00,9598.9,9611.4,9596.39,9609.68
1772877600,2026-03-07 10:00:00,9609.62,9617.92,9604.34,9616.03
1772884800,2026-03-07 12:00:00,9616.1,9617.94,9596.97,9597.17
1772892000,2026-03-07 14:00:00,9597.16,9607.99,9594.54,9601.25
1772899200,2026-03-07 16:00:00,9601.16,9602.14,9575.79,9575.93
1772906400,2026-03-07 18:00:00,9575.98,9579.84,9557.56,9564.98
1772913600,2026-03-07 20:00:00,9564.93,9569.34,9547.83,9554.12
1772920800,2026-03-07 22:00:00,9554.33,9563.86,9551.81,9553.63
1772928000,2026-03-08 00:00:00,9553.66,9557.65,9542.54,9549.79
1772935200,2026-03-08 02:00:00,9549.76,9550.14,9502.89,9514.97
1772942400,2026-03-08 04:00:00,9515.19,9540.2,9511.5,9525.88
1772949600,2026-03-08 06:00:00,9525.74,9557.22,9523.78,9550.12
1772956800,2026-03-08 08:00:00,9550.1,9572.85,9539.5,9569.68
1772964000,2026-03-08 10:00:00,9569.3,9585.14,9566.99,9578.94
1772971200,2026-03-08 12:00:00,9578.96,9596.09,9574.84,9588.84
1772978400,2026-03-08 14:00:00,9588.95,9589.58,9561.5,9562.37
1772985600,2026-03-08 16:00:00,9562.55,9572.01,9545.58,9550.04
1772992800,2026-03-08 18:00:00,9549.97,9550.54,9531.56,9548.89
1773000000,2026-03-08 20:00:00,9548.33,9549.32,9525.99,9525.99
1773007200,2026-03-08 22:00:00,9526.01,9554.84,9525.75,9551.21
1773014400,2026-03-09 00:00:00,9551.37,9556.15,9537.33,9539.6
1773021600,2026-03-09 02:00:00,9539.8,9556.06,9538.16,9545.83
1773028800,2026-03-09 04:00:00,9546.07,9549.01,9537.14,9543.07
1773036000,2026-03-09 06:00:00,9543.35,9546.82,9515.06,9515.1
1773043200,2026-03-09 08:00:00,9515.32,9519.1,9487.55,9514
1773050400,2026-03-09 10:00:00,9513.83,9520.37,9492.01,9493.83
1773057600,2026-03-09 12:00:00,9493.55,9505.87,9488.96,9499.04
1773064800,2026-03-09 14:00:00,9498.63,9527.18,9493.93,9523.72
1773072000,2026-03-09 16:00:00,9523.73,9551.9,9520.06,9547.53
1773079200,2026-03-09 18:00:00,9547.74,9548.55,9526.06,9527.27
1773086400,2026-03-09 20:00:00,9527.3,9533.6,9518.12,9527.43
1773093600,2026-03-09 22:00:00,9527.41,9550.87,9524.87,9545.01
1773100800,2026-03-10 00:00:00,9544.89,9552.38,9532.48,9538.18
1773108000,2026-03-10 02:00:00,9538.29,9550.77,9534.9,9546.02
1773115200,2026-03-10 04:00:00,9546.07,9553.51,9530.45,9539.45
1773122400,2026-03-10 06:00:00,9539.43,9562.7,9533.24,9551.06
1773129600,2026-03-10 08:00:00,9550.97,9569.27,9544.61,9563.77
1773136800,2026-03-10 10:00:00,9563.69,9572.27,9559.07,9566.32
1773144000,2026-03-10 12:00:00,9566.26,9569.52,9550.63,9553.68
1773151200,2026-03-10 14:00:00,9553.74,9554.78,9530.16,9530.31
1773158400,2026-03-10 16:00:00,9530.23,9550.63,9525.66,9533.29
1773165600,2026-03-10 18:00:00,9533.36,9535.8,9519.1,9525.88
1773172800,2026-03-10 20:00:00,9525.85,9539.05,9518.56,9528.13
1773180000,2026-03-10 22:00:00,9527.98,9531.9,9503.05,9510.42
1773187200,2026-03-11 00:00:00,9510.55,9534.68,9508.92,9532.94
1773194400,2026-03-11 02:00:00,9532.94,9557.25,9522.19,9550.96
1773201600,2026-03-11 04:00:00,9551.14,9552.06,9517.75,9525.38
1773208800,2026-03-11 06:00:00,9525.57,9525.61,9503.82,9505.67
1773216000,2026-03-11 08:00:00,9505.69,9520.22,9497.26,9510.51
1773223200,2026-03-11 10:00:00,9510.62,9529.67,9503.13,9513.81
1773230400,2026-03-11 12:00:00,9514.06,9538.52,9513.98,9535.03
1773237600,2026-03-11 14:00:00,9535,9545.49,9521.82,9521.82
1773244800,2026-03-11 16:00:00,9521.79,9547.07,9517.8,9541.82
1773252000,2026-03-11 18:00:00,9541.62,9552.93,9536.04,9544.46
1773259200,2026-03-11 20:00:00,9544.67,9545.82,9526.57,9529.95
1773266400,2026-03-11 22:00:00,9530.02,9535.97,9519.79,9521.14
1773273600,2026-03-12 00:00:00,9520.81,9524.06,9506.14,9509.07
1773280800,2026-03-12 02:00:00,9509.02,9513.29,9486.89,9487.09
1773288000,2026-03-12 04:00:00,9487.17,9508.41,9481.69,9507.38
1773295200,2026-03-12 06:00:00,9507.29,9508.9,9492.12,9492.82
1773302400,2026-03-12 08:00:00,9492.87,9526.96,9491.82,9526.96
1773309600,2026-03-12 10:00:00,9527.08,9531.01,9514.18,9530.23
1773316800,2026-03-12 12:00:00,9530.37,9539.26,9522.81,9535.35
1773324000,2026-03-12 14:00:00,9535.44,9541.97,9521.56,9541.97
1773331200,2026-03-12 16:00:00,9541.68,9582.32,9538.37,9580.86
1773338400,2026-03-12 18:00:00,9580.91,9628.08,9577.84,9624.72
1773345600,2026-03-12 20:00:00,9624.75,9644.74,9620.45,9640.92
1773352800,2026-03-12 22:00:00,9641.04,9650.93,9633.37,9636.04
1773360000,2026-03-13 00:00:00,9636.29,9640.2,9621.61,9634.85
1773367200,2026-03-13 02:00:00,9634.77,9641.23,9612.63,9619.74
1773374400,2026-03-13 04:00:00,9619.84,9634.09,9602.47,9633.95
1773381600,2026-03-13 06:00:00,9633.88,9643.14,9618.34,9619.16
1773388800,2026-03-13 08:00:00,9619.18,9629.46,9610.42,9612.1
1773396000,2026-03-13 10:00:00,9612.01,9614.26,9598.56,9600.59
1773403200,2026-03-13 12:00:00,9600.75,9618.97,9594.63,9618.2
1773410400,2026-03-13 14:00:00,9618.26,9625.08,9600.83,9601.84
1773417600,2026-03-13 16:00:00,9602,9615.9,9592.71,9609.38
1773424800,2026-03-13 18:00:00,9609.21,9638.36,9600.16,9638
1773432000,2026-03-13 20:00:00,9637.67,9650.24,9636.94,9643.42
1773439200,2026-03-13 22:00:00,9643.27,9651.8,9640.05,9650.1
1773446400,2026-03-14 00:00:00,9650.13,9650.37,9617,9629.09
1773453600,2026-03-14 02:00:00,9629.15,9641.34,9617.15,9619.31
1773460800,2026-03-14 04:00:00,9619.22,9626.39,9602.71,9616.51
1773468000,2026-03-14 06:00:00,9616.58,9628.08,9609.65,9612.79
1773475200,2026-03-14 08:00:00,9612.85,9618.24,9603.22,9613.32
1773482400,2026-03-14 10:00:00,9613.31,9620.89,9595.16,9608.08
1773489600,2026-03-14 12:00:00,9608.03,9625.42,9600.71,9625.31
1773496800,2026-03-14 14:00:00,9625.34,9647.89,9623.83,9644.61
1773504000,2026-03-14 16:00:00,9644.87,9648.25,9616.48,9616.66
1773511200,2026-03-14 18:00:00,9616.63,9650.88,9613.83,9639.99
1773518400,2026-03-14 20:00:00,9639.97,9641.89,9623.07,9626.13
1773525600,2026-03-14 22:00:00,9626.33,9632.76,9619.3,9625.21
1773532800,2026-03-15 00:00:00,9625.26,9634.57,9618.96,9632.43
1773540000,2026-03-15 02:00:00,9632.53,9642.4,9626.96,9633.52
1773547200,2026-03-15 04:00:00,9633.65,9654.41,9627.29,9648.06
1773554400,2026-03-15 06:00:00,9648.05,9683.52,9645.38,9679.37
1773561600,2026-03-15 08:00:00,9679.32,9680.26,9654.67,9658.61
1773568800,2026-03-15 10:00:00,9658.77,9660.96,9639.84,9643.76
1773576000,2026-03-15 12:00:00,9643.7,9654.81,9631.27,9650.72
1773583200,2026-03-15 14:00:00,9650.92,9655.02,9635.64,9641.12
1773590400,2026-03-15 16:00:00,9641.15,9659.42,9635.04,9657.68
1773597600,2026-03-15 18:00:00,9657.89,9660.72,9631.86,9634.33
1773604800,2026-03-15 20:00:00,9634.55,9641.7,9627.78,9640.67
1773612000,2026-03-15 22:00:00,9640.44,9646.11,9613.69,9616.56
1773619200,2026-03-16 00:00:00,9616.63,9646.27,9612.38,9623.97
1773626400,2026-03-16 02:00:00,9624.01,9627.98,9607.94,9613.27
1773633600,2026-03-16 04:00:00,9613.2,9622.43,9601.37,9614.9
1773640800,2026-03-16 06:00:00,9614.64,9644.22,9612.06,9632.89
1773648000,2026-03-16 08:00:00,9632.71,9671.38,9631.12,9663.93
1773655200,2026-03-16 10:00:00,9664.17,9678.89,9656.23,9664.12
1773662400,2026-03-16 12:00:00,9663.96,9678.73,9656.16,9677.61
1773669600,2026-03-16 14:00:00,9677.49,9690.43,9665.43,9685.37
1773676800,2026-03-16 16:00:00,9684.96,9718.06,9684.16,9717.86
1773684000,2026-03-16 18:00:00,9717.93,9731.15,9709.59,9730.67
1773691200,2026-03-16 20:00:00,9730.55,9732.51,9707.7,9714.34
1773698400,2026-03-16 22:00:00,9714.36,9738.42,9705.25,9729.94
1773705600,2026-03-17 00:00:00,9729.77,9738.85,9717.67,9721.11
1773712800,2026-03-17 02:00:00,9720.86,9734.3,9718.24,9729.6
1773720000,2026-03-17 04:00:00,9729.41,9736.48,9715.8,9719.36
1773727200,2026-03-17 06:00:00,9719.38,9719.9,9703.77,9712.24
1773734400,2026-03-17 08:00:00,9712.55,9737.7,9709.22,9730.67
1773741600,2026-03-17 10:00:00,9730.81,9749.63,9727.91,9749.49
1773748800,2026-03-17 12:00:00,9749.56,9770.1,9748.19,9753.36
1773756000,2026-03-17 14:00:00,9753.07,9769.88,9752.87,9767.2
1773763200,2026-03-17 16:00:00,9767.13,9771.37,9757.65,9765.23
1773770400,2026-03-17 18:00:00,9765.16,9774.39,9751.21,9767.11
1773777600,2026-03-17 20:00:00,9766.88,9776.24,9752.97,9753.26
1773784800,2026-03-17 22:00:00,9753.28,9767.28,9743.05,9762.85
1773792000,2026-03-18 00:00:00,9763.02,9794.49,9757.84,9793.81
1773799200,2026-03-18 02:00:00,9793.92,9802.73,9772.39,9775.38
1773806400,2026-03-18 04:00:00,9775.32,9776.18,9738.2,9749.59
1773813600,2026-03-18 06:00:00,9749.24,9749.83,9728.7,9730.75
1773820800,2026-03-18 08:00:00,9730.54,9738.42,9721.88,9734.22
1773828000,2026-03-18 10:00:00,9734.1,9759.68,9729.62,9753
1773835200,2026-03-18 12:00:00,9752.95,9755.85,9711.1,9714.86
1773842400,2026-03-18 14:00:00,9714.76,9716.33,9677.88,9679.24
1773849600,2026-03-18 16:00:00,9678.86,9681.4,9655.44,9680.19
1773856800,2026-03-18 18:00:00,9680.14,9693.15,9665.67,9676.33
1773864000,2026-03-18 20:00:00,9676.27,9715.06,9674.09,9711.91
1773871200,2026-03-18 22:00:00,9711.73,9727.9,9706.23,9710.9
1773878400,2026-03-19 00:00:00,9710.92,9720.33,9705.8,9711.92
1773885600,2026-03-19 02:00:00,9712,9741.21,9709.51,9735.76
1773892800,2026-03-19 04:00:00,9735.64,9752.72,9733.63,9746.31
1773900000,2026-03-19 06:00:00,9746.22,9757.8,9741.42,9751.25
1773907200,2026-03-19 08:00:00,9751.21,9752.05,9717.48,9719.56
1773914400,2026-03-19 10:00:00,9719.36,9747.39,9714.45,9747.2
1773921600,2026-03-19 12:00:00,9747.38,9755.92,9732.36,9732.78
1773928800,2026-03-19 14:00:00,9732.83,9754.2,9726.64,9748.3
1773936000,2026-03-19 16:00:00,9747.95,9748.39,9723.5,9724.01
1773943200,2026-03-19 18:00:00,9723.63,9740.32,9720.75,9738.14
1773950400,2026-03-19 20:00:00,9738.33,9742.67,9728.96,9735.32
1773957600,2026-03-19 22:00:00,9735.33,9738.53,9710.31,9712.18
1773964800,2026-03-20 00:00:00,9712.22,9716.39,9697.07,9700.35
1773972000,2026-03-20 02:00:00,9700.03,9713.12,9692.04,9700.36
1773979200,2026-03-20 04:00:00,9700.35,9721.97,9699.21,9719.07
1773986400,2026-03-20 06:00:00,9718.95,9721.86,9698.06,9717.47
1773993600,2026-03-20 08:00:00,9717.51,9719.93,9694.56,9703.58
1774000800,2026-03-20 10:00:00,9703.44,9719.49,9698.49,9715.74
1774008000,2026-03-20 12:00:00,9715.8,9725.21,9701.26,9703.68
1774015200,2026-03-20 14:00:00,9703.67,9723.6,9700.41,9716.91
1774022400,2026-03-20 16:00:00,9717.08,9723.83,9701.2,9710.85
1774029600,2026-03-20 18:00:00,9711.05,9727.81,9707.1,9721.58
1774036800,2026-03-20 20:00:00,9721.44,9748.99,9713.36,9737.42
1774044000,2026-03-20 22:00:00,9737.45,9740.68,9721,9723.49
1774051200,2026-03-21 00:00:00,9723.6,9747.22,9722.27,9746.93
1774058400,2026-03-21 02:00:00,9746.95,9756.78,9734.55,9751.36
1774065600,2026-03-21 04:00:00,9751.32,9771.27,9750.6,9769.16
1774072800,2026-03-21 06:00:00,9769.13,9779.6,9756.35,9777.48
1774080000,2026-03-21 08:00:00,9777.78,9794.49,9772.87,9792.31
1774087200,2026-03-21 10:00:00,9792.51,9796.45,9769.85,9775.54
1774094400,2026-03-21 12:00:00,9775.82,9788.98,9767.95,9787.8
1774101600,2026-03-21 14:00:00,9787.98,9789.04,9761.02,9783.19
1774108800,2026-03-21 16:00:00,9782.94,9793.13,9774.35,9792.09
1774116000,2026-03-21 18:00:00,9792.29,9800.75,9779.77,9780.28
1774123200,2026-03-21 20:00:00,9780.1,9795.8,9773.86,9786.31
1774130400,2026-03-21 22:00:00,9786.54,9794.24,9777.31,9781.77
1774137600,2026-03-22 00:00:00,9781.73,9795.17,9775.45,9784.29
1774144800,2026-03-22 02:00:00,9784.37,9798.8,9781.36,9784.75
1774152000,2026-03-22 04:00:00,9784.8,9785.56,9764.68,9770.65
1774159200,2026-03-22 06:00:00,9770.57,9787.85,9765.92,9787.56
1774166400,2026-03-22 08:00:00,9787.69,9795.69,9769.61,9774.62
1774173600,2026-03-22 10:00:00,9774.68,9777.52,9753.63,9768.61
1774180800,2026-03-22 12:00:00,9768.32,9771.58,9730.07,9730.68
1774188000,2026-03-22 14:00:00,9730.51,9744.85,9727.21,9734.73
1774195200,2026-03-22 16:00:00,9734.89,9752.83,9734.35,9739.49
1774202400,2026-03-22 18:00:00,9739.26,9752.52,9726.79,9748.96
1774209600,2026-03-22 20:00:00,9748.95,9748.95,9719.23,9729.74
1774216800,2026-03-22 22:00:00,9729.76,9738.66,9720.96,9728.22
1774224000,2026-03-23 00:00:00,9728.21,9749.09,9726.5,9741.62
1774231200,2026-03-23 02:00:00,9741.66,9748.3,9735.03,9741.8
1774238400,2026-03-23 04:00:00,9741.65,9761.02,9733.34,9737.33
1774245600,2026-03-23 06:00:00,9736.99,9771.31,9734.56,9767.29
1774252800,2026-03-23 08:00:00,9767.5,9774.34,9750.1,9754.8
1774260000,2026-03-23 10:00:00,9755.12,9762.28,9747.18,9758.56
1774267200,2026-03-23 12:00:00,9758.55,9765.72,9750.32,9761.95
1774274400,2026-03-23 14:00:00,9761.97,9775.92,9757.23,9775.92
1774281600,2026-03-23 16:00:00,9776.19,9779.69,9764.64,9779.69
1774288800,2026-03-23 18:00:00,9779.81,9783.66,9758.19,9758.88
1774296000,2026-03-23 20:00:00,9758.87,9787.09,9755.08,9786.16
1774303200,2026-03-23 22:00:00,9786.08,9794.41,9777.31,9790.28
1774310400,2026-03-24 00:00:00,9790.32,9800.88,9782.38,9795.24
1774317600,2026-03-24 02:00:00,9795.46,9812.05,9786.23,9806.81
1774324800,2026-03-24 04:00:00,9806.67,9821.73,9805.43,9812.27
1774332000,2026-03-24 06:00:00,9812.42,9819.97,9805.42,9808.04
1774339200,2026-03-24 08:00:00,9808.06,9829.25,9806.29,9828.98
1774346400,2026-03-24 10:00:00,9829.3,9838.44,9818.18,9827.12
1774353600,2026-03-24 12:00:00,9826.99,9843.2,9816.62,9825.09
1774360800,2026-03-24 14:00:00,9825.44,9829.61,9810.49,9815.52
1774368000,2026-03-24 16:00:00,9815.2,9841.25,9809.82,9835.03
1774375200,2026-03-24 18:00:00,9835.05,9870.61,9829.1,9861.33
1774382400,2026-03-24 20:00:00,9861.52,9863.03,9824.87,9825.44
1774389600,2026-03-24 22:00:00,9825.59,9829.35,9802.79,9813.44
1774396800,2026-03-25 00:00:00,9813.48,9824.59,9806.64,9818.57
1774404000,2026-03-25 02:00:00,9818.78,9820.66,9786.81,9791.98
1774411200,2026-03-25 04:00:00,9791.9,9822.6,9791.59,9820.36
1774418400,2026-03-25 06:00:00,9820.38,9825.57,9795.67,9797.63
1774425600,2026-03-25 08:00:00,9797.71,9821.63,9795.32,9812.22
1774432800,2026-03-25 10:00:00,9812.46,9834.89,9810.89,9822.09
1774440000,2026-03-25 12:00:00,9821.75,9860.26,9821.03,9854.49
1774447200,2026-03-25 14:00:00,9854.76,9855.33,9817.6,9836.69
1774454400,2026-03-25 16:00:00,9836.57,9854.52,9832.37,9850.62
1774461600,2026-03-25 18:00:00,9850.72,9870.21,9845.05,9858.29
1774468800,2026-03-25 20:00:00,9858.16,9859.49,9839.24,9851.12
1774476000,2026-03-25 22:00:00,9851.13,9853.07,9830.92,9838.4
1774483200,2026-03-26 00:00:00,9838.5,9860.3,9826.89,9859.82
1774490400,2026-03-26 02:00:00,9859.79,9864.52,9833.65,9842.64
1774497600,2026-03-26 04:00:00,9842.71,9854.23,9836.81,9840.06
1774504800,2026-03-26 06:00:00,9839.73,9841.72,9825.85,9833.43
1774512000,2026-03-26 08:00:00,9833.33,9869.77,9833.02,9869.68
1774519200,2026-03-26 10:00:00,9870.03,9895.84,9866.62,9886.52
1774526400,2026-03-26 12:00:00,9886.46,9889.42,9867.63,9871.59
1774533600,2026-03-26 14:00:00,9871.54,9894.84,9871.54,9880.83
1774540800,2026-03-26 16:00:00,9880.83,9885.19,9862.67,9864.92
1774548000,2026-03-26 18:00:00,9864.83,9882.81,9860.67,9871.43
1774555200,2026-03-26 20:00:00,9871.28,9890.99,9871.25,9879.26
1774562400,2026-03-26 22:00:00,9879.03,9888.7,9862.99,9884.29
1774569600,2026-03-27 00:00:00,9884.13,9887.5,9866.7,9867.97
1774576800,2026-03-27 02:00:00,9868.17,9882.36,9851.64,9855.51
1774584000,2026-03-27 04:00:00,9855.51,9864.48,9845.54,9851.22
1774591200,2026-03-27 06:00:00,9851.08,9859.84,9836.98,9859.18
1774598400,2026-03-27 08:00:00,9859.19,9865.18,9844.7,9852.08
1774605600,2026-03-27 10:00:00,9851.98,9874.5,9849.3,9867.13
1774612800,2026-03-27 12:00:00,9867.04,9893.42,9866.24,9871.69
1774620000,2026-03-27 14:00:00,9871.41,9874.31,9850.45,9862.95
1774627200,2026-03-27 16:00:00,9862.8,9882.51,9861.25,9878.64
1774634400,2026-03-27 18:00:00,9878.6,9888.04,9863.07,9887.65
1774641600,2026-03-27 20:00:00,9887.44,9908.71,9886.35,9907.59
1774648800,2026-03-27 22:00:00,9907.92,9913.32,9891.2,9905.65
1774656000,2026-03-28 00:00:00,9905.47,9920.77,9900.96,9919.26
1774663200,2026-03-28 02:00:00,9919.37,9931.15,9901.8,9908.47
1774670400,2026-03-28 04:00:00,9908.34,9919.61,9900.16,9908.02
1774677600,2026-03-28 06:00:00,9908.19,9922.98,9905.5,9910.89
1774684800,2026-03-28 08:00:00,9910.78,9945.66,9907.03,9943.54
1774692000,2026-03-28 10:00:00,9943.65,9994.48,9942.19,9992.2
1774699200,2026-03-28 12:00:00,9992.41,9999.6,9982.66,9989.86
1774706400,2026-03-28 14:00:00,9989.76,10020.34,9987.28,10014.48
1774713600,2026-03-28 16:00:00,10014.56,10016.16,9997.11,10000.23
1774720800,2026-03-28 18:00:00,10000.27,10010.57,9991.22,10003.52
1774728000,2026-03-28 20:00:00,10003.23,10005.71,9972.08,9982.58
1774735200,2026-03-28 22:00:00,9982.76,10001.45,9980.78,9997.76
1774742400,2026-03-29 00:00:00,9997.83,10027.09,9997.38,10023.18
1774749600,2026-03-29 02:00:00,10023.33,10028.91,10012.42,10020.93
1774756800,2026-03-29 04:00:00,10020.94,10021.64,9989.99,9997.58
1774764000,2026-03-29 06:00:00,9997.63,10014.78,9969.6,9970.65
1774771200,2026-03-29 08:00:00,9970.61,9984.22,9962.55,9977.54
1774778400,2026-03-29 10:00:00,9977.42,9983.83,9962.7,9963.61
1774785600,2026-03-29 12:00:00,9963.61,9980.75,9958.72,9967.24
1774792800,2026-03-29 14:00:00,9967.25,9983.51,9961.14,9976.75
1774800000,2026-03-29 16:00:00,9976.66,9988.21,9973.83,9983.47
1774807200,2026-03-29 18:00:00,9983.64,10003.53,9976.11,9998.56
1774814400,2026-03-29 20:00:00,9998.6,10020.41,9997.73,10018.55
1774821600,2026-03-29 22:00:00,10018.9,10038.21,10014.53,10033.49
1774828800,2026-03-30 00:00:00,10033.5,10046.89,10033.08,10039.31
1774836000,2026-03-30 02:00:00,10039.61,10041.64,10028.35,10033.25
1774843200,2026-03-30 04:00:00,10033.21,10044.97,10026.24,10042.84
1774850400,2026-03-30 06:00:00,10042.65,10059.2,10039.57,10049.96
1774857600,2026-03-30 08:00:00,10050.35,10058.09,10043.1,10045.85
1774864800,2026-03-30 10:00:00,10046.11,10055.09,10040.35,10048.88
1774872000,2026-03-30 12:00:00,10048.91,10058.59,10032.62,10037.73
1774879200,2026-03-30 14:00:00,10037.75,10054.2,10036.32,10046.85
1774886400,2026-03-30 16:00:00,10046.97,10059.28,10041.71,10058.68
1774893600,2026-03-30 18:00:00,10058.52,10075.33,10046.63,10069.77
1774900800,2026-03-30 20:00:00,10069.66,10075.87,10043.01,10044.38
1774908000,2026-03-30 22:00:00,10044.53,10054.54,10026.57,10035.78
1774915200,2026-03-31 00:00:00,10035.68,10047.77,10034.77,10041.36
1774922400,2026-03-31 02:00:00,10041.37,10041.88,9992.86,9994.58
1774929600,2026-03-31 04:00:00,9994.58,9999.69,9976.56,9994.4
1774936800,2026-03-31 06:00:00,9994.33,10001.59,9966.28,9967.68
1774944000,2026-03-31 08:00:00,9967.93,9980.29,9959.71,9961.65
1774951200,2026-03-31 10:00:00,9961.66,9961.82,9942.13,9949.27
1774958400,2026-03-31 12:00:00,9949.4,9962.52,9942.8,9950.6
1774965600,2026-03-31 14:00:00,9950.37,9962.49,9922.81,9930.65
1774972800,2026-03-31 16:00:00,9930.62,9935.13,9913.72,9922.15
1774980000,2026-03-31 18:00:00,9921.99,9927.45,9895.59,9899.11
1774987200,2026-03-31 20:00:00,9899.39,9904.39,9877.24,9881.74
1774994400,2026-03-31 22:00:00,9881.97,9888.52,9867.38,9888.2
1775001600,2026-04-01 00:00:00,9888.28,9890.55,9867.43,9870.97
1775008800,2026-04-01 02:00:00,9870.94,9894.77,9863.95,9867.55
1775016000,2026-04-01 04:00:00,9867.66,9896.41,9866.99,9896.37
1775023200,2026-04-01 06:00:00,9896.56,9896.66,9870.76,9890.8
1775030400,2026-04-01 08:00:00,9890.98,9902.25,9878.69,9887.14
1775037600,2026-04-01 10:00:00,9887.35,9893.34,9864.31,9881.09
1775044800,2026-04-01 12:00:00,9881.2,9890.14,9872.42,9877.8
1775052000,2026-04-01 14:00:00,9877.93,9896.03,9875.39,9890.51
1775059200,2026-04-01 16:00:00,9890.46,9897.13,9869.91,9870.41
1775066400,2026-04-01 18:00:00,9870.39,9871.51,9851.19,9861.64
1775073600,2026-04-01 20:00:00,9861.63,9873.9,9859.27,9869.53
1775080800,2026-04-01 22:00:00,9869.42,9874.84,9859.95,9864.17
1775088000,2026-04-02 00:00:00,9864.01,9864.2,9833.91,9843.48
1775095200,2026-04-02 02:00:00,9843.3,9867.24,9841.45,9846.34
1775102400,2026-04-02 04:00:00,9846.03,9850.23,9824.44,9833.62
1775109600,2026-04-02 06:00:00,9833.45,9838.7,9817.98,9819.25
1775116800,2026-04-02 08:00:00,9818.99,9828.43,9793.07,9804.69
1775124000,2026-04-02 10:00:00,9804.8,9824.78,9800.74,9819.61
1775131200,2026-04-02 12:00:00,9819.72,9826.12,9812.43,9817.14
1775138400,2026-04-02 14:00:00,9816.95,9828.88,9804.21,9823.23
1775145600,2026-04-02 16:00:00,9823.13,9832.68,9804.08,9805
1775152800,2026-04-02 18:00:00,9804.71,9808.42,9792.63,9805.22
1775160000,2026-04-02 20:00:00,9805.36,9810.41,9789.96,9808.19
1775167200,2026-04-02 22:00:00,9808.33,9820.04,9803.26,9812.37
1775174400,2026-04-03 00:00:00,9811.95,9821.84,9800,9803.38
1775181600,2026-04-03 02:00:00,9803.34,9804.34,9783.78,9788.84
1775188800,2026-04-03 04:00:00,9788.99,9795.93,9775.34,9782.55
1775196000,2026-04-03 06:00:00,9782.61,9804.52,9778.76,9791.77
1775203200,2026-04-03 08:00:00,9792.03,9794.07,9773.04,9791.81
1775210400,2026-04-03 10:00:00,9791.92,9803.21,9779.86,9793.89
1775217600,2026-04-03 12:00:00,9793.82,9812.92,9789.34,9808.77
1775224800,2026-04-03 14:00:00,9809.27,9820.05,9804.74,9809.06
1775232000,2026-04-03 16:00:00,9809.03,9824.61,9804.75,9818.89
1775239200,2026-04-03 18:00:00,9819.1,9820.36,9798.46,9813.49
1775246400,2026-04-03 20:00:00,9813.32,9828.29,9809.86,9815.68
1775253600,2026-04-03 22:00:00,9815.59,9822.18,9804.13,9813.54
1775260800,2026-04-04 00:00:00,9813.66,9836.22,9808.09,9836.22
1775268000,2026-04-04 02:00:00,9836.11,9852.03,9833.88,9845.21
1775275200,2026-04-04 04:00:00,9844.97,9852.63,9821.09,9821.34
1775282400,2026-04-04 06:00:00,9821.19,9846.36,9820.62,9833.62
1775289600,2026-04-04 08:00:00,9833.78,9839.05,9809.87,9819.43
1775296800,2026-04-04 10:00:00,9819.29,9840.71,9814.12,9837.12
1775304000,2026-04-04 12:00:00,9836.9,9847.11,9828.27,9846.18
1775311200,2026-04-04 14:00:00,9845.93,9847.14,9828.69,9844.98
1775318400,2026-04-04 16:00:00,9845.04,9854.18,9833.01,9842.51
1775325600,2026-04-04 18:00:00,9842.56,9853.48,9836.16,9844.47
1775332800,2026-04-04 20:00:00,9844.53,9868.55,9843.79,9867.11
1775340000,2026-04-04 22:00:00,9867.4,9873.18,9858.84,9865.02
1775347200,2026-04-05 00:00:00,9864.93,9870.02,9844.72,9845.73
1775354400,2026-04-05 02:00:00,9846,9865.05,9843.16,9862.88
1775361600,2026-04-05 04:00:00,9862.86,9875.51,9858.5,9874.31
1775368800,2026-04-05 06:00:00,9874.06,9894.55,9872.45,9890.97
1775376000,2026-04-05 08:00:00,9890.87,9893.3,9856.63,9860.07
1775383200,2026-04-05 10:00:00,9860.12,9866.54,9843.53,9850.84
1775390400,2026-04-05 12:00:00,9851.04,9865.13,9847.33,9854.06
1775397600,2026-04-05 14:00:00,9853.73,9876.28,9850.29,9866.67
1775404800,2026-04-05 16:00:00,9866.79,9879.89,9861.58,9861.58
1775412000,2026-04-05 18:00:00,9861.87,9864.57,9841.48,9845.23
1775419200,2026-04-05 20:00:00,9845.17,9847.92,9835.55,9843.09
1775426400,2026-04-05 22:00:00,9843.16,9849.79,9825.9,9840.99
1775433600,2026-04-06 00:00:00,9840.94,9853.03,9825.78,9846.72
1775440800,2026-04-06 02:00:00,9846.38,9852.78,9836.37,9840.63
1775448000,2026-04-06 04:00:00,9840.37,9864.9,9838.63,9862.65
1775455200,2026-04-06 06:00:00,9862.69,9869.12,9845.9,9859.57
1775462400,2026-04-06 08:00:00,9859.62,9881.03,9857.02,9865.74
1775469600,2026-04-06 10:00:00,9866.11,9880.54,9860.63,9873.19
1775476800,2026-04-06 12:00:00,9873.21,9897.9,9873.21,9892.25
1775484000,2026-04-06 14:00:00,9892.24,9894.77,9870.12,9877.44
1775491200,2026-04-06 16:00:00,9877.45,9894.23,9868.79,9870.82
1775498400,2026-04-06 18:00:00,9870.41,9879.96,9849.26,9852.43
1775505600,2026-04-06 20:00:00,9852.48,9861.91,9844.45,9851.07
1775512800,2026-04-06 22:00:00,9851.19,9862.31,9845.28,9861.33
1775520000,2026-04-07 00:00:00,9861.54,9878.86,9849.94,9855.17
1775527200,2026-04-07 02:00:00,9855.33,9877.26,9849.88,9872.33
1775534400,2026-04-07 04:00:00,9872.31,9901.52,9865.57,9898.12
1775541600,2026-04-07 06:00:00,9898.26,9927.58,9896.08,9921.19
1775548800,2026-04-07 08:00:00,9921.18,9963.83,9919.08,9945.26
1775556000,2026-04-07 10:00:00,9945.07,9965.19,9943.1,9957.93
1775563200,2026-04-07 12:00:00,9957.66,9986.99,9953.92,9985.83
1775570400,2026-04-07 14:00:00,9985.78,9988.61,9973.79,9983.07
1775577600,2026-04-07 16:00:00,9983.27,9987.06,9968.28,9968.67
1775584800,2026-04-07 18:00:00,9968.93,9984.94,9963.62,9984.53
1775592000,2026-04-07 20:00:00,9984.7,9989.17,9961.75,9977.82
1775599200,2026-04-07 22:00:00,9978.03,9986.66,9957.13,9962.37
1775606400,2026-04-08 00:00:00,9962.16,9967.37,9947.58,9948.45
1775613600,2026-04-08 02:00:00,9948.29,9976.36,9945.45,9973.49
1775620800,2026-04-08 04:00:00,9973.45,9975.4,9947.55,9949.55
1775628000,2026-04-08 06:00:00,9949.23,9968.83,9937.3,9962.29
1775635200,2026-04-08 08:00:00,9962.35,9964.91,9940.15,9944.63
1775642400,2026-04-08 10:00:00,9944.65,9969.61,9944.64,9963.02
1775649600,2026-04-08 12:00:00,9963.25,9975.48,9953.23,9955.51
1775656800,2026-04-08 14:00:00,9955.5,9960.05,9936.58,9943.57
1775664000,2026-04-08 16:00:00,9943.58,9955.25,9937.07,9954.98
1775671200,2026-04-08 18:00:00,9954.97,9958.66,9935.8,9938.97
1775678400,2026-04-08 20:00:00,9939.15,9947.46,9920.17,9920.17
1775685600,2026-04-08 22:00:00,9919.98,9941.71,9912.23,9941.68
1775692800,2026-04-09 00:00:00,9941.55,9962.08,9937.46,9952.1
1775700000,2026-04-09 02:00:00,9951.99,9956.42,9941.47,9946.08
1775707200,2026-04-09 04:00:00,9946.51,9967.89,9937.51,9960.97
1775714400,2026-04-09 06:00:00,9961,9962.1,9942.98,9944.74
1775721600,2026-04-09 08:00:00,9944.6,9953.07,9931.63,9942.16
1775728800,2026-04-09 10:00:00,9942.26,9945.77,9926.73,9944.28
1775736000,2026-04-09 12:00:00,9943.99,9944.04,9923.28,9926.12
1775743200,2026-04-09 14:00:00,9926.06,9942.53,9919.06,9919.06
1775750400,2026-04-09 16:00:00,9919.16,9940.66,9918.91,9936.02
1775757600,2026-04-09 18:00:00,9935.96,9941.49,9929.66,9939.94
1775764800,2026-04-09 20:00:00,9939.94,9961.42,9938.69,9956.69
1775772000,2026-04-09 22:00:00,9956.54,9967.65,9939.25,9960.71
1775779200,2026-04-10 00:00:00,9960.87,9966.83,9939.13,9946.72
1775786400,2026-04-10 02:00:00,9946.64,9960.42,9943.9,9955.68
1775793600,2026-04-10 04:00:00,9956.02,9975.94,9954.63,9975.57
1775800800,2026-04-10 06:00:00,9975.44,9985.07,9940.07,9942.35
1775808000,2026-04-10 08:00:00,9942.19,9944.06,9928.36,9940.73
1775815200,2026-04-10 10:00:00,9940.57,9941.97,9916.57,9921.25
1775822400,2026-04-10 12:00:00,9921.67,9936.2,9913.96,9917.11
1775829600,2026-04-10 14:00:00,9917.02,9947.22,9915.66,9945.77
1775836800,2026-04-10 16:00:00,9945.81,9963.52,9940.49,9958.21
1775844000,2026-04-10 18:00:00,9957.92,9967.33,9949.25,9953.74
1775851200,2026-04-10 20:00:00,9953.84,9961.45,9940.26,9947.3
1775858400,2026-04-10 22:00:00,9947.13,9950.49,9928.8,9933.91
1775865600,2026-04-11 00:00:00,9933.96,9949.3,9929.13,9933.32
1775872800,2026-04-11 02:00:00,9933.1,9945.97,9927.74,9938.6
1775880000,2026-04-11 04:00:00,9938.49,9958.97,9930.62,9956.62
1775887200,2026-04-11 06:00:00,9956.83,9959.82,9943.24,9953.63
1775894400,2026-04-11 08:00:00,9953.5,9970.5,9948.41,9968.55
1775901600,2026-04-11 10:00:00,9968.48,9979.56,9958.22,9977.39
1775908800,2026-04-11 12:00:00,9977.6,10038.44,9976.19,10032.88
1775916000,2026-04-11 14:00:00,10032.84,10035.87,10001.88,10007.18
1775923200,2026-04-11 16:00:00,10007.33,10026.95,10002.98,10023.66
1775930400,2026-04-11 18:00:00,10023.59,10043.63,10022.04,10033.73
1775937600,2026-04-11 20:00:00,10033.83,10036.86,10014.31,10020.42
1775944800,2026-04-11 22:00:00,10020.22,10023.1,10006.72,10014.94
1775952000,2026-04-12 00:00:00,10014.9,10041.59,10010.02,10041.48
1775959200,2026-04-12 02:00:00,10041.04,10051.74,10029.49,10044.78
1775966400,2026-04-12 04:00:00,10044.61,10046.23,10018.16,10038.31
1775973600,2026-04-12 06:00:00,10038.06,10054.21,10032.81,10047.43
1775980800,2026-04-12 08:00:00,10047.41,10059.13,10044.79,10049.67
1775988000,2026-04-12 10:00:00,10050.04,10067.41,10031.49,10066.14
1775995200,2026-04-12 12:00:00,10065.95,10083.58,10063.23,10068.01
1776002400,2026-04-12 14:00:00,10068.09,10078.54,10063.09,10072.23
1776009600,2026-04-12 16:00:00,10072.39,10073.21,10054.43,10064.96
1776016800,2026-04-12 18:00:00,10064.92,10068.56,10033.6,10039.64
1776024000,2026-04-12 20:00:00,10039.44,10047.29,10025.05,10046.77
1776031200,2026-04-12 22:00:00,10046.69,10050.33,10034.88,10037.99
1776038400,2026-04-13 00:00:00,10038.09,10070.57,10037.49,10068.97
1776045600,2026-04-13 02:00:00,10068.84,10090.64,10063.11,10086.31
1776052800,2026-04-13 04:00:00,10086.41,10116.3,10082.32,10116.16
1776060000,2026-04-13 06:00:00,10116.13,10117.49,10076,10078.7
1776067200,2026-04-13 08:00:00,10078.92,10091.99,10068.94,10076.62
1776074400,2026-04-13 10:00:00,10076.37,10078.79,10061.74,10072.97
1776081600,2026-04-13 12:00:00,10073.03,10083.4,10067.49,10073.09
1776088800,2026-04-13 14:00:00,10073.28,10076.65,10054.07,10067.77
1776096000,2026-04-13 16:00:00,10067.97,10073.81,10057.34,10062.18
1776103200,2026-04-13 18:00:00,10062.07,10069.88,10044.66,10066.88
1776110400,2026-04-13 20:00:00,10066.7,10090.53,10065.01,10086.83
1776117600,2026-04-13 22:00:00,10086.62,10110.15,10085.82,10096.28
1776124800,2026-04-14 00:00:00,10096.55,10102.45,10073.78,10078.77
1776132000,2026-04-14 02:00:00,10078.65,10093.02,10060.88,10062.19
1776139200,2026-04-14 04:00:00,10062.05,10073.08,10054.18,10057.94
1776146400,2026-04-14 06:00:00,10057.79,10066.5,10051.1,10051.13
1776153600,2026-04-14 08:00:00,10050.97,10057.51,10043.66,10050.98
1776160800,2026-04-14 10:00:00,10051.03,10069.27,10042.07,10068.02
1776168000,2026-04-14 12:00:00,10067.8,10073.37,10055.39,10071.12
1776175200,2026-04-14 14:00:00,10071.37,10075.34,10041.93,10056.59
1776182400,2026-04-14 16:00:00,10056.51,10058.39,10037.08,10040.25
1776189600,2026-04-14 18:00:00,10040.08,10052.94,10035.53,10047.95
1776196800,2026-04-14 20:00:00,10047.79,10057.68,10032.23,10048.22
1776204000,2026-04-14 22:00:00,10048.06,10058.08,10038.69,10044.79
1776211200,2026-04-15 00:00:00,10044.76,10049.01,10034.12,10039.02
1776218400,2026-04-15 02:00:00,10038.77,10064.68,10026.38,10063.41
1776225600,2026-04-15 04:00:00,10063.51,10064.16,10036.66,10053.94
1776232800,2026-04-15 06:00:00,10053.74,10083.18,10049.44,10080.06
1776240000,2026-04-15 08:00:00,10080.26,10101.32,10068.99,10101.02
1776247200,2026-04-15 10:00:00,10100.93,10134.22,10096.34,10132.39
1776254400,2026-04-15 12:00:00,10132.43,10133.65,10097.15,10111.28
1776261600,2026-04-15 14:00:00,10111.05,10127.76,10110.65,10116.81
1776268800,2026-04-15 16:00:00,10116.72,10120.6,10101.99,10117.38
1776276000,2026-04-15 18:00:00,10117.64,10151.43,10111.38,10145.7
1776283200,2026-04-15 20:00:00,10145.33,10157.39,10144.25,10153.14
1776290400,2026-04-15 22:00:00,10152.86,10163.51,10135.4,10148.96
1776297600,2026-04-16 00:00:00,10148.77,10150.44,10132.22,10134.92
1776304800,2026-04-16 02:00:00,10135.22,10177.24,10124.85,10165.63
1776312000,2026-04-16 04:00:00,10165.54,10180.57,10162.05,10176.98
1776319200,2026-04-16 06:00:00,10176.91,10179.43,10157,10162.6
1776326400,2026-04-16 08:00:00,10162.61,10170.8,10153.81,10168.41
1776333600,2026-04-16 10:00:00,10168.46,10175.39,10152.36,10161.11
1776340800,2026-04-16 12:00:00,10161.01,10161.87,10132.06,10146.44
1776348000,2026-04-16 14:00:00,10146.24,10169.15,10141.37,10169.15
1776355200,2026-04-16 16:00:00,10169.31,10190.45,10169.31,10182.09
1776362400,2026-04-16 18:00:00,10182.07,10185.63,10149.56,10151.95
1776369600,2026-04-16 20:00:00,10151.99,10169.53,10149.42,10153.03
1776376800,2026-04-16 22:00:00,10152.81,10169.92,10148.62,10159.86
1776384000,2026-04-17 00:00:00,10159.8,10159.89,10134.46,10138.91
1776391200,2026-04-17 02:00:00,10138.93,10166.26,10131.86,10147.4
1776398400,2026-04-17 04:00:00,10146.93,10156.04,10135.92,10145.54
1776405600,2026-04-17 06:00:00,10145.48,10146.48,10123.59,10137.6
1776412800,2026-04-17 08:00:00,10137.82,10141.49,10126.19,10132.89
1776420000,2026-04-17 10:00:00,10132.72,10132.72,10095.26,10104.5
1776427200,2026-04-17 12:00:00,10104.58,10108.46,10069.26,10070.32
1776434400,2026-04-17 14:00:00,10070.25,10075.5,10054.86,10055.13
1776441600,2026-04-17 16:00:00,10055.23,10061.03,10034,10045.6
1776448800,2026-04-17 18:00:00,10045.58,10051.89,10023.29,10027.62
1776456000,2026-04-17 20:00:00,10027.58,10046.07,10020.86,10030.08
1776463200,2026-04-17 22:00:00,10030.16,10039.95,10018.28,10023.89
1776470400,2026-04-18 00:00:00,10024.06,10048.21,10024.06,10048.06
1776477600,2026-04-18 02:00:00,10047.96,10049.52,10033.37,10037.32
1776484800,2026-04-18 04:00:00,10037.37,10066.48,10032.16,10052.28
1776492000,2026-04-18 06:00:00,10052.5,10073.46,10046.69,10048.1
1776499200,2026-04-18 08:00:00,10048.5,10079.75,10047.87,10070.66
1776506400,2026-04-18 10:00:00,10070.86,10073.87,10057.13,10067.56
1776513600,2026-04-18 12:00:00,10068.18,10081.58,10057.34,10067.41
1776520800,2026-04-18 14:00:00,10067.38,10083.43,10057,10064.91
1776528000,2026-04-18 16:00:00,10065.02,10077.43,10058.65,10067.66
1776535200,2026-04-18 18:00:00,10067.72,10070.99,10052.9,10068.46
1776542400,2026-04-18 20:00:00,10068.41,10077.05,10055.93,10057.56
1776549600,2026-04-18 22:00:00,10057.77,10079.99,10049.43,10077.84
1776556800,2026-04-19 00:00:00,10077.62,10077.8,10054.97,10065.71
1776564000,2026-04-19 02:00:00,10065.82,10082.72,10061.46,10082.41
1776571200,2026-04-19 04:00:00,10082.59,10090.3,10069.72,10078.19
1776578400,2026-04-19 06:00:00,10078.35,10084,10060.11,10074.52
1776585600,2026-04-19 08:00:00,10074.53,10080.7,10066.32,10069.51
1776592800,2026-04-19 10:00:00,10069.37,10077.99,10061.8,10076.24
1776600000,2026-04-19 12:00:00,10076.22,10101.09,10069.26,10097.81
1776607200,2026-04-19 14:00:00,10097.67,10102.73,10073.74,10091.05
1776614400,2026-04-19 16:00:00,10091.18,10103.57,10083.64,10102.8
1776621600,2026-04-19 18:00:00,10102.46,10123.75,10099.34,10114.32
1776628800,2026-04-19 20:00:00,10114.22,10133.6,10109.98,10111.53
1776636000,2026-04-19 22:00:00,10111.7,10117.13,10100.45,10108.16
1776643200,2026-04-20 00:00:00,10108.14,10110.57,10070.81,10072.4
1776650400,2026-04-20 02:00:00,10072.3,10076.7,10049.16,10051.05
1776657600,2026-04-20 04:00:00,10051.12,10076.72,10047.95,10065.84
1776664800,2026-04-20 06:00:00,10066.24,10069.46,10052.62,10056.44
1776672000,2026-04-20 08:00:00,10056.8,10074.32,10044.89,10072.74
1776679200,2026-04-20 10:00:00,10072.66,10073.75,10038.43,10045.67
1776686400,2026-04-20 12:00:00,10045.61,10056.67,10036.01,10047.81
1776693600,2026-04-20 14:00:00,10047.59,10051.05,10038.84,10045.11
1776700800,2026-04-20 16:00:00,10045.07,10053.06,10014.6,10015.68
1776708000,2026-04-20 18:00:00,10015.54,10025.07,10000.46,10000.54
1776715200,2026-04-20 20:00:00,10000.51,10002.34,9983.05,9993.59
1776722400,2026-04-20 22:00:00,9993.45,10006.71,9989.62,10004.13
1776729600,2026-04-21 00:00:00,10004.27,10021.02,9998.78,10017.03
1776736800,2026-04-21 02:00:00,10016.85,10028.25,10002.22,10003.1
1776744000,2026-04-21 04:00:00,10003.43,10013.62,9986.38,10006.27
1776751200,2026-04-21 06:00:00,10006.26,10022.21,9985.62,9989.41
1776758400,2026-04-21 08:00:00,9989.34,9997.64,9972.74,9974.03
1776765600,2026-04-21 10:00:00,9973.92,9988.27,9969.99,9979.08
1776772800,2026-04-21 12:00:00,9979.2,9983.35,9969.08,9981.07
1776780000,2026-04-21 14:00:00,9981.03,10013.8,9980.23,10009.07
1776787200,2026-04-21 16:00:00,10008.93,10009.45,9990.35,9997.07
1776794400,2026-04-21 18:00:00,9997.5,10034.69,9992.98,10031.7
1776801600,2026-04-21 20:00:00,10031.84,10059.17,10027.85,10054.95
1776808800,2026-04-21 22:00:00,10054.95,10073.09,10051.79,10071.37
1776816000,2026-04-22 00:00:00,10071.38,10076.95,10060.93,10073.88
1776823200,2026-04-22 02:00:00,10073.74,10084.79,10064.04,10071.54
1776830400,2026-04-22 04:00:00,10071.56,10071.89,10041,10053.51
1776837600,2026-04-22 06:00:00,10053.53,10056.86,10038.52,10054.97
1776844800,2026-04-22 08:00:00,10054.81,10063.61,10042.97,10060.83
1776852000,2026-04-22 10:00:00,10060.86,10068.59,10052.91,10067.56
1776859200,2026-04-22 12:00:00,10067.6,10085.82,10059.85,10083.99
1776866400,2026-04-22 14:00:00,10084.06,10084.76,10055.15,10067.5
1776873600,2026-04-22 16:00:00,10067.72,10073.65,10053.28,10056
1776880800,2026-04-22 18:00:00,10056.18,10062.09,10023.9,10024.21
1776888000,2026-04-22 20:00:00,10023.7,10030.97,10007.77,10010
1776895200,2026-04-22 22:00:00,10010.11,10032.89,10008.96,10025.13
1776902400,2026-04-23 00:00:00,10025.13,10034.26,10010.34,10011.85
1776909600,2026-04-23 02:00:00,10011.39,10020.85,10002.72,10011.64
1776916800,2026-04-23 04:00:00,10011.63,10013.06,9997.22,10001.23
1776924000,2026-04-23 06:00:00,10001.36,10012.54,9986.39,10012.54
1776931200,2026-04-23 08:00:00,10012.77,10033.8,10012.04,10019.32
1776938400,2026-04-23 10:00:00,10019.18,10019.32,9986.58,9989.26
1776945600,2026-04-23 12:00:00,9989.28,9990.35,9965.92,9978.32
1776952800,2026-04-23 14:00:00,9978.43,10001.91,9967.22,9995.92
1776960000,2026-04-23 16:00:00,9995.91,10005.16,9989.33,10002.49
1776967200,2026-04-23 18:00:00,10002.7,10038.16,10001.66,10036.89
1776974400,2026-04-23 20:00:00,10036.82,10044.1,10029.95,10040.24
1776981600,2026-04-23 22:00:00,10040.19,10053.49,10033.07,10051.2
1776988800,2026-04-24 00:00:00,10050.85,10075.12,10049.1,10061.14
1776996000,2026-04-24 02:00:00,10060.9,10075.62,10053.25,10057.95
1777003200,2026-04-24 04:00:00,10057.91,10083.77,10057.53,10073.31
1777010400,2026-04-24 06:00:00,10073.38,10105.48,10065.18,10089.4
1777017600,2026-04-24 08:00:00,10089.45,10096.21,10082.25,10085.83
1777024800,2026-04-24 10:00:00,10085.81,10096.38,10066.61,10093.29
1777032000,2026-04-24 12:00:00,10093.29,10106.75,10089.96,10097.46
1777039200,2026-04-24 14:00:00,10097.52,10097.98,10076.2,10084.86
1777046400,2026-04-24 16:00:00,10084.81,10084.93,10026.78,10033.95
1777053600,2026-04-24 18:00:00,10034.11,10036.19,10017.83,10034.91
1777060800,2026-04-24 20:00:00,10034.99,10040.27,10010.09,10010.09
1777068000,2026-04-24 22:00:00,10010.16,10026.61,10001.96,10014.86
1777075200,2026-04-25 00:00:00,10014.64,10039.51,10006.79,10034.73
1777082400,2026-04-25 02:00:00,10034.72,10042.14,10015.8,10019.61
1777089600,2026-04-25 04:00:00,10019.65,10045.85,10017.19,10040.51
1777096800,2026-04-25 06:00:00,10040.45,10052.76,10029.11,10039.94
1777104000,2026-04-25 08:00:00,10039.95,10056.56,10032.87,10053.88
1777111200,2026-04-25 10:00:00,10053.88,10067.83,10053.03,10061.9
1777118400,2026-04-25 12:00:00,10062.06,10098.86,10061.93,10096.62
1777125600,2026-04-25 14:00:00,10096.49,10104.94,10088.97,10098.91
1777132800,2026-04-25 16:00:00,10098.71,10107.33,10083.83,10096.5
1777140000,2026-04-25 18:00:00,10096.28,10105.07,10088.24,10090.28
1777147200,2026-04-25 20:00:00,10090.07,10120.93,10086.76,10116.84
1777154400,2026-04-25 22:00:00,10116.91,10130.86,10115.33,10128.26
1777161600,2026-04-26 00:00:00,10128.4,10136.69,10115.14,10125.89
1777168800,2026-04-26 02:00:00,10125.64,10137.88,10123.32,10136.27
1777176000,2026-04-26 04:00:00,10136.21,10158.53,10129.57,10157.45
1777183200,2026-04-26 06:00:00,10157.65,10162.05,10139.72,10149.11
1777190400,2026-04-26 08:00:00,10149.27,10153.47,10127.13,10137.9
1777197600,2026-04-26 10:00:00,10137.92,10158.43,10133.71,10148.36
1777204800,2026-04-26 12:00:00,10148.6,10171.77,10136.89,10170.43
1777212000,2026-04-26 14:00:00,10170.46,10190.58,10161.91,10188.27
1777219200,2026-04-26 16:00:00,10188.03,10192.25,10159.13,10162.06
1777226400,2026-04-26 18:00:00,10161.88,10163.42,10145.32,10156.15
1777233600,2026-04-26 20:00:00,10155.96,10197.18,10155.42,10190.46
1777240800,2026-04-26 22:00:00,10190.84,10232.82,10186.73,10230.54
1777248000,2026-04-27 00:00:00,10230.58,10236.18,10218.4,10221.51
1777255200,2026-04-27 02:00:00,10221.61,10226.86,10185.68,10189.34
1777262400,2026-04-27 04:00:00,10189.35,10205.7,10181.65,10191.67
1777269600,2026-04-27 06:00:00,10191.69,10218.57,10189.29,10217.19
1777276800,2026-04-27 08:00:00,10217.31,10242.17,10213.09,10231.06
1777284000,2026-04-27 10:00:00,10231.34,10240.06,10209.38,10216.81
1777291200,2026-04-27 12:00:00,10216.8,10230.07,10205.02,10216.36
1777298400,2026-04-27 14:00:00,10216.2,10234.19,10213.52,10216.52
1777305600,2026-04-27 16:00:00,10216.59,10227.12,10212.44,10218.45
1777312800,2026-04-27 18:00:00,10218.28,10236.44,10215.68,10235.14
1777320000,2026-04-27 20:00:00,10235.2,10250.59,10219.64,10222.82
1777327200,2026-04-27 22:00:00,10222.71,10229.5,10200.65,10210.14
1777334400,2026-04-28 00:00:00,10210.28,10228.18,10204.98,10226.29
1777341600,2026-04-28 02:00:00,10226.12,10234.29,10206.36,10216.15
1777348800,2026-04-28 04:00:00,10216.37,10235.42,10210.33,10226.15
1777356000,2026-04-28 06:00:00,10225.95,10237.71,10219.17,10222.44
1777363200,2026-04-28 08:00:00,10222.68,10225.44,10200.05,10210.83
1777370400,2026-04-28 10:00:00,10210.81,10212.53,10186.58,10200.05
1777377600,2026-04-28 12:00:00,10200.13,10223.25,10188.24,10218.92
1777384800,2026-04-28 14:00:00,10218.75,10220.05,10190.82,10197.43
1777392000,2026-04-28 16:00:00,10197.17,10210.79,10187.05,10207.56
1777399200,2026-04-28 18:00:00,10207.35,10207.61,10192.65,10192.9
1777406400,2026-04-28 20:00:00,10192.77,10210.78,10190.76,10210.25
1777413600,2026-04-28 22:00:00,10209.95,10219.94,10199,10213.61
1777420800,2026-04-29 00:00:00,10213.51,10224.19,10200.25,10207.61
1777428000,2026-04-29 02:00:00,10207.87,10214.04,10197.7,10208.06
1777435200,2026-04-29 04:00:00,10208.35,10223.38,10201.91,10221.15
1777442400,2026-04-29 06:00:00,10221.18,10239.59,10220.51,10236.38
1777449600,2026-04-29 08:00:00,10236.37,10249.32,10193.45,10200.56
1777456800,2026-04-29 10:00:00,10200.44,10203.97,10187.1,10193.27
1777464000,2026-04-29 12:00:00,10193.32,10199.1,10182.08,10192.07
1777471200,2026-04-29 14:00:00,10191.76,10205.27,10184.59,10202.51
1777478400,2026-04-29 16:00:00,10202.92,10214.37,10193.74,10200.91
1777485600,2026-04-29 18:00:00,10200.53,10204.6,10188.61,10196.22
1777492800,2026-04-29 20:00:00,10196.42,10212.44,10194.03,10210.64
1777500000,2026-04-29 22:00:00,10210.26,10229.75,10207.62,10216.3
1777507200,2026-04-30 00:00:00,10216.22,10217.64,10198.73,10216.39
1777514400,2026-04-30 02:00:00,10216.39,10224.13,10208.68,10214.74
1777521600,2026-04-30 04:00:00,10214.68,10221.37,10197.9,10198.25
1777528800,2026-04-30 06:00:00,10198.14,10199.26,10161.77,10163.64
1777536000,2026-04-30 08:00:00,10163.75,10181.57,10159.6,10176.37
1777543200,2026-04-30 10:00:00,10176.34,10197.72,10175.16,10181.71
1777550400,2026-04-30 12:00:00,10181.72,10187.66,10172.9,10182.85
1777557600,2026-04-30 14:00:00,10182.65,10199.98,10170.64,10184.83
1777564800,2026-04-30 16:00:00,10184.65,10216.7,10181.54,10216.55
1777572000,2026-04-30 18:00:00,10216.69,10218.66,10201.4,10214.25
1777579200,2026-04-30 20:00:00,10214.11,10222.47,10197.27,10211.01
1777586400,2026-04-30 22:00:00,10210.9,10220.65,10186.17,10189.93
1777593600,2026-05-01 00:00:00,10190.07,10200.96,10173.18,10173.31
1777600800,2026-05-01 02:00:00,10173.28,10177.18,10154.23,10166.07
1777608000,2026-05-01 04:00:00,10165.86,10173.47,10147.79,10152.02
1777615200,2026-05-01 06:00:00,10151.95,10169.73,10144.25,10168.09
1777622400,2026-05-01 08:00:00,10168.22,10191.86,10167.46,10190.84
1777629600,2026-05-01 10:00:00,10190.68,10195.74,10167.87,10168.45
1777636800,2026-05-01 12:00:00,10168.09,10170.7,10145.49,10148.51
1777644000,2026-05-01 14:00:00,10148.85,10151.84,10120.08,10131.03
1777651200,2026-05-01 16:00:00,10131.36,10134.05,10111.97,10127
1777658400,2026-05-01 18:00:00,10127.04,10134.95,10108.82,10109.32
1777665600,2026-05-01 20:00:00,10109.02,10113.5,10094.51,10097.18
1777672800,2026-05-01 22:00:00,10097.02,10118.36,10091.91,10113.65
1777680000,2026-05-02 00:00:00,10113.44,10154.44,10112.35,10152.37
1777687200,2026-05-02 02:00:00,10152.41,10154.75,10132.35,10146.75
1777694400,2026-05-02 04:00:00,10146.71,10159.37,10138.44,10153.57
1777701600,2026-05-02 06:00:00,10153.59,10159.61,10129.35,10134.31
1777708800,2026-05-02 08:00:00,10134.52,10147.71,10115.75,10119.54
1777716000,2026-05-02 10:00:00,10119.7,10124.76,10088.12,10090.63
1777723200,2026-05-02 12:00:00,10090.59,10095.03,10078.07,10084.81
1777730400,2026-05-02 14:00:00,10084.53,10091.65,10076.7,10085.5
1777737600,2026-05-02 16:00:00,10085.29,10122.78,10083.45,10122.03
1777744800,2026-05-02 18:00:00,10121.79,10139.25,10113.36,10135.72
1777752000,2026-05-02 20:00:00,10135.59,10162.54,10129.96,10146.33
1777759200,2026-05-02 22:00:00,10146.12,10150.76,10115.94,10116.74
1777766400,2026-05-03 00:00:00,10116.81,10128.81,10116.07,10121.12
1777773600,2026-05-03 02:00:00,10121.09,10128.11,10099.93,10101.51
1777780800,2026-05-03 04:00:00,10101.59,10105.75,10080.15,10086.19
1777788000,2026-05-03 06:00:00,10086.25,10108.97,10085.21,10101.79
1777795200,2026-05-03 08:00:00,10101.44,10107.87,10070.99,10071.35
1777802400,2026-05-03 10:00:00,10071.22,10079.01,10063.22,10070.09
1777809600,2026-05-03 12:00:00,10070.2,10079.06,10055.57,10058.57
1777816800,2026-05-03 14:00:00,10058.85,10059.83,10031.62,10033.55
1777824000,2026-05-03 16:00:00,10033.43,10048.01,10031.28,10045.97
1777831200,2026-05-03 18:00:00,10046.01,10047.89,10026.36,10034.86
1777838400,2026-05-03 20:00:00,10034.86,10042.02,10013.56,10020.75
1777845600,2026-05-03 22:00:00,10020.91,10039.83,10005.41,10022.4
1777852800,2026-05-04 00:00:00,10022.35,10032.92,10017.86,10023.15
1777860000,2026-05-04 02:00:00,10023.05,10028.16,9999.1,10009.78
1777867200,2026-05-04 04:00:00,10009.7,10032.05,10007.94,10030.34
1777874400,2026-05-04 06:00:00,10030.24,10046.83,10026.03,10042.86
1777881600,2026-05-04 08:00:00,10042.59,10058.02,10034.62,10051.04
1777888800,2026-05-04 10:00:00,10050.9,10055.32,10012.23,10013.77
1777896000,2026-05-04 12:00:00,10013.51,10013.51,9988.95,9990.43
1777903200,2026-05-04 14:00:00,9990.2,10000.52,9979.41,9981.41
1777910400,2026-05-04 16:00:00,9981.43,9993.47,9974.28,9986.52
1777917600,2026-05-04 18:00:00,9986.81,9998.01,9972.58,9974.94
1777924800,2026-05-04 20:00:00,9975.21,9975.96,9961.61,9968.78
1777932000,2026-05-04 22:00:00,9968.71,9978.95,9962.24,9968.34
1777939200,2026-05-05 00:00:00,9967.98,9972.48,9957.24,9965.45
1777946400,2026-05-05 02:00:00,9965.43,9968.31,9923.69,9930.52
1777953600,2026-05-05 04:00:00,9930.69,9943.06,9919.96,9937.08
1777960800,2026-05-05 06:00:00,9936.88,9955.91,9923.54,9924.56
1777968000,2026-05-05 08:00:00,9924.2,9930.27,9914.57,9927.19
1777975200,2026-05-05 10:00:00,9927.38,9943.26,9925.56,9934.14
1777982400,2026-05-05 12:00:00,9934.32,9938.82,9917.43,9938.45
1777989600,2026-05-05 14:00:00,9938.54,9943.73,9910.53,9910.75
1777996800,2026-05-05 16:00:00,9910.66,9917.92,9898.98,9910.35
1778004000,2026-05-05 18:00:00,9910.46,9929.31,9906.19,9911.72
1778011200,2026-05-05 20:00:00,9911.82,9949.6,9908.38,9938.8
1778018400,2026-05-05 22:00:00,9938.87,9944.39,9927.39,9928.32
1778025600,2026-05-06 00:00:00,9928.38,9942.04,9924,9941.8
1778032800,2026-05-06 02:00:00,9941.88,9947.89,9931.92,9946.29
1778040000,2026-05-06 04:00:00,9946.21,9957.53,9937.94,9955.02
1778047200,2026-05-06 06:00:00,9954.75,9959.09,9938.62,9940.38
1778054400,2026-05-06 08:00:00,9940.2,9944.76,9920.32,9940.34
1778061600,2026-05-06 10:00:00,9940.41,9959.83,9939.43,9953.57
1778068800,2026-05-06 12:00:00,9953.73,9963.98,9946.94,9957.88
1778076000,2026-05-06 14:00:00,9957.99,9960.65,9944.96,9951.78
1778083200,2026-05-06 16:00:00,9951.93,9981.01,9951.93,9977.05
1778090400,2026-05-06 18:00:00,9977.12,9979.65,9960.28,9976.39
1778097600,2026-05-06 20:00:00,9976.5,9989.29,9968.82,9976.93
1778104800,2026-05-06 22:00:00,9976.77,9978.82,9963.01,9970.33
1778112000,2026-05-07 00:00:00,9970.2,9984.29,9964.37,9983.58
1778119200,2026-05-07 02:00:00,9983.73,9995.65,9971.01,9990.52
1778126400,2026-05-07 04:00:00,9990.45,9992.51,9965.03,9971.3
1778133600,2026-05-07 06:00:00,9971.19,9985.61,9965.18,9968.77
1778140800,2026-05-07 08:00:00,9968.8,9978.58,9958.11,9964.04
1778148000,2026-05-07 10:00:00,9964.08,9980.45,9959.88,9961.27
1778155200,2026-05-07 12:00:00,9961.4,9971.09,9957.08,9966.52
1778162400,2026-05-07 14:00:00,9966.37,9980.94,9963.96,9979.37
1778169600,2026-05-07 16:00:00,9979.61,10002.3,9966.65,10000.5
1778176800,2026-05-07 18:00:00,10000.6,10008.89,9991.87,9992.66
1778184000,2026-05-07 20:00:00,9992.47,10006.16,9969.1,9970.74
1778191200,2026-05-07 22:00:00,9970.75,9990.47,9965.13,9980.95
1778198400,2026-05-08 00:00:00,9980.92,9982.86,9946.26,9955.3
1778205600,2026-05-08 02:00:00,9955.41,9961.45,9940,9945.15
1778212800,2026-05-08 04:00:00,9945.26,9955,9933.16,9947.57
1778220000,2026-05-08 06:00:00,9947.6,9964.78,9934.32,9964.78
1778227200,2026-05-08 08:00:00,9965.02,9983.37,9964.9,9974.85
1778234400,2026-05-08 10:00:00,9975.02,9982.96,9967.91,9969.02
1778241600,2026-05-08 12:00:00,9969.04,9971.3,9938.96,9942.54
1778248800,2026-05-08 14:00:00,9942.65,9956.66,9926.53,9928.98
1778256000,2026-05-08 16:00:00,9928.86,9936.92,9923.34,9928.54
1778263200,2026-05-08 18:00:00,9928.48,9936.68,9917.13,9918.02
1778270400,2026-05-08 20:00:00,9917.87,9939.72,9913.84,9926.61
1778277600,2026-05-08 22:00:00,9926.7,9939.51,9921.83,9938.49
1778284800,2026-05-09 00:00:00,9938.61,9971.95,9926.72,9964.56
1778292000,2026-05-09 02:00:00,9964.53,9966.34,9919.74,9921.03
1778299200,2026-05-09 04:00:00,9920.89,9932.43,9907.39,9931.98
1778306400,2026-05-09 06:00:00,9932.31,9937.36,9923.01,9923.04
1778313600,2026-05-09 08:00:00,9922.76,9942.08,9920.09,9920.68
1778320800,2026-05-09 10:00:00,9920.58,9938.67,9913.76,9938.45
1778328000,2026-05-09 12:00:00,9938.35,9953.78,9933.71,9943.3
1778335200,2026-05-09 14:00:00,9943.25,9967.73,9943.25,9958.02
1778342400,2026-05-09 16:00:00,9957.76,9964.24,9944.77,9948.03
1778349600,2026-05-09 18:00:00,9948.17,9957.76,9927.86,9933.91
1778356800,2026-05-09 20:00:00,9934.1,9941.33,9925.68,9929.37
1778364000,2026-05-09 22:00:00,9929.85,9931.28,9914.54,9926.14
1778371200,2026-05-10 00:00:00,9926.14,9928.06,9907.82,9920.35
1778378400,2026-05-10 02:00:00,9920.56,9924.32,9903.82,9912.01
1778385600,2026-05-10 04:00:00,9911.9,9922.28,9908.84,9914.69
1778392800,2026-05-10 06:00:00,9914.37,9919.88,9903.27,9914.5
1778400000,2026-05-10 08:00:00,9914.6,9925.31,9908.74,9914.94
1778407200,2026-05-10 10:00:00,9914.9,9917.31,9893.28,9895.42
1778414400,2026-05-10 12:00:00,9895.62,9910.65,9893.8,9905.53
1778421600,2026-05-10 14:00:00,9905.49,9942.92,9903.52,9925.27
1778428800,2026-05-10 16:00:00,9925.36,9930.44,9899.66,9906.09
1778436000,2026-05-10 18:00:00,9906.1,9908.39,9883.4,9886.14
1778443200,2026-05-10 20:00:00,9886.14,9900.11,9875.71,9878.22
1778450400,2026-05-10 22:00:00,9878.34,9892.92,9868.35,9892.37
1778457600,2026-05-11 00:00:00,9892.62,9913.83,9889.74,9904.44
1778464800,2026-05-11 02:00:00,9904.27,9907.04,9894.91,9903.39
1778472000,2026-05-11 04:00:00,9903.44,9904.77,9877.89,9880.73
1778479200,2026-05-11 06:00:00,9881.25,9883.1,9861.42,9861.51
1778486400,2026-05-11 08:00:00,9861.24,9865.16,9852.12,9854.71
1778493600,2026-05-11 10:00:00,9854.51,9881.91,9853.87,9874.1
1778500800,2026-05-11 12:00:00,9874.21,9877.17,9861.76,9865.96
1778508000,2026-05-11 14:00:00,9866.17,9871.24,9848.35,9856.36
1778515200,2026-05-11 16:00:00,9856.4,9906.1,9852.35,9905.48
1778522400,2026-05-11 18:00:00,9905.41,9915.11,9894.85,9897.54
1778529600,2026-05-11 20:00:00,9897.15,9906.21,9878.26,9889.65
1778536800,2026-05-11 22:00:00,9889.5,9892.96,9869.82,9876.58
1778544000,2026-05-12 00:00:00,9876.6,9887,9868.46,9873.52
1778551200,2026-05-12 02:00:00,9873.6,9886.3,9864.24,9884.89
1778558400,2026-05-12 04:00:00,9885.07,9896.29,9882.96,9892.1
1778565600,2026-05-12 06:00:00,9892.06,9901.06,9882.56,9895.46
1778572800,2026-05-12 08:00:00,9895.32,9906.55,9878.4,9888.38
1778580000,2026-05-12 10:00:00,9888.18,9892.37,9872.56,9878.08
1778587200,2026-05-12 12:00:00,9878.16,9904.05,9877.16,9892.24
1778594400,2026-05-12 14:00:00,9892.44,9903.3,9886.26,9891.97
1778601600,2026-05-12 16:00:00,9892.05,9905.68,9876.91,9903.85
1778608800,2026-05-12 18:00:00,9904.19,9911.09,9890.76,9904.23
1778616000,2026-05-12 20:00:00,9904.14,9919.52,9901.65,9913.54
1778623200,2026-05-12 22:00:00,9913.56,9929.75,9911.47,9924.87
1778630400,2026-05-13 00:00:00,9924.89,9956.52,9919.06,9955.38
1778637600,2026-05-13 02:00:00,9955.29,9994.78,9953.21,9992.33
1778644800,2026-05-13 04:00:00,9992.1,9994.82,9980.12,9990.72
1778652000,2026-05-13 06:00:00,9990.95,9997.09,9972.45,9978.57
1778659200,2026-05-13 08:00:00,9978.61,9980.88,9963.45,9969.19
1778666400,2026-05-13 10:00:00,9969.22,9977.31,9955.47,9976.38
1778673600,2026-05-13 12:00:00,9976.46,9991.2,9968.37,9985.34
1778680800,2026-05-13 14:00:00,9985.42,10013.21,9985.29,10008.18
1778688000,2026-05-13 16:00:00,10008.07,10012.61,9992.58,9998.49
1778695200,2026-05-13 18:00:00,9998.36,10001.92,9973.37,9973.42
1778702400,2026-05-13 20:00:00,9973.53,9987.34,9966.45,9966.82
1778709600,2026-05-13 22:00:00,9966.46,9977.68,9946.63,9951.03
1778716800,2026-05-14 00:00:00,9951.07,9954.49,9921.2,9923.7
1778724000,2026-05-14 02:00:00,9923.63,9932.69,9914.03,9918.18
1778731200,2026-05-14 04:00:00,9918.46,9936.24,9912.88,9919.92
1778738400,2026-05-14 06:00:00,9919.8,9926.43,9904.85,9914.5
1778745600,2026-05-14 08:00:00,9914.97,9930.32,9910.62,9916.89
1778752800,2026-05-14 10:00:00,9917.11,9925.48,9905.26,9918.38
1778760000,2026-05-14 12:00:00,9918.26,9922.31,9912.14,9913.63
1778767200,2026-05-14 14:00:00,9913.38,9917.79,9892.43,9894.23
1778774400,2026-05-14 16:00:00,9894.06,9901.84,9879.79,9888.34
1778781600,2026-05-14 18:00:00,9888.17,9920.6,9886.3,9915.32
1778788800,2026-05-14 20:00:00,9915.54,9916.62,9891.88,9897.05
1778796000,2026-05-14 22:00:00,9896.67,9902.77,9882.62,9885.02
1778803200,2026-05-15 00:00:00,9885.17,9888.85,9873.18,9876.39
1778810400,2026-05-15 02:00:00,9876.44,9877.65,9851.32,9852.16
1778817600,2026-05-15 04:00:00,9852.14,9853.36,9824.92,9832.36
1778824800,2026-05-15 06:00:00,9832.47,9837.82,9816.35,9816.35
1778832000,2026-05-15 08:00:00,9816.32,9818.62,9797.25,9806.29
1778839200,2026-05-15 10:00:00,9806.52,9809.66,9788.88,9807.88
1778846400,2026-05-15 12:00:00,9807.92,9831.64,9801.42,9827.7
1778853600,2026-05-15 14:00:00,9827.92,9830.22,9810.67,9819.87
1778860800,2026-05-15 16:00:00,9819.47,9824.75,9803.55,9814.82
1778868000,2026-05-15 18:00:00,9814.82,9820.24,9801.42,9805.31
1778875200,2026-05-15 20:00:00,9805.12,9816.42,9801.05,9813.46
1778882400,2026-05-15 22:00:00,9813.37,9829.02,9808.83,9819.06
1778889600,2026-05-16 00:00:00,9818.87,9819,9804.17,9807.9
1778896800,2026-05-16 02:00:00,9807.68,9834.75,9806.95,9834.56
1778904000,2026-05-16 04:00:00,9834.69,9842.58,9828.27,9833.41
1778911200,2026-05-16 06:00:00,9833.29,9835.65,9799.82,9801.47
1778918400,2026-05-16 08:00:00,9801.11,9810,9789.45,9807.22
1778925600,2026-05-16 10:00:00,9807.15,9807.15,9791.69,9805.29
1778932800,2026-05-16 12:00:00,9805.09,9812.68,9789.07,9790.29
1778940000,2026-05-16 14:00:00,9790.02,9827.17,9788.24,9827
1778947200,2026-05-16 16:00:00,9826.95,9841.25,9823.83,9838.14
1778954400,2026-05-16 18:00:00,9838.32,9880.01,9836,9877.41
1778961600,2026-05-16 20:00:00,9877.43,9891.34,9876.97,9889.29
1778968800,2026-05-16 22:00:00,9889.56,9897.74,9877.94,9878.85
1778976000,2026-05-17 00:00:00,9878.59,9879.23,9854.68,9857.98
1778983200,2026-05-17 02:00:00,9857.68,9864.32,9848.52,9859.95
1778990400,2026-05-17 04:00:00,9859.89,9885.69,9856.84,9879.69
1778997600,2026-05-17 06:00:00,9879.94,9904.36,9878.4,9898.2
1779004800,2026-05-17 08:00:00,9898.1,9911.63,9887.24,9896.44
1779012000,2026-05-17 10:00:00,9896.34,9904.56,9885.62,9901.58
1779019200,2026-05-17 12:00:00,9901.49,9926.86,9899.73,9922.34
1779026400,2026-05-17 14:00:00,9922.24,9925.74,9911,9912.16
1779033600,2026-05-17 16:00:00,9911.97,9951.06,9906.12,9947.72
1779040800,2026-05-17 18:00:00,9947.55,9967.83,9942.93,9961.6
1779048000,2026-05-17 20:00:00,9961.72,9966.46,9934.31,9934.81
1779055200,2026-05-17 22:00:00,9934.69,9943.25,9927.54,9938.01
1779062400,2026-05-18 00:00:00,9937.65,9954.08,9932.24,9944.72
1779069600,2026-05-18 02:00:00,9944.47,9954.47,9935.14,9939.05
1779076800,2026-05-18 04:00:00,9938.91,9943.39,9914.7,9916.57
1779084000,2026-05-18 06:00:00,9916.59,9934.38,9912.12,9927.02
1779091200,2026-05-18 08:00:00,9927.14,9960.5,9926.58,9957.51
1779098400,2026-05-18 10:00:00,9957.07,10000.74,9957.07,9996.82
1779105600,2026-05-18 12:00:00,9996.97,10024.33,9996.85,10012.84
1779112800,2026-05-18 14:00:00,10012.93,10037.54,10007.23,10029.34
1779120000,2026-05-18 16:00:00,10029.27,10059.06,10026.43,10050.64
1779127200,2026-05-18 18:00:00,10050.99,10065.65,10047.01,10063.65
1779134400,2026-05-18 20:00:00,10063.46,10063.52,10043.66,10049.98
1779141600,2026-05-18 22:00:00,10050.11,10078.69,10049.26,10078.69
1779148800,2026-05-19 00:00:00,10078.46,10080.61,10056.1,10065.41
1779156000,2026-05-19 02:00:00,10065.62,10070.68,10038.32,10049.37
1779163200,2026-05-19 04:00:00,10049.23,10064.67,10040.99,10060.01
1779170400,2026-05-19 06:00:00,10059.87,10072.74,10055.5,10062.62
1779177600,2026-05-19 08:00:00,10062.56,10073.75,10040.68,10041.24
1779184800,2026-05-19 10:00:00,10040.84,10056.15,10010.99,10014.1
1779192000,2026-05-19 12:00:00,10013.89,10031.02,10000.88,10004.99
1779199200,2026-05-19 14:00:00,10005.05,10011.82,9984.07,9984.12
1779206400,2026-05-19 16:00:00,9983.97,9986.14,9965.8,9980.43
1779213600,2026-05-19 18:00:00,9980.51,10003.69,9974.93,9993.97
1779220800,2026-05-19 20:00:00,9994.14,9997.56,9973.72,9993.97
1779228000,2026-05-19 22:00:00,9993.75,10017.44,9991.46,10014.9
1779235200,2026-05-20 00:00:00,10015.16,10035.47,10014.35,10030.43
1779242400,2026-05-20 02:00:00,10030.73,10034.45,10013.88,10027.64
1779249600,2026-05-20 04:00:00,10027.71,10030.3,10008.2,10021.01
1779256800,2026-05-20 06:00:00,10021.2,10021.95,9998.36,10004.32
1779264000,2026-05-20 08:00:00,10004.38,10025.98,9994.22,9996.04
1779271200,2026-05-20 10:00:00,9996.12,9998.61,9973.48,9997.4
1779278400,2026-05-20 12:00:00,9997.36,10017.55,9996.45,10000.98
1779285600,2026-05-20 14:00:00,10000.78,10021.38,10000.11,10005.63
1779292800,2026-05-20 16:00:00,10005.56,10027.25,10005.46,10018.09
1779300000,2026-05-20 18:00:00,10017.96,10021.52,9991.1,9995.68
1779307200,2026-05-20 20:00:00,9995.75,10019.83,9989.68,10018.55
1779314400,2026-05-20 22:00:00,10018.56,10020.96,10003.73,10014.7
1779321600,2026-05-21 00:00:00,10014.8,10017.72,9988.65,9993.02
1779328800,2026-05-21 02:00:00,9993.13,10001.89,9988.6,9993.97
1779336000,2026-05-21 04:00:00,9993.74,9996.77,9978.61,9982.26
1779343200,2026-05-21 06:00:00,9982.15,9995.21,9973.14,9973.93
1779350400,2026-05-21 08:00:00,9973.74,9977.6,9953.62,9960.05
1779357600,2026-05-21 10:00:00,9959.88,9971.03,9957.85,9963.96
1779364800,2026-05-21 12:00:00,9964.01,9974.1,9957.98,9961.85
1779372000,2026-05-21 14:00:00,9961.9,9961.9,9929.83,9938.66
1779379200,2026-05-21 16:00:00,9938.59,9976.96,9932.17,9975.82
1779386400,2026-05-21 18:00:00,9975.92,9976.88,9964.56,9970.09
1779393600,2026-05-21 20:00:00,9970.01,9994.19,9969.91,9987.65
1779400800,2026-05-21 22:00:00,9987.53,9993.75,9975.33,9978.86
1779408000,2026-05-22 00:00:00,9979.04,9984.28,9960.76,9973.03
1779415200,2026-05-22 02:00:00,9972.92,9995.97,9965.1,9993.69
1779422400,2026-05-22 04:00:00,9993.7,9997.44,9982.57,9991.97
1779429600,2026-05-22 06:00:00,9991.78,9993.7,9968.24,9973.61
1779436800,2026-05-22 08:00:00,9973.55,9988.41,9968.19,9980.62
1779444000,2026-05-22 10:00:00,9980.75,9985.65,9961.25,9961.86
1779451200,2026-05-22 12:00:00,9961.87,9999.33,9959.21,9991.94
1779458400,2026-05-22 14:00:00,9991.89,10017.44,9988.84,10015.72
1779465600,2026-05-22 16:00:00,10015.6,10027.63,10007.96,10025.99
1779472800,2026-05-22 18:00:00,10026.02,10041.99,10022.65,10031.55
1779480000,2026-05-22 20:00:00,10031.65,10065.73,10030.36,10064.53
1779487200,2026-05-22 22:00:00,10064.59,10091.38,10057.82,10075.51
1779494400,2026-05-23 00:00:00,10075.44,10084.74,10072.97,10078.94
1779501600,2026-05-23 02:00:00,10078.79,10098.37,10074.24,10097.8
1779508800,2026-05-23 04:00:00,10098.02,10098.13,10067.8,10070.42
1779516000,2026-05-23 06:00:00,10070.21,10081.5,10063.89,10072.92
1779523200,2026-05-23 08:00:00,10072.88,10095.19,10070.11,10089.61
1779530400,2026-05-23 10:00:00,10089.84,10093.93,10069.99,10071.4
1779537600,2026-05-23 12:00:00,10071.25,10110.21,10070.12,10099.26
1779544800,2026-05-23 14:00:00,10099.43,10106.13,10085.99,10087.64
1779552000,2026-05-23 16:00:00,10087.5,10103.32,10086.04,10101.36
1779559200,2026-05-23 18:00:00,10101.19,10103.17,10061.6,10062.66
1779566400,2026-05-23 20:00:00,10062.5,10074.82,10054.06,10070.18
1779573600,2026-05-23 22:00:00,10069.82,10095.36,10069.41,10073.01
1779580800,2026-05-24 00:00:00,10073.03,10094.55,10066.8,10092.73
1779588000,2026-05-24 02:00:00,10092.4,10092.52,10068.49,10070.57
1779595200,2026-05-24 04:00:00,10070.57,10081.79,10062.58,10072.5
1779602400,2026-05-24 06:00:00,10072.42,10076.72,10052.68,10052.68
1779609600,2026-05-24 08:00:00,10052.31,10062.59,10047.06,10057.39
1779616800,2026-05-24 10:00:00,10057.18,10093.32,10056.12,10084.15
1779624000,2026-05-24 12:00:00,10083.96,10107.34,10078.15,10104.26
1779631200,2026-05-24 14:00:00,10104.03,10112.67,10100.16,10107.6
1779638400,2026-05-24 16:00:00,10107.08,10110.96,10087.88,10094.54
1779645600,2026-05-24 18:00:00,10094.4,10105.93,10087.08,10096.23
1779652800,2026-05-24 20:00:00,10096,10116.55,10092.82,10104.16
1779660000,2026-05-24 22:00:00,10104.12,10107.91,10080.15,10085.76
1779667200,2026-05-25 00:00:00,10085.61,10103.27,10082.55,10103.14
1779674400,2026-05-25 02:00:00,10103.13,10106.73,10083.48,10103.22
1779681600,2026-05-25 04:00:00,10103.04,10103.68,10076.61,10081.41
1779688800,2026-05-25 06:00:00,10081.5,10082.45,10066.54,10073.91
1779696000,2026-05-25 08:00:00,10073.58,10093.8,10069.95,10082.42
1779703200,2026-05-25 10:00:00,10082.24,10082.55,10061.56,10065.24
1779710400,2026-05-25 12:00:00,10065.26,10079.23,10052.05,10075.83
1779717600,2026-05-25 14:00:00,10075.93,10081.01,10053,10053.66
1779724800,2026-05-25 16:00:00,10053.91,10066.72,10043.01,10049.54
1779732000,2026-05-25 18:00:00,10049.64,10071.38,10047.16,10069.73
1779739200,2026-05-25 20:00:00,10069.54,10070.15,10053.14,10061.44
1779746400,2026-05-25 22:00:00,10061.27,10080.1,10057.6,10076.84
1779753600,2026-05-26 00:00:00,10076.69,10088.73,10066.91,10088.62
1779760800,2026-05-26 02:00:00,10088.87,10101.16,10081.13,10081.13
1779768000,2026-05-26 04:00:00,10080.9,10088.64,10070.88,10084.27
1779775200,2026-05-26 06:00:00,10084.21,10094.94,10077.63,10089.8
1779782400,2026-05-26 08:00:00,10089.73,10103.18,10079.89,10098.82
1779789600,2026-05-26 10:00:00,10098.9,10100.31,10082.39,10084.19
1779796800,2026-05-26 12:00:00,10084.18,10090.93,10071.34,10090.45
1779804000,2026-05-26 14:00:00,10090.26,10098.85,10079.66,10083.5
1779811200,2026-05-26 16:00:00,10083.66,10087.32,10065.5,10074.54
1779818400,2026-05-26 18:00:00,10074.19,10080.73,10065.85,10070.16
1779825600,2026-05-26 20:00:00,10069.78,10087.79,10067.88,10086.26
1779832800,2026-05-26 22:00:00,10086.43,10116.92,10084.06,10112.79
1779840000,2026-05-27 00:00:00,10112.84,10113.13,10073.49,10088.11
1779847200,2026-05-27 02:00:00,10088.03,10098.32,10079.22,10087.11
1779854400,2026-05-27 04:00:00,10087.01,10095.16,10078.58,10085.71
1779861600,2026-05-27 06:00:00,10085.62,10101.12,10077.13,10084.78
1779868800,2026-05-27 08:00:00,10084.83,10086.7,10060.48,10064
1779876000,2026-05-27 10:00:00,10063.85,10076.76,10057.36,10059.9
1779883200,2026-05-27 12:00:00,10060.1,10074.64,10049.93,10071.06
1779890400,2026-05-27 14:00:00,10071,10090.6,10067.11,10090.23
1779897600,2026-05-27 16:00:00,10090.02,10092.98,10075.16,10080.26
1779904800,2026-05-27 18:00:00,10080.53,10097.91,10074.46,10096.82
1779912000,2026-05-27 20:00:00,10096.94,10109.29,10092.18,10102.42
1779919200,2026-05-27 22:00:00,10102.25,10120.37,10100.26,10119.73
1779926400,2026-05-28 00:00:00,10119.36,10121.83,10103.47,10109
1779933600,2026-05-28 02:00:00,10108.61,10121.12,10094.4,10111.58
1779940800,2026-05-28 04:00:00,10111.53,10112.75,10092.08,10100.58
1779948000,2026-05-28 06:00:00,10100.6,10106.91,10089.63,10095.45
1779955200,2026-05-28 08:00:00,10095.4,10097.93,10082.57,10097.25
1779962400,2026-05-28 10:00:00,10097.27,10103.77,10084.38,10089.58
1779969600,2026-05-28 12:00:00,10089.3,10109.89,10088.74,10105
1779976800,2026-05-28 14:00:00,10104.61,10137.8,10104.59,10137.8
1779984000,2026-05-28 16:00:00,10137.55,10148.68,10124.35,10139.31
1779991200,2026-05-28 18:00:00,10139.54,10144.48,10117.42,10118.04
1779998400,2026-05-28 20:00:00,10117.97,10133.6,10106.86,10133.08
1780005600,2026-05-28 22:00:00,10133.15,10143.16,10122.21,10133.06
1780012800,2026-05-29 00:00:00,10132.99,10140.3,10123.26,10137.31
1780020000,2026-05-29 02:00:00,10136.84,10140.55,10121.63,10126.3
1780027200,2026-05-29 04:00:00,10126.63,10156.49,10124.18,10154.76
1780034400,2026-05-29 06:00:00,10154.85,10162.41,10126.61,10126.61
1780041600,2026-05-29 08:00:00,10126.62,10126.81,10103.1,10103.59
1780048800,2026-05-29 10:00:00,10103.41,10105.73,10084.33,10090.73
1780056000,2026-05-29 12:00:00,10090.5,10103.8,10076.7,10096.7
1780063200,2026-05-29 14:00:00,10096.73,10124.83,10084.94,10119.94
1780070400,2026-05-29 16:00:00,10119.68,10130.7,10114.32,10119.04
1780077600,2026-05-29 18:00:00,10119.07,10128.3,10106.9,10128.03
1780084800,2026-05-29 20:00:00,10127.87,10153.21,10118.01,10152.2
1780092000,2026-05-29 22:00:00,10152.38,10165.45,10142.61,10163.73
1780099200,2026-05-30 00:00:00,10163.54,10174.73,10157.8,10162.48
1780106400,2026-05-30 02:00:00,10162.73,10177.28,10157.36,10176.07
1780113600,2026-05-30 04:00:00,10175.94,10181.4,10165.22,10177.48
1780120800,2026-05-30 06:00:00,10177.8,10193.57,10170.92,10177.41
1780128000,2026-05-30 08:00:00,10177.25,10193.99,10176.49,10186.39
1780135200,2026-05-30 10:00:00,10186.56,10203.06,10183.43,10195.93
1780142400,2026-05-30 12:00:00,10196.08,10197.03,10177.89,10185.34
1780149600,2026-05-30 14:00:00,10185.35,10196.2,10178.45,10183.42
1780156800,2026-05-30 16:00:00,10183.61,10189.3,10154.39,10154.39
1780164000,2026-05-30 18:00:00,10154.67,10159,10146.22,10156.9
1780171200,2026-05-30 20:00:00,10156.84,10165.99,10145.67,10150.98
1780178400,2026-05-30 22:00:00,10151,10169.66,10139.86,10152.8
1780185600,2026-05-31 00:00:00,10152.94,10161.16,10147.4,10154.76
1780192800,2026-05-31 02:00:00,10154.75,10187.8,10153.02,10185.93
1780200000,2026-05-31 04:00:00,10186.21,10195.55,10179.08,10186.52
1780207200,2026-05-31 06:00:00,10186.31,10197,10180.76,10194
1780214400,2026-05-31 08:00:00,10194.12,10198.94,10172.58,10181.18
1780221600,2026-05-31 10:00:00,10181.38,10196.42,10175.77,10187.88
1780228800,2026-05-31 12:00:00,10188,10212.53,10183.87,10209.74
1780236000,2026-05-31 14:00:00,10209.67,10221.76,10193.43,10193.49
1780243200,2026-05-31 16:00:00,10193.6,10198.94,10182.12,10191.95
1780250400,2026-05-31 18:00:00,10192,10218.11,10183.23,10217.72
1780257600,2026-05-31 20:00:00,10217.88,10223.59,10199.05,10200.14
1780264800,2026-05-31 22:00:00,10200.08,10204.05,10186.55,10187.63
1780272000,2026-06-01 00:00:00,10187.26,10208.25,10184.19,10203.49
1780279200,2026-06-01 02:00:00,10203.23,10205.44,10184.86,10193.2
1780286400,2026-06-01 04:00:00,10192.89,10193.18,10174.52,10178.81
1780293600,2026-06-01 06:00:00,10178.76,10192.78,10172.31,10188.49
1780300800,2026-06-01 08:00:00,10188.85,10221.03,10186.97,10212.46
1780308000,2026-06-01 10:00:00,10212.42,10215.43,10198.68,10206.57
1780315200,2026-06-01 12:00:00,10206.57,10234.43,10200.62,10201.79
1780322400,2026-06-01 14:00:00,10201.69,10212.2,10188.78,10194.7
1780329600,2026-06-01 16:00:00,10194.77,10207.49,10177.1,10189.79
1780336800,2026-06-01 18:00:00,10189.73,10203.49,10182.61,10196.45
1780344000,2026-06-01 20:00:00,10196.74,10209.9,10186.95,10200.22
1780351200,2026-06-01 22:00:00,10200.13,10204.62,10189.62,10197.96
1780358400,2026-06-02 00:00:00,10198,10201.97,10175.82,10182.98
1780365600,2026-06-02 02:00:00,10182.9,10202.83,10179.34,10198.35
1780372800,2026-06-02 04:00:00,10198.11,10198.63,10172.47,10177.33
1780380000,2026-06-02 06:00:00,10177.13,10194.74,10174.8,10186.67
1780387200,2026-06-02 08:00:00,10186.61,10197,10174.92,10192.99
1780394400,2026-06-02 10:00:00,10193.15,10200.25,10175.97,10199.74
1780401600,2026-06-02 12:00:00,10199.61,10221.73,10194.45,10207.96
1780408800,2026-06-02 14:00:00,10207.95,10221.06,10204.78,10205.68
1780416000,2026-06-02 16:00:00,10205.69,10215.29,10192.22,10193.03
1780423200,2026-06-02 18:00:00,10193.03,10218.39,10191.87,10205.55
1780430400,2026-06-02 20:00:00,10205.44,10207.01,10161.51,10169.33
1780437600,2026-06-02 22:00:00,10169.4,10172.65,10149.14,10160.38
1780444800,2026-06-03 00:00:00,10160.38,10166.21,10142.49,10152.65
1780452000,2026-06-03 02:00:00,10152.73,10176.9,10151.59,10172.63
1780459200,2026-06-03 04:00:00,10172.63,10190.67,10167.78,10186.29
1780466400,2026-06-03 06:00:00,10186.33,10216.6,10179.02,10212.22
1780473600,2026-06-03 08:00:00,10212.31,10225.36,10209.72,10216.12
1780480800,2026-06-03 10:00:00,10216.09,10244.18,10213.04,10233.76
1780488000,2026-06-03 12:00:00,10233.48,10237.82,10203.67,10209.03
1780495200,2026-06-03 14:00:00,10209.27,10222.3,10207.75,10208.23
1780502400,2026-06-03 16:00:00,10208.4,10248.3,10203.13,10247.88
1780509600,2026-06-03 18:00:00,10247.92,10270.22,10239.26,10258.47
1780516800,2026-06-03 20:00:00,10258.27,10279.19,10256.17,10268.67
1780524000,2026-06-03 22:00:00,10268.59,10278.47,10257.17,10262.16
1780531200,2026-06-04 00:00:00,10261.98,10279.87,10261.98,10266.8
1780538400,2026-06-04 02:00:00,10266.52,10269.01,10247.1,10255.31
1780545600,2026-06-04 04:00:00,10255.38,10293.98,10254.78,10289.42
1780552800,2026-06-04 06:00:00,10289.38,10308.14,10271.39,10273.51
1780560000,2026-06-04 08:00:00,10273.34,10303.35,10267.95,10301.41
1780567200,2026-06-04 10:00:00,10301.45,10304.5,10275.97,10276.24
1780574400,2026-06-04 12:00:00,10275.81,10290.58,10275.28,10288.69
1780581600,2026-06-04 14:00:00,10288.9,10305.84,10286.06,10296.67
1780588800,2026-06-04 16:00:00,10296.54,10305.94,10260.97,10264.58
1780596000,2026-06-04 18:00:00,10264.74,10276.06,10248.52,10259.67
1780603200,2026-06-04 20:00:00,10259.46,10266.74,10237.11,10245.27
1780610400,2026-06-04 22:00:00,10245.47,10269.21,10244.39,10264.37
1780617600,2026-06-05 00:00:00,10264.73,10283.71,10254.15,10280.79
1780624800,2026-06-05 02:00:00,10280.86,10294.75,10271.33,10286.59
1780632000,2026-06-05 04:00:00,10286.75,10291.87,10265.2,10284.82
1780639200,2026-06-05 06:00:00,10285.05,10289.38,10274.6,10286.66
1780646400,2026-06-05 08:00:00,10286.79,10323.69,10282.91,10322.88
1780653600,2026-06-05 10:00:00,10322.69,10342.27,10316.7,10334.93
1780660800,2026-06-05 12:00:00,10334.94,10343.13,10314.14,10315.61
1780668000,2026-06-05 14:00:00,10315.6,10325.5,10309.8,10316.93
1780675200,2026-06-05 16:00:00,10316.95,10331.54,10305.76,10319.33
1780682400,2026-06-05 18:00:00,10319.54,10324.45,10305.83,10308.06
1780689600,2026-06-05 20:00:00,10308.13,10308.9,10291.86,10293.1
1780696800,2026-06-05 22:00:00,10292.85,10298.63,10278.75,10298.19
1780704000,2026-06-06 00:00:00,10298.05,10308.44,10274.14,10275.91
1780711200,2026-06-06 02:00:00,10275.81,10279.8,10263.92,10278.42
1780718400,2026-06-06 04:00:00,10278.19,10287.91,10274.36,10284.23
1780725600,2026-06-06 06:00:00,10284.18,10286.89,10257.79,10258.66
1780732800,2026-06-06 08:00:00,10258.39,10260.84,10231.38,10234.91
1780740000,2026-06-06 10:00:00,10235.09,10236.9,10222.74,10233.22
1780747200,2026-06-06 12:00:00,10233.32,10233.43,10206.55,10213.78
1780754400,2026-06-06 14:00:00,10213.69,10229.81,10213.24,10227.64
1780761600,2026-06-06 16:00:00,10227.15,10240.09,10223.21,10233.89
1780768800,2026-06-06 18:00:00,10233.97,10252.59,10233.27,10237.9
1780776000,2026-06-06 20:00:00,10237.7,10238.65,10205.14,10210.95
1780783200,2026-06-06 22:00:00,10210.92,10215.2,10194.2,10195.21
1780790400,2026-06-07 00:00:00,10195.4,10211.1,10193.39,10200.94
1780797600,2026-06-07 02:00:00,10200.77,10208,10181.49,10192.6
1780804800,2026-06-07 04:00:00,10192.58,10196.46,10180.74,10192.03
1780812000,2026-06-07 06:00:00,10192.21,10192.54,10147.63,10150.77
1780819200,2026-06-07 08:00:00,10150.71,10165.91,10146.76,10150.13
1780826400,2026-06-07 10:00:00,10149.76,10164.39,10141.42,10159.59
1780833600,2026-06-07 12:00:00,10159.53,10161.62,10136.71,10140.55
1780840800,2026-06-07 14:00:00,10140.45,10150.83,10130.58,10145.32
1780848000,2026-06-07 16:00:00,10145.31,10163.82,10142.31,10162.78
1780855200,2026-06-07 18:00:00,10162.92,10187.17,10154.8,10186.16
1780862400,2026-06-07 20:00:00,10186.19,10204.72,10177.12,10197.55
1780869600,2026-06-07 22:00:00,10197.51,10226.65,10193.27,10221.48
1780876800,2026-06-08 00:00:00,10221.44,10237.55,10217.3,10233.09
1780884000,2026-06-08 02:00:00,10232.89,10248.77,10229.05,10240.82
1780891200,2026-06-08 04:00:00,10240.9,10256.18,10209.78,10215.41
1780898400,2026-06-08 06:00:00,10215.42,10226.2,10206.4,10224.91
1780905600,2026-06-08 08:00:00,10224.71,10243.13,10219.65,10237.72
1780912800,2026-06-08 10:00:00,10237.84,10249.78,10218,10221.35
1780920000,2026-06-08 12:00:00,10221.35,10225.97,10193.3,10200.96
1780927200,2026-06-08 14:00:00,10200.72,10219.6,10190.19,10217.39
1780934400,2026-06-08 16:00:00,10217.2,10224.92,10206.01,10206.26
1780941600,2026-06-08 18:00:00,10206.11,10218.94,10197.6,10214.73
1780948800,2026-06-08 20:00:00,10214.84,10227.16,10201.1,10204.61
1780956000,2026-06-08 22:00:00,10204.61,10208.41,10188.72,10199.3
1780963200,2026-06-09 00:00:00,10199.23,10203.94,10186.72,10195.47
1780970400,2026-06-09 02:00:00,10195.53,10202.01,10183.66,10188.01
1780977600,2026-06-09 04:00:00,10188.05,10192.68,10157.14,10164.19
1780984800,2026-06-09 06:00:00,10163.92,10190.23,10155.56,10170.3
1780992000,2026-06-09 08:00:00,10170.31,10186.87,10160.79,10186.23
1780999200,2026-06-09 10:00:00,10186.08,10192.92,10172.07,10173.5
1781006400,2026-06-09 12:00:00,10172.99,10190.42,10172.93,10185.23
1781013600,2026-06-09 14:00:00,10185.21,10212.08,10182.73,10205.27
1781020800,2026-06-09 16:00:00,10205.32,10213.23,10171.38,10175.29
1781028000,2026-06-09 18:00:00,10175.22,10205,10175.22,10201.08
1781035200,2026-06-09 20:00:00,10201.28,10205.04,10193.5,10197.31
1781042400,2026-06-09 22:00:00,10197.01,10203.53,10176.41,10184.13
1781049600,2026-06-10 00:00:00,10183.9,10185.47,10163.19,10179.72
1781056800,2026-06-10 02:00:00,10179.75,10204.21,10170.5,10193.61
1781064000,2026-06-10 04:00:00,10193.61,10214.12,10186.72,10210.95
1781071200,2026-06-10 06:00:00,10210.81,10212.04,10188.16,10189.71
1781078400,2026-06-10 08:00:00,10189.76,10197.16,10179.09,10195.14
1781085600,2026-06-10 10:00:00,10195.25,10203.03,10184.93,10192.26
1781092800,2026-06-10 12:00:00,10192.12,10202.28,10172.03,10176.56
1781100000,2026-06-10 14:00:00,10176.69,10189.43,10167.97,10187.05
1781107200,2026-06-10 16:00:00,10187.17,10187.49,10170.07,10171.35
1781114400,2026-06-10 18:00:00,10171.48,10176.79,10149.42,10154
1781121600,2026-06-10 20:00:00,10154.11,10170.8,10153.49,10162.56
1781128800,2026-06-10 22:00:00,10162.12,10169.83,10131.77,10137.88
1781136000,2026-06-11 00:00:00,10137.61,10145.13,10126.07,10140.75
1781143200,2026-06-11 02:00:00,10140.99,10146.69,10133.56,10135.49
1781150400,2026-06-11 04:00:00,10135.75,10151.82,10135.75,10149.03
1781157600,2026-06-11 06:00:00,10149.24,10154.94,10129.24,10134.52
1781164800,2026-06-11 08:00:00,10134.25,10139.34,10122.66,10132.06
1781172000,2026-06-11 10:00:00,10131.92,10143.63,10127.64,10132.99
1781179200,2026-06-11 12:00:00,10132.93,10154.7,10131.83,10146.18
1781186400,2026-06-11 14:00:00,10146.15,10174.18,10143.05,10167.53
1781193600,2026-06-11 16:00:00,10167.77,10173.65,10141.06,10143.03
1781200800,2026-06-11 18:00:00,10142.85,10154.87,10134.87,10152.81
1781208000,2026-06-11 20:00:00,10152.97,10187.39,10148.3,10187.39
1781215200,2026-06-11 22:00:00,10186.96,10190.43,10151.39,10151.63
1781222400,2026-06-12 00:00:00,10151.73,10153.39,10129.11,10135.65
1781229600,2026-06-12 02:00:00,10135.86,10136.91,10119.57,10121.12
1781236800,2026-06-12 04:00:00,10121.1,10122.31,10088.34,10092.14
1781244000,2026-06-12 06:00:00,10092.16,10101.66,10079.21,10089.96
1781251200,2026-06-12 08:00:00,10090.05,10107.42,10080.73,10104.96
1781258400,2026-06-12 10:00:00,10105.17,10122.15,10099.68,10114.94
1781265600,2026-06-12 12:00:00,10114.74,10118.57,10093.43,10116.09
1781272800,2026-06-12 14:00:00,10116.2,10120.94,10104.25,10115.01
1781280000,2026-06-12 16:00:00,10114.8,10127.18,10103.94,10120.76
1781287200,2026-06-12 18:00:00,10120.68,10138.42,10118.96,10123.26
1781294400,2026-06-12 20:00:00,10123.19,10131.56,10117.14,10128.42
1781301600,2026-06-12 22:00:00,10128.31,10131.5,10112.36,10112.44
1781308800,2026-06-13 00:00:00,10112.21,10123.15,10104.19,10115.21
1781316000,2026-06-13 02:00:00,10115.25,10137.7,10114.6,10122.87
1781323200,2026-06-13 04:00:00,10122.6,10135.99,10117.98,10127.64
1781330400,2026-06-13 06:00:00,10127.67,10129.39,10090.98,10091.97
1781337600,2026-06-13 08:00:00,10091.86,10095.56,10081.12,10090.03
1781344800,2026-06-13 10:00:00,10090.09,10091.67,10059.57,10075.59
1781352000,2026-06-13 12:00:00,10075.67,10085.37,10053.1,10054.8
1781359200,2026-06-13 14:00:00,10054.95,10078.65,10054.95,10075.94
1781366400,2026-06-13 16:00:00,10076.27,10090.36,10072.49,10088.15
1781373600,2026-06-13 18:00:00,10087.83,10090.1,10048.49,10054.1
1781380800,2026-06-13 20:00:00,10054.06,10076.12,10046.69,10072.83
1781388000,2026-06-13 22:00:00,10072.75,10093.92,10065.25,10091.1
1781395200,2026-06-14 00:00:00,10091.11,10109.05,10086.48,10108.2
1781402400,2026-06-14 02:00:00,10108.36,10109.4,10075.54,10089.49
1781409600,2026-06-14 04:00:00,10089.4,10108.39,10072.37,10106.23
1781416800,2026-06-14 06:00:00,10106.49,10119.88,10098.03,10111.18
1781424000,2026-06-14 08:00:00,10111.06,10114.2,10096.11,10106.77
1781431200,2026-06-14 10:00:00,10106.62,10107.51,10082.34,10084.4
1781438400,2026-06-14 12:00:00,10084.42,10091.45,10072.04,10075.96
1781445600,2026-06-14 14:00:00,10076.34,10080.52,10051.57,10057.19
1781452800,2026-06-14 16:00:00,10057.18,10079.74,10056.48,10070.53
1781460000,2026-06-14 18:00:00,10070.3,10084.91,10064.06,10064.3
1781467200,2026-06-14 20:00:00,10064.31,10091.39,10061.28,10087.33
1781474400,2026-06-14 22:00:00,10087.48,10088.8,10057,10065.81
1781481600,2026-06-15 00:00:00,10065.65,10078.92,10049.18,10054.36
1781488800,2026-06-15 02:00:00,10054.24,10061.46,10044.36,10045.74
1781496000,2026-06-15 04:00:00,10045.54,10075.07,10045.17,10068.6
1781503200,2026-06-15 06:00:00,10068.6,10078.71,10053.58,10053.92
1781510400,2026-06-15 08:00:00,10053.99,10076.11,10051.95,10072.35
1781517600,2026-06-15 10:00:00,10072.33,10086.72,10068.89,10071.24
1781524800,2026-06-15 12:00:00,10071.05,10080.53,10062.77,10070.22
1781532000,2026-06-15 14:00:00,10070.16,10087.79,10070.12,10076.73
1781539200,2026-06-15 16:00:00,10076.27,10077.59,10064.2,10066.42
1781546400,2026-06-15 18:00:00,10066.67,10073.02,10060.53,10071.28
1781553600,2026-06-15 20:00:00,10071.29,10088.24,10064.92,10082.25
1781560800,2026-06-15 22:00:00,10082.16,10086.5,10070.43,10075.17
1781568000,2026-06-16 00:00:00,10075.63,10086.31,10060.05,10086.31
1781575200,2026-06-16 02:00:00,10086.16,10113.15,10083.39,10109.08
1781582400,2026-06-16 04:00:00,10109.16,10113.9,10097.97,10112.14
1781589600,2026-06-16 06:00:00,10112.11,10112.35,10080.94,10095.06
1781596800,2026-06-16 08:00:00,10094.88,10110.18,10092.4,10100.22
1781604000,2026-06-16 10:00:00,10100.31,10115.48,10099.55,10110.34
1781611200,2026-06-16 12:00:00,10110.45,10127.84,10107.03,10107.5
1781618400,2026-06-16 14:00:00,10107.72,10117.65,10098,10116.97
1781625600,2026-06-16 16:00:00,10117.08,10129.23,10102.82,10105.17
1781632800,2026-06-16 18:00:00,10105.2,10110.14,10093.66,10103.97
1781640000,2026-06-16 20:00:00,10104.21,10128.35,10100.87,10119.39
1781647200,2026-06-16 22:00:00,10119.4,10123.36,10108.4,10112.38
1781654400,2026-06-17 00:00:00,10112.23,10112.78,10082.8,10093.58
1781661600,2026-06-17 02:00:00,10093.67,10101.46,10078.14,10086.15
1781668800,2026-06-17 04:00:00,10086.43,10087.93,10065.3,10069.7
1781676000,2026-06-17 06:00:00,10069.62,10077.93,10057.96,10069.88
1781683200,2026-06-17 08:00:00,10069.78,10077.01,10046.6,10047.66
1781690400,2026-06-17 10:00:00,10047.53,10047.65,10024.27,10032.16
1781697600,2026-06-17 12:00:00,10032.08,10054.76,10027.84,10040.03
1781704800,2026-06-17 14:00:00,10040.04,10041.39,9999.33,10000.42
1781712000,2026-06-17 16:00:00,10000.53,10001.54,9981.52,9989.82
1781719200,2026-06-17 18:00:00,9989.86,9991.13,9965.57,9971.81
1781726400,2026-06-17 20:00:00,9971.81,9983.42,9967.58,9981.62
1781733600,2026-06-17 22:00:00,9981.5,9981.87,9958.16,9973.65
1781740800,2026-06-18 00:00:00,9973.75,9975.66,9949.12,9966.8
1781748000,2026-06-18 02:00:00,9966.18,9983.82,9965.36,9983.72
1781755200,2026-06-18 04:00:00,9983.96,9985.49,9967.96,9969.1
1781762400,2026-06-18 06:00:00,9969.44,9980.44,9961.5,9963.79
1781769600,2026-06-18 08:00:00,9963.88,9972.78,9960.34,9963.41
1781776800,2026-06-18 10:00:00,9963.16,9969.7,9945.18,9950.93
1781784000,2026-06-18 12:00:00,9950.88,9971.05,9945.54,9953.54
1781791200,2026-06-18 14:00:00,9953.49,9964.57,9950.27,9960.91
1781798400,2026-06-18 16:00:00,9960.98,9978.26,9952.49,9952.78
1781805600,2026-06-18 18:00:00,9952.7,9973.16,9951.31,9971.77
1781812800,2026-06-18 20:00:00,9971.6,9975.31,9953.26,9971.62
1781820000,2026-06-18 22:00:00,9971.49,9978.49,9954.14,9968.64
1781827200,2026-06-19 00:00:00,9968.65,9980.64,9952.18,9957.16
1781834400,2026-06-19 02:00:00,9956.96,9995.47,9954.54,9994.35
1781841600,2026-06-19 04:00:00,9994.03,10007.38,9986.19,9989.85
1781848800,2026-06-19 06:00:00,9989.86,9993.99,9973.98,9989.68
1781856000,2026-06-19 08:00:00,9989.49,9990.34,9969.19,9974.11
1781863200,2026-06-19 10:00:00,9973.91,9984.52,9968.67,9978.02
1781870400,2026-06-19 12:00:00,9978.43,9979.33,9953.62,9962.57
1781877600,2026-06-19 14:00:00,9962.51,9973.98,9956.26,9957.15
1781884800,2026-06-19 16:00:00,9957.21,9960.74,9938.45,9945.62
1781892000,2026-06-19 18:00:00,9945.69,9947.48,9929.5,9937.57
1781899200,2026-06-19 20:00:00,9937.67,9947.58,9925.35,9926.24
1781906400,2026-06-19 22:00:00,9926.2,9945.59,9920.94,9944.16
1781913600,2026-06-20 00:00:00,9944.03,9950.01,9914.74,9916.04
1781920800,2026-06-20 02:00:00,9916.08,9920.79,9901.71,9911.63
1781928000,2026-06-20 04:00:00,9911.69,9914.2,9883.62,9895.04
1781935200,2026-06-20 06:00:00,9895.22,9921.32,9882.57,9920.82
1781942400,2026-06-20 08:00:00,9920.89,9922.12,9904.09,9906.48
1781949600,2026-06-20 10:00:00,9906.37,9926.34,9902.65,9920.24
1781956800,2026-06-20 12:00:00,9920.48,9930.37,9915.33,9920.83
1781964000,2026-06-20 14:00:00,9920.67,9924.77,9901.3,9908.56
1781971200,2026-06-20 16:00:00,9908.33,9915.99,9896.78,9908.15
1781978400,2026-06-20 18:00:00,9908.45,9913.82,9888.46,9896.27
1781985600,2026-06-20 20:00:00,9896.53,9896.67,9875.85,9876.98
1781992800,2026-06-20 22:00:00,9876.94,9879.54,9863.56,9863.77
1782000000,2026-06-21 00:00:00,9863.78,9872.46,9854.54,9867.28
1782007200,2026-06-21 02:00:00,9867.31,9879.45,9854.98,9862.82
1782014400,2026-06-21 04:00:00,9862.79,9866.02,9841.86,9859.21
1782021600,2026-06-21 06:00:00,9859.08,9862.67,9847.92,9854.86
1782028800,2026-06-21 08:00:00,9854.68,9857.19,9839.25,9840.85
1782036000,2026-06-21 10:00:00,9840.73,9873.7,9839.23,9873.02
1782043200,2026-06-21 12:00:00,9873.05,9874.11,9839.48,9845.41
1782050400,2026-06-21 14:00:00,9845.57,9864.8,9838.56,9855.09
1782057600,2026-06-21 16:00:00,9855.04,9868.47,9848.18,9859.51
1782064800,2026-06-21 18:00:00,9859.91,9863.23,9846.99,9858.15
1782072000,2026-06-21 20:00:00,9858.16,9869.63,9851.68,9868.29
1782079200,2026-06-21 22:00:00,9868.35,9880.49,9867.79,9873.14
1782086400,2026-06-22 00:00:00,9873.4,9879.03,9857.21,9873.1
1782093600,2026-06-22 02:00:00,9872.92,9874.5,9839.42,9848.67
1782100800,2026-06-22 04:00:00,9848.76,9857.9,9838.59,9850.6
1782108000,2026-06-22 06:00:00,9850.8,9853.49,9826.09,9827.77
1782115200,2026-06-22 08:00:00,9827.84,9835.03,9821.1,9828.42
1782122400,2026-06-22 10:00:00,9828.6,9842.27,9817.9,9823.3
1782129600,2026-06-22 12:00:00,9823.48,9825.46,9798.24,9801.53
1782136800,2026-06-22 14:00:00,9801.62,9813.21,9789.9,9800.98
1782144000,2026-06-22 16:00:00,9801.1,9824.94,9799.77,9824.94
1782151200,2026-06-22 18:00:00,9824.73,9829.92,9807.03,9810.26
1782158400,2026-06-22 20:00:00,9810.33,9813.64,9786.01,9788.22
1782165600,2026-06-22 22:00:00,9788.13,9805.13,9776.64,9793.98
1782172800,2026-06-23 00:00:00,9794.09,9820.68,9789.79,9814.35
1782180000,2026-06-23 02:00:00,9814.57,9825.07,9811.25,9817.81
1782187200,2026-06-23 04:00:00,9817.6,9838.26,9813.01,9830.29
1782194400,2026-06-23 06:00:00,9830.33,9831.92,9799.53,9801.1
1782201600,2026-06-23 08:00:00,9801.12,9811.55,9794.61,9801.02
1782208800,2026-06-23 10:00:00,9801.17,9814.53,9788.97,9790.03
1782216000,2026-06-23 12:00:00,9790.14,9811.54,9788.24,9809.01
1782223200,2026-06-23 14:00:00,9809.28,9816.99,9799.83,9815.43
1782230400,2026-06-23 16:00:00,9815.27,9832.98,9806.33,9813.95
1782237600,2026-06-23 18:00:00,9813.88,9815.28,9786.1,9795.14
1782244800,2026-06-23 20:00:00,9795.12,9805.7,9779.25,9779.86
1782252000,2026-06-23 22:00:00,9780.03,9789.53,9759.81,9760.15
1782259200,2026-06-24 00:00:00,9760.28,9770.7,9756.19,9761.44
1782266400,2026-06-24 02:00:00,9761.53,9764.13,9740.83,9759.7
1782273600,2026-06-24 04:00:00,9759.85,9781.96,9758.63,9776.62
1782280800,2026-06-24 06:00:00,9776.89,9790.23,9775.42,9788.48
1782288000,2026-06-24 08:00:00,9788.77,9796.39,9768.13,9769.56
1782295200,2026-06-24 10:00:00,9769.51,9801.81,9768.92,9800.03
1782302400,2026-06-24 12:00:00,9800.17,9814.31,9795.79,9804.75
1782309600,2026-06-24 14:00:00,9804.82,9806.47,9778.4,9789.04
1782316800,2026-06-24 16:00:00,9788.9,9796.54,9779.43,9781.48
1782324000,2026-06-24 18:00:00,9781.23,9793.48,9771.93,9788.32
1782331200,2026-06-24 20:00:00,9788.31,9791.7,9778.07,9780.75
1782338400,2026-06-24 22:00:00,9780.8,9786.61,9770.99,9771.03
1782345600,2026-06-25 00:00:00,9771.02,9779.34,9751.63,9764.2
1782352800,2026-06-25 02:00:00,9764.11,9779.78,9763.23,9772.98
1782360000,2026-06-25 04:00:00,9773.08,9783.36,9763.33,9765.93
1782367200,2026-06-25 06:00:00,9765.98,9791.77,9761.28,9791.35
1782374400,2026-06-25 08:00:00,9791.23,9793.28,9774.7,9787.67
1782381600,2026-06-25 10:00:00,9787.53,9797.19,9784.09,9789.64
1782388800,2026-06-25 12:00:00,9789.52,9808.01,9788.65,9796.8
1782396000,2026-06-25 14:00:00,9796.88,9810.92,9787.06,9808.47
1782403200,2026-06-25 16:00:00,9808.37,9835.25,9807.08,9826.42
1782410400,2026-06-25 18:00:00,9826.29,9841.59,9816.2,9837.33
1782417600,2026-06-25 20:00:00,9837.29,9845.22,9830.74,9839.52
1782424800,2026-06-25 22:00:00,9839.4,9841.66,9822.58,9831.03
1782432000,2026-06-26 00:00:00,9831.1,9831.5,9814.64,9819.53
1782439200,2026-06-26 02:00:00,9819.56,9830.74,9806.54,9813.8
1782446400,2026-06-26 04:00:00,9813.82,9852.91,9809.26,9850.91
1782453600,2026-06-26 06:00:00,9850.93,9864.92,9832.94,9864.39
1782460800,2026-06-26 08:00:00,9864.42,9892.29,9859.78,9892.29
1782468000,2026-06-26 10:00:00,9892.48,9899.93,9871.49,9872.67
1782475200,2026-06-26 12:00:00,9872.49,9875.02,9854.83,9868.5
1782482400,2026-06-26 14:00:00,9868.39,9869.69,9836.56,9838.16
1782489600,2026-06-26 16:00:00,9838.15,9855.13,9834.36,9851.56
1782496800,2026-06-26 18:00:00,9851.52,9867.58,9841.58,9842.7
1782504000,2026-06-26 20:00:00,9842.65,9860.22,9829.75,9860.12
1782511200,2026-06-26 22:00:00,9859.97,9863.19,9834.76,9836.51
1782518400,2026-06-27 00:00:00,9836.78,9837.42,9810.41,9810.99
1782525600,2026-06-27 02:00:00,9810.89,9812.48,9779.02,9779.2
1782532800,2026-06-27 04:00:00,9779.1,9788.71,9760.01,9760.6
1782540000,2026-06-27 06:00:00,9760.65,9780.87,9758.94,9767.16
1782547200,2026-06-27 08:00:00,9766.96,9778.33,9765.69,9768.86
1782554400,2026-06-27 10:00:00,9769.15,9781.24,9756.98,9759.06
1782561600,2026-06-27 12:00:00,9758.93,9763.35,9741.43,9753.32
1782568800,2026-06-27 14:00:00,9753.2,9762.39,9745.04,9749.19
1782576000,2026-06-27 16:00:00,9749.21,9757,9737.22,9749.75
1782583200,2026-06-27 18:00:00,9749.72,9751.6,9723.23,9729.5
1782590400,2026-06-27 20:00:00,9729.89,9744.85,9727.8,9738.09
1782597600,2026-06-27 22:00:00,9738.27,9745.67,9726.33,9741.81
1782604800,2026-06-28 00:00:00,9742.13,9751.33,9730.01,9748.21
1782612000,2026-06-28 02:00:00,9748.31,9758.06,9743.53,9747.89
1782619200,2026-06-28 04:00:00,9747.87,9773.11,9743.3,9759.91
1782626400,2026-06-28 06:00:00,9759.78,9776.52,9756.29,9767.96
1782633600,2026-06-28 08:00:00,9767.93,9778.12,9749.98,9750.93
1782640800,2026-06-28 10:00:00,9750.98,9766.67,9742.51,9755.88
1782648000,2026-06-28 12:00:00,9755.96,9761.71,9730.04,9735.96
1782655200,2026-06-28 14:00:00,9736.02,9737.24,9719.72,9725.56
1782662400,2026-06-28 16:00:00,9725.37,9746.82,9721.68,9734.87
1782669600,2026-06-28 18:00:00,9735.1,9742.44,9727.09,9735.5
1782676800,2026-06-28 20:00:00,9735.43,9740.84,9724.19,9726.8
1782684000,2026-06-28 22:00:00,9726.81,9738.38,9722.63,9728.98
1782691200,2026-06-29 00:00:00,9729.1,9741.67,9713.75,9714.57
1782698400,2026-06-29 02:00:00,9714.77,9717.19,9676.73,9677.11
1782705600,2026-06-29 04:00:00,9677.15,9678.04,9654.27,9656.23
1782712800,2026-06-29 06:00:00,9656.32,9665.31,9643.9,9655.76
1782720000,2026-06-29 08:00:00,9655.41,9663.54,9640.8,9641.18
1782727200,2026-06-29 10:00:00,9641.1,9658.72,9638.79,9646.87
1782734400,2026-06-29 12:00:00,9646.84,9671.28,9643.84,9667.58
1782741600,2026-06-29 14:00:00,9667.34,9673.5,9641.46,9645.04
1782748800,2026-06-29 16:00:00,9644.96,9656.12,9619.51,9623.55
1782756000,2026-06-29 18:00:00,9623.42,9627.09,9597.96,9598.58
1782763200,2026-06-29 20:00:00,9598.42,9605.9,9587.43,9604.32
1782770400,2026-06-29 22:00:00,9604.34,9632.38,9597.57,9624.8
1782777600,2026-06-30 00:00:00,9625.01,9644.77,9618.57,9640.86
1782784800,2026-06-30 02:00:00,9641,9643.48,9625.9,9635.71
1782792000,2026-06-30 04:00:00,9635.64,9637.54,9616.97,9622.35
1782799200,2026-06-30 06:00:00,9622.05,9649.39,9618.8,9648.45
1782806400,2026-06-30 08:00:00,9647.88,9651.39,9624.25,9635.35
1782813600,2026-06-30 10:00:00,9635.3,9648.09,9621.62,9646.42
1782820800,2026-06-30 12:00:00,9646.48,9679.18,9643.9,9678.63
1782828000,2026-06-30 14:00:00,9678.47,9714.67,9676.92,9711.63
1782835200,2026-06-30 16:00:00,9711.69,9725.43,9706.49,9713.26
1782842400,2026-06-30 18:00:00,9713.14,9719.16,9707.3,9715.38
1782849600,2026-06-30 20:00:00,9715.53,9726.78,9712.14,9714.57
1782856800,2026-06-30 22:00:00,9714.25,9718.92,9704.3,9710.59
1782864000,2026-07-01 00:00:00,9710.39,9747.99,9708.63,9746.84
1782871200,2026-07-01 02:00:00,9746.86,9769.5,9746.37,9756.01
1782878400,2026-07-01 04:00:00,9756.14,9762.63,9748.5,9753.45
1782885600,2026-07-01 06:00:00,9753.38,9764.77,9749.8,9751.71
1782892800,2026-07-01 08:00:00,9751.38,9770.37,9750.97,9760.7
1782900000,2026-07-01 10:00:00,9760.73,9765.57,9743.25,9746.59
1782907200,2026-07-01 12:00:00,9746.86,9764.82,9745.7,9749
1782914400,2026-07-01 14:00:00,9748.94,9757.56,9738.85,9741.29
1782921600,2026-07-01 16:00:00,9741.39,9744.55,9711.64,9716.17
1782928800,2026-07-01 18:00:00,9716.18,9729.3,9712.01,9725.01
1782936000,2026-07-01 20:00:00,9725.09,9738.76,9722.29,9735.15
1782943200,2026-07-01 22:00:00,9734.61,9761.26,9731.29,9760.8
1782950400,2026-07-02 00:00:00,9760.95,9767.68,9746.08,9761.37
1782957600,2026-07-02 02:00:00,9761.45,9768.32,9750.89,9764.81
1782964800,2026-07-02 04:00:00,9764.56,9771.53,9756.37,9766.89
1782972000,2026-07-02 06:00:00,9766.57,9770.84,9757.22,9759.03
1782979200,2026-07-02 08:00:00,9758.83,9762.96,9738.35,9740.2
1782986400,2026-07-02 10:00:00,9740.06,9749.53,9736.02,9743.73
1782993600,2026-07-02 12:00:00,9743.83,9766.07,9741.6,9765.96
1783000800,2026-07-02 14:00:00,9765.96,9779.38,9760.62,9773.42
1783008000,2026-07-02 16:00:00,9773.25,9792.52,9768.4,9776.8
1783015200,2026-07-02 18:00:00,9776.97,9788.31,9770.46,9781.19
1783022400,2026-07-02 20:00:00,9781.15,9784.01,9758.53,9761.59
1783029600,2026-07-02 22:00:00,9761.62,9765.07,9746.74,9764.64
1783036800,2026-07-03 00:00:00,9764.68,9775.64,9752.5,9771.29
1783044000,2026-07-03 02:00:00,9771.41,9777.09,9754.89,9770.87
1783051200,2026-07-03 04:00:00,9770.67,9771.15,9744.7,9756.76
1783058400,2026-07-03 06:00:00,9756.56,9783.76,9749.78,9777.58
1783065600,2026-07-03 08:00:00,9777.42,9789.96,9773.97,9784.29
1783072800,2026-07-03 10:00:00,9784.38,9787.71,9772.57,9781.9
1783080000,2026-07-03 12:00:00,9782.02,9784.2,9755.57,9766.48
1783087200,2026-07-03 14:00:00,9766.02,9767.26,9747.35,9750.48
1783094400,2026-07-03 16:00:00,9750.21,9764.56,9745.81,9755.14
1783101600,2026-07-03 18:00:00,9755.4,9760.36,9736.39,9740.68
1783108800,2026-07-03 20:00:00,9740.51,9746.81,9729.97,9736.67
1783116000,2026-07-03 22:00:00,9736.63,9750.2,9733.27,9734.05
1783123200,2026-07-04 00:00:00,9733.93,9736.28,9715.21,9732.26
1783130400,2026-07-04 02:00:00,9732.2,9745.9,9724.19,9734.68
1783137600,2026-07-04 04:00:00,9734.43,9752.48,9731.77,9747.17
1783144800,2026-07-04 06:00:00,9747.13,9756.11,9732.74,9754.3
1783152000,2026-07-04 08:00:00,9754.53,9756.62,9741.15,9753.89
1783159200,2026-07-04 10:00:00,9754.13,9756.26,9738.38,9749.73
1783166400,2026-07-04 12:00:00,9749.84,9760.09,9735.33,9743.44
1783173600,2026-07-04 14:00:00,9743.14,9748.53,9721.37,9729.52
1783180800,2026-07-04 16:00:00,9729.75,9730.72,9705.29,9716.1
1783188000,2026-07-04 18:00:00,9715.9,9727.01,9709.66,9723.6
1783195200,2026-07-04 20:00:00,9723.37,9743.03,9721.65,9734.04
1783202400,2026-07-04 22:00:00,9734.02,9756.08,9733.51,9744.32
1783209600,2026-07-05 00:00:00,9744.44,9745.99,9719.96,9724.67
1783216800,2026-07-05 02:00:00,9724.54,9731.73,9720.64,9728.02
1783224000,2026-07-05 04:00:00,9728.13,9743.14,9720.21,9720.44
1783231200,2026-07-05 06:00:00,9720.64,9721.93,9694.6,9703.19
1783238400,2026-07-05 08:00:00,9703.55,9718.01,9696.19,9709.31
1783245600,2026-07-05 10:00:00,9709.43,9715.76,9699.09,9703.49
1783252800,2026-07-05 12:00:00,9703.5,9729.1,9698.08,9727.31
1783260000,2026-07-05 14:00:00,9727.06,9736.26,9721.89,9729.47
1783267200,2026-07-05 16:00:00,9729.43,9729.67,9697.9,9700.3
1783274400,2026-07-05 18:00:00,9700.52,9721.88,9700.45,9712.3
1783281600,2026-07-05 20:00:00,9712.27,9731.4,9711.37,9725.2
1783288800,2026-07-05 22:00:00,9725.2,9727.4,9708.7,9709.47
1783296000,2026-07-06 00:00:00,9709.24,9713.11,9681.27,9693.91
1783303200,2026-07-06 02:00:00,9693.67,9704.58,9646.55,9650.43
1783310400,2026-07-06 04:00:00,9650.32,9667.66,9644.71,9647.29
1783317600,2026-07-06 06:00:00,9647.16,9647.68,9634.61,9635.91
1783324800,2026-07-06 08:00:00,9635.84,9658.4,9634.88,9640.5
1783332000,2026-07-06 10:00:00,9640.46,9667.02,9638.47,9638.81
1783339200,2026-07-06 12:00:00,9638.66,9664.85,9636.17,9656.06
1783346400,2026-07-06 14:00:00,9655.88,9671.94,9648.17,9665.02
1783353600,2026-07-06 16:00:00,9665.21,9681.63,9662.68,9679.97
1783360800,2026-07-06 18:00:00,9679.54,9680.33,9651.69,9664.09
1783368000,2026-07-06 20:00:00,9663.91,9668.23,9644.15,9656
1783375200,2026-07-06 22:00:00,9656.06,9674.24,9646.51,9672.03
1783382400,2026-07-07 00:00:00,9671.94,9685.38,9662.46,9681.17
1783389600,2026-07-07 02:00:00,9681.2,9684.7,9668.87,9675.46
1783396800,2026-07-07 04:00:00,9675.41,9711.27,9669.19,9706.9
1783404000,2026-07-07 06:00:00,9706.96,9712.92,9696.89,9698.53
1783411200,2026-07-07 08:00:00,9698.64,9701.12,9682.43,9688.26
1783418400,2026-07-07 10:00:00,9688.37,9691.34,9660.82,9667.24
1783425600,2026-07-07 12:00:00,9667.13,9678.03,9661.06,9675.63
1783432800,2026-07-07 14:00:00,9675.76,9688.03,9661.73,9686.3
1783440000,2026-07-07 16:00:00,9686.28,9711.71,9682.29,9691.84
1783447200,2026-07-07 18:00:00,9691.95,9701.42,9678.06,9679.35
1783454400,2026-07-07 20:00:00,9679.15,9686.83,9675.06,9677.74
1783461600,2026-07-07 22:00:00,9677.82,9679.04,9639.18,9640.28
1783468800,2026-07-08 00:00:00,9640.32,9663.29,9639.7,9650.27
1783476000,2026-07-08 02:00:00,9650.49,9650.71,9599.85,9602.72
1783483200,2026-07-08 04:00:00,9602.76,9634.68,9602.26,9634.12
1783490400,2026-07-08 06:00:00,9634.14,9640.56,9622.12,9622.85
1783497600,2026-07-08 08:00:00,9622.75,9637.51,9619.61,9629.73
1783504800,2026-07-08 10:00:00,9629.87,9639.84,9623.6,9629.78
1783512000,2026-07-08 12:00:00,9629.89,9635.92,9624.95,9629.71
1783519200,2026-07-08 14:00:00,9629.6,9638.27,9618.89,9620.51
1783526400,2026-07-08 16:00:00,9620.47,9637.24,9616.9,9632.35
1783533600,2026-07-08 18:00:00,9632.09,9655.56,9629.3,9644.66
1783540800,2026-07-08 20:00:00,9644.59,9656.17,9632.38,9649.32
1783548000,2026-07-08 22:00:00,9649.62,9652.42,9621.61,9622.22
1783555200,2026-07-09 00:00:00,9622.39,9625.42,9610.11,9613.78
1783562400,2026-07-09 02:00:00,9613.81,9615.74,9600.57,9601.27
1783569600,2026-07-09 04:00:00,9601.3,9608.92,9575.04,9576.82
1783576800,2026-07-09 06:00:00,9577.11,9577.33,9541.1,9553.39
1783584000,2026-07-09 08:00:00,9553.28,9565.65,9542.45,9557.16
1783591200,2026-07-09 10:00:00,9557.26,9559.41,9514.06,9520.67
1783598400,2026-07-09 12:00:00,9520.77,9531.69,9516.38,9520.5
1783605600,2026-07-09 14:00:00,9520.33,9529.55,9502.21,9502.67
1783612800,2026-07-09 16:00:00,9502.66,9509.92,9495.67,9500.06
1783620000,2026-07-09 18:00:00,9500.05,9504.52,9485.03,9486.7
1783627200,2026-07-09 20:00:00,9486.54,9492.31,9472.82,9488.8
1783634400,2026-07-09 22:00:00,9488.67,9488.76,9464.74,9478.42
1783641600,2026-07-10 00:00:00,9478.54,9488.56,9463.25,9485.2
1783648800,2026-07-10 02:00:00,9485.08,9494.75,9470.93,9494.24
1783656000,2026-07-10 04:00:00,9494.35,9499.15,9480.86,9490.67
1783663200,2026-07-10 06:00:00,9490.77,9522.41,9490.49,9520.65
1783670400,2026-07-10 08:00:00,9520.66,9531.79,9510.87,9523.56
1783677600,2026-07-10 10:00:00,9523.57,9538.67,9522.85,9532.6
1783684800,2026-07-10 12:00:00,9532.95,9535.39,9520.86,9531.53
1783692000,2026-07-10 14:00:00,9531.4,9537.28,9518.83,9521.34
1783699200,2026-07-10 16:00:00,9520.96,9532.53,9509.09,9509.44
1783706400,2026-07-10 18:00:00,9509.36,9523.65,9507.03,9522.02
1783713600,2026-07-10 20:00:00,9521.75,9526.73,9505.02,9524.76
1783720800,2026-07-10 22:00:00,9524.69,9540.08,9520.33,9524.81
1783728000,2026-07-11 00:00:00,9525.06,9539.73,9519.82,9528.25
1783735200,2026-07-11 02:00:00,9528.33,9528.33,9495.68,9498.39
1783742400,2026-07-11 04:00:00,9498.49,9514.5,9498.41,9509.4
1783749600,2026-07-11 06:00:00,9509.23,9510.96,9470.77,9471.13
1783756800,2026-07-11 08:00:00,9470.94,9475.46,9449.32,9450.69
1783764000,2026-07-11 10:00:00,9450.56,9478.06,9446.4,9470.22
1783771200,2026-07-11 12:00:00,9470.23,9487.16,9463.41,9485.91
1783778400,2026-07-11 14:00:00,9485.85,9499.94,9482.29,9498.94
1783785600,2026-07-11 16:00:00,9499.14,9502.4,9458.03,9459.39
1783792800,2026-07-11 18:00:00,9459.37,9473.42,9453.4,9462.75
1783800000,2026-07-11 20:00:00,9462.47,9482.47,9462.03,9472.98
1783807200,2026-07-11 22:00:00,9472.9,9489.13,9467.51,9478
1783814400,2026-07-12 00:00:00,9478.21,9493.81,9477.46,9488.77
1783821600,2026-07-12 02:00:00,9488.85,9493.85,9477.01,9481.19
1783828800,2026-07-12 04:00:00,9480.97,9481.46,9462.99,9464.08
1783836000,2026-07-12 06:00:00,9463.98,9474.35,9458.49,9459.75
1783843200,2026-07-12 08:00:00,9460.1,9478.09,9454.71,9470.67
1783850400,2026-07-12 10:00:00,9470.7,9476.63,9454.25,9476.19
1783857600,2026-07-12 12:00:00,9476.42,9478.74,9466.72,9478.66
1783864800,2026-07-12 14:00:00,9478.32,9480.74,9469.53,9475.9
1783872000,2026-07-12 16:00:00,9475.97,9479.87,9467.44,9473.31
1783879200,2026-07-12 18:00:00,9473.52,9485.3,9469.58,9475.05
1783886400,2026-07-12 20:00:00,9475.13,9489.88,9464.17,9465.58
1783893600,2026-07-12 22:00:00,9465.28,9471.58,9461.63,9464.75
1783900800,2026-07-13 00:00:00,9464.67,9478.17,9462.16,9467.41
1783908000,2026-07-13 02:00:00,9467.28,9469.92,9457.51,9465.06
1783915200,2026-07-13 04:00:00,9464.87,9479.31,9456.45,9466.02
1783922400,2026-07-13 06:00:00,9466.12,9466.9,9437.07,9443.36
1783929600,2026-07-13 08:00:00,9443.19,9458.44,9429.33,9430.26
1783936800,2026-07-13 10:00:00,9430.23,9452.65,9424.25,9443.62
1783944000,2026-07-13 12:00:00,9443.59,9457.79,9429.87,9431.7
1783951200,2026-07-13 14:00:00,9431.96,9455.24,9428.18,9447.01
1783958400,2026-07-13 16:00:00,9447.12,9452.91,9437.42,9449.85
1783965600,2026-07-13 18:00:00,9449.79,9456.17,9437.21,9455.7
1783972800,2026-07-13 20:00:00,9455.86,9501.79,9455.24,9498.62
1783980000,2026-07-13 22:00:00,9498.79,9502.63,9485.26,9502.12
1783987200,2026-07-14 00:00:00,9502.22,9505.36,9488.11,9497.46
1783994400,2026-07-14 02:00:00,9497.4,9525.51,9497.4,9523.04
1784001600,2026-07-14 04:00:00,9522.9,9528.82,9503.83,9513.64
1784008800,2026-07-14 06:00:00,9513.67,9517.36,9488.81,9502.24
1784016000,2026-07-14 08:00:00,9502.55,9507.83,9494.64,9500.95
1784023200,2026-07-14 10:00:00,9500.83,9512.93,9475.23,9501.19
1784030400,2026-07-14 12:00:00,9501.01,9509.82,9481.07,9483.34
1784037600,2026-07-14 14:00:00,9483.66,9501.09,9474.66,9489.73
1784044800,2026-07-14 16:00:00,9489.82,9493.55,9468.1,9478.25
1784052000,2026-07-14 18:00:00,9478.6,9483.55,9455.83,9458.32
1784059200,2026-07-14 20:00:00,9458.52,9485.63,9458.37,9474.26
1784066400,2026-07-14 22:00:00,9474.27,9481.06,9463.86,9466.57
1784073600,2026-07-15 00:00:00,9466.46,9472.96,9456.23,9463.2
1784080800,2026-07-15 02:00:00,9463.23,9489.21,9461.04,9469.59
1784088000,2026-07-15 04:00:00,9469.63,9473.01,9461.35,9464.59
1784095200,2026-07-15 06:00:00,9464.76,9472.89,9452.02,9456.63
1784102400,2026-07-15 08:00:00,9456.63,9470.95,9450.66,9463.06
1784109600,2026-07-15 10:00:00,9462.95,9468.41,9443.71,9445.66
1784116800,2026-07-15 12:00:00,9445.68,9460.38,9438.95,9455.24
1784124000,2026-07-15 14:00:00,9455.22,9478.49,9449.75,9477.96
1784131200,2026-07-15 16:00:00,9477.93,9482.07,9453.78,9454.97
1784138400,2026-07-15 18:00:00,9455.07,9458.8,9424.86,9426.89
1784145600,2026-07-15 20:00:00,9426.9,9427.77,9390.9,9398.34
1784152800,2026-07-15 22:00:00,9398.29,9404.68,9387.81,9400.39
1784160000,2026-07-16 00:00:00,9400.09,9400.43,9388.32,9389.78
1784167200,2026-07-16 02:00:00,9389.94,9408.14,9389.58,9397.28
1784174400,2026-07-16 04:00:00,9397.18,9419.25,9396.11,9401.76
1784181600,2026-07-16 06:00:00,9401.73,9401.82,9374.77,9392.85
1784188800,2026-07-16 08:00:00,9393.06,9396.21,9380.8,9389.68
1784196000,2026-07-16 10:00:00,9389.68,9429.96,9389.68,9415.71
1784203200,2026-07-16 12:00:00,9415.6,9426.66,9411.41,9423.14
1784210400,2026-07-16 14:00:00,9422.99,9449.07,9417.17,9446.52
1784217600,2026-07-16 16:00:00,9446.51,9463.34,9441.42,9447.99
1784224800,2026-07-16 18:00:00,9447.88,9452.77,9427.13,9435.82
1784232000,2026-07-16 20:00:00,9435.79,9439.2,9416.86,9425.78
1784239200,2026-07-16 22:00:00,9425.84,9432.9,9413.38,9418.57
1784246400,2026-07-17 00:00:00,9418.49,9429.97,9411.52,9416.71
1784253600,2026-07-17 02:00:00,9416.81,9425.45,9404.18,9409.73
1784260800,2026-07-17 04:00:00,9409.47,9411.28,9394.3,9401.35
1784268000,2026-07-17 06:00:00,9401.55,9413.51,9396.68,9410.9
1784275200,2026-07-17 08:00:00,9411.01,9424.25,9408.58,9416.17
1784282400,2026-07-17 10:00:00,9416.32,9427.82,9411.61,9425.18
1784289600,2026-07-17 12:00:00,9425.16,9431.27,9413.69,9418.5
1784296800,2026-07-17 14:00:00,9418.51,9429.91,9410.54,9415.31
1784304000,2026-07-17 16:00:00,9415.51,9437.42,9414.17,9426.58
1784311200,2026-07-17 18:00:00,9426.62,9453.25,9425.27,9451.7
1784318400,2026-07-17 20:00:00,9451.63,9474.5,9451.24,9465.89
1784325600,2026-07-17 22:00:00,9465.82,9503.13,9464.77,9503.13
1784332800,2026-07-18 00:00:00,9503.22,9511.88,9487.97,9490.76
1784340000,2026-07-18 02:00:00,9490.66,9503.57,9481.36,9498.89
1784347200,2026-07-18 04:00:00,9498.67,9509.42,9498.33,9505.51
1784354400,2026-07-18 06:00:00,9505.4,9512.67,9497.89,9504.29
1784361600,2026-07-18 08:00:00,9504.34,9517.41,9501.59,9511.31
1784368800,2026-07-18 10:00:00,9511.34,9529.53,9508.45,9520.75
1784376000,2026-07-18 12:00:00,9520.73,9527.47,9507.34,9517.18
1784383200,2026-07-18 14:00:00,9517.43,9524.51,9503.61,9512.32
1784390400,2026-07-18 16:00:00,9512.28,9530.31,9507.34,9525.12
1784397600,2026-07-18 18:00:00,9525.05,9527.44,9505.2,9510.7
1784404800,2026-07-18 20:00:00,9510.38,9525.29,9502.7,9505.04
1784412000,2026-07-18 22:00:00,9505.06,9512.18,9501.07,9510.01
1784419200,2026-07-19 00:00:00,9509.87,9511.9,9498.14,9510
1784426400,2026-07-19 02:00:00,9510.12,9514.7,9480.16,9482.39
1784433600,2026-07-19 04:00:00,9482.71,9485.3,9461.51,9463.07
1784440800,2026-07-19 06:00:00,9463.03,9486.52,9462.73,9475.99
1784448000,2026-07-19 08:00:00,9475.81,9477.42,9454.6,9460.18
1784455200,2026-07-19 10:00:00,9460.19,9469.09,9455.65,9462.02
1784462400,2026-07-19 12:00:00,9462.12,9476.88,9451.12,9469.3
1784469600,2026-07-19 14:00:00,9469.35,9496.45,9467.4,9489.21
1784476800,2026-07-19 16:00:00,9488.93,9511.27,9488.62,9500.95
1784484000,2026-07-19 18:00:00,9500.99,9501.33,9469.45,9486.95
1784491200,2026-07-19 20:00:00,9487.01,9489.55,9471.31,9480.7
1784498400,2026-07-19 22:00:00,9480.91,9484.16,9465.34,9472.3
1784505600,2026-07-20 00:00:00,9472.13,9489.28,9469.35,9473.14
1784512800,2026-07-20 02:00:00,9473.5,9487.01,9464.7,9476.4
1784520000,2026-07-20 04:00:00,9476.44,9483.25,9463.97,9466.1
1784527200,2026-07-20 06:00:00,9466.15,9477.18,9464.46,9472.27
1784534400,2026-07-20 08:00:00,9472.47,9492.94,9472.07,9486.96
1784541600,2026-07-20 10:00:00,9486.74,9488.9,9461.77,9468.47
1784548800,2026-07-20 12:00:00,9468.43,9472.15,9419.49,9421.57
1784556000,2026-07-20 14:00:00,9421.63,9427.34,9390.46,9395.67
1784563200,2026-07-20 16:00:00,9395.82,9400.7,9387.17,9396.46
1784570400,2026-07-20 18:00:00,9396.4,9397.37,9366.49,9377.37
1784577600,2026-07-20 20:00:00,9377.38,9400.04,9371.46,9399.38
1784584800,2026-07-20 22:00:00,9399.47,9407.26,9392.08,9395.01
1784592000,2026-07-21 00:00:00,9395.04,9402.14,9391.1,9396.54
1784599200,2026-07-21 02:00:00,9396.67,9431.91,9396.42,9426.75
1784606400,2026-07-21 04:00:00,9426.83,9429.89,9415.26,9420.77
1784613600,2026-07-21 06:00:00,9420.69,9436.24,9416.49,9420.23
1784620800,2026-07-21 08:00:00,9420.14,9439.57,9419.83,9435.29
1784628000,2026-07-21 10:00:00,9435.49,9443.21,9427.19,9430.69
1784635200,2026-07-21 12:00:00,9430.72,9446.17,9427.44,9427.49
1784642400,2026-07-21 14:00:00,9427.51,9430.92,9407.22,9418.04
1784649600,2026-07-21 16:00:00,9418.24,9431.38,9415.73,9422.67
1784656800,2026-07-21 18:00:00,9422.38,9437.3,9411.69,9417.18
1784664000,2026-07-21 20:00:00,9417.2,9451.76,9414.01,9449.38
1784671200,2026-07-21 22:00:00,9449.36,9459.78,9441.33,9445.57
1784678400,2026-07-22 00:00:00,9445.5,9450.9,9429.62,9431.44
1784685600,2026-07-22 02:00:00,9431.51,9440.96,9418.34,9439.72
1784692800,2026-07-22 04:00:00,9439.97,9457.48,9430.66,9433.56
1784700000,2026-07-22 06:00:00,9433.68,9441.45,9424.02,9432.3
1784707200,2026-07-22 08:00:00,9432.39,9442.12,9425,9437.68
1784714400,2026-07-22 10:00:00,9437.69,9444,9429.43,9438.48
1784721600,2026-07-22 12:00:00,9438.73,9441.54,9415.73,9428.31
1784728800,2026-07-22 14:00:00,9428.28,9434.47,9419.18,9432.26
1784736000,2026-07-22 16:00:00,9432.2,9434.05,9412.55,9413.06
1784743200,2026-07-22 18:00:00,9413.22,9419.26,9402.03,9414.94
1784750400,2026-07-22 20:00:00,9414.99,9418.29,9396.69,9410.09
1784757600,2026-07-22 22:00:00,9410.04,9434.33,9405.83,9406.4
1784764800,2026-07-23 00:00:00,9406.39,9429.89,9404.1,9416.23
1784772000,2026-07-23 02:00:00,9416.21,9429.63,9406.1,9427.42
1784779200,2026-07-23 04:00:00,9427.34,9430.2,9413.13,9416.61
1784786400,2026-07-23 06:00:00,9416.71,9424.96,9409.52,9423.41
1784793600,2026-07-23 08:00:00,9423.59,9429.8,9409.83,9420.13
1784800800,2026-07-23 10:00:00,9419.85,9427.4,9398.12,9406.25
1784808000,2026-07-23 12:00:00,9406.19,9409.34,9396.76,9401.79
1784815200,2026-07-23 14:00:00,9401.88,9402.54,9386.15,9394.02
1784822400,2026-07-23 16:00:00,9393.91,9397.06,9369.75,9371.33
1784829600,2026-07-23 18:00:00,9371.17,9385.47,9369.55,9385.42
1784836800,2026-07-23 20:00:00,9385.28,9413.95,9384.06,9398.24
1784844000,2026-07-23 22:00:00,9398.14,9418.31,9397.59,9409.73
1784851200,2026-07-24 00:00:00,9409.5,9411.94,9378.83,9380.08
1784858400,2026-07-24 02:00:00,9380.01,9391.05,9377.77,9386.48
1784865600,2026-07-24 04:00:00,9386.62,9387.86,9371.92,9375.46
1784872800,2026-07-24 06:00:00,9375.53,9400.2,9371.99,9395.64
1784880000,2026-07-24 08:00:00,9395.69,9404.3,9388.06,9399.53
1784887200,2026-07-24 10:00:00,9399.65,9410.5,9389.63,9400.84
1784894400,2026-07-24 12:00:00,9400.98,9421.4,9399.63,9411.01
1784901600,2026-07-24 14:00:00,9410.99,9413.29,9395.67,9403.83
1784908800,2026-07-24 16:00:00,9403.5,9408.18,9384.32,9388.39
1784916000,2026-07-24 18:00:00,9388.25,9402.6,9387.13,9393.07
1784923200,2026-07-24 20:00:00,9393.1,9395.14,9372.41,9378.28
1784930400,2026-07-24 22:00:00,9378.32,9382.22,9354.6,9368.55
1784937600,2026-07-25 00:00:00,9368.61,9372.5,9329.26,9332.49
1784944800,2026-07-25 02:00:00,9332.63,9344.41,9330.91,9339.91
1784952000,2026-07-25 04:00:00,9339.94,9361.67,9338.12,9353.83
1784959200,2026-07-25 06:00:00,9353.67,9355.87,9335.94,9340.55
1784966400,2026-07-25 08:00:00,9340.34,9355.08,9336.74,9339.24
1784973600,2026-07-25 10:00:00,9339.51,9357.81,9335.06,9350.16
1784980800,2026-07-25 12:00:00,9350.22,9361.23,9343.36,9348.14
1784988000,2026-07-25 14:00:00,9348.2,9351.52,9332.26,9337.14
1784995200,2026-07-25 16:00:00,9336.87,9349.06,9330.59,9342.42
1785002400,2026-07-25 18:00:00,9342.36,9360.14,9342.36,9356.38
1785009600,2026-07-25 20:00:00,9356.53,9359.97,9335.28,9345.94
1785016800,2026-07-25 22:00:00,9345.87,9355.34,9335.56,9347.38
1785024000,2026-07-26 00:00:00,9347.53,9351.74,9316.2,9318.29
1785031200,2026-07-26 02:00:00,9318.19,9327.5,9309.16,9320.97
1785038400,2026-07-26 04:00:00,9321.05,9330.73,9313.98,9325.11
1785045600,2026-07-26 06:00:00,9325.4,9337.14,9320.41,9329.11
1785052800,2026-07-26 08:00:00,9328.88,9348.43,9319.43,9332.22
1785060000,2026-07-26 10:00:00,9332.15,9335.93,9321.22,9332.45
1785067200,2026-07-26 12:00:00,9332.34,9353.74,9329.32,9351.96
1785074400,2026-07-26 14:00:00,9352.06,9364.04,9344.58,9360.82
1785081600,2026-07-26 16:00:00,9360.95,9366.15,9323.56,9328.7
1785088800,2026-07-26 18:00:00,9328.91,9348.35,9322.4,9343.35
1785096000,2026-07-26 20:00:00,9343.44,9355.94,9340.55,9351.76
1785103200,2026-07-26 22:00:00,9351.72,9366.97,9351.01,9356.94
1785110400,2026-07-27 00:00:00,9357,9358.04,9345.15,9349.9
1785117600,2026-07-27 02:00:00,9350.16,9354,9329.76,9350.21
1785124800,2026-07-27 04:00:00,9350.21,9371.2,9350.21,9360.15
1785132000,2026-07-27 06:00:00,9360.11,9375.63,9351.75,9374.23
1785139200,2026-07-27 08:00:00,9374.44,9378.49,9363.19,9364.6
1785146400,2026-07-27 10:00:00,9364.29,9370.99,9355.23,9370.14
1785153600,2026-07-27 12:00:00,9369.99,9374.8,9354.75,9356.81
1785160800,2026-07-27 14:00:00,9356.66,9379.65,9356.58,9374.31
1785168000,2026-07-27 16:00:00,9374.36,9384.87,9365.27,9372.23
1785175200,2026-07-27 18:00:00,9372.18,9378.55,9360.1,9375.62
1785182400,2026-07-27 20:00:00,9375.81,9399.86,9374.77,9385.3
1785189600,2026-07-27 22:00:00,9385.36,9407.65,9380.83,9386.8
1785196800,2026-07-28 00:00:00,9387.21,9394.98,9375.49,9378.44
1785204000,2026-07-28 02:00:00,9378.35,9388.61,9368.91,9379.05
1785211200,2026-07-28 04:00:00,9378.94,9381.53,9356.97,9378.11
1785218400,2026-07-28 06:00:00,9378.12,9397.81,9372.62,9388.63
1785225600,2026-07-28 08:00:00,9388.76,9395.38,9369.42,9374.84
1785232800,2026-07-28 10:00:00,9374.71,9398.36,9372.61,9383.08
1785240000,2026-07-28 12:00:00,9382.7,9399.48,9381.95,9396.4
1785247200,2026-07-28 14:00:00,9396.4,9400.42,9383.91,9397.73
1785254400,2026-07-28 16:00:00,9397.87,9404.72,9391.77,9395.09
1785261600,2026-07-28 18:00:00,9395.08,9421.8,9394.37,9409.39
1785268800,2026-07-28 20:00:00,9409.34,9419.7,9397.44,9406.52
1785276000,2026-07-28 22:00:00,9406.38,9438.23,9405.14,9426.02
1785283200,2026-07-29 00:00:00,9425.97,9439.53,9421.03,9432.63
1785290400,2026-07-29 02:00:00,9432.59,9459.48,9430.57,9455.82
1785297600,2026-07-29 04:00:00,9455.82,9463.31,9432,9436.38
1785304800,2026-07-29 06:00:00,9436.36,9444.28,9427.6,9443.81
1785312000,2026-07-29 08:00:00,9444.02,9449.72,9424.07,9445.36
1785319200,2026-07-29 10:00:00,9445.41,9445.73,9420.56,9430.51
1785326400,2026-07-29 12:00:00,9430.52,9450.02,9425.75,9447.76
1785333600,2026-07-29 14:00:00,9447.78,9458.97,9440.29,9457.62
1785340800,2026-07-29 16:00:00,9457.93,9482.33,9456.87,9480.96
1785348000,2026-07-29 18:00:00,9481.02,9486.44,9469.85,9478.42
1785355200,2026-07-29 20:00:00,9478.4,9499.1,9477.78,9493.95
1785362400,2026-07-29 22:00:00,9493.84,9504.24,9487.08,9491.68
1785369600,2026-07-30 00:00:00,9491.42,9512.01,9490.16,9512.01
1785376800,2026-07-30 02:00:00,9512.07,9550.78,9509.89,9546.38
1785384000,2026-07-30 04:00:00,9546.56,9573.38,9540.76,9569.49
1785391200,2026-07-30 06:00:00,9569.59,9585.48,9557.42,9580.88
1785398400,2026-07-30 08:00:00,9580.65,9599.09,9571.57,9592.91
1785405600,2026-07-30 10:00:00,9592.76,9601.8,9583.09,9584.48
1785412800,2026-07-30 12:00:00,9584.45,9603.88,9578.86,9583.81
1785420000,2026-07-30 14:00:00,9583.86,9595.98,9579.33,9582.26
1785427200,2026-07-30 16:00:00,9582.15,9595.59,9573.87,9574.83
1785434400,2026-07-30 18:00:00,9574.69,9580.08,9568.13,9569.91
1785441600,2026-07-30 20:00:00,9569.84,9609.7,9567.8,9609.21
1785448800,2026-07-30 22:00:00,9609.34,9622.85,9601.72,9615.43
1785456000,2026-07-31 00:00:00,9615.33,9642.79,9613.46,9640.86
1785463200,2026-07-31 02:00:00,9640.85,9667.13,9634.66,9665.44
1785470400,2026-07-31 04:00:00,9665.6,9672.44,9655.07,9663.33
1785477600,2026-07-31 06:00:00,9663.35,9685.03,9657.6,9681.37
1785484800,2026-07-31 08:00:00,9681.22,9686.8,9676.77,9683.86
