epoch,datetime_utc,open,high,low,close
1753953873,2025-07-31 09:24:33,1080.06,1097.34,1069.32,1075.08
1753963200,2025-07-31 12:00:00,1075.09,1081.56,1051.63,1059.16
1753977600,2025-07-31 16:00:00,1058.84,1064.29,1040.63,1054.91
1753992000,2025-07-31 20:00:00,1054.28,1077.77,1035.61,1066.08
1754006400,2025-08-01 00:00:00,1066.09,1080.59,1013.72,1017.78
1754020800,2025-08-01 04:00:00,1018.01,1018.63,990.9,999.78
1754035200,2025-08-01 08:00:00,999.94,1011.94,981.2,1001.72
1754049600,2025-08-01 12:00:00,1001.59,1033.94,998.66,1000.26
1754064000,2025-08-01 16:00:00,1000.16,1040.36,994.67,1026.16
1754078400,2025-08-01 20:00:00,1026.25,1031.21,983.58,985.64
1754092800,2025-08-02 00:00:00,985.74,994.11,960.48,965.47
1754107200,2025-08-02 04:00:00,965.33,1007.41,951.4,1005.07
1754121600,2025-08-02 08:00:00,1004.52,1021.97,989.54,1012.5
1754136000,2025-08-02 12:00:00,1012.76,1021.39,1003.78,1017.61
1754150400,2025-08-02 16:00:00,1017.02,1020.57,997.23,1013.69
1754164800,2025-08-02 20:00:00,1013.7,1014.26,970.96,981.77
1754179200,2025-08-03 00:00:00,981.56,990.66,970.09,984.9
1754193600,2025-08-03 04:00:00,984.24,1006.82,969.09,989.45
1754208000,2025-08-03 08:00:00,989.58,1004.02,971.78,997.02
1754222400,2025-08-03 12:00:00,997.16,997.64,978.43,991.31
1754236800,2025-08-03 16:00:00,991.21,1008.32,976.91,1007.98
1754251200,2025-08-03 20:00:00,1007.89,1020.03,983.13,1003.69
1754265600,2025-08-04 00:00:00,1003.62,1049.33,1002.63,1041.89
1754280000,2025-08-04 04:00:00,1041.71,1062.92,1041.28,1057.83
1754294400,2025-08-04 08:00:00,1057.93,1084.57,1046.32,1048.14
1754308800,2025-08-04 12:00:00,1048.03,1058.87,1032.97,1036.95
1754323200,2025-08-04 16:00:00,1036.78,1065.46,1032.38,1060.43
1754337600,2025-08-04 20:00:00,1059.88,1077.37,1031.22,1036.7
1754352000,2025-08-05 00:00:00,1036.52,1060.92,1030.2,1045.1
1754366400,2025-08-05 04:00:00,1045.09,1056.15,1023.82,1052.26
1754380800,2025-08-05 08:00:00,1052.05,1084.71,1048.47,1074.57
1754395200,2025-08-05 12:00:00,1074.14,1103.9,1062.87,1097.76
1754409600,2025-08-05 16:00:00,1097.6,1110.86,1068.73,1079.19
1754424000,2025-08-05 20:00:00,1079.26,1104.12,1058.09,1098.61
1754438400,2025-08-06 00:00:00,1099.01,1118.23,1087.68,1114.66
1754452800,2025-08-06 04:00:00,1114.21,1153.91,1111.41,1153.69
1754467200,2025-08-06 08:00:00,1153.98,1155.88,1116.58,1122.96
1754481600,2025-08-06 12:00:00,1122.79,1152.32,1119.56,1134.98
1754496000,2025-08-06 16:00:00,1135.44,1156.66,1117.95,1152.75
1754510400,2025-08-06 20:00:00,1152.37,1153.44,1113.42,1114.56
1754524800,2025-08-07 00:00:00,1114.52,1119.55,1047.64,1051.35
1754539200,2025-08-07 04:00:00,1051.54,1084.64,1049.64,1080.98
1754553600,2025-08-07 08:00:00,1081.01,1100.59,1063.9,1076.11
1754568000,2025-08-07 12:00:00,1075.77,1094.27,1063.06,1076.61
1754582400,2025-08-07 16:00:00,1076.86,1081.65,1046.73,1049.33
1754596800,2025-08-07 20:00:00,1049.4,1092.67,1048.35,1090.23
1754611200,2025-08-08 00:00:00,1090.1,1107.24,1068.92,1103.5
1754625600,2025-08-08 04:00:00,1103.4,1107.66,1048.19,1048.86
1754640000,2025-08-08 08:00:00,1049.24,1050.27,1023.54,1037.14
1754654400,2025-08-08 12:00:00,1036.73,1065.02,1029.32,1056.43
1754668800,2025-08-08 16:00:00,1056.53,1083.98,1051.42,1076.33
1754683200,2025-08-08 20:00:00,1076.39,1076.56,1028.88,1029.83
1754697600,2025-08-09 00:00:00,1029.62,1049.04,1018.38,1045.39
1754712000,2025-08-09 04:00:00,1044.87,1057.89,1008.65,1012.31
1754726400,2025-08-09 08:00:00,1012.34,1035.88,1000.93,1025.34
1754740800,2025-08-09 12:00:00,1025.19,1033.64,1002.5,1027.28
1754755200,2025-08-09 16:00:00,1027.17,1037.77,1018.07,1036.21
1754769600,2025-08-09 20:00:00,1036.16,1037.69,1005.35,1007.8
1754784000,2025-08-10 00:00:00,1007.75,1016.11,997.73,1003.28
1754798400,2025-08-10 04:00:00,1003.14,1014.2,991.67,1000.14
1754812800,2025-08-10 08:00:00,1000.06,1028.73,995.08,1027.46
1754827200,2025-08-10 12:00:00,1027.42,1030.37,1008.3,1017.13
1754841600,2025-08-10 16:00:00,1017.23,1019.44,985.26,990.33
1754856000,2025-08-10 20:00:00,990.32,990.9,952.13,954.68
1754870400,2025-08-11 00:00:00,954.37,967.98,946.73,955.05
1754884800,2025-08-11 04:00:00,955.07,955.24,929.29,937.72
1754899200,2025-08-11 08:00:00,937.56,943.07,916.47,932.99
1754913600,2025-08-11 12:00:00,932.99,940.04,913.04,922.81
1754928000,2025-08-11 16:00:00,923.05,930.58,879.27,884.01
1754942400,2025-08-11 20:00:00,884.01,924.73,882.93,918.65
1754956800,2025-08-12 00:00:00,919.17,933.36,896.19,905.09
1754971200,2025-08-12 04:00:00,905.58,922.07,900.87,915.37
1754985600,2025-08-12 08:00:00,915.3,915.85,878.09,881.22
1755000000,2025-08-12 12:00:00,881.14,903.1,870.3,889.75
1755014400,2025-08-12 16:00:00,890.02,901.98,870.18,875.84
1755028800,2025-08-12 20:00:00,875.37,888.93,869.52,870.71
1755043200,2025-08-13 00:00:00,870.72,873.57,826.94,831.2
1755057600,2025-08-13 04:00:00,831.07,867.21,829.41,859.63
1755072000,2025-08-13 08:00:00,859.45,888.21,855.17,878.44
1755086400,2025-08-13 12:00:00,878.35,890.83,873.5,881.8
1755100800,2025-08-13 16:00:00,881.75,915.53,876.21,913.56
1755115200,2025-08-13 20:00:00,913.16,924.5,908.15,910.76
1755129600,2025-08-14 00:00:00,911.08,923.74,899.17,908.95
1755144000,2025-08-14 04:00:00,908.97,942.36,894.92,937.57
1755158400,2025-08-14 08:00:00,937.57,979.3,930.3,977.03
1755172800,2025-08-14 12:00:00,977.12,1001.72,971.39,1000.47
1755187200,2025-08-14 16:00:00,1000.47,1007.49,978.43,979.1
1755201600,2025-08-14 20:00:00,978.99,986.27,967.68,977.93
1755216000,2025-08-15 00:00:00,978.17,1008.12,978.17,997.85
1755230400,2025-08-15 04:00:00,998.1,1063.11,995.9,1061.38
1755244800,2025-08-15 08:00:00,1061.27,1062.85,1012.11,1043.07
1755259200,2025-08-15 12:00:00,1043.44,1102.4,1039.6,1093.49
1755273600,2025-08-15 16:00:00,1093.08,1137.23,1087.51,1126.66
1755288000,2025-08-15 20:00:00,1126.68,1145.27,1121.73,1131.36
1755302400,2025-08-16 00:00:00,1131.59,1167.96,1126.06,1164.69
1755316800,2025-08-16 04:00:00,1164.78,1191.61,1156.05,1171.84
1755331200,2025-08-16 08:00:00,1172.24,1200.15,1172.24,1186.43
1755345600,2025-08-16 12:00:00,1186.85,1196.75,1156.9,1171.86
1755360000,2025-08-16 16:00:00,1171.34,1178.64,1157.01,1172.22
1755374400,2025-08-16 20:00:00,1171.72,1183.46,1126.57,1131.66
1755388800,2025-08-17 00:00:00,1131.62,1158.93,1129.33,1150.63
1755403200,2025-08-17 04:00:00,1150.62,1171.42,1135.88,1164.46
1755417600,2025-08-17 08:00:00,1164.29,1197.26,1157.88,1189.58
1755432000,2025-08-17 12:00:00,1189.5,1234.34,1186.34,1222.58
1755446400,2025-08-17 16:00:00,1222.47,1223.47,1163.13,1170.51
1755460800,2025-08-17 20:00:00,1170.11,1178.05,1144.7,1155
1755475200,2025-08-18 00:00:00,1155.22,1175.26,1140.3,1163.32
1755489600,2025-08-18 04:00:00,1163.07,1172.82,1150.91,1162.76
1755504000,2025-08-18 08:00:00,1162.49,1173.85,1142.47,1162.35
1755518400,2025-08-18 12:00:00,1162.71,1166.34,1105.74,1120.53
1755532800,2025-08-18 16:00:00,1120.83,1122.26,1086.81,1088.95
1755547200,2025-08-18 20:00:00,1088.91,1099.41,1080.29,1095.41
1755561600,2025-08-19 00:00:00,1095.05,1106.85,1071.49,1096.09
1755576000,2025-08-19 04:00:00,1096.22,1113.66,1080.86,1101.7
1755590400,2025-08-19 08:00:00,1102.13,1128.64,1094.22,1126.4
1755604800,2025-08-19 12:00:00,1125.91,1151.65,1109.3,1143.02
1755619200,2025-08-19 16:00:00,1142.76,1151.34,1119.69,1129.64
1755633600,2025-08-19 20:00:00,1129.72,1165.17,1111.13,1165.17
1755648000,2025-08-20 00:00:00,1165.31,1192.56,1156.12,1189.77
1755662400,2025-08-20 04:00:00,1189.97,1206.47,1153.35,1154.5
1755676800,2025-08-20 08:00:00,1154.53,1163.75,1129.78,1160.91
1755691200,2025-08-20 12:00:00,1161.15,1175.54,1145.49,1166.99
1755705600,2025-08-20 16:00:00,1166.61,1184.5,1162.31,1179.42
1755720000,2025-08-20 20:00:00,1179.12,1194.64,1161.78,1188.17
1755734400,2025-08-21 00:00:00,1188.13,1214.58,1179.03,1191.08
1755748800,2025-08-21 04:00:00,1191.09,1224.1,1181.05,1198.21
1755763200,2025-08-21 08:00:00,1198.34,1240.69,1186.6,1221.95
1755777600,2025-08-21 12:00:00,1221.81,1225.22,1197.79,1200.2
1755792000,2025-08-21 16:00:00,1200.06,1237.15,1196.5,1218.47
1755806400,2025-08-21 20:00:00,1218.25,1225.82,1207.04,1219.31
1755820800,2025-08-22 00:00:00,1219.17,1242.97,1217.22,1231.89
1755835200,2025-08-22 04:00:00,1231.97,1257.49,1228.86,1233.93
1755849600,2025-08-22 08:00:00,1233.73,1271.71,1228.35,1235.89
1755864000,2025-08-22 12:00:00,1236,1255.16,1204.65,1224.14
1755878400,2025-08-22 16:00:00,1224.04,1224.62,1188.61,1199.45
1755892800,2025-08-22 20:00:00,1199.63,1227.1,1198.28,1222.91
1755907200,2025-08-23 00:00:00,1222.89,1224.29,1202.23,1205.65
1755921600,2025-08-23 04:00:00,1206.69,1220.04,1180.54,1220.04
1755936000,2025-08-23 08:00:00,1220.12,1282.3,1217.87,1269.29
1755950400,2025-08-23 12:00:00,1269.24,1291.88,1257.36,1261.41
1755964800,2025-08-23 16:00:00,1262.3,1289.36,1238.49,1241
1755979200,2025-08-23 20:00:00,1241.15,1265.61,1229.69,1263.6
1755993600,2025-08-24 00:00:00,1263.27,1280.26,1222.54,1225.66
1756008000,2025-08-24 04:00:00,1225.39,1277.67,1219.41,1272.98
1756022400,2025-08-24 08:00:00,1273.46,1282.53,1233.07,1234.73
1756036800,2025-08-24 12:00:00,1234.77,1257.92,1216.33,1216.6
1756051200,2025-08-24 16:00:00,1216.12,1230.27,1194.61,1200.89
1756065600,2025-08-24 20:00:00,1200.37,1222.59,1187.62,1215.7
1756080000,2025-08-25 00:00:00,1216.12,1252.4,1210.88,1238.24
1756094400,2025-08-25 04:00:00,1238.22,1266.38,1224.21,1249.13
1756108800,2025-08-25 08:00:00,1248.87,1258.25,1220.16,1240.92
1756123200,2025-08-25 12:00:00,1240.83,1248.84,1220.63,1247.39
1756137600,2025-08-25 16:00:00,1246.94,1263.97,1230.28,1255.57
1756152000,2025-08-25 20:00:00,1255.26,1270.06,1222.91,1223.86
1756166400,2025-08-26 00:00:00,1223.49,1246.91,1219.1,1246.91
1756180800,2025-08-26 04:00:00,1247.6,1250.43,1212.7,1250.2
1756195200,2025-08-26 08:00:00,1250.24,1264.76,1232.39,1243.48
1756209600,2025-08-26 12:00:00,1243.7,1288.4,1240.17,1275.46
1756224000,2025-08-26 16:00:00,1275.57,1277.91,1205.79,1221.64
1756238400,2025-08-26 20:00:00,1221.45,1247.64,1217.7,1231.43
1756252800,2025-08-27 00:00:00,1231.68,1244.1,1210.3,1237.27
1756267200,2025-08-27 04:00:00,1237.64,1285.62,1237.01,1277.45
1756281600,2025-08-27 08:00:00,1277.13,1335.09,1270.08,1309.75
1756296000,2025-08-27 12:00:00,1309.86,1328.16,1281.37,1282.38
1756310400,2025-08-27 16:00:00,1282.13,1306.93,1261.96,1277.41
1756324800,2025-08-27 20:00:00,1277.57,1286.52,1249.03,1262.6
1756339200,2025-08-28 00:00:00,1262.7,1275.99,1247.87,1271.83
1756353600,2025-08-28 04:00:00,1272.33,1276.01,1210.96,1220.14
1756368000,2025-08-28 08:00:00,1220.59,1233.49,1197.66,1206.64
1756382400,2025-08-28 12:00:00,1206.91,1235.78,1205.38,1227.06
1756396800,2025-08-28 16:00:00,1227.11,1266.13,1226.61,1248.05
1756411200,2025-08-28 20:00:00,1247.92,1248.79,1186.91,1191.9
1756425600,2025-08-29 00:00:00,1191.75,1248.38,1190,1239.12
1756440000,2025-08-29 04:00:00,1238.76,1256.89,1220.58,1253.5
1756454400,2025-08-29 08:00:00,1253.68,1306.79,1249.41,1279.22
1756468800,2025-08-29 12:00:00,1279.37,1289.09,1260.44,1262.96
1756483200,2025-08-29 16:00:00,1263.04,1271.03,1229.68,1238.33
1756497600,2025-08-29 20:00:00,1238.57,1279.25,1238.57,1261.09
1756512000,2025-08-30 00:00:00,1260.99,1261.03,1201.46,1221.32
1756526400,2025-08-30 04:00:00,1220.85,1241.82,1209.83,1222.99
1756540800,2025-08-30 08:00:00,1222.82,1253.1,1221.66,1227.11
1756555200,2025-08-30 12:00:00,1226.93,1233.85,1185.81,1194.22
1756569600,2025-08-30 16:00:00,1193.94,1273.7,1191.27,1249.92
1756584000,2025-08-30 20:00:00,1249.99,1284.12,1239.9,1267.58
1756598400,2025-08-31 00:00:00,1268,1289.43,1243.91,1287.6
1756612800,2025-08-31 04:00:00,1287.81,1318.24,1284.48,1310.25
1756627200,2025-08-31 08:00:00,1310.1,1332.38,1278.77,1294.83
1756641600,2025-08-31 12:00:00,1294.46,1315.47,1287.9,1308.16
1756656000,2025-08-31 16:00:00,1307.53,1335.38,1296.83,1304.04
1756670400,2025-08-31 20:00:00,1304.58,1329.37,1284.85,1313.67
1756684800,2025-09-01 00:00:00,1313.89,1334.46,1285.41,1289.74
1756699200,2025-09-01 04:00:00,1290.09,1294.78,1232.25,1242.82
1756713600,2025-09-01 08:00:00,1242.43,1269.77,1222.51,1256.17
1756728000,2025-09-01 12:00:00,1256.35,1261.16,1220.81,1233.15
1756742400,2025-09-01 16:00:00,1233.09,1271.01,1218.98,1257.24
1756756800,2025-09-01 20:00:00,1257.57,1290.82,1240.88,1287.85
1756771200,2025-09-02 00:00:00,1287.55,1299.63,1242.21,1243.16
1756785600,2025-09-02 04:00:00,1242.94,1245.98,1182.62,1202.21
1756800000,2025-09-02 08:00:00,1202.46,1226.61,1200.42,1225.48
1756814400,2025-09-02 12:00:00,1225.27,1231.03,1194.53,1219.78
1756828800,2025-09-02 16:00:00,1219.89,1254.78,1218.45,1230.63
1756843200,2025-09-02 20:00:00,1230.93,1242.55,1193,1199.94
1756857600,2025-09-03 00:00:00,1200.18,1203.61,1162.63,1167.04
1756872000,2025-09-03 04:00:00,1166.57,1179.87,1148.6,1166.79
1756886400,2025-09-03 08:00:00,1166.88,1197.19,1161.21,1168.17
1756900800,2025-09-03 12:00:00,1168.3,1179.82,1147.87,1153.1
1756915200,2025-09-03 16:00:00,1153.24,1171.1,1123.99,1135.15
1756929600,2025-09-03 20:00:00,1134.56,1142.78,1114.61,1133.58
1756944000,2025-09-04 00:00:00,1133.89,1145.63,1112.76,1116.08
1756958400,2025-09-04 04:00:00,1116.05,1125.57,1088.23,1120.85
1756972800,2025-09-04 08:00:00,1121.3,1151.63,1111.16,1138.97
1756987200,2025-09-04 12:00:00,1139.59,1141.43,1107.03,1111.58
1757001600,2025-09-04 16:00:00,1112.26,1119.25,1092.31,1110.82
1757016000,2025-09-04 20:00:00,1111.15,1122.04,1095.07,1106.21
1757030400,2025-09-05 00:00:00,1106.25,1108.93,1073.41,1083.72
1757044800,2025-09-05 04:00:00,1083.53,1126.06,1081.27,1112.92
1757059200,2025-09-05 08:00:00,1113.07,1161.29,1107.35,1145.72
1757073600,2025-09-05 12:00:00,1145.64,1173.27,1143.8,1162.31
1757088000,2025-09-05 16:00:00,1162.48,1175.67,1139.5,1146.37
1757102400,2025-09-05 20:00:00,1146.35,1187.2,1137.67,1184.94
1757116800,2025-09-06 00:00:00,1184.74,1202.15,1176.53,1191.79
1757131200,2025-09-06 04:00:00,1192.01,1212.94,1160.01,1163.48
1757145600,2025-09-06 08:00:00,1162.96,1188.57,1158.39,1175.24
1757160000,2025-09-06 12:00:00,1175.1,1232.83,1169.46,1219.95
1757174400,2025-09-06 16:00:00,1219.59,1263.77,1215.11,1235.15
1757188800,2025-09-06 20:00:00,1235.6,1262.49,1217.42,1261.03
1757203200,2025-09-07 00:00:00,1261.11,1301.37,1260.85,1293.7
1757217600,2025-09-07 04:00:00,1293.52,1302.87,1260.87,1284.31
1757232000,2025-09-07 08:00:00,1284.7,1303.14,1265.43,1265.43
1757246400,2025-09-07 12:00:00,1265.39,1289.43,1253.99,1255.6
1757260800,2025-09-07 16:00:00,1255.15,1303.74,1251.03,1293.61
1757275200,2025-09-07 20:00:00,1293.7,1302,1272.37,1275.12
1757289600,2025-09-08 00:00:00,1274.48,1287.26,1250.94,1267.98
1757304000,2025-09-08 04:00:00,1267.7,1288.29,1259.67,1274.89
1757318400,2025-09-08 08:00:00,1275.12,1279.6,1242.33,1268.92
1757332800,2025-09-08 12:00:00,1268.5,1272.77,1215.22,1244.53
1757347200,2025-09-08 16:00:00,1245.07,1257.36,1226.42,1241.14
1757361600,2025-09-08 20:00:00,1241.57,1283.61,1230.62,1247.87
1757376000,2025-09-09 00:00:00,1247.31,1275.93,1229.2,1272.71
1757390400,2025-09-09 04:00:00,1272.44,1282.09,1230.23,1238.91
1757404800,2025-09-09 08:00:00,1239,1247.09,1216.42,1240.99
1757419200,2025-09-09 12:00:00,1240.96,1254.44,1210.95,1221.36
1757433600,2025-09-09 16:00:00,1221.68,1247.64,1199.53,1240.82
1757448000,2025-09-09 20:00:00,1240.66,1261.96,1236.59,1246.75
1757462400,2025-09-10 00:00:00,1246.94,1249.64,1196.57,1197.28
1757476800,2025-09-10 04:00:00,1197.18,1253,1197.18,1249.7
1757491200,2025-09-10 08:00:00,1249.59,1293.97,1234.28,1293.86
1757505600,2025-09-10 12:00:00,1294.24,1328.21,1287.32,1301.95
1757520000,2025-09-10 16:00:00,1301.94,1316.61,1284.57,1293.45
1757534400,2025-09-10 20:00:00,1293.13,1330.79,1291.28,1308.69
1757548800,2025-09-11 00:00:00,1308.68,1317.21,1285.9,1287.6
1757563200,2025-09-11 04:00:00,1287.65,1299.17,1262.64,1279.83
1757577600,2025-09-11 08:00:00,1279.78,1284.19,1235.93,1278.67
1757592000,2025-09-11 12:00:00,1278.31,1294.78,1269.46,1281.51
1757606400,2025-09-11 16:00:00,1281.23,1298.72,1268.58,1277.11
1757620800,2025-09-11 20:00:00,1277.84,1297.56,1261.55,1275.86
1757635200,2025-09-12 00:00:00,1276.2,1285.64,1245.47,1279.05
1757649600,2025-09-12 04:00:00,1278.71,1291.9,1264.38,1272.13
1757664000,2025-09-12 08:00:00,1271.95,1310.88,1266.59,1308.79
1757678400,2025-09-12 12:00:00,1308.71,1347.43,1304.42,1345.35
1757692800,2025-09-12 16:00:00,1344.87,1354.78,1308.38,1325.26
1757707200,2025-09-12 20:00:00,1325.22,1355.55,1318.98,1330.35
1757721600,2025-09-13 00:00:00,1330.17,1364.17,1330.17,1337.41
1757736000,2025-09-13 04:00:00,1338.08,1340.48,1306.26,1315.04
1757750400,2025-09-13 08:00:00,1315.37,1342.6,1307.75,1329.28
1757764800,2025-09-13 12:00:00,1328.93,1373.35,1328.21,1347.05
1757779200,2025-09-13 16:00:00,1346.94,1373.99,1330.29,1357.19
1757793600,2025-09-13 20:00:00,1357.62,1376.17,1334.04,1343.36
1757808000,2025-09-14 00:00:00,1343.34,1381.72,1325.83,1372.46
1757822400,2025-09-14 04:00:00,1373.09,1373.79,1340.62,1373.08
1757836800,2025-09-14 08:00:00,1372.94,1396.45,1338.15,1338.33
1757851200,2025-09-14 12:00:00,1338.3,1345.81,1294.57,1307.08
1757865600,2025-09-14 16:00:00,1306.89,1308.6,1228.83,1228.83
1757880000,2025-09-14 20:00:00,1228.78,1231.34,1165.67,1171.67
1757894400,2025-09-15 00:00:00,1171.47,1179.11,1159.45,1166.95
1757908800,2025-09-15 04:00:00,1166.65,1169.41,1137.92,1146.78
1757923200,2025-09-15 08:00:00,1146.96,1152.09,1116.29,1140.35
1757937600,2025-09-15 12:00:00,1140.24,1188.75,1125.89,1186.08
1757952000,2025-09-15 16:00:00,1185.94,1234.8,1178.4,1233.69
1757966400,2025-09-15 20:00:00,1233.59,1237.67,1190.4,1196.3
1757980800,2025-09-16 00:00:00,1196.02,1217.28,1173.77,1183.23
1757995200,2025-09-16 04:00:00,1183.21,1207.76,1179.09,1180.5
1758009600,2025-09-16 08:00:00,1180.76,1186.31,1163.75,1171.12
1758024000,2025-09-16 12:00:00,1171.13,1177.11,1140.52,1170.91
1758038400,2025-09-16 16:00:00,1170.87,1196.96,1165.61,1192.7
1758052800,2025-09-16 20:00:00,1192.41,1195.49,1165.34,1188.77
1758067200,2025-09-17 00:00:00,1188.57,1194.89,1139.65,1141.68
1758081600,2025-09-17 04:00:00,1141.78,1173.02,1141.19,1161.65
1758096000,2025-09-17 08:00:00,1161.5,1168,1130.84,1144.28
1758110400,2025-09-17 12:00:00,1144.54,1171.46,1138.35,1169.37
1758124800,2025-09-17 16:00:00,1169.78,1231.65,1168.97,1220.81
1758139200,2025-09-17 20:00:00,1221.06,1232.69,1209.2,1226.04
1758153600,2025-09-18 00:00:00,1225.9,1269.69,1221.57,1249.73
1758168000,2025-09-18 04:00:00,1249.75,1257.24,1195.91,1206.35
1758182400,2025-09-18 08:00:00,1205.94,1226.9,1182.65,1197.58
1758196800,2025-09-18 12:00:00,1197.6,1205.42,1151.76,1177.52
1758211200,2025-09-18 16:00:00,1177.47,1187.09,1155.94,1166.73
1758225600,2025-09-18 20:00:00,1166.87,1179.31,1147.63,1152.59
1758240000,2025-09-19 00:00:00,1152.34,1165.77,1116.58,1136.21
1758254400,2025-09-19 04:00:00,1136.48,1141.26,1108.87,1108.97
1758268800,2025-09-19 08:00:00,1109.16,1122.71,1092.97,1095.79
1758283200,2025-09-19 12:00:00,1095.78,1097.76,1073.67,1087
1758297600,2025-09-19 16:00:00,1086.87,1095.16,1063.76,1071.18
1758312000,2025-09-19 20:00:00,1071.63,1071.67,1032.88,1049.17
1758326400,2025-09-20 00:00:00,1049.34,1070.79,1026.75,1064.74
1758340800,2025-09-20 04:00:00,1064.96,1098.56,1058.05,1098.53
1758355200,2025-09-20 08:00:00,1098.9,1099.72,1068.48,1077.33
1758369600,2025-09-20 12:00:00,1077.51,1086.23,1066.17,1074.46
1758384000,2025-09-20 16:00:00,1074.47,1076.39,1039.64,1043.95
1758398400,2025-09-20 20:00:00,1044.24,1063.85,1037.6,1040.77
1758412800,2025-09-21 00:00:00,1040.57,1043.08,999.73,1009.16
1758427200,2025-09-21 04:00:00,1009.16,1021.8,990.92,1004.34
1758441600,2025-09-21 08:00:00,1004.51,1024.8,992.86,995.69
1758456000,2025-09-21 12:00:00,995.77,1009.55,986.38,999.53
1758470400,2025-09-21 16:00:00,999.71,1022.27,990.93,996.83
1758484800,2025-09-21 20:00:00,996.18,1041.21,986.78,1033.36
1758499200,2025-09-22 00:00:00,1033.87,1047.5,1026.9,1030.49
1758513600,2025-09-22 04:00:00,1030.58,1056.43,1007.85,1013.01
1758528000,2025-09-22 08:00:00,1013.27,1020.41,993.21,1019.97
1758542400,2025-09-22 12:00:00,1020.13,1052.56,1019.27,1023.17
1758556800,2025-09-22 16:00:00,1023.03,1056.56,1016.2,1056.12
1758571200,2025-09-22 20:00:00,1056.09,1092.99,1054.25,1073.12
1758585600,2025-09-23 00:00:00,1073.01,1079.66,1047.89,1075.59
1758600000,2025-09-23 04:00:00,1075.62,1086.2,1055.5,1067.08
1758614400,2025-09-23 08:00:00,1067.15,1098.03,1063.73,1073.11
1758628800,2025-09-23 12:00:00,1072.97,1113.21,1068.79,1108.97
1758643200,2025-09-23 16:00:00,1108.91,1142.01,1106.02,1128.39
1758657600,2025-09-23 20:00:00,1128.22,1152.62,1121.36,1149.06
1758672000,2025-09-24 00:00:00,1148.85,1203.36,1145.56,1197.82
1758686400,2025-09-24 04:00:00,1197.91,1228.66,1190.42,1193.01
1758700800,2025-09-24 08:00:00,1193.51,1229.84,1189.02,1211.22
1758715200,2025-09-24 12:00:00,1210.82,1232.08,1178.98,1182.51
1758729600,2025-09-24 16:00:00,1182.23,1197.73,1166.35,1168.31
1758744000,2025-09-24 20:00:00,1168.51,1206.41,1147.71,1204.95
1758758400,2025-09-25 00:00:00,1205.35,1222.45,1170.02,1218.88
1758772800,2025-09-25 04:00:00,1219.15,1260.06,1211.56,1258.17
1758787200,2025-09-25 08:00:00,1257.84,1263.11,1223.08,1242.81
1758801600,2025-09-25 12:00:00,1243.09,1259.83,1216.74,1255.94
1758816000,2025-09-25 16:00:00,1255.54,1268.7,1240,1258.86
1758830400,2025-09-25 20:00:00,1258.98,1312.48,1254.53,1305
1758844800,2025-09-26 00:00:00,1304.24,1335.1,1294.44,1310.83
1758859200,2025-09-26 04:00:00,1310.85,1312.73,1285.17,1292.01
1758873600,2025-09-26 08:00:00,1292.52,1308.65,1269.62,1271.02
1758888000,2025-09-26 12:00:00,1270.81,1292.37,1260.13,1291.86
1758902400,2025-09-26 16:00:00,1292.32,1302.63,1245.94,1258.26
1758916800,2025-09-26 20:00:00,1258.01,1269.99,1220.86,1269.11
1758931200,2025-09-27 00:00:00,1269.02,1289.01,1246.69,1272.95
1758945600,2025-09-27 04:00:00,1272.56,1278.4,1207.51,1213
1758960000,2025-09-27 08:00:00,1213.36,1237.13,1193.5,1212.89
1758974400,2025-09-27 12:00:00,1213.31,1229.87,1199.43,1222.21
1758988800,2025-09-27 16:00:00,1222.45,1246.56,1211.98,1221.54
1759003200,2025-09-27 20:00:00,1221.63,1223.82,1187.89,1198.83
1759017600,2025-09-28 00:00:00,1198.71,1224.75,1198.38,1204.53
1759032000,2025-09-28 04:00:00,1204.61,1207.79,1178.95,1182.25
1759046400,2025-09-28 08:00:00,1182.33,1190.8,1153.81,1157.73
1759060800,2025-09-28 12:00:00,1157.79,1200.87,1157.79,1168.74
1759075200,2025-09-28 16:00:00,1168.95,1188.82,1150.65,1183.42
1759089600,2025-09-28 20:00:00,1183.27,1184.7,1130.81,1142.98
1759104000,2025-09-29 00:00:00,1142.89,1156.86,1106.45,1110.75
1759118400,2025-09-29 04:00:00,1111.14,1113.02,1046.35,1061.14
1759132800,2025-09-29 08:00:00,1061.05,1066.91,1041.2,1047.54
1759147200,2025-09-29 12:00:00,1047.72,1049.72,1015.07,1022.19
1759161600,2025-09-29 16:00:00,1021.95,1038.8,1016.73,1028.99
1759176000,2025-09-29 20:00:00,1029.37,1081.01,1020.39,1077.34
1759190400,2025-09-30 00:00:00,1077.31,1083.74,1047.46,1063.8
1759204800,2025-09-30 04:00:00,1064.01,1079.95,1054.2,1057.15
1759219200,2025-09-30 08:00:00,1057.2,1082.84,1045.09,1071
1759233600,2025-09-30 12:00:00,1071.1,1073.47,1033.86,1042.8
1759248000,2025-09-30 16:00:00,1042.49,1056.09,1021.18,1035.05
1759262400,2025-09-30 20:00:00,1035.45,1036.54,1007.47,1009.89
1759276800,2025-10-01 00:00:00,1010.09,1053.39,1008.97,1040.03
1759291200,2025-10-01 04:00:00,1040.03,1040.51,987.25,988.84
1759305600,2025-10-01 08:00:00,989.08,995.45,971.03,974.6
1759320000,2025-10-01 12:00:00,974.5,1026.45,969.6,1020.79
1759334400,2025-10-01 16:00:00,1021.45,1050.06,1014.54,1046.09
1759348800,2025-10-01 20:00:00,1045.74,1082.8,1043.27,1067.57
1759363200,2025-10-02 00:00:00,1068.05,1097.33,1064.88,1081.43
1759377600,2025-10-02 04:00:00,1081.67,1094.26,1056.74,1077.41
1759392000,2025-10-02 08:00:00,1077.72,1085.5,1035.05,1036.77
1759406400,2025-10-02 12:00:00,1036.76,1038.72,1014.89,1022.49
1759420800,2025-10-02 16:00:00,1022.66,1029.23,1004.06,1019.43
1759435200,2025-10-02 20:00:00,1018.96,1021.75,985.88,987.7
1759449600,2025-10-03 00:00:00,988.02,998.36,953.19,954
1759464000,2025-10-03 04:00:00,953.68,971.43,937.8,948.62
1759478400,2025-10-03 08:00:00,948.54,971.76,945.85,953.22
1759492800,2025-10-03 12:00:00,953.34,964.03,942.35,953.04
1759507200,2025-10-03 16:00:00,953.01,963.04,938.7,955.41
1759521600,2025-10-03 20:00:00,955.53,968.45,932.86,935.35
1759536000,2025-10-04 00:00:00,935.45,945.4,922.69,934.24
1759550400,2025-10-04 04:00:00,934.45,938.41,913.89,921.35
1759564800,2025-10-04 08:00:00,921.18,941.26,912.81,931.06
1759579200,2025-10-04 12:00:00,930.83,968.64,930.83,963.93
1759593600,2025-10-04 16:00:00,964.19,1020.22,963.28,1017.41
1759608000,2025-10-04 20:00:00,1017.06,1052.21,1007.83,1029.08
1759622400,2025-10-05 00:00:00,1029.12,1057.84,1028.68,1043.05
1759636800,2025-10-05 04:00:00,1042.87,1082.16,1037.52,1077.17
1759651200,2025-10-05 08:00:00,1077.01,1077.01,1021.88,1029.2
1759665600,2025-10-05 12:00:00,1029.31,1058.91,1029.05,1037.53
1759680000,2025-10-05 16:00:00,1037.83,1042.71,1006.43,1011.74
1759694400,2025-10-05 20:00:00,1011.27,1026.72,962.56,976.15
1759708800,2025-10-06 00:00:00,975.83,995.2,973.59,989
1759723200,2025-10-06 04:00:00,988.86,995.45,955.07,970.51
1759737600,2025-10-06 08:00:00,970.35,1028.19,968.43,1020.73
1759752000,2025-10-06 12:00:00,1020.82,1025.53,989.45,992.04
1759766400,2025-10-06 16:00:00,991.88,1020.84,984.92,1001.87
1759780800,2025-10-06 20:00:00,1001.63,1016.36,989.37,1015.94
1759795200,2025-10-07 00:00:00,1016.13,1037.42,1014.23,1020.87
1759809600,2025-10-07 04:00:00,1021.24,1024.35,964.97,965.12
1759824000,2025-10-07 08:00:00,965,974.69,953.02,972.58
1759838400,2025-10-07 12:00:00,972.77,988.77,955.45,977.8
1759852800,2025-10-07 16:00:00,977.79,979.68,953.28,968.94
1759867200,2025-10-07 20:00:00,968.87,1007.4,954.1,1000.51
1759881600,2025-10-08 00:00:00,1000.76,1036.81,999.99,1032.46
1759896000,2025-10-08 04:00:00,1032.91,1079.15,1032.16,1064.79
1759910400,2025-10-08 08:00:00,1065,1095.9,1050.29,1093.06
1759924800,2025-10-08 12:00:00,1093.34,1131.47,1089.21,1124.26
1759939200,2025-10-08 16:00:00,1124.52,1137.01,1094.82,1109.59
1759953600,2025-10-08 20:00:00,1109.18,1137.55,1093.43,1124.39
1759968000,2025-10-09 00:00:00,1124.71,1134.06,1105.69,1127.49
1759982400,2025-10-09 04:00:00,1127.85,1129.14,1094.3,1106.86
1759996800,2025-10-09 08:00:00,1107.04,1144.91,1098.63,1132.49
1760011200,2025-10-09 12:00:00,1131.9,1144.82,1113.05,1120.59
1760025600,2025-10-09 16:00:00,1120.94,1128.3,1080.46,1085.97
1760040000,2025-10-09 20:00:00,1086.09,1093.63,1064.08,1088.23
1760054400,2025-10-10 00:00:00,1088.47,1106.18,1071.03,1085.01
1760068800,2025-10-10 04:00:00,1084.51,1087.44,1044.98,1057.42
1760083200,2025-10-10 08:00:00,1057.47,1092.06,1049.17,1066.74
1760097600,2025-10-10 12:00:00,1066.07,1083.89,1063.78,1076.28
1760112000,2025-10-10 16:00:00,1075.62,1085.15,1060.47,1071.88
1760126400,2025-10-10 20:00:00,1071.4,1095.65,1064.18,1093.64
1760140800,2025-10-11 00:00:00,1093.83,1099.62,1063.79,1074.74
1760155200,2025-10-11 04:00:00,1074.45,1078.29,1046.18,1057.98
1760169600,2025-10-11 08:00:00,1057.83,1094.71,1056.13,1071.05
1760184000,2025-10-11 12:00:00,1071.08,1071.08,1048.5,1049.67
1760198400,2025-10-11 16:00:00,1049.89,1059.86,1037.35,1049.89
1760212800,2025-10-11 20:00:00,1049.58,1064.07,1031.03,1036.53
1760227200,2025-10-12 00:00:00,1036.44,1077.24,1025.05,1058.79
1760241600,2025-10-12 04:00:00,1058.71,1068.18,1034.56,1055.82
1760256000,2025-10-12 08:00:00,1056.05,1079.25,1047.36,1062.17
1760270400,2025-10-12 12:00:00,1062.45,1071.4,1049.95,1066.72
1760284800,2025-10-12 16:00:00,1066.37,1099.54,1062.03,1092.87
1760299200,2025-10-12 20:00:00,1092.95,1104.35,1069.35,1079.35
1760313600,2025-10-13 00:00:00,1079.14,1138.78,1078.29,1136.25
1760328000,2025-10-13 04:00:00,1135.96,1140.13,1102.04,1127.76
1760342400,2025-10-13 08:00:00,1128.32,1128.73,1070.28,1078.51
1760356800,2025-10-13 12:00:00,1078.46,1097.4,1064.87,1068.81
1760371200,2025-10-13 16:00:00,1068.57,1090.85,1062.26,1084.9
1760385600,2025-10-13 20:00:00,1085.19,1100.7,1076.62,1094.77
1760400000,2025-10-14 00:00:00,1094.66,1108.92,1076.39,1076.46
1760414400,2025-10-14 04:00:00,1076.53,1091.03,1066.81,1089.09
1760428800,2025-10-14 08:00:00,1089.02,1099.97,1067.37,1072.88
1760443200,2025-10-14 12:00:00,1073.02,1093.1,1060.12,1064.69
1760457600,2025-10-14 16:00:00,1064.66,1070.36,1038.09,1066.53
1760472000,2025-10-14 20:00:00,1066.34,1081.72,1056.65,1072.21
1760486400,2025-10-15 00:00:00,1071.94,1098.35,1062.41,1095.02
1760500800,2025-10-15 04:00:00,1094.66,1099.69,1061.82,1063.18
1760515200,2025-10-15 08:00:00,1063.35,1068.83,1032.99,1044.13
1760529600,2025-10-15 12:00:00,1044,1062.41,1031.05,1037.89
1760544000,2025-10-15 16:00:00,1037.68,1045.47,998.82,1001.84
1760558400,2025-10-15 20:00:00,1001.82,1023.05,998.51,1021.5
1760572800,2025-10-16 00:00:00,1021.41,1043.7,1011.66,1024.16
1760587200,2025-10-16 04:00:00,1023.5,1025.5,975.3,986.08
1760601600,2025-10-16 08:00:00,986.26,995.72,969.43,981.17
1760616000,2025-10-16 12:00:00,981.59,1002.69,966.54,988.93
1760630400,2025-10-16 16:00:00,988.83,1016.3,976.28,1013.55
1760644800,2025-10-16 20:00:00,1013.67,1023.99,1000.13,1020.45
1760659200,2025-10-17 00:00:00,1020.69,1024.62,996.96,1015.48
1760673600,2025-10-17 04:00:00,1015.06,1052.99,1006.06,1048.68
1760688000,2025-10-17 08:00:00,1049.08,1087.35,1043.05,1082.88
1760702400,2025-10-17 12:00:00,1083.44,1087.01,1033.14,1045.54
1760716800,2025-10-17 16:00:00,1045.76,1077.89,1043.71,1070.84
1760731200,2025-10-17 20:00:00,1070.55,1083.94,1061.15,1064.89
1760745600,2025-10-18 00:00:00,1065.21,1094.42,1060.24,1091.08
1760760000,2025-10-18 04:00:00,1090.26,1092.06,1055.2,1074.41
1760774400,2025-10-18 08:00:00,1074.04,1083.63,1059.73,1064.6
1760788800,2025-10-18 12:00:00,1064.84,1094.21,1064.56,1089.91
1760803200,2025-10-18 16:00:00,1089.6,1113.42,1082.25,1113.42
1760817600,2025-10-18 20:00:00,1113.01,1120.75,1098.63,1105.6
1760832000,2025-10-19 00:00:00,1105.26,1111.16,1077.01,1087.06
1760846400,2025-10-19 04:00:00,1087.01,1109.67,1063.09,1076.79
1760860800,2025-10-19 08:00:00,1076.61,1090.56,1058.9,1061.41
1760875200,2025-10-19 12:00:00,1060.76,1068.08,1021.05,1023.62
1760889600,2025-10-19 16:00:00,1023.92,1034.31,990.89,1024
1760904000,2025-10-19 20:00:00,1024.22,1040.38,1016.2,1022.56
1760918400,2025-10-20 00:00:00,1022.72,1035.93,977.48,979.7
1760932800,2025-10-20 04:00:00,979.58,1005.15,943.1,1001.83
1760947200,2025-10-20 08:00:00,1001.66,1003.96,970.12,986.84
1760961600,2025-10-20 12:00:00,986.89,1005.85,962.56,963.66
1760976000,2025-10-20 16:00:00,963.46,995.1,960.83,989.74
1760990400,2025-10-20 20:00:00,989.76,1027.74,987.81,1019.73
1761004800,2025-10-21 00:00:00,1019.48,1025.66,975.46,975.49
1761019200,2025-10-21 04:00:00,975.95,976.36,952.89,966.28
1761033600,2025-10-21 08:00:00,965.95,994.62,963.96,977.11
1761048000,2025-10-21 12:00:00,977.23,990.87,952.5,955.42
1761062400,2025-10-21 16:00:00,955.07,998.97,950.83,991.6
1761076800,2025-10-21 20:00:00,991.31,1015.52,986.87,998.71
1761091200,2025-10-22 00:00:00,998.29,1001.86,958.56,958.8
1761105600,2025-10-22 04:00:00,958.64,966.48,893.95,894.69
1761120000,2025-10-22 08:00:00,895.06,920.68,891.24,917.88
1761134400,2025-10-22 12:00:00,918.16,918.34,868.9,873.34
1761148800,2025-10-22 16:00:00,873.37,903.18,868.67,885.51
1761163200,2025-10-22 20:00:00,885.67,914.05,872.51,911.69
1761177600,2025-10-23 00:00:00,911.55,936.1,909.94,910.97
1761192000,2025-10-23 04:00:00,910.83,917.8,894.95,910.1
1761206400,2025-10-23 08:00:00,910.02,919.59,901.62,912.37
1761220800,2025-10-23 12:00:00,912.57,931.69,896.67,899.96
1761235200,2025-10-23 16:00:00,900.1,902.54,865.58,884.5
1761249600,2025-10-23 20:00:00,884.44,904.71,874.07,900.62
1761264000,2025-10-24 00:00:00,900.62,913.3,886.16,892.86
1761278400,2025-10-24 04:00:00,892.84,906.5,872.5,873.94
1761292800,2025-10-24 08:00:00,874.2,879.35,852.61,863.15
1761307200,2025-10-24 12:00:00,863.35,864.16,838.12,851.46
1761321600,2025-10-24 16:00:00,851.18,856.95,837.58,841.97
1761336000,2025-10-24 20:00:00,841.74,879.42,834.1,872.69
1761350400,2025-10-25 00:00:00,872.39,887.69,870.99,872.89
1761364800,2025-10-25 04:00:00,872.78,893.78,869.28,869.28
1761379200,2025-10-25 08:00:00,868.85,872.07,832.26,833.84
1761393600,2025-10-25 12:00:00,834.03,844.83,823.48,844.19
1761408000,2025-10-25 16:00:00,844.21,860.81,840.06,852.7
1761422400,2025-10-25 20:00:00,852.7,859.85,833.88,834.89
1761436800,2025-10-26 00:00:00,834.99,854.93,834.12,853.15
1761451200,2025-10-26 04:00:00,852.71,859.05,842.89,848.19
1761465600,2025-10-26 08:00:00,848.19,865.74,837.58,859.09
1761480000,2025-10-26 12:00:00,858.9,861.24,830.87,834.4
1761494400,2025-10-26 16:00:00,834.31,864.74,833.16,845.99
1761508800,2025-10-26 20:00:00,845.9,847,825.34,838.29
1761523200,2025-10-27 00:00:00,837.98,857.68,832.87,850.03
1761537600,2025-10-27 04:00:00,850.26,860.27,826.69,834.03
1761552000,2025-10-27 08:00:00,833.83,836.46,820.8,827.77
1761566400,2025-10-27 12:00:00,827.84,838.14,814.31,830.72
1761580800,2025-10-27 16:00:00,830.81,848.6,824.94,825.01
1761595200,2025-10-27 20:00:00,824.98,841.75,817.67,836.95
1761609600,2025-10-28 00:00:00,837.03,852.92,830.44,834.8
1761624000,2025-10-28 04:00:00,834.85,835.01,808.45,816.61
1761638400,2025-10-28 08:00:00,816.53,828.94,806.4,809.78
1761652800,2025-10-28 12:00:00,809.27,823.49,797.65,819.15
1761667200,2025-10-28 16:00:00,819.32,826.9,810.39,813.27
1761681600,2025-10-28 20:00:00,813.57,860.18,810.52,858.21
1761696000,2025-10-29 00:00:00,858.39,867.38,842.67,865.84
1761710400,2025-10-29 04:00:00,865.88,887.16,845.65,878.34
1761724800,2025-10-29 08:00:00,878.33,884.96,863.67,872.09
1761739200,2025-10-29 12:00:00,872.02,877.53,852.28,864.05
1761753600,2025-10-29 16:00:00,864.01,877.23,842.67,854.67
1761768000,2025-10-29 20:00:00,854.82,863.48,840.21,852.26
1761782400,2025-10-30 00:00:00,852.13,872.43,850.58,865.19
1761796800,2025-10-30 04:00:00,864.93,884.93,854.71,856.02
1761811200,2025-10-30 08:00:00,855.97,872.53,846.69,854.81
1761825600,2025-10-30 12:00:00,854.67,860.63,824.55,828.43
1761840000,2025-10-30 16:00:00,828.36,849.36,822.19,836.43
1761854400,2025-10-30 20:00:00,836.45,846.1,825.54,840.14
1761868800,2025-10-31 00:00:00,840.18,843.66,825.96,839.34
1761883200,2025-10-31 04:00:00,839.23,851.87,821.15,824.67
1761897600,2025-10-31 08:00:00,824.68,831.25,813.51,824.92
1761912000,2025-10-31 12:00:00,824.75,844.16,809.31,843.75
1761926400,2025-10-31 16:00:00,843.45,862.8,841.23,854.22
1761940800,2025-10-31 20:00:00,854.2,854.58,808.58,812.83
1761955200,2025-11-01 00:00:00,812.85,842.25,811.23,839.33
1761969600,2025-11-01 04:00:00,839.5,873.13,831.63,867.78
1761984000,2025-11-01 08:00:00,868.04,877.44,851.43,856.85
1761998400,2025-11-01 12:00:00,856.99,865.31,831.63,831.72
1762012800,2025-11-01 16:00:00,831.68,860,831.51,839.23
1762027200,2025-11-01 20:00:00,838.93,881.09,826.75,879.96
1762041600,2025-11-02 00:00:00,880.15,895.99,872.33,892.89
1762056000,2025-11-02 04:00:00,893.14,900.11,860.88,862.79
1762070400,2025-11-02 08:00:00,862.68,874.91,841.92,846.14
1762084800,2025-11-02 12:00:00,846.4,890.66,840.06,890.23
1762099200,2025-11-02 16:00:00,890.21,913.09,889.15,907.54
1762113600,2025-11-02 20:00:00,907.93,914.26,896.65,911.79
1762128000,2025-11-03 00:00:00,911.63,932.46,905.72,930.14
1762142400,2025-11-03 04:00:00,930.02,943.67,915.89,918.95
1762156800,2025-11-03 08:00:00,919.19,923.18,882.06,916.32
1762171200,2025-11-03 12:00:00,916.55,926.2,907.42,914.01
1762185600,2025-11-03 16:00:00,913.58,913.78,893.38,894.18
1762200000,2025-11-03 20:00:00,894.37,898.94,872.95,875.81
1762214400,2025-11-04 00:00:00,875.72,878.51,854.17,861.21
1762228800,2025-11-04 04:00:00,861.49,894.15,850.15,887.44
1762243200,2025-11-04 08:00:00,887.52,895.01,869.33,871.5
1762257600,2025-11-04 12:00:00,871.75,871.75,836.92,856.23
1762272000,2025-11-04 16:00:00,856.02,885,851.2,870.55
1762286400,2025-11-04 20:00:00,870.38,874.83,857.33,860.08
1762300800,2025-11-05 00:00:00,859.8,881.57,856.04,877.96
1762315200,2025-11-05 04:00:00,878.09,902.91,866.49,902.51
1762329600,2025-11-05 08:00:00,902.81,933.76,897.96,919.62
1762344000,2025-11-05 12:00:00,919.54,934.6,886.69,897.29
1762358400,2025-11-05 16:00:00,897.23,905.88,877.21,902.42
1762372800,2025-11-05 20:00:00,902.58,904.59,875.47,882.26
1762387200,2025-11-06 00:00:00,882.27,885.67,849.86,850.35
1762401600,2025-11-06 04:00:00,850.36,876.94,850.31,868.04
1762416000,2025-11-06 08:00:00,867.65,870.19,828.77,832.47
1762430400,2025-11-06 12:00:00,832.45,837.36,814.13,820.95
1762444800,2025-11-06 16:00:00,820.99,848.77,819.63,841.94
1762459200,2025-11-06 20:00:00,842.2,854.26,838.65,850.57
1762473600,2025-11-07 00:00:00,850.64,861.58,842.69,847.54
1762488000,2025-11-07 04:00:00,847.52,853.4,833.02,838.31
1762502400,2025-11-07 08:00:00,838.4,851.96,831.69,840.86
1762516800,2025-11-07 12:00:00,840.75,879.6,839.02,875.13
1762531200,2025-11-07 16:00:00,874.93,890.01,861.17,863.56
1762545600,2025-11-07 20:00:00,863.71,875.33,855.62,859.35
1762560000,2025-11-08 00:00:00,859.43,879.23,858.98,873.05
1762574400,2025-11-08 04:00:00,873.03,889.19,858.43,861.62
1762588800,2025-11-08 08:00:00,861.85,875.8,861,874.32
1762603200,2025-11-08 12:00:00,874.23,879.57,852.74,858.32
1762617600,2025-11-08 16:00:00,858.05,868.23,835.66,841.79
1762632000,2025-11-08 20:00:00,842.26,859.99,840.12,846.82
1762646400,2025-11-09 00:00:00,847.06,863.38,840.57,856.78
1762660800,2025-11-09 04:00:00,856.66,885.17,852.83,881.07
1762675200,2025-11-09 08:00:00,881.44,911.25,875.84,887.09
1762689600,2025-11-09 12:00:00,886.96,888.38,849.7,878.2
1762704000,2025-11-09 16:00:00,877.95,878.62,840.12,844.99
1762718400,2025-11-09 20:00:00,845.02,884.46,843.28,867.7
1762732800,2025-11-10 00:00:00,867.94,870.43,856.27,860.88
1762747200,2025-11-10 04:00:00,861.13,865.04,840.09,849.11
1762761600,2025-11-10 08:00:00,848.87,852.09,817.05,830.62
1762776000,2025-11-10 12:00:00,830.57,848.48,825.24,847.33
1762790400,2025-11-10 16:00:00,847.53,860.66,842.4,853.97
1762804800,2025-11-10 20:00:00,853.97,856.14,813.65,819.07
1762819200,2025-11-11 00:00:00,819.01,823.84,801.27,817.45
1762833600,2025-11-11 04:00:00,817.63,826.33,806.95,822.04
1762848000,2025-11-11 08:00:00,822.47,831.53,815.93,818.38
1762862400,2025-11-11 12:00:00,818.24,824.72,808.66,816.91
1762876800,2025-11-11 16:00:00,816.4,833.53,812.44,826.26
1762891200,2025-11-11 20:00:00,826.31,850.94,821.51,836.73
1762905600,2025-11-12 00:00:00,836.86,837.67,807.71,812.79
1762920000,2025-11-12 04:00:00,813,824.31,799.18,800.54
1762934400,2025-11-12 08:00:00,800.72,806.02,788.02,789.01
1762948800,2025-11-12 12:00:00,788.9,820.97,785.89,819.84
1762963200,2025-11-12 16:00:00,819.94,849.96,812.23,839.96
1762977600,2025-11-12 20:00:00,840.1,853.74,829.72,837.03
1762992000,2025-11-13 00:00:00,836.76,846.59,824.31,826.51
1763006400,2025-11-13 04:00:00,826.93,842.31,822.2,831.39
1763020800,2025-11-13 08:00:00,831.46,848.5,826.3,842.48
1763035200,2025-11-13 12:00:00,842.7,861.34,828.08,860.33
1763049600,2025-11-13 16:00:00,860.08,882.84,858.67,873.86
1763064000,2025-11-13 20:00:00,873.99,879.8,855.34,872.32
1763078400,2025-11-14 00:00:00,872.17,888.82,859.61,860.3
1763092800,2025-11-14 04:00:00,860.56,866.8,846.74,865.22
1763107200,2025-11-14 08:00:00,864.88,877.48,844.23,846.2
1763121600,2025-11-14 12:00:00,845.9,879.75,843.64,867.42
1763136000,2025-11-14 16:00:00,867.43,891.53,863.64,876.26
1763150400,2025-11-14 20:00:00,876.58,897.89,870.13,887.26
1763164800,2025-11-15 00:00:00,887.41,903,882.14,896.7
1763179200,2025-11-15 04:00:00,896.75,908.75,878.88,897.71
1763193600,2025-11-15 08:00:00,898.04,901.6,880.44,890.87
1763208000,2025-11-15 12:00:00,891.08,891.08,850.04,856.58
1763222400,2025-11-15 16:00:00,856.67,874.42,847.9,849.36
1763236800,2025-11-15 20:00:00,849.38,855.34,833.33,840.5
1763251200,2025-11-16 00:00:00,840.95,845.48,796.83,815.14
1763265600,2025-11-16 04:00:00,815.15,815.15,786.9,800.36
1763280000,2025-11-16 08:00:00,800.26,805.63,778.39,796.47
1763294400,2025-11-16 12:00:00,796.55,830.28,790.44,821.54
1763308800,2025-11-16 16:00:00,821.83,847.59,814.72,846.06
1763323200,2025-11-16 20:00:00,845.91,847.82,822,839.01
1763337600,2025-11-17 00:00:00,838.14,864.6,829.99,864.6
1763352000,2025-11-17 04:00:00,864.61,896.09,862.64,873.94
1763366400,2025-11-17 08:00:00,874.15,888.23,857.92,882.48
1763380800,2025-11-17 12:00:00,882.4,885.44,868.74,882.02
1763395200,2025-11-17 16:00:00,882.25,896.79,867.77,888.27
1763409600,2025-11-17 20:00:00,888.39,901.63,880.28,888.21
1763424000,2025-11-18 00:00:00,888.12,905.69,878.48,893.05
1763438400,2025-11-18 04:00:00,893.41,899.05,881.48,893.64
1763452800,2025-11-18 08:00:00,893.7,897.99,876.19,890.93
1763467200,2025-11-18 12:00:00,890.94,908.57,869.27,898.55
1763481600,2025-11-18 16:00:00,898.62,916.41,893.99,912.75
1763496000,2025-11-18 20:00:00,912.88,920.45,899.55,916.99
1763510400,2025-11-19 00:00:00,917.09,934.53,912.52,928.42
1763524800,2025-11-19 04:00:00,928.75,942.7,923.43,937.02
1763539200,2025-11-19 08:00:00,936.79,943.79,917.55,934.06
1763553600,2025-11-19 12:00:00,933.92,950.86,920.36,942.37
1763568000,2025-11-19 16:00:00,942.59,957.33,904.9,906.38
1763582400,2025-11-19 20:00:00,905.93,910.27,884.16,897.21
1763596800,2025-11-20 00:00:00,896.98,915.88,890.39,892.76
1763611200,2025-11-20 04:00:00,892.49,915.2,879.38,894.62
1763625600,2025-11-20 08:00:00,894.95,897.89,881.13,881.69
1763640000,2025-11-20 12:00:00,881.66,894.85,851.26,862.2
1763654400,2025-11-20 16:00:00,862.12,887.42,858.03,872.03
1763668800,2025-11-20 20:00:00,872.3,874.3,850.78,853.4
1763683200,2025-11-21 00:00:00,853.33,855.08,833.22,848.4
1763697600,2025-11-21 04:00:00,848.31,848.35,805.95,806.53
1763712000,2025-11-21 08:00:00,806.44,810.94,790.55,796.4
1763726400,2025-11-21 12:00:00,796.24,807.45,787.59,791.14
1763740800,2025-11-21 16:00:00,790.74,822.52,789.68,806.87
1763755200,2025-11-21 20:00:00,807.21,830.56,800.3,829.24
1763769600,2025-11-22 00:00:00,828.91,829.58,797.4,809.94
1763784000,2025-11-22 04:00:00,809.61,834.02,801.29,833.98
1763798400,2025-11-22 08:00:00,833.96,859.95,833.53,859.31
1763812800,2025-11-22 12:00:00,859.24,864.98,843.39,850.04
1763827200,2025-11-22 16:00:00,850.33,859.04,830.02,832.47
1763841600,2025-11-22 20:00:00,832.69,838.7,820.91,834.7
1763856000,2025-11-23 00:00:00,834.51,862.3,829.66,859.23
1763870400,2025-11-23 04:00:00,859.39,863.75,843.24,855.99
1763884800,2025-11-23 08:00:00,856.13,863.36,845.56,847.22
1763899200,2025-11-23 12:00:00,847.13,868.22,840.03,859.13
1763913600,2025-11-23 16:00:00,859.5,884.29,855.12,874.84
1763928000,2025-11-23 20:00:00,874.75,880.14,861.83,874.46
1763942400,2025-11-24 00:00:00,874.56,876.16,857.6,865.29
1763956800,2025-11-24 04:00:00,865.02,869.26,825.6,836.15
1763971200,2025-11-24 08:00:00,835.89,871.86,831.44,852.02
1763985600,2025-11-24 12:00:00,851.79,853.7,799.91,801.96
1764000000,2025-11-24 16:00:00,801.69,806.35,779.37,794.34
1764014400,2025-11-24 20:00:00,794.3,800.19,757.8,762.01
1764028800,2025-11-25 00:00:00,762.09,782.21,752.5,773.23
1764043200,2025-11-25 04:00:00,773.18,801.11,769.78,785.68
1764057600,2025-11-25 08:00:00,785.71,798.84,780.95,793.31
1764072000,2025-11-25 12:00:00,793.08,799.12,776.18,787.08
1764086400,2025-11-25 16:00:00,787.01,793.75,775.45,786.34
1764100800,2025-11-25 20:00:00,786.71,788.03,750.39,757.8
1764115200,2025-11-26 00:00:00,758.25,774.39,756.96,760.6
1764129600,2025-11-26 04:00:00,760.76,790.56,759.09,784.65
1764144000,2025-11-26 08:00:00,784.49,795.49,774.41,785.97
1764158400,2025-11-26 12:00:00,785.73,794.37,774.38,786.32
1764172800,2025-11-26 16:00:00,786.68,799.26,772.11,795.43
1764187200,2025-11-26 20:00:00,795.25,817.85,792.42,807.16
1764201600,2025-11-27 00:00:00,807.16,810.92,788.65,790.88
1764216000,2025-11-27 04:00:00,791.1,795.11,770.77,780
1764230400,2025-11-27 08:00:00,779.93,783.35,750.83,751.81
1764244800,2025-11-27 12:00:00,752.04,763.64,742.27,743.83
1764259200,2025-11-27 16:00:00,744.17,752.45,732.94,734.07
1764273600,2025-11-27 20:00:00,734.06,740.26,715.71,724.69
1764288000,2025-11-28 00:00:00,724.63,754.84,721.04,751.37
1764302400,2025-11-28 04:00:00,751.26,751.44,729.34,738.76
1764316800,2025-11-28 08:00:00,738.94,750.18,729.5,738.52
1764331200,2025-11-28 12:00:00,738.85,759.49,737.36,759.49
1764345600,2025-11-28 16:00:00,759.58,766.54,748.33,756.33
1764360000,2025-11-28 20:00:00,756.35,763.42,726.38,728.76
1764374400,2025-11-29 00:00:00,728.76,741.81,725.6,734.47
1764388800,2025-11-29 04:00:00,734.4,745.96,731.07,737.92
1764403200,2025-11-29 08:00:00,738.16,738.16,701.98,703.66
1764417600,2025-11-29 12:00:00,703.54,706.24,679.56,681.72
1764432000,2025-11-29 16:00:00,681.52,687.9,675.1,678.57
1764446400,2025-11-29 20:00:00,678.43,681.29,661.16,670.68
1764460800,2025-11-30 00:00:00,670.69,678.03,653.96,677.79
1764475200,2025-11-30 04:00:00,678.09,681.99,663.93,664.76
1764489600,2025-11-30 08:00:00,664.7,667.81,639.91,643.26
1764504000,2025-11-30 12:00:00,643.3,646.37,626.93,632.87
1764518400,2025-11-30 16:00:00,632.76,655.28,631.08,650.25
1764532800,2025-11-30 20:00:00,650.46,663.06,644,649.93
1764547200,2025-12-01 00:00:00,649.96,661.4,635.97,639.98
1764561600,2025-12-01 04:00:00,640.11,644.18,626.09,634.14
1764576000,2025-12-01 08:00:00,634.14,635.93,608.92,611.47
1764590400,2025-12-01 12:00:00,611.43,623.04,596.03,605.27
1764604800,2025-12-01 16:00:00,605.4,610.7,597.19,603.17
1764619200,2025-12-01 20:00:00,603.28,619.28,602.39,614.26
1764633600,2025-12-02 00:00:00,614.01,616.16,594.83,598.79
1764648000,2025-12-02 04:00:00,598.82,618.29,583.64,615.46
1764662400,2025-12-02 08:00:00,615.45,640.7,612.51,637.93
1764676800,2025-12-02 12:00:00,637.87,651.61,633.17,639.07
1764691200,2025-12-02 16:00:00,639.12,659.36,637.62,638.71
1764705600,2025-12-02 20:00:00,638.81,647.78,630.02,634.89
1764720000,2025-12-03 00:00:00,634.58,659.49,630.83,646.18
1764734400,2025-12-03 04:00:00,645.93,647.84,634.97,643.16
1764748800,2025-12-03 08:00:00,643.19,658.83,640.79,646.19
1764763200,2025-12-03 12:00:00,646.32,661.72,637.57,658.41
1764777600,2025-12-03 16:00:00,658.58,674.18,641.46,673.14
1764792000,2025-12-03 20:00:00,673.04,675.66,650.86,663.89
1764806400,2025-12-04 00:00:00,663.82,667.38,644.39,653.64
1764820800,2025-12-04 04:00:00,653.77,669.27,641.84,667.59
1764835200,2025-12-04 08:00:00,667.4,670.39,651.56,668.22
1764849600,2025-12-04 12:00:00,668.12,682.67,665.13,681.86
1764864000,2025-12-04 16:00:00,681.94,708,676.48,703.6
1764878400,2025-12-04 20:00:00,703.6,719.27,691.24,713.81
1764892800,2025-12-05 00:00:00,714.1,721.45,707.1,717.1
1764907200,2025-12-05 04:00:00,717.11,731.23,714.77,722.26
1764921600,2025-12-05 08:00:00,721.76,722.57,695.28,697.75
1764936000,2025-12-05 12:00:00,697.73,714.85,697.33,698.92
1764950400,2025-12-05 16:00:00,698.82,701.28,687.16,696.28
1764964800,2025-12-05 20:00:00,696.36,702.72,682.01,686.68
1764979200,2025-12-06 00:00:00,686.82,691.58,676.11,688.23
1764993600,2025-12-06 04:00:00,688.37,690.35,672.09,684.1
1765008000,2025-12-06 08:00:00,683.97,684.79,651.39,653.17
1765022400,2025-12-06 12:00:00,652.85,686.76,651.99,683.94
1765036800,2025-12-06 16:00:00,684.2,699.25,672.11,692.64
1765051200,2025-12-06 20:00:00,692.83,700.64,664.25,665.36
1765065600,2025-12-07 00:00:00,665.19,678.49,660.55,664.04
1765080000,2025-12-07 04:00:00,664,666.59,649.93,661.6
1765094400,2025-12-07 08:00:00,661.36,675.14,655.24,662.47
1765108800,2025-12-07 12:00:00,662.42,673.57,654.9,656.17
1765123200,2025-12-07 16:00:00,656.4,667.35,653.53,661.66
1765137600,2025-12-07 20:00:00,661.42,666.5,645.88,651.78
1765152000,2025-12-08 00:00:00,651.83,667.66,646.82,657.5
1765166400,2025-12-08 04:00:00,657.67,670.98,654.19,665.95
1765180800,2025-12-08 08:00:00,665.91,679.7,656.62,666.6
1765195200,2025-12-08 12:00:00,666.69,670.09,657.41,663.68
1765209600,2025-12-08 16:00:00,663.65,671.61,648.76,649.29
1765224000,2025-12-08 20:00:00,649.32,654.03,631.56,631.77
1765238400,2025-12-09 00:00:00,631.75,660.54,630.53,657.91
1765252800,2025-12-09 04:00:00,657.75,658.27,640.14,648.81
1765267200,2025-12-09 08:00:00,649.04,654.12,620.82,625.19
1765281600,2025-12-09 12:00:00,625.1,633.8,612,614.28
1765296000,2025-12-09 16:00:00,614.4,619.38,604.6,614.82
1765310400,2025-12-09 20:00:00,614.93,617.36,597.32,598.61
1765324800,2025-12-10 00:00:00,598.53,604.9,574.58,574.76
1765339200,2025-12-10 04:00:00,574.6,607.93,574.46,596.77
1765353600,2025-12-10 08:00:00,596.6,609.01,586.79,605.84
1765368000,2025-12-10 12:00:00,605.84,611.37,596.38,602.48
1765382400,2025-12-10 16:00:00,602.36,625.07,601.58,617.08
1765396800,2025-12-10 20:00:00,616.88,631.57,614.41,624.31
1765411200,2025-12-11 00:00:00,624.51,626.8,607.97,611.1
1765425600,2025-12-11 04:00:00,611.24,624.5,608.94,620.96
1765440000,2025-12-11 08:00:00,621.13,634.9,614.95,623.52
1765454400,2025-12-11 12:00:00,623.68,625.33,591.33,596.81
1765468800,2025-12-11 16:00:00,596.92,597.63,573.34,574.46
1765483200,2025-12-11 20:00:00,574.4,574.63,556.77,560.19
1765497600,2025-12-12 00:00:00,560.11,560.35,542.05,544.44
1765512000,2025-12-12 04:00:00,544.41,552.13,540.33,544.59
1765526400,2025-12-12 08:00:00,544.71,553.62,539.6,552.84
1765540800,2025-12-12 12:00:00,552.83,560.66,543.22,546.67
1765555200,2025-12-12 16:00:00,546.85,556.88,538.08,546.64
1765569600,2025-12-12 20:00:00,546.6,548.2,532.22,544.11
1765584000,2025-12-13 00:00:00,544.11,548.49,529.66,530.62
1765598400,2025-12-13 04:00:00,530.45,535.43,515.94,518.94
1765612800,2025-12-13 08:00:00,518.79,532.41,516.75,525.16
1765627200,2025-12-13 12:00:00,525.04,526.86,518.91,525.19
1765641600,2025-12-13 16:00:00,525.26,532.77,510.83,512.17
1765656000,2025-12-13 20:00:00,512.23,519.72,510.02,516.64
1765670400,2025-12-14 00:00:00,516.71,516.81,506.12,516.39
1765684800,2025-12-14 04:00:00,516.3,518.12,505.16,512.69
1765699200,2025-12-14 08:00:00,512.65,521.27,510.14,520.27
1765713600,2025-12-14 12:00:00,520.24,534.41,517.94,526.22
1765728000,2025-12-14 16:00:00,526.08,537.9,522.17,536.22
1765742400,2025-12-14 20:00:00,536.25,554.25,535.04,547.36
1765756800,2025-12-15 00:00:00,547.31,567.31,541.43,558.97
1765771200,2025-12-15 04:00:00,559.1,570.08,554.09,561.89
1765785600,2025-12-15 08:00:00,561.6,573.01,556.77,573.01
1765800000,2025-12-15 12:00:00,572.99,573.62,560.33,561.16
1765814400,2025-12-15 16:00:00,561.16,565.8,549.53,556.18
1765828800,2025-12-15 20:00:00,555.96,574.31,552.44,574.09
1765843200,2025-12-16 00:00:00,574.17,593.4,574.15,590.1
1765857600,2025-12-16 04:00:00,590.01,606.7,581.43,606.7
1765872000,2025-12-16 08:00:00,606.64,627.69,605.36,621.68
1765886400,2025-12-16 12:00:00,621.76,638.47,614.35,630.63
1765900800,2025-12-16 16:00:00,630.64,632.9,612.97,616.48
1765915200,2025-12-16 20:00:00,616.63,621.29,607.86,617.45
1765929600,2025-12-17 00:00:00,617.4,627.38,610.71,625.34
1765944000,2025-12-17 04:00:00,625.25,636.38,614.25,635.79
1765958400,2025-12-17 08:00:00,635.84,643.17,629.5,636.91
1765972800,2025-12-17 12:00:00,637.18,649.39,633.61,644.86
1765987200,2025-12-17 16:00:00,644.9,652.89,622.57,624.41
1766001600,2025-12-17 20:00:00,624.73,648.27,617.05,645.21
1766016000,2025-12-18 00:00:00,645.09,657.95,642.46,654.56
1766030400,2025-12-18 04:00:00,654.7,655.3,639.01,644.75
1766044800,2025-12-18 08:00:00,644.63,645.5,627.29,631.03
1766059200,2025-12-18 12:00:00,631,634.4,616.42,620.96
1766073600,2025-12-18 16:00:00,620.94,632.79,613.31,628.41
1766088000,2025-12-18 20:00:00,628.07,638.98,614.16,621.28
1766102400,2025-12-19 00:00:00,621.5,644.86,620.58,639.98
1766116800,2025-12-19 04:00:00,639.92,645.12,630.88,632.87
1766131200,2025-12-19 08:00:00,632.9,636.11,620.3,633.13
1766145600,2025-12-19 12:00:00,633.35,633.95,605.18,614.25
1766160000,2025-12-19 16:00:00,614.06,621.16,603.96,616.2
1766174400,2025-12-19 20:00:00,616.11,629.85,611.91,626.1
1766188800,2025-12-20 00:00:00,626.05,633.23,616.7,618.47
1766203200,2025-12-20 04:00:00,618.5,638.36,611.84,636.51
1766217600,2025-12-20 08:00:00,636.55,639.83,624.21,631.96
1766232000,2025-12-20 12:00:00,631.97,639.58,628.55,631.45
1766246400,2025-12-20 16:00:00,631.2,637.66,625.16,631.62
1766260800,2025-12-20 20:00:00,631.79,649.03,630.69,639.38
1766275200,2025-12-21 00:00:00,639.26,644.95,629.14,635.58
1766289600,2025-12-21 04:00:00,635.27,647.69,628.05,643.55
1766304000,2025-12-21 08:00:00,643.54,653.56,637.38,646.81
1766318400,2025-12-21 12:00:00,646.83,664.08,645.3,652.77
1766332800,2025-12-21 16:00:00,652.85,656.84,637.38,654.6
1766347200,2025-12-21 20:00:00,654.64,665.59,648.41,657.05
1766361600,2025-12-22 00:00:00,657.1,661.66,648.52,652.84
1766376000,2025-12-22 04:00:00,652.93,668.5,651.29,659.84
1766390400,2025-12-22 08:00:00,660.22,671.94,646.09,650.19
1766404800,2025-12-22 12:00:00,650.33,663.48,643.66,658.63
1766419200,2025-12-22 16:00:00,658.75,660.96,642.03,645.04
1766433600,2025-12-22 20:00:00,645.01,654.32,632.65,634.83
1766448000,2025-12-23 00:00:00,634.37,643.21,628.96,641.89
1766462400,2025-12-23 04:00:00,641.97,677.01,639.42,675.75
1766476800,2025-12-23 08:00:00,675.58,689.94,672.76,688.1
1766491200,2025-12-23 12:00:00,688.05,722.53,685.94,719.93
1766505600,2025-12-23 16:00:00,720.02,751.71,716.52,737.24
1766520000,2025-12-23 20:00:00,737.25,750.02,728.06,735.7
1766534400,2025-12-24 00:00:00,735.68,740.95,713.54,713.68
1766548800,2025-12-24 04:00:00,713.53,736.5,711.8,732.28
1766563200,2025-12-24 08:00:00,732.06,735.16,712.75,717.74
1766577600,2025-12-24 12:00:00,718.03,743.47,716.65,742.07
1766592000,2025-12-24 16:00:00,742.06,783.17,738.37,776.72
1766606400,2025-12-24 20:00:00,776.87,786,762.52,776.71
1766620800,2025-12-25 00:00:00,776.77,807.44,776.77,799.63
1766635200,2025-12-25 04:00:00,799.44,823.52,796.06,810.68
1766649600,2025-12-25 08:00:00,810.94,823.51,793.59,811.68
1766664000,2025-12-25 12:00:00,811.59,820.72,807.85,817.55
1766678400,2025-12-25 16:00:00,817.52,834.04,812.98,826.58
1766692800,2025-12-25 20:00:00,826.24,840.9,802.03,803.6
1766707200,2025-12-26 00:00:00,803.85,807.73,783.5,796.16
1766721600,2025-12-26 04:00:00,796.36,807.83,770.93,774.16
1766736000,2025-12-26 08:00:00,774.09,805.15,772.28,805.15
1766750400,2025-12-26 12:00:00,804.96,816.15,780.48,792.69
1766764800,2025-12-26 16:00:00,792.79,795.76,770.54,793.3
1766779200,2025-12-26 20:00:00,793.26,794.49,766.08,770.79
1766793600,2025-12-27 00:00:00,770.52,785.71,759.75,761.79
1766808000,2025-12-27 04:00:00,761.7,774.01,749.72,773.23
1766822400,2025-12-27 08:00:00,773.05,783.96,748.36,749.3
1766836800,2025-12-27 12:00:00,749.19,754.87,733.59,743.27
1766851200,2025-12-27 16:00:00,743.18,747.37,729.17,732.59
1766865600,2025-12-27 20:00:00,732.61,746.91,717.15,722.6
1766880000,2025-12-28 00:00:00,722.71,725.11,702.27,702.75
1766894400,2025-12-28 04:00:00,702.96,704.07,685.18,695.25
1766908800,2025-12-28 08:00:00,695.39,709.69,685.55,704.29
1766923200,2025-12-28 12:00:00,703.98,709.91,690.32,698.84
1766937600,2025-12-28 16:00:00,698.95,703.08,673.86,688.67
1766952000,2025-12-28 20:00:00,688.98,698.19,672.27,676.51
1766966400,2025-12-29 00:00:00,676.81,684.22,667.3,680.07
1766980800,2025-12-29 04:00:00,680.09,691.34,649.89,650.58
1766995200,2025-12-29 08:00:00,650.5,651.05,627.22,639.15
1767009600,2025-12-29 12:00:00,639.27,657.06,636.8,653.47
1767024000,2025-12-29 16:00:00,653.44,656.31,625.07,639.11
1767038400,2025-12-29 20:00:00,639.14,640.24,629.38,636.05
1767052800,2025-12-30 00:00:00,635.73,650.46,634.89,641.65
1767067200,2025-12-30 04:00:00,641.72,647.22,626.26,632.7
1767081600,2025-12-30 08:00:00,632.79,648.89,629.49,647.2
1767096000,2025-12-30 12:00:00,647.2,656,633.3,645.69
1767110400,2025-12-30 16:00:00,645.64,683.59,643.11,680.78
1767124800,2025-12-30 20:00:00,680.85,699.08,678.94,694.12
1767139200,2025-12-31 00:00:00,693.68,724.58,692.48,723.01
1767153600,2025-12-31 04:00:00,722.88,730.92,712.8,728
1767168000,2025-12-31 08:00:00,727.95,729.62,683.86,685.79
1767182400,2025-12-31 12:00:00,685.87,687.61,671.26,681.37
1767196800,2025-12-31 16:00:00,681.23,682.14,653.95,659.25
1767211200,2025-12-31 20:00:00,659.13,686.32,654.04,685.68
1767225600,2026-01-01 00:00:00,685.69,702.95,678.58,699.68
1767240000,2026-01-01 04:00:00,699.63,726.01,694.68,725.29
1767254400,2026-01-01 08:00:00,725.14,744.81,719.67,737.7
1767268800,2026-01-01 12:00:00,737.87,752.17,732.29,734.25
1767283200,2026-01-01 16:00:00,734.51,748.52,725.08,731.29
1767297600,2026-01-01 20:00:00,731.37,733.39,706.45,710.32
1767312000,2026-01-02 00:00:00,710.2,717.52,696.96,702.68
1767326400,2026-01-02 04:00:00,702.57,704.12,680.34,686.73
1767340800,2026-01-02 08:00:00,686.56,697.41,673.33,695.77
1767355200,2026-01-02 12:00:00,695.86,706.84,693.77,699.9
1767369600,2026-01-02 16:00:00,699.81,738.79,688.5,731.2
1767384000,2026-01-02 20:00:00,731.31,746.41,725,744.11
1767398400,2026-01-03 00:00:00,744.23,753.24,735.53,741.82
1767412800,2026-01-03 04:00:00,741.99,763.72,739.92,744.08
1767427200,2026-01-03 08:00:00,744.07,764.99,741.24,759.19
1767441600,2026-01-03 12:00:00,759.08,781.62,757.45,770.86
1767456000,2026-01-03 16:00:00,770.87,786.33,764.78,779.48
1767470400,2026-01-03 20:00:00,779.18,784.82,759.99,775.14
1767484800,2026-01-04 00:00:00,775.42,783.09,760.23,767
1767499200,2026-01-04 04:00:00,766.86,778.36,753.67,774.04
1767513600,2026-01-04 08:00:00,774.09,804.52,769.88,804.05
1767528000,2026-01-04 12:00:00,804.21,805.61,781.62,795.71
1767542400,2026-01-04 16:00:00,795.94,797.13,778.03,778.03
1767556800,2026-01-04 20:00:00,778.17,800.46,774.12,794.03
1767571200,2026-01-05 00:00:00,793.9,810.43,792.88,802.17
1767585600,2026-01-05 04:00:00,801.94,809.73,765.65,766.15
1767600000,2026-01-05 08:00:00,766.35,775.34,736.83,742.27
1767614400,2026-01-05 12:00:00,742.33,773.16,740.73,768.94
1767628800,2026-01-05 16:00:00,769.13,775.89,750.4,754.62
1767643200,2026-01-05 20:00:00,754.63,764.98,747.93,764.8
1767657600,2026-01-06 00:00:00,765.02,770.68,740.15,746.16
1767672000,2026-01-06 04:00:00,746.05,765.77,737.24,762.32
1767686400,2026-01-06 08:00:00,762.5,783.06,760.34,781.97
1767700800,2026-01-06 12:00:00,781.8,782.27,764.48,775.96
1767715200,2026-01-06 16:00:00,775.83,777.35,756.21,771.22
1767729600,2026-01-06 20:00:00,771.03,786.4,765.66,773.45
1767744000,2026-01-07 00:00:00,773.59,782.71,756.97,759.62
1767758400,2026-01-07 04:00:00,759.76,760.15,740.61,760.1
1767772800,2026-01-07 08:00:00,760.31,781.55,753.42,765.38
1767787200,2026-01-07 12:00:00,765.32,785.86,762.94,765.07
1767801600,2026-01-07 16:00:00,764.99,766.6,748.02,753.17
1767816000,2026-01-07 20:00:00,753.32,764.17,742.57,742.57
1767830400,2026-01-08 00:00:00,743.09,772.15,742.55,770.15
1767844800,2026-01-08 04:00:00,770.05,770.33,745.17,747.13
1767859200,2026-01-08 08:00:00,747.15,762.7,741.76,750.62
1767873600,2026-01-08 12:00:00,750.57,782.95,745.24,778.94
1767888000,2026-01-08 16:00:00,778.67,801.26,777.71,797.09
1767902400,2026-01-08 20:00:00,797.39,814.15,782.93,810.43
1767916800,2026-01-09 00:00:00,810.35,822.47,791.24,821.8
1767931200,2026-01-09 04:00:00,821.65,861.41,815.93,860.69
1767945600,2026-01-09 08:00:00,860.35,898.43,860.15,898.02
1767960000,2026-01-09 12:00:00,898.08,902.83,880.66,886.14
1767974400,2026-01-09 16:00:00,886.28,920.89,884.49,896.43
1767988800,2026-01-09 20:00:00,896.53,919.8,884.3,909.68
1768003200,2026-01-10 00:00:00,909.58,910.45,884.81,895.1
1768017600,2026-01-10 04:00:00,894.76,901.85,876.21,896.11
1768032000,2026-01-10 08:00:00,896.16,915.68,891.49,911.58
1768046400,2026-01-10 12:00:00,911.62,929.79,908.81,929.77
1768060800,2026-01-10 16:00:00,929.61,941.52,912.33,920.36
1768075200,2026-01-10 20:00:00,920.49,923.77,883.38,883.38
1768089600,2026-01-11 00:00:00,883.36,923.39,875.96,922.01
1768104000,2026-01-11 04:00:00,921.86,946,905.95,943.7
1768118400,2026-01-11 08:00:00,943.66,949.22,915.9,924.36
1768132800,2026-01-11 12:00:00,924.55,956.4,922.74,943.18
1768147200,2026-01-11 16:00:00,943.08,964.02,939.2,956.97
1768161600,2026-01-11 20:00:00,956.81,983.25,953.72,966.59
1768176000,2026-01-12 00:00:00,966.28,1001.37,965.3,996.78
1768190400,2026-01-12 04:00:00,997.09,1023.57,990.58,1021.11
1768204800,2026-01-12 08:00:00,1021.17,1057.79,1015.82,1041.98
1768219200,2026-01-12 12:00:00,1042.11,1079.17,1040.71,1056.79
1768233600,2026-01-12 16:00:00,1057.09,1071.41,1043.17,1069.88
1768248000,2026-01-12 20:00:00,1069.8,1080.32,1057.91,1073.48
1768262400,2026-01-13 00:00:00,1073.44,1090.57,1061.9,1067.5
1768276800,2026-01-13 04:00:00,1067.39,1077.27,1039.05,1047.24
1768291200,2026-01-13 08:00:00,1047.03,1053.34,1029.73,1045.39
1768305600,2026-01-13 12:00:00,1045.68,1070.46,1042.27,1049.91
1768320000,2026-01-13 16:00:00,1050.08,1057.6,1021.95,1047.64
1768334400,2026-01-13 20:00:00,1047.74,1087.98,1043.85,1084.34
1768348800,2026-01-14 00:00:00,1084.39,1089.85,1060.73,1063.64
1768363200,2026-01-14 04:00:00,1063.71,1088.88,1057.14,1081.38
1768377600,2026-01-14 08:00:00,1081,1097.57,1074.71,1080.86
1768392000,2026-01-14 12:00:00,1080.76,1081.66,1051.74,1051.75
1768406400,2026-01-14 16:00:00,1051.87,1090.88,1043.91,1060.93
1768420800,2026-01-14 20:00:00,1060.83,1068.72,1037.32,1057.58
1768435200,2026-01-15 00:00:00,1057.83,1062.14,1043.54,1049.73
1768449600,2026-01-15 04:00:00,1049.7,1052.46,1018.98,1046.2
1768464000,2026-01-15 08:00:00,1046.07,1049.4,1023.86,1026.27
1768478400,2026-01-15 12:00:00,1026.46,1042.9,1011.46,1036.83
1768492800,2026-01-15 16:00:00,1036.5,1038.6,988.47,991.55
1768507200,2026-01-15 20:00:00,992.12,1030.76,986.82,1030.57
1768521600,2026-01-16 00:00:00,1030.17,1058.43,1029.64,1046.44
1768536000,2026-01-16 04:00:00,1046.39,1062.16,1039.51,1052.64
1768550400,2026-01-16 08:00:00,1052.58,1083.91,1052.58,1062.56
1768564800,2026-01-16 12:00:00,1062.52,1099.22,1061.08,1084.44
1768579200,2026-01-16 16:00:00,1084.76,1087.29,1065.24,1077.91
1768593600,2026-01-16 20:00:00,1078.34,1086.56,1063.37,1083.99
1768608000,2026-01-17 00:00:00,1084.38,1139.32,1082.27,1130.23
1768622400,2026-01-17 04:00:00,1130.3,1138.65,1109.18,1133.73
1768636800,2026-01-17 08:00:00,1133.86,1133.97,1100.18,1130.36
1768651200,2026-01-17 12:00:00,1130.82,1140.16,1112.07,1122.07
1768665600,2026-01-17 16:00:00,1122.24,1137.39,1112.77,1130.44
1768680000,2026-01-17 20:00:00,1130.65,1134.12,1097.47,1102.57
1768694400,2026-01-18 00:00:00,1102.43,1110.03,1078.91,1109.73
1768708800,2026-01-18 04:00:00,1110.44,1123.3,1101.06,1117.79
1768723200,2026-01-18 08:00:00,1117.49,1117.74,1070.71,1072.74
1768737600,2026-01-18 12:00:00,1072.48,1073.66,1023.73,1035.66
1768752000,2026-01-18 16:00:00,1035.38,1076.38,1025.74,1071.13
1768766400,2026-01-18 20:00:00,1070.83,1088.94,1067.54,1084.7
1768780800,2026-01-19 00:00:00,1085.5,1087.77,1057.14,1078.33
1768795200,2026-01-19 04:00:00,1078.12,1099.91,1066.52,1077.02
1768809600,2026-01-19 08:00:00,1076.67,1076.67,1047.8,1062.64
1768824000,2026-01-19 12:00:00,1062.22,1063.03,1036.7,1052.46
1768838400,2026-01-19 16:00:00,1052.77,1109.95,1050.52,1109.41
1768852800,2026-01-19 20:00:00,1109.28,1136.36,1105.24,1119.27
1768867200,2026-01-20 00:00:00,1119.24,1131.1,1099.76,1122.53
1768881600,2026-01-20 04:00:00,1122.75,1122.83,1094.28,1095.61
1768896000,2026-01-20 08:00:00,1096.02,1102.35,1065.71,1076.64
1768910400,2026-01-20 12:00:00,1076.86,1085.03,1064.29,1071.24
1768924800,2026-01-20 16:00:00,1071.16,1116.58,1067.28,1088.39
1768939200,2026-01-20 20:00:00,1088.44,1101.04,1077.3,1087.54
1768953600,2026-01-21 00:00:00,1087.28,1091.8,1061.39,1078.21
1768968000,2026-01-21 04:00:00,1078.07,1087.56,1052.44,1056.47
1768982400,2026-01-21 08:00:00,1056.54,1090.58,1046.51,1086.37
1768996800,2026-01-21 12:00:00,1086.51,1113.75,1077.33,1098.81
1769011200,2026-01-21 16:00:00,1099.04,1132.37,1088.6,1127.71
1769025600,2026-01-21 20:00:00,1127.6,1144.07,1118.35,1123.47
1769040000,2026-01-22 00:00:00,1123.48,1125.92,1083.73,1086.32
1769054400,2026-01-22 04:00:00,1086.49,1116.97,1076.07,1116.97
1769068800,2026-01-22 08:00:00,1117.28,1119.07,1075.22,1080.03
1769083200,2026-01-22 12:00:00,1080.13,1090.92,1048.97,1061.25
1769097600,2026-01-22 16:00:00,1061.14,1109.47,1051.74,1101.09
1769112000,2026-01-22 20:00:00,1101.16,1114.94,1092.27,1103.75
1769126400,2026-01-23 00:00:00,1104.13,1133.26,1104.08,1128.99
1769140800,2026-01-23 04:00:00,1129.43,1134.45,1092.19,1121.74
1769155200,2026-01-23 08:00:00,1122.13,1134.06,1090.71,1095.73
1769169600,2026-01-23 12:00:00,1095.88,1100.25,1071.15,1082.43
1769184000,2026-01-23 16:00:00,1082.19,1089.86,1051.83,1082.28
1769198400,2026-01-23 20:00:00,1082.49,1127.84,1081.34,1127.02
1769212800,2026-01-24 00:00:00,1126.71,1149.11,1112.16,1121.57
1769227200,2026-01-24 04:00:00,1121.72,1135.96,1103.06,1135.96
1769241600,2026-01-24 08:00:00,1135.64,1146.98,1118.85,1125.66
1769256000,2026-01-24 12:00:00,1125.44,1142.74,1116.52,1139.38
1769270400,2026-01-24 16:00:00,1139.59,1162.39,1136.77,1139.81
1769284800,2026-01-24 20:00:00,1139.93,1161.4,1135.11,1136.74
1769299200,2026-01-25 00:00:00,1136.96,1167.64,1132.09,1155.57
1769313600,2026-01-25 04:00:00,1155.36,1165.48,1126.28,1161.72
1769328000,2026-01-25 08:00:00,1161.68,1191.1,1139.57,1190.44
1769342400,2026-01-25 12:00:00,1190.49,1196.25,1173.77,1181.69
1769356800,2026-01-25 16:00:00,1181.48,1201.13,1153.24,1154.92
1769371200,2026-01-25 20:00:00,1154.5,1159.02,1104.24,1108.16
1769385600,2026-01-26 00:00:00,1108.36,1109.5,1063.16,1064.05
1769400000,2026-01-26 04:00:00,1063.99,1102.57,1051.22,1100.17
1769414400,2026-01-26 08:00:00,1099.95,1100.67,1053.22,1089.86
1769428800,2026-01-26 12:00:00,1089.84,1128.18,1079.95,1124.74
1769443200,2026-01-26 16:00:00,1124.81,1159.49,1119.6,1147.15
1769457600,2026-01-26 20:00:00,1147.07,1169.69,1132.69,1154.72
1769472000,2026-01-27 00:00:00,1154.93,1161.58,1102.22,1113.16
1769486400,2026-01-27 04:00:00,1113.17,1142,1102.24,1114.02
1769500800,2026-01-27 08:00:00,1114.05,1148.13,1109.86,1136.05
1769515200,2026-01-27 12:00:00,1135.88,1159.96,1121.29,1143.98
1769529600,2026-01-27 16:00:00,1143.91,1154.68,1120.16,1127.04
1769544000,2026-01-27 20:00:00,1127.28,1134.95,1100.07,1101.14
1769558400,2026-01-28 00:00:00,1101.68,1128.81,1081.99,1124.99
1769572800,2026-01-28 04:00:00,1125.11,1127.63,1088.71,1112.97
1769587200,2026-01-28 08:00:00,1113,1121.49,1091.55,1100.23
1769601600,2026-01-28 12:00:00,1099.96,1102.19,1068.93,1087.32
1769616000,2026-01-28 16:00:00,1087.78,1094.43,1068.02,1085.4
1769630400,2026-01-28 20:00:00,1085.13,1101.08,1071.79,1093.54
1769644800,2026-01-29 00:00:00,1093.66,1102.34,1072.66,1089.14
1769659200,2026-01-29 04:00:00,1088.8,1094.91,1070.83,1074.9
1769673600,2026-01-29 08:00:00,1075.22,1091.83,1071.72,1084.17
1769688000,2026-01-29 12:00:00,1084.35,1103.85,1076.29,1101.29
1769702400,2026-01-29 16:00:00,1101.54,1130.99,1097.65,1108.54
1769716800,2026-01-29 20:00:00,1108.66,1133.41,1098.14,1127.08
1769731200,2026-01-30 00:00:00,1127.58,1147.43,1115.82,1136.19
1769745600,2026-01-30 04:00:00,1136.49,1170.23,1125.45,1169.08
1769760000,2026-01-30 08:00:00,1169.29,1171.79,1120.91,1146.79
1769774400,2026-01-30 12:00:00,1147.07,1165.75,1133.73,1151.2
1769788800,2026-01-30 16:00:00,1151,1157.21,1126.37,1146.83
1769803200,2026-01-30 20:00:00,1146.74,1153.94,1116.33,1139.94
1769817600,2026-01-31 00:00:00,1139.93,1159.59,1121.22,1127.34
1769832000,2026-01-31 04:00:00,1127.81,1139,1100.75,1108.59
1769846400,2026-01-31 08:00:00,1108.75,1123.55,1090.89,1118.34
1769860800,2026-01-31 12:00:00,1118.01,1136.56,1100.22,1115.53
1769875200,2026-01-31 16:00:00,1115.4,1116.8,1090.38,1102.26
1769889600,2026-01-31 20:00:00,1101.85,1146.92,1098.22,1123.67
1769904000,2026-02-01 00:00:00,1123.71,1130.08,1065.78,1077.99
1769918400,2026-02-01 04:00:00,1078.7,1108.24,1072.15,1078.24
1769932800,2026-02-01 08:00:00,1078.39,1086.37,1042.31,1064.11
1769947200,2026-02-01 12:00:00,1064.03,1084.01,1059.3,1060.24
1769961600,2026-02-01 16:00:00,1060.73,1079.57,1049.08,1050.04
1769976000,2026-02-01 20:00:00,1049.95,1070.12,1042.99,1065.57
1769990400,2026-02-02 00:00:00,1065.23,1080.85,1057.61,1066.64
1770004800,2026-02-02 04:00:00,1065.96,1095.38,1045.68,1058.08
1770019200,2026-02-02 08:00:00,1058.09,1064.92,1030.98,1058.01
1770033600,2026-02-02 12:00:00,1057.99,1071.19,1039.05,1059.09
1770048000,2026-02-02 16:00:00,1058.99,1088.64,1057.99,1078.04
1770062400,2026-02-02 20:00:00,1078.25,1111.44,1075.93,1103.6
1770076800,2026-02-03 00:00:00,1103.88,1133.07,1087.94,1102.96
1770091200,2026-02-03 04:00:00,1102.87,1125.13,1093.59,1116.74
1770105600,2026-02-03 08:00:00,1116.72,1148.75,1109.94,1140.22
1770120000,2026-02-03 12:00:00,1139.99,1141.4,1101.71,1122.04
1770134400,2026-02-03 16:00:00,1122.32,1123.69,1090.17,1095.28
1770148800,2026-02-03 20:00:00,1095.11,1134.1,1094.19,1115.23
1770163200,2026-02-04 00:00:00,1115.99,1135.95,1103.22,1115.84
1770177600,2026-02-04 04:00:00,1115.81,1122.51,1090.38,1121.75
1770192000,2026-02-04 08:00:00,1121.5,1134.87,1093.76,1128.87
1770206400,2026-02-04 12:00:00,1128.77,1155.17,1125.95,1142.56
1770220800,2026-02-04 16:00:00,1142.54,1171.4,1126.62,1155.49
1770235200,2026-02-04 20:00:00,1155.51,1162.84,1122.46,1126.01
1770249600,2026-02-05 00:00:00,1125.99,1136.25,1078.5,1106.51
1770264000,2026-02-05 04:00:00,1106.68,1109.49,1075.62,1077.3
1770278400,2026-02-05 08:00:00,1077.11,1103.22,1070.31,1084.49
1770292800,2026-02-05 12:00:00,1084.76,1093.67,1062.35,1082.67
1770307200,2026-02-05 16:00:00,1082.82,1096.02,1046.91,1050.12
1770321600,2026-02-05 20:00:00,1049.83,1064.44,1029.04,1063.98
1770336000,2026-02-06 00:00:00,1064.12,1077.15,1041.99,1051.54
1770350400,2026-02-06 04:00:00,1051.44,1079.57,1046.24,1076.79
1770364800,2026-02-06 08:00:00,1077.16,1077.29,1052.62,1064.44
1770379200,2026-02-06 12:00:00,1064.38,1076.24,1051.96,1064.81
1770393600,2026-02-06 16:00:00,1065.09,1068.85,1038.14,1045.04
1770408000,2026-02-06 20:00:00,1044.96,1063.64,1032.97,1048.39
1770422400,2026-02-07 00:00:00,1048.69,1068.5,1040.95,1048.6
1770436800,2026-02-07 04:00:00,1048.78,1076.36,1040.85,1074.39
1770451200,2026-02-07 08:00:00,1074.33,1093.88,1055.11,1077.85
1770465600,2026-02-07 12:00:00,1077.65,1096.12,1068.28,1090.29
1770480000,2026-02-07 16:00:00,1090.19,1106.3,1083.19,1102.9
1770494400,2026-02-07 20:00:00,1102.62,1103.85,1068.54,1090.97
1770508800,2026-02-08 00:00:00,1091.61,1109.48,1084.65,1100.14
1770523200,2026-02-08 04:00:00,1100.16,1124.1,1086.55,1121.04
1770537600,2026-02-08 08:00:00,1120.85,1128.01,1092.62,1107.14
1770552000,2026-02-08 12:00:00,1107.24,1144.17,1097.13,1129.79
1770566400,2026-02-08 16:00:00,1129.56,1147.12,1115.88,1137.11
1770580800,2026-02-08 20:00:00,1137.58,1140.47,1102.76,1107.84
1770595200,2026-02-09 00:00:00,1108,1112.98,1076.94,1112.37
1770609600,2026-02-09 04:00:00,1111.87,1113.34,1084.76,1091.8
1770624000,2026-02-09 08:00:00,1091.61,1115.29,1087.61,1088.04
1770638400,2026-02-09 12:00:00,1088.5,1092,1058.3,1090.63
1770652800,2026-02-09 16:00:00,1091.01,1104.42,1054.62,1055.8
1770667200,2026-02-09 20:00:00,1055.5,1074.4,1055.5,1071.58
1770681600,2026-02-10 00:00:00,1071.49,1089.25,1066.08,1078.69
1770696000,2026-02-10 04:00:00,1079.3,1096.79,1054.76,1058
1770710400,2026-02-10 08:00:00,1057.97,1067.49,1039.25,1045.62
1770724800,2026-02-10 12:00:00,1045.41,1049.72,1024.84,1029.45
1770739200,2026-02-10 16:00:00,1029.38,1058.61,1028.64,1057.07
1770753600,2026-02-10 20:00:00,1056.87,1057.12,996.03,1002.37
1770768000,2026-02-11 00:00:00,1002.97,1031.32,998.23,1015.03
1770782400,2026-02-11 04:00:00,1014.7,1039.53,1014.7,1035.43
1770796800,2026-02-11 08:00:00,1035.38,1058.82,1024.15,1057.61
1770811200,2026-02-11 12:00:00,1057.56,1092.42,1057.03,1082.15
1770825600,2026-02-11 16:00:00,1082.27,1083.37,1060.51,1062.89
1770840000,2026-02-11 20:00:00,1063.29,1063.29,991.1,991.62
1770854400,2026-02-12 00:00:00,991.89,1009.86,982.48,1006.13
1770868800,2026-02-12 04:00:00,1006.15,1044.04,998.12,1042.45
1770883200,2026-02-12 08:00:00,1042.97,1081.83,1042,1072.58
1770897600,2026-02-12 12:00:00,1072.76,1125.9,1071.41,1113.36
1770912000,2026-02-12 16:00:00,1113.08,1135.7,1099.61,1114.77
1770926400,2026-02-12 20:00:00,1115.19,1116.01,1090.33,1090.73
1770940800,2026-02-13 00:00:00,1090.82,1106.34,1063.57,1064.43
1770955200,2026-02-13 04:00:00,1064.78,1070.04,1015.19,1017.96
1770969600,2026-02-13 08:00:00,1018.02,1038.27,1004.97,1035.92
1770984000,2026-02-13 12:00:00,1036.05,1057.42,1023.28,1057.25
1770998400,2026-02-13 16:00:00,1057.3,1072.59,1031.34,1038.46
1771012800,2026-02-13 20:00:00,1038.11,1049.56,1008,1017.28
1771027200,2026-02-14 00:00:00,1017.82,1029.77,990.45,994.83
1771041600,2026-02-14 04:00:00,995.05,1001.25,971.49,987.96
1771056000,2026-02-14 08:00:00,987.84,999.39,957.37,962.73
1771070400,2026-02-14 12:00:00,962.98,967.5,918.16,924.24
1771084800,2026-02-14 16:00:00,924.34,941.98,916.63,937.94
1771099200,2026-02-14 20:00:00,937.81,968.15,933.38,953.55
1771113600,2026-02-15 00:00:00,953.42,966.75,945.38,950.73
1771128000,2026-02-15 04:00:00,950.96,979.39,942.04,968.25
1771142400,2026-02-15 08:00:00,968.5,977.57,958.6,969.75
1771156800,2026-02-15 12:00:00,969.79,996.46,967.19,989.7
1771171200,2026-02-15 16:00:00,989.72,1003.49,957.58,971.17
1771185600,2026-02-15 20:00:00,971.44,987.14,963.04,972.27
1771200000,2026-02-16 00:00:00,971.89,988.11,949.98,955.85
1771214400,2026-02-16 04:00:00,955.82,962.77,927.46,951.16
1771228800,2026-02-16 08:00:00,951.38,952.24,915.43,926.84
1771243200,2026-02-16 12:00:00,926.8,946.08,918.79,930.49
1771257600,2026-02-16 16:00:00,930.65,933.41,901.57,902.12
1771272000,2026-02-16 20:00:00,902.34,910.28,865.21,868.57
1771286400,2026-02-17 00:00:00,868.7,875.63,850.94,851.69
1771300800,2026-02-17 04:00:00,851.58,869.83,840.25,858.92
1771315200,2026-02-17 08:00:00,858.72,880.55,853.67,874.57
1771329600,2026-02-17 12:00:00,874.74,895.14,865.54,870.62
1771344000,2026-02-17 16:00:00,870.54,888.81,858.92,883.37
1771358400,2026-02-17 20:00:00,883.61,886.55,858.76,862.24
1771372800,2026-02-18 00:00:00,861.94,873.34,834.68,838.54
1771387200,2026-02-18 04:00:00,838.61,840.57,811.11,826.13
1771401600,2026-02-18 08:00:00,826.15,832.5,813.61,818.29
1771416000,2026-02-18 12:00:00,818.27,855.89,813.43,855.12
1771430400,2026-02-18 16:00:00,855.46,893.4,855.01,882.92
1771444800,2026-02-18 20:00:00,882.78,885.28,862.2,863.58
1771459200,2026-02-19 00:00:00,863.68,865.2,843.83,847.66
1771473600,2026-02-19 04:00:00,847.38,873.13,832.13,835.65
1771488000,2026-02-19 08:00:00,835.7,855.5,826.83,838.62
1771502400,2026-02-19 12:00:00,838.52,843.31,822.09,827.7
1771516800,2026-02-19 16:00:00,827.42,851.2,825.25,849.14
1771531200,2026-02-19 20:00:00,849.12,860.97,844.26,854.18
1771545600,2026-02-20 00:00:00,854.14,910.04,852.6,908
1771560000,2026-02-20 04:00:00,908.17,924.77,903.76,920.98
1771574400,2026-02-20 08:00:00,921.27,922.51,898.44,911.18
1771588800,2026-02-20 12:00:00,911.32,945.7,909.91,922.97
1771603200,2026-02-20 16:00:00,922.84,938.57,917.57,918.11
1771617600,2026-02-20 20:00:00,918.51,927.55,898.73,916.45
1771632000,2026-02-21 00:00:00,916.29,917.74,888.83,891.88
1771646400,2026-02-21 04:00:00,891.62,901.09,867.89,876.43
1771660800,2026-02-21 08:00:00,876.32,881.86,858.81,880.54
1771675200,2026-02-21 12:00:00,880.71,886.35,860.15,870.85
1771689600,2026-02-21 16:00:00,871.2,886.01,856.85,883.45
1771704000,2026-02-21 20:00:00,883.64,890.98,860.97,862.04
1771718400,2026-02-22 00:00:00,862.02,892.52,854.48,872.43
1771732800,2026-02-22 04:00:00,872.18,886.18,868.14,874.15
1771747200,2026-02-22 08:00:00,873.97,874.87,842.91,862.64
1771761600,2026-02-22 12:00:00,862.5,863.21,837.45,840.68
1771776000,2026-02-22 16:00:00,840.65,851.56,831.36,842.43
1771790400,2026-02-22 20:00:00,842.31,842.58,809.94,829.84
1771804800,2026-02-23 00:00:00,829.98,834.36,818.61,823.02
1771819200,2026-02-23 04:00:00,822.88,830.05,811.26,817.69
1771833600,2026-02-23 08:00:00,817.62,833.84,810.96,832.24
1771848000,2026-02-23 12:00:00,832.07,834.88,818.16,824.35
1771862400,2026-02-23 16:00:00,824.32,825.13,800.63,807.67
1771876800,2026-02-23 20:00:00,807.63,833.57,806.65,827.89
1771891200,2026-02-24 00:00:00,827.8,828.45,780.19,796.65
1771905600,2026-02-24 04:00:00,796.22,822.71,796.15,816.28
1771920000,2026-02-24 08:00:00,816.35,846.89,815.63,843.19
1771934400,2026-02-24 12:00:00,842.86,858.63,811.79,832.76
1771948800,2026-02-24 16:00:00,833.1,841.61,820.68,832.68
1771963200,2026-02-24 20:00:00,832.73,833.83,802.9,810.23
1771977600,2026-02-25 00:00:00,809.85,823.39,802.83,819.99
1771992000,2026-02-25 04:00:00,820.26,847.29,819.92,838.68
1772006400,2026-02-25 08:00:00,838.7,860.53,829.58,859.88
1772020800,2026-02-25 12:00:00,859.96,881.78,856.97,863.55
1772035200,2026-02-25 16:00:00,863.35,863.7,841.66,842.51
1772049600,2026-02-25 20:00:00,842.59,874.75,840.47,867.4
1772064000,2026-02-26 00:00:00,867.73,873.78,849.89,867.03
1772078400,2026-02-26 04:00:00,866.72,881.59,859.01,878.86
1772092800,2026-02-26 08:00:00,878.85,886.98,865.07,866.25
1772107200,2026-02-26 12:00:00,865.98,870.36,840.57,850.01
1772121600,2026-02-26 16:00:00,850.15,873.79,840.95,844.76
1772136000,2026-02-26 20:00:00,844.82,865.77,838,848.2
1772150400,2026-02-27 00:00:00,848.04,853.67,821.24,825.08
1772164800,2026-02-27 04:00:00,824.8,828.09,811.93,817.92
1772179200,2026-02-27 08:00:00,818.09,853.69,817.47,843.99
1772193600,2026-02-27 12:00:00,844.01,846.12,798.1,803.25
1772208000,2026-02-27 16:00:00,803.6,827.84,800.38,818.06
1772222400,2026-02-27 20:00:00,818.26,827.77,810.71,813.43
1772236800,2026-02-28 00:00:00,813.28,828.3,803.35,825.01
1772251200,2026-02-28 04:00:00,825.03,840.5,819.59,834.93
1772265600,2026-02-28 08:00:00,835.06,848.7,828.72,844.86
1772280000,2026-02-28 12:00:00,844.49,847.41,826.31,842.21
1772294400,2026-02-28 16:00:00,841.98,845.37,817.86,822.2
1772308800,2026-02-28 20:00:00,821.99,841.61,817.15,822.84
1772323200,2026-03-01 00:00:00,823.27,826.44,804.91,812.54
1772337600,2026-03-01 04:00:00,812.45,833.97,810.62,832.95
1772352000,2026-03-01 08:00:00,833.21,850.47,825.38,832.83
1772366400,2026-03-01 12:00:00,832.4,848.27,814.12,834.12
1772380800,2026-03-01 16:00:00,833.87,858.89,832.51,847.01
1772395200,2026-03-01 20:00:00,847.24,859.55,834.08,858.94
1772409600,2026-03-02 00:00:00,858.54,888.15,858.54,882.6
1772424000,2026-03-02 04:00:00,882.7,884.84,841.46,852.14
1772438400,2026-03-02 08:00:00,852.24,852.73,815.51,824.02
1772452800,2026-03-02 12:00:00,823.87,837.39,813.89,827.33
1772467200,2026-03-02 16:00:00,826.87,827.41,794.35,806.12
1772481600,2026-03-02 20:00:00,806.25,814,796.13,800.65
1772496000,2026-03-03 00:00:00,801.07,813.17,785.57,808.98
1772510400,2026-03-03 04:00:00,808.92,811.27,774.86,788.88
1772524800,2026-03-03 08:00:00,788.75,806.71,787.2,796.58
1772539200,2026-03-03 12:00:00,796.85,805.35,760.9,763.27
1772553600,2026-03-03 16:00:00,763.07,788.06,753.44,777.02
1772568000,2026-03-03 20:00:00,776.7,782.35,765.95,780.14
1772582400,2026-03-04 00:00:00,780.15,819.47,774.48,799.63
1772596800,2026-03-04 04:00:00,799.87,816.63,798.58,813.96
1772611200,2026-03-04 08:00:00,814.08,832.44,811.33,823.95
1772625600,2026-03-04 12:00:00,824.06,833.83,796.21,801.85
1772640000,2026-03-04 16:00:00,801.84,824.51,796.63,811.97
1772654400,2026-03-04 20:00:00,812.06,822.06,793.76,794.34
1772668800,2026-03-05 00:00:00,794.55,799.55,772.71,775.35
1772683200,2026-03-05 04:00:00,775.52,794.35,771.66,778.44
1772697600,2026-03-05 08:00:00,778.36,791.7,768.43,784.53
1772712000,2026-03-05 12:00:00,784.72,792.33,771.63,776.85
1772726400,2026-03-05 16:00:00,776.79,782.87,766.86,782.04
1772740800,2026-03-05 20:00:00,782.15,814.48,781.62,801.7
1772755200,2026-03-06 00:00:00,801.51,820.63,791.54,797.72
1772769600,2026-03-06 04:00:00,797.69,807.89,784.3,791.58
1772784000,2026-03-06 08:00:00,791.38,817.24,782.74,809.14
1772798400,2026-03-06 12:00:00,809.11,809.51,789.26,794.25
1772812800,2026-03-06 16:00:00,794.64,813.29,789.79,795.97
1772827200,2026-03-06 20:00:00,795.94,800.25,767.66,769.13
1772841600,2026-03-07 00:00:00,769.25,770.76,744.2,762.76
1772856000,2026-03-07 04:00:00,762.77,765,746.85,750.03
1772870400,2026-03-07 08:00:00,749.84,767.27,745.65,759.34
1772884800,2026-03-07 12:00:00,759.24,778.56,756.57,758.31
1772899200,2026-03-07 16:00:00,758.34,770.18,753.02,761.84
1772913600,2026-03-07 20:00:00,761.8,763.04,733.04,734.64
1772928000,2026-03-08 00:00:00,734.68,735.34,717.91,725.59
1772942400,2026-03-08 04:00:00,725.41,727.77,679.03,682.04
1772956800,2026-03-08 08:00:00,681.76,699.94,675.65,683.1
1772971200,2026-03-08 12:00:00,683.05,691.42,663.4,670.56
1772985600,2026-03-08 16:00:00,670.36,677.13,657.71,658.95
1773000000,2026-03-08 20:00:00,658.96,672.66,653.14,669.29
1773014400,2026-03-09 00:00:00,669.33,705.02,665.93,698.55
1773028800,2026-03-09 04:00:00,698.46,704.54,683.51,690.73
1773043200,2026-03-09 08:00:00,690.59,698.77,685.54,697.52
1773057600,2026-03-09 12:00:00,697.27,701.72,677.53,690.3
1773072000,2026-03-09 16:00:00,690.44,699.62,684.96,690.61
1773086400,2026-03-09 20:00:00,690.61,692.25,645.36,645.36
1773100800,2026-03-10 00:00:00,645.28,660.01,644.41,651.38
1773115200,2026-03-10 04:00:00,651.5,656.64,641.24,645.69
1773129600,2026-03-10 08:00:00,645.69,662.84,640.73,651.01
1773144000,2026-03-10 12:00:00,650.83,657.39,644.01,650.44
1773158400,2026-03-10 16:00:00,650.46,652.02,632,640.82
1773172800,2026-03-10 20:00:00,641.11,650.97,633.57,635.68
1773187200,2026-03-11 00:00:00,635.85,637.63,614.41,620.15
1773201600,2026-03-11 04:00:00,620.05,642.73,618.69,635.67
1773216000,2026-03-11 08:00:00,635.62,652.55,632.31,643.75
1773230400,2026-03-11 12:00:00,643.82,653.53,626.72,626.99
1773244800,2026-03-11 16:00:00,626.89,644.52,622.92,623.71
1773259200,2026-03-11 20:00:00,623.47,624.33,605.74,621.12
1773273600,2026-03-12 00:00:00,621.04,631.02,614.76,624.41
1773288000,2026-03-12 04:00:00,624.51,640.98,622.55,628.06
1773302400,2026-03-12 08:00:00,628.07,645.78,625.14,642.28
1773316800,2026-03-12 12:00:00,642.22,645.07,628.16,630.72
1773331200,2026-03-12 16:00:00,630.68,632.76,612.6,614.44
1773345600,2026-03-12 20:00:00,614.54,620.38,603.04,608.2
1773360000,2026-03-13 00:00:00,608.28,615.62,601.06,614.77
1773374400,2026-03-13 04:00:00,614.72,627.64,610.61,623.65
1773388800,2026-03-13 08:00:00,623.58,629.78,604.7,605.25
1773403200,2026-03-13 12:00:00,605.17,605.99,592.5,598.31
1773417600,2026-03-13 16:00:00,598.1,608.92,588.25,598.01
1773432000,2026-03-13 20:00:00,598.21,605.28,589.86,593.72
1773446400,2026-03-14 00:00:00,593.94,608.78,592.23,600.23
1773460800,2026-03-14 04:00:00,600.34,606.76,587.81,590.01
1773475200,2026-03-14 08:00:00,590.03,590.71,567.88,586.43
1773489600,2026-03-14 12:00:00,586.17,602.17,578.5,596.88
1773504000,2026-03-14 16:00:00,596.82,608.05,591.58,598.39
1773518400,2026-03-14 20:00:00,598.62,620.7,598.02,606.82
1773532800,2026-03-15 00:00:00,607.08,619.95,596.86,616.23
1773547200,2026-03-15 04:00:00,616.41,623.06,605.76,611.01
1773561600,2026-03-15 08:00:00,611.09,624.2,608.89,618.04
1773576000,2026-03-15 12:00:00,618.37,626.41,604.19,608.31
1773590400,2026-03-15 16:00:00,608.5,610.56,592.29,596.83
1773604800,2026-03-15 20:00:00,596.9,618.58,596.71,618.46
1773619200,2026-03-16 00:00:00,618.54,622.8,602.11,605.82
1773633600,2026-03-16 04:00:00,606.06,610.25,577.36,588.07
1773648000,2026-03-16 08:00:00,587.9,592.02,575.46,576.17
1773662400,2026-03-16 12:00:00,576.24,576.24,562.25,575.96
1773676800,2026-03-16 16:00:00,576.19,581.1,569.1,570.33
1773691200,2026-03-16 20:00:00,570.15,583.46,569.63,580.32
1773705600,2026-03-17 00:00:00,580.19,589.18,574.51,584.01
1773720000,2026-03-17 04:00:00,583.92,590.34,565.27,567.64
1773734400,2026-03-17 08:00:00,567.58,579.23,561.67,579.03
1773748800,2026-03-17 12:00:00,578.65,589.76,571.54,580.57
1773763200,2026-03-17 16:00:00,580.45,613.03,580.41,612.79
1773777600,2026-03-17 20:00:00,612.47,622.44,607.66,618.56
1773792000,2026-03-18 00:00:00,618.41,621.68,611.45,616.74
1773806400,2026-03-18 04:00:00,616.57,617.9,603.76,610.46
1773820800,2026-03-18 08:00:00,610.24,628.83,609.9,626.38
1773835200,2026-03-18 12:00:00,626.35,631.11,615.21,627.61
1773849600,2026-03-18 16:00:00,627.59,628.58,603.46,605.33
1773864000,2026-03-18 20:00:00,605.21,611.15,584.09,588.33
1773878400,2026-03-19 00:00:00,588.51,606.57,582.86,591.98
1773892800,2026-03-19 04:00:00,592.05,601.08,587.03,594.37
1773907200,2026-03-19 08:00:00,594.32,598.33,586.68,598.09
1773921600,2026-03-19 12:00:00,597.97,623.89,597.45,605.46
1773936000,2026-03-19 16:00:00,605.58,643.41,600.17,642.97
1773950400,2026-03-19 20:00:00,642.92,646.8,632.11,635.56
1773964800,2026-03-20 00:00:00,635.64,637,608.6,611.21
1773979200,2026-03-20 04:00:00,611,625.52,599.92,622.06
1773993600,2026-03-20 08:00:00,622.34,637.75,621.97,624.37
1774008000,2026-03-20 12:00:00,624.5,629.54,618.17,621.54
1774022400,2026-03-20 16:00:00,621.55,627.58,609.38,611.71
1774036800,2026-03-20 20:00:00,611.66,615.95,602,612.48
1774051200,2026-03-21 00:00:00,612.67,622.09,596.95,598.5
1774065600,2026-03-21 04:00:00,598.46,604.83,590.49,594.38
1774080000,2026-03-21 08:00:00,594.43,637.33,590.29,633.5
1774094400,2026-03-21 12:00:00,633.57,643.22,625.59,634.28
1774108800,2026-03-21 16:00:00,634.29,650.35,626.96,642.11
1774123200,2026-03-21 20:00:00,641.97,652.19,637.72,639.8
1774137600,2026-03-22 00:00:00,639.97,643.02,621.62,636.79
1774152000,2026-03-22 04:00:00,636.76,639.44,627.32,628.9
1774166400,2026-03-22 08:00:00,628.8,631.81,611.95,617.21
1774180800,2026-03-22 12:00:00,617.28,636.58,612.18,629.22
1774195200,2026-03-22 16:00:00,629.28,651.72,624.42,651.72
1774209600,2026-03-22 20:00:00,651.71,658.58,644.24,650.76
1774224000,2026-03-23 00:00:00,650.59,656.74,635.54,656.3
1774238400,2026-03-23 04:00:00,656.25,670.99,641.8,669.79
1774252800,2026-03-23 08:00:00,669.52,690.06,666.42,681.73
1774267200,2026-03-23 12:00:00,681.75,690.5,662.33,664.05
1774281600,2026-03-23 16:00:00,664.07,664.68,650.88,654.15
1774296000,2026-03-23 20:00:00,654.23,654.25,629.07,636.77
1774310400,2026-03-24 00:00:00,636.92,663.82,631.72,660.42
1774324800,2026-03-24 04:00:00,660.29,671.65,653.81,656.79
1774339200,2026-03-24 08:00:00,656.72,668.69,649.46,650.66
1774353600,2026-03-24 12:00:00,650.6,674.93,650.09,669.74
1774368000,2026-03-24 16:00:00,669.79,682.97,666.62,672.1
1774382400,2026-03-24 20:00:00,672.1,689.28,667.34,682.23
1774396800,2026-03-25 00:00:00,682.07,686.52,668.53,677.78
1774411200,2026-03-25 04:00:00,677.7,695.26,672.65,678.19
1774425600,2026-03-25 08:00:00,678.21,679.56,658.44,659.19
1774440000,2026-03-25 12:00:00,659.19,664.22,640.12,643.76
1774454400,2026-03-25 16:00:00,643.78,672.19,641.69,671.92
1774468800,2026-03-25 20:00:00,671.53,684.12,668.28,683.76
1774483200,2026-03-26 00:00:00,683.85,712.64,678.62,705.6
1774497600,2026-03-26 04:00:00,705.41,716.52,698.59,702.62
1774512000,2026-03-26 08:00:00,702.74,722.5,698.24,709.88
1774526400,2026-03-26 12:00:00,709.8,711.27,689.03,694.39
1774540800,2026-03-26 16:00:00,694.26,698.99,677.13,691.6
1774555200,2026-03-26 20:00:00,691.53,696.48,679.88,685.94
1774569600,2026-03-27 00:00:00,686.2,708.54,681.02,699.13
1774584000,2026-03-27 04:00:00,699.28,700.54,677.5,696.86
1774598400,2026-03-27 08:00:00,696.76,730.35,694.64,716.51
1774612800,2026-03-27 12:00:00,716.53,728.09,704.63,721.37
1774627200,2026-03-27 16:00:00,721.47,722.64,692.95,703.43
1774641600,2026-03-27 20:00:00,703.29,721.63,696.69,697.4
1774656000,2026-03-28 00:00:00,697.14,697.15,680.94,685.18
1774670400,2026-03-28 04:00:00,684.88,708.35,682.14,705.06
1774684800,2026-03-28 08:00:00,705.1,716.5,702.49,704.12
1774699200,2026-03-28 12:00:00,704.2,716.98,694.11,716.56
1774713600,2026-03-28 16:00:00,716.54,724.71,707.55,710.76
1774728000,2026-03-28 20:00:00,710.63,713.2,699.64,708.07
1774742400,2026-03-29 00:00:00,708.27,733.36,705.12,724.9
1774756800,2026-03-29 04:00:00,724.87,728.1,710.75,720.57
1774771200,2026-03-29 08:00:00,720.6,731.95,714.52,731.17
1774785600,2026-03-29 12:00:00,731.04,740.75,719.93,740.04
1774800000,2026-03-29 16:00:00,740.26,749.53,735.04,737.66
1774814400,2026-03-29 20:00:00,737.72,748.32,730.29,744.22
1774828800,2026-03-30 00:00:00,744.25,750.98,726.98,733.42
1774843200,2026-03-30 04:00:00,733.23,736.99,716.55,718.69
1774857600,2026-03-30 08:00:00,718.87,726.11,704.52,706.55
1774872000,2026-03-30 12:00:00,706.55,712.7,694.02,710.82
1774886400,2026-03-30 16:00:00,710.78,716.78,691.74,711.41
1774900800,2026-03-30 20:00:00,710.87,729.26,705.32,705.7
1774915200,2026-03-31 00:00:00,705.89,710.02,676.71,678.12
1774929600,2026-03-31 04:00:00,678.55,695.53,677.97,683.44
1774944000,2026-03-31 08:00:00,683.68,686.77,652.97,656.46
1774958400,2026-03-31 12:00:00,656.48,658.15,627.99,633.71
1774972800,2026-03-31 16:00:00,633.82,642.11,625.68,639.05
1774987200,2026-03-31 20:00:00,639.22,639.61,621.46,629.6
1775001600,2026-04-01 00:00:00,629.48,651.25,626.9,639.91
1775016000,2026-04-01 04:00:00,639.92,658.78,637.81,656.33
1775030400,2026-04-01 08:00:00,656.24,665.51,649.78,655.25
1775044800,2026-04-01 12:00:00,655.12,666.73,638.62,638.68
1775059200,2026-04-01 16:00:00,638.62,640.21,626.01,633.24
1775073600,2026-04-01 20:00:00,633.14,643.62,620.55,622.81
1775088000,2026-04-02 00:00:00,622.57,631.39,607.93,613.57
1775102400,2026-04-02 04:00:00,613.56,617.48,604.94,607.67
1775116800,2026-04-02 08:00:00,607.44,616.06,602.08,615.19
1775131200,2026-04-02 12:00:00,615.49,622.48,609.78,617.41
1775145600,2026-04-02 16:00:00,617.45,624.71,612.32,623.86
1775160000,2026-04-02 20:00:00,623.79,631.35,617.16,629.56
1775174400,2026-04-03 00:00:00,629.4,650.22,628.88,649.78
1775188800,2026-04-03 04:00:00,649.84,651.97,633.16,643.45
1775203200,2026-04-03 08:00:00,643.28,648.54,612.31,619.9
1775217600,2026-04-03 12:00:00,619.88,625.47,609.7,615.57
1775232000,2026-04-03 16:00:00,615.57,633.87,613.99,622.23
1775246400,2026-04-03 20:00:00,622.31,630.8,603.31,605.09
1775260800,2026-04-04 00:00:00,604.98,632.21,603.81,626.99
1775275200,2026-04-04 04:00:00,626.97,647.62,623.85,640.5
1775289600,2026-04-04 08:00:00,640.32,651.68,633.11,639.1
1775304000,2026-04-04 12:00:00,638.96,653.9,629.53,651.16
1775318400,2026-04-04 16:00:00,651.43,678.52,642.98,673.55
1775332800,2026-04-04 20:00:00,673.59,678.59,663.64,669.69
1775347200,2026-04-05 00:00:00,669.57,690.73,656.35,681.75
1775361600,2026-04-05 04:00:00,681.75,702.29,667.54,667.68
1775376000,2026-04-05 08:00:00,668.05,676.95,658.6,659.32
1775390400,2026-04-05 12:00:00,659.22,663.49,637.92,638.04
1775404800,2026-04-05 16:00:00,638.08,638.73,622.9,626.78
1775419200,2026-04-05 20:00:00,626.67,635.15,618.97,627.62
1775433600,2026-04-06 00:00:00,627.88,628.47,606.33,610.68
1775448000,2026-04-06 04:00:00,610.4,629.99,607.3,629.63
1775462400,2026-04-06 08:00:00,629.55,647.35,625.26,638.42
1775476800,2026-04-06 12:00:00,638.41,657.35,628.3,654.78
1775491200,2026-04-06 16:00:00,654.68,660.68,640.74,658
1775505600,2026-04-06 20:00:00,658.02,665.36,651.57,663.29
1775520000,2026-04-07 00:00:00,663.31,670.59,643.88,649.51
1775534400,2026-04-07 04:00:00,649.7,659.4,642.73,658.89
1775548800,2026-04-07 08:00:00,658.68,664.05,640.18,648.84
1775563200,2026-04-07 12:00:00,648.83,652.32,638.66,647.37
1775577600,2026-04-07 16:00:00,647.45,664.63,645.58,661.74
1775592000,2026-04-07 20:00:00,661.54,665.03,652.85,662.13
1775606400,2026-04-08 00:00:00,662.1,668.03,646.21,662.25
1775620800,2026-04-08 04:00:00,662.06,681.22,658.58,676.33
1775635200,2026-04-08 08:00:00,676.44,678.02,653.99,667.49
1775649600,2026-04-08 12:00:00,667.22,669.17,654.64,662.52
1775664000,2026-04-08 16:00:00,662.53,665.57,638.46,644.01
1775678400,2026-04-08 20:00:00,643.77,664.99,643.27,656.99
1775692800,2026-04-09 00:00:00,656.91,657.67,636.22,652.49
1775707200,2026-04-09 04:00:00,652.46,652.97,616.24,618.38
1775721600,2026-04-09 08:00:00,618.25,644.68,614.75,635.33
1775736000,2026-04-09 12:00:00,635.08,668.68,633.63,666.28
1775750400,2026-04-09 16:00:00,666.18,672.25,648.92,671.89
1775764800,2026-04-09 20:00:00,671.83,700.65,667.91,698.23
1775779200,2026-04-10 00:00:00,698.22,715.48,696.2,701.97
1775793600,2026-04-10 04:00:00,702.06,711.6,689.66,691.49
1775808000,2026-04-10 08:00:00,691.31,691.43,661.75,662.2
1775822400,2026-04-10 12:00:00,662.03,688.29,661.95,681.24
1775836800,2026-04-10 16:00:00,681.29,700.61,672.67,694.29
1775851200,2026-04-10 20:00:00,694.12,702.4,671.19,671.33
1775865600,2026-04-11 00:00:00,671.29,680.02,662.52,677.71
1775880000,2026-04-11 04:00:00,677.63,692.47,672.79,690.62
1775894400,2026-04-11 08:00:00,690.72,708.59,680.26,707.98
1775908800,2026-04-11 12:00:00,708.09,715.61,698.81,705.64
1775923200,2026-04-11 16:00:00,705.53,721.28,699.47,703.41
1775937600,2026-04-11 20:00:00,703.41,719.56,701.14,704.48
1775952000,2026-04-12 00:00:00,704.59,729.17,702.52,723.22
1775966400,2026-04-12 04:00:00,723.17,756.49,720.51,755.36
1775980800,2026-04-12 08:00:00,755.15,760.3,744.83,746.54
1775995200,2026-04-12 12:00:00,746.55,759.29,739.55,751.42
1776009600,2026-04-12 16:00:00,751.74,771.82,747.01,768.38
1776024000,2026-04-12 20:00:00,768.44,782.28,760.25,775.56
1776038400,2026-04-13 00:00:00,775.44,789.16,771.01,776.88
1776052800,2026-04-13 04:00:00,776.83,780.04,754.88,764.85
1776067200,2026-04-13 08:00:00,764.97,771.04,745.74,756.96
1776081600,2026-04-13 12:00:00,757.36,773.45,754.51,754.81
1776096000,2026-04-13 16:00:00,754.84,773.59,739.15,773.59
1776110400,2026-04-13 20:00:00,773.53,804.75,767.66,792.68
1776124800,2026-04-14 00:00:00,792.44,798.13,776.48,795.06
1776139200,2026-04-14 04:00:00,795.07,806.03,781.92,805.74
1776153600,2026-04-14 08:00:00,805.74,826.14,799.87,811.02
1776168000,2026-04-14 12:00:00,810.8,814.68,787.33,794.2
1776182400,2026-04-14 16:00:00,794.21,797.76,762.49,762.49
1776196800,2026-04-14 20:00:00,762.57,769.91,748.38,769.89
1776211200,2026-04-15 00:00:00,769.81,785.76,763.03,777.96
1776225600,2026-04-15 04:00:00,777.97,780.65,752.51,779.22
1776240000,2026-04-15 08:00:00,779.42,801.96,772.56,799.32
1776254400,2026-04-15 12:00:00,799.1,805.91,788.48,794.94
1776268800,2026-04-15 16:00:00,794.86,809.38,781.37,784.12
1776283200,2026-04-15 20:00:00,783.94,785.58,766.25,772.27
1776297600,2026-04-16 00:00:00,772.07,793.38,767.85,782.26
1776312000,2026-04-16 04:00:00,782.48,815.25,778.15,791.86
1776326400,2026-04-16 08:00:00,791.78,814.57,789.62,802.93
1776340800,2026-04-16 12:00:00,802.9,807.68,783.62,805.01
1776355200,2026-04-16 16:00:00,805.14,815.33,799.19,806.98
1776369600,2026-04-16 20:00:00,806.85,810.31,790.3,790.57
1776384000,2026-04-17 00:00:00,791.03,791.18,773.1,783.54
1776398400,2026-04-17 04:00:00,783.38,790.22,768.4,787.57
1776412800,2026-04-17 08:00:00,787.56,796.06,781.12,787.92
1776427200,2026-04-17 12:00:00,788.31,792.36,766.38,782.02
1776441600,2026-04-17 16:00:00,782.02,782.58,764.97,770.8
1776456000,2026-04-17 20:00:00,770.38,790.09,765.3,775.52
1776470400,2026-04-18 00:00:00,775.52,776.31,764.37,764.77
1776484800,2026-04-18 04:00:00,764.79,775.41,748.84,749.05
1776499200,2026-04-18 08:00:00,749.29,759.9,743.56,752.4
1776513600,2026-04-18 12:00:00,752.39,757.98,731.84,735.93
1776528000,2026-04-18 16:00:00,736.18,741.45,724.25,733.14
1776542400,2026-04-18 20:00:00,733.45,737.06,719.46,726.62
1776556800,2026-04-19 00:00:00,727.18,738.97,718.58,732.75
1776571200,2026-04-19 04:00:00,732.57,741.3,707.07,708.97
1776585600,2026-04-19 08:00:00,709.02,717.96,694.76,701.59
1776600000,2026-04-19 12:00:00,701.62,702.43,683.13,688.32
1776614400,2026-04-19 16:00:00,688.24,717.15,684.47,716.83
1776628800,2026-04-19 20:00:00,716.93,723.35,701.37,712.21
1776643200,2026-04-20 00:00:00,712.04,725.07,700.16,722.63
1776657600,2026-04-20 04:00:00,722.66,725.22,705.76,712.49
1776672000,2026-04-20 08:00:00,712.56,727.43,705.66,724.1
1776686400,2026-04-20 12:00:00,724.31,751.82,722.9,751.35
1776700800,2026-04-20 16:00:00,751.22,774.88,748.66,765.57
1776715200,2026-04-20 20:00:00,765.53,774.99,748.73,759.06
1776729600,2026-04-21 00:00:00,759.09,772.21,748.46,759.59
1776744000,2026-04-21 04:00:00,760,779.97,756.35,776.11
1776758400,2026-04-21 08:00:00,775.89,788.01,755.71,759.6
1776772800,2026-04-21 12:00:00,759.38,778,751.01,772.3
1776787200,2026-04-21 16:00:00,772.39,779.36,762.11,777.19
1776801600,2026-04-21 20:00:00,776.93,777.52,737.91,747.52
1776816000,2026-04-22 00:00:00,747.91,756.92,724.15,725.96
1776830400,2026-04-22 04:00:00,725.9,772.25,722.94,761.53
1776844800,2026-04-22 08:00:00,761.35,769.53,751.82,761.71
1776859200,2026-04-22 12:00:00,761.48,792.49,758.17,778.57
1776873600,2026-04-22 16:00:00,778.6,783.69,758.87,762.27
1776888000,2026-04-22 20:00:00,762.02,772.53,740.67,744.36
1776902400,2026-04-23 00:00:00,744.41,769.02,740.84,753.51
1776916800,2026-04-23 04:00:00,753.6,767.56,746.13,749.13
1776931200,2026-04-23 08:00:00,749.19,760.61,738.65,754.38
1776945600,2026-04-23 12:00:00,754.32,785,754.32,780.35
1776960000,2026-04-23 16:00:00,780.35,792.26,765.89,770.09
1776974400,2026-04-23 20:00:00,770.37,781.29,757.21,758.1
1776988800,2026-04-24 00:00:00,758.22,758.22,741.37,746.95
1777003200,2026-04-24 04:00:00,746.96,767.36,744.64,760.97
1777017600,2026-04-24 08:00:00,761.06,763.13,729.75,729.83
1777032000,2026-04-24 12:00:00,729.85,739.91,716.03,727.56
1777046400,2026-04-24 16:00:00,727.47,755.89,724.49,747.39
1777060800,2026-04-24 20:00:00,747.48,747.48,714.29,714.57
1777075200,2026-04-25 00:00:00,714.08,718.03,690.72,694.03
1777089600,2026-04-25 04:00:00,693.98,711.5,685.13,711.13
1777104000,2026-04-25 08:00:00,710.84,725.57,702.73,710.89
1777118400,2026-04-25 12:00:00,710.96,730.81,707.93,728.09
1777132800,2026-04-25 16:00:00,728.02,741.71,722.5,731.87
1777147200,2026-04-25 20:00:00,731.95,745.22,728.98,740.12
1777161600,2026-04-26 00:00:00,740.04,746.95,722.5,723.42
1777176000,2026-04-26 04:00:00,723.28,724.55,697.37,700.77
1777190400,2026-04-26 08:00:00,700.91,710.18,698.88,701.56
1777204800,2026-04-26 12:00:00,701.73,705.41,680.19,683.53
1777219200,2026-04-26 16:00:00,683.41,707.24,679.12,707.11
1777233600,2026-04-26 20:00:00,707.02,712.69,689.56,693.85
1777248000,2026-04-27 00:00:00,693.8,701.14,685.65,695.34
1777262400,2026-04-27 04:00:00,695.43,713.62,687.26,713.03
1777276800,2026-04-27 08:00:00,712.73,713.16,689.38,695.14
1777291200,2026-04-27 12:00:00,695.14,706.62,684.04,689.39
1777305600,2026-04-27 16:00:00,689.53,704.83,685.06,690.99
1777320000,2026-04-27 20:00:00,690.99,704.52,680.51,703.91
1777334400,2026-04-28 00:00:00,704.03,708.95,683.41,689.36
1777348800,2026-04-28 04:00:00,689.08,702.58,684.94,691.99
1777363200,2026-04-28 08:00:00,691.81,707.21,684.58,698.61
1777377600,2026-04-28 12:00:00,698.44,708.94,686.07,704.57
1777392000,2026-04-28 16:00:00,704.74,708.48,671.29,675.94
1777406400,2026-04-28 20:00:00,676.21,695.29,670.8,676.95
1777420800,2026-04-29 00:00:00,677.03,686.36,656.66,657.34
1777435200,2026-04-29 04:00:00,657,657.11,642.21,642.33
1777449600,2026-04-29 08:00:00,642.34,645.14,630.71,632.89
1777464000,2026-04-29 12:00:00,632.64,642.4,622.15,627.17
1777478400,2026-04-29 16:00:00,627.07,632.47,608.73,631.15
1777492800,2026-04-29 20:00:00,631.23,633.24,591.84,593.16
1777507200,2026-04-30 00:00:00,593.14,600.31,587.65,596.33
1777521600,2026-04-30 04:00:00,596.34,596.47,581.52,595.08
1777536000,2026-04-30 08:00:00,595.17,609.7,588.74,602.94
1777550400,2026-04-30 12:00:00,602.73,627.61,600.49,625.51
1777564800,2026-04-30 16:00:00,625.41,627.16,606.62,611.28
1777579200,2026-04-30 20:00:00,611.38,626.08,605.78,624.15
1777593600,2026-05-01 00:00:00,624.04,639.47,618.14,634.23
1777608000,2026-05-01 04:00:00,634.53,639.6,626.28,632.06
1777622400,2026-05-01 08:00:00,632.04,633.73,608.34,609.08
1777636800,2026-05-01 12:00:00,609.16,619.49,598.92,598.93
1777651200,2026-05-01 16:00:00,599.09,600.05,573.19,582.78
1777665600,2026-05-01 20:00:00,582.52,588.74,577.79,581.89
1777680000,2026-05-02 00:00:00,581.76,624.94,581.32,623.72
1777694400,2026-05-02 04:00:00,623.84,637.3,614.16,637.21
1777708800,2026-05-02 08:00:00,637.46,653.1,631.4,635.95
1777723200,2026-05-02 12:00:00,636.1,651.03,626.68,648.62
1777737600,2026-05-02 16:00:00,648.66,654.64,637.6,638.53
1777752000,2026-05-02 20:00:00,638.4,657.48,636.48,637.37
1777766400,2026-05-03 00:00:00,637.23,638.19,616.76,627.51
1777780800,2026-05-03 04:00:00,627.67,640.49,623.36,630.7
1777795200,2026-05-03 08:00:00,630.6,632.3,615.15,630.14
1777809600,2026-05-03 12:00:00,630.25,639.02,619.14,637.75
1777824000,2026-05-03 16:00:00,637.83,638.2,610.32,621.58
1777838400,2026-05-03 20:00:00,621.56,644.61,619.86,637.29
1777852800,2026-05-04 00:00:00,637.47,669.69,637.12,669.62
1777867200,2026-05-04 04:00:00,669.76,679.87,660.32,660.66
1777881600,2026-05-04 08:00:00,660.66,667.06,640.66,640.66
1777896000,2026-05-04 12:00:00,640.48,653.46,639.2,643.77
1777910400,2026-05-04 16:00:00,643.94,648.92,635.41,640.14
1777924800,2026-05-04 20:00:00,640.09,640.99,615.26,624.35
1777939200,2026-05-05 00:00:00,624.24,637.54,607.28,608.58
1777953600,2026-05-05 04:00:00,608.79,609.07,580.46,582.42
1777968000,2026-05-05 08:00:00,582.29,585.32,558.16,571.73
1777982400,2026-05-05 12:00:00,571.89,573.08,558.21,559.43
1777996800,2026-05-05 16:00:00,559.27,563.1,539.6,541.86
1778011200,2026-05-05 20:00:00,541.68,559.69,534.25,558.93
1778025600,2026-05-06 00:00:00,558.7,562.78,546.55,550.29
1778040000,2026-05-06 04:00:00,550.38,560.23,545.98,555.49
1778054400,2026-05-06 08:00:00,555.71,562.64,540.48,553.75
1778068800,2026-05-06 12:00:00,553.84,566.39,549.19,556.39
1778083200,2026-05-06 16:00:00,556.19,570.06,548.02,569.92
1778097600,2026-05-06 20:00:00,569.67,570.56,545.46,554.32
1778112000,2026-05-07 00:00:00,554.3,569.61,553.41,568.72
1778126400,2026-05-07 04:00:00,568.95,572.89,552.99,567.05
1778140800,2026-05-07 08:00:00,566.9,573.01,556.13,558.59
1778155200,2026-05-07 12:00:00,558.54,560.46,539.85,549.53
1778169600,2026-05-07 16:00:00,549.49,561.37,544.88,559.25
1778184000,2026-05-07 20:00:00,559.22,560.44,545.57,545.57
1778198400,2026-05-08 00:00:00,545.71,560.74,544.65,559.07
1778212800,2026-05-08 04:00:00,559.03,572.03,557.07,567.33
1778227200,2026-05-08 08:00:00,567.19,577.22,558.5,567.19
1778241600,2026-05-08 12:00:00,567.06,567.64,553.79,559.89
1778256000,2026-05-08 16:00:00,559.97,578.16,555.79,575.86
1778270400,2026-05-08 20:00:00,575.84,578.18,561.81,565.51
1778284800,2026-05-09 00:00:00,565.37,567.25,546.49,557.41
1778299200,2026-05-09 04:00:00,557.46,562.56,546.13,551.16
1778313600,2026-05-09 08:00:00,551,560.95,545.59,552.51
1778328000,2026-05-09 12:00:00,552.49,554.22,540.1,544.76
1778342400,2026-05-09 16:00:00,544.93,547.28,518.19,523
1778356800,2026-05-09 20:00:00,522.9,523.93,507.09,514.59
1778371200,2026-05-10 00:00:00,514.57,531.5,513.24,526.56
1778385600,2026-05-10 04:00:00,526.49,541.24,522.57,528.1
1778400000,2026-05-10 08:00:00,527.83,551.36,524.61,549.21
1778414400,2026-05-10 12:00:00,549.34,557.63,541.59,543.11
1778428800,2026-05-10 16:00:00,543.37,543.5,527.46,533.79
1778443200,2026-05-10 20:00:00,533.83,547.65,531.21,534.94
1778457600,2026-05-11 00:00:00,535.17,535.56,516.83,522.94
1778472000,2026-05-11 04:00:00,523.1,542.37,521.25,532.81
1778486400,2026-05-11 08:00:00,532.82,532.88,521.25,526.68
1778500800,2026-05-11 12:00:00,526.74,527.88,512.98,513.57
1778515200,2026-05-11 16:00:00,513.54,515.41,486.57,487.91
1778529600,2026-05-11 20:00:00,487.78,488.55,459.22,460.12
1778544000,2026-05-12 00:00:00,460.13,465.4,450.61,456.1
1778558400,2026-05-12 04:00:00,455.93,461.92,453.18,453.5
1778572800,2026-05-12 08:00:00,453.51,457.11,443.29,454.48
1778587200,2026-05-12 12:00:00,454.4,458.85,436.48,440.18
1778601600,2026-05-12 16:00:00,440.27,443.03,429.66,435.97
1778616000,2026-05-12 20:00:00,435.73,442.93,426.9,428.05
1778630400,2026-05-13 00:00:00,428.09,438.63,426.93,431.72
1778644800,2026-05-13 04:00:00,431.55,438.63,426.56,432.68
1778659200,2026-05-13 08:00:00,432.53,433.12,422.03,425.01
1778673600,2026-05-13 12:00:00,424.88,425.72,409.77,419.71
1778688000,2026-05-13 16:00:00,419.54,419.68,403.04,404.23
1778702400,2026-05-13 20:00:00,404.22,409.91,398.4,408.27
1778716800,2026-05-14 00:00:00,408.36,413.94,402.53,413.56
1778731200,2026-05-14 04:00:00,413.62,426.55,413.51,421.92
1778745600,2026-05-14 08:00:00,421.84,425.59,412.71,417.88
1778760000,2026-05-14 12:00:00,417.83,418.87,404.17,405.14
1778774400,2026-05-14 16:00:00,405.2,418.66,399.49,417.42
1778788800,2026-05-14 20:00:00,417.54,421.74,406.44,406.52
1778803200,2026-05-15 00:00:00,406.48,414.21,403.01,412.95
1778817600,2026-05-15 04:00:00,412.93,414.73,396.92,397.98
1778832000,2026-05-15 08:00:00,398.13,404.26,395.6,395.83
1778846400,2026-05-15 12:00:00,395.81,396.59,388.23,393.5
1778860800,2026-05-15 16:00:00,393.6,407.16,391.04,405.14
1778875200,2026-05-15 20:00:00,405.12,408.05,397.39,401.21
1778889600,2026-05-16 00:00:00,401.34,406.67,391.75,406.36
1778904000,2026-05-16 04:00:00,406.27,412.92,394.05,394.61
1778918400,2026-05-16 08:00:00,394.48,399.43,391.49,394.55
1778932800,2026-05-16 12:00:00,394.65,397.78,384.16,397.3
1778947200,2026-05-16 16:00:00,397.22,401.26,391.47,396.3
1778961600,2026-05-16 20:00:00,396.34,426.8,394.62,421.93
1778976000,2026-05-17 00:00:00,421.85,424.23,407.25,409.22
1778990400,2026-05-17 04:00:00,409.19,412.81,400.81,406.52
1779004800,2026-05-17 08:00:00,406.3,410.89,397.28,399.16
1779019200,2026-05-17 12:00:00,399.13,412.99,394.54,412.66
1779033600,2026-05-17 16:00:00,412.92,415.63,406.43,412.46
1779048000,2026-05-17 20:00:00,412.7,421.43,411.74,417.93
1779062400,2026-05-18 00:00:00,417.93,420.53,406.08,409.03
1779076800,2026-05-18 04:00:00,409.04,417.07,407.23,409.84
1779091200,2026-05-18 08:00:00,409.87,417.76,407.97,409.13
1779105600,2026-05-18 12:00:00,409.21,426.31,407.3,426.14
1779120000,2026-05-18 16:00:00,426.18,428.59,417.8,422.03
1779134400,2026-05-18 20:00:00,421.95,426.68,416.74,420.73
1779148800,2026-05-19 00:00:00,420.53,420.59,402.92,404.4
1779163200,2026-05-19 04:00:00,404.34,420.73,398.71,420.41
1779177600,2026-05-19 08:00:00,420.3,422.73,401.47,402.82
1779192000,2026-05-19 12:00:00,402.82,405.56,400.16,401.95
1779206400,2026-05-19 16:00:00,401.85,405.4,391.3,392.89
1779220800,2026-05-19 20:00:00,392.9,401.12,390.35,392.93
1779235200,2026-05-20 00:00:00,393.06,407.22,392.89,404.09
1779249600,2026-05-20 04:00:00,404.08,415.35,402.51,413.05
1779264000,2026-05-20 08:00:00,413,417.51,405.35,408.6
1779278400,2026-05-20 12:00:00,408.59,415.39,403.12,405.25
1779292800,2026-05-20 16:00:00,405.11,407.05,397.2,404.17
1779307200,2026-05-20 20:00:00,404.27,412.27,403.4,407.65
1779321600,2026-05-21 00:00:00,407.61,410.53,399.93,402.3
1779336000,2026-05-21 04:00:00,402.37,412.42,400.31,409.55
1779350400,2026-05-21 08:00:00,409.54,411,401.63,406.7
1779364800,2026-05-21 12:00:00,406.63,407.33,397.24,402.92
1779379200,2026-05-21 16:00:00,403.11,411.11,402.37,405.24
1779393600,2026-05-21 20:00:00,405.12,414.73,401.12,403.17
1779408000,2026-05-22 00:00:00,403.07,417.51,401.64,417.3
1779422400,2026-05-22 04:00:00,417.37,420.68,400.73,403.94
1779436800,2026-05-22 08:00:00,403.98,406.4,395.64,403.61
1779451200,2026-05-22 12:00:00,403.77,415.1,400.29,410.25
1779465600,2026-05-22 16:00:00,410.03,414.78,402.16,402.82
1779480000,2026-05-22 20:00:00,402.79,404.58,397.37,399.76
1779494400,2026-05-23 00:00:00,399.57,403.36,393.48,397.58
1779508800,2026-05-23 04:00:00,397.55,402.47,393.7,397.23
1779523200,2026-05-23 08:00:00,397.31,398.16,388.39,390.83
1779537600,2026-05-23 12:00:00,390.81,399.22,382.85,384.87
1779552000,2026-05-23 16:00:00,385.04,386.27,372.99,373.79
1779566400,2026-05-23 20:00:00,373.89,379.77,368.46,377.72
1779580800,2026-05-24 00:00:00,377.65,382.82,371.61,379.54
1779595200,2026-05-24 04:00:00,379.52,385.19,375.05,382.06
1779609600,2026-05-24 08:00:00,382.01,386.86,377.72,382.81
1779624000,2026-05-24 12:00:00,382.81,386,371.47,373.73
1779638400,2026-05-24 16:00:00,373.75,383.99,367.18,383.73
1779652800,2026-05-24 20:00:00,383.67,395.65,383.66,388.89
1779667200,2026-05-25 00:00:00,388.99,392.28,376.12,379.22
1779681600,2026-05-25 04:00:00,379.28,382.95,373.45,379.91
1779696000,2026-05-25 08:00:00,379.91,381.36,372.69,379.22
1779710400,2026-05-25 12:00:00,379.22,380.32,371.31,377.55
1779724800,2026-05-25 16:00:00,377.54,379.51,361.28,363.39
1779739200,2026-05-25 20:00:00,363.48,367.24,357.92,362.53
1779753600,2026-05-26 00:00:00,362.55,364.56,355.25,362.88
1779768000,2026-05-26 04:00:00,362.93,371.75,355.24,357.24
1779782400,2026-05-26 08:00:00,357.39,367.97,352.63,366.14
1779796800,2026-05-26 12:00:00,366.13,372.55,353.2,356.44
1779811200,2026-05-26 16:00:00,356.37,360.36,350.86,350.86
1779825600,2026-05-26 20:00:00,350.97,362.17,348.38,357.45
1779840000,2026-05-27 00:00:00,357.46,357.77,337.37,339.76
1779854400,2026-05-27 04:00:00,339.92,354.69,337.93,354.56
1779868800,2026-05-27 08:00:00,354.64,371.95,352.86,369.77
1779883200,2026-05-27 12:00:00,369.89,381.72,368.88,380.39
1779897600,2026-05-27 16:00:00,380.45,393.98,380.27,388.93
1779912000,2026-05-27 20:00:00,388.91,390.89,380.27,387.1
1779926400,2026-05-28 00:00:00,386.96,405.8,385.38,404.45
1779940800,2026-05-28 04:00:00,404.47,407.76,399.33,404.93
1779955200,2026-05-28 08:00:00,404.88,413.6,403.06,410.75
1779969600,2026-05-28 12:00:00,410.64,412.04,401.23,403.19
1779984000,2026-05-28 16:00:00,403.26,409.26,390.58,395.44
1779998400,2026-05-28 20:00:00,395.49,398.48,388.72,391.61
1780012800,2026-05-29 00:00:00,391.55,393.08,381.91,386.48
1780027200,2026-05-29 04:00:00,386.51,389.85,383.1,383.16
1780041600,2026-05-29 08:00:00,383.18,388.3,377.41,379.8
1780056000,2026-05-29 12:00:00,379.88,392.08,379.05,387.2
1780070400,2026-05-29 16:00:00,387.16,406.7,385.27,402.38
1780084800,2026-05-29 20:00:00,402.21,403.24,386.23,389.04
1780099200,2026-05-30 00:00:00,389.07,390.28,381.72,382.93
1780113600,2026-05-30 04:00:00,383.02,387.23,367.49,370.2
1780128000,2026-05-30 08:00:00,370.26,374.36,364.45,367.27
1780142400,2026-05-30 12:00:00,367.24,368.23,358.82,362.94
1780156800,2026-05-30 16:00:00,362.95,367.67,359.47,362.54
1780171200,2026-05-30 20:00:00,362.54,365.95,351.08,351.89
1780185600,2026-05-31 00:00:00,351.96,355.21,346.77,350.25
1780200000,2026-05-31 04:00:00,350.33,352.72,340,340.29
1780214400,2026-05-31 08:00:00,340.28,353.88,339.93,349.89
1780228800,2026-05-31 12:00:00,350,364.75,348.87,362.81
1780243200,2026-05-31 16:00:00,362.93,371.91,362.16,366.93
1780257600,2026-05-31 20:00:00,366.96,371.01,358.24,365.07
1780272000,2026-06-01 00:00:00,364.89,367.46,344.05,344.29
1780286400,2026-06-01 04:00:00,344.25,349.43,339.34,342.32
1780300800,2026-06-01 08:00:00,342.27,345,335.41,339.84
1780315200,2026-06-01 12:00:00,339.86,342.95,336.52,339.07
1780329600,2026-06-01 16:00:00,338.96,348.56,335.24,346.81
1780344000,2026-06-01 20:00:00,346.81,355.71,345.09,353.28
1780358400,2026-06-02 00:00:00,353.29,359.19,350.57,356.46
1780372800,2026-06-02 04:00:00,356.43,366.5,354.67,366.42
1780387200,2026-06-02 08:00:00,366.58,372.69,360.65,367.74
1780401600,2026-06-02 12:00:00,367.78,367.99,352.04,353.79
1780416000,2026-06-02 16:00:00,353.77,358.79,346.91,355.29
1780430400,2026-06-02 20:00:00,355.28,355.34,341.29,341.3
1780444800,2026-06-03 00:00:00,341.45,351.01,340.88,350.36
1780459200,2026-06-03 04:00:00,350.29,353.76,346.09,346.5
1780473600,2026-06-03 08:00:00,346.53,347.11,334.1,335.46
1780488000,2026-06-03 12:00:00,335.37,349.89,335.21,347.75
1780502400,2026-06-03 16:00:00,347.81,353.6,343.11,344.58
1780516800,2026-06-03 20:00:00,344.39,351.34,341.64,350.46
1780531200,2026-06-04 00:00:00,350.59,360.52,349.05,360.52
1780545600,2026-06-04 04:00:00,360.59,370.78,354.68,361.55
1780560000,2026-06-04 08:00:00,361.49,363.56,347.24,352.2
1780574400,2026-06-04 12:00:00,352.24,361.39,349.7,360.88
1780588800,2026-06-04 16:00:00,360.82,363.91,348.02,348.34
1780603200,2026-06-04 20:00:00,348.36,350.48,340.09,343.08
1780617600,2026-06-05 00:00:00,343.06,351.11,335.78,336.27
1780632000,2026-06-05 04:00:00,336.22,347.33,334.26,338.67
1780646400,2026-06-05 08:00:00,338.67,343.89,333.97,336.91
1780660800,2026-06-05 12:00:00,336.91,336.91,326.43,331.01
1780675200,2026-06-05 16:00:00,331.01,344.7,330.54,344.38
1780689600,2026-06-05 20:00:00,344.52,348.27,338.1,338.43
1780704000,2026-06-06 00:00:00,338.41,350.24,337.15,346.85
1780718400,2026-06-06 04:00:00,346.93,346.99,334.61,341.59
1780732800,2026-06-06 08:00:00,341.57,348.14,339,343.3
1780747200,2026-06-06 12:00:00,343.2,349.46,336.97,339.48
1780761600,2026-06-06 16:00:00,339.4,345.65,336.39,338.07
1780776000,2026-06-06 20:00:00,338.13,341.97,334.69,339.92
1780790400,2026-06-07 00:00:00,339.95,343.43,336.3,339.71
1780804800,2026-06-07 04:00:00,339.59,340.5,329.16,330.79
1780819200,2026-06-07 08:00:00,330.66,334.48,324.74,325.48
1780833600,2026-06-07 12:00:00,325.46,328.34,317.64,326.35
1780848000,2026-06-07 16:00:00,326.49,334.08,319.43,319.82
1780862400,2026-06-07 20:00:00,319.75,322.76,315.01,315.06
1780876800,2026-06-08 00:00:00,315.18,319.14,310.33,315.82
1780891200,2026-06-08 04:00:00,315.77,322.43,311.26,311.97
1780905600,2026-06-08 08:00:00,311.95,312.66,302.7,307.14
1780920000,2026-06-08 12:00:00,307.25,312.36,303.96,307.77
1780934400,2026-06-08 16:00:00,307.81,312.04,303.41,310.44
1780948800,2026-06-08 20:00:00,310.32,317.89,307.95,315.42
1780963200,2026-06-09 00:00:00,315.46,323.73,314.74,322.46
1780977600,2026-06-09 04:00:00,322.29,330.2,322.05,327.86
1780992000,2026-06-09 08:00:00,327.96,334.35,325.73,334.31
1781006400,2026-06-09 12:00:00,334.36,343.11,333.89,341.82
1781020800,2026-06-09 16:00:00,341.88,343.9,336.93,338.37
1781035200,2026-06-09 20:00:00,338.28,339.59,328.74,334.76
1781049600,2026-06-10 00:00:00,334.7,339.79,330.56,330.56
1781064000,2026-06-10 04:00:00,330.53,335.92,323.37,328.8
1781078400,2026-06-10 08:00:00,328.77,340.22,328.66,338.3
1781092800,2026-06-10 12:00:00,338.38,355.49,337.77,355.49
1781107200,2026-06-10 16:00:00,355.59,360.6,353.24,353.83
1781121600,2026-06-10 20:00:00,353.75,354.41,341.94,347.95
1781136000,2026-06-11 00:00:00,348.08,357.03,344.24,348.65
1781150400,2026-06-11 04:00:00,348.81,356.37,345.44,345.44
1781164800,2026-06-11 08:00:00,345.43,353.44,341.99,350.36
1781179200,2026-06-11 12:00:00,350.36,358.48,349.79,357.38
1781193600,2026-06-11 16:00:00,357.24,362.37,349.6,362.31
1781208000,2026-06-11 20:00:00,362.33,371.26,361.45,367.73
1781222400,2026-06-12 00:00:00,367.75,378.36,366.68,367.07
1781236800,2026-06-12 04:00:00,367.08,370.63,357.56,360.59
1781251200,2026-06-12 08:00:00,360.64,372.26,358.09,359.36
1781265600,2026-06-12 12:00:00,359.44,364.54,352.63,352.82
1781280000,2026-06-12 16:00:00,352.74,354.29,341.66,346.64
1781294400,2026-06-12 20:00:00,346.71,348.98,338.34,348.86
1781308800,2026-06-13 00:00:00,348.71,351.22,335.8,339.09
1781323200,2026-06-13 04:00:00,339.04,346.69,332.92,335.91
1781337600,2026-06-13 08:00:00,336.03,338.6,327.4,331.99
1781352000,2026-06-13 12:00:00,331.93,343.46,331.23,341.47
1781366400,2026-06-13 16:00:00,341.37,345.09,332.72,335.7
1781380800,2026-06-13 20:00:00,335.73,344.38,334.38,343.89
1781395200,2026-06-14 00:00:00,343.78,346.41,339.2,341.02
1781409600,2026-06-14 04:00:00,341.06,351.3,340.88,350.42
1781424000,2026-06-14 08:00:00,350.27,353.68,341.81,342.67
1781438400,2026-06-14 12:00:00,342.68,344.7,337.42,340.54
1781452800,2026-06-14 16:00:00,340.53,346.97,336.42,341.85
1781467200,2026-06-14 20:00:00,341.9,346.64,339.09,342.88
1781481600,2026-06-15 00:00:00,342.87,344.89,337.38,337.38
1781496000,2026-06-15 04:00:00,337.34,339.1,328.45,338.22
1781510400,2026-06-15 08:00:00,338.08,343.57,335.78,340.61
1781524800,2026-06-15 12:00:00,340.55,341.9,334.99,339.79
1781539200,2026-06-15 16:00:00,339.76,350.99,338.08,344.73
1781553600,2026-06-15 20:00:00,344.87,348.97,340.77,346.85
1781568000,2026-06-16 00:00:00,346.73,351.05,342.99,343.64
1781582400,2026-06-16 04:00:00,343.62,346.52,339.33,345.16
1781596800,2026-06-16 08:00:00,345.14,346.99,337.09,341.84
1781611200,2026-06-16 12:00:00,341.76,346.79,337.6,343.1
1781625600,2026-06-16 16:00:00,343.16,358.05,342.86,354.15
1781640000,2026-06-16 20:00:00,354.16,356.86,340.45,341.19
1781654400,2026-06-17 00:00:00,341.34,343.71,335.07,335.89
1781668800,2026-06-17 04:00:00,335.81,338.65,330.85,333.65
1781683200,2026-06-17 08:00:00,333.62,341.08,331.39,331.41
1781697600,2026-06-17 12:00:00,331.43,332,322.11,328.03
1781712000,2026-06-17 16:00:00,327.96,331.68,323.45,327.14
1781726400,2026-06-17 20:00:00,327.17,334.48,327.02,329.26
1781740800,2026-06-18 00:00:00,329.45,345.83,329.04,338.96
1781755200,2026-06-18 04:00:00,338.94,347.7,338.35,343.46
1781769600,2026-06-18 08:00:00,343.52,347.66,342.05,346.47
1781784000,2026-06-18 12:00:00,346.55,350.82,340.92,341.79
1781798400,2026-06-18 16:00:00,341.76,345.43,333.31,344.65
1781812800,2026-06-18 20:00:00,344.71,349.25,342.55,344.26
1781827200,2026-06-19 00:00:00,344.31,355.03,343.92,354.36
1781841600,2026-06-19 04:00:00,354.29,367.85,351.46,363.84
1781856000,2026-06-19 08:00:00,363.72,366.37,349.12,352.46
1781870400,2026-06-19 12:00:00,352.29,362.88,349.96,352.82
1781884800,2026-06-19 16:00:00,352.85,356.61,346,348.26
1781899200,2026-06-19 20:00:00,348.24,351.95,335.63,336.88
1781913600,2026-06-20 00:00:00,336.84,340.19,332.79,334.11
1781928000,2026-06-20 04:00:00,334.03,338.56,325.37,335.63
1781942400,2026-06-20 08:00:00,335.64,338.3,328.17,331.05
1781956800,2026-06-20 12:00:00,330.96,338.54,329.85,335.32
1781971200,2026-06-20 16:00:00,335.33,345.62,335.29,339.58
1781985600,2026-06-20 20:00:00,339.48,342.32,337.47,340.02
1782000000,2026-06-21 00:00:00,340.02,350.09,339.37,343.71
1782014400,2026-06-21 04:00:00,343.64,348.32,337.71,337.72
1782028800,2026-06-21 08:00:00,337.72,341.84,331.03,341.1
1782043200,2026-06-21 12:00:00,341.12,350.07,340.69,349.53
1782057600,2026-06-21 16:00:00,349.48,361.09,348.16,360.59
1782072000,2026-06-21 20:00:00,360.53,365.92,357.06,365.86
1782086400,2026-06-22 00:00:00,365.94,377.2,364.98,373.25
1782100800,2026-06-22 04:00:00,373.22,385.66,369.2,379.23
1782115200,2026-06-22 08:00:00,379.24,384.65,369.32,370.87
1782129600,2026-06-22 12:00:00,370.83,378.76,366.53,377.39
1782144000,2026-06-22 16:00:00,377.54,379.91,366.72,374.01
1782158400,2026-06-22 20:00:00,373.93,374.83,350.49,356.16
1782172800,2026-06-23 00:00:00,355.94,359.31,349.83,355.31
1782187200,2026-06-23 04:00:00,355.17,358.88,349.23,352.73
1782201600,2026-06-23 08:00:00,352.75,361.9,351.5,359.28
1782216000,2026-06-23 12:00:00,359.43,361.54,351.03,354.02
1782230400,2026-06-23 16:00:00,353.99,360.24,348.32,351.19
1782244800,2026-06-23 20:00:00,351.28,361.45,348.97,358.83
1782259200,2026-06-24 00:00:00,358.84,365.19,352.91,364.93
1782273600,2026-06-24 04:00:00,365.02,367.72,355.15,358.92
1782288000,2026-06-24 08:00:00,358.74,361.94,342.56,344.19
1782302400,2026-06-24 12:00:00,344.12,353.3,343.45,352.95
1782316800,2026-06-24 16:00:00,352.99,355.42,341.93,343.84
1782331200,2026-06-24 20:00:00,343.91,345.69,327.88,336.82
1782345600,2026-06-25 00:00:00,336.81,337.56,325.77,328.98
1782360000,2026-06-25 04:00:00,328.96,338.38,327.03,333.74
1782374400,2026-06-25 08:00:00,333.7,333.8,320.96,325.23
1782388800,2026-06-25 12:00:00,325.12,326.46,316.82,318.66
1782403200,2026-06-25 16:00:00,318.61,325.61,314.14,315.8
1782417600,2026-06-25 20:00:00,315.93,318.15,311.67,312.67
1782432000,2026-06-26 00:00:00,312.66,314.74,307.31,312.58
1782446400,2026-06-26 04:00:00,312.63,315.48,307.03,308.98
1782460800,2026-06-26 08:00:00,308.97,310.14,298.27,302.51
1782475200,2026-06-26 12:00:00,302.45,303.44,289.86,294.36
1782489600,2026-06-26 16:00:00,294.39,294.66,285.49,287.88
1782504000,2026-06-26 20:00:00,287.93,289.54,278.14,279.33
1782518400,2026-06-27 00:00:00,279.28,280.01,268.98,270.64
1782532800,2026-06-27 04:00:00,270.75,271.16,262.79,265.06
1782547200,2026-06-27 08:00:00,265.1,266.19,252.81,253.39
1782561600,2026-06-27 12:00:00,253.36,255.71,250.81,254.37
1782576000,2026-06-27 16:00:00,254.46,263.77,254.08,263.5
1782590400,2026-06-27 20:00:00,263.39,265.71,251.47,257.49
1782604800,2026-06-28 00:00:00,257.5,264.84,254.81,262.96
1782619200,2026-06-28 04:00:00,263.01,271.35,258.3,270.54
1782633600,2026-06-28 08:00:00,270.59,279.86,269.59,277.95
1782648000,2026-06-28 12:00:00,277.94,281.77,276.04,281.32
1782662400,2026-06-28 16:00:00,281.36,286.34,279.83,281.5
1782676800,2026-06-28 20:00:00,281.4,282.45,274.2,277.03
1782691200,2026-06-29 00:00:00,276.99,277.26,270.52,270.93
1782705600,2026-06-29 04:00:00,270.98,274.44,269.07,273.65
1782720000,2026-06-29 08:00:00,273.61,277.57,267.46,273.77
1782734400,2026-06-29 12:00:00,273.73,277.26,270.78,277.2
1782748800,2026-06-29 16:00:00,277.11,283.97,273.98,274.28
1782763200,2026-06-29 20:00:00,274.33,276.35,270.5,273.08
1782777600,2026-06-30 00:00:00,273.08,276.35,267.81,269.58
1782792000,2026-06-30 04:00:00,269.47,274.95,268.97,269.62
1782806400,2026-06-30 08:00:00,269.63,280.55,268.52,277.23
1782820800,2026-06-30 12:00:00,277.31,279.93,269.84,275.3
1782835200,2026-06-30 16:00:00,275.36,279.87,271.62,277.32
1782849600,2026-06-30 20:00:00,277.16,279.07,271.8,277.42
1782864000,2026-07-01 00:00:00,277.31,290.08,276,289.82
1782878400,2026-07-01 04:00:00,289.78,299.99,287.49,298.62
1782892800,2026-07-01 08:00:00,298.63,301.07,288.59,293.25
1782907200,2026-07-01 12:00:00,293.26,298.19,288.86,295.39
1782921600,2026-07-01 16:00:00,295.48,301.69,293.79,298.52
1782936000,2026-07-01 20:00:00,298.67,304.61,295.58,303.33
1782950400,2026-07-02 00:00:00,303.27,315.54,303.27,314.73
1782964800,2026-07-02 04:00:00,314.88,325.68,313.36,320.88
1782979200,2026-07-02 08:00:00,321.11,325.39,315.52,325.28
1782993600,2026-07-02 12:00:00,325.22,330.64,313.76,316.21
1783008000,2026-07-02 16:00:00,316.22,329.99,315.85,328.31
1783022400,2026-07-02 20:00:00,328.27,328.35,321.51,325.69
1783036800,2026-07-03 00:00:00,325.86,328.02,321.78,326.07
1783051200,2026-07-03 04:00:00,326.06,328.49,320.07,322.32
1783065600,2026-07-03 08:00:00,322.23,324.96,317.7,319.25
1783080000,2026-07-03 12:00:00,319.19,324.67,311.37,311.44
1783094400,2026-07-03 16:00:00,311.5,316.47,308.3,314.56
1783108800,2026-07-03 20:00:00,314.59,316.75,310.61,316.72
1783123200,2026-07-04 00:00:00,316.75,325.17,315.08,321.81
1783137600,2026-07-04 04:00:00,321.81,322.48,311.53,313.07
1783152000,2026-07-04 08:00:00,313.1,322.37,312.24,314.24
1783166400,2026-07-04 12:00:00,314.34,322.03,310.56,322.03
1783180800,2026-07-04 16:00:00,322.03,345.84,321.22,345.33
1783195200,2026-07-04 20:00:00,345.32,356.37,341.57,356.35
1783209600,2026-07-05 00:00:00,356.31,365.87,354.63,357.95
1783224000,2026-07-05 04:00:00,357.87,374.97,357.42,369.38
1783238400,2026-07-05 08:00:00,369.37,378.82,366.79,374.85
1783252800,2026-07-05 12:00:00,374.97,377.62,368.96,372.01
1783267200,2026-07-05 16:00:00,372,373.16,366.44,371.55
1783281600,2026-07-05 20:00:00,371.48,373,361.08,368.98
1783296000,2026-07-06 00:00:00,368.91,383.19,366.26,382.63
1783310400,2026-07-06 04:00:00,382.65,390,380.65,380.91
1783324800,2026-07-06 08:00:00,380.96,389.74,380.23,386.36
1783339200,2026-07-06 12:00:00,386.54,389.46,379.73,384.87
1783353600,2026-07-06 16:00:00,384.94,397.01,384.45,393.58
1783368000,2026-07-06 20:00:00,393.8,401.37,391.32,393.21
1783382400,2026-07-07 00:00:00,393.29,394.29,376.85,378.95
1783396800,2026-07-07 04:00:00,378.79,393.78,374.66,391.18
1783411200,2026-07-07 08:00:00,391.06,399.32,386.23,393.89
1783425600,2026-07-07 12:00:00,394.06,417.77,391.5,414.95
1783440000,2026-07-07 16:00:00,415.08,415.97,392.48,394.45
1783454400,2026-07-07 20:00:00,394.52,406.45,394.3,406.17
1783468800,2026-07-08 00:00:00,406.11,409.46,393.56,407.02
1783483200,2026-07-08 04:00:00,407.09,426.2,406.66,426.05
1783497600,2026-07-08 08:00:00,426.08,430.44,418.39,425.01
1783512000,2026-07-08 12:00:00,425.09,430.47,414.66,415.89
1783526400,2026-07-08 16:00:00,416.09,426.83,416,419.06
1783540800,2026-07-08 20:00:00,418.99,430.48,417.92,420.73
1783555200,2026-07-09 00:00:00,420.85,434.96,416.89,430.92
1783569600,2026-07-09 04:00:00,431.03,448.59,430.79,447.68
1783584000,2026-07-09 08:00:00,447.5,454.43,432.05,433.85
1783598400,2026-07-09 12:00:00,433.85,442.63,429.59,432.41
1783612800,2026-07-09 16:00:00,432.46,443.45,431.7,442.68
1783627200,2026-07-09 20:00:00,442.51,449.59,440.94,449.07
1783641600,2026-07-10 00:00:00,449.1,458.79,446.57,452.36
1783656000,2026-07-10 04:00:00,452.38,455.23,443.58,450.46
1783670400,2026-07-10 08:00:00,450.49,462.22,444.06,456.59
1783684800,2026-07-10 12:00:00,456.6,469.48,455.35,462.34
1783699200,2026-07-10 16:00:00,462.29,463.67,456.35,459.29
1783713600,2026-07-10 20:00:00,459.36,463.04,447.93,455.73
1783728000,2026-07-11 00:00:00,455.88,460.77,453.66,457.33
1783742400,2026-07-11 04:00:00,457.33,459.59,446.27,451.83
1783756800,2026-07-11 08:00:00,451.8,452.74,436.94,449.51
1783771200,2026-07-11 12:00:00,449.58,450.4,438.73,445.19
1783785600,2026-07-11 16:00:00,445.11,460.47,440.67,459.33
1783800000,2026-07-11 20:00:00,459.58,466.29,446.28,465.17
1783814400,2026-07-12 00:00:00,464.93,468.42,459.32,462.46
1783828800,2026-07-12 04:00:00,462.54,473.87,458.75,464.32
1783843200,2026-07-12 08:00:00,464.31,477.51,462.47,475.68
1783857600,2026-07-12 12:00:00,475.54,484.41,473.35,479.02
1783872000,2026-07-12 16:00:00,478.96,485.47,473.76,485.41
1783886400,2026-07-12 20:00:00,485.42,500.02,479.1,495.58
1783900800,2026-07-13 00:00:00,495.68,502.88,492.61,494.53
1783915200,2026-07-13 04:00:00,494.57,508.68,490.47,507.41
1783929600,2026-07-13 08:00:00,507.34,529.95,506.66,527.1
1783944000,2026-07-13 12:00:00,527.23,532.04,516.34,520.86
1783958400,2026-07-13 16:00:00,520.95,529.6,515.03,518.46
1783972800,2026-07-13 20:00:00,518.24,522.29,496.56,503.94
1783987200,2026-07-14 00:00:00,503.83,524.37,503.82,521.85
1784001600,2026-07-14 04:00:00,521.72,524.64,504.19,513.53
1784016000,2026-07-14 08:00:00,513.57,528.89,508.2,526.17
1784030400,2026-07-14 12:00:00,526.24,531.81,512.89,517.91
1784044800,2026-07-14 16:00:00,517.89,520.7,503.23,513.43
1784059200,2026-07-14 20:00:00,513.29,517.24,503.2,515.39
1784073600,2026-07-15 00:00:00,515.6,517.1,502.07,505.9
1784088000,2026-07-15 04:00:00,505.93,510.07,484.06,485.81
1784102400,2026-07-15 08:00:00,485.82,489.69,470.65,471.24
1784116800,2026-07-15 12:00:00,471.34,482.36,471.08,480.86
1784131200,2026-07-15 16:00:00,481.05,492.96,476.99,486.38
1784145600,2026-07-15 20:00:00,486.4,496.72,477.33,478.11
1784160000,2026-07-16 00:00:00,478.02,486.42,467.41,470.96
1784174400,2026-07-16 04:00:00,470.98,477.64,463.13,477.61
1784188800,2026-07-16 08:00:00,477.58,484.34,465.04,484.23
1784203200,2026-07-16 12:00:00,484.13,497.7,483.97,487.81
1784217600,2026-07-16 16:00:00,487.89,491.22,477.91,482.82
1784232000,2026-07-16 20:00:00,482.87,500.06,482.75,493.77
1784246400,2026-07-17 00:00:00,493.77,498.72,486.7,497.79
1784260800,2026-07-17 04:00:00,497.94,506.27,494.59,504
1784275200,2026-07-17 08:00:00,503.98,509.7,498.07,501.63
1784289600,2026-07-17 12:00:00,501.74,514.57,498.14,508.54
1784304000,2026-07-17 16:00:00,508.73,515.37,504.1,512.39
1784318400,2026-07-17 20:00:00,512.02,526.18,510.56,524.58
1784332800,2026-07-18 00:00:00,524.41,529.49,507.64,528.55
1784347200,2026-07-18 04:00:00,528.54,555.26,527.24,554.8
1784361600,2026-07-18 08:00:00,555.06,563.83,544.66,562.96
1784376000,2026-07-18 12:00:00,562.91,563.61,547.46,551.75
1784390400,2026-07-18 16:00:00,551.76,553.35,537.66,547.64
1784404800,2026-07-18 20:00:00,547.6,558.19,540.95,542.33
1784419200,2026-07-19 00:00:00,542.63,545.41,528.01,541.32
1784433600,2026-07-19 04:00:00,541.21,547.17,535.22,543.84
1784448000,2026-07-19 08:00:00,543.89,555.2,540.39,549.25
1784462400,2026-07-19 12:00:00,549.2,550.59,525.5,530.73
1784476800,2026-07-19 16:00:00,530.77,540.11,525.9,529.69
1784491200,2026-07-19 20:00:00,529.84,538.46,507.87,515.91
1784505600,2026-07-20 00:00:00,515.81,519.62,505.08,507.47
1784520000,2026-07-20 04:00:00,507.36,523.81,506.68,520.32
1784534400,2026-07-20 08:00:00,520.38,525,507.66,508.64
1784548800,2026-07-20 12:00:00,508.67,509.73,491.96,495.09
1784563200,2026-07-20 16:00:00,494.96,511.71,491.71,511.25
1784577600,2026-07-20 20:00:00,511.35,515.56,498.98,499.4
1784592000,2026-07-21 00:00:00,499.52,524.81,498.68,522.53
1784606400,2026-07-21 04:00:00,522.46,534.82,522.33,529.5
1784620800,2026-07-21 08:00:00,529.51,559.62,527.63,559.26
1784635200,2026-07-21 12:00:00,559.21,560.67,538.31,543.03
1784649600,2026-07-21 16:00:00,542.91,547.28,525.89,531.49
1784664000,2026-07-21 20:00:00,531.66,532.42,517.2,522.99
1784678400,2026-07-22 00:00:00,522.77,532.39,518.47,521.51
1784692800,2026-07-22 04:00:00,521.68,525.02,511.69,513.98
1784707200,2026-07-22 08:00:00,514.04,524.5,512.81,522.49
1784721600,2026-07-22 12:00:00,522.38,524.59,500.13,509.37
1784736000,2026-07-22 16:00:00,509.32,516.55,506.35,515.95
1784750400,2026-07-22 20:00:00,515.87,528.37,512.8,527.65
1784764800,2026-07-23 00:00:00,527.49,529.62,511.77,513.17
1784779200,2026-07-23 04:00:00,512.98,524.67,505.57,514.91
1784793600,2026-07-23 08:00:00,514.81,531.19,510.63,529.72
1784808000,2026-07-23 12:00:00,529.64,546.85,528.41,540.51
1784822400,2026-07-23 16:00:00,540.42,551.08,527.35,539.53
1784836800,2026-07-23 20:00:00,539.6,540.84,522.87,524.31
1784851200,2026-07-24 00:00:00,524.53,544.47,522.71,542.69
1784865600,2026-07-24 04:00:00,542.78,549.45,539.5,543.08
1784880000,2026-07-24 08:00:00,542.92,565.21,542.12,564.56
1784894400,2026-07-24 12:00:00,564.25,568.61,552,560.81
1784908800,2026-07-24 16:00:00,560.94,567.95,557.77,558.49
1784923200,2026-07-24 20:00:00,558.65,559.17,542.81,555.4
1784937600,2026-07-25 00:00:00,555.49,563.46,549.36,558.66
1784952000,2026-07-25 04:00:00,558.65,560.65,549.78,551.36
1784966400,2026-07-25 08:00:00,550.87,558.27,539.33,546.91
1784980800,2026-07-25 12:00:00,546.93,555.9,541.86,551.74
1784995200,2026-07-25 16:00:00,551.64,552.72,534.07,541.89
1785009600,2026-07-25 20:00:00,541.83,545.75,530.2,532.4
1785024000,2026-07-26 00:00:00,532.3,538.52,522.19,523.17
1785038400,2026-07-26 04:00:00,523.14,526.07,514.01,525.09
1785052800,2026-07-26 08:00:00,525.03,544.88,520.33,543.43
1785067200,2026-07-26 12:00:00,543.36,545.86,536.96,542.91
1785081600,2026-07-26 16:00:00,543.01,550.08,532.99,538.29
1785096000,2026-07-26 20:00:00,538.59,556.54,536.7,539.26
1785110400,2026-07-27 00:00:00,539.2,543.85,525.55,525.95
1785124800,2026-07-27 04:00:00,525.78,539.54,519.54,539.54
1785139200,2026-07-27 08:00:00,539.49,543.64,525.54,525.68
1785153600,2026-07-27 12:00:00,525.59,527.32,505.35,512.96
1785168000,2026-07-27 16:00:00,512.86,523.68,508.46,521.61
1785182400,2026-07-27 20:00:00,521.57,535.67,521.25,534.18
1785196800,2026-07-28 00:00:00,534.04,556.39,529.72,554.72
1785211200,2026-07-28 04:00:00,554.86,569.66,551.82,564.14
1785225600,2026-07-28 08:00:00,564.36,582.74,561.54,578.67
1785240000,2026-07-28 12:00:00,578.65,580.04,562.06,577.12
1785254400,2026-07-28 16:00:00,577.09,580.99,570.05,571.87
1785268800,2026-07-28 20:00:00,571.74,572.6,558.49,566.78
1785283200,2026-07-29 00:00:00,566.64,571.19,558.42,569.28
1785297600,2026-07-29 04:00:00,569.4,571.83,554.24,559.57
1785312000,2026-07-29 08:00:00,559.55,568.59,553.43,568.59
1785326400,2026-07-29 12:00:00,568.48,573.93,562.52,568.93
1785340800,2026-07-29 16:00:00,568.92,577.43,562.98,574.23
1785355200,2026-07-29 20:00:00,574.2,580.23,557.73,559.45
1785369600,2026-07-30 00:00:00,559.57,565.81,555.65,557.88
1785384000,2026-07-30 04:00:00,557.6,582.51,557.04,576.37
1785398400,2026-07-30 08:00:00,576.32,584.67,571.67,574.69
1785412800,2026-07-30 12:00:00,574.76,577.06,563.25,571.53
1785427200,2026-07-30 16:00:00,571.65,587.07,569.24,576.25
1785441600,2026-07-30 20:00:00,576.04,582.64,567.69,576.25
1785456000,2026-07-31 00:00:00,576.46,595.45,572.97,592.64
1785470400,2026-07-31 04:00:00,592.53,599.07,578.34,579.6
1785484800,2026-07-31 08:00:00,579.75,589.52,579.47,584.47
