epoch,datetime_utc,open,high,low,close
1753954645,2025-07-31 09:37:25,6283.894,6285.85,6281.476,6284.126
1753956000,2025-07-31 10:00:00,6284.128,6285.688,6273.037,6283.02
1753959600,2025-07-31 11:00:00,6283.037,6283.251,6271.389,6277.613
1753963200,2025-07-31 12:00:00,6277.501,6279.14,6268.811,6269.245
1753966800,2025-07-31 13:00:00,6269.388,6270.456,6256.007,6257.61
1753970400,2025-07-31 14:00:00,6257.717,6261.871,6251.41,6251.41
1753974000,2025-07-31 15:00:00,6251.363,6256.564,6247.289,6249.331
1753977600,2025-07-31 16:00:00,6249.377,6252.517,6242.105,6244.663
1753981200,2025-07-31 17:00:00,6244.538,6245.93,6239.73,6242.443
1753984800,2025-07-31 18:00:00,6242.392,6251.066,6231.968,6232.632
1753988400,2025-07-31 19:00:00,6232.63,6237.003,6228.481,6232.32
1753992000,2025-07-31 20:00:00,6232.321,6236.996,6225.34,6232.176
1753995600,2025-07-31 21:00:00,6232.074,6247.703,6230.751,6246.348
1753999200,2025-07-31 22:00:00,6246.011,6254.257,6242.835,6251.186
1754002800,2025-07-31 23:00:00,6251.325,6251.932,6242.029,6244.702
1754006400,2025-08-01 00:00:00,6244.698,6245.216,6238.837,6242.498
1754010000,2025-08-01 01:00:00,6242.583,6255.218,6239.767,6251.355
1754013600,2025-08-01 02:00:00,6251.333,6257.029,6249.309,6253.779
1754017200,2025-08-01 03:00:00,6253.799,6256.171,6248.698,6251.726
1754020800,2025-08-01 04:00:00,6251.754,6259.627,6249.269,6258.027
1754024400,2025-08-01 05:00:00,6257.712,6260.767,6252.33,6257.282
1754028000,2025-08-01 06:00:00,6257.375,6264.22,6256.387,6258.799
1754031600,2025-08-01 07:00:00,6258.664,6260.622,6253.68,6254.551
1754035200,2025-08-01 08:00:00,6254.85,6264.75,6254.078,6262.187
1754038800,2025-08-01 09:00:00,6262.142,6266.017,6256.668,6257.508
1754042400,2025-08-01 10:00:00,6257.61,6263.502,6254.494,6259.543
1754046000,2025-08-01 11:00:00,6259.559,6263.331,6254.91,6261.481
1754049600,2025-08-01 12:00:00,6261.613,6270.082,6254.137,6269.342
1754053200,2025-08-01 13:00:00,6269.336,6271.45,6264.711,6269.078
1754056800,2025-08-01 14:00:00,6268.914,6271.106,6259.662,6260.679
1754060400,2025-08-01 15:00:00,6260.455,6269.763,6255.576,6266.808
1754064000,2025-08-01 16:00:00,6266.656,6274.373,6263.84,6272.759
1754067600,2025-08-01 17:00:00,6273.038,6276.625,6266.692,6276.544
1754071200,2025-08-01 18:00:00,6276.696,6282.519,6269.197,6274.305
1754074800,2025-08-01 19:00:00,6274.314,6283.667,6271.701,6283.546
1754078400,2025-08-01 20:00:00,6283.69,6296.636,6283.315,6295.598
1754082000,2025-08-01 21:00:00,6295.392,6306.475,6294.664,6297.226
1754085600,2025-08-01 22:00:00,6297.135,6306.887,6295.645,6302.704
1754089200,2025-08-01 23:00:00,6302.786,6305.678,6292.462,6292.494
1754092800,2025-08-02 00:00:00,6292.594,6294.405,6286.8,6291.682
1754096400,2025-08-02 01:00:00,6291.538,6297.615,6289.409,6291.037
1754100000,2025-08-02 02:00:00,6290.931,6290.931,6272.138,6272.644
1754103600,2025-08-02 03:00:00,6272.654,6283.421,6272.021,6282.62
1754107200,2025-08-02 04:00:00,6282.61,6283.427,6272.498,6272.878
1754110800,2025-08-02 05:00:00,6272.83,6280.34,6271.715,6278.531
1754114400,2025-08-02 06:00:00,6278.442,6279.384,6273.625,6274.914
1754118000,2025-08-02 07:00:00,6275.089,6280.033,6267.193,6268.548
1754121600,2025-08-02 08:00:00,6268.672,6274.428,6264.494,6265.383
1754125200,2025-08-02 09:00:00,6265.559,6265.559,6248.178,6248.178
1754128800,2025-08-02 10:00:00,6248.312,6248.442,6227.752,6228.205
1754132400,2025-08-02 11:00:00,6228.229,6236.575,6223.475,6226.123
1754136000,2025-08-02 12:00:00,6225.98,6241.038,6225.593,6231.936
1754139600,2025-08-02 13:00:00,6231.787,6241.042,6231.491,6239.56
1754143200,2025-08-02 14:00:00,6239.534,6250.134,6236.766,6249.644
1754146800,2025-08-02 15:00:00,6249.694,6255.968,6248.81,6255.446
1754150400,2025-08-02 16:00:00,6255.616,6261.034,6253.774,6257.075
1754154000,2025-08-02 17:00:00,6257.337,6263.554,6255.169,6260.559
1754157600,2025-08-02 18:00:00,6260.489,6265.004,6259.774,6262.505
1754161200,2025-08-02 19:00:00,6262.284,6262.92,6255.233,6258.574
1754164800,2025-08-02 20:00:00,6258.878,6258.947,6248.333,6254.399
1754168400,2025-08-02 21:00:00,6254.251,6254.326,6245.148,6254.162
1754172000,2025-08-02 22:00:00,6254.112,6259.615,6248.365,6248.557
1754175600,2025-08-02 23:00:00,6248.429,6251.071,6243.583,6246.28
1754179200,2025-08-03 00:00:00,6246.256,6247.849,6242.588,6244.787
1754182800,2025-08-03 01:00:00,6244.639,6245.724,6233.491,6236.138
1754186400,2025-08-03 02:00:00,6236.149,6238.403,6230.102,6231.806
1754190000,2025-08-03 03:00:00,6231.941,6246.363,6231.231,6242.086
1754193600,2025-08-03 04:00:00,6242.133,6253.98,6240,6253.925
1754197200,2025-08-03 05:00:00,6253.681,6258.075,6250.284,6252.734
1754200800,2025-08-03 06:00:00,6252.747,6256.999,6249.4,6255.946
1754204400,2025-08-03 07:00:00,6255.817,6255.817,6248.184,6253.159
1754208000,2025-08-03 08:00:00,6253.155,6255.837,6242.899,6242.899
1754211600,2025-08-03 09:00:00,6242.567,6245.09,6234.599,6240.895
1754215200,2025-08-03 10:00:00,6241.05,6241.668,6230.26,6230.569
1754218800,2025-08-03 11:00:00,6230.625,6234.857,6222.246,6224.898
1754222400,2025-08-03 12:00:00,6224.89,6225.243,6218.355,6222.025
1754226000,2025-08-03 13:00:00,6221.968,6225.434,6211.578,6212.693
1754229600,2025-08-03 14:00:00,6212.632,6213.396,6203.936,6213.134
1754233200,2025-08-03 15:00:00,6213.281,6217.176,6210.492,6214.233
1754236800,2025-08-03 16:00:00,6214.362,6214.551,6206.678,6208.941
1754240400,2025-08-03 17:00:00,6208.87,6216.415,6202.839,6213.616
1754244000,2025-08-03 18:00:00,6213.543,6216.174,6205.416,6207.465
1754247600,2025-08-03 19:00:00,6207.199,6210.573,6204.459,6208.091
1754251200,2025-08-03 20:00:00,6208.226,6210.239,6204.749,6204.885
1754254800,2025-08-03 21:00:00,6204.964,6209.644,6201.577,6203.881
1754258400,2025-08-03 22:00:00,6203.616,6216.25,6202.778,6208.467
1754262000,2025-08-03 23:00:00,6208.325,6215.285,6205.509,6214.075
1754265600,2025-08-04 00:00:00,6213.949,6213.984,6204.916,6210.136
1754269200,2025-08-04 01:00:00,6210.232,6212.618,6201.108,6207.471
1754272800,2025-08-04 02:00:00,6207.434,6208.799,6198.148,6203.066
1754276400,2025-08-04 03:00:00,6202.895,6208.519,6199.713,6203.342
1754280000,2025-08-04 04:00:00,6203.409,6207.449,6201.158,6204.546
1754283600,2025-08-04 05:00:00,6204.658,6209.668,6202.704,6206.268
1754287200,2025-08-04 06:00:00,6206.179,6210.16,6196.146,6196.319
1754290800,2025-08-04 07:00:00,6196.194,6197.515,6188.067,6194.035
1754294400,2025-08-04 08:00:00,6194.079,6197.625,6190.28,6195.808
1754298000,2025-08-04 09:00:00,6195.52,6206.55,6195.475,6197.818
1754301600,2025-08-04 10:00:00,6197.743,6203.882,6195.985,6197.068
1754305200,2025-08-04 11:00:00,6196.79,6205.031,6196.22,6203.275
1754308800,2025-08-04 12:00:00,6202.955,6211.559,6200.327,6209.38
1754312400,2025-08-04 13:00:00,6209.434,6209.534,6200.316,6200.316
1754316000,2025-08-04 14:00:00,6200.55,6203.663,6193.049,6199.617
1754319600,2025-08-04 15:00:00,6199.63,6200.879,6193.511,6195.374
1754323200,2025-08-04 16:00:00,6195.6,6197.168,6191.857,6195.866
1754326800,2025-08-04 17:00:00,6195.907,6196.718,6189.068,6192.951
1754330400,2025-08-04 18:00:00,6192.903,6203.447,6191.857,6201.155
1754334000,2025-08-04 19:00:00,6201.295,6212.867,6200.799,6206.313
1754337600,2025-08-04 20:00:00,6206.253,6206.73,6197.653,6199.19
1754341200,2025-08-04 21:00:00,6199.127,6199.752,6185.531,6186.016
1754344800,2025-08-04 22:00:00,6185.765,6187.736,6175.634,6179.812
1754348400,2025-08-04 23:00:00,6179.743,6185.562,6178.248,6183.122
1754352000,2025-08-05 00:00:00,6183.085,6187.6,6177.329,6185.064
1754355600,2025-08-05 01:00:00,6185.011,6192.135,6182.776,6190.31
1754359200,2025-08-05 02:00:00,6190.657,6196.471,6189.861,6193.556
1754362800,2025-08-05 03:00:00,6193.548,6199.235,6186.935,6198.995
1754366400,2025-08-05 04:00:00,6198.766,6199.314,6189.747,6190.382
1754370000,2025-08-05 05:00:00,6190.429,6195.939,6188.886,6191.906
1754373600,2025-08-05 06:00:00,6191.864,6192.126,6183.041,6189.031
1754377200,2025-08-05 07:00:00,6189.201,6189.201,6180.701,6181.968
1754380800,2025-08-05 08:00:00,6181.964,6182.482,6170.395,6175.186
1754384400,2025-08-05 09:00:00,6175.065,6186.736,6173.27,6185.15
1754388000,2025-08-05 10:00:00,6185.414,6190,6180.284,6184.757
1754391600,2025-08-05 11:00:00,6184.62,6184.62,6172.401,6175.329
1754395200,2025-08-05 12:00:00,6175.253,6181.839,6174.955,6178.629
1754398800,2025-08-05 13:00:00,6178.363,6184.258,6175.809,6183.643
1754402400,2025-08-05 14:00:00,6183.726,6186.139,6177.832,6181.93
1754406000,2025-08-05 15:00:00,6181.926,6182.351,6173.957,6180.594
1754409600,2025-08-05 16:00:00,6180.344,6182.925,6173.517,6176.361
1754413200,2025-08-05 17:00:00,6176.324,6178.665,6168.131,6173.71
1754416800,2025-08-05 18:00:00,6173.636,6179.058,6172.553,6173.286
1754420400,2025-08-05 19:00:00,6173.343,6178.774,6172.543,6173.719
1754424000,2025-08-05 20:00:00,6173.665,6174.689,6167.085,6172.25
1754427600,2025-08-05 21:00:00,6172.294,6174.698,6167.315,6170.448
1754431200,2025-08-05 22:00:00,6170.445,6172.18,6156.278,6158.922
1754434800,2025-08-05 23:00:00,6158.851,6163.142,6152.665,6158.442
1754438400,2025-08-06 00:00:00,6158.129,6161.514,6151.849,6154.48
1754442000,2025-08-06 01:00:00,6154.211,6160.48,6151.442,6152.912
1754445600,2025-08-06 02:00:00,6152.754,6166.776,6152.421,6165.061
1754449200,2025-08-06 03:00:00,6165.245,6165.45,6157.692,6159.759
1754452800,2025-08-06 04:00:00,6159.84,6167.973,6157.452,6165.564
1754456400,2025-08-06 05:00:00,6165.529,6174.688,6164.743,6173.683
1754460000,2025-08-06 06:00:00,6173.764,6177.809,6172.266,6176.251
1754463600,2025-08-06 07:00:00,6176.219,6178.545,6173.719,6176.613
1754467200,2025-08-06 08:00:00,6176.429,6177.769,6167.605,6176.102
1754470800,2025-08-06 09:00:00,6176.098,6183.824,6173.622,6173.721
1754474400,2025-08-06 10:00:00,6173.684,6175.626,6160.528,6163.44
1754478000,2025-08-06 11:00:00,6163.623,6163.623,6154.677,6155.317
1754481600,2025-08-06 12:00:00,6155.292,6155.832,6145.787,6154.082
1754485200,2025-08-06 13:00:00,6154.363,6156.471,6147.866,6150.401
1754488800,2025-08-06 14:00:00,6150.486,6152.07,6140.894,6148.881
1754492400,2025-08-06 15:00:00,6148.92,6149.702,6135.995,6141.513
1754496000,2025-08-06 16:00:00,6141.757,6148.618,6139.077,6139.914
1754499600,2025-08-06 17:00:00,6139.967,6146.109,6131.75,6132.728
1754503200,2025-08-06 18:00:00,6132.77,6133.737,6122.572,6125.709
1754506800,2025-08-06 19:00:00,6125.626,6131.071,6122.616,6123.892
1754510400,2025-08-06 20:00:00,6123.893,6126.335,6113.661,6113.86
1754514000,2025-08-06 21:00:00,6113.726,6115.707,6106.352,6111.414
1754517600,2025-08-06 22:00:00,6111.633,6114.18,6106.83,6113.83
1754521200,2025-08-06 23:00:00,6113.795,6116.255,6106.017,6109.786
1754524800,2025-08-07 00:00:00,6109.693,6119.166,6109.693,6116.872
1754528400,2025-08-07 01:00:00,6116.756,6130.973,6115.786,6130.411
1754532000,2025-08-07 02:00:00,6130.357,6134.558,6128.468,6128.652
1754535600,2025-08-07 03:00:00,6128.633,6129.461,6121.624,6126.183
1754539200,2025-08-07 04:00:00,6126.159,6132.988,6123.842,6131.714
1754542800,2025-08-07 05:00:00,6131.834,6133.515,6124.068,6128.831
1754546400,2025-08-07 06:00:00,6129.034,6133.781,6125.683,6133.657
1754550000,2025-08-07 07:00:00,6133.708,6141.295,6133.044,6139.458
1754553600,2025-08-07 08:00:00,6139.311,6141.77,6132.701,6139.628
1754557200,2025-08-07 09:00:00,6139.688,6152.472,6137.245,6147.423
1754560800,2025-08-07 10:00:00,6147.511,6153.5,6146.142,6152.065
1754564400,2025-08-07 11:00:00,6152.284,6154.178,6143.512,6147.047
1754568000,2025-08-07 12:00:00,6147.165,6152.82,6144.155,6149.605
1754571600,2025-08-07 13:00:00,6149.203,6149.203,6134.787,6136.918
1754575200,2025-08-07 14:00:00,6136.851,6143.151,6135.138,6136.298
1754578800,2025-08-07 15:00:00,6136.305,6136.505,6127.744,6134.27
1754582400,2025-08-07 16:00:00,6134.418,6135.354,6120.893,6121.381
1754586000,2025-08-07 17:00:00,6121.513,6132.554,6119.869,6132.272
1754589600,2025-08-07 18:00:00,6132.401,6138.618,6129.317,6130.621
1754593200,2025-08-07 19:00:00,6130.684,6130.687,6122.393,6124.839
1754596800,2025-08-07 20:00:00,6125.103,6130.419,6120.904,6128.348
1754600400,2025-08-07 21:00:00,6128.312,6129.975,6122.56,6129.975
1754604000,2025-08-07 22:00:00,6130.081,6136.81,6128.1,6134.709
1754607600,2025-08-07 23:00:00,6134.676,6140.061,6132.065,6136.534
1754611200,2025-08-08 00:00:00,6136.802,6138.612,6132.494,6135.231
1754614800,2025-08-08 01:00:00,6135.219,6139.025,6126.713,6126.84
1754618400,2025-08-08 02:00:00,6127.033,6128.174,6117.426,6119.498
1754622000,2025-08-08 03:00:00,6119.454,6124.186,6115.875,6119.328
1754625600,2025-08-08 04:00:00,6119.325,6122.559,6113.916,6122.148
1754629200,2025-08-08 05:00:00,6122.13,6130.23,6116.882,6129.074
1754632800,2025-08-08 06:00:00,6129.069,6131.31,6122.537,6124.238
1754636400,2025-08-08 07:00:00,6124.164,6128.36,6117.827,6119
1754640000,2025-08-08 08:00:00,6118.7,6127.585,6117.534,6122.332
1754643600,2025-08-08 09:00:00,6122.339,6131.887,6119.593,6131.41
1754647200,2025-08-08 10:00:00,6131.202,6133.312,6126.034,6132.452
1754650800,2025-08-08 11:00:00,6132.492,6148.313,6132,6147.552
1754654400,2025-08-08 12:00:00,6147.641,6149.656,6143.419,6145.77
1754658000,2025-08-08 13:00:00,6145.95,6156.292,6144.495,6153.018
1754661600,2025-08-08 14:00:00,6152.715,6155.792,6147.76,6152.045
1754665200,2025-08-08 15:00:00,6152.264,6158.346,6147.874,6149.67
1754668800,2025-08-08 16:00:00,6149.671,6157.249,6148.175,6155.362
1754672400,2025-08-08 17:00:00,6155.436,6168.307,6151.471,6167.535
1754676000,2025-08-08 18:00:00,6167.657,6174.964,6167.503,6174.619
1754679600,2025-08-08 19:00:00,6174.57,6179.143,6168.164,6168.588
1754683200,2025-08-08 20:00:00,6168.407,6171.315,6166.139,6170.214
1754686800,2025-08-08 21:00:00,6170.149,6173.572,6167.579,6171.779
1754690400,2025-08-08 22:00:00,6171.637,6174.288,6167.597,6174.213
1754694000,2025-08-08 23:00:00,6174.076,6183.052,6171.768,6181.866
1754697600,2025-08-09 00:00:00,6181.724,6186.314,6179.542,6184.446
1754701200,2025-08-09 01:00:00,6184.48,6184.559,6172.44,6179.356
1754704800,2025-08-09 02:00:00,6179.571,6180.195,6170.393,6174.235
1754708400,2025-08-09 03:00:00,6173.931,6180.503,6172.009,6178.588
1754712000,2025-08-09 04:00:00,6178.761,6186.124,6178.704,6183.174
1754715600,2025-08-09 05:00:00,6183.107,6195.977,6180.933,6193.934
1754719200,2025-08-09 06:00:00,6193.996,6197.593,6181.17,6182.086
1754722800,2025-08-09 07:00:00,6182.031,6187.454,6175.691,6179.933
1754726400,2025-08-09 08:00:00,6180.078,6180.557,6165.681,6168.959
1754730000,2025-08-09 09:00:00,6169.166,6172.449,6167.365,6170.813
1754733600,2025-08-09 10:00:00,6170.89,6171.426,6163.256,6167.349
1754737200,2025-08-09 11:00:00,6167.27,6175.342,6166.035,6168.879
1754740800,2025-08-09 12:00:00,6168.659,6173.705,6164.55,6169.334
1754744400,2025-08-09 13:00:00,6169.616,6169.879,6154.869,6157.825
1754748000,2025-08-09 14:00:00,6157.785,6161.81,6154.683,6159.936
1754751600,2025-08-09 15:00:00,6159.845,6160.527,6147.907,6150.659
1754755200,2025-08-09 16:00:00,6150.633,6155.75,6146.877,6148.948
1754758800,2025-08-09 17:00:00,6148.723,6159.542,6148.723,6158.378
1754762400,2025-08-09 18:00:00,6158.51,6161.295,6153.626,6159.84
1754766000,2025-08-09 19:00:00,6159.907,6173.533,6158.06,6173.282
1754769600,2025-08-09 20:00:00,6173.055,6173.973,6158.209,6158.363
1754773200,2025-08-09 21:00:00,6158.443,6170.988,6156.789,6168.507
1754776800,2025-08-09 22:00:00,6168.642,6180.325,6167.099,6178.061
1754780400,2025-08-09 23:00:00,6178.148,6188.294,6176.075,6185.854
1754784000,2025-08-10 00:00:00,6185.93,6190.376,6175.141,6176.815
1754787600,2025-08-10 01:00:00,6176.619,6180.523,6174.799,6180.18
1754791200,2025-08-10 02:00:00,6180.371,6183.127,6166.904,6171.961
1754794800,2025-08-10 03:00:00,6171.75,6175.946,6169.287,6175.859
1754798400,2025-08-10 04:00:00,6176.069,6183.653,6170.611,6182.705
1754802000,2025-08-10 05:00:00,6182.628,6186.538,6180.78,6183.788
1754805600,2025-08-10 06:00:00,6183.889,6187.138,6179.719,6183.796
1754809200,2025-08-10 07:00:00,6183.919,6192.302,6182.525,6190.508
1754812800,2025-08-10 08:00:00,6190.705,6199.275,6188.672,6196.565
1754816400,2025-08-10 09:00:00,6196.643,6204.694,6196.603,6198.635
1754820000,2025-08-10 10:00:00,6198.855,6199.249,6185.9,6192.407
1754823600,2025-08-10 11:00:00,6192.381,6201.681,6185.606,6188.204
1754827200,2025-08-10 12:00:00,6188.287,6193.199,6178.445,6179.939
1754830800,2025-08-10 13:00:00,6180.108,6187.743,6177.627,6186.44
1754834400,2025-08-10 14:00:00,6186.552,6187.478,6179.96,6183.145
1754838000,2025-08-10 15:00:00,6183.025,6185.281,6170.293,6170.46
1754841600,2025-08-10 16:00:00,6170.27,6172.81,6166.206,6171.458
1754845200,2025-08-10 17:00:00,6171.442,6176.113,6167.979,6173.168
1754848800,2025-08-10 18:00:00,6173.211,6176.03,6167.899,6174.956
1754852400,2025-08-10 19:00:00,6174.706,6188.734,6173.406,6186.843
1754856000,2025-08-10 20:00:00,6186.64,6188.84,6181.537,6183.071
1754859600,2025-08-10 21:00:00,6183.182,6185.757,6176.39,6176.39
1754863200,2025-08-10 22:00:00,6176.311,6180.656,6173.443,6176.712
1754866800,2025-08-10 23:00:00,6176.768,6184.553,6175.42,6180.905
1754870400,2025-08-11 00:00:00,6180.863,6184.861,6174.813,6184.761
1754874000,2025-08-11 01:00:00,6184.579,6188.541,6178.426,6181.921
1754877600,2025-08-11 02:00:00,6181.966,6185.682,6177.923,6181.815
1754881200,2025-08-11 03:00:00,6182.017,6182.191,6172.074,6173.54
1754884800,2025-08-11 04:00:00,6173.366,6175.413,6161.81,6165.407
1754888400,2025-08-11 05:00:00,6165.504,6165.671,6146.95,6148.795
1754892000,2025-08-11 06:00:00,6148.696,6158.075,6147.376,6157.498
1754895600,2025-08-11 07:00:00,6157.209,6160.612,6150.724,6160.51
1754899200,2025-08-11 08:00:00,6160.676,6169.423,6159.41,6166.247
1754902800,2025-08-11 09:00:00,6166.325,6170.7,6163.279,6170.7
1754906400,2025-08-11 10:00:00,6170.865,6176.205,6168.192,6170.039
1754910000,2025-08-11 11:00:00,6170.174,6174.18,6165.515,6166.415
1754913600,2025-08-11 12:00:00,6166.445,6176.2,6165.746,6173.239
1754917200,2025-08-11 13:00:00,6173.183,6187.967,6172.578,6185.507
1754920800,2025-08-11 14:00:00,6185.662,6190.092,6183.935,6186.012
1754924400,2025-08-11 15:00:00,6185.86,6191.68,6182.059,6187.246
1754928000,2025-08-11 16:00:00,6187.422,6189.93,6179.469,6184.202
1754931600,2025-08-11 17:00:00,6184.071,6186.914,6175.55,6180.48
1754935200,2025-08-11 18:00:00,6180.656,6187.944,6179.706,6183.047
1754938800,2025-08-11 19:00:00,6182.869,6183.422,6167.417,6167.727
1754942400,2025-08-11 20:00:00,6167.715,6170.136,6160.376,6166.725
1754946000,2025-08-11 21:00:00,6166.541,6172.369,6161.318,6169.331
1754949600,2025-08-11 22:00:00,6169.146,6174.132,6165.008,6169.121
1754953200,2025-08-11 23:00:00,6168.966,6170.629,6164.958,6169.796
1754956800,2025-08-12 00:00:00,6169.801,6172.419,6164.268,6172.301
1754960400,2025-08-12 01:00:00,6172.438,6174.043,6162.834,6171.565
1754964000,2025-08-12 02:00:00,6171.45,6173.21,6161.182,6161.851
1754967600,2025-08-12 03:00:00,6161.553,6164.828,6148.223,6151.194
1754971200,2025-08-12 04:00:00,6151.137,6152.475,6146.985,6147.58
1754974800,2025-08-12 05:00:00,6147.663,6151.597,6141.058,6142.982
1754978400,2025-08-12 06:00:00,6142.89,6143.11,6131.913,6137.158
1754982000,2025-08-12 07:00:00,6137.153,6137.951,6124.613,6124.768
1754985600,2025-08-12 08:00:00,6124.781,6126.373,6118.77,6122.352
1754989200,2025-08-12 09:00:00,6122.055,6124.555,6114.519,6114.832
1754992800,2025-08-12 10:00:00,6114.746,6122.081,6112.059,6121.231
1754996400,2025-08-12 11:00:00,6121.145,6125.934,6117.342,6123.454
1755000000,2025-08-12 12:00:00,6123.534,6123.633,6110.773,6111.896
1755003600,2025-08-12 13:00:00,6111.821,6115.673,6107.874,6113.156
1755007200,2025-08-12 14:00:00,6112.809,6119.408,6109.64,6118.866
1755010800,2025-08-12 15:00:00,6118.805,6123.846,6115.996,6117.157
1755014400,2025-08-12 16:00:00,6117.425,6118.098,6105.825,6105.825
1755018000,2025-08-12 17:00:00,6105.818,6112.122,6101.767,6102.259
1755021600,2025-08-12 18:00:00,6102.107,6115.216,6098.312,6112.701
1755025200,2025-08-12 19:00:00,6112.747,6116.251,6103.45,6107.332
1755028800,2025-08-12 20:00:00,6107.152,6108.756,6101.523,6105.271
1755032400,2025-08-12 21:00:00,6105.493,6106.22,6095.007,6096.66
1755036000,2025-08-12 22:00:00,6096.492,6097.554,6088.559,6089.974
1755039600,2025-08-12 23:00:00,6089.859,6095.225,6085.68,6091.094
1755043200,2025-08-13 00:00:00,6091.177,6096.139,6087.655,6095.248
1755046800,2025-08-13 01:00:00,6095.136,6100.059,6088.676,6089.584
1755050400,2025-08-13 02:00:00,6089.444,6097.278,6079.169,6084.767
1755054000,2025-08-13 03:00:00,6084.649,6087.049,6081.24,6082.074
1755057600,2025-08-13 04:00:00,6081.997,6082.617,6069.958,6071.834
1755061200,2025-08-13 05:00:00,6071.654,6073.665,6061.951,6069.624
1755064800,2025-08-13 06:00:00,6069.582,6078.07,6061.843,6062.308
1755068400,2025-08-13 07:00:00,6062.293,6067.765,6054.472,6054.594
1755072000,2025-08-13 08:00:00,6054.256,6067.877,6052.286,6067.877
1755075600,2025-08-13 09:00:00,6067.797,6072.556,6062.79,6071.235
1755079200,2025-08-13 10:00:00,6071.248,6076.086,6067.115,6072.012
1755082800,2025-08-13 11:00:00,6072.088,6072.262,6061.928,6064.239
1755086400,2025-08-13 12:00:00,6064.407,6079.899,6060.193,6078.194
1755090000,2025-08-13 13:00:00,6078.26,6081.559,6071.873,6071.873
1755093600,2025-08-13 14:00:00,6071.984,6076.863,6067.909,6069.338
1755097200,2025-08-13 15:00:00,6069.474,6076.374,6065.735,6066.204
1755100800,2025-08-13 16:00:00,6066.165,6072.307,6060.448,6062.787
1755104400,2025-08-13 17:00:00,6062.647,6063.4,6053.64,6054.972
1755108000,2025-08-13 18:00:00,6055.087,6059.12,6049.358,6058.48
1755111600,2025-08-13 19:00:00,6058.429,6063.611,6056.094,6058.549
1755115200,2025-08-13 20:00:00,6058.466,6064.533,6053.971,6059.217
1755118800,2025-08-13 21:00:00,6058.972,6069.78,6056.16,6063.334
1755122400,2025-08-13 22:00:00,6063.296,6066.492,6059.964,6065.117
1755126000,2025-08-13 23:00:00,6065.007,6066.563,6054.027,6061.622
1755129600,2025-08-14 00:00:00,6061.595,6063.309,6055.98,6059.838
1755133200,2025-08-14 01:00:00,6059.761,6065.785,6057.758,6064.68
1755136800,2025-08-14 02:00:00,6064.786,6068.678,6059.641,6061.138
1755140400,2025-08-14 03:00:00,6061.269,6081.122,6059.656,6080.543
1755144000,2025-08-14 04:00:00,6080.402,6085.8,6078.02,6082.731
1755147600,2025-08-14 05:00:00,6082.715,6085.461,6079.351,6085.29
1755151200,2025-08-14 06:00:00,6085.289,6089.316,6080.712,6084.677
1755154800,2025-08-14 07:00:00,6084.518,6087.529,6078.001,6079.361
1755158400,2025-08-14 08:00:00,6079.538,6081.187,6074.558,6077.436
1755162000,2025-08-14 09:00:00,6077.524,6084.846,6075.312,6081.335
1755165600,2025-08-14 10:00:00,6081.185,6089.517,6078.456,6088.83
1755169200,2025-08-14 11:00:00,6088.831,6092.252,6084.321,6085.993
1755172800,2025-08-14 12:00:00,6085.952,6095.178,6085.952,6088.531
1755176400,2025-08-14 13:00:00,6088.468,6094.752,6086.767,6093.838
1755180000,2025-08-14 14:00:00,6093.558,6100.228,6092.736,6096.607
1755183600,2025-08-14 15:00:00,6096.552,6103.929,6096.283,6101.174
1755187200,2025-08-14 16:00:00,6101.325,6112.184,6098.174,6111.047
1755190800,2025-08-14 17:00:00,6111.064,6111.064,6100.169,6103.761
1755194400,2025-08-14 18:00:00,6103.805,6111.874,6101.097,6106.983
1755198000,2025-08-14 19:00:00,6107.213,6112.7,6106.834,6108.156
1755201600,2025-08-14 20:00:00,6108.459,6108.459,6100.484,6100.484
1755205200,2025-08-14 21:00:00,6100.64,6107.252,6096.461,6096.778
1755208800,2025-08-14 22:00:00,6096.764,6099.779,6084.586,6085.86
1755212400,2025-08-14 23:00:00,6085.887,6088.166,6082.867,6084.758
1755216000,2025-08-15 00:00:00,6084.689,6086.67,6077.101,6085.365
1755219600,2025-08-15 01:00:00,6085.345,6091.099,6080.491,6089.856
1755223200,2025-08-15 02:00:00,6090.032,6091.973,6083.059,6087.379
1755226800,2025-08-15 03:00:00,6087.557,6092.703,6084.489,6089.561
1755230400,2025-08-15 04:00:00,6089.693,6090.727,6082.54,6085.159
1755234000,2025-08-15 05:00:00,6085.111,6087.933,6079.799,6087.278
1755237600,2025-08-15 06:00:00,6087.392,6091.159,6085.112,6086.61
1755241200,2025-08-15 07:00:00,6086.463,6091.106,6083.241,6090.992
1755244800,2025-08-15 08:00:00,6091.202,6098.411,6090.38,6093.554
1755248400,2025-08-15 09:00:00,6093.39,6096.377,6084.616,6091.462
1755252000,2025-08-15 10:00:00,6091.277,6095.949,6085.05,6085.614
1755255600,2025-08-15 11:00:00,6085.678,6087.407,6074.424,6077.614
1755259200,2025-08-15 12:00:00,6077.632,6083.287,6075.565,6083.12
1755262800,2025-08-15 13:00:00,6083.319,6089.412,6081.759,6083.287
1755266400,2025-08-15 14:00:00,6083.317,6083.991,6070.964,6072.779
1755270000,2025-08-15 15:00:00,6072.76,6079.795,6068.788,6068.788
1755273600,2025-08-15 16:00:00,6068.76,6071.611,6061.301,6064.519
1755277200,2025-08-15 17:00:00,6064.316,6069.015,6062.998,6063.975
1755280800,2025-08-15 18:00:00,6064.093,6064.693,6052.182,6058.904
1755284400,2025-08-15 19:00:00,6058.947,6062.339,6053.921,6056.573
1755288000,2025-08-15 20:00:00,6056.597,6060.329,6051.893,6056.819
1755291600,2025-08-15 21:00:00,6056.673,6061.433,6054.71,6061.118
1755295200,2025-08-15 22:00:00,6061.202,6069.839,6059.773,6063.013
1755298800,2025-08-15 23:00:00,6063.037,6065.155,6053.487,6057.949
1755302400,2025-08-16 00:00:00,6058.101,6061.683,6049.38,6049.748
1755306000,2025-08-16 01:00:00,6049.403,6051.313,6043.669,6050.321
1755309600,2025-08-16 02:00:00,6050.031,6055.028,6046.696,6050.664
1755313200,2025-08-16 03:00:00,6050.797,6054.925,6048.314,6049.882
1755316800,2025-08-16 04:00:00,6049.843,6060.923,6048.486,6060.923
1755320400,2025-08-16 05:00:00,6060.953,6062.836,6052.687,6062.295
1755324000,2025-08-16 06:00:00,6062.34,6063.957,6052.9,6052.932
1755327600,2025-08-16 07:00:00,6052.657,6052.839,6033.639,6036.215
1755331200,2025-08-16 08:00:00,6036.134,6044.941,6035.483,6038.815
1755334800,2025-08-16 09:00:00,6038.846,6050.137,6037.59,6043.195
1755338400,2025-08-16 10:00:00,6043.002,6044.405,6032.888,6036.337
1755342000,2025-08-16 11:00:00,6036.299,6041.581,6035.846,6037.219
1755345600,2025-08-16 12:00:00,6037.259,6037.869,6030.917,6034.938
1755349200,2025-08-16 13:00:00,6034.811,6037.122,6029.834,6034.298
1755352800,2025-08-16 14:00:00,6034.213,6037.126,6026.695,6029.511
1755356400,2025-08-16 15:00:00,6029.534,6029.805,6024.698,6028.592
1755360000,2025-08-16 16:00:00,6028.839,6037.48,6024.594,6034.823
1755363600,2025-08-16 17:00:00,6034.665,6043.501,6033.345,6040.981
1755367200,2025-08-16 18:00:00,6041.076,6044.048,6038.454,6040.476
1755370800,2025-08-16 19:00:00,6040.523,6049.741,6039.692,6045.898
1755374400,2025-08-16 20:00:00,6045.908,6053.153,6045.537,6050.159
1755378000,2025-08-16 21:00:00,6050.202,6058.252,6047.896,6056.633
1755381600,2025-08-16 22:00:00,6056.741,6060.951,6050.184,6052.054
1755385200,2025-08-16 23:00:00,6052.15,6064.065,6050.399,6060.617
1755388800,2025-08-17 00:00:00,6060.754,6071.356,6059.911,6065.471
1755392400,2025-08-17 01:00:00,6065.726,6073.087,6065.415,6066.209
1755396000,2025-08-17 02:00:00,6066.464,6079.035,6065.196,6073.318
1755399600,2025-08-17 03:00:00,6073.061,6073.883,6066.886,6072.682
1755403200,2025-08-17 04:00:00,6072.714,6074.938,6064.617,6065.316
1755406800,2025-08-17 05:00:00,6065.146,6070.026,6062.193,6065.507
1755410400,2025-08-17 06:00:00,6065.389,6068.155,6059.229,6065.195
1755414000,2025-08-17 07:00:00,6065.028,6066.061,6058.67,6058.861
1755417600,2025-08-17 08:00:00,6059.082,6060.007,6040.477,6040.604
1755421200,2025-08-17 09:00:00,6040.838,6043.251,6035.419,6036.795
1755424800,2025-08-17 10:00:00,6036.85,6037.686,6028.411,6034.522
1755428400,2025-08-17 11:00:00,6034.539,6043.657,6032.82,6042.177
1755432000,2025-08-17 12:00:00,6041.955,6046.051,6037.224,6038.552
1755435600,2025-08-17 13:00:00,6038.459,6041.678,6032.703,6034.122
1755439200,2025-08-17 14:00:00,6034.038,6037.036,6027.034,6029.766
1755442800,2025-08-17 15:00:00,6029.663,6033.924,6019.89,6020.492
1755446400,2025-08-17 16:00:00,6020.478,6024.924,6018.258,6021.096
1755450000,2025-08-17 17:00:00,6020.963,6024.259,6012.9,6023.443
1755453600,2025-08-17 18:00:00,6023.343,6025.065,6016.258,6022.523
1755457200,2025-08-17 19:00:00,6022.521,6031.83,6022.497,6029.927
1755460800,2025-08-17 20:00:00,6029.938,6030.068,6014.864,6016.241
1755464400,2025-08-17 21:00:00,6016.21,6022.249,6014.533,6016.603
1755468000,2025-08-17 22:00:00,6016.664,6032.664,6014.82,6031.672
1755471600,2025-08-17 23:00:00,6031.64,6032.344,6023.052,6023.138
1755475200,2025-08-18 00:00:00,6022.969,6029.068,6020.116,6020.403
1755478800,2025-08-18 01:00:00,6020.422,6022.927,6015.314,6015.996
1755482400,2025-08-18 02:00:00,6015.789,6024.931,6012.944,6020.517
1755486000,2025-08-18 03:00:00,6020.546,6026.966,6018.102,6025.371
1755489600,2025-08-18 04:00:00,6025.447,6033.473,6025.279,6033.424
1755493200,2025-08-18 05:00:00,6033.436,6039.468,6027.725,6028.753
1755496800,2025-08-18 06:00:00,6028.939,6031.586,6026.12,6027.907
1755500400,2025-08-18 07:00:00,6028.012,6033.18,6025.277,6028.74
1755504000,2025-08-18 08:00:00,6028.598,6042.751,6028.598,6036.829
1755507600,2025-08-18 09:00:00,6036.598,6042.421,6032.941,6041.22
1755511200,2025-08-18 10:00:00,6041.305,6046.758,6039.004,6046.758
1755514800,2025-08-18 11:00:00,6046.583,6050.244,6042.117,6047.413
1755518400,2025-08-18 12:00:00,6047.342,6058.768,6046.953,6053.441
1755522000,2025-08-18 13:00:00,6053.561,6062.274,6053.423,6062.079
1755525600,2025-08-18 14:00:00,6062.324,6063.991,6052.441,6062.829
1755529200,2025-08-18 15:00:00,6062.936,6067.633,6049.255,6049.849
1755532800,2025-08-18 16:00:00,6049.784,6053.044,6042.907,6052.305
1755536400,2025-08-18 17:00:00,6052.186,6058.9,6052.186,6055.188
1755540000,2025-08-18 18:00:00,6055.157,6059.684,6051.17,6053.697
1755543600,2025-08-18 19:00:00,6053.604,6054.917,6048.232,6052.016
1755547200,2025-08-18 20:00:00,6051.942,6052.494,6039.777,6042.548
1755550800,2025-08-18 21:00:00,6042.519,6049.905,6039.369,6049.135
1755554400,2025-08-18 22:00:00,6049.341,6055.857,6048.193,6052.481
1755558000,2025-08-18 23:00:00,6052.347,6056.099,6045.29,6048.935
1755561600,2025-08-19 00:00:00,6048.811,6049.2,6040.302,6044.56
1755565200,2025-08-19 01:00:00,6044.58,6054.214,6043.472,6052.847
1755568800,2025-08-19 02:00:00,6052.728,6057.7,6049.653,6052.35
1755572400,2025-08-19 03:00:00,6052.21,6059.372,6051.067,6058.235
1755576000,2025-08-19 04:00:00,6058.164,6061.173,6053.329,6059.608
1755579600,2025-08-19 05:00:00,6059.586,6068.974,6058.63,6068.974
1755583200,2025-08-19 06:00:00,6068.818,6074.749,6064.958,6066.977
1755586800,2025-08-19 07:00:00,6066.901,6069.543,6062.277,6063.906
1755590400,2025-08-19 08:00:00,6064.122,6069.044,6061.154,6065.887
1755594000,2025-08-19 09:00:00,6065.643,6065.999,6054.734,6058.267
1755597600,2025-08-19 10:00:00,6058.141,6062.737,6052.888,6057.643
1755601200,2025-08-19 11:00:00,6057.791,6072.635,6056.497,6068.395
1755604800,2025-08-19 12:00:00,6068.409,6071.777,6063.27,6066.092
1755608400,2025-08-19 13:00:00,6066.135,6070.059,6063.439,6069.36
1755612000,2025-08-19 14:00:00,6069.177,6069.268,6048.676,6049.871
1755615600,2025-08-19 15:00:00,6049.756,6051.063,6043.519,6047.936
1755619200,2025-08-19 16:00:00,6047.862,6054.506,6047.377,6053.527
1755622800,2025-08-19 17:00:00,6053.477,6055.495,6047.418,6053.009
1755626400,2025-08-19 18:00:00,6053.275,6058.264,6041.93,6056.854
1755630000,2025-08-19 19:00:00,6056.985,6058.577,6044.227,6044.386
1755633600,2025-08-19 20:00:00,6044.415,6055.32,6044.245,6054.335
1755637200,2025-08-19 21:00:00,6054.268,6056.519,6047.684,6050.018
1755640800,2025-08-19 22:00:00,6049.648,6052.791,6043.478,6046.661
1755644400,2025-08-19 23:00:00,6046.889,6047.084,6038.713,6042.15
1755648000,2025-08-20 00:00:00,6042.102,6042.894,6034.703,6041.075
1755651600,2025-08-20 01:00:00,6041.138,6048.322,6038.902,6047.206
1755655200,2025-08-20 02:00:00,6047.089,6055.041,6045.47,6049.785
1755658800,2025-08-20 03:00:00,6049.952,6051.004,6043.119,6050.388
1755662400,2025-08-20 04:00:00,6050.209,6054.012,6047.615,6049.955
1755666000,2025-08-20 05:00:00,6049.866,6049.866,6042.764,6045.74
1755669600,2025-08-20 06:00:00,6045.634,6053.255,6042.176,6047.285
1755673200,2025-08-20 07:00:00,6047.306,6050.538,6043.694,6047.426
1755676800,2025-08-20 08:00:00,6047.206,6048.019,6030.999,6033.048
1755680400,2025-08-20 09:00:00,6033.104,6041.277,6033.104,6039.771
1755684000,2025-08-20 10:00:00,6039.736,6046.604,6035.98,6038.567
1755687600,2025-08-20 11:00:00,6038.776,6043.77,6034.669,6037.999
1755691200,2025-08-20 12:00:00,6038.002,6038.189,6024.619,6024.897
1755694800,2025-08-20 13:00:00,6025.107,6030.052,6021.938,6023.965
1755698400,2025-08-20 14:00:00,6023.766,6025.941,6015.033,6021.702
1755702000,2025-08-20 15:00:00,6021.589,6041.36,6018.86,6040.319
1755705600,2025-08-20 16:00:00,6040.305,6047.622,6040.049,6044.262
1755709200,2025-08-20 17:00:00,6044.306,6050.796,6043.471,6047.261
1755712800,2025-08-20 18:00:00,6047.305,6054.34,6041.393,6045.58
1755716400,2025-08-20 19:00:00,6045.568,6048.563,6034.179,6039.153
1755720000,2025-08-20 20:00:00,6039.073,6044.528,6033.51,6041.931
1755723600,2025-08-20 21:00:00,6041.971,6042.218,6031.581,6037.689
1755727200,2025-08-20 22:00:00,6037.803,6047.191,6037.622,6046.312
1755730800,2025-08-20 23:00:00,6046.398,6054.905,6045.657,6053.714
1755734400,2025-08-21 00:00:00,6053.493,6057.3,6050.97,6053.176
1755738000,2025-08-21 01:00:00,6053.009,6056.774,6048.561,6048.802
1755741600,2025-08-21 02:00:00,6048.597,6053.653,6045.119,6049.935
1755745200,2025-08-21 03:00:00,6049.804,6051.015,6037.082,6039.762
1755748800,2025-08-21 04:00:00,6039.38,6039.38,6024.004,6034.227
1755752400,2025-08-21 05:00:00,6033.995,6034.251,6017.689,6018.413
1755756000,2025-08-21 06:00:00,6018.521,6029.356,6017.452,6027.968
1755759600,2025-08-21 07:00:00,6028.163,6029.891,6020.72,6028.421
1755763200,2025-08-21 08:00:00,6028.546,6037.753,6028.53,6035.201
1755766800,2025-08-21 09:00:00,6035.404,6038.489,6030.537,6033.451
1755770400,2025-08-21 10:00:00,6033.16,6034.228,6026.526,6030.633
1755774000,2025-08-21 11:00:00,6030.568,6030.857,6021.68,6025.547
1755777600,2025-08-21 12:00:00,6025.68,6029.098,6019.086,6019.282
1755781200,2025-08-21 13:00:00,6019.263,6025.332,6016.862,6023.948
1755784800,2025-08-21 14:00:00,6023.757,6025.925,6018.572,6019.437
1755788400,2025-08-21 15:00:00,6019.624,6020.565,6010.853,6011.227
1755792000,2025-08-21 16:00:00,6011.377,6018.453,6008.648,6015.422
1755795600,2025-08-21 17:00:00,6015.526,6019.066,6011.614,6017.387
1755799200,2025-08-21 18:00:00,6017.34,6017.34,6006.823,6010.452
1755802800,2025-08-21 19:00:00,6010.467,6011.403,6004.316,6005.259
1755806400,2025-08-21 20:00:00,6005.305,6007.631,5997.328,5999.098
1755810000,2025-08-21 21:00:00,5998.96,5998.985,5987.507,5990.967
1755813600,2025-08-21 22:00:00,5990.951,5992.435,5982.423,5990.431
1755817200,2025-08-21 23:00:00,5990.322,5993.621,5986.384,5990.637
1755820800,2025-08-22 00:00:00,5990.688,5995.421,5987.456,5992.67
1755824400,2025-08-22 01:00:00,5992.525,5999.871,5991.776,5997.396
1755828000,2025-08-22 02:00:00,5997.3,6008.211,5995.74,6007.309
1755831600,2025-08-22 03:00:00,6007.264,6010.979,6004.864,6007.214
1755835200,2025-08-22 04:00:00,6007.082,6014.965,6000.787,6002.928
1755838800,2025-08-22 05:00:00,6002.935,6003.357,5996.231,5999.901
1755842400,2025-08-22 06:00:00,5999.889,6000.816,5990.687,5996.159
1755846000,2025-08-22 07:00:00,5996.088,5999.136,5993.063,5999.136
1755849600,2025-08-22 08:00:00,5999.099,6001.89,5991.686,5992.356
1755853200,2025-08-22 09:00:00,5992.453,5997.127,5989.18,5991.832
1755856800,2025-08-22 10:00:00,5991.732,5999.273,5988.626,5997.18
1755860400,2025-08-22 11:00:00,5997.139,6001.909,5994.527,6000.37
1755864000,2025-08-22 12:00:00,6000.176,6002.319,5993.558,5994.013
1755867600,2025-08-22 13:00:00,5993.749,5997.308,5990.736,5994.507
1755871200,2025-08-22 14:00:00,5994.564,6001.559,5993.395,6000.516
1755874800,2025-08-22 15:00:00,6000.388,6012.703,6000.211,6008.601
1755878400,2025-08-22 16:00:00,6008.596,6014.671,6002.02,6009.77
1755882000,2025-08-22 17:00:00,6009.849,6011.135,5999.76,6007.993
1755885600,2025-08-22 18:00:00,6007.992,6009.223,6000.49,6003.439
1755889200,2025-08-22 19:00:00,6003.373,6008.518,5999.762,6004.441
1755892800,2025-08-22 20:00:00,6004.421,6007.904,6001.516,6005.202
1755896400,2025-08-22 21:00:00,6005.163,6013.087,6004.746,6005.445
1755900000,2025-08-22 22:00:00,6005.464,6006.063,5991.7,5991.893
1755903600,2025-08-22 23:00:00,5991.92,5993.112,5984.886,5985.023
1755907200,2025-08-23 00:00:00,5984.883,5996.155,5984.768,5992.184
1755910800,2025-08-23 01:00:00,5992.074,6006.517,5991.89,6003.195
1755914400,2025-08-23 02:00:00,6003.153,6012.602,5999.84,6008.764
1755918000,2025-08-23 03:00:00,6008.502,6009.601,6001.32,6004.311
1755921600,2025-08-23 04:00:00,6004.432,6018.008,6004.293,6014.765
1755925200,2025-08-23 05:00:00,6015.04,6022.638,6012.201,6016.073
1755928800,2025-08-23 06:00:00,6016.288,6016.49,6008,6010.673
1755932400,2025-08-23 07:00:00,6010.923,6015.076,6006.845,6007.19
1755936000,2025-08-23 08:00:00,6007.121,6009.011,5997.832,6001.813
1755939600,2025-08-23 09:00:00,6001.64,6007.614,5998.628,6007.614
1755943200,2025-08-23 10:00:00,6007.497,6019.79,6007.154,6019.286
1755946800,2025-08-23 11:00:00,6019.178,6024.51,6016.965,6021.921
1755950400,2025-08-23 12:00:00,6021.977,6034.199,6019.292,6030.549
1755954000,2025-08-23 13:00:00,6030.46,6034.77,6028.084,6029.471
1755957600,2025-08-23 14:00:00,6029.412,6031.003,6023.513,6027.89
1755961200,2025-08-23 15:00:00,6028.183,6030.792,6025.549,6027.901
1755964800,2025-08-23 16:00:00,6027.808,6037.605,6023.196,6035.474
1755968400,2025-08-23 17:00:00,6035.372,6042.05,6031.437,6040.687
1755972000,2025-08-23 18:00:00,6040.747,6041.05,6034.238,6036.61
1755975600,2025-08-23 19:00:00,6036.549,6038.672,6030.641,6035.77
1755979200,2025-08-23 20:00:00,6035.664,6039.769,6023.636,6026.923
1755982800,2025-08-23 21:00:00,6026.969,6035.676,6026.246,6034.603
1755986400,2025-08-23 22:00:00,6034.572,6036.744,6028.2,6034.019
1755990000,2025-08-23 23:00:00,6034.189,6035.592,6026.886,6030.876
1755993600,2025-08-24 00:00:00,6031.025,6040.214,6028.272,6034.481
1755997200,2025-08-24 01:00:00,6034.399,6048.854,6034.345,6047.915
1756000800,2025-08-24 02:00:00,6047.961,6049.201,6041.966,6049.148
1756004400,2025-08-24 03:00:00,6049.231,6050.082,6036.642,6040.492
1756008000,2025-08-24 04:00:00,6040.282,6045.15,6033.11,6033.776
1756011600,2025-08-24 05:00:00,6034.094,6036.082,6030.373,6030.728
1756015200,2025-08-24 06:00:00,6030.858,6041.587,6030.517,6041.484
1756018800,2025-08-24 07:00:00,6041.569,6050.664,6040.882,6046.668
1756022400,2025-08-24 08:00:00,6046.575,6054.498,6046.154,6053.641
1756026000,2025-08-24 09:00:00,6053.765,6060.535,6052.333,6059.451
1756029600,2025-08-24 10:00:00,6059.516,6059.516,6046.772,6047.954
1756033200,2025-08-24 11:00:00,6048.012,6051.613,6045.692,6048.827
1756036800,2025-08-24 12:00:00,6048.703,6054.184,6046.583,6051.797
1756040400,2025-08-24 13:00:00,6051.809,6052.658,6044.747,6047.157
1756044000,2025-08-24 14:00:00,6047.182,6048.83,6035.782,6038.812
1756047600,2025-08-24 15:00:00,6038.656,6049.058,6036.066,6049.057
1756051200,2025-08-24 16:00:00,6048.949,6050.145,6042.107,6048.554
1756054800,2025-08-24 17:00:00,6048.678,6057.226,6047.572,6050.242
1756058400,2025-08-24 18:00:00,6050.214,6059.644,6050.107,6052.162
1756062000,2025-08-24 19:00:00,6052.034,6055.893,6049.592,6052.387
1756065600,2025-08-24 20:00:00,6052.409,6058.345,6050.37,6056.824
1756069200,2025-08-24 21:00:00,6056.777,6058.427,6051.14,6053.833
1756072800,2025-08-24 22:00:00,6054.071,6054.199,6041.849,6050.143
1756076400,2025-08-24 23:00:00,6050.256,6057.215,6049.494,6051.795
1756080000,2025-08-25 00:00:00,6051.819,6055.294,6048.906,6054.751
1756083600,2025-08-25 01:00:00,6054.887,6062.299,6054.338,6057.962
1756087200,2025-08-25 02:00:00,6058.138,6066.316,6057.692,6059.349
1756090800,2025-08-25 03:00:00,6059.333,6059.418,6050.64,6055.858
1756094400,2025-08-25 04:00:00,6056.211,6058.975,6051.59,6051.895
1756098000,2025-08-25 05:00:00,6051.625,6053.491,6046.303,6047.083
1756101600,2025-08-25 06:00:00,6046.957,6051.351,6040.914,6047.98
1756105200,2025-08-25 07:00:00,6048.038,6053.803,6046.128,6049.08
1756108800,2025-08-25 08:00:00,6049.222,6049.711,6041.64,6044.854
1756112400,2025-08-25 09:00:00,6044.689,6046.562,6040.724,6042.094
1756116000,2025-08-25 10:00:00,6042.515,6043.7,6031.603,6033.675
1756119600,2025-08-25 11:00:00,6033.718,6035.671,6023.546,6024.172
1756123200,2025-08-25 12:00:00,6023.861,6024.415,6016.426,6017.265
1756126800,2025-08-25 13:00:00,6017.245,6024.394,6016.626,6024.251
1756130400,2025-08-25 14:00:00,6024.041,6027.174,6017.121,6019.82
1756134000,2025-08-25 15:00:00,6019.952,6023.734,6017.331,6018.762
1756137600,2025-08-25 16:00:00,6018.593,6024.78,6015.746,6023.111
1756141200,2025-08-25 17:00:00,6023.191,6030.314,6021.984,6026.324
1756144800,2025-08-25 18:00:00,6026.076,6028.233,6020.459,6021.497
1756148400,2025-08-25 19:00:00,6021.801,6021.971,6011.38,6019.531
1756152000,2025-08-25 20:00:00,6019.336,6020.614,6014.207,6017.944
1756155600,2025-08-25 21:00:00,6018.01,6024.968,6009.84,6023.264
1756159200,2025-08-25 22:00:00,6023.158,6030.504,6019.337,6027.084
1756162800,2025-08-25 23:00:00,6026.841,6036.637,6024.493,6035.094
1756166400,2025-08-26 00:00:00,6035.056,6039.973,6031.999,6032.966
1756170000,2025-08-26 01:00:00,6032.808,6044.653,6031.37,6044.44
1756173600,2025-08-26 02:00:00,6044.438,6045.369,6037.969,6043.898
1756177200,2025-08-26 03:00:00,6043.933,6045.733,6036.74,6039.984
1756180800,2025-08-26 04:00:00,6039.898,6041.665,6034.969,6035.302
1756184400,2025-08-26 05:00:00,6035.325,6039.456,6029.284,6031.054
1756188000,2025-08-26 06:00:00,6031.075,6042.86,6029.582,6041.991
1756191600,2025-08-26 07:00:00,6042.103,6053.481,6038.279,6049.795
1756195200,2025-08-26 08:00:00,6049.647,6059.772,6049.493,6056.903
1756198800,2025-08-26 09:00:00,6056.874,6058.935,6044.868,6045.522
1756202400,2025-08-26 10:00:00,6045.762,6049.429,6043.555,6046.604
1756206000,2025-08-26 11:00:00,6046.404,6047.283,6036.884,6039.275
1756209600,2025-08-26 12:00:00,6039.286,6047.635,6035.987,6045.48
1756213200,2025-08-26 13:00:00,6045.588,6057.073,6045.216,6056.76
1756216800,2025-08-26 14:00:00,6056.999,6069.089,6055.94,6068.243
1756220400,2025-08-26 15:00:00,6067.973,6068.292,6059.618,6065.066
1756224000,2025-08-26 16:00:00,6065.252,6071.862,6061.768,6071.532
1756227600,2025-08-26 17:00:00,6071.563,6076.312,6068.6,6073.853
1756231200,2025-08-26 18:00:00,6074.012,6078.923,6072.338,6077.768
1756234800,2025-08-26 19:00:00,6077.535,6079.134,6070.966,6073.803
1756238400,2025-08-26 20:00:00,6073.592,6082.092,6071.185,6080.914
1756242000,2025-08-26 21:00:00,6080.87,6084.392,6073.069,6073.819
1756245600,2025-08-26 22:00:00,6073.607,6084.206,6072.689,6079.657
1756249200,2025-08-26 23:00:00,6079.659,6085.662,6076.67,6078.131
1756252800,2025-08-27 00:00:00,6078.18,6083.43,6076.632,6079.877
1756256400,2025-08-27 01:00:00,6079.903,6086.417,6079.339,6079.873
1756260000,2025-08-27 02:00:00,6079.839,6084.549,6074.032,6084.549
1756263600,2025-08-27 03:00:00,6084.626,6084.626,6077.846,6083.019
1756267200,2025-08-27 04:00:00,6083.033,6085.459,6078.401,6082.108
1756270800,2025-08-27 05:00:00,6082.107,6089.752,6081.262,6089.072
1756274400,2025-08-27 06:00:00,6089.16,6093.938,6079.764,6093.938
1756278000,2025-08-27 07:00:00,6094.013,6101.006,6091.241,6100.094
1756281600,2025-08-27 08:00:00,6100.158,6103.976,6094.924,6094.924
1756285200,2025-08-27 09:00:00,6095.046,6105.16,6091.055,6105.055
1756288800,2025-08-27 10:00:00,6105.202,6108.493,6100.422,6101.719
1756292400,2025-08-27 11:00:00,6101.627,6106.123,6097.834,6101.779
1756296000,2025-08-27 12:00:00,6101.949,6105.127,6096.111,6099.59
1756299600,2025-08-27 13:00:00,6099.763,6112.49,6099.326,6110.215
1756303200,2025-08-27 14:00:00,6110.337,6113.79,6108.36,6110.62
1756306800,2025-08-27 15:00:00,6110.306,6117.577,6105.451,6107.881
1756310400,2025-08-27 16:00:00,6107.702,6111.563,6104.951,6109.82
1756314000,2025-08-27 17:00:00,6109.929,6114.306,6106.24,6111.936
1756317600,2025-08-27 18:00:00,6111.759,6113.357,6102.119,6104.616
1756321200,2025-08-27 19:00:00,6104.496,6106.951,6090.41,6090.757
1756324800,2025-08-27 20:00:00,6090.723,6091.064,6081.502,6084.76
1756328400,2025-08-27 21:00:00,6084.707,6085.344,6072.477,6073.417
1756332000,2025-08-27 22:00:00,6073.474,6076.983,6068.577,6070.969
1756335600,2025-08-27 23:00:00,6071.201,6071.407,6059.001,6060.911
1756339200,2025-08-28 00:00:00,6060.976,6065.172,6056.43,6061.102
1756342800,2025-08-28 01:00:00,6061.255,6065.565,6058.63,6061.981
1756346400,2025-08-28 02:00:00,6061.977,6062.953,6048.368,6050.732
1756350000,2025-08-28 03:00:00,6050.839,6051.171,6042.094,6046.722
1756353600,2025-08-28 04:00:00,6046.797,6051.999,6036.068,6038.975
1756357200,2025-08-28 05:00:00,6038.884,6050.231,6038.543,6049.343
1756360800,2025-08-28 06:00:00,6049.351,6053.038,6044.903,6051.879
1756364400,2025-08-28 07:00:00,6051.995,6053.915,6045.06,6047.415
1756368000,2025-08-28 08:00:00,6047.556,6055.772,6045.968,6054.762
1756371600,2025-08-28 09:00:00,6054.665,6062.245,6046.189,6047.918
1756375200,2025-08-28 10:00:00,6047.938,6051.958,6044.24,6049.479
1756378800,2025-08-28 11:00:00,6049.647,6054.449,6045.97,6054.116
1756382400,2025-08-28 12:00:00,6054.259,6062.179,6052.823,6060.111
1756386000,2025-08-28 13:00:00,6060.104,6062.743,6054.493,6061.506
1756389600,2025-08-28 14:00:00,6061.512,6066.47,6060.856,6063.628
1756393200,2025-08-28 15:00:00,6063.804,6069.054,6061.885,6062.704
1756396800,2025-08-28 16:00:00,6062.858,6075.055,6061.234,6073.046
1756400400,2025-08-28 17:00:00,6073.07,6075.831,6068.892,6075.791
1756404000,2025-08-28 18:00:00,6075.948,6084.307,6072.409,6083.107
1756407600,2025-08-28 19:00:00,6082.991,6088.142,6080.206,6085.53
1756411200,2025-08-28 20:00:00,6085.466,6094.921,6085.003,6090.245
1756414800,2025-08-28 21:00:00,6090.269,6092.907,6083.004,6089.012
1756418400,2025-08-28 22:00:00,6088.808,6093.299,6086.258,6089.804
1756422000,2025-08-28 23:00:00,6089.669,6093.243,6082.893,6092.985
1756425600,2025-08-29 00:00:00,6092.897,6095.915,6080.481,6080.78
1756429200,2025-08-29 01:00:00,6080.861,6087.414,6080.237,6083.274
1756432800,2025-08-29 02:00:00,6083.356,6086.326,6080.721,6081.512
1756436400,2025-08-29 03:00:00,6081.527,6084.846,6075.58,6078.396
1756440000,2025-08-29 04:00:00,6078.415,6080.392,6060.987,6068.803
1756443600,2025-08-29 05:00:00,6068.943,6076.425,6068.035,6073.877
1756447200,2025-08-29 06:00:00,6074.294,6079.269,6068.91,6069.779
1756450800,2025-08-29 07:00:00,6069.867,6074.496,6067.599,6068.452
1756454400,2025-08-29 08:00:00,6068.435,6076.239,6066.356,6067.426
1756458000,2025-08-29 09:00:00,6067.514,6080.979,6066.398,6080.048
1756461600,2025-08-29 10:00:00,6080.009,6086.366,6079.058,6079.464
1756465200,2025-08-29 11:00:00,6079.633,6082.684,6075.255,6079.313
1756468800,2025-08-29 12:00:00,6079.184,6084.94,6077.766,6078.34
1756472400,2025-08-29 13:00:00,6078.352,6085.333,6077.921,6084.473
1756476000,2025-08-29 14:00:00,6084.575,6086.401,6081.078,6083.912
1756479600,2025-08-29 15:00:00,6083.981,6085.224,6074.781,6081.596
1756483200,2025-08-29 16:00:00,6081.54,6084.193,6069.057,6072.292
1756486800,2025-08-29 17:00:00,6072.445,6078.508,6071.181,6074.156
1756490400,2025-08-29 18:00:00,6073.982,6081.3,6073.767,6080.455
1756494000,2025-08-29 19:00:00,6080.679,6080.996,6070.618,6074.38
1756497600,2025-08-29 20:00:00,6074.311,6081.165,6074.128,6075.603
1756501200,2025-08-29 21:00:00,6075.557,6088.75,6074.215,6087.946
1756504800,2025-08-29 22:00:00,6088.166,6106.286,6086.391,6105.368
1756508400,2025-08-29 23:00:00,6105.241,6115.067,6104.445,6109.711
1756512000,2025-08-30 00:00:00,6109.345,6113.421,6106.905,6111.009
1756515600,2025-08-30 01:00:00,6110.876,6111.642,6101.957,6108.06
1756519200,2025-08-30 02:00:00,6108.081,6116.221,6106.973,6110.364
1756522800,2025-08-30 03:00:00,6110.422,6110.422,6096.272,6100.274
1756526400,2025-08-30 04:00:00,6100.186,6111.055,6099.604,6109.377
1756530000,2025-08-30 05:00:00,6109.268,6110.471,6095.403,6096.345
1756533600,2025-08-30 06:00:00,6096.345,6099.671,6091.798,6095.081
1756537200,2025-08-30 07:00:00,6094.791,6100.792,6091.349,6092.346
1756540800,2025-08-30 08:00:00,6092.316,6093.574,6076.845,6076.93
1756544400,2025-08-30 09:00:00,6077.078,6077.209,6070.365,6073.192
1756548000,2025-08-30 10:00:00,6073.161,6073.358,6064.511,6069.888
1756551600,2025-08-30 11:00:00,6069.703,6070.124,6054.387,6054.709
1756555200,2025-08-30 12:00:00,6054.896,6068.53,6054.803,6063.507
1756558800,2025-08-30 13:00:00,6063.47,6066.99,6060.154,6065.132
1756562400,2025-08-30 14:00:00,6065.278,6066.806,6057.882,6059.568
1756566000,2025-08-30 15:00:00,6059.927,6065.397,6058.269,6062.021
1756569600,2025-08-30 16:00:00,6062.139,6065.113,6052.278,6052.295
1756573200,2025-08-30 17:00:00,6052.285,6058.09,6051.682,6055.122
1756576800,2025-08-30 18:00:00,6055.051,6061.973,6051.01,6057.213
1756580400,2025-08-30 19:00:00,6057.133,6059.643,6048.683,6059.232
1756584000,2025-08-30 20:00:00,6059.138,6062.488,6053.759,6055.403
1756587600,2025-08-30 21:00:00,6055.318,6061.524,6051.55,6060.139
1756591200,2025-08-30 22:00:00,6060.319,6066.275,6056.508,6058.59
1756594800,2025-08-30 23:00:00,6058.568,6062.624,6049.633,6050.279
1756598400,2025-08-31 00:00:00,6050.45,6054.407,6043.9,6054.407
1756602000,2025-08-31 01:00:00,6054.179,6060.635,6053.122,6055.536
1756605600,2025-08-31 02:00:00,6055.625,6063.051,6055.097,6060.457
1756609200,2025-08-31 03:00:00,6060.514,6069.57,6058.249,6068.975
1756612800,2025-08-31 04:00:00,6069.003,6074.814,6065.6,6067.483
1756616400,2025-08-31 05:00:00,6067.496,6070.066,6058.607,6060.52
1756620000,2025-08-31 06:00:00,6060.359,6062.312,6050.69,6051.597
1756623600,2025-08-31 07:00:00,6051.846,6054.716,6044.82,6045.943
1756627200,2025-08-31 08:00:00,6045.744,6047.409,6042.042,6047.409
1756630800,2025-08-31 09:00:00,6047.5,6048.698,6036.865,6040.203
1756634400,2025-08-31 10:00:00,6040.586,6043.363,6034.117,6035.493
1756638000,2025-08-31 11:00:00,6035.754,6037.867,6028.953,6037.184
1756641600,2025-08-31 12:00:00,6037.4,6041.097,6034.291,6036.308
1756645200,2025-08-31 13:00:00,6036.488,6042.224,6033.181,6038.162
1756648800,2025-08-31 14:00:00,6038.205,6047.767,6037.922,6041.272
1756652400,2025-08-31 15:00:00,6041.258,6047.968,6036.132,6036.132
1756656000,2025-08-31 16:00:00,6035.962,6046.757,6035.119,6046.439
1756659600,2025-08-31 17:00:00,6046.243,6047.515,6040.354,6045.632
1756663200,2025-08-31 18:00:00,6045.571,6053.559,6039.341,6039.966
1756666800,2025-08-31 19:00:00,6039.882,6043.103,6035.066,6035.434
1756670400,2025-08-31 20:00:00,6035.446,6039.899,6031.588,6037.066
1756674000,2025-08-31 21:00:00,6036.925,6041.363,6034.254,6034.783
1756677600,2025-08-31 22:00:00,6034.764,6036.05,6019.067,6022.888
1756681200,2025-08-31 23:00:00,6022.944,6034.993,6022.225,6030.337
1756684800,2025-09-01 00:00:00,6030.294,6037.801,6025.603,6025.603
1756688400,2025-09-01 01:00:00,6025.659,6028.635,6021.771,6025.951
1756692000,2025-09-01 02:00:00,6025.969,6032.864,6024.505,6031.008
1756695600,2025-09-01 03:00:00,6031.114,6033.527,6025.248,6031.845
1756699200,2025-09-01 04:00:00,6031.628,6036.386,6024.873,6026.719
1756702800,2025-09-01 05:00:00,6026.518,6031.566,6025.005,6029.21
1756706400,2025-09-01 06:00:00,6029.043,6032.824,6021.91,6023.096
1756710000,2025-09-01 07:00:00,6022.974,6029.017,6018.868,6026.935
1756713600,2025-09-01 08:00:00,6026.98,6034.473,6024.839,6031.499
1756717200,2025-09-01 09:00:00,6031.509,6038.074,6030.6,6031.983
1756720800,2025-09-01 10:00:00,6031.77,6033.783,6023.071,6024.073
1756724400,2025-09-01 11:00:00,6024.101,6025.11,6016.475,6018.347
1756728000,2025-09-01 12:00:00,6018.374,6020.229,6005.502,6005.948
1756731600,2025-09-01 13:00:00,6005.861,6007.236,5999.217,6000.912
1756735200,2025-09-01 14:00:00,6000.967,6008.359,5996.673,6008.359
1756738800,2025-09-01 15:00:00,6008.285,6014.287,6005.833,6009.575
1756742400,2025-09-01 16:00:00,6009.552,6017.932,6008.265,6016.881
1756746000,2025-09-01 17:00:00,6016.558,6020.923,6012.216,6019.686
1756749600,2025-09-01 18:00:00,6019.628,6027.912,6019.248,6022.551
1756753200,2025-09-01 19:00:00,6022.489,6022.964,6009.063,6016.754
1756756800,2025-09-01 20:00:00,6016.81,6019.845,6010.087,6012.633
1756760400,2025-09-01 21:00:00,6012.594,6013.612,6007.943,6010.747
1756764000,2025-09-01 22:00:00,6010.73,6027.341,6010.585,6026.837
1756767600,2025-09-01 23:00:00,6026.904,6028.711,6018.01,6020.173
1756771200,2025-09-02 00:00:00,6020.526,6021.431,6015.229,6015.898
1756774800,2025-09-02 01:00:00,6015.793,6017.553,6009.215,6010.365
1756778400,2025-09-02 02:00:00,6010.288,6017.035,6008.588,6015.062
1756782000,2025-09-02 03:00:00,6015.163,6020.537,6010.923,6020.131
1756785600,2025-09-02 04:00:00,6020.032,6022.331,6012.792,6020.687
1756789200,2025-09-02 05:00:00,6020.505,6025.126,6012.831,6018.109
1756792800,2025-09-02 06:00:00,6018.563,6019.792,6012.721,6013.751
1756796400,2025-09-02 07:00:00,6013.922,6018.77,6008.074,6016.709
1756800000,2025-09-02 08:00:00,6016.597,6020.709,6013.102,6015.597
1756803600,2025-09-02 09:00:00,6015.498,6019.883,6010.866,6011.792
1756807200,2025-09-02 10:00:00,6011.433,6015.158,6007.44,6011.815
1756810800,2025-09-02 11:00:00,6011.888,6022.328,6011.783,6014.665
1756814400,2025-09-02 12:00:00,6014.763,6018.347,6009.602,6013.642
1756818000,2025-09-02 13:00:00,6013.683,6014.579,6005.729,6008.748
1756821600,2025-09-02 14:00:00,6008.808,6012.466,6003.114,6003.567
1756825200,2025-09-02 15:00:00,6003.442,6003.453,5994.951,5995.718
1756828800,2025-09-02 16:00:00,5995.573,6000.57,5991.134,5992.401
1756832400,2025-09-02 17:00:00,5992.342,5993.372,5982.679,5986.958
1756836000,2025-09-02 18:00:00,5987.032,5988.328,5982.398,5983.865
1756839600,2025-09-02 19:00:00,5983.74,5990.711,5983.151,5989.324
1756843200,2025-09-02 20:00:00,5989.208,5989.59,5972.978,5975.99
1756846800,2025-09-02 21:00:00,5975.675,5978.585,5964.835,5965.35
1756850400,2025-09-02 22:00:00,5965.599,5975.02,5962.521,5973.763
1756854000,2025-09-02 23:00:00,5973.653,5975.173,5962.908,5963.577
1756857600,2025-09-03 00:00:00,5963.357,5966.684,5960.552,5963.567
1756861200,2025-09-03 01:00:00,5963.796,5964.032,5949.778,5950.982
1756864800,2025-09-03 02:00:00,5951.252,5952.214,5939.997,5944.329
1756868400,2025-09-03 03:00:00,5944.154,5947.926,5942.907,5943.654
1756872000,2025-09-03 04:00:00,5943.609,5947.783,5941.413,5942.511
1756875600,2025-09-03 05:00:00,5942.47,5945.054,5937.719,5939.298
1756879200,2025-09-03 06:00:00,5939.457,5946.781,5937.177,5946.477
1756882800,2025-09-03 07:00:00,5946.441,5950.78,5942.481,5947.319
1756886400,2025-09-03 08:00:00,5947.224,5949.654,5941.12,5943.752
1756890000,2025-09-03 09:00:00,5943.668,5945.931,5938.96,5945.609
1756893600,2025-09-03 10:00:00,5945.694,5949.592,5941.864,5945.142
1756897200,2025-09-03 11:00:00,5945.14,5947.968,5935.856,5936.697
1756900800,2025-09-03 12:00:00,5936.863,5939.22,5932.789,5936.753
1756904400,2025-09-03 13:00:00,5936.572,5938.157,5929.395,5933.736
1756908000,2025-09-03 14:00:00,5934.066,5945.782,5934.066,5943.135
1756911600,2025-09-03 15:00:00,5943.113,5945.451,5940.595,5944.781
1756915200,2025-09-03 16:00:00,5944.769,5948.54,5941.455,5946.077
1756918800,2025-09-03 17:00:00,5946.039,5959.839,5945.104,5954.163
1756922400,2025-09-03 18:00:00,5954.205,5958.621,5950.718,5954.24
1756926000,2025-09-03 19:00:00,5954.169,5954.206,5944.936,5951.326
1756929600,2025-09-03 20:00:00,5951.305,5956.378,5949.02,5956.122
1756933200,2025-09-03 21:00:00,5956.062,5960.552,5952.691,5960.541
1756936800,2025-09-03 22:00:00,5960.3,5967.733,5958.867,5965.818
1756940400,2025-09-03 23:00:00,5965.654,5975.659,5963.886,5968.172
1756944000,2025-09-04 00:00:00,5968.21,5968.236,5954.52,5958.32
1756947600,2025-09-04 01:00:00,5958.369,5965.014,5956.674,5960.821
1756951200,2025-09-04 02:00:00,5961.169,5968.008,5953.9,5954.709
1756954800,2025-09-04 03:00:00,5954.692,5956.897,5939.166,5941.13
1756958400,2025-09-04 04:00:00,5940.846,5949.587,5937.113,5948.57
1756962000,2025-09-04 05:00:00,5948.614,5951.974,5942.356,5948.361
1756965600,2025-09-04 06:00:00,5948.525,5948.873,5943.096,5946.237
1756969200,2025-09-04 07:00:00,5946.078,5953.576,5944.366,5948.913
1756972800,2025-09-04 08:00:00,5948.862,5950.803,5941.256,5948.915
1756976400,2025-09-04 09:00:00,5948.933,5950.43,5943.994,5948.13
1756980000,2025-09-04 10:00:00,5948.057,5959.472,5945.249,5958.453
1756983600,2025-09-04 11:00:00,5958.314,5961.862,5952.997,5955.44
1756987200,2025-09-04 12:00:00,5955.236,5964.082,5954.851,5958.441
1756990800,2025-09-04 13:00:00,5958.581,5965.557,5951.856,5952.562
1756994400,2025-09-04 14:00:00,5952.122,5961.073,5951.52,5960.734
1756998000,2025-09-04 15:00:00,5960.651,5966.236,5954.339,5954.643
1757001600,2025-09-04 16:00:00,5954.974,5955.887,5945.442,5948.381
1757005200,2025-09-04 17:00:00,5948.587,5948.587,5939.442,5941.456
1757008800,2025-09-04 18:00:00,5941.498,5944.046,5939.491,5940.332
1757012400,2025-09-04 19:00:00,5940.356,5946.459,5939.05,5944.584
1757016000,2025-09-04 20:00:00,5944.681,5949.356,5940.284,5942.535
1757019600,2025-09-04 21:00:00,5942.395,5943.289,5934.926,5943.048
1757023200,2025-09-04 22:00:00,5942.904,5951.134,5942.463,5948.662
1757026800,2025-09-04 23:00:00,5948.601,5950.124,5941.257,5943.691
1757030400,2025-09-05 00:00:00,5943.716,5948.146,5927.794,5928.265
1757034000,2025-09-05 01:00:00,5927.945,5933.741,5922.777,5928.138
1757037600,2025-09-05 02:00:00,5928.115,5932.903,5920.469,5923.325
1757041200,2025-09-05 03:00:00,5923.194,5923.194,5911.384,5915.427
1757044800,2025-09-05 04:00:00,5915.313,5927.74,5912.542,5927.74
1757048400,2025-09-05 05:00:00,5927.58,5928.947,5921.038,5924.997
1757052000,2025-09-05 06:00:00,5925.102,5926.147,5918.476,5921.36
1757055600,2025-09-05 07:00:00,5921.308,5927.392,5916.089,5927.048
1757059200,2025-09-05 08:00:00,5926.884,5933.45,5926.241,5931.318
1757062800,2025-09-05 09:00:00,5931.352,5937.521,5918.184,5918.774
1757066400,2025-09-05 10:00:00,5918.586,5922.706,5907.287,5908.588
1757070000,2025-09-05 11:00:00,5908.496,5913.332,5905.082,5907.695
1757073600,2025-09-05 12:00:00,5907.512,5908.091,5897.875,5900.425
1757077200,2025-09-05 13:00:00,5900.337,5903.602,5888.864,5890.292
1757080800,2025-09-05 14:00:00,5890.423,5892.31,5885.766,5890.051
1757084400,2025-09-05 15:00:00,5890.086,5894.527,5886.778,5894.119
1757088000,2025-09-05 16:00:00,5893.959,5899.504,5891.671,5898.746
1757091600,2025-09-05 17:00:00,5898.869,5913.25,5896.701,5911.211
1757095200,2025-09-05 18:00:00,5911.252,5918.544,5910.976,5918.308
1757098800,2025-09-05 19:00:00,5918.295,5921.088,5909.279,5910.562
1757102400,2025-09-05 20:00:00,5910.601,5921.308,5910.124,5917.455
1757106000,2025-09-05 21:00:00,5917.355,5917.511,5898.982,5899.926
1757109600,2025-09-05 22:00:00,5899.799,5899.799,5890.733,5895.122
1757113200,2025-09-05 23:00:00,5895.377,5899.745,5889.795,5890.588
1757116800,2025-09-06 00:00:00,5890.492,5897.266,5887.229,5896.884
1757120400,2025-09-06 01:00:00,5897.017,5899.993,5895.242,5898.991
1757124000,2025-09-06 02:00:00,5898.956,5902.404,5896.088,5897.044
1757127600,2025-09-06 03:00:00,5896.646,5898.446,5890.568,5892.329
1757131200,2025-09-06 04:00:00,5892.246,5897.134,5890.489,5894.088
1757134800,2025-09-06 05:00:00,5894.173,5905.496,5894.173,5902.776
1757138400,2025-09-06 06:00:00,5902.922,5918.944,5902.25,5918.932
1757142000,2025-09-06 07:00:00,5919.198,5923.445,5915.65,5920.23
1757145600,2025-09-06 08:00:00,5920.108,5936.521,5918.892,5934.056
1757149200,2025-09-06 09:00:00,5934.205,5935.336,5916.052,5916.294
1757152800,2025-09-06 10:00:00,5916.249,5921.705,5913.097,5920.937
1757156400,2025-09-06 11:00:00,5920.946,5924.65,5918.401,5924.487
1757160000,2025-09-06 12:00:00,5924.455,5929.226,5923.05,5927.297
1757163600,2025-09-06 13:00:00,5927.373,5937.221,5926.851,5931.029
1757167200,2025-09-06 14:00:00,5931.139,5931.647,5924.737,5925.801
1757170800,2025-09-06 15:00:00,5925.841,5928.732,5921.016,5927.728
1757174400,2025-09-06 16:00:00,5927.545,5937.141,5926.671,5933.818
1757178000,2025-09-06 17:00:00,5933.921,5948.341,5930.315,5947.223
1757181600,2025-09-06 18:00:00,5947.236,5948.325,5941.587,5945.755
1757185200,2025-09-06 19:00:00,5945.99,5960.799,5937.668,5960.473
1757188800,2025-09-06 20:00:00,5960.507,5962.077,5953.021,5956.427
1757192400,2025-09-06 21:00:00,5956.775,5961.672,5953.669,5955.906
1757196000,2025-09-06 22:00:00,5956.035,5959.118,5951.862,5952.429
1757199600,2025-09-06 23:00:00,5952.325,5955.642,5945.311,5946.305
1757203200,2025-09-07 00:00:00,5946.213,5949.427,5937.543,5937.626
1757206800,2025-09-07 01:00:00,5937.649,5948.251,5935.864,5942.608
1757210400,2025-09-07 02:00:00,5942.467,5946.925,5939.003,5944.846
1757214000,2025-09-07 03:00:00,5944.714,5949.356,5942.035,5945.956
1757217600,2025-09-07 04:00:00,5945.936,5954.251,5941.349,5950.312
1757221200,2025-09-07 05:00:00,5950.468,5955.998,5946.17,5947.025
1757224800,2025-09-07 06:00:00,5946.765,5949.908,5943.437,5943.706
1757228400,2025-09-07 07:00:00,5943.465,5947.208,5939.94,5943.994
1757232000,2025-09-07 08:00:00,5943.909,5944.846,5931.477,5931.576
1757235600,2025-09-07 09:00:00,5931.51,5935.405,5927.52,5929.547
1757239200,2025-09-07 10:00:00,5929.527,5932.536,5923.672,5928.216
1757242800,2025-09-07 11:00:00,5928.182,5931.143,5923.298,5928.262
1757246400,2025-09-07 12:00:00,5928.138,5929.106,5922.98,5925.202
1757250000,2025-09-07 13:00:00,5925.129,5932.458,5922.397,5929.211
1757253600,2025-09-07 14:00:00,5929.232,5938.534,5928.824,5937.995
1757257200,2025-09-07 15:00:00,5937.881,5941.944,5928.004,5929.791
1757260800,2025-09-07 16:00:00,5929.663,5930.821,5919.817,5922.406
1757264400,2025-09-07 17:00:00,5922.72,5923.29,5914.415,5918.681
1757268000,2025-09-07 18:00:00,5918.946,5919.778,5913.064,5915.888
1757271600,2025-09-07 19:00:00,5915.74,5923.276,5914.93,5921.374
1757275200,2025-09-07 20:00:00,5921.272,5928.2,5921.074,5927.37
1757278800,2025-09-07 21:00:00,5927.336,5930.134,5922.159,5928.752
1757282400,2025-09-07 22:00:00,5928.91,5930.827,5919.985,5925.486
1757286000,2025-09-07 23:00:00,5925.601,5939.96,5925.234,5939.198
1757289600,2025-09-08 00:00:00,5939.07,5944.206,5930.362,5930.362
1757293200,2025-09-08 01:00:00,5930.346,5931.235,5921.292,5927.335
1757296800,2025-09-08 02:00:00,5927.217,5927.739,5911.871,5912.862
1757300400,2025-09-08 03:00:00,5912.622,5913.479,5903.33,5906.272
1757304000,2025-09-08 04:00:00,5906.126,5906.126,5894.173,5897.83
1757307600,2025-09-08 05:00:00,5897.733,5901.674,5895.419,5901.132
1757311200,2025-09-08 06:00:00,5901.286,5901.419,5882.505,5884.349
1757314800,2025-09-08 07:00:00,5884.261,5897.358,5884.206,5896.106
1757318400,2025-09-08 08:00:00,5896.117,5897.859,5889.59,5890.661
1757322000,2025-09-08 09:00:00,5890.706,5899.452,5889.654,5896.956
1757325600,2025-09-08 10:00:00,5897.26,5905.013,5896.524,5902.389
1757329200,2025-09-08 11:00:00,5902.213,5905.312,5898.249,5898.738
1757332800,2025-09-08 12:00:00,5898.716,5904.733,5892.585,5896.852
1757336400,2025-09-08 13:00:00,5896.921,5905.285,5896.779,5899.397
1757340000,2025-09-08 14:00:00,5899.435,5910.422,5898.02,5910.422
1757343600,2025-09-08 15:00:00,5910.244,5911.444,5904.141,5908.341
1757347200,2025-09-08 16:00:00,5908.143,5909.59,5900.282,5909.214
1757350800,2025-09-08 17:00:00,5909.238,5914.308,5904.143,5904.851
1757354400,2025-09-08 18:00:00,5904.967,5907.714,5899.803,5907.009
1757358000,2025-09-08 19:00:00,5907.075,5915.211,5904.708,5913.265
1757361600,2025-09-08 20:00:00,5913.108,5916.571,5906.614,5914.826
1757365200,2025-09-08 21:00:00,5915.089,5917.562,5909.936,5916.74
1757368800,2025-09-08 22:00:00,5916.658,5919.816,5907.234,5908.692
1757372400,2025-09-08 23:00:00,5908.767,5916.509,5906.742,5913.441
1757376000,2025-09-09 00:00:00,5913.326,5915.156,5904.428,5912.928
1757379600,2025-09-09 01:00:00,5912.992,5921.233,5912.817,5917.3
1757383200,2025-09-09 02:00:00,5917.376,5920.235,5915.79,5916.12
1757386800,2025-09-09 03:00:00,5916.031,5924.683,5915.412,5923.832
1757390400,2025-09-09 04:00:00,5923.775,5935.152,5923.775,5933.218
1757394000,2025-09-09 05:00:00,5933.056,5938.189,5930.06,5935.282
1757397600,2025-09-09 06:00:00,5935.36,5941.067,5930.226,5938.606
1757401200,2025-09-09 07:00:00,5938.539,5939.152,5931.165,5931.277
1757404800,2025-09-09 08:00:00,5931.211,5942.965,5927.141,5942.807
1757408400,2025-09-09 09:00:00,5942.599,5951.579,5939.954,5951.178
1757412000,2025-09-09 10:00:00,5951.096,5953.968,5948.706,5952.791
1757415600,2025-09-09 11:00:00,5952.671,5956.889,5947.391,5950.569
1757419200,2025-09-09 12:00:00,5950.378,5950.469,5940.764,5947.536
1757422800,2025-09-09 13:00:00,5947.514,5947.74,5938.099,5947.47
1757426400,2025-09-09 14:00:00,5947.465,5950.775,5937.948,5939.676
1757430000,2025-09-09 15:00:00,5939.591,5939.749,5929.385,5930.607
1757433600,2025-09-09 16:00:00,5930.685,5938.165,5928.035,5930.665
1757437200,2025-09-09 17:00:00,5930.719,5937.913,5928.265,5935.723
1757440800,2025-09-09 18:00:00,5935.803,5936.221,5925.751,5932.75
1757444400,2025-09-09 19:00:00,5932.627,5942.96,5932.2,5939.257
1757448000,2025-09-09 20:00:00,5939.272,5945.03,5937.599,5943.939
1757451600,2025-09-09 21:00:00,5943.815,5952.465,5943.782,5950.099
1757455200,2025-09-09 22:00:00,5949.968,5949.968,5938.128,5946.501
1757458800,2025-09-09 23:00:00,5946.6,5950.29,5940.664,5950.112
1757462400,2025-09-10 00:00:00,5950.297,5954.919,5945.449,5947.64
1757466000,2025-09-10 01:00:00,5947.414,5951.605,5943.814,5947.635
1757469600,2025-09-10 02:00:00,5947.444,5952.76,5946.02,5951.626
1757473200,2025-09-10 03:00:00,5951.536,5962.735,5951.214,5961.798
1757476800,2025-09-10 04:00:00,5961.674,5965.656,5957.581,5959.61
1757480400,2025-09-10 05:00:00,5959.729,5966.787,5958.921,5965.012
1757484000,2025-09-10 06:00:00,5964.857,5966.527,5953.514,5955.215
1757487600,2025-09-10 07:00:00,5955.527,5957.22,5943.367,5943.674
1757491200,2025-09-10 08:00:00,5943.5,5945.808,5931.789,5934.614
1757494800,2025-09-10 09:00:00,5934.672,5941.647,5931.73,5940.709
1757498400,2025-09-10 10:00:00,5940.79,5943.977,5936.479,5941.707
1757502000,2025-09-10 11:00:00,5941.693,5949.545,5939.417,5945.446
1757505600,2025-09-10 12:00:00,5945.599,5951.957,5945.227,5947.378
1757509200,2025-09-10 13:00:00,5947.295,5947.348,5939.08,5942.719
1757512800,2025-09-10 14:00:00,5942.644,5944.804,5932.949,5934.091
1757516400,2025-09-10 15:00:00,5934.045,5939.734,5929.664,5930.854
1757520000,2025-09-10 16:00:00,5930.707,5939.532,5927.1,5938.435
1757523600,2025-09-10 17:00:00,5938.614,5943.904,5935.368,5942.955
1757527200,2025-09-10 18:00:00,5942.977,5954.104,5942.5,5949.949
1757530800,2025-09-10 19:00:00,5950.113,5954.85,5949.143,5953.396
1757534400,2025-09-10 20:00:00,5953.527,5962.076,5951.723,5958.859
1757538000,2025-09-10 21:00:00,5959.023,5977.761,5959.023,5976.48
1757541600,2025-09-10 22:00:00,5976.312,5980.6,5972.032,5978.973
1757545200,2025-09-10 23:00:00,5979.097,5980.471,5967.355,5974.63
1757548800,2025-09-11 00:00:00,5974.673,5975.683,5965.492,5970.291
1757552400,2025-09-11 01:00:00,5970.553,5982.047,5970.053,5979.85
1757556000,2025-09-11 02:00:00,5979.839,5987.652,5979.444,5985.013
1757559600,2025-09-11 03:00:00,5984.703,5997.716,5984.303,5997.551
1757563200,2025-09-11 04:00:00,5997.508,6000.098,5990.363,5999.021
1757566800,2025-09-11 05:00:00,5998.816,6004.991,5994.727,6004.006
1757570400,2025-09-11 06:00:00,6003.893,6007.91,5997.341,6006.354
1757574000,2025-09-11 07:00:00,6006.177,6006.27,5996.308,5996.99
1757577600,2025-09-11 08:00:00,5997.287,5999.138,5989.142,5999.138
1757581200,2025-09-11 09:00:00,5999.175,5999.805,5992.995,5995.588
1757584800,2025-09-11 10:00:00,5995.585,6003.288,5994.136,5999.052
1757588400,2025-09-11 11:00:00,5999.126,5999.947,5992.243,5993.378
1757592000,2025-09-11 12:00:00,5993.327,6008.22,5993.325,6006.515
1757595600,2025-09-11 13:00:00,6006.5,6012.613,5996.165,5997.559
1757599200,2025-09-11 14:00:00,5997.696,5997.877,5990.189,5991.109
1757602800,2025-09-11 15:00:00,5991.268,5997.62,5988.785,5992.647
1757606400,2025-09-11 16:00:00,5992.758,5993.455,5979.357,5988.335
1757610000,2025-09-11 17:00:00,5988.058,5988.861,5979.606,5982.924
1757613600,2025-09-11 18:00:00,5982.982,5984.035,5970.896,5974.437
1757617200,2025-09-11 19:00:00,5974.432,5976.272,5967.082,5974.939
1757620800,2025-09-11 20:00:00,5974.998,5982.073,5969.643,5980.609
1757624400,2025-09-11 21:00:00,5980.588,5989.616,5977.426,5988.597
1757628000,2025-09-11 22:00:00,5988.356,5991.881,5984.336,5989.484
1757631600,2025-09-11 23:00:00,5989.524,5992.311,5986.158,5989.531
1757635200,2025-09-12 00:00:00,5989.75,5999.96,5988.622,5998.158
1757638800,2025-09-12 01:00:00,5998.536,6010.053,5997.685,6007.736
1757642400,2025-09-12 02:00:00,6007.928,6013.496,6004.374,6013.496
1757646000,2025-09-12 03:00:00,6013.491,6015.757,6004.307,6006.014
1757649600,2025-09-12 04:00:00,6005.872,6006.738,5997.936,5999.835
1757653200,2025-09-12 05:00:00,5999.735,6000.112,5989.958,5993.087
1757656800,2025-09-12 06:00:00,5992.785,5997.923,5990.474,5994.295
1757660400,2025-09-12 07:00:00,5994.23,6011.397,5993.475,6009.232
1757664000,2025-09-12 08:00:00,6009.051,6014.366,6005.019,6009.846
1757667600,2025-09-12 09:00:00,6009.733,6011.969,6005.44,6010.886
1757671200,2025-09-12 10:00:00,6011.014,6019.241,6009.909,6015.384
1757674800,2025-09-12 11:00:00,6015.361,6017.447,6011.021,6014.358
1757678400,2025-09-12 12:00:00,6014.308,6014.639,6005.841,6009.767
1757682000,2025-09-12 13:00:00,6009.697,6015.977,6008.445,6011.59
1757685600,2025-09-12 14:00:00,6011.583,6017.533,6009.506,6016.16
1757689200,2025-09-12 15:00:00,6016.116,6018.848,6008.759,6010.003
1757692800,2025-09-12 16:00:00,6010.183,6021.433,6005.771,6019.034
1757696400,2025-09-12 17:00:00,6019.212,6026.647,6016.221,6026.123
1757700000,2025-09-12 18:00:00,6026.396,6034.994,6024.126,6033.18
1757703600,2025-09-12 19:00:00,6033.257,6046.511,6031.773,6042.031
1757707200,2025-09-12 20:00:00,6042.184,6046.376,6037.24,6045.056
1757710800,2025-09-12 21:00:00,6044.859,6045.812,6036.591,6040.339
1757714400,2025-09-12 22:00:00,6040.277,6046.329,6036.351,6039.988
1757718000,2025-09-12 23:00:00,6039.96,6050.105,6039.96,6042.468
1757721600,2025-09-13 00:00:00,6042.183,6043.797,6037.281,6039.804
1757725200,2025-09-13 01:00:00,6039.913,6040.704,6033.15,6034.454
1757728800,2025-09-13 02:00:00,6034.474,6039.33,6032.919,6035.747
1757732400,2025-09-13 03:00:00,6035.874,6049.314,6034.627,6048.959
1757736000,2025-09-13 04:00:00,6048.792,6058.373,6048.785,6053.791
1757739600,2025-09-13 05:00:00,6053.867,6053.867,6045.433,6051.494
1757743200,2025-09-13 06:00:00,6051.551,6061.719,6050.888,6055.266
1757746800,2025-09-13 07:00:00,6055.324,6062.423,6047.789,6048.429
1757750400,2025-09-13 08:00:00,6048.402,6050.496,6040.003,6041.616
1757754000,2025-09-13 09:00:00,6041.689,6043.417,6029.034,6031.906
1757757600,2025-09-13 10:00:00,6031.933,6035.891,6029.592,6031.017
1757761200,2025-09-13 11:00:00,6030.804,6038.398,6028.791,6031.66
1757764800,2025-09-13 12:00:00,6031.651,6037.334,6028.979,6037.334
1757768400,2025-09-13 13:00:00,6037.231,6047.342,6036.657,6041.825
1757772000,2025-09-13 14:00:00,6041.577,6044.644,6033.256,6033.303
1757775600,2025-09-13 15:00:00,6033.32,6036.289,6026.417,6027.35
1757779200,2025-09-13 16:00:00,6027.121,6029.584,6019.92,6026.46
1757782800,2025-09-13 17:00:00,6026.2,6030.673,6022.096,6025.733
1757786400,2025-09-13 18:00:00,6025.681,6030.486,6023.875,6028.353
1757790000,2025-09-13 19:00:00,6028.446,6029.64,6015.155,6022.503
1757793600,2025-09-13 20:00:00,6022.627,6029.046,6020.758,6026.004
1757797200,2025-09-13 21:00:00,6026.073,6028.033,6012.324,6012.421
1757800800,2025-09-13 22:00:00,6012.359,6017.93,6011.121,6015.717
1757804400,2025-09-13 23:00:00,6015.739,6016.11,6008.538,6012.381
1757808000,2025-09-14 00:00:00,6012.428,6016.763,6007.766,6008.255
1757811600,2025-09-14 01:00:00,6008.382,6011.56,6004.087,6004.827
1757815200,2025-09-14 02:00:00,6005.057,6005.818,5997.84,5999.262
1757818800,2025-09-14 03:00:00,5999.061,6002.755,5990.12,5993.136
1757822400,2025-09-14 04:00:00,5993.066,5996.152,5985.567,5995.179
1757826000,2025-09-14 05:00:00,5994.981,5996.506,5991.195,5995.102
1757829600,2025-09-14 06:00:00,5995.151,5998.559,5990.367,5996.727
1757833200,2025-09-14 07:00:00,5996.909,5998.02,5974.297,5974.623
1757836800,2025-09-14 08:00:00,5974.751,5980.715,5970.879,5972.598
1757840400,2025-09-14 09:00:00,5972.701,5975.221,5963.898,5973.144
1757844000,2025-09-14 10:00:00,5973.411,5975.081,5967.812,5972.65
1757847600,2025-09-14 11:00:00,5972.843,5980.614,5972.015,5979.086
1757851200,2025-09-14 12:00:00,5979.015,5993.382,5977.431,5991.162
1757854800,2025-09-14 13:00:00,5991.144,5993.542,5985.579,5990.487
1757858400,2025-09-14 14:00:00,5990.536,5996.068,5985.53,5986.718
1757862000,2025-09-14 15:00:00,5986.725,5989.059,5969.592,5969.71
1757865600,2025-09-14 16:00:00,5969.716,5971.451,5965.467,5968.104
1757869200,2025-09-14 17:00:00,5967.804,5971.011,5960.826,5968.304
1757872800,2025-09-14 18:00:00,5968.173,5969.584,5961.877,5968.091
1757876400,2025-09-14 19:00:00,5968.094,5969.977,5962.984,5965.255
1757880000,2025-09-14 20:00:00,5965.426,5970.05,5958.185,5967.728
1757883600,2025-09-14 21:00:00,5967.914,5971.508,5963.065,5970.426
1757887200,2025-09-14 22:00:00,5970.642,5971.217,5955.481,5956.283
1757890800,2025-09-14 23:00:00,5956.192,5956.384,5944.792,5949.355
1757894400,2025-09-15 00:00:00,5949.477,5950.32,5937.311,5940.944
1757898000,2025-09-15 01:00:00,5940.84,5947.943,5937.46,5945.269
1757901600,2025-09-15 02:00:00,5945.201,5958.137,5945.198,5951.084
1757905200,2025-09-15 03:00:00,5950.984,5957.65,5947.793,5950.091
1757908800,2025-09-15 04:00:00,5950.234,5951.885,5943.062,5950.692
1757912400,2025-09-15 05:00:00,5950.856,5953.7,5940.467,5940.745
1757916000,2025-09-15 06:00:00,5940.575,5942.44,5933.579,5935.764
1757919600,2025-09-15 07:00:00,5935.771,5937.193,5918.733,5918.799
1757923200,2025-09-15 08:00:00,5918.724,5923.174,5910.692,5922.624
1757926800,2025-09-15 09:00:00,5922.502,5927.175,5918.016,5922.383
1757930400,2025-09-15 10:00:00,5922.342,5927.538,5917.879,5919.496
1757934000,2025-09-15 11:00:00,5919.509,5928.175,5919.093,5927.868
1757937600,2025-09-15 12:00:00,5927.766,5931.877,5924.782,5927.948
1757941200,2025-09-15 13:00:00,5928.193,5933.811,5923.011,5933.304
1757944800,2025-09-15 14:00:00,5933.271,5934.857,5928.576,5930.282
1757948400,2025-09-15 15:00:00,5930.183,5933.162,5924.536,5926.928
1757952000,2025-09-15 16:00:00,5926.826,5929.425,5919.915,5924.814
1757955600,2025-09-15 17:00:00,5924.721,5930.304,5922.417,5926.143
1757959200,2025-09-15 18:00:00,5926.156,5927.941,5918.533,5926.039
1757962800,2025-09-15 19:00:00,5926.097,5927.498,5921.381,5925.633
1757966400,2025-09-15 20:00:00,5925.822,5932.813,5924.662,5925.672
1757970000,2025-09-15 21:00:00,5925.764,5928.555,5920.351,5922.127
1757973600,2025-09-15 22:00:00,5922.157,5924.832,5912.035,5913.146
1757977200,2025-09-15 23:00:00,5913.055,5922.774,5912.902,5918.77
1757980800,2025-09-16 00:00:00,5918.892,5933.933,5918.644,5933.032
1757984400,2025-09-16 01:00:00,5933.189,5935.126,5925.704,5926.18
1757988000,2025-09-16 02:00:00,5925.897,5933.784,5924.441,5928.805
1757991600,2025-09-16 03:00:00,5928.932,5939.097,5928.51,5934.315
1757995200,2025-09-16 04:00:00,5934.453,5941.63,5932.368,5941.296
1757998800,2025-09-16 05:00:00,5941.137,5946.748,5938.761,5944.758
1758002400,2025-09-16 06:00:00,5944.795,5946.53,5938.964,5944.866
1758006000,2025-09-16 07:00:00,5944.966,5946.66,5939.608,5940.447
1758009600,2025-09-16 08:00:00,5940.41,5941.631,5934.415,5938.589
1758013200,2025-09-16 09:00:00,5938.526,5940.164,5931.95,5935.424
1758016800,2025-09-16 10:00:00,5935.387,5941.326,5934.418,5940.378
1758020400,2025-09-16 11:00:00,5940.463,5949.916,5939.157,5948.602
1758024000,2025-09-16 12:00:00,5948.704,5952.253,5943.854,5944.354
1758027600,2025-09-16 13:00:00,5944.27,5949.017,5939.795,5944.781
1758031200,2025-09-16 14:00:00,5944.996,5946.694,5938.125,5939.728
1758034800,2025-09-16 15:00:00,5939.704,5940.068,5927.52,5928.939
1758038400,2025-09-16 16:00:00,5929.084,5933.557,5925.091,5933.442
1758042000,2025-09-16 17:00:00,5933.742,5938.445,5928.153,5930.217
1758045600,2025-09-16 18:00:00,5930.225,5935.766,5925.442,5934.296
1758049200,2025-09-16 19:00:00,5934.232,5938.529,5930.432,5935.989
1758052800,2025-09-16 20:00:00,5936.225,5937.372,5931.896,5933.411
1758056400,2025-09-16 21:00:00,5933.18,5933.495,5927.403,5929.055
1758060000,2025-09-16 22:00:00,5929.16,5935.092,5922.851,5925.676
1758063600,2025-09-16 23:00:00,5925.672,5931.599,5919.501,5923.017
1758067200,2025-09-17 00:00:00,5922.941,5924.829,5912.738,5919.516
1758070800,2025-09-17 01:00:00,5919.521,5922.551,5915.497,5921.876
1758074400,2025-09-17 02:00:00,5921.925,5923.445,5914.266,5919.408
1758078000,2025-09-17 03:00:00,5919.472,5923.53,5917.213,5920.864
1758081600,2025-09-17 04:00:00,5920.908,5926.099,5913.573,5914.878
1758085200,2025-09-17 05:00:00,5915.056,5926.119,5914.52,5923.263
1758088800,2025-09-17 06:00:00,5923.536,5926.881,5918.967,5919.255
1758092400,2025-09-17 07:00:00,5919.307,5921.202,5901.17,5901.25
1758096000,2025-09-17 08:00:00,5901.259,5907.833,5901.099,5904.556
1758099600,2025-09-17 09:00:00,5904.707,5906.797,5892.985,5900.422
1758103200,2025-09-17 10:00:00,5900.214,5902.22,5889.665,5890.351
1758106800,2025-09-17 11:00:00,5890.409,5893.676,5885.66,5892.781
1758110400,2025-09-17 12:00:00,5893.04,5893.895,5888.255,5892.125
1758114000,2025-09-17 13:00:00,5892.115,5893.277,5885.015,5888.438
1758117600,2025-09-17 14:00:00,5888.489,5889.951,5877.049,5877.237
1758121200,2025-09-17 15:00:00,5877.524,5878.047,5869.674,5877.857
1758124800,2025-09-17 16:00:00,5877.952,5881.856,5875.293,5878.983
1758128400,2025-09-17 17:00:00,5878.9,5884.582,5875.728,5883.284
1758132000,2025-09-17 18:00:00,5883.284,5891.936,5883.235,5886.256
1758135600,2025-09-17 19:00:00,5886.37,5889.157,5873.063,5873.715
1758139200,2025-09-17 20:00:00,5873.693,5875.1,5865.788,5867.102
1758142800,2025-09-17 21:00:00,5867.151,5870.313,5860.792,5866.832
1758146400,2025-09-17 22:00:00,5866.726,5875.178,5865.859,5868.189
1758150000,2025-09-17 23:00:00,5868.066,5874.566,5866.625,5873.406
1758153600,2025-09-18 00:00:00,5873.405,5873.912,5868.512,5871.8
1758157200,2025-09-18 01:00:00,5871.833,5872.497,5863.178,5863.231
1758160800,2025-09-18 02:00:00,5863.317,5874.322,5861.123,5873.742
1758164400,2025-09-18 03:00:00,5873.86,5877.591,5872.614,5874.456
1758168000,2025-09-18 04:00:00,5874.694,5887.341,5873.139,5886.363
1758171600,2025-09-18 05:00:00,5886.282,5887.908,5879.426,5881.394
1758175200,2025-09-18 06:00:00,5881.433,5883.388,5873.054,5875.716
1758178800,2025-09-18 07:00:00,5876.034,5880.382,5872.256,5875.52
1758182400,2025-09-18 08:00:00,5875.456,5876.663,5866.562,5876.663
1758186000,2025-09-18 09:00:00,5877.018,5891.139,5877.018,5890.172
1758189600,2025-09-18 10:00:00,5890.155,5893.055,5874.501,5876.02
1758193200,2025-09-18 11:00:00,5876.068,5877.112,5867.448,5872.132
1758196800,2025-09-18 12:00:00,5872.331,5873.891,5866.856,5873.69
1758200400,2025-09-18 13:00:00,5873.635,5879.48,5873.166,5874.345
1758204000,2025-09-18 14:00:00,5874.327,5878.968,5870.153,5872.156
1758207600,2025-09-18 15:00:00,5872.146,5876.945,5870.721,5875.013
1758211200,2025-09-18 16:00:00,5875.093,5880.687,5873.257,5873.866
1758214800,2025-09-18 17:00:00,5874.029,5876.465,5863.005,5865.945
1758218400,2025-09-18 18:00:00,5865.808,5870.596,5863.876,5864.757
1758222000,2025-09-18 19:00:00,5864.771,5875.578,5863.386,5871.612
1758225600,2025-09-18 20:00:00,5871.526,5879.361,5871.508,5879.308
1758229200,2025-09-18 21:00:00,5879.251,5890.75,5878.15,5886.926
1758232800,2025-09-18 22:00:00,5886.955,5890.123,5883.046,5888.363
1758236400,2025-09-18 23:00:00,5888.479,5898.09,5886.063,5890.623
1758240000,2025-09-19 00:00:00,5890.741,5897.329,5888.923,5890.321
1758243600,2025-09-19 01:00:00,5890.579,5897.842,5890.063,5896.781
1758247200,2025-09-19 02:00:00,5896.905,5905.12,5896.189,5898.647
1758250800,2025-09-19 03:00:00,5898.517,5900.393,5892.295,5898.512
1758254400,2025-09-19 04:00:00,5898.489,5904.746,5895.367,5903.94
1758258000,2025-09-19 05:00:00,5903.867,5904.131,5898.751,5900.381
1758261600,2025-09-19 06:00:00,5893.808,5903.929,5891.774,5901.543
1758265200,2025-09-19 07:00:00,5901.503,5903.831,5895.79,5897.149
1758268800,2025-09-19 08:00:00,5896.981,5911.182,5895.144,5910.019
1758272400,2025-09-19 09:00:00,5910.046,5915.701,5906.646,5909.682
1758276000,2025-09-19 10:00:00,5909.824,5914.972,5905.669,5912.657
1758279600,2025-09-19 11:00:00,5912.377,5916.954,5907.908,5910.126
1758283200,2025-09-19 12:00:00,5910.234,5917.921,5909.99,5911.654
1758286800,2025-09-19 13:00:00,5911.704,5918.403,5909.536,5914.533
1758290400,2025-09-19 14:00:00,5914.564,5924.79,5914.439,5921.252
1758294000,2025-09-19 15:00:00,5921.27,5925.058,5911.766,5915.423
1758297600,2025-09-19 16:00:00,5915.538,5922.439,5914.276,5922.271
1758301200,2025-09-19 17:00:00,5922.352,5923.995,5913.722,5913.722
1758304800,2025-09-19 18:00:00,5913.517,5921.615,5911.746,5921.389
1758308400,2025-09-19 19:00:00,5921.282,5924.188,5917.575,5923.433
1758312000,2025-09-19 20:00:00,5923.411,5929.292,5922.472,5928.333
1758315600,2025-09-19 21:00:00,5928.419,5930.273,5920.281,5922.857
1758319200,2025-09-19 22:00:00,5922.847,5925.513,5916.412,5921.349
1758322800,2025-09-19 23:00:00,5921.489,5927.549,5918.568,5919.345
1758326400,2025-09-20 00:00:00,5919.073,5925.871,5915.177,5921.816
1758330000,2025-09-20 01:00:00,5921.728,5928.455,5917.585,5926.722
1758333600,2025-09-20 02:00:00,5926.817,5930.394,5925.02,5927.845
1758337200,2025-09-20 03:00:00,5928.126,5928.717,5918.394,5919.816
1758340800,2025-09-20 04:00:00,5919.882,5920.784,5912.123,5913.926
1758344400,2025-09-20 05:00:00,5913.714,5922.101,5913.534,5915.958
1758348000,2025-09-20 06:00:00,5915.891,5920.202,5914.348,5916.036
1758351600,2025-09-20 07:00:00,5916.271,5922.347,5914.885,5916.035
1758355200,2025-09-20 08:00:00,5915.966,5920.225,5910.931,5912.614
1758358800,2025-09-20 09:00:00,5912.753,5915.538,5905.892,5907.676
1758362400,2025-09-20 10:00:00,5907.735,5913.486,5907.405,5912.009
1758366000,2025-09-20 11:00:00,5911.736,5912.29,5904.073,5908.887
1758369600,2025-09-20 12:00:00,5908.955,5909.261,5903.842,5904.928
1758373200,2025-09-20 13:00:00,5904.794,5906.642,5898.56,5899.547
1758376800,2025-09-20 14:00:00,5899.554,5902.46,5889.975,5891.6
1758380400,2025-09-20 15:00:00,5891.583,5894.703,5880.165,5880.314
1758384000,2025-09-20 16:00:00,5880.509,5891.534,5880.17,5891.269
1758387600,2025-09-20 17:00:00,5891.304,5893.221,5885.302,5888.731
1758391200,2025-09-20 18:00:00,5888.566,5893.199,5887.446,5889.807
1758394800,2025-09-20 19:00:00,5889.53,5890.796,5880.424,5888.185
1758398400,2025-09-20 20:00:00,5888.235,5892.074,5881.348,5891.082
1758402000,2025-09-20 21:00:00,5890.809,5893.563,5883.964,5886.032
1758405600,2025-09-20 22:00:00,5885.869,5886.753,5872.301,5875.67
1758409200,2025-09-20 23:00:00,5875.689,5877.83,5871.93,5872.802
1758412800,2025-09-21 00:00:00,5872.608,5887.55,5870.302,5885.803
1758416400,2025-09-21 01:00:00,5885.464,5888.822,5873.276,5877.212
1758420000,2025-09-21 02:00:00,5876.905,5881.052,5874.65,5880.573
1758423600,2025-09-21 03:00:00,5880.449,5881.975,5870.134,5872.135
1758427200,2025-09-21 04:00:00,5872.281,5882.23,5869.226,5880.247
1758430800,2025-09-21 05:00:00,5880.156,5889.82,5879.591,5888.788
1758434400,2025-09-21 06:00:00,5888.83,5888.83,5878.312,5878.312
1758438000,2025-09-21 07:00:00,5878.496,5882.47,5872.916,5874.366
1758441600,2025-09-21 08:00:00,5874.37,5876.325,5867.443,5872.119
1758445200,2025-09-21 09:00:00,5872.098,5872.351,5862.633,5866.466
1758448800,2025-09-21 10:00:00,5866.421,5870.316,5863.987,5864.953
1758452400,2025-09-21 11:00:00,5865.237,5869.707,5860.426,5868.393
1758456000,2025-09-21 12:00:00,5868.287,5869.062,5856.956,5859.658
1758459600,2025-09-21 13:00:00,5859.713,5861.939,5852.776,5853.5
1758463200,2025-09-21 14:00:00,5853.395,5858.925,5849.618,5850.745
1758466800,2025-09-21 15:00:00,5850.499,5854.258,5842.891,5844.003
1758470400,2025-09-21 16:00:00,5844.104,5852.149,5842.544,5850.13
1758474000,2025-09-21 17:00:00,5850.234,5850.761,5841.205,5847.523
1758477600,2025-09-21 18:00:00,5847.365,5851.916,5846.25,5848.898
1758481200,2025-09-21 19:00:00,5848.959,5853.351,5847.962,5850.82
1758484800,2025-09-21 20:00:00,5850.715,5858.605,5846.802,5851.645
1758488400,2025-09-21 21:00:00,5851.648,5852.777,5843.339,5844.651
1758492000,2025-09-21 22:00:00,5844.593,5851.413,5842.721,5851.214
1758495600,2025-09-21 23:00:00,5851.003,5859.488,5849.382,5850.634
1758499200,2025-09-22 00:00:00,5850.677,5860.016,5848.996,5859.323
1758502800,2025-09-22 01:00:00,5859.348,5862.208,5853.473,5853.54
1758506400,2025-09-22 02:00:00,5853.623,5860.222,5848.614,5859.902
1758510000,2025-09-22 03:00:00,5859.958,5862.662,5853.376,5857.488
1758513600,2025-09-22 04:00:00,5857.503,5869.027,5855.219,5868.417
1758517200,2025-09-22 05:00:00,5868.5,5873.733,5867.024,5870.852
1758520800,2025-09-22 06:00:00,5870.976,5871.76,5862.088,5863.918
1758524400,2025-09-22 07:00:00,5863.993,5867.861,5862.651,5865.195
1758528000,2025-09-22 08:00:00,5865.181,5866.456,5855.773,5858.583
1758531600,2025-09-22 09:00:00,5858.644,5863.862,5855.844,5858.214
1758535200,2025-09-22 10:00:00,5858.307,5861.005,5851.401,5852.909
1758538800,2025-09-22 11:00:00,5852.849,5856.971,5847.776,5856.576
1758542400,2025-09-22 12:00:00,5856.809,5858.526,5852.701,5855.576
1758546000,2025-09-22 13:00:00,5855.431,5859.513,5849.529,5853.607
1758549600,2025-09-22 14:00:00,5853.467,5857.379,5850.125,5850.142
1758553200,2025-09-22 15:00:00,5850.304,5854.866,5843.441,5848.169
1758556800,2025-09-22 16:00:00,5848.352,5854.665,5847.101,5850.751
1758560400,2025-09-22 17:00:00,5850.506,5855.507,5847.623,5850.637
1758564000,2025-09-22 18:00:00,5850.432,5861.414,5849.564,5857.474
1758567600,2025-09-22 19:00:00,5857.473,5861.895,5855.983,5858.525
1758571200,2025-09-22 20:00:00,5858.437,5860.361,5850.27,5851.575
1758574800,2025-09-22 21:00:00,5851.776,5855.983,5848.254,5852.273
1758578400,2025-09-22 22:00:00,5852.266,5859.039,5850.833,5858.562
1758582000,2025-09-22 23:00:00,5858.785,5862.395,5852.387,5860.405
1758585600,2025-09-23 00:00:00,5860.389,5869.91,5854.897,5866.032
1758589200,2025-09-23 01:00:00,5866.127,5871.094,5863.507,5864.493
1758592800,2025-09-23 02:00:00,5864.638,5867.15,5861.047,5863.485
1758596400,2025-09-23 03:00:00,5863.59,5869.377,5860.564,5866.725
1758600000,2025-09-23 04:00:00,5866.689,5867.271,5858.032,5861.236
1758603600,2025-09-23 05:00:00,5861.042,5867.685,5857.473,5866.773
1758607200,2025-09-23 06:00:00,5867.097,5867.623,5859.055,5863.183
1758610800,2025-09-23 07:00:00,5863.034,5867.729,5856.767,5861.103
1758614400,2025-09-23 08:00:00,5861.278,5865.641,5857.422,5864.175
1758618000,2025-09-23 09:00:00,5864.26,5865.532,5854.903,5858.551
1758621600,2025-09-23 10:00:00,5858.574,5859.565,5846.197,5851.862
1758625200,2025-09-23 11:00:00,5851.659,5853.515,5845.33,5851.364
1758628800,2025-09-23 12:00:00,5851.174,5854.309,5844.828,5848.894
1758632400,2025-09-23 13:00:00,5848.99,5860.287,5848.383,5852.759
1758636000,2025-09-23 14:00:00,5852.651,5857.163,5846.414,5857.154
1758639600,2025-09-23 15:00:00,5857.034,5863.023,5853.392,5860.113
1758643200,2025-09-23 16:00:00,5860.059,5861.92,5852.543,5857.529
1758646800,2025-09-23 17:00:00,5857.582,5862.738,5854.755,5858.608
1758650400,2025-09-23 18:00:00,5858.358,5864.867,5854.407,5864.582
1758654000,2025-09-23 19:00:00,5864.669,5870.95,5861.099,5866.923
1758657600,2025-09-23 20:00:00,5866.892,5875.427,5865.448,5873.449
1758661200,2025-09-23 21:00:00,5873.419,5883.962,5868.353,5880.8
1758664800,2025-09-23 22:00:00,5880.554,5882.722,5873.373,5873.949
1758668400,2025-09-23 23:00:00,5873.926,5876.135,5864.289,5865.984
1758672000,2025-09-24 00:00:00,5865.958,5871.65,5865.572,5867.417
1758675600,2025-09-24 01:00:00,5867.527,5871.751,5864.186,5867.359
1758679200,2025-09-24 02:00:00,5867.377,5875.007,5863.874,5872.706
1758682800,2025-09-24 03:00:00,5872.706,5873.228,5862.872,5863.945
1758686400,2025-09-24 04:00:00,5863.782,5869.291,5858.206,5861.094
1758690000,2025-09-24 05:00:00,5861.159,5867.538,5858.575,5861.365
1758693600,2025-09-24 06:00:00,5861.382,5864.135,5852.102,5852.102
1758697200,2025-09-24 07:00:00,5852.319,5860.875,5848.95,5858.281
1758700800,2025-09-24 08:00:00,5858.22,5862.237,5855.184,5856.471
1758704400,2025-09-24 09:00:00,5856.388,5858.3,5845.458,5849.231
1758708000,2025-09-24 10:00:00,5849.14,5850.998,5843.465,5845.094
1758711600,2025-09-24 11:00:00,5845.177,5846.649,5836.957,5841.802
1758715200,2025-09-24 12:00:00,5841.516,5841.516,5826.71,5829.384
1758718800,2025-09-24 13:00:00,5829.441,5830.319,5820.323,5827.496
1758722400,2025-09-24 14:00:00,5827.464,5828.61,5822.418,5825.52
1758726000,2025-09-24 15:00:00,5825.428,5832.567,5820.35,5830.029
1758729600,2025-09-24 16:00:00,5830.219,5837.891,5829.561,5833.563
1758733200,2025-09-24 17:00:00,5833.667,5844.566,5831.546,5844.146
1758736800,2025-09-24 18:00:00,5844.227,5852.215,5843.668,5847.274
1758740400,2025-09-24 19:00:00,5847.236,5855.697,5844.643,5854.759
1758744000,2025-09-24 20:00:00,5854.713,5857.713,5849.079,5850.605
1758747600,2025-09-24 21:00:00,5850.676,5857.877,5849.153,5854.904
1758751200,2025-09-24 22:00:00,5854.854,5858.817,5848.91,5858.769
1758754800,2025-09-24 23:00:00,5858.543,5859.078,5850.972,5856.613
1758758400,2025-09-25 00:00:00,5856.545,5863.869,5855.057,5861.469
1758762000,2025-09-25 01:00:00,5861.242,5861.834,5848.75,5849.835
1758765600,2025-09-25 02:00:00,5849.784,5851.468,5839.938,5848.392
1758769200,2025-09-25 03:00:00,5848.576,5862.349,5848.576,5859.617
1758772800,2025-09-25 04:00:00,5859.793,5865.073,5858.101,5863.45
1758776400,2025-09-25 05:00:00,5863.293,5874.395,5863.143,5872.777
1758780000,2025-09-25 06:00:00,5872.921,5881.751,5872.105,5880.09
1758783600,2025-09-25 07:00:00,5879.876,5886.38,5874.672,5883.821
1758787200,2025-09-25 08:00:00,5883.92,5894.723,5881.108,5894.413
1758790800,2025-09-25 09:00:00,5894.373,5894.573,5882.38,5886.008
1758794400,2025-09-25 10:00:00,5885.946,5896.898,5881.209,5893.813
1758798000,2025-09-25 11:00:00,5893.859,5900.084,5893.859,5896.231
1758801600,2025-09-25 12:00:00,5896.254,5904.899,5894.651,5900.912
1758805200,2025-09-25 13:00:00,5900.666,5900.824,5888.788,5889.23
1758808800,2025-09-25 14:00:00,5889.349,5893.894,5880.732,5886.237
1758812400,2025-09-25 15:00:00,5886.211,5892.976,5882.066,5889.61
1758816000,2025-09-25 16:00:00,5889.57,5894.428,5885.743,5893.984
1758819600,2025-09-25 17:00:00,5894.062,5904.419,5892.943,5903.219
1758823200,2025-09-25 18:00:00,5902.957,5906.557,5898.451,5902.187
1758826800,2025-09-25 19:00:00,5901.944,5914.524,5898.963,5913.378
1758830400,2025-09-25 20:00:00,5913.54,5915.174,5907.265,5908.02
1758834000,2025-09-25 21:00:00,5908.092,5918.682,5906.164,5917.475
1758837600,2025-09-25 22:00:00,5917.503,5922.519,5914.953,5920.56
1758841200,2025-09-25 23:00:00,5920.656,5927.683,5918.415,5927.255
1758844800,2025-09-26 00:00:00,5927.057,5927.964,5911.349,5911.834
1758848400,2025-09-26 01:00:00,5911.715,5918.906,5910.674,5916.768
1758852000,2025-09-26 02:00:00,5916.786,5919.704,5903.163,5906.141
1758855600,2025-09-26 03:00:00,5906.275,5908.822,5900.771,5904.99
1758859200,2025-09-26 04:00:00,5905.012,5912.771,5902.495,5908.208
1758862800,2025-09-26 05:00:00,5908.333,5912.189,5901.65,5902.277
1758866400,2025-09-26 06:00:00,5902.24,5906.214,5897.508,5898.003
1758870000,2025-09-26 07:00:00,5898.295,5899.538,5891.517,5895.027
1758873600,2025-09-26 08:00:00,5895.032,5897.122,5890.634,5892.704
1758877200,2025-09-26 09:00:00,5892.954,5893.639,5884.183,5885.182
1758880800,2025-09-26 10:00:00,5885.308,5891.331,5875.783,5876.221
1758884400,2025-09-26 11:00:00,5876.204,5878.626,5867.379,5872.618
1758888000,2025-09-26 12:00:00,5872.445,5873.955,5863.246,5863.946
1758891600,2025-09-26 13:00:00,5863.804,5872.785,5860.949,5870.053
1758895200,2025-09-26 14:00:00,5869.695,5874.639,5862.659,5874.041
1758898800,2025-09-26 15:00:00,5873.946,5875.505,5866.637,5868.69
1758902400,2025-09-26 16:00:00,5868.642,5871.821,5861.498,5868.843
1758906000,2025-09-26 17:00:00,5868.688,5875.062,5868.407,5870.616
1758909600,2025-09-26 18:00:00,5870.563,5877.02,5868.74,5875.072
1758913200,2025-09-26 19:00:00,5875.079,5876.713,5866.823,5870.487
1758916800,2025-09-26 20:00:00,5870.842,5872.293,5862.377,5869.234
1758920400,2025-09-26 21:00:00,5869.129,5872.945,5866.875,5869.889
1758924000,2025-09-26 22:00:00,5869.919,5874.23,5864.62,5867
1758927600,2025-09-26 23:00:00,5866.85,5870.815,5864.669,5868.057
1758931200,2025-09-27 00:00:00,5868.045,5872.056,5863.419,5865.984
1758934800,2025-09-27 01:00:00,5865.912,5869.626,5852.523,5856.03
1758938400,2025-09-27 02:00:00,5856.13,5856.13,5847.526,5849.851
1758942000,2025-09-27 03:00:00,5849.906,5859.85,5849.853,5855.727
1758945600,2025-09-27 04:00:00,5855.572,5859,5850.995,5855.511
1758949200,2025-09-27 05:00:00,5855.334,5857.028,5840.74,5842.19
1758952800,2025-09-27 06:00:00,5842.224,5853.157,5841.825,5849.351
1758956400,2025-09-27 07:00:00,5849.424,5856.268,5845.145,5856.268
1758960000,2025-09-27 08:00:00,5856.099,5857.904,5844.56,5851.879
1758963600,2025-09-27 09:00:00,5851.78,5862.275,5849.752,5859.565
1758967200,2025-09-27 10:00:00,5859.755,5863.372,5854.319,5856.793
1758970800,2025-09-27 11:00:00,5856.685,5860.568,5854.733,5858.726
1758974400,2025-09-27 12:00:00,5858.747,5873.797,5857.195,5873.079
1758978000,2025-09-27 13:00:00,5873.042,5876.695,5871.369,5872.526
1758981600,2025-09-27 14:00:00,5872.613,5872.975,5862.854,5864.242
1758985200,2025-09-27 15:00:00,5864.236,5864.433,5857.948,5859.82
1758988800,2025-09-27 16:00:00,5859.935,5865.825,5856.604,5861.523
1758992400,2025-09-27 17:00:00,5861.729,5861.729,5849.578,5856.975
1758996000,2025-09-27 18:00:00,5856.855,5862.64,5855.45,5858.682
1758999600,2025-09-27 19:00:00,5858.766,5861.925,5854.906,5860.737
1759003200,2025-09-27 20:00:00,5860.821,5872.798,5859.507,5871.978
1759006800,2025-09-27 21:00:00,5872.222,5881.006,5870.571,5877.983
1759010400,2025-09-27 22:00:00,5877.871,5879.015,5871.149,5878.054
1759014000,2025-09-27 23:00:00,5877.977,5888.122,5875.582,5885.173
1759017600,2025-09-28 00:00:00,5885.112,5909.332,5882.272,5908.845
1759021200,2025-09-28 01:00:00,5908.715,5911.274,5903.203,5905.479
1759024800,2025-09-28 02:00:00,5905.662,5917.539,5905.662,5915.619
1759028400,2025-09-28 03:00:00,5915.605,5920.719,5913.805,5920.622
1759032000,2025-09-28 04:00:00,5920.755,5928.632,5919.32,5928.24
1759035600,2025-09-28 05:00:00,5928.276,5931.584,5925.549,5929.133
1759039200,2025-09-28 06:00:00,5929.168,5934.206,5924.222,5924.726
1759042800,2025-09-28 07:00:00,5924.734,5924.932,5916.528,5918.304
1759046400,2025-09-28 08:00:00,5918.407,5928.461,5917.95,5922.71
1759050000,2025-09-28 09:00:00,5922.745,5923.519,5913.796,5916.758
1759053600,2025-09-28 10:00:00,5916.769,5927.177,5916.574,5925.453
1759057200,2025-09-28 11:00:00,5925.354,5929.566,5914.933,5916.235
1759060800,2025-09-28 12:00:00,5916.207,5918.125,5906.377,5909.808
1759064400,2025-09-28 13:00:00,5909.692,5911.98,5903.545,5907.713
1759068000,2025-09-28 14:00:00,5907.971,5911.135,5901.863,5910.848
1759071600,2025-09-28 15:00:00,5910.961,5912.077,5903.63,5907.728
1759075200,2025-09-28 16:00:00,5907.881,5910.236,5900.161,5902.546
1759078800,2025-09-28 17:00:00,5902.604,5910.963,5900.916,5910.933
1759082400,2025-09-28 18:00:00,5910.891,5911.404,5900.304,5902.07
1759086000,2025-09-28 19:00:00,5902.253,5911.237,5902.122,5905.412
1759089600,2025-09-28 20:00:00,5905.492,5905.996,5897.068,5901.716
1759093200,2025-09-28 21:00:00,5901.646,5905.98,5898.818,5903.298
1759096800,2025-09-28 22:00:00,5903.289,5904.37,5888.47,5890.286
1759100400,2025-09-28 23:00:00,5890.263,5901.137,5888.921,5898.142
1759104000,2025-09-29 00:00:00,5898.174,5898.241,5882.36,5884.26
1759107600,2025-09-29 01:00:00,5884.414,5885.651,5878.129,5882.596
1759111200,2025-09-29 02:00:00,5882.428,5895.786,5881.542,5890.381
1759114800,2025-09-29 03:00:00,5890.337,5891.303,5883.412,5890.159
1759118400,2025-09-29 04:00:00,5890.164,5891.426,5886.221,5887.402
1759122000,2025-09-29 05:00:00,5887.12,5895.46,5883.567,5893.392
1759125600,2025-09-29 06:00:00,5893.253,5901.637,5891.491,5900.066
1759129200,2025-09-29 07:00:00,5900.061,5907.515,5895.489,5896.803
1759132800,2025-09-29 08:00:00,5896.902,5899.202,5892.153,5893.161
1759136400,2025-09-29 09:00:00,5893.181,5896.122,5887.505,5896.122
1759140000,2025-09-29 10:00:00,5895.759,5903.947,5893.801,5903.815
1759143600,2025-09-29 11:00:00,5903.801,5912.608,5903.023,5908.466
1759147200,2025-09-29 12:00:00,5908.298,5911.16,5899.754,5900.901
1759150800,2025-09-29 13:00:00,5900.872,5912.081,5900.722,5909.42
1759154400,2025-09-29 14:00:00,5909.364,5922.098,5908.015,5920.496
1759158000,2025-09-29 15:00:00,5920.319,5922.21,5910.585,5914.885
1759161600,2025-09-29 16:00:00,5915.099,5921.72,5910.182,5910.95
1759165200,2025-09-29 17:00:00,5910.706,5922.734,5910.485,5920.833
1759168800,2025-09-29 18:00:00,5920.705,5920.705,5908.118,5909.452
1759172400,2025-09-29 19:00:00,5909.575,5911.268,5900.39,5905.617
1759176000,2025-09-29 20:00:00,5905.703,5906.254,5898.588,5902.569
1759179600,2025-09-29 21:00:00,5902.631,5903.66,5890.428,5890.474
1759183200,2025-09-29 22:00:00,5890.385,5890.605,5874.46,5877.396
1759186800,2025-09-29 23:00:00,5877.52,5879.038,5872.24,5873.679
1759190400,2025-09-30 00:00:00,5873.589,5873.863,5862.811,5869.334
1759194000,2025-09-30 01:00:00,5869.367,5881.324,5866.546,5880.252
1759197600,2025-09-30 02:00:00,5880.038,5880.503,5870.255,5873.51
1759201200,2025-09-30 03:00:00,5873.419,5874.361,5865.807,5867.232
1759204800,2025-09-30 04:00:00,5867.198,5867.887,5857.897,5857.897
1759208400,2025-09-30 05:00:00,5857.879,5858.104,5850.757,5852.182
1759212000,2025-09-30 06:00:00,5852.119,5859.132,5851.334,5855.824
1759215600,2025-09-30 07:00:00,5855.745,5865.386,5854.52,5861.371
1759219200,2025-09-30 08:00:00,5861.49,5881.136,5861.018,5877.247
1759222800,2025-09-30 09:00:00,5877.163,5884.223,5876.902,5878.415
1759226400,2025-09-30 10:00:00,5878.194,5887.714,5878.194,5880.742
1759230000,2025-09-30 11:00:00,5880.916,5882.809,5872.032,5878.943
1759233600,2025-09-30 12:00:00,5878.543,5880.682,5871.646,5874.802
1759237200,2025-09-30 13:00:00,5874.984,5877.694,5867.049,5869.358
1759240800,2025-09-30 14:00:00,5869.512,5878.036,5867.799,5876.807
1759244400,2025-09-30 15:00:00,5876.984,5888.127,5875.362,5886.258
1759248000,2025-09-30 16:00:00,5886.298,5886.754,5881.592,5883.232
1759251600,2025-09-30 17:00:00,5883.367,5883.629,5864.693,5867.197
1759255200,2025-09-30 18:00:00,5867.404,5876.056,5866.009,5873.897
1759258800,2025-09-30 19:00:00,5873.623,5878.451,5868.595,5877.636
1759262400,2025-09-30 20:00:00,5877.79,5878.686,5867.866,5870.766
1759266000,2025-09-30 21:00:00,5870.571,5873.808,5867.366,5870.311
1759269600,2025-09-30 22:00:00,5870.402,5877.789,5868.531,5877.772
1759273200,2025-09-30 23:00:00,5877.506,5885.306,5876.144,5882.097
1759276800,2025-10-01 00:00:00,5881.941,5883.414,5877.201,5880.999
1759280400,2025-10-01 01:00:00,5881.168,5881.819,5870.822,5872.675
1759284000,2025-10-01 02:00:00,5872.84,5873.791,5863.403,5866.561
1759287600,2025-10-01 03:00:00,5866.601,5867.68,5860.835,5867.639
1759291200,2025-10-01 04:00:00,5867.726,5869.648,5861.957,5868.924
1759294800,2025-10-01 05:00:00,5868.953,5872.621,5861.703,5867.075
1759298400,2025-10-01 06:00:00,5867.041,5873.375,5864.249,5871.133
1759302000,2025-10-01 07:00:00,5871.088,5871.876,5861.4,5862.5
1759305600,2025-10-01 08:00:00,5862.625,5868.319,5858.713,5865.057
1759309200,2025-10-01 09:00:00,5865,5869.881,5862.84,5865.532
1759312800,2025-10-01 10:00:00,5865.557,5866.178,5859.047,5859.047
1759316400,2025-10-01 11:00:00,5859.337,5860.37,5847.284,5847.974
1759320000,2025-10-01 12:00:00,5848.157,5849.825,5841.319,5841.74
1759323600,2025-10-01 13:00:00,5841.795,5854.037,5839.973,5853.314
1759327200,2025-10-01 14:00:00,5853.267,5856.228,5850.92,5853.731
1759330800,2025-10-01 15:00:00,5853.957,5854.478,5840.073,5841.698
1759334400,2025-10-01 16:00:00,5841.763,5846.054,5840.936,5843.927
1759338000,2025-10-01 17:00:00,5843.943,5843.959,5836.556,5841.635
1759341600,2025-10-01 18:00:00,5841.73,5847.563,5839.383,5844.874
1759345200,2025-10-01 19:00:00,5844.861,5852.357,5842.099,5849.915
1759348800,2025-10-01 20:00:00,5849.703,5857.893,5844.078,5857.893
1759352400,2025-10-01 21:00:00,5858.011,5864.887,5855.242,5861.633
1759356000,2025-10-01 22:00:00,5861.846,5871.662,5861.302,5868.041
1759359600,2025-10-01 23:00:00,5868.25,5875.634,5867.783,5872.098
1759363200,2025-10-02 00:00:00,5872.138,5876.198,5864.243,5875.144
1759366800,2025-10-02 01:00:00,5875.329,5877.55,5865.164,5865.223
1759370400,2025-10-02 02:00:00,5865.222,5872.148,5863.54,5865.024
1759374000,2025-10-02 03:00:00,5865.024,5868.569,5859.945,5862.453
1759377600,2025-10-02 04:00:00,5862.563,5872.682,5862.094,5865.175
1759381200,2025-10-02 05:00:00,5865.228,5868.338,5860.406,5862.872
1759384800,2025-10-02 06:00:00,5862.802,5863.477,5855.032,5857.231
1759388400,2025-10-02 07:00:00,5857.204,5866.472,5856.893,5863.167
1759392000,2025-10-02 08:00:00,5863.19,5865.947,5858.653,5864.52
1759395600,2025-10-02 09:00:00,5864.535,5872.045,5862.416,5871.389
1759399200,2025-10-02 10:00:00,5871.235,5873.586,5865.294,5873.586
1759402800,2025-10-02 11:00:00,5873.513,5877.276,5869.256,5872.26
1759406400,2025-10-02 12:00:00,5872.432,5875.299,5869.726,5874.237
1759410000,2025-10-02 13:00:00,5874.36,5876.533,5868.679,5871.431
1759413600,2025-10-02 14:00:00,5871.299,5873.453,5866.762,5872.351
1759417200,2025-10-02 15:00:00,5872.293,5885.393,5870.55,5881.412
1759420800,2025-10-02 16:00:00,5881.654,5887.942,5880.183,5884.644
1759424400,2025-10-02 17:00:00,5884.499,5900.908,5884.499,5898.271
1759428000,2025-10-02 18:00:00,5898.442,5902.048,5893.332,5897.727
1759431600,2025-10-02 19:00:00,5897.737,5913.472,5893.062,5906.445
1759435200,2025-10-02 20:00:00,5906.637,5910.897,5898.112,5898.503
1759438800,2025-10-02 21:00:00,5898.59,5908.926,5898.134,5905.554
1759442400,2025-10-02 22:00:00,5905.714,5909.714,5900.526,5908.956
1759446000,2025-10-02 23:00:00,5908.874,5916.004,5903.17,5908.811
1759449600,2025-10-03 00:00:00,5909.1,5913.906,5904.535,5911.879
1759453200,2025-10-03 01:00:00,5911.734,5917.134,5909.131,5912.555
1759456800,2025-10-03 02:00:00,5912.563,5918.498,5910.118,5916.001
1759460400,2025-10-03 03:00:00,5916.225,5919.924,5913.416,5917.372
1759464000,2025-10-03 04:00:00,5917.602,5922.53,5915.007,5921.35
1759467600,2025-10-03 05:00:00,5921.242,5922.599,5914.845,5920.928
1759471200,2025-10-03 06:00:00,5920.62,5933.286,5917.758,5932.736
1759474800,2025-10-03 07:00:00,5932.719,5941.124,5930.006,5939.125
1759478400,2025-10-03 08:00:00,5939.043,5940.458,5928.95,5930.775
1759482000,2025-10-03 09:00:00,5930.886,5932.258,5923.107,5927.289
1759485600,2025-10-03 10:00:00,5927.304,5931.415,5922.129,5923.733
1759489200,2025-10-03 11:00:00,5923.674,5933.528,5918.936,5933.512
1759492800,2025-10-03 12:00:00,5933.834,5936.262,5927.039,5927.418
1759496400,2025-10-03 13:00:00,5927.289,5930.78,5923.348,5927.979
1759500000,2025-10-03 14:00:00,5927.761,5928.881,5920.31,5925.306
1759503600,2025-10-03 15:00:00,5925.135,5930.536,5923.188,5927.147
1759507200,2025-10-03 16:00:00,5926.812,5933.511,5926.045,5931.587
1759510800,2025-10-03 17:00:00,5931.644,5939.853,5929.782,5939.853
1759514400,2025-10-03 18:00:00,5939.791,5939.888,5928.85,5936.17
1759518000,2025-10-03 19:00:00,5936.17,5936.585,5929.3,5932.099
1759521600,2025-10-03 20:00:00,5932.231,5941.317,5931.961,5935.659
1759525200,2025-10-03 21:00:00,5935.751,5945.843,5932,5940.307
1759528800,2025-10-03 22:00:00,5940.226,5942.517,5933.435,5933.463
1759532400,2025-10-03 23:00:00,5933.43,5939.241,5930.996,5938.322
1759536000,2025-10-04 00:00:00,5938.502,5943.192,5932.291,5932.299
1759539600,2025-10-04 01:00:00,5931.907,5935.544,5925.335,5930.418
1759543200,2025-10-04 02:00:00,5930.388,5943.954,5930.148,5935.899
1759546800,2025-10-04 03:00:00,5936.039,5945.436,5934.848,5938.348
1759550400,2025-10-04 04:00:00,5938.187,5948.264,5937.85,5943.566
1759554000,2025-10-04 05:00:00,5943.315,5955.056,5938.636,5954.595
1759557600,2025-10-04 06:00:00,5954.671,5961.621,5952.747,5954.012
1759561200,2025-10-04 07:00:00,5954.172,5964.703,5953.181,5961.585
1759564800,2025-10-04 08:00:00,5961.516,5965.953,5958.879,5965.557
1759568400,2025-10-04 09:00:00,5965.421,5965.421,5954.843,5960.086
1759572000,2025-10-04 10:00:00,5960.079,5967.906,5957.935,5967.359
1759575600,2025-10-04 11:00:00,5967.267,5970.405,5964.87,5967.414
1759579200,2025-10-04 12:00:00,5967.554,5970.118,5963.874,5966.896
1759582800,2025-10-04 13:00:00,5966.907,5969.954,5962.167,5962.904
1759586400,2025-10-04 14:00:00,5962.894,5969.238,5960.087,5960.129
1759590000,2025-10-04 15:00:00,5959.998,5970.424,5959.446,5967.725
1759593600,2025-10-04 16:00:00,5967.563,5972.67,5963.752,5965.081
1759597200,2025-10-04 17:00:00,5964.952,5969.413,5957.245,5963.109
1759600800,2025-10-04 18:00:00,5963.071,5965.798,5957.774,5959.102
1759604400,2025-10-04 19:00:00,5958.998,5962.788,5955.579,5960.786
1759608000,2025-10-04 20:00:00,5960.941,5961.71,5952.813,5958.187
1759611600,2025-10-04 21:00:00,5957.991,5957.997,5946.164,5952.238
1759615200,2025-10-04 22:00:00,5952.257,5958.301,5950.081,5956.742
1759618800,2025-10-04 23:00:00,5956.88,5964.595,5954.598,5957.061
1759622400,2025-10-05 00:00:00,5956.767,5959.375,5948.264,5948.39
1759626000,2025-10-05 01:00:00,5948.555,5948.762,5933.856,5934.482
1759629600,2025-10-05 02:00:00,5934.144,5935.617,5928.807,5935.004
1759633200,2025-10-05 03:00:00,5935.022,5935.275,5924.942,5925.567
1759636800,2025-10-05 04:00:00,5925.311,5925.47,5918.724,5920.797
1759640400,2025-10-05 05:00:00,5921.158,5924.326,5913.928,5917.421
1759644000,2025-10-05 06:00:00,5917.132,5925.532,5913.043,5923.606
1759647600,2025-10-05 07:00:00,5923.414,5927.631,5920.245,5926.677
1759651200,2025-10-05 08:00:00,5926.328,5932.993,5926.064,5931.5
1759654800,2025-10-05 09:00:00,5931.218,5935.549,5928.104,5932.627
1759658400,2025-10-05 10:00:00,5932.646,5933.842,5924.207,5926.304
1759662000,2025-10-05 11:00:00,5926.396,5931.284,5923.934,5928.685
1759665600,2025-10-05 12:00:00,5928.61,5934.656,5927.032,5929.47
1759669200,2025-10-05 13:00:00,5929.183,5931.718,5925.201,5928.336
1759672800,2025-10-05 14:00:00,5928.642,5931.057,5919.607,5919.753
1759676400,2025-10-05 15:00:00,5919.79,5920.514,5910.007,5916.297
1759680000,2025-10-05 16:00:00,5916.328,5927.33,5915.119,5927.18
1759683600,2025-10-05 17:00:00,5927.144,5931.667,5923.269,5924.633
1759687200,2025-10-05 18:00:00,5924.742,5928.366,5919.649,5920.741
1759690800,2025-10-05 19:00:00,5920.7,5922.744,5914.457,5915.717
1759694400,2025-10-05 20:00:00,5915.879,5916.659,5910.827,5911.004
1759698000,2025-10-05 21:00:00,5910.992,5913.068,5895.29,5896.475
1759701600,2025-10-05 22:00:00,5896.47,5902.685,5894.325,5897.883
1759705200,2025-10-05 23:00:00,5897.967,5898.106,5888.3,5889.001
1759708800,2025-10-06 00:00:00,5888.806,5898.424,5888.383,5898.218
1759712400,2025-10-06 01:00:00,5898.186,5901.095,5892.373,5897.408
1759716000,2025-10-06 02:00:00,5897.712,5907.015,5895.9,5904.018
1759719600,2025-10-06 03:00:00,5904.263,5911.063,5898.1,5908.741
1759723200,2025-10-06 04:00:00,5909.002,5910.57,5901.033,5904.806
1759726800,2025-10-06 05:00:00,5904.943,5907.622,5902.792,5906.277
1759730400,2025-10-06 06:00:00,5906.508,5909.115,5903.369,5906.776
1759734000,2025-10-06 07:00:00,5906.63,5916.029,5906.266,5912.572
1759737600,2025-10-06 08:00:00,5912.477,5914.218,5901.751,5904.69
1759741200,2025-10-06 09:00:00,5904.923,5907.016,5898.584,5902.094
1759744800,2025-10-06 10:00:00,5901.995,5908.237,5895.462,5896.273
1759748400,2025-10-06 11:00:00,5896.368,5901.192,5892.109,5900.037
1759752000,2025-10-06 12:00:00,5899.898,5908.679,5898.264,5907.145
1759755600,2025-10-06 13:00:00,5907.308,5907.436,5899.796,5900.298
1759759200,2025-10-06 14:00:00,5900.241,5901.47,5886.02,5891.133
1759762800,2025-10-06 15:00:00,5891.106,5893.948,5885.826,5888.07
1759766400,2025-10-06 16:00:00,5888.093,5890.597,5885.535,5890.155
1759770000,2025-10-06 17:00:00,5890.116,5893.654,5881.31,5881.399
1759773600,2025-10-06 18:00:00,5881.315,5885.607,5874.573,5883.686
1759777200,2025-10-06 19:00:00,5883.742,5892.657,5881.979,5885.441
1759780800,2025-10-06 20:00:00,5885.535,5894.685,5885.482,5893.767
1759784400,2025-10-06 21:00:00,5893.594,5899.051,5892.048,5896.001
1759788000,2025-10-06 22:00:00,5896.095,5898.891,5888.581,5891.951
1759791600,2025-10-06 23:00:00,5892.084,5898.194,5889.207,5895.103
1759795200,2025-10-07 00:00:00,5895.439,5896.21,5888.415,5892.144
1759798800,2025-10-07 01:00:00,5891.902,5896.329,5886.307,5896.06
1759802400,2025-10-07 02:00:00,5895.933,5902.737,5895.687,5896.388
1759806000,2025-10-07 03:00:00,5896.654,5905.487,5894.749,5901.829
1759809600,2025-10-07 04:00:00,5901.808,5911.585,5900.314,5911.457
1759813200,2025-10-07 05:00:00,5911.271,5917.429,5907.532,5917.236
1759816800,2025-10-07 06:00:00,5917.351,5922.166,5915.044,5918.806
1759820400,2025-10-07 07:00:00,5918.779,5932.901,5918.779,5931.646
1759824000,2025-10-07 08:00:00,5931.831,5935.465,5924.288,5927.084
1759827600,2025-10-07 09:00:00,5926.939,5927.242,5919.961,5927.105
1759831200,2025-10-07 10:00:00,5927.03,5937.926,5925.443,5935.89
1759834800,2025-10-07 11:00:00,5935.858,5938.424,5923.607,5923.648
1759838400,2025-10-07 12:00:00,5923.808,5930.355,5921.73,5925.742
1759842000,2025-10-07 13:00:00,5925.704,5926.875,5908.737,5910.866
1759845600,2025-10-07 14:00:00,5910.942,5911.732,5903.534,5905.069
1759849200,2025-10-07 15:00:00,5904.832,5907.417,5889.849,5890.468
1759852800,2025-10-07 16:00:00,5890.326,5900.366,5888.549,5889.127
1759856400,2025-10-07 17:00:00,5889.003,5896.565,5887.872,5890.257
1759860000,2025-10-07 18:00:00,5890.062,5891.626,5884.469,5889.168
1759863600,2025-10-07 19:00:00,5889.208,5898.707,5887.4,5892.734
1759867200,2025-10-07 20:00:00,5892.522,5896.734,5886.344,5887.735
1759870800,2025-10-07 21:00:00,5887.766,5892.322,5885.082,5887.214
1759874400,2025-10-07 22:00:00,5887.259,5890.551,5884.197,5887.75
1759878000,2025-10-07 23:00:00,5887.858,5889.802,5883.056,5887.428
1759881600,2025-10-08 00:00:00,5887.335,5890.091,5880.03,5882.178
1759885200,2025-10-08 01:00:00,5882.095,5882.893,5871.386,5874.991
1759888800,2025-10-08 02:00:00,5875.052,5883.093,5872.232,5880.574
1759892400,2025-10-08 03:00:00,5880.781,5881.103,5871.842,5875.47
1759896000,2025-10-08 04:00:00,5875.689,5888.663,5871.346,5885.449
1759899600,2025-10-08 05:00:00,5885.549,5886.859,5876.951,5879.378
1759903200,2025-10-08 06:00:00,5879.298,5880.955,5873.137,5875.18
1759906800,2025-10-08 07:00:00,5875.118,5879.45,5872.842,5876.834
1759910400,2025-10-08 08:00:00,5876.624,5881.228,5875.162,5876.592
1759914000,2025-10-08 09:00:00,5876.474,5884.788,5876.055,5878.453
1759917600,2025-10-08 10:00:00,5878.426,5878.7,5863.899,5870.295
1759921200,2025-10-08 11:00:00,5870.043,5870.069,5862.067,5862.671
1759924800,2025-10-08 12:00:00,5862.61,5868.806,5861.972,5867.04
1759928400,2025-10-08 13:00:00,5866.942,5881.109,5866.757,5879.619
1759932000,2025-10-08 14:00:00,5879.654,5880.941,5872.358,5876.208
1759935600,2025-10-08 15:00:00,5875.772,5881.772,5873.254,5881.574
1759939200,2025-10-08 16:00:00,5881.469,5887.209,5881.469,5884.657
1759942800,2025-10-08 17:00:00,5884.861,5886.553,5878.359,5880.972
1759946400,2025-10-08 18:00:00,5881.009,5883.289,5875.296,5877.892
1759950000,2025-10-08 19:00:00,5878.065,5890.473,5877.017,5889.577
1759953600,2025-10-08 20:00:00,5889.604,5889.837,5879.665,5888.634
1759957200,2025-10-08 21:00:00,5888.618,5894.837,5881.999,5894.837
1759960800,2025-10-08 22:00:00,5894.683,5898.022,5882.487,5886.524
1759964400,2025-10-08 23:00:00,5886.445,5887.422,5877.918,5877.918
1759968000,2025-10-09 00:00:00,5877.804,5881.886,5874.012,5874.221
1759971600,2025-10-09 01:00:00,5874.212,5874.212,5863.162,5872.94
1759975200,2025-10-09 02:00:00,5873.064,5874.597,5858.562,5859.223
1759978800,2025-10-09 03:00:00,5859.392,5861.484,5855.601,5858.811
1759982400,2025-10-09 04:00:00,5859.027,5861.396,5853.074,5855.57
1759986000,2025-10-09 05:00:00,5855.567,5861.259,5850.761,5852.19
1759989600,2025-10-09 06:00:00,5852.108,5857.767,5848.233,5849.92
1759993200,2025-10-09 07:00:00,5849.963,5853.96,5844.165,5845.976
1759996800,2025-10-09 08:00:00,5846.093,5848.587,5837.991,5839.478
1760000400,2025-10-09 09:00:00,5839.23,5849.938,5838.398,5849.89
1760004000,2025-10-09 10:00:00,5849.82,5850.308,5835.751,5838.822
1760007600,2025-10-09 11:00:00,5838.75,5846.884,5837.24,5845.404
1760011200,2025-10-09 12:00:00,5845.489,5853.052,5841.121,5850.613
1760014800,2025-10-09 13:00:00,5850.679,5853.03,5844.361,5844.361
1760018400,2025-10-09 14:00:00,5844.189,5851.805,5843.189,5846.476
1760022000,2025-10-09 15:00:00,5846.385,5850.981,5842.431,5843.49
1760025600,2025-10-09 16:00:00,5843.469,5854.294,5839.446,5854.294
1760029200,2025-10-09 17:00:00,5854.154,5863.45,5851.525,5860.339
1760032800,2025-10-09 18:00:00,5860.523,5865.254,5857.816,5863.964
1760036400,2025-10-09 19:00:00,5863.928,5866.762,5857.048,5865.048
1760040000,2025-10-09 20:00:00,5865.12,5866.249,5852.935,5858.193
1760043600,2025-10-09 21:00:00,5857.995,5861.741,5855.237,5860.156
1760047200,2025-10-09 22:00:00,5859.995,5864.152,5856.466,5863.435
1760050800,2025-10-09 23:00:00,5863.307,5868.925,5863.143,5867.73
1760054400,2025-10-10 00:00:00,5867.834,5875.148,5866.988,5868.927
1760058000,2025-10-10 01:00:00,5868.855,5872.821,5865.664,5867.637
1760061600,2025-10-10 02:00:00,5867.273,5871.708,5864.948,5865.541
1760065200,2025-10-10 03:00:00,5865.235,5870.623,5861.086,5865.896
1760068800,2025-10-10 04:00:00,5865.738,5867.903,5858.243,5859.629
1760072400,2025-10-10 05:00:00,5859.669,5859.96,5850.416,5851.985
1760076000,2025-10-10 06:00:00,5852.121,5862.86,5849.001,5862.535
1760079600,2025-10-10 07:00:00,5862.796,5864.669,5853.218,5854.465
1760083200,2025-10-10 08:00:00,5854.484,5857.985,5848.845,5850.1
1760086800,2025-10-10 09:00:00,5849.97,5858.413,5846.571,5853.858
1760090400,2025-10-10 10:00:00,5853.843,5856.892,5843.924,5845.612
1760094000,2025-10-10 11:00:00,5845.659,5848.462,5842.612,5847.378
1760097600,2025-10-10 12:00:00,5847.295,5851.091,5844.742,5848.796
1760101200,2025-10-10 13:00:00,5848.897,5849.242,5836.58,5838.91
1760104800,2025-10-10 14:00:00,5838.784,5840.533,5833.366,5835.778
1760108400,2025-10-10 15:00:00,5835.836,5840.587,5830.65,5837.322
1760112000,2025-10-10 16:00:00,5837.259,5838.706,5825.548,5830.998
1760115600,2025-10-10 17:00:00,5831.169,5836.94,5828.741,5834.593
1760119200,2025-10-10 18:00:00,5834.649,5843.048,5834.348,5840.325
1760122800,2025-10-10 19:00:00,5840.375,5840.888,5828.804,5832.959
1760126400,2025-10-10 20:00:00,5832.93,5849.904,5832.725,5842.403
1760130000,2025-10-10 21:00:00,5842.207,5845.264,5832.804,5839.443
1760133600,2025-10-10 22:00:00,5839.655,5843.569,5835.066,5838.632
1760137200,2025-10-10 23:00:00,5838.8,5840.598,5828.3,5830.896
1760140800,2025-10-11 00:00:00,5830.954,5833.176,5819.59,5822.037
1760144400,2025-10-11 01:00:00,5821.984,5821.984,5809.777,5809.884
1760148000,2025-10-11 02:00:00,5809.671,5811.356,5802.195,5802.309
1760151600,2025-10-11 03:00:00,5802.207,5807.269,5798.814,5799.526
1760155200,2025-10-11 04:00:00,5799.343,5802.276,5787.638,5788.97
1760158800,2025-10-11 05:00:00,5788.992,5792.189,5782.102,5786.224
1760162400,2025-10-11 06:00:00,5786.213,5794.161,5780.068,5794.099
1760166000,2025-10-11 07:00:00,5794.279,5796.197,5786.733,5794.654
1760169600,2025-10-11 08:00:00,5794.326,5802.107,5791.873,5792.693
1760173200,2025-10-11 09:00:00,5792.506,5797.223,5789.049,5790.29
1760176800,2025-10-11 10:00:00,5790.301,5797.314,5786.868,5791.305
1760180400,2025-10-11 11:00:00,5791.254,5793.67,5778.357,5780.477
1760184000,2025-10-11 12:00:00,5780.443,5789.368,5776.725,5788.245
1760187600,2025-10-11 13:00:00,5788.342,5788.651,5779.294,5786.267
1760191200,2025-10-11 14:00:00,5786.381,5790.371,5781.681,5785.752
1760194800,2025-10-11 15:00:00,5785.824,5788.883,5782.272,5784.755
1760198400,2025-10-11 16:00:00,5784.56,5788.473,5776.821,5776.821
1760202000,2025-10-11 17:00:00,5776.808,5778.842,5771.53,5771.987
1760205600,2025-10-11 18:00:00,5771.866,5779.517,5770.311,5772.654
1760209200,2025-10-11 19:00:00,5772.705,5776.928,5770.958,5774.425
1760212800,2025-10-11 20:00:00,5774.67,5779.119,5770.971,5778.251
1760216400,2025-10-11 21:00:00,5778.323,5779.284,5774.32,5774.965
1760220000,2025-10-11 22:00:00,5774.952,5778.599,5773.147,5773.462
1760223600,2025-10-11 23:00:00,5773.421,5778.107,5768.991,5772.088
1760227200,2025-10-12 00:00:00,5772.076,5777.498,5766.652,5771.207
1760230800,2025-10-12 01:00:00,5771.292,5771.682,5759.846,5762.528
1760234400,2025-10-12 02:00:00,5762.614,5763.233,5752.293,5754.112
1760238000,2025-10-12 03:00:00,5753.841,5768.754,5753.519,5766.128
1760241600,2025-10-12 04:00:00,5766.24,5770.343,5762.484,5764.069
1760245200,2025-10-12 05:00:00,5764.193,5767.183,5759.128,5759.709
1760248800,2025-10-12 06:00:00,5759.376,5763.714,5757.193,5762.931
1760252400,2025-10-12 07:00:00,5763.157,5767.281,5751.667,5757.455
1760256000,2025-10-12 08:00:00,5757.546,5761.283,5751.888,5759.059
1760259600,2025-10-12 09:00:00,5758.931,5761.696,5753.274,5757.65
1760263200,2025-10-12 10:00:00,5757.616,5763.657,5754.936,5759.323
1760266800,2025-10-12 11:00:00,5759.086,5760.255,5753.29,5757.299
1760270400,2025-10-12 12:00:00,5757.268,5771.95,5757.268,5769.961
1760274000,2025-10-12 13:00:00,5769.987,5775.88,5767.058,5771.781
1760277600,2025-10-12 14:00:00,5771.845,5787.161,5771.656,5786.344
1760281200,2025-10-12 15:00:00,5786.257,5790.667,5785.551,5788.766
1760284800,2025-10-12 16:00:00,5788.59,5797.506,5788.02,5797.205
1760288400,2025-10-12 17:00:00,5797.153,5800.865,5789.456,5800.385
1760292000,2025-10-12 18:00:00,5800.157,5802.626,5793.621,5798.059
1760295600,2025-10-12 19:00:00,5797.972,5800.262,5790.937,5792.047
1760299200,2025-10-12 20:00:00,5792.326,5792.656,5784.094,5786.489
1760302800,2025-10-12 21:00:00,5786.484,5790.063,5784.683,5789.656
1760306400,2025-10-12 22:00:00,5789.518,5794.149,5786.773,5789.37
1760310000,2025-10-12 23:00:00,5789.266,5792.838,5782.227,5784.202
1760313600,2025-10-13 00:00:00,5784.042,5799.403,5783.783,5797.691
1760317200,2025-10-13 01:00:00,5797.77,5800.165,5791.328,5793.705
1760320800,2025-10-13 02:00:00,5793.659,5795.203,5783.539,5784.066
1760324400,2025-10-13 03:00:00,5783.797,5790.298,5778.929,5784.941
1760328000,2025-10-13 04:00:00,5785.163,5786.678,5780.174,5780.674
1760331600,2025-10-13 05:00:00,5780.627,5784.906,5778.666,5781.615
1760335200,2025-10-13 06:00:00,5781.542,5781.806,5769.481,5776.267
1760338800,2025-10-13 07:00:00,5776.348,5778.907,5773.194,5776.845
1760342400,2025-10-13 08:00:00,5777.2,5790.238,5776.645,5786.957
1760346000,2025-10-13 09:00:00,5787.072,5788.677,5779.782,5785.017
1760349600,2025-10-13 10:00:00,5785.105,5785.923,5775.456,5776.215
1760353200,2025-10-13 11:00:00,5775.873,5782.099,5774.119,5780.223
1760356800,2025-10-13 12:00:00,5780.335,5782.901,5777.423,5779.359
1760360400,2025-10-13 13:00:00,5779.163,5785.209,5777.972,5784.138
1760364000,2025-10-13 14:00:00,5784.298,5790.847,5782.643,5789.765
1760367600,2025-10-13 15:00:00,5789.534,5796.503,5785.216,5793.298
1760371200,2025-10-13 16:00:00,5793.422,5794.314,5786.822,5788.396
1760374800,2025-10-13 17:00:00,5788.455,5794.449,5786.558,5794.449
1760378400,2025-10-13 18:00:00,5794.454,5796.906,5788.147,5788.797
1760382000,2025-10-13 19:00:00,5788.594,5796.576,5786.542,5794.36
1760385600,2025-10-13 20:00:00,5794.274,5804.755,5792.634,5803.092
1760389200,2025-10-13 21:00:00,5803.156,5808.091,5795.582,5799.929
1760392800,2025-10-13 22:00:00,5799.89,5806.266,5796.445,5804.269
1760396400,2025-10-13 23:00:00,5804.378,5807.546,5799.389,5799.632
1760400000,2025-10-14 00:00:00,5799.573,5805.252,5798.147,5802.415
1760403600,2025-10-14 01:00:00,5802.423,5803.307,5788.248,5788.579
1760407200,2025-10-14 02:00:00,5788.59,5788.59,5775.231,5778.225
1760410800,2025-10-14 03:00:00,5778.427,5779.419,5770.834,5770.861
1760414400,2025-10-14 04:00:00,5770.789,5778.793,5765.8,5770.481
1760418000,2025-10-14 05:00:00,5770.558,5772.701,5761.743,5763.173
1760421600,2025-10-14 06:00:00,5763.264,5764.219,5743.894,5744.038
1760425200,2025-10-14 07:00:00,5744.164,5744.164,5731.605,5736.106
1760428800,2025-10-14 08:00:00,5736.304,5738.495,5732.078,5734.713
1760432400,2025-10-14 09:00:00,5734.923,5738.956,5731.439,5732.894
1760436000,2025-10-14 10:00:00,5733.037,5735.337,5728.944,5729.051
1760439600,2025-10-14 11:00:00,5728.88,5732.226,5724.416,5724.627
1760443200,2025-10-14 12:00:00,5724.498,5728.401,5720.39,5720.748
1760446800,2025-10-14 13:00:00,5720.329,5724.555,5715.075,5716.312
1760450400,2025-10-14 14:00:00,5716.433,5717.302,5704.231,5705.9
1760454000,2025-10-14 15:00:00,5706.128,5712.569,5702.279,5702.417
1760457600,2025-10-14 16:00:00,5702.183,5702.815,5695.834,5698.798
1760461200,2025-10-14 17:00:00,5698.781,5700.4,5683.91,5687.516
1760464800,2025-10-14 18:00:00,5687.294,5693.185,5685.294,5687.905
1760468400,2025-10-14 19:00:00,5687.736,5690.284,5671.121,5677.43
1760472000,2025-10-14 20:00:00,5677.324,5679.806,5673.369,5675.8
1760475600,2025-10-14 21:00:00,5675.491,5677.832,5670.778,5671.842
1760479200,2025-10-14 22:00:00,5671.847,5676.983,5662.317,5662.828
1760482800,2025-10-14 23:00:00,5662.671,5671.301,5655.277,5669.748
1760486400,2025-10-15 00:00:00,5669.582,5674.183,5664.959,5666.409
1760490000,2025-10-15 01:00:00,5666.259,5677.826,5664.529,5673.799
1760493600,2025-10-15 02:00:00,5673.683,5684.073,5673.241,5679.782
1760497200,2025-10-15 03:00:00,5679.819,5691.965,5679.073,5683.754
1760500800,2025-10-15 04:00:00,5683.803,5690.794,5677.456,5688.791
1760504400,2025-10-15 05:00:00,5688.627,5694.978,5684.565,5686.863
1760508000,2025-10-15 06:00:00,5687.077,5689.834,5683.286,5688.968
1760511600,2025-10-15 07:00:00,5688.854,5690.738,5682.311,5683.21
1760515200,2025-10-15 08:00:00,5683.343,5690.468,5677.519,5690.468
1760518800,2025-10-15 09:00:00,5690.688,5695.68,5686.192,5695.305
1760522400,2025-10-15 10:00:00,5695.03,5695.989,5686.559,5694.867
1760526000,2025-10-15 11:00:00,5694.979,5695.97,5689.704,5690.707
1760529600,2025-10-15 12:00:00,5690.756,5696.254,5689.028,5695.875
1760533200,2025-10-15 13:00:00,5695.912,5700.428,5691.933,5698.567
1760536800,2025-10-15 14:00:00,5698.354,5700.916,5691.027,5697.812
1760540400,2025-10-15 15:00:00,5697.771,5702.807,5697.628,5702.241
1760544000,2025-10-15 16:00:00,5702.301,5702.922,5691.863,5701.478
1760547600,2025-10-15 17:00:00,5701.441,5713.045,5701.307,5710.024
1760551200,2025-10-15 18:00:00,5709.849,5715.16,5706.754,5708.374
1760554800,2025-10-15 19:00:00,5708.415,5711.138,5705.424,5708.697
1760558400,2025-10-15 20:00:00,5708.609,5712.598,5705.465,5707.953
1760562000,2025-10-15 21:00:00,5707.823,5709.148,5698.568,5700.839
1760565600,2025-10-15 22:00:00,5700.953,5703.698,5696.362,5702.771
1760569200,2025-10-15 23:00:00,5702.878,5704.267,5697.607,5702.064
1760572800,2025-10-16 00:00:00,5702.043,5709.752,5697.598,5702.812
1760576400,2025-10-16 01:00:00,5702.904,5705.347,5698.61,5699.48
1760580000,2025-10-16 02:00:00,5699.896,5707.414,5697.516,5707.399
1760583600,2025-10-16 03:00:00,5707.447,5709.75,5696.767,5704.802
1760587200,2025-10-16 04:00:00,5704.803,5704.803,5696.654,5697.298
1760590800,2025-10-16 05:00:00,5697.283,5704.112,5696.529,5697.656
1760594400,2025-10-16 06:00:00,5697.479,5700.653,5694.536,5694.738
1760598000,2025-10-16 07:00:00,5694.787,5703.024,5691.555,5691.555
1760601600,2025-10-16 08:00:00,5691.706,5704.657,5689.756,5699.092
1760605200,2025-10-16 09:00:00,5699.2,5700.591,5691.347,5696.057
1760608800,2025-10-16 10:00:00,5696.026,5703.63,5690.078,5690.293
1760612400,2025-10-16 11:00:00,5690.141,5697.345,5686.81,5690.833
1760616000,2025-10-16 12:00:00,5690.773,5690.868,5682.99,5684.488
1760619600,2025-10-16 13:00:00,5684.395,5694.039,5678.949,5693.606
1760623200,2025-10-16 14:00:00,5693.489,5700.787,5688.55,5689.894
1760626800,2025-10-16 15:00:00,5690.203,5693.888,5687.53,5692.278
1760630400,2025-10-16 16:00:00,5692.308,5693.388,5681.598,5683.228
1760634000,2025-10-16 17:00:00,5682.927,5687.499,5680.153,5686.659
1760637600,2025-10-16 18:00:00,5686.49,5694.744,5686.443,5692.804
1760641200,2025-10-16 19:00:00,5692.675,5697.181,5688.876,5689.503
1760644800,2025-10-16 20:00:00,5689.346,5695.275,5687.685,5691.829
1760648400,2025-10-16 21:00:00,5691.635,5695.735,5681.361,5685.389
1760652000,2025-10-16 22:00:00,5685.592,5687.701,5679.834,5680.583
1760655600,2025-10-16 23:00:00,5680.472,5684.59,5673.954,5678.362
1760659200,2025-10-17 00:00:00,5678.222,5681.847,5674.472,5674.666
1760662800,2025-10-17 01:00:00,5674.718,5674.836,5665.056,5674.352
1760666400,2025-10-17 02:00:00,5674.441,5676.921,5670.305,5675.661
1760670000,2025-10-17 03:00:00,5675.714,5679.084,5670.337,5672.252
1760673600,2025-10-17 04:00:00,5672.13,5673.866,5665.025,5668.819
1760677200,2025-10-17 05:00:00,5668.667,5676.924,5667.959,5676.141
1760680800,2025-10-17 06:00:00,5676.26,5683.677,5673.957,5675.776
1760684400,2025-10-17 07:00:00,5675.733,5682.725,5674.559,5680.937
1760688000,2025-10-17 08:00:00,5680.78,5684.101,5675.21,5676.311
1760691600,2025-10-17 09:00:00,5676.204,5676.204,5666.665,5669.387
1760695200,2025-10-17 10:00:00,5669.347,5672.81,5663.07,5667.444
1760698800,2025-10-17 11:00:00,5667.619,5668.648,5660.711,5665.803
1760702400,2025-10-17 12:00:00,5665.727,5667.876,5660.521,5660.521
1760706000,2025-10-17 13:00:00,5660.624,5664.914,5655.47,5657.776
1760709600,2025-10-17 14:00:00,5657.911,5661.739,5655.659,5656.803
1760713200,2025-10-17 15:00:00,5656.746,5659.611,5649.253,5652.486
1760716800,2025-10-17 16:00:00,5652.549,5655.096,5646.066,5646.066
1760720400,2025-10-17 17:00:00,5646.045,5649.402,5640.024,5641.871
1760724000,2025-10-17 18:00:00,5641.948,5654.519,5641.899,5651.897
1760727600,2025-10-17 19:00:00,5651.901,5661.236,5650.779,5654.924
1760731200,2025-10-17 20:00:00,5654.981,5658.317,5648.292,5656.896
1760734800,2025-10-17 21:00:00,5656.967,5660.23,5650.204,5650.834
1760738400,2025-10-17 22:00:00,5650.861,5653.81,5649.185,5651.894
1760742000,2025-10-17 23:00:00,5651.831,5655.301,5649.477,5654.344
1760745600,2025-10-18 00:00:00,5654.261,5656.421,5651.701,5654.924
1760749200,2025-10-18 01:00:00,5654.544,5665.252,5650.063,5665.137
1760752800,2025-10-18 02:00:00,5665.017,5671.329,5661.818,5666.28
1760756400,2025-10-18 03:00:00,5666.264,5669.592,5665.027,5667.828
1760760000,2025-10-18 04:00:00,5667.874,5670.267,5657.921,5658.134
1760763600,2025-10-18 05:00:00,5657.975,5663.935,5652.833,5663.348
1760767200,2025-10-18 06:00:00,5663.537,5665.651,5660.094,5665.651
1760770800,2025-10-18 07:00:00,5665.774,5675.794,5665.717,5673.762
1760774400,2025-10-18 08:00:00,5673.758,5673.839,5665.201,5671.774
1760778000,2025-10-18 09:00:00,5671.638,5675.167,5666.791,5668.965
1760781600,2025-10-18 10:00:00,5669.007,5669.363,5660.16,5666.191
1760785200,2025-10-18 11:00:00,5666.082,5668.279,5656.408,5660.453
1760788800,2025-10-18 12:00:00,5660.217,5668.201,5659.559,5667.83
1760792400,2025-10-18 13:00:00,5667.689,5678.13,5667.689,5677.832
1760796000,2025-10-18 14:00:00,5677.725,5684.432,5673.579,5683.443
1760799600,2025-10-18 15:00:00,5683.551,5688.947,5677.981,5680.831
1760803200,2025-10-18 16:00:00,5680.998,5683.117,5673.591,5676.041
1760806800,2025-10-18 17:00:00,5676.046,5678.353,5664.242,5666.145
1760810400,2025-10-18 18:00:00,5666.061,5669.096,5660.314,5661.244
1760814000,2025-10-18 19:00:00,5661.408,5671.332,5660.48,5669.98
1760817600,2025-10-18 20:00:00,5669.79,5671.609,5664.242,5665.883
1760821200,2025-10-18 21:00:00,5666.135,5668.469,5660.855,5662.839
1760824800,2025-10-18 22:00:00,5662.679,5665.461,5653.857,5653.932
1760828400,2025-10-18 23:00:00,5653.781,5660.363,5652.691,5654.801
1760832000,2025-10-19 00:00:00,5655.075,5665.265,5654.694,5663.552
1760835600,2025-10-19 01:00:00,5663.371,5669.025,5658.502,5668.14
1760839200,2025-10-19 02:00:00,5668.355,5673.668,5666.831,5671.99
1760842800,2025-10-19 03:00:00,5672.205,5677.667,5670.584,5676.758
1760846400,2025-10-19 04:00:00,5676.706,5677.371,5664.833,5670.344
1760850000,2025-10-19 05:00:00,5670.432,5671.117,5657.199,5657.673
1760853600,2025-10-19 06:00:00,5657.466,5661.27,5649.361,5652.441
1760857200,2025-10-19 07:00:00,5652.37,5659.423,5651.159,5653.85
1760860800,2025-10-19 08:00:00,5654.067,5659.364,5648.373,5652.228
1760864400,2025-10-19 09:00:00,5652.559,5655.171,5649.684,5652.049
1760868000,2025-10-19 10:00:00,5652.254,5654.496,5647.259,5650.7
1760871600,2025-10-19 11:00:00,5650.663,5653.052,5645.767,5652.028
1760875200,2025-10-19 12:00:00,5652.339,5653.318,5639.141,5641.108
1760878800,2025-10-19 13:00:00,5640.99,5643.893,5634.959,5636.117
1760882400,2025-10-19 14:00:00,5636.337,5636.417,5629.4,5629.589
1760886000,2025-10-19 15:00:00,5629.45,5629.45,5620.375,5620.375
1760889600,2025-10-19 16:00:00,5620.367,5620.795,5611.997,5615.059
1760893200,2025-10-19 17:00:00,5615.227,5623.173,5612.981,5620.247
1760896800,2025-10-19 18:00:00,5620.047,5622.348,5615.735,5615.981
1760900400,2025-10-19 19:00:00,5615.995,5622.697,5611.053,5611.974
1760904000,2025-10-19 20:00:00,5611.965,5612.31,5601.161,5604.295
1760907600,2025-10-19 21:00:00,5604.195,5613.712,5603.918,5610.47
1760911200,2025-10-19 22:00:00,5610.563,5611.186,5604.193,5610.827
1760914800,2025-10-19 23:00:00,5610.587,5624.539,5607.161,5622.077
1760918400,2025-10-20 00:00:00,5622.221,5633.18,5621.615,5632.17
1760922000,2025-10-20 01:00:00,5632.149,5634.007,5627.857,5628.463
1760925600,2025-10-20 02:00:00,5628.508,5633.182,5626.617,5629.236
1760929200,2025-10-20 03:00:00,5629.176,5629.594,5623.275,5625.249
1760932800,2025-10-20 04:00:00,5624.937,5627.05,5619.929,5621.562
1760936400,2025-10-20 05:00:00,5621.922,5632.393,5621.227,5631.465
1760940000,2025-10-20 06:00:00,5631.42,5648.16,5631.151,5642.176
1760943600,2025-10-20 07:00:00,5642.027,5651.5,5641.002,5648.366
1760947200,2025-10-20 08:00:00,5648.289,5658.378,5646.485,5653.851
1760950800,2025-10-20 09:00:00,5654.136,5654.393,5644.992,5647.649
1760954400,2025-10-20 10:00:00,5647.577,5652.974,5644.608,5651.383
1760958000,2025-10-20 11:00:00,5651.284,5655.129,5647.809,5652.857
1760961600,2025-10-20 12:00:00,5652.983,5653.148,5641.288,5647.525
1760965200,2025-10-20 13:00:00,5647.559,5652.329,5643.519,5651.833
1760968800,2025-10-20 14:00:00,5652.034,5658.467,5651.425,5657.221
1760972400,2025-10-20 15:00:00,5657.479,5667.772,5657.217,5665.796
1760976000,2025-10-20 16:00:00,5665.822,5672.18,5665.822,5670.753
1760979600,2025-10-20 17:00:00,5670.763,5672.725,5666.88,5669.944
1760983200,2025-10-20 18:00:00,5670.131,5675.435,5665.241,5670.809
1760986800,2025-10-20 19:00:00,5670.937,5675.298,5669.624,5673.179
1760990400,2025-10-20 20:00:00,5673.117,5673.391,5662.504,5665.397
1760994000,2025-10-20 21:00:00,5664.968,5670.252,5660.959,5661.686
1760997600,2025-10-20 22:00:00,5661.873,5665.434,5654.144,5662.826
1761001200,2025-10-20 23:00:00,5663.045,5665.078,5656.929,5657.532
1761004800,2025-10-21 00:00:00,5657.551,5663.138,5655.76,5656.324
1761008400,2025-10-21 01:00:00,5656.365,5663.665,5653.164,5657.009
1761012000,2025-10-21 02:00:00,5656.9,5669.439,5655.103,5667.65
1761015600,2025-10-21 03:00:00,5667.494,5670.307,5663.601,5664.733
1761019200,2025-10-21 04:00:00,5664.733,5666.441,5661.309,5661.824
1761022800,2025-10-21 05:00:00,5661.932,5666.755,5660.433,5665.149
1761026400,2025-10-21 06:00:00,5665.074,5667.585,5657.927,5657.927
1761030000,2025-10-21 07:00:00,5657.791,5663.423,5657.206,5663.177
1761033600,2025-10-21 08:00:00,5663.037,5667.849,5661.248,5661.883
1761037200,2025-10-21 09:00:00,5661.945,5664.269,5655.439,5658.879
1761040800,2025-10-21 10:00:00,5658.953,5664.352,5655.654,5664.352
1761044400,2025-10-21 11:00:00,5664.255,5675.257,5663.404,5674.592
1761048000,2025-10-21 12:00:00,5674.588,5676.999,5667.887,5675.345
1761051600,2025-10-21 13:00:00,5675.354,5681.181,5674.549,5675.504
1761055200,2025-10-21 14:00:00,5675.42,5687.667,5674.86,5684.469
1761058800,2025-10-21 15:00:00,5684.322,5687.119,5675.018,5675.79
1761062400,2025-10-21 16:00:00,5675.848,5675.984,5665.102,5666.933
1761066000,2025-10-21 17:00:00,5666.848,5669.548,5660.119,5663.157
1761069600,2025-10-21 18:00:00,5662.994,5667.916,5660.936,5663.336
1761073200,2025-10-21 19:00:00,5663.497,5669.469,5662.21,5667.696
1761076800,2025-10-21 20:00:00,5667.655,5675.458,5666.758,5672.098
1761080400,2025-10-21 21:00:00,5672.051,5684.182,5669.964,5682.678
1761084000,2025-10-21 22:00:00,5682.642,5693.25,5681.561,5687.579
1761087600,2025-10-21 23:00:00,5687.401,5699.294,5685.892,5697.366
1761091200,2025-10-22 00:00:00,5697.228,5705.768,5696.502,5704.948
1761094800,2025-10-22 01:00:00,5704.898,5704.954,5696.704,5698.454
1761098400,2025-10-22 02:00:00,5698.492,5701.723,5694.613,5694.897
1761102000,2025-10-22 03:00:00,5694.98,5698.57,5686.24,5686.457
1761105600,2025-10-22 04:00:00,5686.349,5691.316,5684.514,5691.061
1761109200,2025-10-22 05:00:00,5691.217,5714.451,5691.217,5714.451
1761112800,2025-10-22 06:00:00,5714.333,5721.479,5712.292,5719.908
1761116400,2025-10-22 07:00:00,5719.932,5725.434,5718.688,5722.054
1761120000,2025-10-22 08:00:00,5722.195,5727.472,5717.847,5723.686
1761123600,2025-10-22 09:00:00,5723.711,5723.711,5715.971,5717.777
1761127200,2025-10-22 10:00:00,5717.63,5722.898,5714.541,5721.826
1761130800,2025-10-22 11:00:00,5721.938,5731.43,5720.915,5726.817
1761134400,2025-10-22 12:00:00,5726.696,5733.162,5723.925,5725.059
1761138000,2025-10-22 13:00:00,5725.209,5727.607,5721.216,5726.693
1761141600,2025-10-22 14:00:00,5726.566,5734.965,5723.883,5725.571
1761145200,2025-10-22 15:00:00,5725.631,5728.814,5719.672,5724.484
1761148800,2025-10-22 16:00:00,5724.504,5733.707,5722.416,5730.386
1761152400,2025-10-22 17:00:00,5730.521,5736.882,5727.936,5734.532
1761156000,2025-10-22 18:00:00,5734.439,5734.623,5717.033,5718.292
1761159600,2025-10-22 19:00:00,5718.198,5726.275,5716.406,5724.655
1761163200,2025-10-22 20:00:00,5724.658,5734.532,5722.004,5730.843
1761166800,2025-10-22 21:00:00,5730.751,5738.863,5729.701,5735.581
1761170400,2025-10-22 22:00:00,5735.694,5739.509,5732.949,5735.265
1761174000,2025-10-22 23:00:00,5735.035,5743.878,5734.77,5742.167
1761177600,2025-10-23 00:00:00,5742.331,5750.289,5742.331,5743.841
1761181200,2025-10-23 01:00:00,5743.82,5748.082,5738.945,5739.387
1761184800,2025-10-23 02:00:00,5739.475,5744.228,5737.328,5742.448
1761188400,2025-10-23 03:00:00,5742.538,5750.243,5741.356,5748.495
1761192000,2025-10-23 04:00:00,5748.307,5748.837,5736.104,5740.276
1761195600,2025-10-23 05:00:00,5739.98,5745.92,5737.759,5744.107
1761199200,2025-10-23 06:00:00,5744.207,5746.549,5740.303,5741.781
1761202800,2025-10-23 07:00:00,5741.986,5747.19,5731.803,5734.041
1761206400,2025-10-23 08:00:00,5733.905,5748.94,5731.263,5748.94
1761210000,2025-10-23 09:00:00,5748.928,5754.169,5748.171,5753.88
1761213600,2025-10-23 10:00:00,5753.885,5757.234,5742.703,5743.048
1761217200,2025-10-23 11:00:00,5742.893,5745.056,5739.374,5741.86
1761220800,2025-10-23 12:00:00,5742.004,5746.848,5741.185,5743.151
1761224400,2025-10-23 13:00:00,5743.331,5744.921,5729.324,5732.189
1761228000,2025-10-23 14:00:00,5732.079,5738.241,5729.705,5737.44
1761231600,2025-10-23 15:00:00,5737.361,5744.715,5736.433,5744.342
1761235200,2025-10-23 16:00:00,5744.53,5746.04,5738.775,5744.613
1761238800,2025-10-23 17:00:00,5744.622,5745.419,5729.948,5731.373
1761242400,2025-10-23 18:00:00,5731.238,5734.599,5727.993,5730.443
1761246000,2025-10-23 19:00:00,5730.619,5740.128,5728.338,5740.128
1761249600,2025-10-23 20:00:00,5740.147,5746.356,5738.408,5740.115
1761253200,2025-10-23 21:00:00,5740.177,5741.302,5731.772,5733.987
1761256800,2025-10-23 22:00:00,5734.046,5736.554,5728.422,5732.621
1761260400,2025-10-23 23:00:00,5732.589,5739.549,5730.605,5731.1
1761264000,2025-10-24 00:00:00,5730.963,5731.607,5720.75,5721.352
1761267600,2025-10-24 01:00:00,5721.524,5725.034,5712.861,5713.28
1761271200,2025-10-24 02:00:00,5713.217,5713.964,5701.719,5702.916
1761274800,2025-10-24 03:00:00,5703.117,5705.973,5699.61,5699.815
1761278400,2025-10-24 04:00:00,5699.896,5703.892,5696.005,5699.664
1761282000,2025-10-24 05:00:00,5699.64,5705.773,5697.873,5704.984
1761285600,2025-10-24 06:00:00,5705.181,5709.336,5700.798,5702.204
1761289200,2025-10-24 07:00:00,5702.368,5707.054,5700.106,5705.81
1761292800,2025-10-24 08:00:00,5705.722,5708.403,5697.011,5700.956
1761296400,2025-10-24 09:00:00,5700.955,5703.741,5697.735,5700.387
1761300000,2025-10-24 10:00:00,5700.278,5700.278,5689.778,5693.371
1761303600,2025-10-24 11:00:00,5693.553,5697.295,5690.615,5693.443
1761307200,2025-10-24 12:00:00,5693.156,5704.461,5692.069,5699.521
1761310800,2025-10-24 13:00:00,5699.433,5706.382,5695.863,5705.098
1761314400,2025-10-24 14:00:00,5705.255,5709.936,5697.527,5697.622
1761318000,2025-10-24 15:00:00,5697.641,5704.322,5692.101,5703.313
1761321600,2025-10-24 16:00:00,5703.206,5709.736,5698.509,5698.893
1761325200,2025-10-24 17:00:00,5698.814,5704.815,5697.288,5703.845
1761328800,2025-10-24 18:00:00,5703.89,5712.676,5702.603,5711.773
1761332400,2025-10-24 19:00:00,5711.805,5717.203,5707.99,5709.643
1761336000,2025-10-24 20:00:00,5709.489,5709.489,5697.775,5703.641
1761339600,2025-10-24 21:00:00,5703.768,5705.276,5693.68,5695.584
1761343200,2025-10-24 22:00:00,5695.555,5700.482,5695.174,5698.706
1761346800,2025-10-24 23:00:00,5698.613,5699.928,5692.137,5696.391
1761350400,2025-10-25 00:00:00,5696.457,5700.969,5693.249,5699.538
1761354000,2025-10-25 01:00:00,5699.557,5711.141,5696.529,5710.281
1761357600,2025-10-25 02:00:00,5710.296,5712.176,5701.506,5702.548
1761361200,2025-10-25 03:00:00,5702.381,5713.941,5699.367,5713.304
1761364800,2025-10-25 04:00:00,5713.251,5714.851,5698.131,5704.097
1761368400,2025-10-25 05:00:00,5704.225,5710.69,5703.382,5707.085
1761372000,2025-10-25 06:00:00,5707.265,5716.466,5705.326,5715.545
1761375600,2025-10-25 07:00:00,5715.648,5717.387,5708.26,5712.817
1761379200,2025-10-25 08:00:00,5712.825,5715.152,5706.954,5713.07
1761382800,2025-10-25 09:00:00,5713.077,5713.922,5704.115,5706.369
1761386400,2025-10-25 10:00:00,5706.317,5708.259,5701.296,5702.791
1761390000,2025-10-25 11:00:00,5702.845,5704.672,5697.519,5702.495
1761393600,2025-10-25 12:00:00,5702.499,5707.644,5700.407,5701.439
1761397200,2025-10-25 13:00:00,5701.657,5712.758,5698.459,5698.998
1761400800,2025-10-25 14:00:00,5699.115,5711.2,5697.531,5710.55
1761404400,2025-10-25 15:00:00,5710.295,5710.918,5703.468,5704.511
1761408000,2025-10-25 16:00:00,5704.448,5709.725,5701.818,5703.508
1761411600,2025-10-25 17:00:00,5703.47,5711.206,5702.614,5709.055
1761415200,2025-10-25 18:00:00,5709.05,5715.883,5707.252,5712.265
1761418800,2025-10-25 19:00:00,5712.203,5716.071,5709.694,5712.411
1761422400,2025-10-25 20:00:00,5712.619,5714.185,5704.562,5709.72
1761426000,2025-10-25 21:00:00,5709.663,5714.32,5707.853,5711.469
1761429600,2025-10-25 22:00:00,5711.674,5714.195,5706.149,5712.088
1761433200,2025-10-25 23:00:00,5712.192,5713.156,5706.415,5710.496
1761436800,2025-10-26 00:00:00,5710.441,5714.998,5705.841,5712.66
1761440400,2025-10-26 01:00:00,5712.525,5713.641,5708.031,5712.596
1761444000,2025-10-26 02:00:00,5712.71,5719.144,5710.633,5715.115
1761447600,2025-10-26 03:00:00,5714.754,5716.328,5709.881,5713.642
1761451200,2025-10-26 04:00:00,5713.666,5715.949,5708.594,5713.948
1761454800,2025-10-26 05:00:00,5713.905,5724.639,5710.253,5724.627
1761458400,2025-10-26 06:00:00,5724.668,5728.286,5719.299,5720.985
1761462000,2025-10-26 07:00:00,5720.998,5722.351,5714.759,5717.127
1761465600,2025-10-26 08:00:00,5717.142,5718.032,5704.904,5706.86
1761469200,2025-10-26 09:00:00,5706.924,5717.377,5705.988,5715.47
1761472800,2025-10-26 10:00:00,5715.466,5721.832,5713.826,5719.023
1761476400,2025-10-26 11:00:00,5719.163,5724.974,5716.302,5720.72
1761480000,2025-10-26 12:00:00,5720.517,5720.698,5714.412,5716.731
1761483600,2025-10-26 13:00:00,5716.838,5725.53,5715.143,5725.507
1761487200,2025-10-26 14:00:00,5725.571,5728.75,5722.738,5727.943
1761490800,2025-10-26 15:00:00,5727.957,5729.91,5722.811,5726.515
1761494400,2025-10-26 16:00:00,5726.385,5732.515,5725.125,5728.894
1761498000,2025-10-26 17:00:00,5728.877,5729.593,5718.275,5719.223
1761501600,2025-10-26 18:00:00,5719.107,5728.572,5717.897,5720.991
1761505200,2025-10-26 19:00:00,5721.167,5734.22,5720.592,5731.676
1761508800,2025-10-26 20:00:00,5731.698,5736.053,5727.835,5731.105
1761512400,2025-10-26 21:00:00,5731.325,5736.931,5726.491,5727.817
1761516000,2025-10-26 22:00:00,5727.714,5728.732,5723.076,5726.729
1761519600,2025-10-26 23:00:00,5726.532,5729.308,5713.062,5714.542
1761523200,2025-10-27 00:00:00,5714.71,5719.983,5707.119,5710.658
1761526800,2025-10-27 01:00:00,5710.504,5712.029,5703.602,5711.525
1761530400,2025-10-27 02:00:00,5711.339,5717.67,5710.18,5712.921
1761534000,2025-10-27 03:00:00,5712.803,5716.826,5710.934,5715.083
1761537600,2025-10-27 04:00:00,5715.111,5721.228,5714.439,5717.929
1761541200,2025-10-27 05:00:00,5717.782,5719.989,5712.329,5713.997
1761544800,2025-10-27 06:00:00,5713.942,5718.431,5710.863,5714.624
1761548400,2025-10-27 07:00:00,5714.548,5720.576,5712.905,5719.978
1761552000,2025-10-27 08:00:00,5719.871,5721.173,5708.984,5709.77
1761555600,2025-10-27 09:00:00,5709.517,5715.504,5706.525,5711.749
1761559200,2025-10-27 10:00:00,5711.824,5714.011,5707.736,5710.542
1761562800,2025-10-27 11:00:00,5710.354,5713.136,5700.702,5702.462
1761566400,2025-10-27 12:00:00,5702.43,5707.245,5696.787,5697.421
1761570000,2025-10-27 13:00:00,5697.374,5698.078,5681.461,5681.684
1761573600,2025-10-27 14:00:00,5681.996,5685.324,5673.837,5673.959
1761577200,2025-10-27 15:00:00,5673.988,5678.81,5672.266,5677.54
1761580800,2025-10-27 16:00:00,5677.292,5680.013,5672.733,5674.439
1761584400,2025-10-27 17:00:00,5674.281,5680.319,5673.06,5679.223
1761588000,2025-10-27 18:00:00,5679.376,5693.719,5678.996,5690.612
1761591600,2025-10-27 19:00:00,5690.741,5701.328,5689.963,5700.045
1761595200,2025-10-27 20:00:00,5699.686,5705.915,5698.797,5700.455
1761598800,2025-10-27 21:00:00,5700.523,5713.08,5700.444,5709.301
1761602400,2025-10-27 22:00:00,5709.55,5709.996,5689.122,5689.497
1761606000,2025-10-27 23:00:00,5689.528,5692.656,5682.298,5682.298
1761609600,2025-10-28 00:00:00,5682.026,5686.781,5676.848,5684.68
1761613200,2025-10-28 01:00:00,5684.495,5686.152,5678.175,5683.144
1761616800,2025-10-28 02:00:00,5683.229,5685.336,5679.557,5683.81
1761620400,2025-10-28 03:00:00,5683.61,5687.439,5681.99,5686.581
1761624000,2025-10-28 04:00:00,5686.737,5694.237,5683.887,5691.764
1761627600,2025-10-28 05:00:00,5691.664,5697.27,5689.975,5691.76
1761631200,2025-10-28 06:00:00,5691.701,5695.202,5684.275,5684.913
1761634800,2025-10-28 07:00:00,5685.201,5685.811,5677.827,5680.675
1761638400,2025-10-28 08:00:00,5680.501,5683.625,5676.1,5679.366
1761642000,2025-10-28 09:00:00,5679.194,5688.784,5679.051,5688.644
1761645600,2025-10-28 10:00:00,5688.658,5688.779,5679.541,5686.597
1761649200,2025-10-28 11:00:00,5686.887,5690.587,5682.501,5684.597
1761652800,2025-10-28 12:00:00,5684.485,5685.591,5673.35,5674.467
1761656400,2025-10-28 13:00:00,5674.494,5681.558,5672.829,5680.673
1761660000,2025-10-28 14:00:00,5680.64,5698.892,5680.585,5692.148
1761663600,2025-10-28 15:00:00,5692.237,5695.737,5680.207,5687.46
1761667200,2025-10-28 16:00:00,5687.193,5691.076,5678.994,5678.994
1761670800,2025-10-28 17:00:00,5679.239,5684.774,5675.127,5675.239
1761674400,2025-10-28 18:00:00,5675.28,5681.79,5672.246,5681.06
1761678000,2025-10-28 19:00:00,5681.107,5683.825,5677.955,5681.589
1761681600,2025-10-28 20:00:00,5681.536,5681.977,5661.544,5662.711
1761685200,2025-10-28 21:00:00,5662.619,5665.817,5655.744,5663.416
1761688800,2025-10-28 22:00:00,5663.412,5666.452,5658.752,5666.008
1761692400,2025-10-28 23:00:00,5665.795,5676.864,5664.78,5676.558
1761696000,2025-10-29 00:00:00,5676.53,5686.544,5676.281,5684.395
1761699600,2025-10-29 01:00:00,5684.489,5689.341,5681.773,5682.042
1761703200,2025-10-29 02:00:00,5681.938,5682.113,5671.673,5673.822
1761706800,2025-10-29 03:00:00,5673.729,5673.963,5665.258,5665.8
1761710400,2025-10-29 04:00:00,5665.906,5680.479,5664.694,5677.21
1761714000,2025-10-29 05:00:00,5677.26,5690.359,5677.016,5689.701
1761717600,2025-10-29 06:00:00,5689.634,5699.623,5686.624,5690.742
1761721200,2025-10-29 07:00:00,5690.725,5690.741,5681.658,5684.042
1761724800,2025-10-29 08:00:00,5684.028,5689.281,5681.682,5684.244
1761728400,2025-10-29 09:00:00,5684.309,5686.117,5675.653,5677.307
1761732000,2025-10-29 10:00:00,5677.585,5683.101,5676.668,5680.89
1761735600,2025-10-29 11:00:00,5680.787,5682.58,5673.619,5677.218
1761739200,2025-10-29 12:00:00,5677.316,5682.818,5669.841,5671.749
1761742800,2025-10-29 13:00:00,5671.705,5684.303,5671.003,5678.938
1761746400,2025-10-29 14:00:00,5678.755,5681.253,5670.409,5672.921
1761750000,2025-10-29 15:00:00,5673.336,5678.907,5671.973,5677.405
1761753600,2025-10-29 16:00:00,5677.399,5679.71,5670.196,5672.123
1761757200,2025-10-29 17:00:00,5672.018,5675.859,5669.412,5670.528
1761760800,2025-10-29 18:00:00,5670.458,5675.942,5670.236,5674.166
1761764400,2025-10-29 19:00:00,5674.135,5674.418,5669.314,5671.582
1761768000,2025-10-29 20:00:00,5671.674,5675.65,5667.771,5667.771
1761771600,2025-10-29 21:00:00,5667.923,5669.936,5663.286,5666.709
1761775200,2025-10-29 22:00:00,5666.599,5668.833,5656.738,5660.995
1761778800,2025-10-29 23:00:00,5660.976,5666.451,5656.594,5665.925
1761782400,2025-10-30 00:00:00,5665.863,5672.246,5664.926,5669.274
1761786000,2025-10-30 01:00:00,5669.21,5673.196,5663.747,5670.267
1761789600,2025-10-30 02:00:00,5670.435,5671.82,5667.529,5669.935
1761793200,2025-10-30 03:00:00,5670.26,5679.795,5670.26,5676.329
1761796800,2025-10-30 04:00:00,5676.355,5685.937,5675.843,5682.373
1761800400,2025-10-30 05:00:00,5682.236,5683.421,5672.662,5674.748
1761804000,2025-10-30 06:00:00,5674.688,5676.667,5667.862,5674.126
1761807600,2025-10-30 07:00:00,5674.266,5678.545,5668.585,5674.817
1761811200,2025-10-30 08:00:00,5674.785,5680.038,5674.039,5677.587
1761814800,2025-10-30 09:00:00,5677.508,5681.603,5672.23,5672.543
1761818400,2025-10-30 10:00:00,5672.44,5675.864,5666.791,5669.985
1761822000,2025-10-30 11:00:00,5669.963,5676.96,5668.277,5669.009
1761825600,2025-10-30 12:00:00,5669.076,5674.751,5665.311,5666.279
1761829200,2025-10-30 13:00:00,5666.339,5668.198,5657.737,5657.925
1761832800,2025-10-30 14:00:00,5658.005,5659.794,5652.854,5657.629
1761836400,2025-10-30 15:00:00,5657.69,5659.43,5650.795,5652.123
1761840000,2025-10-30 16:00:00,5651.946,5652.193,5637.58,5638.123
1761843600,2025-10-30 17:00:00,5638.005,5644.251,5635.34,5641.994
1761847200,2025-10-30 18:00:00,5642.065,5644.04,5637.135,5639.51
1761850800,2025-10-30 19:00:00,5639.773,5640.132,5630.808,5635.881
1761854400,2025-10-30 20:00:00,5635.813,5637.574,5631.384,5637.384
1761858000,2025-10-30 21:00:00,5637.407,5638.283,5624.892,5629.949
1761861600,2025-10-30 22:00:00,5629.899,5632.479,5623.458,5630.15
1761865200,2025-10-30 23:00:00,5630.01,5631.418,5622.585,5628.953
1761868800,2025-10-31 00:00:00,5628.776,5629.621,5618.375,5619.534
1761872400,2025-10-31 01:00:00,5619.371,5624.395,5617.064,5622.333
1761876000,2025-10-31 02:00:00,5622.467,5630.894,5621.498,5629.734
1761879600,2025-10-31 03:00:00,5629.837,5631.435,5625.406,5631.304
1761883200,2025-10-31 04:00:00,5631.402,5636.635,5628.875,5636.635
1761886800,2025-10-31 05:00:00,5636.618,5642.648,5634.981,5640.812
1761890400,2025-10-31 06:00:00,5640.477,5648.842,5639.441,5640.31
1761894000,2025-10-31 07:00:00,5640.362,5651.651,5639.651,5649.225
1761897600,2025-10-31 08:00:00,5649.26,5653.226,5646.624,5651.423
1761901200,2025-10-31 09:00:00,5651.684,5661.358,5648.423,5649.326
1761904800,2025-10-31 10:00:00,5649.428,5659.479,5649.428,5659.011
1761908400,2025-10-31 11:00:00,5658.981,5660.25,5653.788,5658.112
1761912000,2025-10-31 12:00:00,5657.941,5663.908,5655.193,5661.678
1761915600,2025-10-31 13:00:00,5661.537,5665.481,5657.997,5659.589
1761919200,2025-10-31 14:00:00,5659.551,5661.565,5650.937,5652.888
1761922800,2025-10-31 15:00:00,5652.782,5652.979,5642.822,5645.959
1761926400,2025-10-31 16:00:00,5645.832,5649.875,5641.792,5643.024
1761930000,2025-10-31 17:00:00,5643.017,5645.952,5641.485,5643.094
1761933600,2025-10-31 18:00:00,5642.819,5650.053,5641.964,5645.102
1761937200,2025-10-31 19:00:00,5645.173,5649.42,5641.298,5646.983
1761940800,2025-10-31 20:00:00,5647.043,5656.817,5641.824,5652.972
1761944400,2025-10-31 21:00:00,5652.9,5657.809,5647.994,5651.003
1761948000,2025-10-31 22:00:00,5650.892,5657.122,5648.938,5651.543
1761951600,2025-10-31 23:00:00,5651.478,5653.879,5647.667,5653.076
1761955200,2025-11-01 00:00:00,5653.051,5662.555,5651.747,5662.473
1761958800,2025-11-01 01:00:00,5662.35,5663.151,5655.357,5657.476
1761962400,2025-11-01 02:00:00,5657.528,5658.785,5653.229,5656.207
1761966000,2025-11-01 03:00:00,5656.218,5665.429,5654.781,5665.096
1761969600,2025-11-01 04:00:00,5665.103,5668.137,5656.016,5661.322
1761973200,2025-11-01 05:00:00,5661.176,5667.779,5658.438,5662.359
1761976800,2025-11-01 06:00:00,5662.36,5663.149,5654.732,5659.722
1761980400,2025-11-01 07:00:00,5659.757,5665.191,5652.967,5655.498
1761984000,2025-11-01 08:00:00,5655.553,5656.435,5649.962,5652.757
1761987600,2025-11-01 09:00:00,5652.741,5657.961,5650.831,5657.835
1761991200,2025-11-01 10:00:00,5658.138,5664.139,5656.76,5660.812
1761994800,2025-11-01 11:00:00,5660.831,5667.923,5659.47,5667.632
1761998400,2025-11-01 12:00:00,5667.653,5670.88,5662.674,5669.815
1762002000,2025-11-01 13:00:00,5670.009,5680.208,5666.799,5677.46
1762005600,2025-11-01 14:00:00,5677.527,5685.288,5675.924,5680.959
1762009200,2025-11-01 15:00:00,5681.038,5686.961,5679.459,5683.981
1762012800,2025-11-01 16:00:00,5684.184,5695.602,5682.872,5694.114
1762016400,2025-11-01 17:00:00,5694.033,5696.059,5688.134,5693.687
1762020000,2025-11-01 18:00:00,5693.588,5694.748,5687.572,5693.959
1762023600,2025-11-01 19:00:00,5694.033,5700.079,5691.334,5698.423
1762027200,2025-11-01 20:00:00,5698.548,5708.672,5696.683,5703.587
1762030800,2025-11-01 21:00:00,5703.538,5705.707,5699.662,5701.992
1762034400,2025-11-01 22:00:00,5701.931,5708.331,5700.258,5708.186
1762038000,2025-11-01 23:00:00,5708.313,5712.743,5700.415,5703.292
1762041600,2025-11-02 00:00:00,5703.649,5709.598,5700.954,5707.193
1762045200,2025-11-02 01:00:00,5707.196,5709.086,5694.399,5694.856
1762048800,2025-11-02 02:00:00,5695.065,5696.261,5684.745,5689.171
1762052400,2025-11-02 03:00:00,5689.058,5695.575,5683.68,5684.56
1762056000,2025-11-02 04:00:00,5684.686,5688.457,5674.839,5675.419
1762059600,2025-11-02 05:00:00,5675.31,5675.395,5660.459,5663.384
1762063200,2025-11-02 06:00:00,5663.423,5679.83,5663.334,5679.37
1762066800,2025-11-02 07:00:00,5679.479,5681.1,5672.359,5673.99
1762070400,2025-11-02 08:00:00,5674.114,5677.721,5669.82,5675.561
1762074000,2025-11-02 09:00:00,5675.681,5676.143,5667.377,5670.212
1762077600,2025-11-02 10:00:00,5670.387,5677.759,5669.737,5674.924
1762081200,2025-11-02 11:00:00,5674.917,5675.253,5670.085,5673.949
1762084800,2025-11-02 12:00:00,5673.967,5676.054,5666.397,5667.406
1762088400,2025-11-02 13:00:00,5667.2,5669.604,5662.962,5664.104
1762092000,2025-11-02 14:00:00,5664.136,5669.208,5656.264,5656.945
1762095600,2025-11-02 15:00:00,5656.758,5657.936,5642.733,5645.847
1762099200,2025-11-02 16:00:00,5645.831,5651.309,5642.414,5646.404
1762102800,2025-11-02 17:00:00,5646.437,5651.164,5643.97,5646.959
1762106400,2025-11-02 18:00:00,5647.254,5650.103,5638.179,5638.807
1762110000,2025-11-02 19:00:00,5638.891,5639.579,5624.855,5627.321
1762113600,2025-11-02 20:00:00,5627.364,5628.515,5611.481,5612.959
1762117200,2025-11-02 21:00:00,5612.956,5625.752,5612.719,5620.943
1762120800,2025-11-02 22:00:00,5621.01,5623.153,5617.653,5619.166
1762124400,2025-11-02 23:00:00,5619.02,5621.573,5612.687,5620.27
1762128000,2025-11-03 00:00:00,5620.513,5624.238,5616.236,5616.734
1762131600,2025-11-03 01:00:00,5616.428,5618.109,5609.592,5611.82
1762135200,2025-11-03 02:00:00,5611.782,5614.686,5603.371,5607.319
1762138800,2025-11-03 03:00:00,5607.138,5607.544,5601.286,5601.904
1762142400,2025-11-03 04:00:00,5601.944,5602.855,5598.165,5598.165
1762146000,2025-11-03 05:00:00,5598.447,5599.483,5591.624,5598.432
1762149600,2025-11-03 06:00:00,5598.443,5599.602,5583.101,5589.326
1762153200,2025-11-03 07:00:00,5589.198,5591.615,5585.187,5589.819
1762156800,2025-11-03 08:00:00,5589.523,5591.614,5582.163,5585.207
1762160400,2025-11-03 09:00:00,5585.187,5587.186,5580.541,5583.807
1762164000,2025-11-03 10:00:00,5583.528,5586.373,5579.509,5582.959
1762167600,2025-11-03 11:00:00,5582.998,5589.215,5577.169,5588.601
1762171200,2025-11-03 12:00:00,5588.606,5589.175,5583.59,5587.748
1762174800,2025-11-03 13:00:00,5587.89,5590.977,5581.716,5590.977
1762178400,2025-11-03 14:00:00,5591.075,5591.97,5585.259,5590.595
1762182000,2025-11-03 15:00:00,5590.597,5598.364,5588.072,5596.818
1762185600,2025-11-03 16:00:00,5596.962,5601.943,5592.728,5597.673
1762189200,2025-11-03 17:00:00,5597.511,5609.545,5596.03,5604.901
1762192800,2025-11-03 18:00:00,5605.096,5605.096,5586.837,5592.765
1762196400,2025-11-03 19:00:00,5592.97,5600.925,5592.97,5595.836
1762200000,2025-11-03 20:00:00,5595.733,5598.015,5588.906,5591.226
1762203600,2025-11-03 21:00:00,5591.114,5603.57,5588.811,5600.681
1762207200,2025-11-03 22:00:00,5600.666,5600.774,5586.846,5587.003
1762210800,2025-11-03 23:00:00,5587.239,5598.415,5585.567,5597.442
1762214400,2025-11-04 00:00:00,5597.241,5605.502,5595.72,5604.684
1762218000,2025-11-04 01:00:00,5604.465,5608.064,5598.854,5600.222
1762221600,2025-11-04 02:00:00,5600.174,5604.47,5597.476,5603.446
1762225200,2025-11-04 03:00:00,5603.399,5606.945,5600.124,5604.42
1762228800,2025-11-04 04:00:00,5604.27,5609.672,5603.752,5606.318
1762232400,2025-11-04 05:00:00,5606.311,5607.585,5601.391,5604.96
1762236000,2025-11-04 06:00:00,5604.998,5604.998,5596.242,5599.391
1762239600,2025-11-04 07:00:00,5599.35,5600.085,5594.402,5596.715
1762243200,2025-11-04 08:00:00,5596.801,5607.612,5595.933,5605.582
1762246800,2025-11-04 09:00:00,5605.379,5605.379,5593.99,5599.544
1762250400,2025-11-04 10:00:00,5599.57,5605.49,5595.818,5595.859
1762254000,2025-11-04 11:00:00,5595.723,5597.255,5591.445,5593.056
1762257600,2025-11-04 12:00:00,5592.784,5601.815,5591.365,5599.7
1762261200,2025-11-04 13:00:00,5599.892,5602.143,5597.588,5598.86
1762264800,2025-11-04 14:00:00,5599.043,5601.648,5596.678,5597.917
1762268400,2025-11-04 15:00:00,5597.923,5598.936,5592.385,5592.467
1762272000,2025-11-04 16:00:00,5592.861,5595.577,5589.723,5594.945
1762275600,2025-11-04 17:00:00,5594.858,5596.93,5588.32,5591.071
1762279200,2025-11-04 18:00:00,5591.168,5600.236,5590.657,5598.851
1762282800,2025-11-04 19:00:00,5598.848,5600.354,5595.302,5599.372
1762286400,2025-11-04 20:00:00,5599.458,5603.251,5594.068,5601.841
1762290000,2025-11-04 21:00:00,5601.728,5609.545,5599.009,5607.667
1762293600,2025-11-04 22:00:00,5607.715,5618.382,5605.559,5618.056
1762297200,2025-11-04 23:00:00,5618.057,5618.644,5612.456,5616.469
1762300800,2025-11-05 00:00:00,5616.492,5619.897,5609.336,5610.108
1762304400,2025-11-05 01:00:00,5610.306,5622.296,5609.346,5621.716
1762308000,2025-11-05 02:00:00,5621.883,5631.469,5621.627,5628.74
1762311600,2025-11-05 03:00:00,5628.795,5634.289,5627.463,5628.989
1762315200,2025-11-05 04:00:00,5628.993,5639.049,5626.641,5632.581
1762318800,2025-11-05 05:00:00,5632.413,5636.433,5630.609,5631.634
1762322400,2025-11-05 06:00:00,5631.519,5647.212,5631.519,5639.722
1762326000,2025-11-05 07:00:00,5639.711,5641.97,5634.897,5638.771
1762329600,2025-11-05 08:00:00,5638.688,5640.802,5633.377,5638.306
1762333200,2025-11-05 09:00:00,5638.288,5638.83,5630.994,5633.945
1762336800,2025-11-05 10:00:00,5633.692,5642.92,5632.748,5642.92
1762340400,2025-11-05 11:00:00,5642.739,5647.103,5639.229,5642.203
1762344000,2025-11-05 12:00:00,5642.111,5642.89,5635.506,5641.507
1762347600,2025-11-05 13:00:00,5641.435,5646.958,5641.001,5641.989
1762351200,2025-11-05 14:00:00,5642.105,5644.277,5637.504,5638.065
1762354800,2025-11-05 15:00:00,5637.965,5649.406,5636.609,5642.825
1762358400,2025-11-05 16:00:00,5642.907,5648.457,5641.066,5646.803
1762362000,2025-11-05 17:00:00,5646.6,5655.338,5645.142,5653.121
1762365600,2025-11-05 18:00:00,5652.827,5654.958,5645.442,5652.673
1762369200,2025-11-05 19:00:00,5652.635,5653.527,5641.978,5642.579
1762372800,2025-11-05 20:00:00,5642.665,5644.857,5636.164,5643.564
1762376400,2025-11-05 21:00:00,5643.815,5649.55,5642.957,5647.994
1762380000,2025-11-05 22:00:00,5648.076,5651.374,5645.515,5648.391
1762383600,2025-11-05 23:00:00,5648.605,5649.131,5637.378,5637.378
1762387200,2025-11-06 00:00:00,5637.243,5647.457,5634.916,5635.487
1762390800,2025-11-06 01:00:00,5635.449,5642.421,5625.489,5626.416
1762394400,2025-11-06 02:00:00,5626.4,5632.318,5623.098,5627.1
1762398000,2025-11-06 03:00:00,5627.193,5627.294,5619.282,5623.638
1762401600,2025-11-06 04:00:00,5623.704,5628.629,5621.615,5622.718
1762405200,2025-11-06 05:00:00,5622.652,5625.532,5614.732,5615.05
1762408800,2025-11-06 06:00:00,5614.785,5623.682,5614.529,5620.509
1762412400,2025-11-06 07:00:00,5620.415,5629.359,5619.252,5621.579
1762416000,2025-11-06 08:00:00,5621.541,5622.478,5614.328,5614.702
1762419600,2025-11-06 09:00:00,5614.489,5619.826,5612.93,5613.781
1762423200,2025-11-06 10:00:00,5613.615,5614.08,5608.259,5610.093
1762426800,2025-11-06 11:00:00,5610.322,5615.031,5608.404,5612.33
1762430400,2025-11-06 12:00:00,5611.948,5615.282,5606.98,5610.055
1762434000,2025-11-06 13:00:00,5610.015,5613.15,5605.084,5608.072
1762437600,2025-11-06 14:00:00,5608.365,5608.646,5600.829,5601.804
1762441200,2025-11-06 15:00:00,5601.97,5603.537,5593.918,5599.05
1762444800,2025-11-06 16:00:00,5599.179,5600.233,5592.163,5593.555
1762448400,2025-11-06 17:00:00,5593.659,5594.652,5589.358,5591.205
1762452000,2025-11-06 18:00:00,5591.398,5594.317,5584.713,5589.613
1762455600,2025-11-06 19:00:00,5589.599,5595.648,5588.227,5594.079
1762459200,2025-11-06 20:00:00,5594.158,5598.745,5591.822,5592.585
1762462800,2025-11-06 21:00:00,5592.895,5594.236,5587.963,5589.785
1762466400,2025-11-06 22:00:00,5589.72,5595.368,5584.201,5584.473
1762470000,2025-11-06 23:00:00,5584.564,5587.469,5582.247,5582.903
1762473600,2025-11-07 00:00:00,5582.903,5587.367,5581.561,5582.579
1762477200,2025-11-07 01:00:00,5582.82,5584.448,5562.593,5563.341
1762480800,2025-11-07 02:00:00,5563.081,5576.73,5562.134,5575.617
1762484400,2025-11-07 03:00:00,5575.786,5583.036,5574.798,5578.442
1762488000,2025-11-07 04:00:00,5578.38,5583.041,5574.748,5575.692
1762491600,2025-11-07 05:00:00,5575.707,5579.56,5572.331,5572.859
1762495200,2025-11-07 06:00:00,5572.77,5580.11,5572.501,5575.014
1762498800,2025-11-07 07:00:00,5575.143,5584.044,5573.569,5582.912
1762502400,2025-11-07 08:00:00,5583.012,5587.643,5579.183,5579.316
1762506000,2025-11-07 09:00:00,5579.359,5584.139,5578.185,5579.672
1762509600,2025-11-07 10:00:00,5579.726,5585.714,5576.832,5577.776
1762513200,2025-11-07 11:00:00,5577.538,5581.218,5572.677,5578.533
1762516800,2025-11-07 12:00:00,5578.147,5579.706,5566.628,5567.632
1762520400,2025-11-07 13:00:00,5567.554,5569.107,5560.923,5562.595
1762524000,2025-11-07 14:00:00,5562.663,5566.365,5558.157,5562.865
1762527600,2025-11-07 15:00:00,5562.712,5569.941,5561.238,5566.128
1762531200,2025-11-07 16:00:00,5566.069,5576.096,5565.067,5572.68
1762534800,2025-11-07 17:00:00,5572.493,5576.926,5570.62,5570.672
1762538400,2025-11-07 18:00:00,5570.599,5576.948,5570.266,5573.654
1762542000,2025-11-07 19:00:00,5573.589,5574.36,5566.283,5568.476
1762545600,2025-11-07 20:00:00,5568.517,5579.95,5567.721,5578.897
1762549200,2025-11-07 21:00:00,5578.822,5586.196,5578.27,5582.901
1762552800,2025-11-07 22:00:00,5582.871,5586.235,5577.289,5577.699
1762556400,2025-11-07 23:00:00,5577.634,5578.308,5572.088,5573.383
1762560000,2025-11-08 00:00:00,5573.28,5580.335,5570.128,5577.037
1762563600,2025-11-08 01:00:00,5577.041,5581.949,5575.4,5576.825
1762567200,2025-11-08 02:00:00,5576.848,5581.606,5575.226,5576.424
1762570800,2025-11-08 03:00:00,5576.34,5581.36,5571.062,5578.216
1762574400,2025-11-08 04:00:00,5578.167,5578.845,5569.562,5572.496
1762578000,2025-11-08 05:00:00,5572.502,5576.265,5560.434,5561.661
1762581600,2025-11-08 06:00:00,5561.846,5569.889,5561.642,5568.564
1762585200,2025-11-08 07:00:00,5568.4,5571.949,5566.139,5569.84
1762588800,2025-11-08 08:00:00,5569.475,5578.95,5566.517,5576.478
1762592400,2025-11-08 09:00:00,5576.356,5578.466,5568.71,5576.482
1762596000,2025-11-08 10:00:00,5576.613,5577.834,5567.993,5568.514
1762599600,2025-11-08 11:00:00,5568.716,5571.044,5562.919,5569.709
1762603200,2025-11-08 12:00:00,5569.552,5573.313,5562.832,5572.472
1762606800,2025-11-08 13:00:00,5572.53,5574.672,5562.966,5569.629
1762610400,2025-11-08 14:00:00,5569.49,5570.602,5564.727,5564.815
1762614000,2025-11-08 15:00:00,5564.764,5565.705,5558.427,5561.222
1762617600,2025-11-08 16:00:00,5561.135,5565.942,5560.644,5562.264
1762621200,2025-11-08 17:00:00,5562.225,5564.628,5552.709,5554.086
1762624800,2025-11-08 18:00:00,5554.279,5564.828,5551.409,5562.993
1762628400,2025-11-08 19:00:00,5563.062,5563.357,5555.221,5556.438
1762632000,2025-11-08 20:00:00,5556.399,5560.238,5542.894,5544.724
1762635600,2025-11-08 21:00:00,5544.657,5547.657,5539.763,5539.763
1762639200,2025-11-08 22:00:00,5539.75,5549.788,5537.729,5548.624
1762642800,2025-11-08 23:00:00,5548.6,5562.663,5548.6,5561.162
1762646400,2025-11-09 00:00:00,5561.144,5573.456,5561.114,5567.47
1762650000,2025-11-09 01:00:00,5567.491,5576.076,5566.868,5571.733
1762653600,2025-11-09 02:00:00,5571.706,5580.365,5569.331,5579.682
1762657200,2025-11-09 03:00:00,5579.663,5584.903,5576.438,5578.917
1762660800,2025-11-09 04:00:00,5578.889,5580.363,5573.344,5575.903
1762664400,2025-11-09 05:00:00,5576.029,5584.328,5570.303,5570.528
1762668000,2025-11-09 06:00:00,5570.735,5574.31,5567.176,5569.774
1762671600,2025-11-09 07:00:00,5569.81,5571.231,5561.277,5562.609
1762675200,2025-11-09 08:00:00,5562.793,5562.995,5551.418,5551.721
1762678800,2025-11-09 09:00:00,5551.744,5552.547,5545.987,5549.385
1762682400,2025-11-09 10:00:00,5549.521,5550.557,5538.179,5540.581
1762686000,2025-11-09 11:00:00,5540.52,5549.686,5540.52,5543.85
1762689600,2025-11-09 12:00:00,5543.817,5552.49,5541.407,5548.591
1762693200,2025-11-09 13:00:00,5548.711,5557.766,5548.143,5553.901
1762696800,2025-11-09 14:00:00,5554.051,5557.799,5550.14,5552.235
1762700400,2025-11-09 15:00:00,5552.172,5557.699,5551.236,5553.165
1762704000,2025-11-09 16:00:00,5553.148,5559.74,5552.081,5558.036
1762707600,2025-11-09 17:00:00,5558.066,5563.063,5556.534,5562.285
1762711200,2025-11-09 18:00:00,5562.297,5563.7,5557.91,5558.094
1762714800,2025-11-09 19:00:00,5557.9,5562.299,5554.127,5558.146
1762718400,2025-11-09 20:00:00,5558.081,5565.116,5558.046,5560.373
1762722000,2025-11-09 21:00:00,5560.367,5568.322,5559.472,5567.489
1762725600,2025-11-09 22:00:00,5567.254,5567.626,5558.827,5558.835
1762729200,2025-11-09 23:00:00,5558.951,5559.197,5541.808,5546.842
1762732800,2025-11-10 00:00:00,5546.92,5552.697,5545.262,5548.803
1762736400,2025-11-10 01:00:00,5548.68,5552.434,5546.04,5549.3
1762740000,2025-11-10 02:00:00,5549.348,5551.992,5542.395,5544.238
1762743600,2025-11-10 03:00:00,5544.421,5545.858,5535.906,5538.171
1762747200,2025-11-10 04:00:00,5538.297,5548.371,5538.21,5544.82
1762750800,2025-11-10 05:00:00,5545.064,5547.035,5540.335,5547.035
1762754400,2025-11-10 06:00:00,5547.027,5552.044,5545.057,5545.758
1762758000,2025-11-10 07:00:00,5545.728,5553.665,5543.772,5551.299
1762761600,2025-11-10 08:00:00,5551.393,5552.988,5540.565,5542.017
1762765200,2025-11-10 09:00:00,5542.126,5543.122,5536.849,5537.938
1762768800,2025-11-10 10:00:00,5537.966,5546.338,5534.621,5545.807
1762772400,2025-11-10 11:00:00,5545.826,5548.017,5538.813,5539.278
1762776000,2025-11-10 12:00:00,5539.484,5539.728,5530.316,5532.442
1762779600,2025-11-10 13:00:00,5532.561,5533.508,5526.055,5528.077
1762783200,2025-11-10 14:00:00,5528.263,5531.174,5520.444,5525.291
1762786800,2025-11-10 15:00:00,5525.132,5526.324,5519.175,5519.759
1762790400,2025-11-10 16:00:00,5519.727,5525.967,5516.278,5524.834
1762794000,2025-11-10 17:00:00,5524.915,5525.726,5516.143,5519.083
1762797600,2025-11-10 18:00:00,5519.227,5531.048,5517.576,5530.587
1762801200,2025-11-10 19:00:00,5530.755,5534.227,5529.577,5530.862
1762804800,2025-11-10 20:00:00,5531.134,5537.094,5528.04,5534.023
1762808400,2025-11-10 21:00:00,5534.091,5544.197,5533.969,5538.07
1762812000,2025-11-10 22:00:00,5538.127,5540.807,5529.044,5530.438
1762815600,2025-11-10 23:00:00,5530.631,5538.156,5529.34,5534.115
1762819200,2025-11-11 00:00:00,5534.128,5539.292,5532.756,5535.798
1762822800,2025-11-11 01:00:00,5535.993,5548.077,5532.573,5546.767
1762826400,2025-11-11 02:00:00,5546.81,5554.977,5543.199,5551.12
1762830000,2025-11-11 03:00:00,5550.92,5559.395,5550.354,5556.829
1762833600,2025-11-11 04:00:00,5556.733,5558.025,5544.212,5544.846
1762837200,2025-11-11 05:00:00,5544.741,5547.006,5538.569,5542.978
1762840800,2025-11-11 06:00:00,5543.044,5544.482,5537.428,5541.197
1762844400,2025-11-11 07:00:00,5541.346,5543.751,5537.906,5538.004
1762848000,2025-11-11 08:00:00,5537.807,5542.293,5534.474,5536.436
1762851600,2025-11-11 09:00:00,5536.461,5545.132,5535.498,5544.955
1762855200,2025-11-11 10:00:00,5544.895,5546.025,5538.037,5542.291
1762858800,2025-11-11 11:00:00,5542.305,5546.171,5540.516,5542.926
1762862400,2025-11-11 12:00:00,5542.942,5543.141,5535.212,5535.859
1762866000,2025-11-11 13:00:00,5535.744,5538.633,5531.671,5537.052
1762869600,2025-11-11 14:00:00,5536.995,5537.905,5529.43,5532.335
1762873200,2025-11-11 15:00:00,5532.217,5533.128,5520.831,5521.052
1762876800,2025-11-11 16:00:00,5521.318,5527.348,5520.632,5522.523
1762880400,2025-11-11 17:00:00,5522.752,5528.12,5519.086,5522.951
1762884000,2025-11-11 18:00:00,5522.823,5524.18,5504.707,5506.35
1762887600,2025-11-11 19:00:00,5506.254,5507.101,5501.608,5505.519
1762891200,2025-11-11 20:00:00,5505.408,5508.897,5502.061,5508.751
1762894800,2025-11-11 21:00:00,5508.684,5517.141,5508.503,5516.891
1762898400,2025-11-11 22:00:00,5516.842,5520.156,5509.388,5515.223
1762902000,2025-11-11 23:00:00,5515.459,5532.343,5514.889,5531.569
1762905600,2025-11-12 00:00:00,5531.654,5532.854,5524.729,5532.433
1762909200,2025-11-12 01:00:00,5532.559,5534.167,5526.691,5530.877
1762912800,2025-11-12 02:00:00,5530.894,5532.299,5515.434,5516.236
1762916400,2025-11-12 03:00:00,5516.245,5520.354,5509.966,5510.044
1762920000,2025-11-12 04:00:00,5510.239,5510.625,5503.133,5503.378
1762923600,2025-11-12 05:00:00,5503.501,5509.732,5496.829,5508.613
1762927200,2025-11-12 06:00:00,5508.725,5509.597,5502.659,5505.543
1762930800,2025-11-12 07:00:00,5505.412,5508.88,5503.747,5508.768
1762934400,2025-11-12 08:00:00,5508.746,5509.882,5493.122,5495.011
1762938000,2025-11-12 09:00:00,5495.109,5500.356,5492.396,5499.457
1762941600,2025-11-12 10:00:00,5499.58,5508.06,5497.594,5506.967
1762945200,2025-11-12 11:00:00,5507.051,5507.298,5497.202,5497.3
1762948800,2025-11-12 12:00:00,5497.247,5501.212,5491.78,5500.221
1762952400,2025-11-12 13:00:00,5500.198,5509.374,5498.962,5507.985
1762956000,2025-11-12 14:00:00,5508.016,5510.972,5505.517,5505.517
1762959600,2025-11-12 15:00:00,5505.732,5509.041,5503.819,5506.886
1762963200,2025-11-12 16:00:00,5506.831,5508.041,5494.024,5494.292
1762966800,2025-11-12 17:00:00,5494.23,5498.824,5492.18,5496.235
1762970400,2025-11-12 18:00:00,5496.021,5498.295,5491.755,5495.793
1762974000,2025-11-12 19:00:00,5495.756,5496.132,5485.347,5485.601
1762977600,2025-11-12 20:00:00,5485.704,5488.621,5483.287,5485.893
1762981200,2025-11-12 21:00:00,5486.18,5497.563,5484.374,5495.939
1762984800,2025-11-12 22:00:00,5496.107,5497.985,5488.518,5489.078
1762988400,2025-11-12 23:00:00,5489.148,5493.415,5487.995,5488.833
1762992000,2025-11-13 00:00:00,5488.677,5492.255,5484.066,5486.865
1762995600,2025-11-13 01:00:00,5486.96,5497.912,5485.502,5493.52
1762999200,2025-11-13 02:00:00,5493.654,5499.007,5490.346,5497.09
1763002800,2025-11-13 03:00:00,5497.029,5500.526,5493.416,5494.99
1763006400,2025-11-13 04:00:00,5495.151,5500.286,5494.151,5495.07
1763010000,2025-11-13 05:00:00,5495.063,5499.962,5494.466,5499.495
1763013600,2025-11-13 06:00:00,5499.419,5509.15,5499.106,5508.992
1763017200,2025-11-13 07:00:00,5508.794,5512.849,5501.395,5503.426
1763020800,2025-11-13 08:00:00,5503.389,5512.762,5493.634,5495.624
1763024400,2025-11-13 09:00:00,5495.702,5497.02,5488.377,5491.564
1763028000,2025-11-13 10:00:00,5491.431,5499.693,5489.871,5496.701
1763031600,2025-11-13 11:00:00,5496.818,5501.408,5493.484,5495.475
1763035200,2025-11-13 12:00:00,5495.512,5496.712,5489.217,5495.778
1763038800,2025-11-13 13:00:00,5495.789,5496.154,5490.318,5490.8
1763042400,2025-11-13 14:00:00,5490.889,5492.571,5486.503,5489.668
1763046000,2025-11-13 15:00:00,5489.427,5489.487,5483.92,5488.399
1763049600,2025-11-13 16:00:00,5488.4,5495.379,5486.755,5490.56
1763053200,2025-11-13 17:00:00,5490.785,5500.966,5489.704,5495.577
1763056800,2025-11-13 18:00:00,5495.478,5498.223,5487.296,5487.407
1763060400,2025-11-13 19:00:00,5487.488,5488.949,5483.114,5486.936
1763064000,2025-11-13 20:00:00,5487.03,5487.385,5482.037,5483.932
1763067600,2025-11-13 21:00:00,5483.833,5485.659,5477.472,5478.592
1763071200,2025-11-13 22:00:00,5478.638,5480.394,5466.44,5467.103
1763074800,2025-11-13 23:00:00,5467.138,5472.519,5462.203,5466.206
1763078400,2025-11-14 00:00:00,5466.248,5470.41,5465.455,5466.124
1763082000,2025-11-14 01:00:00,5466.039,5471.424,5459.693,5469.34
1763085600,2025-11-14 02:00:00,5469.34,5469.761,5459.409,5460.136
1763089200,2025-11-14 03:00:00,5460.126,5461.883,5453.166,5454.869
1763092800,2025-11-14 04:00:00,5454.882,5461.909,5453.675,5460.81
1763096400,2025-11-14 05:00:00,5460.868,5464.449,5455.191,5455.385
1763100000,2025-11-14 06:00:00,5455.507,5460.084,5453.61,5454.981
1763103600,2025-11-14 07:00:00,5455.28,5464.67,5454.317,5462.434
1763107200,2025-11-14 08:00:00,5462.354,5473.226,5461.477,5467.521
1763110800,2025-11-14 09:00:00,5467.551,5471.46,5465.173,5467.786
1763114400,2025-11-14 10:00:00,5467.589,5468.687,5462.11,5463.057
1763118000,2025-11-14 11:00:00,5463.16,5463.722,5456.682,5460.438
1763121600,2025-11-14 12:00:00,5460.298,5464.666,5456.278,5459.539
1763125200,2025-11-14 13:00:00,5459.793,5465.667,5458.189,5463.889
1763128800,2025-11-14 14:00:00,5464.133,5468.799,5463.8,5465.768
1763132400,2025-11-14 15:00:00,5465.876,5467.365,5459.949,5461.514
1763136000,2025-11-14 16:00:00,5461.602,5467.779,5460.449,5462.674
1763139600,2025-11-14 17:00:00,5462.684,5469.047,5456.357,5468.679
1763143200,2025-11-14 18:00:00,5468.85,5476.393,5464.686,5467.52
1763146800,2025-11-14 19:00:00,5467.479,5471.751,5464.851,5470.179
1763150400,2025-11-14 20:00:00,5470.187,5470.818,5462.236,5462.914
1763154000,2025-11-14 21:00:00,5462.829,5464.026,5457.664,5461.1
1763157600,2025-11-14 22:00:00,5461.11,5465.374,5456.094,5459.97
1763161200,2025-11-14 23:00:00,5460.088,5467.043,5456.29,5465.753
1763164800,2025-11-15 00:00:00,5465.596,5471.249,5464.386,5465.181
1763168400,2025-11-15 01:00:00,5465.165,5474.094,5463.585,5472.4
1763172000,2025-11-15 02:00:00,5472.369,5476.967,5467.921,5469.134
1763175600,2025-11-15 03:00:00,5469.231,5481.317,5467.267,5479.75
1763179200,2025-11-15 04:00:00,5479.743,5488.141,5479.519,5482.226
1763182800,2025-11-15 05:00:00,5482.217,5484.279,5469.791,5471.404
1763186400,2025-11-15 06:00:00,5471.29,5482.611,5470.962,5479.108
1763190000,2025-11-15 07:00:00,5478.893,5479.437,5470.272,5472.038
1763193600,2025-11-15 08:00:00,5472.146,5472.146,5460.969,5461.031
1763197200,2025-11-15 09:00:00,5461.214,5465.743,5457.297,5462.898
1763200800,2025-11-15 10:00:00,5463.111,5466.088,5460.244,5462.43
1763204400,2025-11-15 11:00:00,5462.27,5462.966,5453.489,5453.542
1763208000,2025-11-15 12:00:00,5453.673,5454.402,5437.946,5437.986
1763211600,2025-11-15 13:00:00,5437.848,5447.456,5435.68,5444.32
1763215200,2025-11-15 14:00:00,5444.48,5449.296,5439.293,5443.723
1763218800,2025-11-15 15:00:00,5443.929,5445.186,5436.594,5437.756
1763222400,2025-11-15 16:00:00,5437.634,5440.512,5431.181,5438.369
1763226000,2025-11-15 17:00:00,5438.086,5443.398,5436.479,5441.459
1763229600,2025-11-15 18:00:00,5441.609,5443.077,5438.709,5438.738
1763233200,2025-11-15 19:00:00,5438.643,5442.468,5433.716,5434.904
1763236800,2025-11-15 20:00:00,5435.001,5437.384,5430.022,5431.64
1763240400,2025-11-15 21:00:00,5431.481,5437.658,5429.957,5433.662
1763244000,2025-11-15 22:00:00,5433.647,5440.694,5432.903,5437.444
1763247600,2025-11-15 23:00:00,5437.342,5451.448,5434.951,5448.933
1763251200,2025-11-16 00:00:00,5448.975,5457.321,5446.893,5455.89
1763254800,2025-11-16 01:00:00,5455.875,5464.577,5454.339,5461.731
1763258400,2025-11-16 02:00:00,5461.851,5467.77,5461.825,5467.77
1763262000,2025-11-16 03:00:00,5467.779,5467.835,5461.076,5462.669
1763265600,2025-11-16 04:00:00,5462.564,5463.022,5453.688,5456.388
1763269200,2025-11-16 05:00:00,5456.334,5469.491,5456.151,5469.004
1763272800,2025-11-16 06:00:00,5468.916,5479.196,5468.7,5478.864
1763276400,2025-11-16 07:00:00,5478.873,5490.863,5474.888,5488.652
1763280000,2025-11-16 08:00:00,5488.576,5489.307,5484.512,5486.635
1763283600,2025-11-16 09:00:00,5486.576,5496.257,5484.199,5493.875
1763287200,2025-11-16 10:00:00,5493.898,5495.868,5489.775,5495.071
1763290800,2025-11-16 11:00:00,5495.281,5496.067,5486.943,5490.808
1763294400,2025-11-16 12:00:00,5490.993,5493.174,5487.264,5490.699
1763298000,2025-11-16 13:00:00,5490.79,5498.859,5490.788,5496.315
1763301600,2025-11-16 14:00:00,5496.332,5496.931,5487.919,5495.133
1763305200,2025-11-16 15:00:00,5495.371,5500.399,5491.569,5498.383
1763308800,2025-11-16 16:00:00,5498.237,5505.881,5495.933,5496.813
1763312400,2025-11-16 17:00:00,5496.904,5497.697,5489.676,5493.022
1763316000,2025-11-16 18:00:00,5493.06,5493.984,5483.162,5489.456
1763319600,2025-11-16 19:00:00,5489.599,5491.442,5480.441,5481.123
1763323200,2025-11-16 20:00:00,5481.169,5482.994,5468.847,5471.274
1763326800,2025-11-16 21:00:00,5471.374,5473.176,5466.08,5466.08
1763330400,2025-11-16 22:00:00,5466.526,5467.627,5461.968,5464.889
1763334000,2025-11-16 23:00:00,5464.866,5474.643,5464.385,5471.844
1763337600,2025-11-17 00:00:00,5471.985,5478.971,5468.366,5469.855
1763341200,2025-11-17 01:00:00,5470.059,5474.008,5464.776,5466.824
1763344800,2025-11-17 02:00:00,5467.107,5467.463,5462.258,5467.463
1763348400,2025-11-17 03:00:00,5467.501,5472.098,5464.358,5471.971
1763352000,2025-11-17 04:00:00,5471.902,5475.196,5466.346,5468.256
1763355600,2025-11-17 05:00:00,5468.281,5478.721,5467.532,5477.036
1763359200,2025-11-17 06:00:00,5477.32,5485.421,5475.358,5484.025
1763362800,2025-11-17 07:00:00,5484.035,5488.656,5483.264,5486.286
1763366400,2025-11-17 08:00:00,5486.341,5486.696,5480.827,5483.052
1763370000,2025-11-17 09:00:00,5483.236,5489.606,5482.699,5488.346
1763373600,2025-11-17 10:00:00,5488.401,5497.404,5488.157,5496.02
1763377200,2025-11-17 11:00:00,5496.137,5501.556,5492.262,5500.554
1763380800,2025-11-17 12:00:00,5500.504,5510.207,5498.168,5508.155
1763384400,2025-11-17 13:00:00,5508.208,5518.409,5507.255,5517.297
1763388000,2025-11-17 14:00:00,5517.012,5520.443,5515.825,5520.229
1763391600,2025-11-17 15:00:00,5519.975,5525.049,5518.01,5521.267
1763395200,2025-11-17 16:00:00,5521.318,5527.236,5521.318,5527.236
1763398800,2025-11-17 17:00:00,5527.357,5529.106,5522.404,5525.047
1763402400,2025-11-17 18:00:00,5524.925,5528.939,5520.611,5524.106
1763406000,2025-11-17 19:00:00,5524.125,5525.348,5516.849,5521.775
1763409600,2025-11-17 20:00:00,5521.784,5529.447,5518.006,5522.87
1763413200,2025-11-17 21:00:00,5522.822,5524.632,5516.723,5522.022
1763416800,2025-11-17 22:00:00,5521.968,5524.738,5515.436,5523.423
1763420400,2025-11-17 23:00:00,5523.517,5523.792,5516.851,5521.033
1763424000,2025-11-18 00:00:00,5521.001,5527.456,5519.33,5524.323
1763427600,2025-11-18 01:00:00,5524.273,5535.743,5524.131,5535.569
1763431200,2025-11-18 02:00:00,5535.705,5545.47,5533.726,5541.61
1763434800,2025-11-18 03:00:00,5541.375,5547.383,5540.781,5546.093
1763438400,2025-11-18 04:00:00,5545.724,5549.87,5541.797,5543.273
1763442000,2025-11-18 05:00:00,5543.133,5553.102,5538.355,5553.102
1763445600,2025-11-18 06:00:00,5553.221,5555.136,5550.492,5552.915
1763449200,2025-11-18 07:00:00,5552.98,5554.16,5545.664,5546.666
1763452800,2025-11-18 08:00:00,5546.819,5549.306,5536.542,5536.813
1763456400,2025-11-18 09:00:00,5536.794,5550.005,5535.495,5549.739
1763460000,2025-11-18 10:00:00,5549.686,5555.076,5549.123,5553.999
1763463600,2025-11-18 11:00:00,5553.822,5555.555,5544.404,5544.432
1763467200,2025-11-18 12:00:00,5544.538,5552.343,5542.707,5551.656
1763470800,2025-11-18 13:00:00,5551.663,5560.243,5548.81,5560.13
1763474400,2025-11-18 14:00:00,5560.079,5560.33,5551.499,5552.164
1763478000,2025-11-18 15:00:00,5552.077,5553.796,5541.172,5544.784
1763481600,2025-11-18 16:00:00,5544.653,5551.221,5540.923,5547.124
1763485200,2025-11-18 17:00:00,5547.04,5551.148,5541.618,5541.639
1763488800,2025-11-18 18:00:00,5541.521,5545.966,5536.741,5538.267
1763492400,2025-11-18 19:00:00,5538.431,5540.791,5531.381,5535.35
1763496000,2025-11-18 20:00:00,5535.215,5537.171,5527.004,5527.499
1763499600,2025-11-18 21:00:00,5527.353,5533.57,5527.343,5528.686
1763503200,2025-11-18 22:00:00,5528.894,5535.671,5526.912,5532.674
1763506800,2025-11-18 23:00:00,5532.816,5533.54,5523.96,5526.072
1763510400,2025-11-19 00:00:00,5526.046,5531.077,5519.755,5519.894
1763514000,2025-11-19 01:00:00,5519.953,5524.879,5518.486,5522.762
1763517600,2025-11-19 02:00:00,5522.853,5528.857,5521.941,5527.468
1763521200,2025-11-19 03:00:00,5527.58,5528.726,5523.064,5523.402
1763524800,2025-11-19 04:00:00,5523.264,5526.928,5519.486,5525.789
1763528400,2025-11-19 05:00:00,5525.728,5534.651,5520.066,5532.738
1763532000,2025-11-19 06:00:00,5532.844,5535.911,5530.014,5534.342
1763535600,2025-11-19 07:00:00,5534.353,5540.546,5531.508,5539.535
1763539200,2025-11-19 08:00:00,5539.598,5546.626,5538.233,5545.183
1763542800,2025-11-19 09:00:00,5545.219,5554.546,5543.236,5553.751
1763546400,2025-11-19 10:00:00,5554.046,5559.974,5552.475,5554.237
1763550000,2025-11-19 11:00:00,5554.113,5555.918,5543.925,5547.657
1763553600,2025-11-19 12:00:00,5547.683,5548.697,5544.684,5547.454
1763557200,2025-11-19 13:00:00,5547.581,5551.927,5542.722,5543.778
1763560800,2025-11-19 14:00:00,5543.901,5546.315,5538.025,5538.666
1763564400,2025-11-19 15:00:00,5538.84,5538.888,5527.138,5532.165
1763568000,2025-11-19 16:00:00,5532.421,5538.414,5531.424,5534.192
1763571600,2025-11-19 17:00:00,5534.173,5555.285,5533.514,5554.528
1763575200,2025-11-19 18:00:00,5554.423,5562.573,5553.31,5554.11
1763578800,2025-11-19 19:00:00,5554.139,5561.443,5553.355,5561.443
1763582400,2025-11-19 20:00:00,5561.609,5564.786,5557.856,5563.128
1763586000,2025-11-19 21:00:00,5563.263,5573.426,5562.885,5569.968
1763589600,2025-11-19 22:00:00,5569.745,5571.692,5562.871,5566.318
1763593200,2025-11-19 23:00:00,5566.319,5568.119,5558.799,5560.564
1763596800,2025-11-20 00:00:00,5560.661,5563.516,5553.5,5558.392
1763600400,2025-11-20 01:00:00,5558.58,5570.145,5555.39,5569.871
1763604000,2025-11-20 02:00:00,5569.822,5579.278,5568.774,5576.576
1763607600,2025-11-20 03:00:00,5576.792,5576.803,5563.358,5563.887
1763611200,2025-11-20 04:00:00,5563.979,5568.238,5561.914,5564.961
1763614800,2025-11-20 05:00:00,5564.941,5567.114,5561.97,5566.956
1763618400,2025-11-20 06:00:00,5566.826,5568.312,5559.918,5560.307
1763622000,2025-11-20 07:00:00,5560.471,5562.173,5554.647,5557.383
1763625600,2025-11-20 08:00:00,5557.517,5559.212,5549.57,5550.209
1763629200,2025-11-20 09:00:00,5550.178,5557.077,5546.053,5556.144
1763632800,2025-11-20 10:00:00,5556.282,5562.968,5550.596,5562.219
1763636400,2025-11-20 11:00:00,5562.313,5572.11,5560.578,5570.042
1763640000,2025-11-20 12:00:00,5570.228,5578.351,5567.912,5573.055
1763643600,2025-11-20 13:00:00,5573.158,5580.985,5572.764,5577.284
1763647200,2025-11-20 14:00:00,5577.266,5579.067,5570.616,5571.628
1763650800,2025-11-20 15:00:00,5571.52,5577.144,5567.681,5574.422
1763654400,2025-11-20 16:00:00,5574.547,5577.187,5570.169,5572.177
1763658000,2025-11-20 17:00:00,5572.386,5574.421,5566.266,5566.666
1763661600,2025-11-20 18:00:00,5566.642,5573.504,5564.945,5572.831
1763665200,2025-11-20 19:00:00,5572.791,5576.176,5569.998,5575.787
1763668800,2025-11-20 20:00:00,5575.752,5577.669,5567.7,5568.763
1763672400,2025-11-20 21:00:00,5568.632,5569.46,5555.717,5558.264
1763676000,2025-11-20 22:00:00,5558.082,5564.112,5555.887,5557.437
1763679600,2025-11-20 23:00:00,5557.541,5558.184,5549.58,5553.06
1763683200,2025-11-21 00:00:00,5553.153,5559.819,5550.185,5553.365
1763686800,2025-11-21 01:00:00,5553.304,5557.58,5551.696,5553.33
1763690400,2025-11-21 02:00:00,5553.391,5562.119,5549.604,5561.54
1763694000,2025-11-21 03:00:00,5561.602,5566.119,5558.664,5565.812
1763697600,2025-11-21 04:00:00,5565.671,5565.843,5556.903,5559.106
1763701200,2025-11-21 05:00:00,5558.899,5559.231,5553.194,5556.052
1763704800,2025-11-21 06:00:00,5555.986,5561.167,5548.337,5548.888
1763708400,2025-11-21 07:00:00,5549.189,5553.468,5548.047,5551.617
1763712000,2025-11-21 08:00:00,5551.712,5551.723,5541.492,5544.079
1763715600,2025-11-21 09:00:00,5544.232,5544.365,5532.127,5532.127
1763719200,2025-11-21 10:00:00,5532.141,5536.712,5527.062,5528.215
1763722800,2025-11-21 11:00:00,5528.264,5531.003,5523.312,5524.407
1763726400,2025-11-21 12:00:00,5524.321,5524.935,5512.125,5515.776
1763730000,2025-11-21 13:00:00,5515.838,5523.116,5513.859,5523.038
1763733600,2025-11-21 14:00:00,5523.02,5524.048,5511.373,5512.312
1763737200,2025-11-21 15:00:00,5512.31,5518.035,5508.78,5516.473
1763740800,2025-11-21 16:00:00,5516.412,5520.344,5512.336,5519.254
1763744400,2025-11-21 17:00:00,5519.323,5521.433,5514.347,5519.287
1763748000,2025-11-21 18:00:00,5519.393,5519.678,5507.342,5507.724
1763751600,2025-11-21 19:00:00,5507.541,5518.177,5506.282,5517.177
1763755200,2025-11-21 20:00:00,5516.94,5517.74,5508.407,5509.449
1763758800,2025-11-21 21:00:00,5509.289,5509.983,5503.917,5506.934
1763762400,2025-11-21 22:00:00,5506.998,5513.541,5505.718,5509.916
1763766000,2025-11-21 23:00:00,5510.128,5513.696,5503.728,5512.617
1763769600,2025-11-22 00:00:00,5512.694,5513.387,5499.826,5499.885
1763773200,2025-11-22 01:00:00,5499.75,5500.538,5490.944,5498.719
1763776800,2025-11-22 02:00:00,5498.788,5501.658,5493.433,5495.818
1763780400,2025-11-22 03:00:00,5495.706,5507.289,5494.275,5506.368
1763784000,2025-11-22 04:00:00,5506.538,5516.986,5506.187,5514.027
1763787600,2025-11-22 05:00:00,5514.165,5515.406,5507.632,5507.933
1763791200,2025-11-22 06:00:00,5508.157,5511.412,5503.457,5503.972
1763794800,2025-11-22 07:00:00,5504.415,5514.923,5503.461,5512.763
1763798400,2025-11-22 08:00:00,5512.62,5521.11,5510.981,5519.974
1763802000,2025-11-22 09:00:00,5519.859,5522.241,5516.14,5518.651
1763805600,2025-11-22 10:00:00,5518.837,5520.628,5514.249,5516.027
1763809200,2025-11-22 11:00:00,5516.125,5518.596,5511.821,5512.327
1763812800,2025-11-22 12:00:00,5512.413,5512.938,5502.416,5502.981
1763816400,2025-11-22 13:00:00,5502.902,5507.149,5496.599,5496.599
1763820000,2025-11-22 14:00:00,5496.675,5499.305,5493.754,5494.236
1763823600,2025-11-22 15:00:00,5494.123,5494.123,5484.86,5487.057
1763827200,2025-11-22 16:00:00,5487.098,5488.18,5479.102,5486.969
1763830800,2025-11-22 17:00:00,5487.143,5490.512,5479.516,5481.005
1763834400,2025-11-22 18:00:00,5481.092,5485.352,5475.382,5481.308
1763838000,2025-11-22 19:00:00,5481.359,5484.574,5477.689,5480.05
1763841600,2025-11-22 20:00:00,5479.91,5491.851,5479.134,5483.593
1763845200,2025-11-22 21:00:00,5483.646,5484.595,5478.827,5482.921
1763848800,2025-11-22 22:00:00,5482.744,5484.976,5477.701,5484.32
1763852400,2025-11-22 23:00:00,5484.257,5491.544,5484.077,5488.129
1763856000,2025-11-23 00:00:00,5488.025,5492.976,5486.113,5488.93
1763859600,2025-11-23 01:00:00,5489.013,5501.621,5488.856,5501.559
1763863200,2025-11-23 02:00:00,5501.311,5506.759,5498.792,5505.248
1763866800,2025-11-23 03:00:00,5505.23,5507.196,5494.638,5497.735
1763870400,2025-11-23 04:00:00,5497.776,5502.115,5495.283,5497.623
1763874000,2025-11-23 05:00:00,5497.524,5501.486,5493.476,5501.34
1763877600,2025-11-23 06:00:00,5501.148,5504.851,5499.507,5502.69
1763881200,2025-11-23 07:00:00,5502.707,5504.029,5487.038,5488.672
1763884800,2025-11-23 08:00:00,5488.691,5495.712,5487.347,5491.984
1763888400,2025-11-23 09:00:00,5492.193,5496.827,5488.559,5492.647
1763892000,2025-11-23 10:00:00,5492.554,5496.19,5489.763,5491.096
1763895600,2025-11-23 11:00:00,5491.487,5497.731,5487.534,5491.106
1763899200,2025-11-23 12:00:00,5490.936,5496.53,5489.976,5494.988
1763902800,2025-11-23 13:00:00,5495.063,5496.252,5487.381,5487.813
1763906400,2025-11-23 14:00:00,5487.931,5495.6,5486.79,5492.807
1763910000,2025-11-23 15:00:00,5492.848,5503.329,5491.195,5501.206
1763913600,2025-11-23 16:00:00,5500.986,5511.445,5496.936,5511.445
1763917200,2025-11-23 17:00:00,5511.808,5518.424,5504.082,5506.005
1763920800,2025-11-23 18:00:00,5505.886,5506.741,5493.777,5497.788
1763924400,2025-11-23 19:00:00,5497.716,5501.967,5493.424,5495.523
1763928000,2025-11-23 20:00:00,5495.458,5495.663,5487.968,5491.389
1763931600,2025-11-23 21:00:00,5491.457,5496.782,5489.15,5493.331
1763935200,2025-11-23 22:00:00,5493.377,5496.714,5480.885,5482.854
1763938800,2025-11-23 23:00:00,5482.792,5489.972,5480.945,5489.154
1763942400,2025-11-24 00:00:00,5489.058,5497.003,5488.434,5496.295
1763946000,2025-11-24 01:00:00,5496.475,5504.886,5493.683,5504.754
1763949600,2025-11-24 02:00:00,5504.736,5509.857,5502.004,5504.159
1763953200,2025-11-24 03:00:00,5504.098,5505.303,5494.239,5497.625
1763956800,2025-11-24 04:00:00,5497.378,5501.4,5492.22,5493.741
1763960400,2025-11-24 05:00:00,5493.524,5495.142,5480.68,5482.598
1763964000,2025-11-24 06:00:00,5482.595,5494.215,5482.595,5485.703
1763967600,2025-11-24 07:00:00,5485.596,5487.537,5480.542,5486.138
1763971200,2025-11-24 08:00:00,5486.246,5487.908,5478.393,5482.494
1763974800,2025-11-24 09:00:00,5482.56,5488.501,5479.296,5486.758
1763978400,2025-11-24 10:00:00,5486.715,5489.793,5480.738,5482.127
1763982000,2025-11-24 11:00:00,5482.216,5484.509,5476.081,5477.689
1763985600,2025-11-24 12:00:00,5477.9,5478.779,5471.101,5471.101
1763989200,2025-11-24 13:00:00,5471.248,5472.473,5459.607,5467.266
1763992800,2025-11-24 14:00:00,5467.294,5470.806,5465.449,5466.846
1763996400,2025-11-24 15:00:00,5466.907,5472.799,5462.705,5466.523
1764000000,2025-11-24 16:00:00,5466.456,5471.486,5466.153,5467.229
1764003600,2025-11-24 17:00:00,5467.355,5469.168,5458.997,5459.522
1764007200,2025-11-24 18:00:00,5459.678,5462.35,5453.537,5460.836
1764010800,2025-11-24 19:00:00,5460.652,5471.029,5459.54,5470.815
1764014400,2025-11-24 20:00:00,5470.832,5471.772,5463.902,5464.083
1764018000,2025-11-24 21:00:00,5464.041,5465.56,5449.429,5454.439
1764021600,2025-11-24 22:00:00,5454.343,5460.952,5452.506,5457.195
1764025200,2025-11-24 23:00:00,5457.063,5458.429,5452.146,5453.873
1764028800,2025-11-25 00:00:00,5453.998,5456.228,5447.357,5450.34
1764032400,2025-11-25 01:00:00,5450.311,5453.126,5446.598,5446.598
1764036000,2025-11-25 02:00:00,5446.783,5447.553,5435.707,5441.581
1764039600,2025-11-25 03:00:00,5441.597,5446.048,5439.837,5440.066
1764043200,2025-11-25 04:00:00,5440.081,5442.738,5436.471,5437.587
1764046800,2025-11-25 05:00:00,5437.447,5446.645,5435.009,5442.281
1764050400,2025-11-25 06:00:00,5442.45,5444.809,5436.753,5441.938
1764054000,2025-11-25 07:00:00,5441.967,5447.839,5441.27,5446.198
1764057600,2025-11-25 08:00:00,5446.053,5446.524,5433.924,5434.356
1764061200,2025-11-25 09:00:00,5434.245,5437.754,5424.67,5435.025
1764064800,2025-11-25 10:00:00,5435.094,5437.368,5429.497,5430.884
1764068400,2025-11-25 11:00:00,5430.843,5433.614,5425.627,5426.793
1764072000,2025-11-25 12:00:00,5426.8,5430.857,5423.725,5425.723
1764075600,2025-11-25 13:00:00,5425.463,5427.507,5418.825,5418.895
1764079200,2025-11-25 14:00:00,5418.665,5420.895,5413.994,5419.427
1764082800,2025-11-25 15:00:00,5419.413,5420.016,5412.823,5418.689
1764086400,2025-11-25 16:00:00,5418.387,5427.617,5418.387,5427.069
1764090000,2025-11-25 17:00:00,5426.831,5428.459,5420.043,5421.348
1764093600,2025-11-25 18:00:00,5421.244,5423.299,5416.729,5418.894
1764097200,2025-11-25 19:00:00,5418.801,5426.673,5415.895,5426.31
1764100800,2025-11-25 20:00:00,5426.242,5440.553,5425.579,5435.347
1764104400,2025-11-25 21:00:00,5435.517,5442.159,5433.709,5440.735
1764108000,2025-11-25 22:00:00,5440.68,5443.027,5427.211,5427.535
1764111600,2025-11-25 23:00:00,5427.718,5434.919,5425.149,5434.557
1764115200,2025-11-26 00:00:00,5434.536,5435.645,5425.205,5425.787
1764118800,2025-11-26 01:00:00,5425.895,5426.54,5413.258,5415.53
1764122400,2025-11-26 02:00:00,5415.536,5417.556,5411.875,5414.231
1764126000,2025-11-26 03:00:00,5414.455,5415.547,5403.352,5414.9
1764129600,2025-11-26 04:00:00,5414.802,5417.119,5408.743,5409.136
1764133200,2025-11-26 05:00:00,5409.304,5410.896,5403.222,5404.196
1764136800,2025-11-26 06:00:00,5404.374,5406.986,5401.648,5402.154
1764140400,2025-11-26 07:00:00,5402.306,5404.631,5397.339,5403.952
1764144000,2025-11-26 08:00:00,5403.962,5405.729,5399.512,5405.349
1764147600,2025-11-26 09:00:00,5405.546,5413.464,5403.618,5408.488
1764151200,2025-11-26 10:00:00,5408.576,5408.576,5397.946,5399.164
1764154800,2025-11-26 11:00:00,5399.264,5409.683,5398.763,5407.36
1764158400,2025-11-26 12:00:00,5407.249,5416.675,5406.038,5410.907
1764162000,2025-11-26 13:00:00,5410.924,5420.581,5410.585,5418.497
1764165600,2025-11-26 14:00:00,5418.518,5420.6,5412.728,5418.14
1764169200,2025-11-26 15:00:00,5418.074,5418.556,5410.497,5413.485
1764172800,2025-11-26 16:00:00,5413.5,5417.151,5408.721,5417.101
1764176400,2025-11-26 17:00:00,5417.073,5420.145,5406.265,5406.365
1764180000,2025-11-26 18:00:00,5406.211,5411.689,5405.562,5409.171
1764183600,2025-11-26 19:00:00,5409.198,5409.228,5402.757,5402.841
1764187200,2025-11-26 20:00:00,5402.8,5408.455,5397.938,5398.426
1764190800,2025-11-26 21:00:00,5398.426,5398.426,5383.507,5385.032
1764194400,2025-11-26 22:00:00,5385.253,5385.631,5366.562,5366.567
1764198000,2025-11-26 23:00:00,5366.517,5370.839,5364.776,5369.391
1764201600,2025-11-27 00:00:00,5369.435,5371.582,5361.442,5363.707
1764205200,2025-11-27 01:00:00,5363.702,5366.109,5358.957,5360.343
1764208800,2025-11-27 02:00:00,5360.249,5371.443,5359.066,5366.744
1764212400,2025-11-27 03:00:00,5366.642,5377.643,5364.315,5375.191
1764216000,2025-11-27 04:00:00,5375.366,5377.343,5373.298,5377.343
1764219600,2025-11-27 05:00:00,5377.677,5379.505,5370.976,5371.824
1764223200,2025-11-27 06:00:00,5372.002,5377.263,5367.278,5368.453
1764226800,2025-11-27 07:00:00,5368.353,5374.046,5367.08,5371.873
1764230400,2025-11-27 08:00:00,5371.928,5376.007,5370.364,5375.114
1764234000,2025-11-27 09:00:00,5375.174,5383.629,5375.174,5380.171
1764237600,2025-11-27 10:00:00,5380.371,5380.825,5373.187,5378.352
1764241200,2025-11-27 11:00:00,5378.441,5381.338,5371.203,5379.936
1764244800,2025-11-27 12:00:00,5379.984,5380.948,5375.556,5378.807
1764248400,2025-11-27 13:00:00,5378.821,5381.256,5376.434,5377.95
1764252000,2025-11-27 14:00:00,5377.85,5381.318,5370.071,5375.278
1764255600,2025-11-27 15:00:00,5375.244,5378.16,5371.673,5377.643
1764259200,2025-11-27 16:00:00,5377.5,5385.259,5377.116,5380.321
1764262800,2025-11-27 17:00:00,5380.466,5381.064,5374.149,5377.448
1764266400,2025-11-27 18:00:00,5377.428,5379.437,5368.428,5369.093
1764270000,2025-11-27 19:00:00,5369.062,5377.636,5368.804,5376.841
1764273600,2025-11-27 20:00:00,5376.855,5380.84,5375.976,5380.8
1764277200,2025-11-27 21:00:00,5380.922,5381.992,5374.313,5376.831
1764280800,2025-11-27 22:00:00,5376.739,5384.75,5375.782,5384.476
1764284400,2025-11-27 23:00:00,5384.482,5395.584,5384.343,5391.881
1764288000,2025-11-28 00:00:00,5391.889,5393.719,5384.52,5386.773
1764291600,2025-11-28 01:00:00,5386.784,5387.758,5381.64,5385.685
1764295200,2025-11-28 02:00:00,5385.819,5396.448,5385.663,5389.676
1764298800,2025-11-28 03:00:00,5389.681,5391.238,5380.927,5382.96
1764302400,2025-11-28 04:00:00,5383.223,5396.517,5383.055,5395.376
1764306000,2025-11-28 05:00:00,5395.695,5397.687,5390.325,5397.471
1764309600,2025-11-28 06:00:00,5397.529,5400.235,5395.004,5399.833
1764313200,2025-11-28 07:00:00,5399.652,5401.727,5390.775,5390.775
1764316800,2025-11-28 08:00:00,5390.502,5390.502,5379.899,5381.609
1764320400,2025-11-28 09:00:00,5381.749,5386.363,5380.66,5381.415
1764324000,2025-11-28 10:00:00,5381.325,5387.942,5374.167,5374.167
1764327600,2025-11-28 11:00:00,5374.201,5378.959,5372.659,5372.659
1764331200,2025-11-28 12:00:00,5372.68,5380.348,5371.593,5377.954
1764334800,2025-11-28 13:00:00,5377.791,5385.596,5375.554,5382.652
1764338400,2025-11-28 14:00:00,5382.81,5385.93,5379.44,5380.338
1764342000,2025-11-28 15:00:00,5380.292,5387.067,5378.898,5382.153
1764345600,2025-11-28 16:00:00,5382.191,5384.178,5377.554,5382.188
1764349200,2025-11-28 17:00:00,5382.194,5384.752,5378.152,5383.306
1764352800,2025-11-28 18:00:00,5383.44,5388.98,5378.788,5379.575
1764356400,2025-11-28 19:00:00,5379.573,5393.018,5377.654,5391.935
1764360000,2025-11-28 20:00:00,5391.985,5392.048,5379.423,5385.834
1764363600,2025-11-28 21:00:00,5385.997,5396.34,5385.813,5393.835
1764367200,2025-11-28 22:00:00,5393.772,5406.334,5392.044,5404.474
1764370800,2025-11-28 23:00:00,5404.587,5411.531,5402.414,5407.756
1764374400,2025-11-29 00:00:00,5407.817,5411.98,5404.874,5410.053
1764378000,2025-11-29 01:00:00,5410.349,5415.751,5406.516,5414.105
1764381600,2025-11-29 02:00:00,5414.282,5416.794,5405.827,5408.007
1764385200,2025-11-29 03:00:00,5408.014,5422.678,5406.666,5422.172
1764388800,2025-11-29 04:00:00,5422.108,5427.224,5420.32,5426.891
1764392400,2025-11-29 05:00:00,5426.76,5427.94,5416.8,5419.557
1764396000,2025-11-29 06:00:00,5419.652,5426.498,5415.058,5416.909
1764399600,2025-11-29 07:00:00,5417.081,5426.6,5416.597,5425.437
1764403200,2025-11-29 08:00:00,5425.432,5427.675,5416.571,5418.359
1764406800,2025-11-29 09:00:00,5418.441,5429.281,5417.31,5427.642
1764410400,2025-11-29 10:00:00,5427.766,5427.92,5418.461,5426.575
1764414000,2025-11-29 11:00:00,5426.583,5432.612,5426.303,5427.668
1764417600,2025-11-29 12:00:00,5427.557,5431.726,5421.579,5423.831
1764421200,2025-11-29 13:00:00,5423.894,5429.279,5415.201,5416.717
1764424800,2025-11-29 14:00:00,5416.744,5418.831,5404.562,5409.698
1764428400,2025-11-29 15:00:00,5409.841,5411.361,5399.986,5401.194
1764432000,2025-11-29 16:00:00,5401.215,5402.386,5395.798,5401.302
1764435600,2025-11-29 17:00:00,5401.352,5401.692,5396.652,5399.808
1764439200,2025-11-29 18:00:00,5399.651,5401.55,5387.604,5388.137
1764442800,2025-11-29 19:00:00,5388.162,5397.643,5388.036,5397.41
1764446400,2025-11-29 20:00:00,5397.144,5403.498,5396.344,5403.119
1764450000,2025-11-29 21:00:00,5402.859,5410.614,5401.29,5406.336
1764453600,2025-11-29 22:00:00,5406.425,5410.847,5404.33,5407.461
1764457200,2025-11-29 23:00:00,5407.482,5422.153,5406.908,5419.291
1764460800,2025-11-30 00:00:00,5419.396,5429.069,5418.026,5427.248
1764464400,2025-11-30 01:00:00,5427.106,5428.896,5424.052,5426.188
1764468000,2025-11-30 02:00:00,5426.149,5427.271,5415.666,5425.129
1764471600,2025-11-30 03:00:00,5424.908,5428.749,5419.53,5425.026
1764475200,2025-11-30 04:00:00,5425.015,5427.275,5418.83,5424.396
1764478800,2025-11-30 05:00:00,5424.487,5430.209,5424.186,5428.533
1764482400,2025-11-30 06:00:00,5428.605,5428.649,5421.038,5421.33
1764486000,2025-11-30 07:00:00,5421.367,5433.93,5421.005,5429.938
1764489600,2025-11-30 08:00:00,5429.957,5432.491,5419.082,5421.736
1764493200,2025-11-30 09:00:00,5421.454,5428.796,5418.744,5428.239
1764496800,2025-11-30 10:00:00,5428.129,5430.813,5424.259,5425.492
1764500400,2025-11-30 11:00:00,5425.524,5432.218,5421.556,5429.518
1764504000,2025-11-30 12:00:00,5429.367,5435.795,5427.346,5431.423
1764507600,2025-11-30 13:00:00,5431.233,5435.498,5428.73,5429.2
1764511200,2025-11-30 14:00:00,5429.381,5429.381,5422.368,5424.49
1764514800,2025-11-30 15:00:00,5424.59,5432.644,5424.142,5432.573
1764518400,2025-11-30 16:00:00,5432.574,5435.677,5429.613,5434.804
1764522000,2025-11-30 17:00:00,5434.877,5443.64,5434.297,5442.559
1764525600,2025-11-30 18:00:00,5442.594,5444.627,5436.079,5441.906
1764529200,2025-11-30 19:00:00,5441.934,5447.133,5439.283,5446.301
1764532800,2025-11-30 20:00:00,5446.245,5449.82,5444.791,5448.516
1764536400,2025-11-30 21:00:00,5448.487,5448.487,5432.008,5432.178
1764540000,2025-11-30 22:00:00,5432.002,5434.423,5428.415,5430.874
1764543600,2025-11-30 23:00:00,5431.186,5433.421,5423.271,5423.52
1764547200,2025-12-01 00:00:00,5423.517,5427.203,5419.715,5424.406
1764550800,2025-12-01 01:00:00,5424.436,5434.167,5422.048,5434.167
1764554400,2025-12-01 02:00:00,5434.014,5438.468,5428.957,5436.966
1764558000,2025-12-01 03:00:00,5437.215,5453.858,5434.89,5452.446
1764561600,2025-12-01 04:00:00,5452.38,5453.432,5436.396,5436.639
1764565200,2025-12-01 05:00:00,5436.578,5441.262,5433.346,5438.696
1764568800,2025-12-01 06:00:00,5438.471,5447.718,5437.325,5446.321
1764572400,2025-12-01 07:00:00,5446.419,5456.267,5442.627,5454.84
1764576000,2025-12-01 08:00:00,5454.563,5455.9,5448.033,5451.193
1764579600,2025-12-01 09:00:00,5451.295,5455.161,5446.459,5453.533
1764583200,2025-12-01 10:00:00,5453.664,5460.519,5453.498,5458.301
1764586800,2025-12-01 11:00:00,5458.492,5460.691,5454.263,5455.937
1764590400,2025-12-01 12:00:00,5455.904,5458.59,5448.117,5457.982
1764594000,2025-12-01 13:00:00,5457.885,5461.765,5451.722,5457.74
1764597600,2025-12-01 14:00:00,5457.754,5458.073,5441.755,5442.18
1764601200,2025-12-01 15:00:00,5442.435,5443.963,5429.443,5433.81
1764604800,2025-12-01 16:00:00,5433.622,5434.442,5427.144,5430.036
1764608400,2025-12-01 17:00:00,5429.995,5437.201,5427.12,5436.306
1764612000,2025-12-01 18:00:00,5436.251,5438.871,5427.053,5428.299
1764615600,2025-12-01 19:00:00,5428.406,5429.337,5422.743,5422.983
1764619200,2025-12-01 20:00:00,5422.847,5429.731,5420.882,5427.091
1764622800,2025-12-01 21:00:00,5427.06,5430.698,5423.6,5425.221
1764626400,2025-12-01 22:00:00,5425.206,5430.677,5425.206,5426.249
1764630000,2025-12-01 23:00:00,5426.195,5433.57,5425.119,5430.106
1764633600,2025-12-02 00:00:00,5429.978,5433.608,5423.406,5424.291
1764637200,2025-12-02 01:00:00,5424.112,5432.252,5421.939,5427.216
1764640800,2025-12-02 02:00:00,5427.4,5433.423,5427.4,5431.675
1764644400,2025-12-02 03:00:00,5431.784,5434.216,5426.781,5428.371
1764648000,2025-12-02 04:00:00,5428.343,5437.642,5426.64,5436.958
1764651600,2025-12-02 05:00:00,5437.107,5444.712,5434.777,5443.155
1764655200,2025-12-02 06:00:00,5443.133,5448.519,5442.153,5442.454
1764658800,2025-12-02 07:00:00,5442.47,5446.23,5440.078,5442.62
1764662400,2025-12-02 08:00:00,5442.729,5443.229,5436.23,5439.825
1764666000,2025-12-02 09:00:00,5439.76,5445.808,5439.132,5443.879
1764669600,2025-12-02 10:00:00,5443.892,5446.049,5439.859,5446.003
1764673200,2025-12-02 11:00:00,5446.116,5450.435,5442.888,5445.801
1764676800,2025-12-02 12:00:00,5445.687,5453.283,5445.533,5447.59
1764680400,2025-12-02 13:00:00,5447.71,5453.066,5445.608,5446.317
1764684000,2025-12-02 14:00:00,5446.25,5448.299,5440.203,5443.714
1764687600,2025-12-02 15:00:00,5443.595,5447.316,5437.639,5440.542
1764691200,2025-12-02 16:00:00,5440.497,5443.739,5437.996,5439.599
1764694800,2025-12-02 17:00:00,5439.362,5444.367,5438.582,5443.906
1764698400,2025-12-02 18:00:00,5443.767,5447.273,5441.357,5443.114
1764702000,2025-12-02 19:00:00,5443.323,5448.118,5440.167,5440.542
1764705600,2025-12-02 20:00:00,5440.577,5445.908,5439.262,5445.421
1764709200,2025-12-02 21:00:00,5445.672,5447.596,5439.585,5446.776
1764712800,2025-12-02 22:00:00,5446.826,5450.059,5444.841,5448.882
1764716400,2025-12-02 23:00:00,5448.982,5455.998,5448.951,5451.812
1764720000,2025-12-03 00:00:00,5451.818,5454.915,5448.875,5453.495
1764723600,2025-12-03 01:00:00,5453.72,5457.83,5448.345,5454.621
1764727200,2025-12-03 02:00:00,5454.816,5459.154,5450.558,5457.917
1764730800,2025-12-03 03:00:00,5458.053,5460.936,5451.763,5452.116
1764734400,2025-12-03 04:00:00,5452.182,5458.221,5449.719,5452.783
1764738000,2025-12-03 05:00:00,5452.55,5455.906,5445.653,5447.523
1764741600,2025-12-03 06:00:00,5447.562,5447.88,5432.067,5432.489
1764745200,2025-12-03 07:00:00,5432.436,5438.151,5432.323,5436.674
1764748800,2025-12-03 08:00:00,5436.597,5443.918,5436.338,5440.241
1764752400,2025-12-03 09:00:00,5440.173,5442.521,5434.833,5442.394
1764756000,2025-12-03 10:00:00,5442.471,5444.374,5436.834,5442.248
1764759600,2025-12-03 11:00:00,5442.408,5459.146,5441.836,5456.399
1764763200,2025-12-03 12:00:00,5456.622,5459.759,5454.25,5457.532
1764766800,2025-12-03 13:00:00,5457.743,5467.161,5454.962,5465.739
1764770400,2025-12-03 14:00:00,5465.809,5469.851,5462.922,5464.598
1764774000,2025-12-03 15:00:00,5464.549,5464.948,5454.645,5463.125
1764777600,2025-12-03 16:00:00,5463.207,5463.487,5456.951,5457.229
1764781200,2025-12-03 17:00:00,5456.962,5469.859,5455.674,5466.442
1764784800,2025-12-03 18:00:00,5466.539,5466.539,5459.47,5460.946
1764788400,2025-12-03 19:00:00,5460.952,5462.337,5452.866,5454.957
1764792000,2025-12-03 20:00:00,5454.708,5454.873,5443.488,5444.847
1764795600,2025-12-03 21:00:00,5444.804,5452.339,5444.804,5449.108
1764799200,2025-12-03 22:00:00,5449.064,5449.362,5438.925,5444.375
1764802800,2025-12-03 23:00:00,5444.549,5449.788,5436.709,5437.022
1764806400,2025-12-04 00:00:00,5437.066,5440.518,5432.322,5437.021
1764810000,2025-12-04 01:00:00,5437.133,5445.999,5436.804,5445.224
1764813600,2025-12-04 02:00:00,5445.295,5448.087,5438.639,5441.136
1764817200,2025-12-04 03:00:00,5440.95,5450.556,5439.61,5447.875
1764820800,2025-12-04 04:00:00,5447.486,5450.587,5442.442,5447.835
1764824400,2025-12-04 05:00:00,5448.087,5449.495,5439.103,5439.103
1764828000,2025-12-04 06:00:00,5439.136,5443.958,5434.152,5441.61
1764831600,2025-12-04 07:00:00,5441.448,5443.403,5437.928,5441.506
1764835200,2025-12-04 08:00:00,5441.305,5448.375,5439.273,5446.961
1764838800,2025-12-04 09:00:00,5447.162,5456.267,5444.782,5455.775
1764842400,2025-12-04 10:00:00,5455.859,5456.432,5447.231,5455.276
1764846000,2025-12-04 11:00:00,5455.545,5460.601,5451.509,5454.491
1764849600,2025-12-04 12:00:00,5454.668,5460.913,5454.028,5458.123
1764853200,2025-12-04 13:00:00,5458.017,5462.884,5454.626,5460.742
1764856800,2025-12-04 14:00:00,5460.669,5469.001,5460.195,5468.371
1764860400,2025-12-04 15:00:00,5468.364,5469.803,5464.336,5466.283
1764864000,2025-12-04 16:00:00,5466.168,5472.188,5462.013,5468.842
1764867600,2025-12-04 17:00:00,5469.033,5474.716,5467.045,5469.238
1764871200,2025-12-04 18:00:00,5469.212,5469.238,5460.499,5461.917
1764874800,2025-12-04 19:00:00,5461.982,5464.808,5458.535,5462.385
1764878400,2025-12-04 20:00:00,5462.55,5465.376,5458.209,5462.626
1764882000,2025-12-04 21:00:00,5462.436,5463.627,5455.962,5460.729
1764885600,2025-12-04 22:00:00,5460.871,5471.534,5457.922,5469.647
1764889200,2025-12-04 23:00:00,5469.852,5478.857,5467.597,5477.566
1764892800,2025-12-05 00:00:00,5477.517,5483.631,5476.187,5482.506
1764896400,2025-12-05 01:00:00,5482.714,5485.66,5479.372,5481.615
1764900000,2025-12-05 02:00:00,5481.68,5483.447,5474.996,5475.84
1764903600,2025-12-05 03:00:00,5475.812,5489.519,5474.745,5484.287
1764907200,2025-12-05 04:00:00,5484.289,5488.25,5481.933,5486.311
1764910800,2025-12-05 05:00:00,5486.395,5488.551,5481,5485.192
1764914400,2025-12-05 06:00:00,5485.077,5490.835,5484.193,5486.132
1764918000,2025-12-05 07:00:00,5486.083,5489.918,5483.122,5488.324
1764921600,2025-12-05 08:00:00,5488.081,5493.753,5487.863,5493.471
1764925200,2025-12-05 09:00:00,5493.422,5501.04,5492.896,5495.865
1764928800,2025-12-05 10:00:00,5495.723,5497.616,5486.992,5495.017
1764932400,2025-12-05 11:00:00,5495.03,5502.834,5494.884,5501.479
1764936000,2025-12-05 12:00:00,5501.468,5503.646,5498.652,5501.399
1764939600,2025-12-05 13:00:00,5501.407,5503.551,5496.653,5498.185
1764943200,2025-12-05 14:00:00,5498.472,5505.28,5496.529,5497.088
1764946800,2025-12-05 15:00:00,5497.247,5506.664,5497.2,5504.773
1764950400,2025-12-05 16:00:00,5504.851,5513.438,5498.125,5512.942
1764954000,2025-12-05 17:00:00,5512.988,5522.868,5511.621,5522.618
1764957600,2025-12-05 18:00:00,5522.504,5522.862,5514.745,5519.733
1764961200,2025-12-05 19:00:00,5519.709,5521.508,5514.344,5517.439
1764964800,2025-12-05 20:00:00,5517.157,5517.926,5509.585,5514.186
1764968400,2025-12-05 21:00:00,5514.122,5516.228,5509.866,5512.585
1764972000,2025-12-05 22:00:00,5512.466,5516.563,5510.476,5513.377
1764975600,2025-12-05 23:00:00,5513.254,5518.907,5512.322,5517.267
1764979200,2025-12-06 00:00:00,5517.061,5523.453,5515.391,5520.907
1764982800,2025-12-06 01:00:00,5521.308,5521.955,5509.713,5510.842
1764986400,2025-12-06 02:00:00,5510.862,5512.471,5505.61,5509.809
1764990000,2025-12-06 03:00:00,5509.639,5510.759,5498.81,5500.066
1764993600,2025-12-06 04:00:00,5500.131,5501.254,5492.48,5495.382
1764997200,2025-12-06 05:00:00,5495.522,5497.525,5492.796,5495.722
1765000800,2025-12-06 06:00:00,5495.527,5496.878,5486.788,5486.929
1765004400,2025-12-06 07:00:00,5486.988,5494.44,5486.458,5492.504
1765008000,2025-12-06 08:00:00,5492.555,5501.042,5490.865,5499.472
1765011600,2025-12-06 09:00:00,5499.642,5499.642,5487.855,5490.439
1765015200,2025-12-06 10:00:00,5490.125,5499.439,5486.761,5498.714
1765018800,2025-12-06 11:00:00,5498.81,5503.789,5496.015,5503.151
1765022400,2025-12-06 12:00:00,5503.109,5508.091,5499.37,5506.29
1765026000,2025-12-06 13:00:00,5506.221,5510.513,5501.869,5508.339
1765029600,2025-12-06 14:00:00,5508.175,5515.611,5504.405,5514.161
1765033200,2025-12-06 15:00:00,5514.088,5514.415,5504.948,5506.828
1765036800,2025-12-06 16:00:00,5507.003,5507.027,5500.717,5502.638
1765040400,2025-12-06 17:00:00,5502.681,5503.185,5492.003,5492.064
1765044000,2025-12-06 18:00:00,5492.105,5498.334,5489.46,5496.741
1765047600,2025-12-06 19:00:00,5496.846,5499.489,5491.954,5497.909
1765051200,2025-12-06 20:00:00,5497.922,5498.933,5487.101,5489.242
1765054800,2025-12-06 21:00:00,5489.158,5490.206,5483.494,5483.71
1765058400,2025-12-06 22:00:00,5483.533,5491.198,5481.598,5483.482
1765062000,2025-12-06 23:00:00,5483.463,5486.215,5478.137,5478.86
1765065600,2025-12-07 00:00:00,5478.732,5482.271,5473.686,5480.35
1765069200,2025-12-07 01:00:00,5480.077,5485.59,5473.738,5485.099
1765072800,2025-12-07 02:00:00,5485.116,5486.484,5480.622,5484.156
1765076400,2025-12-07 03:00:00,5484.15,5490.807,5484.15,5485.87
1765080000,2025-12-07 04:00:00,5485.793,5491.374,5483.336,5484.397
1765083600,2025-12-07 05:00:00,5484.515,5487.18,5480.578,5482.214
1765087200,2025-12-07 06:00:00,5482.457,5485.639,5478.45,5484.889
1765090800,2025-12-07 07:00:00,5484.94,5487.521,5475.527,5476.93
1765094400,2025-12-07 08:00:00,5476.9,5480.229,5475.064,5476.763
1765098000,2025-12-07 09:00:00,5476.85,5481.353,5473.862,5477.676
1765101600,2025-12-07 10:00:00,5477.523,5477.523,5470.18,5472.682
1765105200,2025-12-07 11:00:00,5472.586,5479.695,5471.124,5479.148
1765108800,2025-12-07 12:00:00,5479.094,5479.448,5470.563,5472.164
1765112400,2025-12-07 13:00:00,5471.93,5477.277,5467.144,5469.553
1765116000,2025-12-07 14:00:00,5469.718,5473.837,5462.283,5468.443
1765119600,2025-12-07 15:00:00,5468.565,5474.94,5467.932,5474.767
1765123200,2025-12-07 16:00:00,5474.709,5477.6,5469.014,5471.012
1765126800,2025-12-07 17:00:00,5470.838,5473.824,5465.093,5470.663
1765130400,2025-12-07 18:00:00,5470.703,5475.345,5469.999,5470.937
1765134000,2025-12-07 19:00:00,5470.967,5473.099,5465.246,5468.203
1765137600,2025-12-07 20:00:00,5468.127,5468.95,5461.876,5468.734
1765141200,2025-12-07 21:00:00,5468.974,5470.509,5461.233,5461.725
1765144800,2025-12-07 22:00:00,5461.883,5463.21,5457.919,5462.192
1765148400,2025-12-07 23:00:00,5462.346,5466.286,5459.49,5460.216
1765152000,2025-12-08 00:00:00,5459.733,5461.275,5453.048,5457.495
1765155600,2025-12-08 01:00:00,5457.429,5460.33,5454.846,5456.202
1765159200,2025-12-08 02:00:00,5456.156,5459.308,5451.449,5455.524
1765162800,2025-12-08 03:00:00,5455.808,5456.111,5445.271,5446.495
1765166400,2025-12-08 04:00:00,5446.582,5452.823,5445.84,5450.249
1765170000,2025-12-08 05:00:00,5450.074,5457.39,5444.395,5457.181
1765173600,2025-12-08 06:00:00,5457.303,5457.643,5445.056,5445.667
1765177200,2025-12-08 07:00:00,5445.763,5453.973,5445.286,5453.215
1765180800,2025-12-08 08:00:00,5453.106,5457.51,5449.794,5454.717
1765184400,2025-12-08 09:00:00,5454.633,5457.432,5452.864,5452.864
1765188000,2025-12-08 10:00:00,5452.739,5467.655,5452.56,5464.588
1765191600,2025-12-08 11:00:00,5464.576,5472.391,5463.896,5470.698
1765195200,2025-12-08 12:00:00,5470.68,5479.134,5470.565,5475.398
1765198800,2025-12-08 13:00:00,5475.48,5477.97,5470.673,5474.615
1765202400,2025-12-08 14:00:00,5474.917,5474.917,5463.266,5465.435
1765206000,2025-12-08 15:00:00,5465.552,5471.253,5463.704,5468.182
1765209600,2025-12-08 16:00:00,5468.13,5478.667,5463.053,5478.181
1765213200,2025-12-08 17:00:00,5478.011,5486.908,5478.011,5484.825
1765216800,2025-12-08 18:00:00,5484.869,5494.456,5484.117,5490.035
1765220400,2025-12-08 19:00:00,5490.156,5494.026,5486.827,5492.152
1765224000,2025-12-08 20:00:00,5492.11,5492.664,5482.688,5489.573
1765227600,2025-12-08 21:00:00,5489.708,5492.228,5482.487,5486.725
1765231200,2025-12-08 22:00:00,5486.652,5488.8,5480.439,5482.581
1765234800,2025-12-08 23:00:00,5482.289,5488.258,5478.979,5488.093
1765238400,2025-12-09 00:00:00,5488.087,5495.848,5483.469,5495.476
1765242000,2025-12-09 01:00:00,5495.366,5504.269,5494.753,5503.769
1765245600,2025-12-09 02:00:00,5503.701,5505.465,5494.241,5494.859
1765249200,2025-12-09 03:00:00,5494.926,5495.731,5486.444,5487.982
1765252800,2025-12-09 04:00:00,5488.202,5489.159,5480.321,5487.215
1765256400,2025-12-09 05:00:00,5487.433,5490.861,5483.928,5486.081
1765260000,2025-12-09 06:00:00,5486.019,5487.913,5481.415,5483.058
1765263600,2025-12-09 07:00:00,5483.03,5492.592,5482.881,5489.205
1765267200,2025-12-09 08:00:00,5489.284,5492.409,5482.179,5482.949
1765270800,2025-12-09 09:00:00,5482.991,5489.136,5481.818,5488.022
1765274400,2025-12-09 10:00:00,5488.097,5492.462,5486.387,5490.71
1765278000,2025-12-09 11:00:00,5490.589,5493.671,5487.588,5487.822
1765281600,2025-12-09 12:00:00,5487.947,5497.338,5485.404,5488.17
1765285200,2025-12-09 13:00:00,5488.225,5490.808,5483.997,5489.753
1765288800,2025-12-09 14:00:00,5489.858,5493.244,5487.674,5489.942
1765292400,2025-12-09 15:00:00,5489.947,5491.726,5478.741,5481.311
1765296000,2025-12-09 16:00:00,5481.302,5482.193,5475.786,5480.395
1765299600,2025-12-09 17:00:00,5480.647,5484.283,5478.809,5482.372
1765303200,2025-12-09 18:00:00,5482.327,5484.024,5476.41,5479.195
1765306800,2025-12-09 19:00:00,5479.193,5484.288,5476.57,5484.087
1765310400,2025-12-09 20:00:00,5483.988,5490.737,5480.3,5490.579
1765314000,2025-12-09 21:00:00,5490.787,5492.381,5484.017,5485.294
1765317600,2025-12-09 22:00:00,5485.107,5487.877,5477.783,5478.131
1765321200,2025-12-09 23:00:00,5478.104,5479.273,5468.52,5470.395
1765324800,2025-12-10 00:00:00,5470.2,5473.451,5462.889,5466.189
1765328400,2025-12-10 01:00:00,5466.122,5466.685,5459.682,5459.712
1765332000,2025-12-10 02:00:00,5459.69,5461.787,5456.169,5457.898
1765335600,2025-12-10 03:00:00,5457.948,5463.057,5452.642,5454.523
1765339200,2025-12-10 04:00:00,5454.468,5459.438,5451.321,5457.314
1765342800,2025-12-10 05:00:00,5457.006,5465.724,5455.678,5457.922
1765346400,2025-12-10 06:00:00,5458.071,5460.802,5453.073,5454.951
1765350000,2025-12-10 07:00:00,5454.846,5462.307,5453.866,5454.079
1765353600,2025-12-10 08:00:00,5454.079,5458.306,5451.868,5453.785
1765357200,2025-12-10 09:00:00,5453.678,5467.636,5451.837,5466.692
1765360800,2025-12-10 10:00:00,5466.726,5476.724,5465.008,5475.018
1765364400,2025-12-10 11:00:00,5475.051,5484.362,5470.627,5484.362
1765368000,2025-12-10 12:00:00,5484.415,5491.811,5483.959,5491.811
1765371600,2025-12-10 13:00:00,5491.832,5492.502,5484.708,5488.145
1765375200,2025-12-10 14:00:00,5488.147,5493.697,5485.469,5489.732
1765378800,2025-12-10 15:00:00,5489.743,5496.669,5489.144,5489.144
1765382400,2025-12-10 16:00:00,5489.054,5492.924,5487.344,5490.005
1765386000,2025-12-10 17:00:00,5489.828,5490.759,5481.193,5483.123
1765389600,2025-12-10 18:00:00,5482.943,5493.451,5482.445,5492.82
1765393200,2025-12-10 19:00:00,5492.751,5508.503,5491.55,5508.137
1765396800,2025-12-10 20:00:00,5508.107,5514.758,5505.016,5505.542
1765400400,2025-12-10 21:00:00,5505.615,5506.314,5496.165,5497.54
1765404000,2025-12-10 22:00:00,5497.56,5499.185,5486.722,5488.873
1765407600,2025-12-10 23:00:00,5488.887,5489.501,5481.883,5482.778
1765411200,2025-12-11 00:00:00,5482.655,5489.187,5480.088,5482.162
1765414800,2025-12-11 01:00:00,5482.088,5483.246,5470.383,5471.621
1765418400,2025-12-11 02:00:00,5471.651,5478.337,5468.367,5477.674
1765422000,2025-12-11 03:00:00,5477.703,5489.397,5475.78,5487.192
1765425600,2025-12-11 04:00:00,5487.358,5490.825,5481.948,5490.764
1765429200,2025-12-11 05:00:00,5490.738,5497.674,5490.259,5490.387
1765432800,2025-12-11 06:00:00,5490.507,5492.812,5481.869,5483.298
1765436400,2025-12-11 07:00:00,5483.366,5488.056,5480.696,5485.322
1765440000,2025-12-11 08:00:00,5485.274,5491.09,5484.79,5488.167
1765443600,2025-12-11 09:00:00,5488.244,5495.282,5485.713,5492.576
1765447200,2025-12-11 10:00:00,5492.611,5494.587,5483.871,5488.065
1765450800,2025-12-11 11:00:00,5488.165,5489.682,5483.032,5483.695
1765454400,2025-12-11 12:00:00,5483.654,5487.207,5479.63,5480.735
1765458000,2025-12-11 13:00:00,5480.56,5487.597,5479.941,5486.334
1765461600,2025-12-11 14:00:00,5486.377,5495.825,5484.743,5493.325
1765465200,2025-12-11 15:00:00,5493.348,5494.077,5488.15,5492.124
1765468800,2025-12-11 16:00:00,5492.337,5504.783,5491.935,5501.413
1765472400,2025-12-11 17:00:00,5501.459,5506.132,5498.802,5502.943
1765476000,2025-12-11 18:00:00,5503.263,5508.548,5500.801,5507
1765479600,2025-12-11 19:00:00,5506.881,5512.422,5505.356,5505.356
1765483200,2025-12-11 20:00:00,5505.278,5510.113,5500.963,5510.009
1765486800,2025-12-11 21:00:00,5509.861,5511.264,5503.75,5505.204
1765490400,2025-12-11 22:00:00,5505.138,5509.869,5500.843,5506.428
1765494000,2025-12-11 23:00:00,5506.509,5522.222,5505.556,5517.609
1765497600,2025-12-12 00:00:00,5517.6,5524.883,5513.265,5522.982
1765501200,2025-12-12 01:00:00,5523.18,5524.636,5510.988,5519.167
1765504800,2025-12-12 02:00:00,5519.198,5525.79,5518.22,5522.069
1765508400,2025-12-12 03:00:00,5522.137,5523.579,5512.809,5517.241
1765512000,2025-12-12 04:00:00,5517.374,5517.798,5500.518,5501.155
1765515600,2025-12-12 05:00:00,5501.268,5503.891,5498.016,5498.95
1765519200,2025-12-12 06:00:00,5498.801,5501.779,5495.572,5501.677
1765522800,2025-12-12 07:00:00,5501.831,5514.952,5500.645,5508.782
1765526400,2025-12-12 08:00:00,5508.536,5521.349,5504.83,5521.017
1765530000,2025-12-12 09:00:00,5520.974,5525.252,5515.925,5524.576
1765533600,2025-12-12 10:00:00,5524.501,5526.462,5515.473,5516.242
1765537200,2025-12-12 11:00:00,5516.148,5527.049,5515.307,5526.562
1765540800,2025-12-12 12:00:00,5526.571,5529.071,5522.39,5522.647
1765544400,2025-12-12 13:00:00,5522.516,5523.44,5510.446,5510.927
1765548000,2025-12-12 14:00:00,5510.897,5512.377,5498.458,5500.705
1765551600,2025-12-12 15:00:00,5500.627,5504.106,5494.605,5494.898
1765555200,2025-12-12 16:00:00,5494.887,5505.806,5494.839,5501.797
1765558800,2025-12-12 17:00:00,5501.874,5505.094,5494.383,5497.685
1765562400,2025-12-12 18:00:00,5497.493,5498.66,5492.146,5495.89
1765566000,2025-12-12 19:00:00,5495.935,5502.076,5492.165,5500.423
1765569600,2025-12-12 20:00:00,5500.435,5512.118,5500.086,5511.641
1765573200,2025-12-12 21:00:00,5511.538,5512.306,5505.457,5507.258
1765576800,2025-12-12 22:00:00,5507.405,5510.199,5504.864,5506.859
1765580400,2025-12-12 23:00:00,5506.892,5512.433,5503.431,5505.951
1765584000,2025-12-13 00:00:00,5506.16,5510.121,5505.225,5506.104
1765587600,2025-12-13 01:00:00,5505.85,5514.818,5504.843,5509.314
1765591200,2025-12-13 02:00:00,5509.475,5512.867,5505.115,5510.854
1765594800,2025-12-13 03:00:00,5510.918,5518.574,5508.538,5512.278
1765598400,2025-12-13 04:00:00,5512.059,5516.141,5509.694,5514.143
1765602000,2025-12-13 05:00:00,5514.219,5519.966,5511.924,5519.206
1765605600,2025-12-13 06:00:00,5518.996,5531.156,5518.389,5529.012
1765609200,2025-12-13 07:00:00,5528.979,5536.454,5527.714,5535.07
1765612800,2025-12-13 08:00:00,5534.868,5538.897,5528.512,5535.484
1765616400,2025-12-13 09:00:00,5535.698,5539.655,5532.874,5539.655
1765620000,2025-12-13 10:00:00,5539.706,5545.151,5534.045,5535.101
1765623600,2025-12-13 11:00:00,5534.735,5535.527,5526.038,5530.661
1765627200,2025-12-13 12:00:00,5530.82,5539.212,5526.698,5539.212
1765630800,2025-12-13 13:00:00,5539.234,5542.297,5535.143,5536.998
1765634400,2025-12-13 14:00:00,5536.839,5542.784,5534.599,5538.314
1765638000,2025-12-13 15:00:00,5538.343,5543.227,5535.414,5537.877
1765641600,2025-12-13 16:00:00,5537.76,5544.111,5535.169,5535.728
1765645200,2025-12-13 17:00:00,5535.911,5542.229,5532.878,5541.398
1765648800,2025-12-13 18:00:00,5541.368,5542.063,5534.519,5536.72
1765652400,2025-12-13 19:00:00,5536.69,5543.605,5533.528,5536.154
1765656000,2025-12-13 20:00:00,5536.42,5536.868,5522.045,5527.135
1765659600,2025-12-13 21:00:00,5527.078,5528.314,5522.213,5526.751
1765663200,2025-12-13 22:00:00,5526.992,5533.835,5525.171,5531.068
1765666800,2025-12-13 23:00:00,5531.098,5532.774,5523.907,5531.786
1765670400,2025-12-14 00:00:00,5531.829,5539.203,5530.171,5534.679
1765674000,2025-12-14 01:00:00,5534.653,5536.64,5526.478,5536.444
1765677600,2025-12-14 02:00:00,5536.439,5547.977,5534.412,5547.747
1765681200,2025-12-14 03:00:00,5547.805,5554.306,5546.63,5547.761
1765684800,2025-12-14 04:00:00,5547.586,5561.511,5545.881,5559.607
1765688400,2025-12-14 05:00:00,5559.655,5559.679,5545.891,5546.987
1765692000,2025-12-14 06:00:00,5546.949,5550.479,5544.127,5546.793
1765695600,2025-12-14 07:00:00,5546.67,5554.059,5543.937,5554.059
1765699200,2025-12-14 08:00:00,5553.752,5555.915,5545.4,5550.61
1765702800,2025-12-14 09:00:00,5550.75,5559.384,5550.434,5557.868
1765706400,2025-12-14 10:00:00,5558.002,5560.244,5552.179,5557.911
1765710000,2025-12-14 11:00:00,5557.929,5558.961,5551.789,5555.292
1765713600,2025-12-14 12:00:00,5555.365,5563.168,5553.718,5556.288
1765717200,2025-12-14 13:00:00,5556.225,5556.934,5549.595,5553.149
1765720800,2025-12-14 14:00:00,5553,5562.043,5552.489,5557.594
1765724400,2025-12-14 15:00:00,5557.722,5565.218,5556.255,5564.5
1765728000,2025-12-14 16:00:00,5564.368,5572.18,5563.412,5569.211
1765731600,2025-12-14 17:00:00,5569.338,5571.553,5564.484,5564.801
1765735200,2025-12-14 18:00:00,5564.758,5571.965,5564.393,5566.605
1765738800,2025-12-14 19:00:00,5566.39,5568.11,5560.655,5562.585
1765742400,2025-12-14 20:00:00,5562.402,5573.767,5561.187,5571.564
1765746000,2025-12-14 21:00:00,5571.647,5573.844,5563.376,5566.01
1765749600,2025-12-14 22:00:00,5566.086,5570.02,5560.118,5562.407
1765753200,2025-12-14 23:00:00,5562.521,5567.756,5559.418,5566.959
1765756800,2025-12-15 00:00:00,5567.012,5571.504,5561.807,5569.383
1765760400,2025-12-15 01:00:00,5569.402,5578.431,5569.068,5575.479
1765764000,2025-12-15 02:00:00,5575.476,5577.921,5571.657,5577.306
1765767600,2025-12-15 03:00:00,5577.219,5586.121,5577.131,5581.321
1765771200,2025-12-15 04:00:00,5581.085,5586.302,5577.244,5582.439
1765774800,2025-12-15 05:00:00,5582.367,5584.866,5576.364,5579.695
1765778400,2025-12-15 06:00:00,5579.543,5581.21,5555.92,5555.955
1765782000,2025-12-15 07:00:00,5556.041,5560.841,5553.575,5554.984
1765785600,2025-12-15 08:00:00,5554.946,5566.651,5552.428,5565.722
1765789200,2025-12-15 09:00:00,5565.548,5565.591,5557.467,5558.37
1765792800,2025-12-15 10:00:00,5558.206,5558.465,5545.641,5546.443
1765796400,2025-12-15 11:00:00,5546.469,5551.018,5542.851,5547.628
1765800000,2025-12-15 12:00:00,5547.608,5554.552,5546.207,5554.245
1765803600,2025-12-15 13:00:00,5554.302,5564.525,5553.583,5563.049
1765807200,2025-12-15 14:00:00,5563.097,5569.174,5561.985,5564.55
1765810800,2025-12-15 15:00:00,5564.785,5575.249,5564.496,5570.635
1765814400,2025-12-15 16:00:00,5570.685,5574.741,5566.412,5567.298
1765818000,2025-12-15 17:00:00,5567.338,5576.498,5565.741,5566.3
1765821600,2025-12-15 18:00:00,5566.374,5568.059,5553.491,5557.214
1765825200,2025-12-15 19:00:00,5557.081,5558.145,5549.415,5551.299
1765828800,2025-12-15 20:00:00,5551.424,5558.109,5550.229,5555.114
1765832400,2025-12-15 21:00:00,5555.226,5570.325,5554.631,5570.325
1765836000,2025-12-15 22:00:00,5570.475,5571.874,5560.747,5562.337
1765839600,2025-12-15 23:00:00,5562.399,5564.032,5557.562,5560.173
1765843200,2025-12-16 00:00:00,5560.258,5565.081,5556.527,5559.297
1765846800,2025-12-16 01:00:00,5559.253,5559.264,5544.611,5545.852
1765850400,2025-12-16 02:00:00,5545.735,5552.954,5543.225,5550.74
1765854000,2025-12-16 03:00:00,5550.803,5551.286,5545.333,5548.655
1765857600,2025-12-16 04:00:00,5548.729,5551.573,5544.833,5548.911
1765861200,2025-12-16 05:00:00,5549.292,5551.734,5538.315,5543.879
1765864800,2025-12-16 06:00:00,5543.874,5547.451,5540.304,5541.561
1765868400,2025-12-16 07:00:00,5541.28,5543.357,5537.794,5540.038
1765872000,2025-12-16 08:00:00,5539.806,5547.194,5537.897,5538.276
1765875600,2025-12-16 09:00:00,5538.318,5550.674,5537.208,5550.049
1765879200,2025-12-16 10:00:00,5550.267,5553.103,5541.61,5545.087
1765882800,2025-12-16 11:00:00,5544.975,5549.437,5541.989,5548.439
1765886400,2025-12-16 12:00:00,5548.379,5553.608,5542.763,5547.193
1765890000,2025-12-16 13:00:00,5547.08,5551.85,5546.317,5550.963
1765893600,2025-12-16 14:00:00,5550.973,5564.824,5548.285,5563.826
1765897200,2025-12-16 15:00:00,5564.087,5566.4,5559.951,5565.652
1765900800,2025-12-16 16:00:00,5565.584,5566.053,5559.758,5561.89
1765904400,2025-12-16 17:00:00,5561.537,5562.723,5557.141,5558.674
1765908000,2025-12-16 18:00:00,5558.86,5564.462,5557.289,5558.741
1765911600,2025-12-16 19:00:00,5558.765,5561.873,5554.041,5554.665
1765915200,2025-12-16 20:00:00,5554.319,5555.984,5547.856,5551.644
1765918800,2025-12-16 21:00:00,5551.665,5557.426,5547.846,5555.868
1765922400,2025-12-16 22:00:00,5555.847,5567.559,5555.802,5564.957
1765926000,2025-12-16 23:00:00,5564.913,5564.999,5556.282,5556.731
1765929600,2025-12-17 00:00:00,5556.875,5560.141,5551.595,5557.583
1765933200,2025-12-17 01:00:00,5557.447,5559.159,5551.465,5551.626
1765936800,2025-12-17 02:00:00,5551.565,5560.412,5550.219,5557.357
1765940400,2025-12-17 03:00:00,5557.295,5558.682,5531.647,5533.646
1765944000,2025-12-17 04:00:00,5533.701,5534.351,5525.49,5530.885
1765947600,2025-12-17 05:00:00,5530.896,5533.242,5525.88,5527.057
1765951200,2025-12-17 06:00:00,5526.871,5529.271,5514.465,5519.732
1765954800,2025-12-17 07:00:00,5519.728,5529.219,5519.728,5528.481
1765958400,2025-12-17 08:00:00,5528.772,5535.008,5525.236,5533.184
1765962000,2025-12-17 09:00:00,5533.124,5533.124,5524.385,5532.385
1765965600,2025-12-17 10:00:00,5532.492,5537.213,5526.719,5527.415
1765969200,2025-12-17 11:00:00,5527.42,5540.721,5526.094,5533.094
1765972800,2025-12-17 12:00:00,5532.955,5545.516,5532.25,5544.688
1765976400,2025-12-17 13:00:00,5544.978,5549.286,5542.536,5546.745
1765980000,2025-12-17 14:00:00,5546.663,5548.783,5543.053,5546.443
1765983600,2025-12-17 15:00:00,5546.559,5549.549,5542.748,5549.42
1765987200,2025-12-17 16:00:00,5549.287,5550.011,5542.054,5548.366
1765990800,2025-12-17 17:00:00,5548.463,5551.026,5537.333,5539.802
1765994400,2025-12-17 18:00:00,5539.834,5541.283,5533.118,5534.874
1765998000,2025-12-17 19:00:00,5534.986,5536.506,5522.134,5522.134
1766001600,2025-12-17 20:00:00,5522.109,5533.027,5522.019,5531.402
1766005200,2025-12-17 21:00:00,5531.373,5531.622,5524.114,5527.567
1766008800,2025-12-17 22:00:00,5527.374,5529.46,5523.63,5527.198
1766012400,2025-12-17 23:00:00,5527.125,5527.363,5515.741,5516.969
1766016000,2025-12-18 00:00:00,5516.918,5519.503,5501.121,5502.659
1766019600,2025-12-18 01:00:00,5502.87,5507.228,5495.96,5503.832
1766023200,2025-12-18 02:00:00,5503.789,5516.979,5502.936,5515.545
1766026800,2025-12-18 03:00:00,5515.361,5515.5,5504.821,5504.848
1766030400,2025-12-18 04:00:00,5504.652,5508.422,5499.796,5500.435
1766034000,2025-12-18 05:00:00,5500.185,5506.128,5496.089,5496.448
1766037600,2025-12-18 06:00:00,5496.283,5497.148,5489.918,5492.191
1766041200,2025-12-18 07:00:00,5492.139,5494.472,5486.912,5493.211
1766044800,2025-12-18 08:00:00,5493.253,5502.115,5492.691,5495.456
1766048400,2025-12-18 09:00:00,5495.45,5501.656,5495.42,5498.374
1766052000,2025-12-18 10:00:00,5498.775,5503.621,5494.55,5502.437
1766055600,2025-12-18 11:00:00,5502.33,5502.752,5494.285,5494.285
1766059200,2025-12-18 12:00:00,5494.303,5506.337,5491.249,5504.568
1766062800,2025-12-18 13:00:00,5504.51,5507.74,5502.49,5505.811
1766066400,2025-12-18 14:00:00,5505.631,5519.544,5505.477,5519.361
1766070000,2025-12-18 15:00:00,5519.269,5520.138,5512.742,5516.53
1766073600,2025-12-18 16:00:00,5516.635,5523.078,5512.497,5521.92
1766077200,2025-12-18 17:00:00,5522.119,5522.343,5513.903,5519.684
1766080800,2025-12-18 18:00:00,5519.527,5520.642,5511.149,5514.957
1766084400,2025-12-18 19:00:00,5515.104,5516.679,5504.034,5505.731
1766088000,2025-12-18 20:00:00,5505.567,5518.646,5503.283,5516.804
1766091600,2025-12-18 21:00:00,5516.984,5527.38,5516.125,5526.55
1766095200,2025-12-18 22:00:00,5526.191,5530.824,5523.421,5526.052
1766098800,2025-12-18 23:00:00,5525.974,5527.325,5517.674,5518.087
1766102400,2025-12-19 00:00:00,5517.938,5529.975,5515.961,5525.562
1766106000,2025-12-19 01:00:00,5525.831,5529.189,5522.685,5524.593
1766109600,2025-12-19 02:00:00,5524.483,5529.57,5523.896,5529.547
1766113200,2025-12-19 03:00:00,5529.341,5537.223,5529.159,5529.159
1766116800,2025-12-19 04:00:00,5528.859,5537.05,5527.081,5533.4
1766120400,2025-12-19 05:00:00,5533.219,5540.82,5531.79,5538.386
1766124000,2025-12-19 06:00:00,5538.259,5541.897,5535.708,5541.706
1766127600,2025-12-19 07:00:00,5541.83,5551.119,5539.776,5550.578
1766131200,2025-12-19 08:00:00,5550.531,5550.531,5538.458,5539.706
1766134800,2025-12-19 09:00:00,5539.739,5541.694,5533.51,5536.38
1766138400,2025-12-19 10:00:00,5536.475,5546.971,5536.412,5542.918
1766142000,2025-12-19 11:00:00,5542.776,5553.15,5542.418,5548.097
1766145600,2025-12-19 12:00:00,5548.027,5554.62,5547.552,5549.66
1766149200,2025-12-19 13:00:00,5549.768,5550.211,5536.207,5536.361
1766152800,2025-12-19 14:00:00,5536.181,5546.249,5535.77,5542.459
1766156400,2025-12-19 15:00:00,5542.423,5550.597,5541.4,5544.865
1766160000,2025-12-19 16:00:00,5544.943,5545.858,5536.188,5536.3
1766163600,2025-12-19 17:00:00,5536.412,5538.737,5534.064,5538.238
1766167200,2025-12-19 18:00:00,5538.461,5539.171,5525.294,5531.799
1766170800,2025-12-19 19:00:00,5531.939,5536.517,5530.847,5531.996
1766174400,2025-12-19 20:00:00,5531.979,5539.34,5524.943,5538.21
1766178000,2025-12-19 21:00:00,5538.137,5538.383,5528.269,5530.04
1766181600,2025-12-19 22:00:00,5530.163,5538.241,5528.423,5538.24
1766185200,2025-12-19 23:00:00,5538.189,5545.081,5537.937,5541.605
1766188800,2025-12-20 00:00:00,5541.469,5548.461,5538.3,5543.426
1766192400,2025-12-20 01:00:00,5543.308,5544.259,5539.148,5541.756
1766196000,2025-12-20 02:00:00,5541.997,5544.719,5535.258,5540.626
1766199600,2025-12-20 03:00:00,5540.569,5540.59,5529.967,5530.359
1766203200,2025-12-20 04:00:00,5530.267,5533.11,5521.919,5523.322
1766206800,2025-12-20 05:00:00,5523.214,5528.043,5516.681,5527.851
1766210400,2025-12-20 06:00:00,5527.723,5530.492,5520.866,5527.847
1766214000,2025-12-20 07:00:00,5527.985,5533.292,5517.934,5518.394
1766217600,2025-12-20 08:00:00,5518.429,5519.021,5510.319,5515.347
1766221200,2025-12-20 09:00:00,5515.413,5522.331,5513.484,5520.111
1766224800,2025-12-20 10:00:00,5520.061,5522.966,5515.062,5518.687
1766228400,2025-12-20 11:00:00,5518.527,5521.135,5515.061,5517.848
1766232000,2025-12-20 12:00:00,5517.917,5521.669,5513.089,5519.733
1766235600,2025-12-20 13:00:00,5519.718,5520.538,5512.284,5513.437
1766239200,2025-12-20 14:00:00,5513.446,5516.022,5508.053,5510.031
1766242800,2025-12-20 15:00:00,5509.955,5518.126,5508.603,5516.177
1766246400,2025-12-20 16:00:00,5516.365,5516.915,5507.305,5507.707
1766250000,2025-12-20 17:00:00,5507.658,5514.124,5506.948,5512.722
1766253600,2025-12-20 18:00:00,5512.795,5519.109,5509.057,5519.109
1766257200,2025-12-20 19:00:00,5519.281,5520.416,5513.911,5518.428
1766260800,2025-12-20 20:00:00,5518.495,5520.677,5512.179,5515.21
1766264400,2025-12-20 21:00:00,5515.191,5515.916,5505.838,5506.561
1766268000,2025-12-20 22:00:00,5506.773,5515.531,5503.803,5513.186
1766271600,2025-12-20 23:00:00,5513.336,5513.336,5499.772,5501.493
1766275200,2025-12-21 00:00:00,5501.648,5508.032,5501.097,5506.162
1766278800,2025-12-21 01:00:00,5506.011,5509.379,5502.792,5508.619
1766282400,2025-12-21 02:00:00,5508.31,5516.801,5508.309,5514.016
1766286000,2025-12-21 03:00:00,5513.773,5519.966,5511.064,5515.95
1766289600,2025-12-21 04:00:00,5515.86,5516.355,5508.988,5514.455
1766293200,2025-12-21 05:00:00,5514.68,5517.855,5505.527,5516.421
1766296800,2025-12-21 06:00:00,5516.385,5523.092,5514.399,5520.066
1766300400,2025-12-21 07:00:00,5520.164,5520.164,5508.044,5509.227
1766304000,2025-12-21 08:00:00,5509.484,5510.168,5496.07,5500.996
1766307600,2025-12-21 09:00:00,5501.065,5507.926,5499.923,5500.047
1766311200,2025-12-21 10:00:00,5500.194,5505.872,5499.632,5505.509
1766314800,2025-12-21 11:00:00,5505.556,5510.519,5504.787,5507.456
1766318400,2025-12-21 12:00:00,5507.495,5517.199,5502.17,5515.457
1766322000,2025-12-21 13:00:00,5515.8,5517.024,5506.001,5506.274
1766325600,2025-12-21 14:00:00,5506.456,5515.705,5505.659,5509.118
1766329200,2025-12-21 15:00:00,5509.249,5520.451,5509,5519.716
1766332800,2025-12-21 16:00:00,5519.885,5520.286,5514.181,5517.072
1766336400,2025-12-21 17:00:00,5516.966,5519.033,5509.137,5512.047
1766340000,2025-12-21 18:00:00,5511.924,5518.387,5511.877,5515.725
1766343600,2025-12-21 19:00:00,5515.617,5526.785,5515.132,5526.297
1766347200,2025-12-21 20:00:00,5526.389,5526.622,5518.505,5523.607
1766350800,2025-12-21 21:00:00,5523.412,5541.608,5522.859,5540.253
1766354400,2025-12-21 22:00:00,5540.526,5546.895,5539.509,5543.798
1766358000,2025-12-21 23:00:00,5543.873,5545.366,5532.803,5534.343
1766361600,2025-12-22 00:00:00,5534.407,5539.37,5533.606,5536.728
1766365200,2025-12-22 01:00:00,5536.703,5545.589,5536.363,5541.47
1766368800,2025-12-22 02:00:00,5541.598,5542.376,5533.987,5536.022
1766372400,2025-12-22 03:00:00,5535.928,5539.548,5532.058,5538.607
1766376000,2025-12-22 04:00:00,5538.709,5540.535,5532.491,5539.018
1766379600,2025-12-22 05:00:00,5538.996,5540.087,5534.138,5538.415
1766383200,2025-12-22 06:00:00,5538.484,5543.328,5531.996,5535.195
1766386800,2025-12-22 07:00:00,5535.107,5536.998,5529.821,5534.243
1766390400,2025-12-22 08:00:00,5534.427,5540.127,5527.56,5527.961
1766394000,2025-12-22 09:00:00,5527.768,5532.349,5522.037,5532.069
1766397600,2025-12-22 10:00:00,5532.005,5534.541,5526.942,5528.034
1766401200,2025-12-22 11:00:00,5527.945,5528.185,5519.158,5523.593
1766404800,2025-12-22 12:00:00,5523.81,5530.351,5523.419,5530.117
1766408400,2025-12-22 13:00:00,5530.257,5541.153,5529.931,5539.954
1766412000,2025-12-22 14:00:00,5540.101,5549.17,5539.051,5547.588
1766415600,2025-12-22 15:00:00,5547.417,5556.626,5547.417,5553.479
1766419200,2025-12-22 16:00:00,5553.587,5561.677,5552.93,5557.554
1766422800,2025-12-22 17:00:00,5557.257,5560.898,5554.92,5556.947
1766426400,2025-12-22 18:00:00,5556.855,5556.899,5546.53,5546.53
1766430000,2025-12-22 19:00:00,5546.483,5549.983,5542.33,5548.906
1766433600,2025-12-22 20:00:00,5548.635,5553.927,5546.965,5551.096
1766437200,2025-12-22 21:00:00,5551.091,5557.683,5546.754,5556.612
1766440800,2025-12-22 22:00:00,5556.375,5565.371,5555.286,5560.606
1766444400,2025-12-22 23:00:00,5560.447,5561.768,5555.691,5560.91
1766448000,2025-12-23 00:00:00,5560.821,5571.176,5559.921,5566.121
1766451600,2025-12-23 01:00:00,5566.225,5575.771,5563.175,5573.178
1766455200,2025-12-23 02:00:00,5573.173,5578.42,5569.959,5577.991
1766458800,2025-12-23 03:00:00,5577.783,5581.963,5574.976,5577.355
1766462400,2025-12-23 04:00:00,5577.595,5582.588,5575.235,5581.343
1766466000,2025-12-23 05:00:00,5581.251,5591.46,5580.372,5591.46
1766469600,2025-12-23 06:00:00,5591.526,5599.074,5590.386,5595.47
1766473200,2025-12-23 07:00:00,5595.694,5601.977,5592.275,5597.675
1766476800,2025-12-23 08:00:00,5597.484,5607.678,5595.627,5606.291
1766480400,2025-12-23 09:00:00,5606.302,5606.532,5594.094,5596.837
1766484000,2025-12-23 10:00:00,5596.759,5602.5,5595.172,5602.213
1766487600,2025-12-23 11:00:00,5602.065,5604.429,5595.95,5599.473
1766491200,2025-12-23 12:00:00,5599.786,5602.711,5595.969,5601.588
1766494800,2025-12-23 13:00:00,5601.626,5605.229,5593.843,5594.856
1766498400,2025-12-23 14:00:00,5594.928,5601.134,5594.562,5600.244
1766502000,2025-12-23 15:00:00,5600.291,5602.167,5593.105,5594.487
1766505600,2025-12-23 16:00:00,5594.283,5598.73,5591.262,5597.136
1766509200,2025-12-23 17:00:00,5596.986,5604.775,5593.4,5597.199
1766512800,2025-12-23 18:00:00,5597.374,5604.175,5596.278,5599.703
1766516400,2025-12-23 19:00:00,5599.766,5609.194,5598.708,5605.868
1766520000,2025-12-23 20:00:00,5605.829,5616.669,5604.696,5610.086
1766523600,2025-12-23 21:00:00,5609.822,5616.407,5608.205,5610.888
1766527200,2025-12-23 22:00:00,5611.094,5615.665,5609.283,5611.831
1766530800,2025-12-23 23:00:00,5611.578,5613.756,5606.04,5609.02
1766534400,2025-12-24 00:00:00,5609.152,5609.362,5592.748,5594.526
1766538000,2025-12-24 01:00:00,5594.303,5599.584,5588.901,5595.184
1766541600,2025-12-24 02:00:00,5595.157,5604.646,5594.573,5603.93
1766545200,2025-12-24 03:00:00,5603.78,5605.27,5597.484,5598.145
1766548800,2025-12-24 04:00:00,5598.216,5598.216,5588.59,5593.345
1766552400,2025-12-24 05:00:00,5593.429,5606.945,5591.71,5604.777
1766556000,2025-12-24 06:00:00,5604.734,5611.154,5602.246,5610.253
1766559600,2025-12-24 07:00:00,5610.355,5615.593,5608.614,5614.877
1766563200,2025-12-24 08:00:00,5614.668,5619.252,5610.141,5615.756
1766566800,2025-12-24 09:00:00,5615.672,5624.036,5614.047,5620.877
1766570400,2025-12-24 10:00:00,5620.679,5626.602,5616.594,5625.603
1766574000,2025-12-24 11:00:00,5625.76,5630.98,5618.098,5620.387
1766577600,2025-12-24 12:00:00,5620.471,5622.032,5617.199,5620.411
1766581200,2025-12-24 13:00:00,5620.359,5624.091,5617.008,5623.01
1766584800,2025-12-24 14:00:00,5623.143,5634.449,5621.393,5629.282
1766588400,2025-12-24 15:00:00,5629.322,5637.686,5627.216,5637.09
1766592000,2025-12-24 16:00:00,5637.228,5637.228,5625.171,5625.25
1766595600,2025-12-24 17:00:00,5625.146,5642.987,5622.131,5642.641
1766599200,2025-12-24 18:00:00,5642.623,5645.555,5637.32,5645.498
1766602800,2025-12-24 19:00:00,5645.362,5652.271,5640.111,5640.268
1766606400,2025-12-24 20:00:00,5640.288,5651.611,5637.542,5649.906
1766610000,2025-12-24 21:00:00,5650.179,5651.269,5642.068,5643.036
1766613600,2025-12-24 22:00:00,5643.143,5655.436,5640.984,5655.005
1766617200,2025-12-24 23:00:00,5655.114,5660.344,5653.695,5657.542
1766620800,2025-12-25 00:00:00,5657.363,5659.829,5654.562,5655.453
1766624400,2025-12-25 01:00:00,5655.199,5661.648,5654.826,5661.196
1766628000,2025-12-25 02:00:00,5661.096,5673.849,5660.477,5670.814
1766631600,2025-12-25 03:00:00,5670.787,5674.644,5660.197,5660.755
1766635200,2025-12-25 04:00:00,5660.669,5661.1,5655.373,5658.773
1766638800,2025-12-25 05:00:00,5658.888,5664.504,5658.098,5659.786
1766642400,2025-12-25 06:00:00,5659.661,5666.537,5657.736,5659.672
1766646000,2025-12-25 07:00:00,5659.518,5660.967,5655.03,5658.186
1766649600,2025-12-25 08:00:00,5658.182,5672.279,5657.399,5669.823
1766653200,2025-12-25 09:00:00,5669.736,5672.85,5665.055,5666.518
1766656800,2025-12-25 10:00:00,5666.727,5667.067,5661.124,5667.067
1766660400,2025-12-25 11:00:00,5666.999,5669.05,5663.032,5666.923
1766664000,2025-12-25 12:00:00,5666.935,5677.069,5665.265,5675.691
1766667600,2025-12-25 13:00:00,5675.73,5683.066,5674.358,5678.014
1766671200,2025-12-25 14:00:00,5678.106,5687.858,5677.858,5687.503
1766674800,2025-12-25 15:00:00,5687.641,5691.886,5685.613,5688.812
1766678400,2025-12-25 16:00:00,5688.841,5697.057,5688.623,5692.905
1766682000,2025-12-25 17:00:00,5692.874,5703.651,5691.473,5703.007
1766685600,2025-12-25 18:00:00,5702.733,5704.837,5689.553,5691.412
1766689200,2025-12-25 19:00:00,5691.39,5696.681,5689.584,5696.037
1766692800,2025-12-25 20:00:00,5695.862,5706.13,5695.862,5705.149
1766696400,2025-12-25 21:00:00,5704.984,5712.793,5703.011,5707.671
1766700000,2025-12-25 22:00:00,5707.771,5713.749,5707.008,5711.718
1766703600,2025-12-25 23:00:00,5711.583,5718.906,5710.016,5718.806
1766707200,2025-12-26 00:00:00,5718.682,5721.438,5706.126,5713.947
1766710800,2025-12-26 01:00:00,5714.034,5718.303,5710.176,5717.85
1766714400,2025-12-26 02:00:00,5717.491,5721.487,5707.105,5708.309
1766718000,2025-12-26 03:00:00,5708.432,5715.445,5703.708,5707.299
1766721600,2025-12-26 04:00:00,5707.211,5715.652,5704.789,5714.357
1766725200,2025-12-26 05:00:00,5714.39,5718.966,5707.288,5710.411
1766728800,2025-12-26 06:00:00,5710.082,5710.731,5700.105,5702.782
1766732400,2025-12-26 07:00:00,5702.472,5702.637,5693.863,5694.892
1766736000,2025-12-26 08:00:00,5694.943,5705.17,5694.899,5699.21
1766739600,2025-12-26 09:00:00,5699.349,5700.062,5692.667,5696.522
1766743200,2025-12-26 10:00:00,5696.307,5699.458,5693.607,5695.647
1766746800,2025-12-26 11:00:00,5695.564,5699.307,5692.565,5698.682
1766750400,2025-12-26 12:00:00,5698.667,5704.885,5697.922,5704.165
1766754000,2025-12-26 13:00:00,5704.023,5713.665,5702.458,5703.372
1766757600,2025-12-26 14:00:00,5703.138,5706.981,5701.35,5702.458
1766761200,2025-12-26 15:00:00,5702.451,5703.822,5695.86,5697.01
1766764800,2025-12-26 16:00:00,5697.001,5697.717,5690.405,5697.717
1766768400,2025-12-26 17:00:00,5697.738,5699.408,5690.218,5696.339
1766772000,2025-12-26 18:00:00,5696.505,5702.849,5691.122,5701.924
1766775600,2025-12-26 19:00:00,5701.896,5710.551,5699.057,5706.658
1766779200,2025-12-26 20:00:00,5706.622,5714.789,5700.468,5712.504
1766782800,2025-12-26 21:00:00,5712.343,5719.432,5709.969,5718.127
1766786400,2025-12-26 22:00:00,5718.172,5719.743,5710.274,5710.548
1766790000,2025-12-26 23:00:00,5710.554,5713.928,5707.955,5709.764
1766793600,2025-12-27 00:00:00,5709.589,5710.386,5698.211,5698.953
1766797200,2025-12-27 01:00:00,5699.014,5701.879,5692.308,5696.67
1766800800,2025-12-27 02:00:00,5696.7,5702.698,5696.308,5700.797
1766804400,2025-12-27 03:00:00,5700.934,5710.38,5698.57,5709.191
1766808000,2025-12-27 04:00:00,5709.434,5715.361,5705.981,5710.15
1766811600,2025-12-27 05:00:00,5710.269,5712.219,5704.267,5710.308
1766815200,2025-12-27 06:00:00,5710.589,5711.18,5701.932,5705.552
1766818800,2025-12-27 07:00:00,5705.62,5708.648,5702.984,5707.113
1766822400,2025-12-27 08:00:00,5707.08,5712.098,5704.629,5709.924
1766826000,2025-12-27 09:00:00,5709.853,5716.686,5709.684,5716.033
1766829600,2025-12-27 10:00:00,5716.076,5721.852,5712.842,5718.78
1766833200,2025-12-27 11:00:00,5719.024,5729.435,5714.779,5715.448
1766836800,2025-12-27 12:00:00,5715.436,5719.051,5710.271,5712.552
1766840400,2025-12-27 13:00:00,5712.292,5721.316,5708.307,5721.316
1766844000,2025-12-27 14:00:00,5721.517,5726.858,5718.645,5724.608
1766847600,2025-12-27 15:00:00,5724.832,5731.862,5721.958,5722.127
1766851200,2025-12-27 16:00:00,5721.99,5729.769,5711.678,5728.405
1766854800,2025-12-27 17:00:00,5728.479,5729.917,5722.271,5724.888
1766858400,2025-12-27 18:00:00,5724.789,5725.029,5712.876,5717.778
1766862000,2025-12-27 19:00:00,5717.885,5721.734,5710.986,5712.432
1766865600,2025-12-27 20:00:00,5712.262,5716.173,5703.578,5714.267
1766869200,2025-12-27 21:00:00,5714.409,5721.336,5712.092,5720.704
1766872800,2025-12-27 22:00:00,5720.971,5728.135,5718.859,5719.114
1766876400,2025-12-27 23:00:00,5718.984,5727.277,5718.183,5724.162
1766880000,2025-12-28 00:00:00,5724.204,5731.79,5720.727,5730.043
1766883600,2025-12-28 01:00:00,5729.872,5736.285,5728.548,5729.24
1766887200,2025-12-28 02:00:00,5729.472,5731.869,5723.784,5726.615
1766890800,2025-12-28 03:00:00,5726.468,5737.458,5723.026,5736.844
1766894400,2025-12-28 04:00:00,5737.073,5738.412,5727.964,5733.291
1766898000,2025-12-28 05:00:00,5733.352,5734.949,5724.023,5729.055
1766901600,2025-12-28 06:00:00,5729.046,5730.795,5719.858,5722.354
1766905200,2025-12-28 07:00:00,5722.343,5730.759,5721.147,5727.463
1766908800,2025-12-28 08:00:00,5727.668,5731.511,5722.412,5726.121
1766912400,2025-12-28 09:00:00,5726.184,5730.711,5721.254,5722.715
1766916000,2025-12-28 10:00:00,5722.766,5726.595,5719.604,5726.401
1766919600,2025-12-28 11:00:00,5726.555,5730.119,5722.316,5729.275
1766923200,2025-12-28 12:00:00,5729.193,5741.132,5729.012,5739.882
1766926800,2025-12-28 13:00:00,5739.833,5741.722,5735.589,5739.157
1766930400,2025-12-28 14:00:00,5739.005,5743.82,5735.023,5735.214
1766934000,2025-12-28 15:00:00,5735.1,5736.254,5721.408,5726.963
1766937600,2025-12-28 16:00:00,5726.953,5730.639,5723.176,5723.561
1766941200,2025-12-28 17:00:00,5723.708,5732.504,5721.208,5732.504
1766944800,2025-12-28 18:00:00,5732.418,5739.91,5728.765,5739.182
1766948400,2025-12-28 19:00:00,5738.974,5738.996,5730.399,5732.312
1766952000,2025-12-28 20:00:00,5732.34,5732.641,5722.949,5730.57
1766955600,2025-12-28 21:00:00,5730.311,5730.828,5722.531,5726.626
1766959200,2025-12-28 22:00:00,5726.614,5727.95,5722.396,5722.614
1766962800,2025-12-28 23:00:00,5722.761,5729.434,5719.174,5720.171
1766966400,2025-12-29 00:00:00,5720.133,5723.495,5712.665,5714.627
1766970000,2025-12-29 01:00:00,5714.464,5714.832,5705.467,5713.889
1766973600,2025-12-29 02:00:00,5713.942,5718.252,5710.907,5713.96
1766977200,2025-12-29 03:00:00,5714.225,5716.856,5709.818,5712.726
1766980800,2025-12-29 04:00:00,5712.553,5713.893,5705.878,5709.407
1766984400,2025-12-29 05:00:00,5709.508,5709.508,5701.432,5703.88
1766988000,2025-12-29 06:00:00,5703.918,5712.157,5703.918,5711.357
1766991600,2025-12-29 07:00:00,5711.364,5720.999,5711.001,5718.671
1766995200,2025-12-29 08:00:00,5718.652,5722.039,5711.13,5720.383
1766998800,2025-12-29 09:00:00,5720.305,5721.484,5710.91,5715.945
1767002400,2025-12-29 10:00:00,5716.06,5719.361,5714.02,5715.163
1767006000,2025-12-29 11:00:00,5715.467,5720.797,5712.675,5712.91
1767009600,2025-12-29 12:00:00,5713.009,5715.791,5709.102,5713.449
1767013200,2025-12-29 13:00:00,5713.505,5716.867,5711.297,5713.616
1767016800,2025-12-29 14:00:00,5713.766,5722.137,5712.732,5721.661
1767020400,2025-12-29 15:00:00,5721.836,5726.518,5718.459,5721.001
1767024000,2025-12-29 16:00:00,5721.115,5729.934,5719.829,5729.617
1767027600,2025-12-29 17:00:00,5729.84,5733.44,5717.764,5718.217
1767031200,2025-12-29 18:00:00,5718.377,5724.877,5713.421,5724.68
1767034800,2025-12-29 19:00:00,5724.686,5729.252,5720.232,5721.31
1767038400,2025-12-29 20:00:00,5721.355,5723.79,5717.639,5723.043
1767042000,2025-12-29 21:00:00,5722.932,5729.773,5720.246,5727.057
1767045600,2025-12-29 22:00:00,5727.061,5727.212,5719.906,5724.319
1767049200,2025-12-29 23:00:00,5724.216,5726.529,5714.778,5715.283
1767052800,2025-12-30 00:00:00,5715.347,5721.31,5714.442,5720.024
1767056400,2025-12-30 01:00:00,5719.876,5720.546,5711.17,5713.038
1767060000,2025-12-30 02:00:00,5713.149,5725.26,5711.693,5722.153
1767063600,2025-12-30 03:00:00,5722.148,5729.249,5719.76,5722.507
1767067200,2025-12-30 04:00:00,5722.516,5731.851,5722.479,5728.689
1767070800,2025-12-30 05:00:00,5728.493,5732.518,5726.439,5727.704
1767074400,2025-12-30 06:00:00,5727.511,5730.045,5721.403,5724.874
1767078000,2025-12-30 07:00:00,5724.927,5728.739,5722.29,5727.041
1767081600,2025-12-30 08:00:00,5727.039,5731.641,5725.45,5726.635
1767085200,2025-12-30 09:00:00,5726.806,5729.571,5720.03,5726.497
1767088800,2025-12-30 10:00:00,5726.601,5731.338,5720.187,5722.294
1767092400,2025-12-30 11:00:00,5722.119,5724.668,5716.486,5720.616
1767096000,2025-12-30 12:00:00,5720.73,5723.155,5714.374,5714.676
1767099600,2025-12-30 13:00:00,5714.556,5722.671,5712.261,5719.416
1767103200,2025-12-30 14:00:00,5719.265,5724.672,5717.05,5720.006
1767106800,2025-12-30 15:00:00,5719.89,5727.87,5719.505,5720.585
1767110400,2025-12-30 16:00:00,5720.459,5729.987,5716.613,5729.878
1767114000,2025-12-30 17:00:00,5729.885,5732.648,5727.327,5727.816
1767117600,2025-12-30 18:00:00,5727.969,5729.22,5719.401,5720.159
1767121200,2025-12-30 19:00:00,5719.952,5724.956,5718.535,5724.345
1767124800,2025-12-30 20:00:00,5724.333,5726.916,5717.826,5721.159
1767128400,2025-12-30 21:00:00,5720.971,5729.302,5719.634,5719.761
1767132000,2025-12-30 22:00:00,5719.88,5727.093,5718.608,5726.962
1767135600,2025-12-30 23:00:00,5726.794,5742.69,5726.396,5742.488
1767139200,2025-12-31 00:00:00,5742.651,5752.037,5740.412,5740.412
1767142800,2025-12-31 01:00:00,5740.399,5742.709,5737.274,5740.054
1767146400,2025-12-31 02:00:00,5739.914,5753.17,5737.866,5753.025
1767150000,2025-12-31 03:00:00,5752.958,5753.342,5746.061,5748.615
1767153600,2025-12-31 04:00:00,5748.358,5758.599,5748.112,5753.793
1767157200,2025-12-31 05:00:00,5754.019,5773.244,5753.174,5771.622
1767160800,2025-12-31 06:00:00,5771.488,5776.005,5764.17,5765.094
1767164400,2025-12-31 07:00:00,5765.475,5768.285,5761.29,5762.372
1767168000,2025-12-31 08:00:00,5762.391,5766.744,5762,5763.195
1767171600,2025-12-31 09:00:00,5762.992,5769.596,5762.078,5765.964
1767175200,2025-12-31 10:00:00,5766.075,5771.425,5763.87,5769.254
1767178800,2025-12-31 11:00:00,5769.041,5771.305,5763.39,5768.668
1767182400,2025-12-31 12:00:00,5768.747,5770.399,5764.034,5768.39
1767186000,2025-12-31 13:00:00,5768.3,5774.981,5767.513,5774.257
1767189600,2025-12-31 14:00:00,5774.293,5776.065,5768.898,5772.748
1767193200,2025-12-31 15:00:00,5772.788,5775.826,5769.961,5774.479
1767196800,2025-12-31 16:00:00,5774.204,5774.636,5766.481,5773.679
1767200400,2025-12-31 17:00:00,5773.761,5779.747,5770.408,5774.627
1767204000,2025-12-31 18:00:00,5774.727,5780.447,5774.252,5775.145
1767207600,2025-12-31 19:00:00,5775.066,5776.423,5771.234,5774.278
1767211200,2025-12-31 20:00:00,5774.255,5779.736,5771.388,5777.29
1767214800,2025-12-31 21:00:00,5777.5,5781.056,5776.678,5779.586
1767218400,2025-12-31 22:00:00,5779.844,5780.115,5767.381,5767.949
1767222000,2025-12-31 23:00:00,5767.783,5769.813,5763.788,5768.338
1767225600,2026-01-01 00:00:00,5768.379,5768.386,5762.848,5765.004
1767229200,2026-01-01 01:00:00,5765.382,5767.9,5761.36,5763.451
1767232800,2026-01-01 02:00:00,5763.504,5769.456,5762.102,5767.096
1767236400,2026-01-01 03:00:00,5767.335,5770.217,5764.829,5769.687
1767240000,2026-01-01 04:00:00,5769.596,5784.995,5768.963,5784.024
1767243600,2026-01-01 05:00:00,5784.079,5784.412,5774.086,5777.597
1767247200,2026-01-01 06:00:00,5777.198,5783.377,5774.733,5778.958
1767250800,2026-01-01 07:00:00,5778.726,5783.413,5775.614,5779.823
1767254400,2026-01-01 08:00:00,5779.948,5786.166,5776.064,5776.566
1767258000,2026-01-01 09:00:00,5776.809,5787.745,5775.235,5787.378
1767261600,2026-01-01 10:00:00,5787.395,5788.047,5778.708,5783.974
1767265200,2026-01-01 11:00:00,5784.051,5793.242,5783.627,5790.378
1767268800,2026-01-01 12:00:00,5790.443,5796.48,5787.369,5794.199
1767272400,2026-01-01 13:00:00,5794.1,5802.368,5791.983,5799.066
1767276000,2026-01-01 14:00:00,5798.916,5809.325,5797.799,5802.454
1767279600,2026-01-01 15:00:00,5802.653,5815.247,5802.653,5812.978
1767283200,2026-01-01 16:00:00,5812.707,5822.739,5812.697,5819.759
1767286800,2026-01-01 17:00:00,5819.648,5820.199,5802.625,5803.252
1767290400,2026-01-01 18:00:00,5803.422,5812.286,5800.856,5809.493
1767294000,2026-01-01 19:00:00,5809.592,5809.877,5798.951,5801.06
1767297600,2026-01-01 20:00:00,5801.086,5808.062,5797.652,5801.709
1767301200,2026-01-01 21:00:00,5801.844,5803.765,5794.478,5795.254
1767304800,2026-01-01 22:00:00,5795.432,5796.587,5783.369,5786.955
1767308400,2026-01-01 23:00:00,5787.054,5794.348,5786.503,5793.626
1767312000,2026-01-02 00:00:00,5793.345,5800.243,5791.384,5791.433
1767315600,2026-01-02 01:00:00,5791.468,5798.112,5789.524,5793.681
1767319200,2026-01-02 02:00:00,5793.561,5802.28,5790.044,5801.518
1767322800,2026-01-02 03:00:00,5801.844,5809.709,5801.151,5805.987
1767326400,2026-01-02 04:00:00,5806.014,5806.228,5799.378,5804.509
1767330000,2026-01-02 05:00:00,5804.684,5810.411,5803.14,5809.761
1767333600,2026-01-02 06:00:00,5809.822,5812.48,5800.504,5801.56
1767337200,2026-01-02 07:00:00,5801.4,5802.375,5792.072,5798.324
1767340800,2026-01-02 08:00:00,5798.18,5804.178,5796.702,5803.584
1767344400,2026-01-02 09:00:00,5803.747,5808.924,5801.317,5807.387
1767348000,2026-01-02 10:00:00,5807.656,5810.767,5803.473,5805.215
1767351600,2026-01-02 11:00:00,5805.078,5810.11,5804.406,5804.841
1767355200,2026-01-02 12:00:00,5804.908,5809.837,5798.016,5801.073
1767358800,2026-01-02 13:00:00,5801.202,5812.547,5800.281,5811.748
1767362400,2026-01-02 14:00:00,5811.597,5814.066,5801.881,5803.557
1767366000,2026-01-02 15:00:00,5803.764,5812.193,5800.735,5811.074
1767369600,2026-01-02 16:00:00,5810.949,5813.219,5807.213,5808.067
1767373200,2026-01-02 17:00:00,5808.374,5812.438,5806.747,5809.07
1767376800,2026-01-02 18:00:00,5809.025,5812.728,5804.353,5804.98
1767380400,2026-01-02 19:00:00,5805.043,5811.569,5802.415,5807.641
1767384000,2026-01-02 20:00:00,5807.512,5808.349,5798.652,5799.754
1767387600,2026-01-02 21:00:00,5799.782,5800.79,5792.943,5794.499
1767391200,2026-01-02 22:00:00,5794.351,5801.655,5791.779,5792.17
1767394800,2026-01-02 23:00:00,5792.02,5792.18,5785.269,5787.248
1767398400,2026-01-03 00:00:00,5787.131,5795.141,5785.005,5794.718
1767402000,2026-01-03 01:00:00,5794.63,5799.649,5790.846,5794.437
1767405600,2026-01-03 02:00:00,5794.381,5795.389,5785.592,5788.063
1767409200,2026-01-03 03:00:00,5788.118,5791.296,5775.886,5779.591
1767412800,2026-01-03 04:00:00,5779.806,5781.898,5772.922,5775.189
1767416400,2026-01-03 05:00:00,5775,5777.29,5770.756,5776.424
1767420000,2026-01-03 06:00:00,5776.471,5777.835,5770.077,5772.072
1767423600,2026-01-03 07:00:00,5772.04,5777.514,5767.994,5777.092
1767427200,2026-01-03 08:00:00,5777.125,5780.168,5770.17,5777.98
1767430800,2026-01-03 09:00:00,5777.94,5779.39,5766.119,5767.051
1767434400,2026-01-03 10:00:00,5767.02,5769.443,5756.295,5761.709
1767438000,2026-01-03 11:00:00,5761.565,5763.252,5752.515,5753.392
1767441600,2026-01-03 12:00:00,5753.325,5768.332,5750.207,5767.316
1767445200,2026-01-03 13:00:00,5767.277,5770.278,5761.188,5768.167
1767448800,2026-01-03 14:00:00,5768.349,5768.838,5754.596,5756.791
1767452400,2026-01-03 15:00:00,5756.863,5764.233,5756.118,5762.638
1767456000,2026-01-03 16:00:00,5762.746,5764.157,5749.285,5751.481
1767459600,2026-01-03 17:00:00,5751.421,5752.577,5740.81,5742.07
1767463200,2026-01-03 18:00:00,5741.772,5746.825,5739.873,5741.331
1767466800,2026-01-03 19:00:00,5741.387,5747.108,5736.016,5739.769
1767470400,2026-01-03 20:00:00,5739.668,5747.176,5736.978,5746.771
1767474000,2026-01-03 21:00:00,5747.026,5747.953,5740.216,5746.296
1767477600,2026-01-03 22:00:00,5746.251,5753.13,5744.489,5750.042
1767481200,2026-01-03 23:00:00,5750.195,5758.058,5743.179,5751.148
1767484800,2026-01-04 00:00:00,5751.064,5755.372,5747.016,5754.383
1767488400,2026-01-04 01:00:00,5754.28,5760.62,5749.555,5752.846
1767492000,2026-01-04 02:00:00,5752.99,5756.01,5749.746,5755.809
1767495600,2026-01-04 03:00:00,5755.895,5761.609,5752.048,5752.084
1767499200,2026-01-04 04:00:00,5751.909,5757.339,5748.402,5755.708
1767502800,2026-01-04 05:00:00,5755.723,5759.389,5751.932,5756.479
1767506400,2026-01-04 06:00:00,5756.588,5759.043,5751.108,5756.271
1767510000,2026-01-04 07:00:00,5756.512,5756.512,5748.565,5750.922
1767513600,2026-01-04 08:00:00,5750.97,5754.063,5745.296,5751.206
1767517200,2026-01-04 09:00:00,5751.116,5754.129,5742.731,5748.639
1767520800,2026-01-04 10:00:00,5748.522,5758.019,5743.003,5757.154
1767524400,2026-01-04 11:00:00,5756.751,5764.42,5755.683,5759.572
1767528000,2026-01-04 12:00:00,5759.286,5766.632,5756.964,5766.632
1767531600,2026-01-04 13:00:00,5766.929,5767.723,5757.227,5758.76
1767535200,2026-01-04 14:00:00,5758.892,5765.805,5758.656,5761.337
1767538800,2026-01-04 15:00:00,5761.255,5770.027,5761.255,5766.036
1767542400,2026-01-04 16:00:00,5766.066,5769.657,5759.739,5763.128
1767546000,2026-01-04 17:00:00,5763.374,5773.57,5760.688,5773.107
1767549600,2026-01-04 18:00:00,5773.022,5773.307,5766.521,5769.422
1767553200,2026-01-04 19:00:00,5769.471,5775.82,5769.092,5775.197
1767556800,2026-01-04 20:00:00,5775.078,5776.831,5768.347,5770.184
1767560400,2026-01-04 21:00:00,5770.164,5770.873,5760.75,5762.943
1767564000,2026-01-04 22:00:00,5762.81,5772.058,5759.805,5772.058
1767567600,2026-01-04 23:00:00,5771.967,5777.053,5767.441,5773.598
1767571200,2026-01-05 00:00:00,5773.538,5775.1,5758.494,5760.863
1767574800,2026-01-05 01:00:00,5761.087,5765.997,5756.838,5763.72
1767578400,2026-01-05 02:00:00,5763.611,5767.406,5759.985,5762.894
1767582000,2026-01-05 03:00:00,5762.864,5763.869,5750.016,5750.054
1767585600,2026-01-05 04:00:00,5750.181,5750.181,5738.339,5739.892
1767589200,2026-01-05 05:00:00,5740.077,5750.077,5738.459,5748.15
1767592800,2026-01-05 06:00:00,5748.207,5750.877,5739.051,5741.335
1767596400,2026-01-05 07:00:00,5741.278,5742.253,5733.481,5738.833
1767600000,2026-01-05 08:00:00,5738.936,5738.936,5728.349,5728.961
1767603600,2026-01-05 09:00:00,5729.059,5731.836,5722.27,5723.611
1767607200,2026-01-05 10:00:00,5723.458,5723.928,5717.377,5718.696
1767610800,2026-01-05 11:00:00,5718.662,5735.824,5718.611,5733.531
1767614400,2026-01-05 12:00:00,5733.573,5739.789,5732.265,5739.234
1767618000,2026-01-05 13:00:00,5739.202,5741.614,5733.232,5741.509
1767621600,2026-01-05 14:00:00,5741.59,5743.042,5736.723,5738.005
1767625200,2026-01-05 15:00:00,5738.005,5742.403,5734.014,5734.39
1767628800,2026-01-05 16:00:00,5734.218,5740.255,5733.474,5738.685
1767632400,2026-01-05 17:00:00,5738.772,5755.36,5738.578,5753.61
1767636000,2026-01-05 18:00:00,5753.982,5756.853,5751.705,5752.918
1767639600,2026-01-05 19:00:00,5753.016,5755.32,5747.405,5748.874
1767643200,2026-01-05 20:00:00,5748.834,5752.709,5747.472,5749.445
1767646800,2026-01-05 21:00:00,5749.525,5751.424,5744.431,5744.431
1767650400,2026-01-05 22:00:00,5744.281,5744.871,5731.535,5732.234
1767654000,2026-01-05 23:00:00,5732.31,5740.359,5730.592,5738.599
1767657600,2026-01-06 00:00:00,5738.652,5745.324,5737.54,5743.249
1767661200,2026-01-06 01:00:00,5743.315,5753.654,5742.949,5750.407
1767664800,2026-01-06 02:00:00,5750.407,5756.208,5748.667,5751.421
1767668400,2026-01-06 03:00:00,5751.602,5757.952,5745.504,5747.717
1767672000,2026-01-06 04:00:00,5747.803,5749.443,5739.74,5743.6
1767675600,2026-01-06 05:00:00,5743.393,5749.888,5738.538,5739.029
1767679200,2026-01-06 06:00:00,5739.255,5746.285,5733.818,5744.326
1767682800,2026-01-06 07:00:00,5744.256,5749.163,5741.01,5748.938
1767686400,2026-01-06 08:00:00,5748.978,5758.159,5748.434,5756.903
1767690000,2026-01-06 09:00:00,5756.785,5762.147,5753.844,5756.529
1767693600,2026-01-06 10:00:00,5756.507,5761.008,5745.667,5746.042
1767697200,2026-01-06 11:00:00,5746.077,5752.558,5741.783,5747.091
1767700800,2026-01-06 12:00:00,5747.184,5747.559,5737.853,5739.943
1767704400,2026-01-06 13:00:00,5740.008,5746.627,5739.227,5744.728
1767708000,2026-01-06 14:00:00,5744.745,5751.469,5740.067,5740.494
1767711600,2026-01-06 15:00:00,5740.543,5740.58,5731.78,5733.017
1767715200,2026-01-06 16:00:00,5733.024,5739.6,5731.35,5738.305
1767718800,2026-01-06 17:00:00,5738.542,5738.613,5731.437,5734.388
1767722400,2026-01-06 18:00:00,5734.349,5735.671,5726.844,5727.158
1767726000,2026-01-06 19:00:00,5727.198,5739.151,5725.239,5737.333
1767729600,2026-01-06 20:00:00,5737.513,5737.619,5727.358,5727.524
1767733200,2026-01-06 21:00:00,5727.714,5729.17,5723.269,5726.203
1767736800,2026-01-06 22:00:00,5726.229,5729.382,5722.021,5729.382
1767740400,2026-01-06 23:00:00,5729.444,5733.986,5725.055,5732.776
1767744000,2026-01-07 00:00:00,5732.881,5733.221,5718.792,5723.996
1767747600,2026-01-07 01:00:00,5723.898,5729.866,5721.691,5727.592
1767751200,2026-01-07 02:00:00,5727.655,5733.95,5725.026,5729.6
1767754800,2026-01-07 03:00:00,5729.675,5740.258,5727.043,5735.218
1767758400,2026-01-07 04:00:00,5735.342,5738.609,5731.702,5734.601
1767762000,2026-01-07 05:00:00,5734.539,5736.87,5728.564,5729.587
1767765600,2026-01-07 06:00:00,5729.666,5731.209,5725.581,5730.418
1767769200,2026-01-07 07:00:00,5730.423,5740.352,5727.442,5739.85
1767772800,2026-01-07 08:00:00,5740.032,5751.059,5739.591,5746.216
1767776400,2026-01-07 09:00:00,5746.011,5753.278,5742.539,5742.97
1767780000,2026-01-07 10:00:00,5742.971,5750.064,5740.79,5749.737
1767783600,2026-01-07 11:00:00,5749.742,5763.514,5748.549,5762.212
1767787200,2026-01-07 12:00:00,5762.358,5766.988,5760.163,5764.159
1767790800,2026-01-07 13:00:00,5764.196,5767.489,5758.331,5767.268
1767794400,2026-01-07 14:00:00,5766.978,5775.492,5765.56,5775.492
1767798000,2026-01-07 15:00:00,5775.74,5783.454,5775.458,5782.384
1767801600,2026-01-07 16:00:00,5782.348,5785.14,5775.968,5780.116
1767805200,2026-01-07 17:00:00,5780.022,5780.668,5768.21,5769.217
1767808800,2026-01-07 18:00:00,5769.329,5776.205,5766.864,5773.613
1767812400,2026-01-07 19:00:00,5773.799,5775.206,5767.438,5770.568
1767816000,2026-01-07 20:00:00,5770.527,5780.55,5770.416,5779.006
1767819600,2026-01-07 21:00:00,5779.082,5785.665,5778.617,5782.972
1767823200,2026-01-07 22:00:00,5782.692,5785.759,5778.766,5783.887
1767826800,2026-01-07 23:00:00,5783.888,5786.448,5768.203,5770.095
1767830400,2026-01-08 00:00:00,5770.054,5775.148,5768.822,5771.216
1767834000,2026-01-08 01:00:00,5771.205,5777.734,5769.413,5772.448
1767837600,2026-01-08 02:00:00,5772.443,5775.391,5767.018,5769.011
1767841200,2026-01-08 03:00:00,5769.299,5769.573,5761.221,5765.275
1767844800,2026-01-08 04:00:00,5765.237,5769.837,5760.896,5769.305
1767848400,2026-01-08 05:00:00,5769.128,5775.272,5762.725,5764.57
1767852000,2026-01-08 06:00:00,5764.279,5767.322,5759.704,5766.595
1767855600,2026-01-08 07:00:00,5766.394,5766.59,5760.041,5763.024
1767859200,2026-01-08 08:00:00,5762.9,5768.494,5758.413,5760.303
1767862800,2026-01-08 09:00:00,5760.362,5763.163,5753.264,5754.513
1767866400,2026-01-08 10:00:00,5754.808,5756.596,5747.044,5748.689
1767870000,2026-01-08 11:00:00,5748.747,5754.03,5744.967,5750.534
1767873600,2026-01-08 12:00:00,5750.336,5754.937,5746.264,5752.366
1767877200,2026-01-08 13:00:00,5752.427,5761.884,5752.26,5759.26
1767880800,2026-01-08 14:00:00,5759.372,5769.046,5759.196,5766.319
1767884400,2026-01-08 15:00:00,5766.575,5771.492,5765.046,5769.21
1767888000,2026-01-08 16:00:00,5769.253,5774.499,5766.56,5774.499
1767891600,2026-01-08 17:00:00,5774.449,5776.395,5767.017,5767.873
1767895200,2026-01-08 18:00:00,5768.224,5785.237,5766.785,5783.021
1767898800,2026-01-08 19:00:00,5783.119,5789.483,5781.76,5782.192
1767902400,2026-01-08 20:00:00,5782.266,5786.686,5779.736,5780.628
1767906000,2026-01-08 21:00:00,5780.473,5781.864,5768.045,5769.246
1767909600,2026-01-08 22:00:00,5769.475,5771.335,5764.247,5766.088
1767913200,2026-01-08 23:00:00,5766.013,5767.13,5758.902,5765.129
1767916800,2026-01-09 00:00:00,5765.023,5765.305,5751.428,5753.713
1767920400,2026-01-09 01:00:00,5753.578,5762.375,5753.548,5759.433
1767924000,2026-01-09 02:00:00,5759.23,5766.62,5756.668,5758.823
1767927600,2026-01-09 03:00:00,5758.821,5762.491,5753.11,5758.757
1767931200,2026-01-09 04:00:00,5758.551,5766.984,5756.972,5766.984
1767934800,2026-01-09 05:00:00,5766.867,5774.136,5766.364,5768.879
1767938400,2026-01-09 06:00:00,5768.645,5781.781,5767.651,5777.523
1767942000,2026-01-09 07:00:00,5777.595,5778.364,5770.557,5778.364
1767945600,2026-01-09 08:00:00,5778.405,5778.906,5768.972,5775.03
1767949200,2026-01-09 09:00:00,5774.742,5774.742,5767.71,5769.161
1767952800,2026-01-09 10:00:00,5769.231,5769.934,5759.488,5762.346
1767956400,2026-01-09 11:00:00,5762.256,5765.854,5756.983,5760.927
1767960000,2026-01-09 12:00:00,5760.968,5765.733,5758.155,5763.902
1767963600,2026-01-09 13:00:00,5764.01,5773.121,5763.675,5766.364
1767967200,2026-01-09 14:00:00,5766.453,5768.515,5760.765,5761.55
1767970800,2026-01-09 15:00:00,5761.39,5775.526,5759.759,5773.482
1767974400,2026-01-09 16:00:00,5773.301,5777.7,5767.369,5774.984
1767978000,2026-01-09 17:00:00,5774.858,5784.047,5769.588,5783.987
1767981600,2026-01-09 18:00:00,5784.1,5785.645,5778.628,5785.645
1767985200,2026-01-09 19:00:00,5785.602,5788.49,5778.597,5778.862
1767988800,2026-01-09 20:00:00,5778.89,5781.758,5775.815,5780.911
1767992400,2026-01-09 21:00:00,5780.787,5786.442,5775.986,5782.614
1767996000,2026-01-09 22:00:00,5782.541,5793.385,5781.156,5792.988
1767999600,2026-01-09 23:00:00,5792.936,5804.05,5792.08,5799.627
1768003200,2026-01-10 00:00:00,5799.603,5810.821,5798.308,5808.057
1768006800,2026-01-10 01:00:00,5807.809,5814.786,5805.695,5805.794
1768010400,2026-01-10 02:00:00,5805.941,5810.325,5801.09,5809.542
1768014000,2026-01-10 03:00:00,5809.288,5810.016,5800.08,5801.516
1768017600,2026-01-10 04:00:00,5801.673,5805.972,5796.674,5798.361
1768021200,2026-01-10 05:00:00,5798.411,5800.711,5793.782,5800.142
1768024800,2026-01-10 06:00:00,5799.963,5804.106,5795.18,5803.366
1768028400,2026-01-10 07:00:00,5803.532,5809.118,5798.61,5802.139
1768032000,2026-01-10 08:00:00,5802.212,5803.925,5790.665,5791.412
1768035600,2026-01-10 09:00:00,5791.336,5796.006,5790.387,5791.622
1768039200,2026-01-10 10:00:00,5791.617,5795.322,5787.311,5791.819
1768042800,2026-01-10 11:00:00,5791.775,5794.409,5787.257,5792.548
1768046400,2026-01-10 12:00:00,5792.644,5796.035,5785.886,5786.328
1768050000,2026-01-10 13:00:00,5786.243,5789.135,5779.835,5783.688
1768053600,2026-01-10 14:00:00,5783.579,5784.374,5779.018,5782.679
1768057200,2026-01-10 15:00:00,5782.451,5787.38,5773.601,5775.326
1768060800,2026-01-10 16:00:00,5775.343,5776.818,5767.213,5767.906
1768064400,2026-01-10 17:00:00,5767.914,5783.745,5765.458,5780.312
1768068000,2026-01-10 18:00:00,5780.183,5785.338,5778.727,5781.829
1768071600,2026-01-10 19:00:00,5782.093,5782.093,5769.818,5771.588
1768075200,2026-01-10 20:00:00,5771.675,5773.625,5769.337,5772.725
1768078800,2026-01-10 21:00:00,5772.534,5779.664,5771.281,5779.64
1768082400,2026-01-10 22:00:00,5779.581,5782.631,5772.757,5777.168
1768086000,2026-01-10 23:00:00,5777.169,5779.702,5772.504,5773.903
1768089600,2026-01-11 00:00:00,5773.941,5778.716,5772.219,5773.729
1768093200,2026-01-11 01:00:00,5773.921,5781.666,5769.326,5778.47
1768096800,2026-01-11 02:00:00,5778.35,5784.464,5774.763,5780.233
1768100400,2026-01-11 03:00:00,5780.384,5782.219,5773.098,5782.164
1768104000,2026-01-11 04:00:00,5782.224,5782.354,5774.661,5778.851
1768107600,2026-01-11 05:00:00,5778.652,5785.802,5778.028,5781.757
1768111200,2026-01-11 06:00:00,5781.567,5793.691,5778.553,5793.532
1768114800,2026-01-11 07:00:00,5793.449,5794.388,5783.582,5787.534
1768118400,2026-01-11 08:00:00,5787.342,5787.61,5777.53,5779.949
1768122000,2026-01-11 09:00:00,5780.194,5787.744,5779.542,5784.577
1768125600,2026-01-11 10:00:00,5784.668,5793.633,5782.348,5790.506
1768129200,2026-01-11 11:00:00,5790.685,5798.444,5787.209,5796.22
1768132800,2026-01-11 12:00:00,5796.382,5803.396,5794.874,5797.503
1768136400,2026-01-11 13:00:00,5797.37,5798.484,5785.834,5787.717
1768140000,2026-01-11 14:00:00,5787.596,5797.67,5787.123,5794.398
1768143600,2026-01-11 15:00:00,5794.458,5794.801,5782.566,5783.705
1768147200,2026-01-11 16:00:00,5783.754,5800.242,5783.232,5799.082
1768150800,2026-01-11 17:00:00,5799.181,5804.851,5797.32,5802.641
1768154400,2026-01-11 18:00:00,5802.248,5805.992,5797.282,5803.885
1768158000,2026-01-11 19:00:00,5804.003,5804.989,5795.227,5795.984
1768161600,2026-01-11 20:00:00,5795.961,5804.004,5794.954,5798.042
1768165200,2026-01-11 21:00:00,5798.221,5808.043,5796.585,5807.984
1768168800,2026-01-11 22:00:00,5807.965,5811.141,5801.978,5804.665
1768172400,2026-01-11 23:00:00,5804.958,5811.563,5804.425,5806.764
1768176000,2026-01-12 00:00:00,5806.822,5808.585,5797.887,5800.994
1768179600,2026-01-12 01:00:00,5800.9,5801.731,5788.309,5788.92
1768183200,2026-01-12 02:00:00,5788.937,5790.828,5784.021,5784.209
1768186800,2026-01-12 03:00:00,5784.309,5790.207,5783.664,5789.493
1768190400,2026-01-12 04:00:00,5789.696,5794.281,5788.255,5791.412
1768194000,2026-01-12 05:00:00,5791.191,5798.212,5787.852,5798.157
1768197600,2026-01-12 06:00:00,5797.962,5803.827,5793.379,5795.527
1768201200,2026-01-12 07:00:00,5795.49,5799.375,5783.981,5783.981
1768204800,2026-01-12 08:00:00,5783.955,5784.313,5778.297,5781.081
1768208400,2026-01-12 09:00:00,5780.793,5784.86,5775.298,5781.391
1768212000,2026-01-12 10:00:00,5781.07,5783.849,5768.723,5774.481
1768215600,2026-01-12 11:00:00,5774.501,5775.717,5767.756,5768.71
1768219200,2026-01-12 12:00:00,5768.732,5778.254,5766.567,5772.344
1768222800,2026-01-12 13:00:00,5772.186,5773.874,5765.083,5767.915
1768226400,2026-01-12 14:00:00,5767.891,5775.574,5764.535,5765.653
1768230000,2026-01-12 15:00:00,5765.834,5771.37,5762.214,5764.818
1768233600,2026-01-12 16:00:00,5764.694,5765.808,5753.566,5755.238
1768237200,2026-01-12 17:00:00,5755.332,5756.834,5749.005,5749.809
1768240800,2026-01-12 18:00:00,5749.416,5753.232,5746.575,5750.97
1768244400,2026-01-12 19:00:00,5751.267,5760.136,5748.995,5757.872
1768248000,2026-01-12 20:00:00,5757.802,5760.824,5752.796,5753.73
1768251600,2026-01-12 21:00:00,5753.731,5754.138,5736.772,5738.015
1768255200,2026-01-12 22:00:00,5738.027,5739.705,5732.785,5732.885
1768258800,2026-01-12 23:00:00,5732.803,5734.75,5727.534,5730.37
1768262400,2026-01-13 00:00:00,5730.375,5736.557,5729.637,5736.181
1768266000,2026-01-13 01:00:00,5736.249,5739.754,5733.088,5737.491
1768269600,2026-01-13 02:00:00,5737.346,5742.056,5731.705,5741.233
1768273200,2026-01-13 03:00:00,5740.84,5743.552,5734.571,5736.358
1768276800,2026-01-13 04:00:00,5736.229,5738.862,5725.459,5729.021
1768280400,2026-01-13 05:00:00,5728.994,5736.546,5720.987,5723.647
1768284000,2026-01-13 06:00:00,5723.623,5733.017,5722.476,5727.938
1768287600,2026-01-13 07:00:00,5727.955,5728.765,5721.842,5725.719
1768291200,2026-01-13 08:00:00,5725.727,5739.268,5725.702,5738.348
1768294800,2026-01-13 09:00:00,5738.334,5740.935,5730.486,5731.796
1768298400,2026-01-13 10:00:00,5731.981,5737.321,5728.689,5736.086
1768302000,2026-01-13 11:00:00,5736.029,5738.426,5724.066,5730.174
1768305600,2026-01-13 12:00:00,5730.104,5733.407,5721.964,5722.602
1768309200,2026-01-13 13:00:00,5722.246,5723.888,5713.682,5716.059
1768312800,2026-01-13 14:00:00,5715.857,5725.061,5714.703,5718.868
1768316400,2026-01-13 15:00:00,5719.082,5721.668,5711.162,5712.998
1768320000,2026-01-13 16:00:00,5713.148,5719.032,5710.173,5716.69
1768323600,2026-01-13 17:00:00,5716.856,5721.729,5714.871,5717.155
1768327200,2026-01-13 18:00:00,5716.967,5717.829,5709.416,5710.925
1768330800,2026-01-13 19:00:00,5710.949,5716.096,5708.24,5713.214
1768334400,2026-01-13 20:00:00,5713.224,5713.23,5703.701,5707.822
1768338000,2026-01-13 21:00:00,5707.8,5708.187,5698.471,5700.252
1768341600,2026-01-13 22:00:00,5700.287,5703.352,5695.524,5696.717
1768345200,2026-01-13 23:00:00,5696.723,5699.337,5692.749,5695.818
1768348800,2026-01-14 00:00:00,5695.916,5697.584,5686.439,5686.6
1768352400,2026-01-14 01:00:00,5686.613,5694.22,5686.537,5692.536
1768356000,2026-01-14 02:00:00,5692.452,5695.952,5686.697,5695.596
1768359600,2026-01-14 03:00:00,5695.686,5698.842,5689.455,5693.369
1768363200,2026-01-14 04:00:00,5693.253,5699.723,5690.32,5691.397
1768366800,2026-01-14 05:00:00,5691.337,5694.975,5688.152,5691.159
1768370400,2026-01-14 06:00:00,5690.8,5691.102,5681.635,5682.927
1768374000,2026-01-14 07:00:00,5682.796,5687.02,5680.566,5683.084
1768377600,2026-01-14 08:00:00,5683.094,5692.799,5682.188,5691.079
1768381200,2026-01-14 09:00:00,5691.114,5693.031,5676.974,5677.477
1768384800,2026-01-14 10:00:00,5677.386,5682.785,5674.982,5682.229
1768388400,2026-01-14 11:00:00,5682.376,5689.661,5680.661,5687.335
1768392000,2026-01-14 12:00:00,5687.482,5696.201,5684.451,5696.201
1768395600,2026-01-14 13:00:00,5696.398,5699.343,5687.974,5687.974
1768399200,2026-01-14 14:00:00,5687.759,5696.953,5683.733,5684.808
1768402800,2026-01-14 15:00:00,5684.532,5685.592,5670.041,5673.61
1768406400,2026-01-14 16:00:00,5673.758,5674.482,5662.821,5663.793
1768410000,2026-01-14 17:00:00,5663.524,5669.13,5661.651,5666.824
1768413600,2026-01-14 18:00:00,5666.587,5667.554,5659.48,5663.17
1768417200,2026-01-14 19:00:00,5663.209,5666.266,5659.416,5665.715
1768420800,2026-01-14 20:00:00,5665.663,5671.361,5664.885,5665.886
1768424400,2026-01-14 21:00:00,5665.971,5667.487,5657.669,5663.638
1768428000,2026-01-14 22:00:00,5663.743,5666.365,5660.543,5665.488
1768431600,2026-01-14 23:00:00,5665.477,5670.537,5661.823,5667.753
1768435200,2026-01-15 00:00:00,5667.723,5671.541,5662.51,5668.525
1768438800,2026-01-15 01:00:00,5668.251,5671.544,5661.342,5662.584
1768442400,2026-01-15 02:00:00,5662.746,5663.621,5656.594,5657.843
1768446000,2026-01-15 03:00:00,5657.898,5665.665,5655.505,5664.827
1768449600,2026-01-15 04:00:00,5664.874,5673.976,5662.853,5671.937
1768453200,2026-01-15 05:00:00,5671.823,5680.169,5668.977,5678.496
1768456800,2026-01-15 06:00:00,5678.414,5679.197,5670.688,5672.458
1768460400,2026-01-15 07:00:00,5672.503,5678.515,5671.044,5676.375
1768464000,2026-01-15 08:00:00,5676.143,5687.873,5673.489,5687.58
1768467600,2026-01-15 09:00:00,5687.434,5688.094,5681.359,5683.933
1768471200,2026-01-15 10:00:00,5683.973,5689.253,5683.678,5688.37
1768474800,2026-01-15 11:00:00,5688.475,5692.173,5686.076,5691.901
1768478400,2026-01-15 12:00:00,5691.903,5702.117,5690.035,5696.853
1768482000,2026-01-15 13:00:00,5697.021,5700.75,5686.493,5687.038
1768485600,2026-01-15 14:00:00,5687.144,5687.324,5679.909,5679.909
1768489200,2026-01-15 15:00:00,5679.972,5690.196,5679.299,5688.986
1768492800,2026-01-15 16:00:00,5689.138,5692.664,5683.654,5683.919
1768496400,2026-01-15 17:00:00,5684.016,5684.147,5677.832,5682.659
1768500000,2026-01-15 18:00:00,5682.727,5692.962,5681.093,5691.879
1768503600,2026-01-15 19:00:00,5691.641,5692.243,5681.031,5681.968
1768507200,2026-01-15 20:00:00,5681.879,5682.943,5664.609,5666.8
1768510800,2026-01-15 21:00:00,5666.818,5673.6,5666.573,5673.389
1768514400,2026-01-15 22:00:00,5673.195,5677.416,5671.164,5673.513
1768518000,2026-01-15 23:00:00,5673.389,5677.503,5669.164,5669.164
1768521600,2026-01-16 00:00:00,5668.988,5672.772,5661.572,5661.953
1768525200,2026-01-16 01:00:00,5662.089,5664.069,5653.583,5653.686
1768528800,2026-01-16 02:00:00,5653.625,5654.578,5648.101,5650.258
1768532400,2026-01-16 03:00:00,5650.32,5650.782,5640.441,5644.822
1768536000,2026-01-16 04:00:00,5644.827,5646.909,5634.978,5636.849
1768539600,2026-01-16 05:00:00,5636.947,5645.181,5635.977,5639.624
1768543200,2026-01-16 06:00:00,5639.562,5641.307,5631.303,5633.099
1768546800,2026-01-16 07:00:00,5633.458,5639.083,5631.669,5635.755
1768550400,2026-01-16 08:00:00,5635.813,5637.438,5622.613,5623.546
1768554000,2026-01-16 09:00:00,5623.705,5630.347,5623.272,5626.079
1768557600,2026-01-16 10:00:00,5625.986,5636.715,5624.756,5632.962
1768561200,2026-01-16 11:00:00,5632.979,5639.018,5630.124,5637.842
1768564800,2026-01-16 12:00:00,5637.754,5639.509,5632.074,5633.114
1768568400,2026-01-16 13:00:00,5632.862,5642.918,5632.218,5637.763
1768572000,2026-01-16 14:00:00,5637.882,5639.928,5632.612,5638.491
1768575600,2026-01-16 15:00:00,5638.701,5643.171,5635.782,5636.812
1768579200,2026-01-16 16:00:00,5636.691,5639.494,5633.266,5639.278
1768582800,2026-01-16 17:00:00,5639.175,5643.889,5632.178,5633.828
1768586400,2026-01-16 18:00:00,5633.839,5639.373,5631.596,5638.803
1768590000,2026-01-16 19:00:00,5638.834,5639.55,5631.393,5631.393
1768593600,2026-01-16 20:00:00,5631.552,5634.338,5624.166,5631.625
1768597200,2026-01-16 21:00:00,5631.57,5638.373,5629.485,5632.511
1768600800,2026-01-16 22:00:00,5632.721,5638.161,5631.082,5632.028
1768604400,2026-01-16 23:00:00,5632.183,5633.435,5623.121,5624.265
1768608000,2026-01-17 00:00:00,5624.357,5625.038,5617.999,5619.277
1768611600,2026-01-17 01:00:00,5618.961,5619.593,5610.287,5611.211
1768615200,2026-01-17 02:00:00,5610.938,5615.871,5608.843,5609.401
1768618800,2026-01-17 03:00:00,5609.748,5615.834,5606.299,5609.085
1768622400,2026-01-17 04:00:00,5609.026,5609.684,5601.613,5603.1
1768626000,2026-01-17 05:00:00,5603.121,5604.75,5595.064,5598.64
1768629600,2026-01-17 06:00:00,5598.731,5606.474,5595.535,5605.321
1768633200,2026-01-17 07:00:00,5605.5,5615.744,5605.309,5607.401
1768636800,2026-01-17 08:00:00,5607.309,5614.036,5603.198,5609.648
1768640400,2026-01-17 09:00:00,5609.478,5614.778,5607.281,5610.578
1768644000,2026-01-17 10:00:00,5610.56,5612.966,5603.755,5609.434
1768647600,2026-01-17 11:00:00,5609.613,5612.227,5603.063,5604.521
1768651200,2026-01-17 12:00:00,5604.366,5604.572,5597.656,5599.601
1768654800,2026-01-17 13:00:00,5599.491,5601.125,5591.639,5592.104
1768658400,2026-01-17 14:00:00,5592.056,5598.034,5589.297,5592.853
1768662000,2026-01-17 15:00:00,5593.086,5593.682,5584.604,5589.291
1768665600,2026-01-17 16:00:00,5589.282,5600.907,5589.085,5597.926
1768669200,2026-01-17 17:00:00,5598.001,5607.601,5596.223,5599.433
1768672800,2026-01-17 18:00:00,5599.415,5607.608,5598.003,5606.674
1768676400,2026-01-17 19:00:00,5606.761,5610.993,5603.778,5609.927
1768680000,2026-01-17 20:00:00,5609.825,5613.637,5605.363,5605.802
1768683600,2026-01-17 21:00:00,5605.459,5610.044,5600.472,5601.164
1768687200,2026-01-17 22:00:00,5600.924,5612.879,5599.506,5607.483
1768690800,2026-01-17 23:00:00,5607.768,5611.198,5602.579,5604.645
1768694400,2026-01-18 00:00:00,5604.489,5607.689,5600.242,5607.689
1768698000,2026-01-18 01:00:00,5607.466,5612.855,5605.705,5612.855
1768701600,2026-01-18 02:00:00,5612.734,5612.912,5604.017,5607.645
1768705200,2026-01-18 03:00:00,5607.676,5611.027,5603.141,5609.5
1768708800,2026-01-18 04:00:00,5609.444,5615.349,5606.943,5612.081
1768712400,2026-01-18 05:00:00,5611.939,5614.119,5609.306,5611.586
1768716000,2026-01-18 06:00:00,5611.536,5616.571,5605.29,5606.89
1768719600,2026-01-18 07:00:00,5606.934,5609.298,5597.762,5601.545
1768723200,2026-01-18 08:00:00,5601.761,5602.662,5587.493,5588.05
1768726800,2026-01-18 09:00:00,5588.058,5590.01,5583.857,5586.449
1768730400,2026-01-18 10:00:00,5586.396,5596.923,5585.066,5596.395
1768734000,2026-01-18 11:00:00,5596.211,5599.921,5588.696,5589.426
1768737600,2026-01-18 12:00:00,5589.175,5601.404,5588.686,5600.661
1768741200,2026-01-18 13:00:00,5600.994,5601.498,5596.286,5597.905
1768744800,2026-01-18 14:00:00,5598.093,5600.026,5584.996,5591.321
1768748400,2026-01-18 15:00:00,5591.231,5597.451,5588.18,5594.69
1768752000,2026-01-18 16:00:00,5594.649,5605.141,5593.412,5601.238
1768755600,2026-01-18 17:00:00,5601.17,5603.586,5596.922,5602.408
1768759200,2026-01-18 18:00:00,5602.361,5612.345,5602,5603.123
1768762800,2026-01-18 19:00:00,5602.962,5609.984,5600.775,5608.445
1768766400,2026-01-18 20:00:00,5608.537,5612.131,5604.139,5604.427
1768770000,2026-01-18 21:00:00,5604.297,5609.618,5603.379,5604.891
1768773600,2026-01-18 22:00:00,5604.899,5607.015,5600.614,5604.244
1768777200,2026-01-18 23:00:00,5604.276,5605.997,5598.076,5600.383
1768780800,2026-01-19 00:00:00,5600.692,5607.623,5599.005,5604.878
1768784400,2026-01-19 01:00:00,5604.69,5609.823,5599.923,5608.551
1768788000,2026-01-19 02:00:00,5608.48,5611.181,5598.078,5599.581
1768791600,2026-01-19 03:00:00,5599.374,5610.223,5598.846,5610.172
1768795200,2026-01-19 04:00:00,5610.15,5611.647,5602.265,5606.303
1768798800,2026-01-19 05:00:00,5606.129,5609.727,5602.526,5609.389
1768802400,2026-01-19 06:00:00,5609.327,5615.664,5609.256,5612.137
1768806000,2026-01-19 07:00:00,5611.942,5615.06,5607.011,5611.758
1768809600,2026-01-19 08:00:00,5611.84,5620.53,5609.552,5617.216
1768813200,2026-01-19 09:00:00,5617.128,5629.597,5616.678,5624.133
1768816800,2026-01-19 10:00:00,5624.142,5626.97,5618.291,5624.727
1768820400,2026-01-19 11:00:00,5624.568,5631.225,5623.282,5629.564
1768824000,2026-01-19 12:00:00,5629.355,5629.747,5621.162,5621.39
1768827600,2026-01-19 13:00:00,5621.365,5629.703,5621.238,5629.001
1768831200,2026-01-19 14:00:00,5628.951,5629.448,5614.788,5616.69
1768834800,2026-01-19 15:00:00,5616.842,5624.875,5615.855,5624.359
1768838400,2026-01-19 16:00:00,5624.29,5633.191,5622.957,5628.938
1768842000,2026-01-19 17:00:00,5628.823,5637.151,5628.644,5631.76
1768845600,2026-01-19 18:00:00,5631.522,5637.3,5628.619,5635.364
1768849200,2026-01-19 19:00:00,5635.289,5643.668,5634.119,5639.864
1768852800,2026-01-19 20:00:00,5639.962,5654.927,5638.83,5653.898
1768856400,2026-01-19 21:00:00,5653.978,5657.289,5649.806,5650.09
1768860000,2026-01-19 22:00:00,5650.214,5653.399,5645.389,5648.772
1768863600,2026-01-19 23:00:00,5648.49,5649.747,5640.579,5641.911
1768867200,2026-01-20 00:00:00,5641.928,5649.766,5640.214,5647.26
1768870800,2026-01-20 01:00:00,5647.424,5664.747,5646.988,5664.73
1768874400,2026-01-20 02:00:00,5664.644,5666.845,5656.83,5659.568
1768878000,2026-01-20 03:00:00,5659.488,5660.91,5655.315,5658.796
1768881600,2026-01-20 04:00:00,5658.654,5661.122,5652.481,5657.189
1768885200,2026-01-20 05:00:00,5657.409,5660.775,5652.825,5656.713
1768888800,2026-01-20 06:00:00,5656.687,5661.279,5653.845,5656.964
1768892400,2026-01-20 07:00:00,5656.745,5660.572,5653.881,5654.912
1768896000,2026-01-20 08:00:00,5655.034,5655.766,5640.243,5642.608
1768899600,2026-01-20 09:00:00,5642.845,5646.695,5636.757,5637.642
1768903200,2026-01-20 10:00:00,5637.773,5641.649,5633.839,5638.824
1768906800,2026-01-20 11:00:00,5638.894,5640.344,5633.266,5635.417
1768910400,2026-01-20 12:00:00,5635.569,5640.936,5635.069,5637.13
1768914000,2026-01-20 13:00:00,5637.016,5638.03,5627.95,5629.744
1768917600,2026-01-20 14:00:00,5629.732,5630.493,5624.233,5629.168
1768921200,2026-01-20 15:00:00,5629.06,5631.642,5622.929,5623.439
1768924800,2026-01-20 16:00:00,5623.592,5623.98,5616.757,5618.754
1768928400,2026-01-20 17:00:00,5618.638,5621.566,5614.995,5620.813
1768932000,2026-01-20 18:00:00,5620.838,5621.202,5611.431,5615.77
1768935600,2026-01-20 19:00:00,5615.506,5622.222,5613.3,5616.745
1768939200,2026-01-20 20:00:00,5616.749,5622.854,5614.59,5618.254
1768942800,2026-01-20 21:00:00,5618.52,5622.643,5613.509,5614.645
1768946400,2026-01-20 22:00:00,5614.524,5617.318,5609.531,5614.172
1768950000,2026-01-20 23:00:00,5614.314,5623.154,5613.198,5621.769
1768953600,2026-01-21 00:00:00,5621.866,5622.892,5611.681,5615.528
1768957200,2026-01-21 01:00:00,5615.544,5616.54,5608.964,5609.213
1768960800,2026-01-21 02:00:00,5609.396,5612.209,5604.634,5611.752
1768964400,2026-01-21 03:00:00,5611.758,5617.357,5611.612,5612.225
1768968000,2026-01-21 04:00:00,5612.366,5613.235,5607.35,5609.124
1768971600,2026-01-21 05:00:00,5608.869,5609.129,5601.509,5603.386
1768975200,2026-01-21 06:00:00,5603.452,5610.245,5602.829,5608.862
1768978800,2026-01-21 07:00:00,5608.762,5613.945,5606.646,5609.164
1768982400,2026-01-21 08:00:00,5609.479,5610.221,5602.525,5603.315
1768986000,2026-01-21 09:00:00,5603.322,5603.412,5595.476,5601.334
1768989600,2026-01-21 10:00:00,5601.343,5604.937,5596.596,5598.534
1768993200,2026-01-21 11:00:00,5598.302,5604.774,5597.889,5603.76
1768996800,2026-01-21 12:00:00,5603.668,5614.963,5603.165,5607.665
1769000400,2026-01-21 13:00:00,5607.832,5615.413,5607.191,5611.712
1769004000,2026-01-21 14:00:00,5612.103,5618.014,5611.965,5616.555
1769007600,2026-01-21 15:00:00,5616.651,5622.334,5616.311,5618.57
1769011200,2026-01-21 16:00:00,5618.414,5622.848,5616.024,5620.34
1769014800,2026-01-21 17:00:00,5620.332,5622.137,5614.781,5621.66
1769018400,2026-01-21 18:00:00,5621.786,5624.627,5616.317,5617.396
1769022000,2026-01-21 19:00:00,5617.601,5619.338,5609.646,5616.144
1769025600,2026-01-21 20:00:00,5616.114,5618.62,5608.932,5609.218
1769029200,2026-01-21 21:00:00,5609.403,5610.34,5601.759,5603.502
1769032800,2026-01-21 22:00:00,5603.511,5606.33,5600.074,5602.926
1769036400,2026-01-21 23:00:00,5602.917,5612.243,5602.199,5607.059
1769040000,2026-01-22 00:00:00,5607.135,5617.498,5606.348,5612.264
1769043600,2026-01-22 01:00:00,5612.061,5612.564,5605.309,5606.39
1769047200,2026-01-22 02:00:00,5606.452,5611.364,5606.235,5611.317
1769050800,2026-01-22 03:00:00,5611.428,5619.806,5610.958,5617.367
1769054400,2026-01-22 04:00:00,5617.544,5622.517,5614.278,5617.292
1769058000,2026-01-22 05:00:00,5617.119,5624.505,5615.885,5621.96
1769061600,2026-01-22 06:00:00,5622.182,5626.393,5620.645,5622.226
1769065200,2026-01-22 07:00:00,5622.164,5627.825,5621.793,5624.331
1769068800,2026-01-22 08:00:00,5624.279,5626.445,5612.791,5613.104
1769072400,2026-01-22 09:00:00,5613.291,5621.929,5609.313,5618.582
1769076000,2026-01-22 10:00:00,5618.861,5627.476,5617.876,5624.855
1769079600,2026-01-22 11:00:00,5624.732,5631.007,5621.373,5623.491
1769083200,2026-01-22 12:00:00,5623.325,5624.98,5618.031,5619.496
1769086800,2026-01-22 13:00:00,5619.568,5633.431,5619.549,5627.663
1769090400,2026-01-22 14:00:00,5627.755,5630.173,5611.738,5612.509
1769094000,2026-01-22 15:00:00,5612.595,5622.431,5612.364,5618.735
1769097600,2026-01-22 16:00:00,5618.795,5620.089,5607.004,5608.507
1769101200,2026-01-22 17:00:00,5608.672,5612.688,5606.265,5609.807
1769104800,2026-01-22 18:00:00,5609.658,5612.517,5604.644,5608.061
1769108400,2026-01-22 19:00:00,5608.176,5611.73,5606.159,5610.428
1769112000,2026-01-22 20:00:00,5610.553,5614.028,5607.762,5610.033
1769115600,2026-01-22 21:00:00,5610.038,5611.439,5605.149,5605.149
1769119200,2026-01-22 22:00:00,5605.222,5608.124,5595.874,5598.109
1769122800,2026-01-22 23:00:00,5598.176,5603.909,5598.001,5602.77
1769126400,2026-01-23 00:00:00,5602.808,5603.131,5592.358,5598.902
1769130000,2026-01-23 01:00:00,5598.873,5602.879,5590.692,5592.414
1769133600,2026-01-23 02:00:00,5592.602,5602.219,5588.643,5602.145
1769137200,2026-01-23 03:00:00,5602.102,5613.756,5599.69,5606.342
1769140800,2026-01-23 04:00:00,5606.263,5614.578,5603.967,5614.337
1769144400,2026-01-23 05:00:00,5614.322,5617.255,5605.85,5613.5
1769148000,2026-01-23 06:00:00,5613.561,5616.191,5607.365,5607.81
1769151600,2026-01-23 07:00:00,5607.738,5609.007,5601.477,5604.232
1769155200,2026-01-23 08:00:00,5604.086,5612.296,5600.591,5607.38
1769158800,2026-01-23 09:00:00,5607.368,5608.277,5599.025,5607.216
1769162400,2026-01-23 10:00:00,5607.287,5611.013,5605.594,5610.924
1769166000,2026-01-23 11:00:00,5610.847,5615.092,5600.879,5600.963
1769169600,2026-01-23 12:00:00,5601.054,5601.054,5584.395,5585.752
1769173200,2026-01-23 13:00:00,5585.864,5586.283,5572.939,5573.444
1769176800,2026-01-23 14:00:00,5573.321,5573.728,5564.43,5565.75
1769180400,2026-01-23 15:00:00,5565.886,5568.236,5559.067,5561.563
1769184000,2026-01-23 16:00:00,5561.601,5563.22,5556.053,5557.688
1769187600,2026-01-23 17:00:00,5557.674,5560.686,5553.344,5555.215
1769191200,2026-01-23 18:00:00,5555.08,5555.238,5545.365,5546.669
1769194800,2026-01-23 19:00:00,5546.522,5555.853,5537.988,5555.33
1769198400,2026-01-23 20:00:00,5555.447,5558.583,5549.4,5555.132
1769202000,2026-01-23 21:00:00,5555.23,5556.608,5548.031,5548.151
1769205600,2026-01-23 22:00:00,5548.201,5549.96,5541.195,5541.493
1769209200,2026-01-23 23:00:00,5541.273,5553.483,5540.708,5552.205
1769212800,2026-01-24 00:00:00,5552.036,5553.764,5544.596,5549.121
1769216400,2026-01-24 01:00:00,5549.022,5553.613,5548.614,5552.574
1769220000,2026-01-24 02:00:00,5552.698,5560.214,5552.655,5556.152
1769223600,2026-01-24 03:00:00,5556.168,5559.658,5551.13,5558.669
1769227200,2026-01-24 04:00:00,5558.732,5559.087,5550.15,5553.575
1769230800,2026-01-24 05:00:00,5553.608,5558.41,5549.71,5555.043
1769234400,2026-01-24 06:00:00,5555.036,5555.488,5548.388,5554.053
1769238000,2026-01-24 07:00:00,5554.258,5554.564,5546.041,5548.644
1769241600,2026-01-24 08:00:00,5548.658,5549.371,5538.823,5541.23
1769245200,2026-01-24 09:00:00,5541.075,5544.735,5537.86,5541.151
1769248800,2026-01-24 10:00:00,5541.182,5542.512,5537.819,5539.966
1769252400,2026-01-24 11:00:00,5539.998,5540.429,5533.748,5536.23
1769256000,2026-01-24 12:00:00,5536.372,5539.227,5529.2,5529.782
1769259600,2026-01-24 13:00:00,5529.72,5533.842,5526.482,5532.024
1769263200,2026-01-24 14:00:00,5531.939,5535.358,5526.873,5528.163
1769266800,2026-01-24 15:00:00,5528.088,5529.317,5519.356,5519.987
1769270400,2026-01-24 16:00:00,5519.854,5529.564,5517.268,5525.95
1769274000,2026-01-24 17:00:00,5525.549,5525.549,5515.524,5521.15
1769277600,2026-01-24 18:00:00,5521.19,5522.748,5517.536,5521.091
1769281200,2026-01-24 19:00:00,5521.003,5523.599,5517.769,5520.658
1769284800,2026-01-24 20:00:00,5520.653,5523.965,5517.356,5519.409
1769288400,2026-01-24 21:00:00,5519.443,5520.141,5514.762,5515.715
1769292000,2026-01-24 22:00:00,5515.543,5521.666,5508.765,5509.118
1769295600,2026-01-24 23:00:00,5509.226,5512.171,5505.065,5511.959
1769299200,2026-01-25 00:00:00,5511.945,5515.057,5506.705,5507.618
1769302800,2026-01-25 01:00:00,5507.361,5511.774,5502.321,5502.321
1769306400,2026-01-25 02:00:00,5502.279,5502.403,5489.935,5491.303
1769310000,2026-01-25 03:00:00,5491.149,5491.46,5483.809,5486.059
1769313600,2026-01-25 04:00:00,5485.944,5488.996,5482.771,5488.465
1769317200,2026-01-25 05:00:00,5488.34,5502.382,5486.824,5500.761
1769320800,2026-01-25 06:00:00,5500.585,5503.342,5494.579,5498.363
1769324400,2026-01-25 07:00:00,5498.284,5500.26,5494.329,5494.651
1769328000,2026-01-25 08:00:00,5494.722,5499.88,5492.55,5496.07
1769331600,2026-01-25 09:00:00,5495.905,5496.898,5488.446,5491.454
1769335200,2026-01-25 10:00:00,5491.554,5501.552,5490.617,5500.682
1769338800,2026-01-25 11:00:00,5500.683,5500.683,5488.747,5496.86
1769342400,2026-01-25 12:00:00,5496.877,5500.209,5488.166,5488.166
1769346000,2026-01-25 13:00:00,5487.947,5492.568,5482.174,5482.174
1769349600,2026-01-25 14:00:00,5482.137,5483.652,5478.586,5482.101
1769353200,2026-01-25 15:00:00,5482.03,5488.094,5481.442,5487.122
1769356800,2026-01-25 16:00:00,5487.052,5490.823,5482.673,5489.323
1769360400,2026-01-25 17:00:00,5489.555,5492.806,5484.994,5486.847
1769364000,2026-01-25 18:00:00,5486.971,5498.102,5485.489,5497.019
1769367600,2026-01-25 19:00:00,5496.689,5500.065,5494.845,5496.377
1769371200,2026-01-25 20:00:00,5496.789,5497.55,5492.771,5496.885
1769374800,2026-01-25 21:00:00,5497.016,5505.268,5495.869,5502.113
1769378400,2026-01-25 22:00:00,5502.018,5504.439,5496.966,5498.426
1769382000,2026-01-25 23:00:00,5498.418,5506.388,5498.418,5502.528
1769385600,2026-01-26 00:00:00,5502.583,5504.662,5494.572,5494.978
1769389200,2026-01-26 01:00:00,5494.926,5501.961,5492.283,5496.333
1769392800,2026-01-26 02:00:00,5496.091,5497.877,5487.498,5494.24
1769396400,2026-01-26 03:00:00,5494.111,5494.116,5486.133,5488.233
1769400000,2026-01-26 04:00:00,5488.521,5493.076,5481.261,5493.076
1769403600,2026-01-26 05:00:00,5492.774,5507.369,5492.762,5505.574
1769407200,2026-01-26 06:00:00,5505.6,5512.841,5505.408,5507.07
1769410800,2026-01-26 07:00:00,5507.078,5508.072,5500.086,5505.759
1769414400,2026-01-26 08:00:00,5505.86,5506.658,5494.536,5494.647
1769418000,2026-01-26 09:00:00,5495.009,5500.592,5491.258,5492.157
1769421600,2026-01-26 10:00:00,5492.083,5493.989,5481.879,5482.547
1769425200,2026-01-26 11:00:00,5482.43,5482.552,5466.009,5466.2
1769428800,2026-01-26 12:00:00,5466.323,5468.729,5457.269,5458.311
1769432400,2026-01-26 13:00:00,5458.413,5460.385,5454.139,5454.467
1769436000,2026-01-26 14:00:00,5454.493,5454.729,5445.571,5445.717
1769439600,2026-01-26 15:00:00,5445.714,5455.552,5445.537,5450.955
1769443200,2026-01-26 16:00:00,5450.795,5451.325,5444.074,5449.61
1769446800,2026-01-26 17:00:00,5449.554,5452.419,5443.716,5445.16
1769450400,2026-01-26 18:00:00,5445.269,5447.593,5438.801,5444.69
1769454000,2026-01-26 19:00:00,5444.622,5447.412,5439.457,5443.594
1769457600,2026-01-26 20:00:00,5443.473,5445.644,5439.521,5445.496
1769461200,2026-01-26 21:00:00,5445.637,5448.804,5439.331,5440.09
1769464800,2026-01-26 22:00:00,5440.018,5451.074,5438.005,5448.831
1769468400,2026-01-26 23:00:00,5448.957,5466.038,5448.226,5465.702
1769472000,2026-01-27 00:00:00,5465.792,5471.416,5463.13,5470.092
1769475600,2026-01-27 01:00:00,5470.165,5473.354,5466.083,5468.665
1769479200,2026-01-27 02:00:00,5468.522,5469.261,5459.827,5460.57
1769482800,2026-01-27 03:00:00,5460.762,5468.218,5456.726,5466.159
1769486400,2026-01-27 04:00:00,5466.077,5468.039,5458.378,5458.983
1769490000,2026-01-27 05:00:00,5459.131,5459.627,5450.482,5456.035
1769493600,2026-01-27 06:00:00,5456.349,5456.55,5443.948,5452.159
1769497200,2026-01-27 07:00:00,5452.277,5455.204,5449.229,5452.086
1769500800,2026-01-27 08:00:00,5451.971,5453.907,5447.781,5453.019
1769504400,2026-01-27 09:00:00,5452.958,5461.873,5449.581,5460.784
1769508000,2026-01-27 10:00:00,5460.806,5460.947,5449.677,5454.114
1769511600,2026-01-27 11:00:00,5453.992,5463.711,5453.882,5461.891
1769515200,2026-01-27 12:00:00,5462.043,5464.35,5455.864,5456.431
1769518800,2026-01-27 13:00:00,5456.567,5458.817,5451.88,5454.59
1769522400,2026-01-27 14:00:00,5454.549,5458.696,5453.381,5455.608
1769526000,2026-01-27 15:00:00,5455.423,5459.602,5449.912,5452.926
1769529600,2026-01-27 16:00:00,5452.644,5454.051,5440.97,5441.766
1769533200,2026-01-27 17:00:00,5441.746,5451.322,5441.151,5449.526
1769536800,2026-01-27 18:00:00,5449.491,5450.891,5443.36,5444.763
1769540400,2026-01-27 19:00:00,5444.709,5446.476,5440.796,5442.41
1769544000,2026-01-27 20:00:00,5442.277,5447.789,5441.366,5445.966
1769547600,2026-01-27 21:00:00,5445.942,5447.692,5441.283,5441.708
1769551200,2026-01-27 22:00:00,5441.788,5446.134,5437.795,5442.797
1769554800,2026-01-27 23:00:00,5442.961,5449.517,5439.839,5443.543
1769558400,2026-01-28 00:00:00,5443.627,5445.395,5437.446,5438.929
1769562000,2026-01-28 01:00:00,5438.875,5447.549,5438.243,5441.465
1769565600,2026-01-28 02:00:00,5441.597,5448.047,5438.633,5447.673
1769569200,2026-01-28 03:00:00,5447.604,5457.316,5443.246,5455.492
1769572800,2026-01-28 04:00:00,5455.569,5456.567,5450.75,5456.276
1769576400,2026-01-28 05:00:00,5456.2,5456.323,5442.032,5443.257
1769580000,2026-01-28 06:00:00,5443.334,5445.732,5439.765,5440.123
1769583600,2026-01-28 07:00:00,5440.347,5449.271,5440.001,5448.089
1769587200,2026-01-28 08:00:00,5448.134,5454.577,5445.2,5453.473
1769590800,2026-01-28 09:00:00,5453.448,5456.724,5445.344,5446.843
1769594400,2026-01-28 10:00:00,5446.967,5452.226,5443.368,5449.523
1769598000,2026-01-28 11:00:00,5449.5,5451.65,5443.122,5443.652
1769601600,2026-01-28 12:00:00,5443.935,5449.726,5442.119,5446.834
1769605200,2026-01-28 13:00:00,5446.803,5449.626,5443.484,5447.207
1769608800,2026-01-28 14:00:00,5447.189,5448.148,5441.225,5443.895
1769612400,2026-01-28 15:00:00,5443.838,5449.286,5440.231,5447.893
1769616000,2026-01-28 16:00:00,5447.986,5457.092,5446.282,5452.284
1769619600,2026-01-28 17:00:00,5452.129,5455.928,5449.567,5450.848
1769623200,2026-01-28 18:00:00,5450.541,5464.565,5449.526,5462.37
1769626800,2026-01-28 19:00:00,5462.308,5463.642,5457.222,5459.211
1769630400,2026-01-28 20:00:00,5459.166,5470.06,5459,5464.981
1769634000,2026-01-28 21:00:00,5465.299,5474.912,5462.953,5473.458
1769637600,2026-01-28 22:00:00,5473.56,5474.846,5463.804,5465.355
1769641200,2026-01-28 23:00:00,5465.218,5467.581,5462.639,5466.635
1769644800,2026-01-29 00:00:00,5466.398,5466.867,5460.292,5460.487
1769648400,2026-01-29 01:00:00,5460.404,5468.006,5458.081,5466.562
1769652000,2026-01-29 02:00:00,5466.607,5467.733,5460.748,5461.295
1769655600,2026-01-29 03:00:00,5461.175,5471.592,5460.427,5471.069
1769659200,2026-01-29 04:00:00,5471.036,5476.053,5470.392,5474.312
1769662800,2026-01-29 05:00:00,5474.312,5475.898,5461.83,5468.62
1769666400,2026-01-29 06:00:00,5468.476,5475.203,5467.9,5473.213
1769670000,2026-01-29 07:00:00,5473.181,5474.603,5461.81,5464.369
1769673600,2026-01-29 08:00:00,5464.462,5464.508,5452.234,5456.278
1769677200,2026-01-29 09:00:00,5456.376,5457.699,5451.427,5454.863
1769680800,2026-01-29 10:00:00,5454.812,5459.538,5453.496,5457.875
1769684400,2026-01-29 11:00:00,5457.555,5461.594,5455.464,5459.763
1769688000,2026-01-29 12:00:00,5459.931,5461.79,5456.335,5457.686
1769691600,2026-01-29 13:00:00,5457.754,5465.28,5454.856,5464.645
1769695200,2026-01-29 14:00:00,5464.676,5473.951,5463.601,5470.17
1769698800,2026-01-29 15:00:00,5470.212,5476.408,5469.295,5472.489
1769702400,2026-01-29 16:00:00,5472.514,5481.591,5472.417,5475.521
1769706000,2026-01-29 17:00:00,5475.66,5476.07,5468.416,5470.377
1769709600,2026-01-29 18:00:00,5470.24,5476.406,5468.309,5476.406
1769713200,2026-01-29 19:00:00,5476.327,5476.799,5468.998,5475.31
1769716800,2026-01-29 20:00:00,5475.22,5475.233,5462.647,5464.599
1769720400,2026-01-29 21:00:00,5464.799,5468.068,5460.674,5463.373
1769724000,2026-01-29 22:00:00,5463.134,5463.952,5450.305,5452.18
1769727600,2026-01-29 23:00:00,5452.033,5453.645,5446.128,5451.454
1769731200,2026-01-30 00:00:00,5451.702,5453.781,5443.152,5444.2
1769734800,2026-01-30 01:00:00,5443.967,5444.011,5436.341,5437.513
1769738400,2026-01-30 02:00:00,5437.187,5441.758,5434.04,5437.791
1769742000,2026-01-30 03:00:00,5437.722,5440.84,5434.136,5437.917
1769745600,2026-01-30 04:00:00,5437.776,5440.937,5436.761,5440.011
1769749200,2026-01-30 05:00:00,5439.91,5445.531,5439.91,5442.333
1769752800,2026-01-30 06:00:00,5442.406,5443.154,5429.241,5433.886
1769756400,2026-01-30 07:00:00,5433.714,5438.384,5431.301,5436.513
1769760000,2026-01-30 08:00:00,5436.609,5436.732,5423.221,5423.221
1769763600,2026-01-30 09:00:00,5423.008,5429.766,5421.923,5429.417
1769767200,2026-01-30 10:00:00,5429.356,5434.406,5422.727,5422.783
1769770800,2026-01-30 11:00:00,5422.822,5422.822,5413.048,5418.865
1769774400,2026-01-30 12:00:00,5418.983,5424.047,5418.197,5419.398
1769778000,2026-01-30 13:00:00,5419.338,5422.418,5416.426,5421.409
1769781600,2026-01-30 14:00:00,5421.15,5425.077,5418.367,5418.993
1769785200,2026-01-30 15:00:00,5419.029,5425.637,5417.511,5422.624
1769788800,2026-01-30 16:00:00,5422.423,5430.61,5422.361,5428.807
1769792400,2026-01-30 17:00:00,5428.82,5436.332,5427.82,5434.993
1769796000,2026-01-30 18:00:00,5435.017,5445.761,5434.376,5444.356
1769799600,2026-01-30 19:00:00,5444.212,5448.266,5441.447,5442.015
1769803200,2026-01-30 20:00:00,5441.939,5447.147,5437.642,5444.499
1769806800,2026-01-30 21:00:00,5444.609,5451.255,5441.504,5447.956
1769810400,2026-01-30 22:00:00,5447.986,5449.385,5439.42,5439.976
1769814000,2026-01-30 23:00:00,5439.932,5440.113,5434.337,5437.32
1769817600,2026-01-31 00:00:00,5437.355,5441.978,5431.293,5431.588
1769821200,2026-01-31 01:00:00,5431.784,5440.303,5430.332,5439.256
1769824800,2026-01-31 02:00:00,5439.184,5439.408,5430.948,5435.032
1769828400,2026-01-31 03:00:00,5434.809,5437.889,5427.935,5428.835
1769832000,2026-01-31 04:00:00,5428.934,5435.012,5428.121,5434.819
1769835600,2026-01-31 05:00:00,5434.821,5438.498,5431.02,5437.148
1769839200,2026-01-31 06:00:00,5437.283,5438.244,5428.266,5428.607
1769842800,2026-01-31 07:00:00,5428.595,5434.764,5425.062,5426.414
1769846400,2026-01-31 08:00:00,5426.525,5429.592,5424.193,5427.407
1769850000,2026-01-31 09:00:00,5427.231,5431.87,5425.573,5429.526
1769853600,2026-01-31 10:00:00,5429.356,5432.332,5422.843,5424.166
1769857200,2026-01-31 11:00:00,5424.282,5432.571,5422.552,5430.472
1769860800,2026-01-31 12:00:00,5430.365,5431.763,5426.13,5431.59
1769864400,2026-01-31 13:00:00,5431.8,5437.205,5430.349,5434.989
1769868000,2026-01-31 14:00:00,5435.022,5436.509,5419.415,5420.278
1769871600,2026-01-31 15:00:00,5420.158,5430.049,5420.158,5428.08
1769875200,2026-01-31 16:00:00,5428.338,5429.538,5419.041,5419.602
1769878800,2026-01-31 17:00:00,5419.565,5424.413,5412.711,5423.699
1769882400,2026-01-31 18:00:00,5423.881,5425.105,5419.911,5422.142
1769886000,2026-01-31 19:00:00,5422.104,5424.953,5417.507,5418.189
1769889600,2026-01-31 20:00:00,5418.293,5420.83,5410.803,5411.775
1769893200,2026-01-31 21:00:00,5411.717,5414.321,5406.179,5410.102
1769896800,2026-01-31 22:00:00,5410.078,5413.692,5398.766,5399.282
1769900400,2026-01-31 23:00:00,5399.308,5404.187,5391.288,5391.569
1769904000,2026-02-01 00:00:00,5391.578,5394.367,5385.295,5389.63
1769907600,2026-02-01 01:00:00,5389.546,5391.97,5385.351,5386.104
1769911200,2026-02-01 02:00:00,5386.261,5390.996,5384.663,5387.088
1769914800,2026-02-01 03:00:00,5387.111,5389.654,5383.184,5384.882
1769918400,2026-02-01 04:00:00,5384.639,5387.464,5378.671,5387.156
1769922000,2026-02-01 05:00:00,5387.223,5387.454,5379.247,5387.005
1769925600,2026-02-01 06:00:00,5387.14,5389.399,5381.908,5387.137
1769929200,2026-02-01 07:00:00,5387.059,5387.059,5376.333,5376.333
1769932800,2026-02-01 08:00:00,5376.391,5376.824,5366.253,5368.672
1769936400,2026-02-01 09:00:00,5368.844,5374.03,5365.975,5371.461
1769940000,2026-02-01 10:00:00,5371.369,5379.574,5370.399,5373.696
1769943600,2026-02-01 11:00:00,5373.501,5373.751,5361.371,5364.086
1769947200,2026-02-01 12:00:00,5364.08,5372.836,5363.571,5370.368
1769950800,2026-02-01 13:00:00,5370.292,5376.994,5369.791,5376.435
1769954400,2026-02-01 14:00:00,5376.603,5382.906,5375.524,5376.743
1769958000,2026-02-01 15:00:00,5376.656,5377.159,5365.986,5371.408
1769961600,2026-02-01 16:00:00,5371.358,5379.018,5370.152,5378.99
1769965200,2026-02-01 17:00:00,5379.015,5382.574,5376.82,5381.377
1769968800,2026-02-01 18:00:00,5381.343,5382.23,5372.641,5374.535
1769972400,2026-02-01 19:00:00,5374.226,5381.419,5372.459,5379.869
1769976000,2026-02-01 20:00:00,5379.844,5384.937,5379.121,5380.764
1769979600,2026-02-01 21:00:00,5380.828,5386.067,5379.708,5381.846
1769983200,2026-02-01 22:00:00,5381.887,5382.35,5370.265,5370.765
1769986800,2026-02-01 23:00:00,5370.596,5370.912,5358.838,5361.274
1769990400,2026-02-02 00:00:00,5361.25,5363.304,5357.04,5359.579
1769994000,2026-02-02 01:00:00,5359.435,5364.195,5357.82,5360.299
1769997600,2026-02-02 02:00:00,5360.319,5365.364,5355.155,5359.034
1770001200,2026-02-02 03:00:00,5359.176,5365.254,5357.759,5360.755
1770004800,2026-02-02 04:00:00,5360.809,5362.453,5355.044,5355.23
1770008400,2026-02-02 05:00:00,5355.364,5361.488,5352.112,5360.384
1770012000,2026-02-02 06:00:00,5360.567,5364.326,5358.31,5360.855
1770015600,2026-02-02 07:00:00,5360.966,5367.28,5356.993,5367.183
1770019200,2026-02-02 08:00:00,5367.079,5375.81,5366.102,5375.004
1770022800,2026-02-02 09:00:00,5374.997,5379.611,5369.814,5379.082
1770026400,2026-02-02 10:00:00,5379.298,5384.999,5371.221,5375.951
1770030000,2026-02-02 11:00:00,5375.764,5378.889,5374.975,5376.125
1770033600,2026-02-02 12:00:00,5376.168,5382.051,5374.705,5379.576
1770037200,2026-02-02 13:00:00,5379.462,5392.55,5376.434,5391.696
1770040800,2026-02-02 14:00:00,5391.858,5392.974,5383.619,5389.828
1770044400,2026-02-02 15:00:00,5389.465,5392.882,5385.674,5385.674
1770048000,2026-02-02 16:00:00,5385.798,5393.792,5385.686,5388.735
1770051600,2026-02-02 17:00:00,5388.518,5398.46,5386.624,5396.858
1770055200,2026-02-02 18:00:00,5396.992,5400.054,5393.172,5394.511
1770058800,2026-02-02 19:00:00,5394.433,5399.274,5392.483,5393.25
1770062400,2026-02-02 20:00:00,5393.369,5394.626,5381.466,5384.863
1770066000,2026-02-02 21:00:00,5384.833,5391.406,5383.819,5389.797
1770069600,2026-02-02 22:00:00,5389.858,5391.168,5383.881,5384.55
1770073200,2026-02-02 23:00:00,5384.644,5402.118,5383.885,5400.366
1770076800,2026-02-03 00:00:00,5400.223,5400.223,5385.611,5390.129
1770080400,2026-02-03 01:00:00,5390.069,5392.047,5386.097,5388.084
1770084000,2026-02-03 02:00:00,5388.367,5392.382,5386.194,5391.079
1770087600,2026-02-03 03:00:00,5391.317,5400.953,5390.586,5400.524
1770091200,2026-02-03 04:00:00,5400.448,5402.643,5395.55,5395.9
1770094800,2026-02-03 05:00:00,5395.827,5406.498,5394.606,5406.054
1770098400,2026-02-03 06:00:00,5405.969,5406.2,5395.877,5398.243
1770102000,2026-02-03 07:00:00,5398.185,5408.059,5397.771,5407.041
1770105600,2026-02-03 08:00:00,5406.999,5409.999,5403.744,5403.99
1770109200,2026-02-03 09:00:00,5403.954,5412.389,5401.664,5411.227
1770112800,2026-02-03 10:00:00,5411.235,5413.412,5402.583,5406.897
1770116400,2026-02-03 11:00:00,5406.819,5411.185,5402.706,5407.688
1770120000,2026-02-03 12:00:00,5407.903,5412.78,5404.851,5411.977
1770123600,2026-02-03 13:00:00,5412.046,5413.223,5403.704,5412.234
1770127200,2026-02-03 14:00:00,5412.233,5415.063,5406.736,5409.194
1770130800,2026-02-03 15:00:00,5409.25,5413.68,5408.241,5409.849
1770134400,2026-02-03 16:00:00,5409.94,5414.435,5406.722,5408.527
1770138000,2026-02-03 17:00:00,5408.501,5415.799,5406.725,5411.739
1770141600,2026-02-03 18:00:00,5411.838,5413.266,5408.114,5411.527
1770145200,2026-02-03 19:00:00,5411.467,5420.826,5409.952,5418.748
1770148800,2026-02-03 20:00:00,5418.744,5423.16,5416.499,5419.957
1770152400,2026-02-03 21:00:00,5420.057,5429.579,5416.429,5427.719
1770156000,2026-02-03 22:00:00,5427.697,5434.501,5426.02,5428.407
1770159600,2026-02-03 23:00:00,5428.559,5437.113,5428.458,5435.602
1770163200,2026-02-04 00:00:00,5435.665,5436.626,5425.398,5426.298
1770166800,2026-02-04 01:00:00,5426.23,5427.049,5411.153,5412.176
1770170400,2026-02-04 02:00:00,5412.044,5421.275,5406.591,5420.524
1770174000,2026-02-04 03:00:00,5420.481,5426.653,5419.32,5423.357
1770177600,2026-02-04 04:00:00,5423.335,5424.689,5416.561,5417.237
1770181200,2026-02-04 05:00:00,5417.244,5418.356,5410.699,5415.099
1770184800,2026-02-04 06:00:00,5415.243,5419.342,5412.696,5415.137
1770188400,2026-02-04 07:00:00,5415.057,5418.742,5412.999,5415.724
1770192000,2026-02-04 08:00:00,5415.712,5417.443,5409.783,5410.202
1770195600,2026-02-04 09:00:00,5410.438,5413.931,5408.074,5411.309
1770199200,2026-02-04 10:00:00,5411.414,5418.585,5411.086,5412.16
1770202800,2026-02-04 11:00:00,5412.178,5420.131,5410.964,5418.875
1770206400,2026-02-04 12:00:00,5419,5424.41,5414.652,5423.628
1770210000,2026-02-04 13:00:00,5423.634,5426.74,5418.38,5426.34
1770213600,2026-02-04 14:00:00,5426.3,5432.399,5420.172,5421.073
1770217200,2026-02-04 15:00:00,5421.164,5421.164,5416.095,5418.116
1770220800,2026-02-04 16:00:00,5417.936,5420.694,5414.448,5420.688
1770224400,2026-02-04 17:00:00,5420.611,5425.874,5418.854,5420.348
1770228000,2026-02-04 18:00:00,5420.227,5425.563,5417.332,5423.414
1770231600,2026-02-04 19:00:00,5423.613,5434.37,5423.354,5432.942
1770235200,2026-02-04 20:00:00,5432.754,5434.685,5425.545,5427.019
1770238800,2026-02-04 21:00:00,5427.385,5433.041,5426.274,5427.699
1770242400,2026-02-04 22:00:00,5427.643,5428.462,5419.377,5420.052
1770246000,2026-02-04 23:00:00,5419.932,5429.293,5418.531,5425.935
1770249600,2026-02-05 00:00:00,5426.019,5432.896,5423.538,5430.492
1770253200,2026-02-05 01:00:00,5430.269,5431.067,5420.199,5421.02
1770256800,2026-02-05 02:00:00,5421.401,5424.183,5409.959,5414.003
1770260400,2026-02-05 03:00:00,5414.151,5419.619,5413.352,5414.903
1770264000,2026-02-05 04:00:00,5414.851,5418.444,5411.721,5417.664
1770267600,2026-02-05 05:00:00,5417.784,5418.229,5410.532,5414.574
1770271200,2026-02-05 06:00:00,5414.703,5417.453,5409.859,5414.194
1770274800,2026-02-05 07:00:00,5414.296,5418.308,5409.735,5417.635
1770278400,2026-02-05 08:00:00,5417.649,5418.649,5402.317,5403.096
1770282000,2026-02-05 09:00:00,5403.187,5403.96,5396.067,5396.879
1770285600,2026-02-05 10:00:00,5396.856,5402.375,5392.556,5400.729
1770289200,2026-02-05 11:00:00,5400.837,5412.465,5398.95,5412.359
1770292800,2026-02-05 12:00:00,5412.491,5418.008,5408.568,5417.728
1770296400,2026-02-05 13:00:00,5417.677,5420.78,5413.995,5418.67
1770300000,2026-02-05 14:00:00,5418.604,5426.576,5412.278,5412.621
1770303600,2026-02-05 15:00:00,5412.484,5420.777,5411.744,5419.831
1770307200,2026-02-05 16:00:00,5419.823,5420.691,5412.592,5413.998
1770310800,2026-02-05 17:00:00,5414.218,5418.936,5412.412,5415.145
1770314400,2026-02-05 18:00:00,5415.151,5416.177,5411.187,5412.318
1770318000,2026-02-05 19:00:00,5412.23,5412.991,5406.047,5409.647
1770321600,2026-02-05 20:00:00,5409.843,5409.982,5404.231,5404.231
1770325200,2026-02-05 21:00:00,5403.894,5406.614,5399.663,5403.639
1770328800,2026-02-05 22:00:00,5403.648,5413.531,5402.993,5406.714
1770332400,2026-02-05 23:00:00,5406.477,5408.779,5403.16,5407.537
1770336000,2026-02-06 00:00:00,5407.491,5407.652,5400.435,5401.921
1770339600,2026-02-06 01:00:00,5401.885,5401.885,5392.18,5393.374
1770343200,2026-02-06 02:00:00,5393.41,5397.244,5389.205,5394.137
1770346800,2026-02-06 03:00:00,5394.147,5395.408,5387.324,5387.433
1770350400,2026-02-06 04:00:00,5387.456,5396.454,5384.831,5395.954
1770354000,2026-02-06 05:00:00,5395.91,5397.578,5388.366,5392.598
1770357600,2026-02-06 06:00:00,5392.505,5399.839,5391.664,5397.882
1770361200,2026-02-06 07:00:00,5397.763,5400.816,5393.727,5396.129
1770364800,2026-02-06 08:00:00,5396.072,5400.875,5392.856,5398.744
1770368400,2026-02-06 09:00:00,5398.624,5400.592,5396.189,5397.915
1770372000,2026-02-06 10:00:00,5397.898,5398.299,5388.203,5389.916
1770375600,2026-02-06 11:00:00,5389.759,5391.235,5384.942,5389.438
1770379200,2026-02-06 12:00:00,5389.473,5397.736,5389.473,5394.576
1770382800,2026-02-06 13:00:00,5394.524,5397.505,5387.447,5387.751
1770386400,2026-02-06 14:00:00,5387.894,5390.128,5381.346,5381.346
1770390000,2026-02-06 15:00:00,5381.588,5385.812,5379.5,5381.402
1770393600,2026-02-06 16:00:00,5381.41,5387.514,5380.64,5385.047
1770397200,2026-02-06 17:00:00,5384.896,5389.874,5378.947,5379.145
1770400800,2026-02-06 18:00:00,5378.99,5386.73,5376.309,5385.126
1770404400,2026-02-06 19:00:00,5385.321,5387.56,5373.627,5374.593
1770408000,2026-02-06 20:00:00,5374.337,5380.469,5372.516,5376.411
1770411600,2026-02-06 21:00:00,5376.403,5382.084,5374.225,5380.799
1770415200,2026-02-06 22:00:00,5380.55,5382.473,5373.333,5377.302
1770418800,2026-02-06 23:00:00,5377.432,5381.175,5373.042,5377.038
1770422400,2026-02-07 00:00:00,5377.013,5385.8,5376.987,5378.877
1770426000,2026-02-07 01:00:00,5378.831,5382.442,5375.304,5375.541
1770429600,2026-02-07 02:00:00,5375.42,5390.887,5374.574,5390.589
1770433200,2026-02-07 03:00:00,5390.678,5396.774,5390.211,5393.967
1770436800,2026-02-07 04:00:00,5394.21,5395.791,5390.101,5392.292
1770440400,2026-02-07 05:00:00,5392.199,5399.37,5390.497,5398.294
1770444000,2026-02-07 06:00:00,5398.157,5404.583,5396.735,5404.512
1770447600,2026-02-07 07:00:00,5404.621,5406.283,5400.519,5401.189
1770451200,2026-02-07 08:00:00,5401.273,5410.244,5398.653,5408.962
1770454800,2026-02-07 09:00:00,5409.002,5409.462,5399.375,5404.385
1770458400,2026-02-07 10:00:00,5404.105,5405.184,5394.783,5401.711
1770462000,2026-02-07 11:00:00,5401.558,5408.228,5399.583,5407.343
1770465600,2026-02-07 12:00:00,5407.526,5407.959,5396.757,5397.615
1770469200,2026-02-07 13:00:00,5397.745,5409.287,5395.679,5406.563
1770472800,2026-02-07 14:00:00,5406.449,5407.06,5397.682,5400.817
1770476400,2026-02-07 15:00:00,5400.984,5410.868,5399.541,5409.605
1770480000,2026-02-07 16:00:00,5409.286,5411.327,5405.548,5407.512
1770483600,2026-02-07 17:00:00,5407.436,5408.739,5400.045,5402.848
1770487200,2026-02-07 18:00:00,5402.826,5403.772,5391.943,5393.683
1770490800,2026-02-07 19:00:00,5393.574,5393.665,5380.97,5385.664
1770494400,2026-02-07 20:00:00,5385.591,5388.822,5379.332,5379.917
1770498000,2026-02-07 21:00:00,5379.868,5387.388,5378.963,5384.857
1770501600,2026-02-07 22:00:00,5385.043,5386.792,5380.843,5383.452
1770505200,2026-02-07 23:00:00,5383.635,5394.417,5383.512,5392.067
1770508800,2026-02-08 00:00:00,5392.102,5393.075,5388.434,5391.44
1770512400,2026-02-08 01:00:00,5391.601,5395.157,5388.029,5389.532
1770516000,2026-02-08 02:00:00,5389.558,5398.318,5388.33,5390.223
1770519600,2026-02-08 03:00:00,5390.156,5390.84,5376.293,5380.539
1770523200,2026-02-08 04:00:00,5380.521,5380.947,5369.443,5369.978
1770526800,2026-02-08 05:00:00,5369.995,5375.681,5369.263,5370.657
1770530400,2026-02-08 06:00:00,5370.671,5377.672,5366.744,5368.608
1770534000,2026-02-08 07:00:00,5368.523,5374.952,5365.703,5374.674
1770537600,2026-02-08 08:00:00,5374.674,5384.12,5372.239,5381.398
1770541200,2026-02-08 09:00:00,5381.159,5386.581,5380.23,5384.755
1770544800,2026-02-08 10:00:00,5384.963,5389.938,5382.274,5385.568
1770548400,2026-02-08 11:00:00,5385.674,5388.043,5382.136,5382.136
1770552000,2026-02-08 12:00:00,5381.931,5384.292,5377.275,5381.13
1770555600,2026-02-08 13:00:00,5381.088,5382.201,5370.587,5370.587
1770559200,2026-02-08 14:00:00,5370.73,5380.78,5368.327,5376.925
1770562800,2026-02-08 15:00:00,5377.256,5380.27,5369.912,5373.247
1770566400,2026-02-08 16:00:00,5373.154,5377.363,5366.73,5367.413
1770570000,2026-02-08 17:00:00,5367.72,5369.461,5363.64,5364.926
1770573600,2026-02-08 18:00:00,5365.037,5368.208,5361.249,5362.692
1770577200,2026-02-08 19:00:00,5362.917,5370.248,5361.565,5367.057
1770580800,2026-02-08 20:00:00,5366.979,5368.578,5358.726,5359.508
1770584400,2026-02-08 21:00:00,5359.603,5369.91,5359.214,5368.869
1770588000,2026-02-08 22:00:00,5368.746,5370.775,5355.557,5357.13
1770591600,2026-02-08 23:00:00,5357.115,5361.844,5351.302,5356.318
1770595200,2026-02-09 00:00:00,5356.366,5363.281,5355.268,5361.457
1770598800,2026-02-09 01:00:00,5361.372,5364.15,5353.644,5353.918
1770602400,2026-02-09 02:00:00,5353.942,5361.56,5352.305,5359.965
1770606000,2026-02-09 03:00:00,5360.118,5361.827,5354.961,5356.256
1770609600,2026-02-09 04:00:00,5356.21,5356.852,5348.529,5351.426
1770613200,2026-02-09 05:00:00,5351.324,5352.19,5345.883,5347.605
1770616800,2026-02-09 06:00:00,5347.643,5352.059,5344.186,5347.168
1770620400,2026-02-09 07:00:00,5347.102,5352.406,5344.609,5345.406
1770624000,2026-02-09 08:00:00,5345.404,5356.506,5344.814,5356.506
1770627600,2026-02-09 09:00:00,5356.658,5362.799,5354.494,5355.054
1770631200,2026-02-09 10:00:00,5355.031,5356.157,5349.837,5351.666
1770634800,2026-02-09 11:00:00,5351.654,5354.522,5349.145,5349.832
1770638400,2026-02-09 12:00:00,5349.911,5351.088,5336.207,5336.389
1770642000,2026-02-09 13:00:00,5336.376,5339.52,5331.142,5336.399
1770645600,2026-02-09 14:00:00,5336.427,5339.493,5329.142,5329.474
1770649200,2026-02-09 15:00:00,5329.396,5329.533,5320.454,5322.416
1770652800,2026-02-09 16:00:00,5322.241,5325.232,5316.883,5323.369
1770656400,2026-02-09 17:00:00,5323.358,5328.331,5317.509,5327.672
1770660000,2026-02-09 18:00:00,5327.694,5330.642,5322.498,5330.146
1770663600,2026-02-09 19:00:00,5330.312,5331.588,5321.684,5327.093
1770667200,2026-02-09 20:00:00,5327.086,5331.63,5324.078,5330.105
1770670800,2026-02-09 21:00:00,5330.029,5336.916,5326.076,5333.274
1770674400,2026-02-09 22:00:00,5333.496,5338.315,5333.4,5336.764
1770678000,2026-02-09 23:00:00,5336.521,5346.438,5336.389,5345.247
1770681600,2026-02-10 00:00:00,5345.129,5348.937,5336.898,5340.518
1770685200,2026-02-10 01:00:00,5340.304,5341.987,5334.159,5337.295
1770688800,2026-02-10 02:00:00,5337.423,5345.225,5337.423,5342.674
1770692400,2026-02-10 03:00:00,5342.736,5351.614,5342.21,5350.684
1770696000,2026-02-10 04:00:00,5350.795,5357.931,5349.929,5357.661
1770699600,2026-02-10 05:00:00,5357.577,5364.42,5356.05,5356.167
1770703200,2026-02-10 06:00:00,5356.158,5359.139,5346.21,5346.9
1770706800,2026-02-10 07:00:00,5346.699,5347.774,5334.243,5335.397
1770710400,2026-02-10 08:00:00,5335.07,5336.13,5324.364,5325.523
1770714000,2026-02-10 09:00:00,5325.471,5331.601,5323.251,5328.972
1770717600,2026-02-10 10:00:00,5328.97,5336.935,5328.071,5335.618
1770721200,2026-02-10 11:00:00,5335.558,5338.722,5332.373,5335.114
1770724800,2026-02-10 12:00:00,5334.907,5335.775,5325.436,5325.99
1770728400,2026-02-10 13:00:00,5326.032,5333.545,5325.085,5332.888
1770732000,2026-02-10 14:00:00,5332.848,5342.393,5329.822,5340.603
1770735600,2026-02-10 15:00:00,5340.636,5348.28,5339.291,5344.24
1770739200,2026-02-10 16:00:00,5344.085,5352.295,5343.955,5349.131
1770742800,2026-02-10 17:00:00,5349.342,5354.362,5342.009,5343.06
1770746400,2026-02-10 18:00:00,5343.075,5346.465,5340.213,5346.256
1770750000,2026-02-10 19:00:00,5346.379,5349.75,5342.041,5344.116
1770753600,2026-02-10 20:00:00,5344.277,5344.557,5338.361,5340.281
1770757200,2026-02-10 21:00:00,5340.197,5341.843,5331.997,5336.61
1770760800,2026-02-10 22:00:00,5336.774,5339.474,5331.791,5332.352
1770764400,2026-02-10 23:00:00,5332.429,5335.794,5329.802,5331.494
1770768000,2026-02-11 00:00:00,5331.43,5332.901,5327.01,5331.997
1770771600,2026-02-11 01:00:00,5332.095,5338.963,5329.642,5338.364
1770775200,2026-02-11 02:00:00,5338.675,5342.024,5337.064,5339.693
1770778800,2026-02-11 03:00:00,5339.707,5344.775,5335.099,5337.858
1770782400,2026-02-11 04:00:00,5337.853,5338.167,5330.258,5330.636
1770786000,2026-02-11 05:00:00,5330.572,5335.642,5327.945,5334.506
1770789600,2026-02-11 06:00:00,5334.507,5334.507,5316.332,5316.412
1770793200,2026-02-11 07:00:00,5316.318,5322.73,5315.421,5320.65
1770796800,2026-02-11 08:00:00,5320.499,5328.943,5319.699,5326.634
1770800400,2026-02-11 09:00:00,5326.673,5338.501,5325.683,5332.866
1770804000,2026-02-11 10:00:00,5332.872,5336.996,5325.071,5327.166
1770807600,2026-02-11 11:00:00,5327.121,5327.526,5321.779,5324.637
1770811200,2026-02-11 12:00:00,5324.605,5329.73,5321.246,5321.72
1770814800,2026-02-11 13:00:00,5321.845,5322.224,5310.225,5311.949
1770818400,2026-02-11 14:00:00,5311.653,5318.763,5310.512,5313.224
1770822000,2026-02-11 15:00:00,5313.219,5322.486,5312.658,5317.512
1770825600,2026-02-11 16:00:00,5317.516,5317.786,5309.218,5309.96
1770829200,2026-02-11 17:00:00,5309.978,5312.021,5304.676,5306.718
1770832800,2026-02-11 18:00:00,5306.716,5309.186,5302.917,5303.823
1770836400,2026-02-11 19:00:00,5303.493,5311.285,5302.652,5308.485
1770840000,2026-02-11 20:00:00,5308.643,5311.234,5305.406,5308.162
1770843600,2026-02-11 21:00:00,5308.23,5317.407,5308.055,5316.336
1770847200,2026-02-11 22:00:00,5316.24,5319.975,5312.304,5319.617
1770850800,2026-02-11 23:00:00,5319.673,5323.782,5317.565,5317.567
1770854400,2026-02-12 00:00:00,5317.767,5321.731,5315.419,5320.12
1770858000,2026-02-12 01:00:00,5320.058,5324.882,5318.045,5321.12
1770861600,2026-02-12 02:00:00,5321.071,5328.061,5318.198,5327.246
1770865200,2026-02-12 03:00:00,5327.279,5331.368,5325.344,5328.994
1770868800,2026-02-12 04:00:00,5329.382,5334.81,5326.618,5327.297
1770872400,2026-02-12 05:00:00,5327.164,5327.569,5318.683,5322.103
1770876000,2026-02-12 06:00:00,5322.284,5327.04,5316.581,5325.092
1770879600,2026-02-12 07:00:00,5325.015,5330.841,5320.847,5325.408
1770883200,2026-02-12 08:00:00,5325.534,5333.467,5322.453,5331.75
1770886800,2026-02-12 09:00:00,5331.667,5334.775,5328.005,5333.971
1770890400,2026-02-12 10:00:00,5334.003,5334.261,5323.085,5324.352
1770894000,2026-02-12 11:00:00,5324.341,5324.404,5313.687,5315.768
1770897600,2026-02-12 12:00:00,5315.759,5316.253,5306.114,5308.381
1770901200,2026-02-12 13:00:00,5308.127,5308.991,5303.02,5304.352
1770904800,2026-02-12 14:00:00,5304.343,5309.119,5300.799,5306.509
1770908400,2026-02-12 15:00:00,5306.531,5308.861,5304.578,5308.553
1770912000,2026-02-12 16:00:00,5308.584,5309.047,5298.063,5299.554
1770915600,2026-02-12 17:00:00,5299.538,5300.106,5293.998,5295.53
1770919200,2026-02-12 18:00:00,5295.528,5296.773,5287.446,5287.446
1770922800,2026-02-12 19:00:00,5287.433,5291.602,5286.178,5286.833
1770926400,2026-02-12 20:00:00,5286.908,5292.497,5283.886,5288.905
1770930000,2026-02-12 21:00:00,5288.876,5291.251,5285.81,5287.823
1770933600,2026-02-12 22:00:00,5287.687,5296.584,5286.171,5292.673
1770937200,2026-02-12 23:00:00,5292.616,5298.831,5292.405,5294.787
1770940800,2026-02-13 00:00:00,5294.949,5295.61,5286.628,5290.327
1770944400,2026-02-13 01:00:00,5290.246,5291.074,5280.848,5283.354
1770948000,2026-02-13 02:00:00,5283.366,5287.04,5280.848,5286.537
1770951600,2026-02-13 03:00:00,5286.529,5287.713,5282.433,5282.813
1770955200,2026-02-13 04:00:00,5282.735,5285.129,5279.273,5281.729
1770958800,2026-02-13 05:00:00,5281.651,5284.508,5274.936,5278.914
1770962400,2026-02-13 06:00:00,5278.906,5281.76,5275.335,5278.394
1770966000,2026-02-13 07:00:00,5278.508,5280.089,5272.204,5273.569
1770969600,2026-02-13 08:00:00,5273.548,5276.26,5270.4,5275.471
1770973200,2026-02-13 09:00:00,5275.547,5276.404,5262.35,5263.68
1770976800,2026-02-13 10:00:00,5263.766,5266.755,5259.138,5264.038
1770980400,2026-02-13 11:00:00,5264.15,5268.748,5262.105,5265.244
1770984000,2026-02-13 12:00:00,5265.362,5275.587,5265.295,5270.919
1770987600,2026-02-13 13:00:00,5270.781,5273.572,5262.548,5265.662
1770991200,2026-02-13 14:00:00,5265.324,5266.277,5260.789,5263.258
1770994800,2026-02-13 15:00:00,5263.351,5267.787,5260.857,5261.184
1770998400,2026-02-13 16:00:00,5261.141,5269.902,5259.568,5267.351
1771002000,2026-02-13 17:00:00,5267.249,5273.473,5262.544,5265.128
1771005600,2026-02-13 18:00:00,5265.309,5270.343,5261.48,5264.176
1771009200,2026-02-13 19:00:00,5264.275,5267.845,5256.591,5261.413
1771012800,2026-02-13 20:00:00,5261.223,5261.272,5251.589,5254.456
1771016400,2026-02-13 21:00:00,5254.525,5262.012,5252.608,5258.421
1771020000,2026-02-13 22:00:00,5258.366,5261.698,5243.812,5244.423
1771023600,2026-02-13 23:00:00,5244.494,5245.634,5234.361,5235.388
1771027200,2026-02-14 00:00:00,5235.635,5240.319,5231.975,5238.455
1771030800,2026-02-14 01:00:00,5238.621,5240.932,5231.675,5233.669
1771034400,2026-02-14 02:00:00,5233.614,5234.656,5227.678,5232.408
1771038000,2026-02-14 03:00:00,5232.248,5238.142,5231.613,5235.021
1771041600,2026-02-14 04:00:00,5235.088,5236.856,5229.807,5230.666
1771045200,2026-02-14 05:00:00,5230.916,5234.258,5226.401,5234.082
1771048800,2026-02-14 06:00:00,5234.036,5237.378,5228.459,5235.285
1771052400,2026-02-14 07:00:00,5235.138,5236.081,5230.367,5230.77
1771056000,2026-02-14 08:00:00,5230.629,5234.494,5226.719,5226.719
1771059600,2026-02-14 09:00:00,5226.749,5226.749,5214.342,5219.682
1771063200,2026-02-14 10:00:00,5219.702,5219.796,5212.685,5213.524
1771066800,2026-02-14 11:00:00,5213.59,5217.634,5209.303,5217.174
1771070400,2026-02-14 12:00:00,5217.058,5218.715,5212.108,5215.531
1771074000,2026-02-14 13:00:00,5215.452,5216.738,5206.068,5207.699
1771077600,2026-02-14 14:00:00,5207.903,5216.585,5206.493,5212.41
1771081200,2026-02-14 15:00:00,5212.43,5217.406,5211.499,5214.63
1771084800,2026-02-14 16:00:00,5214.644,5216.031,5209.551,5211.213
1771088400,2026-02-14 17:00:00,5211.182,5215.873,5205.741,5211.514
1771092000,2026-02-14 18:00:00,5211.414,5214.194,5201.829,5203.275
1771095600,2026-02-14 19:00:00,5203.305,5214.65,5203.305,5213.513
1771099200,2026-02-14 20:00:00,5213.634,5216.885,5208.85,5216.744
1771102800,2026-02-14 21:00:00,5216.721,5219.377,5213.302,5216.546
1771106400,2026-02-14 22:00:00,5216.553,5226.616,5210.228,5226.474
1771110000,2026-02-14 23:00:00,5226.468,5236.694,5224.366,5233.627
1771113600,2026-02-15 00:00:00,5233.358,5236.975,5225.339,5226.91
1771117200,2026-02-15 01:00:00,5226.869,5232.987,5223.834,5231.66
1771120800,2026-02-15 02:00:00,5231.475,5236.821,5228.489,5233.378
1771124400,2026-02-15 03:00:00,5233.174,5233.213,5221.942,5223.85
1771128000,2026-02-15 04:00:00,5223.941,5232.28,5218.913,5218.913
1771131600,2026-02-15 05:00:00,5218.879,5219.4,5208.998,5213.771
1771135200,2026-02-15 06:00:00,5214.059,5217.785,5210.048,5212.069
1771138800,2026-02-15 07:00:00,5211.882,5213.539,5207.661,5212.274
1771142400,2026-02-15 08:00:00,5212.157,5213.655,5203.165,5203.711
1771146000,2026-02-15 09:00:00,5203.606,5214.024,5202.663,5209.215
1771149600,2026-02-15 10:00:00,5209.336,5210.12,5203.606,5206.076
1771153200,2026-02-15 11:00:00,5206.01,5215.624,5204.423,5215.221
1771156800,2026-02-15 12:00:00,5215.353,5218.84,5210.867,5214.123
1771160400,2026-02-15 13:00:00,5214.33,5218.641,5212.769,5213.877
1771164000,2026-02-15 14:00:00,5214.166,5215.127,5205.022,5205.772
1771167600,2026-02-15 15:00:00,5205.684,5206.204,5196.324,5196.634
1771171200,2026-02-15 16:00:00,5196.647,5204.808,5195.515,5198.952
1771174800,2026-02-15 17:00:00,5198.899,5212.342,5196.922,5212.138
1771178400,2026-02-15 18:00:00,5212.27,5213.452,5205.659,5207.484
1771182000,2026-02-15 19:00:00,5207.319,5214.78,5205.17,5208.859
1771185600,2026-02-15 20:00:00,5208.751,5211.49,5202.168,5203.959
1771189200,2026-02-15 21:00:00,5203.888,5204.263,5195.571,5202.362
1771192800,2026-02-15 22:00:00,5202.472,5205.796,5198.341,5203.412
1771196400,2026-02-15 23:00:00,5203.56,5209.249,5201.611,5204.741
1771200000,2026-02-16 00:00:00,5204.798,5205.734,5197.334,5201.806
1771203600,2026-02-16 01:00:00,5201.834,5205.085,5198.677,5203.926
1771207200,2026-02-16 02:00:00,5203.84,5206.472,5201.244,5204.22
1771210800,2026-02-16 03:00:00,5204.119,5204.705,5199.045,5202.225
1771214400,2026-02-16 04:00:00,5202.139,5203.292,5191.623,5192.627
1771218000,2026-02-16 05:00:00,5192.786,5198.267,5191.921,5193.686
1771221600,2026-02-16 06:00:00,5193.724,5193.724,5185.148,5191.129
1771225200,2026-02-16 07:00:00,5191.021,5199.186,5190.873,5194.639
1771228800,2026-02-16 08:00:00,5194.665,5195.616,5191.472,5195.406
1771232400,2026-02-16 09:00:00,5195.227,5206.05,5195.081,5204.67
1771236000,2026-02-16 10:00:00,5204.62,5205.779,5195.285,5197.457
1771239600,2026-02-16 11:00:00,5197.56,5199.585,5193.844,5194.365
1771243200,2026-02-16 12:00:00,5194.388,5196.291,5183.692,5184.007
1771246800,2026-02-16 13:00:00,5184.159,5186.822,5180.839,5184.397
1771250400,2026-02-16 14:00:00,5184.19,5184.706,5180.383,5181.176
1771254000,2026-02-16 15:00:00,5181.285,5182.323,5176.589,5178.848
1771257600,2026-02-16 16:00:00,5178.764,5180.701,5173.072,5173.814
1771261200,2026-02-16 17:00:00,5173.62,5178.432,5169.427,5176.354
1771264800,2026-02-16 18:00:00,5176.637,5178.708,5159.699,5160.218
1771268400,2026-02-16 19:00:00,5160.165,5167.417,5159.482,5166.954
1771272000,2026-02-16 20:00:00,5166.884,5179.828,5166.048,5179.571
1771275600,2026-02-16 21:00:00,5179.421,5179.831,5164.381,5166.654
1771279200,2026-02-16 22:00:00,5166.68,5173.678,5164.758,5171.564
1771282800,2026-02-16 23:00:00,5171.499,5171.833,5162.645,5164.107
1771286400,2026-02-17 00:00:00,5164.071,5164.778,5156.054,5159.694
1771290000,2026-02-17 01:00:00,5159.594,5164.212,5154.994,5162.044
1771293600,2026-02-17 02:00:00,5161.942,5166.393,5160.098,5161.798
1771297200,2026-02-17 03:00:00,5161.767,5162.892,5156.633,5158.242
1771300800,2026-02-17 04:00:00,5158.347,5162.701,5155.973,5156.203
1771304400,2026-02-17 05:00:00,5156.129,5156.69,5151.259,5152.782
1771308000,2026-02-17 06:00:00,5152.986,5160.25,5152.491,5154.594
1771311600,2026-02-17 07:00:00,5154.419,5167.636,5154.017,5164.958
1771315200,2026-02-17 08:00:00,5164.951,5168.042,5158.536,5164.647
1771318800,2026-02-17 09:00:00,5164.569,5165.455,5154.503,5159.159
1771322400,2026-02-17 10:00:00,5159.141,5165.196,5159.028,5165.124
1771326000,2026-02-17 11:00:00,5165.11,5168.615,5153.658,5156.249
1771329600,2026-02-17 12:00:00,5156.315,5158.208,5140.963,5142.16
1771333200,2026-02-17 13:00:00,5142.169,5150.885,5139.625,5150.818
1771336800,2026-02-17 14:00:00,5150.805,5155.229,5145.479,5147.988
1771340400,2026-02-17 15:00:00,5148.073,5149.454,5143.474,5144.551
1771344000,2026-02-17 16:00:00,5144.658,5153.802,5142.833,5142.984
1771347600,2026-02-17 17:00:00,5142.796,5142.855,5129.972,5130.709
1771351200,2026-02-17 18:00:00,5130.592,5134.32,5126.552,5132.522
1771354800,2026-02-17 19:00:00,5132.298,5135.98,5128.702,5131.012
1771358400,2026-02-17 20:00:00,5131.009,5141.388,5130.952,5137.127
1771362000,2026-02-17 21:00:00,5137.342,5143.411,5136.81,5140.382
1771365600,2026-02-17 22:00:00,5140.38,5143.861,5130.812,5131.08
1771369200,2026-02-17 23:00:00,5131.162,5136.496,5128.56,5133.035
1771372800,2026-02-18 00:00:00,5132.999,5139.022,5129.122,5138.008
1771376400,2026-02-18 01:00:00,5138.075,5140.765,5131.78,5132.149
1771380000,2026-02-18 02:00:00,5132.147,5134.414,5121.628,5126.065
1771383600,2026-02-18 03:00:00,5126.089,5129.569,5124.573,5128.621
1771387200,2026-02-18 04:00:00,5128.682,5128.864,5122.622,5124.305
1771390800,2026-02-18 05:00:00,5124.333,5133.447,5122.037,5130.295
1771394400,2026-02-18 06:00:00,5130.218,5136.059,5129.506,5132.085
1771398000,2026-02-18 07:00:00,5131.939,5134.073,5122.689,5122.914
1771401600,2026-02-18 08:00:00,5122.876,5123.603,5114.734,5120.613
1771405200,2026-02-18 09:00:00,5120.58,5132.439,5119.287,5129.921
1771408800,2026-02-18 10:00:00,5129.801,5130.996,5118.931,5120.799
1771412400,2026-02-18 11:00:00,5120.961,5121.273,5116.564,5118.332
1771416000,2026-02-18 12:00:00,5118.371,5128.023,5118.371,5119.949
1771419600,2026-02-18 13:00:00,5119.994,5128.662,5117.719,5127.438
1771423200,2026-02-18 14:00:00,5127.276,5129.996,5122.36,5124.823
1771426800,2026-02-18 15:00:00,5124.981,5129.547,5122.749,5128.083
1771430400,2026-02-18 16:00:00,5127.949,5132.577,5124.248,5126.18
1771434000,2026-02-18 17:00:00,5126.041,5132.825,5124.472,5128.798
1771437600,2026-02-18 18:00:00,5128.675,5130.287,5123.185,5123.244
1771441200,2026-02-18 19:00:00,5123.326,5135.311,5118.219,5133.698
1771444800,2026-02-18 20:00:00,5133.433,5149.44,5132.665,5149.44
1771448400,2026-02-18 21:00:00,5149.533,5154.868,5148.114,5152.708
1771452000,2026-02-18 22:00:00,5152.637,5162.642,5151.628,5162.527
1771455600,2026-02-18 23:00:00,5162.403,5162.844,5155.547,5157.565
1771459200,2026-02-19 00:00:00,5157.642,5162.186,5156.858,5159.555
1771462800,2026-02-19 01:00:00,5159.542,5162.118,5157.941,5160.5
1771466400,2026-02-19 02:00:00,5160.634,5163.555,5154.858,5155.63
1771470000,2026-02-19 03:00:00,5155.762,5157.52,5151.476,5152.751
1771473600,2026-02-19 04:00:00,5153.01,5153.078,5144.294,5147.456
1771477200,2026-02-19 05:00:00,5147.382,5149.748,5144.691,5148.1
1771480800,2026-02-19 06:00:00,5148.105,5151.165,5145.787,5146.635
1771484400,2026-02-19 07:00:00,5146.423,5151.494,5143.525,5149.875
1771488000,2026-02-19 08:00:00,5150.022,5152.144,5147.446,5150.367
1771491600,2026-02-19 09:00:00,5150.395,5154.461,5148.198,5149.209
1771495200,2026-02-19 10:00:00,5148.828,5155.812,5146.105,5153.952
1771498800,2026-02-19 11:00:00,5154.12,5157.816,5150.978,5155.043
1771502400,2026-02-19 12:00:00,5155.093,5159.792,5153.223,5153.577
1771506000,2026-02-19 13:00:00,5153.707,5158.528,5151.373,5151.461
1771509600,2026-02-19 14:00:00,5151.466,5152.598,5138.452,5141.09
1771513200,2026-02-19 15:00:00,5140.949,5145.756,5139.335,5141.78
1771516800,2026-02-19 16:00:00,5141.877,5146.183,5141.602,5144.29
1771520400,2026-02-19 17:00:00,5144.326,5144.557,5134.451,5135.528
1771524000,2026-02-19 18:00:00,5135.33,5138.25,5131.599,5133.155
1771527600,2026-02-19 19:00:00,5132.994,5136.681,5129.538,5130.033
1771531200,2026-02-19 20:00:00,5130.168,5132.993,5128.003,5129.156
1771534800,2026-02-19 21:00:00,5128.804,5131.149,5126.289,5128.589
1771538400,2026-02-19 22:00:00,5128.584,5130.149,5123.163,5126.663
1771542000,2026-02-19 23:00:00,5126.552,5136.166,5125.842,5134.739
1771545600,2026-02-20 00:00:00,5134.63,5135.762,5130.754,5133.396
1771549200,2026-02-20 01:00:00,5133.169,5141.515,5132.432,5137.047
1771552800,2026-02-20 02:00:00,5136.996,5137.974,5131.723,5136.176
1771556400,2026-02-20 03:00:00,5136.022,5144.053,5136.002,5140.485
1771560000,2026-02-20 04:00:00,5140.579,5141.476,5135.662,5136.694
1771563600,2026-02-20 05:00:00,5136.717,5145.275,5136.633,5141.225
1771567200,2026-02-20 06:00:00,5141.304,5145.042,5138.111,5138.568
1771570800,2026-02-20 07:00:00,5138.471,5142.29,5131.551,5132.636
1771574400,2026-02-20 08:00:00,5132.665,5135.158,5128.546,5131.731
1771578000,2026-02-20 09:00:00,5131.679,5133.987,5128.55,5132.603
1771581600,2026-02-20 10:00:00,5132.526,5133.795,5126.295,5129.067
1771585200,2026-02-20 11:00:00,5129.202,5129.413,5122.136,5126.955
1771588800,2026-02-20 12:00:00,5127.014,5128.948,5118.304,5120.282
1771592400,2026-02-20 13:00:00,5120.202,5122.208,5112.226,5112.58
1771596000,2026-02-20 14:00:00,5112.76,5114.338,5103.732,5107.077
1771599600,2026-02-20 15:00:00,5106.971,5112.486,5103.586,5112.371
1771603200,2026-02-20 16:00:00,5112.497,5115.018,5107.686,5109.799
1771606800,2026-02-20 17:00:00,5109.818,5113.926,5109.73,5112.027
1771610400,2026-02-20 18:00:00,5111.968,5113.312,5106.008,5106.466
1771614000,2026-02-20 19:00:00,5106.348,5113.389,5103.803,5108.035
1771617600,2026-02-20 20:00:00,5108.077,5111.537,5105.685,5108.606
1771621200,2026-02-20 21:00:00,5108.791,5111.924,5106.113,5110.164
1771624800,2026-02-20 22:00:00,5110.196,5117.823,5108.503,5116.248
1771628400,2026-02-20 23:00:00,5116.071,5117.306,5110.85,5111.421
1771632000,2026-02-21 00:00:00,5111.515,5111.669,5097.746,5099.994
1771635600,2026-02-21 01:00:00,5099.929,5101.168,5095.116,5098.68
1771639200,2026-02-21 02:00:00,5098.714,5099.093,5093.696,5096.941
1771642800,2026-02-21 03:00:00,5096.943,5099.371,5093.278,5094.982
1771646400,2026-02-21 04:00:00,5094.765,5097.971,5088.545,5089.932
1771650000,2026-02-21 05:00:00,5089.742,5092.562,5080.678,5083.36
1771653600,2026-02-21 06:00:00,5083.351,5091.073,5081.745,5090.703
1771657200,2026-02-21 07:00:00,5090.641,5091.437,5083.695,5085.999
1771660800,2026-02-21 08:00:00,5085.919,5090.563,5083.754,5090.055
1771664400,2026-02-21 09:00:00,5089.975,5090.066,5084.008,5088.991
1771668000,2026-02-21 10:00:00,5089.158,5095.356,5088.304,5090.833
1771671600,2026-02-21 11:00:00,5090.556,5091.275,5083.574,5088.18
1771675200,2026-02-21 12:00:00,5088.233,5094.156,5087.579,5092.855
1771678800,2026-02-21 13:00:00,5092.811,5094.355,5088.245,5089.105
1771682400,2026-02-21 14:00:00,5089.008,5093.757,5084.242,5091.418
1771686000,2026-02-21 15:00:00,5091.517,5096.681,5087.938,5096.127
1771689600,2026-02-21 16:00:00,5096.159,5104.449,5095.409,5101.306
1771693200,2026-02-21 17:00:00,5101.07,5103.963,5096.282,5096.864
1771696800,2026-02-21 18:00:00,5096.722,5097.666,5085.319,5086.269
1771700400,2026-02-21 19:00:00,5086.266,5089.89,5077.057,5077.868
1771704000,2026-02-21 20:00:00,5077.729,5078.683,5071.788,5075.206
1771707600,2026-02-21 21:00:00,5075.15,5076.232,5067.823,5070.244
1771711200,2026-02-21 22:00:00,5070.17,5072.913,5066.059,5072.797
1771714800,2026-02-21 23:00:00,5072.867,5075.914,5068.422,5074.17
1771718400,2026-02-22 00:00:00,5074.165,5074.657,5068.318,5072.359
1771722000,2026-02-22 01:00:00,5072.476,5075.04,5064.619,5064.619
1771725600,2026-02-22 02:00:00,5064.875,5066.428,5060.915,5061.137
1771729200,2026-02-22 03:00:00,5061.291,5062.775,5054.12,5055.292
1771732800,2026-02-22 04:00:00,5055.422,5055.953,5046.763,5046.8
1771736400,2026-02-22 05:00:00,5047.02,5057.809,5045.888,5054.516
1771740000,2026-02-22 06:00:00,5054.492,5058.9,5048.06,5058.449
1771743600,2026-02-22 07:00:00,5058.638,5061.086,5049.339,5049.357
1771747200,2026-02-22 08:00:00,5049.201,5055.471,5048.796,5055.128
1771750800,2026-02-22 09:00:00,5055.048,5058.916,5050.588,5057.733
1771754400,2026-02-22 10:00:00,5057.847,5060.096,5053.472,5053.472
1771758000,2026-02-22 11:00:00,5053.556,5056.9,5049.238,5055.643
1771761600,2026-02-22 12:00:00,5055.761,5061.333,5054.954,5060.755
1771765200,2026-02-22 13:00:00,5060.784,5065.592,5058.264,5061.979
1771768800,2026-02-22 14:00:00,5062.073,5063.024,5052.858,5054.288
1771772400,2026-02-22 15:00:00,5054.311,5061.969,5053.324,5057.757
1771776000,2026-02-22 16:00:00,5057.896,5058.324,5049.311,5050.616
1771779600,2026-02-22 17:00:00,5050.752,5062.811,5049.731,5062.616
1771783200,2026-02-22 18:00:00,5062.305,5071.032,5061.067,5068.342
1771786800,2026-02-22 19:00:00,5067.917,5076.207,5066.781,5074.468
1771790400,2026-02-22 20:00:00,5074.342,5076.164,5065.142,5068.379
1771794000,2026-02-22 21:00:00,5068.629,5069.542,5063.158,5068.591
1771797600,2026-02-22 22:00:00,5068.481,5070.202,5064.006,5066.838
1771801200,2026-02-22 23:00:00,5066.919,5074.662,5064.972,5065.303
1771804800,2026-02-23 00:00:00,5065.4,5067.258,5062.589,5063.97
1771808400,2026-02-23 01:00:00,5063.791,5065.4,5058.472,5064.4
1771812000,2026-02-23 02:00:00,5064.388,5064.546,5056.559,5059.351
1771815600,2026-02-23 03:00:00,5059.243,5061.018,5053.095,5059.008
1771819200,2026-02-23 04:00:00,5058.959,5062.785,5053.955,5054.121
1771822800,2026-02-23 05:00:00,5054.074,5062.339,5052.494,5056.651
1771826400,2026-02-23 06:00:00,5056.657,5057.993,5049.276,5051.681
1771830000,2026-02-23 07:00:00,5051.529,5054.204,5048.136,5049.006
1771833600,2026-02-23 08:00:00,5048.753,5052.164,5046.544,5046.965
1771837200,2026-02-23 09:00:00,5046.751,5048.941,5042.332,5048.87
1771840800,2026-02-23 10:00:00,5048.876,5055.871,5048.435,5054.613
1771844400,2026-02-23 11:00:00,5054.688,5063.49,5053.699,5058.082
1771848000,2026-02-23 12:00:00,5058.194,5063.862,5056.315,5062.178
1771851600,2026-02-23 13:00:00,5062.278,5070.251,5062.278,5069.436
1771855200,2026-02-23 14:00:00,5069.496,5078.646,5065.897,5076.128
1771858800,2026-02-23 15:00:00,5076.054,5077.985,5071.33,5072.402
1771862400,2026-02-23 16:00:00,5072.325,5083.744,5072.123,5081.301
1771866000,2026-02-23 17:00:00,5081.135,5081.312,5075.035,5078.819
1771869600,2026-02-23 18:00:00,5078.647,5080.122,5071.07,5071.339
1771873200,2026-02-23 19:00:00,5071.358,5072.689,5067.643,5069.775
1771876800,2026-02-23 20:00:00,5069.708,5070.666,5055.853,5056.313
1771880400,2026-02-23 21:00:00,5056.305,5061.928,5054.351,5058.601
1771884000,2026-02-23 22:00:00,5058.515,5067.338,5058.515,5061.398
1771887600,2026-02-23 23:00:00,5061.655,5067.654,5059.986,5061.766
1771891200,2026-02-24 00:00:00,5061.723,5066.394,5060.547,5063.874
1771894800,2026-02-24 01:00:00,5063.908,5069.07,5062.753,5063.421
1771898400,2026-02-24 02:00:00,5063.444,5069.452,5062.062,5064.378
1771902000,2026-02-24 03:00:00,5064.274,5067.162,5060.047,5060.183
1771905600,2026-02-24 04:00:00,5060.156,5062.482,5054.776,5057.133
1771909200,2026-02-24 05:00:00,5056.986,5057.112,5049.507,5052.976
1771912800,2026-02-24 06:00:00,5052.957,5056.919,5051.931,5054.174
1771916400,2026-02-24 07:00:00,5054.169,5056.765,5049.059,5049.059
1771920000,2026-02-24 08:00:00,5048.954,5052.658,5047.608,5047.608
1771923600,2026-02-24 09:00:00,5047.639,5051.848,5046.638,5051.141
1771927200,2026-02-24 10:00:00,5051.062,5055.623,5049.286,5055.234
1771930800,2026-02-24 11:00:00,5055.377,5057.122,5051.835,5053.323
1771934400,2026-02-24 12:00:00,5053.229,5054.052,5048.022,5049.893
1771938000,2026-02-24 13:00:00,5049.793,5051.535,5044.651,5046.852
1771941600,2026-02-24 14:00:00,5046.672,5048.274,5038.096,5038.8
1771945200,2026-02-24 15:00:00,5038.55,5044.501,5033.531,5035.013
1771948800,2026-02-24 16:00:00,5034.859,5039.001,5031.839,5037.98
1771952400,2026-02-24 17:00:00,5037.917,5044.742,5036.039,5043.02
1771956000,2026-02-24 18:00:00,5042.864,5045.054,5037.582,5041.877
1771959600,2026-02-24 19:00:00,5041.788,5046.778,5036.414,5036.986
1771963200,2026-02-24 20:00:00,5037.214,5040.547,5032.206,5034.682
1771966800,2026-02-24 21:00:00,5034.603,5041.671,5032.369,5041.671
1771970400,2026-02-24 22:00:00,5041.385,5047.433,5038.199,5046.217
1771974000,2026-02-24 23:00:00,5046.094,5050.511,5043.58,5044.296
1771977600,2026-02-25 00:00:00,5044.448,5049.727,5038.581,5046.889
1771981200,2026-02-25 01:00:00,5046.908,5047.528,5038.816,5043.991
1771984800,2026-02-25 02:00:00,5044.111,5045.465,5034.035,5034.299
1771988400,2026-02-25 03:00:00,5034.503,5034.563,5022.054,5022.749
1771992000,2026-02-25 04:00:00,5022.995,5031.909,5018.618,5030.295
1771995600,2026-02-25 05:00:00,5030.403,5037.593,5028.908,5033.902
1771999200,2026-02-25 06:00:00,5033.905,5044.15,5031.733,5043.446
1772002800,2026-02-25 07:00:00,5043.514,5053.318,5043.122,5049.86
1772006400,2026-02-25 08:00:00,5049.791,5051.29,5039.177,5042.213
1772010000,2026-02-25 09:00:00,5042.248,5044.364,5039.408,5041.584
1772013600,2026-02-25 10:00:00,5041.54,5047.06,5039.741,5045.587
1772017200,2026-02-25 11:00:00,5045.781,5057.798,5045.781,5056.367
1772020800,2026-02-25 12:00:00,5056.197,5058.597,5052.292,5052.954
1772024400,2026-02-25 13:00:00,5053.013,5054.279,5048.648,5049.364
1772028000,2026-02-25 14:00:00,5049.276,5050.753,5043.728,5045.306
1772031600,2026-02-25 15:00:00,5045.289,5049.481,5043.869,5046.41
1772035200,2026-02-25 16:00:00,5046.339,5053.222,5045.164,5048.549
1772038800,2026-02-25 17:00:00,5048.268,5049.526,5042.898,5046.175
1772042400,2026-02-25 18:00:00,5046.217,5053.686,5042.622,5053.686
1772046000,2026-02-25 19:00:00,5053.74,5053.74,5046.046,5046.747
1772049600,2026-02-25 20:00:00,5046.624,5048.485,5033.436,5033.702
1772053200,2026-02-25 21:00:00,5033.643,5038.534,5031.057,5037.073
1772056800,2026-02-25 22:00:00,5037.038,5037.525,5029.121,5032.066
1772060400,2026-02-25 23:00:00,5032.104,5038.311,5030.901,5036.776
1772064000,2026-02-26 00:00:00,5036.656,5039.532,5032.048,5039.182
1772067600,2026-02-26 01:00:00,5039.155,5050.597,5038.019,5047.554
1772071200,2026-02-26 02:00:00,5047.498,5055.273,5046.963,5054.592
1772074800,2026-02-26 03:00:00,5054.768,5059.816,5045.973,5047.013
1772078400,2026-02-26 04:00:00,5047.106,5049.714,5045.565,5047.394
1772082000,2026-02-26 05:00:00,5047.557,5048.002,5036.135,5036.234
1772085600,2026-02-26 06:00:00,5036.149,5043.53,5034.526,5037.377
1772089200,2026-02-26 07:00:00,5037.43,5042.01,5031.843,5031.905
1772092800,2026-02-26 08:00:00,5031.847,5034.288,5026.481,5029.373
1772096400,2026-02-26 09:00:00,5029.344,5031.904,5021.826,5025.652
1772100000,2026-02-26 10:00:00,5025.766,5034.922,5025.52,5031.188
1772103600,2026-02-26 11:00:00,5031.163,5031.163,5022.953,5023.625
1772107200,2026-02-26 12:00:00,5023.605,5026.863,5020.196,5024.557
1772110800,2026-02-26 13:00:00,5024.629,5029.709,5021.573,5023.128
1772114400,2026-02-26 14:00:00,5023.056,5025.974,5018.624,5025.64
1772118000,2026-02-26 15:00:00,5025.364,5035.078,5022.758,5034.766
1772121600,2026-02-26 16:00:00,5034.868,5042.971,5034.868,5039.793
1772125200,2026-02-26 17:00:00,5039.652,5043.502,5036.365,5043.097
1772128800,2026-02-26 18:00:00,5043.054,5048.271,5041.731,5043.687
1772132400,2026-02-26 19:00:00,5043.814,5056.414,5041.925,5056.3
1772136000,2026-02-26 20:00:00,5056.351,5060.958,5054.936,5057.099
1772139600,2026-02-26 21:00:00,5057.039,5065.923,5057.026,5061.084
1772143200,2026-02-26 22:00:00,5061.421,5066.499,5059.955,5060.242
1772146800,2026-02-26 23:00:00,5060.145,5064.067,5053.712,5054.805
1772150400,2026-02-27 00:00:00,5054.649,5055.298,5043.889,5044.201
1772154000,2026-02-27 01:00:00,5044.33,5046.586,5038.179,5038.882
1772157600,2026-02-27 02:00:00,5038.891,5043.158,5033.58,5042.654
1772161200,2026-02-27 03:00:00,5042.718,5043.072,5032.409,5037.769
1772164800,2026-02-27 04:00:00,5037.748,5044.187,5034.926,5043.077
1772168400,2026-02-27 05:00:00,5043.241,5045.271,5037.843,5041.362
1772172000,2026-02-27 06:00:00,5041.416,5042.088,5028.767,5033.938
1772175600,2026-02-27 07:00:00,5034.071,5036.48,5029.279,5033.806
1772179200,2026-02-27 08:00:00,5033.839,5041.504,5032.914,5037.31
1772182800,2026-02-27 09:00:00,5037.113,5039.343,5030.714,5038.179
1772186400,2026-02-27 10:00:00,5038.13,5040.008,5031.077,5035.277
1772190000,2026-02-27 11:00:00,5035.353,5037.822,5031.097,5035.904
1772193600,2026-02-27 12:00:00,5035.885,5037.733,5027.371,5032.198
1772197200,2026-02-27 13:00:00,5032.149,5047.807,5031.77,5043.707
1772200800,2026-02-27 14:00:00,5043.57,5047.331,5036.205,5041.243
1772204400,2026-02-27 15:00:00,5041.434,5041.581,5027.492,5027.496
1772208000,2026-02-27 16:00:00,5027.482,5032.141,5021.26,5024.519
1772211600,2026-02-27 17:00:00,5024.483,5026.652,5021.529,5022.497
1772215200,2026-02-27 18:00:00,5022.38,5030.511,5019.835,5030.441
1772218800,2026-02-27 19:00:00,5030.425,5037.266,5029.699,5036.148
1772222400,2026-02-27 20:00:00,5036.043,5043.743,5033.417,5042.908
1772226000,2026-02-27 21:00:00,5042.926,5045.344,5039.394,5042.126
1772229600,2026-02-27 22:00:00,5041.837,5043.143,5036.687,5039.953
1772233200,2026-02-27 23:00:00,5039.809,5041.928,5033.092,5041.182
1772236800,2026-02-28 00:00:00,5040.908,5042.113,5035.435,5037.649
1772240400,2026-02-28 01:00:00,5037.605,5040.178,5031.757,5034.942
1772244000,2026-02-28 02:00:00,5034.685,5037.329,5032.497,5036.851
1772247600,2026-02-28 03:00:00,5036.936,5046.668,5036.117,5042.933
1772251200,2026-02-28 04:00:00,5042.988,5044.517,5037.994,5038.802
1772254800,2026-02-28 05:00:00,5038.789,5040.623,5032.53,5035.184
1772258400,2026-02-28 06:00:00,5035.07,5039.125,5029.538,5038.523
1772262000,2026-02-28 07:00:00,5038.516,5039.366,5028.95,5032.559
1772265600,2026-02-28 08:00:00,5032.615,5036.336,5030.38,5033.456
1772269200,2026-02-28 09:00:00,5033.396,5043.352,5031.607,5042.997
1772272800,2026-02-28 10:00:00,5043.23,5046.849,5040.284,5045.056
1772276400,2026-02-28 11:00:00,5045.149,5045.585,5033.1,5037.156
1772280000,2026-02-28 12:00:00,5037.085,5047.988,5036.605,5044.974
1772283600,2026-02-28 13:00:00,5045.138,5049.763,5042.748,5045.196
1772287200,2026-02-28 14:00:00,5045.038,5049.718,5040.809,5041.681
1772290800,2026-02-28 15:00:00,5041.777,5042.225,5030.893,5032.731
1772294400,2026-02-28 16:00:00,5032.632,5042.667,5032.484,5039.956
1772298000,2026-02-28 17:00:00,5039.763,5042.106,5036.498,5040.15
1772301600,2026-02-28 18:00:00,5040.399,5049.16,5039.505,5045.222
1772305200,2026-02-28 19:00:00,5045.225,5049.696,5040.987,5046.64
1772308800,2026-02-28 20:00:00,5046.534,5048.132,5037.278,5037.796
1772312400,2026-02-28 21:00:00,5037.754,5042.916,5033.83,5034.487
1772316000,2026-02-28 22:00:00,5034.583,5038.132,5032.8,5034.474
1772319600,2026-02-28 23:00:00,5034.51,5038.888,5032.694,5035.229
1772323200,2026-03-01 00:00:00,5035.077,5036.235,5025.048,5025.143
1772326800,2026-03-01 01:00:00,5025.348,5032.182,5025.005,5026.843
1772330400,2026-03-01 02:00:00,5026.836,5030.271,5024.239,5026.656
1772334000,2026-03-01 03:00:00,5026.703,5028.081,5019.087,5019.745
1772337600,2026-03-01 04:00:00,5019.687,5022.327,5011.124,5012.657
1772341200,2026-03-01 05:00:00,5012.422,5019.141,5008.598,5018.426
1772344800,2026-03-01 06:00:00,5018.431,5021.79,5016.478,5017.422
1772348400,2026-03-01 07:00:00,5017.536,5018.419,5012.063,5014.747
1772352000,2026-03-01 08:00:00,5014.69,5025.671,5014.64,5020.468
1772355600,2026-03-01 09:00:00,5020.774,5023.534,5015.974,5016.275
1772359200,2026-03-01 10:00:00,5016.304,5019.929,5013.175,5018.456
1772362800,2026-03-01 11:00:00,5018.479,5019.89,5012.478,5017.551
1772366400,2026-03-01 12:00:00,5017.379,5022.875,5016.023,5018.552
1772370000,2026-03-01 13:00:00,5018.44,5020.917,5014.828,5014.828
1772373600,2026-03-01 14:00:00,5014.829,5022.728,5009.657,5020.599
1772377200,2026-03-01 15:00:00,5020.372,5023.438,5015.278,5018.325
1772380800,2026-03-01 16:00:00,5018.317,5019.636,5011.503,5013.807
1772384400,2026-03-01 17:00:00,5013.797,5014.866,5009.183,5010.645
1772388000,2026-03-01 18:00:00,5010.653,5010.867,4998.093,4999.938
1772391600,2026-03-01 19:00:00,4999.901,5000.368,4990.76,4999.501
1772395200,2026-03-01 20:00:00,4999.569,5005.306,4998.61,5004.689
1772398800,2026-03-01 21:00:00,5004.744,5012.942,5004.45,5006.179
1772402400,2026-03-01 22:00:00,5006.278,5010.824,5005.806,5009.91
1772406000,2026-03-01 23:00:00,5009.657,5013.065,5008.115,5011.272
1772409600,2026-03-02 00:00:00,5011.327,5017.134,5009.106,5016.184
1772413200,2026-03-02 01:00:00,5016.332,5020.802,5012.538,5016.054
1772416800,2026-03-02 02:00:00,5016.039,5023.207,5015.721,5021.208
1772420400,2026-03-02 03:00:00,5021.547,5023.46,5014.313,5015.344
1772424000,2026-03-02 04:00:00,5015.445,5021.546,5014.548,5019.024
1772427600,2026-03-02 05:00:00,5019.099,5019.167,5011.467,5015.721
1772431200,2026-03-02 06:00:00,5015.578,5020.466,5013.392,5016.338
1772434800,2026-03-02 07:00:00,5016.326,5020.681,5012.115,5020.425
1772438400,2026-03-02 08:00:00,5020.462,5021.829,5013.917,5020.685
1772442000,2026-03-02 09:00:00,5020.723,5028.149,5014.993,5027.784
1772445600,2026-03-02 10:00:00,5027.686,5029.42,5023.775,5028.81
1772449200,2026-03-02 11:00:00,5028.918,5029.394,5024.218,5025.514
1772452800,2026-03-02 12:00:00,5025.589,5031.036,5022.827,5023.483
1772456400,2026-03-02 13:00:00,5023.579,5024.484,5015.291,5016.605
1772460000,2026-03-02 14:00:00,5016.434,5018.334,5009.78,5017.031
1772463600,2026-03-02 15:00:00,5017.3,5019.137,5012.963,5013.658
1772467200,2026-03-02 16:00:00,5013.703,5016.635,5008.234,5010.38
1772470800,2026-03-02 17:00:00,5010.271,5017.746,5010.271,5013.673
1772474400,2026-03-02 18:00:00,5013.816,5016.164,5005.721,5007.3
1772478000,2026-03-02 19:00:00,5007.424,5013.626,5004.832,5011.46
1772481600,2026-03-02 20:00:00,5011.53,5016.645,5009.949,5013.368
1772485200,2026-03-02 21:00:00,5013.251,5015.391,5010.68,5013.036
1772488800,2026-03-02 22:00:00,5012.984,5017.691,5008.662,5013.447
1772492400,2026-03-02 23:00:00,5013.513,5014.776,5008.266,5008.266
1772496000,2026-03-03 00:00:00,5008.429,5012.461,5005.243,5005.607
1772499600,2026-03-03 01:00:00,5005.492,5005.492,4993.6,4999.479
1772503200,2026-03-03 02:00:00,4999.414,5010.895,4998.063,5008.937
1772506800,2026-03-03 03:00:00,5008.655,5009.239,5001.105,5003.855
1772510400,2026-03-03 04:00:00,5003.917,5009.594,5002.836,5004.369
1772514000,2026-03-03 05:00:00,5004.176,5012.336,5002.774,5010.842
1772517600,2026-03-03 06:00:00,5010.781,5016.196,5008.715,5014.248
1772521200,2026-03-03 07:00:00,5013.987,5018.17,5012.221,5012.34
1772524800,2026-03-03 08:00:00,5012.227,5012.632,5007.479,5009.937
1772528400,2026-03-03 09:00:00,5009.84,5013.476,5006.833,5007.945
1772532000,2026-03-03 10:00:00,5007.823,5011.972,5005.772,5011.793
1772535600,2026-03-03 11:00:00,5011.794,5022.509,5010.495,5021.471
1772539200,2026-03-03 12:00:00,5021.381,5029.7,5021.381,5028.201
1772542800,2026-03-03 13:00:00,5028.486,5030.861,5024,5026.973
1772546400,2026-03-03 14:00:00,5027.044,5032.592,5024.211,5030.787
1772550000,2026-03-03 15:00:00,5030.577,5031.382,5025.579,5028.899
1772553600,2026-03-03 16:00:00,5028.668,5032.307,5026.84,5029.139
1772557200,2026-03-03 17:00:00,5028.96,5031.949,5025.644,5031.462
1772560800,2026-03-03 18:00:00,5031.292,5036.77,5030.088,5034.152
1772564400,2026-03-03 19:00:00,5034.046,5039.249,5030.55,5037.16
1772568000,2026-03-03 20:00:00,5037.077,5038.084,5030.327,5032.092
1772571600,2026-03-03 21:00:00,5032.103,5040.668,5030.311,5038.877
1772575200,2026-03-03 22:00:00,5038.838,5046.059,5035.383,5045.725
1772578800,2026-03-03 23:00:00,5045.683,5047.947,5037.238,5037.466
1772582400,2026-03-04 00:00:00,5037.55,5044.322,5036.234,5036.234
1772586000,2026-03-04 01:00:00,5036.092,5045.048,5035.276,5041.594
1772589600,2026-03-04 02:00:00,5041.632,5045.746,5039.148,5040.304
1772593200,2026-03-04 03:00:00,5040.204,5041.21,5036.183,5038.618
1772596800,2026-03-04 04:00:00,5038.63,5046.535,5037.018,5043.233
1772600400,2026-03-04 05:00:00,5043.23,5044.439,5038.638,5040.939
1772604000,2026-03-04 06:00:00,5040.936,5041.379,5036.357,5039.559
1772607600,2026-03-04 07:00:00,5039.543,5039.908,5029.511,5032.51
1772611200,2026-03-04 08:00:00,5032.364,5036.781,5027.499,5031.976
1772614800,2026-03-04 09:00:00,5032.042,5040.102,5031.88,5039.444
1772618400,2026-03-04 10:00:00,5039.476,5048.761,5039.384,5042.141
1772622000,2026-03-04 11:00:00,5042.008,5050.949,5041.271,5046.507
1772625600,2026-03-04 12:00:00,5046.429,5046.816,5039.416,5040.11
1772629200,2026-03-04 13:00:00,5040.091,5044.334,5036.588,5043.241
1772632800,2026-03-04 14:00:00,5043.226,5046.177,5038.234,5038.615
1772636400,2026-03-04 15:00:00,5038.591,5043.76,5036.927,5042.253
1772640000,2026-03-04 16:00:00,5042.402,5049.279,5039.787,5045.179
1772643600,2026-03-04 17:00:00,5045.063,5045.901,5039.006,5043.436
1772647200,2026-03-04 18:00:00,5043.272,5052.851,5041.609,5052.851
1772650800,2026-03-04 19:00:00,5052.741,5053.554,5049.313,5053.248
1772654400,2026-03-04 20:00:00,5053.355,5062.145,5053.28,5059.702
1772658000,2026-03-04 21:00:00,5059.772,5066.158,5057.739,5066.158
1772661600,2026-03-04 22:00:00,5066.175,5070.224,5063.261,5069.871
1772665200,2026-03-04 23:00:00,5069.92,5072.2,5066.844,5071.933
1772668800,2026-03-05 00:00:00,5071.973,5074.029,5067.584,5072.312
1772672400,2026-03-05 01:00:00,5072.415,5079.515,5068.724,5073.302
1772676000,2026-03-05 02:00:00,5073.379,5079.52,5072.723,5078.914
1772679600,2026-03-05 03:00:00,5078.795,5091.326,5077.303,5090.474
1772683200,2026-03-05 04:00:00,5090.43,5097.04,5084.245,5092.484
1772686800,2026-03-05 05:00:00,5092.553,5098.147,5090.373,5092.973
1772690400,2026-03-05 06:00:00,5092.989,5097.471,5088.574,5096.21
1772694000,2026-03-05 07:00:00,5096.153,5103.202,5095.245,5101.964
1772697600,2026-03-05 08:00:00,5102.062,5102.154,5092.541,5093.105
1772701200,2026-03-05 09:00:00,5093.263,5093.806,5087.033,5093.442
1772704800,2026-03-05 10:00:00,5093.553,5102.754,5092.131,5102.289
1772708400,2026-03-05 11:00:00,5102.309,5105.643,5099.164,5103.061
1772712000,2026-03-05 12:00:00,5102.944,5105.284,5091.635,5091.809
1772715600,2026-03-05 13:00:00,5091.74,5095.667,5085.055,5086.969
1772719200,2026-03-05 14:00:00,5086.867,5087.256,5080.182,5080.182
1772722800,2026-03-05 15:00:00,5080.275,5080.798,5073.217,5077.963
1772726400,2026-03-05 16:00:00,5077.857,5079.479,5073.649,5077.116
1772730000,2026-03-05 17:00:00,5077.502,5077.854,5068.495,5069.026
1772733600,2026-03-05 18:00:00,5069.027,5070.469,5060.855,5064.34
1772737200,2026-03-05 19:00:00,5064.142,5071.763,5063.363,5068.831
1772740800,2026-03-05 20:00:00,5068.893,5073.12,5066.175,5072.137
1772744400,2026-03-05 21:00:00,5072.042,5080.105,5068.094,5077.59
1772748000,2026-03-05 22:00:00,5077.493,5080.543,5074.363,5076.589
1772751600,2026-03-05 23:00:00,5076.597,5076.701,5067.832,5072.807
1772755200,2026-03-06 00:00:00,5072.901,5081.083,5070.861,5078.403
1772758800,2026-03-06 01:00:00,5078.489,5082.843,5075.818,5077.27
1772762400,2026-03-06 02:00:00,5077.59,5079.313,5070.833,5075.8
1772766000,2026-03-06 03:00:00,5075.913,5076.583,5066.445,5071.103
1772769600,2026-03-06 04:00:00,5071.036,5077.111,5069.045,5073.833
1772773200,2026-03-06 05:00:00,5073.807,5082.565,5072.602,5079.22
1772776800,2026-03-06 06:00:00,5079.269,5084.861,5077.677,5084.601
1772780400,2026-03-06 07:00:00,5084.613,5085.283,5077.245,5080.719
1772784000,2026-03-06 08:00:00,5080.725,5083.324,5074.889,5080.057
1772787600,2026-03-06 09:00:00,5080.077,5085.022,5076.327,5076.546
1772791200,2026-03-06 10:00:00,5076.449,5079.907,5069.009,5073.293
1772794800,2026-03-06 11:00:00,5073.294,5080.859,5070.13,5076.811
1772798400,2026-03-06 12:00:00,5076.978,5080.848,5075.238,5079.26
1772802000,2026-03-06 13:00:00,5079.153,5079.805,5067.801,5067.801
1772805600,2026-03-06 14:00:00,5067.717,5068.913,5062.348,5067.555
1772809200,2026-03-06 15:00:00,5067.468,5070.064,5064.787,5068.187
1772812800,2026-03-06 16:00:00,5068.129,5074.469,5067.337,5072.415
1772816400,2026-03-06 17:00:00,5072.663,5073.355,5066.332,5069.597
1772820000,2026-03-06 18:00:00,5069.51,5070.246,5060.388,5063.005
1772823600,2026-03-06 19:00:00,5062.728,5066.112,5058.942,5061.217
1772827200,2026-03-06 20:00:00,5061.063,5070.439,5060.795,5067.43
1772830800,2026-03-06 21:00:00,5067.399,5069.166,5063.018,5064.675
1772834400,2026-03-06 22:00:00,5064.683,5074.544,5061.069,5072.213
1772838000,2026-03-06 23:00:00,5072.158,5077.7,5070.531,5075.861
1772841600,2026-03-07 00:00:00,5075.696,5079.71,5072.764,5079.656
1772845200,2026-03-07 01:00:00,5079.577,5086.159,5076.594,5084.677
1772848800,2026-03-07 02:00:00,5084.726,5093.674,5083.727,5092.209
1772852400,2026-03-07 03:00:00,5092.039,5092.826,5083.417,5085.022
1772856000,2026-03-07 04:00:00,5085.095,5086.848,5077.081,5078.96
1772859600,2026-03-07 05:00:00,5078.945,5080.61,5071.175,5077.125
1772863200,2026-03-07 06:00:00,5076.966,5088.036,5074.5,5087.508
1772866800,2026-03-07 07:00:00,5087.518,5097.278,5087.518,5095.302
1772870400,2026-03-07 08:00:00,5095.352,5096.177,5074.145,5075.543
1772874000,2026-03-07 09:00:00,5075.459,5079.201,5070.227,5078.716
1772877600,2026-03-07 10:00:00,5078.717,5078.747,5069.128,5070.321
1772881200,2026-03-07 11:00:00,5070.261,5074.752,5069.238,5069.389
1772884800,2026-03-07 12:00:00,5069.257,5077.886,5068.629,5077.629
1772888400,2026-03-07 13:00:00,5077.523,5085.247,5076.6,5083.95
1772892000,2026-03-07 14:00:00,5083.843,5084.667,5078.07,5084.03
1772895600,2026-03-07 15:00:00,5083.892,5085.795,5079.121,5082.611
1772899200,2026-03-07 16:00:00,5082.909,5087.612,5075.296,5086.514
1772902800,2026-03-07 17:00:00,5086.451,5087.845,5080.149,5081.778
1772906400,2026-03-07 18:00:00,5081.769,5091.77,5081.186,5091.501
1772910000,2026-03-07 19:00:00,5091.612,5091.952,5082.706,5086.854
1772913600,2026-03-07 20:00:00,5086.818,5093.476,5085.891,5088.998
1772917200,2026-03-07 21:00:00,5088.829,5093.023,5085.114,5091.228
1772920800,2026-03-07 22:00:00,5090.966,5095.075,5087.498,5092.451
1772924400,2026-03-07 23:00:00,5092.532,5097.856,5082.377,5082.583
1772928000,2026-03-08 00:00:00,5082.612,5082.673,5076.902,5077.096
1772931600,2026-03-08 01:00:00,5077.381,5081.682,5076.376,5079.059
1772935200,2026-03-08 02:00:00,5079.04,5079.711,5072.142,5079.279
1772938800,2026-03-08 03:00:00,5079.239,5085.968,5076.616,5079.107
1772942400,2026-03-08 04:00:00,5079.08,5090.107,5078.235,5089.417
1772946000,2026-03-08 05:00:00,5089.335,5092.607,5082.326,5084.361
1772949600,2026-03-08 06:00:00,5084.508,5084.508,5074.455,5077.541
1772953200,2026-03-08 07:00:00,5077.542,5081.303,5072.681,5075.161
1772956800,2026-03-08 08:00:00,5075.322,5081.564,5072.386,5077.09
1772960400,2026-03-08 09:00:00,5077.275,5080.782,5070.972,5072.964
1772964000,2026-03-08 10:00:00,5072.952,5083.669,5070.227,5081.864
1772967600,2026-03-08 11:00:00,5081.896,5087.669,5078.941,5080.264
1772971200,2026-03-08 12:00:00,5080.312,5081.348,5075.207,5078.744
1772974800,2026-03-08 13:00:00,5078.793,5086.763,5078.698,5082.99
1772978400,2026-03-08 14:00:00,5082.958,5090.233,5080.868,5088.887
1772982000,2026-03-08 15:00:00,5088.922,5089.859,5083.133,5087.882
1772985600,2026-03-08 16:00:00,5087.901,5097.94,5087.775,5095.567
1772989200,2026-03-08 17:00:00,5095.672,5107.562,5094.495,5103.382
1772992800,2026-03-08 18:00:00,5103.548,5106.764,5100.307,5104.023
1772996400,2026-03-08 19:00:00,5104.028,5104.279,5093.845,5095.767
1773000000,2026-03-08 20:00:00,5095.766,5095.817,5084.843,5085.98
1773003600,2026-03-08 21:00:00,5086.296,5087.117,5072.033,5075.808
1773007200,2026-03-08 22:00:00,5075.831,5075.914,5067.72,5068.994
1773010800,2026-03-08 23:00:00,5069.009,5070.549,5064.141,5067.738
1773014400,2026-03-09 00:00:00,5067.673,5068.046,5061.952,5065.204
1773018000,2026-03-09 01:00:00,5065.126,5068.936,5061.931,5067.245
1773021600,2026-03-09 02:00:00,5067.501,5074.924,5066.014,5074.413
1773025200,2026-03-09 03:00:00,5074.236,5076.7,5071.715,5073.078
1773028800,2026-03-09 04:00:00,5073.028,5077.17,5070.599,5074.198
1773032400,2026-03-09 05:00:00,5074.284,5084.877,5072.773,5084.759
1773036000,2026-03-09 06:00:00,5084.841,5086.251,5082.819,5082.978
1773039600,2026-03-09 07:00:00,5083.206,5083.874,5073.321,5075.852
1773043200,2026-03-09 08:00:00,5075.899,5083.631,5073.833,5080.891
1773046800,2026-03-09 09:00:00,5080.987,5088.839,5079.851,5086.343
1773050400,2026-03-09 10:00:00,5086.316,5087.115,5079.263,5083.366
1773054000,2026-03-09 11:00:00,5083.329,5100.484,5081.189,5099.413
1773057600,2026-03-09 12:00:00,5099.266,5101.506,5093.152,5095.787
1773061200,2026-03-09 13:00:00,5095.624,5095.843,5089.916,5092.665
1773064800,2026-03-09 14:00:00,5092.618,5094.678,5082.56,5085.999
1773068400,2026-03-09 15:00:00,5085.824,5087.412,5078.118,5079.925
1773072000,2026-03-09 16:00:00,5080.049,5081.099,5074.246,5078.419
1773075600,2026-03-09 17:00:00,5078.492,5080.944,5075.738,5077.927
1773079200,2026-03-09 18:00:00,5078.033,5085.388,5076.868,5083.634
1773082800,2026-03-09 19:00:00,5083.592,5084.761,5080.381,5084.179
1773086400,2026-03-09 20:00:00,5084.456,5088.013,5081.229,5086.463
1773090000,2026-03-09 21:00:00,5086.347,5088.125,5080.066,5080.727
1773093600,2026-03-09 22:00:00,5080.797,5088.485,5080.794,5087.893
1773097200,2026-03-09 23:00:00,5088.096,5096.489,5087.753,5092.217
1773100800,2026-03-10 00:00:00,5092.372,5096.253,5091.238,5091.845
1773104400,2026-03-10 01:00:00,5092.064,5099.207,5090.665,5098.96
1773108000,2026-03-10 02:00:00,5098.823,5105.246,5098.283,5103.924
1773111600,2026-03-10 03:00:00,5103.822,5105.009,5098.607,5101.6
1773115200,2026-03-10 04:00:00,5101.551,5111.075,5098.816,5109.767
1773118800,2026-03-10 05:00:00,5109.471,5111.945,5105.652,5106.874
1773122400,2026-03-10 06:00:00,5106.687,5110.489,5101.461,5107.65
1773126000,2026-03-10 07:00:00,5107.604,5111.742,5104.262,5106.174
1773129600,2026-03-10 08:00:00,5106.196,5115.05,5104.869,5113.126
1773133200,2026-03-10 09:00:00,5113.272,5113.825,5107.915,5109.473
1773136800,2026-03-10 10:00:00,5109.355,5114.675,5108.763,5109.86
1773140400,2026-03-10 11:00:00,5109.76,5116.374,5109.76,5114.719
1773144000,2026-03-10 12:00:00,5114.831,5121.24,5110.347,5114.109
1773147600,2026-03-10 13:00:00,5114.204,5115.866,5107.463,5114.6
1773151200,2026-03-10 14:00:00,5114.649,5115.845,5107.8,5110.646
1773154800,2026-03-10 15:00:00,5110.505,5113.549,5106.107,5109.787
1773158400,2026-03-10 16:00:00,5109.682,5113.434,5108.06,5112.911
1773162000,2026-03-10 17:00:00,5112.769,5113.851,5106.966,5108.162
1773165600,2026-03-10 18:00:00,5107.995,5111.479,5103.115,5106.914
1773169200,2026-03-10 19:00:00,5106.868,5112.467,5104.371,5109.202
1773172800,2026-03-10 20:00:00,5109.317,5112.797,5103.879,5108.445
1773176400,2026-03-10 21:00:00,5108.361,5115.679,5104.74,5105.505
1773180000,2026-03-10 22:00:00,5105.572,5106.406,5098.105,5099.256
1773183600,2026-03-10 23:00:00,5099.282,5109.201,5099.092,5102.319
1773187200,2026-03-11 00:00:00,5102.361,5103.944,5089.89,5095.946
1773190800,2026-03-11 01:00:00,5096.129,5098.684,5092.621,5094.615
1773194400,2026-03-11 02:00:00,5094.791,5099.214,5090.717,5098.399
1773198000,2026-03-11 03:00:00,5098.434,5098.677,5089.907,5092.748
1773201600,2026-03-11 04:00:00,5092.789,5099.872,5092.234,5096.525
1773205200,2026-03-11 05:00:00,5096.631,5097.601,5088.106,5088.349
1773208800,2026-03-11 06:00:00,5088.371,5090.124,5084.292,5086.562
1773212400,2026-03-11 07:00:00,5086.331,5091.308,5083.117,5089.028
1773216000,2026-03-11 08:00:00,5088.921,5092.315,5085.445,5090.588
1773219600,2026-03-11 09:00:00,5090.528,5093.977,5087.781,5093.131
1773223200,2026-03-11 10:00:00,5093.336,5095.032,5085.272,5089.315
1773226800,2026-03-11 11:00:00,5089.326,5098.677,5087.453,5091.94
1773230400,2026-03-11 12:00:00,5091.815,5093.751,5087.192,5089.345
1773234000,2026-03-11 13:00:00,5089.197,5094.635,5086.977,5091.87
1773237600,2026-03-11 14:00:00,5091.939,5097.526,5088.305,5096.795
1773241200,2026-03-11 15:00:00,5096.773,5101.396,5093.809,5099.9
1773244800,2026-03-11 16:00:00,5099.785,5101.069,5093.184,5101.069
1773248400,2026-03-11 17:00:00,5101.074,5105.571,5099.237,5104.067
1773252000,2026-03-11 18:00:00,5103.856,5104.977,5096.957,5096.96
1773255600,2026-03-11 19:00:00,5097.004,5111.374,5097.004,5110.382
1773259200,2026-03-11 20:00:00,5110.244,5111.663,5097.301,5099.281
1773262800,2026-03-11 21:00:00,5099.257,5099.678,5091.895,5095.612
1773266400,2026-03-11 22:00:00,5095.901,5097.608,5089.062,5092.679
1773270000,2026-03-11 23:00:00,5092.658,5094.127,5083.745,5084.427
1773273600,2026-03-12 00:00:00,5084.505,5088.432,5080.412,5083.671
1773277200,2026-03-12 01:00:00,5083.677,5087.4,5080.381,5081.409
1773280800,2026-03-12 02:00:00,5081.433,5085.51,5078.056,5080.993
1773284400,2026-03-12 03:00:00,5081.023,5089.967,5080.759,5086.598
1773288000,2026-03-12 04:00:00,5086.635,5092.34,5084.981,5086.662
1773291600,2026-03-12 05:00:00,5086.741,5088.516,5080.499,5081.699
1773295200,2026-03-12 06:00:00,5081.814,5081.913,5074.727,5077.736
1773298800,2026-03-12 07:00:00,5077.695,5079.979,5074.762,5075.423
1773302400,2026-03-12 08:00:00,5075.392,5082.276,5073.416,5081.358
1773306000,2026-03-12 09:00:00,5081.278,5081.788,5073.258,5073.258
1773309600,2026-03-12 10:00:00,5073.311,5083.601,5071.088,5082.874
1773313200,2026-03-12 11:00:00,5082.834,5091.07,5079.103,5079.224
1773316800,2026-03-12 12:00:00,5079.202,5079.578,5070.162,5071.488
1773320400,2026-03-12 13:00:00,5071.566,5077.014,5067.342,5076.239
1773324000,2026-03-12 14:00:00,5076.633,5081.993,5075.028,5081.162
1773327600,2026-03-12 15:00:00,5081.339,5093.864,5080.636,5090.033
1773331200,2026-03-12 16:00:00,5090.312,5092.641,5083.161,5086.645
1773334800,2026-03-12 17:00:00,5086.806,5092.329,5085.476,5090.522
1773338400,2026-03-12 18:00:00,5090.636,5092.803,5085.129,5087.301
1773342000,2026-03-12 19:00:00,5087.113,5095.867,5085.294,5094.961
1773345600,2026-03-12 20:00:00,5094.974,5097.766,5091.701,5096.934
1773349200,2026-03-12 21:00:00,5096.809,5098.129,5089.834,5091.128
1773352800,2026-03-12 22:00:00,5091.102,5096.816,5089.957,5092.044
1773356400,2026-03-12 23:00:00,5091.873,5102.149,5090.406,5100.889
1773360000,2026-03-13 00:00:00,5100.678,5104.89,5097.84,5098.882
1773363600,2026-03-13 01:00:00,5099.051,5109.651,5098.597,5109.358
1773367200,2026-03-13 02:00:00,5109.485,5110.016,5100.589,5102.218
1773370800,2026-03-13 03:00:00,5102.169,5104.045,5095.035,5095.805
1773374400,2026-03-13 04:00:00,5095.709,5101.388,5094.226,5100.745
1773378000,2026-03-13 05:00:00,5100.639,5101.107,5093.13,5095.261
1773381600,2026-03-13 06:00:00,5095.188,5096.173,5091.064,5093.14
1773385200,2026-03-13 07:00:00,5093.123,5097.318,5090.513,5097.065
1773388800,2026-03-13 08:00:00,5097.208,5100.604,5090.452,5092.14
1773392400,2026-03-13 09:00:00,5092.12,5095.687,5089.964,5091.471
1773396000,2026-03-13 10:00:00,5091.298,5093.188,5087.505,5092.741
1773399600,2026-03-13 11:00:00,5092.719,5093.205,5082.131,5085.837
1773403200,2026-03-13 12:00:00,5085.809,5093.711,5085.403,5091.913
1773406800,2026-03-13 13:00:00,5091.952,5100.786,5091.375,5092.88
1773410400,2026-03-13 14:00:00,5093.017,5095.824,5086.528,5087.355
1773414000,2026-03-13 15:00:00,5087.249,5088.395,5075.837,5078.911
1773417600,2026-03-13 16:00:00,5079.034,5092.767,5078.013,5092.474
1773421200,2026-03-13 17:00:00,5092.453,5095.478,5090.546,5092.768
1773424800,2026-03-13 18:00:00,5092.733,5096.589,5090.728,5092.723
1773428400,2026-03-13 19:00:00,5092.873,5097.528,5090.842,5092.392
1773432000,2026-03-13 20:00:00,5092.452,5094.412,5083.593,5087.963
1773435600,2026-03-13 21:00:00,5087.747,5088.889,5082.749,5085.525
1773439200,2026-03-13 22:00:00,5085.459,5091.498,5085.114,5088.22
1773442800,2026-03-13 23:00:00,5088.52,5089.489,5083.163,5089.405
1773446400,2026-03-14 00:00:00,5089.44,5093.854,5081.501,5083.218
1773450000,2026-03-14 01:00:00,5083.23,5085.562,5077.46,5085.556
1773453600,2026-03-14 02:00:00,5085.647,5089.039,5078.222,5078.245
1773457200,2026-03-14 03:00:00,5078.048,5082.969,5077.242,5081.745
1773460800,2026-03-14 04:00:00,5081.875,5081.875,5075.742,5080.754
1773464400,2026-03-14 05:00:00,5080.62,5085.45,5074.833,5084.578
1773468000,2026-03-14 06:00:00,5084.376,5094.072,5084.185,5092.492
1773471600,2026-03-14 07:00:00,5092.591,5093.064,5082.384,5084.395
1773475200,2026-03-14 08:00:00,5084.47,5087.419,5082.786,5085.735
1773478800,2026-03-14 09:00:00,5085.756,5085.85,5080.629,5082.048
1773482400,2026-03-14 10:00:00,5082.075,5091.97,5080.874,5091.97
1773486000,2026-03-14 11:00:00,5092.268,5094.033,5084.783,5086.464
1773489600,2026-03-14 12:00:00,5086.266,5093.479,5081.573,5092.401
1773493200,2026-03-14 13:00:00,5092.538,5094.357,5087.298,5092.929
1773496800,2026-03-14 14:00:00,5092.788,5098.766,5089.62,5094.977
1773500400,2026-03-14 15:00:00,5095.053,5104.669,5094.237,5104.305
1773504000,2026-03-14 16:00:00,5104.263,5108.01,5101.828,5105.012
1773507600,2026-03-14 17:00:00,5105.204,5108.912,5100.138,5108.8
1773511200,2026-03-14 18:00:00,5108.83,5110.034,5098.202,5099.581
1773514800,2026-03-14 19:00:00,5099.385,5104.921,5097.243,5104.458
1773518400,2026-03-14 20:00:00,5104.498,5105.364,5094.249,5094.778
1773522000,2026-03-14 21:00:00,5094.831,5099.739,5091.759,5095.981
1773525600,2026-03-14 22:00:00,5095.659,5107.281,5094.179,5107.021
1773529200,2026-03-14 23:00:00,5107.068,5111.043,5102.865,5108.937
1773532800,2026-03-15 00:00:00,5108.988,5114.951,5103.983,5104.523
1773536400,2026-03-15 01:00:00,5104.344,5104.772,5093.583,5095.401
1773540000,2026-03-15 02:00:00,5095.283,5099.486,5092.843,5097.979
1773543600,2026-03-15 03:00:00,5098.082,5099.076,5090.978,5094.673
1773547200,2026-03-15 04:00:00,5094.698,5096.857,5088.01,5091.463
1773550800,2026-03-15 05:00:00,5091.498,5097.43,5090.468,5096.793
1773554400,2026-03-15 06:00:00,5097.009,5103.406,5095.374,5102.994
1773558000,2026-03-15 07:00:00,5103.022,5105.216,5095.845,5099.818
1773561600,2026-03-15 08:00:00,5099.978,5103.522,5094.574,5095.191
1773565200,2026-03-15 09:00:00,5095.218,5098.163,5088.735,5088.889
1773568800,2026-03-15 10:00:00,5089.124,5096.353,5087.25,5089.838
1773572400,2026-03-15 11:00:00,5090.032,5090.477,5081.332,5083.453
1773576000,2026-03-15 12:00:00,5083.524,5083.524,5075.467,5080.336
1773579600,2026-03-15 13:00:00,5080.215,5080.691,5074.92,5076.247
1773583200,2026-03-15 14:00:00,5076.185,5078.299,5071.123,5072.552
1773586800,2026-03-15 15:00:00,5072.683,5080.04,5071.822,5072.673
1773590400,2026-03-15 16:00:00,5072.486,5077.126,5070.553,5073.258
1773594000,2026-03-15 17:00:00,5073.2,5080.538,5069.668,5079.798
1773597600,2026-03-15 18:00:00,5079.928,5080.012,5071.941,5072.141
1773601200,2026-03-15 19:00:00,5072.17,5082.901,5071.8,5080.755
1773604800,2026-03-15 20:00:00,5080.547,5081.883,5075.775,5079.299
1773608400,2026-03-15 21:00:00,5079.323,5082.035,5073.763,5075.346
1773612000,2026-03-15 22:00:00,5075.315,5083.829,5072.996,5080.828
1773615600,2026-03-15 23:00:00,5080.807,5083.255,5075.224,5081.495
1773619200,2026-03-16 00:00:00,5081.563,5086.896,5080.964,5085.493
1773622800,2026-03-16 01:00:00,5085.273,5093.431,5084.087,5092.405
1773626400,2026-03-16 02:00:00,5092.486,5098.193,5085.039,5097.487
1773630000,2026-03-16 03:00:00,5097.515,5105.801,5096.833,5105.777
1773633600,2026-03-16 04:00:00,5105.777,5123.327,5104.386,5123.327
1773637200,2026-03-16 05:00:00,5123.266,5129.938,5120.702,5127.691
1773640800,2026-03-16 06:00:00,5127.731,5131.335,5123.425,5130.596
1773644400,2026-03-16 07:00:00,5130.818,5133.398,5126.287,5126.97
1773648000,2026-03-16 08:00:00,5126.82,5130.009,5123.648,5125.634
1773651600,2026-03-16 09:00:00,5125.701,5125.968,5120.305,5121.36
1773655200,2026-03-16 10:00:00,5121.386,5125.107,5112.952,5113.271
1773658800,2026-03-16 11:00:00,5113.372,5115.45,5107.153,5108.761
1773662400,2026-03-16 12:00:00,5108.661,5120.603,5108.019,5119.904
1773666000,2026-03-16 13:00:00,5119.892,5127.666,5119.343,5126.991
1773669600,2026-03-16 14:00:00,5127.254,5127.411,5121.299,5124.309
1773673200,2026-03-16 15:00:00,5124.227,5133.26,5124.165,5129.936
1773676800,2026-03-16 16:00:00,5130.157,5135.395,5130.014,5130.875
1773680400,2026-03-16 17:00:00,5130.888,5133.049,5125.656,5126.652
1773684000,2026-03-16 18:00:00,5126.352,5139.976,5124.416,5138.551
1773687600,2026-03-16 19:00:00,5138.587,5138.757,5131.285,5131.454
1773691200,2026-03-16 20:00:00,5131.524,5132.778,5122.16,5122.783
1773694800,2026-03-16 21:00:00,5122.422,5124.133,5113.211,5119.871
1773698400,2026-03-16 22:00:00,5119.826,5121.184,5114.999,5116.353
1773702000,2026-03-16 23:00:00,5116.309,5119.372,5104.256,5104.382
1773705600,2026-03-17 00:00:00,5104.3,5105.404,5095.092,5096.99
1773709200,2026-03-17 01:00:00,5097.055,5104.801,5096.374,5096.674
1773712800,2026-03-17 02:00:00,5096.907,5102.435,5094.85,5101.339
1773716400,2026-03-17 03:00:00,5101.146,5105.768,5100.181,5105.2
1773720000,2026-03-17 04:00:00,5105.085,5115.005,5104.597,5111.067
1773723600,2026-03-17 05:00:00,5111.043,5116.005,5106.62,5111.534
1773727200,2026-03-17 06:00:00,5111.49,5123.37,5110.728,5121.172
1773730800,2026-03-17 07:00:00,5121.134,5121.213,5112.559,5117.468
1773734400,2026-03-17 08:00:00,5117.375,5124.249,5116.65,5116.65
1773738000,2026-03-17 09:00:00,5116.541,5118.048,5110.218,5113.081
1773741600,2026-03-17 10:00:00,5112.856,5114.119,5105.616,5108.996
1773745200,2026-03-17 11:00:00,5109.352,5111.249,5102.299,5104.917
1773748800,2026-03-17 12:00:00,5104.887,5105.855,5098.961,5104.721
1773752400,2026-03-17 13:00:00,5104.941,5112.268,5104.781,5109.418
1773756000,2026-03-17 14:00:00,5109.386,5110.375,5099.492,5101.2
1773759600,2026-03-17 15:00:00,5101.257,5103.192,5096.278,5100.453
1773763200,2026-03-17 16:00:00,5100.548,5103.746,5096.754,5098.665
1773766800,2026-03-17 17:00:00,5098.598,5102.159,5094.651,5095.85
1773770400,2026-03-17 18:00:00,5095.983,5099.011,5093.904,5097.884
1773774000,2026-03-17 19:00:00,5097.999,5101.394,5089.766,5091.525
1773777600,2026-03-17 20:00:00,5091.726,5094.674,5087.894,5094.392
1773781200,2026-03-17 21:00:00,5094.297,5100.07,5093.107,5099.292
1773784800,2026-03-17 22:00:00,5099.471,5109.835,5098.842,5109.435
1773788400,2026-03-17 23:00:00,5109.352,5117.278,5107.042,5107.859
1773792000,2026-03-18 00:00:00,5107.807,5114.002,5106.592,5108.635
1773795600,2026-03-18 01:00:00,5108.552,5111.638,5104.414,5106.531
1773799200,2026-03-18 02:00:00,5106.593,5107.463,5099.032,5103.774
1773802800,2026-03-18 03:00:00,5103.817,5108.369,5102.587,5105.469
1773806400,2026-03-18 04:00:00,5105.531,5117.877,5104.098,5117.779
1773810000,2026-03-18 05:00:00,5117.715,5124.871,5113.479,5115.757
1773813600,2026-03-18 06:00:00,5115.724,5118.48,5112.482,5117.532
1773817200,2026-03-18 07:00:00,5117.587,5118.821,5110.69,5118.801
1773820800,2026-03-18 08:00:00,5118.747,5124.582,5116.273,5120.612
1773824400,2026-03-18 09:00:00,5120.635,5131.019,5120.517,5123.519
1773828000,2026-03-18 10:00:00,5123.749,5125.361,5120.041,5123.833
1773831600,2026-03-18 11:00:00,5123.752,5129.818,5122.969,5126.741
1773835200,2026-03-18 12:00:00,5126.716,5129.854,5125.282,5127.904
1773838800,2026-03-18 13:00:00,5127.888,5133.169,5123.685,5127.871
1773842400,2026-03-18 14:00:00,5127.857,5129.201,5116.169,5117.427
1773846000,2026-03-18 15:00:00,5117.445,5117.525,5109.401,5114.736
1773849600,2026-03-18 16:00:00,5114.718,5119.228,5109.459,5113.882
1773853200,2026-03-18 17:00:00,5113.752,5116.923,5110.014,5112.388
1773856800,2026-03-18 18:00:00,5112.186,5124.38,5111.984,5119.257
1773860400,2026-03-18 19:00:00,5119.212,5120.817,5114.557,5115.94
1773864000,2026-03-18 20:00:00,5115.969,5117.95,5110.117,5116.418
1773867600,2026-03-18 21:00:00,5116.509,5119.033,5112.95,5115.593
1773871200,2026-03-18 22:00:00,5115.365,5116.236,5108.992,5108.992
1773874800,2026-03-18 23:00:00,5109.087,5112.733,5106.548,5107.853
1773878400,2026-03-19 00:00:00,5107.846,5110.495,5100.906,5106.742
1773882000,2026-03-19 01:00:00,5106.734,5112.96,5105.021,5109.955
1773885600,2026-03-19 02:00:00,5109.858,5111.141,5099.511,5103.964
1773889200,2026-03-19 03:00:00,5103.865,5107.574,5098.304,5099.783
1773892800,2026-03-19 04:00:00,5100.068,5100.675,5093.051,5099.161
1773896400,2026-03-19 05:00:00,5099.114,5103.242,5088.534,5090.774
1773900000,2026-03-19 06:00:00,5090.632,5091.99,5081.615,5088.249
1773903600,2026-03-19 07:00:00,5088.334,5092.959,5084.026,5091.267
1773907200,2026-03-19 08:00:00,5091.017,5099.347,5090.968,5096.654
1773910800,2026-03-19 09:00:00,5096.829,5099.851,5093.866,5093.982
1773914400,2026-03-19 10:00:00,5093.815,5097.289,5093.466,5094.203
1773918000,2026-03-19 11:00:00,5094.573,5106.131,5092.295,5105.183
1773921600,2026-03-19 12:00:00,5105.312,5107.165,5101.086,5106.044
1773925200,2026-03-19 13:00:00,5106.12,5107.568,5102.729,5106.455
1773928800,2026-03-19 14:00:00,5106.56,5108.731,5104.048,5107.887
1773932400,2026-03-19 15:00:00,5108.061,5109.9,5103.268,5105.712
1773936000,2026-03-19 16:00:00,5105.774,5110.963,5105.182,5108.559
1773939600,2026-03-19 17:00:00,5108.535,5112.2,5101.628,5103.673
1773943200,2026-03-19 18:00:00,5103.502,5107.304,5102.547,5104.405
1773946800,2026-03-19 19:00:00,5104.46,5111.101,5101.696,5110.412
1773950400,2026-03-19 20:00:00,5110.552,5112.379,5100.933,5101.23
1773954000,2026-03-19 21:00:00,5101.064,5105.095,5094.222,5103.95
1773957600,2026-03-19 22:00:00,5103.918,5109.449,5103.314,5107.16
1773961200,2026-03-19 23:00:00,5107.073,5109.102,5102.866,5106.953
1773964800,2026-03-20 00:00:00,5107.093,5109.066,5102.654,5104.035
1773968400,2026-03-20 01:00:00,5103.956,5110.076,5102.207,5108.998
1773972000,2026-03-20 02:00:00,5108.889,5111.25,5106.572,5107.873
1773975600,2026-03-20 03:00:00,5107.738,5111.929,5103.793,5110.052
1773979200,2026-03-20 04:00:00,5109.885,5114.241,5106.431,5109.33
1773982800,2026-03-20 05:00:00,5109.37,5110.199,5099.078,5099.365
1773986400,2026-03-20 06:00:00,5099.414,5106.637,5098.572,5105.904
1773990000,2026-03-20 07:00:00,5105.949,5110.059,5102.49,5104.094
1773993600,2026-03-20 08:00:00,5104.135,5106.675,5099.197,5103.814
1773997200,2026-03-20 09:00:00,5103.946,5114.197,5102.645,5111.548
1774000800,2026-03-20 10:00:00,5111.498,5111.953,5102.862,5106.442
1774004400,2026-03-20 11:00:00,5106.444,5118.314,5106.444,5117.929
1774008000,2026-03-20 12:00:00,5118.075,5120.016,5113.538,5117.411
1774011600,2026-03-20 13:00:00,5117.387,5118.991,5114.084,5115.122
1774015200,2026-03-20 14:00:00,5115.376,5122.845,5113.263,5115.737
1774018800,2026-03-20 15:00:00,5115.568,5118.208,5110.913,5117.289
1774022400,2026-03-20 16:00:00,5117.305,5118.652,5112.24,5116.66
1774026000,2026-03-20 17:00:00,5116.433,5116.433,5110.01,5112.761
1774029600,2026-03-20 18:00:00,5112.64,5122.715,5112.079,5121.161
1774033200,2026-03-20 19:00:00,5121.238,5128.275,5118.622,5126.631
1774036800,2026-03-20 20:00:00,5126.577,5132.752,5123.069,5131.626
1774040400,2026-03-20 21:00:00,5131.604,5132.713,5125.418,5129.328
1774044000,2026-03-20 22:00:00,5129.432,5139.84,5128.332,5135.273
1774047600,2026-03-20 23:00:00,5135.279,5140.537,5134.495,5139.578
1774051200,2026-03-21 00:00:00,5139.887,5140.73,5132.541,5135.048
1774054800,2026-03-21 01:00:00,5135.176,5138.366,5132.207,5132.787
1774058400,2026-03-21 02:00:00,5132.827,5133.984,5127.797,5129.8
1774062000,2026-03-21 03:00:00,5129.597,5135.123,5125.063,5135.104
1774065600,2026-03-21 04:00:00,5134.959,5148.255,5134.686,5147.533
1774069200,2026-03-21 05:00:00,5147.732,5153.441,5144.403,5151.051
1774072800,2026-03-21 06:00:00,5151.002,5154.998,5143.952,5146.162
1774076400,2026-03-21 07:00:00,5146.135,5151.985,5145.696,5150.292
1774080000,2026-03-21 08:00:00,5150.111,5151.65,5142.705,5145.201
1774083600,2026-03-21 09:00:00,5145.289,5145.635,5131.13,5132.693
1774087200,2026-03-21 10:00:00,5132.881,5139.246,5131.856,5137.312
1774090800,2026-03-21 11:00:00,5137.608,5141.648,5137.121,5139.599
1774094400,2026-03-21 12:00:00,5139.815,5144.871,5133.973,5144.436
1774098000,2026-03-21 13:00:00,5144.482,5151.314,5142.324,5150.337
1774101600,2026-03-21 14:00:00,5150.412,5158.377,5149.357,5156.978
1774105200,2026-03-21 15:00:00,5157.08,5157.148,5149.199,5153.663
1774108800,2026-03-21 16:00:00,5153.356,5153.546,5145.919,5147.688
1774112400,2026-03-21 17:00:00,5147.661,5150.592,5145.736,5148.824
1774116000,2026-03-21 18:00:00,5148.859,5163.013,5148.346,5161.053
1774119600,2026-03-21 19:00:00,5160.977,5164.002,5159.155,5162.448
1774123200,2026-03-21 20:00:00,5162.483,5165.153,5157.466,5159.843
1774126800,2026-03-21 21:00:00,5159.969,5163.914,5155.445,5157.255
1774130400,2026-03-21 22:00:00,5157.11,5164.691,5156.77,5161.68
1774134000,2026-03-21 23:00:00,5161.735,5162.789,5155.799,5158.147
1774137600,2026-03-22 00:00:00,5158.108,5159.919,5154.245,5155.138
1774141200,2026-03-22 01:00:00,5155.277,5164.073,5154.278,5161.509
1774144800,2026-03-22 02:00:00,5161.532,5164.967,5157.037,5161.595
1774148400,2026-03-22 03:00:00,5161.731,5161.954,5150.621,5151.633
1774152000,2026-03-22 04:00:00,5151.879,5159.613,5151.122,5156.816
1774155600,2026-03-22 05:00:00,5156.737,5163.13,5155.684,5162.212
1774159200,2026-03-22 06:00:00,5161.954,5164.072,5158.871,5160.936
1774162800,2026-03-22 07:00:00,5160.922,5162.833,5158.374,5161.322
1774166400,2026-03-22 08:00:00,5161.406,5171.38,5160.537,5165.693
1774170000,2026-03-22 09:00:00,5165.811,5166.351,5156.362,5162.131
1774173600,2026-03-22 10:00:00,5162.2,5163.831,5155.881,5159.848
1774177200,2026-03-22 11:00:00,5159.967,5165.788,5157.301,5161.853
1774180800,2026-03-22 12:00:00,5161.905,5166.475,5160.426,5161.236
1774184400,2026-03-22 13:00:00,5161.298,5170.961,5160.524,5170.961
1774188000,2026-03-22 14:00:00,5170.878,5175.537,5168.267,5175.431
1774191600,2026-03-22 15:00:00,5175.502,5178.781,5170.16,5173.7
1774195200,2026-03-22 16:00:00,5173.547,5179.466,5169.88,5171.12
1774198800,2026-03-22 17:00:00,5171.25,5175.89,5170.68,5175.491
1774202400,2026-03-22 18:00:00,5175.483,5176.456,5166.03,5173.31
1774206000,2026-03-22 19:00:00,5173.365,5175.202,5164.937,5167.046
1774209600,2026-03-22 20:00:00,5167.041,5170.791,5162.035,5166.381
1774213200,2026-03-22 21:00:00,5166.375,5171.721,5164.384,5170.284
1774216800,2026-03-22 22:00:00,5170.324,5176.249,5166.943,5169.005
1774220400,2026-03-22 23:00:00,5169.023,5169.67,5164.545,5167.285
1774224000,2026-03-23 00:00:00,5167.286,5175.952,5166.836,5174.94
1774227600,2026-03-23 01:00:00,5174.908,5178.82,5169.061,5169.143
1774231200,2026-03-23 02:00:00,5168.998,5169.532,5161.768,5165.148
1774234800,2026-03-23 03:00:00,5165.175,5167.827,5158.378,5162.069
1774238400,2026-03-23 04:00:00,5162.069,5164.379,5155.944,5159.713
1774242000,2026-03-23 05:00:00,5159.94,5163.596,5157.073,5160.447
1774245600,2026-03-23 06:00:00,5160.364,5166.568,5160.17,5162.04
1774249200,2026-03-23 07:00:00,5161.8,5170.025,5160.01,5169.653
1774252800,2026-03-23 08:00:00,5169.893,5174.975,5169.135,5174.118
1774256400,2026-03-23 09:00:00,5174.055,5175.54,5165.18,5166.144
1774260000,2026-03-23 10:00:00,5166.024,5173.518,5165.931,5170.938
1774263600,2026-03-23 11:00:00,5170.789,5176.385,5162.287,5162.476
1774267200,2026-03-23 12:00:00,5162.813,5163.624,5155.265,5156.064
1774270800,2026-03-23 13:00:00,5156.165,5162.146,5154.115,5162.026
1774274400,2026-03-23 14:00:00,5162.064,5162.193,5155.306,5161.539
1774278000,2026-03-23 15:00:00,5161.626,5169.761,5157.814,5162.641
1774281600,2026-03-23 16:00:00,5162.725,5165.34,5156.549,5157.847
1774285200,2026-03-23 17:00:00,5157.821,5165.994,5157.394,5163.155
1774288800,2026-03-23 18:00:00,5163.079,5164.727,5155.996,5156.099
1774292400,2026-03-23 19:00:00,5155.994,5155.994,5144.732,5147.822
1774296000,2026-03-23 20:00:00,5147.847,5148.196,5135.296,5136.136
1774299600,2026-03-23 21:00:00,5136.235,5144.018,5135.33,5143.489
1774303200,2026-03-23 22:00:00,5143.626,5146.816,5137.335,5138.499
1774306800,2026-03-23 23:00:00,5138.511,5142.579,5133.968,5141.023
1774310400,2026-03-24 00:00:00,5140.811,5141.289,5135.82,5137.425
1774314000,2026-03-24 01:00:00,5137.629,5141.649,5135.504,5140.349
1774317600,2026-03-24 02:00:00,5140.217,5154.296,5138.059,5153.994
1774321200,2026-03-24 03:00:00,5153.829,5166.994,5153.829,5164.946
1774324800,2026-03-24 04:00:00,5165.012,5168.575,5154.471,5157.04
1774328400,2026-03-24 05:00:00,5157.164,5160.645,5154.912,5155.333
1774332000,2026-03-24 06:00:00,5155.547,5156.422,5147.692,5150.626
1774335600,2026-03-24 07:00:00,5150.865,5159.137,5150.06,5152.189
1774339200,2026-03-24 08:00:00,5152.107,5154.401,5148.446,5148.819
1774342800,2026-03-24 09:00:00,5149.08,5149.688,5135.587,5137.373
1774346400,2026-03-24 10:00:00,5137.439,5140.614,5128.927,5129.25
1774350000,2026-03-24 11:00:00,5129.441,5140.295,5128.586,5136.638
1774353600,2026-03-24 12:00:00,5136.588,5141.627,5135.221,5136.72
1774357200,2026-03-24 13:00:00,5136.71,5139.153,5130.385,5132.258
1774360800,2026-03-24 14:00:00,5132.276,5142.378,5130.717,5138.687
1774364400,2026-03-24 15:00:00,5138.829,5149.051,5137.683,5148.594
1774368000,2026-03-24 16:00:00,5148.547,5148.922,5141.966,5147.448
1774371600,2026-03-24 17:00:00,5147.706,5151.934,5144.413,5151.555
1774375200,2026-03-24 18:00:00,5151.479,5153.799,5148.394,5150.772
1774378800,2026-03-24 19:00:00,5150.887,5151.105,5145.202,5149.149
1774382400,2026-03-24 20:00:00,5149.042,5158.752,5148.767,5157.373
1774386000,2026-03-24 21:00:00,5157.346,5163.459,5154.167,5155.176
1774389600,2026-03-24 22:00:00,5155.188,5162.818,5154.979,5160.114
1774393200,2026-03-24 23:00:00,5160.027,5168.147,5160.027,5168.147
1774396800,2026-03-25 00:00:00,5168.23,5170.93,5164.961,5166.847
1774400400,2026-03-25 01:00:00,5166.727,5169.588,5163.11,5168.73
1774404000,2026-03-25 02:00:00,5168.84,5172.721,5164.607,5164.609
1774407600,2026-03-25 03:00:00,5164.606,5175.429,5163.394,5174.171
1774411200,2026-03-25 04:00:00,5174.316,5185.808,5170.714,5184.778
1774414800,2026-03-25 05:00:00,5184.697,5194.707,5183.8,5194.372
1774418400,2026-03-25 06:00:00,5194.345,5196.14,5186.767,5189.611
1774422000,2026-03-25 07:00:00,5189.633,5197.742,5188.673,5197.742
1774425600,2026-03-25 08:00:00,5197.703,5201.145,5194.921,5200.478
1774429200,2026-03-25 09:00:00,5200.449,5205.275,5198.438,5202.603
1774432800,2026-03-25 10:00:00,5202.809,5204.291,5192.045,5194.568
1774436400,2026-03-25 11:00:00,5194.565,5195.456,5188.505,5194.813
1774440000,2026-03-25 12:00:00,5194.821,5201.98,5193.688,5198.299
1774443600,2026-03-25 13:00:00,5198.088,5204.332,5195.13,5203.478
1774447200,2026-03-25 14:00:00,5203.609,5208.618,5201.039,5208.449
1774450800,2026-03-25 15:00:00,5208.416,5209.662,5196.688,5196.688
1774454400,2026-03-25 16:00:00,5196.502,5203.321,5196.025,5200.705
1774458000,2026-03-25 17:00:00,5200.684,5207.938,5200.456,5207.719
1774461600,2026-03-25 18:00:00,5207.632,5209.165,5202.966,5202.966
1774465200,2026-03-25 19:00:00,5203.025,5206.216,5199.389,5203.122
1774468800,2026-03-25 20:00:00,5203.073,5211.654,5199.033,5205.905
1774472400,2026-03-25 21:00:00,5205.935,5211.224,5199.642,5199.642
1774476000,2026-03-25 22:00:00,5199.619,5201.906,5196.15,5200.918
1774479600,2026-03-25 23:00:00,5200.78,5205.096,5197.203,5199.777
1774483200,2026-03-26 00:00:00,5199.503,5206.716,5199.303,5204.643
1774486800,2026-03-26 01:00:00,5204.499,5209.602,5202.645,5206.073
1774490400,2026-03-26 02:00:00,5205.962,5214.024,5203.671,5205.915
1774494000,2026-03-26 03:00:00,5206.03,5211.611,5204.834,5208.769
1774497600,2026-03-26 04:00:00,5208.62,5213.353,5206.469,5211.835
1774501200,2026-03-26 05:00:00,5211.688,5213.389,5206.102,5209.389
1774504800,2026-03-26 06:00:00,5209.354,5222.208,5209.059,5220.41
1774508400,2026-03-26 07:00:00,5220.437,5223.714,5216.724,5221.306
1774512000,2026-03-26 08:00:00,5221.476,5223.173,5210.299,5212.773
1774515600,2026-03-26 09:00:00,5212.872,5214.84,5208.981,5209.767
1774519200,2026-03-26 10:00:00,5209.678,5211.691,5204.234,5206.374
1774522800,2026-03-26 11:00:00,5206.544,5208.475,5198.614,5201.692
1774526400,2026-03-26 12:00:00,5201.601,5203.958,5199.909,5202.342
1774530000,2026-03-26 13:00:00,5202.487,5204.325,5192.041,5192.041
1774533600,2026-03-26 14:00:00,5192.379,5194.909,5187.197,5188.76
1774537200,2026-03-26 15:00:00,5188.779,5198.217,5187.165,5196.848
1774540800,2026-03-26 16:00:00,5196.8,5197.639,5187.706,5190.637
1774544400,2026-03-26 17:00:00,5190.816,5193.897,5186.539,5188.144
1774548000,2026-03-26 18:00:00,5188.223,5196.342,5186.873,5195.038
1774551600,2026-03-26 19:00:00,5195.228,5197.108,5187.751,5188.207
1774555200,2026-03-26 20:00:00,5188.191,5192.007,5183.829,5189.831
1774558800,2026-03-26 21:00:00,5189.822,5192.663,5180.182,5180.553
1774562400,2026-03-26 22:00:00,5180.584,5182.529,5172.57,5173.304
1774566000,2026-03-26 23:00:00,5173.748,5177.326,5170.738,5172.198
1774569600,2026-03-27 00:00:00,5172.14,5173.467,5163.707,5164.314
1774573200,2026-03-27 01:00:00,5164.344,5165.927,5154.925,5159.468
1774576800,2026-03-27 02:00:00,5159.774,5160.552,5154.791,5155.314
1774580400,2026-03-27 03:00:00,5155.464,5157.236,5149.894,5154.117
1774584000,2026-03-27 04:00:00,5154.034,5155.754,5145.931,5147.357
1774587600,2026-03-27 05:00:00,5147.261,5148.691,5141.36,5144.82
1774591200,2026-03-27 06:00:00,5144.694,5147.66,5138.955,5144.805
1774594800,2026-03-27 07:00:00,5144.897,5146.147,5140.396,5143.22
1774598400,2026-03-27 08:00:00,5143.295,5145.073,5133.851,5134.824
1774602000,2026-03-27 09:00:00,5134.792,5139.337,5133.258,5135.802
1774605600,2026-03-27 10:00:00,5135.714,5142.783,5135.188,5140.128
1774609200,2026-03-27 11:00:00,5139.841,5141.242,5133.552,5138.806
1774612800,2026-03-27 12:00:00,5138.964,5145.481,5137.995,5143.629
1774616400,2026-03-27 13:00:00,5143.603,5145.776,5142.03,5142.978
1774620000,2026-03-27 14:00:00,5142.993,5143.79,5134.409,5136.097
1774623600,2026-03-27 15:00:00,5136.132,5141.766,5135.546,5137.441
1774627200,2026-03-27 16:00:00,5137.111,5144.654,5137.051,5142.193
1774630800,2026-03-27 17:00:00,5142.441,5151.848,5141.208,5147.366
1774634400,2026-03-27 18:00:00,5147.247,5147.419,5135.597,5135.979
1774638000,2026-03-27 19:00:00,5135.872,5140.911,5134.677,5135.707
1774641600,2026-03-27 20:00:00,5135.789,5142.066,5132.72,5140.956
1774645200,2026-03-27 21:00:00,5140.658,5149.737,5140.17,5142.371
1774648800,2026-03-27 22:00:00,5142.123,5148.26,5141.727,5145.014
1774652400,2026-03-27 23:00:00,5145.204,5155.997,5145.009,5154.091
1774656000,2026-03-28 00:00:00,5153.978,5158.591,5146.986,5149.533
1774659600,2026-03-28 01:00:00,5149.468,5152.865,5145.381,5149.832
1774663200,2026-03-28 02:00:00,5149.777,5152.146,5140.449,5142.861
1774666800,2026-03-28 03:00:00,5142.721,5146.095,5131.943,5133.404
1774670400,2026-03-28 04:00:00,5133.327,5133.729,5126.505,5132.196
1774674000,2026-03-28 05:00:00,5132.337,5138.349,5126.634,5135.674
1774677600,2026-03-28 06:00:00,5135.476,5138.328,5131.201,5137.904
1774681200,2026-03-28 07:00:00,5137.903,5138.594,5125.194,5125.308
1774684800,2026-03-28 08:00:00,5125.197,5128.92,5121.84,5126.643
1774688400,2026-03-28 09:00:00,5126.66,5128.74,5119.6,5123.912
1774692000,2026-03-28 10:00:00,5123.785,5125.83,5119.601,5120.093
1774695600,2026-03-28 11:00:00,5119.908,5125.214,5118.05,5124.781
1774699200,2026-03-28 12:00:00,5124.762,5126.591,5119.426,5122.593
1774702800,2026-03-28 13:00:00,5122.69,5127.038,5120.827,5124.375
1774706400,2026-03-28 14:00:00,5124.493,5130.591,5119.554,5129.376
1774710000,2026-03-28 15:00:00,5129.569,5132.613,5124.615,5127.077
1774713600,2026-03-28 16:00:00,5127.159,5129.953,5121.99,5122.566
1774717200,2026-03-28 17:00:00,5122.547,5123.978,5118.641,5119.923
1774720800,2026-03-28 18:00:00,5120.024,5125.637,5119.618,5124.675
1774724400,2026-03-28 19:00:00,5124.736,5126.466,5121.073,5121.468
1774728000,2026-03-28 20:00:00,5121.385,5127.813,5119.458,5126.035
1774731600,2026-03-28 21:00:00,5126.161,5126.634,5119.413,5122.606
1774735200,2026-03-28 22:00:00,5122.231,5123.888,5109.264,5109.543
1774738800,2026-03-28 23:00:00,5109.405,5109.522,5099.706,5100.04
1774742400,2026-03-29 00:00:00,5100.058,5103.487,5098.662,5101.761
1774746000,2026-03-29 01:00:00,5101.917,5105.342,5097.022,5105.102
1774749600,2026-03-29 02:00:00,5105.127,5107.027,5100.336,5101.576
1774753200,2026-03-29 03:00:00,5101.367,5103.146,5095.453,5100.284
1774756800,2026-03-29 04:00:00,5100.159,5100.159,5084.962,5087.259
1774760400,2026-03-29 05:00:00,5087.208,5090.825,5085.043,5087.645
1774764000,2026-03-29 06:00:00,5087.471,5091.016,5085.285,5087.091
1774767600,2026-03-29 07:00:00,5086.959,5089.804,5083.966,5085.646
1774771200,2026-03-29 08:00:00,5085.864,5097.292,5084.664,5095.3
1774774800,2026-03-29 09:00:00,5095.051,5095.596,5088.43,5088.43
1774778400,2026-03-29 10:00:00,5088.461,5090.539,5086.433,5087.724
1774782000,2026-03-29 11:00:00,5087.865,5091.113,5085.074,5090.122
1774785600,2026-03-29 12:00:00,5089.974,5090.36,5082.641,5083.136
1774789200,2026-03-29 13:00:00,5083.258,5087.03,5082.056,5083.125
1774792800,2026-03-29 14:00:00,5083.199,5087.879,5080.319,5085.547
1774796400,2026-03-29 15:00:00,5085.383,5094.323,5085.287,5093.319
1774800000,2026-03-29 16:00:00,5093.363,5095.223,5088.253,5088.729
1774803600,2026-03-29 17:00:00,5088.783,5091.351,5085.044,5087.274
1774807200,2026-03-29 18:00:00,5087.194,5090.004,5079.303,5081.254
1774810800,2026-03-29 19:00:00,5081.095,5083.319,5073.273,5074.11
1774814400,2026-03-29 20:00:00,5074.152,5077.554,5068.649,5074.795
1774818000,2026-03-29 21:00:00,5074.807,5076.692,5071.233,5075.649
1774821600,2026-03-29 22:00:00,5075.704,5077.742,5072.124,5072.388
1774825200,2026-03-29 23:00:00,5072.558,5076.959,5070.63,5072.293
1774828800,2026-03-30 00:00:00,5072.155,5074.634,5065.587,5067.538
1774832400,2026-03-30 01:00:00,5067.619,5068.323,5062.877,5064.554
1774836000,2026-03-30 02:00:00,5064.27,5069.127,5062.109,5063.912
1774839600,2026-03-30 03:00:00,5063.855,5069.717,5063.448,5066.612
1774843200,2026-03-30 04:00:00,5066.785,5074.471,5065.46,5074.471
1774846800,2026-03-30 05:00:00,5074.397,5080.199,5073.841,5079.459
1774850400,2026-03-30 06:00:00,5079.55,5080.664,5067.192,5070.236
1774854000,2026-03-30 07:00:00,5070.172,5070.239,5061.655,5062.749
1774857600,2026-03-30 08:00:00,5062.976,5067.191,5061.269,5062.098
1774861200,2026-03-30 09:00:00,5061.958,5063.247,5049.509,5052.869
1774864800,2026-03-30 10:00:00,5052.771,5061.626,5052.484,5057.741
1774868400,2026-03-30 11:00:00,5057.926,5067.952,5057.728,5067.913
1774872000,2026-03-30 12:00:00,5067.905,5069.641,5058.254,5059.435
1774875600,2026-03-30 13:00:00,5059.538,5061.399,5055.702,5060.034
1774879200,2026-03-30 14:00:00,5060.221,5063.74,5055.646,5059.86
1774882800,2026-03-30 15:00:00,5059.888,5065.168,5059.654,5061.798
1774886400,2026-03-30 16:00:00,5061.879,5073.246,5061.006,5072.873
1774890000,2026-03-30 17:00:00,5073.013,5073.608,5067.35,5072.991
1774893600,2026-03-30 18:00:00,5072.827,5080.947,5068.712,5080.457
1774897200,2026-03-30 19:00:00,5080.531,5083.266,5074.316,5078.67
1774900800,2026-03-30 20:00:00,5078.372,5081.297,5073.852,5075.694
1774904400,2026-03-30 21:00:00,5075.649,5076.859,5070.942,5071.479
1774908000,2026-03-30 22:00:00,5071.557,5072.531,5064.972,5068.192
1774911600,2026-03-30 23:00:00,5068.328,5080.365,5066.874,5080.365
1774915200,2026-03-31 00:00:00,5080.303,5080.531,5072.521,5078.585
1774918800,2026-03-31 01:00:00,5078.519,5089.68,5076.432,5087.145
1774922400,2026-03-31 02:00:00,5087.09,5091.746,5082.391,5087.663
1774926000,2026-03-31 03:00:00,5087.772,5089.574,5079.814,5081.531
1774929600,2026-03-31 04:00:00,5081.699,5082.972,5074.192,5074.53
1774933200,2026-03-31 05:00:00,5074.645,5078.808,5072.57,5074.25
1774936800,2026-03-31 06:00:00,5074.246,5076.344,5071.553,5071.578
1774940400,2026-03-31 07:00:00,5071.415,5078.042,5069.652,5077.391
1774944000,2026-03-31 08:00:00,5077.498,5078.938,5072.335,5076.169
1774947600,2026-03-31 09:00:00,5076.26,5078.587,5072.031,5072.031
1774951200,2026-03-31 10:00:00,5072.095,5078.918,5072.095,5075.171
1774954800,2026-03-31 11:00:00,5075.198,5085.348,5075.176,5084.82
1774958400,2026-03-31 12:00:00,5084.801,5085.001,5077.319,5079.818
1774962000,2026-03-31 13:00:00,5080.014,5083.666,5076.158,5083.506
1774965600,2026-03-31 14:00:00,5083.399,5083.495,5073.988,5076.141
1774969200,2026-03-31 15:00:00,5076.092,5086.282,5075.167,5082.167
1774972800,2026-03-31 16:00:00,5082.145,5088.228,5079.783,5083.6
1774976400,2026-03-31 17:00:00,5083.667,5095.658,5083.667,5090.537
1774980000,2026-03-31 18:00:00,5090.656,5099.113,5089.309,5092.372
1774983600,2026-03-31 19:00:00,5092.27,5096.503,5091.03,5091.453
1774987200,2026-03-31 20:00:00,5091.58,5094.692,5089.33,5091.125
1774990800,2026-03-31 21:00:00,5091.138,5101.651,5091.039,5100.132
1774994400,2026-03-31 22:00:00,5100.199,5103.324,5097.797,5098.822
1774998000,2026-03-31 23:00:00,5098.79,5099.242,5087.33,5089.742
1775001600,2026-04-01 00:00:00,5090.002,5092.029,5083.573,5086.105
1775005200,2026-04-01 01:00:00,5085.989,5093.427,5084.485,5093.052
1775008800,2026-04-01 02:00:00,5093.105,5095.477,5086.335,5089.645
1775012400,2026-04-01 03:00:00,5089.686,5096.132,5086.101,5093.434
1775016000,2026-04-01 04:00:00,5093.316,5100.955,5093.312,5100.428
1775019600,2026-04-01 05:00:00,5100.562,5101.897,5097.667,5100.82
1775023200,2026-04-01 06:00:00,5100.928,5102.399,5097.027,5097.437
1775026800,2026-04-01 07:00:00,5097.52,5097.732,5086.626,5088.703
1775030400,2026-04-01 08:00:00,5088.844,5093.176,5086.754,5087.304
1775034000,2026-04-01 09:00:00,5087.425,5088.225,5078.516,5080.821
1775037600,2026-04-01 10:00:00,5080.541,5085.08,5068.003,5068.606
1775041200,2026-04-01 11:00:00,5068.806,5069.452,5060.78,5062.895
1775044800,2026-04-01 12:00:00,5062.783,5069.207,5061.187,5069.207
1775048400,2026-04-01 13:00:00,5069.394,5071.893,5066.87,5069.023
1775052000,2026-04-01 14:00:00,5068.875,5075.809,5066.55,5072.835
1775055600,2026-04-01 15:00:00,5072.73,5075.305,5068.082,5068.082
1775059200,2026-04-01 16:00:00,5067.954,5072.811,5066.483,5068.56
1775062800,2026-04-01 17:00:00,5068.708,5070.37,5058.714,5059.154
1775066400,2026-04-01 18:00:00,5059.057,5075.47,5058.403,5073.421
1775070000,2026-04-01 19:00:00,5073.549,5078.663,5072.149,5077.986
1775073600,2026-04-01 20:00:00,5077.976,5078.904,5071.766,5077.732
1775077200,2026-04-01 21:00:00,5077.981,5077.981,5069.111,5069.394
1775080800,2026-04-01 22:00:00,5069.234,5074.061,5067.055,5070.166
1775084400,2026-04-01 23:00:00,5070.043,5072.2,5065.372,5070.773
1775088000,2026-04-02 00:00:00,5070.648,5072.646,5065.244,5065.931
1775091600,2026-04-02 01:00:00,5066.076,5066.076,5057.369,5060.178
1775095200,2026-04-02 02:00:00,5060.152,5063.164,5050.333,5052.149
1775098800,2026-04-02 03:00:00,5052.068,5057.199,5047.679,5055.812
1775102400,2026-04-02 04:00:00,5055.726,5056.994,5049.829,5056.748
1775106000,2026-04-02 05:00:00,5056.742,5062.614,5053.94,5060.798
1775109600,2026-04-02 06:00:00,5060.714,5064.254,5057.497,5062.887
1775113200,2026-04-02 07:00:00,5062.929,5062.929,5056.108,5058.483
1775116800,2026-04-02 08:00:00,5058.477,5060.475,5053.794,5056.042
1775120400,2026-04-02 09:00:00,5055.965,5058.016,5047.023,5048.53
1775124000,2026-04-02 10:00:00,5048.455,5058.425,5048.282,5054.006
1775127600,2026-04-02 11:00:00,5054.075,5055.599,5047.163,5050.078
1775131200,2026-04-02 12:00:00,5050.248,5055.043,5047.217,5054.612
1775134800,2026-04-02 13:00:00,5054.536,5055.737,5048.613,5051.531
1775138400,2026-04-02 14:00:00,5051.414,5052.934,5049.06,5050.79
1775142000,2026-04-02 15:00:00,5050.697,5061.963,5050.324,5060.571
1775145600,2026-04-02 16:00:00,5060.728,5072.092,5060.573,5066.57
1775149200,2026-04-02 17:00:00,5066.611,5077.137,5065.052,5070.07
1775152800,2026-04-02 18:00:00,5070.099,5076.916,5067.279,5076.453
1775156400,2026-04-02 19:00:00,5076.448,5083.807,5075.338,5082.565
1775160000,2026-04-02 20:00:00,5082.77,5088.104,5080.571,5085.13
1775163600,2026-04-02 21:00:00,5085.228,5086.596,5077.529,5078.722
1775167200,2026-04-02 22:00:00,5078.676,5079.745,5070.943,5074.404
1775170800,2026-04-02 23:00:00,5074.34,5084.639,5073.319,5083.149
1775174400,2026-04-03 00:00:00,5083.065,5088.031,5081.176,5083.654
1775178000,2026-04-03 01:00:00,5083.829,5086.614,5079.423,5086.54
1775181600,2026-04-03 02:00:00,5086.687,5086.713,5079.989,5080.569
1775185200,2026-04-03 03:00:00,5080.386,5082.584,5076.64,5080.436
1775188800,2026-04-03 04:00:00,5080.298,5089.225,5080.122,5084.944
1775192400,2026-04-03 05:00:00,5084.804,5084.917,5080.674,5080.975
1775196000,2026-04-03 06:00:00,5081.05,5084.744,5076.957,5076.957
1775199600,2026-04-03 07:00:00,5076.675,5084.544,5073.934,5082.557
1775203200,2026-04-03 08:00:00,5082.481,5088.402,5079.413,5087.699
1775206800,2026-04-03 09:00:00,5087.603,5088.44,5080.54,5084.915
1775210400,2026-04-03 10:00:00,5084.705,5088.435,5083.208,5087.787
1775214000,2026-04-03 11:00:00,5087.797,5093.421,5087.313,5092.181
1775217600,2026-04-03 12:00:00,5092.088,5094.843,5090.506,5093.044
1775221200,2026-04-03 13:00:00,5092.972,5093.757,5087.134,5088.254
1775224800,2026-04-03 14:00:00,5088.064,5088.215,5075.554,5076.589
1775228400,2026-04-03 15:00:00,5076.632,5079.323,5073.185,5076.793
1775232000,2026-04-03 16:00:00,5076.641,5078.828,5072.457,5076.654
1775235600,2026-04-03 17:00:00,5076.735,5085.371,5076.641,5083.882
1775239200,2026-04-03 18:00:00,5083.701,5090.09,5082.22,5088.738
1775242800,2026-04-03 19:00:00,5088.756,5089.903,5083.15,5089.03
1775246400,2026-04-03 20:00:00,5089.01,5089.154,5077.347,5083.112
1775250000,2026-04-03 21:00:00,5083.05,5092.028,5081.286,5091.881
1775253600,2026-04-03 22:00:00,5091.842,5100.349,5090.482,5094.119
1775257200,2026-04-03 23:00:00,5094.15,5097.383,5089.525,5090.177
1775260800,2026-04-04 00:00:00,5090.052,5092.97,5086.785,5091.59
1775264400,2026-04-04 01:00:00,5091.528,5102.402,5090.785,5102.334
1775268000,2026-04-04 02:00:00,5102.58,5110.567,5100.432,5106.01
1775271600,2026-04-04 03:00:00,5106.129,5109.521,5099.313,5108.861
1775275200,2026-04-04 04:00:00,5108.827,5111.779,5105.589,5107.864
1775278800,2026-04-04 05:00:00,5107.841,5120.307,5106.706,5117.941
1775282400,2026-04-04 06:00:00,5117.962,5118.48,5111.125,5112.483
1775286000,2026-04-04 07:00:00,5112.317,5114.751,5106.116,5113.717
1775289600,2026-04-04 08:00:00,5113.886,5116.427,5103.991,5104.847
1775293200,2026-04-04 09:00:00,5104.861,5106.262,5099.983,5100.775
1775296800,2026-04-04 10:00:00,5100.944,5103.593,5089.067,5092.634
1775300400,2026-04-04 11:00:00,5092.824,5095.994,5089.133,5089.133
1775304000,2026-04-04 12:00:00,5089.241,5089.508,5082.258,5088.147
1775307600,2026-04-04 13:00:00,5088.269,5090.869,5083.697,5086.43
1775311200,2026-04-04 14:00:00,5086.6,5090.541,5080.823,5083.468
1775314800,2026-04-04 15:00:00,5083.585,5093.448,5081.813,5091.801
1775318400,2026-04-04 16:00:00,5091.691,5094.473,5087.945,5093.841
1775322000,2026-04-04 17:00:00,5093.878,5095.894,5086.246,5092.049
1775325600,2026-04-04 18:00:00,5091.759,5093.017,5085.729,5089.678
1775329200,2026-04-04 19:00:00,5089.686,5089.953,5084.72,5085.059
1775332800,2026-04-04 20:00:00,5084.954,5089.315,5082.974,5088.616
1775336400,2026-04-04 21:00:00,5088.495,5089.343,5081.562,5082.32
1775340000,2026-04-04 22:00:00,5082.295,5082.535,5069.61,5075.128
1775343600,2026-04-04 23:00:00,5075.181,5075.435,5062.946,5063.667
1775347200,2026-04-05 00:00:00,5063.634,5064.253,5053.326,5054.029
1775350800,2026-04-05 01:00:00,5053.914,5055.464,5050.171,5052.48
1775354400,2026-04-05 02:00:00,5052.5,5057.116,5049.723,5056.793
1775358000,2026-04-05 03:00:00,5056.639,5061.828,5054.99,5055.314
1775361600,2026-04-05 04:00:00,5055.423,5066.739,5054.572,5062.743
1775365200,2026-04-05 05:00:00,5062.862,5068.134,5057.41,5062.574
1775368800,2026-04-05 06:00:00,5062.644,5069.445,5060.233,5069.133
1775372400,2026-04-05 07:00:00,5069.031,5074.846,5067.055,5070.936
1775376000,2026-04-05 08:00:00,5070.892,5080.311,5070.805,5073.176
1775379600,2026-04-05 09:00:00,5073.164,5074.113,5069.019,5070.598
1775383200,2026-04-05 10:00:00,5070.555,5075.606,5066.077,5066.261
1775386800,2026-04-05 11:00:00,5066.245,5070.499,5065.325,5067.587
1775390400,2026-04-05 12:00:00,5067.554,5074.197,5067.458,5069.808
1775394000,2026-04-05 13:00:00,5069.767,5070.401,5062.517,5066.478
1775397600,2026-04-05 14:00:00,5066.514,5067.139,5060.837,5063.869
1775401200,2026-04-05 15:00:00,5063.6,5063.6,5052.081,5054.577
1775404800,2026-04-05 16:00:00,5054.615,5061.735,5048.43,5049.873
1775408400,2026-04-05 17:00:00,5049.766,5053.49,5045.799,5046.44
1775412000,2026-04-05 18:00:00,5046.181,5047.608,5039.946,5042.146
1775415600,2026-04-05 19:00:00,5042.236,5044.262,5037.347,5040.792
1775419200,2026-04-05 20:00:00,5040.993,5043.532,5036.625,5039.311
1775422800,2026-04-05 21:00:00,5039.321,5041.155,5027.611,5028.07
1775426400,2026-04-05 22:00:00,5028.005,5033.109,5027.251,5032.648
1775430000,2026-04-05 23:00:00,5032.864,5034.22,5027.775,5034.06
1775433600,2026-04-06 00:00:00,5034.085,5038.488,5033.572,5037.215
1775437200,2026-04-06 01:00:00,5037.375,5039.007,5030.392,5032.77
1775440800,2026-04-06 02:00:00,5032.714,5034.437,5029.969,5032.672
1775444400,2026-04-06 03:00:00,5032.724,5050.055,5031.443,5049.757
1775448000,2026-04-06 04:00:00,5049.69,5050.387,5039.327,5044.118
1775451600,2026-04-06 05:00:00,5043.914,5046.338,5039.446,5040.226
1775455200,2026-04-06 06:00:00,5040.026,5048.492,5039.986,5046.562
1775458800,2026-04-06 07:00:00,5046.397,5051.075,5045.64,5047.774
1775462400,2026-04-06 08:00:00,5047.764,5050.036,5042.913,5044.709
1775466000,2026-04-06 09:00:00,5044.659,5049.377,5037.052,5039.218
1775469600,2026-04-06 10:00:00,5039.312,5045.307,5038.379,5041.158
1775473200,2026-04-06 11:00:00,5040.952,5041.961,5032.491,5039.6
1775476800,2026-04-06 12:00:00,5039.654,5041.519,5035.391,5038.076
1775480400,2026-04-06 13:00:00,5038.168,5043.859,5038.073,5042.865
1775484000,2026-04-06 14:00:00,5042.938,5045.175,5040.113,5041.35
1775487600,2026-04-06 15:00:00,5041.392,5041.773,5032.978,5039.195
1775491200,2026-04-06 16:00:00,5039.038,5039.29,5030.493,5033.341
1775494800,2026-04-06 17:00:00,5033.313,5037.282,5031.044,5034.156
1775498400,2026-04-06 18:00:00,5034.384,5042.39,5034.177,5041.107
1775502000,2026-04-06 19:00:00,5041.078,5044.568,5032.841,5032.854
1775505600,2026-04-06 20:00:00,5032.521,5036.015,5029.574,5036.015
1775509200,2026-04-06 21:00:00,5036.079,5045.778,5035.824,5045.015
1775512800,2026-04-06 22:00:00,5044.964,5048.866,5033.397,5034.019
1775516400,2026-04-06 23:00:00,5034.126,5036.808,5020.699,5020.855
1775520000,2026-04-07 00:00:00,5020.574,5023.368,5017.567,5021.834
1775523600,2026-04-07 01:00:00,5021.891,5021.97,5014.004,5016.08
1775527200,2026-04-07 02:00:00,5016.173,5019.057,5007.605,5011.045
1775530800,2026-04-07 03:00:00,5011.131,5011.131,5003.035,5005.869
1775534400,2026-04-07 04:00:00,5005.833,5007.093,5001.124,5004.228
1775538000,2026-04-07 05:00:00,5003.924,5011.168,5002.719,5004.165
1775541600,2026-04-07 06:00:00,5004.104,5011.463,5004.104,5009.413
1775545200,2026-04-07 07:00:00,5009.199,5021.828,5008.93,5017.9
1775548800,2026-04-07 08:00:00,5017.992,5023.754,5014.226,5023.279
1775552400,2026-04-07 09:00:00,5023.415,5025.153,5018.429,5022.043
1775556000,2026-04-07 10:00:00,5022.003,5024.467,5013.739,5017.581
1775559600,2026-04-07 11:00:00,5017.968,5024.933,5017.888,5022.335
1775563200,2026-04-07 12:00:00,5022.321,5027.672,5018.484,5023.722
1775566800,2026-04-07 13:00:00,5023.561,5025.784,5020.968,5022.243
1775570400,2026-04-07 14:00:00,5022.262,5028.129,5021.765,5022.437
1775574000,2026-04-07 15:00:00,5022.561,5026.182,5019.791,5020.769
1775577600,2026-04-07 16:00:00,5020.872,5020.872,5014.479,5017.574
1775581200,2026-04-07 17:00:00,5017.59,5028.347,5017.283,5027.383
1775584800,2026-04-07 18:00:00,5027.496,5029.993,5025.822,5029.365
1775588400,2026-04-07 19:00:00,5029.195,5030.099,5021.615,5024.969
1775592000,2026-04-07 20:00:00,5025.053,5040.725,5025.053,5038.415
1775595600,2026-04-07 21:00:00,5038.241,5039.951,5032.659,5032.698
1775599200,2026-04-07 22:00:00,5032.659,5034.365,5022.713,5022.713
1775602800,2026-04-07 23:00:00,5022.548,5022.548,5015.241,5015.691
1775606400,2026-04-08 00:00:00,5015.626,5021.468,5014.368,5019.598
1775610000,2026-04-08 01:00:00,5019.597,5023.527,5017.287,5019.788
1775613600,2026-04-08 02:00:00,5019.726,5020.013,5006.883,5008.282
1775617200,2026-04-08 03:00:00,5008.141,5010.894,5001.982,5006.049
1775620800,2026-04-08 04:00:00,5006,5009.195,5001.136,5005.742
1775624400,2026-04-08 05:00:00,5005.898,5007.465,4999.164,5000.629
1775628000,2026-04-08 06:00:00,5000.703,5006.989,4999.341,5006.477
1775631600,2026-04-08 07:00:00,5006.586,5007.54,5001.702,5004.869
1775635200,2026-04-08 08:00:00,5004.817,5004.909,4997.104,4998.932
1775638800,2026-04-08 09:00:00,4998.967,5000.142,4992.862,4997.251
1775642400,2026-04-08 10:00:00,4997.462,5006.679,4995.48,5006.632
1775646000,2026-04-08 11:00:00,5006.503,5007.836,5001.646,5001.738
1775649600,2026-04-08 12:00:00,5001.823,5006.348,4998.042,5006.142
1775653200,2026-04-08 13:00:00,5006.391,5012.991,5005.302,5010.086
1775656800,2026-04-08 14:00:00,5010.22,5014.559,5007.942,5010.35
1775660400,2026-04-08 15:00:00,5010.115,5017.804,5009.008,5014.941
1775664000,2026-04-08 16:00:00,5014.958,5024.433,5012.903,5019.44
1775667600,2026-04-08 17:00:00,5019.419,5019.791,5010.776,5012.372
1775671200,2026-04-08 18:00:00,5012.439,5016.275,5010.125,5013.601
1775674800,2026-04-08 19:00:00,5013.589,5016.544,5007.181,5007.696
1775678400,2026-04-08 20:00:00,5007.688,5008.518,4997.522,4998.684
1775682000,2026-04-08 21:00:00,4998.592,5002.704,4996.118,5001.894
1775685600,2026-04-08 22:00:00,5001.848,5007.041,4999.146,5000.88
1775689200,2026-04-08 23:00:00,5000.961,5001.776,4992.377,4995.801
1775692800,2026-04-09 00:00:00,4995.801,4997.689,4988.964,4991.3
1775696400,2026-04-09 01:00:00,4991.215,4994.972,4987.669,4988.189
1775700000,2026-04-09 02:00:00,4988.192,4988.192,4976.785,4978.778
1775703600,2026-04-09 03:00:00,4978.69,4981.301,4975.887,4976.077
1775707200,2026-04-09 04:00:00,4975.998,4982.985,4975.871,4976.519
1775710800,2026-04-09 05:00:00,4976.636,4978.321,4968.944,4975.905
1775714400,2026-04-09 06:00:00,4975.864,4987.792,4974.024,4987.7
1775718000,2026-04-09 07:00:00,4987.797,4991.976,4985.302,4991.788
1775721600,2026-04-09 08:00:00,4991.758,4991.758,4977.705,4978.515
1775725200,2026-04-09 09:00:00,4978.665,4982.961,4976.941,4979.005
1775728800,2026-04-09 10:00:00,4978.932,4985.252,4978.477,4981.772
1775732400,2026-04-09 11:00:00,4981.6,4983.325,4974.088,4981.355
1775736000,2026-04-09 12:00:00,4981.538,4982.55,4970.612,4971.166
1775739600,2026-04-09 13:00:00,4971.047,4982.68,4970.811,4975.171
1775743200,2026-04-09 14:00:00,4975.043,4976.458,4969.017,4973.711
1775746800,2026-04-09 15:00:00,4973.918,4976.568,4966.102,4968.365
1775750400,2026-04-09 16:00:00,4968.394,4970.863,4961.044,4962.978
1775754000,2026-04-09 17:00:00,4962.99,4969.716,4960.389,4967.016
1775757600,2026-04-09 18:00:00,4966.85,4968.341,4960.794,4961.38
1775761200,2026-04-09 19:00:00,4961.375,4969.769,4960.855,4969.007
1775764800,2026-04-09 20:00:00,4969.005,4971.753,4964.58,4968.522
1775768400,2026-04-09 21:00:00,4968.472,4975.029,4966.36,4972.847
1775772000,2026-04-09 22:00:00,4972.691,4973.319,4966.844,4971.58
1775775600,2026-04-09 23:00:00,4971.719,4979.984,4967.413,4979.702
1775779200,2026-04-10 00:00:00,4979.593,4983.024,4973.902,4974.413
1775782800,2026-04-10 01:00:00,4974.271,4975.268,4968.696,4969.635
1775786400,2026-04-10 02:00:00,4969.604,4971.656,4964.189,4968.544
1775790000,2026-04-10 03:00:00,4968.673,4974.893,4963.885,4974.747
1775793600,2026-04-10 04:00:00,4974.998,4976.399,4964.923,4965.661
1775797200,2026-04-10 05:00:00,4965.822,4967.003,4959.111,4960.047
1775800800,2026-04-10 06:00:00,4959.977,4966.264,4959.456,4963.729
1775804400,2026-04-10 07:00:00,4963.615,4964.782,4958.958,4962.747
1775808000,2026-04-10 08:00:00,4962.649,4967.542,4958.024,4967.033
1775811600,2026-04-10 09:00:00,4966.846,4975.103,4964.998,4968.542
1775815200,2026-04-10 10:00:00,4968.556,4976.346,4967.959,4971.573
1775818800,2026-04-10 11:00:00,4971.291,4972.053,4966.901,4969.572
1775822400,2026-04-10 12:00:00,4969.62,4972.773,4966.706,4970.717
1775826000,2026-04-10 13:00:00,4970.71,4976.598,4969.065,4969.606
1775829600,2026-04-10 14:00:00,4969.847,4971.765,4956.155,4959.152
1775833200,2026-04-10 15:00:00,4959.263,4959.875,4952.237,4953.8
1775836800,2026-04-10 16:00:00,4953.915,4961.754,4953.294,4958.226
1775840400,2026-04-10 17:00:00,4958.124,4958.927,4945.428,4945.428
1775844000,2026-04-10 18:00:00,4945.599,4945.781,4932.703,4934.123
1775847600,2026-04-10 19:00:00,4934.196,4934.196,4922.126,4927.983
1775851200,2026-04-10 20:00:00,4927.798,4935.555,4927.676,4934.482
1775854800,2026-04-10 21:00:00,4934.473,4939.05,4931.724,4935.635
1775858400,2026-04-10 22:00:00,4935.628,4935.726,4919.479,4920.515
1775862000,2026-04-10 23:00:00,4920.619,4920.786,4914.254,4916.78
1775865600,2026-04-11 00:00:00,4916.927,4926.002,4915.482,4921.303
1775869200,2026-04-11 01:00:00,4921.268,4925.405,4920.885,4921.35
1775872800,2026-04-11 02:00:00,4921.353,4921.353,4910.231,4915.122
1775876400,2026-04-11 03:00:00,4915.207,4919.015,4913.037,4918.669
1775880000,2026-04-11 04:00:00,4918.658,4924.405,4916.296,4921.096
1775883600,2026-04-11 05:00:00,4920.88,4923.752,4914.833,4920.052
1775887200,2026-04-11 06:00:00,4920.114,4925.837,4917.766,4925.837
1775890800,2026-04-11 07:00:00,4925.73,4930.979,4923.868,4929.025
1775894400,2026-04-11 08:00:00,4929.064,4929.084,4919.064,4921.188
1775898000,2026-04-11 09:00:00,4921.171,4929.659,4918.954,4926.635
1775901600,2026-04-11 10:00:00,4926.384,4933.185,4925.813,4927.225
1775905200,2026-04-11 11:00:00,4927.249,4928.739,4919.436,4925.612
1775908800,2026-04-11 12:00:00,4925.595,4937.289,4925.533,4935.622
1775912400,2026-04-11 13:00:00,4935.68,4935.68,4923.413,4924.139
1775916000,2026-04-11 14:00:00,4924.195,4931.221,4921.547,4925.391
1775919600,2026-04-11 15:00:00,4925.302,4930.46,4923.3,4925.631
1775923200,2026-04-11 16:00:00,4925.608,4934.417,4924.854,4933.995
1775926800,2026-04-11 17:00:00,4933.776,4936.583,4930.394,4931.841
1775930400,2026-04-11 18:00:00,4931.753,4942.604,4931.214,4935.867
1775934000,2026-04-11 19:00:00,4935.992,4939.564,4932.935,4934.477
1775937600,2026-04-11 20:00:00,4934.596,4940.197,4934.549,4937.684
1775941200,2026-04-11 21:00:00,4937.694,4940.941,4933.242,4940.743
1775944800,2026-04-11 22:00:00,4940.792,4946.879,4940.49,4942.833
1775948400,2026-04-11 23:00:00,4942.898,4951.522,4941.626,4949.487
1775952000,2026-04-12 00:00:00,4949.382,4949.875,4933.014,4933.748
1775955600,2026-04-12 01:00:00,4933.619,4936.854,4931.047,4936.507
1775959200,2026-04-12 02:00:00,4936.308,4942.494,4934.902,4941.8
1775962800,2026-04-12 03:00:00,4941.796,4945.271,4941.084,4941.692
1775966400,2026-04-12 04:00:00,4941.636,4945.229,4938.636,4941.675
1775970000,2026-04-12 05:00:00,4941.641,4942.554,4935.005,4936.868
1775973600,2026-04-12 06:00:00,4936.941,4942.644,4936.067,4940.381
1775977200,2026-04-12 07:00:00,4940.485,4945.796,4938.357,4945.796
1775980800,2026-04-12 08:00:00,4945.78,4947.578,4936.667,4936.667
1775984400,2026-04-12 09:00:00,4936.783,4938.981,4932.632,4934.23
1775988000,2026-04-12 10:00:00,4934.289,4947.877,4932.899,4944.317
1775991600,2026-04-12 11:00:00,4944.263,4946.705,4936.117,4937.323
1775995200,2026-04-12 12:00:00,4937.412,4942.503,4937.168,4939.507
1775998800,2026-04-12 13:00:00,4939.659,4945.319,4939.641,4943.076
1776002400,2026-04-12 14:00:00,4942.99,4944.87,4928.284,4931.439
1776006000,2026-04-12 15:00:00,4931.527,4934.649,4927.628,4933.162
1776009600,2026-04-12 16:00:00,4933.271,4934.094,4929.13,4931.303
1776013200,2026-04-12 17:00:00,4930.981,4947.72,4930.575,4947.506
1776016800,2026-04-12 18:00:00,4947.318,4950.286,4941.604,4949.465
1776020400,2026-04-12 19:00:00,4949.312,4952.969,4945.88,4952.424
1776024000,2026-04-12 20:00:00,4952.432,4958.345,4952.198,4957.202
1776027600,2026-04-12 21:00:00,4957.22,4961.106,4954.625,4955.645
1776031200,2026-04-12 22:00:00,4955.949,4957.456,4950.108,4953.115
1776034800,2026-04-12 23:00:00,4953.127,4956.402,4950.8,4953.44
1776038400,2026-04-13 00:00:00,4953.669,4954.451,4948.558,4953.742
1776042000,2026-04-13 01:00:00,4954.016,4967.651,4953.426,4963.97
1776045600,2026-04-13 02:00:00,4963.834,4963.904,4956.438,4963.125
1776049200,2026-04-13 03:00:00,4963.098,4970.447,4959.318,4970.019
1776052800,2026-04-13 04:00:00,4969.94,4976.1,4966.377,4971.089
1776056400,2026-04-13 05:00:00,4970.973,4985.65,4970.911,4983.872
1776060000,2026-04-13 06:00:00,4983.819,4992.669,4981.953,4991.91
1776063600,2026-04-13 07:00:00,4991.907,4995.819,4989.273,4993.596
1776067200,2026-04-13 08:00:00,4993.413,4994.13,4984.269,4984.274
1776070800,2026-04-13 09:00:00,4984.547,4990.972,4980.126,4985.76
1776074400,2026-04-13 10:00:00,4985.804,4989.096,4979.77,4979.993
1776078000,2026-04-13 11:00:00,4980.056,4985.446,4977.618,4978.918
1776081600,2026-04-13 12:00:00,4979.091,4984.136,4978.845,4983.497
1776085200,2026-04-13 13:00:00,4983.402,4984.132,4979.349,4982.562
1776088800,2026-04-13 14:00:00,4982.527,4988.181,4978.453,4981.137
1776092400,2026-04-13 15:00:00,4981.21,4981.928,4974.442,4979.552
1776096000,2026-04-13 16:00:00,4979.71,4980.192,4969.704,4975.387
1776099600,2026-04-13 17:00:00,4975.243,4976.717,4966.388,4967.81
1776103200,2026-04-13 18:00:00,4967.794,4980.329,4965.26,4979.125
1776106800,2026-04-13 19:00:00,4979.11,4981.771,4972.414,4974.782
1776110400,2026-04-13 20:00:00,4974.805,4981.5,4974.805,4975.209
1776114000,2026-04-13 21:00:00,4975.286,4987.064,4973.689,4983.922
1776117600,2026-04-13 22:00:00,4984.091,4985.585,4978.379,4983.532
1776121200,2026-04-13 23:00:00,4983.685,4991.3,4981.446,4989.202
1776124800,2026-04-14 00:00:00,4989.188,4994.405,4980.306,4982.397
1776128400,2026-04-14 01:00:00,4982.525,4983.876,4970.849,4971.597
1776132000,2026-04-14 02:00:00,4971.505,4972.956,4965.32,4965.528
1776135600,2026-04-14 03:00:00,4965.614,4965.912,4955.573,4957.786
1776139200,2026-04-14 04:00:00,4957.908,4963.12,4956.197,4962.628
1776142800,2026-04-14 05:00:00,4962.548,4965.159,4959.247,4962.379
1776146400,2026-04-14 06:00:00,4962.423,4962.918,4951.898,4952.515
1776150000,2026-04-14 07:00:00,4952.225,4961.817,4950.168,4961.817
1776153600,2026-04-14 08:00:00,4962.001,4967.89,4961.37,4966.022
1776157200,2026-04-14 09:00:00,4965.94,4967.256,4961.68,4966.083
1776160800,2026-04-14 10:00:00,4966.121,4970.144,4963.249,4964.47
1776164400,2026-04-14 11:00:00,4964.532,4967.626,4958.667,4962.237
1776168000,2026-04-14 12:00:00,4962.27,4974.776,4962.196,4974.344
1776171600,2026-04-14 13:00:00,4974.511,4983.527,4971.472,4982.537
1776175200,2026-04-14 14:00:00,4982.645,4986.75,4979.843,4982.341
1776178800,2026-04-14 15:00:00,4982.474,4984.051,4976.53,4978.304
1776182400,2026-04-14 16:00:00,4978.099,4982.43,4977.241,4977.676
1776186000,2026-04-14 17:00:00,4977.664,4980.416,4974.313,4977.282
1776189600,2026-04-14 18:00:00,4977.099,4980.244,4973.613,4974.178
1776193200,2026-04-14 19:00:00,4974.041,4976.63,4969.692,4971.752
1776196800,2026-04-14 20:00:00,4971.669,4979.418,4969.998,4978.266
1776200400,2026-04-14 21:00:00,4978.139,4984.969,4974.132,4983.989
1776204000,2026-04-14 22:00:00,4984.063,4991.651,4983.715,4990.422
1776207600,2026-04-14 23:00:00,4990.312,4992.748,4984.337,4985.747
1776211200,2026-04-15 00:00:00,4985.808,4988.066,4983.327,4987.532
1776214800,2026-04-15 01:00:00,4987.366,4997.62,4986.424,4994.101
1776218400,2026-04-15 02:00:00,4994.199,5003.777,4993.762,4999.083
1776222000,2026-04-15 03:00:00,4998.98,5001.393,4996.636,4999.731
1776225600,2026-04-15 04:00:00,4999.666,5010.129,4995.719,5007.688
1776229200,2026-04-15 05:00:00,5007.624,5009.121,4999.215,5008.213
1776232800,2026-04-15 06:00:00,5008.077,5009.496,5001.509,5003.841
1776236400,2026-04-15 07:00:00,5003.853,5003.853,4993.808,4997.507
1776240000,2026-04-15 08:00:00,4997.669,4998.57,4991.821,4992.118
1776243600,2026-04-15 09:00:00,4991.983,4997.671,4991.943,4995.794
1776247200,2026-04-15 10:00:00,4995.848,4996.821,4990.018,4990.4
1776250800,2026-04-15 11:00:00,4990.457,4992.192,4982.48,4983.592
1776254400,2026-04-15 12:00:00,4983.601,4987.513,4981.61,4987.333
1776258000,2026-04-15 13:00:00,4987.435,4990.235,4975.209,4976.275
1776261600,2026-04-15 14:00:00,4976.184,4978.285,4967.833,4969.152
1776265200,2026-04-15 15:00:00,4969.097,4969.814,4962.424,4967.666
1776268800,2026-04-15 16:00:00,4967.631,4969.168,4963.997,4966.691
1776272400,2026-04-15 17:00:00,4966.717,4971.871,4963.184,4971.871
1776276000,2026-04-15 18:00:00,4971.986,4973.901,4967.663,4969.047
1776279600,2026-04-15 19:00:00,4969.039,4977.142,4968.563,4968.999
1776283200,2026-04-15 20:00:00,4969.028,4970.948,4962.968,4968.093
1776286800,2026-04-15 21:00:00,4968.062,4977.092,4967.393,4977.092
1776290400,2026-04-15 22:00:00,4977.231,4985.108,4975.737,4982.222
1776294000,2026-04-15 23:00:00,4982.363,4983.915,4975.523,4980.693
1776297600,2026-04-16 00:00:00,4980.732,4982.813,4978.359,4979.186
1776301200,2026-04-16 01:00:00,4979.193,4983.567,4977.743,4983.277
1776304800,2026-04-16 02:00:00,4983.357,4988.556,4981.189,4985.675
1776308400,2026-04-16 03:00:00,4985.621,4990.101,4983.229,4987.376
1776312000,2026-04-16 04:00:00,4987.042,4995.061,4984.664,4994.819
1776315600,2026-04-16 05:00:00,4994.768,4996.031,4987.535,4987.553
1776319200,2026-04-16 06:00:00,4987.862,4989.377,4981.226,4982.689
1776322800,2026-04-16 07:00:00,4982.561,4984.184,4976.444,4977.519
1776326400,2026-04-16 08:00:00,4977.501,4980.477,4973.206,4974.935
1776330000,2026-04-16 09:00:00,4974.893,4979.457,4973.256,4977.653
1776333600,2026-04-16 10:00:00,4977.87,4980.057,4972.95,4979.585
1776337200,2026-04-16 11:00:00,4979.513,4983.158,4976.635,4979.518
1776340800,2026-04-16 12:00:00,4979.498,4979.868,4971.05,4971.052
1776344400,2026-04-16 13:00:00,4970.969,4971.985,4962.31,4965.009
1776348000,2026-04-16 14:00:00,4965.009,4970.223,4961.814,4967.771
1776351600,2026-04-16 15:00:00,4967.693,4968.322,4957.391,4962.867
1776355200,2026-04-16 16:00:00,4962.882,4971.544,4959.579,4971.305
1776358800,2026-04-16 17:00:00,4971.194,4972.442,4966.604,4968.003
1776362400,2026-04-16 18:00:00,4967.956,4970.404,4960.919,4961.186
1776366000,2026-04-16 19:00:00,4961.113,4961.744,4951.971,4953.22
1776369600,2026-04-16 20:00:00,4953.004,4955.832,4949.904,4954.626
1776373200,2026-04-16 21:00:00,4954.606,4958.713,4950.637,4958.327
1776376800,2026-04-16 22:00:00,4958.494,4967.883,4955.992,4966.53
1776380400,2026-04-16 23:00:00,4966.865,4967.142,4960.022,4960.273
1776384000,2026-04-17 00:00:00,4960.424,4963.34,4948.514,4949.533
1776387600,2026-04-17 01:00:00,4949.47,4957.479,4946.112,4956.797
1776391200,2026-04-17 02:00:00,4956.962,4960.713,4953.874,4960.103
1776394800,2026-04-17 03:00:00,4960.262,4961.312,4949.791,4958.271
1776398400,2026-04-17 04:00:00,4958.185,4958.458,4948.674,4949.319
1776402000,2026-04-17 05:00:00,4949.413,4951.131,4945.051,4948.609
1776405600,2026-04-17 06:00:00,4948.703,4954.342,4944.535,4954.201
1776409200,2026-04-17 07:00:00,4954.362,4965.68,4953.772,4965.304
1776412800,2026-04-17 08:00:00,4965.29,4970.085,4964.882,4969.857
1776416400,2026-04-17 09:00:00,4970.07,4973.239,4965.666,4972.287
1776420000,2026-04-17 10:00:00,4972.214,4978.96,4971.413,4977.012
1776423600,2026-04-17 11:00:00,4976.992,4984.461,4976.05,4982.418
1776427200,2026-04-17 12:00:00,4982.674,4984.166,4974.191,4975.062
1776430800,2026-04-17 13:00:00,4975.143,4984.132,4974.788,4979.201
1776434400,2026-04-17 14:00:00,4979.194,4980.701,4977.386,4979.334
1776438000,2026-04-17 15:00:00,4979.368,4986.038,4978.476,4981.683
1776441600,2026-04-17 16:00:00,4981.387,4981.888,4975.287,4979.153
1776445200,2026-04-17 17:00:00,4979.123,4985.122,4975.23,4984.409
1776448800,2026-04-17 18:00:00,4984.212,4990.235,4983.775,4988.636
1776452400,2026-04-17 19:00:00,4988.577,4990.603,4977.268,4977.955
1776456000,2026-04-17 20:00:00,4977.997,4983.565,4974.745,4981.783
1776459600,2026-04-17 21:00:00,4981.898,4986.195,4979.902,4984.6
1776463200,2026-04-17 22:00:00,4984.659,4989.348,4982.676,4986.596
1776466800,2026-04-17 23:00:00,4986.535,4990.499,4984.508,4986.779
1776470400,2026-04-18 00:00:00,4986.786,4987.474,4976.161,4976.438
1776474000,2026-04-18 01:00:00,4976.672,4980.775,4971.578,4978.798
1776477600,2026-04-18 02:00:00,4978.736,4981.099,4970.947,4974.096
1776481200,2026-04-18 03:00:00,4974.086,4981.668,4973.802,4976.056
1776484800,2026-04-18 04:00:00,4975.936,4979.494,4971.385,4972.028
1776488400,2026-04-18 05:00:00,4971.971,4972.372,4964.095,4966.106
1776492000,2026-04-18 06:00:00,4966.233,4971.622,4963.012,4969.708
1776495600,2026-04-18 07:00:00,4969.666,4970.628,4965.496,4969.963
1776499200,2026-04-18 08:00:00,4969.823,4973.192,4966.657,4969.194
1776502800,2026-04-18 09:00:00,4969.075,4974.565,4967.155,4973.167
1776506400,2026-04-18 10:00:00,4973.19,4979.349,4971.212,4979.12
1776510000,2026-04-18 11:00:00,4978.915,4983.729,4974.007,4982.586
1776513600,2026-04-18 12:00:00,4982.557,4982.726,4973.159,4973.991
1776517200,2026-04-18 13:00:00,4974.019,4975.938,4966.272,4966.55
1776520800,2026-04-18 14:00:00,4966.672,4966.969,4960.531,4962.166
1776524400,2026-04-18 15:00:00,4962.218,4963.709,4955.478,4958.245
1776528000,2026-04-18 16:00:00,4958.479,4959.875,4946.795,4949.004
1776531600,2026-04-18 17:00:00,4948.951,4951.161,4946.14,4947.465
1776535200,2026-04-18 18:00:00,4947.371,4950.806,4941.039,4941.382
1776538800,2026-04-18 19:00:00,4941.449,4944.239,4934.678,4936.877
1776542400,2026-04-18 20:00:00,4936.795,4937.974,4924.903,4928.108
1776546000,2026-04-18 21:00:00,4928.004,4932.325,4926.745,4926.792
1776549600,2026-04-18 22:00:00,4926.727,4928.448,4920.481,4923.64
1776553200,2026-04-18 23:00:00,4923.638,4928.743,4923.555,4926.855
1776556800,2026-04-19 00:00:00,4926.892,4936.433,4926.624,4935.364
1776560400,2026-04-19 01:00:00,4935.383,4939.406,4927.818,4928.746
1776564000,2026-04-19 02:00:00,4928.666,4939.648,4927.235,4937.531
1776567600,2026-04-19 03:00:00,4937.508,4938.109,4930.357,4934.351
1776571200,2026-04-19 04:00:00,4934.271,4937.75,4923.959,4928.14
1776574800,2026-04-19 05:00:00,4927.948,4933.789,4924.373,4924.425
1776578400,2026-04-19 06:00:00,4924.276,4930.484,4922.701,4927.545
1776582000,2026-04-19 07:00:00,4927.547,4928.506,4918.518,4918.685
1776585600,2026-04-19 08:00:00,4918.832,4919.155,4914.018,4915.303
1776589200,2026-04-19 09:00:00,4915.158,4922.12,4913.085,4920.913
1776592800,2026-04-19 10:00:00,4921.2,4926.265,4918.889,4925.383
1776596400,2026-04-19 11:00:00,4925.392,4935.089,4923.518,4934.455
1776600000,2026-04-19 12:00:00,4934.296,4937.284,4932.141,4935.361
1776603600,2026-04-19 13:00:00,4935.32,4936.081,4929.215,4931.793
1776607200,2026-04-19 14:00:00,4931.822,4932.876,4924.64,4925.606
1776610800,2026-04-19 15:00:00,4925.591,4931.302,4925.109,4929.805
1776614400,2026-04-19 16:00:00,4929.858,4939,4928.155,4930.284
1776618000,2026-04-19 17:00:00,4930.216,4931.492,4920.671,4922.184
1776621600,2026-04-19 18:00:00,4922.045,4933.522,4921.405,4928.788
1776625200,2026-04-19 19:00:00,4928.714,4934.342,4928.215,4928.947
1776628800,2026-04-19 20:00:00,4929.005,4930.865,4925.012,4925.644
1776632400,2026-04-19 21:00:00,4925.799,4929.737,4923.641,4927.715
1776636000,2026-04-19 22:00:00,4927.806,4929.752,4923.382,4923.393
1776639600,2026-04-19 23:00:00,4923.422,4924.688,4914.462,4918.065
1776643200,2026-04-20 00:00:00,4918.269,4918.352,4909.397,4911.255
1776646800,2026-04-20 01:00:00,4911.283,4918.682,4910.628,4918.102
1776650400,2026-04-20 02:00:00,4918.111,4922.006,4916.482,4919.339
1776654000,2026-04-20 03:00:00,4919.451,4925.386,4918.937,4920.751
1776657600,2026-04-20 04:00:00,4920.568,4923.566,4919.482,4922.99
1776661200,2026-04-20 05:00:00,4923.166,4927.741,4922.073,4924.7
1776664800,2026-04-20 06:00:00,4924.812,4933.574,4921.379,4933.406
1776668400,2026-04-20 07:00:00,4933.426,4936.507,4929.13,4931.966
1776672000,2026-04-20 08:00:00,4931.934,4933.889,4926.84,4933.032
1776675600,2026-04-20 09:00:00,4933.142,4936.85,4930.534,4934.984
1776679200,2026-04-20 10:00:00,4935.067,4937.302,4925.026,4925.948
1776682800,2026-04-20 11:00:00,4925.971,4935.484,4923.712,4934.889
1776686400,2026-04-20 12:00:00,4934.778,4935.936,4927.36,4928.586
1776690000,2026-04-20 13:00:00,4928.352,4929.696,4923.813,4925.678
1776693600,2026-04-20 14:00:00,4925.728,4933.737,4925.495,4931.909
1776697200,2026-04-20 15:00:00,4931.927,4933.521,4927.283,4929.684
1776700800,2026-04-20 16:00:00,4929.672,4934.152,4927.601,4929.525
1776704400,2026-04-20 17:00:00,4929.394,4939.526,4929.394,4933.87
1776708000,2026-04-20 18:00:00,4933.926,4937.523,4933.169,4935.136
1776711600,2026-04-20 19:00:00,4935.123,4945.735,4934.737,4942.576
1776715200,2026-04-20 20:00:00,4942.647,4948.103,4942.459,4943.598
1776718800,2026-04-20 21:00:00,4943.542,4945.511,4939.31,4942.913
1776722400,2026-04-20 22:00:00,4942.961,4948.607,4942.694,4947.455
1776726000,2026-04-20 23:00:00,4947.365,4953.491,4945.889,4950.462
1776729600,2026-04-21 00:00:00,4950.522,4952.812,4942.606,4943.417
1776733200,2026-04-21 01:00:00,4943.543,4944.038,4936.227,4941.412
1776736800,2026-04-21 02:00:00,4941.307,4947.973,4941.018,4945.022
1776740400,2026-04-21 03:00:00,4945.075,4951.359,4943.592,4949.562
1776744000,2026-04-21 04:00:00,4949.387,4951.409,4945.052,4945.326
1776747600,2026-04-21 05:00:00,4945.409,4949.353,4943.639,4944.809
1776751200,2026-04-21 06:00:00,4944.878,4948.691,4941.639,4948.089
1776754800,2026-04-21 07:00:00,4948.023,4949.639,4945.252,4948.871
1776758400,2026-04-21 08:00:00,4948.764,4955.7,4948.642,4954.824
1776762000,2026-04-21 09:00:00,4955.017,4957.553,4948.165,4955.309
1776765600,2026-04-21 10:00:00,4955.34,4958.642,4953.957,4955.308
1776769200,2026-04-21 11:00:00,4955.309,4962.099,4954.971,4959.5
1776772800,2026-04-21 12:00:00,4959.454,4959.608,4950.119,4950.351
1776776400,2026-04-21 13:00:00,4950.178,4951.972,4941.059,4945.79
1776780000,2026-04-21 14:00:00,4945.767,4946.272,4939.047,4940.734
1776783600,2026-04-21 15:00:00,4940.853,4953.207,4938.479,4952.13
1776787200,2026-04-21 16:00:00,4952.315,4954.813,4942.077,4942.117
1776790800,2026-04-21 17:00:00,4942.22,4949.791,4941.491,4948.183
1776794400,2026-04-21 18:00:00,4947.916,4948.904,4942.708,4944.489
1776798000,2026-04-21 19:00:00,4944.486,4950.485,4942.515,4946.039
1776801600,2026-04-21 20:00:00,4946.002,4950.573,4944.987,4950.259
1776805200,2026-04-21 21:00:00,4950.177,4954.037,4946.397,4947.118
1776808800,2026-04-21 22:00:00,4947.041,4951.959,4944.42,4951.908
1776812400,2026-04-21 23:00:00,4951.809,4954.377,4947.659,4952.152
1776816000,2026-04-22 00:00:00,4952.203,4958.917,4950.648,4953.487
1776819600,2026-04-22 01:00:00,4953.369,4959.94,4950.528,4955.927
1776823200,2026-04-22 02:00:00,4955.816,4962.478,4953.949,4960.456
1776826800,2026-04-22 03:00:00,4960.347,4963.192,4954.67,4958.593
1776830400,2026-04-22 04:00:00,4958.694,4964.754,4956.886,4963.372
1776834000,2026-04-22 05:00:00,4963.249,4967.056,4959.94,4965.72
1776837600,2026-04-22 06:00:00,4965.798,4966.051,4953.193,4954.619
1776841200,2026-04-22 07:00:00,4954.491,4961.868,4954.157,4957.128
1776844800,2026-04-22 08:00:00,4957.164,4958.564,4950.397,4956.69
1776848400,2026-04-22 09:00:00,4956.571,4959.899,4954.9,4957.415
1776852000,2026-04-22 10:00:00,4957.382,4965.473,4955.305,4955.546
1776855600,2026-04-22 11:00:00,4955.562,4968.618,4954.023,4968.531
1776859200,2026-04-22 12:00:00,4968.227,4971.465,4964.067,4971.465
1776862800,2026-04-22 13:00:00,4971.416,4978.591,4967.104,4978.545
1776866400,2026-04-22 14:00:00,4978.546,4987.825,4978.039,4987.448
1776870000,2026-04-22 15:00:00,4987.5,4989.917,4982.668,4986.662
1776873600,2026-04-22 16:00:00,4986.561,4997.979,4983.57,4997.467
1776877200,2026-04-22 17:00:00,4997.572,4997.903,4988.854,4996.005
1776880800,2026-04-22 18:00:00,4996.069,5002.899,4995.71,4999.575
1776884400,2026-04-22 19:00:00,4999.594,5005.498,4987.807,4988.552
1776888000,2026-04-22 20:00:00,4988.728,4992.885,4985.918,4986.682
1776891600,2026-04-22 21:00:00,4986.826,4988.646,4983.658,4985.599
1776895200,2026-04-22 22:00:00,4985.656,4988.133,4982.964,4985.846
1776898800,2026-04-22 23:00:00,4985.952,4986.923,4978.448,4982.965
1776902400,2026-04-23 00:00:00,4983.08,4985.931,4978.586,4981.058
1776906000,2026-04-23 01:00:00,4981.098,4983.596,4976.233,4982.197
1776909600,2026-04-23 02:00:00,4982.172,4986.169,4979.993,4985.064
1776913200,2026-04-23 03:00:00,4985.148,4990.549,4983.894,4989.592
1776916800,2026-04-23 04:00:00,4989.439,4992.598,4987.697,4988.795
1776920400,2026-04-23 05:00:00,4988.932,4995.763,4988.312,4995.602
1776924000,2026-04-23 06:00:00,4995.698,4998.487,4989.725,4992.137
1776927600,2026-04-23 07:00:00,4992.146,4999.9,4992.052,4992.68
1776931200,2026-04-23 08:00:00,4992.902,4995.566,4986.231,4987.966
1776934800,2026-04-23 09:00:00,4988.099,4988.099,4983.732,4985.928
1776938400,2026-04-23 10:00:00,4985.915,4993.749,4983.597,4991.138
1776942000,2026-04-23 11:00:00,4991.031,4995.792,4990.284,4991.923
1776945600,2026-04-23 12:00:00,4991.631,4994.284,4984.864,4988.361
1776949200,2026-04-23 13:00:00,4988.413,4989.222,4984.212,4986.429
1776952800,2026-04-23 14:00:00,4986.314,4992.644,4984.47,4988.784
1776956400,2026-04-23 15:00:00,4988.865,4993.523,4987.926,4992.863
1776960000,2026-04-23 16:00:00,4992.738,5001.913,4987.511,5000.023
1776963600,2026-04-23 17:00:00,5000.007,5002.183,4997.369,4997.908
1776967200,2026-04-23 18:00:00,4997.928,5003.694,4993.202,5001.758
1776970800,2026-04-23 19:00:00,5001.781,5002.629,4986.626,4988.85
1776974400,2026-04-23 20:00:00,4988.831,4989.402,4981.829,4986.933
1776978000,2026-04-23 21:00:00,4986.971,4989.075,4980.283,4983.838
1776981600,2026-04-23 22:00:00,4983.957,4986.988,4981.526,4985.086
1776985200,2026-04-23 23:00:00,4985.14,4985.17,4979.163,4983.358
1776988800,2026-04-24 00:00:00,4983.291,4989.731,4979.245,4988.732
1776992400,2026-04-24 01:00:00,4988.803,4989.905,4982.205,4986.105
1776996000,2026-04-24 02:00:00,4986.173,4988.34,4979.09,4980.685
1776999600,2026-04-24 03:00:00,4980.819,4982.825,4975.428,4979.01
1777003200,2026-04-24 04:00:00,4978.917,4980.457,4973.553,4980.457
1777006800,2026-04-24 05:00:00,4980.658,4983.21,4974.741,4976.932
1777010400,2026-04-24 06:00:00,4976.807,4980.904,4974.88,4975.124
1777014000,2026-04-24 07:00:00,4975.141,4976.182,4966.674,4968.939
1777017600,2026-04-24 08:00:00,4968.935,4973.103,4967.404,4971.608
1777021200,2026-04-24 09:00:00,4971.51,4977.638,4968.927,4976.365
1777024800,2026-04-24 10:00:00,4976.341,4976.352,4966.707,4967.185
1777028400,2026-04-24 11:00:00,4967.168,4967.533,4952.084,4952.654
1777032000,2026-04-24 12:00:00,4952.732,4953.295,4945.287,4947.07
1777035600,2026-04-24 13:00:00,4947.04,4947.331,4942.555,4944.705
1777039200,2026-04-24 14:00:00,4944.617,4945.703,4937.839,4939.595
1777042800,2026-04-24 15:00:00,4939.75,4943.992,4937.659,4942.744
1777046400,2026-04-24 16:00:00,4942.78,4946.84,4938.222,4939.304
1777050000,2026-04-24 17:00:00,4939.46,4947.986,4936.047,4947.688
1777053600,2026-04-24 18:00:00,4947.668,4950.22,4943.509,4944.288
1777057200,2026-04-24 19:00:00,4944.258,4952.015,4943.995,4951.075
1777060800,2026-04-24 20:00:00,4950.835,4953.164,4946.776,4946.902
1777064400,2026-04-24 21:00:00,4947.13,4947.408,4930.48,4933.123
1777068000,2026-04-24 22:00:00,4933.266,4939.319,4933.035,4937.058
1777071600,2026-04-24 23:00:00,4936.94,4940.369,4932.531,4935.77
1777075200,2026-04-25 00:00:00,4935.788,4936.317,4928.54,4929.184
1777078800,2026-04-25 01:00:00,4929.086,4930.281,4920.826,4923.776
1777082400,2026-04-25 02:00:00,4923.695,4931.869,4923.284,4931.062
1777086000,2026-04-25 03:00:00,4931.061,4939.392,4930.13,4934.599
1777089600,2026-04-25 04:00:00,4934.641,4943.776,4933.373,4943.24
1777093200,2026-04-25 05:00:00,4943.484,4946.917,4941.274,4942.787
1777096800,2026-04-25 06:00:00,4942.921,4947.577,4940.542,4941.847
1777100400,2026-04-25 07:00:00,4941.996,4946.033,4939.694,4940.06
1777104000,2026-04-25 08:00:00,4940.079,4944.222,4938.232,4941.599
1777107600,2026-04-25 09:00:00,4941.741,4942.701,4936.715,4939.964
1777111200,2026-04-25 10:00:00,4939.74,4940.781,4933.842,4939.698
1777114800,2026-04-25 11:00:00,4939.761,4940.372,4930.699,4932.768
1777118400,2026-04-25 12:00:00,4932.982,4937.806,4931.829,4937.194
1777122000,2026-04-25 13:00:00,4937.101,4939.613,4934.547,4939.359
1777125600,2026-04-25 14:00:00,4939.307,4943.514,4938.125,4939.194
1777129200,2026-04-25 15:00:00,4939.161,4942.109,4935.008,4938.581
1777132800,2026-04-25 16:00:00,4938.6,4942.512,4934.314,4935.332
1777136400,2026-04-25 17:00:00,4935.222,4939.03,4928.322,4928.843
1777140000,2026-04-25 18:00:00,4928.937,4931.484,4922.942,4923.147
1777143600,2026-04-25 19:00:00,4923.131,4924.539,4917.608,4920.306
1777147200,2026-04-25 20:00:00,4920.34,4930.349,4917.061,4929.278
1777150800,2026-04-25 21:00:00,4929.195,4930.561,4923.683,4926.936
1777154400,2026-04-25 22:00:00,4926.855,4927.828,4917.54,4919.89
1777158000,2026-04-25 23:00:00,4919.772,4923.585,4915.943,4920.878
1777161600,2026-04-26 00:00:00,4920.899,4923.078,4914.225,4921.702
1777165200,2026-04-26 01:00:00,4921.557,4922.029,4914.554,4916.504
1777168800,2026-04-26 02:00:00,4916.409,4917.651,4907.268,4907.268
1777172400,2026-04-26 03:00:00,4907.278,4912.768,4906.004,4906.566
1777176000,2026-04-26 04:00:00,4906.666,4912.502,4905.012,4912.283
1777179600,2026-04-26 05:00:00,4912.578,4916.74,4906.811,4907.925
1777183200,2026-04-26 06:00:00,4908.172,4915.221,4907.363,4911.069
1777186800,2026-04-26 07:00:00,4910.929,4912.452,4900.591,4901.888
1777190400,2026-04-26 08:00:00,4901.774,4907.156,4901.096,4902.722
1777194000,2026-04-26 09:00:00,4902.666,4906.108,4900.151,4903.468
1777197600,2026-04-26 10:00:00,4903.583,4904.892,4899.149,4902.99
1777201200,2026-04-26 11:00:00,4903.058,4904.291,4897.396,4901.614
1777204800,2026-04-26 12:00:00,4901.504,4903.21,4895.411,4901.555
1777208400,2026-04-26 13:00:00,4901.708,4906.202,4900.685,4904.592
1777212000,2026-04-26 14:00:00,4904.657,4909.502,4904.657,4908.441
1777215600,2026-04-26 15:00:00,4908.473,4909.306,4897.569,4898.803
1777219200,2026-04-26 16:00:00,4898.905,4908.05,4898.723,4902.444
1777222800,2026-04-26 17:00:00,4902.544,4907.057,4899.604,4905.477
1777226400,2026-04-26 18:00:00,4905.496,4911.552,4901.61,4909.514
1777230000,2026-04-26 19:00:00,4909.599,4913.101,4903.372,4907.477
1777233600,2026-04-26 20:00:00,4907.383,4910.129,4903.668,4908.393
1777237200,2026-04-26 21:00:00,4908.115,4911.372,4902.686,4908.215
1777240800,2026-04-26 22:00:00,4908.29,4910.945,4897.231,4898.562
1777244400,2026-04-26 23:00:00,4898.442,4908.061,4898.021,4900.332
1777248000,2026-04-27 00:00:00,4900.327,4903.303,4896.708,4902.159
1777251600,2026-04-27 01:00:00,4902.219,4905.532,4900.499,4902.682
1777255200,2026-04-27 02:00:00,4902.915,4907.197,4900.19,4904.858
1777258800,2026-04-27 03:00:00,4905.034,4912.165,4904.234,4905.868
1777262400,2026-04-27 04:00:00,4905.79,4914.552,4901.714,4913.067
1777266000,2026-04-27 05:00:00,4912.965,4916.694,4910.804,4912.304
1777269600,2026-04-27 06:00:00,4912.47,4920.611,4911.546,4912.951
1777273200,2026-04-27 07:00:00,4913.129,4919.278,4912.209,4917.234
1777276800,2026-04-27 08:00:00,4917.215,4918.376,4906.243,4907.811
1777280400,2026-04-27 09:00:00,4907.815,4910.613,4902.967,4903.622
1777284000,2026-04-27 10:00:00,4903.679,4906.267,4900.337,4901.814
1777287600,2026-04-27 11:00:00,4901.77,4911.594,4901.484,4911.258
1777291200,2026-04-27 12:00:00,4911.413,4912.594,4905.743,4908.845
1777294800,2026-04-27 13:00:00,4908.572,4914.254,4908.076,4912.14
1777298400,2026-04-27 14:00:00,4912.22,4914.233,4908.57,4911.135
1777302000,2026-04-27 15:00:00,4911.186,4914.67,4905.703,4911.395
1777305600,2026-04-27 16:00:00,4911.368,4913.837,4902.492,4902.492
1777309200,2026-04-27 17:00:00,4902.393,4909.044,4901.821,4908.618
1777312800,2026-04-27 18:00:00,4908.418,4909.075,4903.119,4906.007
1777316400,2026-04-27 19:00:00,4906.096,4913.423,4903.424,4911.08
1777320000,2026-04-27 20:00:00,4911.101,4913.63,4908.283,4911.103
1777323600,2026-04-27 21:00:00,4911.076,4912.968,4904.008,4905.696
1777327200,2026-04-27 22:00:00,4905.425,4909.086,4903.214,4904.157
1777330800,2026-04-27 23:00:00,4904.11,4909.159,4901.951,4908.212
1777334400,2026-04-28 00:00:00,4908.326,4909.44,4900.757,4901.009
1777338000,2026-04-28 01:00:00,4901.195,4901.427,4894.546,4900.237
1777341600,2026-04-28 02:00:00,4900.15,4903.084,4898.772,4899.278
1777345200,2026-04-28 03:00:00,4899.32,4911.998,4899.252,4911.998
1777348800,2026-04-28 04:00:00,4911.905,4912.255,4902.116,4904.327
1777352400,2026-04-28 05:00:00,4904.592,4908.739,4900.03,4907.949
1777356000,2026-04-28 06:00:00,4907.978,4912.508,4905.166,4908.416
1777359600,2026-04-28 07:00:00,4908.488,4912.074,4905.45,4907.295
1777363200,2026-04-28 08:00:00,4907.023,4908.416,4898.874,4900.879
1777366800,2026-04-28 09:00:00,4901.116,4909.692,4900.687,4907.409
1777370400,2026-04-28 10:00:00,4907.422,4920.288,4907.22,4913.76
1777374000,2026-04-28 11:00:00,4913.783,4917.948,4911.86,4915.429
1777377600,2026-04-28 12:00:00,4915.345,4920.618,4912.732,4920.177
1777381200,2026-04-28 13:00:00,4920.069,4921.693,4914.341,4918.364
1777384800,2026-04-28 14:00:00,4918.225,4922.893,4916.419,4917.651
1777388400,2026-04-28 15:00:00,4917.579,4922.696,4914.124,4915.113
1777392000,2026-04-28 16:00:00,4915.287,4915.287,4903.923,4906.225
1777395600,2026-04-28 17:00:00,4906.286,4908.135,4898.691,4903.604
1777399200,2026-04-28 18:00:00,4903.576,4909.654,4903.05,4903.372
1777402800,2026-04-28 19:00:00,4903.464,4909.472,4898.743,4909.472
1777406400,2026-04-28 20:00:00,4909.482,4912.926,4906.354,4907.018
1777410000,2026-04-28 21:00:00,4906.978,4907.281,4894.97,4894.97
1777413600,2026-04-28 22:00:00,4895.089,4897.315,4890.274,4892.774
1777417200,2026-04-28 23:00:00,4892.817,4901.031,4892.452,4897.923
1777420800,2026-04-29 00:00:00,4898.092,4898.529,4889.811,4892.096
1777424400,2026-04-29 01:00:00,4891.785,4894.42,4887.276,4887.302
1777428000,2026-04-29 02:00:00,4887.297,4891.102,4886.114,4890.863
1777431600,2026-04-29 03:00:00,4890.595,4898.164,4888.861,4897.001
1777435200,2026-04-29 04:00:00,4896.962,4905.357,4896.166,4900.12
1777438800,2026-04-29 05:00:00,4900.031,4907.793,4898.648,4907.793
1777442400,2026-04-29 06:00:00,4908.01,4908.075,4900.818,4906.053
1777446000,2026-04-29 07:00:00,4905.939,4911.201,4904.014,4905.031
1777449600,2026-04-29 08:00:00,4904.95,4910.638,4901.745,4909.257
1777453200,2026-04-29 09:00:00,4909.429,4918.302,4908.732,4915.006
1777456800,2026-04-29 10:00:00,4915.272,4920.719,4913.707,4920.337
1777460400,2026-04-29 11:00:00,4920.398,4927.84,4917.159,4917.159
1777464000,2026-04-29 12:00:00,4917.037,4921.349,4908.396,4910.072
1777467600,2026-04-29 13:00:00,4910.054,4915.52,4905.153,4905.411
1777471200,2026-04-29 14:00:00,4905.284,4908.675,4897.826,4899.836
1777474800,2026-04-29 15:00:00,4899.664,4901.034,4894.162,4894.513
1777478400,2026-04-29 16:00:00,4894.426,4897.802,4885.954,4886.344
1777482000,2026-04-29 17:00:00,4886.413,4890.871,4884.632,4887.258
1777485600,2026-04-29 18:00:00,4887.286,4889.643,4878.335,4880.622
1777489200,2026-04-29 19:00:00,4880.702,4888.331,4879.143,4884.303
1777492800,2026-04-29 20:00:00,4884.223,4889.586,4883.934,4889.269
1777496400,2026-04-29 21:00:00,4889.438,4890.617,4880.702,4882.554
1777500000,2026-04-29 22:00:00,4882.534,4886.492,4879.689,4886.252
1777503600,2026-04-29 23:00:00,4886.428,4894.743,4885.101,4888.892
1777507200,2026-04-30 00:00:00,4888.8,4899.66,4886.322,4897.869
1777510800,2026-04-30 01:00:00,4897.931,4902.76,4894.394,4899.81
1777514400,2026-04-30 02:00:00,4899.739,4906.284,4896.161,4905.535
1777518000,2026-04-30 03:00:00,4905.55,4910.77,4904.593,4907.635
1777521600,2026-04-30 04:00:00,4907.812,4911.9,4903.309,4911.9
1777525200,2026-04-30 05:00:00,4912.015,4912.992,4907.075,4912.163
1777528800,2026-04-30 06:00:00,4912.131,4912.539,4907.177,4909.911
1777532400,2026-04-30 07:00:00,4910.125,4919.824,4908.148,4919.149
1777536000,2026-04-30 08:00:00,4919.218,4923.497,4917.289,4918.707
1777539600,2026-04-30 09:00:00,4918.749,4922.111,4911.653,4915.938
1777543200,2026-04-30 10:00:00,4916.273,4924.822,4915.341,4921.247
1777546800,2026-04-30 11:00:00,4921.113,4923.625,4914.807,4918.474
1777550400,2026-04-30 12:00:00,4918.295,4923.193,4916.492,4921.525
1777554000,2026-04-30 13:00:00,4921.475,4929.001,4921.181,4925.412
1777557600,2026-04-30 14:00:00,4925.431,4938.071,4924.039,4936.646
1777561200,2026-04-30 15:00:00,4936.468,4950.72,4935.477,4948.766
1777564800,2026-04-30 16:00:00,4948.648,4949.165,4940.597,4941.253
1777568400,2026-04-30 17:00:00,4941.375,4942.09,4935.486,4940.682
1777572000,2026-04-30 18:00:00,4940.782,4941.395,4936.738,4939.509
1777575600,2026-04-30 19:00:00,4939.335,4947.764,4937.4,4946.449
1777579200,2026-04-30 20:00:00,4946.497,4947.617,4941.747,4943.839
1777582800,2026-04-30 21:00:00,4943.837,4945.24,4941.615,4943.201
1777586400,2026-04-30 22:00:00,4943.236,4944.761,4934.188,4934.188
1777590000,2026-04-30 23:00:00,4934.017,4936.008,4928.398,4935.507
1777593600,2026-05-01 00:00:00,4935.405,4941.886,4934.635,4940.571
1777597200,2026-05-01 01:00:00,4940.57,4945.805,4939.73,4943.096
1777600800,2026-05-01 02:00:00,4943.223,4948.878,4941.916,4946.975
1777604400,2026-05-01 03:00:00,4946.92,4947.721,4940.332,4942.704
1777608000,2026-05-01 04:00:00,4942.769,4949.407,4942.228,4948.829
1777611600,2026-05-01 05:00:00,4948.766,4949.426,4942.902,4948.527
1777615200,2026-05-01 06:00:00,4948.586,4955.43,4946.832,4949.324
1777618800,2026-05-01 07:00:00,4949.393,4950.922,4941.291,4943.514
1777622400,2026-05-01 08:00:00,4943.711,4944.38,4938.942,4942.331
1777626000,2026-05-01 09:00:00,4942.157,4947.171,4940.802,4945.122
1777629600,2026-05-01 10:00:00,4945.243,4951.945,4942.156,4945.643
1777633200,2026-05-01 11:00:00,4945.661,4957.535,4944.996,4956.447
1777636800,2026-05-01 12:00:00,4956.419,4959.275,4953.844,4957.118
1777640400,2026-05-01 13:00:00,4957.093,4962.423,4956.572,4958.662
1777644000,2026-05-01 14:00:00,4958.594,4964.055,4957.086,4963.887
1777647600,2026-05-01 15:00:00,4963.942,4964.112,4957.035,4957.286
1777651200,2026-05-01 16:00:00,4957.336,4967.949,4955.92,4967.101
1777654800,2026-05-01 17:00:00,4967.255,4969.485,4961.571,4967.354
1777658400,2026-05-01 18:00:00,4967.36,4970.569,4962.234,4966.06
1777662000,2026-05-01 19:00:00,4966.033,4969.605,4961.228,4966.027
1777665600,2026-05-01 20:00:00,4965.908,4968.516,4963.124,4964.804
1777669200,2026-05-01 21:00:00,4964.757,4973.974,4964.757,4968.1
1777672800,2026-05-01 22:00:00,4968,4980.851,4966.488,4979.396
1777676400,2026-05-01 23:00:00,4979.27,4979.731,4971.154,4971.689
1777680000,2026-05-02 00:00:00,4971.817,4974.693,4969.194,4971.572
1777683600,2026-05-02 01:00:00,4971.407,4974.313,4962.41,4963.42
1777687200,2026-05-02 02:00:00,4963.498,4964.041,4952.854,4953.212
1777690800,2026-05-02 03:00:00,4953.285,4960.659,4952.532,4957.522
1777694400,2026-05-02 04:00:00,4957.616,4964.933,4956.89,4960.424
1777698000,2026-05-02 05:00:00,4960.286,4960.286,4952.949,4955.254
1777701600,2026-05-02 06:00:00,4955.228,4955.683,4950.645,4953.286
1777705200,2026-05-02 07:00:00,4953.209,4953.236,4939.334,4942.742
1777708800,2026-05-02 08:00:00,4942.459,4945.562,4938.395,4944.986
1777712400,2026-05-02 09:00:00,4945.149,4950.13,4939.964,4940.278
1777716000,2026-05-02 10:00:00,4940.461,4945.339,4936.722,4941.648
1777719600,2026-05-02 11:00:00,4941.615,4944.41,4939.432,4940.599
1777723200,2026-05-02 12:00:00,4940.428,4948.758,4936.224,4947.831
1777726800,2026-05-02 13:00:00,4947.699,4947.785,4941.839,4946.033
1777730400,2026-05-02 14:00:00,4946.221,4946.254,4939.284,4943.393
1777734000,2026-05-02 15:00:00,4943.255,4950.969,4943.255,4949.556
1777737600,2026-05-02 16:00:00,4949.568,4966.184,4948.707,4966.158
1777741200,2026-05-02 17:00:00,4966.224,4968.459,4958.34,4967.707
1777744800,2026-05-02 18:00:00,4967.809,4973.072,4966.014,4967.759
1777748400,2026-05-02 19:00:00,4967.877,4974.744,4967.399,4974.083
1777752000,2026-05-02 20:00:00,4974.18,4975.733,4970.233,4975.229
1777755600,2026-05-02 21:00:00,4975.205,4980.347,4972.871,4974.985
1777759200,2026-05-02 22:00:00,4975.254,4986.361,4973.628,4980.55
1777762800,2026-05-02 23:00:00,4980.378,4990.189,4977.029,4989.914
1777766400,2026-05-03 00:00:00,4989.76,4991.983,4986.165,4988.545
1777770000,2026-05-03 01:00:00,4988.659,4989.146,4984.31,4985.454
1777773600,2026-05-03 02:00:00,4985.388,4986.473,4973.271,4975.23
1777777200,2026-05-03 03:00:00,4975.359,4976.885,4970.083,4973.666
1777780800,2026-05-03 04:00:00,4973.691,4977.542,4970.275,4973.046
1777784400,2026-05-03 05:00:00,4973.02,4975.157,4968.568,4970.449
1777788000,2026-05-03 06:00:00,4970.55,4970.669,4964.117,4968.944
1777791600,2026-05-03 07:00:00,4969.016,4972.511,4967.054,4969.317
1777795200,2026-05-03 08:00:00,4969.464,4970.438,4965.399,4967.799
1777798800,2026-05-03 09:00:00,4967.935,4973.966,4965.779,4972.669
1777802400,2026-05-03 10:00:00,4972.579,4975.519,4971.346,4972.683
1777806000,2026-05-03 11:00:00,4972.623,4974.851,4966.167,4973.811
1777809600,2026-05-03 12:00:00,4973.71,4978.718,4971.88,4974.945
1777813200,2026-05-03 13:00:00,4974.769,4976.14,4966.787,4970.067
1777816800,2026-05-03 14:00:00,4970.274,4978.095,4969.543,4975.412
1777820400,2026-05-03 15:00:00,4975.356,4980.042,4972.917,4979.984
1777824000,2026-05-03 16:00:00,4980.029,4982.424,4976.297,4981.253
1777827600,2026-05-03 17:00:00,4981.534,4984.618,4976.203,4976.203
1777831200,2026-05-03 18:00:00,4976.102,4985.23,4975.952,4985.23
1777834800,2026-05-03 19:00:00,4985.054,4989.72,4980.867,4982.963
1777838400,2026-05-03 20:00:00,4982.94,4988.235,4982.81,4987.22
1777842000,2026-05-03 21:00:00,4987.208,4988.897,4983.894,4986.955
1777845600,2026-05-03 22:00:00,4986.829,4990.602,4985.217,4989.555
1777849200,2026-05-03 23:00:00,4989.414,4990.269,4981.685,4983.099
1777852800,2026-05-04 00:00:00,4983.128,4986.319,4981.339,4981.838
1777856400,2026-05-04 01:00:00,4981.974,4993.94,4980.978,4993.158
1777860000,2026-05-04 02:00:00,4993.15,5008.829,4991.654,5008.668
1777863600,2026-05-04 03:00:00,5008.562,5018.445,5008.041,5016.688
1777867200,2026-05-04 04:00:00,5016.607,5018.244,5013.038,5015.552
1777870800,2026-05-04 05:00:00,5015.691,5021.537,5012.83,5018.865
1777874400,2026-05-04 06:00:00,5018.987,5019.904,5012.888,5017.372
1777878000,2026-05-04 07:00:00,5017.233,5018.421,5010.836,5014.255
1777881600,2026-05-04 08:00:00,5014.354,5017.47,5010.405,5015.965
1777885200,2026-05-04 09:00:00,5016.079,5022.724,5015.631,5020.417
1777888800,2026-05-04 10:00:00,5020.212,5021.866,5014.324,5014.794
1777892400,2026-05-04 11:00:00,5014.816,5021.836,5014.452,5020.085
1777896000,2026-05-04 12:00:00,5020.076,5020.279,5009.32,5012.852
1777899600,2026-05-04 13:00:00,5012.997,5015.516,5008.181,5008.736
1777903200,2026-05-04 14:00:00,5008.701,5012.769,5005.53,5011.145
1777906800,2026-05-04 15:00:00,5011.249,5013.649,5008.372,5012.622
1777910400,2026-05-04 16:00:00,5012.419,5018.221,5009.188,5015.563
1777914000,2026-05-04 17:00:00,5015.55,5017.861,5013.151,5013.745
1777917600,2026-05-04 18:00:00,5014.077,5020.919,5010.876,5020.092
1777921200,2026-05-04 19:00:00,5020.326,5021.719,5013.031,5016.718
1777924800,2026-05-04 20:00:00,5016.797,5017.384,5006.791,5007.678
1777928400,2026-05-04 21:00:00,5007.876,5011.252,5006.555,5006.656
1777932000,2026-05-04 22:00:00,5006.595,5010.247,5000.322,5002.278
1777935600,2026-05-04 23:00:00,5002.394,5009.733,5001.9,5002.427
1777939200,2026-05-05 00:00:00,5002.356,5013.161,5001.919,5009.833
1777942800,2026-05-05 01:00:00,5009.851,5015.922,5008.691,5014.608
1777946400,2026-05-05 02:00:00,5014.448,5018.991,5011.519,5017.401
1777950000,2026-05-05 03:00:00,5017.473,5025.917,5016.602,5025.447
1777953600,2026-05-05 04:00:00,5025.38,5029.302,5021.199,5028.103
1777957200,2026-05-05 05:00:00,5027.84,5029.404,5020.521,5020.567
1777960800,2026-05-05 06:00:00,5020.422,5023.498,5006.715,5007.64
1777964400,2026-05-05 07:00:00,5007.559,5009.269,5003.693,5007.213
1777968000,2026-05-05 08:00:00,5007.352,5014.61,5003.911,5012.187
1777971600,2026-05-05 09:00:00,5012.268,5013.409,5006.764,5007.259
1777975200,2026-05-05 10:00:00,5007.15,5010.597,5002.973,5005.384
1777978800,2026-05-05 11:00:00,5005.471,5014.707,5005.103,5011.952
1777982400,2026-05-05 12:00:00,5011.842,5014.028,5008.042,5010.854
1777986000,2026-05-05 13:00:00,5010.825,5010.825,5004.145,5007.64
1777989600,2026-05-05 14:00:00,5007.63,5009.046,5002.919,5004.352
1777993200,2026-05-05 15:00:00,5004.179,5009.152,5001.047,5004.601
1777996800,2026-05-05 16:00:00,5004.509,5008.061,5001.671,5006.271
1778000400,2026-05-05 17:00:00,5006.139,5009.786,5004.712,5005.138
1778004000,2026-05-05 18:00:00,5005.24,5005.857,4999.751,5000.703
1778007600,2026-05-05 19:00:00,5000.765,5002.097,4992.921,4993.809
1778011200,2026-05-05 20:00:00,4993.8,4999.625,4992.324,4996.35
1778014800,2026-05-05 21:00:00,4996.177,4997.217,4990.543,4993.555
1778018400,2026-05-05 22:00:00,4993.319,5000.421,4991.264,4999.948
1778022000,2026-05-05 23:00:00,5000.177,5000.353,4994.041,4997.145
1778025600,2026-05-06 00:00:00,4997.207,4998.034,4992.902,4996.799
1778029200,2026-05-06 01:00:00,4996.794,5005.436,4995.501,5004.986
1778032800,2026-05-06 02:00:00,5004.887,5011.49,5003.417,5010.278
1778036400,2026-05-06 03:00:00,5010.144,5015.928,5009.351,5014.418
1778040000,2026-05-06 04:00:00,5014.28,5014.28,5006.098,5010.168
1778043600,2026-05-06 05:00:00,5010.177,5013.21,5005.734,5012.666
1778047200,2026-05-06 06:00:00,5012.774,5012.774,4999.172,4999.817
1778050800,2026-05-06 07:00:00,4999.888,5004.001,4997.965,4999.321
1778054400,2026-05-06 08:00:00,4999.393,5004.297,4994.813,5003.687
1778058000,2026-05-06 09:00:00,5003.574,5005.614,4997.366,4997.829
1778061600,2026-05-06 10:00:00,4997.875,5007.291,4996.959,5003.928
1778065200,2026-05-06 11:00:00,5003.819,5019.468,5001.492,5019.331
1778068800,2026-05-06 12:00:00,5019.181,5021.837,5016.086,5018.665
1778072400,2026-05-06 13:00:00,5018.719,5019.056,5012.107,5014.671
1778076000,2026-05-06 14:00:00,5014.75,5019.746,5013.216,5014.112
1778079600,2026-05-06 15:00:00,5013.989,5017.552,5005.621,5009.208
1778083200,2026-05-06 16:00:00,5009.346,5010.115,5005.161,5006.777
1778086800,2026-05-06 17:00:00,5006.858,5007.343,4996.291,4997.086
1778090400,2026-05-06 18:00:00,4997.02,4998.192,4991.923,4993.958
1778094000,2026-05-06 19:00:00,4993.961,4994.837,4986.831,4990.404
1778097600,2026-05-06 20:00:00,4990.248,4995.818,4988.485,4993.627
1778101200,2026-05-06 21:00:00,4993.74,4996.885,4990.746,4992.147
1778104800,2026-05-06 22:00:00,4992.167,5001.35,4991.154,5000.29
1778108400,2026-05-06 23:00:00,5000.214,5003.275,4991.019,4991.438
1778112000,2026-05-07 00:00:00,4991.396,4997.419,4989.837,4994.662
1778115600,2026-05-07 01:00:00,4994.783,4995.233,4987.069,4987.199
1778119200,2026-05-07 02:00:00,4987.202,4989.747,4984.41,4985.372
1778122800,2026-05-07 03:00:00,4985.492,4985.744,4979.982,4985.339
1778126400,2026-05-07 04:00:00,4985.483,4986.261,4973.723,4975.969
1778130000,2026-05-07 05:00:00,4975.964,4981.803,4972.805,4980.006
1778133600,2026-05-07 06:00:00,4980.088,4985.564,4978.136,4984.796
1778137200,2026-05-07 07:00:00,4984.81,4985.576,4980.527,4983.73
1778140800,2026-05-07 08:00:00,4983.962,4986.401,4979.483,4981.256
1778144400,2026-05-07 09:00:00,4981.254,4993.294,4980.879,4991.005
1778148000,2026-05-07 10:00:00,4990.981,4994.221,4985.523,4986.963
1778151600,2026-05-07 11:00:00,4987.128,4989.615,4981.209,4981.422
1778155200,2026-05-07 12:00:00,4981.431,4986.647,4976.566,4984.401
1778158800,2026-05-07 13:00:00,4984.466,4989.474,4981.951,4988.905
1778162400,2026-05-07 14:00:00,4988.865,4995.654,4988.44,4994.677
1778166000,2026-05-07 15:00:00,4994.552,4997.794,4991.133,4995.03
1778169600,2026-05-07 16:00:00,4994.865,4996.961,4989.094,4990.866
1778173200,2026-05-07 17:00:00,4990.813,4995.781,4988.351,4988.679
1778176800,2026-05-07 18:00:00,4988.692,4989.163,4980.137,4983.057
1778180400,2026-05-07 19:00:00,4983.049,4987.207,4978.813,4983.757
1778184000,2026-05-07 20:00:00,4983.714,4986.078,4978.544,4979.597
1778187600,2026-05-07 21:00:00,4979.536,4987.01,4978.597,4983.092
1778191200,2026-05-07 22:00:00,4982.944,4983.642,4975.38,4979.489
1778194800,2026-05-07 23:00:00,4979.579,4981.102,4975.578,4977.375
1778198400,2026-05-08 00:00:00,4977.718,4986.983,4977.301,4985.419
1778202000,2026-05-08 01:00:00,4985.54,4993.723,4985.201,4989.493
1778205600,2026-05-08 02:00:00,4989.517,4997.276,4989.517,4995.139
1778209200,2026-05-08 03:00:00,4995.161,4998.344,4990.904,4995.857
1778212800,2026-05-08 04:00:00,4995.928,5000.603,4995.625,4999.169
1778216400,2026-05-08 05:00:00,4999.235,5001.187,4995.791,4999.863
1778220000,2026-05-08 06:00:00,4999.864,5003.838,4996.503,4999.903
1778223600,2026-05-08 07:00:00,4999.989,5003.845,4996.517,5000.704
1778227200,2026-05-08 08:00:00,5000.451,5010.805,4999.836,5010.259
1778230800,2026-05-08 09:00:00,5010.252,5011.002,5005.609,5010.318
1778234400,2026-05-08 10:00:00,5010.375,5016.376,5006.686,5014.897
1778238000,2026-05-08 11:00:00,5014.791,5019.656,5011.384,5018.714
1778241600,2026-05-08 12:00:00,5018.688,5018.722,5014.422,5016.075
1778245200,2026-05-08 13:00:00,5015.975,5024.391,5013.741,5020.112
1778248800,2026-05-08 14:00:00,5020.075,5028.764,5019.272,5027.708
1778252400,2026-05-08 15:00:00,5027.773,5030.161,5023.299,5024.866
1778256000,2026-05-08 16:00:00,5024.967,5030.945,5024.435,5029.232
1778259600,2026-05-08 17:00:00,5029.311,5030.369,5021.547,5027.455
1778263200,2026-05-08 18:00:00,5027.383,5031.369,5022.191,5028.367
1778266800,2026-05-08 19:00:00,5028.422,5031.988,5026.692,5030.18
1778270400,2026-05-08 20:00:00,5030.14,5030.967,5019.522,5023.102
1778274000,2026-05-08 21:00:00,5023.289,5023.289,5016.671,5019.472
1778277600,2026-05-08 22:00:00,5019.523,5025.028,5018.689,5019.106
1778281200,2026-05-08 23:00:00,5019.186,5020.029,5008.027,5009.919
1778284800,2026-05-09 00:00:00,5009.926,5013.286,5004.985,5006.799
1778288400,2026-05-09 01:00:00,5006.853,5012.573,5004.639,5011.731
1778292000,2026-05-09 02:00:00,5011.643,5021.138,5010.544,5019.919
1778295600,2026-05-09 03:00:00,5019.965,5023.262,5016.732,5019.543
1778299200,2026-05-09 04:00:00,5019.466,5028.393,5018.025,5026.937
1778302800,2026-05-09 05:00:00,5026.871,5027.726,5021.013,5021.584
1778306400,2026-05-09 06:00:00,5021.651,5026.652,5021.295,5024.219
1778310000,2026-05-09 07:00:00,5024.256,5024.397,5016.009,5019.372
1778313600,2026-05-09 08:00:00,5019.547,5023.791,5015.849,5015.935
1778317200,2026-05-09 09:00:00,5016.047,5021.666,5013.318,5017.754
1778320800,2026-05-09 10:00:00,5017.666,5018.905,5008.862,5009.642
1778324400,2026-05-09 11:00:00,5009.517,5019.361,5008.442,5017.247
1778328000,2026-05-09 12:00:00,5017.301,5028.432,5017.301,5026.788
1778331600,2026-05-09 13:00:00,5026.838,5027.441,5016.159,5019.528
1778335200,2026-05-09 14:00:00,5019.58,5024.226,5017.743,5021.37
1778338800,2026-05-09 15:00:00,5021.346,5021.86,5011.248,5013.762
1778342400,2026-05-09 16:00:00,5013.767,5017.234,5005.437,5007.559
1778346000,2026-05-09 17:00:00,5007.373,5016.911,5006.923,5016.911
1778349600,2026-05-09 18:00:00,5016.855,5016.884,5001.927,5006.752
1778353200,2026-05-09 19:00:00,5006.817,5008.129,4995.036,4996.798
1778356800,2026-05-09 20:00:00,4996.863,5000.62,4990.629,4998.519
1778360400,2026-05-09 21:00:00,4998.589,5001.78,4989.49,4989.817
1778364000,2026-05-09 22:00:00,4989.89,4991.737,4985.209,4988.346
1778367600,2026-05-09 23:00:00,4988.457,4991.338,4983.453,4983.711
1778371200,2026-05-10 00:00:00,4983.628,4988.197,4981.67,4984.826
1778374800,2026-05-10 01:00:00,4984.791,4985.8,4976.286,4979.012
1778378400,2026-05-10 02:00:00,4978.945,4984.242,4977.175,4981.396
1778382000,2026-05-10 03:00:00,4981.639,4983.567,4978.379,4980.052
1778385600,2026-05-10 04:00:00,4979.957,4980.464,4974.903,4978.423
1778389200,2026-05-10 05:00:00,4978.192,4978.192,4969.8,4970.94
1778392800,2026-05-10 06:00:00,4971.001,4973.151,4959.905,4959.909
1778396400,2026-05-10 07:00:00,4960.041,4967.925,4958.275,4967.713
1778400000,2026-05-10 08:00:00,4967.566,4970.491,4965.47,4969.368
1778403600,2026-05-10 09:00:00,4969.329,4977.756,4967.792,4973.161
1778407200,2026-05-10 10:00:00,4972.884,4984.466,4971.785,4978.846
1778410800,2026-05-10 11:00:00,4978.869,4985.098,4976.736,4984.997
1778414400,2026-05-10 12:00:00,4985.125,4995.975,4983.768,4993.777
1778418000,2026-05-10 13:00:00,4993.864,4995.048,4987.098,4987.73
1778421600,2026-05-10 14:00:00,4987.58,4992.131,4983.737,4987.858
1778425200,2026-05-10 15:00:00,4987.969,4995.718,4984.282,4991.453
1778428800,2026-05-10 16:00:00,4991.759,4992.391,4986.093,4991.553
1778432400,2026-05-10 17:00:00,4991.651,4991.778,4981.584,4981.595
1778436000,2026-05-10 18:00:00,4981.605,4984.851,4978.636,4979.11
1778439600,2026-05-10 19:00:00,4979.141,4986.441,4978.509,4980.971
1778443200,2026-05-10 20:00:00,4980.825,4982.829,4972.582,4974.22
1778446800,2026-05-10 21:00:00,4974.158,4975.225,4967.507,4970.235
1778450400,2026-05-10 22:00:00,4970.143,4978.077,4969.671,4974.679
1778454000,2026-05-10 23:00:00,4974.691,4976.073,4968.189,4971.434
1778457600,2026-05-11 00:00:00,4971.48,4978.3,4969.055,4971.478
1778461200,2026-05-11 01:00:00,4971.549,4982.981,4971.489,4975.769
1778464800,2026-05-11 02:00:00,4975.852,4983.318,4971.976,4982.105
1778468400,2026-05-11 03:00:00,4982.138,4986.598,4974.516,4975.55
1778472000,2026-05-11 04:00:00,4975.404,4976.346,4966.004,4966.989
1778475600,2026-05-11 05:00:00,4967.027,4972.742,4966.02,4968.163
1778479200,2026-05-11 06:00:00,4968.068,4972.717,4965.622,4965.622
1778482800,2026-05-11 07:00:00,4965.781,4971.74,4965.667,4968.466
1778486400,2026-05-11 08:00:00,4968.169,4971.923,4965.408,4971.236
1778490000,2026-05-11 09:00:00,4971.163,4975.566,4969.541,4973.374
1778493600,2026-05-11 10:00:00,4973.432,4976.758,4970.221,4975.147
1778497200,2026-05-11 11:00:00,4975.049,4980.385,4973.175,4974.695
1778500800,2026-05-11 12:00:00,4974.879,4989.04,4974.832,4987.105
1778504400,2026-05-11 13:00:00,4986.988,4993.765,4986.722,4990.953
1778508000,2026-05-11 14:00:00,4990.911,4996.945,4986.083,4988.004
1778511600,2026-05-11 15:00:00,4987.968,4988.663,4977.842,4980.191
1778515200,2026-05-11 16:00:00,4979.985,4982.497,4973.97,4975.388
1778518800,2026-05-11 17:00:00,4975.247,4983.376,4973.961,4981.412
1778522400,2026-05-11 18:00:00,4981.454,4982.55,4973.148,4975.275
1778526000,2026-05-11 19:00:00,4975.238,4977.663,4966.563,4968.247
1778529600,2026-05-11 20:00:00,4968.325,4972.019,4966.156,4969.667
1778533200,2026-05-11 21:00:00,4969.852,4971.524,4967.053,4967.251
1778536800,2026-05-11 22:00:00,4967.188,4977.013,4966.941,4973.317
1778540400,2026-05-11 23:00:00,4973.508,4973.744,4965.599,4970.541
1778544000,2026-05-12 00:00:00,4970.587,4975.078,4966.592,4967
1778547600,2026-05-12 01:00:00,4967.014,4967.168,4960.788,4962.154
1778551200,2026-05-12 02:00:00,4962.16,4964.866,4957.729,4963.166
1778554800,2026-05-12 03:00:00,4963.042,4967.155,4961.089,4965.253
1778558400,2026-05-12 04:00:00,4965.275,4965.494,4958.882,4964.091
1778562000,2026-05-12 05:00:00,4964.034,4968.394,4961.416,4967.461
1778565600,2026-05-12 06:00:00,4967.345,4976.182,4966.998,4974.369
1778569200,2026-05-12 07:00:00,4974.377,4975.379,4962.516,4963.128
1778572800,2026-05-12 08:00:00,4963.238,4972.603,4959.893,4971.305
1778576400,2026-05-12 09:00:00,4971.218,4971.61,4958.972,4962.236
1778580000,2026-05-12 10:00:00,4962.017,4967.295,4961.048,4964.857
1778583600,2026-05-12 11:00:00,4964.646,4968.134,4963.233,4964.904
1778587200,2026-05-12 12:00:00,4964.927,4968.764,4950.202,4951.876
1778590800,2026-05-12 13:00:00,4951.875,4956.237,4950.421,4954.265
1778594400,2026-05-12 14:00:00,4954.272,4955.618,4950.331,4953.945
1778598000,2026-05-12 15:00:00,4953.731,4956.056,4941.997,4941.997
1778601600,2026-05-12 16:00:00,4942.109,4942.141,4933.776,4935.944
1778605200,2026-05-12 17:00:00,4936.11,4939.245,4933.031,4934.817
1778608800,2026-05-12 18:00:00,4934.826,4940.81,4925.821,4926.576
1778612400,2026-05-12 19:00:00,4926.533,4927.234,4920.119,4924.509
1778616000,2026-05-12 20:00:00,4924.78,4929.927,4922.835,4922.934
1778619600,2026-05-12 21:00:00,4923.209,4926.312,4918.774,4922.394
1778623200,2026-05-12 22:00:00,4922.299,4927.401,4918.78,4919.214
1778626800,2026-05-12 23:00:00,4919.349,4921.769,4912.378,4914.828
1778630400,2026-05-13 00:00:00,4914.899,4916.971,4910.008,4915.105
1778634000,2026-05-13 01:00:00,4915.047,4922.215,4910.76,4920.277
1778637600,2026-05-13 02:00:00,4919.988,4923.173,4917.29,4918.203
1778641200,2026-05-13 03:00:00,4918.133,4920.256,4913.496,4916.151
1778644800,2026-05-13 04:00:00,4916.19,4916.845,4907.873,4908.457
1778648400,2026-05-13 05:00:00,4908.306,4917.298,4907.562,4914.296
1778652000,2026-05-13 06:00:00,4914.237,4923.311,4913.629,4920.439
1778655600,2026-05-13 07:00:00,4920.334,4934.52,4919.215,4933.053
1778659200,2026-05-13 08:00:00,4932.768,4934.595,4930.288,4932.695
1778662800,2026-05-13 09:00:00,4932.528,4934.148,4927.081,4931.131
1778666400,2026-05-13 10:00:00,4931.186,4931.511,4924.242,4930.26
1778670000,2026-05-13 11:00:00,4930.484,4931.181,4919.145,4920.263
1778673600,2026-05-13 12:00:00,4920.248,4925.614,4919.313,4924.395
1778677200,2026-05-13 13:00:00,4924.448,4925.015,4917.009,4917.978
1778680800,2026-05-13 14:00:00,4918.093,4919.316,4913.756,4915.148
1778684400,2026-05-13 15:00:00,4915.374,4919.496,4914.708,4916.525
1778688000,2026-05-13 16:00:00,4916.527,4920.381,4914.526,4916.837
1778691600,2026-05-13 17:00:00,4916.688,4919.273,4912.302,4917.105
1778695200,2026-05-13 18:00:00,4917.243,4920.323,4914.631,4920.222
1778698800,2026-05-13 19:00:00,4920.438,4921.11,4910.855,4913.519
1778702400,2026-05-13 20:00:00,4913.497,4913.89,4904.991,4910.75
1778706000,2026-05-13 21:00:00,4910.696,4913.457,4908.136,4912.726
1778709600,2026-05-13 22:00:00,4912.775,4912.775,4905.29,4906.113
1778713200,2026-05-13 23:00:00,4906.249,4906.249,4900.584,4904.641
1778716800,2026-05-14 00:00:00,4904.463,4911.915,4903.811,4911.565
1778720400,2026-05-14 01:00:00,4911.43,4912.714,4906.153,4907.93
1778724000,2026-05-14 02:00:00,4907.936,4910.719,4901.284,4901.879
1778727600,2026-05-14 03:00:00,4901.809,4911.569,4901.672,4911.096
1778731200,2026-05-14 04:00:00,4910.916,4915.471,4910.241,4912.186
1778734800,2026-05-14 05:00:00,4912.253,4912.529,4904.359,4906.586
1778738400,2026-05-14 06:00:00,4906.472,4912.396,4905.267,4909.407
1778742000,2026-05-14 07:00:00,4909.437,4916.672,4908.167,4914.109
1778745600,2026-05-14 08:00:00,4914.177,4918.255,4908.868,4909.906
1778749200,2026-05-14 09:00:00,4909.989,4915.061,4909.008,4911.934
1778752800,2026-05-14 10:00:00,4911.706,4913.433,4908.371,4909.912
1778756400,2026-05-14 11:00:00,4909.908,4913.864,4909.152,4912.294
1778760000,2026-05-14 12:00:00,4912.36,4912.847,4908.164,4911.822
1778763600,2026-05-14 13:00:00,4911.863,4914.16,4906.913,4912.632
1778767200,2026-05-14 14:00:00,4912.628,4913.695,4900.69,4902.588
1778770800,2026-05-14 15:00:00,4902.621,4911.266,4902.206,4907.49
1778774400,2026-05-14 16:00:00,4907.609,4920.979,4906.268,4917.169
1778778000,2026-05-14 17:00:00,4917.139,4917.379,4908.292,4913.331
1778781600,2026-05-14 18:00:00,4913.359,4917.949,4912.255,4914.272
1778785200,2026-05-14 19:00:00,4914.353,4917.349,4906.698,4906.879
1778788800,2026-05-14 20:00:00,4906.753,4909.099,4905.035,4905.282
1778792400,2026-05-14 21:00:00,4905.193,4913.242,4904.111,4906.969
1778796000,2026-05-14 22:00:00,4907.095,4915.422,4905.167,4912.656
1778799600,2026-05-14 23:00:00,4912.667,4920.486,4912.306,4917.927
1778803200,2026-05-15 00:00:00,4917.894,4925.89,4917.894,4920.483
1778806800,2026-05-15 01:00:00,4920.711,4921.541,4908.937,4913.323
1778810400,2026-05-15 02:00:00,4913.304,4916.409,4910.16,4914.31
1778814000,2026-05-15 03:00:00,4914.399,4915.608,4908.836,4912.849
1778817600,2026-05-15 04:00:00,4912.926,4916.908,4908.766,4909.471
1778821200,2026-05-15 05:00:00,4909.338,4911.004,4904.544,4906.906
1778824800,2026-05-15 06:00:00,4907.13,4912.558,4903.899,4910.859
1778828400,2026-05-15 07:00:00,4910.853,4913.693,4908.303,4910.165
1778832000,2026-05-15 08:00:00,4910.079,4910.337,4905.267,4906.401
1778835600,2026-05-15 09:00:00,4906.276,4909.786,4905.947,4907.436
1778839200,2026-05-15 10:00:00,4907.5,4916.838,4906.518,4916.296
1778842800,2026-05-15 11:00:00,4916.463,4921.054,4913.587,4913.714
1778846400,2026-05-15 12:00:00,4913.643,4914.842,4905.269,4906.49
1778850000,2026-05-15 13:00:00,4906.369,4909.402,4902.03,4908.107
1778853600,2026-05-15 14:00:00,4907.947,4916.113,4905.161,4915.732
1778857200,2026-05-15 15:00:00,4915.873,4927.668,4912.925,4925.437
1778860800,2026-05-15 16:00:00,4925.412,4931.755,4924.96,4927.574
1778864400,2026-05-15 17:00:00,4927.721,4934.259,4927.522,4929.539
1778868000,2026-05-15 18:00:00,4929.477,4935.064,4925.114,4934.5
1778871600,2026-05-15 19:00:00,4934.467,4936.937,4928.741,4933.872
1778875200,2026-05-15 20:00:00,4933.981,4935.677,4928.584,4935.172
1778878800,2026-05-15 21:00:00,4935.166,4938.681,4931.353,4932.606
1778882400,2026-05-15 22:00:00,4932.571,4935.149,4929.965,4934.697
1778886000,2026-05-15 23:00:00,4934.59,4936.134,4928.384,4931.277
1778889600,2026-05-16 00:00:00,4931.545,4933.753,4927.985,4929.003
1778893200,2026-05-16 01:00:00,4929.208,4933.961,4928.006,4930.013
1778896800,2026-05-16 02:00:00,4930.174,4933.341,4922.34,4923.437
1778900400,2026-05-16 03:00:00,4923.497,4923.497,4917.217,4917.301
1778904000,2026-05-16 04:00:00,4917.208,4926.163,4914.976,4922.336
1778907600,2026-05-16 05:00:00,4922.27,4937.965,4921.969,4937
1778911200,2026-05-16 06:00:00,4936.971,4941.409,4934.243,4938.869
1778914800,2026-05-16 07:00:00,4938.738,4946.111,4938.738,4944.115
1778918400,2026-05-16 08:00:00,4943.945,4954.486,4941.388,4954.116
1778922000,2026-05-16 09:00:00,4954.166,4957.996,4950.62,4953.272
1778925600,2026-05-16 10:00:00,4953.259,4954.895,4947.14,4948.113
1778929200,2026-05-16 11:00:00,4947.996,4951.187,4941.661,4942.647
1778932800,2026-05-16 12:00:00,4942.759,4954.486,4941.552,4951.653
1778936400,2026-05-16 13:00:00,4951.566,4953.184,4944.67,4946.112
1778940000,2026-05-16 14:00:00,4946.158,4947.398,4940.989,4944.521
1778943600,2026-05-16 15:00:00,4944.372,4945.79,4938.524,4943.821
1778947200,2026-05-16 16:00:00,4943.958,4948.269,4942.406,4943.14
1778950800,2026-05-16 17:00:00,4943.204,4945.428,4938.077,4943.234
1778954400,2026-05-16 18:00:00,4943.115,4943.924,4936.652,4941.712
1778958000,2026-05-16 19:00:00,4941.716,4943.2,4935.447,4939.01
1778961600,2026-05-16 20:00:00,4939.052,4940.898,4932.73,4940.49
1778965200,2026-05-16 21:00:00,4940.63,4941.808,4932.762,4935.32
1778968800,2026-05-16 22:00:00,4935.285,4946.126,4935.257,4945.023
1778972400,2026-05-16 23:00:00,4944.819,4948.698,4942.536,4945.661
1778976000,2026-05-17 00:00:00,4945.343,4950.807,4944.998,4947.78
1778979600,2026-05-17 01:00:00,4947.834,4951.156,4938.244,4940.492
1778983200,2026-05-17 02:00:00,4940.448,4943.824,4933.344,4936.195
1778986800,2026-05-17 03:00:00,4936.247,4939.985,4929.147,4929.48
1778990400,2026-05-17 04:00:00,4929.635,4936.964,4929.219,4936.184
1778994000,2026-05-17 05:00:00,4936.164,4937.047,4929.528,4930.905
1778997600,2026-05-17 06:00:00,4930.978,4933.682,4926.04,4931.34
1779001200,2026-05-17 07:00:00,4931.386,4937.163,4929.715,4935.268
1779004800,2026-05-17 08:00:00,4935.306,4938.574,4932.841,4933.983
1779008400,2026-05-17 09:00:00,4934.014,4940.867,4931.825,4939.547
1779012000,2026-05-17 10:00:00,4939.685,4944.177,4938.471,4940.895
1779015600,2026-05-17 11:00:00,4940.844,4949.185,4937.704,4948.774
1779019200,2026-05-17 12:00:00,4948.812,4956.218,4947.601,4950.976
1779022800,2026-05-17 13:00:00,4950.895,4958.903,4949.751,4955.367
1779026400,2026-05-17 14:00:00,4955.372,4963.895,4955.319,4962.698
1779030000,2026-05-17 15:00:00,4962.636,4967.3,4961.551,4961.551
1779033600,2026-05-17 16:00:00,4961.434,4961.434,4954.767,4954.97
1779037200,2026-05-17 17:00:00,4954.977,4965.469,4953.755,4964.637
1779040800,2026-05-17 18:00:00,4964.741,4971.072,4964.435,4966.707
1779044400,2026-05-17 19:00:00,4966.668,4977.971,4966.58,4973.138
1779048000,2026-05-17 20:00:00,4973.159,4977.756,4961.586,4963.447
1779051600,2026-05-17 21:00:00,4963.357,4971.278,4963.18,4968.23
1779055200,2026-05-17 22:00:00,4968.214,4974.446,4965.938,4974.357
1779058800,2026-05-17 23:00:00,4974.339,4982.725,4974.339,4980.915
1779062400,2026-05-18 00:00:00,4980.683,4981.778,4970.849,4974.94
1779066000,2026-05-18 01:00:00,4974.868,4979.168,4969.357,4969.601
1779069600,2026-05-18 02:00:00,4969.632,4969.632,4960.751,4961.985
1779073200,2026-05-18 03:00:00,4961.997,4963.718,4955.008,4960.148
1779076800,2026-05-18 04:00:00,4960.094,4966.383,4956.329,4958.06
1779080400,2026-05-18 05:00:00,4958.247,4958.247,4952.053,4953.124
1779084000,2026-05-18 06:00:00,4953.007,4959.7,4950.344,4958.927
1779087600,2026-05-18 07:00:00,4958.89,4961.146,4955.594,4958.129
1779091200,2026-05-18 08:00:00,4958.353,4958.897,4951.587,4956.368
1779094800,2026-05-18 09:00:00,4956.327,4966.268,4955.965,4963.525
1779098400,2026-05-18 10:00:00,4963.675,4972.906,4961.706,4971.843
1779102000,2026-05-18 11:00:00,4971.734,4973.426,4964.752,4965.049
1779105600,2026-05-18 12:00:00,4964.951,4966.738,4962.939,4965.67
1779109200,2026-05-18 13:00:00,4965.681,4966.182,4954.727,4954.918
1779112800,2026-05-18 14:00:00,4954.85,4970.168,4954.182,4969.689
1779116400,2026-05-18 15:00:00,4969.522,4973.385,4967.017,4971.155
1779120000,2026-05-18 16:00:00,4971.293,4977.067,4970.38,4971.652
1779123600,2026-05-18 17:00:00,4971.782,4973.074,4965.351,4970.471
1779127200,2026-05-18 18:00:00,4970.267,4973.093,4963.542,4968.248
1779130800,2026-05-18 19:00:00,4968.002,4972.562,4962.334,4972.104
1779134400,2026-05-18 20:00:00,4972.084,4973.761,4966.509,4970.041
1779138000,2026-05-18 21:00:00,4970.076,4978.97,4967.262,4977.633
1779141600,2026-05-18 22:00:00,4977.675,4984.223,4974.513,4980.18
1779145200,2026-05-18 23:00:00,4980.206,4981.726,4974.799,4975.822
1779148800,2026-05-19 00:00:00,4975.617,4983.791,4971.057,4971.2
1779152400,2026-05-19 01:00:00,4971.253,4978.651,4967.871,4977.532
1779156000,2026-05-19 02:00:00,4977.346,4991.567,4976.901,4990.163
1779159600,2026-05-19 03:00:00,4990.152,4991.562,4985.097,4990.611
1779163200,2026-05-19 04:00:00,4990.715,4993.799,4987.99,4992.76
1779166800,2026-05-19 05:00:00,4992.751,5000.302,4991.746,4992.099
1779170400,2026-05-19 06:00:00,4992.143,4999.073,4991.317,4991.829
1779174000,2026-05-19 07:00:00,4991.928,4992.671,4984.764,4984.764
1779177600,2026-05-19 08:00:00,4984.693,4986.854,4978.781,4985.267
1779181200,2026-05-19 09:00:00,4985.259,4988.18,4981.483,4982.844
1779184800,2026-05-19 10:00:00,4982.851,4986.773,4981.548,4982.494
1779188400,2026-05-19 11:00:00,4982.586,4983.442,4977.665,4978.924
1779192000,2026-05-19 12:00:00,4978.792,4981.957,4974.771,4976.357
1779195600,2026-05-19 13:00:00,4976.348,4977.663,4972.523,4972.695
1779199200,2026-05-19 14:00:00,4972.695,4979.113,4968.981,4975.027
1779202800,2026-05-19 15:00:00,4975.053,4977.47,4968.368,4971.24
1779206400,2026-05-19 16:00:00,4971.285,4973.497,4965.723,4966.562
1779210000,2026-05-19 17:00:00,4966.411,4969.673,4964.351,4965.837
1779213600,2026-05-19 18:00:00,4965.647,4965.755,4957.744,4961.829
1779217200,2026-05-19 19:00:00,4961.758,4966.636,4960.511,4963.364
1779220800,2026-05-19 20:00:00,4963.515,4964.34,4955.747,4957.233
1779224400,2026-05-19 21:00:00,4957.338,4957.498,4942.706,4943.288
1779228000,2026-05-19 22:00:00,4943.297,4945.82,4938.089,4938.089
1779231600,2026-05-19 23:00:00,4938.08,4940.756,4934.511,4938.948
1779235200,2026-05-20 00:00:00,4939.005,4940.056,4934.739,4935.454
1779238800,2026-05-20 01:00:00,4935.509,4938.012,4927.322,4928.526
1779242400,2026-05-20 02:00:00,4928.462,4932.608,4923.245,4932.47
1779246000,2026-05-20 03:00:00,4932.398,4934.296,4927.503,4928.315
1779249600,2026-05-20 04:00:00,4928.148,4931.899,4922.323,4927.254
1779253200,2026-05-20 05:00:00,4927.366,4934.278,4926.216,4933.648
1779256800,2026-05-20 06:00:00,4933.523,4938.816,4931.804,4935.511
1779260400,2026-05-20 07:00:00,4935.42,4938.606,4932.571,4936.832
1779264000,2026-05-20 08:00:00,4936.836,4942.982,4935.246,4942.36
1779267600,2026-05-20 09:00:00,4942.211,4943.726,4937.446,4938.735
1779271200,2026-05-20 10:00:00,4938.696,4938.696,4931.704,4933.35
1779274800,2026-05-20 11:00:00,4933.276,4935.26,4930.997,4931.162
1779278400,2026-05-20 12:00:00,4931.064,4936.656,4928.222,4932.991
1779282000,2026-05-20 13:00:00,4933.271,4935.913,4930.055,4934.582
1779285600,2026-05-20 14:00:00,4934.598,4935.2,4928.11,4928.11
1779289200,2026-05-20 15:00:00,4928.243,4942.782,4927.007,4941.902
1779292800,2026-05-20 16:00:00,4941.884,4947.59,4940.151,4940.321
1779296400,2026-05-20 17:00:00,4940.404,4944.419,4938.253,4941.108
1779300000,2026-05-20 18:00:00,4941.126,4943.053,4936.377,4940.464
1779303600,2026-05-20 19:00:00,4940.46,4941.741,4936.825,4941.304
1779307200,2026-05-20 20:00:00,4941.303,4944.106,4939.237,4941.356
1779310800,2026-05-20 21:00:00,4941.076,4944.037,4937.32,4939.652
1779314400,2026-05-20 22:00:00,4939.46,4944.516,4938.13,4943.02
1779318000,2026-05-20 23:00:00,4942.808,4943.352,4935.838,4940.7
1779321600,2026-05-21 00:00:00,4940.83,4944.411,4938.752,4943.444
1779325200,2026-05-21 01:00:00,4943.494,4944.506,4936.932,4939.708
1779328800,2026-05-21 02:00:00,4939.612,4946.758,4935.824,4944.039
1779332400,2026-05-21 03:00:00,4943.873,4955.592,4941.116,4953.199
1779336000,2026-05-21 04:00:00,4953.371,4956.697,4947.766,4954.067
1779339600,2026-05-21 05:00:00,4954.215,4955.703,4946.579,4951.413
1779343200,2026-05-21 06:00:00,4951.338,4954.723,4942.83,4945.249
1779346800,2026-05-21 07:00:00,4945.097,4957.838,4945.097,4955.711
1779350400,2026-05-21 08:00:00,4955.706,4961.507,4953.177,4959.197
1779354000,2026-05-21 09:00:00,4959.187,4960.683,4953.296,4955.645
1779357600,2026-05-21 10:00:00,4955.608,4956.216,4947.763,4948.901
1779361200,2026-05-21 11:00:00,4948.696,4949.392,4943.327,4945.382
1779364800,2026-05-21 12:00:00,4945.373,4947.123,4939.445,4942.18
1779368400,2026-05-21 13:00:00,4942.199,4945.121,4939.448,4940.251
1779372000,2026-05-21 14:00:00,4940.212,4945.648,4938.835,4939.272
1779375600,2026-05-21 15:00:00,4939.463,4941.086,4933.669,4939.91
1779379200,2026-05-21 16:00:00,4939.968,4947.163,4939.968,4946.988
1779382800,2026-05-21 17:00:00,4946.994,4952.909,4946.584,4951.744
1779386400,2026-05-21 18:00:00,4951.588,4951.891,4945.178,4951.007
1779390000,2026-05-21 19:00:00,4951.01,4953.316,4945.17,4953.316
1779393600,2026-05-21 20:00:00,4953.546,4960.017,4949.789,4957.951
1779397200,2026-05-21 21:00:00,4958.161,4962.277,4957.138,4958.18
1779400800,2026-05-21 22:00:00,4957.955,4961.082,4953.789,4959.415
1779404400,2026-05-21 23:00:00,4959.456,4960.092,4951.156,4953.015
1779408000,2026-05-22 00:00:00,4953.014,4956.756,4949.419,4955.92
1779411600,2026-05-22 01:00:00,4956.099,4960.826,4952.608,4960.597
1779415200,2026-05-22 02:00:00,4960.62,4964.313,4955.673,4955.891
1779418800,2026-05-22 03:00:00,4955.922,4966.122,4955.922,4963.762
1779422400,2026-05-22 04:00:00,4963.962,4971.774,4963.68,4965.801
1779426000,2026-05-22 05:00:00,4965.984,4966.6,4958.959,4960.31
1779429600,2026-05-22 06:00:00,4960.236,4965.24,4958.75,4963.046
1779433200,2026-05-22 07:00:00,4962.994,4966.458,4959.402,4963.039
1779436800,2026-05-22 08:00:00,4962.948,4969.043,4956.353,4967.457
1779440400,2026-05-22 09:00:00,4967.365,4973.68,4966.883,4969.592
1779444000,2026-05-22 10:00:00,4969.644,4970.649,4965.042,4967.726
1779447600,2026-05-22 11:00:00,4967.821,4974.966,4966.36,4972.025
1779451200,2026-05-22 12:00:00,4972.185,4975.112,4968.552,4972.555
1779454800,2026-05-22 13:00:00,4972.687,4973.909,4966.829,4970.625
1779458400,2026-05-22 14:00:00,4970.708,4978.77,4968.877,4973.526
1779462000,2026-05-22 15:00:00,4973.463,4978.264,4972.774,4974.707
1779465600,2026-05-22 16:00:00,4974.521,4978.541,4962.056,4962.12
1779469200,2026-05-22 17:00:00,4962.074,4963.694,4957.512,4960.188
1779472800,2026-05-22 18:00:00,4960.479,4968.396,4959.476,4966.404
1779476400,2026-05-22 19:00:00,4966.298,4971.426,4965.785,4967.8
1779480000,2026-05-22 20:00:00,4968.064,4972.859,4964.333,4968.945
1779483600,2026-05-22 21:00:00,4969.105,4971.924,4963.599,4963.763
1779487200,2026-05-22 22:00:00,4963.559,4968.702,4961.279,4965.004
1779490800,2026-05-22 23:00:00,4965.028,4966.941,4959.51,4966.041
1779494400,2026-05-23 00:00:00,4966.072,4972.896,4963.435,4969.937
1779498000,2026-05-23 01:00:00,4969.688,4972.988,4967.268,4968.28
1779501600,2026-05-23 02:00:00,4968.202,4974.175,4967.096,4972.882
1779505200,2026-05-23 03:00:00,4972.707,4973.348,4965.113,4966.123
1779508800,2026-05-23 04:00:00,4966.098,4976.803,4965.033,4976.216
1779512400,2026-05-23 05:00:00,4976.137,4982.421,4975.488,4977.988
1779516000,2026-05-23 06:00:00,4977.875,4984.482,4976.215,4983.141
1779519600,2026-05-23 07:00:00,4983.218,4983.912,4975.969,4982.406
1779523200,2026-05-23 08:00:00,4982.359,4988.647,4981.891,4983.104
1779526800,2026-05-23 09:00:00,4983.096,4989.524,4980.67,4987.976
1779530400,2026-05-23 10:00:00,4988.132,4992.527,4984.276,4988.056
1779534000,2026-05-23 11:00:00,4987.999,4992.601,4981.412,4992.047
1779537600,2026-05-23 12:00:00,4992.297,4996.289,4988.808,4991.218
1779541200,2026-05-23 13:00:00,4991.235,4997.876,4986.942,4992.892
1779544800,2026-05-23 14:00:00,4992.772,4997.463,4990.215,4990.824
1779548400,2026-05-23 15:00:00,4990.955,5000.249,4988.813,4995.843
1779552000,2026-05-23 16:00:00,4995.849,5004.228,4995.849,4999.325
1779555600,2026-05-23 17:00:00,4999.495,4999.873,4994.028,4998.356
1779559200,2026-05-23 18:00:00,4998.273,5000.619,4992.034,4992.646
1779562800,2026-05-23 19:00:00,4992.762,4996.354,4989.174,4990.208
1779566400,2026-05-23 20:00:00,4990.053,4995.785,4985.664,4992.905
1779570000,2026-05-23 21:00:00,4993.004,4994.25,4985.46,4987.853
1779573600,2026-05-23 22:00:00,4987.748,4997.935,4987.484,4997.089
1779577200,2026-05-23 23:00:00,4996.966,4998.761,4992.728,4998.034
1779580800,2026-05-24 00:00:00,4998.234,4998.832,4993.714,4997.147
1779584400,2026-05-24 01:00:00,4997.111,4998.353,4993.512,4996.346
1779588000,2026-05-24 02:00:00,4996.338,5004.384,4994.325,5002.453
1779591600,2026-05-24 03:00:00,5002.635,5007.239,5000.313,5003.927
1779595200,2026-05-24 04:00:00,5004.01,5013.001,5003.919,5010.324
1779598800,2026-05-24 05:00:00,5010.388,5013.48,5007.282,5010.54
1779602400,2026-05-24 06:00:00,5010.571,5011.768,5006.952,5007.265
1779606000,2026-05-24 07:00:00,5007.413,5009.759,5004.094,5007.284
1779609600,2026-05-24 08:00:00,5007.14,5007.242,4999.052,5000.816
1779613200,2026-05-24 09:00:00,5000.72,5002.905,4997.42,5000.579
1779616800,2026-05-24 10:00:00,5000.64,5004.562,4998.358,5000.356
1779620400,2026-05-24 11:00:00,5000.363,5006.609,4998.852,4999.086
1779624000,2026-05-24 12:00:00,4999.107,5007.348,4998.596,5003.551
1779627600,2026-05-24 13:00:00,5003.654,5004.497,4989.664,4989.664
1779631200,2026-05-24 14:00:00,4989.627,4992.333,4984.034,4984.441
1779634800,2026-05-24 15:00:00,4984.467,4986.496,4969.012,4972.144
1779638400,2026-05-24 16:00:00,4972.175,4975.692,4970.159,4972.833
1779642000,2026-05-24 17:00:00,4972.758,4972.786,4964.417,4969.409
1779645600,2026-05-24 18:00:00,4969.263,4972.776,4966.292,4968.245
1779649200,2026-05-24 19:00:00,4968.167,4969.203,4956.593,4958.557
1779652800,2026-05-24 20:00:00,4958.468,4962.982,4956.354,4957.644
1779656400,2026-05-24 21:00:00,4957.497,4958.667,4948.829,4952.2
1779660000,2026-05-24 22:00:00,4952.231,4958.261,4950.263,4955.805
1779663600,2026-05-24 23:00:00,4955.733,4955.733,4940.041,4942.418
1779667200,2026-05-25 00:00:00,4942.313,4947.154,4938.331,4941.995
1779670800,2026-05-25 01:00:00,4941.945,4950.271,4941.892,4947.249
1779674400,2026-05-25 02:00:00,4947.242,4955.777,4946.825,4954.376
1779678000,2026-05-25 03:00:00,4954.167,4955.009,4942.525,4945.443
1779681600,2026-05-25 04:00:00,4945.452,4948.37,4942.434,4946.29
1779685200,2026-05-25 05:00:00,4946.403,4952.259,4945.378,4950.417
1779688800,2026-05-25 06:00:00,4950.235,4954.228,4944.558,4952.999
1779692400,2026-05-25 07:00:00,4952.735,4957.069,4950.257,4954.206
1779696000,2026-05-25 08:00:00,4954.151,4959.259,4950.006,4955.136
1779699600,2026-05-25 09:00:00,4955.212,4955.212,4943.933,4944.99
1779703200,2026-05-25 10:00:00,4945.097,4954.641,4943.39,4954.269
1779706800,2026-05-25 11:00:00,4954.114,4958.348,4950.89,4956.361
1779710400,2026-05-25 12:00:00,4956.362,4967.127,4956.362,4963.789
1779714000,2026-05-25 13:00:00,4963.884,4975.192,4962.548,4974.302
1779717600,2026-05-25 14:00:00,4974.418,4975.459,4967.073,4967.403
1779721200,2026-05-25 15:00:00,4967.509,4971.406,4965.397,4970.123
1779724800,2026-05-25 16:00:00,4970.129,4974.025,4967.712,4970.038
1779728400,2026-05-25 17:00:00,4970.043,4971.819,4963.796,4964.225
1779732000,2026-05-25 18:00:00,4964.022,4965.345,4957.289,4963.348
1779735600,2026-05-25 19:00:00,4963.46,4967.725,4961.245,4967.529
1779739200,2026-05-25 20:00:00,4967.306,4975.705,4967.306,4975.026
1779742800,2026-05-25 21:00:00,4975.129,4979.169,4970.78,4975.202
1779746400,2026-05-25 22:00:00,4975.163,4975.57,4966.112,4969.611
1779750000,2026-05-25 23:00:00,4969.743,4975.804,4968.246,4975.804
1779753600,2026-05-26 00:00:00,4976.08,4981.592,4972.264,4972.867
1779757200,2026-05-26 01:00:00,4973.022,4977.738,4970.686,4976.66
1779760800,2026-05-26 02:00:00,4976.653,4977.452,4969.974,4973.23
1779764400,2026-05-26 03:00:00,4973.404,4974.288,4969.169,4974.159
1779768000,2026-05-26 04:00:00,4973.988,4974.633,4969.901,4971.962
1779771600,2026-05-26 05:00:00,4971.752,4973.647,4967.87,4968.518
1779775200,2026-05-26 06:00:00,4968.377,4969.979,4957.408,4958.328
1779778800,2026-05-26 07:00:00,4958.266,4959.789,4951.482,4956.51
1779782400,2026-05-26 08:00:00,4956.479,4963.544,4955.942,4960.861
1779786000,2026-05-26 09:00:00,4960.643,4961.919,4954.164,4958.867
1779789600,2026-05-26 10:00:00,4958.829,4959.368,4948.072,4951.897
1779793200,2026-05-26 11:00:00,4951.451,4959.594,4951.443,4955.238
1779796800,2026-05-26 12:00:00,4955.179,4957.218,4952.842,4954.067
1779800400,2026-05-26 13:00:00,4953.925,4961.902,4952.289,4961.648
1779804000,2026-05-26 14:00:00,4961.578,4968.659,4960.107,4963.262
1779807600,2026-05-26 15:00:00,4963.307,4967.392,4959.602,4962.795
1779811200,2026-05-26 16:00:00,4962.836,4963.276,4957.715,4960.102
1779814800,2026-05-26 17:00:00,4960.259,4966.908,4958.492,4964.156
1779818400,2026-05-26 18:00:00,4964.156,4966.887,4957.085,4957.488
1779822000,2026-05-26 19:00:00,4957.681,4969.895,4957.264,4968.203
1779825600,2026-05-26 20:00:00,4968.457,4971.734,4965.678,4969.678
1779829200,2026-05-26 21:00:00,4969.758,4970.911,4963.96,4967.268
1779832800,2026-05-26 22:00:00,4967.305,4969.59,4963.037,4966.2
1779836400,2026-05-26 23:00:00,4966.239,4971.965,4965.784,4970.162
1779840000,2026-05-27 00:00:00,4970.077,4974.995,4961.982,4974.719
1779843600,2026-05-27 01:00:00,4974.668,4975.77,4965.985,4967.965
1779847200,2026-05-27 02:00:00,4968.207,4972.595,4966.72,4969.627
1779850800,2026-05-27 03:00:00,4969.447,4972.955,4964.62,4972.921
1779854400,2026-05-27 04:00:00,4972.883,4981.601,4972.283,4980.776
1779858000,2026-05-27 05:00:00,4980.845,4989.702,4979.105,4988.4
1779861600,2026-05-27 06:00:00,4988.498,5003.299,4988.119,5002.819
1779865200,2026-05-27 07:00:00,5002.814,5004.624,4995.554,4997.666
1779868800,2026-05-27 08:00:00,4997.743,5010.169,4997.081,5008.279
1779872400,2026-05-27 09:00:00,5008.327,5008.438,4998.272,4998.771
1779876000,2026-05-27 10:00:00,4998.861,5002.043,4997.731,5000.117
1779879600,2026-05-27 11:00:00,5000.342,5005.445,4997.107,4998.636
1779883200,2026-05-27 12:00:00,4998.516,4999.908,4994.252,4996.442
1779886800,2026-05-27 13:00:00,4996.456,5003.577,4994.876,4996.997
1779890400,2026-05-27 14:00:00,4996.996,4999.96,4994.251,4998.828
1779894000,2026-05-27 15:00:00,4998.796,5009.472,4998.195,5008.105
1779897600,2026-05-27 16:00:00,5008.293,5011.396,5004.484,5006.471
1779901200,2026-05-27 17:00:00,5006.471,5014.564,5005.555,5011.998
1779904800,2026-05-27 18:00:00,5012.008,5018.224,5009.645,5016.855
1779908400,2026-05-27 19:00:00,5016.841,5017.57,5010.212,5013.356
1779912000,2026-05-27 20:00:00,5013.414,5028.049,5013.189,5026.54
1779915600,2026-05-27 21:00:00,5026.472,5026.632,5017.493,5021.554
1779919200,2026-05-27 22:00:00,5021.546,5022.783,5014.466,5018.119
1779922800,2026-05-27 23:00:00,5018.357,5022.552,5015.592,5016.855
1779926400,2026-05-28 00:00:00,5016.917,5022.95,5015.562,5019.225
1779930000,2026-05-28 01:00:00,5019.061,5019.671,5005.876,5009.048
1779933600,2026-05-28 02:00:00,5009.02,5012.253,5006.719,5010.863
1779937200,2026-05-28 03:00:00,5010.976,5018.016,5010.798,5013.049
1779940800,2026-05-28 04:00:00,5012.963,5021.146,5012.589,5019.651
1779944400,2026-05-28 05:00:00,5019.514,5021.896,5013.498,5013.498
1779948000,2026-05-28 06:00:00,5013.276,5022.319,5009.395,5021.264
1779951600,2026-05-28 07:00:00,5021.407,5026.93,5017.916,5026.07
1779955200,2026-05-28 08:00:00,5026.116,5027.501,5021.534,5023.042
1779958800,2026-05-28 09:00:00,5023.043,5023.79,5018.128,5020.732
1779962400,2026-05-28 10:00:00,5020.58,5023.392,5014.005,5020.044
1779966000,2026-05-28 11:00:00,5020.13,5022.927,5014.426,5014.426
1779969600,2026-05-28 12:00:00,5014.629,5016.409,5008.669,5009.675
1779973200,2026-05-28 13:00:00,5009.627,5011.228,4997.501,4998.407
1779976800,2026-05-28 14:00:00,4998.446,5003.617,4997.194,5000.768
1779980400,2026-05-28 15:00:00,5000.693,5008.654,5000.183,5005.562
1779984000,2026-05-28 16:00:00,5005.751,5005.868,4997.142,4998.856
1779987600,2026-05-28 17:00:00,4998.698,5000.389,4996.095,4997.457
1779991200,2026-05-28 18:00:00,4997.81,5000.556,4994.23,4996.201
1779994800,2026-05-28 19:00:00,4996.154,4997.316,4991.898,4994.662
1779998400,2026-05-28 20:00:00,4994.572,4997.025,4992.389,4993.387
1780002000,2026-05-28 21:00:00,4993.271,4995.924,4983.643,4985.078
1780005600,2026-05-28 22:00:00,4984.956,4985.061,4977.17,4977.333
1780009200,2026-05-28 23:00:00,4977.35,4983.126,4974.73,4978.298
1780012800,2026-05-29 00:00:00,4978.354,4979.694,4975.886,4978.806
1780016400,2026-05-29 01:00:00,4978.783,4981.639,4975.247,4977.55
1780020000,2026-05-29 02:00:00,4977.637,4979.917,4972.942,4975.943
1780023600,2026-05-29 03:00:00,4975.85,4978.271,4970.63,4971.902
1780027200,2026-05-29 04:00:00,4971.894,4974.693,4968.44,4972.11
1780030800,2026-05-29 05:00:00,4972.048,4975.829,4968.004,4975.829
1780034400,2026-05-29 06:00:00,4975.996,4976.874,4972.27,4973.654
1780038000,2026-05-29 07:00:00,4973.822,4979.36,4972.608,4978.034
1780041600,2026-05-29 08:00:00,4977.831,4979.693,4968.24,4969.834
1780045200,2026-05-29 09:00:00,4969.97,4973.381,4958.971,4959.68
1780048800,2026-05-29 10:00:00,4959.838,4971.167,4959.449,4970.708
1780052400,2026-05-29 11:00:00,4970.659,4973.655,4966.738,4967.058
1780056000,2026-05-29 12:00:00,4966.823,4970.097,4965.063,4967.231
1780059600,2026-05-29 13:00:00,4967.301,4970.316,4960.543,4964.406
1780063200,2026-05-29 14:00:00,4964.451,4967.334,4958.248,4965.319
1780066800,2026-05-29 15:00:00,4965.15,4967.028,4961.498,4961.645
1780070400,2026-05-29 16:00:00,4961.774,4964.325,4956.172,4956.927
1780074000,2026-05-29 17:00:00,4956.698,4963.981,4956.415,4963.068
1780077600,2026-05-29 18:00:00,4963.142,4967.542,4962.117,4965.424
1780081200,2026-05-29 19:00:00,4965.383,4969.855,4961.723,4967.303
1780084800,2026-05-29 20:00:00,4967.035,4968.753,4961.537,4964.966
1780088400,2026-05-29 21:00:00,4964.894,4965.546,4957.146,4964.269
1780092000,2026-05-29 22:00:00,4964.283,4964.859,4958.986,4961.027
1780095600,2026-05-29 23:00:00,4960.967,4961.845,4954.858,4956.746
1780099200,2026-05-30 00:00:00,4956.913,4957.784,4951.204,4951.77
1780102800,2026-05-30 01:00:00,4951.761,4956.747,4948.743,4953.741
1780106400,2026-05-30 02:00:00,4953.787,4960.463,4953.648,4959.972
1780110000,2026-05-30 03:00:00,4960.121,4964.98,4956.836,4963.779
1780113600,2026-05-30 04:00:00,4963.871,4964.94,4958.344,4959.805
1780117200,2026-05-30 05:00:00,4959.771,4960.565,4951.937,4956.42
1780120800,2026-05-30 06:00:00,4956.72,4961.93,4954.49,4957.731
1780124400,2026-05-30 07:00:00,4957.673,4958.825,4945.473,4946.277
1780128000,2026-05-30 08:00:00,4946.11,4949.029,4941.945,4948.907
1780131600,2026-05-30 09:00:00,4948.866,4950.508,4941.492,4942.422
1780135200,2026-05-30 10:00:00,4942.288,4943.17,4937.511,4937.632
1780138800,2026-05-30 11:00:00,4937.658,4945.844,4937.432,4941.499
1780142400,2026-05-30 12:00:00,4941.61,4947.879,4939.156,4945.151
1780146000,2026-05-30 13:00:00,4945.085,4946.612,4940.053,4945.484
1780149600,2026-05-30 14:00:00,4945.715,4956.14,4945.457,4954.289
1780153200,2026-05-30 15:00:00,4954.185,4955.333,4947.758,4949.818
1780156800,2026-05-30 16:00:00,4949.873,4950.532,4946.086,4946.639
1780160400,2026-05-30 17:00:00,4946.709,4959.218,4946.492,4956.563
1780164000,2026-05-30 18:00:00,4956.551,4967.658,4955.624,4967.251
1780167600,2026-05-30 19:00:00,4967.506,4974.206,4967.335,4970.77
1780171200,2026-05-30 20:00:00,4970.839,4971.826,4965.247,4968.821
1780174800,2026-05-30 21:00:00,4968.805,4978.122,4968.13,4970.243
1780178400,2026-05-30 22:00:00,4969.98,4978.303,4968.036,4977.695
1780182000,2026-05-30 23:00:00,4977.735,4986.935,4976.076,4986.713
1780185600,2026-05-31 00:00:00,4986.671,4987.49,4976.491,4977.436
1780189200,2026-05-31 01:00:00,4977.337,4980.321,4973.715,4977.789
1780192800,2026-05-31 02:00:00,4977.762,4984.532,4975.771,4982.98
1780196400,2026-05-31 03:00:00,4982.791,4994.795,4982.304,4993.349
1780200000,2026-05-31 04:00:00,4993.484,4997.183,4992.763,4995.75
1780203600,2026-05-31 05:00:00,4995.885,5000.146,4992.922,4999.283
1780207200,2026-05-31 06:00:00,4999.393,4999.595,4993.799,4996.321
1780210800,2026-05-31 07:00:00,4996.309,4998.541,4991.191,4994.751
1780214400,2026-05-31 08:00:00,4994.673,4999.107,4989.341,4998.49
1780218000,2026-05-31 09:00:00,4998.424,5002.645,4994.336,5002.449
1780221600,2026-05-31 10:00:00,5002.463,5005.96,4998.855,5000.026
1780225200,2026-05-31 11:00:00,4999.842,5004.797,4998.116,5000.621
1780228800,2026-05-31 12:00:00,5000.533,5001.405,4993.873,4996.784
1780232400,2026-05-31 13:00:00,4996.855,4997.515,4985.229,4986.907
1780236000,2026-05-31 14:00:00,4986.754,4989.904,4983.137,4987.575
1780239600,2026-05-31 15:00:00,4987.645,4993.032,4985.16,4990.148
1780243200,2026-05-31 16:00:00,4990.245,4990.708,4983.022,4988.146
1780246800,2026-05-31 17:00:00,4988.196,4990.064,4982.634,4986.414
1780250400,2026-05-31 18:00:00,4986.644,4991.162,4985.6,4987.135
1780254000,2026-05-31 19:00:00,4986.953,4988.691,4979.29,4979.973
1780257600,2026-05-31 20:00:00,4979.963,4982.022,4977.774,4980.859
1780261200,2026-05-31 21:00:00,4980.844,4981.482,4971.479,4978.658
1780264800,2026-05-31 22:00:00,4978.88,4987.196,4977.037,4983.435
1780268400,2026-05-31 23:00:00,4983.532,4987.032,4978.565,4985.544
1780272000,2026-06-01 00:00:00,4985.407,4994.97,4984.602,4993.71
1780275600,2026-06-01 01:00:00,4993.402,4994.563,4989.029,4994.563
1780279200,2026-06-01 02:00:00,4994.424,4995.04,4987.602,4992.95
1780282800,2026-06-01 03:00:00,4993.085,4994.224,4986.226,4987.894
1780286400,2026-06-01 04:00:00,4987.82,4988.716,4982.376,4983.26
1780290000,2026-06-01 05:00:00,4983.31,4985.613,4979.939,4981.766
1780293600,2026-06-01 06:00:00,4981.726,4982.982,4974.359,4977.042
1780297200,2026-06-01 07:00:00,4977.067,4986.133,4975.136,4981.176
1780300800,2026-06-01 08:00:00,4981.309,4983.746,4975.86,4981.98
1780304400,2026-06-01 09:00:00,4982.034,4982.643,4975.889,4976.122
1780308000,2026-06-01 10:00:00,4976.162,4976.942,4970.518,4971.036
1780311600,2026-06-01 11:00:00,4970.805,4971.608,4965.579,4968.572
1780315200,2026-06-01 12:00:00,4968.637,4971.813,4959.782,4962.711
1780318800,2026-06-01 13:00:00,4962.813,4972.269,4962.061,4969.784
1780322400,2026-06-01 14:00:00,4969.717,4972.378,4965.427,4965.812
1780326000,2026-06-01 15:00:00,4965.817,4976.99,4965.63,4976.945
1780329600,2026-06-01 16:00:00,4977.076,4980.754,4974.714,4978.573
1780333200,2026-06-01 17:00:00,4978.732,4989.931,4978.453,4988.216
1780336800,2026-06-01 18:00:00,4988.235,4993.722,4985.839,4989.065
1780340400,2026-06-01 19:00:00,4989.164,4989.843,4978.277,4981.467
1780344000,2026-06-01 20:00:00,4981.324,4981.865,4974.638,4979.666
1780347600,2026-06-01 21:00:00,4979.542,4981.783,4976.196,4980.539
1780351200,2026-06-01 22:00:00,4980.459,4983.249,4975.625,4975.625
1780354800,2026-06-01 23:00:00,4975.633,4983.218,4973.42,4974.578
1780358400,2026-06-02 00:00:00,4974.656,4975.921,4963.977,4965.364
1780362000,2026-06-02 01:00:00,4965.351,4969.635,4962.565,4965.069
1780365600,2026-06-02 02:00:00,4965.157,4969.379,4959.314,4965.487
1780369200,2026-06-02 03:00:00,4965.571,4967.231,4961.579,4961.579
1780372800,2026-06-02 04:00:00,4961.592,4964.618,4957.103,4957.604
1780376400,2026-06-02 05:00:00,4957.71,4961.41,4952.949,4959.875
1780380000,2026-06-02 06:00:00,4959.958,4971.606,4956.203,4971.484
1780383600,2026-06-02 07:00:00,4971.433,4972.564,4958.725,4960.926
1780387200,2026-06-02 08:00:00,4960.905,4965.095,4952.462,4954.879
1780390800,2026-06-02 09:00:00,4954.83,4958.886,4951.894,4952.689
1780394400,2026-06-02 10:00:00,4952.716,4956.457,4949.509,4950.233
1780398000,2026-06-02 11:00:00,4950.284,4957.127,4949.193,4950.651
1780401600,2026-06-02 12:00:00,4950.72,4951.117,4939.885,4942.532
1780405200,2026-06-02 13:00:00,4942.618,4943.862,4936.025,4937.234
1780408800,2026-06-02 14:00:00,4937.341,4937.974,4930.273,4934.482
1780412400,2026-06-02 15:00:00,4934.54,4940.613,4930.28,4930.519
1780416000,2026-06-02 16:00:00,4930.556,4932.189,4922.461,4926.132
1780419600,2026-06-02 17:00:00,4926.022,4932.555,4920.852,4928.542
1780423200,2026-06-02 18:00:00,4928.616,4930.504,4921.903,4923.299
1780426800,2026-06-02 19:00:00,4923.251,4925.181,4912.825,4913.436
1780430400,2026-06-02 20:00:00,4913.421,4913.951,4905.075,4908.309
1780434000,2026-06-02 21:00:00,4908.192,4910.887,4904.323,4909.051
1780437600,2026-06-02 22:00:00,4909.144,4910.982,4902.778,4909.71
1780441200,2026-06-02 23:00:00,4909.874,4911.645,4902.61,4903.602
1780444800,2026-06-03 00:00:00,4903.651,4905.603,4897.033,4899.074
1780448400,2026-06-03 01:00:00,4899.002,4910.597,4898.381,4909.588
1780452000,2026-06-03 02:00:00,4909.407,4912.763,4906.024,4912.701
1780455600,2026-06-03 03:00:00,4912.79,4916.248,4909.446,4915.47
1780459200,2026-06-03 04:00:00,4915.756,4921.467,4915.417,4916.607
1780462800,2026-06-03 05:00:00,4916.693,4917.207,4909.557,4911.576
1780466400,2026-06-03 06:00:00,4911.622,4914.461,4904.481,4910.011
1780470000,2026-06-03 07:00:00,4910.185,4912.138,4903.495,4907.178
1780473600,2026-06-03 08:00:00,4907.379,4912.796,4905.051,4908.438
1780477200,2026-06-03 09:00:00,4908.268,4911.941,4905.924,4910.233
1780480800,2026-06-03 10:00:00,4910.386,4911.914,4906.8,4907.999
1780484400,2026-06-03 11:00:00,4908.179,4911.504,4902.876,4904.234
1780488000,2026-06-03 12:00:00,4904.306,4905.982,4901.411,4904.293
1780491600,2026-06-03 13:00:00,4904.372,4906.828,4900.815,4901.472
1780495200,2026-06-03 14:00:00,4901.68,4908.064,4900.934,4905.891
1780498800,2026-06-03 15:00:00,4905.929,4908.441,4898.964,4899.728
1780502400,2026-06-03 16:00:00,4899.669,4899.833,4887.583,4888.377
1780506000,2026-06-03 17:00:00,4888.434,4893.589,4884.243,4889.59
1780509600,2026-06-03 18:00:00,4889.601,4893.035,4885.173,4886.774
1780513200,2026-06-03 19:00:00,4886.689,4887.618,4880.314,4881.332
1780516800,2026-06-03 20:00:00,4881.35,4884.887,4879.243,4884.688
1780520400,2026-06-03 21:00:00,4884.414,4885.569,4877.881,4879.12
1780524000,2026-06-03 22:00:00,4878.89,4885.737,4876.611,4885.168
1780527600,2026-06-03 23:00:00,4884.964,4890.239,4884.08,4889.371
1780531200,2026-06-04 00:00:00,4889.05,4895.067,4884.672,4894.711
1780534800,2026-06-04 01:00:00,4894.631,4902.385,4894.269,4902.004
1780538400,2026-06-04 02:00:00,4902.334,4902.691,4895.113,4895.511
1780542000,2026-06-04 03:00:00,4895.549,4901.349,4893.479,4897.233
1780545600,2026-06-04 04:00:00,4897.105,4910.456,4897.105,4909.849
1780549200,2026-06-04 05:00:00,4910.036,4912.604,4905.531,4910.38
1780552800,2026-06-04 06:00:00,4910.584,4914.393,4909.116,4910.517
1780556400,2026-06-04 07:00:00,4910.423,4917.253,4907.493,4917.05
1780560000,2026-06-04 08:00:00,4916.824,4920.827,4912.114,4920.338
1780563600,2026-06-04 09:00:00,4920.434,4928.497,4918.33,4923.524
1780567200,2026-06-04 10:00:00,4923.453,4923.787,4918.849,4919.095
1780570800,2026-06-04 11:00:00,4919.002,4924.805,4916.575,4924.308
1780574400,2026-06-04 12:00:00,4924.526,4932.945,4924.291,4925.406
1780578000,2026-06-04 13:00:00,4925.35,4926.675,4915.172,4915.241
1780581600,2026-06-04 14:00:00,4915.333,4919.982,4910.969,4917.026
1780585200,2026-06-04 15:00:00,4917.127,4922.221,4916.06,4919.165
1780588800,2026-06-04 16:00:00,4919.133,4922.458,4915.49,4915.522
1780592400,2026-06-04 17:00:00,4915.564,4921.545,4912.783,4918.874
1780596000,2026-06-04 18:00:00,4918.922,4920.45,4915.333,4916.172
1780599600,2026-06-04 19:00:00,4916.004,4918.551,4912.132,4918.291
1780603200,2026-06-04 20:00:00,4918.379,4921.366,4915.702,4917.229
1780606800,2026-06-04 21:00:00,4917.197,4919.558,4910.174,4910.91
1780610400,2026-06-04 22:00:00,4910.748,4912.483,4907.404,4909.697
1780614000,2026-06-04 23:00:00,4909.798,4912.078,4906.974,4907.849
1780617600,2026-06-05 00:00:00,4907.808,4909.094,4901.971,4902.873
1780621200,2026-06-05 01:00:00,4902.755,4908.114,4901.44,4906.955
1780624800,2026-06-05 02:00:00,4906.916,4908.457,4899.674,4902.006
1780628400,2026-06-05 03:00:00,4901.937,4908.149,4901.267,4908.034
1780632000,2026-06-05 04:00:00,4907.812,4915.862,4907.345,4910.372
1780635600,2026-06-05 05:00:00,4910.374,4910.781,4902.66,4906.786
1780639200,2026-06-05 06:00:00,4906.72,4906.825,4894.153,4894.68
1780642800,2026-06-05 07:00:00,4894.762,4897.126,4890.003,4893.749
1780646400,2026-06-05 08:00:00,4893.639,4894.574,4887.628,4888.331
1780650000,2026-06-05 09:00:00,4888.228,4893.859,4886.585,4886.645
1780653600,2026-06-05 10:00:00,4886.557,4888.315,4880.495,4881.764
1780657200,2026-06-05 11:00:00,4881.65,4881.65,4873.493,4874.376
1780660800,2026-06-05 12:00:00,4874.207,4875.949,4870.15,4872.987
1780664400,2026-06-05 13:00:00,4872.909,4875.092,4867.534,4873.467
1780668000,2026-06-05 14:00:00,4873.691,4875.149,4868.764,4869.254
1780671600,2026-06-05 15:00:00,4869.113,4877.15,4867.888,4876.08
1780675200,2026-06-05 16:00:00,4876.196,4880.692,4873.886,4879.447
1780678800,2026-06-05 17:00:00,4879.471,4882.525,4876.461,4881.394
1780682400,2026-06-05 18:00:00,4881.575,4889.553,4881.575,4887.847
1780686000,2026-06-05 19:00:00,4887.633,4894.076,4887.245,4893.183
1780689600,2026-06-05 20:00:00,4892.951,4895.73,4886.408,4887.363
1780693200,2026-06-05 21:00:00,4887.352,4887.939,4880.309,4883.911
1780696800,2026-06-05 22:00:00,4883.79,4898.228,4883.604,4895.864
1780700400,2026-06-05 23:00:00,4895.781,4897.604,4891.608,4897.338
1780704000,2026-06-06 00:00:00,4897.319,4899.881,4895.202,4897.843
1780707600,2026-06-06 01:00:00,4897.578,4899.663,4892.361,4896.13
1780711200,2026-06-06 02:00:00,4896.054,4897.973,4891.525,4897.907
1780714800,2026-06-06 03:00:00,4897.767,4900.791,4894.919,4897.628
1780718400,2026-06-06 04:00:00,4897.819,4898.427,4888.079,4888.775
1780722000,2026-06-06 05:00:00,4888.621,4889.9,4883.182,4884.105
1780725600,2026-06-06 06:00:00,4884.091,4886.018,4880.397,4882.06
1780729200,2026-06-06 07:00:00,4881.896,4882.296,4870.191,4870.691
1780732800,2026-06-06 08:00:00,4870.582,4872.786,4864.677,4866.167
1780736400,2026-06-06 09:00:00,4866.302,4866.685,4857.996,4860.682
1780740000,2026-06-06 10:00:00,4860.671,4863.243,4857.608,4859.043
1780743600,2026-06-06 11:00:00,4859.014,4859.319,4851.837,4857.753
1780747200,2026-06-06 12:00:00,4857.784,4859.798,4855.426,4858.023
1780750800,2026-06-06 13:00:00,4858.032,4860.075,4851.114,4853.059
1780754400,2026-06-06 14:00:00,4853.197,4857.344,4852.002,4854.121
1780758000,2026-06-06 15:00:00,4854.385,4857.639,4851.515,4853.287
1780761600,2026-06-06 16:00:00,4853.315,4860.987,4853.315,4855.39
1780765200,2026-06-06 17:00:00,4855.425,4858.855,4854.174,4856.16
1780768800,2026-06-06 18:00:00,4856.202,4864.664,4856.202,4864.043
1780772400,2026-06-06 19:00:00,4864.234,4865.028,4855.904,4857.585
1780776000,2026-06-06 20:00:00,4857.415,4865.121,4857.415,4860.92
1780779600,2026-06-06 21:00:00,4860.914,4861.142,4856.9,4858.869
1780783200,2026-06-06 22:00:00,4858.902,4863.331,4856.918,4861.271
1780786800,2026-06-06 23:00:00,4861.287,4867.037,4860.566,4864.765
1780790400,2026-06-07 00:00:00,4864.987,4865.155,4858.347,4858.998
1780794000,2026-06-07 01:00:00,4859.121,4868.517,4858.255,4867.478
1780797600,2026-06-07 02:00:00,4867.661,4875.123,4865.34,4872.905
1780801200,2026-06-07 03:00:00,4872.951,4878.143,4871.039,4877.165
1780804800,2026-06-07 04:00:00,4877.32,4881.025,4873.691,4876.988
1780808400,2026-06-07 05:00:00,4876.881,4881.137,4876.337,4878.738
1780812000,2026-06-07 06:00:00,4878.613,4880.058,4873.097,4873.688
1780815600,2026-06-07 07:00:00,4873.84,4880.241,4872.807,4876.721
1780819200,2026-06-07 08:00:00,4876.685,4881.394,4875.027,4876.705
1780822800,2026-06-07 09:00:00,4876.568,4878.863,4873.487,4877.769
1780826400,2026-06-07 10:00:00,4877.701,4881.067,4874.197,4879.107
1780830000,2026-06-07 11:00:00,4879.023,4882.107,4873.765,4875.355
1780833600,2026-06-07 12:00:00,4875.54,4879.003,4868.042,4869.746
1780837200,2026-06-07 13:00:00,4869.788,4871.924,4866.009,4871.037
1780840800,2026-06-07 14:00:00,4871.129,4871.877,4859.804,4860.154
1780844400,2026-06-07 15:00:00,4860.262,4861.32,4854.954,4858.911
1780848000,2026-06-07 16:00:00,4859.078,4866.923,4857.87,4866.084
1780851600,2026-06-07 17:00:00,4865.858,4867.521,4854.806,4858.278
1780855200,2026-06-07 18:00:00,4858.456,4864.018,4856.833,4863.507
1780858800,2026-06-07 19:00:00,4863.57,4870.859,4861.877,4870.609
1780862400,2026-06-07 20:00:00,4870.594,4870.937,4863.995,4866.352
1780866000,2026-06-07 21:00:00,4866.145,4872.143,4862.366,4870.573
1780869600,2026-06-07 22:00:00,4870.719,4874.539,4869.044,4873.242
1780873200,2026-06-07 23:00:00,4873.094,4874.614,4868.443,4869.888
1780876800,2026-06-08 00:00:00,4869.995,4872.056,4865.509,4869.046
1780880400,2026-06-08 01:00:00,4868.841,4872.606,4867.414,4872.463
1780884000,2026-06-08 02:00:00,4872.586,4872.586,4860.371,4861.294
1780887600,2026-06-08 03:00:00,4861.296,4866.413,4861.109,4865.11
1780891200,2026-06-08 04:00:00,4865.022,4868.805,4863.11,4864.992
1780894800,2026-06-08 05:00:00,4864.989,4869.032,4862.747,4865.619
1780898400,2026-06-08 06:00:00,4865.555,4865.555,4858.322,4863.192
1780902000,2026-06-08 07:00:00,4863.158,4869.79,4861.79,4866.389
1780905600,2026-06-08 08:00:00,4866.216,4866.45,4857.807,4861.018
1780909200,2026-06-08 09:00:00,4861.098,4868.452,4860.717,4868.162
1780912800,2026-06-08 10:00:00,4867.993,4870.65,4864.897,4870.217
1780916400,2026-06-08 11:00:00,4869.943,4871.046,4850.815,4852.709
1780920000,2026-06-08 12:00:00,4852.832,4856.915,4851.828,4853.913
1780923600,2026-06-08 13:00:00,4853.962,4857.689,4852.478,4857.182
1780927200,2026-06-08 14:00:00,4857.237,4861.378,4854.416,4854.679
1780930800,2026-06-08 15:00:00,4854.623,4854.623,4845.928,4851.195
1780934400,2026-06-08 16:00:00,4851.221,4858.999,4849.008,4858.628
1780938000,2026-06-08 17:00:00,4858.466,4860.941,4853.777,4857.601
1780941600,2026-06-08 18:00:00,4857.64,4866.043,4854.963,4865.827
1780945200,2026-06-08 19:00:00,4865.755,4866.403,4858.483,4860.301
1780948800,2026-06-08 20:00:00,4860.42,4867.657,4859.36,4866.301
1780952400,2026-06-08 21:00:00,4866.378,4880.108,4865.474,4880.003
1780956000,2026-06-08 22:00:00,4880.065,4880.065,4872.503,4875.039
1780959600,2026-06-08 23:00:00,4874.963,4875.967,4871.405,4873.281
1780963200,2026-06-09 00:00:00,4873.301,4877.366,4871.404,4873.512
1780966800,2026-06-09 01:00:00,4873.45,4873.744,4867.635,4868.724
1780970400,2026-06-09 02:00:00,4868.761,4876.666,4868.407,4872.878
1780974000,2026-06-09 03:00:00,4872.785,4874.666,4868.34,4873.28
1780977600,2026-06-09 04:00:00,4873.258,4874.532,4867.819,4869.621
1780981200,2026-06-09 05:00:00,4869.875,4873.159,4868.218,4869.365
1780984800,2026-06-09 06:00:00,4869.357,4873.977,4866.24,4873.795
1780988400,2026-06-09 07:00:00,4873.905,4885.017,4873.659,4880.368
1780992000,2026-06-09 08:00:00,4880.366,4884.901,4877.339,4879.651
1780995600,2026-06-09 09:00:00,4879.487,4880.492,4873.645,4878.112
1780999200,2026-06-09 10:00:00,4878.178,4880.92,4874.108,4880.679
1781002800,2026-06-09 11:00:00,4880.733,4881.679,4867.341,4871.707
1781006400,2026-06-09 12:00:00,4871.789,4879.595,4867.976,4878.446
1781010000,2026-06-09 13:00:00,4878.438,4879.616,4867.748,4869.436
1781013600,2026-06-09 14:00:00,4869.32,4869.392,4862.377,4863.4
1781017200,2026-06-09 15:00:00,4863.469,4871.833,4859.245,4870.063
1781020800,2026-06-09 16:00:00,4870.157,4875.978,4867.742,4875.978
1781024400,2026-06-09 17:00:00,4876.105,4886.456,4876.105,4886.294
1781028000,2026-06-09 18:00:00,4886.147,4893.488,4886.039,4892.57
1781031600,2026-06-09 19:00:00,4892.577,4894.736,4884.029,4884.715
1781035200,2026-06-09 20:00:00,4884.618,4887.082,4880.927,4885.538
1781038800,2026-06-09 21:00:00,4885.38,4890.279,4883.137,4889.756
1781042400,2026-06-09 22:00:00,4889.866,4904.214,4889.525,4903.841
1781046000,2026-06-09 23:00:00,4903.981,4911.589,4903.822,4908.488
1781049600,2026-06-10 00:00:00,4908.345,4910.576,4903.509,4905.726
1781053200,2026-06-10 01:00:00,4905.839,4910.633,4902.087,4909.366
1781056800,2026-06-10 02:00:00,4909.423,4909.703,4903.677,4906.477
1781060400,2026-06-10 03:00:00,4906.404,4914.547,4906.106,4909.361
1781064000,2026-06-10 04:00:00,4909.26,4917.42,4907.01,4915.958
1781067600,2026-06-10 05:00:00,4916.114,4918.502,4904.851,4904.851
1781071200,2026-06-10 06:00:00,4904.993,4908.756,4903.363,4907.539
1781074800,2026-06-10 07:00:00,4907.715,4917.2,4905.516,4914.81
1781078400,2026-06-10 08:00:00,4914.977,4915.271,4906.958,4909.773
1781082000,2026-06-10 09:00:00,4909.92,4915.548,4909.319,4910.322
1781085600,2026-06-10 10:00:00,4910.171,4920.354,4909.666,4916.004
1781089200,2026-06-10 11:00:00,4916.067,4918.32,4907.614,4908.05
1781092800,2026-06-10 12:00:00,4908.232,4910.863,4904.437,4908.868
1781096400,2026-06-10 13:00:00,4908.78,4911.101,4906.611,4908.548
1781100000,2026-06-10 14:00:00,4908.482,4911.727,4902.059,4903.8
1781103600,2026-06-10 15:00:00,4903.815,4905.022,4900.426,4904.284
1781107200,2026-06-10 16:00:00,4904.181,4907.635,4902.384,4905.107
1781110800,2026-06-10 17:00:00,4905.226,4916.809,4904.625,4916.681
1781114400,2026-06-10 18:00:00,4916.763,4920.285,4911.721,4912.299
1781118000,2026-06-10 19:00:00,4912.292,4914.823,4909.815,4912.327
1781121600,2026-06-10 20:00:00,4912.229,4918.43,4910.021,4918.274
1781125200,2026-06-10 21:00:00,4918.299,4922.689,4916.4,4918.673
1781128800,2026-06-10 22:00:00,4918.578,4923.605,4915.668,4922.947
1781132400,2026-06-10 23:00:00,4922.689,4935.349,4920.775,4933.509
1781136000,2026-06-11 00:00:00,4933.377,4937.028,4928.573,4932.1
1781139600,2026-06-11 01:00:00,4932.185,4932.477,4922.93,4923.88
1781143200,2026-06-11 02:00:00,4923.907,4926.488,4919.219,4920.094
1781146800,2026-06-11 03:00:00,4920.052,4923.618,4918.603,4922.703
1781150400,2026-06-11 04:00:00,4922.92,4923.56,4911.323,4914.498
1781154000,2026-06-11 05:00:00,4914.612,4915.277,4905.901,4907.256
1781157600,2026-06-11 06:00:00,4907.297,4915.935,4906.644,4912.266
1781161200,2026-06-11 07:00:00,4912.317,4916.566,4911.116,4914.322
1781164800,2026-06-11 08:00:00,4914.29,4915.765,4903.968,4904.922
1781168400,2026-06-11 09:00:00,4904.836,4905.818,4899.896,4905.585
1781172000,2026-06-11 10:00:00,4905.54,4905.689,4899.042,4904.632
1781175600,2026-06-11 11:00:00,4904.8,4904.988,4895.364,4900.095
1781179200,2026-06-11 12:00:00,4899.957,4902.232,4895.397,4898.019
1781182800,2026-06-11 13:00:00,4898.138,4899.071,4893.953,4894.703
1781186400,2026-06-11 14:00:00,4894.534,4898.768,4889.697,4896.463
1781190000,2026-06-11 15:00:00,4896.535,4900.256,4891.297,4897.533
1781193600,2026-06-11 16:00:00,4897.699,4904.259,4897.048,4902.969
1781197200,2026-06-11 17:00:00,4903.042,4911.894,4901.856,4908.41
1781200800,2026-06-11 18:00:00,4908.7,4909.706,4901.643,4904.636
1781204400,2026-06-11 19:00:00,4904.704,4906.131,4901.336,4904.365
1781208000,2026-06-11 20:00:00,4904.518,4906.419,4901.16,4904.592
1781211600,2026-06-11 21:00:00,4904.611,4906.95,4902.81,4905.664
1781215200,2026-06-11 22:00:00,4905.701,4918.958,4905.206,4917.322
1781218800,2026-06-11 23:00:00,4917.492,4917.703,4905.63,4909.299
1781222400,2026-06-12 00:00:00,4909.218,4914.699,4906.09,4911.605
1781226000,2026-06-12 01:00:00,4911.872,4915.971,4910.025,4912.573
1781229600,2026-06-12 02:00:00,4912.565,4913.98,4906.468,4908.535
1781233200,2026-06-12 03:00:00,4908.477,4913.548,4907.114,4909.277
1781236800,2026-06-12 04:00:00,4909.365,4913.04,4906.286,4908.318
1781240400,2026-06-12 05:00:00,4908.524,4909.856,4900.524,4903.524
1781244000,2026-06-12 06:00:00,4903.442,4904.391,4891.113,4891.51
1781247600,2026-06-12 07:00:00,4891.733,4892.423,4886.244,4889.331
1781251200,2026-06-12 08:00:00,4889.442,4893.674,4888.035,4889.745
1781254800,2026-06-12 09:00:00,4889.614,4895.887,4885.596,4895.887
1781258400,2026-06-12 10:00:00,4895.773,4906.658,4894.882,4906.617
1781262000,2026-06-12 11:00:00,4906.653,4910.342,4905.585,4905.958
1781265600,2026-06-12 12:00:00,4906.144,4910.892,4897.912,4897.919
1781269200,2026-06-12 13:00:00,4897.721,4900.897,4893.791,4896.556
1781272800,2026-06-12 14:00:00,4896.66,4897.889,4890,4892.319
1781276400,2026-06-12 15:00:00,4892.121,4898.191,4891.207,4893.328
1781280000,2026-06-12 16:00:00,4893.387,4897.803,4891.211,4894.253
1781283600,2026-06-12 17:00:00,4894.221,4897.67,4889.217,4897.273
1781287200,2026-06-12 18:00:00,4897.247,4901.857,4895.029,4899.946
1781290800,2026-06-12 19:00:00,4900.026,4904.384,4894.381,4894.445
1781294400,2026-06-12 20:00:00,4894.37,4899.724,4891.956,4898.421
1781298000,2026-06-12 21:00:00,4898.466,4904.784,4897.148,4901.456
1781301600,2026-06-12 22:00:00,4901.486,4901.848,4891.802,4893.13
1781305200,2026-06-12 23:00:00,4892.948,4893.451,4877.867,4878.444
1781308800,2026-06-13 00:00:00,4878.447,4882.547,4874.569,4875.994
1781312400,2026-06-13 01:00:00,4875.941,4876.558,4862.733,4864.517
1781316000,2026-06-13 02:00:00,4864.539,4869.197,4863.826,4868.084
1781319600,2026-06-13 03:00:00,4868.202,4876.527,4864.892,4875.804
1781323200,2026-06-13 04:00:00,4875.791,4883.324,4874.841,4882.732
1781326800,2026-06-13 05:00:00,4882.814,4886.804,4881.391,4884.653
1781330400,2026-06-13 06:00:00,4884.8,4893.441,4881.279,4892.544
1781334000,2026-06-13 07:00:00,4892.601,4907.617,4892.28,4907.42
1781337600,2026-06-13 08:00:00,4907.248,4912.016,4902.637,4911.461
1781341200,2026-06-13 09:00:00,4911.549,4913.978,4904.309,4905.37
1781344800,2026-06-13 10:00:00,4905.529,4907.758,4892.707,4894.395
1781348400,2026-06-13 11:00:00,4894.508,4896.701,4887.163,4887.584
1781352000,2026-06-13 12:00:00,4887.75,4888.986,4883.169,4886.839
1781355600,2026-06-13 13:00:00,4886.77,4891.298,4883.072,4890.285
1781359200,2026-06-13 14:00:00,4890.293,4892.253,4884.765,4889.193
1781362800,2026-06-13 15:00:00,4889.379,4890.727,4879.49,4883.532
1781366400,2026-06-13 16:00:00,4883.585,4884.563,4874.803,4878.897
1781370000,2026-06-13 17:00:00,4879.003,4881.092,4870.563,4871.137
1781373600,2026-06-13 18:00:00,4871.106,4871.575,4861.877,4868.067
1781377200,2026-06-13 19:00:00,4868.142,4869.366,4863.256,4864.684
1781380800,2026-06-13 20:00:00,4864.768,4870.93,4864.606,4868.32
1781384400,2026-06-13 21:00:00,4868.162,4869.895,4858.921,4860.712
1781388000,2026-06-13 22:00:00,4860.559,4866.235,4858.711,4865.686
1781391600,2026-06-13 23:00:00,4865.751,4867.775,4856.819,4858.719
1781395200,2026-06-14 00:00:00,4858.666,4859.053,4851.086,4857.398
1781398800,2026-06-14 01:00:00,4857.591,4863.99,4855.265,4862.351
1781402400,2026-06-14 02:00:00,4862.197,4864.366,4858.761,4859.854
1781406000,2026-06-14 03:00:00,4859.975,4863.507,4856.56,4858.006
1781409600,2026-06-14 04:00:00,4858.138,4859.351,4845.598,4845.791
1781413200,2026-06-14 05:00:00,4845.672,4849.395,4842.202,4844.298
1781416800,2026-06-14 06:00:00,4844.242,4844.496,4833.262,4838.252
1781420400,2026-06-14 07:00:00,4838.266,4849.284,4838.266,4846.189
1781424000,2026-06-14 08:00:00,4846.323,4848.907,4840.272,4841.243
1781427600,2026-06-14 09:00:00,4841.157,4844.04,4836.451,4840.489
1781431200,2026-06-14 10:00:00,4840.433,4847.321,4838.365,4845.997
1781434800,2026-06-14 11:00:00,4845.971,4846.901,4839.206,4839.36
1781438400,2026-06-14 12:00:00,4839.153,4844.532,4836.689,4836.819
1781442000,2026-06-14 13:00:00,4836.874,4843.638,4834.127,4839.261
1781445600,2026-06-14 14:00:00,4839.187,4840.782,4834.848,4837.036
1781449200,2026-06-14 15:00:00,4837.069,4838.588,4829.042,4829.104
1781452800,2026-06-14 16:00:00,4829.051,4835.586,4825.594,4834.242
1781456400,2026-06-14 17:00:00,4834.114,4834.316,4826.48,4832.503
1781460000,2026-06-14 18:00:00,4832.494,4832.517,4823.449,4824.508
1781463600,2026-06-14 19:00:00,4824.602,4825.193,4820.615,4823.925
1781467200,2026-06-14 20:00:00,4824.015,4828.843,4823.145,4824.578
1781470800,2026-06-14 21:00:00,4824.671,4827.014,4820.598,4826.979
1781474400,2026-06-14 22:00:00,4826.858,4829.69,4820.153,4823.078
1781478000,2026-06-14 23:00:00,4823.019,4824.26,4818.327,4824.13
1781481600,2026-06-15 00:00:00,4824.306,4827.109,4821.128,4825.123
1781485200,2026-06-15 01:00:00,4824.96,4825.001,4816.016,4819.336
1781488800,2026-06-15 02:00:00,4819.504,4822.173,4816.77,4820.788
1781492400,2026-06-15 03:00:00,4820.866,4821.89,4813.766,4815.822
1781496000,2026-06-15 04:00:00,4815.813,4823.138,4812.045,4820.575
1781499600,2026-06-15 05:00:00,4820.662,4821.281,4809.116,4809.526
1781503200,2026-06-15 06:00:00,4809.403,4812.882,4806.61,4810.101
1781506800,2026-06-15 07:00:00,4810.276,4816.239,4807.403,4814.427
1781510400,2026-06-15 08:00:00,4814.516,4818.806,4810.6,4814.634
1781514000,2026-06-15 09:00:00,4814.543,4819.071,4814.209,4816.303
1781517600,2026-06-15 10:00:00,4816.275,4823.055,4816.275,4821.079
1781521200,2026-06-15 11:00:00,4821.175,4822.484,4816.844,4819.174
1781524800,2026-06-15 12:00:00,4818.951,4820.423,4814.471,4816.632
1781528400,2026-06-15 13:00:00,4816.649,4819.434,4814.18,4815.551
1781532000,2026-06-15 14:00:00,4815.482,4816.413,4807.855,4807.983
1781535600,2026-06-15 15:00:00,4808.099,4816.126,4808.099,4815.938
1781539200,2026-06-15 16:00:00,4815.88,4817.344,4810.548,4812.225
1781542800,2026-06-15 17:00:00,4812.222,4817.332,4810.906,4813.965
1781546400,2026-06-15 18:00:00,4814.008,4815.971,4812.688,4815.459
1781550000,2026-06-15 19:00:00,4815.565,4815.911,4807.849,4810.474
1781553600,2026-06-15 20:00:00,4810.725,4817.103,4808.548,4813.703
1781557200,2026-06-15 21:00:00,4813.859,4822.876,4812.58,4822.876
1781560800,2026-06-15 22:00:00,4823.037,4829.813,4823.037,4829.454
1781564400,2026-06-15 23:00:00,4829.481,4829.673,4811.449,4812.506
1781568000,2026-06-16 00:00:00,4812.471,4812.924,4806.339,4808.268
1781571600,2026-06-16 01:00:00,4808.253,4809.737,4801.346,4804.689
1781575200,2026-06-16 02:00:00,4804.623,4808.134,4801.244,4801.781
1781578800,2026-06-16 03:00:00,4801.852,4803.163,4798.625,4801.723
1781582400,2026-06-16 04:00:00,4801.74,4810.085,4801.664,4804.613
1781586000,2026-06-16 05:00:00,4804.618,4806.932,4801.259,4805.095
1781589600,2026-06-16 06:00:00,4805.191,4819.071,4804.821,4817.269
1781593200,2026-06-16 07:00:00,4817.23,4818.465,4814.242,4816.399
1781596800,2026-06-16 08:00:00,4816.33,4831.321,4815.527,4831.321
1781600400,2026-06-16 09:00:00,4831.312,4837.733,4826.444,4835.827
1781604000,2026-06-16 10:00:00,4835.809,4838.671,4830.531,4836.907
1781607600,2026-06-16 11:00:00,4836.909,4840.655,4834.972,4840.019
1781611200,2026-06-16 12:00:00,4840.104,4845.785,4839.128,4844.981
1781614800,2026-06-16 13:00:00,4844.842,4848.021,4842.344,4843.983
1781618400,2026-06-16 14:00:00,4844.139,4846.701,4841.422,4843.33
1781622000,2026-06-16 15:00:00,4843.257,4844.561,4838.225,4840.683
1781625600,2026-06-16 16:00:00,4840.55,4841.149,4831.885,4833.421
1781629200,2026-06-16 17:00:00,4833.501,4840.958,4832.827,4837.433
1781632800,2026-06-16 18:00:00,4837.1,4839.713,4836.039,4838.373
1781636400,2026-06-16 19:00:00,4838.255,4841.62,4836.219,4836.219
1781640000,2026-06-16 20:00:00,4836.022,4841.731,4828.929,4841.331
1781643600,2026-06-16 21:00:00,4841.366,4851.834,4839.386,4851.82
1781647200,2026-06-16 22:00:00,4851.817,4867.801,4851.817,4862.254
1781650800,2026-06-16 23:00:00,4862.099,4863.269,4846.572,4847.109
1781654400,2026-06-17 00:00:00,4847.268,4848.53,4841.24,4845.112
1781658000,2026-06-17 01:00:00,4845.185,4851.529,4842.773,4846.042
1781661600,2026-06-17 02:00:00,4846.053,4852.066,4845.275,4848.292
1781665200,2026-06-17 03:00:00,4848.328,4850.506,4845.554,4849.496
1781668800,2026-06-17 04:00:00,4849.6,4860.241,4849.518,4854.168
1781672400,2026-06-17 05:00:00,4854,4857.133,4851.034,4854.392
1781676000,2026-06-17 06:00:00,4854.251,4857.815,4844.088,4844.706
1781679600,2026-06-17 07:00:00,4844.776,4849.539,4844.474,4848.633
1781683200,2026-06-17 08:00:00,4848.598,4850.19,4842.135,4847.462
1781686800,2026-06-17 09:00:00,4847.383,4854.839,4846.259,4853.205
1781690400,2026-06-17 10:00:00,4853.225,4858.462,4850.309,4858.079
1781694000,2026-06-17 11:00:00,4857.889,4860.202,4851.176,4855.508
1781697600,2026-06-17 12:00:00,4855.519,4860.349,4851.12,4853.943
1781701200,2026-06-17 13:00:00,4853.742,4856.05,4849.324,4854.66
1781704800,2026-06-17 14:00:00,4854.673,4856.25,4850.745,4852.995
1781708400,2026-06-17 15:00:00,4853.223,4856.144,4848.228,4848.324
1781712000,2026-06-17 16:00:00,4848.388,4862.483,4847.853,4859.993
1781715600,2026-06-17 17:00:00,4859.817,4862.926,4855.774,4857.283
1781719200,2026-06-17 18:00:00,4857.329,4857.455,4852.241,4853.224
1781722800,2026-06-17 19:00:00,4852.945,4854.393,4846.424,4847.726
1781726400,2026-06-17 20:00:00,4847.916,4853.103,4847.493,4850.933
1781730000,2026-06-17 21:00:00,4850.855,4854.741,4845.475,4854.741
1781733600,2026-06-17 22:00:00,4854.568,4864.904,4853.983,4861.728
1781737200,2026-06-17 23:00:00,4861.628,4866.886,4859.626,4863.1
1781740800,2026-06-18 00:00:00,4863.199,4863.419,4857.373,4861.233
1781744400,2026-06-18 01:00:00,4861.119,4862.986,4857.326,4858.66
1781748000,2026-06-18 02:00:00,4858.537,4862.464,4855.64,4856.791
1781751600,2026-06-18 03:00:00,4856.864,4857.358,4842.962,4844.024
1781755200,2026-06-18 04:00:00,4844.311,4850.094,4844.056,4848.931
1781758800,2026-06-18 05:00:00,4848.733,4853.275,4847.962,4849.046
1781762400,2026-06-18 06:00:00,4849.202,4850.729,4843.838,4846.614
1781766000,2026-06-18 07:00:00,4846.593,4848.064,4839.432,4847.144
1781769600,2026-06-18 08:00:00,4847.031,4850.393,4844.088,4849.984
1781773200,2026-06-18 09:00:00,4850.052,4854.866,4847.735,4854.558
1781776800,2026-06-18 10:00:00,4854.634,4855.598,4850.619,4852.283
1781780400,2026-06-18 11:00:00,4852.194,4857.673,4850.926,4855.934
1781784000,2026-06-18 12:00:00,4855.843,4858.171,4850.319,4851.992
1781787600,2026-06-18 13:00:00,4851.997,4856.366,4850.415,4856.366
1781791200,2026-06-18 14:00:00,4856.42,4861.877,4854.037,4858.698
1781794800,2026-06-18 15:00:00,4858.823,4859.872,4849.507,4852.732
1781798400,2026-06-18 16:00:00,4852.761,4855.515,4851.512,4852.338
1781802000,2026-06-18 17:00:00,4852.227,4859.216,4851.896,4855.037
1781805600,2026-06-18 18:00:00,4854.888,4855.693,4850.18,4853.42
1781809200,2026-06-18 19:00:00,4853.333,4853.731,4838.839,4839.133
1781812800,2026-06-18 20:00:00,4839.078,4842.63,4835.524,4838.019
1781816400,2026-06-18 21:00:00,4837.999,4846.158,4837.737,4845.449
1781820000,2026-06-18 22:00:00,4845.232,4852.217,4844.634,4850.538
1781823600,2026-06-18 23:00:00,4850.523,4851.199,4842.044,4844.204
1781827200,2026-06-19 00:00:00,4844.414,4851.222,4842.799,4847.998
1781830800,2026-06-19 01:00:00,4847.91,4857.24,4847.806,4855.069
1781834400,2026-06-19 02:00:00,4855.025,4855.07,4846.842,4847.098
1781838000,2026-06-19 03:00:00,4846.987,4855.448,4846.83,4849.421
1781841600,2026-06-19 04:00:00,4849.196,4849.795,4846.047,4848.369
1781845200,2026-06-19 05:00:00,4848.256,4851.183,4845.672,4847.45
1781848800,2026-06-19 06:00:00,4847.464,4847.464,4836.538,4839.603
1781852400,2026-06-19 07:00:00,4839.694,4846.319,4838.305,4842.002
1781856000,2026-06-19 08:00:00,4841.803,4845.787,4838.894,4840.984
1781859600,2026-06-19 09:00:00,4841.05,4841.05,4828.523,4829.518
1781863200,2026-06-19 10:00:00,4829.661,4841.036,4829.355,4837.693
1781866800,2026-06-19 11:00:00,4837.65,4847.432,4837.436,4846.291
1781870400,2026-06-19 12:00:00,4846.261,4846.348,4839.996,4840.7
1781874000,2026-06-19 13:00:00,4840.763,4844.397,4835.055,4835.418
1781877600,2026-06-19 14:00:00,4835.389,4840.208,4833.636,4835.219
1781881200,2026-06-19 15:00:00,4835.376,4837.318,4831.301,4835.786
1781884800,2026-06-19 16:00:00,4836.003,4837.259,4827.793,4828.986
1781888400,2026-06-19 17:00:00,4828.915,4831.928,4826.381,4829.616
1781892000,2026-06-19 18:00:00,4829.515,4832.308,4823.318,4823.792
1781895600,2026-06-19 19:00:00,4823.71,4825.471,4818.167,4822.244
1781899200,2026-06-19 20:00:00,4822.502,4824.708,4820.206,4822.289
1781902800,2026-06-19 21:00:00,4822.042,4824.826,4819.359,4821.93
1781906400,2026-06-19 22:00:00,4821.671,4824.879,4817.842,4823.554
1781910000,2026-06-19 23:00:00,4823.521,4824.003,4818.36,4819.471
1781913600,2026-06-20 00:00:00,4819.474,4825.775,4816.946,4821.612
1781917200,2026-06-20 01:00:00,4821.651,4827.82,4818.772,4826.873
1781920800,2026-06-20 02:00:00,4826.815,4829.509,4821.449,4828.869
1781924400,2026-06-20 03:00:00,4829.023,4834.008,4827.705,4830.158
1781928000,2026-06-20 04:00:00,4830.355,4832.137,4825.642,4828.775
1781931600,2026-06-20 05:00:00,4828.787,4842.069,4828.624,4839.938
1781935200,2026-06-20 06:00:00,4839.926,4842.825,4834.043,4835.619
1781938800,2026-06-20 07:00:00,4835.647,4836.765,4831.012,4834.888
1781942400,2026-06-20 08:00:00,4834.735,4837.847,4829.478,4831.011
1781946000,2026-06-20 09:00:00,4830.907,4834.492,4825.864,4832.656
1781949600,2026-06-20 10:00:00,4832.548,4835.19,4828.199,4830.852
1781953200,2026-06-20 11:00:00,4830.968,4831.451,4822.692,4825.409
1781956800,2026-06-20 12:00:00,4825.18,4826.042,4812.327,4813.115
1781960400,2026-06-20 13:00:00,4813.114,4814.285,4810.386,4811.252
1781964000,2026-06-20 14:00:00,4811.018,4811.979,4802.235,4804.072
1781967600,2026-06-20 15:00:00,4804.12,4805.637,4801.803,4802.126
1781971200,2026-06-20 16:00:00,4802.286,4803.597,4798.411,4799.323
1781974800,2026-06-20 17:00:00,4799.301,4800.753,4795.543,4799.533
1781978400,2026-06-20 18:00:00,4799.342,4800.12,4793.39,4795.976
1781982000,2026-06-20 19:00:00,4795.901,4799.797,4793.027,4794.424
1781985600,2026-06-20 20:00:00,4794.143,4802.266,4793.374,4795.026
1781989200,2026-06-20 21:00:00,4795.16,4802.535,4795.007,4797.199
1781992800,2026-06-20 22:00:00,4797.183,4798.809,4793.362,4794.845
1781996400,2026-06-20 23:00:00,4795.013,4800.757,4795.003,4797.056
1782000000,2026-06-21 00:00:00,4797.085,4802.096,4792.987,4795.248
1782003600,2026-06-21 01:00:00,4794.96,4797.347,4790.621,4796.441
1782007200,2026-06-21 02:00:00,4796.605,4805.251,4796.288,4798.49
1782010800,2026-06-21 03:00:00,4798.498,4801.57,4796.059,4800.699
1782014400,2026-06-21 04:00:00,4800.771,4801.158,4794.138,4794.691
1782018000,2026-06-21 05:00:00,4794.752,4795.361,4787.066,4790.984
1782021600,2026-06-21 06:00:00,4790.957,4794.576,4787.466,4793.915
1782025200,2026-06-21 07:00:00,4794.015,4800.459,4793.552,4799.693
1782028800,2026-06-21 08:00:00,4799.644,4806.713,4799.074,4804.861
1782032400,2026-06-21 09:00:00,4805.07,4807.228,4799.741,4803.206
1782036000,2026-06-21 10:00:00,4803.164,4805.661,4798.702,4799.064
1782039600,2026-06-21 11:00:00,4798.985,4807.59,4798.665,4807.34
1782043200,2026-06-21 12:00:00,4807.202,4812.011,4805.558,4806.161
1782046800,2026-06-21 13:00:00,4806.097,4813.79,4803.323,4812.656
1782050400,2026-06-21 14:00:00,4812.573,4816.156,4810.928,4813.228
1782054000,2026-06-21 15:00:00,4813.45,4820.598,4812.537,4818.541
1782057600,2026-06-21 16:00:00,4818.348,4821.093,4811.998,4812.492
1782061200,2026-06-21 17:00:00,4812.364,4813.033,4806.503,4811.776
1782064800,2026-06-21 18:00:00,4811.763,4812.771,4802.609,4802.725
1782068400,2026-06-21 19:00:00,4802.708,4806.698,4798.867,4799.27
1782072000,2026-06-21 20:00:00,4799.267,4808.377,4798.7,4805.908
1782075600,2026-06-21 21:00:00,4806,4807.906,4801.041,4807.368
1782079200,2026-06-21 22:00:00,4807.265,4811.325,4805.847,4808.566
1782082800,2026-06-21 23:00:00,4808.551,4810.266,4801.24,4806.847
1782086400,2026-06-22 00:00:00,4806.674,4808.54,4798.839,4799.135
1782090000,2026-06-22 01:00:00,4799.083,4802.339,4796.205,4799.107
1782093600,2026-06-22 02:00:00,4799.163,4801.278,4792.485,4794.274
1782097200,2026-06-22 03:00:00,4794.17,4805.125,4793.393,4805.088
1782100800,2026-06-22 04:00:00,4805.002,4807.725,4803.498,4805.124
1782104400,2026-06-22 05:00:00,4805.268,4816.493,4804.249,4814.471
1782108000,2026-06-22 06:00:00,4814.66,4818.119,4811.301,4817.203
1782111600,2026-06-22 07:00:00,4817.079,4825.309,4815.116,4824.448
1782115200,2026-06-22 08:00:00,4824.497,4832.692,4823.212,4831.027
1782118800,2026-06-22 09:00:00,4831.196,4835.94,4826.718,4826.897
1782122400,2026-06-22 10:00:00,4826.992,4830.87,4824.124,4826.698
1782126000,2026-06-22 11:00:00,4826.775,4836.367,4826.736,4835.541
1782129600,2026-06-22 12:00:00,4835.344,4837.584,4832.484,4835.029
1782133200,2026-06-22 13:00:00,4835.15,4841.817,4831.717,4839.714
1782136800,2026-06-22 14:00:00,4839.745,4851.627,4838.888,4850.237
1782140400,2026-06-22 15:00:00,4850.124,4865.065,4849.568,4865.065
1782144000,2026-06-22 16:00:00,4865.022,4872.343,4864.191,4869.219
1782147600,2026-06-22 17:00:00,4869.401,4869.998,4863.58,4864.347
1782151200,2026-06-22 18:00:00,4864.411,4865.372,4858.333,4865.271
1782154800,2026-06-22 19:00:00,4865.436,4870.132,4861.625,4865.397
1782158400,2026-06-22 20:00:00,4865.273,4865.643,4854.539,4856.474
1782162000,2026-06-22 21:00:00,4856.728,4857.147,4849.763,4850.882
1782165600,2026-06-22 22:00:00,4850.757,4857.781,4850.491,4855.202
1782169200,2026-06-22 23:00:00,4855.276,4857.687,4851.438,4852.748
1782172800,2026-06-23 00:00:00,4852.734,4853.843,4835.199,4836.481
1782176400,2026-06-23 01:00:00,4836.527,4841.358,4833.927,4838.911
1782180000,2026-06-23 02:00:00,4838.931,4842.363,4832.134,4832.182
1782183600,2026-06-23 03:00:00,4832.305,4835.133,4820.18,4824.086
1782187200,2026-06-23 04:00:00,4824.222,4826.703,4821.873,4824.115
1782190800,2026-06-23 05:00:00,4824.078,4826.578,4816.8,4817.698
1782194400,2026-06-23 06:00:00,4817.827,4820.051,4813.789,4818.294
1782198000,2026-06-23 07:00:00,4818.242,4825.483,4815.167,4819.39
1782201600,2026-06-23 08:00:00,4819.467,4829.945,4819.323,4829.247
1782205200,2026-06-23 09:00:00,4829.091,4830.424,4821.604,4825.865
1782208800,2026-06-23 10:00:00,4825.875,4832.226,4825.073,4829.621
1782212400,2026-06-23 11:00:00,4829.79,4837.781,4829.436,4833.909
1782216000,2026-06-23 12:00:00,4833.899,4840.834,4833.578,4840.462
1782219600,2026-06-23 13:00:00,4840.544,4846.905,4838.352,4842.245
1782223200,2026-06-23 14:00:00,4842.294,4843.185,4839.481,4840.297
1782226800,2026-06-23 15:00:00,4840.434,4845.841,4837.332,4845.411
1782230400,2026-06-23 16:00:00,4845.221,4849.458,4840.983,4848.293
1782234000,2026-06-23 17:00:00,4848.105,4849.182,4844.079,4849.182
1782237600,2026-06-23 18:00:00,4849.369,4851.048,4842.227,4844.334
1782241200,2026-06-23 19:00:00,4844.203,4847.044,4840.393,4844.859
1782244800,2026-06-23 20:00:00,4844.891,4846.792,4839.314,4844.049
1782248400,2026-06-23 21:00:00,4844.045,4849.096,4842.019,4847.346
1782252000,2026-06-23 22:00:00,4847.192,4849.548,4842.575,4848.765
1782255600,2026-06-23 23:00:00,4848.986,4850.913,4844.218,4850.399
1782259200,2026-06-24 00:00:00,4850.279,4851.912,4845.787,4847.804
1782262800,2026-06-24 01:00:00,4847.753,4853.431,4847.708,4852.435
1782266400,2026-06-24 02:00:00,4852.323,4859.519,4852.096,4855.943
1782270000,2026-06-24 03:00:00,4856.055,4856.172,4846.967,4848.736
1782273600,2026-06-24 04:00:00,4848.707,4853.056,4847.119,4848.646
1782277200,2026-06-24 05:00:00,4848.757,4855.005,4847.374,4853.455
1782280800,2026-06-24 06:00:00,4853.423,4856.58,4848.447,4856.003
1782284400,2026-06-24 07:00:00,4856.156,4859.355,4853.836,4859.188
1782288000,2026-06-24 08:00:00,4859.038,4866.387,4856.474,4860.727
1782291600,2026-06-24 09:00:00,4860.815,4862.267,4857.205,4859.488
1782295200,2026-06-24 10:00:00,4859.657,4859.707,4852.579,4853.584
1782298800,2026-06-24 11:00:00,4853.509,4856.191,4847.143,4854.08
1782302400,2026-06-24 12:00:00,4854.056,4858.153,4852.014,4857.542
1782306000,2026-06-24 13:00:00,4857.55,4867.305,4857.55,4866.077
1782309600,2026-06-24 14:00:00,4866.28,4871.042,4862.743,4863.791
1782313200,2026-06-24 15:00:00,4863.551,4865.337,4857.895,4862.986
1782316800,2026-06-24 16:00:00,4863.131,4868.587,4860.755,4868.529
1782320400,2026-06-24 17:00:00,4868.55,4872.217,4861.876,4862.586
1782324000,2026-06-24 18:00:00,4862.669,4870.187,4862.32,4866.837
1782327600,2026-06-24 19:00:00,4866.782,4869.305,4856.004,4862.298
1782331200,2026-06-24 20:00:00,4862.466,4873.681,4862.219,4870.17
1782334800,2026-06-24 21:00:00,4870.068,4876.854,4869.034,4871.015
1782338400,2026-06-24 22:00:00,4871.14,4871.822,4867.235,4868.974
1782342000,2026-06-24 23:00:00,4868.87,4873.072,4864.494,4868.483
1782345600,2026-06-25 00:00:00,4868.474,4872.33,4866.027,4869.597
1782349200,2026-06-25 01:00:00,4869.51,4874.957,4865.56,4872.979
1782352800,2026-06-25 02:00:00,4873.039,4877.088,4871.818,4873.95
1782356400,2026-06-25 03:00:00,4873.843,4874.562,4866.419,4867.182
1782360000,2026-06-25 04:00:00,4867.247,4874.398,4866.773,4869.109
1782363600,2026-06-25 05:00:00,4868.905,4870.583,4865.327,4868.793
1782367200,2026-06-25 06:00:00,4868.639,4877.738,4868.314,4877.612
1782370800,2026-06-25 07:00:00,4877.541,4882.033,4876.882,4879.921
1782374400,2026-06-25 08:00:00,4879.993,4880.153,4869.021,4870.07
1782378000,2026-06-25 09:00:00,4870.128,4876.519,4868.005,4874.712
1782381600,2026-06-25 10:00:00,4874.732,4879.894,4874.445,4878.53
1782385200,2026-06-25 11:00:00,4878.66,4890.061,4876.664,4886.185
1782388800,2026-06-25 12:00:00,4885.959,4891.011,4879.692,4886.35
1782392400,2026-06-25 13:00:00,4886.188,4889.31,4879.891,4887.24
1782396000,2026-06-25 14:00:00,4887.052,4891.148,4883.284,4890.575
1782399600,2026-06-25 15:00:00,4890.538,4891.492,4885.2,4886.114
1782403200,2026-06-25 16:00:00,4885.982,4889.487,4884.025,4887.675
1782406800,2026-06-25 17:00:00,4887.77,4893.861,4885.734,4892.842
1782410400,2026-06-25 18:00:00,4892.916,4897.799,4890.64,4897.766
1782414000,2026-06-25 19:00:00,4897.768,4898.099,4894.417,4896.968
1782417600,2026-06-25 20:00:00,4897.153,4897.268,4888.462,4890.949
1782421200,2026-06-25 21:00:00,4891.245,4891.972,4886.197,4886.88
1782424800,2026-06-25 22:00:00,4886.795,4888.315,4877.716,4878.45
1782428400,2026-06-25 23:00:00,4878.365,4883.654,4875.193,4882.101
1782432000,2026-06-26 00:00:00,4882.096,4882.873,4875.354,4879.293
1782435600,2026-06-26 01:00:00,4879.322,4883.898,4876.206,4882.19
1782439200,2026-06-26 02:00:00,4882.552,4891.638,4879.486,4889.179
1782442800,2026-06-26 03:00:00,4889.339,4892.281,4883.361,4891.189
1782446400,2026-06-26 04:00:00,4891.179,4892.174,4886.028,4889.63
1782450000,2026-06-26 05:00:00,4889.633,4896.593,4889.633,4892.035
1782453600,2026-06-26 06:00:00,4891.863,4894.795,4889.995,4891.368
1782457200,2026-06-26 07:00:00,4891.537,4894.749,4887.477,4894.502
1782460800,2026-06-26 08:00:00,4894.51,4894.51,4883.341,4884.808
1782464400,2026-06-26 09:00:00,4884.783,4885.219,4880.416,4882.478
1782468000,2026-06-26 10:00:00,4882.435,4883.541,4879.618,4883.431
1782471600,2026-06-26 11:00:00,4883.464,4887.793,4880.606,4882.237
1782475200,2026-06-26 12:00:00,4882.22,4882.841,4876.839,4879.153
1782478800,2026-06-26 13:00:00,4879.221,4883.916,4875.913,4882.385
1782482400,2026-06-26 14:00:00,4882.41,4892.873,4881.675,4891.494
1782486000,2026-06-26 15:00:00,4891.493,4893.343,4884.251,4886.735
1782489600,2026-06-26 16:00:00,4886.927,4892.378,4884.776,4890.728
1782493200,2026-06-26 17:00:00,4890.692,4899.456,4887.95,4898.961
1782496800,2026-06-26 18:00:00,4899.255,4899.255,4892.854,4895.633
1782500400,2026-06-26 19:00:00,4895.58,4905.08,4895.58,4898.605
1782504000,2026-06-26 20:00:00,4898.687,4904.591,4898.077,4903.566
1782507600,2026-06-26 21:00:00,4903.511,4905.343,4899.595,4900.48
1782511200,2026-06-26 22:00:00,4900.471,4902.628,4895.32,4899.903
1782514800,2026-06-26 23:00:00,4899.905,4901.95,4893.988,4895.194
1782518400,2026-06-27 00:00:00,4895.347,4904.895,4892.657,4903.128
1782522000,2026-06-27 01:00:00,4903.197,4906.725,4901.702,4903.209
1782525600,2026-06-27 02:00:00,4903.133,4904.458,4896.034,4900.255
1782529200,2026-06-27 03:00:00,4900.197,4909.583,4899.156,4909.007
1782532800,2026-06-27 04:00:00,4909.172,4916.539,4907.917,4911.452
1782536400,2026-06-27 05:00:00,4911.472,4913.64,4908.739,4909.54
1782540000,2026-06-27 06:00:00,4909.514,4912.08,4907.379,4911.86
1782543600,2026-06-27 07:00:00,4911.808,4926.305,4909.654,4925.653
1782547200,2026-06-27 08:00:00,4925.655,4932.512,4923.753,4928.578
1782550800,2026-06-27 09:00:00,4928.688,4930.461,4914.57,4919.008
1782554400,2026-06-27 10:00:00,4918.766,4929.912,4918.163,4926.479
1782558000,2026-06-27 11:00:00,4926.375,4933.083,4926.375,4930.048
1782561600,2026-06-27 12:00:00,4930.02,4935.125,4928.644,4933.741
1782565200,2026-06-27 13:00:00,4933.755,4935.794,4932.136,4935.338
1782568800,2026-06-27 14:00:00,4935.621,4938.284,4928.579,4930.349
1782572400,2026-06-27 15:00:00,4930.331,4936.069,4929.606,4930.345
1782576000,2026-06-27 16:00:00,4930.312,4944.275,4929.217,4942.208
1782579600,2026-06-27 17:00:00,4942.489,4949.964,4939.144,4944.547
1782583200,2026-06-27 18:00:00,4944.597,4952.208,4944.249,4948.83
1782586800,2026-06-27 19:00:00,4948.677,4952.349,4945.808,4950.918
1782590400,2026-06-27 20:00:00,4950.788,4963.114,4950.782,4962.493
1782594000,2026-06-27 21:00:00,4962.65,4964.524,4951.155,4953.909
1782597600,2026-06-27 22:00:00,4953.841,4959.849,4951.87,4954.414
1782601200,2026-06-27 23:00:00,4954.573,4960.431,4954.246,4957.463
1782604800,2026-06-28 00:00:00,4957.167,4962.985,4954.948,4958.797
1782608400,2026-06-28 01:00:00,4958.989,4969.096,4956.171,4965.941
1782612000,2026-06-28 02:00:00,4965.81,4970.975,4965.204,4969.738
1782615600,2026-06-28 03:00:00,4969.662,4973.886,4963.699,4973.681
1782619200,2026-06-28 04:00:00,4973.659,4975.649,4967.811,4968.248
1782622800,2026-06-28 05:00:00,4968.27,4978.842,4965.203,4977.514
1782626400,2026-06-28 06:00:00,4977.606,4981.745,4970.99,4973.453
1782630000,2026-06-28 07:00:00,4973.574,4974.149,4966.143,4966.903
1782633600,2026-06-28 08:00:00,4966.864,4968.074,4958.145,4962.887
1782637200,2026-06-28 09:00:00,4962.883,4964.611,4956.786,4960.632
1782640800,2026-06-28 10:00:00,4960.607,4969.904,4959.311,4965.77
1782644400,2026-06-28 11:00:00,4965.771,4965.771,4955.49,4958.056
1782648000,2026-06-28 12:00:00,4957.976,4964.632,4955.954,4959.12
1782651600,2026-06-28 13:00:00,4958.96,4963.102,4954.311,4960.869
1782655200,2026-06-28 14:00:00,4960.934,4965.128,4958.112,4961.429
1782658800,2026-06-28 15:00:00,4961.535,4966.365,4959.746,4963.014
1782662400,2026-06-28 16:00:00,4963.055,4968.53,4961.698,4966.612
1782666000,2026-06-28 17:00:00,4966.817,4970.833,4962.951,4968.67
1782669600,2026-06-28 18:00:00,4968.746,4971.647,4965.925,4966.761
1782673200,2026-06-28 19:00:00,4966.812,4976.758,4966.743,4974.744
1782676800,2026-06-28 20:00:00,4974.591,4977.861,4969.364,4975.265
1782680400,2026-06-28 21:00:00,4975.175,4975.38,4964.91,4966.947
1782684000,2026-06-28 22:00:00,4966.743,4972.255,4966.345,4971.504
1782687600,2026-06-28 23:00:00,4971.519,4972.173,4964.422,4965.324
1782691200,2026-06-29 00:00:00,4965.293,4974.78,4960.75,4973.673
1782694800,2026-06-29 01:00:00,4973.794,4985.484,4973.145,4983.046
1782698400,2026-06-29 02:00:00,4983.183,4985.343,4977.945,4978.971
1782702000,2026-06-29 03:00:00,4979.003,4980.05,4967.484,4968.028
1782705600,2026-06-29 04:00:00,4968.08,4971.546,4965.628,4966.569
1782709200,2026-06-29 05:00:00,4966.617,4966.987,4955.914,4959.783
1782712800,2026-06-29 06:00:00,4959.742,4962.344,4954.458,4954.695
1782716400,2026-06-29 07:00:00,4954.659,4955.381,4939.678,4946.078
1782720000,2026-06-29 08:00:00,4945.979,4950.608,4940.016,4940.649
1782723600,2026-06-29 09:00:00,4940.809,4948.389,4940.576,4942.611
1782727200,2026-06-29 10:00:00,4942.704,4947.156,4939.895,4944.288
1782730800,2026-06-29 11:00:00,4944.231,4953.48,4942.318,4953.334
1782734400,2026-06-29 12:00:00,4953.191,4957.747,4951.952,4957.747
1782738000,2026-06-29 13:00:00,4957.502,4961.909,4952.805,4952.805
1782741600,2026-06-29 14:00:00,4952.83,4953.431,4947.202,4952.703
1782745200,2026-06-29 15:00:00,4952.768,4956.805,4951.001,4953.17
1782748800,2026-06-29 16:00:00,4953.482,4956.61,4952.471,4954.852
1782752400,2026-06-29 17:00:00,4954.994,4959.056,4952.344,4957.456
1782756000,2026-06-29 18:00:00,4957.389,4962.524,4952.894,4960.394
1782759600,2026-06-29 19:00:00,4960.597,4966.165,4958.337,4958.866
1782763200,2026-06-29 20:00:00,4958.606,4973.314,4958.309,4973.103
1782766800,2026-06-29 21:00:00,4973.375,4979.084,4972.197,4975.109
1782770400,2026-06-29 22:00:00,4975.426,4979.957,4973.145,4979.058
1782774000,2026-06-29 23:00:00,4979.034,4987.116,4977.576,4987.052
1782777600,2026-06-30 00:00:00,4986.918,4994.946,4986.348,4992.635
1782781200,2026-06-30 01:00:00,4992.761,4995.678,4985.853,4986.046
1782784800,2026-06-30 02:00:00,4985.93,4994.204,4981.601,4993.217
1782788400,2026-06-30 03:00:00,4993.432,5005.118,4992.183,5004.702
1782792000,2026-06-30 04:00:00,5004.601,5007.415,4999.983,5005.964
1782795600,2026-06-30 05:00:00,5005.753,5009.846,5004.408,5008.292
1782799200,2026-06-30 06:00:00,5008.3,5019.609,5006.426,5019.422
1782802800,2026-06-30 07:00:00,5019.342,5020.721,5011.421,5013.16
1782806400,2026-06-30 08:00:00,5013.14,5014.171,5007.216,5008.891
1782810000,2026-06-30 09:00:00,5008.784,5008.994,4996.5,4997.205
1782813600,2026-06-30 10:00:00,4997.196,4999.203,4993.613,4995.386
1782817200,2026-06-30 11:00:00,4995.435,5002.305,4995.093,5000.311
1782820800,2026-06-30 12:00:00,5000.093,5007.543,4997.719,5003.641
1782824400,2026-06-30 13:00:00,5003.73,5007.933,5002.555,5005.379
1782828000,2026-06-30 14:00:00,5005.402,5013.238,5003.465,5012.067
1782831600,2026-06-30 15:00:00,5011.923,5012.496,5000.228,5000.981
1782835200,2026-06-30 16:00:00,5000.9,5004.217,4995.539,5002.503
1782838800,2026-06-30 17:00:00,5002.628,5007.721,4998.564,5005.131
1782842400,2026-06-30 18:00:00,5005.163,5016.228,5005.044,5012.844
1782846000,2026-06-30 19:00:00,5012.845,5021.088,5012.845,5018.143
1782849600,2026-06-30 20:00:00,5018.206,5019.298,5012.363,5016.303
1782853200,2026-06-30 21:00:00,5016.283,5018.036,5010.856,5013.768
1782856800,2026-06-30 22:00:00,5013.808,5014.347,5003.235,5006.674
1782860400,2026-06-30 23:00:00,5007.026,5012.069,5006.194,5011.227
1782864000,2026-07-01 00:00:00,5011.316,5015.124,5007.002,5008.499
1782867600,2026-07-01 01:00:00,5008.427,5009.335,5000.378,5003.037
1782871200,2026-07-01 02:00:00,5002.811,5003.343,4997.8,5000.521
1782874800,2026-07-01 03:00:00,5000.458,5005.516,4997.53,4997.815
1782878400,2026-07-01 04:00:00,4997.569,4998.859,4986.034,4986.533
1782882000,2026-07-01 05:00:00,4986.604,4988.407,4979.994,4981.747
1782885600,2026-07-01 06:00:00,4981.879,4982.194,4970.603,4971.112
1782889200,2026-07-01 07:00:00,4971.122,4975.498,4970.651,4971.703
1782892800,2026-07-01 08:00:00,4971.736,4974.942,4964.499,4965.504
1782896400,2026-07-01 09:00:00,4965.373,4975.642,4964.166,4971.051
1782900000,2026-07-01 10:00:00,4970.906,4971.207,4955.681,4956.235
1782903600,2026-07-01 11:00:00,4956.051,4958.321,4943.553,4945.187
1782907200,2026-07-01 12:00:00,4945.272,4950.805,4942.452,4943.453
1782910800,2026-07-01 13:00:00,4943.463,4945.364,4938.939,4944.083
1782914400,2026-07-01 14:00:00,4943.929,4947.624,4942.419,4943.465
1782918000,2026-07-01 15:00:00,4943.41,4945.25,4939.156,4939.984
1782921600,2026-07-01 16:00:00,4939.997,4947.276,4939.319,4946.475
1782925200,2026-07-01 17:00:00,4946.581,4953.122,4943.953,4949.667
1782928800,2026-07-01 18:00:00,4949.845,4956.05,4945.09,4955.321
1782932400,2026-07-01 19:00:00,4955.5,4958.125,4950.661,4952.738
1782936000,2026-07-01 20:00:00,4952.833,4960.106,4950.539,4959.869
1782939600,2026-07-01 21:00:00,4959.76,4965.92,4958.115,4959.941
1782943200,2026-07-01 22:00:00,4959.915,4960.607,4951.149,4952.713
1782946800,2026-07-01 23:00:00,4952.992,4959.208,4949.278,4951.845
1782950400,2026-07-02 00:00:00,4951.792,4961.83,4951.071,4961.825
1782954000,2026-07-02 01:00:00,4961.852,4966.294,4961.153,4963.549
1782957600,2026-07-02 02:00:00,4963.572,4971.308,4961.932,4968.883
1782961200,2026-07-02 03:00:00,4969.184,4971.773,4962.909,4963.879
1782964800,2026-07-02 04:00:00,4963.85,4967.229,4961.082,4965.417
1782968400,2026-07-02 05:00:00,4965.461,4967.587,4956.112,4958.005
1782972000,2026-07-02 06:00:00,4957.947,4958.317,4950.628,4950.628
1782975600,2026-07-02 07:00:00,4950.722,4955.578,4948.757,4949.023
1782979200,2026-07-02 08:00:00,4948.947,4955.807,4945.489,4949.447
1782982800,2026-07-02 09:00:00,4949.399,4954.037,4945.625,4948.376
1782986400,2026-07-02 10:00:00,4948.334,4951.362,4945.078,4947.297
1782990000,2026-07-02 11:00:00,4947.474,4948.815,4934.607,4935.741
1782993600,2026-07-02 12:00:00,4935.692,4937.765,4928.106,4934.211
1782997200,2026-07-02 13:00:00,4934.17,4939.757,4932.154,4937.723
1783000800,2026-07-02 14:00:00,4937.743,4938.578,4927.521,4932.567
1783004400,2026-07-02 15:00:00,4932.619,4938.014,4932.421,4935.562
1783008000,2026-07-02 16:00:00,4935.453,4937.383,4931.279,4937.147
1783011600,2026-07-02 17:00:00,4936.914,4937.642,4924.176,4926.251
1783015200,2026-07-02 18:00:00,4926.132,4936.663,4925.449,4930.726
1783018800,2026-07-02 19:00:00,4930.63,4944.616,4930.629,4943.866
1783022400,2026-07-02 20:00:00,4943.97,4944.222,4936.695,4938.27
1783026000,2026-07-02 21:00:00,4938.435,4940.313,4935.237,4936.424
1783029600,2026-07-02 22:00:00,4936.196,4938.271,4930.467,4932.787
1783033200,2026-07-02 23:00:00,4932.639,4933.571,4925.925,4927.379
1783036800,2026-07-03 00:00:00,4927.376,4930.767,4925.494,4927.101
1783040400,2026-07-03 01:00:00,4926.942,4927.743,4921.247,4927.269
1783044000,2026-07-03 02:00:00,4927.191,4935.128,4927.05,4930.024
1783047600,2026-07-03 03:00:00,4930.095,4930.655,4924.956,4927.121
1783051200,2026-07-03 04:00:00,4927.394,4933.811,4927.143,4930.48
1783054800,2026-07-03 05:00:00,4930.344,4930.677,4922.215,4923.576
1783058400,2026-07-03 06:00:00,4923.633,4926.469,4918.859,4920.774
1783062000,2026-07-03 07:00:00,4920.854,4920.904,4910.634,4911.495
1783065600,2026-07-03 08:00:00,4911.594,4921.587,4911.122,4919.384
1783069200,2026-07-03 09:00:00,4919.362,4926.954,4917.855,4925.471
1783072800,2026-07-03 10:00:00,4925.482,4930.923,4923.976,4930.172
1783076400,2026-07-03 11:00:00,4930.299,4930.524,4919.313,4919.932
1783080000,2026-07-03 12:00:00,4919.835,4926.214,4916.89,4926.064
1783083600,2026-07-03 13:00:00,4926.015,4926.663,4919.55,4920.097
1783087200,2026-07-03 14:00:00,4920.249,4931.964,4918.572,4931.498
1783090800,2026-07-03 15:00:00,4931.319,4936.596,4930.029,4932.357
1783094400,2026-07-03 16:00:00,4932.136,4932.543,4921.925,4923.255
1783098000,2026-07-03 17:00:00,4923.122,4930.848,4921.86,4926.467
1783101600,2026-07-03 18:00:00,4926.612,4929.554,4919.555,4920.86
1783105200,2026-07-03 19:00:00,4920.893,4928.734,4919.261,4924.683
1783108800,2026-07-03 20:00:00,4924.735,4925.737,4918.074,4925.446
1783112400,2026-07-03 21:00:00,4925.487,4928.223,4923.805,4923.987
1783116000,2026-07-03 22:00:00,4923.935,4924.348,4911.664,4914.926
1783119600,2026-07-03 23:00:00,4914.869,4916.891,4911.975,4912.961
1783123200,2026-07-04 00:00:00,4913,4918.697,4911.604,4917.873
1783126800,2026-07-04 01:00:00,4918.063,4920.599,4903.193,4903.592
1783130400,2026-07-04 02:00:00,4903.448,4903.735,4896.753,4898.304
1783134000,2026-07-04 03:00:00,4898.414,4900.866,4891.986,4900.73
1783137600,2026-07-04 04:00:00,4900.784,4900.784,4890.756,4897.748
1783141200,2026-07-04 05:00:00,4897.774,4901.98,4894.96,4901.892
1783144800,2026-07-04 06:00:00,4902.132,4902.647,4892.856,4892.891
1783148400,2026-07-04 07:00:00,4893.27,4900.734,4892.054,4896.228
1783152000,2026-07-04 08:00:00,4896.447,4897.936,4887.899,4889.226
1783155600,2026-07-04 09:00:00,4889.272,4892.448,4886.103,4888.797
1783159200,2026-07-04 10:00:00,4888.954,4896.534,4888.505,4896.256
1783162800,2026-07-04 11:00:00,4896.1,4901.955,4894.921,4900.711
1783166400,2026-07-04 12:00:00,4900.747,4903.804,4895.158,4899.827
1783170000,2026-07-04 13:00:00,4899.67,4900.05,4892.185,4893.358
1783173600,2026-07-04 14:00:00,4893.6,4895.852,4891.596,4894.419
1783177200,2026-07-04 15:00:00,4894.423,4895.711,4884.153,4885.094
1783180800,2026-07-04 16:00:00,4885.125,4890.901,4883.789,4887.281
1783184400,2026-07-04 17:00:00,4887.09,4887.671,4881.097,4881.24
1783188000,2026-07-04 18:00:00,4881.171,4882.593,4874.636,4879.567
1783191600,2026-07-04 19:00:00,4879.653,4884.597,4875.564,4881.886
1783195200,2026-07-04 20:00:00,4881.981,4885.827,4876.688,4877.258
1783198800,2026-07-04 21:00:00,4877.14,4879.114,4872.91,4876.605
1783202400,2026-07-04 22:00:00,4876.607,4886.918,4875.614,4884.214
1783206000,2026-07-04 23:00:00,4884.169,4886.315,4879.591,4880.847
1783209600,2026-07-05 00:00:00,4880.582,4886.268,4878.833,4879.834
1783213200,2026-07-05 01:00:00,4879.723,4881.602,4874.961,4877.705
1783216800,2026-07-05 02:00:00,4877.744,4884.43,4876.533,4878.287
1783220400,2026-07-05 03:00:00,4878.207,4883.084,4876.251,4878.203
1783224000,2026-07-05 04:00:00,4878.304,4883.161,4877.419,4881.636
1783227600,2026-07-05 05:00:00,4881.755,4881.968,4874.254,4880.661
1783231200,2026-07-05 06:00:00,4880.425,4881.731,4875.659,4881.563
1783234800,2026-07-05 07:00:00,4881.553,4886.313,4880.624,4884.57
1783238400,2026-07-05 08:00:00,4884.612,4894.671,4884.612,4893.286
1783242000,2026-07-05 09:00:00,4893.171,4900.496,4892.239,4900.257
1783245600,2026-07-05 10:00:00,4900.427,4904.188,4899.357,4901.045
1783249200,2026-07-05 11:00:00,4901.031,4903.511,4898.277,4899.427
1783252800,2026-07-05 12:00:00,4899.632,4900,4888.507,4892.325
1783256400,2026-07-05 13:00:00,4892.338,4903.39,4891.991,4900.878
1783260000,2026-07-05 14:00:00,4900.757,4908.77,4898.559,4904.988
1783263600,2026-07-05 15:00:00,4904.917,4913.485,4902.648,4911.287
1783267200,2026-07-05 16:00:00,4911.428,4912.484,4900.446,4900.446
1783270800,2026-07-05 17:00:00,4900.528,4902.942,4893.402,4898.651
1783274400,2026-07-05 18:00:00,4898.689,4907.697,4897.814,4905.924
1783278000,2026-07-05 19:00:00,4905.918,4907.244,4899.306,4899.98
1783281600,2026-07-05 20:00:00,4899.761,4904.233,4897.685,4903.634
1783285200,2026-07-05 21:00:00,4903.5,4907.58,4902.092,4903.797
1783288800,2026-07-05 22:00:00,4903.445,4908.844,4894.3,4894.799
1783292400,2026-07-05 23:00:00,4894.618,4895.076,4888.255,4891.275
1783296000,2026-07-06 00:00:00,4891.256,4894.609,4887.582,4890.549
1783299600,2026-07-06 01:00:00,4890.44,4895.277,4889.167,4891.942
1783303200,2026-07-06 02:00:00,4892.059,4894.034,4885.231,4889.301
1783306800,2026-07-06 03:00:00,4889.301,4893.154,4881.57,4884.419
1783310400,2026-07-06 04:00:00,4884.264,4885.83,4879.319,4884.528
1783314000,2026-07-06 05:00:00,4884.504,4884.714,4872.662,4874.875
1783317600,2026-07-06 06:00:00,4874.686,4875.234,4865.727,4869.355
1783321200,2026-07-06 07:00:00,4869.288,4873.779,4867.223,4873.292
1783324800,2026-07-06 08:00:00,4873.274,4879.075,4871.669,4873.588
1783328400,2026-07-06 09:00:00,4873.642,4883.187,4873.108,4881.752
1783332000,2026-07-06 10:00:00,4881.678,4891.922,4881.17,4891.151
1783335600,2026-07-06 11:00:00,4890.917,4891.787,4884.136,4887.361
1783339200,2026-07-06 12:00:00,4887.365,4888.915,4882.786,4887.106
1783342800,2026-07-06 13:00:00,4886.933,4887.249,4880.741,4882.384
1783346400,2026-07-06 14:00:00,4882.269,4886.715,4879.755,4886.328
1783350000,2026-07-06 15:00:00,4886.278,4886.668,4876.941,4880.374
1783353600,2026-07-06 16:00:00,4880.236,4880.421,4872.104,4872.104
1783357200,2026-07-06 17:00:00,4872.084,4875.899,4870.413,4872.292
1783360800,2026-07-06 18:00:00,4872.481,4875.229,4866.808,4866.808
1783364400,2026-07-06 19:00:00,4866.761,4866.884,4862.453,4862.747
1783368000,2026-07-06 20:00:00,4862.818,4865.286,4855.154,4858.292
1783371600,2026-07-06 21:00:00,4858.524,4862.3,4855.438,4858.171
1783375200,2026-07-06 22:00:00,4858.309,4860.383,4855.68,4856.988
1783378800,2026-07-06 23:00:00,4857.082,4857.794,4851.181,4853.144
1783382400,2026-07-07 00:00:00,4853.262,4855.123,4844.876,4847.084
1783386000,2026-07-07 01:00:00,4846.986,4847.57,4841.139,4843.416
1783389600,2026-07-07 02:00:00,4843.092,4846.947,4840.766,4846.102
1783393200,2026-07-07 03:00:00,4846.119,4854.619,4845.611,4849.825
1783396800,2026-07-07 04:00:00,4849.868,4850.564,4842.685,4844.012
1783400400,2026-07-07 05:00:00,4843.969,4847.31,4840.953,4841.576
1783404000,2026-07-07 06:00:00,4841.351,4848.914,4840.925,4843.246
1783407600,2026-07-07 07:00:00,4843.363,4844.362,4837.296,4839.843
1783411200,2026-07-07 08:00:00,4839.915,4854.953,4838.173,4854.55
1783414800,2026-07-07 09:00:00,4854.68,4859.065,4853.446,4855.949
1783418400,2026-07-07 10:00:00,4855.958,4863.153,4855.754,4860.22
1783422000,2026-07-07 11:00:00,4860.071,4862.831,4856.657,4858.591
1783425600,2026-07-07 12:00:00,4858.636,4861.937,4856.252,4856.66
1783429200,2026-07-07 13:00:00,4856.759,4858.512,4852.52,4853.779
1783432800,2026-07-07 14:00:00,4853.907,4854.964,4847.242,4851.474
1783436400,2026-07-07 15:00:00,4851.402,4864.648,4850.545,4864.648
1783440000,2026-07-07 16:00:00,4864.658,4871.807,4861.478,4869.683
1783443600,2026-07-07 17:00:00,4869.536,4870.92,4862.569,4864.76
1783447200,2026-07-07 18:00:00,4864.579,4869.759,4861.767,4868.782
1783450800,2026-07-07 19:00:00,4868.872,4875.155,4867.176,4873.826
1783454400,2026-07-07 20:00:00,4873.986,4876.088,4869.598,4875.836
1783458000,2026-07-07 21:00:00,4875.731,4880.879,4871.229,4871.513
1783461600,2026-07-07 22:00:00,4871.545,4874.427,4870.398,4870.659
1783465200,2026-07-07 23:00:00,4870.63,4871.012,4863.995,4864.988
1783468800,2026-07-08 00:00:00,4864.87,4868.303,4861.392,4864.601
1783472400,2026-07-08 01:00:00,4864.498,4869.598,4860.226,4867.849
1783476000,2026-07-08 02:00:00,4867.879,4870.855,4862.904,4867.646
1783479600,2026-07-08 03:00:00,4867.593,4874.386,4865.954,4873.971
1783483200,2026-07-08 04:00:00,4873.981,4881.36,4869.817,4878.936
1783486800,2026-07-08 05:00:00,4878.996,4881.862,4873.682,4875.116
1783490400,2026-07-08 06:00:00,4875.093,4875.658,4866.194,4866.424
1783494000,2026-07-08 07:00:00,4866.485,4867.934,4860.468,4860.586
1783497600,2026-07-08 08:00:00,4860.622,4861.839,4852.379,4853.296
1783501200,2026-07-08 09:00:00,4853.101,4859.288,4851.439,4856.7
1783504800,2026-07-08 10:00:00,4856.739,4860.408,4852.344,4855.97
1783508400,2026-07-08 11:00:00,4855.87,4856.696,4846.867,4848.592
1783512000,2026-07-08 12:00:00,4848.429,4856.028,4846.228,4852.959
1783515600,2026-07-08 13:00:00,4852.768,4852.813,4845.761,4847.14
1783519200,2026-07-08 14:00:00,4847.205,4847.633,4838.559,4839.502
1783522800,2026-07-08 15:00:00,4839.39,4843.993,4834.575,4834.583
1783526400,2026-07-08 16:00:00,4834.697,4844.338,4834.364,4842.207
1783530000,2026-07-08 17:00:00,4842.368,4842.723,4836.699,4837.552
1783533600,2026-07-08 18:00:00,4837.626,4839.091,4832.495,4835.733
1783537200,2026-07-08 19:00:00,4835.826,4841.275,4832.652,4839.738
1783540800,2026-07-08 20:00:00,4839.689,4841.104,4835.546,4838.358
1783544400,2026-07-08 21:00:00,4838.431,4845.446,4837.32,4842.156
1783548000,2026-07-08 22:00:00,4842.154,4844.104,4838.132,4840.389
1783551600,2026-07-08 23:00:00,4840.7,4847.313,4838.848,4845.337
1783555200,2026-07-09 00:00:00,4845.394,4845.982,4841.232,4841.952
1783558800,2026-07-09 01:00:00,4842.101,4843.766,4837.42,4838.874
1783562400,2026-07-09 02:00:00,4839.063,4842.207,4835.072,4841.36
1783566000,2026-07-09 03:00:00,4841.533,4842.069,4829.806,4830.521
1783569600,2026-07-09 04:00:00,4830.658,4831.614,4825.837,4829.428
1783573200,2026-07-09 05:00:00,4829.341,4833.383,4827.159,4831.798
1783576800,2026-07-09 06:00:00,4831.739,4832.466,4826.358,4828.037
1783580400,2026-07-09 07:00:00,4828.368,4832.578,4824.623,4825.394
1783584000,2026-07-09 08:00:00,4825.231,4829.629,4824.252,4828.477
1783587600,2026-07-09 09:00:00,4828.478,4830.259,4825.008,4828.88
1783591200,2026-07-09 10:00:00,4828.892,4830.78,4823.969,4828.3
1783594800,2026-07-09 11:00:00,4828.182,4830.121,4822.725,4827.513
1783598400,2026-07-09 12:00:00,4827.455,4828.238,4820.317,4821.869
1783602000,2026-07-09 13:00:00,4822.056,4825.032,4809.205,4810.046
1783605600,2026-07-09 14:00:00,4810.108,4820.831,4809.803,4820.085
1783609200,2026-07-09 15:00:00,4820.08,4822.031,4816.058,4819.156
1783612800,2026-07-09 16:00:00,4819.017,4824.058,4817.046,4818.529
1783616400,2026-07-09 17:00:00,4818.521,4820.514,4811.762,4815.019
1783620000,2026-07-09 18:00:00,4814.916,4815.909,4805.201,4805.63
1783623600,2026-07-09 19:00:00,4805.688,4808.86,4799.809,4802.777
1783627200,2026-07-09 20:00:00,4802.965,4807.782,4801.675,4805.794
1783630800,2026-07-09 21:00:00,4805.816,4807.035,4801.399,4803.897
1783634400,2026-07-09 22:00:00,4803.869,4805.239,4798.26,4799.026
1783638000,2026-07-09 23:00:00,4799.033,4800.414,4794.175,4798.725
1783641600,2026-07-10 00:00:00,4798.539,4801.107,4794.78,4800.866
1783645200,2026-07-10 01:00:00,4800.866,4810.287,4797.144,4809.467
1783648800,2026-07-10 02:00:00,4809.418,4814.017,4807.548,4811.549
1783652400,2026-07-10 03:00:00,4811.521,4818.281,4809.822,4814.142
1783656000,2026-07-10 04:00:00,4814.047,4820.099,4811.843,4816.786
1783659600,2026-07-10 05:00:00,4816.935,4823.008,4815.459,4817.467
1783663200,2026-07-10 06:00:00,4817.665,4819.253,4809.021,4809.899
1783666800,2026-07-10 07:00:00,4809.983,4811.693,4800.236,4801.43
1783670400,2026-07-10 08:00:00,4801.464,4804.63,4799.012,4802.288
1783674000,2026-07-10 09:00:00,4802.387,4812.89,4802.246,4812.551
1783677600,2026-07-10 10:00:00,4812.498,4816.075,4808.162,4815.137
1783681200,2026-07-10 11:00:00,4814.963,4827.366,4814.435,4827.366
1783684800,2026-07-10 12:00:00,4827.31,4829.496,4822.849,4822.998
1783688400,2026-07-10 13:00:00,4822.93,4823.473,4815.147,4816.054
1783692000,2026-07-10 14:00:00,4816.197,4829.749,4815.041,4829.154
1783695600,2026-07-10 15:00:00,4829.084,4829.88,4819.623,4822.984
1783699200,2026-07-10 16:00:00,4823.197,4833.586,4821.997,4831.172
1783702800,2026-07-10 17:00:00,4830.982,4834.66,4827.184,4834.247
1783706400,2026-07-10 18:00:00,4834.163,4845.045,4831.346,4842.041
1783710000,2026-07-10 19:00:00,4841.967,4846.922,4839.933,4840.599
1783713600,2026-07-10 20:00:00,4840.438,4840.825,4831.611,4835.471
1783717200,2026-07-10 21:00:00,4835.458,4838.948,4833.61,4834.034
1783720800,2026-07-10 22:00:00,4834.429,4839.601,4828.672,4831.559
1783724400,2026-07-10 23:00:00,4831.456,4839.726,4830.633,4838.571
1783728000,2026-07-11 00:00:00,4838.614,4842.471,4835.442,4839.79
1783731600,2026-07-11 01:00:00,4839.636,4840.43,4833.535,4836.906
1783735200,2026-07-11 02:00:00,4836.93,4838.354,4833.947,4834.631
1783738800,2026-07-11 03:00:00,4834.607,4840.896,4832.989,4840.06
1783742400,2026-07-11 04:00:00,4840.344,4846.624,4837.646,4841.754
1783746000,2026-07-11 05:00:00,4841.73,4843.299,4837.182,4841.979
1783749600,2026-07-11 06:00:00,4842.095,4849.135,4838.31,4843.583
1783753200,2026-07-11 07:00:00,4843.558,4845.661,4838.769,4841.983
1783756800,2026-07-11 08:00:00,4842.235,4846.853,4833.901,4838.11
1783760400,2026-07-11 09:00:00,4838.312,4841.223,4834.41,4835.623
1783764000,2026-07-11 10:00:00,4835.746,4836.847,4832.221,4835.931
1783767600,2026-07-11 11:00:00,4835.907,4847.955,4835.416,4846.75
1783771200,2026-07-11 12:00:00,4846.796,4860.069,4846.388,4860.069
1783774800,2026-07-11 13:00:00,4860.034,4860.639,4851.483,4856.079
1783778400,2026-07-11 14:00:00,4856.165,4857.886,4851.656,4855.197
1783782000,2026-07-11 15:00:00,4855.147,4858.12,4852.108,4852.974
1783785600,2026-07-11 16:00:00,4853.114,4859.815,4850.249,4850.916
1783789200,2026-07-11 17:00:00,4850.868,4851.436,4844.489,4846.977
1783792800,2026-07-11 18:00:00,4846.905,4846.905,4834.853,4835.339
1783796400,2026-07-11 19:00:00,4835.47,4839.523,4833.511,4838.612
1783800000,2026-07-11 20:00:00,4838.345,4849.708,4837.915,4843.512
1783803600,2026-07-11 21:00:00,4843.553,4844.722,4839.622,4842.392
1783807200,2026-07-11 22:00:00,4842.352,4843.887,4834.582,4837.208
1783810800,2026-07-11 23:00:00,4837.084,4839.31,4833.466,4837.904
1783814400,2026-07-12 00:00:00,4837.747,4839.208,4831.211,4834.499
1783818000,2026-07-12 01:00:00,4834.411,4834.411,4822.484,4824.352
1783821600,2026-07-12 02:00:00,4824.518,4829.915,4823.613,4829.305
1783825200,2026-07-12 03:00:00,4829.339,4831.515,4825.025,4830.368
1783828800,2026-07-12 04:00:00,4830.248,4833.44,4828.149,4829.027
1783832400,2026-07-12 05:00:00,4829.031,4829.334,4815.095,4817.602
1783836000,2026-07-12 06:00:00,4817.506,4817.64,4807.031,4807.757
1783839600,2026-07-12 07:00:00,4807.81,4813.899,4806.302,4813.381
1783843200,2026-07-12 08:00:00,4813.303,4815.921,4810.911,4813.489
1783846800,2026-07-12 09:00:00,4813.535,4819.379,4812.449,4815.216
1783850400,2026-07-12 10:00:00,4815.127,4822.421,4813.997,4816.68
1783854000,2026-07-12 11:00:00,4816.848,4822.133,4816.714,4819.755
1783857600,2026-07-12 12:00:00,4819.754,4827.13,4817.684,4826.534
1783861200,2026-07-12 13:00:00,4826.475,4829.548,4823.769,4826.183
1783864800,2026-07-12 14:00:00,4826.416,4833.06,4824.817,4832.679
1783868400,2026-07-12 15:00:00,4832.668,4832.668,4824.667,4825.998
1783872000,2026-07-12 16:00:00,4826.129,4831.976,4821.35,4821.506
1783875600,2026-07-12 17:00:00,4821.67,4823.849,4815.884,4820.999
1783879200,2026-07-12 18:00:00,4821.101,4823.502,4816.062,4821.739
1783882800,2026-07-12 19:00:00,4821.835,4826.445,4816.585,4822.567
1783886400,2026-07-12 20:00:00,4822.375,4827.755,4818.313,4826.292
1783890000,2026-07-12 21:00:00,4826.276,4828.339,4823.025,4827.819
1783893600,2026-07-12 22:00:00,4827.795,4832.174,4821.209,4822.082
1783897200,2026-07-12 23:00:00,4822.269,4822.287,4815.429,4816.492
1783900800,2026-07-13 00:00:00,4816.486,4817.901,4806.996,4812.097
1783904400,2026-07-13 01:00:00,4812.052,4818.273,4810.72,4816.672
1783908000,2026-07-13 02:00:00,4816.796,4819.544,4808.516,4809.211
1783911600,2026-07-13 03:00:00,4809.238,4811.958,4799.986,4804.364
1783915200,2026-07-13 04:00:00,4804.375,4806.412,4795.473,4800.873
1783918800,2026-07-13 05:00:00,4801.168,4802.839,4795.938,4799.845
1783922400,2026-07-13 06:00:00,4799.813,4801.678,4795.245,4799.818
1783926000,2026-07-13 07:00:00,4799.905,4805.251,4799.58,4800.729
1783929600,2026-07-13 08:00:00,4800.687,4802.291,4794.98,4796.927
1783933200,2026-07-13 09:00:00,4797.077,4797.818,4793.391,4796.543
1783936800,2026-07-13 10:00:00,4796.593,4804.689,4795.132,4797.904
1783940400,2026-07-13 11:00:00,4797.807,4798.646,4789.075,4791.292
1783944000,2026-07-13 12:00:00,4791.427,4791.461,4783.941,4788.803
1783947600,2026-07-13 13:00:00,4788.54,4792.675,4782.819,4784.517
1783951200,2026-07-13 14:00:00,4784.531,4787.302,4781.214,4786.966
1783954800,2026-07-13 15:00:00,4787.163,4793.535,4785.488,4785.743
1783958400,2026-07-13 16:00:00,4785.827,4790.717,4784.711,4785.009
1783962000,2026-07-13 17:00:00,4785.033,4788.352,4782.247,4788.003
1783965600,2026-07-13 18:00:00,4788.1,4789.486,4779.613,4782.461
1783969200,2026-07-13 19:00:00,4782.453,4784.695,4776.212,4782.816
1783972800,2026-07-13 20:00:00,4782.787,4784.694,4776.875,4780.658
1783976400,2026-07-13 21:00:00,4780.825,4782.539,4777.407,4780.08
1783980000,2026-07-13 22:00:00,4780.003,4781.218,4773.263,4776.586
1783983600,2026-07-13 23:00:00,4776.647,4783.485,4774.77,4776.882
1783987200,2026-07-14 00:00:00,4776.821,4781.527,4775.411,4781.043
1783990800,2026-07-14 01:00:00,4781.138,4783.516,4771.746,4774.277
1783994400,2026-07-14 02:00:00,4774.31,4779.018,4769.86,4774.629
1783998000,2026-07-14 03:00:00,4774.436,4777.163,4772.166,4774.312
1784001600,2026-07-14 04:00:00,4774.313,4777.423,4770.718,4773.111
1784005200,2026-07-14 05:00:00,4773.233,4775.775,4768.521,4769.957
1784008800,2026-07-14 06:00:00,4769.915,4779.364,4767.98,4777.98
1784012400,2026-07-14 07:00:00,4777.912,4780.375,4775.119,4777.09
1784016000,2026-07-14 08:00:00,4776.893,4782.137,4774.452,4776.632
1784019600,2026-07-14 09:00:00,4776.637,4781.307,4774.72,4777.167
1784023200,2026-07-14 10:00:00,4777.044,4781.216,4775.559,4775.938
1784026800,2026-07-14 11:00:00,4776.19,4782.935,4774.349,4780.237
1784030400,2026-07-14 12:00:00,4780.42,4784.185,4777.992,4783.81
1784034000,2026-07-14 13:00:00,4783.925,4784.496,4779.475,4783.817
1784037600,2026-07-14 14:00:00,4783.785,4787.175,4782.282,4782.282
1784041200,2026-07-14 15:00:00,4782.228,4787.376,4781.702,4787.278
1784044800,2026-07-14 16:00:00,4787.268,4794.86,4783.812,4792.012
1784048400,2026-07-14 17:00:00,4791.853,4806.148,4791.633,4804.475
1784052000,2026-07-14 18:00:00,4804.427,4807.459,4801.665,4803.929
1784055600,2026-07-14 19:00:00,4803.955,4810.228,4800.568,4809.851
1784059200,2026-07-14 20:00:00,4809.725,4814.893,4806.337,4808.253
1784062800,2026-07-14 21:00:00,4808.118,4816.806,4807.273,4816.091
1784066400,2026-07-14 22:00:00,4816.182,4820.117,4809.851,4810.544
1784070000,2026-07-14 23:00:00,4810.655,4816.031,4808.644,4810.153
1784073600,2026-07-15 00:00:00,4810.238,4815.522,4808.047,4815.274
1784077200,2026-07-15 01:00:00,4815.201,4817.6,4805.891,4806.441
1784080800,2026-07-15 02:00:00,4806.423,4813.005,4804.179,4804.276
1784084400,2026-07-15 03:00:00,4804.34,4805.724,4796.829,4801.313
1784088000,2026-07-15 04:00:00,4801.122,4804.444,4793.825,4794.956
1784091600,2026-07-15 05:00:00,4794.844,4795.42,4787.82,4792.807
1784095200,2026-07-15 06:00:00,4792.795,4799.732,4790.51,4791.612
1784098800,2026-07-15 07:00:00,4791.377,4796.128,4790.847,4791.295
1784102400,2026-07-15 08:00:00,4791.212,4793.648,4784.576,4789.687
1784106000,2026-07-15 09:00:00,4789.633,4791.465,4786.36,4787.875
1784109600,2026-07-15 10:00:00,4787.881,4790.165,4781.602,4784.484
1784113200,2026-07-15 11:00:00,4784.351,4787.588,4782.806,4784.771
1784116800,2026-07-15 12:00:00,4784.738,4788.72,4781.702,4786.053
1784120400,2026-07-15 13:00:00,4786.28,4789.092,4783.03,4787.341
1784124000,2026-07-15 14:00:00,4787.2,4790.291,4781.492,4783.311
1784127600,2026-07-15 15:00:00,4783.371,4784.905,4780.309,4783.558
1784131200,2026-07-15 16:00:00,4783.993,4786.972,4780.719,4780.828
1784134800,2026-07-15 17:00:00,4780.731,4780.796,4765.281,4765.567
1784138400,2026-07-15 18:00:00,4765.652,4773.317,4764.12,4773.317
1784142000,2026-07-15 19:00:00,4773.459,4777.724,4772.175,4772.207
1784145600,2026-07-15 20:00:00,4772.432,4781.251,4772.16,4780.132
1784149200,2026-07-15 21:00:00,4779.864,4781.631,4776.272,4779.86
1784152800,2026-07-15 22:00:00,4779.807,4783.294,4777.889,4780.065
1784156400,2026-07-15 23:00:00,4779.868,4784.645,4777.647,4777.751
1784160000,2026-07-16 00:00:00,4777.782,4783.114,4776.418,4781.665
1784163600,2026-07-16 01:00:00,4781.816,4793.553,4780.896,4793
1784167200,2026-07-16 02:00:00,4792.911,4795.98,4787.829,4795.198
1784170800,2026-07-16 03:00:00,4795.183,4799.961,4791.534,4797.227
1784174400,2026-07-16 04:00:00,4797.394,4800.619,4792.786,4794.515
1784178000,2026-07-16 05:00:00,4794.734,4802.46,4787.706,4801.513
1784181600,2026-07-16 06:00:00,4801.478,4805.963,4798.526,4804.285
1784185200,2026-07-16 07:00:00,4804.504,4808.722,4804.442,4806.38
1784188800,2026-07-16 08:00:00,4806.28,4808.376,4802.637,4807.068
1784192400,2026-07-16 09:00:00,4807.082,4810.187,4805.377,4806.797
1784196000,2026-07-16 10:00:00,4806.744,4806.978,4798.523,4802.493
1784199600,2026-07-16 11:00:00,4802.419,4805.584,4800.483,4803.894
1784203200,2026-07-16 12:00:00,4803.983,4805.145,4795.259,4796.025
1784206800,2026-07-16 13:00:00,4796.097,4797.201,4789.586,4793.341
1784210400,2026-07-16 14:00:00,4793.442,4793.63,4788.518,4791.377
1784214000,2026-07-16 15:00:00,4790.984,4801.61,4789.624,4800.617
1784217600,2026-07-16 16:00:00,4800.769,4805.066,4799.512,4801.843
1784221200,2026-07-16 17:00:00,4801.672,4805.605,4797.83,4799.122
1784224800,2026-07-16 18:00:00,4799.048,4805.045,4797.091,4799.944
1784228400,2026-07-16 19:00:00,4800.174,4807.622,4800.077,4801.687
1784232000,2026-07-16 20:00:00,4801.748,4805.581,4796.769,4805.423
1784235600,2026-07-16 21:00:00,4805.486,4815.797,4805.267,4813.439
1784239200,2026-07-16 22:00:00,4813.398,4816.644,4809.537,4812.428
1784242800,2026-07-16 23:00:00,4812.48,4815.381,4811.314,4812.85
1784246400,2026-07-17 00:00:00,4812.912,4813.558,4807.046,4809.389
1784250000,2026-07-17 01:00:00,4809.606,4815.261,4806.638,4813.632
1784253600,2026-07-17 02:00:00,4813.514,4816.201,4810.868,4815.035
1784257200,2026-07-17 03:00:00,4815.234,4818.155,4810.975,4817.314
1784260800,2026-07-17 04:00:00,4817.222,4828.15,4817.004,4827.576
1784264400,2026-07-17 05:00:00,4827.536,4829.83,4825.285,4827.369
1784268000,2026-07-17 06:00:00,4827.359,4830.874,4825.247,4825.646
1784271600,2026-07-17 07:00:00,4825.579,4829.155,4824.677,4826.487
1784275200,2026-07-17 08:00:00,4826.631,4830.094,4825.7,4828.929
1784278800,2026-07-17 09:00:00,4828.822,4842.491,4827.489,4841.248
1784282400,2026-07-17 10:00:00,4841.365,4849.03,4840.97,4843.749
1784286000,2026-07-17 11:00:00,4843.883,4848.082,4839.446,4847.929
1784289600,2026-07-17 12:00:00,4847.833,4848.5,4842.678,4844.879
1784293200,2026-07-17 13:00:00,4844.941,4850.569,4842.528,4846.571
1784296800,2026-07-17 14:00:00,4846.577,4848.583,4840.125,4843.913
1784300400,2026-07-17 15:00:00,4843.909,4850.428,4843.633,4847.89
1784304000,2026-07-17 16:00:00,4847.813,4847.813,4839.661,4844.238
1784307600,2026-07-17 17:00:00,4843.944,4844.337,4836.885,4837.397
1784311200,2026-07-17 18:00:00,4837.314,4838.302,4828.522,4834.751
1784314800,2026-07-17 19:00:00,4834.738,4837.332,4828.954,4828.954
1784318400,2026-07-17 20:00:00,4828.912,4836.295,4825.24,4834.315
1784322000,2026-07-17 21:00:00,4833.936,4837.798,4833.327,4835.44
1784325600,2026-07-17 22:00:00,4835.312,4839.036,4834.101,4836.517
1784329200,2026-07-17 23:00:00,4836.555,4836.688,4828.3,4829.808
1784332800,2026-07-18 00:00:00,4829.788,4835.065,4828.447,4834.17
1784336400,2026-07-18 01:00:00,4834.242,4840.54,4832.88,4835.669
1784340000,2026-07-18 02:00:00,4835.485,4843.562,4834.916,4840.976
1784343600,2026-07-18 03:00:00,4840.868,4843.109,4838.334,4839.123
1784347200,2026-07-18 04:00:00,4839.057,4842.662,4835.272,4835.346
1784350800,2026-07-18 05:00:00,4835.236,4839.694,4830.781,4834.935
1784354400,2026-07-18 06:00:00,4834.951,4837.294,4830.053,4834.822
1784358000,2026-07-18 07:00:00,4834.879,4840.738,4834.228,4837.894
1784361600,2026-07-18 08:00:00,4837.839,4840.094,4834.133,4835.409
1784365200,2026-07-18 09:00:00,4835.336,4835.941,4829.429,4830.705
1784368800,2026-07-18 10:00:00,4830.765,4832.158,4826.352,4830.615
1784372400,2026-07-18 11:00:00,4830.728,4831.247,4822.781,4824.884
1784376000,2026-07-18 12:00:00,4825.117,4833.331,4824.728,4826.735
1784379600,2026-07-18 13:00:00,4826.785,4830.189,4824.44,4829.789
1784383200,2026-07-18 14:00:00,4829.955,4830.034,4819.932,4820.718
1784386800,2026-07-18 15:00:00,4820.878,4825.027,4819.088,4823.942
1784390400,2026-07-18 16:00:00,4824.305,4826.058,4817.157,4820.273
1784394000,2026-07-18 17:00:00,4820.373,4821.694,4817.064,4818.547
1784397600,2026-07-18 18:00:00,4818.448,4821.75,4815.587,4819.684
1784401200,2026-07-18 19:00:00,4819.779,4824.719,4817.942,4823.363
1784404800,2026-07-18 20:00:00,4823.272,4826.411,4822.023,4823.384
1784408400,2026-07-18 21:00:00,4823.484,4830.94,4821.991,4828.945
1784412000,2026-07-18 22:00:00,4829.235,4829.428,4818.69,4823.316
1784415600,2026-07-18 23:00:00,4823.45,4829.806,4819.913,4829.342
1784419200,2026-07-19 00:00:00,4829.433,4832.111,4821.561,4821.561
1784422800,2026-07-19 01:00:00,4821.544,4829.947,4821.431,4825.988
1784426400,2026-07-19 02:00:00,4825.931,4836.037,4825.332,4835.609
1784430000,2026-07-19 03:00:00,4835.628,4849.543,4835.622,4849.225
1784433600,2026-07-19 04:00:00,4849.36,4856.856,4847.982,4855.318
1784437200,2026-07-19 05:00:00,4855.227,4858.324,4849.331,4851.67
1784440800,2026-07-19 06:00:00,4851.574,4853.861,4845.227,4849.357
1784444400,2026-07-19 07:00:00,4849.117,4851.839,4846.8,4847.532
1784448000,2026-07-19 08:00:00,4847.594,4852.51,4842.867,4842.867
1784451600,2026-07-19 09:00:00,4842.76,4844.954,4836.842,4843.271
1784455200,2026-07-19 10:00:00,4843.159,4845.896,4841.485,4843.653
1784458800,2026-07-19 11:00:00,4843.537,4843.671,4834.444,4836.739
1784462400,2026-07-19 12:00:00,4836.9,4840.396,4833.816,4840.262
1784466000,2026-07-19 13:00:00,4840.412,4842.17,4838.181,4841.263
1784469600,2026-07-19 14:00:00,4841.235,4843.979,4835.679,4836.027
1784473200,2026-07-19 15:00:00,4835.972,4841.518,4835.542,4839.908
1784476800,2026-07-19 16:00:00,4839.935,4841.256,4834.233,4836.61
1784480400,2026-07-19 17:00:00,4836.458,4838.807,4833.235,4836.578
1784484000,2026-07-19 18:00:00,4836.583,4839.457,4833.127,4834.22
1784487600,2026-07-19 19:00:00,4834.199,4845.389,4832.052,4845.389
1784491200,2026-07-19 20:00:00,4845.647,4852.979,4842.493,4852.027
1784494800,2026-07-19 21:00:00,4852.172,4860.287,4851.427,4857.781
1784498400,2026-07-19 22:00:00,4857.889,4860.886,4854.635,4855.712
1784502000,2026-07-19 23:00:00,4855.812,4860.202,4853.726,4859.227
1784505600,2026-07-20 00:00:00,4859.189,4860.085,4855.097,4856.999
1784509200,2026-07-20 01:00:00,4856.845,4866.33,4856.826,4863.616
1784512800,2026-07-20 02:00:00,4863.777,4865.121,4860.377,4861.237
1784516400,2026-07-20 03:00:00,4861.198,4863.219,4855.3,4859.551
1784520000,2026-07-20 04:00:00,4859.543,4867.161,4859.23,4866.555
1784523600,2026-07-20 05:00:00,4866.481,4874.315,4865.806,4870.875
1784527200,2026-07-20 06:00:00,4870.686,4873.762,4869.452,4872.385
1784530800,2026-07-20 07:00:00,4872.505,4879.428,4870.831,4874.347
1784534400,2026-07-20 08:00:00,4874.209,4881.573,4870.957,4880.965
1784538000,2026-07-20 09:00:00,4880.981,4882.55,4875.596,4880.109
1784541600,2026-07-20 10:00:00,4880.214,4881.953,4876.462,4880.053
1784545200,2026-07-20 11:00:00,4879.923,4884.068,4878.339,4881.389
1784548800,2026-07-20 12:00:00,4881.095,4882.555,4877.474,4880.801
1784552400,2026-07-20 13:00:00,4880.682,4887.313,4880.049,4883.791
1784556000,2026-07-20 14:00:00,4883.708,4885.657,4880.842,4884.589
1784559600,2026-07-20 15:00:00,4884.606,4892.486,4881.941,4892.364
1784563200,2026-07-20 16:00:00,4892.363,4895.222,4885.992,4886.456
1784566800,2026-07-20 17:00:00,4886.596,4888.27,4883.691,4884.979
1784570400,2026-07-20 18:00:00,4884.978,4890.537,4876.226,4877.742
1784574000,2026-07-20 19:00:00,4877.95,4880.78,4874.578,4879.647
1784577600,2026-07-20 20:00:00,4879.566,4883.281,4875.607,4880.478
1784581200,2026-07-20 21:00:00,4880.503,4887.277,4879.355,4886.934
1784584800,2026-07-20 22:00:00,4887.024,4889.657,4876.407,4881.682
1784588400,2026-07-20 23:00:00,4881.583,4888.703,4878.39,4888.454
1784592000,2026-07-21 00:00:00,4888.491,4889.656,4878.562,4880.122
1784595600,2026-07-21 01:00:00,4879.985,4885.274,4875.222,4875.634
1784599200,2026-07-21 02:00:00,4875.742,4879.342,4868.9,4870.272
1784602800,2026-07-21 03:00:00,4870.026,4874.899,4868.321,4870.662
1784606400,2026-07-21 04:00:00,4870.516,4875.073,4870.094,4872.95
1784610000,2026-07-21 05:00:00,4872.843,4877.495,4866.92,4873.845
1784613600,2026-07-21 06:00:00,4873.983,4876.845,4863.422,4870.324
1784617200,2026-07-21 07:00:00,4870.506,4871.247,4861.643,4866.059
1784620800,2026-07-21 08:00:00,4866.107,4867.635,4858.723,4859.314
1784624400,2026-07-21 09:00:00,4859.306,4862.799,4855.736,4861.181
1784628000,2026-07-21 10:00:00,4861.267,4869.418,4860.575,4869.418
1784631600,2026-07-21 11:00:00,4869.324,4878.66,4868.179,4876.113
1784635200,2026-07-21 12:00:00,4876.041,4877.116,4870.184,4872.466
1784638800,2026-07-21 13:00:00,4872.475,4878.137,4871.189,4876.003
1784642400,2026-07-21 14:00:00,4876.148,4881.463,4874.894,4876.694
1784646000,2026-07-21 15:00:00,4876.771,4882.343,4876.306,4880.416
1784649600,2026-07-21 16:00:00,4880.451,4881.784,4872.336,4873.599
1784653200,2026-07-21 17:00:00,4873.723,4874.768,4862.313,4862.947
1784656800,2026-07-21 18:00:00,4863.003,4869.042,4861.446,4862.725
1784660400,2026-07-21 19:00:00,4862.971,4871.688,4861.282,4865.866
1784664000,2026-07-21 20:00:00,4865.996,4871.863,4865.996,4870.038
1784667600,2026-07-21 21:00:00,4869.967,4872.756,4866.521,4869.375
1784671200,2026-07-21 22:00:00,4869.382,4874.184,4866.531,4872.787
1784674800,2026-07-21 23:00:00,4872.77,4878.164,4871.842,4876.109
1784678400,2026-07-22 00:00:00,4876.094,4876.689,4872.768,4874.095
1784682000,2026-07-22 01:00:00,4874.078,4875.251,4862.876,4864.36
1784685600,2026-07-22 02:00:00,4864.384,4869.986,4864.384,4865.575
1784689200,2026-07-22 03:00:00,4865.348,4867.143,4858.802,4858.802
1784692800,2026-07-22 04:00:00,4858.583,4860.216,4853.735,4858.169
1784696400,2026-07-22 05:00:00,4858.038,4866.849,4856.867,4865.131
1784700000,2026-07-22 06:00:00,4865.07,4870.773,4864.266,4868.13
1784703600,2026-07-22 07:00:00,4868.136,4868.196,4861.114,4861.155
1784707200,2026-07-22 08:00:00,4861.131,4865.899,4858.052,4864.305
1784710800,2026-07-22 09:00:00,4864.178,4871.566,4863.693,4868.807
1784714400,2026-07-22 10:00:00,4869.166,4875.257,4867.266,4872.718
1784718000,2026-07-22 11:00:00,4872.585,4874.901,4867.747,4868.816
1784721600,2026-07-22 12:00:00,4868.713,4875.27,4868.157,4869.207
1784725200,2026-07-22 13:00:00,4869.328,4874.245,4867.17,4871.522
1784728800,2026-07-22 14:00:00,4871.416,4876.948,4870.667,4873.521
1784732400,2026-07-22 15:00:00,4873.636,4874.005,4864.667,4867.358
1784736000,2026-07-22 16:00:00,4867.311,4872.316,4865.117,4871.239
1784739600,2026-07-22 17:00:00,4871.251,4874.227,4867.168,4867.935
1784743200,2026-07-22 18:00:00,4867.953,4871.759,4866.408,4868.271
1784746800,2026-07-22 19:00:00,4868.366,4872.859,4866.559,4869.257
1784750400,2026-07-22 20:00:00,4869.3,4870.227,4861.512,4862.732
1784754000,2026-07-22 21:00:00,4862.812,4866.51,4859.223,4862.524
1784757600,2026-07-22 22:00:00,4862.529,4863.493,4856.586,4861.999
1784761200,2026-07-22 23:00:00,4861.99,4872.846,4860.415,4872.73
1784764800,2026-07-23 00:00:00,4872.652,4873.82,4864.72,4866.945
1784768400,2026-07-23 01:00:00,4866.842,4872.579,4865.789,4868.202
1784772000,2026-07-23 02:00:00,4868.345,4872.611,4867.386,4869.958
1784775600,2026-07-23 03:00:00,4870.031,4874.567,4866.968,4874.099
1784779200,2026-07-23 04:00:00,4874.09,4878.688,4869.035,4876.48
1784782800,2026-07-23 05:00:00,4876.266,4878.582,4866.963,4866.963
1784786400,2026-07-23 06:00:00,4866.884,4870.024,4861.472,4869.532
1784790000,2026-07-23 07:00:00,4869.442,4870.872,4865.89,4870.023
1784793600,2026-07-23 08:00:00,4870.016,4872.519,4863.758,4871.304
1784797200,2026-07-23 09:00:00,4871.313,4871.342,4865.583,4865.811
1784800800,2026-07-23 10:00:00,4865.949,4866.843,4857.577,4858.984
1784804400,2026-07-23 11:00:00,4859.098,4861.785,4853.938,4855.397
1784808000,2026-07-23 12:00:00,4855.551,4857.084,4853.235,4854.761
1784811600,2026-07-23 13:00:00,4854.505,4859.135,4852.591,4854.04
1784815200,2026-07-23 14:00:00,4854.071,4854.483,4850.638,4852.619
1784818800,2026-07-23 15:00:00,4852.493,4853.676,4848.927,4852.508
1784822400,2026-07-23 16:00:00,4852.473,4860.281,4851.067,4858.516
1784826000,2026-07-23 17:00:00,4858.825,4869.446,4856.007,4867.752
1784829600,2026-07-23 18:00:00,4867.631,4874.323,4867.06,4871.973
1784833200,2026-07-23 19:00:00,4871.895,4879.312,4870.947,4878.951
1784836800,2026-07-23 20:00:00,4879.022,4885.903,4877.432,4879.332
1784840400,2026-07-23 21:00:00,4879.254,4882.42,4877.729,4878.616
1784844000,2026-07-23 22:00:00,4878.722,4879.854,4874.9,4875.46
1784847600,2026-07-23 23:00:00,4875.374,4881.922,4874.601,4880.848
1784851200,2026-07-24 00:00:00,4880.876,4881,4869.919,4871.631
1784854800,2026-07-24 01:00:00,4871.491,4872.731,4864.579,4870.33
1784858400,2026-07-24 02:00:00,4870.363,4876.26,4869.337,4870.099
1784862000,2026-07-24 03:00:00,4869.837,4876.785,4868.95,4873.753
1784865600,2026-07-24 04:00:00,4873.798,4875.484,4867.014,4870.113
1784869200,2026-07-24 05:00:00,4870.069,4870.681,4865.897,4866.751
1784872800,2026-07-24 06:00:00,4866.449,4876.579,4863.192,4875.662
1784876400,2026-07-24 07:00:00,4875.585,4878.794,4873.458,4876.678
1784880000,2026-07-24 08:00:00,4876.511,4884.379,4875.961,4883.83
1784883600,2026-07-24 09:00:00,4883.796,4884.449,4876.496,4878.029
1784887200,2026-07-24 10:00:00,4878.281,4884.743,4876.735,4880.116
1784890800,2026-07-24 11:00:00,4879.908,4881.267,4871.422,4873.597
1784894400,2026-07-24 12:00:00,4873.358,4873.997,4865.936,4865.936
1784898000,2026-07-24 13:00:00,4866.015,4871.752,4863.546,4871.704
1784901600,2026-07-24 14:00:00,4871.637,4872.806,4864.596,4865.547
1784905200,2026-07-24 15:00:00,4865.602,4867.816,4862.781,4863.269
1784908800,2026-07-24 16:00:00,4863.231,4866.366,4858.374,4864.205
1784912400,2026-07-24 17:00:00,4864.142,4868.798,4862.162,4864.389
1784916000,2026-07-24 18:00:00,4864.53,4870.018,4863.326,4868.297
1784919600,2026-07-24 19:00:00,4868.196,4870.723,4865.064,4866.853
1784923200,2026-07-24 20:00:00,4866.621,4870.042,4859.625,4863.005
1784926800,2026-07-24 21:00:00,4863.145,4867.344,4855.771,4855.822
1784930400,2026-07-24 22:00:00,4855.996,4857.825,4846.903,4849.755
1784934000,2026-07-24 23:00:00,4849.677,4851.997,4846.093,4846.56
1784937600,2026-07-25 00:00:00,4846.257,4847.984,4842.077,4847.019
1784941200,2026-07-25 01:00:00,4847.017,4849.781,4841.67,4849.155
1784944800,2026-07-25 02:00:00,4849.087,4854.996,4847.985,4850.511
1784948400,2026-07-25 03:00:00,4850.429,4852.102,4847.444,4849.66
1784952000,2026-07-25 04:00:00,4849.565,4852.637,4844.599,4845.698
1784955600,2026-07-25 05:00:00,4845.48,4852.784,4842.147,4851.727
1784959200,2026-07-25 06:00:00,4851.678,4854.255,4847.896,4848.16
1784962800,2026-07-25 07:00:00,4847.999,4851.316,4843.557,4846.472
1784966400,2026-07-25 08:00:00,4846.557,4855.669,4842.768,4854.713
1784970000,2026-07-25 09:00:00,4854.639,4856.365,4851.353,4852.419
1784973600,2026-07-25 10:00:00,4852.172,4854.098,4847.557,4852.762
1784977200,2026-07-25 11:00:00,4852.757,4855.153,4846.856,4851.834
1784980800,2026-07-25 12:00:00,4851.896,4862.936,4849.962,4862.186
1784984400,2026-07-25 13:00:00,4862.122,4863.339,4856.926,4860.504
1784988000,2026-07-25 14:00:00,4860.558,4864.24,4856.694,4856.856
1784991600,2026-07-25 15:00:00,4856.854,4863.047,4852.523,4860.98
1784995200,2026-07-25 16:00:00,4860.831,4864.101,4859.117,4863.666
1784998800,2026-07-25 17:00:00,4863.688,4865.838,4861.518,4864.428
1785002400,2026-07-25 18:00:00,4864.486,4868.079,4863.127,4863.833
1785006000,2026-07-25 19:00:00,4863.684,4864.157,4857.28,4859.152
1785009600,2026-07-25 20:00:00,4859.185,4864.476,4859.185,4861.677
1785013200,2026-07-25 21:00:00,4861.787,4872.624,4861.321,4867.806
1785016800,2026-07-25 22:00:00,4867.634,4871.128,4864.461,4868.997
1785020400,2026-07-25 23:00:00,4869.024,4877.682,4866.69,4877.254
1785024000,2026-07-26 00:00:00,4877.121,4883.753,4875.299,4882.98
1785027600,2026-07-26 01:00:00,4882.945,4883.076,4873.827,4880.197
1785031200,2026-07-26 02:00:00,4880.156,4888.082,4880.156,4884.769
1785034800,2026-07-26 03:00:00,4884.689,4885.474,4875.21,4877.946
1785038400,2026-07-26 04:00:00,4878.113,4885.083,4878.113,4885.083
1785042000,2026-07-26 05:00:00,4885.146,4889.192,4882.694,4889.192
1785045600,2026-07-26 06:00:00,4889.286,4889.636,4879.664,4881.025
1785049200,2026-07-26 07:00:00,4880.848,4889.723,4876.834,4886.165
1785052800,2026-07-26 08:00:00,4886.082,4888.384,4881.419,4884.557
1785056400,2026-07-26 09:00:00,4884.41,4886.155,4879.343,4884.57
1785060000,2026-07-26 10:00:00,4884.454,4897.113,4883.537,4895.495
1785063600,2026-07-26 11:00:00,4895.728,4896.332,4886.672,4887.414
1785067200,2026-07-26 12:00:00,4887.422,4895.38,4887.381,4893.156
1785070800,2026-07-26 13:00:00,4893.175,4897.29,4891.146,4896.241
1785074400,2026-07-26 14:00:00,4896.225,4898.56,4891.856,4892.472
1785078000,2026-07-26 15:00:00,4892.33,4892.685,4881.284,4882.439
1785081600,2026-07-26 16:00:00,4882.462,4884.265,4878.275,4881.986
1785085200,2026-07-26 17:00:00,4882.025,4884.05,4873.524,4874.031
1785088800,2026-07-26 18:00:00,4873.914,4874.175,4860.172,4860.275
1785092400,2026-07-26 19:00:00,4860.564,4860.638,4854.809,4859.043
1785096000,2026-07-26 20:00:00,4859.076,4872.043,4859.076,4872.043
1785099600,2026-07-26 21:00:00,4872.076,4878.481,4870.216,4877.65
1785103200,2026-07-26 22:00:00,4877.856,4888.69,4876.548,4888.69
1785106800,2026-07-26 23:00:00,4888.7,4892.944,4887.379,4892.144
1785110400,2026-07-27 00:00:00,4892.055,4892.904,4886.505,4890.943
1785114000,2026-07-27 01:00:00,4890.787,4892.246,4878.308,4881.349
1785117600,2026-07-27 02:00:00,4881.517,4886.14,4879.672,4883.615
1785121200,2026-07-27 03:00:00,4883.476,4889.483,4878.577,4888.12
1785124800,2026-07-27 04:00:00,4887.938,4889.793,4880.568,4889.789
1785128400,2026-07-27 05:00:00,4889.803,4890.565,4877.852,4880.168
1785132000,2026-07-27 06:00:00,4880.115,4880.115,4872.729,4876.63
1785135600,2026-07-27 07:00:00,4876.667,4884.062,4871.325,4883.604
1785139200,2026-07-27 08:00:00,4883.751,4888.79,4880.05,4880.087
1785142800,2026-07-27 09:00:00,4879.926,4883.996,4876.539,4882.833
1785146400,2026-07-27 10:00:00,4882.851,4886.754,4877.196,4884.107
1785150000,2026-07-27 11:00:00,4884.321,4891.162,4884.036,4890.874
1785153600,2026-07-27 12:00:00,4890.844,4894.057,4887.821,4890.584
1785157200,2026-07-27 13:00:00,4890.878,4899.418,4890.84,4899.08
1785160800,2026-07-27 14:00:00,4898.803,4901.064,4894.203,4900.809
1785164400,2026-07-27 15:00:00,4900.94,4904.466,4894.579,4897.067
1785168000,2026-07-27 16:00:00,4897.117,4899.069,4889.851,4892.654
1785171600,2026-07-27 17:00:00,4892.833,4896.928,4891.028,4891.875
1785175200,2026-07-27 18:00:00,4891.858,4901.959,4891.325,4900.331
1785178800,2026-07-27 19:00:00,4900.293,4909.577,4898.58,4905.436
1785182400,2026-07-27 20:00:00,4905.397,4907.725,4900.351,4901.715
1785186000,2026-07-27 21:00:00,4901.538,4902.945,4894.632,4895.24
1785189600,2026-07-27 22:00:00,4895.209,4898.332,4891.823,4897.026
1785193200,2026-07-27 23:00:00,4896.996,4903.375,4896.976,4897.511
1785196800,2026-07-28 00:00:00,4897.505,4903.486,4897.447,4898.51
1785200400,2026-07-28 01:00:00,4898.614,4898.814,4888.906,4889.629
1785204000,2026-07-28 02:00:00,4889.508,4889.986,4881.883,4883.08
1785207600,2026-07-28 03:00:00,4883.104,4888.689,4880.587,4886.141
1785211200,2026-07-28 04:00:00,4886.044,4894.717,4884.871,4894.717
1785214800,2026-07-28 05:00:00,4894.702,4895.663,4885.553,4889.111
1785218400,2026-07-28 06:00:00,4889.273,4893.777,4887.044,4888.336
1785222000,2026-07-28 07:00:00,4888.237,4894.49,4887.076,4894.007
1785225600,2026-07-28 08:00:00,4894.317,4896.93,4892.93,4894.065
1785229200,2026-07-28 09:00:00,4893.959,4895.957,4889.087,4889.382
1785232800,2026-07-28 10:00:00,4889.224,4901.552,4889.128,4898.447
1785236400,2026-07-28 11:00:00,4898.416,4902.781,4895.721,4897.226
1785240000,2026-07-28 12:00:00,4897.182,4901.467,4896.255,4897.093
1785243600,2026-07-28 13:00:00,4897.127,4907.457,4897.127,4902.234
1785247200,2026-07-28 14:00:00,4902.083,4904.571,4899.356,4900.451
1785250800,2026-07-28 15:00:00,4900.409,4905.998,4898.681,4905.885
1785254400,2026-07-28 16:00:00,4906.135,4917.003,4905.228,4915.985
1785258000,2026-07-28 17:00:00,4916.143,4917.63,4909.615,4911.751
1785261600,2026-07-28 18:00:00,4911.839,4912.232,4904.176,4904.597
1785265200,2026-07-28 19:00:00,4904.505,4912.42,4904.326,4912.42
1785268800,2026-07-28 20:00:00,4912.406,4918.053,4911.819,4913.419
1785272400,2026-07-28 21:00:00,4913.397,4920.172,4913.143,4913.7
1785276000,2026-07-28 22:00:00,4913.562,4915.317,4908.35,4908.483
1785279600,2026-07-28 23:00:00,4908.536,4910.855,4905.447,4908.201
1785283200,2026-07-29 00:00:00,4908.095,4909.701,4901.722,4902.144
1785286800,2026-07-29 01:00:00,4902.055,4905.876,4898.048,4905.014
1785290400,2026-07-29 02:00:00,4904.879,4906.451,4899.726,4905.26
1785294000,2026-07-29 03:00:00,4905.356,4912.27,4905.041,4905.741
1785297600,2026-07-29 04:00:00,4905.581,4905.649,4898.017,4899.499
1785301200,2026-07-29 05:00:00,4899.467,4907.712,4897.798,4904.653
1785304800,2026-07-29 06:00:00,4904.809,4912.001,4904.1,4910.563
1785308400,2026-07-29 07:00:00,4910.562,4911.47,4903.067,4904.413
1785312000,2026-07-29 08:00:00,4904.391,4908.424,4900.986,4904.397
1785315600,2026-07-29 09:00:00,4904.116,4906.675,4901.056,4906.257
1785319200,2026-07-29 10:00:00,4906.233,4912.63,4903.795,4911.649
1785322800,2026-07-29 11:00:00,4911.382,4917.163,4907.02,4915.682
1785326400,2026-07-29 12:00:00,4915.552,4919.954,4915.341,4915.639
1785330000,2026-07-29 13:00:00,4915.907,4925.188,4913.395,4924.27
1785333600,2026-07-29 14:00:00,4924.231,4932.448,4920.671,4931.855
1785337200,2026-07-29 15:00:00,4931.757,4937.829,4931.514,4934.366
1785340800,2026-07-29 16:00:00,4934.28,4934.431,4924.602,4925.302
1785344400,2026-07-29 17:00:00,4925.31,4926.131,4917.21,4918.325
1785348000,2026-07-29 18:00:00,4918.407,4919.15,4908.859,4909.37
1785351600,2026-07-29 19:00:00,4909.503,4912.227,4900.591,4901.683
1785355200,2026-07-29 20:00:00,4901.405,4909.207,4901.383,4903.094
1785358800,2026-07-29 21:00:00,4903.024,4905.39,4899.598,4904.401
1785362400,2026-07-29 22:00:00,4904.417,4908.64,4901.853,4902.66
1785366000,2026-07-29 23:00:00,4902.567,4911.095,4901.4,4909.324
1785369600,2026-07-30 00:00:00,4909.312,4912.331,4904.748,4905.71
1785373200,2026-07-30 01:00:00,4905.774,4908.002,4900.512,4905.245
1785376800,2026-07-30 02:00:00,4905.414,4913.765,4905.414,4913.765
1785380400,2026-07-30 03:00:00,4913.614,4925.388,4913.614,4925.148
1785384000,2026-07-30 04:00:00,4925.217,4930.451,4924.219,4930.388
1785387600,2026-07-30 05:00:00,4930.234,4945.427,4929.951,4942.921
1785391200,2026-07-30 06:00:00,4942.755,4946.906,4939.999,4944.17
1785394800,2026-07-30 07:00:00,4944.014,4944.014,4934.554,4936.91
1785398400,2026-07-30 08:00:00,4936.811,4949.285,4934.906,4949.044
1785402000,2026-07-30 09:00:00,4949.023,4953.466,4946.51,4946.51
1785405600,2026-07-30 10:00:00,4946.605,4951.932,4945.879,4949.852
1785409200,2026-07-30 11:00:00,4949.951,4951.209,4941.189,4949.742
1785412800,2026-07-30 12:00:00,4949.671,4952.415,4946.772,4948.252
1785416400,2026-07-30 13:00:00,4948.374,4957.166,4945.856,4955.109
1785420000,2026-07-30 14:00:00,4955.14,4957.698,4946.014,4946.63
1785423600,2026-07-30 15:00:00,4946.618,4954.258,4944.466,4953.179
1785427200,2026-07-30 16:00:00,4953.323,4955.657,4948.475,4954.613
1785430800,2026-07-30 17:00:00,4954.434,4957.486,4951.911,4953.744
1785434400,2026-07-30 18:00:00,4953.799,4960.135,4952.446,4959.962
1785438000,2026-07-30 19:00:00,4960.144,4967.479,4960.032,4966.872
1785441600,2026-07-30 20:00:00,4966.711,4971.486,4961.527,4961.861
1785445200,2026-07-30 21:00:00,4961.804,4962.257,4951.67,4955.682
1785448800,2026-07-30 22:00:00,4955.649,4957.258,4951.009,4952.245
1785452400,2026-07-30 23:00:00,4952.278,4961.223,4951.462,4958.46
1785456000,2026-07-31 00:00:00,4958.331,4960.976,4951.632,4954.556
1785459600,2026-07-31 01:00:00,4954.513,4956.32,4947.291,4948.709
1785463200,2026-07-31 02:00:00,4948.914,4949.266,4942.63,4947.226
1785466800,2026-07-31 03:00:00,4947.325,4950.178,4943.191,4945.414
1785470400,2026-07-31 04:00:00,4945.558,4949.247,4941.402,4945.575
1785474000,2026-07-31 05:00:00,4945.713,4947.971,4940.518,4941.421
1785477600,2026-07-31 06:00:00,4941.582,4943.875,4935.07,4935.35
1785481200,2026-07-31 07:00:00,4935.226,4936.854,4932.193,4936.031
1785484800,2026-07-31 08:00:00,4936.197,4945.883,4931.246,4942.376
1785488400,2026-07-31 09:00:00,4942.259,4947.084,4941.896,4946.17
