epoch,datetime_utc,open,high,low,close
1753954943,2025-07-31 09:42:23,2896.379,2896.591,2887.562,2894.086
1753956000,2025-07-31 10:00:00,2894.267,2899.692,2893.887,2898.93
1753959600,2025-07-31 11:00:00,2898.751,2900.94,2875.597,2881.834
1753963200,2025-07-31 12:00:00,2881.751,2887.982,2876.883,2876.891
1753966800,2025-07-31 13:00:00,2877.005,2894.287,2872.943,2894.287
1753970400,2025-07-31 14:00:00,2894.199,2896.844,2884.486,2892.256
1753974000,2025-07-31 15:00:00,2892.377,2894.491,2882.786,2888.938
1753977600,2025-07-31 16:00:00,2889.143,2895.711,2886.193,2887.26
1753981200,2025-07-31 17:00:00,2887.141,2890.807,2880.793,2882.412
1753984800,2025-07-31 18:00:00,2882.198,2887.942,2878.664,2883.219
1753988400,2025-07-31 19:00:00,2883.552,2888.215,2876.298,2885.993
1753992000,2025-07-31 20:00:00,2886.154,2895.581,2883.069,2892.615
1753995600,2025-07-31 21:00:00,2892.659,2896.37,2889.542,2893.52
1753999200,2025-07-31 22:00:00,2893.433,2902.286,2889.994,2896.224
1754002800,2025-07-31 23:00:00,2896.145,2903.943,2892.637,2900.271
1754006400,2025-08-01 00:00:00,2900.732,2907.144,2895.731,2896.47
1754010000,2025-08-01 01:00:00,2896.751,2899.539,2887.947,2892.65
1754013600,2025-08-01 02:00:00,2892.37,2903.147,2891.823,2900.33
1754017200,2025-08-01 03:00:00,2900.396,2908.82,2899.572,2902.858
1754020800,2025-08-01 04:00:00,2902.82,2903.506,2889.416,2902.334
1754024400,2025-08-01 05:00:00,2902.259,2905.649,2898.242,2902.608
1754028000,2025-08-01 06:00:00,2902.602,2905.401,2897.21,2899.986
1754031600,2025-08-01 07:00:00,2900.087,2915.202,2900.036,2914.958
1754035200,2025-08-01 08:00:00,2915.065,2923.865,2914.126,2919.932
1754038800,2025-08-01 09:00:00,2919.907,2929.295,2918.65,2923.692
1754042400,2025-08-01 10:00:00,2923.824,2924.252,2909.472,2910.449
1754046000,2025-08-01 11:00:00,2910.38,2923.175,2906.806,2917.581
1754049600,2025-08-01 12:00:00,2917.389,2918.98,2908.129,2909.21
1754053200,2025-08-01 13:00:00,2908.963,2914.106,2902.886,2906.05
1754056800,2025-08-01 14:00:00,2905.817,2912.807,2898.475,2912.544
1754060400,2025-08-01 15:00:00,2912.082,2932.313,2909.989,2929.931
1754064000,2025-08-01 16:00:00,2930.032,2939.137,2926.442,2934.915
1754067600,2025-08-01 17:00:00,2935.056,2958.061,2934.142,2958.024
1754071200,2025-08-01 18:00:00,2958.207,2965.809,2952.154,2954.114
1754074800,2025-08-01 19:00:00,2954.082,2957.569,2950.643,2951.361
1754078400,2025-08-01 20:00:00,2951.703,2961.783,2951.457,2955.768
1754082000,2025-08-01 21:00:00,2955.634,2957.702,2948.044,2949.707
1754085600,2025-08-01 22:00:00,2949.615,2954.179,2930.204,2930.68
1754089200,2025-08-01 23:00:00,2930.151,2931.644,2919.564,2929.164
1754092800,2025-08-02 00:00:00,2929.047,2929.047,2918.205,2923.883
1754096400,2025-08-02 01:00:00,2924.036,2931.641,2922.282,2929.002
1754100000,2025-08-02 02:00:00,2928.91,2929.419,2918.348,2922.987
1754103600,2025-08-02 03:00:00,2923.088,2930.892,2920.468,2928.829
1754107200,2025-08-02 04:00:00,2928.533,2929.908,2919.694,2922.06
1754110800,2025-08-02 05:00:00,2921.877,2929.566,2920.868,2925.672
1754114400,2025-08-02 06:00:00,2925.591,2925.737,2918.458,2918.458
1754118000,2025-08-02 07:00:00,2918.673,2925.652,2915.281,2925.568
1754121600,2025-08-02 08:00:00,2925.642,2929.585,2920.415,2924.532
1754125200,2025-08-02 09:00:00,2924.581,2931.54,2921.852,2927.732
1754128800,2025-08-02 10:00:00,2927.785,2938.07,2924.295,2937.249
1754132400,2025-08-02 11:00:00,2937.611,2938.462,2927.375,2928.676
1754136000,2025-08-02 12:00:00,2928.77,2935.898,2926.001,2928.272
1754139600,2025-08-02 13:00:00,2928.18,2928.465,2918.75,2923.905
1754143200,2025-08-02 14:00:00,2923.919,2927.345,2916.194,2924.104
1754146800,2025-08-02 15:00:00,2924.322,2938.301,2922.6,2937.325
1754150400,2025-08-02 16:00:00,2937.539,2941.936,2933.357,2938.944
1754154000,2025-08-02 17:00:00,2938.827,2945.02,2935.757,2940.627
1754157600,2025-08-02 18:00:00,2940.69,2944.893,2934.014,2944.51
1754161200,2025-08-02 19:00:00,2944.341,2950.511,2941.625,2947.719
1754164800,2025-08-02 20:00:00,2947.761,2956.019,2943.516,2949.99
1754168400,2025-08-02 21:00:00,2949.965,2971.137,2947.406,2970.954
1754172000,2025-08-02 22:00:00,2970.749,2975.838,2962.823,2972.329
1754175600,2025-08-02 23:00:00,2972.417,2982.981,2970.637,2982.035
1754179200,2025-08-03 00:00:00,2981.628,2986.295,2973.036,2975.047
1754182800,2025-08-03 01:00:00,2975.386,2976.948,2967.2,2971.883
1754186400,2025-08-03 02:00:00,2972.054,2978.506,2967.153,2967.233
1754190000,2025-08-03 03:00:00,2966.96,2980.225,2962.291,2979.137
1754193600,2025-08-03 04:00:00,2979.008,2984.779,2971.168,2972.238
1754197200,2025-08-03 05:00:00,2971.8,2990.612,2969.979,2987.722
1754200800,2025-08-03 06:00:00,2987.47,2991.781,2984.079,2987.142
1754204400,2025-08-03 07:00:00,2986.913,2987.608,2974.386,2976.992
1754208000,2025-08-03 08:00:00,2976.807,2980.92,2971.09,2973.363
1754211600,2025-08-03 09:00:00,2973.429,2978.716,2965.175,2976.587
1754215200,2025-08-03 10:00:00,2977.082,2977.082,2966.361,2975.584
1754218800,2025-08-03 11:00:00,2975.332,2984.538,2972.074,2980.172
1754222400,2025-08-03 12:00:00,2980.207,2985.304,2976.867,2981.365
1754226000,2025-08-03 13:00:00,2981.298,2982.879,2973.373,2978.429
1754229600,2025-08-03 14:00:00,2978.183,2992.951,2975.772,2987.962
1754233200,2025-08-03 15:00:00,2987.771,2988.383,2981.476,2984.12
1754236800,2025-08-03 16:00:00,2984.202,2993.705,2977.777,2993.705
1754240400,2025-08-03 17:00:00,2993.9,3005.695,2992.357,3003.269
1754244000,2025-08-03 18:00:00,3003.527,3009.389,2999.192,3006.31
1754247600,2025-08-03 19:00:00,3006.324,3020.704,3005.334,3013.96
1754251200,2025-08-03 20:00:00,3013.986,3014.573,2998.671,3005.341
1754254800,2025-08-03 21:00:00,3005.239,3010.774,2996.521,2996.591
1754258400,2025-08-03 22:00:00,2996.727,3001.842,2992.467,2996.018
1754262000,2025-08-03 23:00:00,2996.166,2996.413,2987.18,2993.329
1754265600,2025-08-04 00:00:00,2993.415,3003.119,2981.391,2983.811
1754269200,2025-08-04 01:00:00,2983.737,2993.048,2978.696,2987.78
1754272800,2025-08-04 02:00:00,2987.891,2993.146,2985.058,2988.538
1754276400,2025-08-04 03:00:00,2988.816,3002.418,2988.816,2994.998
1754280000,2025-08-04 04:00:00,2994.903,3002.594,2993.832,3000.094
1754283600,2025-08-04 05:00:00,3000.223,3001.789,2982.797,2994.473
1754287200,2025-08-04 06:00:00,2994.749,2995.806,2981.255,2983.373
1754290800,2025-08-04 07:00:00,2983.212,2985.018,2978.114,2979.509
1754294400,2025-08-04 08:00:00,2979.206,2982.713,2970.857,2979.23
1754298000,2025-08-04 09:00:00,2979.612,2985.285,2975.704,2983.247
1754301600,2025-08-04 10:00:00,2983.341,2995.477,2982.954,2994.259
1754305200,2025-08-04 11:00:00,2994.098,3002.911,2989.075,2997.736
1754308800,2025-08-04 12:00:00,2997.723,2997.907,2987.04,2989.137
1754312400,2025-08-04 13:00:00,2989.318,2992.679,2986.587,2989.82
1754316000,2025-08-04 14:00:00,2989.901,3001.977,2987.555,3001.977
1754319600,2025-08-04 15:00:00,3002.187,3009.596,2999.513,3008.719
1754323200,2025-08-04 16:00:00,3008.598,3009.02,2991.201,2993.393
1754326800,2025-08-04 17:00:00,2993.551,2995.309,2984.763,2987.863
1754330400,2025-08-04 18:00:00,2987.309,2988.848,2965.996,2965.996
1754334000,2025-08-04 19:00:00,2966.155,2967.953,2958.206,2959.164
1754337600,2025-08-04 20:00:00,2959.132,2959.775,2947.535,2949.574
1754341200,2025-08-04 21:00:00,2949.604,2956.608,2940.709,2943.425
1754344800,2025-08-04 22:00:00,2943.588,2946.391,2939.054,2944.873
1754348400,2025-08-04 23:00:00,2944.852,2946.154,2935.511,2938.036
1754352000,2025-08-05 00:00:00,2938.138,2943.845,2936.917,2941.676
1754355600,2025-08-05 01:00:00,2941.673,2951.576,2941.019,2949.607
1754359200,2025-08-05 02:00:00,2949.608,2952.404,2943.804,2945.272
1754362800,2025-08-05 03:00:00,2945.451,2946.448,2934.189,2937.613
1754366400,2025-08-05 04:00:00,2937.905,2944.989,2932.053,2941.566
1754370000,2025-08-05 05:00:00,2941.763,2941.816,2922.164,2922.728
1754373600,2025-08-05 06:00:00,2922.624,2925.567,2913.137,2916.262
1754377200,2025-08-05 07:00:00,2916.468,2934.686,2914.907,2932.463
1754380800,2025-08-05 08:00:00,2932.359,2934.295,2926.318,2928.472
1754384400,2025-08-05 09:00:00,2928.756,2935.564,2922.882,2927.253
1754388000,2025-08-05 10:00:00,2927.145,2938.866,2924.663,2931.233
1754391600,2025-08-05 11:00:00,2931.272,2940.071,2929.596,2930.367
1754395200,2025-08-05 12:00:00,2930.471,2931.331,2921.231,2922.448
1754398800,2025-08-05 13:00:00,2922.512,2925.713,2917.096,2924.691
1754402400,2025-08-05 14:00:00,2924.953,2926.875,2919.204,2921.096
1754406000,2025-08-05 15:00:00,2921.281,2924.132,2911.851,2921.234
1754409600,2025-08-05 16:00:00,2921.169,2942.364,2919.858,2938.776
1754413200,2025-08-05 17:00:00,2938.631,2939.744,2928.214,2928.214
1754416800,2025-08-05 18:00:00,2927.901,2927.979,2917.278,2924.868
1754420400,2025-08-05 19:00:00,2924.758,2929.344,2920.345,2922.983
1754424000,2025-08-05 20:00:00,2922.97,2924.79,2917.502,2921.161
1754427600,2025-08-05 21:00:00,2921.271,2930.94,2920.578,2922.22
1754431200,2025-08-05 22:00:00,2921.96,2922.89,2910.96,2914.444
1754434800,2025-08-05 23:00:00,2914.39,2918.823,2909.395,2916.525
1754438400,2025-08-06 00:00:00,2916.856,2924.713,2914.444,2921.192
1754442000,2025-08-06 01:00:00,2921.369,2927.804,2916.618,2919.603
1754445600,2025-08-06 02:00:00,2919.331,2923.857,2913.979,2916.804
1754449200,2025-08-06 03:00:00,2916.738,2925.656,2915.784,2915.846
1754452800,2025-08-06 04:00:00,2916.044,2920.283,2905.604,2907.878
1754456400,2025-08-06 05:00:00,2908.036,2921.749,2905.279,2919.247
1754460000,2025-08-06 06:00:00,2919.16,2921.952,2913.942,2916.984
1754463600,2025-08-06 07:00:00,2916.983,2917.21,2895.564,2900.202
1754467200,2025-08-06 08:00:00,2900.144,2905.878,2896.716,2899.257
1754470800,2025-08-06 09:00:00,2899.113,2903.577,2894.205,2901.67
1754474400,2025-08-06 10:00:00,2901.566,2910.831,2898.57,2910.038
1754478000,2025-08-06 11:00:00,2909.964,2920.208,2906.239,2908.089
1754481600,2025-08-06 12:00:00,2908.437,2922.314,2903.224,2920.634
1754485200,2025-08-06 13:00:00,2920.51,2930.244,2919.366,2924.557
1754488800,2025-08-06 14:00:00,2924.562,2926.843,2912.024,2912.34
1754492400,2025-08-06 15:00:00,2912.471,2919.58,2907.635,2913.737
1754496000,2025-08-06 16:00:00,2913.703,2919.569,2908.028,2914.999
1754499600,2025-08-06 17:00:00,2915.084,2917.841,2908.732,2910.732
1754503200,2025-08-06 18:00:00,2910.778,2920.955,2908.127,2917.813
1754506800,2025-08-06 19:00:00,2917.826,2924.292,2915.13,2915.809
1754510400,2025-08-06 20:00:00,2915.969,2917.182,2909.996,2912.522
1754514000,2025-08-06 21:00:00,2912.399,2913.158,2902.155,2902.598
1754517600,2025-08-06 22:00:00,2902.407,2913.929,2901.167,2908.985
1754521200,2025-08-06 23:00:00,2908.976,2909.872,2894.125,2897.222
1754524800,2025-08-07 00:00:00,2897.376,2903.105,2894.057,2896.109
1754528400,2025-08-07 01:00:00,2896.23,2911.058,2894.839,2909.514
1754532000,2025-08-07 02:00:00,2909.61,2910.491,2901.571,2905.382
1754535600,2025-08-07 03:00:00,2905.321,2914.991,2900.006,2900.814
1754539200,2025-08-07 04:00:00,2900.874,2909.774,2898.221,2903.638
1754542800,2025-08-07 05:00:00,2903.598,2903.598,2892.831,2899.596
1754546400,2025-08-07 06:00:00,2899.463,2906.776,2897.039,2905.094
1754550000,2025-08-07 07:00:00,2905.191,2911.521,2903.031,2905.578
1754553600,2025-08-07 08:00:00,2905.313,2909.086,2897.418,2898.617
1754557200,2025-08-07 09:00:00,2898.684,2898.939,2890.695,2895.26
1754560800,2025-08-07 10:00:00,2895.286,2899.667,2891.508,2893.654
1754564400,2025-08-07 11:00:00,2893.665,2906.366,2890.574,2904.366
1754568000,2025-08-07 12:00:00,2904.49,2915.972,2904.176,2913.241
1754571600,2025-08-07 13:00:00,2913.274,2914.797,2905.153,2906.219
1754575200,2025-08-07 14:00:00,2906.098,2912.656,2904.649,2908.046
1754578800,2025-08-07 15:00:00,2907.998,2909.745,2896.26,2897.621
1754582400,2025-08-07 16:00:00,2897.566,2908.938,2895.643,2908.807
1754586000,2025-08-07 17:00:00,2908.701,2912.878,2899.824,2900.211
1754589600,2025-08-07 18:00:00,2900.122,2915.156,2896.161,2915.029
1754593200,2025-08-07 19:00:00,2914.889,2918.636,2911.614,2915.451
1754596800,2025-08-07 20:00:00,2915.282,2923.076,2913.132,2918.933
1754600400,2025-08-07 21:00:00,2918.638,2921.326,2912.515,2917.09
1754604000,2025-08-07 22:00:00,2916.897,2926.222,2916.015,2920.434
1754607600,2025-08-07 23:00:00,2920.532,2924.443,2913.724,2920.925
1754611200,2025-08-08 00:00:00,2921.233,2936.568,2919.978,2936.568
1754614800,2025-08-08 01:00:00,2936.283,2944.868,2933.479,2938.129
1754618400,2025-08-08 02:00:00,2938.257,2941.192,2931.004,2938.217
1754622000,2025-08-08 03:00:00,2938.298,2938.4,2929.622,2935.502
1754625600,2025-08-08 04:00:00,2935.328,2939.753,2930.551,2930.798
1754629200,2025-08-08 05:00:00,2930.968,2942.172,2928.568,2941.096
1754632800,2025-08-08 06:00:00,2941.216,2947.69,2937.967,2942.543
1754636400,2025-08-08 07:00:00,2942.405,2945.461,2935.337,2941.059
1754640000,2025-08-08 08:00:00,2941.171,2941.336,2916.525,2919.279
1754643600,2025-08-08 09:00:00,2919.375,2926.142,2916.67,2922.346
1754647200,2025-08-08 10:00:00,2922.621,2933.264,2922.277,2929.987
1754650800,2025-08-08 11:00:00,2930.121,2936.338,2928.49,2929.232
1754654400,2025-08-08 12:00:00,2929.482,2931.504,2923.301,2926.509
1754658000,2025-08-08 13:00:00,2926.802,2945.868,2926.802,2942.128
1754661600,2025-08-08 14:00:00,2941.584,2959.534,2937.606,2959.073
1754665200,2025-08-08 15:00:00,2958.837,2979.051,2953.482,2972.413
1754668800,2025-08-08 16:00:00,2972.388,2974.408,2964.731,2966.955
1754672400,2025-08-08 17:00:00,2967.032,2969.299,2957.013,2961.246
1754676000,2025-08-08 18:00:00,2961.314,2971.613,2957.355,2966.67
1754679600,2025-08-08 19:00:00,2966.404,2970.239,2957.562,2966.956
1754683200,2025-08-08 20:00:00,2966.833,2978.968,2966.809,2970.637
1754686800,2025-08-08 21:00:00,2970.597,2972.115,2964.549,2964.686
1754690400,2025-08-08 22:00:00,2964.879,2966.56,2955.483,2955.929
1754694000,2025-08-08 23:00:00,2955.865,2957.5,2945.493,2948.09
1754697600,2025-08-09 00:00:00,2948.106,2957.481,2942.719,2952.771
1754701200,2025-08-09 01:00:00,2952.654,2954.848,2933.418,2934.994
1754704800,2025-08-09 02:00:00,2934.767,2935.058,2922.283,2926.965
1754708400,2025-08-09 03:00:00,2927.015,2942.433,2926.616,2939.751
1754712000,2025-08-09 04:00:00,2939.803,2957.198,2938.317,2951.99
1754715600,2025-08-09 05:00:00,2952.162,2959.427,2949.117,2958.315
1754719200,2025-08-09 06:00:00,2958.201,2967.401,2957.563,2965.478
1754722800,2025-08-09 07:00:00,2965.364,2967.383,2957.397,2959.136
1754726400,2025-08-09 08:00:00,2959.001,2959.425,2947.587,2952.074
1754730000,2025-08-09 09:00:00,2951.942,2954.799,2944.918,2950.714
1754733600,2025-08-09 10:00:00,2950.467,2951.946,2935.997,2939.52
1754737200,2025-08-09 11:00:00,2939.368,2941.379,2925.011,2934.942
1754740800,2025-08-09 12:00:00,2934.842,2947.796,2933.635,2940.665
1754744400,2025-08-09 13:00:00,2940.778,2946.327,2935.089,2945.253
1754748000,2025-08-09 14:00:00,2945.392,2947.058,2934.155,2935.143
1754751600,2025-08-09 15:00:00,2935.2,2935.906,2927.545,2929.121
1754755200,2025-08-09 16:00:00,2928.896,2929.769,2919.61,2923.201
1754758800,2025-08-09 17:00:00,2923.24,2923.835,2909.371,2910.263
1754762400,2025-08-09 18:00:00,2910.07,2920.585,2909.894,2913.791
1754766000,2025-08-09 19:00:00,2913.782,2922.452,2912.822,2917.533
1754769600,2025-08-09 20:00:00,2917.718,2928.575,2913.668,2927.76
1754773200,2025-08-09 21:00:00,2927.731,2932.063,2918.223,2930.975
1754776800,2025-08-09 22:00:00,2930.78,2932.168,2920.593,2927.459
1754780400,2025-08-09 23:00:00,2927.544,2928.162,2914.769,2916.684
1754784000,2025-08-10 00:00:00,2916.723,2926.677,2912.008,2918.8
1754787600,2025-08-10 01:00:00,2918.55,2923.088,2908.059,2909.49
1754791200,2025-08-10 02:00:00,2909.663,2910.729,2903.329,2910.402
1754794800,2025-08-10 03:00:00,2910.497,2913.026,2905.205,2905.784
1754798400,2025-08-10 04:00:00,2905.764,2910.766,2899.802,2904.117
1754802000,2025-08-10 05:00:00,2904.026,2904.458,2883.268,2883.268
1754805600,2025-08-10 06:00:00,2883.117,2894.693,2880.256,2894.367
1754809200,2025-08-10 07:00:00,2894.218,2908.843,2891.46,2907.605
1754812800,2025-08-10 08:00:00,2907.693,2913.588,2899.986,2904.204
1754816400,2025-08-10 09:00:00,2904.28,2904.711,2891.94,2895.268
1754820000,2025-08-10 10:00:00,2895.466,2895.999,2882.314,2887.416
1754823600,2025-08-10 11:00:00,2887.43,2892.225,2866.407,2866.672
1754827200,2025-08-10 12:00:00,2867.015,2874.201,2865.108,2873.726
1754830800,2025-08-10 13:00:00,2873.641,2881.086,2867.799,2880.715
1754834400,2025-08-10 14:00:00,2880.81,2891.003,2873.244,2874.743
1754838000,2025-08-10 15:00:00,2874.726,2875.124,2862.695,2867.123
1754841600,2025-08-10 16:00:00,2866.814,2866.814,2850.547,2855.751
1754845200,2025-08-10 17:00:00,2855.611,2857.299,2848.262,2852.259
1754848800,2025-08-10 18:00:00,2852.38,2853.82,2846.257,2851.226
1754852400,2025-08-10 19:00:00,2851.249,2867.627,2847.259,2865.476
1754856000,2025-08-10 20:00:00,2865.597,2878.529,2865.566,2877.025
1754859600,2025-08-10 21:00:00,2877.079,2877.42,2864.124,2864.284
1754863200,2025-08-10 22:00:00,2864.465,2868.442,2860.153,2862.13
1754866800,2025-08-10 23:00:00,2862.039,2868.398,2857.965,2863.967
1754870400,2025-08-11 00:00:00,2863.974,2867.188,2855.708,2855.708
1754874000,2025-08-11 01:00:00,2855.758,2865.013,2850.952,2861.323
1754877600,2025-08-11 02:00:00,2861.356,2861.955,2846.08,2852.079
1754881200,2025-08-11 03:00:00,2851.683,2854.965,2835.03,2835.03
1754884800,2025-08-11 04:00:00,2835.013,2845.794,2830.239,2831.143
1754888400,2025-08-11 05:00:00,2831.461,2846.729,2831.454,2845.367
1754892000,2025-08-11 06:00:00,2845.411,2845.827,2838.246,2841.501
1754895600,2025-08-11 07:00:00,2841.788,2844.587,2838.25,2843.967
1754899200,2025-08-11 08:00:00,2844.184,2859.605,2842.918,2858.946
1754902800,2025-08-11 09:00:00,2858.75,2860.401,2841.606,2845.598
1754906400,2025-08-11 10:00:00,2845.611,2847.953,2834.162,2834.954
1754910000,2025-08-11 11:00:00,2834.94,2835.279,2819.999,2823.271
1754913600,2025-08-11 12:00:00,2823.336,2826.296,2816.184,2821.51
1754917200,2025-08-11 13:00:00,2821.673,2825.041,2814.404,2822.581
1754920800,2025-08-11 14:00:00,2822.524,2832.328,2821.994,2823.09
1754924400,2025-08-11 15:00:00,2823.006,2830.167,2816.785,2817.552
1754928000,2025-08-11 16:00:00,2817.822,2818.863,2811.275,2814.083
1754931600,2025-08-11 17:00:00,2814.163,2833.096,2812.862,2824.965
1754935200,2025-08-11 18:00:00,2825.038,2836.176,2825.038,2830.825
1754938800,2025-08-11 19:00:00,2830.908,2831.863,2820.735,2827.169
1754942400,2025-08-11 20:00:00,2827.465,2835.52,2825.483,2835.52
1754946000,2025-08-11 21:00:00,2835.495,2838.675,2828.672,2837.163
1754949600,2025-08-11 22:00:00,2837.24,2845.753,2834.31,2842.795
1754953200,2025-08-11 23:00:00,2843.06,2844.975,2823.129,2827.641
1754956800,2025-08-12 00:00:00,2827.418,2838.106,2826.02,2829.132
1754960400,2025-08-12 01:00:00,2829.348,2833.943,2826.352,2826.846
1754964000,2025-08-12 02:00:00,2826.849,2837.821,2822.419,2824.99
1754967600,2025-08-12 03:00:00,2824.781,2827.047,2809.403,2810.802
1754971200,2025-08-12 04:00:00,2811.005,2812.889,2798.817,2798.997
1754974800,2025-08-12 05:00:00,2798.851,2801.232,2788.17,2789.177
1754978400,2025-08-12 06:00:00,2789.354,2792.282,2783.495,2791.243
1754982000,2025-08-12 07:00:00,2791.618,2795.868,2786.275,2788.615
1754985600,2025-08-12 08:00:00,2788.512,2790.042,2775.424,2776.197
1754989200,2025-08-12 09:00:00,2776.168,2777.251,2764.967,2767.657
1754992800,2025-08-12 10:00:00,2767.67,2770.039,2760.549,2765.443
1754996400,2025-08-12 11:00:00,2765.244,2775.111,2762.811,2770.829
1755000000,2025-08-12 12:00:00,2770.753,2774.656,2766.33,2769.068
1755003600,2025-08-12 13:00:00,2769.27,2775.956,2762.98,2774.831
1755007200,2025-08-12 14:00:00,2774.656,2774.656,2761.349,2762.279
1755010800,2025-08-12 15:00:00,2762.303,2762.715,2751.569,2757.501
1755014400,2025-08-12 16:00:00,2757.406,2760.737,2749.249,2750.365
1755018000,2025-08-12 17:00:00,2750.075,2752.305,2741.393,2749.988
1755021600,2025-08-12 18:00:00,2750.029,2752.693,2739.22,2748.746
1755025200,2025-08-12 19:00:00,2748.397,2753.362,2740.565,2744.209
1755028800,2025-08-12 20:00:00,2744.041,2751.981,2741.707,2749.847
1755032400,2025-08-12 21:00:00,2749.725,2756.954,2749.387,2753.444
1755036000,2025-08-12 22:00:00,2753.427,2757.57,2749.342,2749.917
1755039600,2025-08-12 23:00:00,2750.202,2750.938,2742.94,2743.483
1755043200,2025-08-13 00:00:00,2743.462,2750.547,2741.57,2747.196
1755046800,2025-08-13 01:00:00,2746.929,2749.591,2740.611,2742.855
1755050400,2025-08-13 02:00:00,2742.835,2743.274,2733.64,2741.668
1755054000,2025-08-13 03:00:00,2741.63,2742.223,2729.753,2737.902
1755057600,2025-08-13 04:00:00,2738.002,2748.497,2734.508,2743.987
1755061200,2025-08-13 05:00:00,2743.825,2747.37,2736.728,2737.929
1755064800,2025-08-13 06:00:00,2737.737,2748.645,2736.528,2738.941
1755068400,2025-08-13 07:00:00,2738.722,2743.467,2732.056,2742.815
1755072000,2025-08-13 08:00:00,2742.973,2742.973,2730.57,2738.398
1755075600,2025-08-13 09:00:00,2738.375,2742.836,2729.462,2738.231
1755079200,2025-08-13 10:00:00,2738.513,2742.756,2732.377,2736.015
1755082800,2025-08-13 11:00:00,2736.056,2737.499,2727.262,2729.631
1755086400,2025-08-13 12:00:00,2729.395,2733.333,2722.388,2722.388
1755090000,2025-08-13 13:00:00,2722.386,2727.939,2720.662,2724.299
1755093600,2025-08-13 14:00:00,2724.352,2731.903,2723.636,2730.506
1755097200,2025-08-13 15:00:00,2730.556,2739.597,2727.565,2729.438
1755100800,2025-08-13 16:00:00,2729.319,2731.084,2715.935,2716.112
1755104400,2025-08-13 17:00:00,2715.97,2716.78,2701.627,2707.383
1755108000,2025-08-13 18:00:00,2707.238,2721.775,2707.238,2715.258
1755111600,2025-08-13 19:00:00,2715.217,2716.828,2698.496,2699.586
1755115200,2025-08-13 20:00:00,2699.53,2704.576,2693.683,2703.517
1755118800,2025-08-13 21:00:00,2703.77,2708.399,2696.387,2701.876
1755122400,2025-08-13 22:00:00,2702.271,2706.423,2697.975,2698.067
1755126000,2025-08-13 23:00:00,2698.184,2700.959,2686.833,2688.302
1755129600,2025-08-14 00:00:00,2688.095,2694.59,2683.64,2694.573
1755133200,2025-08-14 01:00:00,2694.585,2703.217,2692.096,2692.879
1755136800,2025-08-14 02:00:00,2692.667,2696.161,2688.261,2688.908
1755140400,2025-08-14 03:00:00,2688.737,2693.992,2683.211,2693.937
1755144000,2025-08-14 04:00:00,2693.809,2696.678,2683.749,2688.324
1755147600,2025-08-14 05:00:00,2688.05,2694.853,2686.769,2690.39
1755151200,2025-08-14 06:00:00,2690.495,2694.798,2683.602,2686.059
1755154800,2025-08-14 07:00:00,2686.259,2698.083,2684.187,2697.303
1755158400,2025-08-14 08:00:00,2697.259,2712.355,2694.962,2709.544
1755162000,2025-08-14 09:00:00,2709.298,2726.289,2709.046,2722.832
1755165600,2025-08-14 10:00:00,2722.87,2733.86,2722.499,2729.957
1755169200,2025-08-14 11:00:00,2729.741,2731.352,2713.897,2717.245
1755172800,2025-08-14 12:00:00,2717.09,2720.072,2711.22,2716.045
1755176400,2025-08-14 13:00:00,2716.055,2720.666,2710.416,2710.416
1755180000,2025-08-14 14:00:00,2710.139,2711.647,2704.955,2706.801
1755183600,2025-08-14 15:00:00,2706.704,2711.367,2695.395,2699.102
1755187200,2025-08-14 16:00:00,2699.075,2709.079,2699.075,2709.025
1755190800,2025-08-14 17:00:00,2709.178,2715.473,2708.702,2714.018
1755194400,2025-08-14 18:00:00,2714.23,2734.856,2714.044,2734.733
1755198000,2025-08-14 19:00:00,2734.826,2737.19,2728.535,2737.114
1755201600,2025-08-14 20:00:00,2737.198,2747.465,2735.935,2746.737
1755205200,2025-08-14 21:00:00,2746.478,2757.245,2743.568,2755.229
1755208800,2025-08-14 22:00:00,2755.168,2768.745,2755.168,2768.745
1755212400,2025-08-14 23:00:00,2768.547,2770.254,2757.091,2757.884
1755216000,2025-08-15 00:00:00,2757.743,2767.435,2752.353,2766.816
1755219600,2025-08-15 01:00:00,2766.799,2771.759,2758.133,2761.542
1755223200,2025-08-15 02:00:00,2761.505,2761.653,2746.762,2752.179
1755226800,2025-08-15 03:00:00,2752.12,2763.503,2750.72,2760.643
1755230400,2025-08-15 04:00:00,2760.783,2762.242,2749.354,2752.119
1755234000,2025-08-15 05:00:00,2752.364,2752.834,2746.824,2750.751
1755237600,2025-08-15 06:00:00,2750.615,2756.769,2747.911,2748.57
1755241200,2025-08-15 07:00:00,2748.502,2749.669,2743.706,2745.463
1755244800,2025-08-15 08:00:00,2745.662,2749.971,2742.467,2744.722
1755248400,2025-08-15 09:00:00,2744.968,2745.17,2727.307,2730.264
1755252000,2025-08-15 10:00:00,2730.313,2736.66,2730.244,2736.66
1755255600,2025-08-15 11:00:00,2736.738,2744.125,2731.766,2735.01
1755259200,2025-08-15 12:00:00,2735.07,2745.113,2733.889,2743.178
1755262800,2025-08-15 13:00:00,2742.82,2753.125,2739.162,2750.065
1755266400,2025-08-15 14:00:00,2749.975,2752.672,2739.458,2740.335
1755270000,2025-08-15 15:00:00,2740.162,2746.168,2735.133,2736.216
1755273600,2025-08-15 16:00:00,2735.85,2746.585,2734.814,2743.203
1755277200,2025-08-15 17:00:00,2742.895,2749.811,2739.516,2747.698
1755280800,2025-08-15 18:00:00,2747.193,2748.791,2742.687,2746.327
1755284400,2025-08-15 19:00:00,2746.267,2750.363,2742.522,2744.868
1755288000,2025-08-15 20:00:00,2745.008,2750.631,2744.636,2749.469
1755291600,2025-08-15 21:00:00,2749.495,2750.667,2741.93,2747.045
1755295200,2025-08-15 22:00:00,2747.079,2747.147,2738.415,2743.849
1755298800,2025-08-15 23:00:00,2744.035,2764.318,2743.59,2763.015
1755302400,2025-08-16 00:00:00,2763.213,2767.472,2761.095,2764.359
1755306000,2025-08-16 01:00:00,2764.446,2773.155,2764.314,2768.306
1755309600,2025-08-16 02:00:00,2768.515,2773.456,2766.47,2773.054
1755313200,2025-08-16 03:00:00,2772.824,2776.015,2765.578,2772.333
1755316800,2025-08-16 04:00:00,2772.126,2778.069,2768.838,2777.431
1755320400,2025-08-16 05:00:00,2777.266,2779.379,2766.561,2772.14
1755324000,2025-08-16 06:00:00,2772.09,2781.586,2765.513,2780.773
1755327600,2025-08-16 07:00:00,2780.815,2782.243,2762.063,2768.949
1755331200,2025-08-16 08:00:00,2768.548,2779.46,2764.637,2777.804
1755334800,2025-08-16 09:00:00,2777.789,2782.051,2762.56,2765.998
1755338400,2025-08-16 10:00:00,2765.905,2769.974,2763.254,2768.08
1755342000,2025-08-16 11:00:00,2768.236,2770.773,2760.609,2760.862
1755345600,2025-08-16 12:00:00,2760.834,2761.251,2752.935,2755.02
1755349200,2025-08-16 13:00:00,2754.782,2764.548,2754.524,2764.233
1755352800,2025-08-16 14:00:00,2764.44,2764.44,2746.439,2746.851
1755356400,2025-08-16 15:00:00,2747.045,2763.164,2746.203,2761.761
1755360000,2025-08-16 16:00:00,2761.492,2768.396,2759.201,2767.923
1755363600,2025-08-16 17:00:00,2767.615,2771.822,2763.036,2769.921
1755367200,2025-08-16 18:00:00,2769.868,2778.107,2768.074,2778.107
1755370800,2025-08-16 19:00:00,2778.05,2781.943,2774.726,2780.64
1755374400,2025-08-16 20:00:00,2780.519,2783.21,2769.737,2773.5
1755378000,2025-08-16 21:00:00,2773.454,2776.798,2769.098,2771.754
1755381600,2025-08-16 22:00:00,2771.718,2776.869,2764.941,2776.615
1755385200,2025-08-16 23:00:00,2776.485,2784.603,2773.699,2779.919
1755388800,2025-08-17 00:00:00,2779.847,2784.774,2774.603,2783.697
1755392400,2025-08-17 01:00:00,2783.72,2794.138,2783.594,2790.151
1755396000,2025-08-17 02:00:00,2789.966,2801.517,2788.4,2799.636
1755399600,2025-08-17 03:00:00,2799.574,2804.923,2795.344,2796.177
1755403200,2025-08-17 04:00:00,2796.091,2796.441,2788.229,2793.069
1755406800,2025-08-17 05:00:00,2793.275,2803.713,2792.542,2802.663
1755410400,2025-08-17 06:00:00,2802.464,2807.647,2791.965,2792.633
1755414000,2025-08-17 07:00:00,2792.849,2796.789,2786.896,2787.07
1755417600,2025-08-17 08:00:00,2787.115,2797.254,2785.342,2794.327
1755421200,2025-08-17 09:00:00,2794.206,2813.143,2793.796,2811.589
1755424800,2025-08-17 10:00:00,2811.56,2823.874,2809.713,2823.402
1755428400,2025-08-17 11:00:00,2823.238,2824.803,2815.629,2816.22
1755432000,2025-08-17 12:00:00,2816.227,2817.583,2805.852,2809.174
1755435600,2025-08-17 13:00:00,2808.962,2818.199,2807.964,2817.693
1755439200,2025-08-17 14:00:00,2817.511,2819.945,2803.704,2806.012
1755442800,2025-08-17 15:00:00,2805.95,2812.287,2802.396,2808.411
1755446400,2025-08-17 16:00:00,2808.786,2822.234,2806.372,2821.967
1755450000,2025-08-17 17:00:00,2821.694,2838.546,2821.025,2837.267
1755453600,2025-08-17 18:00:00,2837.322,2840.266,2830.869,2838.771
1755457200,2025-08-17 19:00:00,2838.416,2845.516,2835.345,2845.439
1755460800,2025-08-17 20:00:00,2845.182,2860.216,2842.509,2858.976
1755464400,2025-08-17 21:00:00,2858.895,2860.265,2847.987,2849.496
1755468000,2025-08-17 22:00:00,2849.31,2858.361,2845.852,2853.037
1755471600,2025-08-17 23:00:00,2853.025,2857.208,2833.288,2838.439
1755475200,2025-08-18 00:00:00,2838.332,2845.123,2837.686,2840.729
1755478800,2025-08-18 01:00:00,2840.718,2841.713,2834.555,2839.707
1755482400,2025-08-18 02:00:00,2839.883,2841.857,2833.555,2838.764
1755486000,2025-08-18 03:00:00,2838.649,2846.713,2833.007,2842.535
1755489600,2025-08-18 04:00:00,2842.639,2843.701,2832.389,2837.11
1755493200,2025-08-18 05:00:00,2837.362,2844.036,2833.261,2833.86
1755496800,2025-08-18 06:00:00,2833.913,2836.394,2818.576,2821.085
1755500400,2025-08-18 07:00:00,2820.895,2826.73,2820.08,2822.68
1755504000,2025-08-18 08:00:00,2822.479,2828.525,2818.935,2821.975
1755507600,2025-08-18 09:00:00,2821.842,2824.255,2811.964,2817.382
1755511200,2025-08-18 10:00:00,2817.454,2823.149,2811.484,2820.496
1755514800,2025-08-18 11:00:00,2820.349,2821.141,2808.345,2808.697
1755518400,2025-08-18 12:00:00,2808.945,2811.006,2798.772,2803.129
1755522000,2025-08-18 13:00:00,2803.409,2812.397,2802.812,2805.464
1755525600,2025-08-18 14:00:00,2805.486,2811.998,2801.312,2805.638
1755529200,2025-08-18 15:00:00,2805.602,2805.798,2797.418,2799.091
1755532800,2025-08-18 16:00:00,2799.355,2810.484,2798.038,2809.222
1755536400,2025-08-18 17:00:00,2809.499,2809.793,2792.527,2793.003
1755540000,2025-08-18 18:00:00,2793.091,2793.091,2783.374,2787.847
1755543600,2025-08-18 19:00:00,2787.938,2792.124,2784.428,2784.955
1755547200,2025-08-18 20:00:00,2785.095,2785.634,2771.432,2777.319
1755550800,2025-08-18 21:00:00,2777.311,2782.495,2771.265,2772.052
1755554400,2025-08-18 22:00:00,2771.977,2776.456,2767.44,2772.213
1755558000,2025-08-18 23:00:00,2772.153,2791.92,2772.067,2786.128
1755561600,2025-08-19 00:00:00,2786.005,2787.681,2772.803,2773.374
1755565200,2025-08-19 01:00:00,2773.294,2774.39,2759.027,2761.883
1755568800,2025-08-19 02:00:00,2761.874,2769.271,2758.1,2759.541
1755572400,2025-08-19 03:00:00,2759.746,2773.751,2759.544,2769.391
1755576000,2025-08-19 04:00:00,2769.336,2787.39,2768.37,2787.291
1755579600,2025-08-19 05:00:00,2787.024,2795.636,2781.396,2794.474
1755583200,2025-08-19 06:00:00,2794.343,2801.299,2792.862,2796.691
1755586800,2025-08-19 07:00:00,2796.663,2813.934,2796.663,2810.524
1755590400,2025-08-19 08:00:00,2810.771,2815.106,2806.068,2808.61
1755594000,2025-08-19 09:00:00,2808.48,2814.43,2804.513,2813.97
1755597600,2025-08-19 10:00:00,2813.827,2816.629,2807.2,2809.437
1755601200,2025-08-19 11:00:00,2809.391,2809.43,2798.736,2799.667
1755604800,2025-08-19 12:00:00,2799.752,2819.029,2796.687,2818.072
1755608400,2025-08-19 13:00:00,2818.362,2819.746,2810.112,2812.33
1755612000,2025-08-19 14:00:00,2812.125,2813.958,2806.522,2809.913
1755615600,2025-08-19 15:00:00,2809.829,2811.83,2799.381,2804.328
1755619200,2025-08-19 16:00:00,2804.036,2804.17,2793.507,2794.658
1755622800,2025-08-19 17:00:00,2794.86,2804.516,2791.589,2803.622
1755626400,2025-08-19 18:00:00,2803.765,2807.063,2797.612,2804.934
1755630000,2025-08-19 19:00:00,2804.832,2819.138,2803.727,2815.298
1755633600,2025-08-19 20:00:00,2815.387,2822.354,2808.078,2810.275
1755637200,2025-08-19 21:00:00,2810.406,2812.882,2806.05,2812.064
1755640800,2025-08-19 22:00:00,2811.995,2816.317,2803.591,2810.468
1755644400,2025-08-19 23:00:00,2810.289,2813.879,2806.513,2813.879
1755648000,2025-08-20 00:00:00,2814.049,2821.615,2809.923,2818.881
1755651600,2025-08-20 01:00:00,2818.856,2825.717,2813.537,2817.567
1755655200,2025-08-20 02:00:00,2817.467,2825.241,2815.364,2821.399
1755658800,2025-08-20 03:00:00,2821.21,2826.173,2819.37,2826.069
1755662400,2025-08-20 04:00:00,2826.375,2827.821,2812.559,2814.699
1755666000,2025-08-20 05:00:00,2814.237,2826.77,2811.038,2825.94
1755669600,2025-08-20 06:00:00,2826.153,2832.873,2823.039,2826.828
1755673200,2025-08-20 07:00:00,2826.807,2831.278,2818.716,2830.787
1755676800,2025-08-20 08:00:00,2830.646,2830.812,2809.277,2810.505
1755680400,2025-08-20 09:00:00,2810.423,2815.077,2806.797,2814.095
1755684000,2025-08-20 10:00:00,2814.34,2819.995,2808.293,2817.86
1755687600,2025-08-20 11:00:00,2817.892,2819.334,2802.619,2811.018
1755691200,2025-08-20 12:00:00,2811.15,2812.719,2801.29,2806.397
1755694800,2025-08-20 13:00:00,2806.475,2809.393,2799.649,2800.315
1755698400,2025-08-20 14:00:00,2799.92,2802.306,2792.403,2795.262
1755702000,2025-08-20 15:00:00,2795.05,2799.928,2791.435,2793.437
1755705600,2025-08-20 16:00:00,2793.404,2798.135,2791.006,2793.481
1755709200,2025-08-20 17:00:00,2793.729,2797.305,2784.736,2792.943
1755712800,2025-08-20 18:00:00,2792.794,2794.685,2785.019,2788.532
1755716400,2025-08-20 19:00:00,2788.412,2791.547,2784.374,2785.353
1755720000,2025-08-20 20:00:00,2785.434,2787.645,2779.633,2780.838
1755723600,2025-08-20 21:00:00,2780.683,2782.675,2772.365,2780.337
1755727200,2025-08-20 22:00:00,2780.253,2786.856,2776.239,2776.239
1755730800,2025-08-20 23:00:00,2776.048,2777.345,2760.133,2761.096
1755734400,2025-08-21 00:00:00,2760.802,2765.621,2757.273,2764.182
1755738000,2025-08-21 01:00:00,2764.084,2777.137,2759.669,2775.746
1755741600,2025-08-21 02:00:00,2776.217,2782.767,2770.365,2771.644
1755745200,2025-08-21 03:00:00,2771.555,2777.508,2769.923,2770.7
1755748800,2025-08-21 04:00:00,2770.555,2780.906,2769.8,2780.906
1755752400,2025-08-21 05:00:00,2780.965,2787.245,2778.63,2781.14
1755756000,2025-08-21 06:00:00,2781.289,2786.261,2777.294,2779.038
1755759600,2025-08-21 07:00:00,2778.798,2792.266,2778.189,2787.778
1755763200,2025-08-21 08:00:00,2787.866,2791.935,2784.326,2789.901
1755766800,2025-08-21 09:00:00,2789.724,2792.428,2783.061,2786.836
1755770400,2025-08-21 10:00:00,2786.899,2790.826,2780.222,2789.48
1755774000,2025-08-21 11:00:00,2789.462,2799.362,2787.17,2798.459
1755777600,2025-08-21 12:00:00,2798.502,2802.723,2788.489,2789.452
1755781200,2025-08-21 13:00:00,2789.043,2796.234,2785.152,2795.277
1755784800,2025-08-21 14:00:00,2795.16,2795.193,2780.902,2787.189
1755788400,2025-08-21 15:00:00,2787.026,2792.104,2779.796,2791.991
1755792000,2025-08-21 16:00:00,2792.161,2794.313,2783.538,2787.229
1755795600,2025-08-21 17:00:00,2787.211,2788.041,2776.64,2781.136
1755799200,2025-08-21 18:00:00,2781.108,2782.464,2772.568,2781.354
1755802800,2025-08-21 19:00:00,2781.261,2782.237,2775.833,2781.115
1755806400,2025-08-21 20:00:00,2781.042,2792.995,2775.911,2792.345
1755810000,2025-08-21 21:00:00,2792.389,2801.104,2789.414,2795.15
1755813600,2025-08-21 22:00:00,2795.146,2798.783,2788.72,2788.981
1755817200,2025-08-21 23:00:00,2788.771,2793.287,2782.064,2790.396
1755820800,2025-08-22 00:00:00,2790.628,2796.531,2788.207,2796.184
1755824400,2025-08-22 01:00:00,2796.32,2800.018,2787.89,2799.46
1755828000,2025-08-22 02:00:00,2799.678,2807.212,2797.326,2800.09
1755831600,2025-08-22 03:00:00,2800.221,2803.212,2793.532,2796.892
1755835200,2025-08-22 04:00:00,2797.106,2798.068,2789.675,2793.031
1755838800,2025-08-22 05:00:00,2792.917,2798.279,2790.288,2791.359
1755842400,2025-08-22 06:00:00,2791.354,2796.365,2786.339,2795.988
1755846000,2025-08-22 07:00:00,2795.736,2796.588,2779.484,2781.53
1755849600,2025-08-22 08:00:00,2781.949,2787.529,2776.256,2778.404
1755853200,2025-08-22 09:00:00,2778.308,2795.207,2777.706,2792.832
1755856800,2025-08-22 10:00:00,2792.857,2800.021,2789.815,2791.497
1755860400,2025-08-22 11:00:00,2791.482,2792.366,2782.268,2787.468
1755864000,2025-08-22 12:00:00,2787.401,2788.015,2763.088,2765.798
1755867600,2025-08-22 13:00:00,2765.763,2770.747,2758.382,2766.776
1755871200,2025-08-22 14:00:00,2766.57,2770.768,2761.774,2766.332
1755874800,2025-08-22 15:00:00,2766.144,2769.261,2759.707,2769.065
1755878400,2025-08-22 16:00:00,2769.028,2780.542,2767.07,2776.052
1755882000,2025-08-22 17:00:00,2776.094,2782.892,2774.532,2778.961
1755885600,2025-08-22 18:00:00,2779.118,2785.839,2773.742,2783.24
1755889200,2025-08-22 19:00:00,2783.288,2795.509,2782.447,2782.797
1755892800,2025-08-22 20:00:00,2782.835,2793.517,2782.372,2792.248
1755896400,2025-08-22 21:00:00,2792.165,2792.748,2783.353,2788.438
1755900000,2025-08-22 22:00:00,2787.967,2791.136,2780.066,2780.08
1755903600,2025-08-22 23:00:00,2779.596,2782.149,2765.1,2766.621
1755907200,2025-08-23 00:00:00,2766.837,2780.1,2766.638,2779.355
1755910800,2025-08-23 01:00:00,2779.256,2783.585,2770.307,2770.98
1755914400,2025-08-23 02:00:00,2770.766,2779.349,2770.329,2776.537
1755918000,2025-08-23 03:00:00,2776.388,2794.437,2776.028,2792.917
1755921600,2025-08-23 04:00:00,2792.839,2795.558,2781.581,2785.566
1755925200,2025-08-23 05:00:00,2785.885,2788.765,2781.773,2783.841
1755928800,2025-08-23 06:00:00,2783.652,2789.504,2777.089,2781.37
1755932400,2025-08-23 07:00:00,2781.058,2786.26,2776.684,2783.581
1755936000,2025-08-23 08:00:00,2783.131,2783.88,2774.522,2776.208
1755939600,2025-08-23 09:00:00,2776.2,2781.733,2775.415,2777.022
1755943200,2025-08-23 10:00:00,2776.961,2778.736,2770.445,2772.791
1755946800,2025-08-23 11:00:00,2772.6,2776.871,2766.321,2768.958
1755950400,2025-08-23 12:00:00,2768.866,2776.921,2763.053,2774.408
1755954000,2025-08-23 13:00:00,2774.726,2775.057,2770.325,2773.941
1755957600,2025-08-23 14:00:00,2773.853,2778.336,2768.476,2776.812
1755961200,2025-08-23 15:00:00,2776.651,2784.942,2775.008,2780.038
1755964800,2025-08-23 16:00:00,2780.159,2788.066,2777.03,2787.41
1755968400,2025-08-23 17:00:00,2787.227,2789.695,2771.557,2773.914
1755972000,2025-08-23 18:00:00,2773.918,2785.856,2773.034,2778.163
1755975600,2025-08-23 19:00:00,2778.033,2779.121,2771.983,2774.42
1755979200,2025-08-23 20:00:00,2774.463,2776.17,2760.722,2764.465
1755982800,2025-08-23 21:00:00,2764.261,2767.608,2759.724,2761.278
1755986400,2025-08-23 22:00:00,2761.297,2762.357,2753.127,2755.282
1755990000,2025-08-23 23:00:00,2755.334,2770.229,2751.567,2766.231
1755993600,2025-08-24 00:00:00,2766.352,2768.132,2755.694,2757.001
1755997200,2025-08-24 01:00:00,2756.743,2759.351,2748.36,2749.514
1756000800,2025-08-24 02:00:00,2749.332,2756.044,2745.937,2754.898
1756004400,2025-08-24 03:00:00,2755.041,2756.594,2749.352,2754.575
1756008000,2025-08-24 04:00:00,2754.793,2765.648,2753.43,2765.578
1756011600,2025-08-24 05:00:00,2765.555,2768.432,2754.411,2756.623
1756015200,2025-08-24 06:00:00,2756.426,2762.793,2755.601,2758.226
1756018800,2025-08-24 07:00:00,2758.108,2765.437,2756.512,2762.216
1756022400,2025-08-24 08:00:00,2762.057,2774.371,2761.831,2770.177
1756026000,2025-08-24 09:00:00,2770.148,2779.278,2769.534,2776.471
1756029600,2025-08-24 10:00:00,2776.41,2789.125,2776.135,2788.395
1756033200,2025-08-24 11:00:00,2788.23,2796.908,2788.1,2796.753
1756036800,2025-08-24 12:00:00,2796.832,2805.465,2796.537,2797.449
1756040400,2025-08-24 13:00:00,2797.356,2808.973,2795.956,2800.308
1756044000,2025-08-24 14:00:00,2800.561,2801.191,2793.516,2796.259
1756047600,2025-08-24 15:00:00,2796.18,2801.9,2788.107,2788.116
1756051200,2025-08-24 16:00:00,2787.936,2801.173,2782.501,2795.401
1756054800,2025-08-24 17:00:00,2795.301,2799.104,2791.834,2796.916
1756058400,2025-08-24 18:00:00,2796.802,2802.134,2785.431,2786.997
1756062000,2025-08-24 19:00:00,2786.993,2788.492,2775.401,2778.49
1756065600,2025-08-24 20:00:00,2778.632,2789.65,2776.363,2782.23
1756069200,2025-08-24 21:00:00,2782.012,2789.646,2778.481,2783.851
1756072800,2025-08-24 22:00:00,2784.07,2789.079,2776.308,2785.704
1756076400,2025-08-24 23:00:00,2785.755,2787.314,2778.702,2782.221
1756080000,2025-08-25 00:00:00,2782.183,2788.342,2779.837,2783.322
1756083600,2025-08-25 01:00:00,2783.268,2786.259,2770.644,2771.353
1756087200,2025-08-25 02:00:00,2771.491,2775.213,2767.233,2768.684
1756090800,2025-08-25 03:00:00,2768.945,2778.495,2768.821,2777.204
1756094400,2025-08-25 04:00:00,2777.493,2780.612,2771.594,2779.168
1756098000,2025-08-25 05:00:00,2779.169,2779.207,2760.603,2762.292
1756101600,2025-08-25 06:00:00,2762.268,2763.001,2744.944,2749.336
1756105200,2025-08-25 07:00:00,2749.347,2757.34,2745.823,2747.886
1756108800,2025-08-25 08:00:00,2747.552,2753.022,2743.835,2743.835
1756112400,2025-08-25 09:00:00,2744.066,2750.767,2738.001,2738.199
1756116000,2025-08-25 10:00:00,2738.352,2740.596,2732.909,2737.699
1756119600,2025-08-25 11:00:00,2737.253,2746.6,2733.122,2745.169
1756123200,2025-08-25 12:00:00,2745.353,2746.383,2736.137,2739.701
1756126800,2025-08-25 13:00:00,2739.926,2745.845,2735.217,2740.026
1756130400,2025-08-25 14:00:00,2740.228,2746.032,2733.824,2742.691
1756134000,2025-08-25 15:00:00,2742.675,2745.305,2736.216,2743.183
1756137600,2025-08-25 16:00:00,2743.182,2753.104,2743.182,2746.144
1756141200,2025-08-25 17:00:00,2746.135,2752.643,2743.15,2749.491
1756144800,2025-08-25 18:00:00,2749.568,2752.525,2742.256,2746.18
1756148400,2025-08-25 19:00:00,2746.351,2751.798,2741.788,2746.901
1756152000,2025-08-25 20:00:00,2747.16,2755.217,2744.919,2752.472
1756155600,2025-08-25 21:00:00,2752.693,2758.278,2748.445,2756.04
1756159200,2025-08-25 22:00:00,2756.261,2758.394,2748.244,2749.465
1756162800,2025-08-25 23:00:00,2749.364,2755.079,2744.86,2753.135
1756166400,2025-08-26 00:00:00,2752.885,2754.91,2744.923,2746.901
1756170000,2025-08-26 01:00:00,2747.109,2767.127,2747.03,2765.686
1756173600,2025-08-26 02:00:00,2765.912,2777.982,2765.738,2777.671
1756177200,2025-08-26 03:00:00,2777.732,2792.926,2775.572,2791.955
1756180800,2025-08-26 04:00:00,2791.978,2792.378,2781.596,2784.809
1756184400,2025-08-26 05:00:00,2784.745,2800.534,2783.668,2794.865
1756188000,2025-08-26 06:00:00,2795.192,2798.131,2780.606,2782.632
1756191600,2025-08-26 07:00:00,2782.277,2782.837,2773.927,2774.102
1756195200,2025-08-26 08:00:00,2773.815,2786.856,2772.532,2781.56
1756198800,2025-08-26 09:00:00,2781.721,2783.984,2775.947,2778.127
1756202400,2025-08-26 10:00:00,2777.783,2785.485,2776.048,2778.351
1756206000,2025-08-26 11:00:00,2778.387,2789.166,2776.782,2785.713
1756209600,2025-08-26 12:00:00,2785.549,2788.727,2775.087,2779.081
1756213200,2025-08-26 13:00:00,2779.457,2785.723,2778.072,2780.854
1756216800,2025-08-26 14:00:00,2780.951,2794.981,2778.909,2793.766
1756220400,2025-08-26 15:00:00,2793.877,2806.352,2790.042,2802.415
1756224000,2025-08-26 16:00:00,2802.461,2809.609,2801.164,2805.748
1756227600,2025-08-26 17:00:00,2805.532,2806.962,2790.259,2793.539
1756231200,2025-08-26 18:00:00,2793.73,2794.652,2784.934,2788.527
1756234800,2025-08-26 19:00:00,2788.722,2793.304,2781.776,2790.803
1756238400,2025-08-26 20:00:00,2790.784,2791.228,2780.796,2791.228
1756242000,2025-08-26 21:00:00,2791.28,2791.427,2779.455,2784.098
1756245600,2025-08-26 22:00:00,2784.177,2802.761,2783.966,2799.965
1756249200,2025-08-26 23:00:00,2800.362,2805.513,2799.408,2802.198
1756252800,2025-08-27 00:00:00,2802.161,2816.879,2801.066,2813.205
1756256400,2025-08-27 01:00:00,2813.158,2815.324,2807.063,2809.955
1756260000,2025-08-27 02:00:00,2809.728,2816.257,2806.026,2811.027
1756263600,2025-08-27 03:00:00,2811.147,2819.148,2803.524,2804.853
1756267200,2025-08-27 04:00:00,2804.839,2812.061,2802.016,2808.464
1756270800,2025-08-27 05:00:00,2808.671,2819.078,2806.437,2816.418
1756274400,2025-08-27 06:00:00,2816.592,2819.525,2812.422,2815.926
1756278000,2025-08-27 07:00:00,2816.015,2816.828,2804.828,2808.851
1756281600,2025-08-27 08:00:00,2809.01,2811.37,2800.172,2806.253
1756285200,2025-08-27 09:00:00,2806.093,2812.807,2802.346,2812.807
1756288800,2025-08-27 10:00:00,2812.8,2816.306,2804.568,2806.525
1756292400,2025-08-27 11:00:00,2806.539,2808.228,2797.958,2800.632
1756296000,2025-08-27 12:00:00,2800.872,2801.779,2791.156,2792.263
1756299600,2025-08-27 13:00:00,2792.069,2799.904,2788.295,2790.545
1756303200,2025-08-27 14:00:00,2790.426,2801.515,2790.426,2799.291
1756306800,2025-08-27 15:00:00,2798.844,2801.166,2787.864,2792.607
1756310400,2025-08-27 16:00:00,2792.995,2799.422,2791.403,2795.531
1756314000,2025-08-27 17:00:00,2795.453,2801.94,2793.372,2798.261
1756317600,2025-08-27 18:00:00,2798.391,2805.914,2797.38,2799.638
1756321200,2025-08-27 19:00:00,2799.615,2800.126,2790.779,2798.561
1756324800,2025-08-27 20:00:00,2798.591,2801.193,2789.947,2799.268
1756328400,2025-08-27 21:00:00,2799.354,2810.378,2798.897,2807.746
1756332000,2025-08-27 22:00:00,2807.94,2819.884,2804.702,2817.509
1756335600,2025-08-27 23:00:00,2817.547,2827.67,2816.13,2821.854
1756339200,2025-08-28 00:00:00,2821.942,2821.942,2810.752,2818.597
1756342800,2025-08-28 01:00:00,2818.557,2825.173,2815.98,2823.627
1756346400,2025-08-28 02:00:00,2823.563,2823.981,2810.215,2817.686
1756350000,2025-08-28 03:00:00,2817.933,2820.199,2812.795,2820.199
1756353600,2025-08-28 04:00:00,2820.413,2823.452,2816.83,2819.752
1756357200,2025-08-28 05:00:00,2819.499,2827.393,2811.631,2825.621
1756360800,2025-08-28 06:00:00,2825.598,2828.892,2815.328,2815.37
1756364400,2025-08-28 07:00:00,2815.272,2822.277,2814.296,2818.725
1756368000,2025-08-28 08:00:00,2818.833,2834.159,2817.117,2832
1756371600,2025-08-28 09:00:00,2831.975,2840.567,2829.997,2839.761
1756375200,2025-08-28 10:00:00,2839.398,2849.326,2836.417,2848.107
1756378800,2025-08-28 11:00:00,2848.113,2852.602,2842.681,2847.208
1756382400,2025-08-28 12:00:00,2847.481,2855.202,2846.882,2853.071
1756386000,2025-08-28 13:00:00,2852.982,2854.934,2847.576,2848.041
1756389600,2025-08-28 14:00:00,2847.902,2848.065,2832.725,2834.98
1756393200,2025-08-28 15:00:00,2835.145,2847.523,2830.009,2846.89
1756396800,2025-08-28 16:00:00,2847.012,2852.49,2844.602,2847.548
1756400400,2025-08-28 17:00:00,2847.698,2848.401,2838.746,2839.909
1756404000,2025-08-28 18:00:00,2839.863,2853.055,2835.98,2851.061
1756407600,2025-08-28 19:00:00,2851.236,2856.336,2843.037,2856.336
1756411200,2025-08-28 20:00:00,2856.437,2856.861,2849.13,2852.771
1756414800,2025-08-28 21:00:00,2852.505,2856.367,2842.318,2850.031
1756418400,2025-08-28 22:00:00,2849.889,2849.96,2836.81,2840.933
1756422000,2025-08-28 23:00:00,2840.567,2843.409,2836.916,2841.009
1756425600,2025-08-29 00:00:00,2840.868,2845.861,2835.824,2836.07
1756429200,2025-08-29 01:00:00,2836.156,2843.64,2835.643,2839.881
1756432800,2025-08-29 02:00:00,2839.944,2843.916,2835.848,2836.612
1756436400,2025-08-29 03:00:00,2836.34,2842.112,2834.401,2836.478
1756440000,2025-08-29 04:00:00,2836.594,2847.272,2835.747,2842.994
1756443600,2025-08-29 05:00:00,2842.909,2850.191,2842.468,2848.568
1756447200,2025-08-29 06:00:00,2848.456,2849.581,2837.572,2837.961
1756450800,2025-08-29 07:00:00,2838.161,2843.081,2833.565,2839.13
1756454400,2025-08-29 08:00:00,2839.069,2846.47,2838.3,2842.015
1756458000,2025-08-29 09:00:00,2842.139,2843.249,2833.64,2839.352
1756461600,2025-08-29 10:00:00,2839.35,2846.478,2837.47,2842.387
1756465200,2025-08-29 11:00:00,2842.332,2856.471,2840.518,2851.726
1756468800,2025-08-29 12:00:00,2851.967,2852.008,2839.886,2846.29
1756472400,2025-08-29 13:00:00,2846.449,2846.819,2828.52,2829.358
1756476000,2025-08-29 14:00:00,2829.23,2829.458,2822.389,2827.461
1756479600,2025-08-29 15:00:00,2827.57,2836.133,2821.683,2835.921
1756483200,2025-08-29 16:00:00,2835.894,2837.188,2831.186,2836.052
1756486800,2025-08-29 17:00:00,2836.058,2838.438,2826.146,2826.315
1756490400,2025-08-29 18:00:00,2826.622,2834.677,2821.248,2830.779
1756494000,2025-08-29 19:00:00,2831.008,2832.363,2819.914,2828.776
1756497600,2025-08-29 20:00:00,2828.687,2834.931,2820.143,2825.074
1756501200,2025-08-29 21:00:00,2824.913,2824.913,2815.823,2819.209
1756504800,2025-08-29 22:00:00,2819.492,2819.702,2805.384,2811.017
1756508400,2025-08-29 23:00:00,2810.781,2813.637,2799.852,2800.958
1756512000,2025-08-30 00:00:00,2801.077,2801.955,2793.403,2795.042
1756515600,2025-08-30 01:00:00,2795.16,2797.781,2787.359,2793.258
1756519200,2025-08-30 02:00:00,2793.072,2804.606,2790.839,2803.092
1756522800,2025-08-30 03:00:00,2803.192,2807.471,2795.698,2803.964
1756526400,2025-08-30 04:00:00,2803.965,2806.375,2799.041,2803.662
1756530000,2025-08-30 05:00:00,2803.684,2821.724,2802.677,2815.229
1756533600,2025-08-30 06:00:00,2815.346,2815.346,2798.598,2798.842
1756537200,2025-08-30 07:00:00,2798.753,2805.769,2794.36,2794.776
1756540800,2025-08-30 08:00:00,2794.787,2806.68,2794.094,2805.82
1756544400,2025-08-30 09:00:00,2805.793,2807.681,2800.465,2800.773
1756548000,2025-08-30 10:00:00,2800.777,2812.652,2798.344,2808.854
1756551600,2025-08-30 11:00:00,2808.935,2809.093,2801.86,2802.573
1756555200,2025-08-30 12:00:00,2802.801,2811.743,2799.822,2801.012
1756558800,2025-08-30 13:00:00,2801.452,2805.749,2797.777,2799.319
1756562400,2025-08-30 14:00:00,2799.563,2803.027,2794.541,2798.28
1756566000,2025-08-30 15:00:00,2798.272,2800.07,2790.455,2790.455
1756569600,2025-08-30 16:00:00,2790.262,2802.374,2789.706,2796.455
1756573200,2025-08-30 17:00:00,2796.462,2800.684,2793.307,2798.221
1756576800,2025-08-30 18:00:00,2798.495,2817.889,2796.66,2812.158
1756580400,2025-08-30 19:00:00,2812.389,2822.29,2811.855,2820.125
1756584000,2025-08-30 20:00:00,2820.126,2821.1,2805.835,2806.346
1756587600,2025-08-30 21:00:00,2806.298,2814.517,2801.529,2802.435
1756591200,2025-08-30 22:00:00,2802.617,2807.395,2797.814,2799.675
1756594800,2025-08-30 23:00:00,2799.78,2802.312,2793.033,2795.289
1756598400,2025-08-31 00:00:00,2795.148,2798.636,2788.17,2789.996
1756602000,2025-08-31 01:00:00,2789.976,2800.007,2786.364,2799.42
1756605600,2025-08-31 02:00:00,2799.536,2809.193,2797.516,2808.46
1756609200,2025-08-31 03:00:00,2808.403,2810.448,2800.714,2803.903
1756612800,2025-08-31 04:00:00,2803.804,2806.638,2797.691,2800.82
1756616400,2025-08-31 05:00:00,2800.962,2803.728,2797.874,2802.637
1756620000,2025-08-31 06:00:00,2802.667,2808.552,2801.244,2803.594
1756623600,2025-08-31 07:00:00,2803.555,2808.933,2797.807,2798.301
1756627200,2025-08-31 08:00:00,2798.491,2816.074,2798.491,2811.794
1756630800,2025-08-31 09:00:00,2811.451,2823.108,2809.879,2822.781
1756634400,2025-08-31 10:00:00,2822.742,2829.465,2822.742,2828.079
1756638000,2025-08-31 11:00:00,2828.059,2835.739,2824.271,2834.853
1756641600,2025-08-31 12:00:00,2834.918,2839.854,2829.446,2829.472
1756645200,2025-08-31 13:00:00,2829.505,2847.145,2826.705,2846.247
1756648800,2025-08-31 14:00:00,2846.016,2846.782,2837.686,2843.14
1756652400,2025-08-31 15:00:00,2843.165,2843.619,2831.583,2838.418
1756656000,2025-08-31 16:00:00,2837.977,2852.656,2837.872,2847.207
1756659600,2025-08-31 17:00:00,2847.097,2852.82,2839.96,2841.295
1756663200,2025-08-31 18:00:00,2841.304,2852.612,2840.516,2849.076
1756666800,2025-08-31 19:00:00,2848.878,2859.893,2847.127,2852.107
1756670400,2025-08-31 20:00:00,2852.554,2854.316,2846.336,2847.944
1756674000,2025-08-31 21:00:00,2847.701,2856.246,2843.527,2847.509
1756677600,2025-08-31 22:00:00,2847.603,2853.596,2839.291,2840.805
1756681200,2025-08-31 23:00:00,2840.774,2850.629,2840.29,2846.295
1756684800,2025-09-01 00:00:00,2846.247,2855.088,2846.183,2851.749
1756688400,2025-09-01 01:00:00,2851.882,2859.58,2847.355,2855.445
1756692000,2025-09-01 02:00:00,2855.516,2865.908,2854.341,2865.288
1756695600,2025-09-01 03:00:00,2865.514,2867.739,2858.216,2860.603
1756699200,2025-09-01 04:00:00,2860.699,2865.383,2856.299,2864.759
1756702800,2025-09-01 05:00:00,2865.048,2868.762,2857.674,2862.264
1756706400,2025-09-01 06:00:00,2862.331,2863.225,2851.806,2856.592
1756710000,2025-09-01 07:00:00,2856.614,2864.493,2852.775,2862.098
1756713600,2025-09-01 08:00:00,2862.048,2863.863,2852.284,2856.68
1756717200,2025-09-01 09:00:00,2856.876,2858.431,2844.146,2851.068
1756720800,2025-09-01 10:00:00,2851.184,2860.794,2849.414,2856.838
1756724400,2025-09-01 11:00:00,2856.621,2869.066,2853.641,2867.212
1756728000,2025-09-01 12:00:00,2866.928,2868.944,2859.848,2862.941
1756731600,2025-09-01 13:00:00,2863.128,2871.985,2857.568,2860.383
1756735200,2025-09-01 14:00:00,2860.454,2862.917,2856.402,2856.793
1756738800,2025-09-01 15:00:00,2856.791,2861.987,2848.677,2855.344
1756742400,2025-09-01 16:00:00,2855.191,2855.645,2848.128,2848.128
1756746000,2025-09-01 17:00:00,2848.303,2859.196,2847.372,2847.51
1756749600,2025-09-01 18:00:00,2847.705,2850.363,2839.665,2845.468
1756753200,2025-09-01 19:00:00,2845.516,2852.032,2841.396,2844.944
1756756800,2025-09-01 20:00:00,2844.939,2851.16,2838.309,2839.73
1756760400,2025-09-01 21:00:00,2839.835,2844.611,2833.927,2844.407
1756764000,2025-09-01 22:00:00,2844.623,2859.436,2844.623,2853.592
1756767600,2025-09-01 23:00:00,2853.481,2855.995,2846.042,2849.913
1756771200,2025-09-02 00:00:00,2849.851,2862.069,2847.346,2858.844
1756774800,2025-09-02 01:00:00,2858.999,2862.344,2850.385,2855.356
1756778400,2025-09-02 02:00:00,2855.185,2869.775,2855.153,2869.051
1756782000,2025-09-02 03:00:00,2868.82,2872.56,2863.034,2868.69
1756785600,2025-09-02 04:00:00,2868.705,2885.711,2867.905,2885.263
1756789200,2025-09-02 05:00:00,2885.366,2890.341,2882.739,2885.624
1756792800,2025-09-02 06:00:00,2885.299,2889.527,2880.253,2882.551
1756796400,2025-09-02 07:00:00,2882.495,2886.176,2878.76,2879.389
1756800000,2025-09-02 08:00:00,2879.35,2884.13,2876.217,2876.533
1756803600,2025-09-02 09:00:00,2876.342,2892.082,2875.894,2889.224
1756807200,2025-09-02 10:00:00,2889.51,2901.908,2884.479,2900.169
1756810800,2025-09-02 11:00:00,2900.226,2905.705,2896.87,2898.64
1756814400,2025-09-02 12:00:00,2898.672,2899.912,2891.825,2892.32
1756818000,2025-09-02 13:00:00,2892.136,2897.975,2881.747,2882.083
1756821600,2025-09-02 14:00:00,2882.296,2884.224,2870.379,2875.866
1756825200,2025-09-02 15:00:00,2876.045,2888.984,2873.724,2884.669
1756828800,2025-09-02 16:00:00,2884.549,2885.03,2870.588,2875.17
1756832400,2025-09-02 17:00:00,2875.051,2892.757,2875.043,2892.667
1756836000,2025-09-02 18:00:00,2892.354,2903.57,2892.321,2900.244
1756839600,2025-09-02 19:00:00,2900.355,2911.742,2897.401,2910.631
1756843200,2025-09-02 20:00:00,2910.753,2915.922,2907.961,2914.059
1756846800,2025-09-02 21:00:00,2913.859,2919.521,2910.81,2912.827
1756850400,2025-09-02 22:00:00,2912.847,2918.236,2908.068,2918.122
1756854000,2025-09-02 23:00:00,2918.438,2926.06,2918.438,2923.977
1756857600,2025-09-03 00:00:00,2923.809,2929.013,2921.512,2923.124
1756861200,2025-09-03 01:00:00,2923.149,2930.096,2919.855,2920.801
1756864800,2025-09-03 02:00:00,2920.801,2926.726,2917.226,2925.771
1756868400,2025-09-03 03:00:00,2926.008,2941.58,2926.008,2938.779
1756872000,2025-09-03 04:00:00,2938.745,2951.897,2937.631,2950.937
1756875600,2025-09-03 05:00:00,2951.067,2957.66,2942.194,2942.563
1756879200,2025-09-03 06:00:00,2942.728,2947.724,2941.646,2943.902
1756882800,2025-09-03 07:00:00,2944.076,2944.494,2933.16,2940.26
1756886400,2025-09-03 08:00:00,2940.175,2944.308,2929.962,2933.616
1756890000,2025-09-03 09:00:00,2933.938,2940.172,2930.538,2935.454
1756893600,2025-09-03 10:00:00,2935.247,2944.391,2931.582,2942.798
1756897200,2025-09-03 11:00:00,2943.16,2957.009,2940.819,2956.442
1756900800,2025-09-03 12:00:00,2956.335,2979.986,2956.335,2979.088
1756904400,2025-09-03 13:00:00,2978.97,2982.469,2971.86,2977.87
1756908000,2025-09-03 14:00:00,2977.866,2992.562,2977.587,2988.252
1756911600,2025-09-03 15:00:00,2987.93,2997.415,2983.026,2997.402
1756915200,2025-09-03 16:00:00,2997.789,3013.233,2994.681,3010.418
1756918800,2025-09-03 17:00:00,3010.529,3014.708,3002.637,3014.539
1756922400,2025-09-03 18:00:00,3014.506,3016.044,2997.411,3002.559
1756926000,2025-09-03 19:00:00,3002.764,3005.901,2999.169,3002.236
1756929600,2025-09-03 20:00:00,3002.397,3015.4,3002.176,3010.653
1756933200,2025-09-03 21:00:00,3010.74,3018.656,3009.608,3011.857
1756936800,2025-09-03 22:00:00,3012.03,3013.076,2995.217,2996.032
1756940400,2025-09-03 23:00:00,2996.219,3001.609,2994.196,2998.703
1756944000,2025-09-04 00:00:00,2998.733,3004.489,2995.785,3002.902
1756947600,2025-09-04 01:00:00,3002.812,3006.077,2985.411,2986.535
1756951200,2025-09-04 02:00:00,2986.347,2993.377,2981.846,2993.377
1756954800,2025-09-04 03:00:00,2993.524,2994.555,2981.125,2983.265
1756958400,2025-09-04 04:00:00,2983.129,2988.633,2973.902,2973.982
1756962000,2025-09-04 05:00:00,2973.991,2975.876,2968.806,2973.398
1756965600,2025-09-04 06:00:00,2972.837,2975.886,2967.075,2969.035
1756969200,2025-09-04 07:00:00,2969.299,2977.184,2965.066,2972.542
1756972800,2025-09-04 08:00:00,2972.581,2976.024,2960.033,2961.58
1756976400,2025-09-04 09:00:00,2961.535,2973.11,2961.173,2967.476
1756980000,2025-09-04 10:00:00,2967.545,2974.406,2962.43,2969.62
1756983600,2025-09-04 11:00:00,2969.664,2974.822,2966.776,2973.142
1756987200,2025-09-04 12:00:00,2973.016,2973.033,2959.182,2964.92
1756990800,2025-09-04 13:00:00,2964.989,2965.829,2950.62,2958.774
1756994400,2025-09-04 14:00:00,2958.607,2963.196,2949.237,2962.962
1756998000,2025-09-04 15:00:00,2962.67,2963.972,2954.86,2959.596
1757001600,2025-09-04 16:00:00,2959.671,2968.86,2957.626,2964.822
1757005200,2025-09-04 17:00:00,2965.219,2968.953,2959.164,2959.824
1757008800,2025-09-04 18:00:00,2959.837,2967.137,2958.069,2965.345
1757012400,2025-09-04 19:00:00,2965.528,2974.548,2960.638,2969.368
1757016000,2025-09-04 20:00:00,2969.52,2973.981,2964.785,2964.821
1757019600,2025-09-04 21:00:00,2964.764,2968.254,2960.651,2966.52
1757023200,2025-09-04 22:00:00,2966.658,2966.837,2958.804,2961.204
1757026800,2025-09-04 23:00:00,2961.34,2970.735,2960.574,2969.598
1757030400,2025-09-05 00:00:00,2969.847,2970.949,2951.453,2955.202
1757034000,2025-09-05 01:00:00,2955.009,2960.868,2952.791,2953.841
1757037600,2025-09-05 02:00:00,2953.456,2954.543,2937.596,2946.711
1757041200,2025-09-05 03:00:00,2946.8,2948.737,2937.01,2948.147
1757044800,2025-09-05 04:00:00,2948.179,2949.434,2940.474,2945.503
1757048400,2025-09-05 05:00:00,2945.487,2949.804,2938.998,2949.759
1757052000,2025-09-05 06:00:00,2949.757,2954.838,2942.92,2942.92
1757055600,2025-09-05 07:00:00,2942.857,2956.11,2939.06,2954.698
1757059200,2025-09-05 08:00:00,2954.501,2955.905,2946.151,2953.182
1757062800,2025-09-05 09:00:00,2953.411,2954.897,2943.676,2947.134
1757066400,2025-09-05 10:00:00,2947.013,2955.036,2942.707,2942.8
1757070000,2025-09-05 11:00:00,2942.463,2943.519,2933.262,2937.347
1757073600,2025-09-05 12:00:00,2937.28,2944.257,2931.952,2944.151
1757077200,2025-09-05 13:00:00,2944.358,2949.955,2940.922,2948.019
1757080800,2025-09-05 14:00:00,2948.113,2948.745,2936.296,2941.034
1757084400,2025-09-05 15:00:00,2940.859,2948.584,2939.593,2945.838
1757088000,2025-09-05 16:00:00,2946.337,2952.357,2943.887,2950.623
1757091600,2025-09-05 17:00:00,2950.477,2957.415,2943.183,2957.131
1757095200,2025-09-05 18:00:00,2957.341,2966.967,2956.615,2962.57
1757098800,2025-09-05 19:00:00,2962.79,2965.303,2950.403,2965.103
1757102400,2025-09-05 20:00:00,2964.857,2972.271,2960.03,2969.823
1757106000,2025-09-05 21:00:00,2969.922,2971.759,2964.046,2969.084
1757109600,2025-09-05 22:00:00,2969.334,2976.998,2964.531,2973.907
1757113200,2025-09-05 23:00:00,2973.619,2976.149,2966.959,2970.718
1757116800,2025-09-06 00:00:00,2970.929,2976.808,2969.803,2975.292
1757120400,2025-09-06 01:00:00,2975.606,2976.757,2968.719,2971.304
1757124000,2025-09-06 02:00:00,2971.52,2973.834,2952.587,2953.293
1757127600,2025-09-06 03:00:00,2953.192,2966.317,2947.958,2964.212
1757131200,2025-09-06 04:00:00,2964.211,2968.099,2954.559,2963.01
1757134800,2025-09-06 05:00:00,2962.574,2963.518,2944.258,2946.657
1757138400,2025-09-06 06:00:00,2946.918,2950.515,2942.763,2946.101
1757142000,2025-09-06 07:00:00,2945.816,2954.48,2941.288,2954.48
1757145600,2025-09-06 08:00:00,2954.348,2958.629,2949.73,2956.523
1757149200,2025-09-06 09:00:00,2956.38,2968.461,2955.747,2958.955
1757152800,2025-09-06 10:00:00,2958.755,2962.176,2951.732,2956.654
1757156400,2025-09-06 11:00:00,2956.484,2963.81,2955.119,2961.401
1757160000,2025-09-06 12:00:00,2961.676,2963.167,2948.993,2951.835
1757163600,2025-09-06 13:00:00,2951.674,2967.188,2945.878,2966.694
1757167200,2025-09-06 14:00:00,2966.769,2975.571,2966.455,2970.415
1757170800,2025-09-06 15:00:00,2970.582,2975.555,2967.879,2975.069
1757174400,2025-09-06 16:00:00,2975.042,2977.496,2960.509,2963.486
1757178000,2025-09-06 17:00:00,2963.522,2965.635,2958.255,2959.636
1757181600,2025-09-06 18:00:00,2959.489,2963.134,2952.485,2957.885
1757185200,2025-09-06 19:00:00,2957.567,2961.126,2943.347,2950.539
1757188800,2025-09-06 20:00:00,2950.7,2951.411,2945.607,2946.099
1757192400,2025-09-06 21:00:00,2946.406,2950.055,2941.906,2948.172
1757196000,2025-09-06 22:00:00,2947.973,2953.204,2942.128,2944.735
1757199600,2025-09-06 23:00:00,2944.894,2957.217,2942.04,2955.597
1757203200,2025-09-07 00:00:00,2955.543,2961.145,2951.335,2958.607
1757206800,2025-09-07 01:00:00,2958.74,2962.883,2948.518,2949.185
1757210400,2025-09-07 02:00:00,2948.988,2953.078,2943.949,2948.558
1757214000,2025-09-07 03:00:00,2948.205,2949.443,2940.686,2943.879
1757217600,2025-09-07 04:00:00,2943.884,2945.993,2934.221,2942.754
1757221200,2025-09-07 05:00:00,2942.828,2945.586,2935.21,2943.787
1757224800,2025-09-07 06:00:00,2943.8,2951.421,2940.693,2941.097
1757228400,2025-09-07 07:00:00,2941.214,2944.327,2928.26,2928.975
1757232000,2025-09-07 08:00:00,2928.897,2933.514,2922.498,2926.096
1757235600,2025-09-07 09:00:00,2926.167,2926.229,2908.187,2910.106
1757239200,2025-09-07 10:00:00,2910.126,2910.325,2897.842,2903.856
1757242800,2025-09-07 11:00:00,2903.913,2907.409,2893.31,2896.897
1757246400,2025-09-07 12:00:00,2896.872,2904.624,2890.639,2900.397
1757250000,2025-09-07 13:00:00,2900.6,2908.652,2895.16,2899.739
1757253600,2025-09-07 14:00:00,2899.794,2902.057,2888.861,2890.721
1757257200,2025-09-07 15:00:00,2890.571,2897.535,2884.28,2885.739
1757260800,2025-09-07 16:00:00,2885.664,2886.51,2873.256,2881.888
1757264400,2025-09-07 17:00:00,2881.767,2885.528,2869.736,2871.486
1757268000,2025-09-07 18:00:00,2871.498,2872.972,2862.081,2862.993
1757271600,2025-09-07 19:00:00,2862.819,2866.154,2858.002,2858.878
1757275200,2025-09-07 20:00:00,2858.846,2877.007,2857.747,2875.929
1757278800,2025-09-07 21:00:00,2876.083,2877.204,2865.721,2867.077
1757282400,2025-09-07 22:00:00,2867.139,2869.779,2862.943,2867.228
1757286000,2025-09-07 23:00:00,2867.22,2874.912,2864.104,2870.898
1757289600,2025-09-08 00:00:00,2871.034,2873.674,2866.19,2873.301
1757293200,2025-09-08 01:00:00,2873.355,2879.725,2866.873,2873.51
1757296800,2025-09-08 02:00:00,2873.254,2880.397,2869.268,2872.15
1757300400,2025-09-08 03:00:00,2872.218,2872.557,2863.44,2865.677
1757304000,2025-09-08 04:00:00,2865.575,2869.271,2859.747,2860.597
1757307600,2025-09-08 05:00:00,2860.535,2870.455,2853.733,2855.517
1757311200,2025-09-08 06:00:00,2855.226,2855.681,2845.376,2851.158
1757314800,2025-09-08 07:00:00,2850.753,2860.911,2844.772,2859.684
1757318400,2025-09-08 08:00:00,2859.751,2871.985,2859.628,2869.503
1757322000,2025-09-08 09:00:00,2869.322,2875.91,2868.059,2874.818
1757325600,2025-09-08 10:00:00,2874.706,2876.253,2866.424,2871.391
1757329200,2025-09-08 11:00:00,2871.267,2878.856,2869.491,2875.036
1757332800,2025-09-08 12:00:00,2875.28,2885.435,2872.27,2876.508
1757336400,2025-09-08 13:00:00,2876.587,2880.804,2866.974,2868.952
1757340000,2025-09-08 14:00:00,2868.94,2870.817,2862.02,2870.449
1757343600,2025-09-08 15:00:00,2870.165,2871.665,2858.379,2862.963
1757347200,2025-09-08 16:00:00,2863.095,2870.485,2860.49,2869.224
1757350800,2025-09-08 17:00:00,2869.475,2873.724,2865.461,2867.357
1757354400,2025-09-08 18:00:00,2867.467,2869.275,2859.122,2862.88
1757358000,2025-09-08 19:00:00,2862.76,2868.085,2858.858,2866.269
1757361600,2025-09-08 20:00:00,2866.075,2868.136,2849.49,2854.323
1757365200,2025-09-08 21:00:00,2854.644,2855.78,2839.275,2841.611
1757368800,2025-09-08 22:00:00,2841.608,2847.88,2839.467,2840.653
1757372400,2025-09-08 23:00:00,2840.701,2848.586,2837.385,2846.966
1757376000,2025-09-09 00:00:00,2846.863,2850.369,2839.283,2842.672
1757379600,2025-09-09 01:00:00,2842.381,2844.198,2831.543,2837.683
1757383200,2025-09-09 02:00:00,2837.721,2854.424,2835.022,2853.352
1757386800,2025-09-09 03:00:00,2853.405,2855.31,2840.244,2843.304
1757390400,2025-09-09 04:00:00,2843.086,2848.139,2836.379,2842.014
1757394000,2025-09-09 05:00:00,2842.118,2844.475,2833.44,2833.555
1757397600,2025-09-09 06:00:00,2833.868,2836.814,2825.997,2827.485
1757401200,2025-09-09 07:00:00,2827.467,2830.615,2813.553,2822.357
1757404800,2025-09-09 08:00:00,2822.52,2830.668,2820.997,2828.507
1757408400,2025-09-09 09:00:00,2828.79,2829.597,2820.769,2826.861
1757412000,2025-09-09 10:00:00,2826.646,2829.975,2822.966,2827.568
1757415600,2025-09-09 11:00:00,2827.337,2832.759,2823.357,2825.755
1757419200,2025-09-09 12:00:00,2825.908,2832.189,2822.2,2831.396
1757422800,2025-09-09 13:00:00,2831.36,2844.205,2829.56,2837.316
1757426400,2025-09-09 14:00:00,2837.016,2838.012,2829.221,2835.519
1757430000,2025-09-09 15:00:00,2835.627,2841.106,2828.014,2837.599
1757433600,2025-09-09 16:00:00,2837.647,2842.752,2835.238,2839.957
1757437200,2025-09-09 17:00:00,2839.969,2850.411,2835.603,2844.474
1757440800,2025-09-09 18:00:00,2844.596,2847.514,2830.106,2830.724
1757444400,2025-09-09 19:00:00,2830.644,2837.93,2830.33,2837.93
1757448000,2025-09-09 20:00:00,2838.093,2840.512,2827.458,2827.59
1757451600,2025-09-09 21:00:00,2827.511,2834.568,2821.403,2832.999
1757455200,2025-09-09 22:00:00,2832.834,2833.388,2828.586,2831.069
1757458800,2025-09-09 23:00:00,2831.267,2841.751,2831.076,2837.51
1757462400,2025-09-10 00:00:00,2837.313,2840.062,2832.163,2839.054
1757466000,2025-09-10 01:00:00,2838.964,2840.208,2829.083,2829.907
1757469600,2025-09-10 02:00:00,2830.052,2837.089,2828.253,2832.802
1757473200,2025-09-10 03:00:00,2832.735,2838.259,2829.478,2835.888
1757476800,2025-09-10 04:00:00,2835.783,2838.989,2816.926,2820.185
1757480400,2025-09-10 05:00:00,2820.094,2821.114,2808.82,2811.537
1757484000,2025-09-10 06:00:00,2811.494,2813.952,2805.876,2806.902
1757487600,2025-09-10 07:00:00,2806.877,2814.496,2805.189,2806.038
1757491200,2025-09-10 08:00:00,2806.233,2810.559,2803.528,2803.528
1757494800,2025-09-10 09:00:00,2803.096,2811.217,2799.359,2808.442
1757498400,2025-09-10 10:00:00,2808.67,2814.373,2803.662,2812.703
1757502000,2025-09-10 11:00:00,2812.697,2822.014,2807.603,2808.117
1757505600,2025-09-10 12:00:00,2808.079,2816.29,2806.344,2813.075
1757509200,2025-09-10 13:00:00,2813.027,2822.58,2806.191,2818.56
1757512800,2025-09-10 14:00:00,2818.285,2819.756,2801.299,2808.37
1757516400,2025-09-10 15:00:00,2808.255,2824.661,2806.767,2819.836
1757520000,2025-09-10 16:00:00,2819.719,2826.747,2816.39,2820.278
1757523600,2025-09-10 17:00:00,2820.416,2822.355,2813.428,2815.421
1757527200,2025-09-10 18:00:00,2815.489,2823.776,2811.705,2812.596
1757530800,2025-09-10 19:00:00,2812.235,2820.903,2812.099,2813.103
1757534400,2025-09-10 20:00:00,2813.052,2820.138,2810.34,2815.324
1757538000,2025-09-10 21:00:00,2815.183,2815.904,2799.956,2800.342
1757541600,2025-09-10 22:00:00,2800.458,2800.958,2790.986,2797.05
1757545200,2025-09-10 23:00:00,2797.306,2808.649,2797.306,2805.118
1757548800,2025-09-11 00:00:00,2804.891,2824.969,2804.118,2821.88
1757552400,2025-09-11 01:00:00,2821.709,2824.029,2815.166,2819.929
1757556000,2025-09-11 02:00:00,2819.885,2827.243,2817.292,2818.976
1757559600,2025-09-11 03:00:00,2819.043,2823.126,2812.351,2814.269
1757563200,2025-09-11 04:00:00,2814.333,2816.837,2808.724,2812.759
1757566800,2025-09-11 05:00:00,2812.994,2815.151,2806.071,2811.182
1757570400,2025-09-11 06:00:00,2811.281,2811.899,2794.831,2797.449
1757574000,2025-09-11 07:00:00,2797.375,2801.204,2790.297,2799.737
1757577600,2025-09-11 08:00:00,2799.825,2809.625,2794.296,2805.836
1757581200,2025-09-11 09:00:00,2805.725,2809.605,2801.495,2809.486
1757584800,2025-09-11 10:00:00,2809.403,2820.822,2809.132,2814.188
1757588400,2025-09-11 11:00:00,2813.971,2816.269,2802.698,2810.368
1757592000,2025-09-11 12:00:00,2810.419,2818.265,2804.096,2808.693
1757595600,2025-09-11 13:00:00,2808.601,2814.777,2806.297,2807.916
1757599200,2025-09-11 14:00:00,2807.537,2823.68,2807.083,2819.203
1757602800,2025-09-11 15:00:00,2819.387,2826.159,2815.533,2818.703
1757606400,2025-09-11 16:00:00,2818.692,2827.792,2817.672,2825.997
1757610000,2025-09-11 17:00:00,2826.15,2827.933,2820.492,2826.074
1757613600,2025-09-11 18:00:00,2825.868,2828.898,2820.263,2822.619
1757617200,2025-09-11 19:00:00,2822.616,2831.473,2816.946,2830.256
1757620800,2025-09-11 20:00:00,2830.245,2830.573,2821.532,2821.625
1757624400,2025-09-11 21:00:00,2821.579,2824.691,2817.256,2817.691
1757628000,2025-09-11 22:00:00,2817.865,2822.71,2809.132,2809.608
1757631600,2025-09-11 23:00:00,2809.718,2827.934,2808.626,2826.965
1757635200,2025-09-12 00:00:00,2826.727,2827.909,2817.801,2824.975
1757638800,2025-09-12 01:00:00,2824.943,2825.23,2810.785,2815.084
1757642400,2025-09-12 02:00:00,2815.493,2827.001,2814.382,2824.693
1757646000,2025-09-12 03:00:00,2824.584,2833.96,2824.54,2827.38
1757649600,2025-09-12 04:00:00,2827.515,2832.239,2822.807,2826.917
1757653200,2025-09-12 05:00:00,2826.712,2827.736,2807.711,2811.893
1757656800,2025-09-12 06:00:00,2811.659,2819.051,2810.718,2812.126
1757660400,2025-09-12 07:00:00,2812.049,2816.44,2809.624,2810.171
1757664000,2025-09-12 08:00:00,2809.864,2817.354,2806.892,2809.428
1757667600,2025-09-12 09:00:00,2809.456,2811.592,2797.46,2799.58
1757671200,2025-09-12 10:00:00,2799.397,2799.397,2789.589,2793.609
1757674800,2025-09-12 11:00:00,2793.766,2799.248,2790.723,2794.008
1757678400,2025-09-12 12:00:00,2793.923,2793.967,2785.078,2787.699
1757682000,2025-09-12 13:00:00,2787.588,2796.874,2786.646,2796.282
1757685600,2025-09-12 14:00:00,2796.316,2798.715,2786.87,2795.393
1757689200,2025-09-12 15:00:00,2795.352,2809.067,2793.317,2803.159
1757692800,2025-09-12 16:00:00,2803.333,2806.969,2792.534,2797.431
1757696400,2025-09-12 17:00:00,2797.65,2800.985,2788.557,2793.169
1757700000,2025-09-12 18:00:00,2793.272,2798.383,2788.34,2789.715
1757703600,2025-09-12 19:00:00,2790.033,2796.123,2789.034,2795.173
1757707200,2025-09-12 20:00:00,2794.96,2807.696,2794.94,2799.866
1757710800,2025-09-12 21:00:00,2800.089,2807.557,2799.084,2806.108
1757714400,2025-09-12 22:00:00,2806.212,2807.113,2798.105,2802.399
1757718000,2025-09-12 23:00:00,2802.129,2805.152,2795.446,2802.463
1757721600,2025-09-13 00:00:00,2802.238,2806.066,2798.151,2802.213
1757725200,2025-09-13 01:00:00,2802.363,2810.191,2794.131,2805.594
1757728800,2025-09-13 02:00:00,2805.336,2807.744,2795.186,2799.428
1757732400,2025-09-13 03:00:00,2799.626,2808.852,2798.996,2803.07
1757736000,2025-09-13 04:00:00,2802.73,2815.982,2802.607,2812.566
1757739600,2025-09-13 05:00:00,2812.303,2815.337,2805.041,2807.954
1757743200,2025-09-13 06:00:00,2807.913,2810.332,2801.243,2805.04
1757746800,2025-09-13 07:00:00,2805.281,2814.145,2804.452,2807.891
1757750400,2025-09-13 08:00:00,2808.067,2812.638,2801.515,2801.849
1757754000,2025-09-13 09:00:00,2801.96,2804.564,2796.388,2804.188
1757757600,2025-09-13 10:00:00,2804.336,2811.388,2800.687,2803.401
1757761200,2025-09-13 11:00:00,2803.262,2805.557,2798.112,2804.326
1757764800,2025-09-13 12:00:00,2804.11,2810.858,2800.181,2803.786
1757768400,2025-09-13 13:00:00,2803.832,2806.031,2795.25,2798.255
1757772000,2025-09-13 14:00:00,2798.438,2806.512,2789.684,2791.247
1757775600,2025-09-13 15:00:00,2791.214,2798.749,2790.679,2792.993
1757779200,2025-09-13 16:00:00,2792.946,2797.518,2783.787,2788.264
1757782800,2025-09-13 17:00:00,2788.201,2791.203,2783.226,2787.655
1757786400,2025-09-13 18:00:00,2787.843,2789.456,2780.549,2789.268
1757790000,2025-09-13 19:00:00,2788.948,2789.449,2777.055,2783.958
1757793600,2025-09-13 20:00:00,2783.765,2801.844,2781.897,2801.637
1757797200,2025-09-13 21:00:00,2801.607,2805.665,2797.79,2798.142
1757800800,2025-09-13 22:00:00,2798.029,2800.246,2792.835,2795.444
1757804400,2025-09-13 23:00:00,2795.488,2809.007,2794.683,2803.557
1757808000,2025-09-14 00:00:00,2803.532,2805.298,2794.966,2795.509
1757811600,2025-09-14 01:00:00,2795.61,2798.645,2790.212,2797.63
1757815200,2025-09-14 02:00:00,2797.593,2807.792,2796.609,2806.071
1757818800,2025-09-14 03:00:00,2806.207,2808.673,2802.413,2808.673
1757822400,2025-09-14 04:00:00,2808.853,2813.85,2807.573,2813.55
1757826000,2025-09-14 05:00:00,2813.583,2818.212,2808.435,2815.604
1757829600,2025-09-14 06:00:00,2815.786,2820.068,2804.608,2808.384
1757833200,2025-09-14 07:00:00,2808.39,2814.016,2804.332,2813.656
1757836800,2025-09-14 08:00:00,2813.438,2815.081,2803.413,2814.14
1757840400,2025-09-14 09:00:00,2813.929,2829.256,2810.975,2825.328
1757844000,2025-09-14 10:00:00,2824.919,2826.235,2816.313,2819.968
1757847600,2025-09-14 11:00:00,2820.104,2826.31,2814.632,2823.089
1757851200,2025-09-14 12:00:00,2823.11,2825.308,2817.825,2822.726
1757854800,2025-09-14 13:00:00,2822.654,2824.885,2813.272,2819.766
1757858400,2025-09-14 14:00:00,2819.952,2830.787,2819.557,2829.684
1757862000,2025-09-14 15:00:00,2829.506,2834.603,2826.809,2831.294
1757865600,2025-09-14 16:00:00,2831.082,2834.449,2827.113,2828.665
1757869200,2025-09-14 17:00:00,2828.772,2830.924,2820.071,2827.156
1757872800,2025-09-14 18:00:00,2827.244,2830.976,2821.553,2824.391
1757876400,2025-09-14 19:00:00,2824.316,2831.389,2816.914,2820.813
1757880000,2025-09-14 20:00:00,2821.042,2828.192,2820.136,2823.623
1757883600,2025-09-14 21:00:00,2823.551,2825.981,2810.417,2813.465
1757887200,2025-09-14 22:00:00,2813.411,2825.404,2812.708,2819.762
1757890800,2025-09-14 23:00:00,2819.8,2823.448,2812.511,2819.734
1757894400,2025-09-15 00:00:00,2819.748,2834.426,2816.872,2831.364
1757898000,2025-09-15 01:00:00,2831.304,2844.926,2831.052,2837.123
1757901600,2025-09-15 02:00:00,2837.039,2852.235,2834.615,2849.058
1757905200,2025-09-15 03:00:00,2848.973,2851.919,2843.737,2846.055
1757908800,2025-09-15 04:00:00,2845.928,2868.72,2845.337,2866.713
1757912400,2025-09-15 05:00:00,2866.616,2866.952,2854.169,2854.418
1757916000,2025-09-15 06:00:00,2854.393,2859.63,2846.99,2853.233
1757919600,2025-09-15 07:00:00,2853.119,2860.846,2848.395,2856.632
1757923200,2025-09-15 08:00:00,2856.57,2869.694,2855.109,2862.715
1757926800,2025-09-15 09:00:00,2862.643,2863.893,2847.18,2848.372
1757930400,2025-09-15 10:00:00,2848.343,2850.877,2839.882,2840.929
1757934000,2025-09-15 11:00:00,2840.482,2849.495,2838.473,2839.899
1757937600,2025-09-15 12:00:00,2839.983,2842.67,2830.273,2831.616
1757941200,2025-09-15 13:00:00,2831.268,2833.404,2822.336,2831.054
1757944800,2025-09-15 14:00:00,2831.061,2831.456,2803.837,2804.871
1757948400,2025-09-15 15:00:00,2804.994,2805.826,2796.05,2796.246
1757952000,2025-09-15 16:00:00,2796.053,2809.021,2795.251,2806.173
1757955600,2025-09-15 17:00:00,2806.401,2808.819,2792.087,2792.546
1757959200,2025-09-15 18:00:00,2792.435,2800.363,2790.965,2798.887
1757962800,2025-09-15 19:00:00,2798.611,2808.016,2793.821,2806.74
1757966400,2025-09-15 20:00:00,2806.771,2816.025,2806.771,2815.792
1757970000,2025-09-15 21:00:00,2815.774,2819.853,2810.723,2818.01
1757973600,2025-09-15 22:00:00,2818.208,2828.09,2816.599,2827.953
1757977200,2025-09-15 23:00:00,2828.004,2833.554,2826.296,2827.456
1757980800,2025-09-16 00:00:00,2827.074,2830.808,2820.604,2828.49
1757984400,2025-09-16 01:00:00,2828.542,2829.441,2815.198,2816.373
1757988000,2025-09-16 02:00:00,2816.402,2817.024,2807.674,2807.772
1757991600,2025-09-16 03:00:00,2807.936,2816.066,2800.186,2813.739
1757995200,2025-09-16 04:00:00,2813.65,2813.65,2796.913,2801.281
1757998800,2025-09-16 05:00:00,2801.177,2823.52,2800.817,2823.442
1758002400,2025-09-16 06:00:00,2823.312,2833.32,2822.507,2832.487
1758006000,2025-09-16 07:00:00,2832.779,2834.27,2827.134,2830.975
1758009600,2025-09-16 08:00:00,2831.007,2831.281,2823.935,2825.329
1758013200,2025-09-16 09:00:00,2825.192,2830.147,2822.182,2825.212
1758016800,2025-09-16 10:00:00,2824.978,2833.814,2823.257,2823.356
1758020400,2025-09-16 11:00:00,2823.26,2823.639,2813.428,2817.65
1758024000,2025-09-16 12:00:00,2817.516,2821.494,2814.887,2814.887
1758027600,2025-09-16 13:00:00,2814.744,2818.959,2801.814,2801.97
1758031200,2025-09-16 14:00:00,2802.168,2814.719,2800.773,2807.225
1758034800,2025-09-16 15:00:00,2807.308,2820.988,2806.657,2820.082
1758038400,2025-09-16 16:00:00,2820.113,2820.76,2811.124,2820.22
1758042000,2025-09-16 17:00:00,2820.084,2834.739,2819.05,2830.259
1758045600,2025-09-16 18:00:00,2830.294,2832.961,2823.311,2824.391
1758049200,2025-09-16 19:00:00,2824.168,2826.052,2816.228,2819.461
1758052800,2025-09-16 20:00:00,2819.592,2821.122,2807.634,2811.142
1758056400,2025-09-16 21:00:00,2810.922,2816.894,2804.888,2805.762
1758060000,2025-09-16 22:00:00,2805.725,2812.229,2804.479,2812.077
1758063600,2025-09-16 23:00:00,2812.361,2814.58,2800.406,2807.24
1758067200,2025-09-17 00:00:00,2807.299,2814.158,2805.42,2809.929
1758070800,2025-09-17 01:00:00,2810.084,2814.173,2803.499,2803.935
1758074400,2025-09-17 02:00:00,2803.841,2808.993,2799.281,2808.596
1758078000,2025-09-17 03:00:00,2808.678,2809.267,2801.159,2804.555
1758081600,2025-09-17 04:00:00,2804.737,2813.512,2803.224,2806.198
1758085200,2025-09-17 05:00:00,2806.238,2810.31,2802.897,2807.438
1758088800,2025-09-17 06:00:00,2807.356,2813.174,2799.887,2805.908
1758092400,2025-09-17 07:00:00,2805.752,2809.234,2797.811,2808.9
1758096000,2025-09-17 08:00:00,2808.956,2815.689,2803.449,2807.67
1758099600,2025-09-17 09:00:00,2807.84,2808.419,2791.125,2792.938
1758103200,2025-09-17 10:00:00,2792.773,2793.169,2783.471,2787.183
1758106800,2025-09-17 11:00:00,2787.196,2796.896,2785.234,2795.083
1758110400,2025-09-17 12:00:00,2795.174,2795.658,2783.72,2794.039
1758114000,2025-09-17 13:00:00,2794.167,2806.381,2787.856,2803.95
1758117600,2025-09-17 14:00:00,2803.84,2803.84,2790.438,2797.305
1758121200,2025-09-17 15:00:00,2797.48,2799.506,2788.947,2792.612
1758124800,2025-09-17 16:00:00,2792.7,2799.495,2790.308,2791.194
1758128400,2025-09-17 17:00:00,2790.991,2794.692,2784.399,2791.845
1758132000,2025-09-17 18:00:00,2791.695,2793,2774.389,2775.397
1758135600,2025-09-17 19:00:00,2775.077,2786.336,2772.985,2783.64
1758139200,2025-09-17 20:00:00,2783.67,2788.748,2780.59,2787.69
1758142800,2025-09-17 21:00:00,2787.817,2796.077,2782.422,2792.566
1758146400,2025-09-17 22:00:00,2792.486,2794.885,2784.484,2786.436
1758150000,2025-09-17 23:00:00,2786.668,2791.224,2783.567,2788.575
1758153600,2025-09-18 00:00:00,2788.725,2792.034,2782.788,2782.788
1758157200,2025-09-18 01:00:00,2782.796,2795.418,2782.207,2791.324
1758160800,2025-09-18 02:00:00,2791.368,2797.631,2780.29,2781.915
1758164400,2025-09-18 03:00:00,2781.913,2797.338,2781.913,2797.295
1758168000,2025-09-18 04:00:00,2797.542,2799.626,2790.739,2792.284
1758171600,2025-09-18 05:00:00,2792.383,2800.313,2788.968,2794.559
1758175200,2025-09-18 06:00:00,2794.622,2808.961,2794.256,2800.849
1758178800,2025-09-18 07:00:00,2800.93,2816.363,2796.844,2816.363
1758182400,2025-09-18 08:00:00,2816.594,2818.27,2804.269,2806.756
1758186000,2025-09-18 09:00:00,2806.854,2808.149,2798.805,2803.88
1758189600,2025-09-18 10:00:00,2803.809,2806.896,2797.401,2805.452
1758193200,2025-09-18 11:00:00,2805.228,2805.419,2793.76,2795.195
1758196800,2025-09-18 12:00:00,2795.459,2804.745,2790.296,2803.668
1758200400,2025-09-18 13:00:00,2803.593,2813.527,2803.471,2806.443
1758204000,2025-09-18 14:00:00,2806.319,2818.662,2798.326,2816.579
1758207600,2025-09-18 15:00:00,2816.695,2816.731,2803.876,2808.979
1758211200,2025-09-18 16:00:00,2809.154,2815.054,2802.759,2808.734
1758214800,2025-09-18 17:00:00,2808.775,2813.767,2799.964,2799.964
1758218400,2025-09-18 18:00:00,2799.47,2806.147,2798.406,2804.263
1758222000,2025-09-18 19:00:00,2804.216,2810.927,2801.97,2804.864
1758225600,2025-09-18 20:00:00,2804.998,2812.167,2798.878,2799.754
1758229200,2025-09-18 21:00:00,2799.717,2808.844,2797.208,2808.647
1758232800,2025-09-18 22:00:00,2808.451,2811.117,2802.909,2810.357
1758236400,2025-09-18 23:00:00,2809.989,2814.508,2800.207,2800.207
1758240000,2025-09-19 00:00:00,2800.185,2811.221,2798.95,2807.632
1758243600,2025-09-19 01:00:00,2807.519,2821.156,2804.328,2819.961
1758247200,2025-09-19 02:00:00,2819.99,2827.613,2817.725,2820.797
1758250800,2025-09-19 03:00:00,2820.696,2822.911,2814.327,2818.816
1758254400,2025-09-19 04:00:00,2818.886,2833.987,2817.961,2832.677
1758258000,2025-09-19 05:00:00,2832.602,2842.989,2832.283,2840.28
1758261600,2025-09-19 06:00:00,2835.751,2842.874,2835.645,2836.425
1758265200,2025-09-19 07:00:00,2836.42,2844.872,2834.365,2841.1
1758268800,2025-09-19 08:00:00,2841.115,2841.981,2833.94,2836.162
1758272400,2025-09-19 09:00:00,2836.092,2850.873,2832.509,2849.43
1758276000,2025-09-19 10:00:00,2849.299,2854.689,2845.955,2845.955
1758279600,2025-09-19 11:00:00,2846.148,2853.617,2842.643,2843.874
1758283200,2025-09-19 12:00:00,2844.214,2855.887,2837.894,2850.069
1758286800,2025-09-19 13:00:00,2849.966,2850.195,2838.228,2841.099
1758290400,2025-09-19 14:00:00,2841.124,2843.399,2831.838,2837.269
1758294000,2025-09-19 15:00:00,2837.692,2840.226,2830.846,2838.272
1758297600,2025-09-19 16:00:00,2838.097,2842.088,2832.316,2840.241
1758301200,2025-09-19 17:00:00,2840.359,2842.814,2834.519,2836.047
1758304800,2025-09-19 18:00:00,2835.953,2841.391,2832.163,2839.486
1758308400,2025-09-19 19:00:00,2839.502,2840.114,2830.518,2833.822
1758312000,2025-09-19 20:00:00,2833.83,2836.157,2830.429,2835.326
1758315600,2025-09-19 21:00:00,2835.287,2837.209,2821.205,2822.266
1758319200,2025-09-19 22:00:00,2822.486,2829.538,2821.701,2822.039
1758322800,2025-09-19 23:00:00,2821.659,2830.678,2811.401,2815.11
1758326400,2025-09-20 00:00:00,2815.367,2819.532,2812.245,2818.215
1758330000,2025-09-20 01:00:00,2818.171,2819.221,2805.591,2807.618
1758333600,2025-09-20 02:00:00,2807.465,2813.723,2803.778,2809.324
1758337200,2025-09-20 03:00:00,2809.331,2813.16,2801.622,2809.77
1758340800,2025-09-20 04:00:00,2809.729,2813.225,2795.031,2799.068
1758344400,2025-09-20 05:00:00,2799.115,2800.732,2790.768,2795.188
1758348000,2025-09-20 06:00:00,2795.279,2797.97,2787,2794.648
1758351600,2025-09-20 07:00:00,2794.384,2795.231,2785.211,2792.24
1758355200,2025-09-20 08:00:00,2792.271,2801.066,2788.863,2791.053
1758358800,2025-09-20 09:00:00,2790.945,2797.56,2789.074,2790.282
1758362400,2025-09-20 10:00:00,2790.237,2793.128,2781.713,2783.861
1758366000,2025-09-20 11:00:00,2784.038,2792.134,2781.205,2787.85
1758369600,2025-09-20 12:00:00,2787.985,2794.703,2783.086,2793.744
1758373200,2025-09-20 13:00:00,2793.746,2795.653,2788.867,2793.14
1758376800,2025-09-20 14:00:00,2792.936,2806.789,2790.601,2804.603
1758380400,2025-09-20 15:00:00,2804.735,2805.217,2794.069,2799.072
1758384000,2025-09-20 16:00:00,2799.059,2801.813,2790.579,2790.624
1758387600,2025-09-20 17:00:00,2790.845,2793.598,2784.608,2793.342
1758391200,2025-09-20 18:00:00,2793.245,2801.99,2790.195,2801.081
1758394800,2025-09-20 19:00:00,2801.131,2818.889,2800.917,2818.591
1758398400,2025-09-20 20:00:00,2818.401,2830.302,2812.47,2828.903
1758402000,2025-09-20 21:00:00,2828.71,2833.404,2820.519,2832.798
1758405600,2025-09-20 22:00:00,2832.561,2846.588,2832.277,2839.325
1758409200,2025-09-20 23:00:00,2839.47,2853.54,2838.4,2849.955
1758412800,2025-09-21 00:00:00,2849.996,2853.418,2845.25,2851.638
1758416400,2025-09-21 01:00:00,2851.949,2858.091,2847.508,2850.84
1758420000,2025-09-21 02:00:00,2850.966,2857.099,2846.039,2851.18
1758423600,2025-09-21 03:00:00,2851.136,2853.57,2844.593,2849.078
1758427200,2025-09-21 04:00:00,2848.878,2858.062,2844.147,2857.124
1758430800,2025-09-21 05:00:00,2857.222,2865.036,2853.862,2855.042
1758434400,2025-09-21 06:00:00,2855.13,2859.795,2840.882,2842.672
1758438000,2025-09-21 07:00:00,2842.723,2858.33,2839.828,2853.327
1758441600,2025-09-21 08:00:00,2853.325,2857.158,2843.832,2845.861
1758445200,2025-09-21 09:00:00,2845.846,2852.011,2841.717,2847.383
1758448800,2025-09-21 10:00:00,2847.091,2854.188,2845.179,2846.945
1758452400,2025-09-21 11:00:00,2846.888,2865.278,2843.795,2864.107
1758456000,2025-09-21 12:00:00,2863.698,2865.548,2857.532,2859.14
1758459600,2025-09-21 13:00:00,2859.305,2868.167,2856.682,2864.117
1758463200,2025-09-21 14:00:00,2864.134,2864.515,2853.287,2857.772
1758466800,2025-09-21 15:00:00,2857.871,2865.882,2854.799,2856.882
1758470400,2025-09-21 16:00:00,2856.757,2858.647,2846.594,2857.513
1758474000,2025-09-21 17:00:00,2857.562,2866.263,2854.804,2863.545
1758477600,2025-09-21 18:00:00,2863.438,2863.969,2842.269,2844.704
1758481200,2025-09-21 19:00:00,2844.599,2865.564,2837.36,2862.482
1758484800,2025-09-21 20:00:00,2862.577,2871.628,2861.665,2869.314
1758488400,2025-09-21 21:00:00,2869.304,2869.619,2856.278,2857.265
1758492000,2025-09-21 22:00:00,2857.271,2865.898,2855.156,2863.597
1758495600,2025-09-21 23:00:00,2863.69,2884.607,2862.741,2884.159
1758499200,2025-09-22 00:00:00,2883.92,2896.568,2883.22,2893.86
1758502800,2025-09-22 01:00:00,2893.833,2895.687,2882.364,2887.134
1758506400,2025-09-22 02:00:00,2887.25,2888.608,2877.983,2888.015
1758510000,2025-09-22 03:00:00,2887.595,2894.639,2885.068,2889.367
1758513600,2025-09-22 04:00:00,2889.304,2891.751,2883.264,2890.081
1758517200,2025-09-22 05:00:00,2889.717,2895.594,2886.422,2889.359
1758520800,2025-09-22 06:00:00,2889.387,2893.249,2883.158,2885.183
1758524400,2025-09-22 07:00:00,2885.131,2886.134,2875.81,2883.042
1758528000,2025-09-22 08:00:00,2883.133,2888.21,2879.239,2887.109
1758531600,2025-09-22 09:00:00,2886.835,2890.765,2877.699,2880.87
1758535200,2025-09-22 10:00:00,2880.806,2891.897,2877.616,2888.593
1758538800,2025-09-22 11:00:00,2888.743,2893.89,2886.72,2887.457
1758542400,2025-09-22 12:00:00,2887.622,2894.957,2883.15,2894.724
1758546000,2025-09-22 13:00:00,2894.558,2900.96,2889.997,2891.726
1758549600,2025-09-22 14:00:00,2891.463,2899.964,2891.349,2897.798
1758553200,2025-09-22 15:00:00,2898.089,2899.166,2891.01,2893.584
1758556800,2025-09-22 16:00:00,2893.507,2895.496,2880.343,2884.043
1758560400,2025-09-22 17:00:00,2884.251,2887.921,2876.369,2877.986
1758564000,2025-09-22 18:00:00,2877.841,2880.808,2869.34,2871.45
1758567600,2025-09-22 19:00:00,2871.614,2871.866,2861.628,2864.109
1758571200,2025-09-22 20:00:00,2864.047,2868.856,2860.694,2865.561
1758574800,2025-09-22 21:00:00,2865.229,2869.235,2859.026,2868.013
1758578400,2025-09-22 22:00:00,2868.039,2874.198,2865.443,2873.638
1758582000,2025-09-22 23:00:00,2873.565,2882.708,2872.378,2878.008
1758585600,2025-09-23 00:00:00,2878.019,2880.765,2869.281,2870.885
1758589200,2025-09-23 01:00:00,2871.142,2872.736,2863.266,2865.511
1758592800,2025-09-23 02:00:00,2865.403,2873.858,2864.033,2870.604
1758596400,2025-09-23 03:00:00,2870.489,2874.429,2857.472,2858.233
1758600000,2025-09-23 04:00:00,2858.437,2860.481,2849.307,2850.436
1758603600,2025-09-23 05:00:00,2850.678,2860.172,2848.809,2855.465
1758607200,2025-09-23 06:00:00,2855.331,2864.262,2853,2863.736
1758610800,2025-09-23 07:00:00,2863.842,2869.339,2858.436,2862.226
1758614400,2025-09-23 08:00:00,2862.347,2862.576,2840.671,2841.645
1758618000,2025-09-23 09:00:00,2841.548,2844.775,2837.693,2840.578
1758621600,2025-09-23 10:00:00,2840.367,2851.311,2835.939,2838.324
1758625200,2025-09-23 11:00:00,2838.556,2838.556,2824.943,2829.132
1758628800,2025-09-23 12:00:00,2829.278,2838.052,2829.254,2836.59
1758632400,2025-09-23 13:00:00,2836.504,2836.504,2828.651,2830.844
1758636000,2025-09-23 14:00:00,2830.745,2839.231,2830.267,2836.02
1758639600,2025-09-23 15:00:00,2835.901,2836.962,2825.192,2828.69
1758643200,2025-09-23 16:00:00,2828.599,2841.731,2826.742,2838.835
1758646800,2025-09-23 17:00:00,2839.001,2848.715,2836.896,2846.446
1758650400,2025-09-23 18:00:00,2846.343,2850.225,2841.817,2849.162
1758654000,2025-09-23 19:00:00,2849.306,2850.367,2830.713,2837.327
1758657600,2025-09-23 20:00:00,2837.306,2844.731,2835.523,2836.626
1758661200,2025-09-23 21:00:00,2836.739,2843.7,2834.078,2841.861
1758664800,2025-09-23 22:00:00,2841.685,2842.021,2835.522,2838.222
1758668400,2025-09-23 23:00:00,2838.037,2844.515,2836.313,2842.291
1758672000,2025-09-24 00:00:00,2842.34,2851.908,2840.866,2842.391
1758675600,2025-09-24 01:00:00,2842.484,2853.576,2838.66,2849.653
1758679200,2025-09-24 02:00:00,2849.701,2862.839,2848.581,2856.102
1758682800,2025-09-24 03:00:00,2856.115,2859.891,2845.034,2847.693
1758686400,2025-09-24 04:00:00,2847.847,2849.04,2836.483,2840.597
1758690000,2025-09-24 05:00:00,2840.687,2860.878,2838.994,2859.794
1758693600,2025-09-24 06:00:00,2859.682,2865.591,2856.703,2860.501
1758697200,2025-09-24 07:00:00,2860.328,2870.347,2856.061,2868.289
1758700800,2025-09-24 08:00:00,2868.015,2872.703,2862.595,2865.519
1758704400,2025-09-24 09:00:00,2865.434,2874.777,2863.889,2865.057
1758708000,2025-09-24 10:00:00,2865.009,2866.129,2855.224,2858.866
1758711600,2025-09-24 11:00:00,2859,2867.442,2851.913,2866.626
1758715200,2025-09-24 12:00:00,2866.759,2868.722,2859.167,2866.35
1758718800,2025-09-24 13:00:00,2866.389,2872.558,2862.443,2868.048
1758722400,2025-09-24 14:00:00,2867.609,2869.242,2856.598,2863.188
1758726000,2025-09-24 15:00:00,2863.068,2867.692,2861.38,2863.307
1758729600,2025-09-24 16:00:00,2863.31,2867.923,2857.563,2858.469
1758733200,2025-09-24 17:00:00,2858.632,2861.541,2848.647,2849.607
1758736800,2025-09-24 18:00:00,2849.889,2851.384,2837.891,2844.335
1758740400,2025-09-24 19:00:00,2844.511,2855.808,2839.681,2843.632
1758744000,2025-09-24 20:00:00,2843.789,2847.047,2834.529,2835.471
1758747600,2025-09-24 21:00:00,2835.52,2836.642,2826.509,2828.199
1758751200,2025-09-24 22:00:00,2828.53,2829.554,2814.07,2814.148
1758754800,2025-09-24 23:00:00,2814.134,2815.799,2806.972,2815.764
1758758400,2025-09-25 00:00:00,2815.918,2817.333,2804.828,2813.692
1758762000,2025-09-25 01:00:00,2813.545,2815.616,2798.271,2803.904
1758765600,2025-09-25 02:00:00,2803.954,2806.345,2798.514,2802.233
1758769200,2025-09-25 03:00:00,2802.389,2809.273,2798.629,2809.04
1758772800,2025-09-25 04:00:00,2809.078,2809.235,2798.47,2808.448
1758776400,2025-09-25 05:00:00,2808.298,2812.997,2802.684,2808.418
1758780000,2025-09-25 06:00:00,2808.207,2815.622,2806.096,2810.883
1758783600,2025-09-25 07:00:00,2811.064,2814.715,2804.146,2806.95
1758787200,2025-09-25 08:00:00,2806.927,2813.942,2803.542,2811.273
1758790800,2025-09-25 09:00:00,2811.474,2820.429,2805.567,2819.459
1758794400,2025-09-25 10:00:00,2819.446,2824.958,2816.259,2824.621
1758798000,2025-09-25 11:00:00,2824.794,2836.486,2823.858,2832.088
1758801600,2025-09-25 12:00:00,2832.161,2835.332,2827.963,2834.143
1758805200,2025-09-25 13:00:00,2833.973,2836.987,2828.7,2834.055
1758808800,2025-09-25 14:00:00,2833.745,2834.29,2821.146,2827.906
1758812400,2025-09-25 15:00:00,2827.809,2829.977,2821.62,2825.416
1758816000,2025-09-25 16:00:00,2825.732,2836.281,2825.602,2835.273
1758819600,2025-09-25 17:00:00,2835.046,2839.399,2826.674,2837.974
1758823200,2025-09-25 18:00:00,2838.108,2846.329,2833.388,2845.982
1758826800,2025-09-25 19:00:00,2845.865,2846.859,2838.864,2846.34
1758830400,2025-09-25 20:00:00,2846.468,2862.564,2842.609,2861.464
1758834000,2025-09-25 21:00:00,2861.521,2874.703,2860.83,2873.085
1758837600,2025-09-25 22:00:00,2873.088,2874.041,2866.364,2866.814
1758841200,2025-09-25 23:00:00,2866.791,2870.17,2862.383,2862.406
1758844800,2025-09-26 00:00:00,2862.466,2865.926,2858.212,2860.657
1758848400,2025-09-26 01:00:00,2860.3,2871.928,2855.304,2868.266
1758852000,2025-09-26 02:00:00,2868.122,2868.96,2850.545,2857.606
1758855600,2025-09-26 03:00:00,2857.798,2876.988,2856.542,2875.742
1758859200,2025-09-26 04:00:00,2875.719,2877.739,2861.63,2867.53
1758862800,2025-09-26 05:00:00,2867.289,2869.071,2859.816,2859.816
1758866400,2025-09-26 06:00:00,2859.977,2870.218,2859.651,2869.095
1758870000,2025-09-26 07:00:00,2869.163,2876.099,2865.868,2868.051
1758873600,2025-09-26 08:00:00,2868.125,2871.899,2860.774,2867.421
1758877200,2025-09-26 09:00:00,2867.434,2871.177,2858.655,2859.724
1758880800,2025-09-26 10:00:00,2859.741,2868.031,2850.374,2853.593
1758884400,2025-09-26 11:00:00,2853.346,2854.008,2846.175,2848.759
1758888000,2025-09-26 12:00:00,2848.583,2850.825,2834.927,2835.934
1758891600,2025-09-26 13:00:00,2835.976,2843.775,2835.831,2838.141
1758895200,2025-09-26 14:00:00,2838.125,2840.976,2826.005,2827.546
1758898800,2025-09-26 15:00:00,2827.72,2828.33,2818.389,2825.563
1758902400,2025-09-26 16:00:00,2825.631,2826.797,2818.879,2819.824
1758906000,2025-09-26 17:00:00,2819.845,2826.929,2816.167,2824.508
1758909600,2025-09-26 18:00:00,2824.462,2829.728,2820.789,2823.417
1758913200,2025-09-26 19:00:00,2823.275,2832.625,2817.498,2831.565
1758916800,2025-09-26 20:00:00,2831.428,2835.953,2825.975,2827.731
1758920400,2025-09-26 21:00:00,2827.657,2834.589,2826.311,2831.321
1758924000,2025-09-26 22:00:00,2831.589,2837.948,2829.796,2833.142
1758927600,2025-09-26 23:00:00,2833.274,2834.933,2821.92,2827.747
1758931200,2025-09-27 00:00:00,2827.853,2846.576,2827.853,2844.268
1758934800,2025-09-27 01:00:00,2844.435,2846.264,2835.755,2838.464
1758938400,2025-09-27 02:00:00,2838.198,2845.341,2832.266,2843.303
1758942000,2025-09-27 03:00:00,2843.49,2856.888,2840.262,2846.987
1758945600,2025-09-27 04:00:00,2846.961,2850.607,2839.387,2839.988
1758949200,2025-09-27 05:00:00,2839.899,2842.468,2828.378,2829.46
1758952800,2025-09-27 06:00:00,2829.528,2832.804,2824.939,2825.669
1758956400,2025-09-27 07:00:00,2825.377,2833.092,2817.412,2820.209
1758960000,2025-09-27 08:00:00,2820.183,2821.292,2816.725,2820.221
1758963600,2025-09-27 09:00:00,2820.158,2829.514,2818.444,2819.445
1758967200,2025-09-27 10:00:00,2819.813,2822.383,2808.212,2821.104
1758970800,2025-09-27 11:00:00,2820.93,2825.498,2818.476,2820.044
1758974400,2025-09-27 12:00:00,2819.992,2825.346,2817.008,2817.035
1758978000,2025-09-27 13:00:00,2817.022,2820.99,2803.525,2804.707
1758981600,2025-09-27 14:00:00,2804.604,2810.643,2799.457,2800.572
1758985200,2025-09-27 15:00:00,2800.421,2801.04,2786.673,2788.808
1758988800,2025-09-27 16:00:00,2788.751,2801.142,2788.204,2800.025
1758992400,2025-09-27 17:00:00,2800.294,2806.291,2792.67,2796.713
1758996000,2025-09-27 18:00:00,2796.887,2798.912,2786.558,2789.542
1758999600,2025-09-27 19:00:00,2789.408,2800.557,2787.851,2798.559
1759003200,2025-09-27 20:00:00,2798.505,2798.974,2785.841,2792.815
1759006800,2025-09-27 21:00:00,2792.969,2800.695,2791.836,2794.7
1759010400,2025-09-27 22:00:00,2794.668,2796,2785.118,2788.882
1759014000,2025-09-27 23:00:00,2788.927,2795.058,2786.015,2790.944
1759017600,2025-09-28 00:00:00,2791.029,2794.151,2786.158,2792.172
1759021200,2025-09-28 01:00:00,2792.166,2801.828,2789.721,2796.681
1759024800,2025-09-28 02:00:00,2796.714,2808.039,2796.714,2804.269
1759028400,2025-09-28 03:00:00,2804.13,2805.875,2793.544,2793.959
1759032000,2025-09-28 04:00:00,2794.162,2796.101,2786.683,2790.081
1759035600,2025-09-28 05:00:00,2789.719,2790.171,2779.576,2786.181
1759039200,2025-09-28 06:00:00,2786.34,2787.536,2776.557,2778.284
1759042800,2025-09-28 07:00:00,2777.981,2779.19,2764.554,2779.062
1759046400,2025-09-28 08:00:00,2779.303,2788.559,2774.802,2788.559
1759050000,2025-09-28 09:00:00,2788.951,2790.242,2777.309,2779.405
1759053600,2025-09-28 10:00:00,2779.773,2788.273,2774.617,2778.058
1759057200,2025-09-28 11:00:00,2778.198,2780.967,2771.37,2777.615
1759060800,2025-09-28 12:00:00,2777.462,2789.844,2776.579,2787.249
1759064400,2025-09-28 13:00:00,2787.228,2790.846,2782.722,2782.811
1759068000,2025-09-28 14:00:00,2782.646,2784.164,2776.113,2779.83
1759071600,2025-09-28 15:00:00,2779.909,2792.486,2772.708,2790.965
1759075200,2025-09-28 16:00:00,2791.045,2791.254,2775.834,2778.563
1759078800,2025-09-28 17:00:00,2778.532,2785.354,2775.42,2777.082
1759082400,2025-09-28 18:00:00,2776.964,2782.252,2769.828,2774.704
1759086000,2025-09-28 19:00:00,2774.753,2775.069,2762.674,2767.465
1759089600,2025-09-28 20:00:00,2767.77,2768.779,2758.436,2760.273
1759093200,2025-09-28 21:00:00,2760.476,2774.211,2757.107,2759.78
1759096800,2025-09-28 22:00:00,2759.776,2769.551,2758.15,2767.708
1759100400,2025-09-28 23:00:00,2767.454,2773.983,2765.534,2773.983
1759104000,2025-09-29 00:00:00,2773.908,2778.096,2765.536,2768.446
1759107600,2025-09-29 01:00:00,2768.332,2773.004,2764.26,2765.589
1759111200,2025-09-29 02:00:00,2765.243,2767.843,2754.597,2757.074
1759114800,2025-09-29 03:00:00,2756.872,2763.864,2748.148,2749.412
1759118400,2025-09-29 04:00:00,2749.558,2752.703,2739.612,2741.258
1759122000,2025-09-29 05:00:00,2741.199,2745.409,2728.298,2731.526
1759125600,2025-09-29 06:00:00,2731.838,2735.209,2723.605,2724.39
1759129200,2025-09-29 07:00:00,2724.401,2725.779,2711.986,2714.022
1759132800,2025-09-29 08:00:00,2713.991,2719.901,2710.697,2715.816
1759136400,2025-09-29 09:00:00,2715.721,2722.162,2713.133,2716.972
1759140000,2025-09-29 10:00:00,2717.089,2724.792,2716.662,2723.586
1759143600,2025-09-29 11:00:00,2723.64,2726.062,2719.174,2720.767
1759147200,2025-09-29 12:00:00,2720.726,2727.535,2717.612,2719.989
1759150800,2025-09-29 13:00:00,2720.111,2720.925,2708.691,2718.086
1759154400,2025-09-29 14:00:00,2718.012,2718.02,2699.933,2704.803
1759158000,2025-09-29 15:00:00,2704.867,2720.496,2701.656,2717.912
1759161600,2025-09-29 16:00:00,2717.946,2719.078,2707.108,2714.922
1759165200,2025-09-29 17:00:00,2714.766,2721.862,2712.912,2714.311
1759168800,2025-09-29 18:00:00,2714.335,2715.398,2700.496,2709.59
1759172400,2025-09-29 19:00:00,2709.621,2711.736,2705.888,2708.33
1759176000,2025-09-29 20:00:00,2708.395,2714.568,2704.454,2705.071
1759179600,2025-09-29 21:00:00,2705.284,2705.752,2695.171,2696.102
1759183200,2025-09-29 22:00:00,2696.144,2699.92,2687.972,2698.584
1759186800,2025-09-29 23:00:00,2698.419,2702.004,2692.579,2701.134
1759190400,2025-09-30 00:00:00,2701.091,2707.517,2697.414,2703.082
1759194000,2025-09-30 01:00:00,2703.01,2706.938,2693.879,2698.071
1759197600,2025-09-30 02:00:00,2698.305,2702.373,2695.072,2699.717
1759201200,2025-09-30 03:00:00,2699.86,2700.886,2685.411,2687.808
1759204800,2025-09-30 04:00:00,2688.007,2693.603,2685.511,2689.754
1759208400,2025-09-30 05:00:00,2690.016,2690.314,2679.586,2686.804
1759212000,2025-09-30 06:00:00,2686.802,2690.856,2684.434,2685.237
1759215600,2025-09-30 07:00:00,2685.334,2687.753,2676.068,2676.89
1759219200,2025-09-30 08:00:00,2676.91,2678.184,2670.164,2676.91
1759222800,2025-09-30 09:00:00,2676.98,2679.977,2667.617,2673.062
1759226400,2025-09-30 10:00:00,2672.802,2680.151,2667.583,2676.46
1759230000,2025-09-30 11:00:00,2676.393,2685.946,2674.403,2682.683
1759233600,2025-09-30 12:00:00,2682.967,2696.892,2682.563,2694.031
1759237200,2025-09-30 13:00:00,2693.775,2698.99,2691.458,2693.743
1759240800,2025-09-30 14:00:00,2693.673,2695.444,2690.281,2694.108
1759244400,2025-09-30 15:00:00,2694.264,2701.081,2691.155,2697.977
1759248000,2025-09-30 16:00:00,2697.9,2698.884,2688.962,2689.583
1759251600,2025-09-30 17:00:00,2689.549,2692.257,2684.906,2686.81
1759255200,2025-09-30 18:00:00,2686.831,2687.593,2677.385,2678.623
1759258800,2025-09-30 19:00:00,2678.667,2686.66,2674.855,2683.663
1759262400,2025-09-30 20:00:00,2683.786,2684.556,2670.24,2677.596
1759266000,2025-09-30 21:00:00,2677.235,2677.577,2666.735,2667.023
1759269600,2025-09-30 22:00:00,2667.271,2671.937,2661.088,2663.596
1759273200,2025-09-30 23:00:00,2663.57,2672.612,2662.058,2671.196
1759276800,2025-10-01 00:00:00,2671.186,2675.574,2665.405,2665.405
1759280400,2025-10-01 01:00:00,2665.191,2678.141,2664.451,2676.802
1759284000,2025-10-01 02:00:00,2676.577,2681.788,2674.759,2679.49
1759287600,2025-10-01 03:00:00,2679.491,2680.904,2673.721,2674.317
1759291200,2025-10-01 04:00:00,2674.272,2693.945,2673.032,2691.791
1759294800,2025-10-01 05:00:00,2691.803,2691.87,2678.03,2678.03
1759298400,2025-10-01 06:00:00,2677.993,2678.702,2668.949,2670.53
1759302000,2025-10-01 07:00:00,2670.371,2675.427,2664.085,2669.889
1759305600,2025-10-01 08:00:00,2669.71,2669.725,2658.555,2659.274
1759309200,2025-10-01 09:00:00,2659.278,2660.601,2651.05,2654.16
1759312800,2025-10-01 10:00:00,2654.083,2654.856,2647.892,2650.775
1759316400,2025-10-01 11:00:00,2650.842,2651.497,2642.576,2644.718
1759320000,2025-10-01 12:00:00,2644.837,2648.918,2635.328,2642.315
1759323600,2025-10-01 13:00:00,2642.499,2642.649,2625.941,2628.962
1759327200,2025-10-01 14:00:00,2629.029,2632.261,2625.989,2631.429
1759330800,2025-10-01 15:00:00,2631.227,2634.309,2621.778,2622.043
1759334400,2025-10-01 16:00:00,2622.072,2624.069,2619.233,2621.774
1759338000,2025-10-01 17:00:00,2622.062,2626.218,2618.699,2620.901
1759341600,2025-10-01 18:00:00,2621.16,2623.442,2613.02,2614.872
1759345200,2025-10-01 19:00:00,2614.954,2620.569,2614.772,2617.749
1759348800,2025-10-01 20:00:00,2617.569,2626.673,2617.569,2617.823
1759352400,2025-10-01 21:00:00,2617.805,2621.341,2612.47,2614.205
1759356000,2025-10-01 22:00:00,2614.67,2619.824,2612.148,2612.534
1759359600,2025-10-01 23:00:00,2612.425,2616.985,2604.211,2606.898
1759363200,2025-10-02 00:00:00,2606.768,2610.04,2604.054,2605.532
1759366800,2025-10-02 01:00:00,2605.593,2608.911,2597.396,2599.958
1759370400,2025-10-02 02:00:00,2600.417,2602.296,2594.04,2596.269
1759374000,2025-10-02 03:00:00,2596.211,2598.501,2592.133,2596.852
1759377600,2025-10-02 04:00:00,2596.776,2602.081,2593.263,2597.16
1759381200,2025-10-02 05:00:00,2597.257,2600.551,2585.812,2589.644
1759384800,2025-10-02 06:00:00,2589.522,2596.158,2588.246,2594.069
1759388400,2025-10-02 07:00:00,2594.01,2601.806,2588.224,2589.374
1759392000,2025-10-02 08:00:00,2589.463,2590.063,2573.73,2577.537
1759395600,2025-10-02 09:00:00,2577.486,2579.462,2569.423,2574.436
1759399200,2025-10-02 10:00:00,2574.529,2582.665,2574.266,2579.829
1759402800,2025-10-02 11:00:00,2579.882,2587.11,2578.77,2582.573
1759406400,2025-10-02 12:00:00,2582.555,2587.294,2580.182,2581.84
1759410000,2025-10-02 13:00:00,2581.861,2586.548,2578.788,2586.538
1759413600,2025-10-02 14:00:00,2586.199,2593.495,2584.751,2585.783
1759417200,2025-10-02 15:00:00,2585.747,2592.943,2579.569,2590.469
1759420800,2025-10-02 16:00:00,2590.352,2590.537,2579.046,2587.201
1759424400,2025-10-02 17:00:00,2587.318,2594.48,2584.064,2592.618
1759428000,2025-10-02 18:00:00,2592.656,2603.757,2588.462,2594.531
1759431600,2025-10-02 19:00:00,2594.47,2596.266,2587.05,2590.927
1759435200,2025-10-02 20:00:00,2591.126,2604.989,2588.834,2603.38
1759438800,2025-10-02 21:00:00,2603.371,2603.821,2594.857,2597.09
1759442400,2025-10-02 22:00:00,2597.558,2607.093,2594.757,2603.885
1759446000,2025-10-02 23:00:00,2603.922,2608.261,2599.247,2601.863
1759449600,2025-10-03 00:00:00,2601.856,2611.329,2600.551,2608.95
1759453200,2025-10-03 01:00:00,2608.947,2614.035,2606.652,2611.096
1759456800,2025-10-03 02:00:00,2611.011,2615.007,2604.491,2608.206
1759460400,2025-10-03 03:00:00,2607.983,2610.146,2600.99,2603.856
1759464000,2025-10-03 04:00:00,2604.253,2607.786,2596.955,2597.837
1759467600,2025-10-03 05:00:00,2597.836,2600.008,2590.62,2591.084
1759471200,2025-10-03 06:00:00,2591.062,2603.741,2590.228,2599.767
1759474800,2025-10-03 07:00:00,2599.6,2601.792,2589.449,2592.429
1759478400,2025-10-03 08:00:00,2592.277,2602.771,2588.991,2602.675
1759482000,2025-10-03 09:00:00,2602.789,2605.838,2596.044,2596.471
1759485600,2025-10-03 10:00:00,2596.399,2607.74,2596.226,2599.027
1759489200,2025-10-03 11:00:00,2599.283,2610.041,2596.687,2608.623
1759492800,2025-10-03 12:00:00,2608.578,2619.201,2608.533,2618.889
1759496400,2025-10-03 13:00:00,2619.095,2621.189,2604.869,2608.205
1759500000,2025-10-03 14:00:00,2608.103,2610.043,2590.817,2593.426
1759503600,2025-10-03 15:00:00,2593.169,2599.836,2590.586,2590.944
1759507200,2025-10-03 16:00:00,2590.749,2599.667,2587.754,2596.77
1759510800,2025-10-03 17:00:00,2596.532,2602.731,2595.88,2602.17
1759514400,2025-10-03 18:00:00,2602.223,2606.133,2590.73,2595.315
1759518000,2025-10-03 19:00:00,2595.168,2598.843,2592.425,2597.9
1759521600,2025-10-03 20:00:00,2597.496,2601.475,2590.272,2590.473
1759525200,2025-10-03 21:00:00,2590.268,2600.065,2588.602,2595.205
1759528800,2025-10-03 22:00:00,2595.289,2610.715,2593.931,2605.469
1759532400,2025-10-03 23:00:00,2605.6,2609.174,2600.389,2605.738
1759536000,2025-10-04 00:00:00,2605.683,2614.6,2600.724,2611.279
1759539600,2025-10-04 01:00:00,2611.32,2614.675,2604.39,2612.458
1759543200,2025-10-04 02:00:00,2612.483,2616.228,2606.834,2614.773
1759546800,2025-10-04 03:00:00,2614.65,2622.138,2610.749,2621.662
1759550400,2025-10-04 04:00:00,2621.634,2627.556,2618.383,2620.341
1759554000,2025-10-04 05:00:00,2620.548,2624.055,2611.237,2615.783
1759557600,2025-10-04 06:00:00,2616.225,2616.59,2604.843,2604.843
1759561200,2025-10-04 07:00:00,2604.986,2614.469,2601.573,2609.402
1759564800,2025-10-04 08:00:00,2609.61,2620.633,2608.216,2610.323
1759568400,2025-10-04 09:00:00,2610.225,2612.65,2596.16,2597.346
1759572000,2025-10-04 10:00:00,2597.125,2599.277,2591.226,2594.335
1759575600,2025-10-04 11:00:00,2594.192,2603.982,2591.167,2600.372
1759579200,2025-10-04 12:00:00,2600.463,2607.712,2598.226,2604.146
1759582800,2025-10-04 13:00:00,2604.272,2607.921,2600.347,2601.349
1759586400,2025-10-04 14:00:00,2601.521,2607.289,2596.396,2597.35
1759590000,2025-10-04 15:00:00,2597.691,2604.539,2594.527,2604.058
1759593600,2025-10-04 16:00:00,2604.183,2604.183,2597.575,2599.371
1759597200,2025-10-04 17:00:00,2598.982,2599.147,2587.238,2589.696
1759600800,2025-10-04 18:00:00,2589.776,2597.4,2588.838,2594.163
1759604400,2025-10-04 19:00:00,2594.343,2594.798,2585.072,2586.434
1759608000,2025-10-04 20:00:00,2586.163,2589.601,2578.418,2580.105
1759611600,2025-10-04 21:00:00,2580.166,2591.14,2579.246,2587.938
1759615200,2025-10-04 22:00:00,2588.192,2599.258,2583.774,2594.645
1759618800,2025-10-04 23:00:00,2594.542,2598.056,2589.339,2590.254
1759622400,2025-10-05 00:00:00,2590.426,2597.604,2587.775,2593.842
1759626000,2025-10-05 01:00:00,2593.766,2594.116,2581.219,2581.646
1759629600,2025-10-05 02:00:00,2581.591,2586.125,2579.074,2583.934
1759633200,2025-10-05 03:00:00,2584.278,2585.236,2575.377,2579.576
1759636800,2025-10-05 04:00:00,2579.157,2586.168,2577.551,2577.733
1759640400,2025-10-05 05:00:00,2577.706,2581.213,2572.272,2578.786
1759644000,2025-10-05 06:00:00,2578.799,2585.204,2573.95,2584.543
1759647600,2025-10-05 07:00:00,2584.506,2585.6,2577.875,2583.479
1759651200,2025-10-05 08:00:00,2583.657,2585.385,2579.999,2584.096
1759654800,2025-10-05 09:00:00,2584.221,2589.465,2580.245,2589.465
1759658400,2025-10-05 10:00:00,2589.244,2591.723,2580.368,2588.006
1759662000,2025-10-05 11:00:00,2587.888,2594.367,2586.954,2589.94
1759665600,2025-10-05 12:00:00,2590.251,2590.346,2581.564,2581.641
1759669200,2025-10-05 13:00:00,2581.472,2589.267,2578.842,2584.587
1759672800,2025-10-05 14:00:00,2584.454,2591.634,2584.449,2589.07
1759676400,2025-10-05 15:00:00,2588.967,2603.149,2587.74,2594.955
1759680000,2025-10-05 16:00:00,2595.024,2596.846,2584.525,2584.525
1759683600,2025-10-05 17:00:00,2584.761,2587.251,2577.463,2577.567
1759687200,2025-10-05 18:00:00,2577.543,2589.046,2577.53,2588.732
1759690800,2025-10-05 19:00:00,2588.727,2589.037,2574.617,2574.617
1759694400,2025-10-05 20:00:00,2574.643,2581.087,2572.378,2574.666
1759698000,2025-10-05 21:00:00,2574.736,2575.592,2558.78,2563.503
1759701600,2025-10-05 22:00:00,2563.653,2569.76,2561.581,2569.354
1759705200,2025-10-05 23:00:00,2569.653,2576.658,2568.79,2575.93
1759708800,2025-10-06 00:00:00,2575.73,2576.162,2563.521,2565.534
1759712400,2025-10-06 01:00:00,2565.438,2572.522,2563.795,2568.932
1759716000,2025-10-06 02:00:00,2569.026,2569.693,2564.179,2567.588
1759719600,2025-10-06 03:00:00,2567.657,2569.728,2561.164,2567.486
1759723200,2025-10-06 04:00:00,2567.523,2572.442,2561.013,2570.107
1759726800,2025-10-06 05:00:00,2570.259,2572.635,2561.63,2562.731
1759730400,2025-10-06 06:00:00,2562.491,2569.467,2560.316,2566.538
1759734000,2025-10-06 07:00:00,2566.746,2568.582,2559.218,2559.759
1759737600,2025-10-06 08:00:00,2559.574,2562.353,2554.202,2560.047
1759741200,2025-10-06 09:00:00,2560.138,2571.582,2559.289,2569.46
1759744800,2025-10-06 10:00:00,2569.265,2570.074,2559.672,2563.143
1759748400,2025-10-06 11:00:00,2563.482,2573.195,2557.525,2572.277
1759752000,2025-10-06 12:00:00,2572.295,2577.864,2569.012,2575.835
1759755600,2025-10-06 13:00:00,2576.251,2588.608,2574.828,2585.886
1759759200,2025-10-06 14:00:00,2585.853,2589.502,2565.857,2566.787
1759762800,2025-10-06 15:00:00,2567.109,2569.256,2557.584,2559.804
1759766400,2025-10-06 16:00:00,2559.791,2566.812,2559.707,2564.005
1759770000,2025-10-06 17:00:00,2563.472,2563.995,2553.263,2563.396
1759773600,2025-10-06 18:00:00,2563.453,2571.272,2553.276,2554.054
1759777200,2025-10-06 19:00:00,2554.001,2554.596,2545.168,2546.908
1759780800,2025-10-06 20:00:00,2547.023,2558.961,2546.2,2550.306
1759784400,2025-10-06 21:00:00,2550.182,2559.677,2545.35,2545.977
1759788000,2025-10-06 22:00:00,2546.178,2549.247,2544.994,2546.126
1759791600,2025-10-06 23:00:00,2545.995,2559.465,2543.475,2552.227
1759795200,2025-10-07 00:00:00,2552.128,2559.051,2549.343,2558.292
1759798800,2025-10-07 01:00:00,2558.534,2565.987,2555.719,2563.499
1759802400,2025-10-07 02:00:00,2563.221,2571.992,2559.727,2571.992
1759806000,2025-10-07 03:00:00,2572.068,2574.306,2564.646,2565.872
1759809600,2025-10-07 04:00:00,2565.485,2577.285,2565.394,2575.853
1759813200,2025-10-07 05:00:00,2575.688,2587.429,2575.074,2587.151
1759816800,2025-10-07 06:00:00,2587.134,2593.957,2583.34,2592.32
1759820400,2025-10-07 07:00:00,2592.072,2601.587,2591.551,2592.464
1759824000,2025-10-07 08:00:00,2592.245,2595.082,2587.764,2589.608
1759827600,2025-10-07 09:00:00,2589.579,2592.005,2584.792,2588.072
1759831200,2025-10-07 10:00:00,2587.741,2600.985,2587.232,2598.35
1759834800,2025-10-07 11:00:00,2597.961,2603.134,2594.039,2595.903
1759838400,2025-10-07 12:00:00,2595.962,2598.725,2586.57,2587.958
1759842000,2025-10-07 13:00:00,2588.015,2588.8,2575.57,2587.055
1759845600,2025-10-07 14:00:00,2586.815,2599.289,2586.372,2597.439
1759849200,2025-10-07 15:00:00,2597.555,2603.623,2597.206,2600.541
1759852800,2025-10-07 16:00:00,2600.685,2614.257,2598.749,2612.744
1759856400,2025-10-07 17:00:00,2612.662,2626.206,2611.39,2623.778
1759860000,2025-10-07 18:00:00,2623.733,2631.579,2620.974,2631.27
1759863600,2025-10-07 19:00:00,2631.183,2635.115,2627.32,2634.403
1759867200,2025-10-07 20:00:00,2634.564,2640.234,2627.706,2629.471
1759870800,2025-10-07 21:00:00,2629.585,2632.853,2624.68,2631.347
1759874400,2025-10-07 22:00:00,2631.139,2646.006,2630.055,2645.516
1759878000,2025-10-07 23:00:00,2645.692,2646.433,2618.899,2622.007
1759881600,2025-10-08 00:00:00,2621.812,2628.65,2621.096,2622.576
1759885200,2025-10-08 01:00:00,2622.62,2629.769,2620.271,2621.982
1759888800,2025-10-08 02:00:00,2622.135,2630.387,2614.021,2618.879
1759892400,2025-10-08 03:00:00,2619.107,2620.083,2606.077,2608.608
1759896000,2025-10-08 04:00:00,2608.611,2616.197,2608.081,2612.737
1759899600,2025-10-08 05:00:00,2612.557,2613.698,2596.761,2599.079
1759903200,2025-10-08 06:00:00,2599.033,2599.58,2584.817,2586.083
1759906800,2025-10-08 07:00:00,2586.05,2591.853,2583.117,2585.998
1759910400,2025-10-08 08:00:00,2585.828,2586.822,2578.187,2578.187
1759914000,2025-10-08 09:00:00,2578.041,2578.041,2570.084,2575.416
1759917600,2025-10-08 10:00:00,2575.331,2583.452,2573.902,2582.27
1759921200,2025-10-08 11:00:00,2582.445,2589.865,2580.791,2585.403
1759924800,2025-10-08 12:00:00,2585.452,2592.284,2584.216,2590.018
1759928400,2025-10-08 13:00:00,2590.073,2591.205,2582.198,2587.645
1759932000,2025-10-08 14:00:00,2587.738,2593.015,2582.556,2584.005
1759935600,2025-10-08 15:00:00,2583.904,2588.276,2580.272,2580.578
1759939200,2025-10-08 16:00:00,2580.583,2583.092,2574.585,2579.764
1759942800,2025-10-08 17:00:00,2579.752,2593.642,2579.57,2591.602
1759946400,2025-10-08 18:00:00,2591.588,2594.491,2588.172,2594.491
1759950000,2025-10-08 19:00:00,2594.6,2601.455,2591.379,2593.56
1759953600,2025-10-08 20:00:00,2593.763,2596.542,2587.193,2593.294
1759957200,2025-10-08 21:00:00,2593.131,2595.564,2581.01,2584.658
1759960800,2025-10-08 22:00:00,2584.452,2589.748,2578.718,2581.128
1759964400,2025-10-08 23:00:00,2581.555,2591.409,2581.38,2585.431
1759968000,2025-10-09 00:00:00,2585.56,2586.617,2576.142,2578.545
1759971600,2025-10-09 01:00:00,2578.228,2584.871,2574.524,2576.567
1759975200,2025-10-09 02:00:00,2576.599,2581.806,2572.477,2581.084
1759978800,2025-10-09 03:00:00,2581.08,2594.547,2579.14,2593.328
1759982400,2025-10-09 04:00:00,2593.19,2606.509,2591.944,2605.614
1759986000,2025-10-09 05:00:00,2605.753,2612.335,2603.382,2603.979
1759989600,2025-10-09 06:00:00,2604.282,2609.793,2600.568,2602.452
1759993200,2025-10-09 07:00:00,2602.486,2608.217,2598.401,2599.063
1759996800,2025-10-09 08:00:00,2599.002,2603.779,2595.45,2598.723
1760000400,2025-10-09 09:00:00,2598.744,2606.491,2598.03,2605.26
1760004000,2025-10-09 10:00:00,2605.425,2610.739,2603.302,2609.04
1760007600,2025-10-09 11:00:00,2609.07,2610.849,2599.894,2602.853
1760011200,2025-10-09 12:00:00,2603.036,2608.361,2599.286,2604.929
1760014800,2025-10-09 13:00:00,2604.951,2608.324,2598.697,2605.575
1760018400,2025-10-09 14:00:00,2605.744,2606.645,2592.632,2594.672
1760022000,2025-10-09 15:00:00,2594.683,2596.342,2587.15,2589.442
1760025600,2025-10-09 16:00:00,2589.212,2599.994,2586.984,2599.566
1760029200,2025-10-09 17:00:00,2599.849,2605.942,2598.171,2603.546
1760032800,2025-10-09 18:00:00,2603.013,2617.168,2601.877,2613.529
1760036400,2025-10-09 19:00:00,2613.642,2620.671,2612.644,2616.405
1760040000,2025-10-09 20:00:00,2616.245,2621.468,2611.192,2613.168
1760043600,2025-10-09 21:00:00,2613.183,2616.134,2609.73,2613.563
1760047200,2025-10-09 22:00:00,2613.535,2621.479,2611.983,2618.935
1760050800,2025-10-09 23:00:00,2619.019,2621.595,2609.794,2610.341
1760054400,2025-10-10 00:00:00,2610.298,2614.508,2601.573,2606.2
1760058000,2025-10-10 01:00:00,2606.261,2610.563,2598.786,2601.195
1760061600,2025-10-10 02:00:00,2600.958,2607.541,2599.66,2606.973
1760065200,2025-10-10 03:00:00,2607.323,2610.565,2603.289,2607.027
1760068800,2025-10-10 04:00:00,2607.167,2617.581,2601.927,2617.581
1760072400,2025-10-10 05:00:00,2617.329,2619.75,2606.222,2609.695
1760076000,2025-10-10 06:00:00,2609.893,2612.317,2597.395,2599.636
1760079600,2025-10-10 07:00:00,2599.695,2602.856,2592.924,2601.928
1760083200,2025-10-10 08:00:00,2601.978,2611.33,2601.42,2609.235
1760086800,2025-10-10 09:00:00,2609.36,2610.826,2598.917,2610.687
1760090400,2025-10-10 10:00:00,2610.535,2616.127,2602.806,2607.798
1760094000,2025-10-10 11:00:00,2607.843,2609.721,2598.375,2606.32
1760097600,2025-10-10 12:00:00,2606.365,2611.122,2599.061,2599.557
1760101200,2025-10-10 13:00:00,2599.655,2605.024,2596.39,2603.212
1760104800,2025-10-10 14:00:00,2602.989,2610.457,2601.312,2606.805
1760108400,2025-10-10 15:00:00,2606.694,2610.962,2598.034,2599.743
1760112000,2025-10-10 16:00:00,2599.881,2602.613,2588.236,2590.946
1760115600,2025-10-10 17:00:00,2591.185,2596.849,2587.568,2590.484
1760119200,2025-10-10 18:00:00,2590.331,2591.021,2577.771,2577.874
1760122800,2025-10-10 19:00:00,2577.441,2586.233,2575.597,2581.862
1760126400,2025-10-10 20:00:00,2581.899,2588.273,2580.529,2581.252
1760130000,2025-10-10 21:00:00,2581.271,2582.521,2568.059,2570.38
1760133600,2025-10-10 22:00:00,2570.155,2570.155,2558.542,2558.896
1760137200,2025-10-10 23:00:00,2559.192,2564.653,2551.042,2554.14
1760140800,2025-10-11 00:00:00,2554.028,2555.949,2544.994,2550.673
1760144400,2025-10-11 01:00:00,2550.684,2555.277,2548.389,2552.308
1760148000,2025-10-11 02:00:00,2552.598,2558.597,2548.024,2551.995
1760151600,2025-10-11 03:00:00,2551.925,2554.049,2543.932,2550.551
1760155200,2025-10-11 04:00:00,2550.629,2554.797,2544.143,2548.546
1760158800,2025-10-11 05:00:00,2548.568,2550.826,2537.512,2537.964
1760162400,2025-10-11 06:00:00,2538.043,2541.594,2534.379,2536.875
1760166000,2025-10-11 07:00:00,2537.187,2541.921,2534.174,2536.347
1760169600,2025-10-11 08:00:00,2536.46,2546.095,2535.688,2540.113
1760173200,2025-10-11 09:00:00,2540.089,2550.583,2539.161,2541.399
1760176800,2025-10-11 10:00:00,2541.449,2547.66,2537.326,2542.241
1760180400,2025-10-11 11:00:00,2542.398,2543.827,2532.629,2533.546
1760184000,2025-10-11 12:00:00,2533.71,2540.978,2530.654,2532.453
1760187600,2025-10-11 13:00:00,2532.139,2537.252,2530.204,2535.872
1760191200,2025-10-11 14:00:00,2536.138,2541.978,2533.405,2538.397
1760194800,2025-10-11 15:00:00,2538.62,2549.58,2532.03,2545.593
1760198400,2025-10-11 16:00:00,2545.397,2545.587,2534.895,2535.877
1760202000,2025-10-11 17:00:00,2535.822,2543.055,2530.972,2541.375
1760205600,2025-10-11 18:00:00,2541.697,2542.153,2529.665,2531.066
1760209200,2025-10-11 19:00:00,2531.266,2533.597,2526.369,2527.257
1760212800,2025-10-11 20:00:00,2527.037,2536.756,2525.2,2532.889
1760216400,2025-10-11 21:00:00,2532.806,2547.895,2530.511,2545.668
1760220000,2025-10-11 22:00:00,2545.823,2556.636,2545.811,2552.8
1760223600,2025-10-11 23:00:00,2552.783,2556.609,2545.748,2547.664
1760227200,2025-10-12 00:00:00,2547.652,2551.74,2542.01,2542.01
1760230800,2025-10-12 01:00:00,2541.642,2553.202,2539.23,2539.467
1760234400,2025-10-12 02:00:00,2539.369,2542.702,2537.55,2539.101
1760238000,2025-10-12 03:00:00,2539.112,2548.863,2536.186,2546.675
1760241600,2025-10-12 04:00:00,2546.545,2565.277,2544.649,2564.335
1760245200,2025-10-12 05:00:00,2564.468,2567.047,2560.322,2565.243
1760248800,2025-10-12 06:00:00,2564.971,2565.434,2554.915,2556.503
1760252400,2025-10-12 07:00:00,2556.349,2558.932,2548.742,2553.948
1760256000,2025-10-12 08:00:00,2553.781,2557.378,2545.559,2549.907
1760259600,2025-10-12 09:00:00,2549.697,2555.426,2546.488,2551.909
1760263200,2025-10-12 10:00:00,2551.922,2560.658,2550.523,2558.601
1760266800,2025-10-12 11:00:00,2558.665,2571.394,2557.623,2570.559
1760270400,2025-10-12 12:00:00,2570.529,2579.813,2567.986,2577.678
1760274000,2025-10-12 13:00:00,2577.468,2587.58,2572.67,2581.621
1760277600,2025-10-12 14:00:00,2581.518,2585.208,2573.393,2579.91
1760281200,2025-10-12 15:00:00,2579.712,2586.348,2578.884,2584.201
1760284800,2025-10-12 16:00:00,2584.217,2591.228,2581.48,2588.342
1760288400,2025-10-12 17:00:00,2588.282,2598.451,2587.588,2595.471
1760292000,2025-10-12 18:00:00,2595.483,2601.796,2592.878,2600.758
1760295600,2025-10-12 19:00:00,2600.482,2601.994,2594.54,2594.672
1760299200,2025-10-12 20:00:00,2594.684,2612.446,2592.098,2609.9
1760302800,2025-10-12 21:00:00,2609.827,2615.502,2608.324,2614.228
1760306400,2025-10-12 22:00:00,2614.28,2624.247,2611.97,2620.008
1760310000,2025-10-12 23:00:00,2620.11,2623.01,2610.957,2611.297
1760313600,2025-10-13 00:00:00,2611.26,2611.331,2600.809,2609.281
1760317200,2025-10-13 01:00:00,2609.222,2620.197,2607.654,2609.211
1760320800,2025-10-13 02:00:00,2609.261,2611.554,2602.115,2611.119
1760324400,2025-10-13 03:00:00,2610.952,2616.921,2608.804,2613.074
1760328000,2025-10-13 04:00:00,2612.833,2614.635,2601.937,2607.154
1760331600,2025-10-13 05:00:00,2607.353,2612.782,2604.428,2607.719
1760335200,2025-10-13 06:00:00,2607.78,2610.683,2597.121,2606.457
1760338800,2025-10-13 07:00:00,2606.464,2612.856,2602.759,2610.942
1760342400,2025-10-13 08:00:00,2610.994,2616.297,2609.576,2610.779
1760346000,2025-10-13 09:00:00,2610.937,2616.403,2605.473,2606.9
1760349600,2025-10-13 10:00:00,2606.747,2614.163,2606.405,2613.546
1760353200,2025-10-13 11:00:00,2613.463,2619.117,2611.943,2614.565
1760356800,2025-10-13 12:00:00,2614.578,2619.519,2603.857,2607.684
1760360400,2025-10-13 13:00:00,2607.57,2609.054,2602.927,2606.684
1760364000,2025-10-13 14:00:00,2606.779,2614.706,2604.419,2606.66
1760367600,2025-10-13 15:00:00,2606.582,2608.058,2601.377,2602.211
1760371200,2025-10-13 16:00:00,2602.103,2608.94,2598.658,2599.016
1760374800,2025-10-13 17:00:00,2599.203,2600.073,2586.085,2587.965
1760378400,2025-10-13 18:00:00,2587.785,2591.924,2584.956,2590.191
1760382000,2025-10-13 19:00:00,2590.359,2604.564,2589.577,2602.471
1760385600,2025-10-13 20:00:00,2602.234,2602.697,2592.42,2597.481
1760389200,2025-10-13 21:00:00,2597.536,2599.33,2586.834,2588.277
1760392800,2025-10-13 22:00:00,2588.045,2589.644,2584.297,2587.573
1760396400,2025-10-13 23:00:00,2587.547,2589.542,2583.381,2584.557
1760400000,2025-10-14 00:00:00,2584.509,2593.636,2584.428,2591.942
1760403600,2025-10-14 01:00:00,2592.163,2592.869,2581.253,2583.472
1760407200,2025-10-14 02:00:00,2583.498,2590.593,2582.294,2583.84
1760410800,2025-10-14 03:00:00,2583.656,2589.531,2581.676,2583.833
1760414400,2025-10-14 04:00:00,2583.347,2586.227,2576.887,2580.971
1760418000,2025-10-14 05:00:00,2581.254,2585.244,2566.841,2567.178
1760421600,2025-10-14 06:00:00,2566.948,2573.593,2561.636,2561.94
1760425200,2025-10-14 07:00:00,2561.958,2567.512,2560.477,2561.633
1760428800,2025-10-14 08:00:00,2561.417,2563.837,2553.212,2559.705
1760432400,2025-10-14 09:00:00,2559.614,2559.843,2546.171,2551.09
1760436000,2025-10-14 10:00:00,2551.216,2555.735,2546.47,2552.973
1760439600,2025-10-14 11:00:00,2552.873,2555.728,2549.531,2554.769
1760443200,2025-10-14 12:00:00,2554.98,2556.104,2544.933,2545.347
1760446800,2025-10-14 13:00:00,2545.583,2555.513,2543.702,2554.933
1760450400,2025-10-14 14:00:00,2554.706,2558.242,2550.021,2554.724
1760454000,2025-10-14 15:00:00,2554.425,2555.439,2541.793,2543.431
1760457600,2025-10-14 16:00:00,2543.839,2550.107,2540.893,2549.064
1760461200,2025-10-14 17:00:00,2549.061,2557.181,2548.342,2549.143
1760464800,2025-10-14 18:00:00,2549.416,2554.669,2548.569,2551.021
1760468400,2025-10-14 19:00:00,2551.052,2567.579,2550.828,2565.005
1760472000,2025-10-14 20:00:00,2565.18,2565.887,2559.76,2560.44
1760475600,2025-10-14 21:00:00,2560.161,2572.262,2558.194,2572.102
1760479200,2025-10-14 22:00:00,2572.317,2573.187,2562.596,2567.581
1760482800,2025-10-14 23:00:00,2567.553,2568.179,2561.518,2568.061
1760486400,2025-10-15 00:00:00,2568.11,2568.376,2558.449,2558.802
1760490000,2025-10-15 01:00:00,2558.82,2568.87,2558.077,2568.168
1760493600,2025-10-15 02:00:00,2568.367,2578.217,2567.458,2575.654
1760497200,2025-10-15 03:00:00,2575.581,2577.57,2563.039,2576.918
1760500800,2025-10-15 04:00:00,2576.582,2584.611,2574.837,2580.963
1760504400,2025-10-15 05:00:00,2580.917,2581.655,2571.011,2577.676
1760508000,2025-10-15 06:00:00,2577.51,2588.242,2575.765,2586.581
1760511600,2025-10-15 07:00:00,2586.83,2587.102,2569.194,2570.598
1760515200,2025-10-15 08:00:00,2570.554,2574.777,2568.086,2573.767
1760518800,2025-10-15 09:00:00,2573.808,2581.99,2572.138,2577.91
1760522400,2025-10-15 10:00:00,2578.137,2583.446,2572.726,2573.202
1760526000,2025-10-15 11:00:00,2573.245,2574.734,2564.362,2565.315
1760529600,2025-10-15 12:00:00,2565.425,2571.883,2561.821,2567.558
1760533200,2025-10-15 13:00:00,2567.698,2569.406,2557.629,2560.497
1760536800,2025-10-15 14:00:00,2560.432,2560.616,2551.928,2553.793
1760540400,2025-10-15 15:00:00,2553.976,2557.619,2549.651,2555.712
1760544000,2025-10-15 16:00:00,2555.554,2560.778,2549.058,2556.623
1760547600,2025-10-15 17:00:00,2556.58,2569.44,2555.907,2561.366
1760551200,2025-10-15 18:00:00,2561.45,2563.22,2554.222,2560.929
1760554800,2025-10-15 19:00:00,2560.577,2563.471,2556.454,2559.093
1760558400,2025-10-15 20:00:00,2559.079,2565.315,2557.251,2562.965
1760562000,2025-10-15 21:00:00,2563.131,2569.998,2556.335,2559.933
1760565600,2025-10-15 22:00:00,2560.044,2568.634,2557.166,2564.802
1760569200,2025-10-15 23:00:00,2564.991,2566.482,2552.886,2563.018
1760572800,2025-10-16 00:00:00,2563.119,2565.017,2541.084,2541.084
1760576400,2025-10-16 01:00:00,2540.927,2541.213,2533.737,2537.194
1760580000,2025-10-16 02:00:00,2537.299,2553.054,2534.702,2548.57
1760583600,2025-10-16 03:00:00,2548.619,2551.229,2538.647,2539.79
1760587200,2025-10-16 04:00:00,2539.708,2552.3,2539.451,2549.682
1760590800,2025-10-16 05:00:00,2549.698,2555.139,2549.117,2552.979
1760594400,2025-10-16 06:00:00,2552.864,2552.912,2540.412,2541.793
1760598000,2025-10-16 07:00:00,2542.132,2549.716,2541.88,2543.563
1760601600,2025-10-16 08:00:00,2543.509,2546.558,2541.653,2544.092
1760605200,2025-10-16 09:00:00,2544.1,2545.265,2529.099,2534.866
1760608800,2025-10-16 10:00:00,2534.595,2534.973,2525.412,2527.291
1760612400,2025-10-16 11:00:00,2527.224,2527.426,2518.173,2522.054
1760616000,2025-10-16 12:00:00,2521.92,2524.166,2519.016,2520.715
1760619600,2025-10-16 13:00:00,2520.753,2524.115,2519.153,2524.025
1760623200,2025-10-16 14:00:00,2524.313,2530.224,2519.12,2522.953
1760626800,2025-10-16 15:00:00,2522.962,2529.938,2519.371,2523.58
1760630400,2025-10-16 16:00:00,2523.485,2530.203,2518.21,2522.871
1760634000,2025-10-16 17:00:00,2523.061,2535.542,2522.082,2533.042
1760637600,2025-10-16 18:00:00,2532.783,2534.555,2527.671,2528.071
1760641200,2025-10-16 19:00:00,2528.118,2532.655,2526.695,2528.666
1760644800,2025-10-16 20:00:00,2528.587,2533.743,2526.593,2531.447
1760648400,2025-10-16 21:00:00,2531.397,2540.902,2530.09,2537.541
1760652000,2025-10-16 22:00:00,2537.645,2537.856,2526.787,2527.394
1760655600,2025-10-16 23:00:00,2527.261,2530.093,2521.771,2524.91
1760659200,2025-10-17 00:00:00,2525.162,2528.496,2514.062,2524.948
1760662800,2025-10-17 01:00:00,2525.014,2526.564,2519.631,2520.173
1760666400,2025-10-17 02:00:00,2520.138,2526.454,2514.707,2514.979
1760670000,2025-10-17 03:00:00,2514.929,2521.465,2511.771,2514.592
1760673600,2025-10-17 04:00:00,2514.797,2523.456,2510.782,2521.923
1760677200,2025-10-17 05:00:00,2521.928,2526.224,2518.312,2519.338
1760680800,2025-10-17 06:00:00,2519.327,2519.616,2510.223,2514.339
1760684400,2025-10-17 07:00:00,2514.375,2516.701,2504.045,2505.501
1760688000,2025-10-17 08:00:00,2505.543,2507.674,2500.959,2506.319
1760691600,2025-10-17 09:00:00,2506.359,2516.968,2505.052,2512.387
1760695200,2025-10-17 10:00:00,2512.147,2513.71,2502.005,2503.073
1760698800,2025-10-17 11:00:00,2503.003,2505.184,2494.732,2499.983
1760702400,2025-10-17 12:00:00,2499.879,2507.963,2499.062,2501.265
1760706000,2025-10-17 13:00:00,2501.484,2505.267,2494.06,2495.298
1760709600,2025-10-17 14:00:00,2495.183,2500.953,2491.844,2495.058
1760713200,2025-10-17 15:00:00,2495.165,2500.999,2493.769,2497.508
1760716800,2025-10-17 16:00:00,2497.265,2506.777,2493.762,2504.355
1760720400,2025-10-17 17:00:00,2504.359,2514.72,2503.787,2507.365
1760724000,2025-10-17 18:00:00,2507.396,2512.562,2500.666,2506.673
1760727600,2025-10-17 19:00:00,2506.544,2513.668,2505.167,2510.994
1760731200,2025-10-17 20:00:00,2511.085,2511.844,2503.618,2503.69
1760734800,2025-10-17 21:00:00,2503.613,2506.62,2496.998,2498.715
1760738400,2025-10-17 22:00:00,2498.746,2498.838,2483.351,2489.25
1760742000,2025-10-17 23:00:00,2489.221,2493.104,2476.018,2477.551
1760745600,2025-10-18 00:00:00,2477.525,2482.539,2468.216,2482.123
1760749200,2025-10-18 01:00:00,2482.076,2485.069,2477.401,2480.488
1760752800,2025-10-18 02:00:00,2480.519,2489.226,2478.281,2487.1
1760756400,2025-10-18 03:00:00,2486.889,2489.174,2482.153,2482.75
1760760000,2025-10-18 04:00:00,2482.738,2490.602,2482.631,2485.811
1760763600,2025-10-18 05:00:00,2485.783,2490.375,2476.757,2477.403
1760767200,2025-10-18 06:00:00,2477.264,2486.297,2476.206,2482.046
1760770800,2025-10-18 07:00:00,2481.788,2490.791,2481.438,2487.325
1760774400,2025-10-18 08:00:00,2487.443,2487.443,2474.564,2475.555
1760778000,2025-10-18 09:00:00,2475.476,2480.067,2471.107,2471.23
1760781600,2025-10-18 10:00:00,2471.142,2473.532,2462.695,2467.081
1760785200,2025-10-18 11:00:00,2466.613,2474.989,2464.515,2472.894
1760788800,2025-10-18 12:00:00,2473.022,2475.777,2464.686,2466.745
1760792400,2025-10-18 13:00:00,2466.804,2473.71,2465.677,2470.885
1760796000,2025-10-18 14:00:00,2471.211,2475.683,2464.475,2465.567
1760799600,2025-10-18 15:00:00,2465.527,2466.479,2451.422,2456.082
1760803200,2025-10-18 16:00:00,2456.434,2460.104,2449.963,2451.544
1760806800,2025-10-18 17:00:00,2451.594,2454.1,2446.963,2448.816
1760810400,2025-10-18 18:00:00,2448.95,2458.216,2446.185,2454.621
1760814000,2025-10-18 19:00:00,2454.664,2455.694,2442.743,2444.183
1760817600,2025-10-18 20:00:00,2444.078,2454.359,2443.321,2445.703
1760821200,2025-10-18 21:00:00,2445.525,2447.889,2437.705,2438.813
1760824800,2025-10-18 22:00:00,2438.811,2439.574,2431.772,2432.958
1760828400,2025-10-18 23:00:00,2432.898,2440.447,2432.249,2438.685
1760832000,2025-10-19 00:00:00,2438.59,2445.376,2438.59,2444.761
1760835600,2025-10-19 01:00:00,2444.604,2448.02,2438.915,2445.265
1760839200,2025-10-19 02:00:00,2445.252,2453.84,2444.649,2452.985
1760842800,2025-10-19 03:00:00,2453.086,2459.834,2450.583,2459.216
1760846400,2025-10-19 04:00:00,2459.268,2469.64,2459.094,2462.855
1760850000,2025-10-19 05:00:00,2462.938,2471.58,2461.835,2470.668
1760853600,2025-10-19 06:00:00,2470.605,2479.719,2468.69,2479.392
1760857200,2025-10-19 07:00:00,2479.233,2480.5,2466.19,2469.651
1760860800,2025-10-19 08:00:00,2469.702,2476.977,2466.305,2475.344
1760864400,2025-10-19 09:00:00,2475.386,2483.478,2473.877,2478.754
1760868000,2025-10-19 10:00:00,2478.761,2481.173,2469.546,2471.551
1760871600,2025-10-19 11:00:00,2471.486,2471.673,2464.756,2465.058
1760875200,2025-10-19 12:00:00,2464.989,2469.771,2460.355,2465.24
1760878800,2025-10-19 13:00:00,2465.225,2465.494,2448.44,2449.411
1760882400,2025-10-19 14:00:00,2449.496,2450.236,2443.336,2446.783
1760886000,2025-10-19 15:00:00,2446.848,2447.89,2441.531,2443.321
1760889600,2025-10-19 16:00:00,2443.329,2446.385,2436.585,2441.719
1760893200,2025-10-19 17:00:00,2441.726,2446.509,2438.004,2438.767
1760896800,2025-10-19 18:00:00,2438.749,2439.261,2432.3,2438.555
1760900400,2025-10-19 19:00:00,2438.619,2439.034,2427.819,2429.859
1760904000,2025-10-19 20:00:00,2430.037,2437.466,2427.755,2434.165
1760907600,2025-10-19 21:00:00,2434.237,2440.038,2426.12,2437.233
1760911200,2025-10-19 22:00:00,2437.047,2440.395,2428.73,2438.516
1760914800,2025-10-19 23:00:00,2438.692,2438.809,2430.65,2438.809
1760918400,2025-10-20 00:00:00,2438.677,2442.951,2426.05,2431.516
1760922000,2025-10-20 01:00:00,2431.564,2432.35,2424.982,2429.528
1760925600,2025-10-20 02:00:00,2429.468,2436.631,2424.399,2433.341
1760929200,2025-10-20 03:00:00,2433.399,2433.805,2424.703,2427.433
1760932800,2025-10-20 04:00:00,2427.585,2430.424,2420.3,2426.403
1760936400,2025-10-20 05:00:00,2426.287,2435.304,2425.862,2431.841
1760940000,2025-10-20 06:00:00,2431.861,2441.832,2427.053,2441.368
1760943600,2025-10-20 07:00:00,2441.305,2446.706,2437.704,2442.087
1760947200,2025-10-20 08:00:00,2442.002,2443.24,2435.838,2436.304
1760950800,2025-10-20 09:00:00,2436.194,2440.326,2429.923,2436.807
1760954400,2025-10-20 10:00:00,2436.826,2441.029,2427.95,2429.647
1760958000,2025-10-20 11:00:00,2429.994,2438.326,2427.143,2438.156
1760961600,2025-10-20 12:00:00,2438.466,2449.204,2438.466,2448.779
1760965200,2025-10-20 13:00:00,2448.756,2456.468,2448.641,2454.826
1760968800,2025-10-20 14:00:00,2454.712,2455.33,2440.481,2443.066
1760972400,2025-10-20 15:00:00,2443.198,2449.783,2439.763,2446.862
1760976000,2025-10-20 16:00:00,2446.712,2449.103,2443.356,2445.425
1760979600,2025-10-20 17:00:00,2445.421,2454.817,2444.352,2448.298
1760983200,2025-10-20 18:00:00,2448.188,2451.18,2444.967,2448.255
1760986800,2025-10-20 19:00:00,2447.945,2452.461,2445.991,2446.185
1760990400,2025-10-20 20:00:00,2446.272,2449.761,2443.76,2445.312
1760994000,2025-10-20 21:00:00,2445.505,2455.218,2445.472,2453.276
1760997600,2025-10-20 22:00:00,2453.38,2461.576,2449.062,2460.575
1761001200,2025-10-20 23:00:00,2460.61,2464.277,2458.93,2461.265
1761004800,2025-10-21 00:00:00,2461.243,2462.487,2452.639,2455.245
1761008400,2025-10-21 01:00:00,2455.221,2464.485,2451.568,2458.866
1761012000,2025-10-21 02:00:00,2458.637,2460.559,2454.377,2458.896
1761015600,2025-10-21 03:00:00,2458.775,2459.966,2449.341,2450.508
1761019200,2025-10-21 04:00:00,2450.405,2455.193,2446.175,2447.581
1761022800,2025-10-21 05:00:00,2447.363,2447.363,2441.512,2443.651
1761026400,2025-10-21 06:00:00,2443.599,2449.549,2438.39,2448.795
1761030000,2025-10-21 07:00:00,2448.888,2453.594,2445.872,2449.352
1761033600,2025-10-21 08:00:00,2449.042,2452.618,2442.156,2443.971
1761037200,2025-10-21 09:00:00,2444.182,2450.821,2444.114,2448.065
1761040800,2025-10-21 10:00:00,2447.926,2453.178,2443.306,2445.308
1761044400,2025-10-21 11:00:00,2445.347,2446.381,2429.847,2432.831
1761048000,2025-10-21 12:00:00,2432.949,2441.624,2430.764,2440.917
1761051600,2025-10-21 13:00:00,2441.095,2451.651,2435.83,2449.934
1761055200,2025-10-21 14:00:00,2449.951,2452.083,2444.821,2447.841
1761058800,2025-10-21 15:00:00,2448.253,2456.6,2447.396,2454.18
1761062400,2025-10-21 16:00:00,2454.316,2458.695,2450.661,2454.395
1761066000,2025-10-21 17:00:00,2454.098,2457.433,2450.135,2455.902
1761069600,2025-10-21 18:00:00,2455.942,2461.837,2451.845,2461.556
1761073200,2025-10-21 19:00:00,2461.729,2463.363,2453.424,2455.207
1761076800,2025-10-21 20:00:00,2455.12,2455.629,2447.025,2453.759
1761080400,2025-10-21 21:00:00,2453.681,2456.403,2445.955,2449.469
1761084000,2025-10-21 22:00:00,2449.498,2452.196,2445.966,2451.535
1761087600,2025-10-21 23:00:00,2451.457,2454.678,2447.44,2451.822
1761091200,2025-10-22 00:00:00,2451.814,2457.241,2449.233,2454.86
1761094800,2025-10-22 01:00:00,2454.874,2459.963,2454.135,2459.509
1761098400,2025-10-22 02:00:00,2459.688,2464.805,2447.024,2448.163
1761102000,2025-10-22 03:00:00,2448.164,2448.702,2440.735,2443.578
1761105600,2025-10-22 04:00:00,2443.662,2449.8,2441.617,2444.899
1761109200,2025-10-22 05:00:00,2445.037,2454.567,2442.604,2453.376
1761112800,2025-10-22 06:00:00,2453.298,2459.707,2450.961,2450.961
1761116400,2025-10-22 07:00:00,2451.003,2451.003,2440.559,2447.642
1761120000,2025-10-22 08:00:00,2447.703,2450.655,2439.613,2440.306
1761123600,2025-10-22 09:00:00,2440.073,2456.49,2440.073,2455.789
1761127200,2025-10-22 10:00:00,2455.781,2461.684,2454.188,2459.49
1761130800,2025-10-22 11:00:00,2459.298,2468.518,2458.131,2466.044
1761134400,2025-10-22 12:00:00,2466.207,2466.413,2443.341,2444.07
1761138000,2025-10-22 13:00:00,2443.983,2453.27,2442.936,2453.059
1761141600,2025-10-22 14:00:00,2453.135,2458.956,2450.333,2452.837
1761145200,2025-10-22 15:00:00,2452.937,2455.342,2448.931,2451.63
1761148800,2025-10-22 16:00:00,2451.687,2455.925,2442.38,2444.99
1761152400,2025-10-22 17:00:00,2445.044,2454.343,2441.222,2450.962
1761156000,2025-10-22 18:00:00,2450.734,2453.502,2444.346,2453.125
1761159600,2025-10-22 19:00:00,2453.387,2454.537,2443.999,2445.692
1761163200,2025-10-22 20:00:00,2445.963,2453.467,2444.083,2451.79
1761166800,2025-10-22 21:00:00,2452.029,2457.464,2442.751,2446.6
1761170400,2025-10-22 22:00:00,2446.72,2452.502,2438.24,2449.968
1761174000,2025-10-22 23:00:00,2450.029,2455.776,2449.361,2452.442
1761177600,2025-10-23 00:00:00,2452.343,2464.544,2451.599,2464.544
1761181200,2025-10-23 01:00:00,2464.433,2468.794,2461.359,2467.509
1761184800,2025-10-23 02:00:00,2467.27,2473.283,2465.633,2467.952
1761188400,2025-10-23 03:00:00,2467.994,2478.883,2465.711,2468.899
1761192000,2025-10-23 04:00:00,2468.644,2482.815,2468.493,2482.619
1761195600,2025-10-23 05:00:00,2482.718,2484.514,2478.573,2479.467
1761199200,2025-10-23 06:00:00,2479.466,2481.951,2475.278,2477.574
1761202800,2025-10-23 07:00:00,2477.758,2484.467,2473.896,2482.573
1761206400,2025-10-23 08:00:00,2482.473,2492.712,2481.815,2490.408
1761210000,2025-10-23 09:00:00,2490.172,2492.378,2483.935,2486.734
1761213600,2025-10-23 10:00:00,2486.512,2490.286,2480.948,2481.952
1761217200,2025-10-23 11:00:00,2482.24,2491.166,2480.643,2483.69
1761220800,2025-10-23 12:00:00,2483.761,2490.174,2479.148,2481.157
1761224400,2025-10-23 13:00:00,2481.294,2488.631,2479.551,2488.228
1761228000,2025-10-23 14:00:00,2488.304,2496.031,2486.679,2493.277
1761231600,2025-10-23 15:00:00,2493.318,2497.809,2490.471,2494.908
1761235200,2025-10-23 16:00:00,2495.098,2504.525,2493.48,2502.004
1761238800,2025-10-23 17:00:00,2502.048,2511.17,2501.654,2509.906
1761242400,2025-10-23 18:00:00,2509.838,2514.222,2502.492,2512.589
1761246000,2025-10-23 19:00:00,2512.536,2513.738,2506.113,2511.407
1761249600,2025-10-23 20:00:00,2511.687,2512.525,2504.681,2506.386
1761253200,2025-10-23 21:00:00,2506.467,2510.973,2493.897,2493.897
1761256800,2025-10-23 22:00:00,2494.037,2494.6,2476.402,2477.012
1761260400,2025-10-23 23:00:00,2477.083,2486.437,2472.33,2485.405
1761264000,2025-10-24 00:00:00,2485.406,2490.991,2484.522,2487.358
1761267600,2025-10-24 01:00:00,2487.459,2491.969,2483.656,2487.309
1761271200,2025-10-24 02:00:00,2487.489,2489.65,2484.029,2484.911
1761274800,2025-10-24 03:00:00,2485.035,2487.578,2478.79,2480.516
1761278400,2025-10-24 04:00:00,2480.509,2480.708,2474.466,2476.269
1761282000,2025-10-24 05:00:00,2476.361,2483.279,2471.322,2471.467
1761285600,2025-10-24 06:00:00,2471.416,2477.991,2468.481,2474.701
1761289200,2025-10-24 07:00:00,2474.566,2475.145,2469.457,2473.927
1761292800,2025-10-24 08:00:00,2473.846,2477.987,2464.109,2464.369
1761296400,2025-10-24 09:00:00,2464.265,2467.531,2451.933,2451.933
1761300000,2025-10-24 10:00:00,2452.133,2454.521,2447.456,2452.969
1761303600,2025-10-24 11:00:00,2452.956,2453.038,2439.152,2439.152
1761307200,2025-10-24 12:00:00,2439.356,2449.025,2438.624,2443.803
1761310800,2025-10-24 13:00:00,2443.898,2446.373,2438.524,2440.338
1761314400,2025-10-24 14:00:00,2440.221,2443.16,2432.906,2435.072
1761318000,2025-10-24 15:00:00,2435.118,2437.092,2427.389,2429.565
1761321600,2025-10-24 16:00:00,2429.679,2430.922,2420.386,2421.049
1761325200,2025-10-24 17:00:00,2421.074,2423.927,2411.479,2416.796
1761328800,2025-10-24 18:00:00,2416.951,2419.064,2409.426,2419.064
1761332400,2025-10-24 19:00:00,2418.939,2428.072,2417.687,2423.995
1761336000,2025-10-24 20:00:00,2424.124,2428.381,2418.933,2427.515
1761339600,2025-10-24 21:00:00,2427.625,2433.964,2423.278,2432.337
1761343200,2025-10-24 22:00:00,2432.335,2432.761,2425.06,2426.078
1761346800,2025-10-24 23:00:00,2425.886,2428.408,2419.988,2426.193
1761350400,2025-10-25 00:00:00,2426.32,2431.041,2424.686,2427.569
1761354000,2025-10-25 01:00:00,2427.716,2439.364,2427.182,2433.536
1761357600,2025-10-25 02:00:00,2433.28,2438.61,2430.979,2432.673
1761361200,2025-10-25 03:00:00,2432.627,2437.053,2428.377,2435.724
1761364800,2025-10-25 04:00:00,2435.66,2442.497,2432.081,2435.784
1761368400,2025-10-25 05:00:00,2435.866,2439.11,2424.739,2424.765
1761372000,2025-10-25 06:00:00,2424.834,2431.921,2420.893,2431.253
1761375600,2025-10-25 07:00:00,2431.368,2437.272,2430.694,2436.086
1761379200,2025-10-25 08:00:00,2436.295,2436.948,2430.822,2432.908
1761382800,2025-10-25 09:00:00,2432.772,2438.184,2428.699,2429.166
1761386400,2025-10-25 10:00:00,2429.262,2438.905,2424.789,2436.946
1761390000,2025-10-25 11:00:00,2437.001,2441.562,2430.708,2438.587
1761393600,2025-10-25 12:00:00,2438.364,2440.598,2431.864,2437.742
1761397200,2025-10-25 13:00:00,2438.006,2442.289,2434.967,2436.784
1761400800,2025-10-25 14:00:00,2436.777,2445.847,2434.645,2442.87
1761404400,2025-10-25 15:00:00,2443.043,2448.551,2442.409,2446.873
1761408000,2025-10-25 16:00:00,2446.847,2447.963,2440.6,2445.213
1761411600,2025-10-25 17:00:00,2445.36,2446.964,2436.15,2439.734
1761415200,2025-10-25 18:00:00,2439.981,2449.179,2439.422,2446.478
1761418800,2025-10-25 19:00:00,2446.677,2446.789,2438.922,2439.091
1761422400,2025-10-25 20:00:00,2439.159,2439.609,2428.306,2429.728
1761426000,2025-10-25 21:00:00,2429.566,2432.884,2422.09,2425.369
1761429600,2025-10-25 22:00:00,2425.256,2432.557,2423.34,2430.806
1761433200,2025-10-25 23:00:00,2430.763,2441.993,2430.116,2437.733
1761436800,2025-10-26 00:00:00,2437.697,2441.807,2435.02,2437.783
1761440400,2025-10-26 01:00:00,2437.928,2437.928,2427.021,2427.615
1761444000,2025-10-26 02:00:00,2427.905,2435.714,2427.146,2432.976
1761447600,2025-10-26 03:00:00,2433.091,2433.091,2424.264,2425.599
1761451200,2025-10-26 04:00:00,2425.712,2433.406,2423.085,2431.025
1761454800,2025-10-26 05:00:00,2431.173,2438.038,2428.357,2435.337
1761458400,2025-10-26 06:00:00,2435.066,2439.28,2433.711,2436.839
1761462000,2025-10-26 07:00:00,2437.132,2438.072,2426.742,2428.272
1761465600,2025-10-26 08:00:00,2428.265,2428.265,2418.01,2426.515
1761469200,2025-10-26 09:00:00,2426.545,2428.996,2420.763,2428.122
1761472800,2025-10-26 10:00:00,2428.159,2429.291,2419.988,2421.848
1761476400,2025-10-26 11:00:00,2421.916,2422.762,2416.399,2417.782
1761480000,2025-10-26 12:00:00,2417.877,2417.877,2405.015,2406.706
1761483600,2025-10-26 13:00:00,2406.753,2406.814,2399.397,2406.073
1761487200,2025-10-26 14:00:00,2406.033,2410.871,2401.732,2410.163
1761490800,2025-10-26 15:00:00,2410.084,2415.553,2407.203,2407.517
1761494400,2025-10-26 16:00:00,2407.443,2408.326,2397.26,2405.94
1761498000,2025-10-26 17:00:00,2406.112,2411.031,2405.173,2406.831
1761501600,2025-10-26 18:00:00,2406.798,2415.659,2406.462,2415.303
1761505200,2025-10-26 19:00:00,2415.282,2423.05,2410.082,2421.923
1761508800,2025-10-26 20:00:00,2421.895,2429.273,2420.227,2420.28
1761512400,2025-10-26 21:00:00,2420.523,2424.24,2409.953,2422.632
1761516000,2025-10-26 22:00:00,2422.473,2430.509,2420.288,2429.808
1761519600,2025-10-26 23:00:00,2429.838,2436.446,2429.605,2433.678
1761523200,2025-10-27 00:00:00,2433.593,2436.282,2425.963,2427.19
1761526800,2025-10-27 01:00:00,2427.343,2434.55,2426.268,2430.802
1761530400,2025-10-27 02:00:00,2431.011,2443.674,2429.685,2443.593
1761534000,2025-10-27 03:00:00,2443.583,2448.475,2438.781,2438.921
1761537600,2025-10-27 04:00:00,2438.879,2443.967,2433.196,2443.667
1761541200,2025-10-27 05:00:00,2443.48,2444.738,2439.976,2443.211
1761544800,2025-10-27 06:00:00,2443.33,2444.016,2431.993,2437.278
1761548400,2025-10-27 07:00:00,2437.116,2440.844,2431.272,2438.495
1761552000,2025-10-27 08:00:00,2438.441,2452.594,2437.798,2451.853
1761555600,2025-10-27 09:00:00,2452.003,2454.793,2443.834,2445.562
1761559200,2025-10-27 10:00:00,2445.64,2462.077,2444.908,2461.709
1761562800,2025-10-27 11:00:00,2461.806,2462.62,2451.337,2452.39
1761566400,2025-10-27 12:00:00,2452.487,2457.146,2449.088,2454.039
1761570000,2025-10-27 13:00:00,2454.141,2459.005,2452.07,2455.49
1761573600,2025-10-27 14:00:00,2455.287,2456.828,2450.823,2450.823
1761577200,2025-10-27 15:00:00,2450.951,2451.685,2444.109,2449.372
1761580800,2025-10-27 16:00:00,2449.707,2453.752,2444.26,2447.14
1761584400,2025-10-27 17:00:00,2447.257,2450.719,2441.509,2448.707
1761588000,2025-10-27 18:00:00,2448.565,2458.129,2448.491,2455.045
1761591600,2025-10-27 19:00:00,2455.201,2460.01,2451.756,2454.615
1761595200,2025-10-27 20:00:00,2454.269,2468.641,2453.625,2467.619
1761598800,2025-10-27 21:00:00,2467.737,2469.432,2462.575,2468.756
1761602400,2025-10-27 22:00:00,2468.824,2471.207,2459.224,2463.19
1761606000,2025-10-27 23:00:00,2462.965,2464.193,2457.707,2461.259
1761609600,2025-10-28 00:00:00,2461.124,2461.535,2452.007,2453.52
1761613200,2025-10-28 01:00:00,2453.448,2453.998,2444.786,2450.179
1761616800,2025-10-28 02:00:00,2450.16,2452.952,2447.364,2448.063
1761620400,2025-10-28 03:00:00,2448.407,2458.326,2445.162,2454.414
1761624000,2025-10-28 04:00:00,2454.313,2457.908,2452.438,2453.899
1761627600,2025-10-28 05:00:00,2454.111,2460.439,2452.542,2459.622
1761631200,2025-10-28 06:00:00,2459.51,2465.103,2445.071,2445.313
1761634800,2025-10-28 07:00:00,2445.098,2446.496,2438.841,2441.585
1761638400,2025-10-28 08:00:00,2441.738,2441.82,2426.416,2435.956
1761642000,2025-10-28 09:00:00,2435.791,2437.39,2431.88,2434.72
1761645600,2025-10-28 10:00:00,2434.732,2434.781,2426.731,2431.723
1761649200,2025-10-28 11:00:00,2431.664,2434.576,2425.833,2430.896
1761652800,2025-10-28 12:00:00,2430.782,2436.455,2428.288,2432.722
1761656400,2025-10-28 13:00:00,2432.719,2437.552,2427.932,2431.538
1761660000,2025-10-28 14:00:00,2431.275,2437.923,2425.667,2437.796
1761663600,2025-10-28 15:00:00,2437.599,2450.006,2434.932,2448.774
1761667200,2025-10-28 16:00:00,2448.897,2455.415,2446.726,2453.666
1761670800,2025-10-28 17:00:00,2453.746,2470.851,2450.989,2466.313
1761674400,2025-10-28 18:00:00,2466.513,2471.082,2459.755,2460.174
1761678000,2025-10-28 19:00:00,2460.128,2460.361,2447.936,2451.584
1761681600,2025-10-28 20:00:00,2451.23,2451.532,2442.749,2446.333
1761685200,2025-10-28 21:00:00,2446.363,2449.739,2435.12,2441.07
1761688800,2025-10-28 22:00:00,2441.079,2451.438,2438.305,2446.552
1761692400,2025-10-28 23:00:00,2446.357,2448.612,2438.615,2438.94
1761696000,2025-10-29 00:00:00,2438.882,2443.461,2436.278,2438.336
1761699600,2025-10-29 01:00:00,2438.18,2449.576,2438.022,2444.624
1761703200,2025-10-29 02:00:00,2444.467,2452.222,2438.175,2451.129
1761706800,2025-10-29 03:00:00,2451.153,2460.723,2449.405,2457.255
1761710400,2025-10-29 04:00:00,2457.386,2458.052,2450.349,2452.44
1761714000,2025-10-29 05:00:00,2452.58,2457.526,2447.872,2451.399
1761717600,2025-10-29 06:00:00,2451.431,2453.284,2443.861,2445.953
1761721200,2025-10-29 07:00:00,2445.752,2453.501,2440.948,2448.979
1761724800,2025-10-29 08:00:00,2449.033,2454.042,2448.227,2449.796
1761728400,2025-10-29 09:00:00,2450.161,2450.326,2437.375,2438.747
1761732000,2025-10-29 10:00:00,2438.847,2444.058,2436.728,2442.802
1761735600,2025-10-29 11:00:00,2442.993,2447.113,2438.042,2440.629
1761739200,2025-10-29 12:00:00,2440.624,2443.147,2428.877,2434.082
1761742800,2025-10-29 13:00:00,2434.159,2435.366,2418.673,2420.086
1761746400,2025-10-29 14:00:00,2420.156,2425.904,2416.399,2419.033
1761750000,2025-10-29 15:00:00,2418.947,2422.635,2414.484,2418.869
1761753600,2025-10-29 16:00:00,2418.799,2420.241,2413.788,2417.647
1761757200,2025-10-29 17:00:00,2417.747,2421.42,2415.379,2417.963
1761760800,2025-10-29 18:00:00,2417.91,2425.653,2417.89,2419.219
1761764400,2025-10-29 19:00:00,2419.054,2420.456,2407.501,2407.89
1761768000,2025-10-29 20:00:00,2407.897,2414.147,2405.32,2409.631
1761771600,2025-10-29 21:00:00,2409.674,2415.16,2404.607,2407.123
1761775200,2025-10-29 22:00:00,2407.133,2407.649,2395.447,2395.447
1761778800,2025-10-29 23:00:00,2395.453,2401.073,2392.267,2400.656
1761782400,2025-10-30 00:00:00,2400.631,2401.432,2394.841,2400.806
1761786000,2025-10-30 01:00:00,2400.668,2404.028,2393.624,2399.035
1761789600,2025-10-30 02:00:00,2398.979,2404.03,2395.046,2401.55
1761793200,2025-10-30 03:00:00,2401.401,2410.972,2399.025,2408.04
1761796800,2025-10-30 04:00:00,2408.037,2418.677,2406.637,2417.216
1761800400,2025-10-30 05:00:00,2417.518,2426.464,2417.062,2424.834
1761804000,2025-10-30 06:00:00,2424.8,2429.184,2422.074,2425.703
1761807600,2025-10-30 07:00:00,2425.86,2426.656,2419.08,2423.127
1761811200,2025-10-30 08:00:00,2423.551,2432.397,2423.173,2424.896
1761814800,2025-10-30 09:00:00,2425.143,2429.657,2422.24,2423.475
1761818400,2025-10-30 10:00:00,2423.428,2426.764,2412.148,2421.4
1761822000,2025-10-30 11:00:00,2421.397,2430.836,2416.694,2429.108
1761825600,2025-10-30 12:00:00,2429.253,2429.57,2413.48,2416.551
1761829200,2025-10-30 13:00:00,2416.559,2424.124,2412.46,2420.014
1761832800,2025-10-30 14:00:00,2420.027,2420.094,2407.108,2412.176
1761836400,2025-10-30 15:00:00,2412.226,2412.641,2397.234,2397.654
1761840000,2025-10-30 16:00:00,2397.617,2403.434,2395.642,2396.878
1761843600,2025-10-30 17:00:00,2396.965,2402.602,2390.705,2390.705
1761847200,2025-10-30 18:00:00,2390.892,2391.593,2383.23,2388.607
1761850800,2025-10-30 19:00:00,2388.554,2395.068,2386.516,2391.327
1761854400,2025-10-30 20:00:00,2391.404,2395.484,2390.164,2391.142
1761858000,2025-10-30 21:00:00,2391.187,2391.547,2381.613,2384.597
1761861600,2025-10-30 22:00:00,2384.676,2384.942,2372.145,2375.363
1761865200,2025-10-30 23:00:00,2375.267,2379.057,2366.081,2367.972
1761868800,2025-10-31 00:00:00,2367.902,2374.458,2362.777,2374.257
1761872400,2025-10-31 01:00:00,2374.331,2374.418,2365.871,2369.597
1761876000,2025-10-31 02:00:00,2369.512,2377.986,2368.563,2376.212
1761879600,2025-10-31 03:00:00,2376.2,2377.07,2370.054,2372.035
1761883200,2025-10-31 04:00:00,2372.217,2376.308,2367.755,2374.491
1761886800,2025-10-31 05:00:00,2374.603,2376.533,2367.688,2370.67
1761890400,2025-10-31 06:00:00,2370.96,2381.295,2370.19,2378.321
1761894000,2025-10-31 07:00:00,2378.284,2378.701,2370.588,2376.875
1761897600,2025-10-31 08:00:00,2376.936,2378.053,2370.162,2373.497
1761901200,2025-10-31 09:00:00,2373.503,2379.12,2368.086,2378.929
1761904800,2025-10-31 10:00:00,2378.954,2384.441,2376.573,2382.342
1761908400,2025-10-31 11:00:00,2382.174,2383.282,2374.804,2380.173
1761912000,2025-10-31 12:00:00,2380.281,2382.997,2374.317,2378.587
1761915600,2025-10-31 13:00:00,2378.737,2379.902,2373.458,2375.683
1761919200,2025-10-31 14:00:00,2375.484,2381.152,2371.917,2379.85
1761922800,2025-10-31 15:00:00,2379.769,2382.325,2372.08,2372.435
1761926400,2025-10-31 16:00:00,2372.531,2376.051,2369.725,2370.145
1761930000,2025-10-31 17:00:00,2370.028,2370.312,2356.912,2359.979
1761933600,2025-10-31 18:00:00,2360.047,2361.054,2351.27,2355.671
1761937200,2025-10-31 19:00:00,2355.988,2359.441,2349.495,2350.306
1761940800,2025-10-31 20:00:00,2350.199,2360.869,2347.449,2354.756
1761944400,2025-10-31 21:00:00,2354.815,2360.062,2350.333,2352.973
1761948000,2025-10-31 22:00:00,2352.753,2358.255,2350.521,2357.459
1761951600,2025-10-31 23:00:00,2357.412,2359.802,2354.95,2356.334
1761955200,2025-11-01 00:00:00,2356.436,2358.278,2352.202,2355.581
1761958800,2025-11-01 01:00:00,2355.596,2358.834,2349.319,2353.904
1761962400,2025-11-01 02:00:00,2353.898,2361.243,2352.265,2360.698
1761966000,2025-11-01 03:00:00,2360.733,2371.311,2360.55,2370.97
1761969600,2025-11-01 04:00:00,2371.27,2381.684,2370.816,2377.326
1761973200,2025-11-01 05:00:00,2377.287,2381.68,2372.88,2381.68
1761976800,2025-11-01 06:00:00,2381.715,2386.017,2380.162,2381.467
1761980400,2025-11-01 07:00:00,2381.134,2384.398,2376.585,2380.177
1761984000,2025-11-01 08:00:00,2380.113,2385.464,2375.982,2380.887
1761987600,2025-11-01 09:00:00,2380.607,2387.423,2379.172,2387.423
1761991200,2025-11-01 10:00:00,2387.417,2387.541,2378.492,2381.883
1761994800,2025-11-01 11:00:00,2381.892,2382.148,2372.95,2377.386
1761998400,2025-11-01 12:00:00,2377.556,2380.376,2373.065,2375.09
1762002000,2025-11-01 13:00:00,2374.955,2382.388,2373.419,2381.012
1762005600,2025-11-01 14:00:00,2381.221,2390.415,2380.266,2385.191
1762009200,2025-11-01 15:00:00,2384.872,2388.796,2379.438,2382.566
1762012800,2025-11-01 16:00:00,2382.786,2393.452,2380.571,2391.778
1762016400,2025-11-01 17:00:00,2391.549,2394.897,2384.615,2387.257
1762020000,2025-11-01 18:00:00,2387.33,2397.172,2386.031,2394.089
1762023600,2025-11-01 19:00:00,2394.023,2406.492,2392.659,2403.449
1762027200,2025-11-01 20:00:00,2403.516,2409.117,2402.399,2402.849
1762030800,2025-11-01 21:00:00,2402.884,2403.866,2395.497,2402.324
1762034400,2025-11-01 22:00:00,2402.389,2409.926,2398.028,2400.524
1762038000,2025-11-01 23:00:00,2400.714,2408.435,2400.714,2403.27
1762041600,2025-11-02 00:00:00,2403.579,2411.633,2402.431,2409.665
1762045200,2025-11-02 01:00:00,2409.496,2413.317,2407.253,2411.258
1762048800,2025-11-02 02:00:00,2411.194,2422.308,2410.568,2419.304
1762052400,2025-11-02 03:00:00,2419.572,2424.614,2419.111,2420.834
1762056000,2025-11-02 04:00:00,2420.936,2429.108,2418.962,2428.27
1762059600,2025-11-02 05:00:00,2428.166,2435.451,2424.914,2428.465
1762063200,2025-11-02 06:00:00,2428.187,2437.371,2425.865,2435.633
1762066800,2025-11-02 07:00:00,2435.345,2437.322,2430.169,2433.339
1762070400,2025-11-02 08:00:00,2433.426,2437.785,2427.235,2435.513
1762074000,2025-11-02 09:00:00,2435.601,2439.746,2431.233,2436.277
1762077600,2025-11-02 10:00:00,2436.072,2440.613,2431.458,2436.053
1762081200,2025-11-02 11:00:00,2435.937,2439.481,2434.486,2435.841
1762084800,2025-11-02 12:00:00,2435.799,2449.386,2435.479,2448.882
1762088400,2025-11-02 13:00:00,2449.074,2452.208,2445.555,2446.458
1762092000,2025-11-02 14:00:00,2446.576,2456.873,2444.812,2445.167
1762095600,2025-11-02 15:00:00,2444.902,2449.79,2443.608,2444.23
1762099200,2025-11-02 16:00:00,2444.349,2444.51,2439.141,2440.748
1762102800,2025-11-02 17:00:00,2440.958,2455.768,2440.958,2455.768
1762106400,2025-11-02 18:00:00,2455.703,2455.703,2444.334,2445.97
1762110000,2025-11-02 19:00:00,2445.636,2457.097,2443.887,2457.097
1762113600,2025-11-02 20:00:00,2457.059,2457.061,2443.657,2447.798
1762117200,2025-11-02 21:00:00,2447.645,2447.645,2437.396,2439.202
1762120800,2025-11-02 22:00:00,2439.279,2442.699,2435.79,2437.618
1762124400,2025-11-02 23:00:00,2437.483,2441.665,2435.153,2441.282
1762128000,2025-11-03 00:00:00,2441.684,2442.134,2425.664,2428.624
1762131600,2025-11-03 01:00:00,2428.546,2442.004,2428.192,2439.296
1762135200,2025-11-03 02:00:00,2439.216,2441.754,2433.517,2439.796
1762138800,2025-11-03 03:00:00,2439.72,2441.503,2433.326,2440.528
1762142400,2025-11-03 04:00:00,2440.52,2450.596,2437.568,2450.392
1762146000,2025-11-03 05:00:00,2450.196,2454.756,2443.114,2445.201
1762149600,2025-11-03 06:00:00,2445.204,2446.5,2436.332,2437.822
1762153200,2025-11-03 07:00:00,2437.888,2449.612,2431.456,2447.62
1762156800,2025-11-03 08:00:00,2447.517,2462.519,2445.451,2460.947
1762160400,2025-11-03 09:00:00,2461.064,2463.08,2455.848,2456.755
1762164000,2025-11-03 10:00:00,2456.637,2458.288,2450.587,2451.374
1762167600,2025-11-03 11:00:00,2451.403,2454.383,2443.761,2444.129
1762171200,2025-11-03 12:00:00,2444.029,2446.552,2438.644,2444.815
1762174800,2025-11-03 13:00:00,2444.809,2447.124,2440.61,2445.711
1762178400,2025-11-03 14:00:00,2445.821,2449.429,2440.305,2441.621
1762182000,2025-11-03 15:00:00,2441.971,2452.076,2441.798,2449.619
1762185600,2025-11-03 16:00:00,2449.694,2460.993,2447.249,2457.824
1762189200,2025-11-03 17:00:00,2458.017,2461.456,2448.436,2451.389
1762192800,2025-11-03 18:00:00,2451.216,2457.861,2449.735,2455.249
1762196400,2025-11-03 19:00:00,2455.516,2458.741,2444.735,2450.419
1762200000,2025-11-03 20:00:00,2450.404,2455.925,2443,2447.411
1762203600,2025-11-03 21:00:00,2447.465,2448.289,2442.408,2443.232
1762207200,2025-11-03 22:00:00,2443.262,2444.06,2434.795,2436.863
1762210800,2025-11-03 23:00:00,2436.828,2446.94,2436.085,2444.982
1762214400,2025-11-04 00:00:00,2445.098,2453.234,2444.812,2448.131
1762218000,2025-11-04 01:00:00,2447.865,2451.149,2440.073,2442.038
1762221600,2025-11-04 02:00:00,2442.099,2443.959,2435.39,2438.746
1762225200,2025-11-04 03:00:00,2438.759,2446.291,2436.836,2439.393
1762228800,2025-11-04 04:00:00,2439.3,2444.179,2435.987,2443.254
1762232400,2025-11-04 05:00:00,2443.492,2443.548,2437.237,2438.681
1762236000,2025-11-04 06:00:00,2438.528,2447.945,2435.467,2444.987
1762239600,2025-11-04 07:00:00,2444.932,2462.503,2443.251,2462.289
1762243200,2025-11-04 08:00:00,2462.421,2468.501,2457.474,2468.337
1762246800,2025-11-04 09:00:00,2468.364,2481.25,2467.671,2473.518
1762250400,2025-11-04 10:00:00,2473.531,2488.394,2471.163,2488.239
1762254000,2025-11-04 11:00:00,2488.18,2488.911,2477.111,2477.15
1762257600,2025-11-04 12:00:00,2477.47,2480.21,2474.357,2479.632
1762261200,2025-11-04 13:00:00,2479.546,2487.809,2478.474,2483.082
1762264800,2025-11-04 14:00:00,2483.251,2484.772,2472.654,2475.694
1762268400,2025-11-04 15:00:00,2475.487,2481.989,2475.212,2477.909
1762272000,2025-11-04 16:00:00,2477.899,2487,2477.196,2479.51
1762275600,2025-11-04 17:00:00,2479.07,2483.619,2475.92,2478.582
1762279200,2025-11-04 18:00:00,2478.665,2487.811,2476.624,2487.022
1762282800,2025-11-04 19:00:00,2487.202,2487.942,2478.98,2485.809
1762286400,2025-11-04 20:00:00,2485.871,2493.401,2485.871,2488.519
1762290000,2025-11-04 21:00:00,2488.484,2494.357,2485.776,2492.786
1762293600,2025-11-04 22:00:00,2492.861,2502.602,2488.696,2502.213
1762297200,2025-11-04 23:00:00,2502.271,2505.406,2496.098,2497.154
1762300800,2025-11-05 00:00:00,2496.889,2497.477,2483.457,2487.485
1762304400,2025-11-05 01:00:00,2487.448,2488.151,2478.928,2479.431
1762308000,2025-11-05 02:00:00,2479.165,2479.165,2469.643,2475.751
1762311600,2025-11-05 03:00:00,2475.675,2481.391,2474.219,2474.219
1762315200,2025-11-05 04:00:00,2474.029,2474.907,2466.555,2471.92
1762318800,2025-11-05 05:00:00,2472.018,2487.416,2471.43,2485.314
1762322400,2025-11-05 06:00:00,2485.357,2490.335,2482.959,2483.928
1762326000,2025-11-05 07:00:00,2483.651,2489.442,2479.67,2482.888
1762329600,2025-11-05 08:00:00,2482.769,2484.76,2470.796,2470.801
1762333200,2025-11-05 09:00:00,2470.853,2474.754,2463.803,2464.8
1762336800,2025-11-05 10:00:00,2465.051,2467.615,2459.433,2464.602
1762340400,2025-11-05 11:00:00,2464.628,2468.183,2458.999,2467.357
1762344000,2025-11-05 12:00:00,2467.305,2475.143,2466.898,2474.347
1762347600,2025-11-05 13:00:00,2474.549,2489.272,2470.875,2488.506
1762351200,2025-11-05 14:00:00,2488.482,2489.071,2479.57,2481.734
1762354800,2025-11-05 15:00:00,2481.746,2493.935,2481.615,2490.201
1762358400,2025-11-05 16:00:00,2490.131,2491.75,2482.319,2485.948
1762362000,2025-11-05 17:00:00,2485.999,2486.221,2478.462,2481.393
1762365600,2025-11-05 18:00:00,2481.369,2486.304,2479.658,2482.803
1762369200,2025-11-05 19:00:00,2482.654,2487.141,2479.828,2484.551
1762372800,2025-11-05 20:00:00,2484.557,2490.743,2481.797,2487.192
1762376400,2025-11-05 21:00:00,2487.276,2489.359,2482.454,2488.595
1762380000,2025-11-05 22:00:00,2488.754,2491.723,2481.313,2489.215
1762383600,2025-11-05 23:00:00,2489.27,2494.573,2486.265,2493.186
1762387200,2025-11-06 00:00:00,2492.856,2499.318,2491.41,2497.852
1762390800,2025-11-06 01:00:00,2497.937,2498.088,2491.211,2493.06
1762394400,2025-11-06 02:00:00,2493.409,2500.231,2491.986,2498.821
1762398000,2025-11-06 03:00:00,2498.879,2502.695,2494.213,2502.318
1762401600,2025-11-06 04:00:00,2502.099,2505.592,2491.001,2494.065
1762405200,2025-11-06 05:00:00,2494.309,2501.002,2494.032,2495.943
1762408800,2025-11-06 06:00:00,2495.801,2500.42,2492.424,2498.448
1762412400,2025-11-06 07:00:00,2498.378,2502.715,2492.96,2493.964
1762416000,2025-11-06 08:00:00,2493.92,2494.787,2487.167,2489.161
1762419600,2025-11-06 09:00:00,2489.179,2496.533,2486.815,2493.01
1762423200,2025-11-06 10:00:00,2492.93,2509.401,2491.916,2506.511
1762426800,2025-11-06 11:00:00,2506.714,2519.038,2499.972,2518.734
1762430400,2025-11-06 12:00:00,2518.856,2526.827,2517.616,2523.077
1762434000,2025-11-06 13:00:00,2523.196,2540.148,2520.907,2540.148
1762437600,2025-11-06 14:00:00,2540.301,2541.238,2533.699,2538.258
1762441200,2025-11-06 15:00:00,2538.308,2545.524,2537.974,2544.659
1762444800,2025-11-06 16:00:00,2544.872,2557.342,2543.847,2549.07
1762448400,2025-11-06 17:00:00,2549.06,2551.534,2545.178,2549.716
1762452000,2025-11-06 18:00:00,2549.733,2551.384,2545.248,2548.976
1762455600,2025-11-06 19:00:00,2548.917,2558.372,2545.959,2553.369
1762459200,2025-11-06 20:00:00,2553.359,2559.154,2549.72,2552.39
1762462800,2025-11-06 21:00:00,2552.496,2554.644,2546.491,2550.327
1762466400,2025-11-06 22:00:00,2550.281,2554.797,2545.48,2552.192
1762470000,2025-11-06 23:00:00,2552.312,2553.362,2546.351,2551.101
1762473600,2025-11-07 00:00:00,2551.257,2551.823,2534.984,2538.54
1762477200,2025-11-07 01:00:00,2538.386,2541.861,2530.303,2531.967
1762480800,2025-11-07 02:00:00,2531.952,2548.196,2529.897,2547.297
1762484400,2025-11-07 03:00:00,2547.231,2550.719,2541.415,2542.29
1762488000,2025-11-07 04:00:00,2541.967,2547.665,2537.898,2546.439
1762491600,2025-11-07 05:00:00,2546.501,2550.167,2542.361,2544.661
1762495200,2025-11-07 06:00:00,2544.425,2548.973,2540.465,2546.66
1762498800,2025-11-07 07:00:00,2546.518,2546.897,2540.765,2545.474
1762502400,2025-11-07 08:00:00,2545.669,2553.537,2544.786,2550.04
1762506000,2025-11-07 09:00:00,2550.113,2553.13,2545.267,2546.395
1762509600,2025-11-07 10:00:00,2546.591,2550.564,2538.834,2550.036
1762513200,2025-11-07 11:00:00,2550.075,2552.449,2541.124,2548.979
1762516800,2025-11-07 12:00:00,2548.787,2553.931,2546.855,2548.518
1762520400,2025-11-07 13:00:00,2548.598,2552.499,2540.947,2551.698
1762524000,2025-11-07 14:00:00,2551.831,2554.199,2536.764,2543.625
1762527600,2025-11-07 15:00:00,2543.564,2545.26,2522.815,2525.987
1762531200,2025-11-07 16:00:00,2525.856,2528.067,2516.98,2522.413
1762534800,2025-11-07 17:00:00,2522.501,2533.831,2522.501,2532.459
1762538400,2025-11-07 18:00:00,2532.716,2535.882,2525.372,2530.66
1762542000,2025-11-07 19:00:00,2530.697,2531.921,2522.029,2526.163
1762545600,2025-11-07 20:00:00,2526.226,2533.354,2524.726,2531.021
1762549200,2025-11-07 21:00:00,2531.265,2535.106,2526.709,2533.693
1762552800,2025-11-07 22:00:00,2533.796,2541.785,2531.961,2536.352
1762556400,2025-11-07 23:00:00,2536.524,2538.374,2523.215,2524.313
1762560000,2025-11-08 00:00:00,2524.553,2529.202,2520.682,2526.828
1762563600,2025-11-08 01:00:00,2526.988,2529.295,2522.144,2528.214
1762567200,2025-11-08 02:00:00,2528.207,2529.834,2518.954,2529.016
1762570800,2025-11-08 03:00:00,2529.118,2536.956,2528.897,2533.461
1762574400,2025-11-08 04:00:00,2533.524,2538.06,2529.566,2532.912
1762578000,2025-11-08 05:00:00,2532.984,2535.883,2526.981,2528.14
1762581600,2025-11-08 06:00:00,2528.08,2535.324,2525.48,2532.914
1762585200,2025-11-08 07:00:00,2532.992,2536.638,2530.699,2534.942
1762588800,2025-11-08 08:00:00,2535.139,2536.872,2521.958,2522.95
1762592400,2025-11-08 09:00:00,2523.049,2527.279,2519.779,2520.735
1762596000,2025-11-08 10:00:00,2520.8,2523.474,2507.436,2507.439
1762599600,2025-11-08 11:00:00,2507.298,2519.266,2503.947,2513.184
1762603200,2025-11-08 12:00:00,2513.331,2517.6,2502.975,2503.094
1762606800,2025-11-08 13:00:00,2503.016,2506.003,2494.459,2497.516
1762610400,2025-11-08 14:00:00,2497.712,2504.249,2495.3,2501.632
1762614000,2025-11-08 15:00:00,2501.441,2504.392,2495.66,2497.283
1762617600,2025-11-08 16:00:00,2497.592,2506.089,2495.677,2498.898
1762621200,2025-11-08 17:00:00,2498.902,2504.114,2495.844,2502.077
1762624800,2025-11-08 18:00:00,2502.1,2509.13,2501.829,2504.746
1762628400,2025-11-08 19:00:00,2504.839,2506.385,2500.24,2504.873
1762632000,2025-11-08 20:00:00,2505.07,2510.698,2499.916,2508.33
1762635600,2025-11-08 21:00:00,2508.052,2517.256,2503.309,2515.569
1762639200,2025-11-08 22:00:00,2515.422,2519.965,2511.714,2515.574
1762642800,2025-11-08 23:00:00,2515.319,2520.709,2508.185,2519.652
1762646400,2025-11-09 00:00:00,2519.331,2520.659,2514.096,2516.652
1762650000,2025-11-09 01:00:00,2516.421,2525.486,2515.984,2523.434
1762653600,2025-11-09 02:00:00,2523.265,2526.224,2517.574,2519.239
1762657200,2025-11-09 03:00:00,2519.463,2524.289,2515.755,2517.341
1762660800,2025-11-09 04:00:00,2517.216,2520.168,2512.987,2516.442
1762664400,2025-11-09 05:00:00,2516.335,2529.502,2515.342,2524.266
1762668000,2025-11-09 06:00:00,2524.073,2534.576,2521.515,2533.544
1762671600,2025-11-09 07:00:00,2533.554,2547.326,2533.346,2547.291
1762675200,2025-11-09 08:00:00,2547.134,2555.707,2547.111,2554.456
1762678800,2025-11-09 09:00:00,2554.515,2557.547,2548.175,2552.276
1762682400,2025-11-09 10:00:00,2552.184,2572.487,2551.222,2572.052
1762686000,2025-11-09 11:00:00,2572.186,2573.946,2552.809,2552.809
1762689600,2025-11-09 12:00:00,2552.551,2558.511,2551.445,2558.511
1762693200,2025-11-09 13:00:00,2558.372,2563.524,2554.447,2561.016
1762696800,2025-11-09 14:00:00,2560.942,2561.183,2551.819,2558.724
1762700400,2025-11-09 15:00:00,2559.116,2564.934,2556.082,2560.75
1762704000,2025-11-09 16:00:00,2560.691,2577.853,2559.954,2574.892
1762707600,2025-11-09 17:00:00,2575.1,2583.286,2575.1,2576.91
1762711200,2025-11-09 18:00:00,2576.795,2577.961,2568.498,2573.535
1762714800,2025-11-09 19:00:00,2573.618,2574.189,2565.071,2565.516
1762718400,2025-11-09 20:00:00,2565.45,2566.476,2553.114,2557.089
1762722000,2025-11-09 21:00:00,2556.679,2562.926,2555.628,2561.804
1762725600,2025-11-09 22:00:00,2561.832,2562.789,2552.445,2554.379
1762729200,2025-11-09 23:00:00,2554.336,2555.51,2546.71,2555.51
1762732800,2025-11-10 00:00:00,2555.43,2573.239,2553.218,2572.83
1762736400,2025-11-10 01:00:00,2572.603,2581.339,2572.497,2576.306
1762740000,2025-11-10 02:00:00,2576.285,2585.991,2572.595,2580.127
1762743600,2025-11-10 03:00:00,2580.155,2590.628,2578.454,2587.772
1762747200,2025-11-10 04:00:00,2587.972,2592.28,2583.887,2585.656
1762750800,2025-11-10 05:00:00,2585.774,2602.9,2583.153,2602.761
1762754400,2025-11-10 06:00:00,2602.636,2612.353,2600.243,2606.318
1762758000,2025-11-10 07:00:00,2606.219,2609.963,2601.321,2604.278
1762761600,2025-11-10 08:00:00,2604.284,2609.694,2602.191,2607.052
1762765200,2025-11-10 09:00:00,2606.906,2610.172,2604.178,2607.79
1762768800,2025-11-10 10:00:00,2607.477,2610.736,2604.587,2606.453
1762772400,2025-11-10 11:00:00,2606.419,2611.2,2599.625,2609.089
1762776000,2025-11-10 12:00:00,2609.02,2611.246,2604.591,2608.399
1762779600,2025-11-10 13:00:00,2608.498,2609.547,2599.26,2602.349
1762783200,2025-11-10 14:00:00,2602.494,2602.751,2588.996,2594.179
1762786800,2025-11-10 15:00:00,2594.017,2601.159,2589.496,2598.756
1762790400,2025-11-10 16:00:00,2598.895,2608.977,2598.401,2601.573
1762794000,2025-11-10 17:00:00,2601.435,2604.277,2592.195,2595.904
1762797600,2025-11-10 18:00:00,2596.039,2599.118,2587.003,2590.949
1762801200,2025-11-10 19:00:00,2590.842,2594.031,2584.834,2592.414
1762804800,2025-11-10 20:00:00,2592.156,2605.324,2588.875,2602.354
1762808400,2025-11-10 21:00:00,2602.289,2609.541,2598.474,2608.154
1762812000,2025-11-10 22:00:00,2608.187,2608.251,2591.659,2594.282
1762815600,2025-11-10 23:00:00,2594.074,2594.846,2582.182,2582.815
1762819200,2025-11-11 00:00:00,2582.84,2585.623,2577.137,2583.761
1762822800,2025-11-11 01:00:00,2583.654,2585.733,2576.395,2577.286
1762826400,2025-11-11 02:00:00,2577.102,2577.881,2568.369,2570.797
1762830000,2025-11-11 03:00:00,2571.242,2572.919,2567.743,2570.262
1762833600,2025-11-11 04:00:00,2570.185,2571.456,2557.543,2558.474
1762837200,2025-11-11 05:00:00,2558.666,2559.245,2550.088,2555.581
1762840800,2025-11-11 06:00:00,2555.727,2561.152,2548.283,2560.24
1762844400,2025-11-11 07:00:00,2560.385,2566.558,2552.369,2565.651
1762848000,2025-11-11 08:00:00,2565.687,2577.285,2563.256,2576.434
1762851600,2025-11-11 09:00:00,2576.301,2578.43,2567.217,2569.159
1762855200,2025-11-11 10:00:00,2568.928,2579.412,2567.073,2577.828
1762858800,2025-11-11 11:00:00,2577.574,2586.996,2574.404,2583.549
1762862400,2025-11-11 12:00:00,2583.391,2597.455,2583.053,2595.23
1762866000,2025-11-11 13:00:00,2595.13,2601.717,2594.938,2601.291
1762869600,2025-11-11 14:00:00,2601.429,2605.534,2598.533,2602.635
1762873200,2025-11-11 15:00:00,2602.457,2604.576,2586.576,2587.28
1762876800,2025-11-11 16:00:00,2587.343,2594.098,2585.488,2590.907
1762880400,2025-11-11 17:00:00,2590.607,2596.87,2587.879,2588.578
1762884000,2025-11-11 18:00:00,2588.496,2591.131,2582.049,2589.883
1762887600,2025-11-11 19:00:00,2589.627,2602.682,2587.204,2600.733
1762891200,2025-11-11 20:00:00,2601.002,2609.682,2600.704,2607.359
1762894800,2025-11-11 21:00:00,2607.274,2617.61,2605.531,2617.09
1762898400,2025-11-11 22:00:00,2616.889,2628.553,2616.172,2621.87
1762902000,2025-11-11 23:00:00,2621.67,2626.803,2617.287,2622.971
1762905600,2025-11-12 00:00:00,2622.905,2627.674,2619.825,2622.767
1762909200,2025-11-12 01:00:00,2622.598,2624.839,2616.23,2621.117
1762912800,2025-11-12 02:00:00,2621.099,2623.572,2613.718,2622.392
1762916400,2025-11-12 03:00:00,2622.217,2626.81,2614.44,2614.445
1762920000,2025-11-12 04:00:00,2614.528,2617.236,2607.762,2612.067
1762923600,2025-11-12 05:00:00,2611.959,2620.102,2609.559,2610.596
1762927200,2025-11-12 06:00:00,2610.51,2629.914,2609.232,2629.267
1762930800,2025-11-12 07:00:00,2629.33,2635.405,2628.749,2632.843
1762934400,2025-11-12 08:00:00,2633.128,2635.491,2627.49,2629.969
1762938000,2025-11-12 09:00:00,2630.035,2639.454,2627.306,2639.279
1762941600,2025-11-12 10:00:00,2639.294,2646.323,2636.635,2643.862
1762945200,2025-11-12 11:00:00,2643.749,2644.749,2633.813,2636.938
1762948800,2025-11-12 12:00:00,2637.064,2645.381,2635.52,2643.767
1762952400,2025-11-12 13:00:00,2643.884,2644.487,2633.054,2634.8
1762956000,2025-11-12 14:00:00,2634.688,2636.199,2629.695,2632.33
1762959600,2025-11-12 15:00:00,2632.529,2636.587,2630.655,2630.969
1762963200,2025-11-12 16:00:00,2630.703,2639.182,2629.129,2637.851
1762966800,2025-11-12 17:00:00,2637.872,2645.87,2637.056,2643.845
1762970400,2025-11-12 18:00:00,2643.738,2649.336,2632.12,2634.583
1762974000,2025-11-12 19:00:00,2634.509,2641.857,2633.057,2639.625
1762977600,2025-11-12 20:00:00,2639.686,2646.416,2638.315,2642.548
1762981200,2025-11-12 21:00:00,2642.759,2645.906,2630.778,2633.175
1762984800,2025-11-12 22:00:00,2633.115,2639.422,2628.083,2632.669
1762988400,2025-11-12 23:00:00,2632.546,2634.385,2625.021,2629.007
1762992000,2025-11-13 00:00:00,2629.049,2640.696,2628.728,2637.193
1762995600,2025-11-13 01:00:00,2636.782,2648.85,2633.958,2642.839
1762999200,2025-11-13 02:00:00,2642.695,2645.373,2638.021,2639.323
1763002800,2025-11-13 03:00:00,2639.289,2639.516,2629.363,2634.155
1763006400,2025-11-13 04:00:00,2634.134,2650.854,2633.118,2648.128
1763010000,2025-11-13 05:00:00,2648.127,2663.931,2644.647,2658.964
1763013600,2025-11-13 06:00:00,2658.937,2665.017,2654.789,2655.194
1763017200,2025-11-13 07:00:00,2655.097,2657.217,2648.99,2652.866
1763020800,2025-11-13 08:00:00,2653.046,2656.187,2647.983,2654.222
1763024400,2025-11-13 09:00:00,2654.096,2671.38,2651.356,2671.157
1763028000,2025-11-13 10:00:00,2671.081,2673.717,2665.607,2670.883
1763031600,2025-11-13 11:00:00,2671.012,2671.54,2662.719,2665.65
1763035200,2025-11-13 12:00:00,2665.686,2669.942,2659.216,2665.467
1763038800,2025-11-13 13:00:00,2665.455,2671.842,2661.596,2666.769
1763042400,2025-11-13 14:00:00,2666.685,2674.994,2664.465,2674.062
1763046000,2025-11-13 15:00:00,2674.114,2687.883,2672.916,2684.763
1763049600,2025-11-13 16:00:00,2684.998,2690.511,2680.663,2689.514
1763053200,2025-11-13 17:00:00,2689.621,2690.346,2676.599,2676.599
1763056800,2025-11-13 18:00:00,2676.629,2692.663,2671.781,2684.573
1763060400,2025-11-13 19:00:00,2684.581,2691.148,2684.277,2687.523
1763064000,2025-11-13 20:00:00,2687.531,2691.133,2680.578,2689.463
1763067600,2025-11-13 21:00:00,2689.513,2693.745,2684.145,2690.984
1763071200,2025-11-13 22:00:00,2690.953,2700.94,2690.484,2700.174
1763074800,2025-11-13 23:00:00,2700.545,2713.958,2698.565,2703.241
1763078400,2025-11-14 00:00:00,2703.017,2705.446,2698.139,2700.267
1763082000,2025-11-14 01:00:00,2700.378,2701.142,2689.65,2692.226
1763085600,2025-11-14 02:00:00,2692.391,2693.538,2682.016,2685.817
1763089200,2025-11-14 03:00:00,2685.886,2693.219,2681.373,2692.074
1763092800,2025-11-14 04:00:00,2692.017,2699.69,2690.246,2694.613
1763096400,2025-11-14 05:00:00,2694.857,2699.952,2691.003,2692.86
1763100000,2025-11-14 06:00:00,2692.665,2697.293,2687.541,2692.528
1763103600,2025-11-14 07:00:00,2692.794,2700.823,2692.186,2696.634
1763107200,2025-11-14 08:00:00,2696.796,2702.74,2694.7,2701.894
1763110800,2025-11-14 09:00:00,2701.657,2702.566,2687.258,2687.552
1763114400,2025-11-14 10:00:00,2687.603,2701.871,2686.567,2700.108
1763118000,2025-11-14 11:00:00,2700.333,2704.807,2695.972,2697.264
1763121600,2025-11-14 12:00:00,2697.426,2698.817,2685.055,2686.916
1763125200,2025-11-14 13:00:00,2686.906,2697.602,2682.743,2695.559
1763128800,2025-11-14 14:00:00,2695.511,2708.171,2695.076,2705.835
1763132400,2025-11-14 15:00:00,2705.918,2719.135,2704.218,2715.927
1763136000,2025-11-14 16:00:00,2716.167,2719.187,2708.403,2717.016
1763139600,2025-11-14 17:00:00,2717.157,2722.011,2711.041,2716.24
1763143200,2025-11-14 18:00:00,2716.11,2724.585,2710.112,2723.427
1763146800,2025-11-14 19:00:00,2723.263,2726.983,2716.299,2720.026
1763150400,2025-11-14 20:00:00,2719.739,2730.165,2716.098,2724.272
1763154000,2025-11-14 21:00:00,2724.457,2727.614,2719.539,2723.756
1763157600,2025-11-14 22:00:00,2723.796,2734.829,2721.188,2732.068
1763161200,2025-11-14 23:00:00,2732.249,2735.027,2728.89,2732.024
1763164800,2025-11-15 00:00:00,2731.88,2743.957,2731.466,2743.751
1763168400,2025-11-15 01:00:00,2743.821,2755.362,2743.011,2754.715
1763172000,2025-11-15 02:00:00,2754.656,2763.21,2750.637,2760.913
1763175600,2025-11-15 03:00:00,2760.706,2763.143,2749.381,2752.75
1763179200,2025-11-15 04:00:00,2752.943,2756.761,2743.317,2743.817
1763182800,2025-11-15 05:00:00,2743.894,2746.134,2736.308,2738.605
1763186400,2025-11-15 06:00:00,2738.34,2742.369,2735.926,2741.933
1763190000,2025-11-15 07:00:00,2741.992,2760.714,2740.362,2759.754
1763193600,2025-11-15 08:00:00,2759.664,2770.237,2758.644,2763.479
1763197200,2025-11-15 09:00:00,2763.444,2768.462,2761.314,2763.895
1763200800,2025-11-15 10:00:00,2763.825,2770.732,2759.785,2770.732
1763204400,2025-11-15 11:00:00,2770.654,2771.538,2758.919,2760.064
1763208000,2025-11-15 12:00:00,2760.015,2770.581,2759.628,2765.207
1763211600,2025-11-15 13:00:00,2765.21,2773.206,2764.131,2771.214
1763215200,2025-11-15 14:00:00,2771.431,2777.041,2762.151,2767.09
1763218800,2025-11-15 15:00:00,2767.255,2768.584,2757.333,2761.883
1763222400,2025-11-15 16:00:00,2761.497,2764.401,2748.432,2748.577
1763226000,2025-11-15 17:00:00,2748.44,2758.998,2743.198,2758.437
1763229600,2025-11-15 18:00:00,2758.393,2762.21,2755.958,2756.324
1763233200,2025-11-15 19:00:00,2756.152,2757.221,2740.19,2743.416
1763236800,2025-11-15 20:00:00,2743.708,2746.785,2731.158,2732.853
1763240400,2025-11-15 21:00:00,2732.908,2737.536,2729.353,2732.297
1763244000,2025-11-15 22:00:00,2732,2737.598,2728.962,2731.944
1763247600,2025-11-15 23:00:00,2731.746,2734.225,2725.482,2733.914
1763251200,2025-11-16 00:00:00,2733.814,2757.757,2733.393,2756.668
1763254800,2025-11-16 01:00:00,2756.467,2758.935,2747.846,2755.095
1763258400,2025-11-16 02:00:00,2755.196,2762.716,2750.453,2753.424
1763262000,2025-11-16 03:00:00,2753.345,2763.764,2752.113,2763.022
1763265600,2025-11-16 04:00:00,2763.19,2772.875,2762.161,2770.579
1763269200,2025-11-16 05:00:00,2770.747,2772.492,2760.74,2764.751
1763272800,2025-11-16 06:00:00,2764.49,2764.877,2754.053,2761.46
1763276400,2025-11-16 07:00:00,2761.708,2767.039,2754.646,2765.174
1763280000,2025-11-16 08:00:00,2765.305,2775.114,2763.042,2770.757
1763283600,2025-11-16 09:00:00,2770.588,2777.096,2763.472,2763.713
1763287200,2025-11-16 10:00:00,2763.996,2765.474,2755.659,2761.214
1763290800,2025-11-16 11:00:00,2761.283,2765.07,2748.94,2756.261
1763294400,2025-11-16 12:00:00,2756.072,2756.449,2747.968,2750.969
1763298000,2025-11-16 13:00:00,2751.034,2760.569,2745.318,2757.799
1763301600,2025-11-16 14:00:00,2757.944,2759.925,2746.112,2747.169
1763305200,2025-11-16 15:00:00,2746.945,2746.945,2736.013,2738.813
1763308800,2025-11-16 16:00:00,2738.74,2744.389,2737.152,2743.577
1763312400,2025-11-16 17:00:00,2743.65,2743.855,2738.577,2740.984
1763316000,2025-11-16 18:00:00,2740.915,2752.775,2737.113,2752.775
1763319600,2025-11-16 19:00:00,2753.044,2758.378,2751.978,2753.943
1763323200,2025-11-16 20:00:00,2754.113,2762.283,2749.049,2759.882
1763326800,2025-11-16 21:00:00,2759.997,2763.446,2756.269,2759.996
1763330400,2025-11-16 22:00:00,2759.951,2765.271,2754.387,2762.467
1763334000,2025-11-16 23:00:00,2762.48,2776.081,2761.762,2768.858
1763337600,2025-11-17 00:00:00,2769.217,2769.843,2751.935,2757.171
1763341200,2025-11-17 01:00:00,2757.127,2766.554,2755.796,2760.942
1763344800,2025-11-17 02:00:00,2761.238,2766.012,2756.983,2757.551
1763348400,2025-11-17 03:00:00,2757.288,2757.824,2746.562,2750.645
1763352000,2025-11-17 04:00:00,2750.645,2760.471,2749.549,2753.967
1763355600,2025-11-17 05:00:00,2753.881,2756.709,2741.746,2750.099
1763359200,2025-11-17 06:00:00,2749.751,2755.85,2743.42,2750.368
1763362800,2025-11-17 07:00:00,2750.335,2759.232,2749.782,2756.756
1763366400,2025-11-17 08:00:00,2756.991,2760.449,2752.284,2754.967
1763370000,2025-11-17 09:00:00,2754.806,2768.657,2754.806,2766.661
1763373600,2025-11-17 10:00:00,2766.457,2784.054,2762.267,2783.365
1763377200,2025-11-17 11:00:00,2783.53,2784.034,2768.099,2769.061
1763380800,2025-11-17 12:00:00,2769.069,2769.526,2758.042,2764.207
1763384400,2025-11-17 13:00:00,2764.322,2767.698,2757.909,2760.207
1763388000,2025-11-17 14:00:00,2759.633,2762.408,2755.113,2756.561
1763391600,2025-11-17 15:00:00,2756.822,2761.931,2749.263,2760.429
1763395200,2025-11-17 16:00:00,2760.461,2782.554,2760.357,2782.554
1763398800,2025-11-17 17:00:00,2782.482,2784.044,2768.357,2768.389
1763402400,2025-11-17 18:00:00,2768.507,2772.736,2766.583,2767.362
1763406000,2025-11-17 19:00:00,2767.398,2769.581,2761.227,2765.208
1763409600,2025-11-17 20:00:00,2765.379,2767.94,2757.622,2762.738
1763413200,2025-11-17 21:00:00,2762.408,2765.852,2759.576,2760.676
1763416800,2025-11-17 22:00:00,2760.495,2762.481,2754.393,2759.009
1763420400,2025-11-17 23:00:00,2759.116,2761.756,2754.63,2755.855
1763424000,2025-11-18 00:00:00,2755.901,2763.806,2755.605,2759.079
1763427600,2025-11-18 01:00:00,2758.895,2761.704,2750.315,2751.973
1763431200,2025-11-18 02:00:00,2751.834,2752.435,2738.381,2739.269
1763434800,2025-11-18 03:00:00,2739.223,2745.214,2736.344,2740.254
1763438400,2025-11-18 04:00:00,2740.405,2742.002,2733.298,2738.467
1763442000,2025-11-18 05:00:00,2738.615,2745.437,2733.222,2743.888
1763445600,2025-11-18 06:00:00,2743.822,2751.293,2739.249,2750.589
1763449200,2025-11-18 07:00:00,2750.444,2759.477,2749.106,2754.603
1763452800,2025-11-18 08:00:00,2754.561,2756.359,2748.44,2755.006
1763456400,2025-11-18 09:00:00,2754.921,2757.496,2738.466,2740.933
1763460000,2025-11-18 10:00:00,2740.648,2741.092,2730.404,2733.431
1763463600,2025-11-18 11:00:00,2733.446,2735.753,2727.691,2732.307
1763467200,2025-11-18 12:00:00,2732.224,2734.666,2717.984,2721.738
1763470800,2025-11-18 13:00:00,2721.834,2729.408,2721.083,2725.355
1763474400,2025-11-18 14:00:00,2725.282,2736.711,2724.318,2732.049
1763478000,2025-11-18 15:00:00,2732.023,2740.019,2730.73,2737.789
1763481600,2025-11-18 16:00:00,2737.704,2743.071,2730.175,2730.411
1763485200,2025-11-18 17:00:00,2730.645,2736.974,2722.743,2723.694
1763488800,2025-11-18 18:00:00,2723.666,2731.93,2719.953,2730.35
1763492400,2025-11-18 19:00:00,2730.215,2733.655,2724.819,2729.232
1763496000,2025-11-18 20:00:00,2729.404,2730.33,2715.776,2721
1763499600,2025-11-18 21:00:00,2720.795,2724.145,2717.15,2717.681
1763503200,2025-11-18 22:00:00,2717.674,2718.22,2708.937,2714.79
1763506800,2025-11-18 23:00:00,2714.845,2717.396,2703.405,2713.899
1763510400,2025-11-19 00:00:00,2714.052,2732.147,2713.998,2730.995
1763514000,2025-11-19 01:00:00,2731.126,2740.992,2727.207,2738.715
1763517600,2025-11-19 02:00:00,2738.676,2743.271,2734.256,2743.271
1763521200,2025-11-19 03:00:00,2743.227,2749.224,2740.08,2742.738
1763524800,2025-11-19 04:00:00,2742.565,2755.67,2741.838,2753.787
1763528400,2025-11-19 05:00:00,2753.657,2764.507,2752.826,2757.694
1763532000,2025-11-19 06:00:00,2757.563,2770.208,2757.192,2765.618
1763535600,2025-11-19 07:00:00,2765.643,2771.216,2760.464,2761.778
1763539200,2025-11-19 08:00:00,2761.845,2763.061,2753.658,2755.272
1763542800,2025-11-19 09:00:00,2755.377,2758.546,2750.154,2750.753
1763546400,2025-11-19 10:00:00,2750.752,2755.688,2748.637,2752.241
1763550000,2025-11-19 11:00:00,2751.961,2753.885,2747.428,2748.217
1763553600,2025-11-19 12:00:00,2748.15,2759.215,2747.446,2757.921
1763557200,2025-11-19 13:00:00,2757.476,2759.355,2748.645,2750.344
1763560800,2025-11-19 14:00:00,2750.369,2762.296,2750.369,2757.426
1763564400,2025-11-19 15:00:00,2757.571,2767.059,2757.179,2764.266
1763568000,2025-11-19 16:00:00,2764.474,2776.749,2764.474,2768.919
1763571600,2025-11-19 17:00:00,2768.779,2785.354,2767.867,2783.345
1763575200,2025-11-19 18:00:00,2783.503,2788.934,2771.246,2771.335
1763578800,2025-11-19 19:00:00,2771.391,2775.07,2767.291,2772.834
1763582400,2025-11-19 20:00:00,2772.526,2773.159,2760.962,2764.957
1763586000,2025-11-19 21:00:00,2765.084,2765.409,2754.887,2763.056
1763589600,2025-11-19 22:00:00,2762.731,2764.862,2757.089,2762.305
1763593200,2025-11-19 23:00:00,2762.287,2764.706,2750.469,2750.619
1763596800,2025-11-20 00:00:00,2750.256,2768.71,2749.291,2768.386
1763600400,2025-11-20 01:00:00,2768.4,2771.123,2754.369,2754.369
1763604000,2025-11-20 02:00:00,2754.505,2755.841,2747.75,2749.144
1763607600,2025-11-20 03:00:00,2749.298,2755.504,2743.784,2749.262
1763611200,2025-11-20 04:00:00,2749.366,2751.688,2745.743,2747.644
1763614800,2025-11-20 05:00:00,2747.599,2752.802,2745.065,2747.819
1763618400,2025-11-20 06:00:00,2748.008,2752.515,2746.116,2750.364
1763622000,2025-11-20 07:00:00,2750.501,2759.493,2749.551,2757.479
1763625600,2025-11-20 08:00:00,2757.516,2765.063,2754.708,2761.859
1763629200,2025-11-20 09:00:00,2762.035,2765.019,2756.496,2757.191
1763632800,2025-11-20 10:00:00,2757.25,2757.25,2747.637,2750.005
1763636400,2025-11-20 11:00:00,2749.95,2751.665,2743.593,2744.58
1763640000,2025-11-20 12:00:00,2744.54,2747.892,2739.275,2744.113
1763643600,2025-11-20 13:00:00,2744.206,2754.461,2744.049,2753.569
1763647200,2025-11-20 14:00:00,2753.347,2756.9,2747.725,2753.339
1763650800,2025-11-20 15:00:00,2753.412,2755.56,2738.628,2740.392
1763654400,2025-11-20 16:00:00,2740.336,2746.124,2733.776,2734.833
1763658000,2025-11-20 17:00:00,2734.886,2737.159,2729.852,2735.975
1763661600,2025-11-20 18:00:00,2735.586,2742.272,2730.784,2742.122
1763665200,2025-11-20 19:00:00,2742.35,2747.604,2736.987,2744.556
1763668800,2025-11-20 20:00:00,2744.244,2744.416,2732.654,2736.971
1763672400,2025-11-20 21:00:00,2736.882,2743.976,2732.28,2734.729
1763676000,2025-11-20 22:00:00,2734.615,2738.138,2721.251,2723.53
1763679600,2025-11-20 23:00:00,2723.28,2729.709,2722.42,2727.446
1763683200,2025-11-21 00:00:00,2727.505,2740.203,2727.505,2737.781
1763686800,2025-11-21 01:00:00,2737.465,2747.932,2737.384,2743.512
1763690400,2025-11-21 02:00:00,2743.538,2748.904,2731.182,2733.465
1763694000,2025-11-21 03:00:00,2733.26,2744.656,2733.177,2744.656
1763697600,2025-11-21 04:00:00,2744.737,2746.879,2733.506,2733.842
1763701200,2025-11-21 05:00:00,2733.905,2735.034,2718.391,2721.543
1763704800,2025-11-21 06:00:00,2721.428,2737.02,2721.102,2731.812
1763708400,2025-11-21 07:00:00,2732.278,2736.262,2728.851,2731.938
1763712000,2025-11-21 08:00:00,2731.88,2736.282,2727.431,2730.184
1763715600,2025-11-21 09:00:00,2730.309,2731.062,2721.54,2723.28
1763719200,2025-11-21 10:00:00,2723.332,2723.393,2714.756,2716.644
1763722800,2025-11-21 11:00:00,2716.725,2723.817,2716.573,2722.32
1763726400,2025-11-21 12:00:00,2722.547,2725.239,2709.751,2711.84
1763730000,2025-11-21 13:00:00,2711.851,2712.71,2694.333,2695.085
1763733600,2025-11-21 14:00:00,2695.487,2696.112,2679.116,2679.388
1763737200,2025-11-21 15:00:00,2679.488,2682.876,2666.373,2669.463
1763740800,2025-11-21 16:00:00,2669.481,2670.351,2656.117,2660.202
1763744400,2025-11-21 17:00:00,2660.178,2661.796,2654.18,2659.66
1763748000,2025-11-21 18:00:00,2659.674,2664.437,2651.583,2659.84
1763751600,2025-11-21 19:00:00,2659.853,2661.136,2647.618,2653.62
1763755200,2025-11-21 20:00:00,2653.611,2657.246,2647.058,2648.772
1763758800,2025-11-21 21:00:00,2648.462,2652.538,2643.237,2645.439
1763762400,2025-11-21 22:00:00,2645.02,2648.224,2638.036,2638.707
1763766000,2025-11-21 23:00:00,2638.835,2645.814,2637.843,2640.6
1763769600,2025-11-22 00:00:00,2640.676,2647.612,2638.675,2643.846
1763773200,2025-11-22 01:00:00,2643.965,2652.427,2642.662,2646.883
1763776800,2025-11-22 02:00:00,2646.45,2647.845,2632.51,2635
1763780400,2025-11-22 03:00:00,2635.214,2635.214,2624.654,2630.438
1763784000,2025-11-22 04:00:00,2630.436,2636.571,2626.414,2632.522
1763787600,2025-11-22 05:00:00,2632.42,2634.707,2627.922,2633.155
1763791200,2025-11-22 06:00:00,2633.102,2635.692,2627.024,2635.252
1763794800,2025-11-22 07:00:00,2635.679,2645.144,2632.467,2643.261
1763798400,2025-11-22 08:00:00,2643.325,2651.987,2642.933,2651.507
1763802000,2025-11-22 09:00:00,2651.601,2661.073,2647.701,2653.055
1763805600,2025-11-22 10:00:00,2653.114,2658.216,2649.472,2653.237
1763809200,2025-11-22 11:00:00,2653.42,2663.602,2652.259,2662.111
1763812800,2025-11-22 12:00:00,2662.061,2666.672,2658.386,2666.081
1763816400,2025-11-22 13:00:00,2666.139,2678.857,2661.072,2678.705
1763820000,2025-11-22 14:00:00,2678.949,2679.104,2669.773,2673.96
1763823600,2025-11-22 15:00:00,2673.836,2682.089,2670.467,2676.211
1763827200,2025-11-22 16:00:00,2676.266,2679.122,2669.258,2669.453
1763830800,2025-11-22 17:00:00,2669.498,2673.042,2657.839,2657.839
1763834400,2025-11-22 18:00:00,2657.892,2660.064,2653.95,2655.766
1763838000,2025-11-22 19:00:00,2655.889,2658.627,2651.199,2655.764
1763841600,2025-11-22 20:00:00,2655.782,2659.19,2649.671,2650.917
1763845200,2025-11-22 21:00:00,2650.814,2657.548,2649.889,2650.234
1763848800,2025-11-22 22:00:00,2650.116,2650.463,2635.056,2639.8
1763852400,2025-11-22 23:00:00,2639.506,2639.927,2626.983,2626.983
1763856000,2025-11-23 00:00:00,2626.601,2626.802,2611.437,2615.238
1763859600,2025-11-23 01:00:00,2615.463,2623.08,2613.649,2620.87
1763863200,2025-11-23 02:00:00,2620.909,2633.247,2620.162,2631.457
1763866800,2025-11-23 03:00:00,2631.725,2638.807,2629.831,2632.574
1763870400,2025-11-23 04:00:00,2632.504,2638.733,2626.621,2637.141
1763874000,2025-11-23 05:00:00,2637.152,2639.511,2631.754,2636.074
1763877600,2025-11-23 06:00:00,2636.114,2645.519,2634.876,2644.614
1763881200,2025-11-23 07:00:00,2644.573,2646.225,2638.505,2641.261
1763884800,2025-11-23 08:00:00,2641.572,2641.572,2625.886,2632.082
1763888400,2025-11-23 09:00:00,2632.02,2640,2628.646,2639.708
1763892000,2025-11-23 10:00:00,2639.989,2644.443,2636.411,2643.997
1763895600,2025-11-23 11:00:00,2644.244,2644.244,2636.669,2641.808
1763899200,2025-11-23 12:00:00,2641.506,2644.769,2633.436,2634.467
1763902800,2025-11-23 13:00:00,2634.783,2643.738,2628.879,2643.738
1763906400,2025-11-23 14:00:00,2643.66,2648.301,2640.028,2647.454
1763910000,2025-11-23 15:00:00,2647.48,2651.378,2644.173,2648.7
1763913600,2025-11-23 16:00:00,2648.717,2652.148,2639.319,2640.645
1763917200,2025-11-23 17:00:00,2640.763,2646.32,2639.648,2645.89
1763920800,2025-11-23 18:00:00,2645.751,2650.336,2634.21,2634.322
1763924400,2025-11-23 19:00:00,2634.182,2635.402,2629.954,2632.486
1763928000,2025-11-23 20:00:00,2632.38,2637.669,2630.755,2632.06
1763931600,2025-11-23 21:00:00,2632.03,2637.728,2625.818,2631.791
1763935200,2025-11-23 22:00:00,2631.495,2635.313,2625.566,2632.065
1763938800,2025-11-23 23:00:00,2631.853,2634.805,2626.263,2634.084
1763942400,2025-11-24 00:00:00,2633.875,2638.786,2626.73,2626.892
1763946000,2025-11-24 01:00:00,2626.778,2628.444,2618.933,2622.378
1763949600,2025-11-24 02:00:00,2622.515,2634.477,2618.582,2631.937
1763953200,2025-11-24 03:00:00,2632.07,2632.15,2616.507,2626.694
1763956800,2025-11-24 04:00:00,2626.741,2632.991,2624.28,2629.826
1763960400,2025-11-24 05:00:00,2629.971,2631.354,2623.428,2628.805
1763964000,2025-11-24 06:00:00,2629.283,2645.927,2627.179,2642.422
1763967600,2025-11-24 07:00:00,2642.458,2643.741,2630.449,2634.277
1763971200,2025-11-24 08:00:00,2634.631,2646.95,2632.833,2645.652
1763974800,2025-11-24 09:00:00,2645.601,2647.536,2627.314,2628.283
1763978400,2025-11-24 10:00:00,2628.014,2632.326,2624.241,2628.772
1763982000,2025-11-24 11:00:00,2628.837,2633.68,2623.739,2627.502
1763985600,2025-11-24 12:00:00,2627.503,2636.371,2626.092,2634.202
1763989200,2025-11-24 13:00:00,2633.999,2642.022,2630.487,2640.272
1763992800,2025-11-24 14:00:00,2640.339,2646.629,2639.814,2640.665
1763996400,2025-11-24 15:00:00,2640.476,2644.94,2638.552,2644.018
1764000000,2025-11-24 16:00:00,2643.683,2643.683,2637.463,2639.33
1764003600,2025-11-24 17:00:00,2638.948,2647.151,2637.742,2643.876
1764007200,2025-11-24 18:00:00,2643.87,2646.116,2638.082,2639.386
1764010800,2025-11-24 19:00:00,2639.325,2640.369,2631.614,2632.725
1764014400,2025-11-24 20:00:00,2632.776,2634.595,2619.885,2621.152
1764018000,2025-11-24 21:00:00,2621.191,2627.853,2617.547,2618.777
1764021600,2025-11-24 22:00:00,2619.021,2631.269,2618.831,2627.984
1764025200,2025-11-24 23:00:00,2628.041,2635.737,2620.822,2621.073
1764028800,2025-11-25 00:00:00,2621.275,2622.598,2616.013,2616.798
1764032400,2025-11-25 01:00:00,2616.364,2619.475,2610.007,2614.876
1764036000,2025-11-25 02:00:00,2614.499,2619.094,2606.058,2609.004
1764039600,2025-11-25 03:00:00,2608.878,2614.7,2602.531,2605.637
1764043200,2025-11-25 04:00:00,2605.847,2606.444,2597.156,2603.707
1764046800,2025-11-25 05:00:00,2603.885,2610.377,2599.859,2602.139
1764050400,2025-11-25 06:00:00,2602.233,2613.844,2601.991,2605.589
1764054000,2025-11-25 07:00:00,2605.831,2606.322,2599.31,2599.384
1764057600,2025-11-25 08:00:00,2599.525,2602.511,2595.408,2595.471
1764061200,2025-11-25 09:00:00,2596.032,2601.441,2595.783,2599.04
1764064800,2025-11-25 10:00:00,2599.282,2607.367,2597.293,2605.683
1764068400,2025-11-25 11:00:00,2606.084,2606.925,2598.851,2601.594
1764072000,2025-11-25 12:00:00,2601.431,2607.154,2594.514,2605.545
1764075600,2025-11-25 13:00:00,2605.706,2609.357,2598.908,2599.36
1764079200,2025-11-25 14:00:00,2599.558,2604.252,2595.921,2599.347
1764082800,2025-11-25 15:00:00,2599.289,2600.549,2593.313,2597.532
1764086400,2025-11-25 16:00:00,2597.648,2598.222,2588.911,2590.333
1764090000,2025-11-25 17:00:00,2590.559,2595.447,2584.277,2591.621
1764093600,2025-11-25 18:00:00,2591.765,2592.088,2579.188,2579.584
1764097200,2025-11-25 19:00:00,2579.487,2584.695,2575.842,2576.627
1764100800,2025-11-25 20:00:00,2576.736,2590.14,2576.665,2585.722
1764104400,2025-11-25 21:00:00,2585.938,2590.686,2584.549,2584.876
1764108000,2025-11-25 22:00:00,2584.878,2589.126,2578.437,2578.84
1764111600,2025-11-25 23:00:00,2579.121,2582.087,2572.356,2580.166
1764115200,2025-11-26 00:00:00,2580.519,2585.413,2577.191,2583.403
1764118800,2025-11-26 01:00:00,2583.69,2586.517,2576.728,2583.578
1764122400,2025-11-26 02:00:00,2583.592,2589.94,2582.733,2584.337
1764126000,2025-11-26 03:00:00,2584.279,2587.481,2579.056,2583.38
1764129600,2025-11-26 04:00:00,2583.253,2586.643,2577.942,2577.942
1764133200,2025-11-26 05:00:00,2578.064,2580.595,2574.699,2576.43
1764136800,2025-11-26 06:00:00,2576.169,2577.98,2565.6,2565.6
1764140400,2025-11-26 07:00:00,2565.529,2571.835,2558.484,2571.773
1764144000,2025-11-26 08:00:00,2571.587,2574.602,2561.815,2566.477
1764147600,2025-11-26 09:00:00,2566.723,2567.485,2555.516,2557.183
1764151200,2025-11-26 10:00:00,2557.299,2560.963,2552.183,2554.57
1764154800,2025-11-26 11:00:00,2554.167,2555.241,2547.799,2550.101
1764158400,2025-11-26 12:00:00,2550.238,2562.393,2550.238,2561.026
1764162000,2025-11-26 13:00:00,2561.083,2566.19,2558.459,2561.169
1764165600,2025-11-26 14:00:00,2561.287,2562.126,2554.769,2556.705
1764169200,2025-11-26 15:00:00,2556.616,2560.25,2548.257,2548.531
1764172800,2025-11-26 16:00:00,2548.401,2554,2546.375,2550.404
1764176400,2025-11-26 17:00:00,2550.501,2553.911,2545.356,2548.127
1764180000,2025-11-26 18:00:00,2548.209,2554.573,2547.099,2551.933
1764183600,2025-11-26 19:00:00,2551.918,2554.183,2545.388,2548.933
1764187200,2025-11-26 20:00:00,2548.638,2552.47,2539.184,2540.59
1764190800,2025-11-26 21:00:00,2540.812,2552.307,2540.707,2548.902
1764194400,2025-11-26 22:00:00,2548.931,2556.45,2547.178,2555.342
1764198000,2025-11-26 23:00:00,2555.429,2555.99,2548.037,2548.471
1764201600,2025-11-27 00:00:00,2548.177,2552.203,2544.227,2544.721
1764205200,2025-11-27 01:00:00,2544.717,2553.003,2541.846,2547.907
1764208800,2025-11-27 02:00:00,2548.027,2556.661,2545.977,2552.74
1764212400,2025-11-27 03:00:00,2552.889,2561.808,2550.278,2551.267
1764216000,2025-11-27 04:00:00,2551.317,2553.244,2540.427,2540.734
1764219600,2025-11-27 05:00:00,2540.552,2544.538,2534.023,2538.169
1764223200,2025-11-27 06:00:00,2537.997,2539.317,2532.256,2532.842
1764226800,2025-11-27 07:00:00,2532.78,2538.241,2528.688,2534.157
1764230400,2025-11-27 08:00:00,2534.05,2536.511,2516.715,2523.3
1764234000,2025-11-27 09:00:00,2523.231,2527.828,2519.538,2527.637
1764237600,2025-11-27 10:00:00,2527.826,2531.295,2514.981,2518.024
1764241200,2025-11-27 11:00:00,2517.966,2532.029,2515.452,2528.483
1764244800,2025-11-27 12:00:00,2528.452,2535.623,2524.727,2525.459
1764248400,2025-11-27 13:00:00,2525.542,2531.028,2521.256,2526.025
1764252000,2025-11-27 14:00:00,2525.865,2529.397,2520.486,2525.675
1764255600,2025-11-27 15:00:00,2525.672,2530.742,2520.832,2523.046
1764259200,2025-11-27 16:00:00,2523.212,2523.909,2508.017,2509.699
1764262800,2025-11-27 17:00:00,2509.687,2517.019,2508.894,2512.776
1764266400,2025-11-27 18:00:00,2512.545,2513.541,2502.395,2505.749
1764270000,2025-11-27 19:00:00,2505.875,2514.141,2505.401,2511.337
1764273600,2025-11-27 20:00:00,2511.354,2511.892,2498.885,2506.116
1764277200,2025-11-27 21:00:00,2505.983,2510.318,2504.216,2507.866
1764280800,2025-11-27 22:00:00,2507.788,2508.999,2499.573,2502.61
1764284400,2025-11-27 23:00:00,2502.613,2507.494,2492.754,2494.682
1764288000,2025-11-28 00:00:00,2494.576,2495.171,2486.313,2486.313
1764291600,2025-11-28 01:00:00,2486.197,2492.279,2481.704,2488.07
1764295200,2025-11-28 02:00:00,2488.277,2488.676,2474.83,2480.249
1764298800,2025-11-28 03:00:00,2479.979,2483.297,2474.069,2476.953
1764302400,2025-11-28 04:00:00,2476.778,2484.503,2475.167,2482.754
1764306000,2025-11-28 05:00:00,2482.755,2484.274,2475.921,2478.174
1764309600,2025-11-28 06:00:00,2478.187,2479.616,2472.395,2475.242
1764313200,2025-11-28 07:00:00,2474.991,2476.603,2463.296,2467.089
1764316800,2025-11-28 08:00:00,2467.211,2467.218,2455.696,2458.489
1764320400,2025-11-28 09:00:00,2458.371,2461.925,2455.745,2461.586
1764324000,2025-11-28 10:00:00,2461.44,2463.834,2455.438,2458.891
1764327600,2025-11-28 11:00:00,2458.723,2465.415,2455.491,2458.82
1764331200,2025-11-28 12:00:00,2458.981,2463.039,2455.182,2459.271
1764334800,2025-11-28 13:00:00,2459.166,2464.925,2453.444,2462.555
1764338400,2025-11-28 14:00:00,2462.763,2465.184,2451.712,2462.574
1764342000,2025-11-28 15:00:00,2462.713,2471.923,2461.379,2471.56
1764345600,2025-11-28 16:00:00,2471.68,2472.76,2466.412,2469.138
1764349200,2025-11-28 17:00:00,2469.188,2470.849,2462.217,2463.792
1764352800,2025-11-28 18:00:00,2463.893,2471.235,2461.424,2470.081
1764356400,2025-11-28 19:00:00,2470.219,2478.893,2466.08,2476.964
1764360000,2025-11-28 20:00:00,2476.912,2489.78,2476.266,2488.039
1764363600,2025-11-28 21:00:00,2487.93,2497.798,2486.37,2497.186
1764367200,2025-11-28 22:00:00,2497.025,2503.503,2493.177,2500.792
1764370800,2025-11-28 23:00:00,2500.963,2503.955,2494.069,2496.649
1764374400,2025-11-29 00:00:00,2496.748,2509.639,2496.273,2506.077
1764378000,2025-11-29 01:00:00,2506.03,2515.17,2500.898,2512.966
1764381600,2025-11-29 02:00:00,2513.192,2514.694,2502.35,2502.388
1764385200,2025-11-29 03:00:00,2502.143,2503.122,2489.567,2490.985
1764388800,2025-11-29 04:00:00,2490.989,2498.727,2490.185,2493.193
1764392400,2025-11-29 05:00:00,2492.88,2495.431,2486.176,2489.875
1764396000,2025-11-29 06:00:00,2489.845,2498.028,2488.766,2494.15
1764399600,2025-11-29 07:00:00,2494.129,2501.767,2488.736,2491.098
1764403200,2025-11-29 08:00:00,2491.328,2497.677,2489.05,2496.791
1764406800,2025-11-29 09:00:00,2496.913,2502.569,2485.819,2489.366
1764410400,2025-11-29 10:00:00,2489.336,2497.958,2483.912,2486.063
1764414000,2025-11-29 11:00:00,2485.995,2492.61,2485.002,2489.69
1764417600,2025-11-29 12:00:00,2489.687,2499.749,2487.191,2499.675
1764421200,2025-11-29 13:00:00,2499.758,2506.448,2495.759,2506.022
1764424800,2025-11-29 14:00:00,2506.268,2513.987,2502.982,2511.883
1764428400,2025-11-29 15:00:00,2512.005,2518.726,2505.927,2508.5
1764432000,2025-11-29 16:00:00,2508.595,2513.569,2506.995,2507.34
1764435600,2025-11-29 17:00:00,2507.38,2508.836,2492.56,2495.57
1764439200,2025-11-29 18:00:00,2495.508,2495.637,2489.5,2493.379
1764442800,2025-11-29 19:00:00,2493.153,2500.842,2488.081,2491.289
1764446400,2025-11-29 20:00:00,2491.495,2491.667,2479.713,2479.951
1764450000,2025-11-29 21:00:00,2479.915,2480.634,2466.352,2467.489
1764453600,2025-11-29 22:00:00,2467.447,2474.726,2464.987,2468.765
1764457200,2025-11-29 23:00:00,2468.803,2470.244,2460.352,2462.416
1764460800,2025-11-30 00:00:00,2462.448,2463.762,2453.27,2456.509
1764464400,2025-11-30 01:00:00,2456.431,2464.805,2456.431,2460.292
1764468000,2025-11-30 02:00:00,2460.32,2471.143,2459.161,2470.592
1764471600,2025-11-30 03:00:00,2470.758,2471.194,2462.002,2465.189
1764475200,2025-11-30 04:00:00,2464.981,2467.074,2456.132,2459.212
1764478800,2025-11-30 05:00:00,2459.245,2460.035,2449.144,2449.144
1764482400,2025-11-30 06:00:00,2449.117,2451.836,2437.142,2440.61
1764486000,2025-11-30 07:00:00,2440.641,2450.234,2440.456,2442.053
1764489600,2025-11-30 08:00:00,2442.096,2442.777,2434.724,2438.148
1764493200,2025-11-30 09:00:00,2438.007,2438.101,2423.11,2427.335
1764496800,2025-11-30 10:00:00,2427.285,2443.256,2426.419,2438.976
1764500400,2025-11-30 11:00:00,2439.091,2444.322,2434.22,2444.078
1764504000,2025-11-30 12:00:00,2443.893,2445.282,2437.083,2444.549
1764507600,2025-11-30 13:00:00,2444.508,2454.909,2443.466,2450.228
1764511200,2025-11-30 14:00:00,2450.344,2457.88,2449.606,2453.534
1764514800,2025-11-30 15:00:00,2453.742,2458.655,2449.287,2455.792
1764518400,2025-11-30 16:00:00,2455.793,2463.943,2453.052,2459.378
1764522000,2025-11-30 17:00:00,2459.289,2460.305,2448.857,2450.916
1764525600,2025-11-30 18:00:00,2451.113,2452.374,2440.172,2448.443
1764529200,2025-11-30 19:00:00,2448.511,2455.367,2448.281,2451.156
1764532800,2025-11-30 20:00:00,2451.188,2453.886,2444.175,2444.95
1764536400,2025-11-30 21:00:00,2444.783,2449.578,2443.233,2444.984
1764540000,2025-11-30 22:00:00,2444.744,2446.049,2438.718,2438.718
1764543600,2025-11-30 23:00:00,2438.598,2445.39,2433.473,2444.41
1764547200,2025-12-01 00:00:00,2444.462,2450.224,2440.26,2441.432
1764550800,2025-12-01 01:00:00,2441.295,2448.26,2439.23,2441.864
1764554400,2025-12-01 02:00:00,2441.86,2443.781,2435.074,2439.859
1764558000,2025-12-01 03:00:00,2440.023,2447.934,2439.722,2447.443
1764561600,2025-12-01 04:00:00,2447.618,2450.562,2443.331,2446.232
1764565200,2025-12-01 05:00:00,2446.338,2452.486,2445.985,2447.108
1764568800,2025-12-01 06:00:00,2446.8,2448.928,2436.144,2440.558
1764572400,2025-12-01 07:00:00,2440.52,2447.926,2436.323,2436.374
1764576000,2025-12-01 08:00:00,2436.121,2445.091,2435.243,2441.554
1764579600,2025-12-01 09:00:00,2441.457,2443.041,2433.641,2436.894
1764583200,2025-12-01 10:00:00,2437.058,2443.843,2435.053,2437.789
1764586800,2025-12-01 11:00:00,2437.758,2440.688,2433.503,2439.766
1764590400,2025-12-01 12:00:00,2439.581,2446.707,2437.373,2445.516
1764594000,2025-12-01 13:00:00,2445.7,2456.558,2444.327,2456.52
1764597600,2025-12-01 14:00:00,2456.474,2457.553,2446.495,2450.271
1764601200,2025-12-01 15:00:00,2450.383,2463.157,2449.45,2453.807
1764604800,2025-12-01 16:00:00,2453.689,2454.714,2443.485,2447.131
1764608400,2025-12-01 17:00:00,2446.989,2447.807,2441.7,2446.061
1764612000,2025-12-01 18:00:00,2445.9,2455.825,2445.6,2452.161
1764615600,2025-12-01 19:00:00,2452.297,2456.464,2447.503,2451.654
1764619200,2025-12-01 20:00:00,2451.546,2454.144,2443.934,2445.835
1764622800,2025-12-01 21:00:00,2445.712,2448.846,2440.351,2445.246
1764626400,2025-12-01 22:00:00,2445.115,2454.356,2444.052,2449.116
1764630000,2025-12-01 23:00:00,2449.035,2451.159,2440.782,2442.309
1764633600,2025-12-02 00:00:00,2442.419,2449.698,2440.888,2444.224
1764637200,2025-12-02 01:00:00,2444.348,2448.755,2441.636,2442.482
1764640800,2025-12-02 02:00:00,2442.674,2449.743,2441.107,2448.321
1764644400,2025-12-02 03:00:00,2448.434,2451.918,2444.982,2446.871
1764648000,2025-12-02 04:00:00,2446.916,2446.916,2429.506,2433.551
1764651600,2025-12-02 05:00:00,2433.479,2435.68,2429.651,2429.798
1764655200,2025-12-02 06:00:00,2430.023,2430.138,2419.142,2424.667
1764658800,2025-12-02 07:00:00,2424.427,2424.916,2415.202,2416.144
1764662400,2025-12-02 08:00:00,2415.997,2416.345,2398.747,2403.809
1764666000,2025-12-02 09:00:00,2404.032,2406.175,2400.374,2404.989
1764669600,2025-12-02 10:00:00,2404.958,2405.477,2389.579,2394.487
1764673200,2025-12-02 11:00:00,2394.523,2397.173,2388.042,2396.196
1764676800,2025-12-02 12:00:00,2396.124,2402.776,2393.528,2400.696
1764680400,2025-12-02 13:00:00,2400.81,2402.11,2392.158,2394.016
1764684000,2025-12-02 14:00:00,2393.973,2397.524,2388.694,2389.667
1764687600,2025-12-02 15:00:00,2389.922,2398.109,2389.053,2396.387
1764691200,2025-12-02 16:00:00,2396.262,2407.494,2392.694,2406.979
1764694800,2025-12-02 17:00:00,2407.297,2407.322,2399.253,2401.427
1764698400,2025-12-02 18:00:00,2401.596,2415.346,2400.062,2410.709
1764702000,2025-12-02 19:00:00,2410.513,2424.819,2409.992,2420.128
1764705600,2025-12-02 20:00:00,2419.971,2420.867,2415.431,2418.18
1764709200,2025-12-02 21:00:00,2418.142,2431.64,2415.322,2431.357
1764712800,2025-12-02 22:00:00,2431.544,2439.332,2429.019,2435.735
1764716400,2025-12-02 23:00:00,2435.703,2439.531,2431.556,2439.016
1764720000,2025-12-03 00:00:00,2438.961,2449.345,2435.687,2437.808
1764723600,2025-12-03 01:00:00,2437.695,2446.547,2434.898,2443.735
1764727200,2025-12-03 02:00:00,2443.64,2444.67,2429.976,2431.374
1764730800,2025-12-03 03:00:00,2431.284,2431.284,2423.093,2429.982
1764734400,2025-12-03 04:00:00,2429.99,2430.328,2419.771,2426.236
1764738000,2025-12-03 05:00:00,2426.395,2427.692,2419.727,2420.301
1764741600,2025-12-03 06:00:00,2420.423,2422.313,2410.094,2410.332
1764745200,2025-12-03 07:00:00,2410.1,2413.376,2407.102,2412.179
1764748800,2025-12-03 08:00:00,2412.178,2425.834,2411.393,2424.743
1764752400,2025-12-03 09:00:00,2424.596,2435.407,2422.738,2435.113
1764756000,2025-12-03 10:00:00,2435.033,2441.506,2433.499,2438.685
1764759600,2025-12-03 11:00:00,2438.504,2438.601,2425.758,2429.17
1764763200,2025-12-03 12:00:00,2429.359,2437.157,2428.38,2430.828
1764766800,2025-12-03 13:00:00,2430.773,2432.974,2424.518,2431.836
1764770400,2025-12-03 14:00:00,2431.763,2433.435,2424.901,2425.694
1764774000,2025-12-03 15:00:00,2425.802,2429.633,2423.86,2429.175
1764777600,2025-12-03 16:00:00,2429.356,2432.133,2421.867,2429.958
1764781200,2025-12-03 17:00:00,2429.834,2438.524,2428.383,2436.345
1764784800,2025-12-03 18:00:00,2436.427,2442.807,2430.233,2441.321
1764788400,2025-12-03 19:00:00,2441.334,2441.648,2434.515,2436.176
1764792000,2025-12-03 20:00:00,2436.212,2440.327,2433.54,2435.12
1764795600,2025-12-03 21:00:00,2435.233,2439.833,2433.427,2436.43
1764799200,2025-12-03 22:00:00,2436.642,2439.064,2431.421,2432.921
1764802800,2025-12-03 23:00:00,2432.632,2434.259,2424.605,2426.76
1764806400,2025-12-04 00:00:00,2426.74,2429.3,2422.99,2423.857
1764810000,2025-12-04 01:00:00,2423.755,2424.425,2415.992,2416.406
1764813600,2025-12-04 02:00:00,2416.321,2417.696,2400.412,2401.562
1764817200,2025-12-04 03:00:00,2401.406,2404.623,2396.514,2402.306
1764820800,2025-12-04 04:00:00,2402.278,2402.278,2390.661,2394.202
1764824400,2025-12-04 05:00:00,2394.119,2395.877,2383.049,2388.828
1764828000,2025-12-04 06:00:00,2388.858,2397.681,2387.696,2395.387
1764831600,2025-12-04 07:00:00,2395.51,2398.385,2388.737,2391.265
1764835200,2025-12-04 08:00:00,2391.388,2391.947,2383.149,2383.354
1764838800,2025-12-04 09:00:00,2383.345,2390.217,2379.997,2385.713
1764842400,2025-12-04 10:00:00,2385.646,2385.692,2376.718,2378.463
1764846000,2025-12-04 11:00:00,2378.609,2378.859,2372.42,2374.856
1764849600,2025-12-04 12:00:00,2374.98,2381.417,2369.775,2370.045
1764853200,2025-12-04 13:00:00,2370.033,2372.413,2361.685,2363.249
1764856800,2025-12-04 14:00:00,2362.811,2369.244,2361.363,2363.835
1764860400,2025-12-04 15:00:00,2363.84,2377.215,2360.525,2374.976
1764864000,2025-12-04 16:00:00,2374.756,2382.942,2370.139,2381.7
1764867600,2025-12-04 17:00:00,2381.75,2384.155,2375.038,2378.422
1764871200,2025-12-04 18:00:00,2378.368,2381.233,2373.566,2378.179
1764874800,2025-12-04 19:00:00,2378.232,2382.489,2371.206,2372.396
1764878400,2025-12-04 20:00:00,2372.313,2375.761,2364.258,2364.913
1764882000,2025-12-04 21:00:00,2365.094,2373.255,2362.752,2371.211
1764885600,2025-12-04 22:00:00,2371.153,2375.257,2360.211,2360.211
1764889200,2025-12-04 23:00:00,2360.354,2372.494,2359.22,2372.019
1764892800,2025-12-05 00:00:00,2372.279,2381.056,2371.809,2379.215
1764896400,2025-12-05 01:00:00,2379.298,2389.727,2378.966,2385.671
1764900000,2025-12-05 02:00:00,2385.421,2390.026,2377.538,2379.749
1764903600,2025-12-05 03:00:00,2379.763,2389.241,2379.21,2383.237
1764907200,2025-12-05 04:00:00,2383.259,2386.071,2370.197,2371.951
1764910800,2025-12-05 05:00:00,2372.169,2376.358,2364.835,2369.009
1764914400,2025-12-05 06:00:00,2369.04,2373.023,2365.571,2366.812
1764918000,2025-12-05 07:00:00,2366.913,2372.227,2364.261,2367.466
1764921600,2025-12-05 08:00:00,2367.658,2373.328,2367.009,2372.6
1764925200,2025-12-05 09:00:00,2372.631,2378.48,2368.954,2378.226
1764928800,2025-12-05 10:00:00,2378.137,2391.465,2378.096,2387.74
1764932400,2025-12-05 11:00:00,2387.672,2388.643,2379.298,2382.661
1764936000,2025-12-05 12:00:00,2382.739,2384.884,2379.292,2383.853
1764939600,2025-12-05 13:00:00,2384.236,2393.555,2382.884,2392.482
1764943200,2025-12-05 14:00:00,2392.399,2392.399,2386.818,2388.305
1764946800,2025-12-05 15:00:00,2388.428,2391.132,2381.305,2381.305
1764950400,2025-12-05 16:00:00,2381.319,2383.048,2370.373,2372.687
1764954000,2025-12-05 17:00:00,2372.986,2379.493,2368.876,2372.375
1764957600,2025-12-05 18:00:00,2372.374,2373.153,2366.064,2371.188
1764961200,2025-12-05 19:00:00,2371.124,2375.778,2368.282,2369.043
1764964800,2025-12-05 20:00:00,2369.032,2376.11,2367.104,2372.483
1764968400,2025-12-05 21:00:00,2372.785,2376.381,2368.866,2372.791
1764972000,2025-12-05 22:00:00,2372.908,2381.171,2372.256,2375.161
1764975600,2025-12-05 23:00:00,2375.154,2383.936,2374.864,2377.552
1764979200,2025-12-06 00:00:00,2377.493,2378.01,2362.662,2363.446
1764982800,2025-12-06 01:00:00,2363.544,2363.733,2351.08,2351.303
1764986400,2025-12-06 02:00:00,2351.361,2358.533,2349.874,2357.32
1764990000,2025-12-06 03:00:00,2357.345,2362.661,2350.061,2356.959
1764993600,2025-12-06 04:00:00,2357.103,2361.832,2355.239,2357.961
1764997200,2025-12-06 05:00:00,2357.501,2362.686,2356.32,2360.132
1765000800,2025-12-06 06:00:00,2360.333,2367.333,2359.544,2367.169
1765004400,2025-12-06 07:00:00,2367.395,2379.364,2367.161,2373.932
1765008000,2025-12-06 08:00:00,2374.101,2379.108,2370.859,2375.827
1765011600,2025-12-06 09:00:00,2375.764,2377.387,2371.258,2374.985
1765015200,2025-12-06 10:00:00,2374.772,2378.429,2367.76,2372.649
1765018800,2025-12-06 11:00:00,2372.465,2374.679,2363.16,2365.166
1765022400,2025-12-06 12:00:00,2365.447,2370.778,2362.717,2368.455
1765026000,2025-12-06 13:00:00,2368.602,2371.705,2366.661,2369.293
1765029600,2025-12-06 14:00:00,2369.308,2370.345,2363.961,2364.306
1765033200,2025-12-06 15:00:00,2364.314,2367.223,2358.977,2365.775
1765036800,2025-12-06 16:00:00,2365.561,2369.155,2357.696,2357.807
1765040400,2025-12-06 17:00:00,2357.866,2361.552,2351.725,2353.753
1765044000,2025-12-06 18:00:00,2353.75,2359.67,2353.435,2358.099
1765047600,2025-12-06 19:00:00,2358.245,2363.864,2355.795,2358.559
1765051200,2025-12-06 20:00:00,2358.689,2360.765,2350.102,2356.898
1765054800,2025-12-06 21:00:00,2356.921,2358.549,2346.916,2349.285
1765058400,2025-12-06 22:00:00,2349.383,2356.395,2348.236,2350.52
1765062000,2025-12-06 23:00:00,2350.499,2351.932,2343.609,2349.88
1765065600,2025-12-07 00:00:00,2349.958,2350.067,2343.34,2344.021
1765069200,2025-12-07 01:00:00,2343.88,2347.514,2341.678,2341.695
1765072800,2025-12-07 02:00:00,2341.692,2349.345,2339.467,2343.682
1765076400,2025-12-07 03:00:00,2343.709,2348.222,2331.508,2332.231
1765080000,2025-12-07 04:00:00,2332.335,2339.166,2328.394,2335.837
1765083600,2025-12-07 05:00:00,2335.928,2336.841,2328.374,2331.725
1765087200,2025-12-07 06:00:00,2331.644,2342.672,2331.131,2337.065
1765090800,2025-12-07 07:00:00,2337.112,2343.687,2332.813,2338.864
1765094400,2025-12-07 08:00:00,2338.586,2345.047,2337.494,2343.716
1765098000,2025-12-07 09:00:00,2343.563,2345.713,2338.263,2338.772
1765101600,2025-12-07 10:00:00,2338.643,2350.168,2338.437,2344.294
1765105200,2025-12-07 11:00:00,2344.335,2353.993,2342.519,2349.57
1765108800,2025-12-07 12:00:00,2349.686,2351.729,2343.449,2345.459
1765112400,2025-12-07 13:00:00,2345.5,2352.208,2340.891,2350.262
1765116000,2025-12-07 14:00:00,2350.31,2354.852,2346.274,2346.274
1765119600,2025-12-07 15:00:00,2346.482,2354.363,2345.125,2347.347
1765123200,2025-12-07 16:00:00,2347.286,2347.462,2331.326,2334.154
1765126800,2025-12-07 17:00:00,2334.325,2340.185,2333.013,2338.605
1765130400,2025-12-07 18:00:00,2338.656,2343.547,2338.249,2342.747
1765134000,2025-12-07 19:00:00,2342.967,2345.066,2338.773,2340.627
1765137600,2025-12-07 20:00:00,2340.641,2354.059,2339.934,2353.423
1765141200,2025-12-07 21:00:00,2353.287,2360.164,2351.361,2355.462
1765144800,2025-12-07 22:00:00,2355.507,2362.72,2350.181,2358.949
1765148400,2025-12-07 23:00:00,2358.998,2361.237,2349.412,2356.352
1765152000,2025-12-08 00:00:00,2356.308,2359.364,2350.412,2354.816
1765155600,2025-12-08 01:00:00,2354.961,2364.844,2353.092,2364.746
1765159200,2025-12-08 02:00:00,2364.745,2366.795,2360.622,2364.749
1765162800,2025-12-08 03:00:00,2364.731,2365.828,2358.706,2365.828
1765166400,2025-12-08 04:00:00,2366.098,2371.985,2364.577,2367.567
1765170000,2025-12-08 05:00:00,2367.595,2369.569,2363.413,2368.837
1765173600,2025-12-08 06:00:00,2368.759,2379.137,2368.354,2377.823
1765177200,2025-12-08 07:00:00,2377.456,2378.602,2364.228,2365.566
1765180800,2025-12-08 08:00:00,2365.649,2375.715,2365.54,2374.739
1765184400,2025-12-08 09:00:00,2374.68,2381.742,2371.725,2372.74
1765188000,2025-12-08 10:00:00,2372.563,2376.055,2362.603,2363.727
1765191600,2025-12-08 11:00:00,2363.734,2364.63,2358.584,2362.107
1765195200,2025-12-08 12:00:00,2362.179,2372.606,2361.933,2367.027
1765198800,2025-12-08 13:00:00,2367.062,2379.643,2367.062,2372.741
1765202400,2025-12-08 14:00:00,2372.515,2378.507,2367.37,2370.774
1765206000,2025-12-08 15:00:00,2370.563,2374.791,2368.146,2369.017
1765209600,2025-12-08 16:00:00,2369.01,2376.12,2365.464,2369.556
1765213200,2025-12-08 17:00:00,2369.58,2375.519,2362.954,2372.953
1765216800,2025-12-08 18:00:00,2373.177,2373.495,2360.584,2360.767
1765220400,2025-12-08 19:00:00,2360.765,2374.782,2360.41,2373.197
1765224000,2025-12-08 20:00:00,2373.221,2378.385,2368.037,2368.568
1765227600,2025-12-08 21:00:00,2368.42,2372.679,2365.129,2370.229
1765231200,2025-12-08 22:00:00,2369.958,2374.843,2366.843,2367.657
1765234800,2025-12-08 23:00:00,2367.676,2373.955,2364.191,2364.531
1765238400,2025-12-09 00:00:00,2364.371,2369.504,2357.261,2358.734
1765242000,2025-12-09 01:00:00,2358.689,2360.254,2351.812,2353.487
1765245600,2025-12-09 02:00:00,2353.457,2357.551,2350.242,2355.486
1765249200,2025-12-09 03:00:00,2355.678,2367.79,2354.317,2365.956
1765252800,2025-12-09 04:00:00,2366.136,2373.271,2362.941,2363.844
1765256400,2025-12-09 05:00:00,2363.415,2369.687,2360.769,2365.786
1765260000,2025-12-09 06:00:00,2365.94,2374.839,2365.363,2372.487
1765263600,2025-12-09 07:00:00,2372.553,2377.674,2369.442,2373.921
1765267200,2025-12-09 08:00:00,2373.986,2376.099,2369.461,2371.461
1765270800,2025-12-09 09:00:00,2371.324,2372.551,2365.775,2369.64
1765274400,2025-12-09 10:00:00,2369.814,2370.397,2362.19,2366.219
1765278000,2025-12-09 11:00:00,2366.024,2366.024,2357.756,2362.103
1765281600,2025-12-09 12:00:00,2362.249,2363.473,2356.439,2362.971
1765285200,2025-12-09 13:00:00,2362.841,2366.488,2359.182,2364.118
1765288800,2025-12-09 14:00:00,2364.256,2366.069,2358.36,2365.969
1765292400,2025-12-09 15:00:00,2365.73,2370.213,2359.919,2360.621
1765296000,2025-12-09 16:00:00,2360.6,2371.345,2358.096,2371.331
1765299600,2025-12-09 17:00:00,2371.397,2379.65,2368.176,2372.737
1765303200,2025-12-09 18:00:00,2372.795,2386.831,2370.035,2386.706
1765306800,2025-12-09 19:00:00,2386.783,2390.532,2383.083,2389.235
1765310400,2025-12-09 20:00:00,2389.424,2390.337,2381.082,2384.121
1765314000,2025-12-09 21:00:00,2383.939,2383.939,2376.646,2379.759
1765317600,2025-12-09 22:00:00,2379.866,2388.713,2379.821,2384.358
1765321200,2025-12-09 23:00:00,2384.542,2389.796,2382.769,2387.922
1765324800,2025-12-10 00:00:00,2388.251,2388.875,2382.133,2387.03
1765328400,2025-12-10 01:00:00,2386.954,2397.024,2384.641,2396.856
1765332000,2025-12-10 02:00:00,2396.715,2400.092,2391.542,2398.179
1765335600,2025-12-10 03:00:00,2398.438,2399.421,2382.125,2388.865
1765339200,2025-12-10 04:00:00,2389.112,2391.941,2385.432,2390.706
1765342800,2025-12-10 05:00:00,2390.599,2391.332,2383.617,2385.227
1765346400,2025-12-10 06:00:00,2385.093,2392.069,2382.579,2391.488
1765350000,2025-12-10 07:00:00,2391.929,2393.12,2385.325,2390.33
1765353600,2025-12-10 08:00:00,2390.343,2400.266,2388.023,2396.972
1765357200,2025-12-10 09:00:00,2397.184,2403.597,2394.471,2400.772
1765360800,2025-12-10 10:00:00,2400.722,2406.383,2398.363,2401.306
1765364400,2025-12-10 11:00:00,2401.085,2403.277,2394.668,2397.849
1765368000,2025-12-10 12:00:00,2397.899,2407.292,2397.221,2403.254
1765371600,2025-12-10 13:00:00,2403.022,2420.278,2401.902,2413.986
1765375200,2025-12-10 14:00:00,2413.828,2415.767,2407.599,2407.599
1765378800,2025-12-10 15:00:00,2407.463,2419.232,2404.15,2417.981
1765382400,2025-12-10 16:00:00,2418.459,2427.61,2417.371,2423.394
1765386000,2025-12-10 17:00:00,2423.269,2427.057,2416.886,2425.934
1765389600,2025-12-10 18:00:00,2426.001,2428.829,2421.515,2423.678
1765393200,2025-12-10 19:00:00,2423.529,2426.609,2418.755,2421.182
1765396800,2025-12-10 20:00:00,2421.213,2431.51,2419.802,2428.986
1765400400,2025-12-10 21:00:00,2428.759,2431.616,2421.418,2423.484
1765404000,2025-12-10 22:00:00,2423.663,2426.459,2415.447,2415.632
1765407600,2025-12-10 23:00:00,2415.838,2424.909,2413.51,2424.263
1765411200,2025-12-11 00:00:00,2424.518,2427.909,2418.211,2419.534
1765414800,2025-12-11 01:00:00,2419.348,2421.891,2412.721,2416.835
1765418400,2025-12-11 02:00:00,2416.659,2417.081,2406.554,2406.831
1765422000,2025-12-11 03:00:00,2406.709,2408.6,2398.407,2399.845
1765425600,2025-12-11 04:00:00,2399.814,2404.286,2396.338,2398.771
1765429200,2025-12-11 05:00:00,2398.566,2399.226,2389.139,2394.326
1765432800,2025-12-11 06:00:00,2394.109,2397.691,2384.144,2385.876
1765436400,2025-12-11 07:00:00,2385.655,2388.865,2377.846,2383.391
1765440000,2025-12-11 08:00:00,2383.592,2392.274,2380.717,2388.042
1765443600,2025-12-11 09:00:00,2388.078,2388.35,2377.206,2380.108
1765447200,2025-12-11 10:00:00,2380.182,2382.686,2377.334,2381.549
1765450800,2025-12-11 11:00:00,2381.559,2383.796,2375.936,2376.834
1765454400,2025-12-11 12:00:00,2376.767,2380.613,2372.679,2380.613
1765458000,2025-12-11 13:00:00,2380.378,2390.332,2378.768,2389.466
1765461600,2025-12-11 14:00:00,2389.56,2392.772,2384.646,2392.394
1765465200,2025-12-11 15:00:00,2392.487,2401.339,2391.247,2401.053
1765468800,2025-12-11 16:00:00,2401.335,2401.335,2388.878,2392.941
1765472400,2025-12-11 17:00:00,2392.973,2403.841,2392.629,2399.247
1765476000,2025-12-11 18:00:00,2399.176,2405.624,2397.37,2402.771
1765479600,2025-12-11 19:00:00,2402.966,2405.303,2399.104,2403.308
1765483200,2025-12-11 20:00:00,2403.347,2406.092,2400.815,2401.561
1765486800,2025-12-11 21:00:00,2401.342,2409.716,2398.543,2407.762
1765490400,2025-12-11 22:00:00,2407.707,2408.765,2400.682,2405.354
1765494000,2025-12-11 23:00:00,2405.662,2408.058,2395.449,2397.917
1765497600,2025-12-12 00:00:00,2397.883,2408.803,2396.536,2406.253
1765501200,2025-12-12 01:00:00,2406.097,2408.899,2402.304,2408.084
1765504800,2025-12-12 02:00:00,2408.007,2408.007,2396.583,2399.288
1765508400,2025-12-12 03:00:00,2399.637,2409.141,2399.537,2407.759
1765512000,2025-12-12 04:00:00,2407.66,2415.856,2407.592,2411.705
1765515600,2025-12-12 05:00:00,2411.669,2412.052,2401.374,2402.713
1765519200,2025-12-12 06:00:00,2402.702,2409.412,2401.072,2402.227
1765522800,2025-12-12 07:00:00,2402.261,2409.291,2400.395,2402.03
1765526400,2025-12-12 08:00:00,2402.079,2406.704,2398.29,2404.443
1765530000,2025-12-12 09:00:00,2404.234,2405.004,2392.773,2393.573
1765533600,2025-12-12 10:00:00,2393.652,2397.206,2390.094,2391.679
1765537200,2025-12-12 11:00:00,2391.54,2396.19,2388.446,2393.482
1765540800,2025-12-12 12:00:00,2393.41,2395.765,2387.223,2393.333
1765544400,2025-12-12 13:00:00,2393.586,2394.503,2386.442,2389.232
1765548000,2025-12-12 14:00:00,2389.112,2398.436,2388.791,2391.253
1765551600,2025-12-12 15:00:00,2391.211,2395.221,2387.514,2395.184
1765555200,2025-12-12 16:00:00,2395.393,2400.365,2393.042,2399.091
1765558800,2025-12-12 17:00:00,2399.168,2403.998,2393.677,2396.712
1765562400,2025-12-12 18:00:00,2396.702,2402.681,2395.144,2396.452
1765566000,2025-12-12 19:00:00,2396.545,2402.43,2394.201,2398.553
1765569600,2025-12-12 20:00:00,2398.988,2407.891,2396.767,2405.453
1765573200,2025-12-12 21:00:00,2405.265,2408.941,2399.266,2400.052
1765576800,2025-12-12 22:00:00,2400.189,2404.485,2398.104,2401.176
1765580400,2025-12-12 23:00:00,2401.296,2409.519,2398.874,2407.948
1765584000,2025-12-13 00:00:00,2408.187,2410.886,2404.519,2407.322
1765587600,2025-12-13 01:00:00,2407.296,2410.458,2403.405,2407.762
1765591200,2025-12-13 02:00:00,2407.833,2417.26,2405.262,2410.133
1765594800,2025-12-13 03:00:00,2410.178,2425.066,2408.458,2424.808
1765598400,2025-12-13 04:00:00,2424.733,2426.915,2413.154,2416.434
1765602000,2025-12-13 05:00:00,2416.506,2422.176,2414.044,2420.934
1765605600,2025-12-13 06:00:00,2421.258,2421.789,2416.57,2416.718
1765609200,2025-12-13 07:00:00,2416.726,2422.635,2416.625,2421.315
1765612800,2025-12-13 08:00:00,2421.375,2426.719,2419.696,2423.914
1765616400,2025-12-13 09:00:00,2423.805,2432.467,2421.345,2431.899
1765620000,2025-12-13 10:00:00,2432.119,2432.409,2420.276,2421.3
1765623600,2025-12-13 11:00:00,2421.034,2428.559,2419.597,2423.945
1765627200,2025-12-13 12:00:00,2423.991,2427.552,2418.105,2418.423
1765630800,2025-12-13 13:00:00,2418.374,2422.801,2415.065,2418.97
1765634400,2025-12-13 14:00:00,2419.061,2421.101,2408.04,2409.066
1765638000,2025-12-13 15:00:00,2409.095,2410.605,2402.98,2409.415
1765641600,2025-12-13 16:00:00,2409.323,2410.747,2402.453,2404.401
1765645200,2025-12-13 17:00:00,2404.534,2408.481,2400.271,2407.784
1765648800,2025-12-13 18:00:00,2407.642,2408.728,2400.194,2407.086
1765652400,2025-12-13 19:00:00,2406.968,2407.818,2397.778,2400.644
1765656000,2025-12-13 20:00:00,2400.445,2401.641,2394.797,2397.997
1765659600,2025-12-13 21:00:00,2397.84,2403.844,2394.887,2402.353
1765663200,2025-12-13 22:00:00,2402.181,2408.952,2399.445,2405.77
1765666800,2025-12-13 23:00:00,2405.942,2410.606,2400.778,2404.95
1765670400,2025-12-14 00:00:00,2404.937,2409.144,2402.36,2406.169
1765674000,2025-12-14 01:00:00,2406.027,2412.326,2404.008,2408.655
1765677600,2025-12-14 02:00:00,2408.548,2414.679,2403.33,2409.217
1765681200,2025-12-14 03:00:00,2409.332,2420.021,2409.332,2418.571
1765684800,2025-12-14 04:00:00,2418.741,2427.577,2412.534,2425.039
1765688400,2025-12-14 05:00:00,2425.247,2426.374,2414.044,2417.406
1765692000,2025-12-14 06:00:00,2417.463,2419.748,2410.803,2412.611
1765695600,2025-12-14 07:00:00,2412.427,2417.983,2408.071,2415.449
1765699200,2025-12-14 08:00:00,2415.237,2419.001,2412.324,2416.993
1765702800,2025-12-14 09:00:00,2416.853,2424.35,2414.107,2419.206
1765706400,2025-12-14 10:00:00,2419.243,2421.741,2412.791,2416.042
1765710000,2025-12-14 11:00:00,2416.245,2426.833,2415.435,2426.527
1765713600,2025-12-14 12:00:00,2426.487,2432.318,2424.192,2428.329
1765717200,2025-12-14 13:00:00,2428.39,2432.991,2425.852,2429.065
1765720800,2025-12-14 14:00:00,2429.081,2438.447,2428.304,2430.941
1765724400,2025-12-14 15:00:00,2430.7,2445.305,2429.759,2442.181
1765728000,2025-12-14 16:00:00,2442.153,2449.428,2441.38,2444.542
1765731600,2025-12-14 17:00:00,2444.617,2450.669,2444.358,2449.217
1765735200,2025-12-14 18:00:00,2449.107,2450.147,2442.401,2442.523
1765738800,2025-12-14 19:00:00,2442.468,2448.452,2439.516,2445.249
1765742400,2025-12-14 20:00:00,2445.173,2456.931,2442.956,2455.705
1765746000,2025-12-14 21:00:00,2455.859,2459.82,2449.308,2458.68
1765749600,2025-12-14 22:00:00,2458.61,2459.983,2454.725,2457.598
1765753200,2025-12-14 23:00:00,2457.823,2458.305,2448.309,2450.16
1765756800,2025-12-15 00:00:00,2450.281,2450.281,2439.152,2445.669
1765760400,2025-12-15 01:00:00,2445.753,2451.386,2438.93,2439.105
1765764000,2025-12-15 02:00:00,2439.047,2451.886,2438.479,2450.039
1765767600,2025-12-15 03:00:00,2449.845,2452.121,2445.603,2447.86
1765771200,2025-12-15 04:00:00,2448.038,2456.916,2446.943,2453.435
1765774800,2025-12-15 05:00:00,2453.297,2455.277,2450.707,2451.905
1765778400,2025-12-15 06:00:00,2451.718,2459.782,2448.394,2453.536
1765782000,2025-12-15 07:00:00,2453.479,2459.091,2452.865,2454.786
1765785600,2025-12-15 08:00:00,2455.036,2456.221,2447.341,2449.898
1765789200,2025-12-15 09:00:00,2449.79,2458.968,2449.214,2450.671
1765792800,2025-12-15 10:00:00,2450.899,2456.681,2446.14,2456.681
1765796400,2025-12-15 11:00:00,2456.446,2461.344,2449.024,2461.124
1765800000,2025-12-15 12:00:00,2461.021,2465.214,2458.498,2460.431
1765803600,2025-12-15 13:00:00,2460.481,2472.832,2456.953,2472.606
1765807200,2025-12-15 14:00:00,2472.768,2479.007,2471.295,2478.206
1765810800,2025-12-15 15:00:00,2478.034,2498.632,2476.641,2497.859
1765814400,2025-12-15 16:00:00,2497.829,2507.304,2496.832,2505.107
1765818000,2025-12-15 17:00:00,2504.827,2508.755,2499.058,2501.114
1765821600,2025-12-15 18:00:00,2500.974,2504.305,2498.317,2500.588
1765825200,2025-12-15 19:00:00,2500.844,2503.339,2486.428,2487.587
1765828800,2025-12-15 20:00:00,2487.515,2494.462,2486.866,2489.329
1765832400,2025-12-15 21:00:00,2489.114,2502.824,2488.343,2498.776
1765836000,2025-12-15 22:00:00,2498.343,2501.936,2496.768,2498.352
1765839600,2025-12-15 23:00:00,2498.349,2506.501,2494.833,2502.557
1765843200,2025-12-16 00:00:00,2502.439,2508.844,2498.211,2508.817
1765846800,2025-12-16 01:00:00,2508.692,2513.706,2505.925,2511.957
1765850400,2025-12-16 02:00:00,2511.874,2515.885,2508.744,2514.824
1765854000,2025-12-16 03:00:00,2514.855,2519.546,2508.639,2509.322
1765857600,2025-12-16 04:00:00,2509.542,2517.206,2507.929,2510.914
1765861200,2025-12-16 05:00:00,2510.863,2515.923,2508.77,2509.972
1765864800,2025-12-16 06:00:00,2510.006,2512.669,2499.138,2501.16
1765868400,2025-12-16 07:00:00,2501.255,2502.034,2490.94,2492.841
1765872000,2025-12-16 08:00:00,2492.451,2494.134,2481.975,2485.375
1765875600,2025-12-16 09:00:00,2485.28,2492.352,2484.154,2484.849
1765879200,2025-12-16 10:00:00,2484.807,2498.034,2484.807,2493.464
1765882800,2025-12-16 11:00:00,2493.189,2496.735,2489.5,2494.16
1765886400,2025-12-16 12:00:00,2494.247,2496.788,2489.511,2492.624
1765890000,2025-12-16 13:00:00,2492.773,2505.227,2490.259,2504.075
1765893600,2025-12-16 14:00:00,2503.958,2517.042,2503.176,2516.295
1765897200,2025-12-16 15:00:00,2516.472,2521.488,2513.655,2518.693
1765900800,2025-12-16 16:00:00,2518.655,2522.887,2512.904,2517.559
1765904400,2025-12-16 17:00:00,2517.645,2517.884,2503.918,2504.66
1765908000,2025-12-16 18:00:00,2504.825,2507.679,2500.924,2504.268
1765911600,2025-12-16 19:00:00,2504.498,2505.358,2494.242,2496.16
1765915200,2025-12-16 20:00:00,2496.173,2498.257,2489.831,2490.668
1765918800,2025-12-16 21:00:00,2490.451,2494.327,2486.007,2491.575
1765922400,2025-12-16 22:00:00,2491.517,2495.012,2480.285,2480.285
1765926000,2025-12-16 23:00:00,2480.393,2481.761,2474.037,2477.557
1765929600,2025-12-17 00:00:00,2477.691,2483.838,2473.141,2482.138
1765933200,2025-12-17 01:00:00,2482.188,2495.104,2481.624,2488.291
1765936800,2025-12-17 02:00:00,2487.654,2497.009,2485.938,2489.647
1765940400,2025-12-17 03:00:00,2489.786,2492.25,2481.473,2484.428
1765944000,2025-12-17 04:00:00,2484.439,2489.729,2481.839,2483.616
1765947600,2025-12-17 05:00:00,2483.438,2491.408,2482.896,2487.341
1765951200,2025-12-17 06:00:00,2487.435,2487.435,2480.125,2484.637
1765954800,2025-12-17 07:00:00,2484.443,2485.153,2472.886,2477.365
1765958400,2025-12-17 08:00:00,2477.523,2480.164,2468.68,2476.117
1765962000,2025-12-17 09:00:00,2475.953,2480.903,2472.494,2476.211
1765965600,2025-12-17 10:00:00,2476.477,2483.234,2475.315,2476.955
1765969200,2025-12-17 11:00:00,2476.903,2477.044,2470.04,2476.332
1765972800,2025-12-17 12:00:00,2476.239,2477.517,2461.726,2465.773
1765976400,2025-12-17 13:00:00,2465.868,2476.114,2465.847,2475.018
1765980000,2025-12-17 14:00:00,2474.839,2480.657,2464.884,2469.242
1765983600,2025-12-17 15:00:00,2469.165,2477.602,2465.73,2469.014
1765987200,2025-12-17 16:00:00,2469.056,2470.305,2455.492,2456.27
1765990800,2025-12-17 17:00:00,2456.079,2456.079,2443.034,2443.15
1765994400,2025-12-17 18:00:00,2443.132,2448.546,2440.234,2445.645
1765998000,2025-12-17 19:00:00,2445.665,2449.286,2438.527,2441.451
1766001600,2025-12-17 20:00:00,2441.078,2453.027,2440.532,2452.532
1766005200,2025-12-17 21:00:00,2452.234,2458.574,2446.871,2450.269
1766008800,2025-12-17 22:00:00,2450.334,2451.554,2442.332,2447.433
1766012400,2025-12-17 23:00:00,2447.384,2455.723,2443.305,2446.783
1766016000,2025-12-18 00:00:00,2446.918,2452.321,2440.97,2449.291
1766019600,2025-12-18 01:00:00,2449.343,2463.112,2448.5,2461.22
1766023200,2025-12-18 02:00:00,2460.936,2466.334,2455.48,2458.507
1766026800,2025-12-18 03:00:00,2458.826,2466.632,2456.562,2464.426
1766030400,2025-12-18 04:00:00,2464.451,2471.666,2461.222,2462.399
1766034000,2025-12-18 05:00:00,2462.544,2476.121,2460.98,2476.121
1766037600,2025-12-18 06:00:00,2476.089,2482.948,2474.231,2482.873
1766041200,2025-12-18 07:00:00,2482.797,2491.142,2478.126,2484.795
1766044800,2025-12-18 08:00:00,2484.835,2488.152,2478.809,2479.468
1766048400,2025-12-18 09:00:00,2479.612,2496.22,2478.823,2485.834
1766052000,2025-12-18 10:00:00,2485.56,2487.23,2477.745,2480.127
1766055600,2025-12-18 11:00:00,2480.245,2482.773,2476.578,2478.427
1766059200,2025-12-18 12:00:00,2478.502,2487.05,2478.125,2480.073
1766062800,2025-12-18 13:00:00,2479.766,2494.234,2477.995,2490.532
1766066400,2025-12-18 14:00:00,2490.386,2495.239,2482.434,2495.239
1766070000,2025-12-18 15:00:00,2495.172,2507.425,2492.746,2494.2
1766073600,2025-12-18 16:00:00,2494.119,2496.568,2486.164,2491.52
1766077200,2025-12-18 17:00:00,2491.598,2497.888,2487.825,2490.361
1766080800,2025-12-18 18:00:00,2490.438,2491.599,2483.653,2485.843
1766084400,2025-12-18 19:00:00,2485.842,2491.09,2482.013,2483.62
1766088000,2025-12-18 20:00:00,2483.785,2492.145,2475.714,2490.869
1766091600,2025-12-18 21:00:00,2490.767,2497.201,2484.777,2486.564
1766095200,2025-12-18 22:00:00,2486.799,2491.73,2482.853,2491.448
1766098800,2025-12-18 23:00:00,2491.44,2491.446,2478.526,2480.864
1766102400,2025-12-19 00:00:00,2480.753,2484.198,2474.648,2479.005
1766106000,2025-12-19 01:00:00,2479.291,2487.742,2477.59,2484.76
1766109600,2025-12-19 02:00:00,2484.639,2491.8,2482.658,2489.754
1766113200,2025-12-19 03:00:00,2489.7,2491.408,2479.195,2481.588
1766116800,2025-12-19 04:00:00,2481.569,2491.29,2481.08,2489.543
1766120400,2025-12-19 05:00:00,2489.442,2491.063,2485.572,2485.849
1766124000,2025-12-19 06:00:00,2485.718,2496.865,2483.744,2495.912
1766127600,2025-12-19 07:00:00,2495.533,2496.716,2489.643,2490.452
1766131200,2025-12-19 08:00:00,2490.588,2507.851,2490.415,2506.82
1766134800,2025-12-19 09:00:00,2506.729,2510.844,2499.171,2500.324
1766138400,2025-12-19 10:00:00,2500.269,2507.512,2497.062,2500.459
1766142000,2025-12-19 11:00:00,2500.429,2511.794,2494.71,2511.274
1766145600,2025-12-19 12:00:00,2511.504,2512.246,2501.309,2501.473
1766149200,2025-12-19 13:00:00,2501.3,2507.218,2499.708,2499.837
1766152800,2025-12-19 14:00:00,2499.736,2499.953,2493.194,2499.225
1766156400,2025-12-19 15:00:00,2499.398,2509.126,2497.218,2507.581
1766160000,2025-12-19 16:00:00,2507.718,2508.016,2493.858,2494.852
1766163600,2025-12-19 17:00:00,2494.891,2497.232,2488.153,2489.252
1766167200,2025-12-19 18:00:00,2489.57,2492.764,2483.224,2491.129
1766170800,2025-12-19 19:00:00,2491.274,2492.519,2484.402,2489.407
1766174400,2025-12-19 20:00:00,2489.451,2495.31,2482.982,2490.038
1766178000,2025-12-19 21:00:00,2490.142,2493.535,2485.984,2493.384
1766181600,2025-12-19 22:00:00,2493.197,2499.528,2492.679,2497.083
1766185200,2025-12-19 23:00:00,2497.13,2507.507,2497.118,2499.678
1766188800,2025-12-20 00:00:00,2499.74,2501.259,2493.665,2494.256
1766192400,2025-12-20 01:00:00,2494.056,2497.229,2488.131,2492.403
1766196000,2025-12-20 02:00:00,2492.473,2501.236,2490.577,2497.024
1766199600,2025-12-20 03:00:00,2497.144,2500.237,2493.424,2499.073
1766203200,2025-12-20 04:00:00,2499.364,2500.369,2492.597,2495.69
1766206800,2025-12-20 05:00:00,2495.708,2501.537,2495.201,2497.028
1766210400,2025-12-20 06:00:00,2496.996,2503.449,2494.468,2499.461
1766214000,2025-12-20 07:00:00,2499.603,2502.011,2494.27,2501.343
1766217600,2025-12-20 08:00:00,2501.342,2507.326,2490.274,2493.229
1766221200,2025-12-20 09:00:00,2493.395,2494.089,2481.731,2485.719
1766224800,2025-12-20 10:00:00,2485.74,2490.269,2477.864,2481.547
1766228400,2025-12-20 11:00:00,2481.551,2485.512,2480.063,2483.322
1766232000,2025-12-20 12:00:00,2483.448,2485.881,2477.866,2480.553
1766235600,2025-12-20 13:00:00,2480.514,2483.352,2476.926,2478.353
1766239200,2025-12-20 14:00:00,2478.423,2484.443,2473.915,2481.977
1766242800,2025-12-20 15:00:00,2481.903,2481.903,2467.232,2467.518
1766246400,2025-12-20 16:00:00,2467.38,2471.462,2458.001,2463.933
1766250000,2025-12-20 17:00:00,2464.091,2465.027,2446.585,2447.525
1766253600,2025-12-20 18:00:00,2447.487,2457.782,2446.074,2456.645
1766257200,2025-12-20 19:00:00,2456.607,2463.655,2453.761,2458.058
1766260800,2025-12-20 20:00:00,2458.006,2459.871,2450.374,2450.784
1766264400,2025-12-20 21:00:00,2450.737,2452.305,2441.017,2442.257
1766268000,2025-12-20 22:00:00,2442.184,2447.916,2440.772,2441.523
1766271600,2025-12-20 23:00:00,2441.391,2444.51,2436.578,2439.496
1766275200,2025-12-21 00:00:00,2439.499,2456.849,2438.199,2454.388
1766278800,2025-12-21 01:00:00,2454.549,2456.95,2446.913,2456.815
1766282400,2025-12-21 02:00:00,2456.772,2458.414,2447.846,2458.395
1766286000,2025-12-21 03:00:00,2458.37,2467.031,2454.37,2466.7
1766289600,2025-12-21 04:00:00,2466.661,2476.076,2466.661,2475.131
1766293200,2025-12-21 05:00:00,2475.015,2491.786,2473.375,2490.184
1766296800,2025-12-21 06:00:00,2490.119,2493.447,2482.612,2483.25
1766300400,2025-12-21 07:00:00,2483.216,2494.033,2482.685,2487.527
1766304000,2025-12-21 08:00:00,2487.427,2501.741,2484.327,2500.866
1766307600,2025-12-21 09:00:00,2500.946,2508.962,2499.128,2501.281
1766311200,2025-12-21 10:00:00,2501.362,2509.192,2499.781,2504.769
1766314800,2025-12-21 11:00:00,2504.808,2509.547,2500.105,2506.145
1766318400,2025-12-21 12:00:00,2506.185,2508.298,2500.224,2505.122
1766322000,2025-12-21 13:00:00,2505.353,2507.07,2498.304,2501.684
1766325600,2025-12-21 14:00:00,2501.576,2505.494,2497.564,2497.942
1766329200,2025-12-21 15:00:00,2497.922,2504.643,2493.668,2504.01
1766332800,2025-12-21 16:00:00,2503.972,2511.189,2503.936,2510.5
1766336400,2025-12-21 17:00:00,2510.427,2514.64,2506.167,2511.879
1766340000,2025-12-21 18:00:00,2511.954,2512.875,2499.928,2503.495
1766343600,2025-12-21 19:00:00,2503.596,2511.851,2502.637,2509.934
1766347200,2025-12-21 20:00:00,2510.187,2515.181,2500.614,2502.321
1766350800,2025-12-21 21:00:00,2502.124,2503.114,2491.401,2493.243
1766354400,2025-12-21 22:00:00,2493.221,2501.121,2489.895,2497.314
1766358000,2025-12-21 23:00:00,2497.596,2497.596,2485.052,2489.403
1766361600,2025-12-22 00:00:00,2489.526,2498.616,2487.479,2488.377
1766365200,2025-12-22 01:00:00,2488.117,2489.293,2482.69,2485.996
1766368800,2025-12-22 02:00:00,2485.889,2487.089,2479.348,2483.179
1766372400,2025-12-22 03:00:00,2483.006,2492.933,2480.875,2491.527
1766376000,2025-12-22 04:00:00,2491.744,2502.163,2490.568,2499.05
1766379600,2025-12-22 05:00:00,2499.456,2499.936,2489.231,2496.489
1766383200,2025-12-22 06:00:00,2496.455,2502.18,2492.742,2498.005
1766386800,2025-12-22 07:00:00,2498.009,2500.096,2488.387,2492.612
1766390400,2025-12-22 08:00:00,2492.82,2501.64,2491.234,2498.881
1766394000,2025-12-22 09:00:00,2499.051,2499.921,2492.545,2499.325
1766397600,2025-12-22 10:00:00,2499.38,2506.204,2494.817,2505.041
1766401200,2025-12-22 11:00:00,2505.016,2507.201,2496.357,2499.675
1766404800,2025-12-22 12:00:00,2499.524,2503.645,2494.138,2495.268
1766408400,2025-12-22 13:00:00,2495.555,2497.552,2483.098,2484.983
1766412000,2025-12-22 14:00:00,2484.966,2486.208,2476.682,2483.708
1766415600,2025-12-22 15:00:00,2483.568,2484.541,2476.627,2478.324
1766419200,2025-12-22 16:00:00,2478.307,2479.032,2468.86,2472.246
1766422800,2025-12-22 17:00:00,2472.384,2473.92,2467.781,2470.542
1766426400,2025-12-22 18:00:00,2470.54,2470.958,2460.739,2465.72
1766430000,2025-12-22 19:00:00,2465.923,2473.958,2465.297,2468.737
1766433600,2025-12-22 20:00:00,2468.614,2474.146,2463.695,2470.832
1766437200,2025-12-22 21:00:00,2470.779,2473.028,2465.965,2469.276
1766440800,2025-12-22 22:00:00,2469.416,2471.805,2458.884,2459.93
1766444400,2025-12-22 23:00:00,2459.746,2461.771,2449.623,2454.667
1766448000,2025-12-23 00:00:00,2454.383,2454.629,2447.561,2449.656
1766451600,2025-12-23 01:00:00,2449.656,2455.8,2446.195,2451.143
1766455200,2025-12-23 02:00:00,2451.089,2451.089,2441.764,2442.377
1766458800,2025-12-23 03:00:00,2442.583,2452.37,2442.198,2450.17
1766462400,2025-12-23 04:00:00,2450.034,2451.019,2435.621,2438.412
1766466000,2025-12-23 05:00:00,2438.467,2439.082,2429.762,2431.933
1766469600,2025-12-23 06:00:00,2431.941,2439.722,2428.195,2431.299
1766473200,2025-12-23 07:00:00,2431.28,2438.857,2430.621,2434.307
1766476800,2025-12-23 08:00:00,2434.218,2439.109,2427.24,2427.411
1766480400,2025-12-23 09:00:00,2427.53,2429.337,2422.687,2429.051
1766484000,2025-12-23 10:00:00,2429.05,2437.056,2428.813,2436.997
1766487600,2025-12-23 11:00:00,2437.175,2437.48,2424.361,2427.841
1766491200,2025-12-23 12:00:00,2428.066,2430.348,2423.61,2430.216
1766494800,2025-12-23 13:00:00,2430.188,2432.297,2423.806,2425.826
1766498400,2025-12-23 14:00:00,2425.802,2432.51,2423.432,2430.293
1766502000,2025-12-23 15:00:00,2430.485,2430.538,2415.982,2419.797
1766505600,2025-12-23 16:00:00,2419.615,2419.786,2410.932,2412.24
1766509200,2025-12-23 17:00:00,2411.988,2416.232,2408.807,2409.755
1766512800,2025-12-23 18:00:00,2409.762,2411.133,2404.157,2404.171
1766516400,2025-12-23 19:00:00,2403.906,2406.261,2394.658,2397.011
1766520000,2025-12-23 20:00:00,2396.923,2404.048,2395.214,2397.506
1766523600,2025-12-23 21:00:00,2397.697,2400.811,2393.147,2395.248
1766527200,2025-12-23 22:00:00,2395.362,2395.637,2382.713,2385.238
1766530800,2025-12-23 23:00:00,2385.226,2390.824,2383.375,2388.922
1766534400,2025-12-24 00:00:00,2388.843,2391.515,2383.376,2384.584
1766538000,2025-12-24 01:00:00,2384.749,2388.61,2380.871,2381.464
1766541600,2025-12-24 02:00:00,2381.323,2384.138,2376.611,2376.904
1766545200,2025-12-24 03:00:00,2376.885,2380.515,2371.474,2378.258
1766548800,2025-12-24 04:00:00,2378.098,2383.815,2376.386,2378.471
1766552400,2025-12-24 05:00:00,2378.522,2380.984,2371.899,2373.972
1766556000,2025-12-24 06:00:00,2373.872,2379.769,2372.747,2377.311
1766559600,2025-12-24 07:00:00,2377.258,2380.006,2366.836,2368.101
1766563200,2025-12-24 08:00:00,2368.106,2378.649,2366.166,2375.974
1766566800,2025-12-24 09:00:00,2375.975,2377.135,2367.577,2370.65
1766570400,2025-12-24 10:00:00,2370.617,2377.673,2366.582,2376.548
1766574000,2025-12-24 11:00:00,2376.732,2387.531,2375.951,2385.625
1766577600,2025-12-24 12:00:00,2385.495,2388.183,2380.829,2384.765
1766581200,2025-12-24 13:00:00,2384.474,2394.824,2380.662,2391.474
1766584800,2025-12-24 14:00:00,2391.696,2393.621,2387.191,2391.45
1766588400,2025-12-24 15:00:00,2391.512,2396.038,2388.465,2395.921
1766592000,2025-12-24 16:00:00,2395.849,2402.703,2395.159,2399.917
1766595600,2025-12-24 17:00:00,2400.059,2402.232,2392.798,2395.688
1766599200,2025-12-24 18:00:00,2395.738,2404.897,2393.438,2399.948
1766602800,2025-12-24 19:00:00,2399.882,2400.23,2395.748,2397.622
1766606400,2025-12-24 20:00:00,2397.597,2398.222,2390.883,2393.363
1766610000,2025-12-24 21:00:00,2393.444,2400.107,2391.938,2397.229
1766613600,2025-12-24 22:00:00,2397.265,2405.197,2395.447,2402.672
1766617200,2025-12-24 23:00:00,2402.787,2406.391,2399.44,2400.311
1766620800,2025-12-25 00:00:00,2400.565,2405.989,2398.418,2399.151
1766624400,2025-12-25 01:00:00,2398.978,2402.871,2385.026,2386.756
1766628000,2025-12-25 02:00:00,2386.819,2390.788,2380.082,2387.637
1766631600,2025-12-25 03:00:00,2387.508,2397.732,2386.713,2395.611
1766635200,2025-12-25 04:00:00,2395.608,2397.023,2387.228,2387.708
1766638800,2025-12-25 05:00:00,2387.952,2395.301,2379.656,2394.001
1766642400,2025-12-25 06:00:00,2394.081,2402.405,2391.296,2399.033
1766646000,2025-12-25 07:00:00,2398.913,2407.451,2398.207,2400.28
1766649600,2025-12-25 08:00:00,2400.15,2402.389,2393.058,2397.591
1766653200,2025-12-25 09:00:00,2397.525,2397.99,2386.422,2386.509
1766656800,2025-12-25 10:00:00,2386.64,2396.201,2385.851,2393.385
1766660400,2025-12-25 11:00:00,2393.56,2396.965,2387.494,2388.459
1766664000,2025-12-25 12:00:00,2388.622,2396.618,2387.365,2390.443
1766667600,2025-12-25 13:00:00,2390.254,2404.881,2389.711,2402.045
1766671200,2025-12-25 14:00:00,2402.133,2407.738,2400.973,2405.415
1766674800,2025-12-25 15:00:00,2405.552,2416.072,2403.417,2415.36
1766678400,2025-12-25 16:00:00,2415.155,2419.037,2412.024,2414.893
1766682000,2025-12-25 17:00:00,2414.711,2416.629,2409.096,2413.374
1766685600,2025-12-25 18:00:00,2413.223,2421.871,2407.221,2408.926
1766689200,2025-12-25 19:00:00,2409.162,2412.03,2406.136,2408.424
1766692800,2025-12-25 20:00:00,2408.412,2410.588,2398.395,2398.86
1766696400,2025-12-25 21:00:00,2398.976,2399.368,2385.783,2386.911
1766700000,2025-12-25 22:00:00,2386.649,2389.673,2377.377,2378.549
1766703600,2025-12-25 23:00:00,2378.495,2383.759,2374.675,2379.082
1766707200,2025-12-26 00:00:00,2378.996,2385.763,2378.187,2378.187
1766710800,2025-12-26 01:00:00,2378.08,2382.742,2374.924,2375.669
1766714400,2025-12-26 02:00:00,2375.475,2379.497,2367.445,2370.434
1766718000,2025-12-26 03:00:00,2370.5,2373.231,2366.67,2370.833
1766721600,2025-12-26 04:00:00,2371.056,2383.314,2368.465,2377.113
1766725200,2025-12-26 05:00:00,2376.802,2381.168,2370.984,2373.659
1766728800,2025-12-26 06:00:00,2373.434,2380.018,2370.965,2374.49
1766732400,2025-12-26 07:00:00,2374.489,2385.443,2373.987,2385.443
1766736000,2025-12-26 08:00:00,2385.328,2387.523,2380.613,2380.958
1766739600,2025-12-26 09:00:00,2380.809,2383.606,2376.51,2378.843
1766743200,2025-12-26 10:00:00,2378.767,2395.589,2378.19,2393.243
1766746800,2025-12-26 11:00:00,2393.045,2393.772,2381.569,2382.203
1766750400,2025-12-26 12:00:00,2382.13,2388.198,2377.417,2385.933
1766754000,2025-12-26 13:00:00,2385.757,2390.011,2380.104,2384.391
1766757600,2025-12-26 14:00:00,2384.464,2386.515,2377.517,2377.747
1766761200,2025-12-26 15:00:00,2377.751,2383.81,2376.336,2381.527
1766764800,2025-12-26 16:00:00,2381.652,2391.436,2381.536,2386.789
1766768400,2025-12-26 17:00:00,2386.852,2389.176,2381.275,2385.458
1766772000,2025-12-26 18:00:00,2385.496,2387.364,2378.93,2379.603
1766775600,2025-12-26 19:00:00,2379.932,2401.477,2378.498,2397.22
1766779200,2025-12-26 20:00:00,2397.247,2404.177,2395.885,2401.481
1766782800,2025-12-26 21:00:00,2401.498,2405.368,2392.146,2395.711
1766786400,2025-12-26 22:00:00,2395.921,2410.762,2393.774,2407.799
1766790000,2025-12-26 23:00:00,2407.667,2421.572,2407.437,2415.525
1766793600,2025-12-27 00:00:00,2415.504,2419.706,2409.525,2417.568
1766797200,2025-12-27 01:00:00,2417.484,2425.868,2416.266,2421.098
1766800800,2025-12-27 02:00:00,2421.248,2422.767,2408.675,2410.466
1766804400,2025-12-27 03:00:00,2410.779,2418.632,2410.779,2418.632
1766808000,2025-12-27 04:00:00,2418.615,2429.698,2416.86,2423.974
1766811600,2025-12-27 05:00:00,2424.006,2429.052,2421.409,2428.792
1766815200,2025-12-27 06:00:00,2428.799,2440.647,2428.591,2436.096
1766818800,2025-12-27 07:00:00,2436.197,2436.205,2422.738,2423.047
1766822400,2025-12-27 08:00:00,2423.023,2446.04,2422.651,2446.04
1766826000,2025-12-27 09:00:00,2446.166,2455.296,2445.555,2454.359
1766829600,2025-12-27 10:00:00,2454.377,2461.007,2454.281,2460.137
1766833200,2025-12-27 11:00:00,2459.983,2470.811,2457.474,2469.608
1766836800,2025-12-27 12:00:00,2469.543,2473.059,2466.097,2470.264
1766840400,2025-12-27 13:00:00,2470.165,2472.262,2466.385,2467.637
1766844000,2025-12-27 14:00:00,2467.387,2471.17,2464.034,2467.095
1766847600,2025-12-27 15:00:00,2467.056,2470.382,2460.883,2461.668
1766851200,2025-12-27 16:00:00,2461.584,2463.757,2445.544,2446.316
1766854800,2025-12-27 17:00:00,2446.808,2448.953,2434.168,2436.054
1766858400,2025-12-27 18:00:00,2435.988,2450.508,2434.14,2447.42
1766862000,2025-12-27 19:00:00,2447.352,2451.08,2442.299,2442.786
1766865600,2025-12-27 20:00:00,2442.576,2444.863,2437.788,2439.9
1766869200,2025-12-27 21:00:00,2440.004,2443.296,2435.725,2438.368
1766872800,2025-12-27 22:00:00,2438.215,2438.301,2425.677,2434.659
1766876400,2025-12-27 23:00:00,2434.814,2434.996,2425.625,2427.344
1766880000,2025-12-28 00:00:00,2427.229,2433.655,2425.207,2429.042
1766883600,2025-12-28 01:00:00,2428.877,2433.733,2427.344,2427.779
1766887200,2025-12-28 02:00:00,2427.9,2431.251,2419.335,2425.771
1766890800,2025-12-28 03:00:00,2425.815,2429.579,2419.552,2427.53
1766894400,2025-12-28 04:00:00,2427.395,2432.691,2423.895,2424.107
1766898000,2025-12-28 05:00:00,2424.055,2424.87,2409.024,2418.378
1766901600,2025-12-28 06:00:00,2418.439,2420.717,2413.948,2420.151
1766905200,2025-12-28 07:00:00,2420.464,2424.02,2416.676,2419.765
1766908800,2025-12-28 08:00:00,2419.693,2428.838,2418.806,2428.838
1766912400,2025-12-28 09:00:00,2428.901,2430.706,2421.906,2423.488
1766916000,2025-12-28 10:00:00,2423.429,2429.24,2421.782,2428.432
1766919600,2025-12-28 11:00:00,2428.424,2431.343,2423.396,2430.957
1766923200,2025-12-28 12:00:00,2430.792,2437.075,2427.506,2433.86
1766926800,2025-12-28 13:00:00,2433.712,2434.165,2428.164,2429.94
1766930400,2025-12-28 14:00:00,2429.935,2431.612,2422.51,2422.915
1766934000,2025-12-28 15:00:00,2422.765,2424.422,2415.46,2420.522
1766937600,2025-12-28 16:00:00,2420.516,2423.43,2416.613,2421.849
1766941200,2025-12-28 17:00:00,2421.909,2425.103,2417.693,2419.586
1766944800,2025-12-28 18:00:00,2419.729,2420.585,2413.533,2415.85
1766948400,2025-12-28 19:00:00,2415.969,2417.433,2411.249,2415.036
1766952000,2025-12-28 20:00:00,2414.9,2418.938,2411.042,2414.558
1766955600,2025-12-28 21:00:00,2414.59,2418.787,2411.608,2412.15
1766959200,2025-12-28 22:00:00,2412.138,2415.28,2410.06,2413.363
1766962800,2025-12-28 23:00:00,2413.635,2421.365,2412.713,2414.909
1766966400,2025-12-29 00:00:00,2414.769,2416.962,2403.826,2406.028
1766970000,2025-12-29 01:00:00,2405.721,2411.066,2401.922,2408.727
1766973600,2025-12-29 02:00:00,2408.908,2417.856,2408.455,2409.886
1766977200,2025-12-29 03:00:00,2409.674,2425.536,2408.14,2424.701
1766980800,2025-12-29 04:00:00,2424.857,2433.361,2422.837,2423.855
1766984400,2025-12-29 05:00:00,2424.071,2427.244,2418.526,2423.44
1766988000,2025-12-29 06:00:00,2423.518,2427.721,2420.09,2425.143
1766991600,2025-12-29 07:00:00,2424.951,2431.094,2422.915,2426.517
1766995200,2025-12-29 08:00:00,2426.524,2427.888,2419.116,2421.028
1766998800,2025-12-29 09:00:00,2420.953,2425.443,2419.334,2425.292
1767002400,2025-12-29 10:00:00,2425.281,2432.601,2419.487,2430.262
1767006000,2025-12-29 11:00:00,2430.431,2431.084,2422.632,2423.056
1767009600,2025-12-29 12:00:00,2422.748,2423.616,2411.581,2414.093
1767013200,2025-12-29 13:00:00,2413.857,2414.154,2407.257,2408.36
1767016800,2025-12-29 14:00:00,2408.488,2418.474,2407.256,2411.727
1767020400,2025-12-29 15:00:00,2411.622,2419.958,2404.109,2406.398
1767024000,2025-12-29 16:00:00,2406.544,2411.881,2400.161,2411.161
1767027600,2025-12-29 17:00:00,2411.295,2414.452,2406.258,2412.073
1767031200,2025-12-29 18:00:00,2411.929,2415.473,2406.768,2411.705
1767034800,2025-12-29 19:00:00,2411.844,2417.471,2411.652,2415.799
1767038400,2025-12-29 20:00:00,2415.687,2426.295,2411.27,2423.328
1767042000,2025-12-29 21:00:00,2423.456,2423.456,2406.57,2418.951
1767045600,2025-12-29 22:00:00,2419.245,2423.748,2415.158,2422.384
1767049200,2025-12-29 23:00:00,2422.438,2423.819,2419.453,2423.157
1767052800,2025-12-30 00:00:00,2423.342,2433.952,2422.7,2432.884
1767056400,2025-12-30 01:00:00,2433.027,2439.291,2427.543,2429.621
1767060000,2025-12-30 02:00:00,2429.625,2430.139,2418.593,2423.343
1767063600,2025-12-30 03:00:00,2423.206,2429.908,2422.63,2427.058
1767067200,2025-12-30 04:00:00,2427.179,2427.38,2419.435,2424.472
1767070800,2025-12-30 05:00:00,2424.409,2429.716,2421.631,2424.307
1767074400,2025-12-30 06:00:00,2424.532,2427.472,2410.649,2411.425
1767078000,2025-12-30 07:00:00,2411.69,2415.301,2405.54,2405.846
1767081600,2025-12-30 08:00:00,2405.83,2408.131,2398.995,2407.82
1767085200,2025-12-30 09:00:00,2407.928,2412.481,2405.216,2406.621
1767088800,2025-12-30 10:00:00,2406.496,2413.374,2401.988,2403.252
1767092400,2025-12-30 11:00:00,2403.382,2405.812,2397.895,2399.043
1767096000,2025-12-30 12:00:00,2398.965,2403.904,2394.055,2397.097
1767099600,2025-12-30 13:00:00,2397.188,2397.523,2385.982,2387.05
1767103200,2025-12-30 14:00:00,2387.112,2392.745,2385.734,2391.203
1767106800,2025-12-30 15:00:00,2391.266,2399.392,2390.014,2399.077
1767110400,2025-12-30 16:00:00,2399.133,2399.308,2390.748,2392.289
1767114000,2025-12-30 17:00:00,2392.537,2398.278,2390.359,2395.55
1767117600,2025-12-30 18:00:00,2395.519,2398.13,2388.588,2390.099
1767121200,2025-12-30 19:00:00,2390.342,2394.324,2387.838,2392.461
1767124800,2025-12-30 20:00:00,2392.809,2393.008,2383.373,2386.491
1767128400,2025-12-30 21:00:00,2386.599,2393.943,2385.386,2387.135
1767132000,2025-12-30 22:00:00,2387.294,2389.623,2382.055,2387.615
1767135600,2025-12-30 23:00:00,2387.57,2387.57,2374.499,2375.931
1767139200,2025-12-31 00:00:00,2376.196,2376.753,2362.052,2362.052
1767142800,2025-12-31 01:00:00,2362.057,2368.59,2357.93,2367.657
1767146400,2025-12-31 02:00:00,2367.629,2368.499,2358.986,2360.702
1767150000,2025-12-31 03:00:00,2360.849,2373.105,2360.135,2373.105
1767153600,2025-12-31 04:00:00,2373.139,2377.075,2370.34,2375.915
1767157200,2025-12-31 05:00:00,2375.855,2379.978,2374.832,2377.635
1767160800,2025-12-31 06:00:00,2377.616,2379.703,2369.522,2371.315
1767164400,2025-12-31 07:00:00,2371.187,2372.694,2364.457,2364.847
1767168000,2025-12-31 08:00:00,2365.066,2374.825,2364.524,2367.101
1767171600,2025-12-31 09:00:00,2367.138,2369.633,2363.309,2365.685
1767175200,2025-12-31 10:00:00,2365.386,2372.562,2363.659,2365.503
1767178800,2025-12-31 11:00:00,2365.471,2373.139,2363.533,2366.224
1767182400,2025-12-31 12:00:00,2366.01,2368.607,2361.869,2366.326
1767186000,2025-12-31 13:00:00,2366.156,2372.723,2364.584,2370.999
1767189600,2025-12-31 14:00:00,2371.174,2378.316,2367.813,2370.368
1767193200,2025-12-31 15:00:00,2370.355,2374.871,2365.199,2365.199
1767196800,2025-12-31 16:00:00,2365.194,2372.014,2360.591,2365.931
1767200400,2025-12-31 17:00:00,2366.045,2368.389,2359.335,2367.837
1767204000,2025-12-31 18:00:00,2367.77,2380.781,2367.77,2378.909
1767207600,2025-12-31 19:00:00,2378.878,2385.478,2376.775,2381.787
1767211200,2025-12-31 20:00:00,2381.653,2388.69,2375.431,2386.985
1767214800,2025-12-31 21:00:00,2386.909,2392.552,2383.579,2392.165
1767218400,2025-12-31 22:00:00,2392.321,2392.655,2383.875,2388.894
1767222000,2025-12-31 23:00:00,2389.136,2392.31,2378.815,2382.632
1767225600,2026-01-01 00:00:00,2382.688,2385.552,2375.654,2376.445
1767229200,2026-01-01 01:00:00,2376.587,2378.583,2372.591,2376.605
1767232800,2026-01-01 02:00:00,2376.336,2385.564,2376.156,2383.22
1767236400,2026-01-01 03:00:00,2383.158,2393.148,2379.211,2392.976
1767240000,2026-01-01 04:00:00,2392.719,2399.587,2390.078,2394.996
1767243600,2026-01-01 05:00:00,2394.975,2401.225,2391.731,2392.674
1767247200,2026-01-01 06:00:00,2392.918,2394.671,2385.205,2389.473
1767250800,2026-01-01 07:00:00,2389.636,2402.867,2386.325,2402.46
1767254400,2026-01-01 08:00:00,2402.155,2402.953,2395.602,2400.753
1767258000,2026-01-01 09:00:00,2400.891,2403.88,2395.665,2398.482
1767261600,2026-01-01 10:00:00,2398.379,2406.808,2395.112,2396.71
1767265200,2026-01-01 11:00:00,2396.625,2400.083,2390.226,2391.613
1767268800,2026-01-01 12:00:00,2391.629,2393.464,2384.926,2389.738
1767272400,2026-01-01 13:00:00,2389.773,2395.175,2385.264,2386.784
1767276000,2026-01-01 14:00:00,2386.673,2388.069,2376.051,2379.069
1767279600,2026-01-01 15:00:00,2378.951,2387.162,2378.055,2378.828
1767283200,2026-01-01 16:00:00,2378.885,2383.531,2376.253,2381.111
1767286800,2026-01-01 17:00:00,2381.105,2384.171,2371.41,2371.792
1767290400,2026-01-01 18:00:00,2371.7,2373.462,2366.756,2371.446
1767294000,2026-01-01 19:00:00,2371.422,2378.872,2369.184,2370.879
1767297600,2026-01-01 20:00:00,2371.033,2371.484,2358.034,2359.277
1767301200,2026-01-01 21:00:00,2359.323,2369.923,2358.359,2366.582
1767304800,2026-01-01 22:00:00,2366.785,2379.491,2366.644,2379.253
1767308400,2026-01-01 23:00:00,2379.348,2387.632,2376.832,2386.972
1767312000,2026-01-02 00:00:00,2387.035,2392.93,2384.981,2392.01
1767315600,2026-01-02 01:00:00,2391.949,2400.729,2390.481,2395.458
1767319200,2026-01-02 02:00:00,2395.622,2399.946,2391.999,2396.534
1767322800,2026-01-02 03:00:00,2396.622,2403.881,2394.579,2397.563
1767326400,2026-01-02 04:00:00,2397.641,2408.367,2397.373,2405.882
1767330000,2026-01-02 05:00:00,2405.954,2408.526,2400.268,2402.24
1767333600,2026-01-02 06:00:00,2402.16,2415.687,2397.713,2414.588
1767337200,2026-01-02 07:00:00,2415.004,2418.061,2408.993,2417.407
1767340800,2026-01-02 08:00:00,2417.387,2427.705,2416.033,2426.691
1767344400,2026-01-02 09:00:00,2426.665,2429.577,2418.296,2422.309
1767348000,2026-01-02 10:00:00,2422.271,2429.406,2419.781,2427.395
1767351600,2026-01-02 11:00:00,2427.15,2435.341,2426.782,2429.192
1767355200,2026-01-02 12:00:00,2429.239,2430.654,2420.988,2423.288
1767358800,2026-01-02 13:00:00,2423.264,2423.264,2412.234,2413.444
1767362400,2026-01-02 14:00:00,2413.507,2416.118,2409.72,2415.793
1767366000,2026-01-02 15:00:00,2415.78,2416.53,2407.745,2408.494
1767369600,2026-01-02 16:00:00,2408.481,2412.847,2404.703,2412.759
1767373200,2026-01-02 17:00:00,2412.717,2424.135,2410.34,2420.898
1767376800,2026-01-02 18:00:00,2420.997,2429.102,2417.485,2427.859
1767380400,2026-01-02 19:00:00,2427.729,2430.746,2424.148,2426.051
1767384000,2026-01-02 20:00:00,2426.17,2430.852,2421.189,2421.417
1767387600,2026-01-02 21:00:00,2421.518,2430.126,2420.721,2422.976
1767391200,2026-01-02 22:00:00,2422.867,2423.876,2411.143,2411.973
1767394800,2026-01-02 23:00:00,2411.723,2416.903,2409.175,2412.442
1767398400,2026-01-03 00:00:00,2412.363,2415.296,2405.419,2406.45
1767402000,2026-01-03 01:00:00,2406.609,2408.106,2398.092,2398.554
1767405600,2026-01-03 02:00:00,2398.634,2399.607,2393.563,2394.658
1767409200,2026-01-03 03:00:00,2394.683,2402.292,2390.926,2401.652
1767412800,2026-01-03 04:00:00,2401.492,2403.47,2394.658,2398.509
1767416400,2026-01-03 05:00:00,2398.456,2403.9,2397.188,2398.315
1767420000,2026-01-03 06:00:00,2398.218,2399.333,2392.408,2399.3
1767423600,2026-01-03 07:00:00,2399.142,2403.983,2395.829,2397.775
1767427200,2026-01-03 08:00:00,2398.005,2410.287,2397.919,2408.046
1767430800,2026-01-03 09:00:00,2408.182,2409.014,2399.997,2400.458
1767434400,2026-01-03 10:00:00,2400.413,2414.055,2397.625,2412.955
1767438000,2026-01-03 11:00:00,2412.946,2417.448,2406.073,2415.368
1767441600,2026-01-03 12:00:00,2415.256,2418.684,2412.463,2415.294
1767445200,2026-01-03 13:00:00,2415.129,2426.73,2413.419,2414.622
1767448800,2026-01-03 14:00:00,2414.446,2416.233,2404.611,2404.958
1767452400,2026-01-03 15:00:00,2404.87,2410.406,2403.434,2408.838
1767456000,2026-01-03 16:00:00,2408.706,2411.258,2404.913,2407.876
1767459600,2026-01-03 17:00:00,2407.727,2412.486,2406.047,2410.143
1767463200,2026-01-03 18:00:00,2410.264,2414.049,2401.65,2404.229
1767466800,2026-01-03 19:00:00,2404.09,2409.445,2399.802,2408.841
1767470400,2026-01-03 20:00:00,2408.891,2410.798,2405.291,2408.85
1767474000,2026-01-03 21:00:00,2408.854,2421.537,2405.912,2418.652
1767477600,2026-01-03 22:00:00,2418.743,2421.234,2411.931,2413.923
1767481200,2026-01-03 23:00:00,2413.831,2415.083,2403.327,2406.88
1767484800,2026-01-04 00:00:00,2407.068,2414.53,2405.677,2410.664
1767488400,2026-01-04 01:00:00,2410.59,2421.835,2409.804,2420.495
1767492000,2026-01-04 02:00:00,2420.553,2435.279,2416.633,2429.986
1767495600,2026-01-04 03:00:00,2430.343,2434.54,2426.85,2434.54
1767499200,2026-01-04 04:00:00,2434.73,2451.067,2432.591,2450.561
1767502800,2026-01-04 05:00:00,2450.661,2457.317,2445.683,2448.252
1767506400,2026-01-04 06:00:00,2448.562,2457.285,2446.014,2450.181
1767510000,2026-01-04 07:00:00,2450.182,2453.309,2442.557,2442.557
1767513600,2026-01-04 08:00:00,2442.616,2445.864,2436.488,2437.713
1767517200,2026-01-04 09:00:00,2437.646,2441.121,2429.827,2431.011
1767520800,2026-01-04 10:00:00,2430.941,2434.108,2425.359,2429.636
1767524400,2026-01-04 11:00:00,2429.54,2434.607,2423.82,2431.176
1767528000,2026-01-04 12:00:00,2431.196,2434.29,2427.151,2427.287
1767531600,2026-01-04 13:00:00,2427.155,2432.449,2420.976,2421.4
1767535200,2026-01-04 14:00:00,2421.209,2426.963,2417.091,2423.948
1767538800,2026-01-04 15:00:00,2423.712,2440.173,2419.939,2438.627
1767542400,2026-01-04 16:00:00,2438.534,2443.896,2434.955,2436.933
1767546000,2026-01-04 17:00:00,2436.93,2437.416,2431.053,2434.136
1767549600,2026-01-04 18:00:00,2433.927,2439.234,2431.127,2432.803
1767553200,2026-01-04 19:00:00,2432.82,2444.295,2431.663,2442.448
1767556800,2026-01-04 20:00:00,2442.452,2445.225,2438.029,2440.86
1767560400,2026-01-04 21:00:00,2440.707,2445.415,2438.048,2440.995
1767564000,2026-01-04 22:00:00,2441.126,2442.845,2432.836,2438.147
1767567600,2026-01-04 23:00:00,2438.235,2442.2,2433.868,2441.263
1767571200,2026-01-05 00:00:00,2441.281,2450.016,2440.775,2445.925
1767574800,2026-01-05 01:00:00,2445.81,2447.42,2432.601,2433.745
1767578400,2026-01-05 02:00:00,2433.632,2434.758,2425.444,2426.91
1767582000,2026-01-05 03:00:00,2426.925,2431.635,2424.098,2424.296
1767585600,2026-01-05 04:00:00,2424.437,2429.779,2422.208,2425.205
1767589200,2026-01-05 05:00:00,2425.22,2432.345,2423.311,2430.916
1767592800,2026-01-05 06:00:00,2431.033,2433.943,2428.26,2430.943
1767596400,2026-01-05 07:00:00,2431.059,2434.847,2425.738,2432.969
1767600000,2026-01-05 08:00:00,2433.053,2433.832,2423.752,2433.267
1767603600,2026-01-05 09:00:00,2433.338,2434.546,2424.217,2426.653
1767607200,2026-01-05 10:00:00,2426.574,2435.414,2425.821,2435.037
1767610800,2026-01-05 11:00:00,2434.926,2436.289,2423.083,2423.303
1767614400,2026-01-05 12:00:00,2423.329,2438.281,2420.645,2437.839
1767618000,2026-01-05 13:00:00,2437.887,2444.447,2434.735,2434.899
1767621600,2026-01-05 14:00:00,2434.654,2437.591,2430.646,2433.661
1767625200,2026-01-05 15:00:00,2433.62,2438.635,2432.703,2435.062
1767628800,2026-01-05 16:00:00,2434.817,2444.944,2431.409,2443.117
1767632400,2026-01-05 17:00:00,2443.029,2452.277,2441.142,2448.553
1767636000,2026-01-05 18:00:00,2448.53,2455.084,2447.275,2451.317
1767639600,2026-01-05 19:00:00,2451.306,2451.611,2444.829,2446.093
1767643200,2026-01-05 20:00:00,2446.195,2450.346,2442.764,2447.818
1767646800,2026-01-05 21:00:00,2448.004,2458.678,2444.786,2456.948
1767650400,2026-01-05 22:00:00,2456.868,2460.135,2450.646,2453.751
1767654000,2026-01-05 23:00:00,2453.955,2459.291,2449.639,2451.166
1767657600,2026-01-06 00:00:00,2451.17,2456.299,2447.411,2455.958
1767661200,2026-01-06 01:00:00,2455.932,2456.676,2445.575,2447.034
1767664800,2026-01-06 02:00:00,2447.143,2452.084,2441.691,2445.549
1767668400,2026-01-06 03:00:00,2445.428,2459.995,2444.461,2457.746
1767672000,2026-01-06 04:00:00,2457.847,2464.371,2451.196,2463.329
1767675600,2026-01-06 05:00:00,2463.227,2465.536,2455.119,2457.595
1767679200,2026-01-06 06:00:00,2457.617,2464.225,2457.431,2462.501
1767682800,2026-01-06 07:00:00,2462.521,2465.93,2454.345,2454.844
1767686400,2026-01-06 08:00:00,2454.792,2458.268,2449.714,2449.993
1767690000,2026-01-06 09:00:00,2449.936,2460.175,2447.996,2456.991
1767693600,2026-01-06 10:00:00,2457.015,2464.234,2453.663,2461.704
1767697200,2026-01-06 11:00:00,2461.677,2465.142,2456.362,2458.554
1767700800,2026-01-06 12:00:00,2458.355,2461.977,2452.253,2453.087
1767704400,2026-01-06 13:00:00,2453.225,2453.367,2440.583,2442.72
1767708000,2026-01-06 14:00:00,2442.89,2446.047,2436.58,2436.77
1767711600,2026-01-06 15:00:00,2436.958,2440.049,2429.606,2432.617
1767715200,2026-01-06 16:00:00,2432.47,2433.345,2420.284,2422.002
1767718800,2026-01-06 17:00:00,2421.878,2431.257,2419.897,2422.953
1767722400,2026-01-06 18:00:00,2423.113,2427.809,2419.813,2423.572
1767726000,2026-01-06 19:00:00,2423.357,2424.865,2414.341,2415.065
1767729600,2026-01-06 20:00:00,2415.38,2421.903,2414.735,2420.464
1767733200,2026-01-06 21:00:00,2420.531,2424.953,2415.462,2416.041
1767736800,2026-01-06 22:00:00,2416.007,2416.338,2406.396,2407.08
1767740400,2026-01-06 23:00:00,2407.008,2407.548,2397.163,2404.427
1767744000,2026-01-07 00:00:00,2404.208,2408.239,2399.075,2401.826
1767747600,2026-01-07 01:00:00,2401.916,2407.359,2398.599,2402.227
1767751200,2026-01-07 02:00:00,2402.295,2403.231,2393.108,2393.108
1767754800,2026-01-07 03:00:00,2393.14,2397.073,2389.58,2392.188
1767758400,2026-01-07 04:00:00,2392.255,2393.039,2384.615,2391.291
1767762000,2026-01-07 05:00:00,2391.452,2397.444,2387.379,2390.971
1767765600,2026-01-07 06:00:00,2390.848,2392.686,2385.374,2390.652
1767769200,2026-01-07 07:00:00,2390.577,2391.342,2376.765,2379.385
1767772800,2026-01-07 08:00:00,2379.64,2383.409,2377.643,2379.442
1767776400,2026-01-07 09:00:00,2379.306,2384.651,2378.234,2381.818
1767780000,2026-01-07 10:00:00,2382.16,2383.02,2375.85,2378.347
1767783600,2026-01-07 11:00:00,2378.175,2379.41,2366.012,2366.624
1767787200,2026-01-07 12:00:00,2366.596,2374.411,2363.65,2370.639
1767790800,2026-01-07 13:00:00,2370.859,2373.051,2365.247,2367.847
1767794400,2026-01-07 14:00:00,2367.848,2377.469,2367.683,2372.989
1767798000,2026-01-07 15:00:00,2372.978,2374.497,2360.588,2361.597
1767801600,2026-01-07 16:00:00,2361.397,2370.013,2356.423,2363.599
1767805200,2026-01-07 17:00:00,2363.235,2372.265,2362.891,2366.68
1767808800,2026-01-07 18:00:00,2366.616,2371.508,2363.922,2370.173
1767812400,2026-01-07 19:00:00,2370.067,2371.275,2365.487,2367.677
1767816000,2026-01-07 20:00:00,2367.825,2373.292,2358.805,2361.246
1767819600,2026-01-07 21:00:00,2361.431,2362.995,2355.597,2357.334
1767823200,2026-01-07 22:00:00,2357.413,2361.069,2352.393,2360.09
1767826800,2026-01-07 23:00:00,2360.144,2365.05,2359.645,2362.913
1767830400,2026-01-08 00:00:00,2362.895,2367.826,2357.139,2364.658
1767834000,2026-01-08 01:00:00,2364.723,2365.722,2354.508,2355.384
1767837600,2026-01-08 02:00:00,2355.359,2361.456,2352.467,2357.65
1767841200,2026-01-08 03:00:00,2357.804,2364.887,2355.908,2362.913
1767844800,2026-01-08 04:00:00,2362.838,2369.636,2360.628,2368.478
1767848400,2026-01-08 05:00:00,2368.444,2375.375,2365.45,2374.654
1767852000,2026-01-08 06:00:00,2374.616,2386.125,2371.912,2384.062
1767855600,2026-01-08 07:00:00,2384.233,2391.762,2382.883,2385.263
1767859200,2026-01-08 08:00:00,2385.328,2385.328,2379.181,2381.343
1767862800,2026-01-08 09:00:00,2381.103,2385.219,2379.13,2382.232
1767866400,2026-01-08 10:00:00,2382.386,2384.22,2375.699,2382.2
1767870000,2026-01-08 11:00:00,2382.311,2387.546,2380.542,2384.896
1767873600,2026-01-08 12:00:00,2384.602,2393.32,2384.602,2391.512
1767877200,2026-01-08 13:00:00,2391.752,2400.72,2390.691,2400.165
1767880800,2026-01-08 14:00:00,2400.401,2405.496,2396.815,2404.482
1767884400,2026-01-08 15:00:00,2404.577,2404.577,2390.294,2394.038
1767888000,2026-01-08 16:00:00,2394.14,2394.695,2380.959,2385.173
1767891600,2026-01-08 17:00:00,2385.249,2394.05,2384.704,2393.067
1767895200,2026-01-08 18:00:00,2392.986,2401.118,2390.96,2397.676
1767898800,2026-01-08 19:00:00,2397.688,2404.616,2396.149,2397.468
1767902400,2026-01-08 20:00:00,2397.47,2398.753,2390.318,2393.381
1767906000,2026-01-08 21:00:00,2393.539,2404.49,2392.44,2398.726
1767909600,2026-01-08 22:00:00,2398.765,2414.587,2398.548,2411.532
1767913200,2026-01-08 23:00:00,2411.47,2411.599,2403.448,2405.518
1767916800,2026-01-09 00:00:00,2405.508,2414.573,2402.678,2411.325
1767920400,2026-01-09 01:00:00,2411.122,2411.34,2402.029,2406.056
1767924000,2026-01-09 02:00:00,2405.936,2411.43,2403.713,2410.449
1767927600,2026-01-09 03:00:00,2410.609,2410.609,2404.028,2407.044
1767931200,2026-01-09 04:00:00,2407.001,2407.141,2397.478,2403.004
1767934800,2026-01-09 05:00:00,2402.977,2404.385,2398.885,2398.905
1767938400,2026-01-09 06:00:00,2398.902,2401.296,2393.497,2395.368
1767942000,2026-01-09 07:00:00,2395.573,2396.482,2385.893,2385.905
1767945600,2026-01-09 08:00:00,2385.757,2388.392,2380.091,2381.562
1767949200,2026-01-09 09:00:00,2381.303,2384.106,2373.566,2379.3
1767952800,2026-01-09 10:00:00,2379.124,2384.659,2370.856,2371.43
1767956400,2026-01-09 11:00:00,2371.52,2374.481,2365.248,2367.818
1767960000,2026-01-09 12:00:00,2367.697,2374.61,2367.135,2373.741
1767963600,2026-01-09 13:00:00,2373.699,2377.216,2370.778,2372.643
1767967200,2026-01-09 14:00:00,2372.515,2379.078,2372.081,2374.925
1767970800,2026-01-09 15:00:00,2375.169,2378.702,2371.672,2375.094
1767974400,2026-01-09 16:00:00,2375.166,2381.701,2373.695,2379.65
1767978000,2026-01-09 17:00:00,2379.706,2379.879,2369.343,2374.225
1767981600,2026-01-09 18:00:00,2374.198,2374.499,2365.738,2371.731
1767985200,2026-01-09 19:00:00,2371.776,2375.296,2367.315,2369.36
1767988800,2026-01-09 20:00:00,2369.11,2377.903,2368.873,2377.425
1767992400,2026-01-09 21:00:00,2377.484,2381.188,2368.281,2370.257
1767996000,2026-01-09 22:00:00,2370.399,2375.324,2366.872,2374.729
1767999600,2026-01-09 23:00:00,2374.715,2383.21,2372.558,2374.219
1768003200,2026-01-10 00:00:00,2374.383,2379.975,2372.16,2378.123
1768006800,2026-01-10 01:00:00,2378.161,2382.732,2374.029,2376.544
1768010400,2026-01-10 02:00:00,2376.775,2378.519,2368.661,2369.687
1768014000,2026-01-10 03:00:00,2369.751,2388.554,2369.112,2386.158
1768017600,2026-01-10 04:00:00,2386.196,2395.4,2384.585,2386.93
1768021200,2026-01-10 05:00:00,2386.748,2393.043,2385.586,2386.264
1768024800,2026-01-10 06:00:00,2386.312,2391.781,2382.097,2389.459
1768028400,2026-01-10 07:00:00,2389.334,2403.458,2386.888,2401.309
1768032000,2026-01-10 08:00:00,2400.961,2403.786,2391.033,2391.131
1768035600,2026-01-10 09:00:00,2391.29,2393.562,2385.452,2388.801
1768039200,2026-01-10 10:00:00,2388.755,2395.705,2385.553,2391.475
1768042800,2026-01-10 11:00:00,2391.478,2391.823,2375.499,2376.01
1768046400,2026-01-10 12:00:00,2376.141,2377.436,2371.406,2375.517
1768050000,2026-01-10 13:00:00,2375.42,2380.968,2368.276,2372.119
1768053600,2026-01-10 14:00:00,2371.906,2378.196,2360.477,2361.291
1768057200,2026-01-10 15:00:00,2361.158,2361.505,2354.122,2355.552
1768060800,2026-01-10 16:00:00,2355.439,2360.223,2352.332,2358.706
1768064400,2026-01-10 17:00:00,2358.581,2361.791,2352.19,2359.37
1768068000,2026-01-10 18:00:00,2359.593,2368.194,2356.939,2366.483
1768071600,2026-01-10 19:00:00,2366.427,2366.904,2356.383,2356.396
1768075200,2026-01-10 20:00:00,2356.803,2362.785,2353.003,2360.998
1768078800,2026-01-10 21:00:00,2361.095,2362.354,2353.955,2360.123
1768082400,2026-01-10 22:00:00,2360.359,2365.095,2347.561,2347.579
1768086000,2026-01-10 23:00:00,2347.421,2347.651,2340.789,2342.797
1768089600,2026-01-11 00:00:00,2342.762,2349.423,2342.28,2346.97
1768093200,2026-01-11 01:00:00,2346.93,2349.874,2344.77,2349.025
1768096800,2026-01-11 02:00:00,2349.112,2354.606,2348.16,2352.081
1768100400,2026-01-11 03:00:00,2352.098,2361.669,2348.954,2359.571
1768104000,2026-01-11 04:00:00,2359.539,2361.526,2350.311,2353.515
1768107600,2026-01-11 05:00:00,2353.426,2353.619,2345.495,2345.65
1768111200,2026-01-11 06:00:00,2345.61,2346.236,2333.536,2336.076
1768114800,2026-01-11 07:00:00,2335.905,2351.161,2335.305,2344.828
1768118400,2026-01-11 08:00:00,2344.768,2349.209,2340.249,2347.647
1768122000,2026-01-11 09:00:00,2347.482,2352.923,2345.491,2352.696
1768125600,2026-01-11 10:00:00,2352.818,2357.822,2351.52,2355.539
1768129200,2026-01-11 11:00:00,2355.559,2362.588,2354.733,2360.01
1768132800,2026-01-11 12:00:00,2359.916,2365.034,2356.988,2360.479
1768136400,2026-01-11 13:00:00,2360.537,2365.515,2358.326,2359.206
1768140000,2026-01-11 14:00:00,2359.112,2361.378,2354.761,2360.011
1768143600,2026-01-11 15:00:00,2360.314,2363.81,2356.003,2360.317
1768147200,2026-01-11 16:00:00,2360.169,2367.784,2358.447,2363.175
1768150800,2026-01-11 17:00:00,2363.146,2368.208,2359.803,2361.03
1768154400,2026-01-11 18:00:00,2361.204,2371.064,2361.097,2367.03
1768158000,2026-01-11 19:00:00,2366.992,2367.96,2356.538,2361.262
1768161600,2026-01-11 20:00:00,2361.359,2361.907,2351.088,2351.754
1768165200,2026-01-11 21:00:00,2351.809,2356.14,2348.637,2349.69
1768168800,2026-01-11 22:00:00,2349.47,2351.366,2343.97,2346.156
1768172400,2026-01-11 23:00:00,2345.988,2351.486,2344.87,2350.453
1768176000,2026-01-12 00:00:00,2350.487,2357.578,2348.06,2352.452
1768179600,2026-01-12 01:00:00,2352.402,2353.958,2345.273,2352.932
1768183200,2026-01-12 02:00:00,2352.902,2357.678,2349.101,2357.634
1768186800,2026-01-12 03:00:00,2357.732,2369.891,2351.756,2369.885
1768190400,2026-01-12 04:00:00,2369.679,2372.942,2365.847,2371.429
1768194000,2026-01-12 05:00:00,2371.053,2380.779,2369.957,2380.779
1768197600,2026-01-12 06:00:00,2380.72,2380.895,2373.063,2377.969
1768201200,2026-01-12 07:00:00,2377.998,2384.615,2377.233,2377.545
1768204800,2026-01-12 08:00:00,2377.711,2381.89,2375.117,2377.345
1768208400,2026-01-12 09:00:00,2377.427,2383.902,2375.364,2380.838
1768212000,2026-01-12 10:00:00,2380.94,2384.601,2378.401,2384.238
1768215600,2026-01-12 11:00:00,2384.193,2387.817,2374.906,2377.004
1768219200,2026-01-12 12:00:00,2376.735,2387,2373.828,2386.636
1768222800,2026-01-12 13:00:00,2386.744,2390.896,2381.622,2388.794
1768226400,2026-01-12 14:00:00,2388.834,2395.292,2386.438,2394.221
1768230000,2026-01-12 15:00:00,2394.155,2397.509,2387.454,2389.793
1768233600,2026-01-12 16:00:00,2389.621,2397.158,2386.449,2396.134
1768237200,2026-01-12 17:00:00,2396.181,2396.181,2382.685,2388.5
1768240800,2026-01-12 18:00:00,2388.71,2393.13,2385.393,2390.63
1768244400,2026-01-12 19:00:00,2390.815,2397.647,2388.629,2389.346
1768248000,2026-01-12 20:00:00,2389.193,2399.254,2387.366,2396.779
1768251600,2026-01-12 21:00:00,2396.582,2401.987,2387.87,2390.925
1768255200,2026-01-12 22:00:00,2390.706,2392.73,2384.071,2387.729
1768258800,2026-01-12 23:00:00,2387.682,2393.28,2380.474,2382.099
1768262400,2026-01-13 00:00:00,2382.247,2388.034,2379.357,2386.378
1768266000,2026-01-13 01:00:00,2386.398,2390.043,2382.82,2388.814
1768269600,2026-01-13 02:00:00,2388.82,2393.669,2386.194,2390.781
1768273200,2026-01-13 03:00:00,2390.915,2391.514,2383.413,2385.283
1768276800,2026-01-13 04:00:00,2385.308,2388.883,2380.974,2382.254
1768280400,2026-01-13 05:00:00,2382.32,2392.908,2378.992,2392.765
1768284000,2026-01-13 06:00:00,2392.855,2394.304,2386.592,2387.895
1768287600,2026-01-13 07:00:00,2387.889,2388.347,2378.165,2381.829
1768291200,2026-01-13 08:00:00,2381.691,2384.996,2377.317,2381.496
1768294800,2026-01-13 09:00:00,2381.625,2382.262,2373.553,2380.119
1768298400,2026-01-13 10:00:00,2380.205,2384.702,2376.925,2383.846
1768302000,2026-01-13 11:00:00,2383.792,2384.876,2375.891,2377.094
1768305600,2026-01-13 12:00:00,2376.964,2379.404,2371.955,2378.501
1768309200,2026-01-13 13:00:00,2378.403,2385.536,2376.798,2382.111
1768312800,2026-01-13 14:00:00,2382.254,2390.67,2378.635,2389.603
1768316400,2026-01-13 15:00:00,2389.686,2392.434,2384.57,2392.394
1768320000,2026-01-13 16:00:00,2392.193,2397.357,2386.304,2391.362
1768323600,2026-01-13 17:00:00,2391.157,2393.995,2381.555,2384.748
1768327200,2026-01-13 18:00:00,2384.8,2397.312,2384.563,2395.542
1768330800,2026-01-13 19:00:00,2395.394,2397.644,2384.475,2388.472
1768334400,2026-01-13 20:00:00,2388.445,2390.557,2378.197,2387.883
1768338000,2026-01-13 21:00:00,2388.191,2388.517,2375.421,2376.024
1768341600,2026-01-13 22:00:00,2376.131,2378.012,2369.845,2373.052
1768345200,2026-01-13 23:00:00,2373.105,2383.223,2370.428,2370.498
1768348800,2026-01-14 00:00:00,2370.462,2372.057,2361.924,2365.198
1768352400,2026-01-14 01:00:00,2365.09,2367.787,2359.081,2359.081
1768356000,2026-01-14 02:00:00,2359.074,2362.313,2352.166,2356.244
1768359600,2026-01-14 03:00:00,2356.368,2357.888,2348.211,2357.657
1768363200,2026-01-14 04:00:00,2357.49,2368.329,2357.265,2367.722
1768366800,2026-01-14 05:00:00,2367.652,2372.054,2356.402,2363.041
1768370400,2026-01-14 06:00:00,2363.098,2372.389,2357.757,2358.825
1768374000,2026-01-14 07:00:00,2358.633,2360.796,2350.844,2352.559
1768377600,2026-01-14 08:00:00,2352.762,2355.976,2348.223,2349.343
1768381200,2026-01-14 09:00:00,2349.397,2349.554,2336.869,2339.207
1768384800,2026-01-14 10:00:00,2339.177,2339.277,2332.805,2337.458
1768388400,2026-01-14 11:00:00,2337.546,2339.298,2332.369,2333.738
1768392000,2026-01-14 12:00:00,2333.841,2339.076,2332.499,2334.073
1768395600,2026-01-14 13:00:00,2334.178,2344.456,2332.495,2340.114
1768399200,2026-01-14 14:00:00,2340.353,2341.77,2326.542,2327.595
1768402800,2026-01-14 15:00:00,2327.4,2327.806,2318.621,2321.796
1768406400,2026-01-14 16:00:00,2321.757,2333.691,2318.176,2333.306
1768410000,2026-01-14 17:00:00,2333.126,2352.41,2333.112,2352.079
1768413600,2026-01-14 18:00:00,2352.009,2357.781,2347.47,2354.466
1768417200,2026-01-14 19:00:00,2354.422,2361.936,2351.578,2354.535
1768420800,2026-01-14 20:00:00,2354.489,2354.951,2347.21,2352.627
1768424400,2026-01-14 21:00:00,2352.641,2354.174,2344.16,2344.761
1768428000,2026-01-14 22:00:00,2344.71,2355.483,2343.815,2354.5
1768431600,2026-01-14 23:00:00,2354.631,2360.24,2353.328,2354.25
1768435200,2026-01-15 00:00:00,2354.263,2356.64,2349.296,2350.835
1768438800,2026-01-15 01:00:00,2350.778,2360.436,2349.299,2356.39
1768442400,2026-01-15 02:00:00,2356.173,2356.576,2347.632,2347.816
1768446000,2026-01-15 03:00:00,2347.833,2355.835,2344.388,2355.805
1768449600,2026-01-15 04:00:00,2356.077,2360.872,2351.747,2359.882
1768453200,2026-01-15 05:00:00,2359.825,2365.018,2355.43,2359.296
1768456800,2026-01-15 06:00:00,2359.337,2365.408,2357.721,2360.813
1768460400,2026-01-15 07:00:00,2360.713,2368.108,2355.67,2367.719
1768464000,2026-01-15 08:00:00,2367.714,2371.061,2360.763,2361.832
1768467600,2026-01-15 09:00:00,2361.861,2367.547,2355.98,2358.535
1768471200,2026-01-15 10:00:00,2358.62,2360.244,2353.823,2354.478
1768474800,2026-01-15 11:00:00,2354.24,2360.043,2348.232,2348.518
1768478400,2026-01-15 12:00:00,2348.497,2351.662,2342.184,2350.19
1768482000,2026-01-15 13:00:00,2350.156,2356.514,2345.459,2355.904
1768485600,2026-01-15 14:00:00,2355.794,2361.516,2355.218,2356.81
1768489200,2026-01-15 15:00:00,2356.713,2359.399,2352.863,2353.561
1768492800,2026-01-15 16:00:00,2353.347,2353.347,2343.379,2348.321
1768496400,2026-01-15 17:00:00,2348.345,2352.122,2345.194,2346.96
1768500000,2026-01-15 18:00:00,2347.145,2354.013,2346.35,2349.566
1768503600,2026-01-15 19:00:00,2349.605,2358.366,2348.257,2356.762
1768507200,2026-01-15 20:00:00,2356.859,2358.522,2352.07,2357.037
1768510800,2026-01-15 21:00:00,2356.985,2361.128,2352.546,2358.151
1768514400,2026-01-15 22:00:00,2358.351,2367.071,2357.784,2359.33
1768518000,2026-01-15 23:00:00,2359.347,2363.436,2353.493,2353.662
1768521600,2026-01-16 00:00:00,2353.639,2354.449,2341.039,2343.34
1768525200,2026-01-16 01:00:00,2343.486,2347.168,2338.749,2340.016
1768528800,2026-01-16 02:00:00,2340.121,2342.257,2329.895,2335.448
1768532400,2026-01-16 03:00:00,2335.349,2338.861,2332.423,2337.269
1768536000,2026-01-16 04:00:00,2337.357,2339.705,2329.489,2338.301
1768539600,2026-01-16 05:00:00,2338.287,2341.102,2334.909,2340.288
1768543200,2026-01-16 06:00:00,2340.187,2347.343,2337.907,2343.63
1768546800,2026-01-16 07:00:00,2343.702,2347.195,2341.621,2342.767
1768550400,2026-01-16 08:00:00,2342.744,2354.65,2341.345,2349.421
1768554000,2026-01-16 09:00:00,2349.544,2352.392,2347.165,2351.94
1768557600,2026-01-16 10:00:00,2352.206,2359.205,2350.069,2357.519
1768561200,2026-01-16 11:00:00,2357.559,2360.18,2347.917,2357.455
1768564800,2026-01-16 12:00:00,2357.392,2365.793,2354.585,2361.133
1768568400,2026-01-16 13:00:00,2361.059,2371.631,2360.876,2367.609
1768572000,2026-01-16 14:00:00,2367.727,2370.005,2363.297,2365.818
1768575600,2026-01-16 15:00:00,2365.49,2370.645,2361.641,2364.567
1768579200,2026-01-16 16:00:00,2364.374,2378.066,2363.673,2375.145
1768582800,2026-01-16 17:00:00,2375.199,2382.263,2374.4,2377.952
1768586400,2026-01-16 18:00:00,2377.866,2385.823,2376.751,2381.246
1768590000,2026-01-16 19:00:00,2381.288,2391.134,2380.504,2391.087
1768593600,2026-01-16 20:00:00,2391.196,2394.531,2388.519,2391.808
1768597200,2026-01-16 21:00:00,2392.074,2400.48,2386.695,2399.51
1768600800,2026-01-16 22:00:00,2399.461,2402.448,2390.33,2394.613
1768604400,2026-01-16 23:00:00,2394.583,2397.613,2388.712,2396.178
1768608000,2026-01-17 00:00:00,2396.13,2403.756,2395.021,2403.361
1768611600,2026-01-17 01:00:00,2403.519,2403.519,2396.68,2397.252
1768615200,2026-01-17 02:00:00,2397.082,2398.401,2380.507,2380.995
1768618800,2026-01-17 03:00:00,2380.839,2386.118,2378.726,2385.717
1768622400,2026-01-17 04:00:00,2385.599,2390.181,2382.85,2390.018
1768626000,2026-01-17 05:00:00,2390.142,2390.142,2382.304,2384.775
1768629600,2026-01-17 06:00:00,2384.829,2391.382,2380.894,2388.971
1768633200,2026-01-17 07:00:00,2388.963,2397.135,2386.204,2390.617
1768636800,2026-01-17 08:00:00,2390.742,2396.334,2385.364,2394.057
1768640400,2026-01-17 09:00:00,2394.322,2400.527,2389.465,2397.561
1768644000,2026-01-17 10:00:00,2397.337,2407.723,2396.978,2399.519
1768647600,2026-01-17 11:00:00,2399.563,2400.014,2385.81,2388.713
1768651200,2026-01-17 12:00:00,2388.874,2396.028,2386.369,2392.452
1768654800,2026-01-17 13:00:00,2392.424,2404.803,2391.541,2403.737
1768658400,2026-01-17 14:00:00,2403.937,2410.027,2403.825,2405.035
1768662000,2026-01-17 15:00:00,2404.918,2411.664,2399.207,2401.488
1768665600,2026-01-17 16:00:00,2401.396,2402.003,2394.554,2400.837
1768669200,2026-01-17 17:00:00,2400.863,2400.863,2389.604,2389.722
1768672800,2026-01-17 18:00:00,2389.568,2403.57,2389.568,2401.855
1768676400,2026-01-17 19:00:00,2401.798,2405.693,2396.52,2405.271
1768680000,2026-01-17 20:00:00,2405.568,2406.204,2399.599,2402.25
1768683600,2026-01-17 21:00:00,2402.149,2409.047,2396.348,2405.455
1768687200,2026-01-17 22:00:00,2405.334,2410.306,2403.68,2405.461
1768690800,2026-01-17 23:00:00,2405.446,2408.027,2397.159,2407.96
1768694400,2026-01-18 00:00:00,2408.279,2420.155,2406.235,2417.133
1768698000,2026-01-18 01:00:00,2416.993,2420.85,2406.351,2408.076
1768701600,2026-01-18 02:00:00,2407.947,2413.925,2404.74,2405.219
1768705200,2026-01-18 03:00:00,2405.259,2410.613,2400.63,2410.542
1768708800,2026-01-18 04:00:00,2410.679,2417.031,2409.123,2415.666
1768712400,2026-01-18 05:00:00,2415.663,2430.269,2415.313,2429.375
1768716000,2026-01-18 06:00:00,2429.185,2431.93,2423.888,2430.737
1768719600,2026-01-18 07:00:00,2430.683,2438.332,2430.154,2436.636
1768723200,2026-01-18 08:00:00,2436.519,2437.42,2431.435,2435.576
1768726800,2026-01-18 09:00:00,2435.666,2443.211,2432.683,2442.541
1768730400,2026-01-18 10:00:00,2442.483,2445.412,2438.905,2441.867
1768734000,2026-01-18 11:00:00,2442.066,2447.389,2436.514,2443.893
1768737600,2026-01-18 12:00:00,2443.774,2445.79,2436.797,2438.984
1768741200,2026-01-18 13:00:00,2439.163,2442.31,2434.343,2435.164
1768744800,2026-01-18 14:00:00,2435.293,2438.496,2423.164,2426.658
1768748400,2026-01-18 15:00:00,2426.709,2427.928,2414.087,2415.687
1768752000,2026-01-18 16:00:00,2415.636,2425.322,2409.075,2422.675
1768755600,2026-01-18 17:00:00,2422.723,2429.279,2420.488,2428.281
1768759200,2026-01-18 18:00:00,2428.307,2429.943,2420.014,2425.397
1768762800,2026-01-18 19:00:00,2425.456,2425.456,2412.329,2415.349
1768766400,2026-01-18 20:00:00,2415.198,2420.751,2412.842,2417.818
1768770000,2026-01-18 21:00:00,2417.855,2418.308,2410.174,2413.294
1768773600,2026-01-18 22:00:00,2412.837,2423.479,2412.43,2421.111
1768777200,2026-01-18 23:00:00,2421.173,2435.468,2421.173,2435.444
1768780800,2026-01-19 00:00:00,2435.294,2441.144,2430.873,2439.812
1768784400,2026-01-19 01:00:00,2439.574,2440.607,2426.515,2427.575
1768788000,2026-01-19 02:00:00,2427.465,2429.088,2417.276,2417.601
1768791600,2026-01-19 03:00:00,2417.674,2420.587,2413.394,2419.154
1768795200,2026-01-19 04:00:00,2419.07,2423.207,2414.746,2416.791
1768798800,2026-01-19 05:00:00,2416.737,2419.47,2406.917,2407.856
1768802400,2026-01-19 06:00:00,2407.816,2413.824,2403.37,2413.17
1768806000,2026-01-19 07:00:00,2413.504,2417.611,2406.436,2408.639
1768809600,2026-01-19 08:00:00,2408.596,2417.518,2407.974,2416.696
1768813200,2026-01-19 09:00:00,2416.655,2419.369,2412.642,2415.353
1768816800,2026-01-19 10:00:00,2415.438,2416.369,2404.832,2412.308
1768820400,2026-01-19 11:00:00,2412.28,2421.779,2412.003,2417.73
1768824000,2026-01-19 12:00:00,2417.764,2423.222,2413.657,2423.222
1768827600,2026-01-19 13:00:00,2423.391,2427.139,2411.263,2411.737
1768831200,2026-01-19 14:00:00,2411.996,2415.439,2404.813,2412.926
1768834800,2026-01-19 15:00:00,2412.884,2427.102,2411.811,2426.241
1768838400,2026-01-19 16:00:00,2426.331,2436.592,2425.129,2435.811
1768842000,2026-01-19 17:00:00,2435.969,2436.388,2431.308,2431.848
1768845600,2026-01-19 18:00:00,2431.966,2433.607,2425.212,2426.683
1768849200,2026-01-19 19:00:00,2426.686,2440.35,2425.183,2437.096
1768852800,2026-01-19 20:00:00,2437.039,2442.508,2431.474,2441.522
1768856400,2026-01-19 21:00:00,2441.339,2446.123,2438.682,2442.836
1768860000,2026-01-19 22:00:00,2442.642,2448.142,2438.002,2439.05
1768863600,2026-01-19 23:00:00,2439.129,2442.86,2436.046,2440.878
1768867200,2026-01-20 00:00:00,2440.902,2446.944,2437.503,2438.761
1768870800,2026-01-20 01:00:00,2438.869,2440.98,2433.853,2440.775
1768874400,2026-01-20 02:00:00,2440.579,2444.552,2434.515,2436.042
1768878000,2026-01-20 03:00:00,2435.982,2437.309,2430.435,2431.461
1768881600,2026-01-20 04:00:00,2431.565,2444.812,2430.688,2444.317
1768885200,2026-01-20 05:00:00,2444.052,2448.907,2443.161,2444.999
1768888800,2026-01-20 06:00:00,2445.063,2445.665,2439.193,2443.557
1768892400,2026-01-20 07:00:00,2443.516,2451.791,2439.081,2450.83
1768896000,2026-01-20 08:00:00,2450.837,2455.148,2445.741,2446.718
1768899600,2026-01-20 09:00:00,2446.794,2459.065,2446.008,2453.954
1768903200,2026-01-20 10:00:00,2453.775,2465.463,2453.746,2456.564
1768906800,2026-01-20 11:00:00,2456.75,2471.116,2456.498,2470.037
1768910400,2026-01-20 12:00:00,2470.108,2472.271,2466.295,2471.573
1768914000,2026-01-20 13:00:00,2471.366,2472.448,2465.887,2472.089
1768917600,2026-01-20 14:00:00,2472.276,2476.309,2468.948,2474.302
1768921200,2026-01-20 15:00:00,2474.343,2481.258,2471.884,2480.77
1768924800,2026-01-20 16:00:00,2480.86,2491.036,2477.066,2488.502
1768928400,2026-01-20 17:00:00,2488.636,2493.627,2483.737,2484.383
1768932000,2026-01-20 18:00:00,2484.359,2489.179,2481.934,2488.862
1768935600,2026-01-20 19:00:00,2488.86,2494.384,2487.012,2490.961
1768939200,2026-01-20 20:00:00,2491.286,2498.624,2490.934,2496.094
1768942800,2026-01-20 21:00:00,2496.047,2503.918,2490.901,2498.381
1768946400,2026-01-20 22:00:00,2498.419,2504.009,2496.381,2499.6
1768950000,2026-01-20 23:00:00,2499.685,2509.671,2498.883,2509.559
1768953600,2026-01-21 00:00:00,2509.401,2515.296,2504.721,2510.24
1768957200,2026-01-21 01:00:00,2509.905,2516.696,2505.251,2505.639
1768960800,2026-01-21 02:00:00,2505.66,2524.445,2504.226,2521.455
1768964400,2026-01-21 03:00:00,2521.147,2526.752,2516.417,2522.395
1768968000,2026-01-21 04:00:00,2522.425,2527.89,2521.005,2526.684
1768971600,2026-01-21 05:00:00,2526.85,2529.333,2520.693,2523.246
1768975200,2026-01-21 06:00:00,2522.938,2523.714,2516.726,2517.473
1768978800,2026-01-21 07:00:00,2517.529,2519.108,2506.238,2509.677
1768982400,2026-01-21 08:00:00,2509.924,2515.003,2507.976,2509.079
1768986000,2026-01-21 09:00:00,2509.053,2510.236,2499.587,2501.58
1768989600,2026-01-21 10:00:00,2501.457,2515.631,2500.819,2506.252
1768993200,2026-01-21 11:00:00,2506.202,2508.868,2496.931,2499.283
1768996800,2026-01-21 12:00:00,2499.342,2507.798,2498.699,2503.464
1769000400,2026-01-21 13:00:00,2503.625,2512.199,2502.583,2511.39
1769004000,2026-01-21 14:00:00,2511.497,2513.507,2505.403,2506.025
1769007600,2026-01-21 15:00:00,2506.117,2511.26,2502.411,2511.26
1769011200,2026-01-21 16:00:00,2511.391,2526.504,2510.294,2524.727
1769014800,2026-01-21 17:00:00,2524.749,2533.895,2523.188,2531.04
1769018400,2026-01-21 18:00:00,2531.085,2546.525,2529.476,2545.309
1769022000,2026-01-21 19:00:00,2545.487,2548.572,2539.963,2545.192
1769025600,2026-01-21 20:00:00,2545.121,2545.518,2536.615,2542.92
1769029200,2026-01-21 21:00:00,2543.087,2555.216,2542.568,2548.666
1769032800,2026-01-21 22:00:00,2548.633,2559.634,2546.175,2551.245
1769036400,2026-01-21 23:00:00,2551.375,2559.574,2551.048,2552.961
1769040000,2026-01-22 00:00:00,2553.075,2553.764,2536.128,2536.377
1769043600,2026-01-22 01:00:00,2536.365,2538.956,2524.094,2527.176
1769047200,2026-01-22 02:00:00,2527.272,2527.951,2515.467,2516.701
1769050800,2026-01-22 03:00:00,2516.903,2518.934,2506.018,2515.125
1769054400,2026-01-22 04:00:00,2515.231,2517.486,2499.04,2499.925
1769058000,2026-01-22 05:00:00,2500.452,2513.192,2500.048,2505.691
1769061600,2026-01-22 06:00:00,2505.73,2505.785,2496.483,2500.648
1769065200,2026-01-22 07:00:00,2500.595,2501.251,2493.366,2494.32
1769068800,2026-01-22 08:00:00,2494.046,2503.109,2491.767,2492.425
1769072400,2026-01-22 09:00:00,2492.486,2502.753,2490.531,2501.964
1769076000,2026-01-22 10:00:00,2501.579,2513.524,2499.759,2512.086
1769079600,2026-01-22 11:00:00,2512.334,2518.458,2508.12,2516.628
1769083200,2026-01-22 12:00:00,2516.68,2519.912,2513.509,2517.158
1769086800,2026-01-22 13:00:00,2517.112,2521.017,2511.217,2512.897
1769090400,2026-01-22 14:00:00,2512.921,2517.015,2510.834,2514.043
1769094000,2026-01-22 15:00:00,2513.847,2518.853,2506.154,2509.223
1769097600,2026-01-22 16:00:00,2509.22,2512.628,2504.698,2507.823
1769101200,2026-01-22 17:00:00,2508.039,2510.282,2498.621,2504.897
1769104800,2026-01-22 18:00:00,2504.884,2507.115,2493.877,2493.877
1769108400,2026-01-22 19:00:00,2493.884,2495.785,2486.559,2487.277
1769112000,2026-01-22 20:00:00,2487.481,2500.194,2486.814,2497.774
1769115600,2026-01-22 21:00:00,2497.789,2498.703,2485.73,2486.838
1769119200,2026-01-22 22:00:00,2486.761,2488.886,2479.567,2482.068
1769122800,2026-01-22 23:00:00,2482.3,2490.005,2480.95,2489.872
1769126400,2026-01-23 00:00:00,2489.69,2492.814,2486.955,2491.21
1769130000,2026-01-23 01:00:00,2491.259,2498.308,2487.737,2494.623
1769133600,2026-01-23 02:00:00,2494.669,2497.933,2486.722,2487.65
1769137200,2026-01-23 03:00:00,2487.656,2495.256,2484.828,2490.52
1769140800,2026-01-23 04:00:00,2490.517,2490.517,2482.392,2485.607
1769144400,2026-01-23 05:00:00,2485.377,2487.634,2479.715,2485.14
1769148000,2026-01-23 06:00:00,2485.214,2487.936,2479.354,2479.645
1769151600,2026-01-23 07:00:00,2479.461,2493.016,2479.307,2488.919
1769155200,2026-01-23 08:00:00,2488.839,2496.86,2487.06,2496.561
1769158800,2026-01-23 09:00:00,2496.603,2499.656,2491.106,2498.466
1769162400,2026-01-23 10:00:00,2498.571,2509.548,2496.384,2509.143
1769166000,2026-01-23 11:00:00,2508.964,2525.753,2508.748,2524.051
1769169600,2026-01-23 12:00:00,2523.997,2534.978,2523.126,2529.319
1769173200,2026-01-23 13:00:00,2529.176,2529.348,2521.171,2523.175
1769176800,2026-01-23 14:00:00,2523.262,2525.91,2516.272,2520.826
1769180400,2026-01-23 15:00:00,2520.893,2526.24,2516.515,2520.622
1769184000,2026-01-23 16:00:00,2520.907,2521.325,2512.707,2513.695
1769187600,2026-01-23 17:00:00,2513.598,2514.616,2504.148,2507.983
1769191200,2026-01-23 18:00:00,2508.079,2513.131,2503.486,2510.144
1769194800,2026-01-23 19:00:00,2509.928,2515.202,2507.212,2508.85
1769198400,2026-01-23 20:00:00,2509.074,2509.831,2499.672,2500.902
1769202000,2026-01-23 21:00:00,2500.69,2501.299,2493.431,2495.436
1769205600,2026-01-23 22:00:00,2495.625,2495.625,2480.736,2481.413
1769209200,2026-01-23 23:00:00,2481.487,2484.15,2479.218,2481.105
1769212800,2026-01-24 00:00:00,2481.197,2492.324,2480.206,2488.523
1769216400,2026-01-24 01:00:00,2488.514,2490.375,2475.786,2475.929
1769220000,2026-01-24 02:00:00,2475.961,2477.611,2469.924,2474.032
1769223600,2026-01-24 03:00:00,2474.217,2476.789,2464.863,2465.212
1769227200,2026-01-24 04:00:00,2465.063,2473.862,2464.859,2469.755
1769230800,2026-01-24 05:00:00,2469.923,2489.334,2468.629,2482.873
1769234400,2026-01-24 06:00:00,2482.713,2485.324,2478.564,2481.665
1769238000,2026-01-24 07:00:00,2481.912,2488.228,2481.125,2487.486
1769241600,2026-01-24 08:00:00,2487.541,2492.149,2480.771,2481.424
1769245200,2026-01-24 09:00:00,2481.579,2497.322,2481.038,2493.551
1769248800,2026-01-24 10:00:00,2493.314,2493.597,2482.786,2487.822
1769252400,2026-01-24 11:00:00,2487.773,2490.147,2484.024,2487.399
1769256000,2026-01-24 12:00:00,2487.39,2489.849,2480.847,2481.931
1769259600,2026-01-24 13:00:00,2482.003,2489.956,2480.829,2483.521
1769263200,2026-01-24 14:00:00,2483.717,2486.036,2477.825,2482.13
1769266800,2026-01-24 15:00:00,2481.828,2497.658,2481.008,2496.18
1769270400,2026-01-24 16:00:00,2495.889,2499.328,2487.596,2490.303
1769274000,2026-01-24 17:00:00,2490.104,2492.155,2483.687,2483.824
1769277600,2026-01-24 18:00:00,2484.003,2487.2,2476.179,2480.526
1769281200,2026-01-24 19:00:00,2480.33,2481.654,2472.757,2477.23
1769284800,2026-01-24 20:00:00,2477.28,2477.615,2459.856,2461.86
1769288400,2026-01-24 21:00:00,2462.064,2472.353,2461.745,2470.112
1769292000,2026-01-24 22:00:00,2470.249,2471.349,2465.069,2469.242
1769295600,2026-01-24 23:00:00,2469.341,2485.631,2469.11,2484.275
1769299200,2026-01-25 00:00:00,2484.088,2489.527,2480.289,2488.483
1769302800,2026-01-25 01:00:00,2488.634,2494.033,2482.789,2485.445
1769306400,2026-01-25 02:00:00,2485.382,2487.295,2476.972,2477.05
1769310000,2026-01-25 03:00:00,2477.072,2484.591,2474.462,2478.405
1769313600,2026-01-25 04:00:00,2478.273,2483.001,2476.058,2478.185
1769317200,2026-01-25 05:00:00,2478.154,2479.439,2473.287,2473.287
1769320800,2026-01-25 06:00:00,2473.229,2482.381,2472.358,2479.112
1769324400,2026-01-25 07:00:00,2479.196,2484.277,2472.842,2473.707
1769328000,2026-01-25 08:00:00,2473.639,2494.405,2473.022,2492.527
1769331600,2026-01-25 09:00:00,2492.637,2494.518,2488.058,2493.339
1769335200,2026-01-25 10:00:00,2493.397,2498.25,2489.634,2492.601
1769338800,2026-01-25 11:00:00,2492.469,2493.087,2478.971,2479.81
1769342400,2026-01-25 12:00:00,2480.017,2497.889,2479.432,2496.992
1769346000,2026-01-25 13:00:00,2497.029,2503.083,2493.434,2500.758
1769349600,2026-01-25 14:00:00,2500.661,2503.846,2493.61,2495.756
1769353200,2026-01-25 15:00:00,2495.751,2500.848,2491.002,2498.719
1769356800,2026-01-25 16:00:00,2498.557,2513.604,2497.602,2513.423
1769360400,2026-01-25 17:00:00,2513.389,2516.242,2504.032,2513.233
1769364000,2026-01-25 18:00:00,2513.194,2516.308,2502.807,2503.726
1769367600,2026-01-25 19:00:00,2503.768,2507.821,2500.594,2502.825
1769371200,2026-01-25 20:00:00,2503.37,2503.912,2488.969,2489.911
1769374800,2026-01-25 21:00:00,2489.862,2493.903,2486.644,2492.227
1769378400,2026-01-25 22:00:00,2492.158,2497.063,2489.538,2491.546
1769382000,2026-01-25 23:00:00,2491.563,2498.449,2489.187,2495.098
1769385600,2026-01-26 00:00:00,2495.413,2502.562,2493.132,2497.821
1769389200,2026-01-26 01:00:00,2497.755,2504.467,2495.103,2503.82
1769392800,2026-01-26 02:00:00,2503.471,2510.889,2500.77,2506.098
1769396400,2026-01-26 03:00:00,2505.846,2516.186,2505.794,2511.954
1769400000,2026-01-26 04:00:00,2512.217,2524.053,2509.135,2523.764
1769403600,2026-01-26 05:00:00,2523.927,2526.791,2519.785,2525.53
1769407200,2026-01-26 06:00:00,2525.441,2527.133,2514.547,2525.212
1769410800,2026-01-26 07:00:00,2525.413,2537.586,2520.216,2536.504
1769414400,2026-01-26 08:00:00,2536.33,2543.762,2531.771,2532.863
1769418000,2026-01-26 09:00:00,2532.664,2534.166,2526.537,2528.691
1769421600,2026-01-26 10:00:00,2528.757,2536.536,2527.485,2527.953
1769425200,2026-01-26 11:00:00,2527.983,2537.895,2527.562,2537.64
1769428800,2026-01-26 12:00:00,2537.682,2541.184,2532.454,2540.476
1769432400,2026-01-26 13:00:00,2540.639,2542.219,2534.86,2537.891
1769436000,2026-01-26 14:00:00,2537.797,2543.475,2529.275,2540.174
1769439600,2026-01-26 15:00:00,2540.243,2550.641,2538.664,2548.99
1769443200,2026-01-26 16:00:00,2549.045,2558.48,2547.943,2557.27
1769446800,2026-01-26 17:00:00,2557.313,2568.346,2557.251,2567.985
1769450400,2026-01-26 18:00:00,2568.021,2575.624,2567.885,2573.197
1769454000,2026-01-26 19:00:00,2573.268,2574.161,2565.594,2570.965
1769457600,2026-01-26 20:00:00,2570.904,2573.19,2559.734,2561.219
1769461200,2026-01-26 21:00:00,2561.161,2574.773,2561.011,2573.582
1769464800,2026-01-26 22:00:00,2573.787,2574.598,2563.222,2563.497
1769468400,2026-01-26 23:00:00,2563.582,2569.758,2560.991,2564.91
1769472000,2026-01-27 00:00:00,2565.028,2573.005,2561.659,2570.213
1769475600,2026-01-27 01:00:00,2570.025,2572.204,2564.115,2564.845
1769479200,2026-01-27 02:00:00,2565.032,2565.222,2548.565,2552.328
1769482800,2026-01-27 03:00:00,2552.446,2562.111,2551.074,2558.019
1769486400,2026-01-27 04:00:00,2557.963,2573.998,2557.963,2573.367
1769490000,2026-01-27 05:00:00,2573.234,2589.071,2573.234,2584.047
1769493600,2026-01-27 06:00:00,2583.983,2586.641,2570.599,2570.847
1769497200,2026-01-27 07:00:00,2570.833,2573.996,2566.491,2569.558
1769500800,2026-01-27 08:00:00,2569.832,2577.323,2567.457,2575.545
1769504400,2026-01-27 09:00:00,2575.378,2577.957,2568.837,2572.129
1769508000,2026-01-27 10:00:00,2572.276,2573.405,2563.134,2564.153
1769511600,2026-01-27 11:00:00,2564.136,2565.419,2558.251,2561.039
1769515200,2026-01-27 12:00:00,2561.147,2572.605,2560.865,2572.404
1769518800,2026-01-27 13:00:00,2572.353,2576.112,2566.453,2571.793
1769522400,2026-01-27 14:00:00,2571.665,2575.799,2566.178,2575.799
1769526000,2026-01-27 15:00:00,2575.806,2586.578,2575.365,2583.919
1769529600,2026-01-27 16:00:00,2584,2594.196,2580.657,2593.448
1769533200,2026-01-27 17:00:00,2593.545,2615.741,2591.193,2615.741
1769536800,2026-01-27 18:00:00,2615.539,2621.346,2613.117,2620.753
1769540400,2026-01-27 19:00:00,2620.954,2630.595,2617.704,2629.313
1769544000,2026-01-27 20:00:00,2629.338,2632.615,2621.835,2627.889
1769547600,2026-01-27 21:00:00,2627.944,2629.043,2621.298,2625.549
1769551200,2026-01-27 22:00:00,2625.786,2634.944,2624.518,2625.911
1769554800,2026-01-27 23:00:00,2625.737,2635.633,2624.286,2633.927
1769558400,2026-01-28 00:00:00,2633.854,2638.353,2631.986,2635.494
1769562000,2026-01-28 01:00:00,2635.339,2644.991,2633.182,2641.838
1769565600,2026-01-28 02:00:00,2641.955,2653.508,2639.793,2646.137
1769569200,2026-01-28 03:00:00,2646.281,2652.658,2637.417,2649.602
1769572800,2026-01-28 04:00:00,2649.351,2667.191,2647.256,2666.783
1769576400,2026-01-28 05:00:00,2667.007,2668.271,2654.007,2658.281
1769580000,2026-01-28 06:00:00,2658.434,2668.826,2657.99,2668.601
1769583600,2026-01-28 07:00:00,2668.441,2676.072,2667.178,2675.119
1769587200,2026-01-28 08:00:00,2675.362,2691.633,2673.968,2688.243
1769590800,2026-01-28 09:00:00,2688.139,2700.772,2686.33,2699.215
1769594400,2026-01-28 10:00:00,2699.553,2706.943,2698.866,2704.17
1769598000,2026-01-28 11:00:00,2704.341,2709.161,2697.18,2708.949
1769601600,2026-01-28 12:00:00,2708.912,2710.858,2691.913,2691.913
1769605200,2026-01-28 13:00:00,2691.959,2692.955,2683.38,2685.053
1769608800,2026-01-28 14:00:00,2684.949,2691.502,2682.574,2686.763
1769612400,2026-01-28 15:00:00,2686.791,2689.06,2680.289,2687.39
1769616000,2026-01-28 16:00:00,2687.59,2688.277,2679.435,2686.982
1769619600,2026-01-28 17:00:00,2687.003,2691.582,2675.061,2675.444
1769623200,2026-01-28 18:00:00,2675.205,2675.417,2664.032,2668.189
1769626800,2026-01-28 19:00:00,2668.037,2673.983,2666.501,2669.82
1769630400,2026-01-28 20:00:00,2669.544,2678.124,2667.379,2676.766
1769634000,2026-01-28 21:00:00,2676.831,2678.986,2670.834,2675.017
1769637600,2026-01-28 22:00:00,2675.219,2677.254,2668.826,2670.29
1769641200,2026-01-28 23:00:00,2670.197,2691.201,2669.534,2688.251
1769644800,2026-01-29 00:00:00,2688.035,2695.432,2680.177,2695.052
1769648400,2026-01-29 01:00:00,2695.104,2698.109,2681.99,2685.189
1769652000,2026-01-29 02:00:00,2684.789,2697.166,2683.089,2694.805
1769655600,2026-01-29 03:00:00,2694.828,2706.398,2694.828,2700.849
1769659200,2026-01-29 04:00:00,2700.758,2706.21,2695.645,2704.761
1769662800,2026-01-29 05:00:00,2704.77,2705.759,2698.265,2703.17
1769666400,2026-01-29 06:00:00,2703.17,2710.404,2696.676,2697.008
1769670000,2026-01-29 07:00:00,2696.927,2706.775,2696.654,2700.808
1769673600,2026-01-29 08:00:00,2700.735,2704.278,2692.717,2693.56
1769677200,2026-01-29 09:00:00,2693.466,2696.835,2686.528,2695.143
1769680800,2026-01-29 10:00:00,2695.122,2701.244,2694.997,2700.804
1769684400,2026-01-29 11:00:00,2700.927,2708.537,2696.949,2697.51
1769688000,2026-01-29 12:00:00,2697.552,2699.948,2687.402,2692.399
1769691600,2026-01-29 13:00:00,2692.313,2694.849,2680.446,2681.551
1769695200,2026-01-29 14:00:00,2681.641,2688.781,2679.87,2686.385
1769698800,2026-01-29 15:00:00,2686.191,2689.974,2679.782,2686.127
1769702400,2026-01-29 16:00:00,2685.954,2695.887,2685.61,2693.565
1769706000,2026-01-29 17:00:00,2693.289,2693.832,2684.804,2687.637
1769709600,2026-01-29 18:00:00,2687.876,2696.026,2686.018,2689.57
1769713200,2026-01-29 19:00:00,2689.618,2689.618,2680.815,2685.995
1769716800,2026-01-29 20:00:00,2686.223,2687.877,2678.794,2683.156
1769720400,2026-01-29 21:00:00,2683.074,2688.489,2681.379,2686.7
1769724000,2026-01-29 22:00:00,2686.528,2699.342,2685.24,2699.166
1769727600,2026-01-29 23:00:00,2699.437,2699.783,2692.25,2696.896
1769731200,2026-01-30 00:00:00,2696.839,2698.146,2678.623,2684.208
1769734800,2026-01-30 01:00:00,2684.133,2684.313,2672.741,2674.64
1769738400,2026-01-30 02:00:00,2674.64,2676.466,2663.888,2664.854
1769742000,2026-01-30 03:00:00,2664.884,2675.888,2662.578,2673.523
1769745600,2026-01-30 04:00:00,2673.458,2678.756,2668.929,2669.569
1769749200,2026-01-30 05:00:00,2669.66,2676.248,2668.839,2674.368
1769752800,2026-01-30 06:00:00,2674.457,2674.457,2652.682,2653.625
1769756400,2026-01-30 07:00:00,2653.54,2654.954,2637.663,2643.338
1769760000,2026-01-30 08:00:00,2643.417,2648.548,2638.757,2647.566
1769763600,2026-01-30 09:00:00,2647.717,2657.564,2646.098,2656.33
1769767200,2026-01-30 10:00:00,2656.209,2660.349,2649.169,2654.293
1769770800,2026-01-30 11:00:00,2654.292,2665.989,2653.807,2665.626
1769774400,2026-01-30 12:00:00,2665.566,2667.331,2657.395,2667.296
1769778000,2026-01-30 13:00:00,2666.915,2683.29,2665.936,2682.582
1769781600,2026-01-30 14:00:00,2682.461,2689.09,2679.064,2689.09
1769785200,2026-01-30 15:00:00,2689.117,2697.889,2688.629,2697.065
1769788800,2026-01-30 16:00:00,2697.034,2700.918,2689.21,2692.599
1769792400,2026-01-30 17:00:00,2692.477,2695.907,2687.829,2692.338
1769796000,2026-01-30 18:00:00,2692.507,2693.778,2682.957,2689.34
1769799600,2026-01-30 19:00:00,2689.178,2696.746,2682.622,2683.642
1769803200,2026-01-30 20:00:00,2683.71,2684.742,2669.715,2674.817
1769806800,2026-01-30 21:00:00,2674.93,2679.002,2670.715,2672.049
1769810400,2026-01-30 22:00:00,2672.128,2675.22,2663.821,2664.615
1769814000,2026-01-30 23:00:00,2664.422,2674.057,2659.699,2661.236
1769817600,2026-01-31 00:00:00,2661.078,2663.573,2655.328,2661.232
1769821200,2026-01-31 01:00:00,2661.356,2666.854,2656.463,2662.309
1769824800,2026-01-31 02:00:00,2662.446,2669.11,2659.644,2667.156
1769828400,2026-01-31 03:00:00,2667.178,2672.701,2662.107,2672.549
1769832000,2026-01-31 04:00:00,2672.941,2674.817,2664.56,2668.74
1769835600,2026-01-31 05:00:00,2669.009,2670.664,2659.575,2667.254
1769839200,2026-01-31 06:00:00,2667.249,2668.101,2658.661,2660.271
1769842800,2026-01-31 07:00:00,2660.121,2660.121,2647.798,2655.451
1769846400,2026-01-31 08:00:00,2655.546,2660.438,2650.224,2650.54
1769850000,2026-01-31 09:00:00,2650.475,2654.402,2647.335,2650.502
1769853600,2026-01-31 10:00:00,2650.643,2651.471,2640.041,2644.436
1769857200,2026-01-31 11:00:00,2644.555,2650.854,2637.078,2649.488
1769860800,2026-01-31 12:00:00,2649.828,2652.48,2639.981,2641.343
1769864400,2026-01-31 13:00:00,2641.411,2642.057,2626.722,2628.691
1769868000,2026-01-31 14:00:00,2628.799,2631.746,2621.035,2621.228
1769871600,2026-01-31 15:00:00,2621.328,2622.001,2611.809,2613.371
1769875200,2026-01-31 16:00:00,2613.322,2617.201,2609.251,2612.573
1769878800,2026-01-31 17:00:00,2612.421,2614.015,2605.23,2608.258
1769882400,2026-01-31 18:00:00,2608.27,2621.614,2608.207,2618.825
1769886000,2026-01-31 19:00:00,2618.757,2629.358,2618.757,2621.789
1769889600,2026-01-31 20:00:00,2621.704,2625.62,2608.839,2608.848
1769893200,2026-01-31 21:00:00,2609.104,2611.172,2602.467,2604.592
1769896800,2026-01-31 22:00:00,2604.637,2609.26,2600.465,2604.452
1769900400,2026-01-31 23:00:00,2604.674,2613.708,2600.602,2601.237
1769904000,2026-02-01 00:00:00,2601.329,2606.187,2592.641,2593.072
1769907600,2026-02-01 01:00:00,2593.206,2596.346,2587.594,2588.913
1769911200,2026-02-01 02:00:00,2588.871,2600.937,2587.911,2598.912
1769914800,2026-02-01 03:00:00,2599.062,2604.251,2595.384,2597.121
1769918400,2026-02-01 04:00:00,2597.115,2599.589,2590.336,2597.754
1769922000,2026-02-01 05:00:00,2597.75,2606.381,2597.347,2600.931
1769925600,2026-02-01 06:00:00,2600.861,2602.857,2593.25,2602.355
1769929200,2026-02-01 07:00:00,2602.652,2608.629,2599.967,2603.405
1769932800,2026-02-01 08:00:00,2603.551,2604.886,2589.927,2591.608
1769936400,2026-02-01 09:00:00,2591.457,2606.78,2588.901,2606.78
1769940000,2026-02-01 10:00:00,2606.878,2623.628,2604.803,2621.497
1769943600,2026-02-01 11:00:00,2621.626,2627.705,2619.698,2627.436
1769947200,2026-02-01 12:00:00,2627.597,2641.054,2626.216,2639.674
1769950800,2026-02-01 13:00:00,2639.775,2642.049,2633.007,2634.102
1769954400,2026-02-01 14:00:00,2634.041,2638.097,2629.446,2629.943
1769958000,2026-02-01 15:00:00,2630.065,2634.734,2627.026,2630.8
1769961600,2026-02-01 16:00:00,2630.688,2631.893,2622.624,2624.045
1769965200,2026-02-01 17:00:00,2624.186,2631.429,2621.933,2627.655
1769968800,2026-02-01 18:00:00,2627.459,2632.019,2620.436,2624.918
1769972400,2026-02-01 19:00:00,2624.921,2631.821,2623.513,2624.655
1769976000,2026-02-01 20:00:00,2624.634,2628.536,2620.082,2623.111
1769979600,2026-02-01 21:00:00,2622.79,2625.148,2615.157,2617.158
1769983200,2026-02-01 22:00:00,2617.193,2625.475,2615.951,2622.941
1769986800,2026-02-01 23:00:00,2622.858,2636.377,2622.779,2631.81
1769990400,2026-02-02 00:00:00,2631.749,2633.286,2627.727,2629.577
1769994000,2026-02-02 01:00:00,2629.641,2643.28,2628.725,2641.054
1769997600,2026-02-02 02:00:00,2640.861,2641.952,2636.527,2639.172
1770001200,2026-02-02 03:00:00,2639.189,2646.036,2638.468,2642.985
1770004800,2026-02-02 04:00:00,2642.601,2644.722,2634.049,2635.795
1770008400,2026-02-02 05:00:00,2635.997,2644.598,2634.343,2640.633
1770012000,2026-02-02 06:00:00,2640.689,2648.982,2635.209,2647.552
1770015600,2026-02-02 07:00:00,2647.673,2650.729,2638.875,2643.836
1770019200,2026-02-02 08:00:00,2643.791,2645.414,2639.607,2643.882
1770022800,2026-02-02 09:00:00,2643.621,2649.748,2638.839,2647.99
1770026400,2026-02-02 10:00:00,2647.624,2658.473,2646.223,2653.219
1770030000,2026-02-02 11:00:00,2652.973,2657.653,2643.891,2653.86
1770033600,2026-02-02 12:00:00,2653.68,2656.051,2645.073,2650.174
1770037200,2026-02-02 13:00:00,2650.262,2664.478,2647.955,2663.812
1770040800,2026-02-02 14:00:00,2663.486,2663.725,2654.79,2657.703
1770044400,2026-02-02 15:00:00,2657.66,2663.999,2655.778,2655.778
1770048000,2026-02-02 16:00:00,2655.868,2668.406,2655.599,2668.126
1770051600,2026-02-02 17:00:00,2668.082,2668.601,2651.138,2652.312
1770055200,2026-02-02 18:00:00,2652.168,2656.733,2646.681,2655.991
1770058800,2026-02-02 19:00:00,2655.722,2660.217,2650.752,2652.232
1770062400,2026-02-02 20:00:00,2652.091,2659.544,2649.967,2653.503
1770066000,2026-02-02 21:00:00,2653.99,2663.777,2653.558,2661.78
1770069600,2026-02-02 22:00:00,2661.991,2669.104,2659.013,2667.916
1770073200,2026-02-02 23:00:00,2667.881,2672.191,2661.779,2671.615
1770076800,2026-02-03 00:00:00,2671.594,2679.11,2667.074,2676.724
1770080400,2026-02-03 01:00:00,2676.806,2677.384,2668.029,2673.626
1770084000,2026-02-03 02:00:00,2674.189,2677.225,2662.735,2664.934
1770087600,2026-02-03 03:00:00,2664.803,2664.948,2655.26,2659.526
1770091200,2026-02-03 04:00:00,2659.512,2659.845,2651.839,2655.768
1770094800,2026-02-03 05:00:00,2655.664,2658.515,2651.135,2653.874
1770098400,2026-02-03 06:00:00,2653.936,2658.333,2652.009,2657.157
1770102000,2026-02-03 07:00:00,2657.123,2662.417,2643.501,2644.306
1770105600,2026-02-03 08:00:00,2644.208,2648.505,2638.081,2638.256
1770109200,2026-02-03 09:00:00,2638.195,2639.299,2627.939,2629.876
1770112800,2026-02-03 10:00:00,2629.889,2638.286,2625.879,2635.025
1770116400,2026-02-03 11:00:00,2635.048,2641.813,2630.12,2630.81
1770120000,2026-02-03 12:00:00,2630.702,2638.406,2628.599,2633.093
1770123600,2026-02-03 13:00:00,2633.3,2634.315,2618.794,2623.698
1770127200,2026-02-03 14:00:00,2623.832,2624.633,2614.917,2616.757
1770130800,2026-02-03 15:00:00,2616.453,2620.299,2612.002,2614.291
1770134400,2026-02-03 16:00:00,2614.142,2618.613,2606.967,2608.75
1770138000,2026-02-03 17:00:00,2608.996,2611.387,2603.687,2609.055
1770141600,2026-02-03 18:00:00,2608.818,2610.1,2599.319,2606.171
1770145200,2026-02-03 19:00:00,2606.168,2606.844,2599.145,2602.207
1770148800,2026-02-03 20:00:00,2602.26,2616.284,2600.9,2611.667
1770152400,2026-02-03 21:00:00,2611.403,2616.588,2609.532,2616.381
1770156000,2026-02-03 22:00:00,2616.51,2620.301,2613.003,2619.749
1770159600,2026-02-03 23:00:00,2619.691,2634.388,2618.824,2634.095
1770163200,2026-02-04 00:00:00,2633.934,2641.867,2633.873,2635.312
1770166800,2026-02-04 01:00:00,2635.593,2653.731,2633.769,2651.657
1770170400,2026-02-04 02:00:00,2651.537,2663.46,2646.809,2660.449
1770174000,2026-02-04 03:00:00,2660.308,2667.332,2657.975,2661.9
1770177600,2026-02-04 04:00:00,2661.562,2663.579,2653.911,2656.99
1770181200,2026-02-04 05:00:00,2657.007,2660.268,2651.239,2660.196
1770184800,2026-02-04 06:00:00,2660.311,2665.332,2654.098,2656.648
1770188400,2026-02-04 07:00:00,2656.662,2660.022,2654.547,2659.596
1770192000,2026-02-04 08:00:00,2659.344,2661.766,2653.693,2657.654
1770195600,2026-02-04 09:00:00,2657.283,2661.977,2646.936,2661.977
1770199200,2026-02-04 10:00:00,2661.894,2667.15,2653.915,2659.533
1770202800,2026-02-04 11:00:00,2659.578,2660.024,2647.397,2648.738
1770206400,2026-02-04 12:00:00,2648.854,2649.696,2642.198,2643.541
1770210000,2026-02-04 13:00:00,2643.643,2657.841,2641.878,2656.476
1770213600,2026-02-04 14:00:00,2656.413,2658.798,2649.946,2650.358
1770217200,2026-02-04 15:00:00,2650.163,2660.347,2647.767,2657.085
1770220800,2026-02-04 16:00:00,2656.975,2657.984,2648.201,2648.528
1770224400,2026-02-04 17:00:00,2648.704,2651.547,2644.465,2650.773
1770228000,2026-02-04 18:00:00,2650.777,2655.344,2647.256,2652.368
1770231600,2026-02-04 19:00:00,2652.466,2659.053,2647.091,2651.015
1770235200,2026-02-04 20:00:00,2650.92,2656.019,2648.108,2649.85
1770238800,2026-02-04 21:00:00,2649.889,2661.811,2648.336,2661.483
1770242400,2026-02-04 22:00:00,2661.412,2661.412,2652.661,2658.821
1770246000,2026-02-04 23:00:00,2658.518,2664.003,2652.161,2656.581
1770249600,2026-02-05 00:00:00,2656.741,2668.681,2655.607,2667.515
1770253200,2026-02-05 01:00:00,2667.614,2673.903,2666.627,2670.993
1770256800,2026-02-05 02:00:00,2670.966,2673.143,2659.27,2664.405
1770260400,2026-02-05 03:00:00,2664.398,2671.399,2662.996,2671.037
1770264000,2026-02-05 04:00:00,2671.183,2683.372,2670.84,2674.799
1770267600,2026-02-05 05:00:00,2674.829,2686.194,2672.629,2685.566
1770271200,2026-02-05 06:00:00,2685.541,2689.021,2682.459,2685.113
1770274800,2026-02-05 07:00:00,2685.173,2686.624,2674.045,2676.393
1770278400,2026-02-05 08:00:00,2676.445,2686.412,2676.348,2683.778
1770282000,2026-02-05 09:00:00,2683.464,2688.77,2680.172,2685.467
1770285600,2026-02-05 10:00:00,2685.343,2689.382,2682.208,2688.724
1770289200,2026-02-05 11:00:00,2688.819,2693.777,2685.929,2689.081
1770292800,2026-02-05 12:00:00,2689.302,2700.043,2688.564,2695.207
1770296400,2026-02-05 13:00:00,2695.196,2707.372,2693.553,2704.435
1770300000,2026-02-05 14:00:00,2704.309,2716.346,2704.309,2704.724
1770303600,2026-02-05 15:00:00,2704.822,2719.447,2704.019,2711.887
1770307200,2026-02-05 16:00:00,2712.054,2713.106,2702.102,2706.903
1770310800,2026-02-05 17:00:00,2706.871,2714.915,2706.272,2714.775
1770314400,2026-02-05 18:00:00,2714.775,2722.284,2714.19,2714.569
1770318000,2026-02-05 19:00:00,2714.402,2720.143,2706.396,2708.795
1770321600,2026-02-05 20:00:00,2708.866,2709.289,2686.607,2689.66
1770325200,2026-02-05 21:00:00,2689.499,2696.366,2686.705,2694.965
1770328800,2026-02-05 22:00:00,2695.032,2707.61,2691.801,2707.229
1770332400,2026-02-05 23:00:00,2707.244,2707.488,2689.709,2693.331
1770336000,2026-02-06 00:00:00,2693.465,2697.834,2687.144,2691.433
1770339600,2026-02-06 01:00:00,2691.353,2694.628,2687.551,2694.623
1770343200,2026-02-06 02:00:00,2694.654,2702.577,2690.348,2701.447
1770346800,2026-02-06 03:00:00,2701.537,2706.991,2696.67,2703.943
1770350400,2026-02-06 04:00:00,2703.939,2707.414,2701.433,2706.524
1770354000,2026-02-06 05:00:00,2706.763,2711.142,2702.198,2702.692
1770357600,2026-02-06 06:00:00,2702.717,2707.812,2699.903,2700.939
1770361200,2026-02-06 07:00:00,2701.281,2708.87,2694.943,2697.03
1770364800,2026-02-06 08:00:00,2696.81,2705.169,2695.07,2697.255
1770368400,2026-02-06 09:00:00,2697.122,2697.122,2677.743,2682.889
1770372000,2026-02-06 10:00:00,2683.337,2684.959,2673.659,2681.447
1770375600,2026-02-06 11:00:00,2681.41,2681.784,2671.677,2677.123
1770379200,2026-02-06 12:00:00,2677.236,2684.195,2672.544,2676.801
1770382800,2026-02-06 13:00:00,2676.623,2683.963,2672.877,2678.037
1770386400,2026-02-06 14:00:00,2678.246,2682.542,2673.307,2673.307
1770390000,2026-02-06 15:00:00,2672.989,2681.256,2669.098,2676.712
1770393600,2026-02-06 16:00:00,2677.007,2687.224,2674.183,2682.762
1770397200,2026-02-06 17:00:00,2682.574,2689.797,2679.649,2686.42
1770400800,2026-02-06 18:00:00,2686.384,2686.441,2673.967,2674.66
1770404400,2026-02-06 19:00:00,2674.704,2681.156,2674.182,2676.31
1770408000,2026-02-06 20:00:00,2675.925,2678.251,2667.742,2668.069
1770411600,2026-02-06 21:00:00,2667.913,2671.387,2661.102,2668.001
1770415200,2026-02-06 22:00:00,2668.055,2676.286,2664.741,2672.158
1770418800,2026-02-06 23:00:00,2672.428,2677.622,2668.789,2671.364
1770422400,2026-02-07 00:00:00,2671.131,2674.754,2669.241,2673.297
1770426000,2026-02-07 01:00:00,2673.459,2676.773,2666.202,2667.688
1770429600,2026-02-07 02:00:00,2667.506,2670.113,2662.324,2668.714
1770433200,2026-02-07 03:00:00,2668.511,2676.521,2668.511,2676.521
1770436800,2026-02-07 04:00:00,2676.585,2684.627,2675.453,2683.65
1770440400,2026-02-07 05:00:00,2683.534,2696.034,2681.136,2692.574
1770444000,2026-02-07 06:00:00,2692.625,2707.516,2690.339,2706.845
1770447600,2026-02-07 07:00:00,2706.648,2711.367,2701.262,2709.205
1770451200,2026-02-07 08:00:00,2709.127,2713.887,2705.873,2709.687
1770454800,2026-02-07 09:00:00,2709.622,2713.101,2705.149,2709.772
1770458400,2026-02-07 10:00:00,2709.931,2727.427,2709.931,2727.311
1770462000,2026-02-07 11:00:00,2727.319,2736.237,2721.392,2734.292
1770465600,2026-02-07 12:00:00,2734.564,2745.882,2731.285,2742.97
1770469200,2026-02-07 13:00:00,2742.888,2750.702,2739.38,2740.253
1770472800,2026-02-07 14:00:00,2740.174,2745.902,2737.859,2741.458
1770476400,2026-02-07 15:00:00,2741.406,2742.864,2725.537,2725.941
1770480000,2026-02-07 16:00:00,2725.994,2726.233,2714.393,2718.046
1770483600,2026-02-07 17:00:00,2718.075,2721.239,2710.925,2717.925
1770487200,2026-02-07 18:00:00,2717.769,2722.106,2716.041,2718.299
1770490800,2026-02-07 19:00:00,2718.564,2721.978,2708.969,2710.359
1770494400,2026-02-07 20:00:00,2710.275,2713.847,2705.814,2708.143
1770498000,2026-02-07 21:00:00,2707.793,2709.089,2701.09,2704.644
1770501600,2026-02-07 22:00:00,2704.546,2717.133,2697.198,2713.942
1770505200,2026-02-07 23:00:00,2713.619,2713.778,2700.133,2702.629
1770508800,2026-02-08 00:00:00,2702.956,2725.051,2702.559,2724.046
1770512400,2026-02-08 01:00:00,2724.012,2729.642,2717.994,2726.545
1770516000,2026-02-08 02:00:00,2726.488,2726.652,2694.187,2695.234
1770519600,2026-02-08 03:00:00,2695.464,2709.221,2694.74,2708.803
1770523200,2026-02-08 04:00:00,2708.61,2708.772,2697.261,2697.828
1770526800,2026-02-08 05:00:00,2697.826,2702.996,2693.23,2698.185
1770530400,2026-02-08 06:00:00,2698.237,2705.849,2696.155,2696.287
1770534000,2026-02-08 07:00:00,2696.432,2699.082,2693.048,2696.134
1770537600,2026-02-08 08:00:00,2696.062,2696.591,2683.055,2683.963
1770541200,2026-02-08 09:00:00,2684.077,2689.396,2679.265,2682.808
1770544800,2026-02-08 10:00:00,2682.944,2688.029,2673.164,2674.707
1770548400,2026-02-08 11:00:00,2674.899,2682.666,2671.881,2679.966
1770552000,2026-02-08 12:00:00,2679.758,2689.009,2679.108,2680.085
1770555600,2026-02-08 13:00:00,2679.942,2685.227,2673.365,2674.217
1770559200,2026-02-08 14:00:00,2673.886,2674.932,2665.577,2666.346
1770562800,2026-02-08 15:00:00,2666.531,2668.845,2660.408,2662.223
1770566400,2026-02-08 16:00:00,2662.09,2676.16,2660.291,2673.476
1770570000,2026-02-08 17:00:00,2673.652,2675.156,2666.082,2674.739
1770573600,2026-02-08 18:00:00,2674.882,2683.761,2673.762,2681.197
1770577200,2026-02-08 19:00:00,2681.207,2683.945,2676.485,2680.314
1770580800,2026-02-08 20:00:00,2680.338,2696.06,2678.523,2695.134
1770584400,2026-02-08 21:00:00,2694.958,2697.149,2680.047,2681.669
1770588000,2026-02-08 22:00:00,2681.788,2682.174,2665.845,2667.193
1770591600,2026-02-08 23:00:00,2667.164,2671.614,2664.354,2667.574
1770595200,2026-02-09 00:00:00,2667.402,2668.96,2661.021,2663.186
1770598800,2026-02-09 01:00:00,2663.004,2667.43,2655.639,2659.987
1770602400,2026-02-09 02:00:00,2659.867,2672.63,2659.867,2666.8
1770606000,2026-02-09 03:00:00,2666.629,2668.485,2662.237,2668.094
1770609600,2026-02-09 04:00:00,2668.166,2671.239,2663.949,2665.646
1770613200,2026-02-09 05:00:00,2665.416,2666.337,2648.511,2649.74
1770616800,2026-02-09 06:00:00,2649.295,2659.736,2646.956,2647.288
1770620400,2026-02-09 07:00:00,2646.896,2649.672,2638.199,2647.927
1770624000,2026-02-09 08:00:00,2648.148,2653.333,2640.525,2640.525
1770627600,2026-02-09 09:00:00,2640.575,2642.379,2630.29,2631.154
1770631200,2026-02-09 10:00:00,2631.164,2635.846,2629.442,2632.623
1770634800,2026-02-09 11:00:00,2632.65,2639.032,2631.401,2631.421
1770638400,2026-02-09 12:00:00,2631.752,2639.098,2630.155,2633.035
1770642000,2026-02-09 13:00:00,2633.21,2633.461,2623.132,2625.316
1770645600,2026-02-09 14:00:00,2625.233,2632.771,2625.063,2631.5
1770649200,2026-02-09 15:00:00,2631.276,2634.585,2626.235,2629.08
1770652800,2026-02-09 16:00:00,2629.169,2631.522,2622.911,2625.963
1770656400,2026-02-09 17:00:00,2626.119,2632.97,2624.492,2630.677
1770660000,2026-02-09 18:00:00,2630.657,2634.83,2622.24,2630.514
1770663600,2026-02-09 19:00:00,2630.683,2634.953,2626.868,2630.225
1770667200,2026-02-09 20:00:00,2630.488,2633.434,2624.597,2628.754
1770670800,2026-02-09 21:00:00,2628.595,2633.198,2623.44,2629.472
1770674400,2026-02-09 22:00:00,2629.234,2629.518,2618.767,2619.378
1770678000,2026-02-09 23:00:00,2619.285,2635.988,2618.56,2635.378
1770681600,2026-02-10 00:00:00,2635.348,2644.288,2633.722,2644.185
1770685200,2026-02-10 01:00:00,2643.932,2644.565,2636.31,2639.134
1770688800,2026-02-10 02:00:00,2639.072,2645.24,2636.839,2642.116
1770692400,2026-02-10 03:00:00,2642.386,2648.96,2634.816,2638.092
1770696000,2026-02-10 04:00:00,2638.157,2649.081,2636.266,2647.644
1770699600,2026-02-10 05:00:00,2647.862,2650.101,2639.555,2642.638
1770703200,2026-02-10 06:00:00,2642.498,2649.149,2635.515,2638.054
1770706800,2026-02-10 07:00:00,2638.234,2639.755,2625.595,2631.731
1770710400,2026-02-10 08:00:00,2631.96,2642.611,2631.247,2638.737
1770714000,2026-02-10 09:00:00,2638.7,2644.961,2635.644,2639.076
1770717600,2026-02-10 10:00:00,2639.317,2642.387,2634.055,2638.121
1770721200,2026-02-10 11:00:00,2638.29,2644.341,2636.809,2642.418
1770724800,2026-02-10 12:00:00,2642.456,2653.969,2641.12,2648.988
1770728400,2026-02-10 13:00:00,2649.013,2662.842,2647.823,2659.608
1770732000,2026-02-10 14:00:00,2659.492,2663.032,2655.5,2662.004
1770735600,2026-02-10 15:00:00,2662.209,2662.809,2653.414,2654.838
1770739200,2026-02-10 16:00:00,2654.504,2660.035,2652.22,2659.344
1770742800,2026-02-10 17:00:00,2659.376,2660.208,2646.546,2646.895
1770746400,2026-02-10 18:00:00,2647.033,2653.578,2641.465,2643.559
1770750000,2026-02-10 19:00:00,2643.644,2644.284,2634.398,2637.117
1770753600,2026-02-10 20:00:00,2637.14,2645.129,2634.124,2642.793
1770757200,2026-02-10 21:00:00,2642.727,2657.257,2642.681,2651.494
1770760800,2026-02-10 22:00:00,2651.513,2662.519,2649.854,2658.388
1770764400,2026-02-10 23:00:00,2658.431,2662.932,2653.458,2655.512
1770768000,2026-02-11 00:00:00,2655.553,2669.654,2655.293,2669.54
1770771600,2026-02-11 01:00:00,2669.666,2681.45,2662.334,2679.528
1770775200,2026-02-11 02:00:00,2679.386,2684.464,2670.916,2671.564
1770778800,2026-02-11 03:00:00,2671.864,2671.975,2664.458,2665.932
1770782400,2026-02-11 04:00:00,2665.956,2672.573,2663.098,2671.302
1770786000,2026-02-11 05:00:00,2671.288,2687.662,2668.118,2683.817
1770789600,2026-02-11 06:00:00,2683.807,2700.457,2682.669,2698.97
1770793200,2026-02-11 07:00:00,2699.202,2724.043,2699.072,2724.043
1770796800,2026-02-11 08:00:00,2724.121,2728.843,2720.035,2720.281
1770800400,2026-02-11 09:00:00,2720.35,2721.155,2714.484,2715.597
1770804000,2026-02-11 10:00:00,2715.82,2723.909,2710.802,2722.435
1770807600,2026-02-11 11:00:00,2722.433,2723.63,2714.24,2718.133
1770811200,2026-02-11 12:00:00,2718.034,2728.219,2716.908,2725.115
1770814800,2026-02-11 13:00:00,2725.117,2741.379,2724.297,2741.179
1770818400,2026-02-11 14:00:00,2741.162,2746.555,2740.377,2744.825
1770822000,2026-02-11 15:00:00,2744.691,2748.491,2740.191,2740.197
1770825600,2026-02-11 16:00:00,2740.18,2752.454,2738.834,2751.978
1770829200,2026-02-11 17:00:00,2752.088,2761.032,2749.034,2756.084
1770832800,2026-02-11 18:00:00,2756.015,2764.219,2753.377,2758.417
1770836400,2026-02-11 19:00:00,2758.573,2768.709,2758.339,2762.2
1770840000,2026-02-11 20:00:00,2762.204,2762.502,2746.669,2749.009
1770843600,2026-02-11 21:00:00,2748.956,2763.369,2748.325,2762.064
1770847200,2026-02-11 22:00:00,2762.05,2764.374,2749.542,2749.953
1770850800,2026-02-11 23:00:00,2750.12,2762.09,2749.209,2755.043
1770854400,2026-02-12 00:00:00,2755.048,2757.049,2746.315,2755.319
1770858000,2026-02-12 01:00:00,2755.484,2761.565,2748.454,2757.178
1770861600,2026-02-12 02:00:00,2757.592,2772.828,2757.592,2761.002
1770865200,2026-02-12 03:00:00,2761.248,2771.99,2759.549,2764.39
1770868800,2026-02-12 04:00:00,2764.273,2782.755,2761.943,2779.805
1770872400,2026-02-12 05:00:00,2779.829,2786.45,2776.253,2781.078
1770876000,2026-02-12 06:00:00,2781.304,2787,2779.135,2781.331
1770879600,2026-02-12 07:00:00,2781.263,2796.117,2780.976,2788.375
1770883200,2026-02-12 08:00:00,2788.386,2796.848,2787.095,2792.707
1770886800,2026-02-12 09:00:00,2792.734,2802.147,2790.929,2799.467
1770890400,2026-02-12 10:00:00,2799.594,2802.024,2795.626,2801.327
1770894000,2026-02-12 11:00:00,2801.486,2817.942,2800.794,2817.209
1770897600,2026-02-12 12:00:00,2817.18,2818.494,2811.197,2811.892
1770901200,2026-02-12 13:00:00,2811.755,2815.682,2800.603,2804.678
1770904800,2026-02-12 14:00:00,2804.805,2806.881,2798.492,2799.276
1770908400,2026-02-12 15:00:00,2799.334,2808.089,2798.053,2804.171
1770912000,2026-02-12 16:00:00,2804.277,2811.219,2801.937,2804.031
1770915600,2026-02-12 17:00:00,2804.233,2813.467,2798.016,2812.538
1770919200,2026-02-12 18:00:00,2812.347,2827.107,2812.143,2822.748
1770922800,2026-02-12 19:00:00,2823.464,2827.225,2814.804,2819.487
1770926400,2026-02-12 20:00:00,2819.396,2819.746,2807.146,2812.469
1770930000,2026-02-12 21:00:00,2812.627,2824.472,2812.161,2821.925
1770933600,2026-02-12 22:00:00,2821.848,2829.468,2819.242,2825.72
1770937200,2026-02-12 23:00:00,2825.952,2830.367,2822.803,2825.899
1770940800,2026-02-13 00:00:00,2825.581,2828.748,2819.149,2824.997
1770944400,2026-02-13 01:00:00,2824.588,2826.765,2817.466,2825.973
1770948000,2026-02-13 02:00:00,2825.666,2827.483,2818.673,2826.995
1770951600,2026-02-13 03:00:00,2827.204,2831.679,2822.845,2829.154
1770955200,2026-02-13 04:00:00,2829.071,2833.136,2822.319,2827.277
1770958800,2026-02-13 05:00:00,2827.312,2828.447,2816.559,2827.548
1770962400,2026-02-13 06:00:00,2827.522,2840.9,2824.916,2839.266
1770966000,2026-02-13 07:00:00,2839.22,2841.002,2831.242,2837.875
1770969600,2026-02-13 08:00:00,2837.624,2838.563,2831.554,2834.52
1770973200,2026-02-13 09:00:00,2834.696,2835.21,2825.92,2831.759
1770976800,2026-02-13 10:00:00,2831.614,2837.222,2824.816,2829.063
1770980400,2026-02-13 11:00:00,2829.02,2837.472,2826.205,2836.059
1770984000,2026-02-13 12:00:00,2835.906,2837.871,2828.819,2828.872
1770987600,2026-02-13 13:00:00,2828.88,2833.72,2821.233,2828.339
1770991200,2026-02-13 14:00:00,2828.234,2835.09,2822.65,2834.72
1770994800,2026-02-13 15:00:00,2834.326,2836.098,2829.384,2833.981
1770998400,2026-02-13 16:00:00,2833.966,2844.809,2833.264,2844.809
1771002000,2026-02-13 17:00:00,2844.89,2846.099,2838.341,2845.115
1771005600,2026-02-13 18:00:00,2845.08,2858.087,2843.041,2857.144
1771009200,2026-02-13 19:00:00,2857.013,2872.138,2857.013,2864.413
1771012800,2026-02-13 20:00:00,2864.095,2871.05,2861.725,2861.725
1771016400,2026-02-13 21:00:00,2861.93,2864.235,2856.759,2858.929
1771020000,2026-02-13 22:00:00,2858.985,2861.912,2853.216,2861.657
1771023600,2026-02-13 23:00:00,2861.701,2869.106,2854.218,2866.487
1771027200,2026-02-14 00:00:00,2866.299,2867.996,2855.736,2856.841
1771030800,2026-02-14 01:00:00,2856.925,2861.876,2854.371,2857.239
1771034400,2026-02-14 02:00:00,2857.251,2865.167,2852.929,2854.059
1771038000,2026-02-14 03:00:00,2853.772,2865.923,2852.944,2864.026
1771041600,2026-02-14 04:00:00,2864.444,2866.649,2851.529,2859.583
1771045200,2026-02-14 05:00:00,2859.688,2865.485,2852.033,2853.621
1771048800,2026-02-14 06:00:00,2853.484,2856.282,2839.668,2842.678
1771052400,2026-02-14 07:00:00,2843.039,2843.433,2834.483,2835.777
1771056000,2026-02-14 08:00:00,2835.639,2838.118,2828.905,2834.857
1771059600,2026-02-14 09:00:00,2835.093,2839.499,2829.008,2833.259
1771063200,2026-02-14 10:00:00,2833.226,2836.324,2820.644,2824.594
1771066800,2026-02-14 11:00:00,2824.701,2829.866,2818.973,2819.765
1771070400,2026-02-14 12:00:00,2819.572,2829.682,2818.319,2829.556
1771074000,2026-02-14 13:00:00,2829.589,2834.697,2822.029,2825.166
1771077600,2026-02-14 14:00:00,2825.065,2828.056,2816.767,2819.017
1771081200,2026-02-14 15:00:00,2818.97,2831.97,2815.29,2831.009
1771084800,2026-02-14 16:00:00,2831.188,2833.488,2825.525,2831.953
1771088400,2026-02-14 17:00:00,2831.629,2833.675,2823.019,2827.795
1771092000,2026-02-14 18:00:00,2827.672,2837.489,2824.512,2830.593
1771095600,2026-02-14 19:00:00,2830.349,2841.518,2828.015,2835.818
1771099200,2026-02-14 20:00:00,2836.009,2844.317,2832.515,2843.418
1771102800,2026-02-14 21:00:00,2843.542,2847.002,2836.514,2842.957
1771106400,2026-02-14 22:00:00,2842.963,2848.5,2840.03,2846.678
1771110000,2026-02-14 23:00:00,2847.016,2847.016,2834.845,2837.775
1771113600,2026-02-15 00:00:00,2837.551,2838.562,2830.206,2836.062
1771117200,2026-02-15 01:00:00,2836.163,2839.859,2830.11,2839.24
1771120800,2026-02-15 02:00:00,2839.357,2847.267,2837.465,2838.015
1771124400,2026-02-15 03:00:00,2837.95,2842.057,2826,2831.342
1771128000,2026-02-15 04:00:00,2831.123,2840.927,2830.648,2836.606
1771131600,2026-02-15 05:00:00,2836.435,2845.959,2833.723,2841.684
1771135200,2026-02-15 06:00:00,2841.65,2842.852,2830.815,2834.334
1771138800,2026-02-15 07:00:00,2834.3,2839.945,2832.243,2834.015
1771142400,2026-02-15 08:00:00,2834.093,2837.084,2823.848,2831.387
1771146000,2026-02-15 09:00:00,2831.274,2831.708,2814.65,2818.103
1771149600,2026-02-15 10:00:00,2818.295,2824.606,2816.665,2823.597
1771153200,2026-02-15 11:00:00,2823.658,2823.883,2797.848,2798.465
1771156800,2026-02-15 12:00:00,2798.512,2803.981,2791.552,2799.572
1771160400,2026-02-15 13:00:00,2799.468,2806.538,2796.295,2799.406
1771164000,2026-02-15 14:00:00,2799.045,2801.393,2791.878,2800.963
1771167600,2026-02-15 15:00:00,2801.076,2806.437,2798.932,2803.023
1771171200,2026-02-15 16:00:00,2802.842,2805.549,2799.765,2801.37
1771174800,2026-02-15 17:00:00,2801.145,2807.942,2796.263,2796.846
1771178400,2026-02-15 18:00:00,2797.006,2800.617,2793.665,2797.943
1771182000,2026-02-15 19:00:00,2798.049,2815.341,2795.505,2814.122
1771185600,2026-02-15 20:00:00,2814.251,2818.428,2805.3,2805.437
1771189200,2026-02-15 21:00:00,2804.894,2812.107,2802.821,2811.297
1771192800,2026-02-15 22:00:00,2811.396,2813.006,2804.7,2808.246
1771196400,2026-02-15 23:00:00,2808.149,2817.02,2806.827,2812.755
1771200000,2026-02-16 00:00:00,2812.785,2818.967,2810.406,2814.665
1771203600,2026-02-16 01:00:00,2814.985,2822.944,2811.126,2820.599
1771207200,2026-02-16 02:00:00,2820.741,2828.409,2816.557,2827.104
1771210800,2026-02-16 03:00:00,2826.93,2832.591,2822.784,2831.124
1771214400,2026-02-16 04:00:00,2831.126,2835.403,2825.24,2834.8
1771218000,2026-02-16 05:00:00,2835.13,2843.46,2831.274,2831.961
1771221600,2026-02-16 06:00:00,2831.898,2833.014,2812.382,2815.695
1771225200,2026-02-16 07:00:00,2815.922,2821.499,2810.253,2811.207
1771228800,2026-02-16 08:00:00,2811.348,2816.937,2810.84,2811.513
1771232400,2026-02-16 09:00:00,2811.436,2812.741,2795.33,2802.156
1771236000,2026-02-16 10:00:00,2802.232,2806.29,2798.273,2802.827
1771239600,2026-02-16 11:00:00,2802.83,2805.839,2797.843,2798.365
1771243200,2026-02-16 12:00:00,2798.067,2799.951,2790.091,2792.319
1771246800,2026-02-16 13:00:00,2792.207,2803.215,2791.307,2801.16
1771250400,2026-02-16 14:00:00,2800.923,2802.321,2794.27,2802.043
1771254000,2026-02-16 15:00:00,2801.993,2804.481,2791.309,2795.076
1771257600,2026-02-16 16:00:00,2794.995,2795.802,2781.395,2786.778
1771261200,2026-02-16 17:00:00,2786.587,2795.327,2784.968,2786.79
1771264800,2026-02-16 18:00:00,2786.895,2787.568,2774.617,2776.934
1771268400,2026-02-16 19:00:00,2776.994,2784.8,2773.674,2778.479
1771272000,2026-02-16 20:00:00,2778.46,2797.543,2775.502,2797.543
1771275600,2026-02-16 21:00:00,2797.44,2802.45,2789.701,2794.502
1771279200,2026-02-16 22:00:00,2794.551,2803.097,2791.035,2800.806
1771282800,2026-02-16 23:00:00,2800.784,2802.474,2796.131,2799.871
1771286400,2026-02-17 00:00:00,2800.111,2816.113,2798.897,2811.224
1771290000,2026-02-17 01:00:00,2811.481,2818.336,2808.536,2812.109
1771293600,2026-02-17 02:00:00,2812.258,2812.258,2803.515,2806.035
1771297200,2026-02-17 03:00:00,2806.261,2816.341,2802.994,2814.566
1771300800,2026-02-17 04:00:00,2814.555,2835.601,2813.571,2823.563
1771304400,2026-02-17 05:00:00,2823.48,2825.903,2816.734,2817.372
1771308000,2026-02-17 06:00:00,2817.364,2820.92,2812.894,2814.757
1771311600,2026-02-17 07:00:00,2814.855,2815.663,2801.469,2806.418
1771315200,2026-02-17 08:00:00,2806.565,2809.662,2795.522,2801.003
1771318800,2026-02-17 09:00:00,2801.302,2810.23,2797.616,2810.23
1771322400,2026-02-17 10:00:00,2810.273,2823.452,2808.409,2819.579
1771326000,2026-02-17 11:00:00,2819.464,2823.081,2815.401,2817.056
1771329600,2026-02-17 12:00:00,2817.223,2818.873,2812.084,2814.736
1771333200,2026-02-17 13:00:00,2814.912,2820.862,2810.178,2813.766
1771336800,2026-02-17 14:00:00,2814.004,2815.145,2807.523,2810.51
1771340400,2026-02-17 15:00:00,2810.574,2813.387,2804.895,2811.03
1771344000,2026-02-17 16:00:00,2810.837,2817.16,2803.023,2805.706
1771347600,2026-02-17 17:00:00,2805.739,2811.926,2803.548,2811.373
1771351200,2026-02-17 18:00:00,2811.616,2815.217,2806.941,2807.62
1771354800,2026-02-17 19:00:00,2807.382,2821.201,2805.333,2821.037
1771358400,2026-02-17 20:00:00,2821.353,2828.224,2820.231,2826.109
1771362000,2026-02-17 21:00:00,2825.957,2829.724,2820.918,2822.688
1771365600,2026-02-17 22:00:00,2822.665,2828.048,2816.248,2825.605
1771369200,2026-02-17 23:00:00,2825.564,2833.692,2822.521,2824.62
1771372800,2026-02-18 00:00:00,2824.889,2828.652,2818.985,2823.644
1771376400,2026-02-18 01:00:00,2823.887,2827.758,2811.284,2817.875
1771380000,2026-02-18 02:00:00,2818.243,2819.314,2810.035,2814.039
1771383600,2026-02-18 03:00:00,2813.888,2829.508,2812.262,2828.309
1771387200,2026-02-18 04:00:00,2828.39,2828.39,2818.018,2818.018
1771390800,2026-02-18 05:00:00,2817.649,2820.948,2808.999,2810.449
1771394400,2026-02-18 06:00:00,2810.54,2812.868,2794.129,2794.214
1771398000,2026-02-18 07:00:00,2794.162,2801.559,2790.773,2799.737
1771401600,2026-02-18 08:00:00,2799.453,2815.871,2798.644,2814.193
1771405200,2026-02-18 09:00:00,2814.155,2814.743,2806.91,2811.508
1771408800,2026-02-18 10:00:00,2811.372,2815.026,2804.904,2814.005
1771412400,2026-02-18 11:00:00,2814.002,2827.766,2813.153,2827.126
1771416000,2026-02-18 12:00:00,2826.992,2832.905,2815.474,2819.24
1771419600,2026-02-18 13:00:00,2819.34,2819.431,2806.329,2813.567
1771423200,2026-02-18 14:00:00,2813.665,2814.469,2804.975,2806.019
1771426800,2026-02-18 15:00:00,2805.78,2808.255,2794.046,2794.698
1771430400,2026-02-18 16:00:00,2794.841,2800.321,2791.728,2794.036
1771434000,2026-02-18 17:00:00,2794.236,2805.381,2792.552,2798.258
1771437600,2026-02-18 18:00:00,2798.428,2806.539,2796.66,2797.924
1771441200,2026-02-18 19:00:00,2797.804,2799.304,2789.83,2791.357
1771444800,2026-02-18 20:00:00,2791.133,2798.182,2786.355,2796.818
1771448400,2026-02-18 21:00:00,2796.631,2797.184,2786.062,2787.936
1771452000,2026-02-18 22:00:00,2787.664,2790.679,2775.74,2777.153
1771455600,2026-02-18 23:00:00,2776.938,2782.144,2773.435,2780.122
1771459200,2026-02-19 00:00:00,2780.338,2788.376,2775.383,2784.826
1771462800,2026-02-19 01:00:00,2784.856,2791.423,2781.739,2790.321
1771466400,2026-02-19 02:00:00,2790.092,2809.733,2790.092,2807.929
1771470000,2026-02-19 03:00:00,2807.857,2808.779,2793.646,2797.606
1771473600,2026-02-19 04:00:00,2797.795,2816.276,2797.07,2814.156
1771477200,2026-02-19 05:00:00,2814.065,2818.528,2808.79,2812.855
1771480800,2026-02-19 06:00:00,2813.141,2827.122,2810.14,2823.745
1771484400,2026-02-19 07:00:00,2823.552,2834.29,2823.147,2830.24
1771488000,2026-02-19 08:00:00,2830.043,2842.782,2829.871,2836.268
1771491600,2026-02-19 09:00:00,2836.344,2844.645,2832.069,2843.212
1771495200,2026-02-19 10:00:00,2843.271,2847.616,2838.13,2847.307
1771498800,2026-02-19 11:00:00,2847.442,2859.971,2847.442,2854.952
1771502400,2026-02-19 12:00:00,2855.061,2858.719,2851.098,2858.204
1771506000,2026-02-19 13:00:00,2858.357,2864.496,2855.166,2859.934
1771509600,2026-02-19 14:00:00,2859.808,2862.186,2854.956,2859.984
1771513200,2026-02-19 15:00:00,2859.755,2872.272,2858.178,2872.188
1771516800,2026-02-19 16:00:00,2871.842,2872.694,2864.264,2868.409
1771520400,2026-02-19 17:00:00,2868.914,2881.317,2868.763,2880.549
1771524000,2026-02-19 18:00:00,2880.473,2885.683,2876.997,2879.839
1771527600,2026-02-19 19:00:00,2879.707,2897.01,2879.174,2896.247
1771531200,2026-02-19 20:00:00,2896.252,2908.46,2894.623,2908.174
1771534800,2026-02-19 21:00:00,2908.485,2928.988,2908.343,2920.788
1771538400,2026-02-19 22:00:00,2920.861,2926.434,2916.483,2919.843
1771542000,2026-02-19 23:00:00,2919.698,2925.16,2913.954,2915.231
1771545600,2026-02-20 00:00:00,2915.088,2918.764,2900.308,2902.403
1771549200,2026-02-20 01:00:00,2902.213,2905.932,2897.7,2905.932
1771552800,2026-02-20 02:00:00,2905.899,2910.423,2902.625,2903.474
1771556400,2026-02-20 03:00:00,2903.563,2905.33,2897.848,2901.515
1771560000,2026-02-20 04:00:00,2901.389,2904.16,2892.349,2900.623
1771563600,2026-02-20 05:00:00,2900.425,2912.615,2899.295,2910.833
1771567200,2026-02-20 06:00:00,2910.771,2915.382,2906.07,2914.229
1771570800,2026-02-20 07:00:00,2914.315,2916.976,2904.036,2908.836
1771574400,2026-02-20 08:00:00,2908.872,2918.403,2907.556,2918.403
1771578000,2026-02-20 09:00:00,2918.437,2919.258,2908.836,2912.999
1771581600,2026-02-20 10:00:00,2912.83,2926.444,2912.346,2925.135
1771585200,2026-02-20 11:00:00,2925.361,2929.66,2918.667,2927.347
1771588800,2026-02-20 12:00:00,2927.33,2932.014,2917.358,2920.115
1771592400,2026-02-20 13:00:00,2920.299,2923.854,2911.423,2919.463
1771596000,2026-02-20 14:00:00,2919.287,2919.378,2904.631,2908.919
1771599600,2026-02-20 15:00:00,2909.059,2913.404,2903.572,2905.07
1771603200,2026-02-20 16:00:00,2904.927,2908.621,2901.922,2904.682
1771606800,2026-02-20 17:00:00,2904.719,2912.527,2899.328,2909.154
1771610400,2026-02-20 18:00:00,2909.063,2915.252,2907.483,2910.776
1771614000,2026-02-20 19:00:00,2910.529,2921.268,2910.225,2917.628
1771617600,2026-02-20 20:00:00,2917.663,2919.446,2910.829,2912.533
1771621200,2026-02-20 21:00:00,2912.837,2913.498,2890.088,2892.21
1771624800,2026-02-20 22:00:00,2892.371,2892.38,2883.824,2885.626
1771628400,2026-02-20 23:00:00,2885.991,2890.178,2878.221,2880.451
1771632000,2026-02-21 00:00:00,2880.494,2882.186,2870.837,2876.673
1771635600,2026-02-21 01:00:00,2876.694,2881.989,2869.741,2878.336
1771639200,2026-02-21 02:00:00,2878.55,2884.954,2870.997,2871.302
1771642800,2026-02-21 03:00:00,2871.362,2873.532,2865.808,2870.141
1771646400,2026-02-21 04:00:00,2870.451,2874.861,2867.365,2870.232
1771650000,2026-02-21 05:00:00,2870.407,2874.131,2867.62,2872.316
1771653600,2026-02-21 06:00:00,2872.254,2879.723,2871.209,2877.787
1771657200,2026-02-21 07:00:00,2877.753,2882.642,2874.168,2876.673
1771660800,2026-02-21 08:00:00,2876.519,2881.075,2874.473,2874.873
1771664400,2026-02-21 09:00:00,2874.822,2877.801,2869.562,2874.247
1771668000,2026-02-21 10:00:00,2874.485,2884.265,2872.219,2872.883
1771671600,2026-02-21 11:00:00,2872.791,2876.276,2866.638,2867.805
1771675200,2026-02-21 12:00:00,2867.919,2874.843,2860.936,2864.355
1771678800,2026-02-21 13:00:00,2864.567,2865.575,2851.814,2858.456
1771682400,2026-02-21 14:00:00,2858.662,2862.964,2852.436,2853.742
1771686000,2026-02-21 15:00:00,2853.603,2858.49,2851.388,2853.493
1771689600,2026-02-21 16:00:00,2853.685,2861.859,2851.624,2859.832
1771693200,2026-02-21 17:00:00,2860.171,2864.868,2857.926,2859.213
1771696800,2026-02-21 18:00:00,2859.22,2871.054,2858.061,2867.026
1771700400,2026-02-21 19:00:00,2866.938,2882.269,2866.608,2880.175
1771704000,2026-02-21 20:00:00,2879.892,2886.254,2871.198,2880.884
1771707600,2026-02-21 21:00:00,2880.785,2894.886,2880.019,2893.398
1771711200,2026-02-21 22:00:00,2893.318,2894.873,2880.391,2884.51
1771714800,2026-02-21 23:00:00,2884.592,2888.35,2880.015,2888.35
1771718400,2026-02-22 00:00:00,2888.277,2889.937,2870.538,2875.466
1771722000,2026-02-22 01:00:00,2875.435,2877.499,2862.027,2865.521
1771725600,2026-02-22 02:00:00,2865.392,2865.951,2855.34,2862.767
1771729200,2026-02-22 03:00:00,2862.827,2863.697,2840.822,2841.508
1771732800,2026-02-22 04:00:00,2841.62,2846.545,2838.534,2844.883
1771736400,2026-02-22 05:00:00,2844.773,2847.896,2840.078,2841.475
1771740000,2026-02-22 06:00:00,2841.441,2846.842,2839.628,2841.44
1771743600,2026-02-22 07:00:00,2841.522,2847.296,2834.727,2835.628
1771747200,2026-02-22 08:00:00,2835.38,2841.236,2826.144,2832.653
1771750800,2026-02-22 09:00:00,2832.682,2836.265,2820.536,2820.729
1771754400,2026-02-22 10:00:00,2820.699,2824.303,2808.526,2824.271
1771758000,2026-02-22 11:00:00,2824.224,2832.302,2819.075,2825.945
1771761600,2026-02-22 12:00:00,2825.903,2828.029,2815.354,2817.611
1771765200,2026-02-22 13:00:00,2817.645,2818.009,2802.024,2805.496
1771768800,2026-02-22 14:00:00,2805.745,2809.738,2804.078,2809.701
1771772400,2026-02-22 15:00:00,2809.415,2813.855,2802.024,2805.102
1771776000,2026-02-22 16:00:00,2805.239,2818.699,2801.015,2817.464
1771779600,2026-02-22 17:00:00,2817.31,2818.011,2811.702,2817.35
1771783200,2026-02-22 18:00:00,2816.951,2820.317,2812.335,2813.597
1771786800,2026-02-22 19:00:00,2813.707,2813.913,2800.072,2806.37
1771790400,2026-02-22 20:00:00,2806.523,2815.033,2804.475,2813.822
1771794000,2026-02-22 21:00:00,2813.949,2817.875,2808.904,2812.469
1771797600,2026-02-22 22:00:00,2812.742,2818.256,2810.42,2812.681
1771801200,2026-02-22 23:00:00,2813.018,2822.611,2811.995,2817.764
1771804800,2026-02-23 00:00:00,2817.751,2820.545,2811.357,2819.099
1771808400,2026-02-23 01:00:00,2819.163,2826.442,2811.927,2814.766
1771812000,2026-02-23 02:00:00,2814.776,2817.887,2810.176,2811.079
1771815600,2026-02-23 03:00:00,2811.052,2825.846,2809.645,2821.079
1771819200,2026-02-23 04:00:00,2821.096,2823.264,2806.212,2808.154
1771822800,2026-02-23 05:00:00,2808.106,2811.338,2800.072,2804.28
1771826400,2026-02-23 06:00:00,2804.145,2810.505,2802.688,2809.01
1771830000,2026-02-23 07:00:00,2809.089,2814.369,2806.369,2813.133
1771833600,2026-02-23 08:00:00,2812.719,2819.45,2809.864,2817.359
1771837200,2026-02-23 09:00:00,2817.256,2826.167,2813.27,2825.467
1771840800,2026-02-23 10:00:00,2825.547,2838.77,2824.244,2828.481
1771844400,2026-02-23 11:00:00,2828.401,2834.497,2824.496,2834.178
1771848000,2026-02-23 12:00:00,2834.212,2850.863,2833.183,2850.342
1771851600,2026-02-23 13:00:00,2850.51,2858.125,2844.357,2845.677
1771855200,2026-02-23 14:00:00,2845.717,2855.014,2845.421,2848.761
1771858800,2026-02-23 15:00:00,2848.82,2861.225,2848.664,2860.503
1771862400,2026-02-23 16:00:00,2860.647,2861.874,2852.393,2858.122
1771866000,2026-02-23 17:00:00,2858.151,2859.99,2854.44,2857.718
1771869600,2026-02-23 18:00:00,2857.803,2859.188,2846.043,2849.38
1771873200,2026-02-23 19:00:00,2849.461,2855.465,2843.394,2844.247
1771876800,2026-02-23 20:00:00,2844.266,2850.889,2838.234,2849.028
1771880400,2026-02-23 21:00:00,2849.269,2865.3,2847.498,2864.134
1771884000,2026-02-23 22:00:00,2863.814,2867.69,2859.971,2867.128
1771887600,2026-02-23 23:00:00,2867.152,2874.823,2864.873,2872.275
1771891200,2026-02-24 00:00:00,2872.726,2873.124,2862.83,2866.388
1771894800,2026-02-24 01:00:00,2866.331,2871.438,2861.104,2862.1
1771898400,2026-02-24 02:00:00,2862.182,2866.366,2849.752,2851.076
1771902000,2026-02-24 03:00:00,2851.202,2856.331,2846.875,2854.413
1771905600,2026-02-24 04:00:00,2854.489,2856.816,2848.64,2856.816
1771909200,2026-02-24 05:00:00,2856.983,2863.492,2854.858,2859.253
1771912800,2026-02-24 06:00:00,2859.083,2859.277,2844.227,2853.426
1771916400,2026-02-24 07:00:00,2853.428,2858.212,2846.583,2846.583
1771920000,2026-02-24 08:00:00,2846.344,2850.662,2841.527,2845.156
1771923600,2026-02-24 09:00:00,2845.532,2861.143,2841.58,2860.247
1771927200,2026-02-24 10:00:00,2860.464,2860.464,2851.898,2852.195
1771930800,2026-02-24 11:00:00,2852.64,2856.353,2842.122,2848.261
1771934400,2026-02-24 12:00:00,2848.256,2857.438,2841.234,2853.975
1771938000,2026-02-24 13:00:00,2854.177,2857.797,2841.934,2844.435
1771941600,2026-02-24 14:00:00,2844.288,2846.228,2829.884,2833.232
1771945200,2026-02-24 15:00:00,2833.251,2834.397,2825.249,2826.253
1771948800,2026-02-24 16:00:00,2826.473,2828.479,2819.385,2822.221
1771952400,2026-02-24 17:00:00,2822.317,2824.931,2814.688,2816.289
1771956000,2026-02-24 18:00:00,2816.452,2817,2800.538,2803.098
1771959600,2026-02-24 19:00:00,2803.125,2803.429,2794.294,2800.166
1771963200,2026-02-24 20:00:00,2799.771,2802.937,2795.352,2800.628
1771966800,2026-02-24 21:00:00,2800.656,2807.931,2799.824,2800.518
1771970400,2026-02-24 22:00:00,2800.58,2802.7,2788.265,2790.206
1771974000,2026-02-24 23:00:00,2790.335,2797.497,2787.214,2797.171
1771977600,2026-02-25 00:00:00,2797.263,2816.246,2795.062,2812.337
1771981200,2026-02-25 01:00:00,2812.375,2821.84,2810.356,2818.445
1771984800,2026-02-25 02:00:00,2818.335,2824.349,2816.026,2823.686
1771988400,2026-02-25 03:00:00,2823.334,2830.696,2819.586,2830.363
1771992000,2026-02-25 04:00:00,2830.733,2835.287,2825.042,2834.883
1771995600,2026-02-25 05:00:00,2834.951,2842.339,2831.027,2832.935
1771999200,2026-02-25 06:00:00,2832.874,2835.96,2824.208,2833.701
1772002800,2026-02-25 07:00:00,2833.843,2841.063,2832.275,2840.579
1772006400,2026-02-25 08:00:00,2840.54,2845.688,2837.53,2842.765
1772010000,2026-02-25 09:00:00,2842.74,2843.349,2834.126,2836.209
1772013600,2026-02-25 10:00:00,2836.208,2839.954,2826.611,2826.701
1772017200,2026-02-25 11:00:00,2826.391,2831.139,2820.874,2824.274
1772020800,2026-02-25 12:00:00,2824.049,2830.583,2821.608,2830.242
1772024400,2026-02-25 13:00:00,2830.325,2849.931,2828.156,2848.832
1772028000,2026-02-25 14:00:00,2848.83,2861.881,2848.759,2858.211
1772031600,2026-02-25 15:00:00,2858.571,2861.863,2854.226,2860.143
1772035200,2026-02-25 16:00:00,2860.012,2865.163,2857.181,2863.102
1772038800,2026-02-25 17:00:00,2863.262,2863.633,2855.276,2858.786
1772042400,2026-02-25 18:00:00,2858.72,2862.833,2853.47,2854.786
1772046000,2026-02-25 19:00:00,2854.829,2862.04,2851.453,2860.329
1772049600,2026-02-25 20:00:00,2860.223,2860.689,2854.103,2855.587
1772053200,2026-02-25 21:00:00,2855.641,2859.553,2844.402,2847.755
1772056800,2026-02-25 22:00:00,2847.849,2853.229,2843.035,2853.019
1772060400,2026-02-25 23:00:00,2852.962,2862.012,2849.306,2859.007
1772064000,2026-02-26 00:00:00,2859.069,2870.398,2858.486,2862.563
1772067600,2026-02-26 01:00:00,2862.119,2868.387,2856.803,2864.158
1772071200,2026-02-26 02:00:00,2864.208,2869.149,2860.665,2865.501
1772074800,2026-02-26 03:00:00,2865.563,2870.199,2862.939,2868.655
1772078400,2026-02-26 04:00:00,2868.62,2879.341,2867.523,2868.984
1772082000,2026-02-26 05:00:00,2869.215,2872.519,2864.005,2867.511
1772085600,2026-02-26 06:00:00,2867.775,2875.085,2858.602,2859
1772089200,2026-02-26 07:00:00,2859.057,2862.687,2855.263,2858.788
1772092800,2026-02-26 08:00:00,2858.709,2858.889,2846.625,2852.79
1772096400,2026-02-26 09:00:00,2852.523,2855.969,2846.596,2852.11
1772100000,2026-02-26 10:00:00,2852.22,2854.005,2844.831,2853.595
1772103600,2026-02-26 11:00:00,2853.639,2864.729,2851.911,2862.467
1772107200,2026-02-26 12:00:00,2862.576,2867.472,2858.036,2858.036
1772110800,2026-02-26 13:00:00,2858.1,2860.065,2853.403,2854.508
1772114400,2026-02-26 14:00:00,2854.602,2865.148,2854.033,2860.59
1772118000,2026-02-26 15:00:00,2860.981,2862.354,2850.647,2853.7
1772121600,2026-02-26 16:00:00,2853.725,2857.64,2849.494,2851.382
1772125200,2026-02-26 17:00:00,2851.262,2856.418,2846.702,2851.565
1772128800,2026-02-26 18:00:00,2851.612,2863.638,2850.367,2863.123
1772132400,2026-02-26 19:00:00,2863.229,2875.382,2863.081,2875.092
1772136000,2026-02-26 20:00:00,2875.116,2876.597,2865.332,2867.68
1772139600,2026-02-26 21:00:00,2867.877,2869.189,2856.4,2865.752
1772143200,2026-02-26 22:00:00,2866.027,2877.859,2864.768,2875.548
1772146800,2026-02-26 23:00:00,2875.606,2886.778,2872.713,2877.322
1772150400,2026-02-27 00:00:00,2877.384,2886.74,2876.82,2885.015
1772154000,2026-02-27 01:00:00,2884.726,2888.907,2879.22,2884.508
1772157600,2026-02-27 02:00:00,2884.254,2887.459,2869.6,2871.527
1772161200,2026-02-27 03:00:00,2871.433,2878.076,2867.023,2870.662
1772164800,2026-02-27 04:00:00,2870.601,2874.804,2863.589,2872.519
1772168400,2026-02-27 05:00:00,2872.667,2878.639,2867.128,2875.431
1772172000,2026-02-27 06:00:00,2875.383,2876.844,2862.292,2865.56
1772175600,2026-02-27 07:00:00,2865.425,2871.764,2860.147,2860.877
1772179200,2026-02-27 08:00:00,2860.84,2865.585,2856.489,2860.502
1772182800,2026-02-27 09:00:00,2860.427,2866.804,2851.88,2866.442
1772186400,2026-02-27 10:00:00,2866.852,2874.651,2860.71,2874.546
1772190000,2026-02-27 11:00:00,2874.403,2879.203,2866.622,2869.88
1772193600,2026-02-27 12:00:00,2869.847,2879.345,2869.239,2877.815
1772197200,2026-02-27 13:00:00,2877.994,2885.561,2872.665,2873.196
1772200800,2026-02-27 14:00:00,2873.053,2880.467,2869.086,2874.194
1772204400,2026-02-27 15:00:00,2874.253,2881.375,2870.903,2876.902
1772208000,2026-02-27 16:00:00,2876.823,2878.721,2871.592,2874.156
1772211600,2026-02-27 17:00:00,2874.069,2881.257,2870.015,2870.239
1772215200,2026-02-27 18:00:00,2870.011,2874.702,2867.616,2868.912
1772218800,2026-02-27 19:00:00,2869.156,2874.03,2866.22,2871.131
1772222400,2026-02-27 20:00:00,2871.22,2877.99,2868.463,2876.388
1772226000,2026-02-27 21:00:00,2876.589,2877.618,2863.051,2871.054
1772229600,2026-02-27 22:00:00,2870.802,2878.523,2863.317,2863.521
1772233200,2026-02-27 23:00:00,2863.556,2870.663,2860.194,2868.008
1772236800,2026-02-28 00:00:00,2868.141,2870.868,2857.606,2861.577
1772240400,2026-02-28 01:00:00,2861.553,2865.819,2856.338,2861.814
1772244000,2026-02-28 02:00:00,2861.571,2868.067,2847.655,2850.908
1772247600,2026-02-28 03:00:00,2850.715,2855.961,2840.855,2845.031
1772251200,2026-02-28 04:00:00,2845.084,2850.846,2838.691,2841.967
1772254800,2026-02-28 05:00:00,2842.181,2847.305,2838.891,2842.16
1772258400,2026-02-28 06:00:00,2842.044,2845.535,2833.479,2835.567
1772262000,2026-02-28 07:00:00,2835.607,2847.176,2835.422,2840.379
1772265600,2026-02-28 08:00:00,2840.419,2854.81,2839.842,2853.134
1772269200,2026-02-28 09:00:00,2853.314,2856.041,2841.849,2846.681
1772272800,2026-02-28 10:00:00,2846.284,2864.327,2845.666,2862.628
1772276400,2026-02-28 11:00:00,2862.801,2871.028,2860.973,2867.042
1772280000,2026-02-28 12:00:00,2867.085,2881.47,2864.722,2878.307
1772283600,2026-02-28 13:00:00,2878.419,2887.748,2867.425,2868.835
1772287200,2026-02-28 14:00:00,2868.855,2873.681,2867.228,2870.939
1772290800,2026-02-28 15:00:00,2871.097,2880.665,2869.36,2878.637
1772294400,2026-02-28 16:00:00,2878.392,2882.395,2872.352,2876.363
1772298000,2026-02-28 17:00:00,2876.341,2883.48,2871.974,2883.23
1772301600,2026-02-28 18:00:00,2883.309,2889.795,2881.107,2887.038
1772305200,2026-02-28 19:00:00,2887.163,2893.604,2882.565,2890.468
1772308800,2026-02-28 20:00:00,2890.42,2903.038,2888.571,2900.787
1772312400,2026-02-28 21:00:00,2900.661,2900.92,2885.914,2899.382
1772316000,2026-02-28 22:00:00,2899.62,2900.901,2890.851,2898.906
1772319600,2026-02-28 23:00:00,2899.01,2899.36,2885.788,2886.805
1772323200,2026-03-01 00:00:00,2886.76,2892.448,2878.826,2881.479
1772326800,2026-03-01 01:00:00,2881.758,2895.176,2878.301,2891.274
1772330400,2026-03-01 02:00:00,2891.593,2898.719,2886.262,2898.704
1772334000,2026-03-01 03:00:00,2898.704,2918.031,2897.639,2917.576
1772337600,2026-03-01 04:00:00,2917.76,2924.189,2915.743,2919.265
1772341200,2026-03-01 05:00:00,2919.474,2932.432,2917.301,2932.092
1772344800,2026-03-01 06:00:00,2932.045,2949.91,2932.029,2949.132
1772348400,2026-03-01 07:00:00,2949.32,2951.563,2944.682,2949.174
1772352000,2026-03-01 08:00:00,2949.028,2958.016,2944.712,2954.096
1772355600,2026-03-01 09:00:00,2954.269,2973.618,2951.272,2973.167
1772359200,2026-03-01 10:00:00,2973.281,2978.716,2967.014,2976.985
1772362800,2026-03-01 11:00:00,2976.708,2985.724,2972.229,2977.272
1772366400,2026-03-01 12:00:00,2977.208,2977.861,2968.665,2969.42
1772370000,2026-03-01 13:00:00,2969.443,2974.606,2964.032,2973.006
1772373600,2026-03-01 14:00:00,2973.221,2982.599,2968.154,2972.866
1772377200,2026-03-01 15:00:00,2973.093,2973.594,2961.422,2969.258
1772380800,2026-03-01 16:00:00,2969.38,2976.73,2966.292,2970.384
1772384400,2026-03-01 17:00:00,2970.273,2970.849,2953.651,2955.004
1772388000,2026-03-01 18:00:00,2954.96,2955.41,2945.691,2946.839
1772391600,2026-03-01 19:00:00,2946.874,2954.889,2946.874,2950.683
1772395200,2026-03-01 20:00:00,2950.81,2957.239,2940.329,2942.649
1772398800,2026-03-01 21:00:00,2942.567,2946.377,2939.243,2943.314
1772402400,2026-03-01 22:00:00,2943.427,2951.871,2938.721,2950.057
1772406000,2026-03-01 23:00:00,2949.933,2950.401,2936.273,2939.169
1772409600,2026-03-02 00:00:00,2939.204,2948.697,2937.821,2946.653
1772413200,2026-03-02 01:00:00,2947.092,2957.115,2937.448,2940.582
1772416800,2026-03-02 02:00:00,2940.649,2941.793,2928.36,2932.997
1772420400,2026-03-02 03:00:00,2932.853,2938.258,2930.198,2932.512
1772424000,2026-03-02 04:00:00,2932.706,2943.047,2928.097,2942.075
1772427600,2026-03-02 05:00:00,2942.173,2942.981,2930.139,2934.17
1772431200,2026-03-02 06:00:00,2934.381,2938.441,2930.671,2937.202
1772434800,2026-03-02 07:00:00,2937.143,2938.166,2924.733,2928.364
1772438400,2026-03-02 08:00:00,2928.361,2931.157,2923.133,2926.478
1772442000,2026-03-02 09:00:00,2926.594,2927.014,2911.719,2920.685
1772445600,2026-03-02 10:00:00,2920.618,2922.22,2906.574,2908.091
1772449200,2026-03-02 11:00:00,2908.064,2916.351,2907.077,2911.214
1772452800,2026-03-02 12:00:00,2911.277,2918.373,2908.736,2916.668
1772456400,2026-03-02 13:00:00,2916.83,2918.379,2908.477,2910.593
1772460000,2026-03-02 14:00:00,2910.458,2925.581,2905.622,2923.563
1772463600,2026-03-02 15:00:00,2923.67,2926.764,2915.441,2915.478
1772467200,2026-03-02 16:00:00,2915.559,2922.352,2912.916,2919.199
1772470800,2026-03-02 17:00:00,2919.173,2919.607,2907.612,2910.579
1772474400,2026-03-02 18:00:00,2910.462,2913.507,2898.479,2898.479
1772478000,2026-03-02 19:00:00,2898.704,2903.252,2891.666,2900.058
1772481600,2026-03-02 20:00:00,2900.144,2901.537,2891.541,2897.819
1772485200,2026-03-02 21:00:00,2897.752,2913.619,2896.965,2912.628
1772488800,2026-03-02 22:00:00,2912.734,2918.374,2910.689,2917.596
1772492400,2026-03-02 23:00:00,2917.497,2918.262,2906.035,2907.933
1772496000,2026-03-03 00:00:00,2907.84,2917.267,2902.832,2915.498
1772499600,2026-03-03 01:00:00,2915.659,2915.984,2900.339,2901.114
1772503200,2026-03-03 02:00:00,2900.508,2912.796,2900.102,2906.939
1772506800,2026-03-03 03:00:00,2906.7,2913.202,2902.732,2906.2
1772510400,2026-03-03 04:00:00,2906.156,2910.633,2899.851,2901.119
1772514000,2026-03-03 05:00:00,2900.97,2904.525,2893.5,2894.483
1772517600,2026-03-03 06:00:00,2894.566,2901.301,2894.566,2899.208
1772521200,2026-03-03 07:00:00,2899.503,2902.265,2886.931,2889.055
1772524800,2026-03-03 08:00:00,2889.005,2909.221,2887.698,2907.4
1772528400,2026-03-03 09:00:00,2907.155,2918.769,2904.736,2918.26
1772532000,2026-03-03 10:00:00,2918.069,2920.029,2899.394,2902.28
1772535600,2026-03-03 11:00:00,2902.572,2913.434,2900.742,2911.061
1772539200,2026-03-03 12:00:00,2911.156,2911.156,2900.108,2903.332
1772542800,2026-03-03 13:00:00,2903.523,2908.7,2885.441,2886.352
1772546400,2026-03-03 14:00:00,2886.363,2894.909,2885.523,2891.457
1772550000,2026-03-03 15:00:00,2891.643,2892.131,2881.595,2884.434
1772553600,2026-03-03 16:00:00,2884.489,2888.137,2878.03,2878.443
1772557200,2026-03-03 17:00:00,2878.595,2889.654,2872.137,2872.796
1772560800,2026-03-03 18:00:00,2872.826,2881.85,2868.079,2880.823
1772564400,2026-03-03 19:00:00,2880.907,2887.775,2877.851,2878.668
1772568000,2026-03-03 20:00:00,2878.729,2883.473,2875.759,2879.624
1772571600,2026-03-03 21:00:00,2879.676,2881.031,2872.512,2876.933
1772575200,2026-03-03 22:00:00,2877.034,2877.99,2860.421,2862.811
1772578800,2026-03-03 23:00:00,2862.889,2863.258,2856.931,2861.92
1772582400,2026-03-04 00:00:00,2861.945,2862.685,2853.545,2858.787
1772586000,2026-03-04 01:00:00,2858.69,2872.594,2857.995,2872.221
1772589600,2026-03-04 02:00:00,2872.096,2879.766,2868.016,2868.071
1772593200,2026-03-04 03:00:00,2868.2,2874.889,2866.447,2874.236
1772596800,2026-03-04 04:00:00,2874.169,2874.777,2859.409,2860.291
1772600400,2026-03-04 05:00:00,2860.477,2869.868,2860.334,2864.899
1772604000,2026-03-04 06:00:00,2864.707,2870.812,2862.044,2865.112
1772607600,2026-03-04 07:00:00,2864.904,2868.025,2861.524,2866.6
1772611200,2026-03-04 08:00:00,2866.502,2872.313,2864.727,2868.404
1772614800,2026-03-04 09:00:00,2868.408,2875.87,2862.354,2865.242
1772618400,2026-03-04 10:00:00,2865.511,2868.928,2856.88,2868.067
1772622000,2026-03-04 11:00:00,2867.73,2875.035,2859.615,2861.673
1772625600,2026-03-04 12:00:00,2861.959,2867.501,2856.262,2862.211
1772629200,2026-03-04 13:00:00,2862.182,2867.456,2858.907,2865.303
1772632800,2026-03-04 14:00:00,2864.96,2866.294,2851.911,2851.941
1772636400,2026-03-04 15:00:00,2851.701,2863.56,2851.701,2860.807
1772640000,2026-03-04 16:00:00,2860.808,2865.355,2856.438,2858.625
1772643600,2026-03-04 17:00:00,2858.423,2859.254,2848.981,2848.981
1772647200,2026-03-04 18:00:00,2849.107,2855.612,2847.796,2852.978
1772650800,2026-03-04 19:00:00,2853.281,2855.231,2829.937,2830.333
1772654400,2026-03-04 20:00:00,2830.335,2832.661,2825.59,2828.675
1772658000,2026-03-04 21:00:00,2828.607,2832.583,2822.963,2830.267
1772661600,2026-03-04 22:00:00,2830.074,2833.608,2825.012,2825.79
1772665200,2026-03-04 23:00:00,2825.751,2828.574,2820.667,2827.139
1772668800,2026-03-05 00:00:00,2827.395,2834.128,2826.993,2830.623
1772672400,2026-03-05 01:00:00,2830.927,2836.203,2827.514,2827.682
1772676000,2026-03-05 02:00:00,2827.744,2832.845,2823.793,2825.824
1772679600,2026-03-05 03:00:00,2825.939,2834.485,2824.052,2827.358
1772683200,2026-03-05 04:00:00,2827.199,2830.772,2819.689,2819.757
1772686800,2026-03-05 05:00:00,2819.929,2831.274,2819.063,2821.242
1772690400,2026-03-05 06:00:00,2821.207,2825.829,2817.531,2820.044
1772694000,2026-03-05 07:00:00,2820.036,2822.186,2805.646,2814.082
1772697600,2026-03-05 08:00:00,2813.986,2825.851,2812.658,2825.824
1772701200,2026-03-05 09:00:00,2826.073,2832.397,2823.388,2830.616
1772704800,2026-03-05 10:00:00,2830.261,2839.603,2827.41,2837.372
1772708400,2026-03-05 11:00:00,2837.536,2849.716,2835.991,2844.07
1772712000,2026-03-05 12:00:00,2844.025,2846.402,2837.386,2840.708
1772715600,2026-03-05 13:00:00,2840.325,2843.132,2836.316,2839.948
1772719200,2026-03-05 14:00:00,2839.776,2841.878,2833.47,2833.717
1772722800,2026-03-05 15:00:00,2833.803,2837.696,2830.505,2836.804
1772726400,2026-03-05 16:00:00,2836.53,2844.539,2830.738,2833.293
1772730000,2026-03-05 17:00:00,2833.161,2837.752,2829.458,2830.927
1772733600,2026-03-05 18:00:00,2830.934,2837.086,2821.418,2833.815
1772737200,2026-03-05 19:00:00,2833.902,2837.008,2826.39,2829.228
1772740800,2026-03-05 20:00:00,2829.397,2829.897,2816.728,2819.23
1772744400,2026-03-05 21:00:00,2819.123,2819.818,2809.033,2818.656
1772748000,2026-03-05 22:00:00,2818.606,2827.533,2816.454,2822.446
1772751600,2026-03-05 23:00:00,2822.25,2824.339,2817.977,2818.412
1772755200,2026-03-06 00:00:00,2818.717,2826.452,2817.723,2826.211
1772758800,2026-03-06 01:00:00,2826.205,2829.623,2811.096,2811.31
1772762400,2026-03-06 02:00:00,2811.29,2813.43,2803.136,2811.104
1772766000,2026-03-06 03:00:00,2811.023,2822.406,2810.271,2819.305
1772769600,2026-03-06 04:00:00,2819.259,2824.095,2817.898,2818.207
1772773200,2026-03-06 05:00:00,2818.279,2820.641,2813.861,2817.926
1772776800,2026-03-06 06:00:00,2817.873,2826.103,2816.976,2823.653
1772780400,2026-03-06 07:00:00,2823.203,2831.294,2822.453,2828.505
1772784000,2026-03-06 08:00:00,2828.577,2831.774,2812.405,2819.452
1772787600,2026-03-06 09:00:00,2819.474,2833.715,2819.037,2827.012
1772791200,2026-03-06 10:00:00,2826.994,2833.239,2822.984,2831.196
1772794800,2026-03-06 11:00:00,2831.186,2842.145,2830.952,2835.755
1772798400,2026-03-06 12:00:00,2835.669,2835.669,2823.421,2830.636
1772802000,2026-03-06 13:00:00,2830.806,2840.757,2829.678,2838.075
1772805600,2026-03-06 14:00:00,2837.823,2841.922,2830.795,2831.204
1772809200,2026-03-06 15:00:00,2831.261,2837.23,2826.065,2831.587
1772812800,2026-03-06 16:00:00,2831.794,2837.228,2828.606,2835.919
1772816400,2026-03-06 17:00:00,2835.687,2853.543,2834.838,2849.815
1772820000,2026-03-06 18:00:00,2849.995,2856.956,2844.862,2855.956
1772823600,2026-03-06 19:00:00,2856.037,2860.358,2848.733,2853.353
1772827200,2026-03-06 20:00:00,2853.358,2859.51,2848.685,2850.256
1772830800,2026-03-06 21:00:00,2850.346,2850.615,2837.752,2840.884
1772834400,2026-03-06 22:00:00,2840.64,2841.477,2820.351,2820.807
1772838000,2026-03-06 23:00:00,2820.708,2825.639,2819.029,2824.694
1772841600,2026-03-07 00:00:00,2824.82,2835.319,2822.197,2831.212
1772845200,2026-03-07 01:00:00,2831.05,2846.376,2830.661,2839.102
1772848800,2026-03-07 02:00:00,2839.244,2847.933,2836.655,2841.582
1772852400,2026-03-07 03:00:00,2841.539,2851.467,2840.318,2844.063
1772856000,2026-03-07 04:00:00,2843.964,2844.857,2833.915,2836.437
1772859600,2026-03-07 05:00:00,2836.284,2839.6,2824.221,2824.631
1772863200,2026-03-07 06:00:00,2824.537,2825.505,2813.64,2820.047
1772866800,2026-03-07 07:00:00,2820.048,2830.901,2815.444,2830.487
1772870400,2026-03-07 08:00:00,2830.36,2833.719,2824.405,2832.161
1772874000,2026-03-07 09:00:00,2832.181,2839.807,2830.308,2835.823
1772877600,2026-03-07 10:00:00,2835.423,2848.355,2834.871,2841.72
1772881200,2026-03-07 11:00:00,2842.046,2846.972,2836.596,2842.873
1772884800,2026-03-07 12:00:00,2842.979,2849.553,2838.451,2849.257
1772888400,2026-03-07 13:00:00,2849.158,2859.935,2847.777,2859.276
1772892000,2026-03-07 14:00:00,2859.115,2859.874,2840.82,2841.475
1772895600,2026-03-07 15:00:00,2841.694,2850.559,2840.645,2849.519
1772899200,2026-03-07 16:00:00,2849.379,2849.968,2842.738,2843.155
1772902800,2026-03-07 17:00:00,2843.272,2844.322,2835.452,2839.199
1772906400,2026-03-07 18:00:00,2839.066,2860.151,2838.15,2858.792
1772910000,2026-03-07 19:00:00,2858.925,2859.712,2847.407,2850.646
1772913600,2026-03-07 20:00:00,2851.072,2859.683,2850.442,2856.937
1772917200,2026-03-07 21:00:00,2856.776,2863.275,2852.012,2858.637
1772920800,2026-03-07 22:00:00,2858.596,2860.117,2848.699,2852.725
1772924400,2026-03-07 23:00:00,2852.742,2861.927,2851.88,2855.136
1772928000,2026-03-08 00:00:00,2855.341,2868.243,2853.708,2868.243
1772931600,2026-03-08 01:00:00,2868.18,2868.543,2853.932,2854.625
1772935200,2026-03-08 02:00:00,2854.838,2858.171,2847.71,2851.282
1772938800,2026-03-08 03:00:00,2851.524,2860.528,2850.603,2858.713
1772942400,2026-03-08 04:00:00,2858.819,2861.328,2851.289,2852.524
1772946000,2026-03-08 05:00:00,2852.736,2860.534,2851.898,2859.408
1772949600,2026-03-08 06:00:00,2859.185,2872.57,2857.409,2870.529
1772953200,2026-03-08 07:00:00,2870.994,2871.259,2861.35,2863.295
1772956800,2026-03-08 08:00:00,2863.59,2871.186,2861.669,2862.252
1772960400,2026-03-08 09:00:00,2862.411,2873.263,2855.964,2868.551
1772964000,2026-03-08 10:00:00,2868.324,2882.452,2868.272,2881.692
1772967600,2026-03-08 11:00:00,2881.869,2889.716,2880.602,2886.412
1772971200,2026-03-08 12:00:00,2886.827,2895.056,2886.093,2893.849
1772974800,2026-03-08 13:00:00,2893.803,2905.299,2893.337,2900.88
1772978400,2026-03-08 14:00:00,2900.748,2905.142,2896.756,2904.338
1772982000,2026-03-08 15:00:00,2904.269,2905.568,2898.291,2901.742
1772985600,2026-03-08 16:00:00,2901.285,2913.721,2899.556,2909.579
1772989200,2026-03-08 17:00:00,2909.545,2916.892,2905.628,2908.336
1772992800,2026-03-08 18:00:00,2907.935,2912.134,2900.298,2904.078
1772996400,2026-03-08 19:00:00,2904.139,2912.554,2903.976,2906.785
1773000000,2026-03-08 20:00:00,2906.883,2908.221,2887.711,2896.651
1773003600,2026-03-08 21:00:00,2896.392,2907.478,2894.496,2896.509
1773007200,2026-03-08 22:00:00,2896.571,2903.015,2890.096,2900.865
1773010800,2026-03-08 23:00:00,2900.683,2907.013,2895.744,2900.216
1773014400,2026-03-09 00:00:00,2900.494,2915.364,2897.005,2909.971
1773018000,2026-03-09 01:00:00,2910.182,2925.182,2907.219,2923.308
1773021600,2026-03-09 02:00:00,2923.302,2925.493,2916.759,2922.306
1773025200,2026-03-09 03:00:00,2922.267,2928.542,2920.393,2928.542
1773028800,2026-03-09 04:00:00,2928.375,2928.375,2909.638,2911.566
1773032400,2026-03-09 05:00:00,2911.281,2916.764,2902.619,2916.764
1773036000,2026-03-09 06:00:00,2916.796,2931.743,2914.129,2924.046
1773039600,2026-03-09 07:00:00,2923.947,2924.293,2905.109,2905.551
1773043200,2026-03-09 08:00:00,2905.404,2905.614,2892.325,2901.126
1773046800,2026-03-09 09:00:00,2901.196,2922.412,2900.183,2921.764
1773050400,2026-03-09 10:00:00,2921.682,2935.242,2916.16,2933.519
1773054000,2026-03-09 11:00:00,2933.443,2943.018,2931.614,2941.006
1773057600,2026-03-09 12:00:00,2940.893,2943.027,2935.42,2942.763
1773061200,2026-03-09 13:00:00,2942.409,2949.079,2940.358,2941.829
1773064800,2026-03-09 14:00:00,2941.605,2949.339,2941.517,2946.574
1773068400,2026-03-09 15:00:00,2946.591,2948.4,2934.585,2935.251
1773072000,2026-03-09 16:00:00,2935.394,2953.449,2933.785,2950.413
1773075600,2026-03-09 17:00:00,2950.293,2956.078,2946.683,2951.422
1773079200,2026-03-09 18:00:00,2951.454,2953.2,2944.85,2946.554
1773082800,2026-03-09 19:00:00,2946.343,2960.897,2944.01,2959.52
1773086400,2026-03-09 20:00:00,2959.286,2965.811,2957.428,2960.939
1773090000,2026-03-09 21:00:00,2960.968,2965.198,2948.894,2952.885
1773093600,2026-03-09 22:00:00,2952.947,2956.243,2945.238,2946.176
1773097200,2026-03-09 23:00:00,2946.33,2951.041,2942.775,2944.239
1773100800,2026-03-10 00:00:00,2943.968,2947.17,2935.94,2940.294
1773104400,2026-03-10 01:00:00,2940.372,2945.025,2936.254,2940.297
1773108000,2026-03-10 02:00:00,2940.237,2942.974,2934.872,2936.918
1773111600,2026-03-10 03:00:00,2936.829,2957.912,2934.091,2955.493
1773115200,2026-03-10 04:00:00,2955.538,2958.693,2948.915,2958.128
1773118800,2026-03-10 05:00:00,2958.103,2962.05,2952.107,2961.466
1773122400,2026-03-10 06:00:00,2961.413,2983.235,2961.413,2982.342
1773126000,2026-03-10 07:00:00,2982.377,2985.458,2973.362,2979.484
1773129600,2026-03-10 08:00:00,2979.611,2983.904,2971.49,2973.39
1773133200,2026-03-10 09:00:00,2973.117,2996.278,2972.698,2996.278
1773136800,2026-03-10 10:00:00,2996.337,3000.828,2994.153,2997.722
1773140400,2026-03-10 11:00:00,2997.855,3000.394,2993.47,2995.883
1773144000,2026-03-10 12:00:00,2995.859,2999.847,2992.563,2997.521
1773147600,2026-03-10 13:00:00,2997.474,3000.506,2991.466,2994.226
1773151200,2026-03-10 14:00:00,2994.244,2998.314,2989.587,2995.042
1773154800,2026-03-10 15:00:00,2994.875,3004.652,2992.004,3000.941
1773158400,2026-03-10 16:00:00,3000.895,3011.642,2995.289,2995.289
1773162000,2026-03-10 17:00:00,2995.205,3008.078,2989.67,3007.043
1773165600,2026-03-10 18:00:00,3006.778,3008.639,2998.879,3002.566
1773169200,2026-03-10 19:00:00,3002.504,3005.016,2997.991,2999.692
1773172800,2026-03-10 20:00:00,2999.61,3002.913,2995.239,3002.514
1773176400,2026-03-10 21:00:00,3002.796,3009.441,2999.177,3006.057
1773180000,2026-03-10 22:00:00,3005.681,3010.105,2996.779,2999.656
1773183600,2026-03-10 23:00:00,2999.19,3005.731,2988.173,2990.58
1773187200,2026-03-11 00:00:00,2990.595,2992.62,2982.837,2991.052
1773190800,2026-03-11 01:00:00,2990.757,2994.778,2984.959,2986.275
1773194400,2026-03-11 02:00:00,2986.321,2988.154,2972.912,2973.716
1773198000,2026-03-11 03:00:00,2973.83,2975.173,2967.297,2968.304
1773201600,2026-03-11 04:00:00,2968.046,2973.951,2960.467,2961.912
1773205200,2026-03-11 05:00:00,2961.964,2969.253,2956.406,2964.461
1773208800,2026-03-11 06:00:00,2964.296,2979.584,2963.143,2979.084
1773212400,2026-03-11 07:00:00,2979.119,2984.487,2971.853,2981.759
1773216000,2026-03-11 08:00:00,2981.871,2986.939,2979.995,2984.654
1773219600,2026-03-11 09:00:00,2984.473,2985.328,2971.342,2975.059
1773223200,2026-03-11 10:00:00,2975.087,2986.961,2967.805,2978.859
1773226800,2026-03-11 11:00:00,2978.925,2985.615,2974.913,2981.618
1773230400,2026-03-11 12:00:00,2981.57,3005.603,2980.452,3000.21
1773234000,2026-03-11 13:00:00,3000.171,3007.121,2997.327,3001.905
1773237600,2026-03-11 14:00:00,3002.04,3008.068,2985.409,2988.787
1773241200,2026-03-11 15:00:00,2988.841,3000.171,2985.683,2999.387
1773244800,2026-03-11 16:00:00,2999.676,3012.701,2999.676,3012.701
1773248400,2026-03-11 17:00:00,3012.944,3013.228,2997.375,3001.988
1773252000,2026-03-11 18:00:00,3001.985,3005.065,2991.241,2994.408
1773255600,2026-03-11 19:00:00,2994.498,2996.33,2982.921,2984.321
1773259200,2026-03-11 20:00:00,2984.556,2987.973,2978.808,2980.083
1773262800,2026-03-11 21:00:00,2979.876,2988.167,2973.33,2984.44
1773266400,2026-03-11 22:00:00,2984.796,2995.295,2984.314,2995.183
1773270000,2026-03-11 23:00:00,2995.091,3005.706,2992.309,3002.419
1773273600,2026-03-12 00:00:00,3002.585,3003.264,2989.325,2995.327
1773277200,2026-03-12 01:00:00,2995.355,3009.344,2995.061,3008.522
1773280800,2026-03-12 02:00:00,3008.555,3010.998,3003.09,3006.229
1773284400,2026-03-12 03:00:00,3006.155,3008.618,2997.475,3000.248
1773288000,2026-03-12 04:00:00,3000.509,3006.223,2991.097,2993.844
1773291600,2026-03-12 05:00:00,2994.2,3009.324,2994.2,3008.803
1773295200,2026-03-12 06:00:00,3009.048,3009.222,2989.364,2990.044
1773298800,2026-03-12 07:00:00,2989.917,3010.605,2988.254,3010.155
1773302400,2026-03-12 08:00:00,3010.101,3010.101,2993.361,2999.154
1773306000,2026-03-12 09:00:00,2999.328,3006.494,2993.478,2997.75
1773309600,2026-03-12 10:00:00,2998.012,2999.724,2980.106,2980.106
1773313200,2026-03-12 11:00:00,2980.236,2995.225,2980.027,2986.058
1773316800,2026-03-12 12:00:00,2986.16,2990.059,2978.272,2988.905
1773320400,2026-03-12 13:00:00,2988.559,2992.166,2985.655,2987.184
1773324000,2026-03-12 14:00:00,2987.356,2993.184,2985.781,2991.9
1773327600,2026-03-12 15:00:00,2991.979,3001.473,2989.036,2990.008
1773331200,2026-03-12 16:00:00,2989.609,2991.065,2980.128,2980.295
1773334800,2026-03-12 17:00:00,2979.914,2981.774,2968.552,2969.939
1773338400,2026-03-12 18:00:00,2969.638,2971.385,2961.086,2963.334
1773342000,2026-03-12 19:00:00,2963.414,2971.391,2962.169,2965.613
1773345600,2026-03-12 20:00:00,2965.812,2966.589,2953.604,2955.82
1773349200,2026-03-12 21:00:00,2956.017,2957.039,2947.632,2949.932
1773352800,2026-03-12 22:00:00,2950.201,2953.671,2945.073,2949.566
1773356400,2026-03-12 23:00:00,2949.605,2956.051,2947.491,2951.896
1773360000,2026-03-13 00:00:00,2952.02,2967.549,2950.425,2961.795
1773363600,2026-03-13 01:00:00,2961.731,2962.389,2951.235,2955.11
1773367200,2026-03-13 02:00:00,2955.152,2961.842,2948.907,2954.769
1773370800,2026-03-13 03:00:00,2954.681,2957.356,2944.586,2947.953
1773374400,2026-03-13 04:00:00,2948.049,2954.9,2945.087,2946.289
1773378000,2026-03-13 05:00:00,2946.03,2948.142,2929.246,2930.893
1773381600,2026-03-13 06:00:00,2930.993,2943.507,2926.497,2943.24
1773385200,2026-03-13 07:00:00,2943.211,2944.116,2926.071,2930.269
1773388800,2026-03-13 08:00:00,2930.23,2932.519,2921.78,2927.111
1773392400,2026-03-13 09:00:00,2926.864,2930.771,2923.074,2929.342
1773396000,2026-03-13 10:00:00,2929.412,2938.736,2924.188,2938.618
1773399600,2026-03-13 11:00:00,2938.275,2938.963,2923.669,2937.027
1773403200,2026-03-13 12:00:00,2937.515,2942.531,2927.846,2928.63
1773406800,2026-03-13 13:00:00,2928.485,2928.826,2921.962,2928.365
1773410400,2026-03-13 14:00:00,2928.303,2929.627,2915.343,2920.016
1773414000,2026-03-13 15:00:00,2920.278,2927.36,2912.795,2923.39
1773417600,2026-03-13 16:00:00,2923.065,2927.762,2918.424,2921.541
1773421200,2026-03-13 17:00:00,2921.425,2935.523,2920.887,2930.958
1773424800,2026-03-13 18:00:00,2931.037,2933.142,2919.496,2919.906
1773428400,2026-03-13 19:00:00,2919.761,2931.012,2917.752,2925.652
1773432000,2026-03-13 20:00:00,2925.568,2932.439,2919.102,2922.856
1773435600,2026-03-13 21:00:00,2923.223,2925.827,2919.098,2921.644
1773439200,2026-03-13 22:00:00,2921.266,2928.064,2918.636,2925.974
1773442800,2026-03-13 23:00:00,2925.808,2940.34,2925.714,2938.843
1773446400,2026-03-14 00:00:00,2938.88,2946.899,2934.461,2938.704
1773450000,2026-03-14 01:00:00,2938.569,2944.618,2933.325,2943.015
1773453600,2026-03-14 02:00:00,2943.069,2947.199,2933.382,2936.495
1773457200,2026-03-14 03:00:00,2936.336,2945.465,2932.255,2945.465
1773460800,2026-03-14 04:00:00,2945.173,2945.867,2936.302,2943.448
1773464400,2026-03-14 05:00:00,2943.201,2949.174,2939.35,2945.169
1773468000,2026-03-14 06:00:00,2945.453,2949.797,2942.581,2943.617
1773471600,2026-03-14 07:00:00,2943.351,2947.455,2933.958,2937.98
1773475200,2026-03-14 08:00:00,2937.85,2942.637,2932.834,2941.724
1773478800,2026-03-14 09:00:00,2941.605,2951.458,2941.446,2948.796
1773482400,2026-03-14 10:00:00,2948.929,2953.358,2943.767,2950.191
1773486000,2026-03-14 11:00:00,2950.347,2954.917,2948.569,2953.29
1773489600,2026-03-14 12:00:00,2953.168,2970.267,2952.803,2966.744
1773493200,2026-03-14 13:00:00,2966.708,2977.291,2966.304,2976.844
1773496800,2026-03-14 14:00:00,2976.788,2984.164,2974.788,2980.761
1773500400,2026-03-14 15:00:00,2981.051,2994.174,2980.135,2992.69
1773504000,2026-03-14 16:00:00,2992.576,3002.243,2987.06,3001.079
1773507600,2026-03-14 17:00:00,3000.943,3016.916,2998.997,3015.555
1773511200,2026-03-14 18:00:00,3015.481,3021.878,3011.566,3018.143
1773514800,2026-03-14 19:00:00,3018.251,3026.443,3012.707,3018.68
1773518400,2026-03-14 20:00:00,3018.762,3024.509,3013.124,3022.191
1773522000,2026-03-14 21:00:00,3022.26,3024.366,3009.065,3010.781
1773525600,2026-03-14 22:00:00,3010.663,3012.363,2999.36,3004.897
1773529200,2026-03-14 23:00:00,3005.019,3012.363,3003.424,3004.024
1773532800,2026-03-15 00:00:00,3004.286,3005.336,2988.814,2990.303
1773536400,2026-03-15 01:00:00,2990.167,3007.315,2988.626,2999.585
1773540000,2026-03-15 02:00:00,2999.445,3011.853,2997.547,2998.152
1773543600,2026-03-15 03:00:00,2998.336,3001.048,2984.178,2986.756
1773547200,2026-03-15 04:00:00,2986.826,2991.543,2983.914,2984.484
1773550800,2026-03-15 05:00:00,2984.455,2990.73,2980.169,2983.743
1773554400,2026-03-15 06:00:00,2983.756,2992.76,2978.434,2980.035
1773558000,2026-03-15 07:00:00,2979.995,2984.226,2963.08,2967.204
1773561600,2026-03-15 08:00:00,2967.162,2974.655,2959.819,2970.622
1773565200,2026-03-15 09:00:00,2970.631,2973.201,2958.786,2960.488
1773568800,2026-03-15 10:00:00,2960.374,2965.454,2956.04,2964.125
1773572400,2026-03-15 11:00:00,2964.24,2965.098,2954.584,2963.741
1773576000,2026-03-15 12:00:00,2963.484,2964.804,2953.578,2963.378
1773579600,2026-03-15 13:00:00,2963.414,2967.243,2955.865,2958.684
1773583200,2026-03-15 14:00:00,2958.905,2965.13,2956.806,2960.44
1773586800,2026-03-15 15:00:00,2960.446,2965.89,2953.048,2953.789
1773590400,2026-03-15 16:00:00,2953.517,2957.841,2943.756,2948.664
1773594000,2026-03-15 17:00:00,2948.874,2951.992,2941.993,2950.748
1773597600,2026-03-15 18:00:00,2950.754,2956.821,2946.006,2955.016
1773601200,2026-03-15 19:00:00,2954.953,2955.513,2946.832,2949.749
1773604800,2026-03-15 20:00:00,2949.648,2960.801,2948.704,2951.102
1773608400,2026-03-15 21:00:00,2951.088,2964.289,2949.385,2956.561
1773612000,2026-03-15 22:00:00,2956.68,2963.485,2951.951,2962.875
1773615600,2026-03-15 23:00:00,2962.909,2970.825,2960.842,2967.461
1773619200,2026-03-16 00:00:00,2967.174,2977.149,2966.282,2972.259
1773622800,2026-03-16 01:00:00,2972.471,2981.735,2969.525,2976.571
1773626400,2026-03-16 02:00:00,2976.496,2981.576,2973.962,2981.308
1773630000,2026-03-16 03:00:00,2981.263,2986.405,2973.317,2978.231
1773633600,2026-03-16 04:00:00,2978.436,2980.053,2962.744,2971.927
1773637200,2026-03-16 05:00:00,2972.108,2974.078,2961.868,2966.099
1773640800,2026-03-16 06:00:00,2966.017,2971.711,2961.864,2964.339
1773644400,2026-03-16 07:00:00,2964.303,2973.716,2963.989,2967.464
1773648000,2026-03-16 08:00:00,2967.324,2967.731,2954.836,2958.012
1773651600,2026-03-16 09:00:00,2957.798,2959.421,2949.757,2951.716
1773655200,2026-03-16 10:00:00,2951.788,2969.617,2951.635,2966.877
1773658800,2026-03-16 11:00:00,2966.601,2971.555,2956.789,2961.567
1773662400,2026-03-16 12:00:00,2961.816,2973.943,2960.393,2972.924
1773666000,2026-03-16 13:00:00,2973.151,2978.165,2967.392,2973.662
1773669600,2026-03-16 14:00:00,2973.468,2978.677,2968.688,2972.435
1773673200,2026-03-16 15:00:00,2972.58,2981.352,2970.868,2980.383
1773676800,2026-03-16 16:00:00,2980.294,2985.604,2974.322,2974.365
1773680400,2026-03-16 17:00:00,2974.246,2992.497,2974.137,2991.685
1773684000,2026-03-16 18:00:00,2991.656,2999.577,2986.564,2986.764
1773687600,2026-03-16 19:00:00,2986.557,2990.383,2981.592,2985.695
1773691200,2026-03-16 20:00:00,2985.658,2991.034,2982.196,2989.19
1773694800,2026-03-16 21:00:00,2989.28,2991.649,2982.894,2985.67
1773698400,2026-03-16 22:00:00,2986.071,2989.986,2982.402,2985.37
1773702000,2026-03-16 23:00:00,2985.375,2986.091,2977.868,2980.498
1773705600,2026-03-17 00:00:00,2980.447,2985.588,2973.661,2979.816
1773709200,2026-03-17 01:00:00,2979.66,2990.477,2976.561,2987.817
1773712800,2026-03-17 02:00:00,2987.857,2997.986,2986.664,2996.854
1773716400,2026-03-17 03:00:00,2996.558,2998.934,2989.91,2998.928
1773720000,2026-03-17 04:00:00,2998.596,2999.264,2984.458,2994.521
1773723600,2026-03-17 05:00:00,2994.148,2999.054,2987.349,2998.145
1773727200,2026-03-17 06:00:00,2998.231,3005.933,2991.37,2991.913
1773730800,2026-03-17 07:00:00,2991.687,2998.733,2989.746,2998.042
1773734400,2026-03-17 08:00:00,2998.363,3003.812,2991.478,2997.882
1773738000,2026-03-17 09:00:00,2997.759,2998.529,2980.753,2982.317
1773741600,2026-03-17 10:00:00,2982.218,2995.962,2977.946,2993.346
1773745200,2026-03-17 11:00:00,2993.206,2993.487,2979.556,2979.556
1773748800,2026-03-17 12:00:00,2979.467,2989.573,2974.86,2987.378
1773752400,2026-03-17 13:00:00,2987.327,3002.458,2987.191,2999.966
1773756000,2026-03-17 14:00:00,2999.69,3010.548,2992.161,3009.469
1773759600,2026-03-17 15:00:00,3009.2,3016.81,3004.111,3014.739
1773763200,2026-03-17 16:00:00,3015.076,3015.787,3006.359,3013.469
1773766800,2026-03-17 17:00:00,3013.807,3025.33,3012.327,3024.203
1773770400,2026-03-17 18:00:00,3024.382,3024.521,3013.619,3017.85
1773774000,2026-03-17 19:00:00,3017.796,3022.801,3013.412,3015.373
1773777600,2026-03-17 20:00:00,3015,3018.754,3003.826,3004.312
1773781200,2026-03-17 21:00:00,3004.547,3009.695,3002.721,3008.483
1773784800,2026-03-17 22:00:00,3008.674,3013.418,2996.735,2999.298
1773788400,2026-03-17 23:00:00,2999,2999.825,2992.708,2998.457
1773792000,2026-03-18 00:00:00,2998.306,3006.061,2995.194,2996.704
1773795600,2026-03-18 01:00:00,2996.652,3012.877,2996.265,3012.022
1773799200,2026-03-18 02:00:00,3011.886,3019.527,3005.182,3017.627
1773802800,2026-03-18 03:00:00,3017.726,3017.726,3001.101,3004.722
1773806400,2026-03-18 04:00:00,3004.43,3005.179,2997.977,3002.95
1773810000,2026-03-18 05:00:00,3003.19,3016.951,3001.452,3013.384
1773813600,2026-03-18 06:00:00,3013.415,3020.884,3006.48,3013.068
1773817200,2026-03-18 07:00:00,3013.353,3018.276,3000.376,3003.805
1773820800,2026-03-18 08:00:00,3003.855,3012.736,3003.204,3005.542
1773824400,2026-03-18 09:00:00,3005.614,3008.384,2997.657,3003.423
1773828000,2026-03-18 10:00:00,3003.12,3006.451,2993.715,2994.335
1773831600,2026-03-18 11:00:00,2994.493,3008.402,2993.994,2995.863
1773835200,2026-03-18 12:00:00,2995.54,3000.392,2989.135,2991.437
1773838800,2026-03-18 13:00:00,2991.562,2993.993,2985.837,2993.601
1773842400,2026-03-18 14:00:00,2993.824,2996.107,2984.692,2985.959
1773846000,2026-03-18 15:00:00,2986.014,2986.284,2970.118,2974.426
1773849600,2026-03-18 16:00:00,2974.497,2984.122,2974.497,2980.34
1773853200,2026-03-18 17:00:00,2980.117,2988.337,2977.583,2982.552
1773856800,2026-03-18 18:00:00,2982.699,2985.733,2978.675,2980.396
1773860400,2026-03-18 19:00:00,2980.279,2984.763,2975.694,2983.544
1773864000,2026-03-18 20:00:00,2983.528,2986.761,2973.364,2975.306
1773867600,2026-03-18 21:00:00,2975.665,2981.904,2973.12,2979.529
1773871200,2026-03-18 22:00:00,2979.394,2980.021,2969.733,2970.793
1773874800,2026-03-18 23:00:00,2971.067,2974.454,2964.517,2965.919
1773878400,2026-03-19 00:00:00,2965.598,2971.011,2961.008,2962.936
1773882000,2026-03-19 01:00:00,2962.991,2967.357,2958.44,2959.082
1773885600,2026-03-19 02:00:00,2959.097,2963.85,2950.531,2951.852
1773889200,2026-03-19 03:00:00,2951.546,2951.737,2929.471,2930.559
1773892800,2026-03-19 04:00:00,2930.471,2931.492,2922.599,2923.076
1773896400,2026-03-19 05:00:00,2923.062,2926.867,2914.857,2919.894
1773900000,2026-03-19 06:00:00,2919.897,2922.558,2914.71,2919.198
1773903600,2026-03-19 07:00:00,2919.183,2928.976,2917.64,2924.735
1773907200,2026-03-19 08:00:00,2924.726,2925.67,2906.315,2914.122
1773910800,2026-03-19 09:00:00,2914.228,2920.381,2906.849,2909.858
1773914400,2026-03-19 10:00:00,2910.155,2922.667,2907.316,2922.619
1773918000,2026-03-19 11:00:00,2922.558,2925.129,2915.986,2917.097
1773921600,2026-03-19 12:00:00,2917.242,2918.071,2903.53,2904.663
1773925200,2026-03-19 13:00:00,2904.576,2909.3,2898.596,2903.1
1773928800,2026-03-19 14:00:00,2903.195,2908.625,2899.895,2906.453
1773932400,2026-03-19 15:00:00,2906.505,2909.717,2887.83,2888.473
1773936000,2026-03-19 16:00:00,2888.335,2891.724,2879.413,2881.396
1773939600,2026-03-19 17:00:00,2880.968,2883.307,2870.045,2873.53
1773943200,2026-03-19 18:00:00,2873.357,2880.012,2868.88,2869.21
1773946800,2026-03-19 19:00:00,2869.18,2872.348,2864.921,2865.922
1773950400,2026-03-19 20:00:00,2866.028,2868.406,2857.973,2859.542
1773954000,2026-03-19 21:00:00,2859.375,2869.946,2858.077,2869.937
1773957600,2026-03-19 22:00:00,2869.892,2876.734,2863.728,2871.842
1773961200,2026-03-19 23:00:00,2871.868,2883.483,2866.703,2879.942
1773964800,2026-03-20 00:00:00,2879.708,2883.576,2875.74,2879.824
1773968400,2026-03-20 01:00:00,2879.662,2880.132,2873.669,2876.863
1773972000,2026-03-20 02:00:00,2876.811,2894.933,2876.199,2894.933
1773975600,2026-03-20 03:00:00,2895.007,2900.146,2889.754,2891.954
1773979200,2026-03-20 04:00:00,2892.338,2892.493,2868.386,2878.779
1773982800,2026-03-20 05:00:00,2879.076,2888.784,2878.053,2886.957
1773986400,2026-03-20 06:00:00,2887.235,2889.234,2879.715,2881.781
1773990000,2026-03-20 07:00:00,2881.548,2884.697,2877.076,2881.696
1773993600,2026-03-20 08:00:00,2881.679,2890.924,2874.407,2888.999
1773997200,2026-03-20 09:00:00,2889.276,2895.042,2886.121,2886.983
1774000800,2026-03-20 10:00:00,2887.137,2897.486,2885.185,2897.459
1774004400,2026-03-20 11:00:00,2897.405,2902.194,2888.498,2897.48
1774008000,2026-03-20 12:00:00,2897.661,2911.629,2897.363,2910.306
1774011600,2026-03-20 13:00:00,2910.203,2911.736,2899.336,2900.544
1774015200,2026-03-20 14:00:00,2900.512,2908.017,2897.05,2903.127
1774018800,2026-03-20 15:00:00,2902.759,2910.046,2896.108,2909.466
1774022400,2026-03-20 16:00:00,2909.887,2912.375,2900.857,2903.191
1774026000,2026-03-20 17:00:00,2903.143,2909.626,2898.765,2904.103
1774029600,2026-03-20 18:00:00,2904.64,2912.817,2899.796,2902.045
1774033200,2026-03-20 19:00:00,2902.39,2908.369,2896.451,2905.228
1774036800,2026-03-20 20:00:00,2904.964,2909.768,2897.608,2907.368
1774040400,2026-03-20 21:00:00,2907.221,2922.472,2906.618,2920.015
1774044000,2026-03-20 22:00:00,2920.062,2926.872,2916.008,2924.822
1774047600,2026-03-20 23:00:00,2924.792,2927.055,2908.614,2909.718
1774051200,2026-03-21 00:00:00,2909.593,2913.882,2902.736,2904.221
1774054800,2026-03-21 01:00:00,2904.566,2911.013,2902.274,2908.426
1774058400,2026-03-21 02:00:00,2908.373,2909.313,2895.935,2904.883
1774062000,2026-03-21 03:00:00,2905.168,2907.181,2900.915,2905.552
1774065600,2026-03-21 04:00:00,2905.406,2914.099,2903.583,2912.51
1774069200,2026-03-21 05:00:00,2912.749,2918.057,2900.548,2903.526
1774072800,2026-03-21 06:00:00,2903.849,2908.344,2891.276,2891.575
1774076400,2026-03-21 07:00:00,2891.779,2897.568,2890.524,2893.566
1774080000,2026-03-21 08:00:00,2893.614,2898.57,2891.795,2895.445
1774083600,2026-03-21 09:00:00,2895.38,2902.771,2895.231,2900.489
1774087200,2026-03-21 10:00:00,2900.39,2913.678,2897.819,2912.696
1774090800,2026-03-21 11:00:00,2912.712,2927.663,2911.239,2925.497
1774094400,2026-03-21 12:00:00,2925.374,2933.251,2919.786,2932.707
1774098000,2026-03-21 13:00:00,2932.742,2937.599,2927.282,2931.374
1774101600,2026-03-21 14:00:00,2931.48,2934.658,2923.019,2925.51
1774105200,2026-03-21 15:00:00,2925.174,2925.944,2910.267,2914.907
1774108800,2026-03-21 16:00:00,2914.792,2920.683,2911.499,2911.499
1774112400,2026-03-21 17:00:00,2911.677,2925.389,2911.383,2923.782
1774116000,2026-03-21 18:00:00,2923.752,2927.613,2907.948,2911.548
1774119600,2026-03-21 19:00:00,2911.434,2922.948,2908.513,2921.951
1774123200,2026-03-21 20:00:00,2921.956,2933.157,2921.956,2932.915
1774126800,2026-03-21 21:00:00,2932.657,2933.413,2922.593,2931.495
1774130400,2026-03-21 22:00:00,2931.545,2943.032,2928.388,2938.903
1774134000,2026-03-21 23:00:00,2938.825,2943.38,2932.816,2933.552
1774137600,2026-03-22 00:00:00,2933.835,2939.804,2931.039,2935.821
1774141200,2026-03-22 01:00:00,2935.751,2939.861,2932.453,2936.526
1774144800,2026-03-22 02:00:00,2936.754,2944.304,2933.76,2941.355
1774148400,2026-03-22 03:00:00,2941.335,2949.208,2938.609,2949.018
1774152000,2026-03-22 04:00:00,2949.067,2959.547,2943.701,2959.456
1774155600,2026-03-22 05:00:00,2959.749,2960.323,2949.363,2958.616
1774159200,2026-03-22 06:00:00,2958.997,2977.68,2958.997,2976.65
1774162800,2026-03-22 07:00:00,2976.894,2988.177,2976.724,2986.54
1774166400,2026-03-22 08:00:00,2986.262,2986.599,2978.082,2983.125
1774170000,2026-03-22 09:00:00,2983.229,2984.887,2976.438,2979.348
1774173600,2026-03-22 10:00:00,2979.382,2988.942,2976.16,2987.63
1774177200,2026-03-22 11:00:00,2987.319,2995.161,2986.559,2990.005
1774180800,2026-03-22 12:00:00,2989.927,2994.018,2986.245,2993.469
1774184400,2026-03-22 13:00:00,2993.619,2999.539,2990.524,2990.528
1774188000,2026-03-22 14:00:00,2990.127,2999.378,2984.541,2988.337
1774191600,2026-03-22 15:00:00,2988.287,3004.879,2987.293,3004.686
1774195200,2026-03-22 16:00:00,3004.504,3006.178,2988.659,2989.676
1774198800,2026-03-22 17:00:00,2989.386,2992.362,2981.284,2985.419
1774202400,2026-03-22 18:00:00,2985.548,2987.694,2976.752,2981.609
1774206000,2026-03-22 19:00:00,2981.709,2988.069,2978.56,2986.818
1774209600,2026-03-22 20:00:00,2986.876,2990.975,2978.719,2987.558
1774213200,2026-03-22 21:00:00,2987.951,2988.624,2976.494,2980.604
1774216800,2026-03-22 22:00:00,2980.431,2984.109,2977.27,2977.988
1774220400,2026-03-22 23:00:00,2977.881,2984.595,2976.252,2983.608
1774224000,2026-03-23 00:00:00,2983.614,2996.386,2981.761,2992.071
1774227600,2026-03-23 01:00:00,2991.975,3009.544,2991.723,3008.108
1774231200,2026-03-23 02:00:00,3008.044,3015.309,3002.417,3014.62
1774234800,2026-03-23 03:00:00,3014.683,3018.371,3003.716,3006.592
1774238400,2026-03-23 04:00:00,3006.496,3021.962,3005.448,3021.612
1774242000,2026-03-23 05:00:00,3021.362,3030.037,3015.191,3015.422
1774245600,2026-03-23 06:00:00,3015.537,3022.791,3008.166,3021.628
1774249200,2026-03-23 07:00:00,3021.629,3027.482,3017.101,3024.833
1774252800,2026-03-23 08:00:00,3024.512,3037.437,3023.909,3035.306
1774256400,2026-03-23 09:00:00,3035.181,3061.311,3034.135,3054.04
1774260000,2026-03-23 10:00:00,3054.345,3057.909,3047.971,3049.388
1774263600,2026-03-23 11:00:00,3049.386,3054.249,3044.938,3053.151
1774267200,2026-03-23 12:00:00,3053.449,3068.186,3048.181,3068.078
1774270800,2026-03-23 13:00:00,3067.975,3072.994,3063.944,3068.176
1774274400,2026-03-23 14:00:00,3067.909,3071.97,3059.857,3070.724
1774278000,2026-03-23 15:00:00,3070.819,3077.514,3064.982,3064.999
1774281600,2026-03-23 16:00:00,3065.003,3073.892,3060.418,3072.384
1774285200,2026-03-23 17:00:00,3072.49,3079.918,3068.673,3072.531
1774288800,2026-03-23 18:00:00,3072.148,3073.924,3066.116,3069.904
1774292400,2026-03-23 19:00:00,3070.088,3071.941,3059.415,3066.043
1774296000,2026-03-23 20:00:00,3065.717,3071.34,3062.03,3070.819
1774299600,2026-03-23 21:00:00,3070.949,3080.162,3065.619,3065.691
1774303200,2026-03-23 22:00:00,3065.798,3072.694,3064.064,3066.642
1774306800,2026-03-23 23:00:00,3066.306,3077.559,3064.406,3077.121
1774310400,2026-03-24 00:00:00,3077.418,3084.111,3076.042,3078.562
1774314000,2026-03-24 01:00:00,3078.862,3083.627,3072.39,3083.3
1774317600,2026-03-24 02:00:00,3083.587,3088.148,3074.097,3080.641
1774321200,2026-03-24 03:00:00,3080.872,3087.832,3078.828,3085.172
1774324800,2026-03-24 04:00:00,3084.998,3104.429,3082.166,3103.532
1774328400,2026-03-24 05:00:00,3103.396,3108.901,3095.956,3096.119
1774332000,2026-03-24 06:00:00,3096.052,3103.867,3093.922,3102.544
1774335600,2026-03-24 07:00:00,3102.542,3108.804,3098.764,3107.199
1774339200,2026-03-24 08:00:00,3107.539,3112.371,3101.402,3104.695
1774342800,2026-03-24 09:00:00,3104.686,3105.195,3093.525,3098.677
1774346400,2026-03-24 10:00:00,3098.487,3100.55,3091.522,3095.065
1774350000,2026-03-24 11:00:00,3095.444,3095.912,3080.943,3082.837
1774353600,2026-03-24 12:00:00,3082.43,3082.443,3061.611,3066.061
1774357200,2026-03-24 13:00:00,3066.379,3080.879,3065.294,3079.144
1774360800,2026-03-24 14:00:00,3079.495,3094.183,3077.844,3092.144
1774364400,2026-03-24 15:00:00,3092.195,3101.251,3085.281,3086.837
1774368000,2026-03-24 16:00:00,3086.658,3098.64,3085.633,3093.033
1774371600,2026-03-24 17:00:00,3092.898,3099.656,3087.739,3093.373
1774375200,2026-03-24 18:00:00,3093.624,3097.858,3085.271,3087.389
1774378800,2026-03-24 19:00:00,3087.159,3101.31,3087.117,3098.763
1774382400,2026-03-24 20:00:00,3098.787,3103.471,3092.1,3097.427
1774386000,2026-03-24 21:00:00,3097.414,3108.502,3094.916,3107.939
1774389600,2026-03-24 22:00:00,3108.073,3117.398,3099.956,3103.026
1774393200,2026-03-24 23:00:00,3103.001,3109.532,3098.638,3109.135
1774396800,2026-03-25 00:00:00,3109.229,3126.414,3109.144,3121.795
1774400400,2026-03-25 01:00:00,3121.733,3122.14,3107.579,3107.579
1774404000,2026-03-25 02:00:00,3107.362,3109.596,3100.305,3107.305
1774407600,2026-03-25 03:00:00,3106.992,3116.402,3104.364,3114.656
1774411200,2026-03-25 04:00:00,3114.751,3138.686,3112.814,3136.778
1774414800,2026-03-25 05:00:00,3136.294,3143.631,3128.82,3128.867
1774418400,2026-03-25 06:00:00,3129.036,3132.277,3123.941,3128.913
1774422000,2026-03-25 07:00:00,3128.892,3132.719,3116.442,3117.468
1774425600,2026-03-25 08:00:00,3117.392,3127.461,3116.888,3120.029
1774429200,2026-03-25 09:00:00,3119.963,3119.986,3108.031,3110.272
1774432800,2026-03-25 10:00:00,3110.441,3115.168,3103.944,3109.845
1774436400,2026-03-25 11:00:00,3110.386,3124.419,3108.247,3122.281
1774440000,2026-03-25 12:00:00,3122.454,3124.108,3117.144,3119.337
1774443600,2026-03-25 13:00:00,3119.522,3124.183,3115.461,3117.173
1774447200,2026-03-25 14:00:00,3117.193,3128.713,3109.682,3126.626
1774450800,2026-03-25 15:00:00,3127.06,3134.114,3123.808,3126.713
1774454400,2026-03-25 16:00:00,3127.102,3134.878,3124.413,3124.602
1774458000,2026-03-25 17:00:00,3124.815,3128.326,3110.604,3112.412
1774461600,2026-03-25 18:00:00,3112.193,3134.226,3111.548,3134.226
1774465200,2026-03-25 19:00:00,3134.593,3136.387,3120.393,3120.919
1774468800,2026-03-25 20:00:00,3120.833,3129.401,3117.737,3125.407
1774472400,2026-03-25 21:00:00,3125.622,3129.342,3113.698,3115.892
1774476000,2026-03-25 22:00:00,3115.956,3119.255,3101.497,3102.414
1774479600,2026-03-25 23:00:00,3102.475,3104.108,3088.928,3092.777
1774483200,2026-03-26 00:00:00,3092.98,3098,3088.159,3093.295
1774486800,2026-03-26 01:00:00,3093.67,3099.161,3092.268,3096.502
1774490400,2026-03-26 02:00:00,3096.546,3102.572,3090.531,3094.553
1774494000,2026-03-26 03:00:00,3094.436,3096.36,3085.247,3093.828
1774497600,2026-03-26 04:00:00,3094.093,3099.669,3090.454,3098.793
1774501200,2026-03-26 05:00:00,3098.878,3102.791,3095.183,3098.376
1774504800,2026-03-26 06:00:00,3098.23,3104.581,3092.885,3093.351
1774508400,2026-03-26 07:00:00,3093.253,3104.4,3090.131,3104.4
1774512000,2026-03-26 08:00:00,3104.56,3104.675,3092.968,3095.703
1774515600,2026-03-26 09:00:00,3095.749,3109.824,3095.749,3104.183
1774519200,2026-03-26 10:00:00,3104.297,3115.131,3096.684,3113.731
1774522800,2026-03-26 11:00:00,3113.366,3120.375,3108.602,3108.992
1774526400,2026-03-26 12:00:00,3108.869,3112.251,3104.68,3107.308
1774530000,2026-03-26 13:00:00,3107.4,3116.309,3096.827,3110.229
1774533600,2026-03-26 14:00:00,3110.373,3121.107,3109.695,3119.462
1774537200,2026-03-26 15:00:00,3119.248,3125.609,3115.542,3117.317
1774540800,2026-03-26 16:00:00,3117.667,3126.996,3117.571,3121.204
1774544400,2026-03-26 17:00:00,3121.26,3122.857,3113.546,3116.447
1774548000,2026-03-26 18:00:00,3116.714,3134.822,3115.98,3132.395
1774551600,2026-03-26 19:00:00,3132.166,3145.422,3131.759,3142.304
1774555200,2026-03-26 20:00:00,3142.093,3143.386,3131.82,3135.968
1774558800,2026-03-26 21:00:00,3135.85,3138.951,3127.299,3130.363
1774562400,2026-03-26 22:00:00,3130.473,3134.113,3124.003,3126.57
1774566000,2026-03-26 23:00:00,3126.572,3133.639,3123.128,3132.567
1774569600,2026-03-27 00:00:00,3132.366,3133.207,3121.305,3122.741
1774573200,2026-03-27 01:00:00,3122.953,3131.861,3120.576,3122.294
1774576800,2026-03-27 02:00:00,3122.467,3128.091,3118.785,3121.485
1774580400,2026-03-27 03:00:00,3121.682,3126.645,3119.775,3124.218
1774584000,2026-03-27 04:00:00,3124.105,3132.528,3117.568,3132.528
1774587600,2026-03-27 05:00:00,3132.451,3135.924,3119.705,3120.651
1774591200,2026-03-27 06:00:00,3120.686,3127.064,3118.468,3118.478
1774594800,2026-03-27 07:00:00,3118.506,3126.485,3113.639,3124.119
1774598400,2026-03-27 08:00:00,3124.124,3127.067,3113.777,3122.276
1774602000,2026-03-27 09:00:00,3122.114,3134.133,3119.128,3131.396
1774605600,2026-03-27 10:00:00,3131.299,3133.03,3119.161,3130.441
1774609200,2026-03-27 11:00:00,3130.339,3138.435,3127.814,3133.058
1774612800,2026-03-27 12:00:00,3133.074,3156.627,3132.434,3156.627
1774616400,2026-03-27 13:00:00,3156.492,3162.939,3153.476,3154.015
1774620000,2026-03-27 14:00:00,3154.105,3154.365,3140.634,3144.647
1774623600,2026-03-27 15:00:00,3144.202,3150.357,3143.059,3143.889
1774627200,2026-03-27 16:00:00,3143.949,3148.872,3136.966,3146.841
1774630800,2026-03-27 17:00:00,3147.097,3153.229,3141.914,3151.51
1774634400,2026-03-27 18:00:00,3151.73,3169.926,3148.842,3166.857
1774638000,2026-03-27 19:00:00,3167.04,3178.805,3165.6,3177.66
1774641600,2026-03-27 20:00:00,3177.656,3188.385,3176.755,3182.486
1774645200,2026-03-27 21:00:00,3182.528,3184.519,3167.187,3177.201
1774648800,2026-03-27 22:00:00,3177.397,3181.875,3171.152,3174.619
1774652400,2026-03-27 23:00:00,3174.642,3184.194,3168.55,3183.662
1774656000,2026-03-28 00:00:00,3184.013,3195.272,3181.715,3192.325
1774659600,2026-03-28 01:00:00,3192.059,3199.685,3190.122,3193.71
1774663200,2026-03-28 02:00:00,3193.809,3194.401,3178.818,3186.076
1774666800,2026-03-28 03:00:00,3186.415,3190.075,3181.179,3184.809
1774670400,2026-03-28 04:00:00,3184.582,3186.316,3170.778,3178.942
1774674000,2026-03-28 05:00:00,3179.189,3188.48,3175.557,3183.919
1774677600,2026-03-28 06:00:00,3184.321,3184.321,3173.214,3177.587
1774681200,2026-03-28 07:00:00,3177.57,3179.911,3165.567,3170.696
1774684800,2026-03-28 08:00:00,3170.914,3179.324,3168.776,3173.951
1774688400,2026-03-28 09:00:00,3174.191,3179.38,3166.986,3174.329
1774692000,2026-03-28 10:00:00,3174.364,3185.415,3172.656,3183.856
1774695600,2026-03-28 11:00:00,3184.072,3185.005,3168.669,3168.857
1774699200,2026-03-28 12:00:00,3168.958,3187.556,3166.021,3182.071
1774702800,2026-03-28 13:00:00,3182.019,3202.401,3180.31,3197.937
1774706400,2026-03-28 14:00:00,3197.856,3214.629,3197.81,3212.391
1774710000,2026-03-28 15:00:00,3212.5,3219.22,3205.454,3205.755
1774713600,2026-03-28 16:00:00,3205.608,3213.174,3202.384,3212.167
1774717200,2026-03-28 17:00:00,3212.087,3215.929,3205.302,3209.399
1774720800,2026-03-28 18:00:00,3209.24,3212.727,3203.127,3204.035
1774724400,2026-03-28 19:00:00,3204.123,3204.214,3193.227,3197.234
1774728000,2026-03-28 20:00:00,3197.2,3206.905,3190.759,3191.75
1774731600,2026-03-28 21:00:00,3191.527,3193.665,3183.174,3184.93
1774735200,2026-03-28 22:00:00,3185.063,3197.142,3180.65,3191.433
1774738800,2026-03-28 23:00:00,3191.702,3196.667,3187.075,3194.593
1774742400,2026-03-29 00:00:00,3194.428,3194.541,3182.381,3186.256
1774746000,2026-03-29 01:00:00,3186.209,3187.064,3171.354,3176.153
1774749600,2026-03-29 02:00:00,3175.828,3183.215,3171.475,3176.864
1774753200,2026-03-29 03:00:00,3176.722,3179.442,3166.959,3175.677
1774756800,2026-03-29 04:00:00,3175.604,3178.71,3166.142,3168.966
1774760400,2026-03-29 05:00:00,3168.871,3176.212,3166.095,3167.428
1774764000,2026-03-29 06:00:00,3167.444,3170.465,3157.725,3159.356
1774767600,2026-03-29 07:00:00,3158.768,3159.292,3144.878,3146.337
1774771200,2026-03-29 08:00:00,3146.414,3151.047,3142.65,3142.737
1774774800,2026-03-29 09:00:00,3142.694,3146.797,3134.65,3143.23
1774778400,2026-03-29 10:00:00,3143.377,3154.363,3139.437,3140.574
1774782000,2026-03-29 11:00:00,3140.791,3145.862,3133.521,3134.058
1774785600,2026-03-29 12:00:00,3134.056,3141.165,3133.901,3137.068
1774789200,2026-03-29 13:00:00,3136.885,3149.276,3135.489,3148.586
1774792800,2026-03-29 14:00:00,3148.781,3150.883,3139.627,3142.033
1774796400,2026-03-29 15:00:00,3141.845,3150.624,3141.684,3150.054
1774800000,2026-03-29 16:00:00,3150.309,3155.745,3142.779,3145.871
1774803600,2026-03-29 17:00:00,3145.648,3155.947,3136.166,3140.479
1774807200,2026-03-29 18:00:00,3140.314,3146.404,3132.345,3138.723
1774810800,2026-03-29 19:00:00,3138.964,3142.262,3132.246,3132.707
1774814400,2026-03-29 20:00:00,3132.744,3134.53,3125.688,3126.949
1774818000,2026-03-29 21:00:00,3126.749,3130.081,3121.404,3124.929
1774821600,2026-03-29 22:00:00,3125.077,3126.252,3120.502,3122.578
1774825200,2026-03-29 23:00:00,3122.789,3132.92,3121.382,3131.817
1774828800,2026-03-30 00:00:00,3132.233,3133.331,3119.904,3122.963
1774832400,2026-03-30 01:00:00,3122.747,3124.075,3116.269,3121.41
1774836000,2026-03-30 02:00:00,3121.526,3148.426,3121.517,3140.701
1774839600,2026-03-30 03:00:00,3140.797,3143.096,3133.234,3142.367
1774843200,2026-03-30 04:00:00,3142.549,3143.475,3132.62,3137.494
1774846800,2026-03-30 05:00:00,3136.977,3161.376,3136.758,3159.549
1774850400,2026-03-30 06:00:00,3159.693,3168.258,3159.172,3161.05
1774854000,2026-03-30 07:00:00,3161.088,3177.781,3155.821,3175.823
1774857600,2026-03-30 08:00:00,3175.996,3184.031,3168.009,3174.994
1774861200,2026-03-30 09:00:00,3174.778,3193.875,3174.644,3191.141
1774864800,2026-03-30 10:00:00,3191.133,3191.133,3174.483,3174.821
1774868400,2026-03-30 11:00:00,3174.759,3179.492,3166.898,3170.778
1774872000,2026-03-30 12:00:00,3170.972,3172.19,3161.191,3168.699
1774875600,2026-03-30 13:00:00,3168.995,3179.254,3165.493,3179.025
1774879200,2026-03-30 14:00:00,3178.753,3181.272,3160.88,3163.174
1774882800,2026-03-30 15:00:00,3163.068,3163.857,3138.275,3145.567
1774886400,2026-03-30 16:00:00,3145.73,3148.229,3135.704,3136.702
1774890000,2026-03-30 17:00:00,3136.559,3147.327,3135.646,3143.807
1774893600,2026-03-30 18:00:00,3143.703,3145.908,3134.398,3139.445
1774897200,2026-03-30 19:00:00,3139.418,3144.539,3133.532,3135.449
1774900800,2026-03-30 20:00:00,3135.533,3141.362,3131.006,3136.537
1774904400,2026-03-30 21:00:00,3136.507,3138.867,3131.466,3136.002
1774908000,2026-03-30 22:00:00,3136.09,3154.124,3126.203,3151.882
1774911600,2026-03-30 23:00:00,3151.901,3173.157,3151.774,3168.335
1774915200,2026-03-31 00:00:00,3167.893,3168.557,3154.906,3160.328
1774918800,2026-03-31 01:00:00,3160.213,3171.784,3156.728,3161.009
1774922400,2026-03-31 02:00:00,3160.97,3161.987,3152.816,3154.113
1774926000,2026-03-31 03:00:00,3153.868,3155.825,3145.322,3150.333
1774929600,2026-03-31 04:00:00,3150.399,3152.778,3145.806,3150.076
1774933200,2026-03-31 05:00:00,3150.185,3150.185,3140.076,3140.484
1774936800,2026-03-31 06:00:00,3140.509,3149.913,3136.578,3149.681
1774940400,2026-03-31 07:00:00,3149.918,3151.639,3145.266,3146.373
1774944000,2026-03-31 08:00:00,3146.41,3153.741,3138.629,3138.876
1774947600,2026-03-31 09:00:00,3138.708,3147.67,3135.636,3143.702
1774951200,2026-03-31 10:00:00,3143.775,3145.274,3130.755,3130.78
1774954800,2026-03-31 11:00:00,3130.352,3140.075,3128.361,3139.84
1774958400,2026-03-31 12:00:00,3140.046,3152.449,3137.503,3148.183
1774962000,2026-03-31 13:00:00,3148.14,3151.267,3134.41,3138.216
1774965600,2026-03-31 14:00:00,3138.366,3142.91,3131.792,3139.607
1774969200,2026-03-31 15:00:00,3139.5,3142.919,3129.654,3140.446
1774972800,2026-03-31 16:00:00,3140.468,3151.27,3137.983,3151.182
1774976400,2026-03-31 17:00:00,3151.243,3170.082,3151.046,3169.656
1774980000,2026-03-31 18:00:00,3169.691,3177.326,3166.071,3175.115
1774983600,2026-03-31 19:00:00,3175.204,3176.975,3164.078,3164.187
1774987200,2026-03-31 20:00:00,3164.423,3171.448,3163.219,3170.084
1774990800,2026-03-31 21:00:00,3169.989,3171.423,3159.677,3162.188
1774994400,2026-03-31 22:00:00,3162.16,3171.791,3157.81,3170.898
1774998000,2026-03-31 23:00:00,3171.244,3177.524,3166.805,3167.314
1775001600,2026-04-01 00:00:00,3167.374,3168.566,3158.853,3163.205
1775005200,2026-04-01 01:00:00,3163.443,3172.053,3160.362,3162.159
1775008800,2026-04-01 02:00:00,3162.159,3166.343,3155.856,3166.265
1775012400,2026-04-01 03:00:00,3166.178,3169.405,3157.015,3159.667
1775016000,2026-04-01 04:00:00,3159.713,3165.546,3157.5,3161.488
1775019600,2026-04-01 05:00:00,3161.321,3167.696,3160.888,3161.684
1775023200,2026-04-01 06:00:00,3161.573,3161.809,3145.725,3149.804
1775026800,2026-04-01 07:00:00,3149.737,3169.224,3147.416,3167.335
1775030400,2026-04-01 08:00:00,3167.274,3168.728,3149.54,3155.151
1775034000,2026-04-01 09:00:00,3155.417,3158.787,3142.19,3142.489
1775037600,2026-04-01 10:00:00,3142.582,3146.282,3136.762,3141.173
1775041200,2026-04-01 11:00:00,3141.247,3144.406,3133.448,3133.465
1775044800,2026-04-01 12:00:00,3133.542,3137.39,3126.178,3127.517
1775048400,2026-04-01 13:00:00,3127.699,3133.521,3121.635,3128.053
1775052000,2026-04-01 14:00:00,3128.178,3138.057,3125.612,3127.821
1775055600,2026-04-01 15:00:00,3127.811,3133.407,3122.31,3123.921
1775059200,2026-04-01 16:00:00,3123.595,3132.499,3117.563,3132.446
1775062800,2026-04-01 17:00:00,3132.407,3134.287,3115.375,3123.113
1775066400,2026-04-01 18:00:00,3123.281,3131.935,3119.391,3129.53
1775070000,2026-04-01 19:00:00,3129.477,3136.457,3127.184,3133.517
1775073600,2026-04-01 20:00:00,3133.327,3139.419,3128.286,3130.9
1775077200,2026-04-01 21:00:00,3130.751,3147.52,3127.742,3138.526
1775080800,2026-04-01 22:00:00,3138.787,3147.595,3136.798,3146.912
1775084400,2026-04-01 23:00:00,3147.086,3155.768,3142.756,3146.497
1775088000,2026-04-02 00:00:00,3146.582,3152.822,3138.302,3148.528
1775091600,2026-04-02 01:00:00,3148.218,3159.883,3146.939,3159.264
1775095200,2026-04-02 02:00:00,3158.97,3164.14,3146.178,3146.178
1775098800,2026-04-02 03:00:00,3146.072,3149.633,3139.704,3147.327
1775102400,2026-04-02 04:00:00,3147.774,3168.528,3146.066,3164.646
1775106000,2026-04-02 05:00:00,3164.57,3174.017,3157.858,3168.993
1775109600,2026-04-02 06:00:00,3168.619,3170.722,3159.236,3164.628
1775113200,2026-04-02 07:00:00,3164.455,3171.293,3155.397,3155.397
1775116800,2026-04-02 08:00:00,3155.493,3157.744,3144.651,3155.149
1775120400,2026-04-02 09:00:00,3154.773,3166.457,3154.288,3163.927
1775124000,2026-04-02 10:00:00,3163.792,3166.396,3147.946,3155.222
1775127600,2026-04-02 11:00:00,3155.076,3169.701,3154.92,3166.831
1775131200,2026-04-02 12:00:00,3166.951,3175.856,3164.409,3168.922
1775134800,2026-04-02 13:00:00,3169.112,3177.116,3157.466,3161.32
1775138400,2026-04-02 14:00:00,3161.374,3188.06,3158.693,3185.358
1775142000,2026-04-02 15:00:00,3185.292,3193.134,3183.615,3186.943
1775145600,2026-04-02 16:00:00,3186.784,3189.165,3179.234,3189.003
1775149200,2026-04-02 17:00:00,3188.993,3201.944,3186.136,3199.265
1775152800,2026-04-02 18:00:00,3198.957,3203.673,3191.13,3191.665
1775156400,2026-04-02 19:00:00,3191.906,3202.565,3191.906,3199.36
1775160000,2026-04-02 20:00:00,3199.176,3203.134,3188.722,3202.164
1775163600,2026-04-02 21:00:00,3202.478,3212.235,3196.889,3203.984
1775167200,2026-04-02 22:00:00,3204.071,3207.799,3196.055,3197.866
1775170800,2026-04-02 23:00:00,3197.607,3202.083,3189.805,3200.227
1775174400,2026-04-03 00:00:00,3200.201,3210.164,3195.068,3208.364
1775178000,2026-04-03 01:00:00,3208.469,3211.712,3197.057,3198.52
1775181600,2026-04-03 02:00:00,3198.575,3200.52,3186.79,3192.484
1775185200,2026-04-03 03:00:00,3192.088,3199.196,3186.495,3196.425
1775188800,2026-04-03 04:00:00,3196.578,3203.224,3191.012,3199.025
1775192400,2026-04-03 05:00:00,3199.185,3204.621,3191.864,3202.881
1775196000,2026-04-03 06:00:00,3202.732,3208.118,3198.702,3202.719
1775199600,2026-04-03 07:00:00,3202.586,3208,3199.093,3207.525
1775203200,2026-04-03 08:00:00,3207.759,3213.868,3204.952,3210.958
1775206800,2026-04-03 09:00:00,3211.097,3216.375,3205.462,3216.375
1775210400,2026-04-03 10:00:00,3216.126,3220.823,3207.409,3208.722
1775214000,2026-04-03 11:00:00,3208.87,3214.388,3198.788,3202.08
1775217600,2026-04-03 12:00:00,3202.035,3212.078,3199.196,3211.187
1775221200,2026-04-03 13:00:00,3211.006,3216.791,3205.964,3209.434
1775224800,2026-04-03 14:00:00,3209.478,3210.184,3201.59,3206.195
1775228400,2026-04-03 15:00:00,3206.506,3217.176,3200.011,3213.036
1775232000,2026-04-03 16:00:00,3213.012,3220.141,3207.471,3209.313
1775235600,2026-04-03 17:00:00,3209.612,3216.432,3206.478,3216.029
1775239200,2026-04-03 18:00:00,3216.188,3221.939,3212.496,3221.836
1775242800,2026-04-03 19:00:00,3221.937,3227.401,3219.066,3220.639
1775246400,2026-04-03 20:00:00,3220.523,3232.993,3219.382,3228.757
1775250000,2026-04-03 21:00:00,3228.711,3232.715,3224.541,3224.564
1775253600,2026-04-03 22:00:00,3224.337,3235.848,3222.741,3233.634
1775257200,2026-04-03 23:00:00,3233.579,3237.744,3226.784,3234.719
1775260800,2026-04-04 00:00:00,3234.87,3235.88,3222.021,3225.138
1775264400,2026-04-04 01:00:00,3225.292,3226.064,3214.378,3214.961
1775268000,2026-04-04 02:00:00,3214.961,3216.868,3206.706,3207.207
1775271600,2026-04-04 03:00:00,3207.381,3214.281,3205.174,3211.615
1775275200,2026-04-04 04:00:00,3211.455,3216.359,3207.959,3210.874
1775278800,2026-04-04 05:00:00,3210.879,3220.783,3206.311,3218.399
1775282400,2026-04-04 06:00:00,3218.202,3236.853,3217.741,3228.722
1775286000,2026-04-04 07:00:00,3228.614,3239.893,3228.563,3234.558
1775289600,2026-04-04 08:00:00,3234.218,3255.442,3233.195,3249.499
1775293200,2026-04-04 09:00:00,3249.481,3260.729,3249.159,3259.038
1775296800,2026-04-04 10:00:00,3258.779,3260.161,3245.771,3250.624
1775300400,2026-04-04 11:00:00,3250.755,3260.977,3246.568,3258.584
1775304000,2026-04-04 12:00:00,3258.456,3258.791,3247.823,3253.438
1775307600,2026-04-04 13:00:00,3253.474,3264.818,3252.004,3258.427
1775311200,2026-04-04 14:00:00,3258.471,3265.217,3254.562,3263.95
1775314800,2026-04-04 15:00:00,3263.886,3269.757,3248.742,3248.93
1775318400,2026-04-04 16:00:00,3248.931,3258.859,3247.749,3251.7
1775322000,2026-04-04 17:00:00,3251.751,3253.809,3232.719,3233.334
1775325600,2026-04-04 18:00:00,3233.575,3234.137,3214.904,3214.976
1775329200,2026-04-04 19:00:00,3214.876,3220.962,3209.747,3213.81
1775332800,2026-04-04 20:00:00,3213.953,3225.986,3210.869,3219.586
1775336400,2026-04-04 21:00:00,3219.505,3235.294,3216.983,3233.798
1775340000,2026-04-04 22:00:00,3234.037,3239.142,3228.383,3236.996
1775343600,2026-04-04 23:00:00,3236.919,3247.005,3225.197,3226.711
1775347200,2026-04-05 00:00:00,3226.546,3234.449,3216.422,3219.316
1775350800,2026-04-05 01:00:00,3219.299,3227.795,3216.436,3226.106
1775354400,2026-04-05 02:00:00,3225.928,3242.432,3224.274,3237.641
1775358000,2026-04-05 03:00:00,3237.823,3247.087,3230.407,3233.858
1775361600,2026-04-05 04:00:00,3233.921,3238.604,3226.777,3235.052
1775365200,2026-04-05 05:00:00,3235.08,3249.469,3233.239,3246.581
1775368800,2026-04-05 06:00:00,3246.612,3265.431,3244.091,3263.775
1775372400,2026-04-05 07:00:00,3263.6,3269.818,3260.527,3261.462
1775376000,2026-04-05 08:00:00,3261.244,3272.629,3261.244,3270.98
1775379600,2026-04-05 09:00:00,3270.89,3272.14,3260.199,3262.292
1775383200,2026-04-05 10:00:00,3262.552,3276.055,3262.449,3273.999
1775386800,2026-04-05 11:00:00,3274.057,3276.739,3267.936,3273.076
1775390400,2026-04-05 12:00:00,3273.092,3277.391,3253.947,3255.542
1775394000,2026-04-05 13:00:00,3255.2,3256.316,3244.392,3244.976
1775397600,2026-04-05 14:00:00,3244.824,3252.096,3238.897,3240.667
1775401200,2026-04-05 15:00:00,3240.513,3255.591,3238.681,3254.709
1775404800,2026-04-05 16:00:00,3254.544,3259.896,3245.007,3246.326
1775408400,2026-04-05 17:00:00,3246.527,3254.374,3241.425,3241.801
1775412000,2026-04-05 18:00:00,3241.849,3243.635,3230.144,3232.159
1775415600,2026-04-05 19:00:00,3232.266,3236.682,3224.036,3227.668
1775419200,2026-04-05 20:00:00,3227.78,3230.913,3220.033,3224.885
1775422800,2026-04-05 21:00:00,3225.071,3231.508,3218.077,3219.515
1775426400,2026-04-05 22:00:00,3219.554,3230.627,3213.905,3227.415
1775430000,2026-04-05 23:00:00,3227.744,3233.181,3225.525,3228.889
1775433600,2026-04-06 00:00:00,3228.729,3242.742,3227.706,3236.725
1775437200,2026-04-06 01:00:00,3236.739,3252.85,3232.7,3251.886
1775440800,2026-04-06 02:00:00,3251.63,3251.685,3233.106,3235.447
1775444400,2026-04-06 03:00:00,3235.658,3236.146,3220.676,3235.024
1775448000,2026-04-06 04:00:00,3235.609,3244.847,3228.354,3242.365
1775451600,2026-04-06 05:00:00,3242.647,3246.762,3236.247,3243.811
1775455200,2026-04-06 06:00:00,3243.747,3246.065,3232.409,3235.245
1775458800,2026-04-06 07:00:00,3235.349,3244.697,3227.964,3243.838
1775462400,2026-04-06 08:00:00,3243.901,3250.308,3237.488,3245.496
1775466000,2026-04-06 09:00:00,3245.378,3245.574,3223.29,3223.534
1775469600,2026-04-06 10:00:00,3223.579,3230.421,3218.988,3225.264
1775473200,2026-04-06 11:00:00,3225.173,3236.307,3223.468,3233.956
1775476800,2026-04-06 12:00:00,3234.159,3249.342,3231.194,3249.186
1775480400,2026-04-06 13:00:00,3249.037,3264.476,3247.115,3263.659
1775484000,2026-04-06 14:00:00,3263.885,3268.129,3257.716,3259.885
1775487600,2026-04-06 15:00:00,3260.073,3262.721,3241.445,3245.903
1775491200,2026-04-06 16:00:00,3246.011,3246.192,3229.026,3229.219
1775494800,2026-04-06 17:00:00,3228.919,3237.679,3225.217,3234.458
1775498400,2026-04-06 18:00:00,3234.604,3237.16,3226.509,3227.588
1775502000,2026-04-06 19:00:00,3227.674,3242.865,3225.667,3241.258
1775505600,2026-04-06 20:00:00,3241.396,3241.765,3225.871,3234.667
1775509200,2026-04-06 21:00:00,3234.989,3242.271,3233.253,3236.885
1775512800,2026-04-06 22:00:00,3236.874,3243.408,3228.017,3228.536
1775516400,2026-04-06 23:00:00,3228.654,3234.198,3224.591,3230.746
1775520000,2026-04-07 00:00:00,3230.732,3234.525,3226.389,3229.303
1775523600,2026-04-07 01:00:00,3229.643,3232.174,3224.05,3229.208
1775527200,2026-04-07 02:00:00,3229.346,3229.715,3208.831,3208.939
1775530800,2026-04-07 03:00:00,3208.791,3217.119,3207.226,3210.752
1775534400,2026-04-07 04:00:00,3210.997,3222.481,3209.056,3219.725
1775538000,2026-04-07 05:00:00,3219.776,3224.223,3214.332,3224.01
1775541600,2026-04-07 06:00:00,3223.691,3224.206,3210.087,3213.113
1775545200,2026-04-07 07:00:00,3213.351,3214.655,3200.904,3212.382
1775548800,2026-04-07 08:00:00,3212.23,3216.036,3208.232,3211.244
1775552400,2026-04-07 09:00:00,3211.234,3216.211,3203.903,3211.863
1775556000,2026-04-07 10:00:00,3212.247,3225.306,3211.304,3217.191
1775559600,2026-04-07 11:00:00,3216.917,3231.076,3216.912,3224.777
1775563200,2026-04-07 12:00:00,3224.937,3227.823,3213.371,3223.577
1775566800,2026-04-07 13:00:00,3223.44,3224.037,3206.973,3207.107
1775570400,2026-04-07 14:00:00,3207.09,3209.025,3196.699,3203.382
1775574000,2026-04-07 15:00:00,3203.311,3217.754,3201.015,3215.857
1775577600,2026-04-07 16:00:00,3216.16,3224.629,3215.341,3222.12
1775581200,2026-04-07 17:00:00,3222.208,3233.053,3213.353,3215.897
1775584800,2026-04-07 18:00:00,3215.961,3221.608,3212.707,3216.114
1775588400,2026-04-07 19:00:00,3215.648,3218.587,3210.93,3213.035
1775592000,2026-04-07 20:00:00,3213.397,3229.066,3211.991,3226.796
1775595600,2026-04-07 21:00:00,3227.197,3229.598,3202.882,3203.918
1775599200,2026-04-07 22:00:00,3203.889,3205.694,3196.901,3198.401
1775602800,2026-04-07 23:00:00,3198.215,3208.868,3197.68,3207.65
1775606400,2026-04-08 00:00:00,3207.713,3212.966,3201.783,3202.828
1775610000,2026-04-08 01:00:00,3202.672,3211.934,3198.487,3201.003
1775613600,2026-04-08 02:00:00,3201.126,3209.629,3194.894,3197.192
1775617200,2026-04-08 03:00:00,3197.481,3201.248,3191.83,3195.999
1775620800,2026-04-08 04:00:00,3195.666,3202.098,3193.6,3194.271
1775624400,2026-04-08 05:00:00,3194.221,3203.15,3190.675,3194.058
1775628000,2026-04-08 06:00:00,3194.2,3198.314,3185.94,3195.134
1775631600,2026-04-08 07:00:00,3195.236,3198.679,3181.512,3185.951
1775635200,2026-04-08 08:00:00,3185.833,3191.469,3181.523,3185.962
1775638800,2026-04-08 09:00:00,3186.013,3186.45,3172.41,3175.786
1775642400,2026-04-08 10:00:00,3176.03,3178.054,3164.624,3166.998
1775646000,2026-04-08 11:00:00,3167.207,3178.724,3162.011,3174.13
1775649600,2026-04-08 12:00:00,3174.063,3176.016,3164.265,3173.268
1775653200,2026-04-08 13:00:00,3173.171,3194.267,3173.17,3191.566
1775656800,2026-04-08 14:00:00,3191.298,3197.022,3182.419,3195.954
1775660400,2026-04-08 15:00:00,3195.883,3206.778,3193.301,3202.383
1775664000,2026-04-08 16:00:00,3202.534,3210.929,3201.969,3208.804
1775667600,2026-04-08 17:00:00,3208.806,3211.846,3198.263,3210.981
1775671200,2026-04-08 18:00:00,3211.046,3213.512,3207.297,3212.54
1775674800,2026-04-08 19:00:00,3212.607,3228.278,3210.551,3226.686
1775678400,2026-04-08 20:00:00,3226.7,3236.69,3224.074,3228.836
1775682000,2026-04-08 21:00:00,3228.965,3234.094,3225.545,3228.169
1775685600,2026-04-08 22:00:00,3228.252,3244.117,3227.38,3233.761
1775689200,2026-04-08 23:00:00,3234.066,3242.847,3225.752,3226.302
1775692800,2026-04-09 00:00:00,3226.477,3237.177,3224.291,3231.511
1775696400,2026-04-09 01:00:00,3231.487,3240.144,3225.181,3227.203
1775700000,2026-04-09 02:00:00,3227.277,3232.293,3223.986,3227.913
1775703600,2026-04-09 03:00:00,3227.66,3229.127,3220.633,3222.335
1775707200,2026-04-09 04:00:00,3222.79,3227.832,3216.257,3226.237
1775710800,2026-04-09 05:00:00,3226.303,3238.377,3223.803,3233.119
1775714400,2026-04-09 06:00:00,3233.368,3238.525,3222.633,3223.168
1775718000,2026-04-09 07:00:00,3222.796,3236.438,3222.796,3228.68
1775721600,2026-04-09 08:00:00,3228.628,3232.649,3221.396,3230.482
1775725200,2026-04-09 09:00:00,3230.423,3231.313,3212.609,3214.841
1775728800,2026-04-09 10:00:00,3214.801,3223.972,3213.553,3215.563
1775732400,2026-04-09 11:00:00,3215.239,3225.304,3210.783,3223.921
1775736000,2026-04-09 12:00:00,3223.851,3228.589,3218.731,3222.344
1775739600,2026-04-09 13:00:00,3222.489,3233.537,3215.868,3233.141
1775743200,2026-04-09 14:00:00,3233.047,3237.989,3228.864,3237.769
1775746800,2026-04-09 15:00:00,3237.757,3241.947,3228.423,3241.875
1775750400,2026-04-09 16:00:00,3241.702,3254.158,3240.773,3252.642
1775754000,2026-04-09 17:00:00,3252.685,3253.098,3241.075,3247.666
1775757600,2026-04-09 18:00:00,3247.366,3257.609,3245.611,3255.578
1775761200,2026-04-09 19:00:00,3256.052,3256.178,3233.109,3236.009
1775764800,2026-04-09 20:00:00,3235.667,3238.536,3222.592,3224.065
1775768400,2026-04-09 21:00:00,3224.209,3232.546,3220.641,3223.614
1775772000,2026-04-09 22:00:00,3224.004,3232.817,3219.069,3232.553
1775775600,2026-04-09 23:00:00,3232.376,3245.828,3232.195,3239.293
1775779200,2026-04-10 00:00:00,3239.125,3242.053,3234.972,3238.533
1775782800,2026-04-10 01:00:00,3238.279,3244.108,3235.101,3238.022
1775786400,2026-04-10 02:00:00,3238.135,3239.832,3220.6,3224.877
1775790000,2026-04-10 03:00:00,3224.996,3225.887,3209.583,3213.307
1775793600,2026-04-10 04:00:00,3213.295,3221.035,3210.48,3218.419
1775797200,2026-04-10 05:00:00,3218.11,3234.496,3214.002,3231.124
1775800800,2026-04-10 06:00:00,3230.863,3232.487,3222.897,3227.299
1775804400,2026-04-10 07:00:00,3227.537,3228.438,3211.078,3215.281
1775808000,2026-04-10 08:00:00,3215.014,3221.854,3212.804,3221.854
1775811600,2026-04-10 09:00:00,3221.681,3244.744,3221.128,3241.827
1775815200,2026-04-10 10:00:00,3241.876,3242.541,3225.462,3226.452
1775818800,2026-04-10 11:00:00,3226.476,3229.343,3220.041,3224.304
1775822400,2026-04-10 12:00:00,3224.384,3229.511,3220.799,3225.714
1775826000,2026-04-10 13:00:00,3226.046,3229.714,3220.689,3225.6
1775829600,2026-04-10 14:00:00,3225.4,3232.972,3222.208,3229.656
1775833200,2026-04-10 15:00:00,3229.388,3237.475,3222.086,3222.086
1775836800,2026-04-10 16:00:00,3222.361,3236.901,3219.555,3236.161
1775840400,2026-04-10 17:00:00,3236.422,3244.77,3231.047,3232.47
1775844000,2026-04-10 18:00:00,3232.212,3243.259,3228.097,3241.371
1775847600,2026-04-10 19:00:00,3240.893,3243.627,3231.519,3236.253
1775851200,2026-04-10 20:00:00,3236.317,3236.426,3214.362,3217.319
1775854800,2026-04-10 21:00:00,3217.497,3218.8,3203.061,3204.568
1775858400,2026-04-10 22:00:00,3204.431,3215.328,3201.461,3213.499
1775862000,2026-04-10 23:00:00,3213.327,3216.307,3205.159,3205.44
1775865600,2026-04-11 00:00:00,3205.301,3205.401,3189.951,3191.161
1775869200,2026-04-11 01:00:00,3191.254,3196.861,3185.847,3188.176
1775872800,2026-04-11 02:00:00,3188.236,3192.438,3180.243,3181.68
1775876400,2026-04-11 03:00:00,3182.061,3185.071,3170.535,3172.083
1775880000,2026-04-11 04:00:00,3172.169,3176.819,3165.662,3176.119
1775883600,2026-04-11 05:00:00,3175.967,3183.716,3165.849,3171.709
1775887200,2026-04-11 06:00:00,3171.981,3178.981,3164.265,3172.122
1775890800,2026-04-11 07:00:00,3172.051,3174.784,3162.789,3170.774
1775894400,2026-04-11 08:00:00,3170.493,3172.336,3156.251,3156.875
1775898000,2026-04-11 09:00:00,3156.983,3159.787,3148.672,3149.888
1775901600,2026-04-11 10:00:00,3149.868,3170.455,3149.02,3170.255
1775905200,2026-04-11 11:00:00,3170.324,3172.429,3161.407,3170.929
1775908800,2026-04-11 12:00:00,3170.992,3174.508,3161.608,3171.933
1775912400,2026-04-11 13:00:00,3171.917,3182.336,3170.311,3181.679
1775916000,2026-04-11 14:00:00,3181.823,3188.762,3180.002,3184.192
1775919600,2026-04-11 15:00:00,3184.415,3206.618,3184.415,3205.882
1775923200,2026-04-11 16:00:00,3205.996,3208.586,3198.865,3200.053
1775926800,2026-04-11 17:00:00,3200.354,3202.681,3184.931,3190.871
1775930400,2026-04-11 18:00:00,3190.778,3201.748,3190.101,3196.171
1775934000,2026-04-11 19:00:00,3196.332,3197.224,3183.379,3185.873
1775937600,2026-04-11 20:00:00,3185.654,3199.021,3183.504,3198.531
1775941200,2026-04-11 21:00:00,3198.444,3204.222,3191.18,3200.832
1775944800,2026-04-11 22:00:00,3200.931,3215.446,3199.398,3212.697
1775948400,2026-04-11 23:00:00,3212.815,3221.414,3211.833,3213.57
1775952000,2026-04-12 00:00:00,3213.553,3219.177,3201.853,3204.17
1775955600,2026-04-12 01:00:00,3204.379,3205.801,3190.829,3196.532
1775959200,2026-04-12 02:00:00,3196.26,3211.612,3196.26,3211.612
1775962800,2026-04-12 03:00:00,3211.636,3219.714,3210.063,3218.761
1775966400,2026-04-12 04:00:00,3218.747,3224.403,3217.943,3218.689
1775970000,2026-04-12 05:00:00,3218.682,3219.215,3194.055,3196.408
1775973600,2026-04-12 06:00:00,3196.677,3210.762,3195.272,3209.284
1775977200,2026-04-12 07:00:00,3209.179,3211.25,3198.952,3208.997
1775980800,2026-04-12 08:00:00,3209.418,3218.379,3209.418,3214.895
1775984400,2026-04-12 09:00:00,3214.926,3220.588,3210.004,3219.55
1775988000,2026-04-12 10:00:00,3219.406,3219.623,3209.756,3212.299
1775991600,2026-04-12 11:00:00,3212.458,3225.209,3211.092,3224.261
1775995200,2026-04-12 12:00:00,3224.408,3224.475,3199.637,3200.393
1775998800,2026-04-12 13:00:00,3200.343,3213.339,3195.639,3212.778
1776002400,2026-04-12 14:00:00,3212.867,3214.93,3202.367,3207.615
1776006000,2026-04-12 15:00:00,3207.893,3217.264,3205.115,3213.713
1776009600,2026-04-12 16:00:00,3213.67,3230.541,3213.652,3223.394
1776013200,2026-04-12 17:00:00,3223.724,3234.083,3219.588,3226.046
1776016800,2026-04-12 18:00:00,3225.975,3227.215,3217.339,3219.548
1776020400,2026-04-12 19:00:00,3219.538,3222.668,3209.595,3211.505
1776024000,2026-04-12 20:00:00,3211.554,3216.42,3206.464,3210.511
1776027600,2026-04-12 21:00:00,3210.155,3215.852,3200.952,3213.21
1776031200,2026-04-12 22:00:00,3213.314,3224.94,3207.376,3220.803
1776034800,2026-04-12 23:00:00,3220.608,3231.057,3218.114,3219.478
1776038400,2026-04-13 00:00:00,3219.4,3241.856,3218.516,3240.864
1776042000,2026-04-13 01:00:00,3241.048,3262.09,3234.669,3261.112
1776045600,2026-04-13 02:00:00,3261.239,3264.776,3253.403,3258.653
1776049200,2026-04-13 03:00:00,3258.342,3267.04,3248.476,3256.381
1776052800,2026-04-13 04:00:00,3256.026,3268.084,3255.752,3261.095
1776056400,2026-04-13 05:00:00,3260.867,3263.832,3254.154,3261.216
1776060000,2026-04-13 06:00:00,3261.075,3265.061,3246.63,3248.908
1776063600,2026-04-13 07:00:00,3249.079,3249.973,3238.582,3247.138
1776067200,2026-04-13 08:00:00,3247.331,3253.372,3239.24,3246.534
1776070800,2026-04-13 09:00:00,3246.767,3255.937,3239.114,3254.119
1776074400,2026-04-13 10:00:00,3254.051,3262.424,3252.492,3253.413
1776078000,2026-04-13 11:00:00,3253.614,3258.847,3242.939,3244.257
1776081600,2026-04-13 12:00:00,3244.43,3247.568,3232.969,3233.768
1776085200,2026-04-13 13:00:00,3233.695,3258.527,3230.807,3251.736
1776088800,2026-04-13 14:00:00,3251.78,3270.978,3248.57,3265.982
1776092400,2026-04-13 15:00:00,3266.143,3274.001,3257.294,3273.498
1776096000,2026-04-13 16:00:00,3273.94,3291.61,3270.084,3284.035
1776099600,2026-04-13 17:00:00,3283.837,3285.068,3267.089,3267.562
1776103200,2026-04-13 18:00:00,3267.687,3267.939,3255.02,3257.007
1776106800,2026-04-13 19:00:00,3256.542,3257.11,3244.329,3254.543
1776110400,2026-04-13 20:00:00,3254.634,3262.662,3252.237,3259.931
1776114000,2026-04-13 21:00:00,3260.304,3265.103,3256.486,3260.285
1776117600,2026-04-13 22:00:00,3260.13,3264.059,3249.825,3263.293
1776121200,2026-04-13 23:00:00,3262.958,3267.007,3256.363,3256.645
1776124800,2026-04-14 00:00:00,3256.837,3260.208,3250.375,3251.48
1776128400,2026-04-14 01:00:00,3251.29,3257.505,3245.824,3247.48
1776132000,2026-04-14 02:00:00,3247.484,3249.421,3235.058,3239.738
1776135600,2026-04-14 03:00:00,3239.757,3256.551,3237.527,3245.87
1776139200,2026-04-14 04:00:00,3245.729,3250.79,3242.186,3247.899
1776142800,2026-04-14 05:00:00,3248.279,3249.754,3237.456,3239.29
1776146400,2026-04-14 06:00:00,3239.302,3248.753,3237.797,3245.315
1776150000,2026-04-14 07:00:00,3245.499,3251.378,3237.65,3237.65
1776153600,2026-04-14 08:00:00,3238.066,3250.713,3238.066,3246.679
1776157200,2026-04-14 09:00:00,3246.791,3252.988,3240.516,3243.932
1776160800,2026-04-14 10:00:00,3243.567,3246.256,3235.543,3237.541
1776164400,2026-04-14 11:00:00,3237.701,3238.196,3227.232,3230.589
1776168000,2026-04-14 12:00:00,3230.425,3236.2,3225.519,3232.633
1776171600,2026-04-14 13:00:00,3232.71,3254.082,3232.71,3247.965
1776175200,2026-04-14 14:00:00,3247.844,3252.769,3243.755,3250.554
1776178800,2026-04-14 15:00:00,3250.533,3270.832,3249.771,3270.265
1776182400,2026-04-14 16:00:00,3270.399,3275.092,3258.139,3258.16
1776186000,2026-04-14 17:00:00,3258.547,3266.492,3256.616,3266.203
1776189600,2026-04-14 18:00:00,3266.404,3270.084,3260.676,3265.731
1776193200,2026-04-14 19:00:00,3265.853,3292.982,3263.243,3292.778
1776196800,2026-04-14 20:00:00,3292.661,3310.317,3292.493,3308.074
1776200400,2026-04-14 21:00:00,3308.025,3317.132,3305.29,3315.256
1776204000,2026-04-14 22:00:00,3315.361,3316.948,3295.529,3296.518
1776207600,2026-04-14 23:00:00,3295.981,3304.079,3289.226,3303.183
1776211200,2026-04-15 00:00:00,3303.436,3307.711,3292.405,3299.987
1776214800,2026-04-15 01:00:00,3300.323,3312.37,3298.529,3301.279
1776218400,2026-04-15 02:00:00,3301.538,3314.675,3299.129,3313.202
1776222000,2026-04-15 03:00:00,3313.268,3313.813,3301.2,3302.445
1776225600,2026-04-15 04:00:00,3302.424,3310.39,3294.176,3309.578
1776229200,2026-04-15 05:00:00,3309.627,3309.65,3302.267,3304.782
1776232800,2026-04-15 06:00:00,3304.571,3308.363,3299.275,3302.769
1776236400,2026-04-15 07:00:00,3302.897,3306.871,3296.437,3303.333
1776240000,2026-04-15 08:00:00,3303.004,3318.143,3303.004,3312.781
1776243600,2026-04-15 09:00:00,3312.675,3319.446,3311.727,3314.488
1776247200,2026-04-15 10:00:00,3314.591,3314.591,3300.974,3311.731
1776250800,2026-04-15 11:00:00,3312.078,3324.152,3311.993,3316.103
1776254400,2026-04-15 12:00:00,3316.169,3333.506,3314.826,3327.533
1776258000,2026-04-15 13:00:00,3326.887,3327.431,3315.69,3323.395
1776261600,2026-04-15 14:00:00,3323.826,3330.547,3320.562,3329.832
1776265200,2026-04-15 15:00:00,3329.804,3332.812,3324.149,3326.54
1776268800,2026-04-15 16:00:00,3326.42,3338.317,3323.692,3332.083
1776272400,2026-04-15 17:00:00,3332.137,3335.282,3315.47,3318.967
1776276000,2026-04-15 18:00:00,3318.98,3329.483,3316.668,3328.982
1776279600,2026-04-15 19:00:00,3329.29,3329.623,3306.111,3315.766
1776283200,2026-04-15 20:00:00,3315.961,3333.813,3314.992,3332.848
1776286800,2026-04-15 21:00:00,3332.394,3341.477,3326.439,3335.288
1776290400,2026-04-15 22:00:00,3335.402,3340.103,3329.524,3336.762
1776294000,2026-04-15 23:00:00,3336.942,3340.251,3324.362,3340.251
1776297600,2026-04-16 00:00:00,3340.149,3347.57,3338.243,3342.756
1776301200,2026-04-16 01:00:00,3342.783,3355.151,3339.524,3344.108
1776304800,2026-04-16 02:00:00,3344.03,3348.086,3336.285,3336.285
1776308400,2026-04-16 03:00:00,3336.312,3338.405,3329.28,3334.773
1776312000,2026-04-16 04:00:00,3334.48,3338.371,3324.445,3324.445
1776315600,2026-04-16 05:00:00,3324.081,3339.085,3320.244,3337.377
1776319200,2026-04-16 06:00:00,3337.334,3342.809,3334.071,3336.6
1776322800,2026-04-16 07:00:00,3336.535,3342.516,3326.998,3330.694
1776326400,2026-04-16 08:00:00,3330.967,3330.967,3310.832,3311.675
1776330000,2026-04-16 09:00:00,3311.608,3321.305,3309.653,3312.121
1776333600,2026-04-16 10:00:00,3312.037,3316.282,3302.58,3308.969
1776337200,2026-04-16 11:00:00,3308.75,3316.777,3304.575,3309.195
1776340800,2026-04-16 12:00:00,3308.867,3317.902,3304.476,3315.669
1776344400,2026-04-16 13:00:00,3315.484,3326.69,3313.706,3322.665
1776348000,2026-04-16 14:00:00,3322.429,3346.39,3322.429,3341.794
1776351600,2026-04-16 15:00:00,3341.643,3343.5,3326.96,3335.133
1776355200,2026-04-16 16:00:00,3334.761,3334.761,3322.141,3324.273
1776358800,2026-04-16 17:00:00,3323.974,3327.677,3320.359,3324.822
1776362400,2026-04-16 18:00:00,3324.87,3326.857,3316.192,3321.906
1776366000,2026-04-16 19:00:00,3321.848,3323.282,3315.283,3317.735
1776369600,2026-04-16 20:00:00,3317.594,3321.691,3305.084,3305.465
1776373200,2026-04-16 21:00:00,3305.447,3324.018,3305.447,3322.057
1776376800,2026-04-16 22:00:00,3321.779,3326.466,3318.635,3321.719
1776380400,2026-04-16 23:00:00,3321.561,3325.811,3315.647,3323.229
1776384000,2026-04-17 00:00:00,3323.372,3328.57,3319.361,3319.368
1776387600,2026-04-17 01:00:00,3319.172,3327.591,3314.198,3318.516
1776391200,2026-04-17 02:00:00,3318.497,3320.349,3306.675,3308.477
1776394800,2026-04-17 03:00:00,3308.302,3314.776,3301.293,3310.718
1776398400,2026-04-17 04:00:00,3310.796,3314.941,3294.435,3295.927
1776402000,2026-04-17 05:00:00,3295.871,3297.309,3287.53,3292.6
1776405600,2026-04-17 06:00:00,3292.711,3316.156,3292.058,3307.601
1776409200,2026-04-17 07:00:00,3307.984,3318.872,3307.041,3317.815
1776412800,2026-04-17 08:00:00,3317.58,3324.746,3314.769,3323.492
1776416400,2026-04-17 09:00:00,3323.713,3326.158,3309.837,3311.048
1776420000,2026-04-17 10:00:00,3310.966,3319.762,3309.89,3315.726
1776423600,2026-04-17 11:00:00,3315.844,3327.354,3315.844,3326.731
1776427200,2026-04-17 12:00:00,3326.981,3328.967,3319.575,3322.452
1776430800,2026-04-17 13:00:00,3322.385,3331.59,3318.857,3323.022
1776434400,2026-04-17 14:00:00,3323.086,3328.938,3316.104,3321.198
1776438000,2026-04-17 15:00:00,3321.223,3324.456,3309.956,3313.091
1776441600,2026-04-17 16:00:00,3313.238,3320.433,3307.943,3308.657
1776445200,2026-04-17 17:00:00,3308.878,3310.474,3293.337,3293.943
1776448800,2026-04-17 18:00:00,3294.253,3296.455,3284.336,3293.978
1776452400,2026-04-17 19:00:00,3294.415,3297.321,3288.779,3291.254
1776456000,2026-04-17 20:00:00,3290.961,3294.01,3283.668,3288.089
1776459600,2026-04-17 21:00:00,3288.118,3297.075,3284.127,3293.174
1776463200,2026-04-17 22:00:00,3292.995,3296.698,3272.934,3276.552
1776466800,2026-04-17 23:00:00,3276.763,3283.171,3274.443,3281.842
1776470400,2026-04-18 00:00:00,3282.096,3289.132,3272.555,3284.426
1776474000,2026-04-18 01:00:00,3284.788,3285.67,3271.953,3274.38
1776477600,2026-04-18 02:00:00,3274.488,3282.043,3264.59,3267.842
1776481200,2026-04-18 03:00:00,3268.106,3278.281,3267.772,3273.05
1776484800,2026-04-18 04:00:00,3272.854,3288.752,3270.584,3287.219
1776488400,2026-04-18 05:00:00,3287.229,3293.603,3278.086,3282.964
1776492000,2026-04-18 06:00:00,3282.833,3286.542,3272.27,3281.609
1776495600,2026-04-18 07:00:00,3281.485,3282.288,3266.221,3268.596
1776499200,2026-04-18 08:00:00,3268.436,3272.799,3260.472,3264.952
1776502800,2026-04-18 09:00:00,3264.968,3291.184,3263.72,3288.692
1776506400,2026-04-18 10:00:00,3289.039,3293.122,3284.453,3291.606
1776510000,2026-04-18 11:00:00,3291.331,3297.663,3281.383,3287.801
1776513600,2026-04-18 12:00:00,3287.594,3297.393,3285.379,3285.885
1776517200,2026-04-18 13:00:00,3285.892,3290.752,3278.889,3284.932
1776520800,2026-04-18 14:00:00,3284.89,3286.182,3268.471,3273.114
1776524400,2026-04-18 15:00:00,3273.13,3273.911,3259.278,3260.596
1776528000,2026-04-18 16:00:00,3260.579,3271.617,3260.062,3267.446
1776531600,2026-04-18 17:00:00,3267.668,3270.507,3257.763,3258.124
1776535200,2026-04-18 18:00:00,3258.678,3267.791,3252.13,3259.026
1776538800,2026-04-18 19:00:00,3258.614,3271.9,3258.614,3265.733
1776542400,2026-04-18 20:00:00,3265.346,3269.531,3254.024,3259.532
1776546000,2026-04-18 21:00:00,3259.537,3267.726,3251.879,3262.869
1776549600,2026-04-18 22:00:00,3263.075,3270.021,3259.694,3267.461
1776553200,2026-04-18 23:00:00,3267.517,3274.3,3264.648,3272.886
1776556800,2026-04-19 00:00:00,3272.615,3273.464,3263.953,3267.66
1776560400,2026-04-19 01:00:00,3267.79,3281.672,3263.836,3274.147
1776564000,2026-04-19 02:00:00,3274.135,3278.634,3268.389,3273.21
1776567600,2026-04-19 03:00:00,3273.213,3283.814,3265.395,3266.344
1776571200,2026-04-19 04:00:00,3265.93,3274.722,3263.397,3270.751
1776574800,2026-04-19 05:00:00,3271.225,3271.225,3254.463,3256.646
1776578400,2026-04-19 06:00:00,3256.478,3258.11,3243.253,3251.56
1776582000,2026-04-19 07:00:00,3251.817,3260.045,3249.315,3257.911
1776585600,2026-04-19 08:00:00,3258.053,3260.239,3249.421,3251.851
1776589200,2026-04-19 09:00:00,3252.411,3264.251,3248.651,3260.82
1776592800,2026-04-19 10:00:00,3260.975,3271.459,3260.446,3270.356
1776596400,2026-04-19 11:00:00,3270.378,3277.943,3270.32,3272.553
1776600000,2026-04-19 12:00:00,3272.686,3287.631,3270.787,3282.156
1776603600,2026-04-19 13:00:00,3281.746,3292.198,3276.297,3281.046
1776607200,2026-04-19 14:00:00,3281.105,3286.111,3276.58,3285.016
1776610800,2026-04-19 15:00:00,3285.271,3286.523,3270.222,3270.899
1776614400,2026-04-19 16:00:00,3270.914,3274.69,3252.71,3255.291
1776618000,2026-04-19 17:00:00,3254.846,3263.339,3248.882,3260.996
1776621600,2026-04-19 18:00:00,3261.501,3266.938,3256.02,3258.413
1776625200,2026-04-19 19:00:00,3258.23,3270.033,3255.4,3262.593
1776628800,2026-04-19 20:00:00,3262.696,3262.696,3249.039,3249.525
1776632400,2026-04-19 21:00:00,3249.68,3255.69,3243.987,3246.636
1776636000,2026-04-19 22:00:00,3246.307,3247.415,3235.942,3241.084
1776639600,2026-04-19 23:00:00,3241.426,3244.102,3233.839,3237.233
1776643200,2026-04-20 00:00:00,3237.312,3240.152,3226.071,3226.446
1776646800,2026-04-20 01:00:00,3226.321,3226.776,3198.483,3199.774
1776650400,2026-04-20 02:00:00,3199.776,3203.524,3193.529,3200.735
1776654000,2026-04-20 03:00:00,3200.8,3206.313,3192.336,3194.747
1776657600,2026-04-20 04:00:00,3194.59,3200.64,3189.287,3196.31
1776661200,2026-04-20 05:00:00,3196.016,3197.932,3179.959,3182.361
1776664800,2026-04-20 06:00:00,3182.761,3199.048,3181.407,3199.048
1776668400,2026-04-20 07:00:00,3198.798,3201.266,3188.147,3199.095
1776672000,2026-04-20 08:00:00,3199.172,3201.351,3178.543,3178.717
1776675600,2026-04-20 09:00:00,3178.633,3182.899,3173.03,3174.658
1776679200,2026-04-20 10:00:00,3174.743,3190.751,3174.521,3184.172
1776682800,2026-04-20 11:00:00,3184.253,3192.258,3168.917,3172.53
1776686400,2026-04-20 12:00:00,3172.803,3185.642,3170.797,3184.715
1776690000,2026-04-20 13:00:00,3184.659,3193.031,3180.274,3191.485
1776693600,2026-04-20 14:00:00,3191.605,3197.387,3187.382,3196.784
1776697200,2026-04-20 15:00:00,3196.65,3201.377,3190.765,3192.828
1776700800,2026-04-20 16:00:00,3193.116,3193.116,3181.612,3190.039
1776704400,2026-04-20 17:00:00,3190.231,3192.842,3175.795,3177.905
1776708000,2026-04-20 18:00:00,3177.834,3184.64,3172.516,3175.853
1776711600,2026-04-20 19:00:00,3175.7,3180.341,3169.169,3174.653
1776715200,2026-04-20 20:00:00,3174.867,3191.003,3172.505,3182.125
1776718800,2026-04-20 21:00:00,3182.133,3193.192,3178.07,3191.333
1776722400,2026-04-20 22:00:00,3191.235,3202.888,3189.162,3194.2
1776726000,2026-04-20 23:00:00,3193.883,3203.524,3192.555,3198.556
1776729600,2026-04-21 00:00:00,3198.369,3204.614,3193.03,3196.436
1776733200,2026-04-21 01:00:00,3196.84,3199.158,3184.97,3186.555
1776736800,2026-04-21 02:00:00,3186.513,3186.619,3176.973,3182.736
1776740400,2026-04-21 03:00:00,3182.699,3185.591,3173.898,3179.598
1776744000,2026-04-21 04:00:00,3179.873,3182.792,3170.368,3171.228
1776747600,2026-04-21 05:00:00,3171.238,3173.423,3160.266,3166.304
1776751200,2026-04-21 06:00:00,3166.375,3180.947,3164.518,3174.841
1776754800,2026-04-21 07:00:00,3174.515,3186.864,3174.337,3179.417
1776758400,2026-04-21 08:00:00,3179.485,3183.416,3175.165,3175.942
1776762000,2026-04-21 09:00:00,3176.206,3181.993,3166.569,3167.963
1776765600,2026-04-21 10:00:00,3167.923,3183.457,3167.237,3177.839
1776769200,2026-04-21 11:00:00,3178.008,3188.334,3173.989,3187.904
1776772800,2026-04-21 12:00:00,3187.816,3202.949,3186.758,3191.673
1776776400,2026-04-21 13:00:00,3191.769,3199.429,3180.623,3186.542
1776780000,2026-04-21 14:00:00,3186.5,3189.473,3178.372,3189.174
1776783600,2026-04-21 15:00:00,3189.157,3199.686,3183.711,3198.088
1776787200,2026-04-21 16:00:00,3197.943,3198.039,3175.998,3184.25
1776790800,2026-04-21 17:00:00,3184.157,3185.426,3173.637,3175.805
1776794400,2026-04-21 18:00:00,3175.739,3179.707,3166.426,3167.769
1776798000,2026-04-21 19:00:00,3167.788,3173.957,3161.752,3165.792
1776801600,2026-04-21 20:00:00,3165.928,3175.804,3164.214,3170.833
1776805200,2026-04-21 21:00:00,3170.981,3178.468,3164.368,3167.576
1776808800,2026-04-21 22:00:00,3167.673,3168.559,3157.469,3160.594
1776812400,2026-04-21 23:00:00,3160.598,3164.977,3153.532,3154.215
1776816000,2026-04-22 00:00:00,3153.951,3155.771,3146.896,3152.984
1776819600,2026-04-22 01:00:00,3153.083,3157.334,3148.35,3151.945
1776823200,2026-04-22 02:00:00,3152.049,3154.436,3143.987,3154.316
1776826800,2026-04-22 03:00:00,3154.192,3156.366,3144.905,3152.622
1776830400,2026-04-22 04:00:00,3152.829,3154.199,3143.316,3151.958
1776834000,2026-04-22 05:00:00,3151.864,3156.886,3142.079,3156.26
1776837600,2026-04-22 06:00:00,3156.083,3162.031,3147.65,3162.031
1776841200,2026-04-22 07:00:00,3161.916,3170.711,3161.522,3170.55
1776844800,2026-04-22 08:00:00,3171.119,3173.897,3161.068,3167.77
1776848400,2026-04-22 09:00:00,3167.768,3169.568,3159.179,3165.817
1776852000,2026-04-22 10:00:00,3165.651,3173.594,3162.092,3170.246
1776855600,2026-04-22 11:00:00,3170.251,3174.712,3160.888,3174.015
1776859200,2026-04-22 12:00:00,3174.138,3185.081,3172.818,3181.801
1776862800,2026-04-22 13:00:00,3181.732,3182.449,3169.701,3171.207
1776866400,2026-04-22 14:00:00,3171.153,3172.402,3164.741,3169.952
1776870000,2026-04-22 15:00:00,3169.805,3174.347,3158.472,3158.574
1776873600,2026-04-22 16:00:00,3158.677,3161.808,3151.109,3151.421
1776877200,2026-04-22 17:00:00,3151.409,3157.815,3144.902,3146.559
1776880800,2026-04-22 18:00:00,3146.643,3152.056,3134.974,3136.831
1776884400,2026-04-22 19:00:00,3136.468,3137.299,3116.886,3121.272
1776888000,2026-04-22 20:00:00,3121.68,3124.354,3114.493,3117.67
1776891600,2026-04-22 21:00:00,3117.785,3119.71,3103.599,3108.404
1776895200,2026-04-22 22:00:00,3108.249,3111.906,3103.166,3108.877
1776898800,2026-04-22 23:00:00,3108.904,3113.137,3106.506,3107.991
1776902400,2026-04-23 00:00:00,3108.192,3121.062,3101.224,3119.303
1776906000,2026-04-23 01:00:00,3119.115,3126.433,3111.674,3114.749
1776909600,2026-04-23 02:00:00,3114.805,3116.396,3105.445,3109.242
1776913200,2026-04-23 03:00:00,3108.845,3116.18,3106.751,3113.553
1776916800,2026-04-23 04:00:00,3113.353,3120.397,3110.396,3113.612
1776920400,2026-04-23 05:00:00,3113.494,3124.867,3106.279,3110.96
1776924000,2026-04-23 06:00:00,3110.977,3124.735,3109.676,3119.802
1776927600,2026-04-23 07:00:00,3119.991,3120.53,3105.286,3116.418
1776931200,2026-04-23 08:00:00,3116.341,3125.261,3110.823,3122.684
1776934800,2026-04-23 09:00:00,3122.84,3128.842,3119.173,3126.63
1776938400,2026-04-23 10:00:00,3126.561,3128.18,3117.187,3119.587
1776942000,2026-04-23 11:00:00,3119.712,3124.652,3108.504,3108.504
1776945600,2026-04-23 12:00:00,3108.258,3117.778,3104.884,3117.067
1776949200,2026-04-23 13:00:00,3117.108,3125.776,3117.108,3122.362
1776952800,2026-04-23 14:00:00,3122.286,3132.585,3120.919,3129.095
1776956400,2026-04-23 15:00:00,3128.952,3145.834,3126,3144.497
1776960000,2026-04-23 16:00:00,3144.312,3146.232,3136.563,3137.296
1776963600,2026-04-23 17:00:00,3136.969,3145.644,3133.115,3144.146
1776967200,2026-04-23 18:00:00,3144.284,3152.535,3139.228,3149.816
1776970800,2026-04-23 19:00:00,3149.811,3159.665,3148.075,3152.147
1776974400,2026-04-23 20:00:00,3152.272,3152.302,3138.083,3140.382
1776978000,2026-04-23 21:00:00,3140.618,3153.189,3138.985,3144.086
1776981600,2026-04-23 22:00:00,3144.099,3145.925,3138.007,3144.726
1776985200,2026-04-23 23:00:00,3144.553,3160.688,3143.098,3159.715
1776988800,2026-04-24 00:00:00,3159.585,3163.78,3151.202,3151.202
1776992400,2026-04-24 01:00:00,3151.218,3151.528,3138.624,3139.239
1776996000,2026-04-24 02:00:00,3139.162,3142.505,3133.371,3138.379
1776999600,2026-04-24 03:00:00,3138.161,3152.089,3136.666,3146.378
1777003200,2026-04-24 04:00:00,3146.402,3151.208,3141.053,3144.43
1777006800,2026-04-24 05:00:00,3144.913,3154.631,3142.088,3144.92
1777010400,2026-04-24 06:00:00,3144.922,3148.736,3141.906,3144.365
1777014000,2026-04-24 07:00:00,3144.419,3147.107,3138.509,3143.978
1777017600,2026-04-24 08:00:00,3144.035,3149.097,3132.894,3132.904
1777021200,2026-04-24 09:00:00,3133.022,3135.269,3125.193,3127.801
1777024800,2026-04-24 10:00:00,3127.724,3135.321,3124.093,3131.442
1777028400,2026-04-24 11:00:00,3131.163,3133.308,3121.882,3132.189
1777032000,2026-04-24 12:00:00,3131.731,3133.573,3123.344,3125.075
1777035600,2026-04-24 13:00:00,3125.071,3139.436,3121.972,3133.429
1777039200,2026-04-24 14:00:00,3133.557,3139.452,3127.105,3133.3
1777042800,2026-04-24 15:00:00,3133.303,3137.651,3125.335,3136.105
1777046400,2026-04-24 16:00:00,3136.067,3143.869,3131.144,3138.535
1777050000,2026-04-24 17:00:00,3138.521,3141.296,3126.462,3126.668
1777053600,2026-04-24 18:00:00,3126.816,3130.075,3121.085,3125.494
1777057200,2026-04-24 19:00:00,3125.304,3127.814,3108.589,3112.428
1777060800,2026-04-24 20:00:00,3112.424,3120.383,3109.406,3116.712
1777064400,2026-04-24 21:00:00,3116.539,3120.423,3106.375,3109.274
1777068000,2026-04-24 22:00:00,3109.42,3124.748,3109.085,3121.275
1777071600,2026-04-24 23:00:00,3121.196,3127.18,3117.143,3127.097
1777075200,2026-04-25 00:00:00,3127.426,3131.864,3119.871,3124.595
1777078800,2026-04-25 01:00:00,3124.574,3138.766,3122.12,3135.372
1777082400,2026-04-25 02:00:00,3135.255,3141.265,3126.786,3127.634
1777086000,2026-04-25 03:00:00,3127.438,3136.238,3126.376,3132.571
1777089600,2026-04-25 04:00:00,3132.355,3140.367,3131.28,3133.999
1777093200,2026-04-25 05:00:00,3134.071,3156.477,3134.034,3152.097
1777096800,2026-04-25 06:00:00,3151.965,3158.877,3148.695,3152.867
1777100400,2026-04-25 07:00:00,3152.933,3161.87,3147.148,3157.027
1777104000,2026-04-25 08:00:00,3157.14,3158.426,3147.686,3151.492
1777107600,2026-04-25 09:00:00,3151.624,3158.822,3146.491,3151.679
1777111200,2026-04-25 10:00:00,3151.648,3153.546,3142.657,3146.873
1777114800,2026-04-25 11:00:00,3146.719,3148.64,3133.322,3140.506
1777118400,2026-04-25 12:00:00,3140.813,3148.691,3140.774,3145.058
1777122000,2026-04-25 13:00:00,3145.035,3150.089,3138.031,3138.594
1777125600,2026-04-25 14:00:00,3138.102,3145.742,3136.097,3141.966
1777129200,2026-04-25 15:00:00,3141.999,3146.358,3137.578,3142.903
1777132800,2026-04-25 16:00:00,3142.748,3144.891,3133.639,3134.046
1777136400,2026-04-25 17:00:00,3134.197,3138.371,3122.833,3131.975
1777140000,2026-04-25 18:00:00,3131.626,3141.022,3127.623,3135.568
1777143600,2026-04-25 19:00:00,3135.078,3142.46,3132.945,3133.78
1777147200,2026-04-25 20:00:00,3133.276,3147.406,3131.123,3145.066
1777150800,2026-04-25 21:00:00,3145.027,3162.414,3144.516,3159.625
1777154400,2026-04-25 22:00:00,3159.424,3160.965,3146.775,3152.935
1777158000,2026-04-25 23:00:00,3153.076,3154.687,3143.111,3144.753
1777161600,2026-04-26 00:00:00,3144.932,3151.923,3141.751,3149.725
1777165200,2026-04-26 01:00:00,3149.769,3160.05,3148.212,3154.072
1777168800,2026-04-26 02:00:00,3154.045,3154.506,3145.575,3147.114
1777172400,2026-04-26 03:00:00,3147.083,3154.789,3142.732,3149.321
1777176000,2026-04-26 04:00:00,3149.255,3153.677,3145.666,3145.925
1777179600,2026-04-26 05:00:00,3145.785,3149.889,3138.212,3138.573
1777183200,2026-04-26 06:00:00,3138.572,3143.878,3135.586,3136.456
1777186800,2026-04-26 07:00:00,3136.347,3152.493,3136.308,3150.021
1777190400,2026-04-26 08:00:00,3150.09,3159.068,3148.738,3152.051
1777194000,2026-04-26 09:00:00,3151.898,3157.698,3142.368,3146.686
1777197600,2026-04-26 10:00:00,3146.857,3154.626,3142.969,3151.063
1777201200,2026-04-26 11:00:00,3151.208,3173.867,3149.106,3173.653
1777204800,2026-04-26 12:00:00,3173.637,3181.053,3166.651,3173.769
1777208400,2026-04-26 13:00:00,3173.642,3186.154,3168.384,3184.913
1777212000,2026-04-26 14:00:00,3184.818,3186.434,3168.383,3175.277
1777215600,2026-04-26 15:00:00,3175.508,3182.904,3170.382,3178.087
1777219200,2026-04-26 16:00:00,3177.499,3193.418,3175.955,3181.8
1777222800,2026-04-26 17:00:00,3182.034,3183.767,3174.779,3176.406
1777226400,2026-04-26 18:00:00,3176.751,3178.492,3165.432,3173.111
1777230000,2026-04-26 19:00:00,3173.181,3174.31,3165.945,3172.809
1777233600,2026-04-26 20:00:00,3172.648,3175.123,3164.505,3167.735
1777237200,2026-04-26 21:00:00,3168.085,3173.183,3161.004,3161.943
1777240800,2026-04-26 22:00:00,3161.64,3170.716,3159.876,3163.49
1777244400,2026-04-26 23:00:00,3163.524,3167.374,3155.652,3157.887
1777248000,2026-04-27 00:00:00,3157.462,3163.031,3154.585,3155.716
1777251600,2026-04-27 01:00:00,3155.68,3159.952,3149.271,3150.285
1777255200,2026-04-27 02:00:00,3150.189,3156.851,3148.462,3152.34
1777258800,2026-04-27 03:00:00,3152.138,3156.217,3146.818,3150.379
1777262400,2026-04-27 04:00:00,3150.324,3153.421,3146.225,3147.056
1777266000,2026-04-27 05:00:00,3147.003,3150.935,3144.692,3150.3
1777269600,2026-04-27 06:00:00,3150.279,3150.592,3130.1,3132.549
1777273200,2026-04-27 07:00:00,3132.468,3140.2,3129.295,3139.871
1777276800,2026-04-27 08:00:00,3139.876,3145.847,3123.14,3128
1777280400,2026-04-27 09:00:00,3127.569,3128.768,3122.289,3126.545
1777284000,2026-04-27 10:00:00,3126.655,3139.114,3125.07,3138.129
1777287600,2026-04-27 11:00:00,3138.162,3145.462,3133.923,3141.752
1777291200,2026-04-27 12:00:00,3141.724,3142.248,3129.079,3131.391
1777294800,2026-04-27 13:00:00,3131.461,3132.894,3122.494,3130.864
1777298400,2026-04-27 14:00:00,3130.564,3143.657,3127.799,3142.726
1777302000,2026-04-27 15:00:00,3142.685,3149.738,3139.745,3144.678
1777305600,2026-04-27 16:00:00,3144.337,3153.933,3136.106,3136.106
1777309200,2026-04-27 17:00:00,3136.509,3140.619,3132.828,3139.48
1777312800,2026-04-27 18:00:00,3139.591,3150.709,3135.12,3149.829
1777316400,2026-04-27 19:00:00,3149.875,3156.953,3147.903,3153.722
1777320000,2026-04-27 20:00:00,3153.68,3156.214,3144.514,3148.241
1777323600,2026-04-27 21:00:00,3148.404,3148.649,3131.798,3139.409
1777327200,2026-04-27 22:00:00,3139.359,3150.529,3138.827,3140.924
1777330800,2026-04-27 23:00:00,3140.977,3141.548,3127.111,3127.606
1777334400,2026-04-28 00:00:00,3127.372,3146.373,3127.372,3144.202
1777338000,2026-04-28 01:00:00,3144.286,3147.191,3132.637,3137.267
1777341600,2026-04-28 02:00:00,3137.03,3143.053,3134.633,3135.006
1777345200,2026-04-28 03:00:00,3135.06,3145.832,3134.125,3137.027
1777348800,2026-04-28 04:00:00,3137.007,3137.426,3130.432,3133.176
1777352400,2026-04-28 05:00:00,3132.972,3134.51,3122.809,3128.478
1777356000,2026-04-28 06:00:00,3128.71,3129.311,3117.457,3120.423
1777359600,2026-04-28 07:00:00,3120.484,3129.084,3119.526,3126.697
1777363200,2026-04-28 08:00:00,3126.904,3127.045,3118.482,3124.11
1777366800,2026-04-28 09:00:00,3123.906,3145.623,3123.737,3139.016
1777370400,2026-04-28 10:00:00,3138.908,3144.503,3136.637,3139.331
1777374000,2026-04-28 11:00:00,3139.182,3148.371,3134.536,3148.275
1777377600,2026-04-28 12:00:00,3148.477,3152.069,3143.883,3146.802
1777381200,2026-04-28 13:00:00,3146.73,3159.468,3141.281,3154.28
1777384800,2026-04-28 14:00:00,3154.269,3154.518,3138.225,3141.831
1777388400,2026-04-28 15:00:00,3141.777,3147.467,3132.068,3146.622
1777392000,2026-04-28 16:00:00,3146.944,3158.836,3146.387,3155.703
1777395600,2026-04-28 17:00:00,3155.707,3156.345,3141.066,3142.985
1777399200,2026-04-28 18:00:00,3143.049,3150.464,3140.643,3144.415
1777402800,2026-04-28 19:00:00,3144.238,3148.068,3137.171,3146.595
1777406400,2026-04-28 20:00:00,3146.832,3153.567,3142.916,3150.804
1777410000,2026-04-28 21:00:00,3150.512,3154.879,3145.396,3147.743
1777413600,2026-04-28 22:00:00,3147.431,3157.506,3145.114,3148.252
1777417200,2026-04-28 23:00:00,3148.382,3149.466,3140.522,3143.693
1777420800,2026-04-29 00:00:00,3143.597,3154.948,3142.624,3153.46
1777424400,2026-04-29 01:00:00,3153.539,3156.18,3142.85,3156.18
1777428000,2026-04-29 02:00:00,3156.087,3156.84,3149.002,3155.382
1777431600,2026-04-29 03:00:00,3155.071,3159.156,3151.782,3157.564
1777435200,2026-04-29 04:00:00,3157.757,3164.167,3149.074,3149.627
1777438800,2026-04-29 05:00:00,3149.411,3151.159,3142.429,3147.958
1777442400,2026-04-29 06:00:00,3148.237,3148.732,3130.044,3136.416
1777446000,2026-04-29 07:00:00,3136.448,3140.537,3127.32,3133.209
1777449600,2026-04-29 08:00:00,3133.343,3140.478,3129.42,3129.989
1777453200,2026-04-29 09:00:00,3130.091,3143.705,3129.354,3143.055
1777456800,2026-04-29 10:00:00,3143.275,3145.075,3131.133,3135.568
1777460400,2026-04-29 11:00:00,3135.352,3135.75,3118.292,3119.481
1777464000,2026-04-29 12:00:00,3119.301,3132.644,3115.327,3132.513
1777467600,2026-04-29 13:00:00,3132.737,3137.73,3128.152,3133.732
1777471200,2026-04-29 14:00:00,3133.685,3136.312,3120.478,3126.151
1777474800,2026-04-29 15:00:00,3126.12,3129.865,3121.45,3128.888
1777478400,2026-04-29 16:00:00,3128.719,3145.606,3127.292,3141.537
1777482000,2026-04-29 17:00:00,3141.347,3149.836,3140.421,3145.63
1777485600,2026-04-29 18:00:00,3145.292,3153.054,3141.174,3145.108
1777489200,2026-04-29 19:00:00,3144.726,3157.224,3138.717,3157.184
1777492800,2026-04-29 20:00:00,3157.45,3173.356,3157.34,3169.848
1777496400,2026-04-29 21:00:00,3169.746,3172.869,3156.589,3156.906
1777500000,2026-04-29 22:00:00,3157.043,3170.395,3155.318,3162.182
1777503600,2026-04-29 23:00:00,3161.717,3169.072,3157.062,3164.41
1777507200,2026-04-30 00:00:00,3164.825,3180.128,3162.81,3178.355
1777510800,2026-04-30 01:00:00,3178.373,3183.201,3168.803,3179.634
1777514400,2026-04-30 02:00:00,3179.536,3183.268,3169.64,3172.83
1777518000,2026-04-30 03:00:00,3173.139,3177.726,3166.718,3167.436
1777521600,2026-04-30 04:00:00,3167.219,3170.585,3160.324,3169.745
1777525200,2026-04-30 05:00:00,3169.445,3179.015,3165.964,3170.193
1777528800,2026-04-30 06:00:00,3170.532,3175.068,3162.828,3164.127
1777532400,2026-04-30 07:00:00,3163.843,3167.903,3153.521,3154.116
1777536000,2026-04-30 08:00:00,3154.21,3155.306,3139.653,3144.222
1777539600,2026-04-30 09:00:00,3144.319,3149.678,3140.18,3149.448
1777543200,2026-04-30 10:00:00,3149.675,3162.165,3148.593,3160.188
1777546800,2026-04-30 11:00:00,3160.162,3169.016,3154.752,3168.233
1777550400,2026-04-30 12:00:00,3168.144,3172.676,3161.826,3164.886
1777554000,2026-04-30 13:00:00,3164.551,3171.438,3162.689,3167.823
1777557600,2026-04-30 14:00:00,3167.676,3174.328,3162.508,3165.309
1777561200,2026-04-30 15:00:00,3165.306,3166.946,3148.568,3148.86
1777564800,2026-04-30 16:00:00,3149.036,3152.527,3134.812,3136.031
1777568400,2026-04-30 17:00:00,3135.95,3148.559,3134.893,3141.295
1777572000,2026-04-30 18:00:00,3141.21,3143.523,3128.689,3138.6
1777575600,2026-04-30 19:00:00,3138.631,3149.907,3137.651,3140.535
1777579200,2026-04-30 20:00:00,3140.107,3150.114,3137.067,3148.681
1777582800,2026-04-30 21:00:00,3148.568,3148.568,3142.013,3145.8
1777586400,2026-04-30 22:00:00,3146.125,3154.546,3144.148,3151.479
1777590000,2026-04-30 23:00:00,3151.396,3152.046,3129.052,3135.775
1777593600,2026-05-01 00:00:00,3135.8,3141.883,3130.371,3141.554
1777597200,2026-05-01 01:00:00,3141.467,3156.592,3136.697,3152.3
1777600800,2026-05-01 02:00:00,3152.342,3158.189,3134.613,3134.613
1777604400,2026-05-01 03:00:00,3134.712,3136.429,3119.649,3120.922
1777608000,2026-05-01 04:00:00,3121.134,3128.799,3118.286,3121.943
1777611600,2026-05-01 05:00:00,3121.582,3136.677,3120.454,3135.458
1777615200,2026-05-01 06:00:00,3135.605,3136.078,3122.319,3132.816
1777618800,2026-05-01 07:00:00,3132.68,3137.397,3119.663,3122.038
1777622400,2026-05-01 08:00:00,3121.84,3122.17,3112.302,3116.617
1777626000,2026-05-01 09:00:00,3116.668,3117.967,3102.174,3107.001
1777629600,2026-05-01 10:00:00,3106.952,3112.829,3094.563,3095.377
1777633200,2026-05-01 11:00:00,3095.155,3095.691,3085.267,3087.571
1777636800,2026-05-01 12:00:00,3087.635,3089.202,3078.775,3082.888
1777640400,2026-05-01 13:00:00,3082.794,3088.665,3080.669,3088.107
1777644000,2026-05-01 14:00:00,3088.415,3097.591,3085.759,3095.759
1777647600,2026-05-01 15:00:00,3095.4,3096.686,3076.403,3076.892
1777651200,2026-05-01 16:00:00,3076.916,3087.188,3076.661,3082.663
1777654800,2026-05-01 17:00:00,3082.439,3085.235,3079.65,3081.533
1777658400,2026-05-01 18:00:00,3081.525,3090.553,3077.698,3079.202
1777662000,2026-05-01 19:00:00,3079.079,3080.463,3068.205,3070.142
1777665600,2026-05-01 20:00:00,3070.411,3073.775,3059.779,3062.784
1777669200,2026-05-01 21:00:00,3062.561,3067.044,3055.936,3059.633
1777672800,2026-05-01 22:00:00,3059.542,3059.7,3049.645,3057.908
1777676400,2026-05-01 23:00:00,3058.035,3062.207,3053.354,3057.402
1777680000,2026-05-02 00:00:00,3057.173,3062.006,3049.641,3054.416
1777683600,2026-05-02 01:00:00,3054.691,3059.141,3037.358,3038.806
1777687200,2026-05-02 02:00:00,3038.619,3043.836,3031.84,3035.653
1777690800,2026-05-02 03:00:00,3035.766,3038.252,3026.911,3031.834
1777694400,2026-05-02 04:00:00,3031.705,3033.961,3025.515,3030.358
1777698000,2026-05-02 05:00:00,3030.402,3038.95,3029.155,3032.034
1777701600,2026-05-02 06:00:00,3032.155,3034.793,3025.267,3034.782
1777705200,2026-05-02 07:00:00,3034.703,3037.48,3031.4,3031.4
1777708800,2026-05-02 08:00:00,3031.288,3040.398,3031.288,3037.034
1777712400,2026-05-02 09:00:00,3037.339,3041.036,3029.343,3033.369
1777716000,2026-05-02 10:00:00,3033.42,3047.642,3030.711,3044.862
1777719600,2026-05-02 11:00:00,3044.881,3052.535,3039.207,3039.996
1777723200,2026-05-02 12:00:00,3039.845,3041.399,3027.214,3027.572
1777726800,2026-05-02 13:00:00,3027.99,3031.023,3008.268,3013.026
1777730400,2026-05-02 14:00:00,3012.906,3024.554,3012.584,3016.482
1777734000,2026-05-02 15:00:00,3016.445,3022.808,3015.633,3017.138
1777737600,2026-05-02 16:00:00,3017.315,3020.182,3006.527,3009.825
1777741200,2026-05-02 17:00:00,3009.907,3015.132,3002.437,3008.746
1777744800,2026-05-02 18:00:00,3008.492,3016.717,3006.528,3014.729
1777748400,2026-05-02 19:00:00,3014.563,3022.482,3010.167,3018.545
1777752000,2026-05-02 20:00:00,3018.677,3023.978,3011.096,3013.025
1777755600,2026-05-02 21:00:00,3013.09,3024.969,3009.257,3024.969
1777759200,2026-05-02 22:00:00,3025.133,3028.186,3016.818,3017.364
1777762800,2026-05-02 23:00:00,3017.438,3021.57,3008.446,3009.418
1777766400,2026-05-03 00:00:00,3009.566,3010.496,3002.826,3003.95
1777770000,2026-05-03 01:00:00,3004.191,3004.711,2991.519,2992.765
1777773600,2026-05-03 02:00:00,2992.938,3002.134,2991.582,3001.334
1777777200,2026-05-03 03:00:00,3001.177,3007.599,2997.104,3003.998
1777780800,2026-05-03 04:00:00,3004.078,3015.463,3000.763,3000.853
1777784400,2026-05-03 05:00:00,3000.803,3013.31,3000.744,3011.256
1777788000,2026-05-03 06:00:00,3011.487,3012.65,3001.954,3001.954
1777791600,2026-05-03 07:00:00,3002.191,3003.707,2988.012,2999.224
1777795200,2026-05-03 08:00:00,2999.359,3001.191,2981.876,2988.327
1777798800,2026-05-03 09:00:00,2988.105,2991.894,2978.63,2979.313
1777802400,2026-05-03 10:00:00,2979.404,2986.71,2977.13,2979.91
1777806000,2026-05-03 11:00:00,2979.879,2982.263,2969.312,2972.352
1777809600,2026-05-03 12:00:00,2972.102,2991.043,2969.336,2990.091
1777813200,2026-05-03 13:00:00,2990.043,3001.782,2989.719,2996.655
1777816800,2026-05-03 14:00:00,2996.383,3011.959,2996.383,3011.133
1777820400,2026-05-03 15:00:00,3011.239,3012.881,3003.146,3010.386
1777824000,2026-05-03 16:00:00,3010.387,3016.193,3000.435,3006.824
1777827600,2026-05-03 17:00:00,3006.891,3016.285,2999.795,3013.495
1777831200,2026-05-03 18:00:00,3013.432,3015.489,3006.763,3012.391
1777834800,2026-05-03 19:00:00,3011.88,3016.86,3002.616,3003.445
1777838400,2026-05-03 20:00:00,3003.498,3012.619,3000.376,3008.668
1777842000,2026-05-03 21:00:00,3008.449,3014.945,3005.481,3011.245
1777845600,2026-05-03 22:00:00,3011.242,3013.285,3002.168,3003.533
1777849200,2026-05-03 23:00:00,3003.876,3008.006,2990.851,2992.48
1777852800,2026-05-04 00:00:00,2992.338,2996.962,2986.243,2995.409
1777856400,2026-05-04 01:00:00,2995.14,3001.507,2992.943,2999.214
1777860000,2026-05-04 02:00:00,2999.513,3000.031,2987.52,2988.116
1777863600,2026-05-04 03:00:00,2988.118,2995.895,2986.725,2995.162
1777867200,2026-05-04 04:00:00,2995,3001.018,2989.611,2989.96
1777870800,2026-05-04 05:00:00,2989.844,3005.61,2987.415,3002.482
1777874400,2026-05-04 06:00:00,3002.503,3011.234,3000.735,3004.734
1777878000,2026-05-04 07:00:00,3004.606,3014.163,3002.656,3013.308
1777881600,2026-05-04 08:00:00,3013.717,3016.995,3002.585,3016.995
1777885200,2026-05-04 09:00:00,3016.781,3022.311,3009.29,3017.615
1777888800,2026-05-04 10:00:00,3017.478,3018.088,3005.425,3011.51
1777892400,2026-05-04 11:00:00,3011.601,3016.714,2995.043,2995.396
1777896000,2026-05-04 12:00:00,2995.198,2996.998,2984.783,2990.089
1777899600,2026-05-04 13:00:00,2990.096,2991.523,2981.056,2985.993
1777903200,2026-05-04 14:00:00,2986.203,2996.246,2985.216,2989.62
1777906800,2026-05-04 15:00:00,2989.885,2991.636,2978.745,2978.871
1777910400,2026-05-04 16:00:00,2978.971,2984.374,2975.881,2982.7
1777914000,2026-05-04 17:00:00,2982.564,2984.723,2974.25,2980.7
1777917600,2026-05-04 18:00:00,2981.229,2982.687,2975.159,2981.459
1777921200,2026-05-04 19:00:00,2981.379,2984.003,2970.256,2975.31
1777924800,2026-05-04 20:00:00,2975.254,2983.372,2974.8,2978.345
1777928400,2026-05-04 21:00:00,2978.169,2979.397,2969.795,2976.897
1777932000,2026-05-04 22:00:00,2976.737,2981.499,2971.207,2976.55
1777935600,2026-05-04 23:00:00,2976.473,2979.7,2968.352,2969.947
1777939200,2026-05-05 00:00:00,2969.881,2981.504,2967.159,2977.809
1777942800,2026-05-05 01:00:00,2977.99,2982.473,2974.731,2979.503
1777946400,2026-05-05 02:00:00,2979.216,2980.62,2966.985,2969.66
1777950000,2026-05-05 03:00:00,2969.578,2969.726,2956.282,2958.966
1777953600,2026-05-05 04:00:00,2958.772,2960.323,2952.456,2952.545
1777957200,2026-05-05 05:00:00,2952.184,2959.797,2951.81,2958.464
1777960800,2026-05-05 06:00:00,2958.044,2960.803,2948.515,2953.48
1777964400,2026-05-05 07:00:00,2953.369,2953.877,2940.873,2942.354
1777968000,2026-05-05 08:00:00,2942.583,2950.723,2938.623,2950.723
1777971600,2026-05-05 09:00:00,2950.404,2956.007,2946.369,2951.947
1777975200,2026-05-05 10:00:00,2952.003,2972.83,2951.237,2969.97
1777978800,2026-05-05 11:00:00,2969.926,2971.952,2964.223,2969.297
1777982400,2026-05-05 12:00:00,2969.248,2973.703,2964.164,2973.703
1777986000,2026-05-05 13:00:00,2973.572,2985.906,2971.878,2985.518
1777989600,2026-05-05 14:00:00,2985.458,2985.824,2978.76,2981.242
1777993200,2026-05-05 15:00:00,2981.461,2987.042,2979.562,2983.043
1777996800,2026-05-05 16:00:00,2983.051,2990.94,2980.571,2985.329
1778000400,2026-05-05 17:00:00,2985.158,2996.625,2985.158,2990.735
1778004000,2026-05-05 18:00:00,2990.599,2991.643,2984.503,2989.141
1778007600,2026-05-05 19:00:00,2988.786,2991.861,2983.79,2986.71
1778011200,2026-05-05 20:00:00,2986.732,3002.747,2985.259,2997.097
1778014800,2026-05-05 21:00:00,2996.953,3004.819,2985.816,2989.427
1778018400,2026-05-05 22:00:00,2989.501,2993.245,2983.414,2983.971
1778022000,2026-05-05 23:00:00,2983.722,2994.727,2981.287,2988.851
1778025600,2026-05-06 00:00:00,2988.764,2991.514,2977.855,2980.54
1778029200,2026-05-06 01:00:00,2980.752,2986.572,2979.365,2984.401
1778032800,2026-05-06 02:00:00,2984.62,2990.256,2975.266,2975.42
1778036400,2026-05-06 03:00:00,2975.666,2983.959,2969.146,2980.702
1778040000,2026-05-06 04:00:00,2980.672,2985.484,2972.367,2980.319
1778043600,2026-05-06 05:00:00,2980.054,2985.773,2976.962,2978.861
1778047200,2026-05-06 06:00:00,2978.91,2982.486,2972.01,2981.944
1778050800,2026-05-06 07:00:00,2982.021,2982.062,2971.405,2972.553
1778054400,2026-05-06 08:00:00,2972.517,2974.539,2964.693,2969.964
1778058000,2026-05-06 09:00:00,2970.024,2977.61,2967.817,2973.021
1778061600,2026-05-06 10:00:00,2973.022,2979.477,2969.934,2975.003
1778065200,2026-05-06 11:00:00,2974.978,3002.29,2974.301,3000.224
1778068800,2026-05-06 12:00:00,3000.149,3001.925,2995.008,3001.672
1778072400,2026-05-06 13:00:00,3001.458,3011.111,2997.511,3009.222
1778076000,2026-05-06 14:00:00,3009.038,3012.524,3000.191,3001.658
1778079600,2026-05-06 15:00:00,3001.501,3008.63,2997.71,3005.992
1778083200,2026-05-06 16:00:00,3005.851,3008.126,2995.539,2996.279
1778086800,2026-05-06 17:00:00,2996.092,3002.896,2992.476,3001.509
1778090400,2026-05-06 18:00:00,3001.347,3004.044,2992.662,2995.306
1778094000,2026-05-06 19:00:00,2995.046,2997.175,2989.484,2993.548
1778097600,2026-05-06 20:00:00,2993.383,2994.795,2986.503,2989.323
1778101200,2026-05-06 21:00:00,2989.24,2991.153,2978.941,2979.178
1778104800,2026-05-06 22:00:00,2979.436,2985.326,2975.234,2980.074
1778108400,2026-05-06 23:00:00,2980.007,2980.756,2969.273,2974.443
1778112000,2026-05-07 00:00:00,2974.76,2978.898,2967.07,2968.27
1778115600,2026-05-07 01:00:00,2968.45,2976.339,2966.842,2967.678
1778119200,2026-05-07 02:00:00,2967.36,2980.739,2966.736,2972.729
1778122800,2026-05-07 03:00:00,2973.183,2977.347,2969.094,2970.526
1778126400,2026-05-07 04:00:00,2970.371,2979.2,2968.437,2975.107
1778130000,2026-05-07 05:00:00,2974.81,2976.204,2959.23,2959.482
1778133600,2026-05-07 06:00:00,2959.745,2966.599,2957.325,2960.655
1778137200,2026-05-07 07:00:00,2960.604,2960.604,2930.697,2932
1778140800,2026-05-07 08:00:00,2931.927,2932.556,2924.428,2931.688
1778144400,2026-05-07 09:00:00,2931.644,2933.702,2922.935,2930.399
1778148000,2026-05-07 10:00:00,2930.303,2931.072,2922.085,2926.553
1778151600,2026-05-07 11:00:00,2926.612,2930.232,2919.303,2922.301
1778155200,2026-05-07 12:00:00,2922.446,2927.56,2919.071,2924.711
1778158800,2026-05-07 13:00:00,2924.703,2929.394,2918.285,2929.394
1778162400,2026-05-07 14:00:00,2929.24,2930.094,2917.218,2920.495
1778166000,2026-05-07 15:00:00,2920.584,2920.905,2909.3,2912.429
1778169600,2026-05-07 16:00:00,2912.213,2922.635,2911.808,2921.812
1778173200,2026-05-07 17:00:00,2921.919,2924.034,2918.064,2922.201
1778176800,2026-05-07 18:00:00,2921.989,2930.183,2913.32,2916.718
1778180400,2026-05-07 19:00:00,2916.84,2919.231,2902.636,2903.652
1778184000,2026-05-07 20:00:00,2903.381,2912.277,2902.74,2910.406
1778187600,2026-05-07 21:00:00,2910.264,2915.527,2902.001,2904.205
1778191200,2026-05-07 22:00:00,2904.065,2910.156,2900.743,2910.156
1778194800,2026-05-07 23:00:00,2910.108,2920.886,2909.597,2915.635
1778198400,2026-05-08 00:00:00,2915.609,2916.906,2909.051,2913.952
1778202000,2026-05-08 01:00:00,2913.982,2922.611,2913.347,2913.767
1778205600,2026-05-08 02:00:00,2913.803,2929.153,2913.183,2927.896
1778209200,2026-05-08 03:00:00,2927.9,2932.52,2907.709,2912.102
1778212800,2026-05-08 04:00:00,2911.852,2917.624,2910.535,2912.072
1778216400,2026-05-08 05:00:00,2912.44,2918.991,2910.815,2914.867
1778220000,2026-05-08 06:00:00,2915.255,2916.667,2903.427,2908.487
1778223600,2026-05-08 07:00:00,2908.623,2915.868,2903.632,2910.654
1778227200,2026-05-08 08:00:00,2910.493,2914.723,2905.033,2907.503
1778230800,2026-05-08 09:00:00,2907.476,2919.672,2902.682,2918.998
1778234400,2026-05-08 10:00:00,2919.109,2922.396,2911.834,2912.727
1778238000,2026-05-08 11:00:00,2912.406,2925.387,2912.267,2924.887
1778241600,2026-05-08 12:00:00,2924.662,2932.493,2924.662,2931.187
1778245200,2026-05-08 13:00:00,2931.245,2935.724,2926.804,2931.549
1778248800,2026-05-08 14:00:00,2931.45,2940.717,2928.019,2931.335
1778252400,2026-05-08 15:00:00,2931.328,2935.885,2928.523,2933.029
1778256000,2026-05-08 16:00:00,2932.879,2939.527,2928.139,2936.064
1778259600,2026-05-08 17:00:00,2936.161,2937.446,2927.835,2929.838
1778263200,2026-05-08 18:00:00,2929.726,2934.638,2924.283,2930.424
1778266800,2026-05-08 19:00:00,2930.354,2939.367,2926.898,2927.746
1778270400,2026-05-08 20:00:00,2927.861,2939.988,2927.415,2933.753
1778274000,2026-05-08 21:00:00,2933.756,2937.499,2925.952,2927.257
1778277600,2026-05-08 22:00:00,2927.06,2940.567,2925.833,2935.658
1778281200,2026-05-08 23:00:00,2935.367,2938.071,2928.276,2930.153
1778284800,2026-05-09 00:00:00,2929.758,2938.848,2926.467,2937.257
1778288400,2026-05-09 01:00:00,2937.275,2950.241,2937.032,2941.195
1778292000,2026-05-09 02:00:00,2941.224,2949.508,2938.73,2947.91
1778295600,2026-05-09 03:00:00,2947.812,2957.236,2942.724,2956.475
1778299200,2026-05-09 04:00:00,2956.454,2975.966,2954.847,2967.649
1778302800,2026-05-09 05:00:00,2967.587,2971.602,2964.279,2970.484
1778306400,2026-05-09 06:00:00,2970.687,2978.113,2968.364,2978.013
1778310000,2026-05-09 07:00:00,2978.179,2984.011,2973.892,2983.684
1778313600,2026-05-09 08:00:00,2983.685,2989.139,2977.467,2977.972
1778317200,2026-05-09 09:00:00,2978.355,2982.01,2971.212,2973.154
1778320800,2026-05-09 10:00:00,2973.378,2973.761,2957.289,2964.767
1778324400,2026-05-09 11:00:00,2964.397,2966.288,2958.122,2959.411
1778328000,2026-05-09 12:00:00,2959.493,2964.184,2956.54,2964.184
1778331600,2026-05-09 13:00:00,2964.609,2967.178,2953.721,2954.244
1778335200,2026-05-09 14:00:00,2954.432,2960.501,2942.454,2946.164
1778338800,2026-05-09 15:00:00,2946.35,2955.221,2944.87,2952.659
1778342400,2026-05-09 16:00:00,2952.45,2961.491,2947.802,2961.035
1778346000,2026-05-09 17:00:00,2961.107,2968.047,2955.328,2955.767
1778349600,2026-05-09 18:00:00,2955.718,2955.991,2945.789,2949.63
1778353200,2026-05-09 19:00:00,2949.683,2950.125,2937.733,2940.955
1778356800,2026-05-09 20:00:00,2940.852,2941.389,2930.464,2930.464
1778360400,2026-05-09 21:00:00,2930.655,2930.683,2919.246,2926.683
1778364000,2026-05-09 22:00:00,2926.492,2928.483,2916.692,2917.324
1778367600,2026-05-09 23:00:00,2917.012,2922.413,2913.276,2919.536
1778371200,2026-05-10 00:00:00,2919.613,2940.684,2918.51,2936.704
1778374800,2026-05-10 01:00:00,2936.77,2937.313,2925.894,2930.397
1778378400,2026-05-10 02:00:00,2930.454,2934.45,2924.331,2931.979
1778382000,2026-05-10 03:00:00,2931.847,2942.686,2931.62,2940.328
1778385600,2026-05-10 04:00:00,2940.556,2946.242,2937.403,2946.168
1778389200,2026-05-10 05:00:00,2946.136,2955.051,2944.445,2951.108
1778392800,2026-05-10 06:00:00,2950.812,2954.728,2946.066,2946.125
1778396400,2026-05-10 07:00:00,2946.336,2946.732,2936.052,2940.499
1778400000,2026-05-10 08:00:00,2940.399,2948.501,2938.681,2943.575
1778403600,2026-05-10 09:00:00,2943.127,2958.256,2941.916,2955.021
1778407200,2026-05-10 10:00:00,2954.644,2956.411,2943.589,2944.052
1778410800,2026-05-10 11:00:00,2944.009,2945.63,2931.279,2937.56
1778414400,2026-05-10 12:00:00,2937.459,2941.054,2930.658,2939.352
1778418000,2026-05-10 13:00:00,2939.154,2941.407,2933.413,2936.523
1778421600,2026-05-10 14:00:00,2936.402,2937.705,2925.565,2925.565
1778425200,2026-05-10 15:00:00,2925.562,2931.25,2918.081,2929.662
1778428800,2026-05-10 16:00:00,2929.619,2929.786,2909.655,2918.068
1778432400,2026-05-10 17:00:00,2918.25,2919.09,2910.037,2913.454
1778436000,2026-05-10 18:00:00,2913.376,2916.898,2903.625,2907.923
1778439600,2026-05-10 19:00:00,2907.723,2922.023,2903.878,2919.728
1778443200,2026-05-10 20:00:00,2919.783,2923.87,2908.527,2908.527
1778446800,2026-05-10 21:00:00,2908.683,2915.982,2906.413,2906.872
1778450400,2026-05-10 22:00:00,2907.095,2916.146,2906.944,2908.508
1778454000,2026-05-10 23:00:00,2908.758,2909.252,2898.726,2905.752
1778457600,2026-05-11 00:00:00,2905.735,2915.103,2904.223,2912.651
1778461200,2026-05-11 01:00:00,2912.758,2913.506,2899.87,2904.742
1778464800,2026-05-11 02:00:00,2905.164,2909.665,2896.339,2897.625
1778468400,2026-05-11 03:00:00,2897.323,2900.517,2888.481,2889.358
1778472000,2026-05-11 04:00:00,2889.263,2894.335,2883.272,2891.647
1778475600,2026-05-11 05:00:00,2891.62,2892.19,2880.029,2883.577
1778479200,2026-05-11 06:00:00,2883.611,2893.607,2881.708,2887.486
1778482800,2026-05-11 07:00:00,2887.617,2889.219,2878.125,2879.575
1778486400,2026-05-11 08:00:00,2879.198,2885.049,2870.172,2883.027
1778490000,2026-05-11 09:00:00,2882.801,2886.503,2871.731,2874.328
1778493600,2026-05-11 10:00:00,2874.214,2881.311,2869.661,2879.528
1778497200,2026-05-11 11:00:00,2879.35,2888.646,2875.776,2878.215
1778500800,2026-05-11 12:00:00,2878.116,2887.336,2875.758,2883.022
1778504400,2026-05-11 13:00:00,2883.059,2887.824,2869.965,2884.716
1778508000,2026-05-11 14:00:00,2884.648,2889.26,2880.286,2886.558
1778511600,2026-05-11 15:00:00,2886.476,2886.476,2871.184,2872.018
1778515200,2026-05-11 16:00:00,2872.049,2874.422,2863.513,2864.892
1778518800,2026-05-11 17:00:00,2865.151,2872.98,2863.895,2864.163
1778522400,2026-05-11 18:00:00,2864.162,2884.482,2864.016,2883.918
1778526000,2026-05-11 19:00:00,2883.662,2885.086,2867.274,2870.601
1778529600,2026-05-11 20:00:00,2870.692,2878.692,2867.111,2868.668
1778533200,2026-05-11 21:00:00,2868.217,2880.636,2867.814,2876.628
1778536800,2026-05-11 22:00:00,2876.496,2876.496,2868.965,2870.231
1778540400,2026-05-11 23:00:00,2870.07,2878.277,2869.045,2874.01
1778544000,2026-05-12 00:00:00,2873.961,2874.582,2867.635,2872.987
1778547600,2026-05-12 01:00:00,2873.023,2888.068,2873.023,2877.399
1778551200,2026-05-12 02:00:00,2877.86,2881.288,2863.137,2867.102
1778554800,2026-05-12 03:00:00,2867.107,2872.179,2861.698,2867.818
1778558400,2026-05-12 04:00:00,2867.585,2874.918,2866.653,2874.261
1778562000,2026-05-12 05:00:00,2874.189,2881.164,2872.458,2879.68
1778565600,2026-05-12 06:00:00,2879.63,2890.145,2878.714,2889.554
1778569200,2026-05-12 07:00:00,2889.645,2890.298,2878.517,2890.198
1778572800,2026-05-12 08:00:00,2890.201,2893.1,2882.665,2885.047
1778576400,2026-05-12 09:00:00,2885.195,2898.834,2883.19,2894.956
1778580000,2026-05-12 10:00:00,2895.103,2897.053,2886.828,2887.588
1778583600,2026-05-12 11:00:00,2887.126,2887.475,2873.65,2873.817
1778587200,2026-05-12 12:00:00,2873.536,2878.759,2871.927,2874.537
1778590800,2026-05-12 13:00:00,2874.513,2891.529,2874.301,2890.714
1778594400,2026-05-12 14:00:00,2891.016,2904.132,2890.874,2897.313
1778598000,2026-05-12 15:00:00,2897.451,2913.802,2897.102,2911.928
1778601600,2026-05-12 16:00:00,2911.835,2920.252,2908.099,2916.592
1778605200,2026-05-12 17:00:00,2916.586,2930.981,2914.325,2918.706
1778608800,2026-05-12 18:00:00,2918.925,2926.179,2915.05,2916.192
1778612400,2026-05-12 19:00:00,2916.423,2919.63,2907.098,2907.352
1778616000,2026-05-12 20:00:00,2907.771,2909.777,2897.727,2906.668
1778619600,2026-05-12 21:00:00,2906.585,2906.591,2893.224,2899.395
1778623200,2026-05-12 22:00:00,2899.658,2912.069,2899.385,2900.553
1778626800,2026-05-12 23:00:00,2900.262,2901.57,2889.871,2894.61
1778630400,2026-05-13 00:00:00,2894.514,2902.819,2894.168,2901.83
1778634000,2026-05-13 01:00:00,2901.785,2903.406,2894.675,2899.747
1778637600,2026-05-13 02:00:00,2899.587,2909.205,2898.118,2908.219
1778641200,2026-05-13 03:00:00,2908.15,2921.771,2908.15,2919.023
1778644800,2026-05-13 04:00:00,2918.898,2920.322,2909.077,2909.077
1778648400,2026-05-13 05:00:00,2908.883,2913.909,2902.866,2913.821
1778652000,2026-05-13 06:00:00,2913.8,2915.743,2903.148,2911.092
1778655600,2026-05-13 07:00:00,2910.944,2922.707,2909.161,2921.029
1778659200,2026-05-13 08:00:00,2920.779,2925.736,2918.037,2923.818
1778662800,2026-05-13 09:00:00,2923.722,2927.386,2918.935,2921.779
1778666400,2026-05-13 10:00:00,2921.861,2922.156,2907.848,2908.152
1778670000,2026-05-13 11:00:00,2908.063,2917.05,2904.128,2908.682
1778673600,2026-05-13 12:00:00,2908.48,2925.583,2906.812,2923.308
1778677200,2026-05-13 13:00:00,2923.144,2923.172,2911.803,2917.786
1778680800,2026-05-13 14:00:00,2917.808,2917.818,2908.968,2910.629
1778684400,2026-05-13 15:00:00,2910.781,2911.739,2898.171,2905.666
1778688000,2026-05-13 16:00:00,2905.495,2915.488,2898.639,2912.547
1778691600,2026-05-13 17:00:00,2912.354,2916.357,2909.451,2911.417
1778695200,2026-05-13 18:00:00,2911.328,2912.246,2905.525,2908.079
1778698800,2026-05-13 19:00:00,2908.431,2909.95,2901.141,2908.673
1778702400,2026-05-13 20:00:00,2908.766,2912.982,2895.954,2898.12
1778706000,2026-05-13 21:00:00,2898.176,2899.148,2886.012,2887.079
1778709600,2026-05-13 22:00:00,2887.209,2889.269,2874.802,2879.56
1778713200,2026-05-13 23:00:00,2879.554,2880.251,2869.035,2870.143
1778716800,2026-05-14 00:00:00,2870.133,2880.673,2868.911,2879.197
1778720400,2026-05-14 01:00:00,2879.212,2881.534,2867.753,2867.753
1778724000,2026-05-14 02:00:00,2867.879,2872.989,2865.428,2867.399
1778727600,2026-05-14 03:00:00,2867.313,2879.494,2866.739,2879.337
1778731200,2026-05-14 04:00:00,2879.272,2885.095,2876.609,2881.838
1778734800,2026-05-14 05:00:00,2881.799,2883.717,2872.117,2882.499
1778738400,2026-05-14 06:00:00,2882.512,2884.071,2871.191,2877.489
1778742000,2026-05-14 07:00:00,2877.644,2878.417,2859.711,2859.711
1778745600,2026-05-14 08:00:00,2859.635,2864.99,2854.469,2854.54
1778749200,2026-05-14 09:00:00,2854.577,2856.972,2846.638,2852.548
1778752800,2026-05-14 10:00:00,2852.623,2857.47,2848.6,2850.114
1778756400,2026-05-14 11:00:00,2850.193,2861.693,2848.95,2856.544
1778760000,2026-05-14 12:00:00,2856.772,2859.514,2849.338,2852.617
1778763600,2026-05-14 13:00:00,2852.845,2857.28,2844.436,2846.461
1778767200,2026-05-14 14:00:00,2846.181,2858.169,2845.928,2856.072
1778770800,2026-05-14 15:00:00,2855.908,2863.522,2845.849,2849.73
1778774400,2026-05-14 16:00:00,2849.544,2853.953,2847.01,2850.269
1778778000,2026-05-14 17:00:00,2850.361,2851.728,2835.936,2835.983
1778781600,2026-05-14 18:00:00,2835.872,2843.791,2834.221,2836.946
1778785200,2026-05-14 19:00:00,2837.044,2843.707,2832.311,2836.083
1778788800,2026-05-14 20:00:00,2836.045,2838.3,2819.367,2827.053
1778792400,2026-05-14 21:00:00,2827.303,2831.409,2822.502,2823.873
1778796000,2026-05-14 22:00:00,2823.809,2823.809,2812.967,2813.37
1778799600,2026-05-14 23:00:00,2813.448,2821.998,2810.336,2817.708
1778803200,2026-05-15 00:00:00,2817.544,2824.499,2815.674,2822.041
1778806800,2026-05-15 01:00:00,2822.102,2825.127,2811.229,2811.746
1778810400,2026-05-15 02:00:00,2811.831,2817.555,2810.458,2814.714
1778814000,2026-05-15 03:00:00,2814.943,2822.311,2813.029,2818.371
1778817600,2026-05-15 04:00:00,2818.268,2834.808,2815.806,2834.177
1778821200,2026-05-15 05:00:00,2834.297,2837.334,2822.876,2829.521
1778824800,2026-05-15 06:00:00,2829.654,2843.02,2823.825,2842.958
1778828400,2026-05-15 07:00:00,2842.977,2844.653,2835.12,2835.277
1778832000,2026-05-15 08:00:00,2835.71,2836.998,2822.74,2823.701
1778835600,2026-05-15 09:00:00,2823.423,2827.367,2818.176,2827.074
1778839200,2026-05-15 10:00:00,2827.264,2835.59,2822.993,2823.27
1778842800,2026-05-15 11:00:00,2823.205,2825.64,2815.473,2821.716
1778846400,2026-05-15 12:00:00,2821.864,2824.332,2817.224,2817.224
1778850000,2026-05-15 13:00:00,2817.376,2829.282,2814.847,2827.397
1778853600,2026-05-15 14:00:00,2827.202,2852.169,2826.333,2850.491
1778857200,2026-05-15 15:00:00,2850.204,2855.269,2847.852,2850.965
1778860800,2026-05-15 16:00:00,2851.092,2854.636,2841.34,2844.754
1778864400,2026-05-15 17:00:00,2844.724,2846.587,2835.574,2839.03
1778868000,2026-05-15 18:00:00,2839.203,2854.789,2838.526,2852.871
1778871600,2026-05-15 19:00:00,2853.093,2854.788,2841.516,2842.769
1778875200,2026-05-15 20:00:00,2842.706,2845.511,2838.041,2843.052
1778878800,2026-05-15 21:00:00,2843.4,2845.669,2836.069,2836.069
1778882400,2026-05-15 22:00:00,2836.093,2836.662,2825.304,2828.741
1778886000,2026-05-15 23:00:00,2828.707,2830.29,2818.332,2821.077
1778889600,2026-05-16 00:00:00,2821.457,2823.985,2808.234,2811.195
1778893200,2026-05-16 01:00:00,2811.076,2818.042,2806.646,2816.1
1778896800,2026-05-16 02:00:00,2816.22,2817.266,2807.164,2807.684
1778900400,2026-05-16 03:00:00,2807.593,2808.494,2791.868,2792.825
1778904000,2026-05-16 04:00:00,2792.609,2799.332,2791.573,2796.463
1778907600,2026-05-16 05:00:00,2796.211,2806.832,2791.01,2804.408
1778911200,2026-05-16 06:00:00,2804.408,2809.296,2800.823,2801.335
1778914800,2026-05-16 07:00:00,2801.498,2810.03,2797.923,2807.974
1778918400,2026-05-16 08:00:00,2808.306,2812.725,2803.69,2804.868
1778922000,2026-05-16 09:00:00,2805.285,2805.297,2795.134,2796.498
1778925600,2026-05-16 10:00:00,2796.423,2805.094,2792.726,2799.689
1778929200,2026-05-16 11:00:00,2799.81,2801.174,2789.123,2794.151
1778932800,2026-05-16 12:00:00,2793.9,2801.673,2783.381,2786.865
1778936400,2026-05-16 13:00:00,2786.899,2800.829,2781.984,2799.921
1778940000,2026-05-16 14:00:00,2800.155,2810.83,2797.435,2799.543
1778943600,2026-05-16 15:00:00,2799.398,2808.493,2799.127,2804.412
1778947200,2026-05-16 16:00:00,2804.436,2809.145,2801.791,2805.454
1778950800,2026-05-16 17:00:00,2805.35,2806.91,2797.113,2804.507
1778954400,2026-05-16 18:00:00,2804.308,2806.745,2796.417,2799.64
1778958000,2026-05-16 19:00:00,2799.592,2803.127,2793.595,2799.012
1778961600,2026-05-16 20:00:00,2798.946,2804.332,2790.384,2803.605
1778965200,2026-05-16 21:00:00,2803.589,2807.041,2791.006,2791.871
1778968800,2026-05-16 22:00:00,2792.038,2796.436,2788.41,2790.995
1778972400,2026-05-16 23:00:00,2791.203,2795.243,2783.188,2789.906
1778976000,2026-05-17 00:00:00,2789.873,2796.605,2785.789,2796.322
1778979600,2026-05-17 01:00:00,2796.412,2797.09,2791.881,2796.048
1778983200,2026-05-17 02:00:00,2796.073,2805.306,2793.822,2800.638
1778986800,2026-05-17 03:00:00,2800.561,2813.041,2799.225,2812.318
1778990400,2026-05-17 04:00:00,2812.311,2821.526,2812.108,2815.574
1778994000,2026-05-17 05:00:00,2815.479,2818.506,2809.27,2811.275
1778997600,2026-05-17 06:00:00,2810.917,2827.904,2809.192,2825.883
1779001200,2026-05-17 07:00:00,2826.025,2833.325,2823.421,2830.132
1779004800,2026-05-17 08:00:00,2829.878,2835.152,2822.913,2832.297
1779008400,2026-05-17 09:00:00,2832.328,2852.74,2831.959,2852.342
1779012000,2026-05-17 10:00:00,2852.123,2859.37,2850.308,2857.877
1779015600,2026-05-17 11:00:00,2857.635,2861.416,2855.469,2858.307
1779019200,2026-05-17 12:00:00,2858.259,2861.526,2851.971,2856.664
1779022800,2026-05-17 13:00:00,2856.548,2857.563,2844.508,2854.4
1779026400,2026-05-17 14:00:00,2854.47,2860.492,2849.464,2852.836
1779030000,2026-05-17 15:00:00,2852.625,2856.429,2844.316,2856.429
1779033600,2026-05-17 16:00:00,2856.284,2860.165,2850.146,2856.655
1779037200,2026-05-17 17:00:00,2856.722,2857.832,2844.255,2846.195
1779040800,2026-05-17 18:00:00,2846.183,2858.343,2844.62,2855.858
1779044400,2026-05-17 19:00:00,2855.739,2861.519,2853.981,2855.125
1779048000,2026-05-17 20:00:00,2854.931,2865.971,2854.707,2858.357
1779051600,2026-05-17 21:00:00,2858.213,2862.068,2848.852,2853.43
1779055200,2026-05-17 22:00:00,2853.251,2855.548,2842.919,2847.516
1779058800,2026-05-17 23:00:00,2847.613,2851.366,2842.14,2843.772
1779062400,2026-05-18 00:00:00,2843.755,2849.87,2841.55,2845.976
1779066000,2026-05-18 01:00:00,2846.128,2851.975,2845.078,2848.627
1779069600,2026-05-18 02:00:00,2848.371,2856.046,2845.647,2853.546
1779073200,2026-05-18 03:00:00,2853.472,2854.861,2842.623,2847.175
1779076800,2026-05-18 04:00:00,2847.24,2861.046,2846.048,2849.83
1779080400,2026-05-18 05:00:00,2849.589,2849.834,2837.614,2839.744
1779084000,2026-05-18 06:00:00,2839.907,2846.107,2834.072,2834.51
1779087600,2026-05-18 07:00:00,2834.39,2839.064,2830.105,2836.713
1779091200,2026-05-18 08:00:00,2836.819,2848.216,2835.652,2840.152
1779094800,2026-05-18 09:00:00,2839.976,2840.112,2832.438,2834.517
1779098400,2026-05-18 10:00:00,2834.494,2839.783,2830.474,2838.521
1779102000,2026-05-18 11:00:00,2838.586,2839.351,2828.21,2835.078
1779105600,2026-05-18 12:00:00,2834.935,2836.82,2825.246,2825.435
1779109200,2026-05-18 13:00:00,2825.58,2830.849,2820.234,2822.999
1779112800,2026-05-18 14:00:00,2822.995,2831.52,2822.234,2828.254
1779116400,2026-05-18 15:00:00,2828.394,2829.681,2811.6,2813.688
1779120000,2026-05-18 16:00:00,2813.613,2816.226,2798.622,2800.274
1779123600,2026-05-18 17:00:00,2800.474,2800.64,2787.673,2792.519
1779127200,2026-05-18 18:00:00,2792.619,2797.019,2785.996,2794.921
1779130800,2026-05-18 19:00:00,2794.876,2802.273,2791.824,2795.19
1779134400,2026-05-18 20:00:00,2795.126,2806.652,2787.469,2806.348
1779138000,2026-05-18 21:00:00,2806.207,2814.672,2802.028,2814.418
1779141600,2026-05-18 22:00:00,2814.512,2823.948,2811.058,2812.172
1779145200,2026-05-18 23:00:00,2812.024,2814.782,2804.842,2811.15
1779148800,2026-05-19 00:00:00,2810.904,2818.87,2805.935,2815.723
1779152400,2026-05-19 01:00:00,2815.712,2816.673,2805.676,2815.933
1779156000,2026-05-19 02:00:00,2815.824,2820.002,2807.814,2814.857
1779159600,2026-05-19 03:00:00,2814.984,2823.846,2806.831,2820.126
1779163200,2026-05-19 04:00:00,2820.308,2820.793,2808.273,2812.771
1779166800,2026-05-19 05:00:00,2813.108,2816.357,2811.023,2812.468
1779170400,2026-05-19 06:00:00,2812.499,2813.458,2801.702,2801.88
1779174000,2026-05-19 07:00:00,2801.666,2812.296,2801.17,2810.781
1779177600,2026-05-19 08:00:00,2810.78,2820.002,2810.678,2819.963
1779181200,2026-05-19 09:00:00,2819.956,2828.499,2819.11,2825.155
1779184800,2026-05-19 10:00:00,2825.078,2828.842,2820.85,2821.534
1779188400,2026-05-19 11:00:00,2821.716,2832.565,2820.238,2824.255
1779192000,2026-05-19 12:00:00,2824.168,2827.692,2818.569,2823.374
1779195600,2026-05-19 13:00:00,2823.325,2824.328,2815.412,2817.42
1779199200,2026-05-19 14:00:00,2817.36,2821.471,2812.904,2818.392
1779202800,2026-05-19 15:00:00,2818.161,2834.069,2816.192,2832.017
1779206400,2026-05-19 16:00:00,2831.911,2832.066,2810.874,2815.373
1779210000,2026-05-19 17:00:00,2815.169,2818.829,2806.904,2815.666
1779213600,2026-05-19 18:00:00,2815.687,2815.698,2792.321,2793.174
1779217200,2026-05-19 19:00:00,2793.073,2798.569,2790.343,2796.2
1779220800,2026-05-19 20:00:00,2796.1,2797.792,2788.6,2796.26
1779224400,2026-05-19 21:00:00,2796.23,2811.303,2789.161,2811.166
1779228000,2026-05-19 22:00:00,2811.292,2813.16,2802.854,2810.633
1779231600,2026-05-19 23:00:00,2810.512,2815.203,2805.3,2807.199
1779235200,2026-05-20 00:00:00,2807.107,2807.107,2797.876,2798.474
1779238800,2026-05-20 01:00:00,2798.787,2801.174,2792.881,2795.755
1779242400,2026-05-20 02:00:00,2795.852,2795.852,2784.544,2786.815
1779246000,2026-05-20 03:00:00,2787.192,2792.063,2782.548,2782.548
1779249600,2026-05-20 04:00:00,2782.973,2803.46,2781.967,2801.51
1779253200,2026-05-20 05:00:00,2801.339,2803.128,2791.293,2791.956
1779256800,2026-05-20 06:00:00,2791.69,2808.027,2791.137,2803.968
1779260400,2026-05-20 07:00:00,2804.213,2806.709,2794.916,2798.387
1779264000,2026-05-20 08:00:00,2798.102,2800.295,2790.784,2797.575
1779267600,2026-05-20 09:00:00,2797.483,2800.853,2789.236,2791.528
1779271200,2026-05-20 10:00:00,2791.482,2794.766,2786.99,2793.542
1779274800,2026-05-20 11:00:00,2793.371,2806.049,2789.011,2804.658
1779278400,2026-05-20 12:00:00,2804.915,2806.205,2799.17,2802.201
1779282000,2026-05-20 13:00:00,2802.631,2807.175,2785.363,2786.422
1779285600,2026-05-20 14:00:00,2786.671,2789.841,2771.945,2777.516
1779289200,2026-05-20 15:00:00,2777.827,2786.705,2776.835,2783.534
1779292800,2026-05-20 16:00:00,2783.62,2785.332,2777.309,2778.715
1779296400,2026-05-20 17:00:00,2778.422,2784.484,2775.43,2779.11
1779300000,2026-05-20 18:00:00,2778.889,2783.41,2768.622,2770.282
1779303600,2026-05-20 19:00:00,2770.167,2771.964,2762.815,2763.549
1779307200,2026-05-20 20:00:00,2763.412,2773.074,2763.412,2767.395
1779310800,2026-05-20 21:00:00,2767.412,2776.429,2766.194,2775.821
1779314400,2026-05-20 22:00:00,2775.79,2787.015,2774.538,2780.736
1779318000,2026-05-20 23:00:00,2780.791,2784.779,2776.54,2780.362
1779321600,2026-05-21 00:00:00,2780.601,2797.734,2776.623,2793.723
1779325200,2026-05-21 01:00:00,2793.684,2793.954,2783.497,2783.728
1779328800,2026-05-21 02:00:00,2783.658,2792.796,2781.887,2790.394
1779332400,2026-05-21 03:00:00,2790.457,2794.305,2781.476,2781.476
1779336000,2026-05-21 04:00:00,2781.379,2793.692,2776.847,2778.233
1779339600,2026-05-21 05:00:00,2778.187,2778.331,2760.638,2765.434
1779343200,2026-05-21 06:00:00,2765.441,2771.397,2761.739,2763.461
1779346800,2026-05-21 07:00:00,2763.407,2768.091,2754.231,2755.978
1779350400,2026-05-21 08:00:00,2756.056,2761.961,2754.264,2757.829
1779354000,2026-05-21 09:00:00,2757.937,2763.41,2752.085,2763.41
1779357600,2026-05-21 10:00:00,2763.405,2770.132,2757.361,2768.59
1779361200,2026-05-21 11:00:00,2768.812,2778.629,2768.173,2775.4
1779364800,2026-05-21 12:00:00,2775.205,2781.971,2771.533,2779.423
1779368400,2026-05-21 13:00:00,2779.266,2787.285,2778.582,2781.011
1779372000,2026-05-21 14:00:00,2781.226,2792.826,2781.068,2791.284
1779375600,2026-05-21 15:00:00,2791.562,2797.109,2785.445,2792.437
1779379200,2026-05-21 16:00:00,2792.075,2799.446,2785.81,2789.61
1779382800,2026-05-21 17:00:00,2789.408,2807.728,2784.899,2807.137
1779386400,2026-05-21 18:00:00,2807.264,2817.082,2805.053,2809.354
1779390000,2026-05-21 19:00:00,2809.245,2810.102,2795.57,2802.786
1779393600,2026-05-21 20:00:00,2802.757,2803.303,2787.669,2796.195
1779397200,2026-05-21 21:00:00,2796.446,2802.107,2793.336,2797.396
1779400800,2026-05-21 22:00:00,2797.517,2803.154,2794.854,2802.589
1779404400,2026-05-21 23:00:00,2802.716,2808.548,2798.903,2807.831
1779408000,2026-05-22 00:00:00,2807.728,2812.25,2804.037,2804.525
1779411600,2026-05-22 01:00:00,2804.748,2804.917,2790.373,2797.497
1779415200,2026-05-22 02:00:00,2797.664,2805.738,2793.023,2804.516
1779418800,2026-05-22 03:00:00,2804.584,2805.506,2793.033,2795.266
1779422400,2026-05-22 04:00:00,2795.219,2797.45,2773.03,2779.095
1779426000,2026-05-22 05:00:00,2779.241,2782.533,2774.834,2775.225
1779429600,2026-05-22 06:00:00,2775.249,2776.652,2768.145,2775.529
1779433200,2026-05-22 07:00:00,2775.411,2778.028,2766.546,2770.256
1779436800,2026-05-22 08:00:00,2769.945,2778.59,2768.272,2774.433
1779440400,2026-05-22 09:00:00,2774.551,2778.093,2762.119,2763.555
1779444000,2026-05-22 10:00:00,2763.603,2775.064,2763.438,2770.422
1779447600,2026-05-22 11:00:00,2770.691,2778.654,2768.651,2778.209
1779451200,2026-05-22 12:00:00,2778.29,2778.838,2772.807,2776.266
1779454800,2026-05-22 13:00:00,2776.247,2781.604,2770.925,2778.75
1779458400,2026-05-22 14:00:00,2779.068,2788.364,2778.039,2784.053
1779462000,2026-05-22 15:00:00,2784.001,2789.246,2773.661,2785.387
1779465600,2026-05-22 16:00:00,2785.325,2791.151,2783.253,2787.539
1779469200,2026-05-22 17:00:00,2787.736,2794.759,2784.532,2786.625
1779472800,2026-05-22 18:00:00,2787.026,2801.645,2786.464,2800.224
1779476400,2026-05-22 19:00:00,2800.218,2804.35,2794.505,2796.262
1779480000,2026-05-22 20:00:00,2796.404,2799.138,2791.135,2792.326
1779483600,2026-05-22 21:00:00,2792.163,2805.87,2791.398,2801.557
1779487200,2026-05-22 22:00:00,2801.49,2810.7,2799.084,2808.926
1779490800,2026-05-22 23:00:00,2808.406,2809.914,2803.185,2809.037
1779494400,2026-05-23 00:00:00,2808.949,2820.899,2803.488,2820.435
1779498000,2026-05-23 01:00:00,2820.527,2826.641,2819.804,2821.237
1779501600,2026-05-23 02:00:00,2821.45,2830.418,2818.932,2825.126
1779505200,2026-05-23 03:00:00,2824.989,2827.131,2810.78,2814.627
1779508800,2026-05-23 04:00:00,2814.487,2816.667,2803.289,2810.109
1779512400,2026-05-23 05:00:00,2810.097,2811.61,2799.481,2805.077
1779516000,2026-05-23 06:00:00,2804.896,2808.277,2800.238,2804.257
1779519600,2026-05-23 07:00:00,2804.253,2807.946,2792.256,2793.047
1779523200,2026-05-23 08:00:00,2792.974,2796.376,2791.258,2795.042
1779526800,2026-05-23 09:00:00,2795.241,2798.533,2779.192,2781.496
1779530400,2026-05-23 10:00:00,2781.906,2792.923,2780.19,2792.875
1779534000,2026-05-23 11:00:00,2792.61,2799.997,2791.348,2795.07
1779537600,2026-05-23 12:00:00,2795.278,2796.272,2785.215,2786.463
1779541200,2026-05-23 13:00:00,2786.623,2793.215,2783.584,2784.367
1779544800,2026-05-23 14:00:00,2784.076,2789.919,2778.137,2779.015
1779548400,2026-05-23 15:00:00,2778.907,2790.851,2777.365,2782.677
1779552000,2026-05-23 16:00:00,2782.675,2783.524,2770.728,2774.401
1779555600,2026-05-23 17:00:00,2774.501,2778.987,2770.962,2773.91
1779559200,2026-05-23 18:00:00,2773.682,2781.776,2770.205,2781.776
1779562800,2026-05-23 19:00:00,2781.842,2790.506,2781.106,2790.144
1779566400,2026-05-23 20:00:00,2790.326,2797.837,2788.256,2794.062
1779570000,2026-05-23 21:00:00,2794.213,2798.578,2789.223,2793.116
1779573600,2026-05-23 22:00:00,2793.458,2794.898,2784.459,2787.914
1779577200,2026-05-23 23:00:00,2788.102,2789.831,2780.034,2780.07
1779580800,2026-05-24 00:00:00,2780.274,2789.539,2774.774,2787.899
1779584400,2026-05-24 01:00:00,2787.759,2788.875,2772.872,2780.63
1779588000,2026-05-24 02:00:00,2780.798,2785.177,2774.386,2779.509
1779591600,2026-05-24 03:00:00,2779.681,2782.591,2768.297,2770.859
1779595200,2026-05-24 04:00:00,2771.165,2787.473,2769.541,2787.473
1779598800,2026-05-24 05:00:00,2787.333,2801.241,2785.975,2799.918
1779602400,2026-05-24 06:00:00,2799.751,2805.699,2799.218,2799.678
1779606000,2026-05-24 07:00:00,2799.621,2819.675,2797.626,2811.065
1779609600,2026-05-24 08:00:00,2811.175,2815.268,2806.94,2809.161
1779613200,2026-05-24 09:00:00,2808.967,2812.757,2804.026,2808.809
1779616800,2026-05-24 10:00:00,2808.683,2814.389,2805.592,2811.062
1779620400,2026-05-24 11:00:00,2811.302,2811.971,2801.053,2801.743
1779624000,2026-05-24 12:00:00,2801.854,2811.603,2795.715,2810.948
1779627600,2026-05-24 13:00:00,2810.863,2811.892,2804.517,2807.172
1779631200,2026-05-24 14:00:00,2807.535,2807.973,2789.581,2791.503
1779634800,2026-05-24 15:00:00,2791.219,2793.699,2774.5,2776.727
1779638400,2026-05-24 16:00:00,2776.941,2784.621,2773.846,2783.476
1779642000,2026-05-24 17:00:00,2783.432,2788.34,2777.74,2787.955
1779645600,2026-05-24 18:00:00,2787.844,2787.96,2773.031,2778.043
1779649200,2026-05-24 19:00:00,2777.959,2791.494,2775.973,2789.199
1779652800,2026-05-24 20:00:00,2788.897,2793.231,2783.602,2786.774
1779656400,2026-05-24 21:00:00,2786.73,2791.093,2773.663,2774.452
1779660000,2026-05-24 22:00:00,2774.139,2781.467,2772.146,2778.365
1779663600,2026-05-24 23:00:00,2778.536,2782.869,2774.47,2782.301
1779667200,2026-05-25 00:00:00,2782.387,2782.704,2760.054,2765.802
1779670800,2026-05-25 01:00:00,2765.7,2768.404,2753.593,2755.025
1779674400,2026-05-25 02:00:00,2754.952,2755.043,2743.249,2746.358
1779678000,2026-05-25 03:00:00,2746.753,2749.414,2740.738,2746.16
1779681600,2026-05-25 04:00:00,2746.237,2764.601,2745.695,2763.204
1779685200,2026-05-25 05:00:00,2763.203,2764.543,2750.19,2751.013
1779688800,2026-05-25 06:00:00,2751.107,2771.225,2750.177,2769.989
1779692400,2026-05-25 07:00:00,2769.62,2784.542,2769.035,2777.199
1779696000,2026-05-25 08:00:00,2777.062,2783.966,2772.412,2775.465
1779699600,2026-05-25 09:00:00,2775.147,2776.689,2767.906,2772.895
1779703200,2026-05-25 10:00:00,2772.761,2783.592,2770.109,2775.513
1779706800,2026-05-25 11:00:00,2775.667,2779.714,2767.83,2769.399
1779710400,2026-05-25 12:00:00,2769.036,2772.708,2764.602,2770.361
1779714000,2026-05-25 13:00:00,2770.336,2772.132,2757.804,2760.22
1779717600,2026-05-25 14:00:00,2760.06,2761.211,2743.685,2747.984
1779721200,2026-05-25 15:00:00,2747.955,2751.809,2745.828,2750.688
1779724800,2026-05-25 16:00:00,2750.395,2752.334,2743.935,2748.705
1779728400,2026-05-25 17:00:00,2748.65,2765.122,2744.723,2764.795
1779732000,2026-05-25 18:00:00,2764.966,2769.515,2762.198,2764.893
1779735600,2026-05-25 19:00:00,2764.637,2778.214,2764.066,2765.438
1779739200,2026-05-25 20:00:00,2765.156,2766.084,2755.981,2758.215
1779742800,2026-05-25 21:00:00,2758.274,2762.993,2752.575,2762.356
1779746400,2026-05-25 22:00:00,2762.261,2763.102,2753.878,2754.09
1779750000,2026-05-25 23:00:00,2754.071,2755.634,2743.669,2753.837
1779753600,2026-05-26 00:00:00,2753.803,2756.336,2748.161,2750.044
1779757200,2026-05-26 01:00:00,2749.954,2756.304,2746.713,2753.339
1779760800,2026-05-26 02:00:00,2753.216,2764.671,2750.773,2761.231
1779764400,2026-05-26 03:00:00,2761.228,2771.03,2757.382,2770.023
1779768000,2026-05-26 04:00:00,2769.994,2777.632,2765.825,2776.579
1779771600,2026-05-26 05:00:00,2776.492,2784.948,2776.425,2782.474
1779775200,2026-05-26 06:00:00,2782.238,2787.034,2779.536,2785.535
1779778800,2026-05-26 07:00:00,2785.193,2792.464,2780.355,2788.009
1779782400,2026-05-26 08:00:00,2788.05,2789.282,2782.748,2786.664
1779786000,2026-05-26 09:00:00,2786.838,2791.675,2783.147,2787.94
1779789600,2026-05-26 10:00:00,2787.674,2793.552,2782.797,2790.569
1779793200,2026-05-26 11:00:00,2790.482,2799.048,2787.455,2793.793
1779796800,2026-05-26 12:00:00,2794.066,2798.949,2789.681,2797.407
1779800400,2026-05-26 13:00:00,2797.742,2812.733,2796.694,2808.717
1779804000,2026-05-26 14:00:00,2808.761,2818.655,2804.557,2813.903
1779807600,2026-05-26 15:00:00,2813.905,2816.565,2810.074,2814.567
1779811200,2026-05-26 16:00:00,2814.736,2826.944,2813.808,2822.666
1779814800,2026-05-26 17:00:00,2822.666,2826.459,2818.941,2823.156
1779818400,2026-05-26 18:00:00,2823.196,2823.975,2806.872,2811.848
1779822000,2026-05-26 19:00:00,2811.81,2818.913,2807.963,2818.586
1779825600,2026-05-26 20:00:00,2818.659,2822.334,2813.672,2819.29
1779829200,2026-05-26 21:00:00,2818.978,2833.064,2816.754,2831.5
1779832800,2026-05-26 22:00:00,2831.489,2836.937,2829.73,2834.936
1779836400,2026-05-26 23:00:00,2835.26,2848.085,2830.254,2847.142
1779840000,2026-05-27 00:00:00,2846.661,2849.932,2837.262,2843.307
1779843600,2026-05-27 01:00:00,2843.316,2850.522,2841.892,2849.757
1779847200,2026-05-27 02:00:00,2849.57,2851.642,2839.314,2842.492
1779850800,2026-05-27 03:00:00,2842.419,2845.311,2836.383,2844.426
1779854400,2026-05-27 04:00:00,2844.465,2846.605,2836.601,2837.466
1779858000,2026-05-27 05:00:00,2837.441,2838.828,2825.556,2830.964
1779861600,2026-05-27 06:00:00,2831.079,2836.974,2829.756,2836.056
1779865200,2026-05-27 07:00:00,2835.901,2838.674,2820.867,2821.479
1779868800,2026-05-27 08:00:00,2821.74,2832.81,2820.022,2831.063
1779872400,2026-05-27 09:00:00,2830.943,2836.776,2824.148,2824.532
1779876000,2026-05-27 10:00:00,2824.379,2826.958,2816.187,2819.96
1779879600,2026-05-27 11:00:00,2819.706,2820.35,2807.891,2809.312
1779883200,2026-05-27 12:00:00,2809.263,2813.899,2794.934,2796.863
1779886800,2026-05-27 13:00:00,2796.671,2797.746,2782.532,2783.183
1779890400,2026-05-27 14:00:00,2783.322,2784.41,2772.976,2773.353
1779894000,2026-05-27 15:00:00,2773.047,2775.349,2767.216,2775.173
1779897600,2026-05-27 16:00:00,2775.244,2783.197,2774.409,2778.722
1779901200,2026-05-27 17:00:00,2778.561,2790.281,2777.048,2783.121
1779904800,2026-05-27 18:00:00,2782.966,2783.908,2774.311,2775.502
1779908400,2026-05-27 19:00:00,2775.561,2783.659,2772.647,2781.243
1779912000,2026-05-27 20:00:00,2781.435,2794.327,2779.023,2792.913
1779915600,2026-05-27 21:00:00,2793.126,2796.581,2788.804,2793.381
1779919200,2026-05-27 22:00:00,2793.223,2804.45,2786.178,2804.335
1779922800,2026-05-27 23:00:00,2804.222,2806.874,2795.976,2799.35
1779926400,2026-05-28 00:00:00,2799.292,2800.912,2785.698,2794.176
1779930000,2026-05-28 01:00:00,2794.297,2796.12,2789.08,2789.771
1779933600,2026-05-28 02:00:00,2789.953,2797.519,2789.447,2794.734
1779937200,2026-05-28 03:00:00,2794.711,2805.552,2794.638,2801.532
1779940800,2026-05-28 04:00:00,2801.309,2807.035,2797.852,2806.824
1779944400,2026-05-28 05:00:00,2806.614,2808.83,2802.022,2808.688
1779948000,2026-05-28 06:00:00,2809.232,2812.736,2802.031,2812.487
1779951600,2026-05-28 07:00:00,2812.465,2822.457,2807.655,2821.196
1779955200,2026-05-28 08:00:00,2821.417,2826.973,2817.996,2820.937
1779958800,2026-05-28 09:00:00,2821.047,2821.134,2804.197,2808.934
1779962400,2026-05-28 10:00:00,2809.31,2811.745,2804.059,2810.113
1779966000,2026-05-28 11:00:00,2810.15,2820.166,2808.251,2815.454
1779969600,2026-05-28 12:00:00,2815.437,2826.129,2813.966,2822.695
1779973200,2026-05-28 13:00:00,2822.505,2830.489,2817.848,2829.55
1779976800,2026-05-28 14:00:00,2829.507,2829.843,2819.077,2819.516
1779980400,2026-05-28 15:00:00,2819.43,2824.049,2815.488,2817.451
1779984000,2026-05-28 16:00:00,2817.601,2823.495,2815.863,2821.688
1779987600,2026-05-28 17:00:00,2821.608,2822.502,2808.15,2808.673
1779991200,2026-05-28 18:00:00,2808.768,2823.457,2806.127,2817.339
1779994800,2026-05-28 19:00:00,2817.031,2823.722,2816.419,2816.993
1779998400,2026-05-28 20:00:00,2817.007,2821.641,2815.171,2816.953
1780002000,2026-05-28 21:00:00,2816.942,2828.197,2816.428,2824.597
1780005600,2026-05-28 22:00:00,2824.621,2826.034,2810.541,2810.69
1780009200,2026-05-28 23:00:00,2810.782,2819.902,2806.503,2818.043
1780012800,2026-05-29 00:00:00,2818.056,2820.704,2810.365,2820.665
1780016400,2026-05-29 01:00:00,2820.68,2821.071,2806.423,2810.745
1780020000,2026-05-29 02:00:00,2810.695,2825.539,2809.294,2825.295
1780023600,2026-05-29 03:00:00,2825.385,2826.358,2817.932,2819.588
1780027200,2026-05-29 04:00:00,2819.62,2827.234,2807.018,2809.215
1780030800,2026-05-29 05:00:00,2809.176,2817.762,2808.528,2816.421
1780034400,2026-05-29 06:00:00,2816.366,2827.724,2816.095,2823.513
1780038000,2026-05-29 07:00:00,2823.51,2823.87,2805.151,2808.666
1780041600,2026-05-29 08:00:00,2808.709,2821.883,2805.586,2820.752
1780045200,2026-05-29 09:00:00,2820.976,2833.877,2820.017,2828.198
1780048800,2026-05-29 10:00:00,2828,2831.401,2820.123,2822.878
1780052400,2026-05-29 11:00:00,2823.03,2823.513,2811.754,2811.973
1780056000,2026-05-29 12:00:00,2812.06,2812.434,2799.122,2802.831
1780059600,2026-05-29 13:00:00,2802.917,2810.178,2799.504,2809.332
1780063200,2026-05-29 14:00:00,2809.332,2811.9,2801.563,2804.02
1780066800,2026-05-29 15:00:00,2804.188,2808.554,2800.357,2803.352
1780070400,2026-05-29 16:00:00,2803.251,2821.814,2803.221,2820.831
1780074000,2026-05-29 17:00:00,2820.649,2822.063,2805.312,2806.935
1780077600,2026-05-29 18:00:00,2807.322,2809.007,2795.079,2795.485
1780081200,2026-05-29 19:00:00,2795.602,2799.456,2788.962,2792.039
1780084800,2026-05-29 20:00:00,2792.292,2795.241,2787.351,2793.891
1780088400,2026-05-29 21:00:00,2794.261,2794.295,2784.822,2787.258
1780092000,2026-05-29 22:00:00,2787.012,2788.571,2775.65,2784.711
1780095600,2026-05-29 23:00:00,2784.996,2786.511,2773.559,2778.363
1780099200,2026-05-30 00:00:00,2778.455,2780.981,2773.949,2778.364
1780102800,2026-05-30 01:00:00,2778.156,2784.246,2772.474,2777.112
1780106400,2026-05-30 02:00:00,2777.433,2777.462,2768.517,2768.797
1780110000,2026-05-30 03:00:00,2768.818,2772.097,2759.513,2761.622
1780113600,2026-05-30 04:00:00,2761.837,2769.369,2756.418,2762.733
1780117200,2026-05-30 05:00:00,2762.724,2762.816,2750.871,2750.878
1780120800,2026-05-30 06:00:00,2750.593,2753.247,2741.406,2743.576
1780124400,2026-05-30 07:00:00,2743.549,2749.835,2737.659,2748.616
1780128000,2026-05-30 08:00:00,2748.375,2753.62,2746.484,2748.805
1780131600,2026-05-30 09:00:00,2748.713,2750.831,2741.584,2748.678
1780135200,2026-05-30 10:00:00,2748.321,2753.006,2742.763,2746.648
1780138800,2026-05-30 11:00:00,2746.588,2750.364,2742.849,2745.705
1780142400,2026-05-30 12:00:00,2745.758,2745.758,2726.73,2727.506
1780146000,2026-05-30 13:00:00,2727.423,2729.624,2711.505,2729.527
1780149600,2026-05-30 14:00:00,2729.311,2745.864,2727.152,2744.791
1780153200,2026-05-30 15:00:00,2744.457,2752.011,2735.099,2743.73
1780156800,2026-05-30 16:00:00,2743.471,2747.625,2737.766,2744.248
1780160400,2026-05-30 17:00:00,2744.29,2756.689,2743.31,2756.226
1780164000,2026-05-30 18:00:00,2756.291,2761.555,2747.664,2756.144
1780167600,2026-05-30 19:00:00,2756.27,2767.594,2755.742,2765.34
1780171200,2026-05-30 20:00:00,2765.433,2781.495,2764.177,2780.651
1780174800,2026-05-30 21:00:00,2780.821,2788.898,2779.764,2781.635
1780178400,2026-05-30 22:00:00,2781.302,2784.811,2770.712,2774.001
1780182000,2026-05-30 23:00:00,2773.763,2777.744,2764.312,2764.999
1780185600,2026-05-31 00:00:00,2765.115,2775.951,2765.115,2774.94
1780189200,2026-05-31 01:00:00,2775.099,2781.298,2765.921,2766.456
1780192800,2026-05-31 02:00:00,2766.563,2774.895,2760.219,2773.511
1780196400,2026-05-31 03:00:00,2773.149,2777.541,2770.872,2772.587
1780200000,2026-05-31 04:00:00,2772.918,2782.364,2771.405,2782.171
1780203600,2026-05-31 05:00:00,2782.035,2784.255,2775.332,2779.538
1780207200,2026-05-31 06:00:00,2779.58,2784.423,2776.527,2780.409
1780210800,2026-05-31 07:00:00,2780.714,2794.212,2778.969,2793.414
1780214400,2026-05-31 08:00:00,2793.236,2794.382,2785.847,2788.322
1780218000,2026-05-31 09:00:00,2788.261,2794.805,2779.333,2787.103
1780221600,2026-05-31 10:00:00,2787.249,2789.328,2784.11,2785.364
1780225200,2026-05-31 11:00:00,2785.21,2791.78,2781.184,2789.006
1780228800,2026-05-31 12:00:00,2788.969,2793.977,2782.565,2784.637
1780232400,2026-05-31 13:00:00,2784.406,2787.613,2779.27,2781.199
1780236000,2026-05-31 14:00:00,2781.331,2782.725,2773.046,2779.893
1780239600,2026-05-31 15:00:00,2779.954,2780.251,2767.687,2775.918
1780243200,2026-05-31 16:00:00,2776.097,2777.784,2773.554,2775.323
1780246800,2026-05-31 17:00:00,2775.193,2779.811,2771.343,2775.456
1780250400,2026-05-31 18:00:00,2775.871,2778.904,2769.526,2776.733
1780254000,2026-05-31 19:00:00,2776.926,2785.273,2774.436,2780.507
1780257600,2026-05-31 20:00:00,2780.548,2780.864,2767.136,2768.106
1780261200,2026-05-31 21:00:00,2768.105,2772.952,2764.294,2768.096
1780264800,2026-05-31 22:00:00,2768.074,2771.426,2761.979,2767.16
1780268400,2026-05-31 23:00:00,2767.246,2768.696,2760.21,2766.321
1780272000,2026-06-01 00:00:00,2766.288,2772.317,2762.828,2767.721
1780275600,2026-06-01 01:00:00,2767.544,2769.929,2757.339,2761.743
1780279200,2026-06-01 02:00:00,2761.512,2762.839,2749.183,2751.276
1780282800,2026-06-01 03:00:00,2751.31,2754.949,2744.326,2748.282
1780286400,2026-06-01 04:00:00,2748.093,2755.308,2746.899,2749.851
1780290000,2026-06-01 05:00:00,2750.062,2762.837,2748.961,2762.193
1780293600,2026-06-01 06:00:00,2762.112,2763.243,2751.374,2755.516
1780297200,2026-06-01 07:00:00,2755.099,2755.244,2740.583,2742.8
1780300800,2026-06-01 08:00:00,2742.492,2752.234,2740.87,2749.537
1780304400,2026-06-01 09:00:00,2749.795,2752.163,2736.963,2738.62
1780308000,2026-06-01 10:00:00,2738.803,2742.726,2731.206,2735.204
1780311600,2026-06-01 11:00:00,2735.182,2738.073,2724.34,2726.872
1780315200,2026-06-01 12:00:00,2727.277,2729.678,2717.244,2721.306
1780318800,2026-06-01 13:00:00,2721.344,2721.344,2701.405,2701.806
1780322400,2026-06-01 14:00:00,2701.716,2709.119,2700.54,2701.003
1780326000,2026-06-01 15:00:00,2701.064,2710.874,2700.765,2707.118
1780329600,2026-06-01 16:00:00,2707.103,2707.602,2697.407,2704.542
1780333200,2026-06-01 17:00:00,2704.555,2713.216,2702.683,2712.012
1780336800,2026-06-01 18:00:00,2712.145,2712.514,2699.17,2704.642
1780340400,2026-06-01 19:00:00,2704.821,2711.321,2697.435,2711.084
1780344000,2026-06-01 20:00:00,2711.102,2718.133,2707.573,2714.559
1780347600,2026-06-01 21:00:00,2714.774,2715.533,2699.021,2701.171
1780351200,2026-06-01 22:00:00,2701.314,2711.108,2700.775,2710.042
1780354800,2026-06-01 23:00:00,2709.67,2712.603,2703.019,2706.537
1780358400,2026-06-02 00:00:00,2706.808,2714.137,2703.004,2711.656
1780362000,2026-06-02 01:00:00,2711.861,2720.944,2707.586,2716.605
1780365600,2026-06-02 02:00:00,2716.537,2724.041,2714.685,2720.544
1780369200,2026-06-02 03:00:00,2720.5,2726.662,2718.632,2726.455
1780372800,2026-06-02 04:00:00,2726.701,2732.263,2723.807,2727.738
1780376400,2026-06-02 05:00:00,2728.024,2735.255,2720.283,2733.795
1780380000,2026-06-02 06:00:00,2734.096,2739.072,2730.465,2734.278
1780383600,2026-06-02 07:00:00,2734.316,2745.084,2733.713,2743.994
1780387200,2026-06-02 08:00:00,2743.921,2744.958,2735.679,2740.616
1780390800,2026-06-02 09:00:00,2740.455,2747.989,2735.004,2746.521
1780394400,2026-06-02 10:00:00,2746.514,2758.406,2743.676,2746.548
1780398000,2026-06-02 11:00:00,2746.733,2748.827,2735.732,2741.218
1780401600,2026-06-02 12:00:00,2741.267,2742.94,2730.298,2730.341
1780405200,2026-06-02 13:00:00,2730.523,2738.185,2724.726,2731.876
1780408800,2026-06-02 14:00:00,2731.809,2733.391,2726.26,2729.023
1780412400,2026-06-02 15:00:00,2729.107,2734.648,2724.766,2727.21
1780416000,2026-06-02 16:00:00,2726.989,2738.689,2726.105,2731.813
1780419600,2026-06-02 17:00:00,2731.886,2743.71,2731.453,2734.09
1780423200,2026-06-02 18:00:00,2734.287,2738.84,2731.817,2735.168
1780426800,2026-06-02 19:00:00,2735.03,2749.455,2734.725,2735.096
1780430400,2026-06-02 20:00:00,2734.952,2747,2730.761,2744.037
1780434000,2026-06-02 21:00:00,2743.842,2747.375,2731.7,2735.451
1780437600,2026-06-02 22:00:00,2735.694,2750.419,2735.244,2747.739
1780441200,2026-06-02 23:00:00,2747.708,2750.638,2739.959,2742.093
1780444800,2026-06-03 00:00:00,2742.105,2745.761,2737.504,2744.892
1780448400,2026-06-03 01:00:00,2744.803,2752.729,2743.717,2747.763
1780452000,2026-06-03 02:00:00,2747.529,2752.694,2742.726,2752.551
1780455600,2026-06-03 03:00:00,2752.658,2756.6,2747.774,2751.044
1780459200,2026-06-03 04:00:00,2751.011,2755.954,2749.071,2752.35
1780462800,2026-06-03 05:00:00,2752.462,2753.133,2743.231,2746.285
1780466400,2026-06-03 06:00:00,2746.104,2747.27,2739.773,2746.886
1780470000,2026-06-03 07:00:00,2746.701,2753.681,2737.546,2741.836
1780473600,2026-06-03 08:00:00,2741.818,2744.729,2739.789,2743.289
1780477200,2026-06-03 09:00:00,2743.497,2754.546,2742.694,2752.618
1780480800,2026-06-03 10:00:00,2752.818,2759.343,2749.409,2757.156
1780484400,2026-06-03 11:00:00,2756.967,2762.477,2749.306,2759.19
1780488000,2026-06-03 12:00:00,2759.342,2772.734,2759.342,2771.908
1780491600,2026-06-03 13:00:00,2772.181,2780.266,2768.47,2776.288
1780495200,2026-06-03 14:00:00,2776.345,2780.631,2771.819,2778.574
1780498800,2026-06-03 15:00:00,2778.538,2787.244,2776.545,2787.003
1780502400,2026-06-03 16:00:00,2787.304,2787.634,2780.461,2785.002
1780506000,2026-06-03 17:00:00,2785.014,2795.071,2782.084,2792.58
1780509600,2026-06-03 18:00:00,2792.814,2793.394,2781.542,2786.259
1780513200,2026-06-03 19:00:00,2786.181,2793.725,2784.695,2784.732
1780516800,2026-06-03 20:00:00,2784.595,2795.637,2779.664,2792.819
1780520400,2026-06-03 21:00:00,2792.722,2799.247,2789.392,2799.198
1780524000,2026-06-03 22:00:00,2799.358,2802.472,2793.34,2797.611
1780527600,2026-06-03 23:00:00,2797.364,2811.331,2794.022,2806.504
1780531200,2026-06-04 00:00:00,2806.475,2814.663,2803.529,2812.375
1780534800,2026-06-04 01:00:00,2812.515,2819.091,2809.733,2813.715
1780538400,2026-06-04 02:00:00,2813.573,2821.001,2812.67,2820.072
1780542000,2026-06-04 03:00:00,2820.254,2825.373,2814.125,2817.503
1780545600,2026-06-04 04:00:00,2817.68,2820.513,2806.767,2811.872
1780549200,2026-06-04 05:00:00,2811.944,2812.592,2796.793,2806.137
1780552800,2026-06-04 06:00:00,2806.132,2809.041,2793.835,2796.281
1780556400,2026-06-04 07:00:00,2796.468,2808.696,2793.633,2808.23
1780560000,2026-06-04 08:00:00,2808.26,2809.076,2800.006,2803.665
1780563600,2026-06-04 09:00:00,2803.533,2807.953,2796.159,2804.82
1780567200,2026-06-04 10:00:00,2804.958,2813.319,2797.232,2812.062
1780570800,2026-06-04 11:00:00,2812.04,2825.855,2811.796,2825.765
1780574400,2026-06-04 12:00:00,2825.985,2829.506,2813.613,2817.104
1780578000,2026-06-04 13:00:00,2817.105,2835.453,2816.883,2834.126
1780581600,2026-06-04 14:00:00,2834.101,2834.567,2822.769,2829.52
1780585200,2026-06-04 15:00:00,2829.071,2829.84,2820.208,2820.902
1780588800,2026-06-04 16:00:00,2821.01,2825.024,2816.022,2822.75
1780592400,2026-06-04 17:00:00,2822.75,2827.758,2812.3,2827.556
1780596000,2026-06-04 18:00:00,2827.187,2832.969,2819.094,2831.125
1780599600,2026-06-04 19:00:00,2831.124,2835.583,2826.33,2829.509
1780603200,2026-06-04 20:00:00,2829.281,2833.934,2826.577,2831.483
1780606800,2026-06-04 21:00:00,2831.538,2833.344,2819.78,2832.55
1780610400,2026-06-04 22:00:00,2832.39,2835.166,2822.973,2832.022
1780614000,2026-06-04 23:00:00,2832.05,2849.296,2831.346,2849.202
1780617600,2026-06-05 00:00:00,2848.799,2853.276,2843.344,2851.842
1780621200,2026-06-05 01:00:00,2852.158,2852.437,2838.692,2841.186
1780624800,2026-06-05 02:00:00,2841.325,2843.341,2837.263,2839.662
1780628400,2026-06-05 03:00:00,2839.745,2844.479,2832.016,2837.1
1780632000,2026-06-05 04:00:00,2836.955,2842.556,2829.464,2841.65
1780635600,2026-06-05 05:00:00,2841.829,2855.611,2839.593,2850.151
1780639200,2026-06-05 06:00:00,2850.33,2861.004,2848.323,2848.323
1780642800,2026-06-05 07:00:00,2848.776,2856.532,2841.985,2845.446
1780646400,2026-06-05 08:00:00,2845.672,2854.266,2844.25,2853.165
1780650000,2026-06-05 09:00:00,2853.402,2854.651,2846.353,2848.981
1780653600,2026-06-05 10:00:00,2849.014,2849.385,2836.046,2839.118
1780657200,2026-06-05 11:00:00,2838.757,2845.302,2835.861,2839.401
1780660800,2026-06-05 12:00:00,2839.667,2847.91,2839.303,2841.614
1780664400,2026-06-05 13:00:00,2841.31,2843.158,2829.442,2829.442
1780668000,2026-06-05 14:00:00,2829.687,2830.762,2818.989,2821.175
1780671600,2026-06-05 15:00:00,2821.196,2822.15,2811.188,2820.215
1780675200,2026-06-05 16:00:00,2820.578,2834.867,2817.339,2833.662
1780678800,2026-06-05 17:00:00,2833.734,2835.906,2816.111,2818.66
1780682400,2026-06-05 18:00:00,2818.838,2826.01,2815.039,2818.503
1780686000,2026-06-05 19:00:00,2818.617,2821.944,2814.08,2821.448
1780689600,2026-06-05 20:00:00,2821.411,2827.346,2815.735,2824.025
1780693200,2026-06-05 21:00:00,2824.096,2827.832,2816.961,2822.196
1780696800,2026-06-05 22:00:00,2822.23,2826.274,2812.674,2812.979
1780700400,2026-06-05 23:00:00,2812.882,2818.81,2804.796,2804.811
1780704000,2026-06-06 00:00:00,2804.961,2809.132,2799.866,2807.071
1780707600,2026-06-06 01:00:00,2807.364,2808.301,2794.135,2798.2
1780711200,2026-06-06 02:00:00,2798.247,2803.836,2791.503,2793.144
1780714800,2026-06-06 03:00:00,2792.737,2794.555,2784.679,2787.812
1780718400,2026-06-06 04:00:00,2788.005,2791.627,2774.044,2775.479
1780722000,2026-06-06 05:00:00,2775.266,2778.599,2762.833,2762.833
1780725600,2026-06-06 06:00:00,2762.674,2764.458,2755.332,2757.139
1780729200,2026-06-06 07:00:00,2757.413,2759.088,2744.592,2749.054
1780732800,2026-06-06 08:00:00,2748.985,2753.912,2738.28,2741.638
1780736400,2026-06-06 09:00:00,2741.686,2746.375,2736.053,2744.138
1780740000,2026-06-06 10:00:00,2743.834,2746.038,2738.376,2743.488
1780743600,2026-06-06 11:00:00,2743.503,2745.281,2737.779,2739.373
1780747200,2026-06-06 12:00:00,2739.449,2745.946,2737.643,2737.643
1780750800,2026-06-06 13:00:00,2737.43,2742.987,2728.274,2731.994
1780754400,2026-06-06 14:00:00,2732.006,2753.286,2731.991,2750.058
1780758000,2026-06-06 15:00:00,2749.812,2756.494,2747.023,2754.621
1780761600,2026-06-06 16:00:00,2754.553,2756.36,2750.331,2750.72
1780765200,2026-06-06 17:00:00,2750.836,2754.504,2745.916,2752.119
1780768800,2026-06-06 18:00:00,2751.762,2756.321,2747.578,2755.654
1780772400,2026-06-06 19:00:00,2755.83,2764.082,2754.23,2759.666
1780776000,2026-06-06 20:00:00,2759.502,2782.347,2758.92,2781.815
1780779600,2026-06-06 21:00:00,2781.592,2785.408,2776.129,2780.019
1780783200,2026-06-06 22:00:00,2779.886,2782.127,2775.168,2780.267
1780786800,2026-06-06 23:00:00,2780.295,2786.068,2777.759,2778.819
1780790400,2026-06-07 00:00:00,2778.602,2787.516,2777.546,2784.608
1780794000,2026-06-07 01:00:00,2784.701,2792.566,2781.964,2789.552
1780797600,2026-06-07 02:00:00,2789.412,2803.383,2786.148,2802.816
1780801200,2026-06-07 03:00:00,2802.438,2805.143,2798.798,2804.564
1780804800,2026-06-07 04:00:00,2804.84,2808.312,2801.819,2801.92
1780808400,2026-06-07 05:00:00,2801.951,2807.386,2797.812,2806.458
1780812000,2026-06-07 06:00:00,2806.74,2810.02,2799.569,2802.282
1780815600,2026-06-07 07:00:00,2802.11,2808.217,2795.758,2803.848
1780819200,2026-06-07 08:00:00,2803.67,2806.384,2800.96,2804.13
1780822800,2026-06-07 09:00:00,2804.275,2812.685,2799.509,2812.474
1780826400,2026-06-07 10:00:00,2812.509,2818.09,2810.021,2815.75
1780830000,2026-06-07 11:00:00,2815.677,2821.565,2804.184,2804.3
1780833600,2026-06-07 12:00:00,2804.344,2815.353,2802.112,2814.785
1780837200,2026-06-07 13:00:00,2814.933,2819.194,2810.639,2819.05
1780840800,2026-06-07 14:00:00,2819.304,2819.304,2810.924,2817.22
1780844400,2026-06-07 15:00:00,2817.197,2823.131,2813.45,2823.131
1780848000,2026-06-07 16:00:00,2823.158,2826.321,2819.601,2822.853
1780851600,2026-06-07 17:00:00,2822.86,2828.654,2817.469,2826.848
1780855200,2026-06-07 18:00:00,2827.082,2833.513,2824.556,2832.839
1780858800,2026-06-07 19:00:00,2833.152,2833.886,2819.008,2821.956
1780862400,2026-06-07 20:00:00,2822.095,2823.257,2810.264,2811.225
1780866000,2026-06-07 21:00:00,2811.225,2815.559,2803.432,2809.222
1780869600,2026-06-07 22:00:00,2808.99,2816.502,2805.437,2810.188
1780873200,2026-06-07 23:00:00,2810.171,2813.345,2796.954,2797.945
1780876800,2026-06-08 00:00:00,2798.299,2803.103,2788.669,2790.998
1780880400,2026-06-08 01:00:00,2790.73,2799.246,2790.409,2791.158
1780884000,2026-06-08 02:00:00,2791.279,2811.215,2785.259,2810.123
1780887600,2026-06-08 03:00:00,2810.082,2818.692,2804.261,2815.796
1780891200,2026-06-08 04:00:00,2815.813,2820.206,2803.611,2803.835
1780894800,2026-06-08 05:00:00,2803.786,2807.12,2798.841,2806.002
1780898400,2026-06-08 06:00:00,2805.796,2821.185,2804.319,2814.156
1780902000,2026-06-08 07:00:00,2814.194,2819.74,2810.622,2818.132
1780905600,2026-06-08 08:00:00,2818.107,2825.509,2815.525,2816.838
1780909200,2026-06-08 09:00:00,2816.898,2819.235,2809.01,2817.197
1780912800,2026-06-08 10:00:00,2816.885,2818.26,2802.605,2803.16
1780916400,2026-06-08 11:00:00,2803.278,2812.319,2801.318,2808.151
1780920000,2026-06-08 12:00:00,2808.3,2811.746,2805.105,2811.746
1780923600,2026-06-08 13:00:00,2811.748,2818.806,2806.502,2806.534
1780927200,2026-06-08 14:00:00,2806.47,2807.58,2795.111,2798.968
1780930800,2026-06-08 15:00:00,2799.019,2812.242,2795.612,2809.674
1780934400,2026-06-08 16:00:00,2809.772,2819.65,2808.801,2818.515
1780938000,2026-06-08 17:00:00,2818.706,2823.865,2816.794,2816.794
1780941600,2026-06-08 18:00:00,2816.396,2837.359,2815.396,2832.068
1780945200,2026-06-08 19:00:00,2832.21,2836.322,2826.89,2833.903
1780948800,2026-06-08 20:00:00,2833.978,2845.919,2833.944,2845.469
1780952400,2026-06-08 21:00:00,2845.32,2845.362,2832.39,2839.882
1780956000,2026-06-08 22:00:00,2840.012,2840.302,2817.295,2819.771
1780959600,2026-06-08 23:00:00,2819.583,2819.864,2795.374,2795.847
1780963200,2026-06-09 00:00:00,2795.671,2801.435,2791.829,2795.213
1780966800,2026-06-09 01:00:00,2795.339,2800.867,2792.265,2796.049
1780970400,2026-06-09 02:00:00,2795.957,2798.475,2782.538,2787.279
1780974000,2026-06-09 03:00:00,2787.171,2789.588,2778.972,2780.322
1780977600,2026-06-09 04:00:00,2780.26,2786.682,2777.746,2778.398
1780981200,2026-06-09 05:00:00,2778.61,2789.24,2772.896,2788.279
1780984800,2026-06-09 06:00:00,2788.107,2796.104,2785.928,2795.513
1780988400,2026-06-09 07:00:00,2795.26,2801.178,2791.508,2791.964
1780992000,2026-06-09 08:00:00,2791.97,2797.131,2785.845,2795.378
1780995600,2026-06-09 09:00:00,2795.47,2809.217,2792.836,2808.869
1780999200,2026-06-09 10:00:00,2808.862,2822.136,2805.534,2818.483
1781002800,2026-06-09 11:00:00,2818.336,2818.723,2803.321,2805.187
1781006400,2026-06-09 12:00:00,2805.094,2816.594,2802.297,2814.961
1781010000,2026-06-09 13:00:00,2814.93,2822.8,2814.613,2819.278
1781013600,2026-06-09 14:00:00,2819.459,2821.836,2815.337,2818.38
1781017200,2026-06-09 15:00:00,2818.585,2818.972,2805.045,2807.736
1781020800,2026-06-09 16:00:00,2807.627,2814.516,2804.929,2813.203
1781024400,2026-06-09 17:00:00,2813.157,2814.009,2801.1,2806.116
1781028000,2026-06-09 18:00:00,2806.124,2811.944,2801.3,2805.403
1781031600,2026-06-09 19:00:00,2805.65,2807.156,2792.135,2799.665
1781035200,2026-06-09 20:00:00,2799.605,2808.592,2799.234,2802.213
1781038800,2026-06-09 21:00:00,2802.229,2810.238,2800.398,2804.707
1781042400,2026-06-09 22:00:00,2804.853,2813.709,2802.368,2809.455
1781046000,2026-06-09 23:00:00,2809.45,2815.137,2807.115,2814.238
1781049600,2026-06-10 00:00:00,2814.305,2828.547,2814.305,2823.653
1781053200,2026-06-10 01:00:00,2823.753,2827.036,2814.412,2816.94
1781056800,2026-06-10 02:00:00,2816.848,2818.59,2805.864,2813.808
1781060400,2026-06-10 03:00:00,2813.611,2817.461,2803.325,2815.538
1781064000,2026-06-10 04:00:00,2815.672,2817.701,2809.147,2810.057
1781067600,2026-06-10 05:00:00,2810.033,2810.412,2799.417,2803.831
1781071200,2026-06-10 06:00:00,2803.809,2811.897,2799.685,2806.267
1781074800,2026-06-10 07:00:00,2806.309,2810.445,2797.557,2802.427
1781078400,2026-06-10 08:00:00,2802.263,2803.988,2794.742,2798.392
1781082000,2026-06-10 09:00:00,2798.358,2799.395,2788.915,2798.893
1781085600,2026-06-10 10:00:00,2798.992,2807.225,2797.76,2805.621
1781089200,2026-06-10 11:00:00,2805.898,2811.174,2802.022,2808.799
1781092800,2026-06-10 12:00:00,2808.828,2819.99,2803.849,2818.507
1781096400,2026-06-10 13:00:00,2818.24,2825.847,2817.224,2819.737
1781100000,2026-06-10 14:00:00,2819.642,2826.965,2815.626,2822.8
1781103600,2026-06-10 15:00:00,2822.764,2831.513,2821.06,2827.498
1781107200,2026-06-10 16:00:00,2827.723,2830.036,2818.476,2820.283
1781110800,2026-06-10 17:00:00,2820.357,2842.165,2817.975,2840.888
1781114400,2026-06-10 18:00:00,2841.113,2842.039,2825.262,2831.539
1781118000,2026-06-10 19:00:00,2831.633,2832.502,2823.9,2828.567
1781121600,2026-06-10 20:00:00,2828.827,2833.433,2820.775,2824.738
1781125200,2026-06-10 21:00:00,2824.602,2832.322,2821.497,2823.219
1781128800,2026-06-10 22:00:00,2822.968,2831.809,2822.54,2827.093
1781132400,2026-06-10 23:00:00,2827.066,2840.782,2824.286,2838.918
1781136000,2026-06-11 00:00:00,2839.097,2841.209,2833.838,2837.029
1781139600,2026-06-11 01:00:00,2836.945,2837.801,2821.943,2826.217
1781143200,2026-06-11 02:00:00,2826.255,2832.649,2825.8,2827.597
1781146800,2026-06-11 03:00:00,2827.724,2830.405,2817.028,2817.028
1781150400,2026-06-11 04:00:00,2816.786,2819.968,2810.915,2816.25
1781154000,2026-06-11 05:00:00,2816.094,2829.169,2815.841,2826.457
1781157600,2026-06-11 06:00:00,2826.349,2829.519,2814.639,2816.391
1781161200,2026-06-11 07:00:00,2816.518,2826.499,2813.894,2825.589
1781164800,2026-06-11 08:00:00,2825.699,2828.675,2815.991,2817.07
1781168400,2026-06-11 09:00:00,2817.279,2819.739,2806.251,2811.78
1781172000,2026-06-11 10:00:00,2811.5,2812.412,2799.553,2802.292
1781175600,2026-06-11 11:00:00,2802.253,2804.099,2796.163,2798.941
1781179200,2026-06-11 12:00:00,2799.264,2800.176,2791.235,2793.788
1781182800,2026-06-11 13:00:00,2793.636,2796.22,2778.218,2779.57
1781186400,2026-06-11 14:00:00,2779.758,2795.178,2778.006,2794.901
1781190000,2026-06-11 15:00:00,2794.924,2798.385,2781.118,2781.118
1781193600,2026-06-11 16:00:00,2780.92,2783.187,2776.566,2781.83
1781197200,2026-06-11 17:00:00,2781.767,2784.366,2775.494,2783.514
1781200800,2026-06-11 18:00:00,2783.413,2795.911,2782.264,2794.052
1781204400,2026-06-11 19:00:00,2794.292,2799.662,2787.091,2799.432
1781208000,2026-06-11 20:00:00,2799.174,2801.022,2792.095,2798.458
1781211600,2026-06-11 21:00:00,2798.627,2814.211,2798.267,2806.798
1781215200,2026-06-11 22:00:00,2806.609,2815.522,2802.889,2813.996
1781218800,2026-06-11 23:00:00,2813.786,2815.472,2805.431,2807.21
1781222400,2026-06-12 00:00:00,2807.21,2808.159,2798.566,2804.991
1781226000,2026-06-12 01:00:00,2804.899,2817.372,2804.528,2816.333
1781229600,2026-06-12 02:00:00,2816.425,2818.786,2800.047,2807.238
1781233200,2026-06-12 03:00:00,2807.103,2815.47,2805.064,2810.84
1781236800,2026-06-12 04:00:00,2810.765,2812.455,2796.898,2797.812
1781240400,2026-06-12 05:00:00,2797.632,2810.562,2796.36,2809.889
1781244000,2026-06-12 06:00:00,2809.607,2825.2,2807.282,2824.54
1781247600,2026-06-12 07:00:00,2824.437,2828.588,2816.791,2818.824
1781251200,2026-06-12 08:00:00,2818.744,2827.946,2814.487,2822.359
1781254800,2026-06-12 09:00:00,2822.02,2825.877,2820.164,2825.386
1781258400,2026-06-12 10:00:00,2825.034,2831.23,2822.932,2829.75
1781262000,2026-06-12 11:00:00,2830.066,2835.637,2829.114,2833.319
1781265600,2026-06-12 12:00:00,2833.293,2834.802,2825.627,2826.942
1781269200,2026-06-12 13:00:00,2826.975,2831.728,2823.456,2830.643
1781272800,2026-06-12 14:00:00,2830.642,2834.217,2825.895,2830.332
1781276400,2026-06-12 15:00:00,2830.121,2843.836,2827.699,2841.326
1781280000,2026-06-12 16:00:00,2841.051,2843.661,2831.7,2831.848
1781283600,2026-06-12 17:00:00,2832.035,2848.136,2831.027,2846.985
1781287200,2026-06-12 18:00:00,2846.965,2848.802,2838.646,2847.534
1781290800,2026-06-12 19:00:00,2847.303,2860.168,2843.727,2856.655
1781294400,2026-06-12 20:00:00,2856.468,2857.381,2841.725,2843.273
1781298000,2026-06-12 21:00:00,2843.212,2845.029,2831.129,2833.684
1781301600,2026-06-12 22:00:00,2833.526,2841.312,2825.709,2828.173
1781305200,2026-06-12 23:00:00,2828.292,2832.159,2820.99,2821.119
1781308800,2026-06-13 00:00:00,2821.444,2822.416,2812.415,2816.928
1781312400,2026-06-13 01:00:00,2816.89,2818.981,2809.561,2812.451
1781316000,2026-06-13 02:00:00,2812.804,2819.24,2805.545,2811.392
1781319600,2026-06-13 03:00:00,2811.061,2811.231,2789.797,2789.976
1781323200,2026-06-13 04:00:00,2789.922,2793.965,2786.236,2789.85
1781326800,2026-06-13 05:00:00,2789.734,2791.723,2773.626,2776.027
1781330400,2026-06-13 06:00:00,2776.046,2786.419,2775.022,2780.673
1781334000,2026-06-13 07:00:00,2780.631,2784.131,2773.596,2782.223
1781337600,2026-06-13 08:00:00,2782.377,2792.605,2780.199,2791.23
1781341200,2026-06-13 09:00:00,2790.984,2791.38,2779.899,2781.691
1781344800,2026-06-13 10:00:00,2781.351,2799.054,2781.193,2796.11
1781348400,2026-06-13 11:00:00,2796.004,2797.586,2785.128,2789.25
1781352000,2026-06-13 12:00:00,2789.292,2789.649,2781.787,2787.492
1781355600,2026-06-13 13:00:00,2787.195,2790.374,2774.741,2776.91
1781359200,2026-06-13 14:00:00,2776.862,2785.287,2776.862,2781.325
1781362800,2026-06-13 15:00:00,2781.529,2796.556,2779.665,2792.979
1781366400,2026-06-13 16:00:00,2792.985,2794.367,2785.68,2785.757
1781370000,2026-06-13 17:00:00,2786.007,2795.025,2785.823,2787.21
1781373600,2026-06-13 18:00:00,2786.859,2788.164,2777.06,2779.023
1781377200,2026-06-13 19:00:00,2779.122,2779.234,2762.553,2766.854
1781380800,2026-06-13 20:00:00,2766.984,2771.471,2764.239,2768.723
1781384400,2026-06-13 21:00:00,2768.51,2768.931,2759.625,2764.045
1781388000,2026-06-13 22:00:00,2764.16,2769.864,2756.986,2759.517
1781391600,2026-06-13 23:00:00,2759.374,2760.107,2745.858,2747.463
1781395200,2026-06-14 00:00:00,2747.851,2752.792,2745.452,2750.739
1781398800,2026-06-14 01:00:00,2750.773,2765.849,2750.582,2763.603
1781402400,2026-06-14 02:00:00,2763.761,2767.595,2758.916,2759.376
1781406000,2026-06-14 03:00:00,2759.112,2762.095,2753.944,2756.532
1781409600,2026-06-14 04:00:00,2756.589,2760.119,2744.176,2744.885
1781413200,2026-06-14 05:00:00,2744.867,2747.019,2732.395,2733.939
1781416800,2026-06-14 06:00:00,2734.379,2734.861,2719.271,2722.614
1781420400,2026-06-14 07:00:00,2722.307,2725.852,2718.248,2724.356
1781424000,2026-06-14 08:00:00,2724.686,2725.716,2708.837,2709.122
1781427600,2026-06-14 09:00:00,2709.231,2718.44,2707.842,2718.359
1781431200,2026-06-14 10:00:00,2718.261,2722.535,2713.369,2716.284
1781434800,2026-06-14 11:00:00,2716.329,2722.681,2712.816,2720.138
1781438400,2026-06-14 12:00:00,2720.299,2722.264,2712.485,2718.492
1781442000,2026-06-14 13:00:00,2718.511,2721.92,2712.248,2713.48
1781445600,2026-06-14 14:00:00,2713.44,2714.58,2705.241,2711.434
1781449200,2026-06-14 15:00:00,2711.348,2719.272,2704.806,2719.272
1781452800,2026-06-14 16:00:00,2719.274,2722.525,2714.881,2721.894
1781456400,2026-06-14 17:00:00,2722.065,2724.902,2716.858,2719.713
1781460000,2026-06-14 18:00:00,2720.016,2724.416,2705.067,2709.992
1781463600,2026-06-14 19:00:00,2709.866,2711.68,2703.34,2711.478
1781467200,2026-06-14 20:00:00,2711.373,2711.463,2701.784,2705.631
1781470800,2026-06-14 21:00:00,2705.75,2706.836,2690.814,2692.391
1781474400,2026-06-14 22:00:00,2692.332,2702.864,2689.475,2698.228
1781478000,2026-06-14 23:00:00,2698.492,2704.609,2694.086,2700.557
1781481600,2026-06-15 00:00:00,2700.323,2702.502,2689.712,2691.647
1781485200,2026-06-15 01:00:00,2691.714,2699.584,2689.78,2699.584
1781488800,2026-06-15 02:00:00,2699.582,2703.277,2697.018,2698.462
1781492400,2026-06-15 03:00:00,2698.541,2704.356,2695.124,2701.995
1781496000,2026-06-15 04:00:00,2701.847,2708.429,2697.719,2703.156
1781499600,2026-06-15 05:00:00,2703.131,2708.233,2698.279,2699.981
1781503200,2026-06-15 06:00:00,2700.018,2705.77,2695.628,2698.219
1781506800,2026-06-15 07:00:00,2698.128,2701.513,2690.464,2693.41
1781510400,2026-06-15 08:00:00,2693.334,2698.954,2682.533,2690.792
1781514000,2026-06-15 09:00:00,2690.665,2693.036,2687.638,2687.985
1781517600,2026-06-15 10:00:00,2687.969,2695.322,2686.28,2689.607
1781521200,2026-06-15 11:00:00,2689.507,2695.443,2686.697,2690.473
1781524800,2026-06-15 12:00:00,2690.274,2694.605,2688.241,2692.247
1781528400,2026-06-15 13:00:00,2692.109,2715.189,2691.33,2712.3
1781532000,2026-06-15 14:00:00,2712.218,2717.659,2708.788,2712.536
1781535600,2026-06-15 15:00:00,2712.574,2719.937,2710.801,2719.047
1781539200,2026-06-15 16:00:00,2719.121,2722.924,2712.142,2713.914
1781542800,2026-06-15 17:00:00,2713.918,2722.925,2713.821,2719.264
1781546400,2026-06-15 18:00:00,2719.358,2722.538,2714.194,2717.842
1781550000,2026-06-15 19:00:00,2717.862,2728.314,2716.222,2721.455
1781553600,2026-06-15 20:00:00,2721.601,2725.749,2715.06,2719.503
1781557200,2026-06-15 21:00:00,2719.522,2722.266,2712.148,2715.997
1781560800,2026-06-15 22:00:00,2716.035,2716.287,2708.292,2710.856
1781564400,2026-06-15 23:00:00,2710.812,2720.234,2709.222,2717.436
1781568000,2026-06-16 00:00:00,2717.315,2726.626,2714.642,2726.081
1781571600,2026-06-16 01:00:00,2726.263,2726.373,2715.3,2717.141
1781575200,2026-06-16 02:00:00,2716.94,2718.416,2701.329,2702.417
1781578800,2026-06-16 03:00:00,2702.216,2704.652,2696.101,2702.205
1781582400,2026-06-16 04:00:00,2702.13,2703.014,2686.915,2689.691
1781586000,2026-06-16 05:00:00,2689.722,2699.19,2688.525,2695.948
1781589600,2026-06-16 06:00:00,2696.014,2708.895,2693.525,2705.705
1781593200,2026-06-16 07:00:00,2705.589,2707.226,2695.408,2701.253
1781596800,2026-06-16 08:00:00,2701.527,2711.081,2699.328,2711.081
1781600400,2026-06-16 09:00:00,2711.164,2719.987,2707.047,2716.783
1781604000,2026-06-16 10:00:00,2716.842,2719.326,2713.186,2716.234
1781607600,2026-06-16 11:00:00,2715.978,2720.168,2711.364,2717.545
1781611200,2026-06-16 12:00:00,2717.418,2727.648,2716.663,2721.69
1781614800,2026-06-16 13:00:00,2721.594,2722.392,2711.076,2711.742
1781618400,2026-06-16 14:00:00,2711.752,2718.271,2704.203,2705.074
1781622000,2026-06-16 15:00:00,2705.123,2705.401,2693.653,2700.303
1781625600,2026-06-16 16:00:00,2700.223,2701.707,2689.13,2689.352
1781629200,2026-06-16 17:00:00,2689.085,2690.242,2678.01,2686.252
1781632800,2026-06-16 18:00:00,2686.186,2691.878,2683.534,2690.292
1781636400,2026-06-16 19:00:00,2690.296,2698.786,2682.839,2682.839
1781640000,2026-06-16 20:00:00,2682.994,2690.551,2679.098,2681.281
1781643600,2026-06-16 21:00:00,2681.336,2688.14,2679.499,2680.615
1781647200,2026-06-16 22:00:00,2680.674,2685.08,2675.474,2680.52
1781650800,2026-06-16 23:00:00,2680.313,2689.815,2679.745,2684.882
1781654400,2026-06-17 00:00:00,2684.956,2689.257,2678.889,2684.89
1781658000,2026-06-17 01:00:00,2684.775,2691.154,2680.323,2686.85
1781661600,2026-06-17 02:00:00,2687.197,2692.119,2683.393,2687.046
1781665200,2026-06-17 03:00:00,2686.997,2694.719,2685.166,2688.318
1781668800,2026-06-17 04:00:00,2688.077,2701.167,2684.596,2695.347
1781672400,2026-06-17 05:00:00,2695.233,2706.152,2695.233,2698.101
1781676000,2026-06-17 06:00:00,2698.377,2702.674,2694.957,2698.394
1781679600,2026-06-17 07:00:00,2698.267,2708.376,2697.742,2704.512
1781683200,2026-06-17 08:00:00,2704.404,2708.52,2701.221,2702.363
1781686800,2026-06-17 09:00:00,2702.332,2709.046,2699.947,2701.665
1781690400,2026-06-17 10:00:00,2701.647,2715.232,2697.423,2712.799
1781694000,2026-06-17 11:00:00,2712.793,2720.196,2711.149,2717.608
1781697600,2026-06-17 12:00:00,2717.476,2721.386,2714.165,2714.165
1781701200,2026-06-17 13:00:00,2714.074,2720.132,2711.949,2716.322
1781704800,2026-06-17 14:00:00,2716.307,2724.587,2712.573,2715.327
1781708400,2026-06-17 15:00:00,2715.311,2720.014,2703.731,2708.302
1781712000,2026-06-17 16:00:00,2708.26,2710.796,2696.613,2700.771
1781715600,2026-06-17 17:00:00,2700.868,2709.155,2698.155,2705.138
1781719200,2026-06-17 18:00:00,2705.186,2713.891,2702.564,2702.678
1781722800,2026-06-17 19:00:00,2702.66,2703.625,2697.319,2698.336
1781726400,2026-06-17 20:00:00,2698.478,2700.981,2694.482,2694.55
1781730000,2026-06-17 21:00:00,2694.873,2697.735,2688.648,2690.824
1781733600,2026-06-17 22:00:00,2690.802,2693.343,2685.795,2687.043
1781737200,2026-06-17 23:00:00,2687.055,2687.421,2673.017,2676.055
1781740800,2026-06-18 00:00:00,2676.253,2680.024,2671.858,2676.977
1781744400,2026-06-18 01:00:00,2677.092,2679.592,2668.974,2677.891
1781748000,2026-06-18 02:00:00,2677.609,2681.871,2671.975,2678.5
1781751600,2026-06-18 03:00:00,2678.692,2679.215,2667.185,2667.247
1781755200,2026-06-18 04:00:00,2667.303,2674.256,2663.653,2668.265
1781758800,2026-06-18 05:00:00,2668.223,2681.372,2665.443,2677.928
1781762400,2026-06-18 06:00:00,2677.761,2682.611,2677.147,2678.692
1781766000,2026-06-18 07:00:00,2678.461,2687.364,2675.438,2680.22
1781769600,2026-06-18 08:00:00,2680.233,2684.72,2678.192,2679.591
1781773200,2026-06-18 09:00:00,2679.778,2684.114,2676.201,2678.297
1781776800,2026-06-18 10:00:00,2678.432,2680.336,2665.158,2665.44
1781780400,2026-06-18 11:00:00,2665.494,2672.107,2663.104,2666.722
1781784000,2026-06-18 12:00:00,2666.748,2676.213,2665.234,2673.764
1781787600,2026-06-18 13:00:00,2673.807,2678.472,2669.118,2674.126
1781791200,2026-06-18 14:00:00,2673.964,2680.596,2671.828,2673.992
1781794800,2026-06-18 15:00:00,2673.938,2681.177,2670.409,2675.946
1781798400,2026-06-18 16:00:00,2675.905,2676.987,2662.41,2667.954
1781802000,2026-06-18 17:00:00,2668.053,2674.287,2667.802,2673.989
1781805600,2026-06-18 18:00:00,2673.902,2675.912,2669.645,2674.142
1781809200,2026-06-18 19:00:00,2673.874,2674.414,2661.401,2662.582
1781812800,2026-06-18 20:00:00,2662.725,2669.993,2661.384,2663.963
1781816400,2026-06-18 21:00:00,2664.045,2667.833,2655.895,2656.994
1781820000,2026-06-18 22:00:00,2657.201,2658.339,2649.776,2652.888
1781823600,2026-06-18 23:00:00,2653.209,2656.409,2648.644,2651.002
1781827200,2026-06-19 00:00:00,2651.233,2651.391,2642.075,2645.291
1781830800,2026-06-19 01:00:00,2645.242,2654.079,2643.04,2652.726
1781834400,2026-06-19 02:00:00,2652.654,2656.01,2648.59,2649.167
1781838000,2026-06-19 03:00:00,2649.168,2661.271,2648.722,2660.684
1781841600,2026-06-19 04:00:00,2660.821,2664.892,2651.405,2657.37
1781845200,2026-06-19 05:00:00,2657.519,2663.368,2653.711,2662.526
1781848800,2026-06-19 06:00:00,2662.486,2681.185,2661.766,2679.793
1781852400,2026-06-19 07:00:00,2679.61,2680.92,2662.426,2663.514
1781856000,2026-06-19 08:00:00,2663.455,2663.725,2638.186,2639.58
1781859600,2026-06-19 09:00:00,2639.552,2641.844,2633.731,2638.043
1781863200,2026-06-19 10:00:00,2638.202,2638.965,2623.876,2623.876
1781866800,2026-06-19 11:00:00,2623.943,2630.594,2623.732,2627.263
1781870400,2026-06-19 12:00:00,2627.363,2636.07,2624.587,2628.785
1781874000,2026-06-19 13:00:00,2628.996,2629.222,2619.664,2620.944
1781877600,2026-06-19 14:00:00,2620.774,2620.899,2608.321,2612.161
1781881200,2026-06-19 15:00:00,2611.917,2612.989,2600.455,2606.584
1781884800,2026-06-19 16:00:00,2606.939,2612.296,2603.354,2610.107
1781888400,2026-06-19 17:00:00,2610.165,2611.772,2604.572,2606.824
1781892000,2026-06-19 18:00:00,2606.85,2615.946,2606.068,2615.609
1781895600,2026-06-19 19:00:00,2615.798,2628.64,2614.704,2624.008
1781899200,2026-06-19 20:00:00,2624.004,2629.558,2622.351,2623.232
1781902800,2026-06-19 21:00:00,2623.37,2625.543,2613.766,2618.295
1781906400,2026-06-19 22:00:00,2618.284,2624.323,2616.521,2618.323
1781910000,2026-06-19 23:00:00,2618.265,2623.159,2613.401,2622.78
1781913600,2026-06-20 00:00:00,2622.95,2627.151,2619.82,2625.221
1781917200,2026-06-20 01:00:00,2625.051,2628.565,2620.98,2623.009
1781920800,2026-06-20 02:00:00,2622.981,2623.401,2606.145,2609.148
1781924400,2026-06-20 03:00:00,2609.329,2609.56,2597.009,2601.601
1781928000,2026-06-20 04:00:00,2601.56,2603.342,2593.601,2595.756
1781931600,2026-06-20 05:00:00,2595.925,2597.048,2580.387,2584.667
1781935200,2026-06-20 06:00:00,2584.795,2589.432,2582.416,2582.462
1781938800,2026-06-20 07:00:00,2582.567,2584.428,2572.612,2573.568
1781942400,2026-06-20 08:00:00,2573.62,2576.049,2568.447,2568.869
1781946000,2026-06-20 09:00:00,2568.939,2579.248,2566.578,2566.578
1781949600,2026-06-20 10:00:00,2566.383,2567.156,2554.368,2559.093
1781953200,2026-06-20 11:00:00,2559.143,2570.495,2558.86,2569.961
1781956800,2026-06-20 12:00:00,2569.695,2583.185,2567.87,2581.808
1781960400,2026-06-20 13:00:00,2581.647,2582.122,2569.403,2574.636
1781964000,2026-06-20 14:00:00,2575.052,2580.362,2571.451,2577.421
1781967600,2026-06-20 15:00:00,2577.287,2584.705,2576.729,2583.629
1781971200,2026-06-20 16:00:00,2583.439,2589.762,2578.517,2585.743
1781974800,2026-06-20 17:00:00,2585.607,2597.649,2582.952,2591.189
1781978400,2026-06-20 18:00:00,2591.169,2603.141,2589.955,2602.348
1781982000,2026-06-20 19:00:00,2602.149,2608.6,2599.995,2604.084
1781985600,2026-06-20 20:00:00,2603.81,2612.076,2603.159,2608.192
1781989200,2026-06-20 21:00:00,2608.259,2616.193,2606.47,2609.942
1781992800,2026-06-20 22:00:00,2610.046,2615.204,2607.604,2614.031
1781996400,2026-06-20 23:00:00,2613.866,2614.568,2597.032,2599.022
1782000000,2026-06-21 00:00:00,2598.933,2609.403,2596.551,2608.705
1782003600,2026-06-21 01:00:00,2608.657,2609.339,2596.997,2600.243
1782007200,2026-06-21 02:00:00,2600.146,2601.816,2587.975,2588.288
1782010800,2026-06-21 03:00:00,2588.079,2596.118,2584.219,2594.676
1782014400,2026-06-21 04:00:00,2594.798,2600.31,2592.141,2596.463
1782018000,2026-06-21 05:00:00,2596.646,2600.693,2589.154,2590.262
1782021600,2026-06-21 06:00:00,2590.14,2591.298,2583.761,2590.862
1782025200,2026-06-21 07:00:00,2591.1,2591.1,2581.208,2581.265
1782028800,2026-06-21 08:00:00,2581.367,2584.326,2575.816,2581.92
1782032400,2026-06-21 09:00:00,2581.852,2600.281,2581.852,2596.823
1782036000,2026-06-21 10:00:00,2597.126,2601.024,2588.445,2591.655
1782039600,2026-06-21 11:00:00,2591.608,2607.441,2590.978,2603.292
1782043200,2026-06-21 12:00:00,2603.292,2608.52,2600.859,2606.223
1782046800,2026-06-21 13:00:00,2606.255,2621.257,2606.255,2618.975
1782050400,2026-06-21 14:00:00,2618.736,2629.556,2618.597,2621.477
1782054000,2026-06-21 15:00:00,2621.36,2625.678,2611.282,2612.103
1782057600,2026-06-21 16:00:00,2612.357,2614.372,2607.911,2613.375
1782061200,2026-06-21 17:00:00,2613.539,2616.36,2606.572,2609.638
1782064800,2026-06-21 18:00:00,2609.665,2620.504,2608.595,2617.89
1782068400,2026-06-21 19:00:00,2617.91,2622.806,2614.623,2620.176
1782072000,2026-06-21 20:00:00,2620.17,2627.718,2618.186,2627.718
1782075600,2026-06-21 21:00:00,2627.614,2627.618,2618.289,2618.383
1782079200,2026-06-21 22:00:00,2618.126,2620.144,2612.274,2615.221
1782082800,2026-06-21 23:00:00,2615.364,2616.923,2596.508,2599.024
1782086400,2026-06-22 00:00:00,2599.206,2613.07,2598.264,2612.451
1782090000,2026-06-22 01:00:00,2612.409,2612.904,2603.33,2607.664
1782093600,2026-06-22 02:00:00,2607.559,2612.037,2604.775,2606.826
1782097200,2026-06-22 03:00:00,2606.952,2606.952,2592.08,2593.448
1782100800,2026-06-22 04:00:00,2593.638,2594.691,2587.32,2592.841
1782104400,2026-06-22 05:00:00,2592.862,2593.385,2582.799,2588.086
1782108000,2026-06-22 06:00:00,2588.007,2596.214,2586.247,2595.006
1782111600,2026-06-22 07:00:00,2594.806,2599.455,2590.448,2590.946
1782115200,2026-06-22 08:00:00,2590.93,2596.839,2587.485,2588.908
1782118800,2026-06-22 09:00:00,2588.618,2589.103,2580.053,2587.705
1782122400,2026-06-22 10:00:00,2587.925,2589.449,2582.905,2583.724
1782126000,2026-06-22 11:00:00,2583.89,2585.812,2574.202,2575.231
1782129600,2026-06-22 12:00:00,2575.406,2576.408,2563.62,2564.809
1782133200,2026-06-22 13:00:00,2565.058,2580.201,2564.452,2578.012
1782136800,2026-06-22 14:00:00,2577.947,2585.212,2575,2582.183
1782140400,2026-06-22 15:00:00,2582.02,2586.704,2575.357,2584.322
1782144000,2026-06-22 16:00:00,2584.231,2588.031,2582.66,2587.011
1782147600,2026-06-22 17:00:00,2586.799,2595.746,2579.118,2593.903
1782151200,2026-06-22 18:00:00,2594.015,2597.745,2591.465,2596.949
1782154800,2026-06-22 19:00:00,2597.038,2601.745,2592.968,2597.51
1782158400,2026-06-22 20:00:00,2597.419,2603.133,2596.177,2598.767
1782162000,2026-06-22 21:00:00,2598.697,2600.122,2587.838,2590.506
1782165600,2026-06-22 22:00:00,2590.449,2601.821,2589.658,2595.893
1782169200,2026-06-22 23:00:00,2595.921,2601.616,2592.379,2598.701
1782172800,2026-06-23 00:00:00,2598.601,2602.52,2593.108,2595.664
1782176400,2026-06-23 01:00:00,2595.513,2598.253,2585.888,2589.225
1782180000,2026-06-23 02:00:00,2588.932,2595.507,2585.827,2587.987
1782183600,2026-06-23 03:00:00,2587.882,2587.882,2573.985,2574.395
1782187200,2026-06-23 04:00:00,2574.576,2583.202,2573.572,2577.106
1782190800,2026-06-23 05:00:00,2577.264,2581.329,2572.745,2577.741
1782194400,2026-06-23 06:00:00,2577.789,2586.36,2570.475,2584.973
1782198000,2026-06-23 07:00:00,2584.917,2589.611,2580.104,2587.06
1782201600,2026-06-23 08:00:00,2587.176,2593.363,2583.687,2588.034
1782205200,2026-06-23 09:00:00,2588.154,2594.199,2585.885,2586.238
1782208800,2026-06-23 10:00:00,2586.315,2588.087,2581.279,2582.132
1782212400,2026-06-23 11:00:00,2581.868,2584.18,2576.898,2577.836
1782216000,2026-06-23 12:00:00,2577.729,2585.174,2577.241,2583.716
1782219600,2026-06-23 13:00:00,2583.792,2583.792,2571.507,2582.877
1782223200,2026-06-23 14:00:00,2582.7,2587.265,2578.975,2586.537
1782226800,2026-06-23 15:00:00,2586.522,2596.332,2583.172,2594.542
1782230400,2026-06-23 16:00:00,2594.147,2603.981,2590.953,2599.008
1782234000,2026-06-23 17:00:00,2599.043,2602.74,2591.195,2592.449
1782237600,2026-06-23 18:00:00,2592.783,2605.614,2590.92,2599.495
1782241200,2026-06-23 19:00:00,2599.722,2606.124,2597.875,2603.397
1782244800,2026-06-23 20:00:00,2603.199,2603.644,2584.134,2588.276
1782248400,2026-06-23 21:00:00,2587.846,2590.436,2579.081,2579.926
1782252000,2026-06-23 22:00:00,2579.987,2590.761,2578.483,2589.158
1782255600,2026-06-23 23:00:00,2588.713,2596.521,2585.365,2587.172
1782259200,2026-06-24 00:00:00,2586.966,2593.881,2586.445,2592.129
1782262800,2026-06-24 01:00:00,2592.134,2607.543,2590.138,2604.229
1782266400,2026-06-24 02:00:00,2604.04,2605.754,2595.772,2596.07
1782270000,2026-06-24 03:00:00,2595.928,2598.636,2586.014,2593.697
1782273600,2026-06-24 04:00:00,2593.749,2593.749,2584.281,2585.195
1782277200,2026-06-24 05:00:00,2585.115,2593.518,2582.295,2590.624
1782280800,2026-06-24 06:00:00,2590.675,2594.741,2588.042,2594.029
1782284400,2026-06-24 07:00:00,2593.936,2595.616,2588.265,2590.528
1782288000,2026-06-24 08:00:00,2590.414,2591.416,2582.117,2585.754
1782291600,2026-06-24 09:00:00,2585.548,2590.299,2577.226,2581.283
1782295200,2026-06-24 10:00:00,2581.602,2583.288,2571.621,2571.747
1782298800,2026-06-24 11:00:00,2571.552,2580.908,2571.121,2578.346
1782302400,2026-06-24 12:00:00,2578.373,2587.277,2574.89,2585.864
1782306000,2026-06-24 13:00:00,2585.937,2586.69,2574.024,2578.02
1782309600,2026-06-24 14:00:00,2578.041,2583.144,2575.736,2577.128
1782313200,2026-06-24 15:00:00,2577.167,2582.864,2572.44,2574.973
1782316800,2026-06-24 16:00:00,2575.103,2579.119,2569.525,2573.177
1782320400,2026-06-24 17:00:00,2573.215,2576.763,2566.418,2566.802
1782324000,2026-06-24 18:00:00,2566.95,2577.104,2565.479,2568.955
1782327600,2026-06-24 19:00:00,2569.03,2570.816,2559.337,2564.446
1782331200,2026-06-24 20:00:00,2564.426,2574.49,2563.498,2572.603
1782334800,2026-06-24 21:00:00,2572.391,2579.15,2569.326,2570.528
1782338400,2026-06-24 22:00:00,2570.905,2580.863,2570.013,2573.625
1782342000,2026-06-24 23:00:00,2573.447,2576.293,2563.257,2564.139
1782345600,2026-06-25 00:00:00,2564.092,2568.058,2556.506,2557.406
1782349200,2026-06-25 01:00:00,2557.311,2561.977,2550.45,2557.985
1782352800,2026-06-25 02:00:00,2557.844,2578.838,2556.371,2577.808
1782356400,2026-06-25 03:00:00,2577.509,2585.275,2572.276,2584.062
1782360000,2026-06-25 04:00:00,2583.972,2585.793,2576.341,2585.619
1782363600,2026-06-25 05:00:00,2585.501,2593.476,2581.278,2589.74
1782367200,2026-06-25 06:00:00,2589.944,2594.342,2584.905,2589.101
1782370800,2026-06-25 07:00:00,2589.045,2592.088,2585.212,2588.829
1782374400,2026-06-25 08:00:00,2588.611,2590.105,2567.039,2567.317
1782378000,2026-06-25 09:00:00,2567.098,2574.409,2564.254,2569.127
1782381600,2026-06-25 10:00:00,2569.232,2573.206,2561.137,2564.384
1782385200,2026-06-25 11:00:00,2564.577,2569.741,2550.652,2556.002
1782388800,2026-06-25 12:00:00,2555.988,2570.215,2551.002,2563.553
1782392400,2026-06-25 13:00:00,2563.54,2568.67,2553.389,2554.136
1782396000,2026-06-25 14:00:00,2554.018,2560.161,2551.813,2556.976
1782399600,2026-06-25 15:00:00,2557.053,2569.128,2553.045,2564.656
1782403200,2026-06-25 16:00:00,2564.707,2566.169,2560.145,2561.296
1782406800,2026-06-25 17:00:00,2561.185,2568.305,2560.917,2564.521
1782410400,2026-06-25 18:00:00,2564.337,2567.042,2560.523,2562.699
1782414000,2026-06-25 19:00:00,2562.572,2573.202,2559.913,2571.38
1782417600,2026-06-25 20:00:00,2571.259,2578.454,2569.467,2571.953
1782421200,2026-06-25 21:00:00,2572.066,2572.989,2563.513,2572.989
1782424800,2026-06-25 22:00:00,2572.747,2579.05,2570.112,2570.652
1782428400,2026-06-25 23:00:00,2570.357,2582.334,2568.761,2580.308
1782432000,2026-06-26 00:00:00,2580.306,2582.206,2571.706,2576.2
1782435600,2026-06-26 01:00:00,2576.117,2577.412,2563.678,2564.609
1782439200,2026-06-26 02:00:00,2564.351,2572.564,2564.351,2569.311
1782442800,2026-06-26 03:00:00,2569.264,2577.745,2568.489,2577.391
1782446400,2026-06-26 04:00:00,2577.309,2582.989,2572.408,2572.729
1782450000,2026-06-26 05:00:00,2572.771,2573.718,2568.455,2571.562
1782453600,2026-06-26 06:00:00,2571.432,2574.584,2567.446,2573.672
1782457200,2026-06-26 07:00:00,2573.833,2574.127,2564.343,2567.318
1782460800,2026-06-26 08:00:00,2567.309,2567.309,2554.195,2556.901
1782464400,2026-06-26 09:00:00,2556.644,2570.552,2555.887,2561.009
1782468000,2026-06-26 10:00:00,2560.864,2572.037,2560.573,2566.707
1782471600,2026-06-26 11:00:00,2566.696,2575.699,2566.696,2575.046
1782475200,2026-06-26 12:00:00,2575.054,2576.363,2555.051,2556.022
1782478800,2026-06-26 13:00:00,2555.981,2561.703,2552.55,2557.312
1782482400,2026-06-26 14:00:00,2557.384,2563.134,2547.385,2547.71
1782486000,2026-06-26 15:00:00,2547.757,2555.45,2546.199,2554.904
1782489600,2026-06-26 16:00:00,2554.822,2556.11,2538.583,2538.864
1782493200,2026-06-26 17:00:00,2538.934,2554.046,2536.362,2554.046
1782496800,2026-06-26 18:00:00,2554.032,2558.191,2550.204,2556.255
1782500400,2026-06-26 19:00:00,2556.369,2562.622,2555.028,2560.61
1782504000,2026-06-26 20:00:00,2560.448,2563.594,2557.75,2559.787
1782507600,2026-06-26 21:00:00,2559.702,2570.088,2558.089,2566.385
1782511200,2026-06-26 22:00:00,2566.574,2572.978,2564.55,2564.686
1782514800,2026-06-26 23:00:00,2564.638,2565.045,2551.518,2551.518
1782518400,2026-06-27 00:00:00,2551.785,2555.239,2544.571,2546.216
1782522000,2026-06-27 01:00:00,2545.968,2551.828,2544.159,2547.102
1782525600,2026-06-27 02:00:00,2547.292,2549.842,2543.488,2547.899
1782529200,2026-06-27 03:00:00,2548.183,2557.524,2543.393,2555.466
1782532800,2026-06-27 04:00:00,2555.558,2561.794,2550.914,2553.693
1782536400,2026-06-27 05:00:00,2553.59,2554.194,2541.015,2541.015
1782540000,2026-06-27 06:00:00,2541.084,2551.977,2538.242,2548.408
1782543600,2026-06-27 07:00:00,2548.478,2549.041,2536.935,2541.984
1782547200,2026-06-27 08:00:00,2542.076,2546.771,2537.752,2539.556
1782550800,2026-06-27 09:00:00,2539.805,2547.58,2538.055,2542.253
1782554400,2026-06-27 10:00:00,2542.022,2546.673,2539.866,2541.746
1782558000,2026-06-27 11:00:00,2541.876,2543.929,2531.436,2532.887
1782561600,2026-06-27 12:00:00,2533.024,2534.174,2525.235,2533.309
1782565200,2026-06-27 13:00:00,2533.233,2546.614,2531.096,2543.463
1782568800,2026-06-27 14:00:00,2543.181,2545.414,2532.712,2532.712
1782572400,2026-06-27 15:00:00,2532.606,2533.419,2523.979,2527.108
1782576000,2026-06-27 16:00:00,2527.331,2543.234,2526.571,2541.281
1782579600,2026-06-27 17:00:00,2541.135,2544.037,2534.597,2541.298
1782583200,2026-06-27 18:00:00,2541.195,2555.422,2540.558,2555.422
1782586800,2026-06-27 19:00:00,2555.391,2556.283,2549.389,2553.508
1782590400,2026-06-27 20:00:00,2553.388,2556.777,2546.818,2547.521
1782594000,2026-06-27 21:00:00,2547.563,2550.051,2542.631,2548.448
1782597600,2026-06-27 22:00:00,2548.603,2550.505,2542.786,2543.81
1782601200,2026-06-27 23:00:00,2544.019,2554.67,2541.539,2552.537
1782604800,2026-06-28 00:00:00,2552.654,2552.661,2540.311,2546.082
1782608400,2026-06-28 01:00:00,2546.025,2553.947,2545.34,2550.597
1782612000,2026-06-28 02:00:00,2550.634,2553.124,2545.865,2546.897
1782615600,2026-06-28 03:00:00,2546.868,2559.821,2546.318,2557.652
1782619200,2026-06-28 04:00:00,2557.439,2561.629,2553.504,2559.817
1782622800,2026-06-28 05:00:00,2559.494,2572.743,2558.195,2567.145
1782626400,2026-06-28 06:00:00,2567.303,2574.573,2566.112,2571.776
1782630000,2026-06-28 07:00:00,2571.775,2574.322,2564.055,2572.4
1782633600,2026-06-28 08:00:00,2572.389,2585.231,2571.089,2580.216
1782637200,2026-06-28 09:00:00,2580.142,2582.791,2576.275,2577.739
1782640800,2026-06-28 10:00:00,2577.534,2583.699,2574.481,2578.193
1782644400,2026-06-28 11:00:00,2578.239,2579.492,2570.513,2573.587
1782648000,2026-06-28 12:00:00,2573.413,2575.281,2567.633,2574.561
1782651600,2026-06-28 13:00:00,2574.604,2584.677,2573.498,2581.655
1782655200,2026-06-28 14:00:00,2581.643,2583.269,2572.618,2577.355
1782658800,2026-06-28 15:00:00,2577.748,2589.775,2575.865,2588.105
1782662400,2026-06-28 16:00:00,2587.924,2595.328,2583.916,2583.942
1782666000,2026-06-28 17:00:00,2583.892,2587.128,2578.76,2584.719
1782669600,2026-06-28 18:00:00,2584.568,2585.063,2574.882,2577.625
1782673200,2026-06-28 19:00:00,2577.277,2582.005,2574.006,2580.721
1782676800,2026-06-28 20:00:00,2580.93,2587.933,2576.819,2586.503
1782680400,2026-06-28 21:00:00,2586.774,2592.697,2576.702,2578.959
1782684000,2026-06-28 22:00:00,2578.901,2579.59,2568.506,2572.726
1782687600,2026-06-28 23:00:00,2572.72,2574.185,2564.501,2570.825
1782691200,2026-06-29 00:00:00,2571.108,2571.441,2561.415,2569.842
1782694800,2026-06-29 01:00:00,2569.812,2572.585,2563.909,2565.355
1782698400,2026-06-29 02:00:00,2565.53,2570.591,2557.319,2559.447
1782702000,2026-06-29 03:00:00,2559.409,2560.45,2551.602,2558.933
1782705600,2026-06-29 04:00:00,2559.102,2560.396,2552.354,2554.44
1782709200,2026-06-29 05:00:00,2554.391,2575.132,2552.57,2573.978
1782712800,2026-06-29 06:00:00,2574.016,2580.26,2573.002,2580.091
1782716400,2026-06-29 07:00:00,2580.33,2593.247,2576.746,2586.722
1782720000,2026-06-29 08:00:00,2586.851,2601.912,2583.867,2599.587
1782723600,2026-06-29 09:00:00,2599.435,2600.666,2587.903,2590.953
1782727200,2026-06-29 10:00:00,2590.86,2609.406,2590.86,2609.26
1782730800,2026-06-29 11:00:00,2609.44,2610.236,2599.824,2604.029
1782734400,2026-06-29 12:00:00,2604.127,2606.836,2598.055,2601.724
1782738000,2026-06-29 13:00:00,2601.769,2612.702,2599.564,2611.553
1782741600,2026-06-29 14:00:00,2611.544,2614.993,2605.957,2614.458
1782745200,2026-06-29 15:00:00,2614.432,2624.102,2613.578,2622.293
1782748800,2026-06-29 16:00:00,2622.133,2633.435,2619.728,2629.928
1782752400,2026-06-29 17:00:00,2629.752,2644.912,2628.766,2644.912
1782756000,2026-06-29 18:00:00,2644.645,2647.897,2642.452,2645.567
1782759600,2026-06-29 19:00:00,2645.687,2658.86,2644.038,2653.896
1782763200,2026-06-29 20:00:00,2653.705,2662.042,2649.394,2658
1782766800,2026-06-29 21:00:00,2658.133,2669.969,2655.343,2669.074
1782770400,2026-06-29 22:00:00,2669.273,2675.654,2664.609,2666.595
1782774000,2026-06-29 23:00:00,2666.598,2668.777,2658.816,2665.485
1782777600,2026-06-30 00:00:00,2665.619,2676.289,2665.041,2667.464
1782781200,2026-06-30 01:00:00,2667.274,2673.318,2663.87,2664.756
1782784800,2026-06-30 02:00:00,2664.917,2673.627,2664.554,2669.542
1782788400,2026-06-30 03:00:00,2669.384,2671.011,2648.911,2650.588
1782792000,2026-06-30 04:00:00,2650.321,2654.947,2637.724,2638.364
1782795600,2026-06-30 05:00:00,2637.965,2646.036,2633.667,2639.59
1782799200,2026-06-30 06:00:00,2639.233,2639.393,2629.645,2635.338
1782802800,2026-06-30 07:00:00,2635.25,2638.754,2629.495,2637.117
1782806400,2026-06-30 08:00:00,2637.11,2646.284,2635.359,2645.233
1782810000,2026-06-30 09:00:00,2645.009,2660.547,2643.874,2658.326
1782813600,2026-06-30 10:00:00,2658.043,2660.285,2649.63,2654.905
1782817200,2026-06-30 11:00:00,2654.66,2671.36,2649.334,2671.36
1782820800,2026-06-30 12:00:00,2671.518,2681.043,2669.192,2679.69
1782824400,2026-06-30 13:00:00,2679.672,2680.44,2671.23,2673.953
1782828000,2026-06-30 14:00:00,2674.035,2679.1,2672.403,2676.401
1782831600,2026-06-30 15:00:00,2676.324,2681.246,2673.593,2674.988
1782835200,2026-06-30 16:00:00,2675.059,2692.36,2672.085,2686.759
1782838800,2026-06-30 17:00:00,2686.827,2689.338,2683.398,2685.068
1782842400,2026-06-30 18:00:00,2684.918,2685.281,2674.225,2678.248
1782846000,2026-06-30 19:00:00,2678.442,2682.231,2676.696,2677.711
1782849600,2026-06-30 20:00:00,2677.926,2682.596,2673.725,2679.072
1782853200,2026-06-30 21:00:00,2679.269,2684.116,2676.261,2681.735
1782856800,2026-06-30 22:00:00,2681.667,2681.906,2669.715,2674.983
1782860400,2026-06-30 23:00:00,2674.844,2677.371,2664.791,2667.909
1782864000,2026-07-01 00:00:00,2668.093,2678.185,2664.655,2677.312
1782867600,2026-07-01 01:00:00,2677.1,2680.616,2665.977,2668.809
1782871200,2026-07-01 02:00:00,2668.966,2670.89,2657.328,2657.574
1782874800,2026-07-01 03:00:00,2657.589,2662.667,2652.246,2660.661
1782878400,2026-07-01 04:00:00,2660.352,2676.879,2657.916,2672.457
1782882000,2026-07-01 05:00:00,2672.673,2678.711,2666.754,2676.677
1782885600,2026-07-01 06:00:00,2676.887,2684.177,2675.499,2677.304
1782889200,2026-07-01 07:00:00,2677.24,2685.111,2677.232,2681.702
1782892800,2026-07-01 08:00:00,2681.602,2683.24,2673.987,2675.962
1782896400,2026-07-01 09:00:00,2675.819,2689.012,2675.064,2686.742
1782900000,2026-07-01 10:00:00,2687.06,2691.868,2685.566,2690.21
1782903600,2026-07-01 11:00:00,2690.236,2694.033,2684.001,2687.095
1782907200,2026-07-01 12:00:00,2687.268,2689.628,2677.972,2684.414
1782910800,2026-07-01 13:00:00,2684.722,2696.05,2684.446,2695.59
1782914400,2026-07-01 14:00:00,2695.486,2696.854,2689.523,2694.773
1782918000,2026-07-01 15:00:00,2694.61,2697.443,2690.185,2693.172
1782921600,2026-07-01 16:00:00,2693.228,2702.4,2689.025,2700.337
1782925200,2026-07-01 17:00:00,2700.486,2703.452,2695.941,2699.13
1782928800,2026-07-01 18:00:00,2699.115,2710.146,2697.169,2707.905
1782932400,2026-07-01 19:00:00,2707.697,2717.906,2701.959,2717.033
1782936000,2026-07-01 20:00:00,2716.915,2726.415,2716.152,2722.382
1782939600,2026-07-01 21:00:00,2722.229,2725.341,2716.806,2716.806
1782943200,2026-07-01 22:00:00,2716.742,2724.09,2711.483,2721.726
1782946800,2026-07-01 23:00:00,2721.801,2725.682,2711.383,2715.709
1782950400,2026-07-02 00:00:00,2715.698,2717.505,2709.814,2712.137
1782954000,2026-07-02 01:00:00,2712.573,2712.913,2706.529,2707.244
1782957600,2026-07-02 02:00:00,2707.368,2708.629,2699.789,2705.299
1782961200,2026-07-02 03:00:00,2705.177,2720.652,2704.064,2713.461
1782964800,2026-07-02 04:00:00,2713.227,2726.391,2713.22,2726.176
1782968400,2026-07-02 05:00:00,2726.243,2731.397,2717.422,2726.591
1782972000,2026-07-02 06:00:00,2726.517,2732.24,2724.582,2727.069
1782975600,2026-07-02 07:00:00,2727.102,2729.565,2719.837,2722.172
1782979200,2026-07-02 08:00:00,2722.356,2731.514,2720.977,2724.788
1782982800,2026-07-02 09:00:00,2724.88,2736.954,2724.616,2734.307
1782986400,2026-07-02 10:00:00,2734.479,2739.146,2731.33,2735.992
1782990000,2026-07-02 11:00:00,2735.989,2744.42,2732.788,2741.671
1782993600,2026-07-02 12:00:00,2741.87,2742.234,2729.38,2730.781
1782997200,2026-07-02 13:00:00,2730.961,2731.5,2718.066,2719.287
1783000800,2026-07-02 14:00:00,2719.427,2728.022,2718.637,2726.484
1783004400,2026-07-02 15:00:00,2726.398,2729.22,2709.558,2710.807
1783008000,2026-07-02 16:00:00,2710.824,2720.745,2709.598,2717.967
1783011600,2026-07-02 17:00:00,2717.883,2720.582,2709.924,2713.329
1783015200,2026-07-02 18:00:00,2713.55,2730.168,2712.927,2730.15
1783018800,2026-07-02 19:00:00,2730.315,2746.044,2729.532,2739.309
1783022400,2026-07-02 20:00:00,2739.39,2747.052,2737.205,2744.311
1783026000,2026-07-02 21:00:00,2744.466,2758.846,2744.24,2752.954
1783029600,2026-07-02 22:00:00,2753.063,2753.404,2740.511,2748.699
1783033200,2026-07-02 23:00:00,2748.59,2750.949,2741.91,2744.932
1783036800,2026-07-03 00:00:00,2744.777,2746.86,2738.46,2746.048
1783040400,2026-07-03 01:00:00,2745.787,2750.719,2742.058,2748.776
1783044000,2026-07-03 02:00:00,2748.982,2750.061,2739.79,2746.541
1783047600,2026-07-03 03:00:00,2746.479,2751.709,2744.072,2748.796
1783051200,2026-07-03 04:00:00,2748.58,2758.474,2747.314,2757.588
1783054800,2026-07-03 05:00:00,2757.454,2759.472,2746.883,2747.759
1783058400,2026-07-03 06:00:00,2748.119,2748.67,2739.3,2739.333
1783062000,2026-07-03 07:00:00,2739.202,2740.075,2726.264,2727.184
1783065600,2026-07-03 08:00:00,2727.126,2727.604,2717.927,2720.444
1783069200,2026-07-03 09:00:00,2720.53,2731.697,2718.857,2729.585
1783072800,2026-07-03 10:00:00,2729.372,2740.968,2726.37,2735.791
1783076400,2026-07-03 11:00:00,2735.976,2742.914,2734.628,2741.259
1783080000,2026-07-03 12:00:00,2741.586,2742.923,2734.543,2736.108
1783083600,2026-07-03 13:00:00,2736.113,2742.139,2733.886,2740.525
1783087200,2026-07-03 14:00:00,2740.583,2741.963,2733.621,2736.318
1783090800,2026-07-03 15:00:00,2736.466,2737.119,2723.055,2726.799
1783094400,2026-07-03 16:00:00,2727.133,2734.681,2726.308,2732.535
1783098000,2026-07-03 17:00:00,2732.449,2733.853,2726.396,2731.91
1783101600,2026-07-03 18:00:00,2731.553,2739.87,2730.144,2733.059
1783105200,2026-07-03 19:00:00,2732.994,2747.83,2732.516,2746.331
1783108800,2026-07-03 20:00:00,2746.678,2764.839,2745.933,2760.849
1783112400,2026-07-03 21:00:00,2760.953,2770.996,2756.58,2767.365
1783116000,2026-07-03 22:00:00,2767.528,2770.574,2762.373,2766.452
1783119600,2026-07-03 23:00:00,2766.641,2771.835,2765.514,2769.155
1783123200,2026-07-04 00:00:00,2769.17,2770.5,2758.224,2759.405
1783126800,2026-07-04 01:00:00,2759.299,2766.294,2751.349,2752.08
1783130400,2026-07-04 02:00:00,2752.049,2752.049,2735.06,2737.595
1783134000,2026-07-04 03:00:00,2737.47,2745.181,2736.824,2743.513
1783137600,2026-07-04 04:00:00,2743.714,2746.708,2738.906,2742.602
1783141200,2026-07-04 05:00:00,2742.777,2744.967,2728.229,2728.966
1783144800,2026-07-04 06:00:00,2728.905,2739.736,2722.188,2723.541
1783148400,2026-07-04 07:00:00,2723.405,2732.211,2720.447,2726.944
1783152000,2026-07-04 08:00:00,2727.182,2729.121,2715.543,2728.689
1783155600,2026-07-04 09:00:00,2728.949,2744.314,2727.595,2739.969
1783159200,2026-07-04 10:00:00,2740.228,2750.924,2736.382,2749.642
1783162800,2026-07-04 11:00:00,2749.617,2758.851,2746.527,2754.826
1783166400,2026-07-04 12:00:00,2754.727,2757.659,2744.75,2747.369
1783170000,2026-07-04 13:00:00,2747.265,2754.797,2746.301,2751.194
1783173600,2026-07-04 14:00:00,2750.93,2754.302,2740.53,2745.578
1783177200,2026-07-04 15:00:00,2745.666,2751.897,2739.901,2750.255
1783180800,2026-07-04 16:00:00,2750.301,2751.679,2744.441,2749.969
1783184400,2026-07-04 17:00:00,2750.052,2752.503,2739.593,2741.681
1783188000,2026-07-04 18:00:00,2741.82,2743.424,2736.171,2743.245
1783191600,2026-07-04 19:00:00,2743.246,2747.489,2734.691,2739.153
1783195200,2026-07-04 20:00:00,2739.353,2739.963,2727.886,2735.495
1783198800,2026-07-04 21:00:00,2735.607,2742.211,2732.633,2735.108
1783202400,2026-07-04 22:00:00,2734.893,2737.153,2724.957,2724.957
1783206000,2026-07-04 23:00:00,2724.985,2732.61,2724.362,2732.469
1783209600,2026-07-05 00:00:00,2732.557,2746.368,2731.422,2739.814
1783213200,2026-07-05 01:00:00,2739.686,2753.84,2735.938,2750.072
1783216800,2026-07-05 02:00:00,2750.006,2757.618,2748.96,2754.033
1783220400,2026-07-05 03:00:00,2754,2755.244,2738.999,2741.505
1783224000,2026-07-05 04:00:00,2741.411,2746.964,2735.679,2737.795
1783227600,2026-07-05 05:00:00,2738.006,2745.008,2736.388,2739.313
1783231200,2026-07-05 06:00:00,2739.544,2745.779,2736.055,2743.534
1783234800,2026-07-05 07:00:00,2743.435,2745.993,2735.179,2742.7
1783238400,2026-07-05 08:00:00,2742.672,2749.887,2736.239,2736.239
1783242000,2026-07-05 09:00:00,2735.99,2741.129,2732.812,2737.676
1783245600,2026-07-05 10:00:00,2737.63,2740.166,2730.917,2734.845
1783249200,2026-07-05 11:00:00,2734.741,2737.177,2725.269,2737.177
1783252800,2026-07-05 12:00:00,2737.324,2741.407,2727.951,2728.145
1783256400,2026-07-05 13:00:00,2728.143,2733.594,2725.983,2730.547
1783260000,2026-07-05 14:00:00,2730.628,2732.185,2723.063,2728.106
1783263600,2026-07-05 15:00:00,2728.34,2728.678,2719.222,2723.977
1783267200,2026-07-05 16:00:00,2723.877,2729.677,2720.292,2727.46
1783270800,2026-07-05 17:00:00,2727.393,2730.344,2721.957,2723.29
1783274400,2026-07-05 18:00:00,2723.416,2731.436,2720.688,2729.676
1783278000,2026-07-05 19:00:00,2729.657,2735.931,2725.088,2733.757
1783281600,2026-07-05 20:00:00,2733.622,2743.176,2733.163,2735.653
1783285200,2026-07-05 21:00:00,2735.693,2747.32,2730.229,2744.977
1783288800,2026-07-05 22:00:00,2745.128,2756.103,2743.945,2748.064
1783292400,2026-07-05 23:00:00,2747.68,2751.172,2741.47,2745.904
1783296000,2026-07-06 00:00:00,2745.958,2747.318,2735.607,2736.422
1783299600,2026-07-06 01:00:00,2736.393,2739.418,2732.498,2735.341
1783303200,2026-07-06 02:00:00,2735.432,2740.936,2732.881,2739.538
1783306800,2026-07-06 03:00:00,2739.68,2741.796,2734.423,2737.901
1783310400,2026-07-06 04:00:00,2737.828,2737.964,2728.003,2729.814
1783314000,2026-07-06 05:00:00,2729.817,2748.528,2729.769,2745.896
1783317600,2026-07-06 06:00:00,2745.623,2756.908,2745.623,2751.432
1783321200,2026-07-06 07:00:00,2751.563,2758.206,2742.833,2744.144
1783324800,2026-07-06 08:00:00,2744.005,2746.571,2735.52,2735.786
1783328400,2026-07-06 09:00:00,2735.687,2740.645,2733.186,2737.358
1783332000,2026-07-06 10:00:00,2737.406,2739.961,2732.88,2734.362
1783335600,2026-07-06 11:00:00,2734.414,2735.574,2729.604,2732.711
1783339200,2026-07-06 12:00:00,2732.98,2738.849,2730.266,2738.182
1783342800,2026-07-06 13:00:00,2738.237,2743.62,2734.131,2741.699
1783346400,2026-07-06 14:00:00,2741.712,2758.466,2741.178,2749.496
1783350000,2026-07-06 15:00:00,2749.391,2754.089,2744.812,2750.183
1783353600,2026-07-06 16:00:00,2750.538,2757.279,2746.58,2753.855
1783357200,2026-07-06 17:00:00,2753.914,2756.998,2749.579,2752.214
1783360800,2026-07-06 18:00:00,2752.082,2757.042,2748.529,2754.209
1783364400,2026-07-06 19:00:00,2754.194,2758.237,2748.404,2749.202
1783368000,2026-07-06 20:00:00,2749.137,2759.005,2744.972,2747.654
1783371600,2026-07-06 21:00:00,2747.66,2756.039,2742.911,2755.512
1783375200,2026-07-06 22:00:00,2755.432,2764.515,2753.874,2761.667
1783378800,2026-07-06 23:00:00,2761.543,2774.723,2761.542,2773.294
1783382400,2026-07-07 00:00:00,2773.354,2785.95,2770.564,2785.386
1783386000,2026-07-07 01:00:00,2785.535,2785.535,2778.324,2782.149
1783389600,2026-07-07 02:00:00,2781.943,2786.617,2779.11,2783.927
1783393200,2026-07-07 03:00:00,2783.815,2786.094,2779.846,2783.054
1783396800,2026-07-07 04:00:00,2783.41,2792.11,2780.98,2792.02
1783400400,2026-07-07 05:00:00,2791.94,2800.132,2788.857,2796.807
1783404000,2026-07-07 06:00:00,2796.509,2800.222,2791.578,2795.566
1783407600,2026-07-07 07:00:00,2795.501,2797.144,2789.72,2792.369
1783411200,2026-07-07 08:00:00,2792.404,2795.084,2772.942,2774.237
1783414800,2026-07-07 09:00:00,2774.468,2779.755,2769.585,2769.85
1783418400,2026-07-07 10:00:00,2770.003,2777.409,2765.561,2769.774
1783422000,2026-07-07 11:00:00,2770.123,2781.848,2769.974,2777.89
1783425600,2026-07-07 12:00:00,2777.855,2782.465,2772.551,2781.646
1783429200,2026-07-07 13:00:00,2781.757,2786.362,2778.615,2779.314
1783432800,2026-07-07 14:00:00,2779.411,2781.637,2770.363,2773.27
1783436400,2026-07-07 15:00:00,2773.363,2774.98,2768.098,2773.166
1783440000,2026-07-07 16:00:00,2773.207,2776.816,2767.496,2773.907
1783443600,2026-07-07 17:00:00,2773.89,2790.398,2772.392,2788.551
1783447200,2026-07-07 18:00:00,2788.483,2791.387,2784.848,2785.753
1783450800,2026-07-07 19:00:00,2785.913,2793.507,2783.714,2783.988
1783454400,2026-07-07 20:00:00,2783.746,2784.444,2771.596,2772.415
1783458000,2026-07-07 21:00:00,2772.443,2774.197,2765.823,2770.29
1783461600,2026-07-07 22:00:00,2770.232,2770.932,2758.098,2761.696
1783465200,2026-07-07 23:00:00,2761.835,2762.61,2753.573,2754.291
1783468800,2026-07-08 00:00:00,2754.168,2774.41,2754.026,2770.188
1783472400,2026-07-08 01:00:00,2770.204,2774.044,2763.962,2765.209
1783476000,2026-07-08 02:00:00,2765.19,2769.022,2761.666,2763.083
1783479600,2026-07-08 03:00:00,2762.944,2776.371,2761.78,2776.155
1783483200,2026-07-08 04:00:00,2776.139,2788.32,2773.739,2787.658
1783486800,2026-07-08 05:00:00,2787.615,2802.481,2787.334,2799.467
1783490400,2026-07-08 06:00:00,2799.781,2803.675,2795.284,2797.739
1783494000,2026-07-08 07:00:00,2797.549,2813.965,2796.698,2807.447
1783497600,2026-07-08 08:00:00,2807.436,2817.763,2804.002,2817.347
1783501200,2026-07-08 09:00:00,2817.817,2818.468,2812.173,2814.757
1783504800,2026-07-08 10:00:00,2814.769,2816.845,2807.843,2815.778
1783508400,2026-07-08 11:00:00,2815.669,2817.553,2805.655,2817.553
1783512000,2026-07-08 12:00:00,2817.522,2817.522,2801.552,2802.773
1783515600,2026-07-08 13:00:00,2802.838,2813.357,2802.641,2804.075
1783519200,2026-07-08 14:00:00,2804.187,2808.266,2799.088,2800.484
1783522800,2026-07-08 15:00:00,2800.269,2803.081,2796.907,2799.23
1783526400,2026-07-08 16:00:00,2799.351,2805.874,2789.25,2795.037
1783530000,2026-07-08 17:00:00,2795.051,2815.704,2794.29,2814.71
1783533600,2026-07-08 18:00:00,2814.646,2816.55,2801.281,2806.856
1783537200,2026-07-08 19:00:00,2806.743,2811.201,2804.37,2805.267
1783540800,2026-07-08 20:00:00,2805.334,2811.308,2804.485,2810.516
1783544400,2026-07-08 21:00:00,2810.487,2815.53,2805.376,2807.272
1783548000,2026-07-08 22:00:00,2807.102,2811.689,2799.444,2810.167
1783551600,2026-07-08 23:00:00,2810.151,2823.9,2806.894,2821.658
1783555200,2026-07-09 00:00:00,2821.81,2832.895,2820.711,2828.491
1783558800,2026-07-09 01:00:00,2828.296,2829.347,2814.037,2816.863
1783562400,2026-07-09 02:00:00,2816.61,2819.21,2808.516,2809.037
1783566000,2026-07-09 03:00:00,2809.096,2809.924,2790.867,2797.375
1783569600,2026-07-09 04:00:00,2797.472,2798.921,2788.982,2793.074
1783573200,2026-07-09 05:00:00,2793.046,2796.844,2783.875,2791.489
1783576800,2026-07-09 06:00:00,2791.687,2792.358,2782.442,2784.41
1783580400,2026-07-09 07:00:00,2784.369,2787.353,2774.256,2774.886
1783584000,2026-07-09 08:00:00,2774.878,2780,2771.253,2778.287
1783587600,2026-07-09 09:00:00,2778.013,2779.344,2772.238,2775.086
1783591200,2026-07-09 10:00:00,2775.331,2780.275,2771.024,2772.537
1783594800,2026-07-09 11:00:00,2772.828,2779.162,2770.935,2774.417
1783598400,2026-07-09 12:00:00,2774.353,2792.403,2774.353,2792.198
1783602000,2026-07-09 13:00:00,2792.383,2792.529,2783.267,2789.752
1783605600,2026-07-09 14:00:00,2789.572,2798.896,2789.372,2798.132
1783609200,2026-07-09 15:00:00,2797.952,2805.409,2793.653,2801.176
1783612800,2026-07-09 16:00:00,2801.194,2802.222,2790.117,2798.873
1783616400,2026-07-09 17:00:00,2799.14,2801.167,2783.79,2784.807
1783620000,2026-07-09 18:00:00,2784.817,2788.412,2780.715,2781.257
1783623600,2026-07-09 19:00:00,2781.309,2787.364,2780.762,2784.802
1783627200,2026-07-09 20:00:00,2784.767,2786.629,2779.94,2780.74
1783630800,2026-07-09 21:00:00,2780.708,2782.145,2771.446,2774.791
1783634400,2026-07-09 22:00:00,2774.789,2777.341,2770.421,2773.46
1783638000,2026-07-09 23:00:00,2773.744,2776.049,2771.424,2773.09
1783641600,2026-07-10 00:00:00,2772.631,2777.687,2768.26,2776.784
1783645200,2026-07-10 01:00:00,2776.887,2778.156,2761.504,2765.098
1783648800,2026-07-10 02:00:00,2765.233,2766.224,2741.855,2743.77
1783652400,2026-07-10 03:00:00,2743.917,2752.614,2742.745,2745.581
1783656000,2026-07-10 04:00:00,2745.824,2757.161,2741.681,2741.809
1783659600,2026-07-10 05:00:00,2741.989,2743.099,2729.284,2730.926
1783663200,2026-07-10 06:00:00,2731.087,2731.411,2723.281,2726.675
1783666800,2026-07-10 07:00:00,2726.596,2731.439,2719.007,2719.285
1783670400,2026-07-10 08:00:00,2718.998,2727.994,2716.846,2725.054
1783674000,2026-07-10 09:00:00,2724.835,2733.12,2721.994,2729.236
1783677600,2026-07-10 10:00:00,2728.863,2730.667,2720.107,2723.347
1783681200,2026-07-10 11:00:00,2723.184,2723.669,2708.043,2710.781
1783684800,2026-07-10 12:00:00,2710.766,2713.379,2706.142,2710.082
1783688400,2026-07-10 13:00:00,2710.043,2715.084,2705.144,2705.769
1783692000,2026-07-10 14:00:00,2705.768,2706.962,2693.132,2696.601
1783695600,2026-07-10 15:00:00,2696.599,2696.752,2684.854,2692.241
1783699200,2026-07-10 16:00:00,2692.104,2699.76,2691.426,2692.952
1783702800,2026-07-10 17:00:00,2693.129,2695.97,2686.98,2688.588
1783706400,2026-07-10 18:00:00,2688.37,2698.743,2686.849,2691.984
1783710000,2026-07-10 19:00:00,2692.091,2696.995,2689.339,2690.243
1783713600,2026-07-10 20:00:00,2690.062,2691.811,2676.321,2680.238
1783717200,2026-07-10 21:00:00,2680.058,2683.444,2673.559,2675.178
1783720800,2026-07-10 22:00:00,2675.242,2676.841,2664.92,2664.996
1783724400,2026-07-10 23:00:00,2665.149,2668.542,2657.617,2662.09
1783728000,2026-07-11 00:00:00,2661.883,2678.287,2661.493,2669.641
1783731600,2026-07-11 01:00:00,2669.613,2672.307,2657.672,2662.547
1783735200,2026-07-11 02:00:00,2662.563,2663.845,2648.261,2648.524
1783738800,2026-07-11 03:00:00,2648.39,2657,2642.311,2644.602
1783742400,2026-07-11 04:00:00,2644.61,2650.026,2640.573,2642.639
1783746000,2026-07-11 05:00:00,2642.485,2643.026,2629.426,2631.159
1783749600,2026-07-11 06:00:00,2631.333,2637.863,2627.216,2637.266
1783753200,2026-07-11 07:00:00,2637.028,2640.822,2634.692,2637.502
1783756800,2026-07-11 08:00:00,2637.772,2644.343,2636.136,2640.532
1783760400,2026-07-11 09:00:00,2640.421,2642.23,2628.617,2630.395
1783764000,2026-07-11 10:00:00,2630.308,2637.263,2626.268,2635.034
1783767600,2026-07-11 11:00:00,2635.078,2639.45,2631.222,2631.801
1783771200,2026-07-11 12:00:00,2631.736,2638.533,2625.715,2638.285
1783774800,2026-07-11 13:00:00,2638.318,2639.421,2623.953,2625.328
1783778400,2026-07-11 14:00:00,2625.11,2633.425,2623.151,2632.832
1783782000,2026-07-11 15:00:00,2632.8,2638.901,2628.104,2636.786
1783785600,2026-07-11 16:00:00,2636.602,2652.212,2634.911,2647.479
1783789200,2026-07-11 17:00:00,2647.429,2649.53,2639.907,2647.511
1783792800,2026-07-11 18:00:00,2647.451,2650.955,2642.84,2647.985
1783796400,2026-07-11 19:00:00,2648.047,2655.54,2645.52,2654.499
1783800000,2026-07-11 20:00:00,2654.4,2669.637,2652.929,2666.695
1783803600,2026-07-11 21:00:00,2666.621,2668.597,2660.719,2666.693
1783807200,2026-07-11 22:00:00,2666.722,2673.167,2661.32,2673.167
1783810800,2026-07-11 23:00:00,2673.136,2692.365,2672.13,2686.202
1783814400,2026-07-12 00:00:00,2686.276,2692.786,2679.575,2680.325
1783818000,2026-07-12 01:00:00,2680.264,2686.428,2676.555,2676.937
1783821600,2026-07-12 02:00:00,2676.909,2677.925,2671.903,2672.969
1783825200,2026-07-12 03:00:00,2672.574,2680.027,2667.879,2678.247
1783828800,2026-07-12 04:00:00,2678.401,2684.002,2676.197,2681.921
1783832400,2026-07-12 05:00:00,2681.754,2681.905,2669.519,2672.129
1783836000,2026-07-12 06:00:00,2671.865,2681.243,2669.625,2678.948
1783839600,2026-07-12 07:00:00,2679.501,2683.394,2668.02,2670.681
1783843200,2026-07-12 08:00:00,2670.717,2678.695,2668.913,2675.686
1783846800,2026-07-12 09:00:00,2675.781,2684.784,2672.511,2680.971
1783850400,2026-07-12 10:00:00,2680.56,2684.725,2676.397,2679.494
1783854000,2026-07-12 11:00:00,2679.392,2684.699,2676.33,2678.113
1783857600,2026-07-12 12:00:00,2678.063,2682.493,2676.885,2680.908
1783861200,2026-07-12 13:00:00,2681.031,2688.688,2679.715,2688.358
1783864800,2026-07-12 14:00:00,2688.168,2688.869,2678.68,2681.138
1783868400,2026-07-12 15:00:00,2680.896,2696.344,2679.548,2684.248
1783872000,2026-07-12 16:00:00,2684.193,2693.889,2682.198,2687.946
1783875600,2026-07-12 17:00:00,2687.854,2698.134,2687.12,2696.143
1783879200,2026-07-12 18:00:00,2696.079,2705.885,2696.079,2705.598
1783882800,2026-07-12 19:00:00,2705.858,2712.085,2701.874,2705.008
1783886400,2026-07-12 20:00:00,2705.201,2715.664,2705.201,2711.999
1783890000,2026-07-12 21:00:00,2712.172,2720.22,2709.575,2719.544
1783893600,2026-07-12 22:00:00,2719.63,2729.711,2718.008,2718.024
1783897200,2026-07-12 23:00:00,2718.363,2719.026,2706.345,2707.151
1783900800,2026-07-13 00:00:00,2707.256,2711.952,2696.846,2706.977
1783904400,2026-07-13 01:00:00,2706.926,2712.383,2703.51,2704.074
1783908000,2026-07-13 02:00:00,2704.198,2710.41,2701.283,2708.888
1783911600,2026-07-13 03:00:00,2709.039,2724.478,2704.44,2723.971
1783915200,2026-07-13 04:00:00,2723.753,2736.53,2723.075,2732.015
1783918800,2026-07-13 05:00:00,2731.926,2741.298,2726.919,2740.061
1783922400,2026-07-13 06:00:00,2740.164,2741.186,2733.896,2734.127
1783926000,2026-07-13 07:00:00,2734.027,2749.211,2733.383,2739.559
1783929600,2026-07-13 08:00:00,2739.553,2741.99,2730.461,2731.88
1783933200,2026-07-13 09:00:00,2731.83,2737.931,2727.855,2727.855
1783936800,2026-07-13 10:00:00,2727.774,2733.453,2724.195,2731.924
1783940400,2026-07-13 11:00:00,2731.706,2734.222,2719.231,2723.209
1783944000,2026-07-13 12:00:00,2723.226,2729.182,2722.373,2725.98
1783947600,2026-07-13 13:00:00,2726.008,2732.467,2720.281,2722.87
1783951200,2026-07-13 14:00:00,2723.079,2726.238,2717.906,2718.865
1783954800,2026-07-13 15:00:00,2718.805,2723.898,2714.826,2720.859
1783958400,2026-07-13 16:00:00,2720.506,2727.648,2719.473,2721.668
1783962000,2026-07-13 17:00:00,2722.051,2727.298,2716.479,2726.758
1783965600,2026-07-13 18:00:00,2726.915,2736.446,2726.116,2731.101
1783969200,2026-07-13 19:00:00,2731.012,2734.902,2724.958,2724.958
1783972800,2026-07-13 20:00:00,2724.662,2726.99,2718.514,2721.591
1783976400,2026-07-13 21:00:00,2721.646,2723.441,2709.871,2712.236
1783980000,2026-07-13 22:00:00,2712.191,2719.849,2708.893,2714.583
1783983600,2026-07-13 23:00:00,2714.496,2715.068,2705.075,2707.171
1783987200,2026-07-14 00:00:00,2707.498,2710.793,2699.941,2704.285
1783990800,2026-07-14 01:00:00,2704.203,2705.952,2698.373,2699.864
1783994400,2026-07-14 02:00:00,2699.764,2704.115,2693.818,2697.18
1783998000,2026-07-14 03:00:00,2697.444,2700.768,2694.332,2694.93
1784001600,2026-07-14 04:00:00,2694.724,2697.023,2680.389,2681.238
1784005200,2026-07-14 05:00:00,2681.309,2695.405,2679.183,2692.24
1784008800,2026-07-14 06:00:00,2691.866,2709.177,2691.866,2704.434
1784012400,2026-07-14 07:00:00,2704.17,2706.644,2694.361,2697.406
1784016000,2026-07-14 08:00:00,2697.347,2704.647,2693.157,2704.631
1784019600,2026-07-14 09:00:00,2704.584,2711.13,2701.114,2704.687
1784023200,2026-07-14 10:00:00,2704.604,2709.958,2698.674,2702.58
1784026800,2026-07-14 11:00:00,2702.648,2708.809,2696.761,2698.909
1784030400,2026-07-14 12:00:00,2699.02,2707.636,2693.586,2705.456
1784034000,2026-07-14 13:00:00,2705.644,2706.547,2689.96,2690.32
1784037600,2026-07-14 14:00:00,2690.256,2690.256,2676.35,2680.002
1784041200,2026-07-14 15:00:00,2679.574,2680.145,2671.456,2674.058
1784044800,2026-07-14 16:00:00,2674.056,2676.599,2660.243,2676.473
1784048400,2026-07-14 17:00:00,2676.023,2678.848,2661.428,2662.715
1784052000,2026-07-14 18:00:00,2662.472,2663.662,2647.069,2651.985
1784055600,2026-07-14 19:00:00,2651.998,2661.437,2651.425,2659.222
1784059200,2026-07-14 20:00:00,2659.267,2663.183,2649.655,2652.62
1784062800,2026-07-14 21:00:00,2652.426,2654.686,2645.872,2651.805
1784066400,2026-07-14 22:00:00,2651.78,2658.371,2649.271,2649.549
1784070000,2026-07-14 23:00:00,2649.556,2658.03,2647.37,2656.989
1784073600,2026-07-15 00:00:00,2656.683,2663.98,2655.261,2662.916
1784077200,2026-07-15 01:00:00,2662.879,2666.111,2650.51,2653.99
1784080800,2026-07-15 02:00:00,2654.347,2660.03,2649.639,2650.615
1784084400,2026-07-15 03:00:00,2650.355,2650.821,2640.99,2649.151
1784088000,2026-07-15 04:00:00,2649.045,2656.176,2646.411,2654.556
1784091600,2026-07-15 05:00:00,2654.625,2655.759,2646.962,2650.471
1784095200,2026-07-15 06:00:00,2650.621,2660.701,2649.879,2652.397
1784098800,2026-07-15 07:00:00,2652.733,2657.67,2647.452,2647.724
1784102400,2026-07-15 08:00:00,2647.624,2648.17,2636.058,2642.24
1784106000,2026-07-15 09:00:00,2642.1,2643.052,2631.571,2631.863
1784109600,2026-07-15 10:00:00,2631.875,2633.513,2618.341,2621.107
1784113200,2026-07-15 11:00:00,2621.037,2628.556,2619.486,2628.008
1784116800,2026-07-15 12:00:00,2627.815,2631.21,2610.108,2612.539
1784120400,2026-07-15 13:00:00,2612.274,2619.224,2608.302,2614.939
1784124000,2026-07-15 14:00:00,2614.64,2618.276,2609.415,2615.13
1784127600,2026-07-15 15:00:00,2615.24,2615.475,2607.806,2614.015
1784131200,2026-07-15 16:00:00,2613.952,2618.673,2607.498,2613.383
1784134800,2026-07-15 17:00:00,2613.275,2630.93,2611.439,2629.841
1784138400,2026-07-15 18:00:00,2629.973,2631.466,2623.47,2628.199
1784142000,2026-07-15 19:00:00,2628.137,2637.668,2625.268,2636.802
1784145600,2026-07-15 20:00:00,2636.74,2641.69,2628.023,2640.948
1784149200,2026-07-15 21:00:00,2640.871,2650.737,2639.381,2642.667
1784152800,2026-07-15 22:00:00,2642.785,2647.033,2639.493,2644.081
1784156400,2026-07-15 23:00:00,2644.264,2648.29,2636.65,2647.864
1784160000,2026-07-16 00:00:00,2647.992,2658.158,2643.388,2655.675
1784163600,2026-07-16 01:00:00,2655.919,2655.981,2639.725,2641.9
1784167200,2026-07-16 02:00:00,2642.076,2645.826,2636.836,2640.42
1784170800,2026-07-16 03:00:00,2640.421,2642.923,2634.144,2642.576
1784174400,2026-07-16 04:00:00,2642.422,2643.65,2626.038,2628.254
1784178000,2026-07-16 05:00:00,2628.19,2629.585,2620.889,2624.619
1784181600,2026-07-16 06:00:00,2624.524,2632.741,2621.354,2622.324
1784185200,2026-07-16 07:00:00,2622.524,2626.422,2615.242,2615.461
1784188800,2026-07-16 08:00:00,2615.482,2619.157,2610.819,2619.157
1784192400,2026-07-16 09:00:00,2618.869,2622.011,2609.511,2620.909
1784196000,2026-07-16 10:00:00,2620.871,2624.179,2612.055,2613.187
1784199600,2026-07-16 11:00:00,2613.495,2618.879,2610.531,2615.772
1784203200,2026-07-16 12:00:00,2615.672,2630.727,2613.978,2630.573
1784206800,2026-07-16 13:00:00,2630.381,2634.81,2624.676,2626.977
1784210400,2026-07-16 14:00:00,2627.195,2636.069,2625.17,2630.631
1784214000,2026-07-16 15:00:00,2630.477,2635.236,2625.79,2634.68
1784217600,2026-07-16 16:00:00,2634.757,2640.339,2633.038,2639.573
1784221200,2026-07-16 17:00:00,2639.535,2647.433,2636.675,2646.269
1784224800,2026-07-16 18:00:00,2646.088,2650.162,2642.698,2644.78
1784228400,2026-07-16 19:00:00,2644.532,2648.551,2637.495,2643.288
1784232000,2026-07-16 20:00:00,2643.593,2644.38,2634.727,2639.136
1784235600,2026-07-16 21:00:00,2639.326,2639.839,2632.583,2635.512
1784239200,2026-07-16 22:00:00,2635.522,2636.453,2629.181,2633.544
1784242800,2026-07-16 23:00:00,2633.405,2641.128,2630.788,2638.993
1784246400,2026-07-17 00:00:00,2639.238,2639.669,2623.921,2631.068
1784250000,2026-07-17 01:00:00,2631.145,2632.135,2621.168,2627.314
1784253600,2026-07-17 02:00:00,2626.986,2627.519,2620.151,2623.604
1784257200,2026-07-17 03:00:00,2623.477,2629.619,2621.059,2627.087
1784260800,2026-07-17 04:00:00,2627.097,2636.352,2625.812,2632.556
1784264400,2026-07-17 05:00:00,2632.69,2632.926,2620.399,2622.367
1784268000,2026-07-17 06:00:00,2622.369,2629.148,2620.365,2623.183
1784271600,2026-07-17 07:00:00,2623.082,2623.282,2610.64,2613.371
1784275200,2026-07-17 08:00:00,2613.609,2616.809,2604.369,2604.556
1784278800,2026-07-17 09:00:00,2604.439,2611.2,2597.128,2597.96
1784282400,2026-07-17 10:00:00,2597.776,2602.132,2594.108,2595.939
1784286000,2026-07-17 11:00:00,2595.905,2600.975,2590.279,2592.359
1784289600,2026-07-17 12:00:00,2592.406,2595.725,2586.609,2591.026
1784293200,2026-07-17 13:00:00,2590.94,2597.74,2588.157,2597.728
1784296800,2026-07-17 14:00:00,2597.536,2600.791,2586.666,2598.903
1784300400,2026-07-17 15:00:00,2598.981,2615.749,2597.929,2614.44
1784304000,2026-07-17 16:00:00,2614.346,2618.542,2610.367,2612.827
1784307600,2026-07-17 17:00:00,2612.634,2619.92,2610.247,2619.318
1784311200,2026-07-17 18:00:00,2619.607,2620.405,2611.591,2612.762
1784314800,2026-07-17 19:00:00,2612.63,2618.169,2605.826,2607.129
1784318400,2026-07-17 20:00:00,2607.069,2607.667,2599.292,2602.91
1784322000,2026-07-17 21:00:00,2603.194,2608.019,2599.675,2606.921
1784325600,2026-07-17 22:00:00,2606.807,2610.346,2598.895,2606.035
1784329200,2026-07-17 23:00:00,2605.836,2606.172,2589.689,2591.512
1784332800,2026-07-18 00:00:00,2591.496,2593.223,2584.56,2590.422
1784336400,2026-07-18 01:00:00,2590.597,2594.688,2584.201,2585.608
1784340000,2026-07-18 02:00:00,2585.876,2587.138,2571.652,2573.492
1784343600,2026-07-18 03:00:00,2573.298,2590.725,2570.45,2588.515
1784347200,2026-07-18 04:00:00,2588.729,2596.6,2584.764,2593.335
1784350800,2026-07-18 05:00:00,2593.195,2608.338,2587.76,2605.105
1784354400,2026-07-18 06:00:00,2605.275,2611.546,2601.963,2604.601
1784358000,2026-07-18 07:00:00,2604.723,2607.023,2600.367,2602.21
1784361600,2026-07-18 08:00:00,2602.15,2602.7,2585.782,2590.894
1784365200,2026-07-18 09:00:00,2590.979,2591.793,2578.365,2579.636
1784368800,2026-07-18 10:00:00,2579.98,2589.338,2579.576,2582.811
1784372400,2026-07-18 11:00:00,2582.86,2597.769,2582.86,2596.575
1784376000,2026-07-18 12:00:00,2596.525,2598.286,2590.368,2593.628
1784379600,2026-07-18 13:00:00,2593.626,2599.219,2589.061,2596.859
1784383200,2026-07-18 14:00:00,2597.005,2605.578,2593.097,2604.612
1784386800,2026-07-18 15:00:00,2604.656,2604.669,2595.588,2596.723
1784390400,2026-07-18 16:00:00,2596.794,2609.509,2594.334,2607.033
1784394000,2026-07-18 17:00:00,2606.937,2612.583,2600.7,2603.313
1784397600,2026-07-18 18:00:00,2603.356,2603.947,2585.152,2585.378
1784401200,2026-07-18 19:00:00,2585.17,2587.584,2580.098,2585.557
1784404800,2026-07-18 20:00:00,2585.511,2590.647,2581.266,2587.003
1784408400,2026-07-18 21:00:00,2587.218,2590.167,2576.197,2577.785
1784412000,2026-07-18 22:00:00,2577.701,2580.822,2566.899,2573.653
1784415600,2026-07-18 23:00:00,2573.426,2575.127,2566.057,2573.426
1784419200,2026-07-19 00:00:00,2573.496,2581.003,2571.915,2575.633
1784422800,2026-07-19 01:00:00,2575.562,2576.919,2566.754,2573.394
1784426400,2026-07-19 02:00:00,2573.226,2580.661,2571.335,2573.85
1784430000,2026-07-19 03:00:00,2573.732,2581.164,2568.885,2580.697
1784433600,2026-07-19 04:00:00,2580.616,2587.947,2578.741,2581.29
1784437200,2026-07-19 05:00:00,2581.266,2589.077,2573.536,2586.485
1784440800,2026-07-19 06:00:00,2586.711,2593.265,2580.656,2580.656
1784444400,2026-07-19 07:00:00,2580.661,2586.723,2579.535,2583.451
1784448000,2026-07-19 08:00:00,2583.63,2587.963,2580.457,2586.805
1784451600,2026-07-19 09:00:00,2586.873,2592.92,2583.957,2587.391
1784455200,2026-07-19 10:00:00,2587.021,2589.292,2581.303,2588.884
1784458800,2026-07-19 11:00:00,2588.721,2589.85,2580.502,2585.86
1784462400,2026-07-19 12:00:00,2585.614,2588.668,2583.31,2584.66
1784466000,2026-07-19 13:00:00,2584.615,2591.943,2579.744,2579.744
1784469600,2026-07-19 14:00:00,2579.569,2581.902,2568.997,2569.737
1784473200,2026-07-19 15:00:00,2569.806,2573.059,2561.001,2571.563
1784476800,2026-07-19 16:00:00,2571.617,2577.226,2569.443,2575.534
1784480400,2026-07-19 17:00:00,2575.657,2592.775,2574.733,2588.132
1784484000,2026-07-19 18:00:00,2588.247,2589.272,2581.171,2584.904
1784487600,2026-07-19 19:00:00,2584.999,2585.482,2573.158,2575.642
1784491200,2026-07-19 20:00:00,2575.78,2581.11,2571.039,2571.139
1784494800,2026-07-19 21:00:00,2571.262,2573.042,2557.3,2561.973
1784498400,2026-07-19 22:00:00,2561.761,2562.773,2555.969,2560.164
1784502000,2026-07-19 23:00:00,2559.99,2573.876,2559.88,2572.095
1784505600,2026-07-20 00:00:00,2572.139,2573.002,2562.191,2564.088
1784509200,2026-07-20 01:00:00,2563.864,2567.9,2560.38,2560.438
1784512800,2026-07-20 02:00:00,2560.088,2573.011,2557.087,2569.998
1784516400,2026-07-20 03:00:00,2569.959,2575.158,2566.781,2572.891
1784520000,2026-07-20 04:00:00,2572.928,2583.95,2572.928,2574.99
1784523600,2026-07-20 05:00:00,2575.188,2576.112,2564.166,2574.999
1784527200,2026-07-20 06:00:00,2575.068,2580.559,2572.207,2578.867
1784530800,2026-07-20 07:00:00,2578.79,2580.122,2572.861,2573.892
1784534400,2026-07-20 08:00:00,2573.707,2576.055,2562.145,2565.072
1784538000,2026-07-20 09:00:00,2564.974,2572.747,2564.255,2571.932
1784541600,2026-07-20 10:00:00,2572.463,2573.391,2567.19,2570.055
1784545200,2026-07-20 11:00:00,2570.123,2570.484,2560.713,2562.202
1784548800,2026-07-20 12:00:00,2562.202,2567.5,2559.659,2562.161
1784552400,2026-07-20 13:00:00,2562.316,2567.448,2560.24,2563.75
1784556000,2026-07-20 14:00:00,2563.691,2569.023,2558.44,2560.057
1784559600,2026-07-20 15:00:00,2559.966,2567.963,2558.91,2566.637
1784563200,2026-07-20 16:00:00,2566.8,2566.81,2551.472,2553.669
1784566800,2026-07-20 17:00:00,2553.39,2559.791,2552.822,2553.863
1784570400,2026-07-20 18:00:00,2553.72,2561.318,2548.261,2560.367
1784574000,2026-07-20 19:00:00,2560.291,2571.216,2559.528,2562.759
1784577600,2026-07-20 20:00:00,2563.034,2564.258,2555.428,2557.556
1784581200,2026-07-20 21:00:00,2557.53,2562.647,2554.012,2560.749
1784584800,2026-07-20 22:00:00,2560.654,2567.067,2552.04,2552.661
1784588400,2026-07-20 23:00:00,2553.038,2553.056,2543.142,2547.264
1784592000,2026-07-21 00:00:00,2546.996,2548.802,2539.927,2547.377
1784595600,2026-07-21 01:00:00,2547.401,2550.375,2538.958,2541.275
1784599200,2026-07-21 02:00:00,2541.363,2543.601,2535.378,2538.802
1784602800,2026-07-21 03:00:00,2538.609,2547.069,2537.9,2543.34
1784606400,2026-07-21 04:00:00,2543.426,2550.956,2541.31,2548.861
1784610000,2026-07-21 05:00:00,2548.998,2552.668,2546.392,2550.576
1784613600,2026-07-21 06:00:00,2550.576,2551.134,2540.672,2542.279
1784617200,2026-07-21 07:00:00,2542.256,2556.952,2541.636,2555.539
1784620800,2026-07-21 08:00:00,2554.966,2557.674,2547.324,2549.709
1784624400,2026-07-21 09:00:00,2549.742,2552.477,2545.599,2549.408
1784628000,2026-07-21 10:00:00,2549.403,2556.364,2543.831,2551.615
1784631600,2026-07-21 11:00:00,2551.415,2556.288,2539.765,2543.815
1784635200,2026-07-21 12:00:00,2544.094,2548.185,2542.726,2543.434
1784638800,2026-07-21 13:00:00,2543.398,2544.687,2532.264,2532.608
1784642400,2026-07-21 14:00:00,2532.706,2533.236,2522.041,2523.289
1784646000,2026-07-21 15:00:00,2523.015,2541.403,2522.111,2540.082
1784649600,2026-07-21 16:00:00,2540.407,2549.02,2539.625,2545.358
1784653200,2026-07-21 17:00:00,2545.243,2550.245,2540.854,2549.855
1784656800,2026-07-21 18:00:00,2549.787,2554.392,2547.995,2550.345
1784660400,2026-07-21 19:00:00,2550.36,2555.495,2544.29,2551.489
1784664000,2026-07-21 20:00:00,2551.813,2562.771,2550.016,2560.106
1784667600,2026-07-21 21:00:00,2560.172,2574.052,2557.242,2569.441
1784671200,2026-07-21 22:00:00,2569.142,2580.32,2568.013,2575.467
1784674800,2026-07-21 23:00:00,2575.947,2578.561,2570.005,2576.515
1784678400,2026-07-22 00:00:00,2576.195,2584.434,2570.628,2583.981
1784682000,2026-07-22 01:00:00,2583.86,2585.143,2569.205,2570.586
1784685600,2026-07-22 02:00:00,2570.573,2578.554,2566.161,2578.361
1784689200,2026-07-22 03:00:00,2578.28,2582.434,2576.703,2581.764
1784692800,2026-07-22 04:00:00,2581.566,2588.201,2578.389,2587.611
1784696400,2026-07-22 05:00:00,2587.542,2591.722,2582.313,2583.455
1784700000,2026-07-22 06:00:00,2583.443,2588.735,2576.183,2586.953
1784703600,2026-07-22 07:00:00,2586.949,2593.645,2579.614,2592.66
1784707200,2026-07-22 08:00:00,2592.585,2597.616,2584.193,2586.473
1784710800,2026-07-22 09:00:00,2586.056,2594.615,2585.353,2591.473
1784714400,2026-07-22 10:00:00,2591.591,2593.695,2587.933,2591.116
1784718000,2026-07-22 11:00:00,2591.144,2603.419,2588.377,2600.905
1784721600,2026-07-22 12:00:00,2601.046,2611.598,2600.546,2609.804
1784725200,2026-07-22 13:00:00,2609.87,2625.064,2608.118,2622.823
1784728800,2026-07-22 14:00:00,2622.736,2625.964,2619.617,2621.63
1784732400,2026-07-22 15:00:00,2621.739,2623.031,2604.124,2604.661
1784736000,2026-07-22 16:00:00,2604.768,2609.365,2599.021,2599.336
1784739600,2026-07-22 17:00:00,2599.393,2605.716,2593.868,2601.775
1784743200,2026-07-22 18:00:00,2601.769,2606.575,2594.275,2605.524
1784746800,2026-07-22 19:00:00,2605.657,2606.328,2596.024,2599.824
1784750400,2026-07-22 20:00:00,2599.769,2605.132,2599.059,2601.164
1784754000,2026-07-22 21:00:00,2601.085,2605.948,2597.293,2604.436
1784757600,2026-07-22 22:00:00,2604.696,2614.684,2602.745,2610.319
1784761200,2026-07-22 23:00:00,2610.033,2612.977,2600.369,2607.864
1784764800,2026-07-23 00:00:00,2607.741,2616.406,2606.261,2614.045
1784768400,2026-07-23 01:00:00,2613.867,2618.937,2610.026,2617.65
1784772000,2026-07-23 02:00:00,2617.672,2619.25,2612.776,2616.778
1784775600,2026-07-23 03:00:00,2616.833,2618.325,2609.067,2613.364
1784779200,2026-07-23 04:00:00,2613.485,2614.656,2603.391,2607.441
1784782800,2026-07-23 05:00:00,2607.186,2613.003,2605.028,2608.149
1784786400,2026-07-23 06:00:00,2608.046,2622.519,2605.934,2618.522
1784790000,2026-07-23 07:00:00,2618.582,2637.659,2618.302,2633.033
1784793600,2026-07-23 08:00:00,2633.18,2634.721,2628.222,2630.372
1784797200,2026-07-23 09:00:00,2630.153,2637.955,2627.039,2628.28
1784800800,2026-07-23 10:00:00,2628.08,2628.107,2611.076,2615.503
1784804400,2026-07-23 11:00:00,2615.362,2617.096,2608.345,2609.637
1784808000,2026-07-23 12:00:00,2610.016,2614.16,2608.213,2612.636
1784811600,2026-07-23 13:00:00,2612.659,2613.038,2599.11,2599.79
1784815200,2026-07-23 14:00:00,2599.7,2611.846,2598.465,2610.355
1784818800,2026-07-23 15:00:00,2610.163,2619.885,2608.342,2619.073
1784822400,2026-07-23 16:00:00,2618.945,2625.918,2616.126,2623.215
1784826000,2026-07-23 17:00:00,2623.365,2624.011,2617.021,2621.545
1784829600,2026-07-23 18:00:00,2621.643,2622.099,2613.249,2616.718
1784833200,2026-07-23 19:00:00,2616.77,2633.967,2615.236,2632.724
1784836800,2026-07-23 20:00:00,2632.726,2640.209,2631.488,2634.149
1784840400,2026-07-23 21:00:00,2633.961,2636.269,2626.282,2627.076
1784844000,2026-07-23 22:00:00,2627.202,2628.409,2616.197,2617.337
1784847600,2026-07-23 23:00:00,2617.148,2620.409,2612.802,2616.341
1784851200,2026-07-24 00:00:00,2616.371,2621.918,2614.572,2618.824
1784854800,2026-07-24 01:00:00,2618.933,2621.761,2613.306,2614.089
1784858400,2026-07-24 02:00:00,2614.147,2616.379,2610.559,2613.148
1784862000,2026-07-24 03:00:00,2612.971,2623.935,2612.467,2618.493
1784865600,2026-07-24 04:00:00,2618.526,2623.991,2617.85,2622.749
1784869200,2026-07-24 05:00:00,2622.644,2632.61,2621.316,2631.883
1784872800,2026-07-24 06:00:00,2631.859,2634.59,2628.412,2631.047
1784876400,2026-07-24 07:00:00,2630.807,2641.942,2630.701,2639.296
1784880000,2026-07-24 08:00:00,2639.371,2653.846,2638.856,2653.77
1784883600,2026-07-24 09:00:00,2653.876,2664.393,2652.187,2655.328
1784887200,2026-07-24 10:00:00,2655.442,2662.818,2655.214,2660.979
1784890800,2026-07-24 11:00:00,2660.922,2667.089,2657.252,2665.42
1784894400,2026-07-24 12:00:00,2665.43,2671.177,2661.446,2667.055
1784898000,2026-07-24 13:00:00,2666.844,2670.997,2657.489,2658.881
1784901600,2026-07-24 14:00:00,2658.509,2659.008,2643.86,2650.37
1784905200,2026-07-24 15:00:00,2650.466,2656.629,2650.374,2656.629
1784908800,2026-07-24 16:00:00,2656.942,2659.068,2653.328,2658.049
1784912400,2026-07-24 17:00:00,2658.13,2671.108,2656.261,2670.767
1784916000,2026-07-24 18:00:00,2670.962,2671.653,2665.545,2668.133
1784919600,2026-07-24 19:00:00,2668.199,2669.505,2660.233,2663.416
1784923200,2026-07-24 20:00:00,2663.504,2665.795,2650.579,2651.557
1784926800,2026-07-24 21:00:00,2651.836,2657.186,2651.152,2652.918
1784930400,2026-07-24 22:00:00,2652.982,2657.241,2646.317,2655.773
1784934000,2026-07-24 23:00:00,2655.593,2656.167,2643.051,2645.326
1784937600,2026-07-25 00:00:00,2645.356,2654.752,2644.905,2652.657
1784941200,2026-07-25 01:00:00,2652.757,2654.482,2637.522,2640.561
1784944800,2026-07-25 02:00:00,2640.712,2650.654,2640.576,2649.799
1784948400,2026-07-25 03:00:00,2649.938,2651.694,2645.917,2647.926
1784952000,2026-07-25 04:00:00,2647.847,2661.734,2646.998,2659.168
1784955600,2026-07-25 05:00:00,2659.498,2664.359,2649.64,2649.64
1784959200,2026-07-25 06:00:00,2649.553,2650.449,2641.121,2645.684
1784962800,2026-07-25 07:00:00,2645.797,2654.725,2642.977,2648.936
1784966400,2026-07-25 08:00:00,2649.03,2651.569,2644.413,2646.524
1784970000,2026-07-25 09:00:00,2646.85,2654.496,2645.872,2648.767
1784973600,2026-07-25 10:00:00,2648.967,2653.027,2642.812,2643.832
1784977200,2026-07-25 11:00:00,2643.68,2646.659,2640.231,2645.63
1784980800,2026-07-25 12:00:00,2645.554,2646.964,2636.213,2638.842
1784984400,2026-07-25 13:00:00,2638.243,2646.555,2637.979,2641.429
1784988000,2026-07-25 14:00:00,2641.628,2652.456,2641.336,2645.339
1784991600,2026-07-25 15:00:00,2645.188,2646.564,2636.887,2646.184
1784995200,2026-07-25 16:00:00,2646.12,2650.792,2640.759,2646.222
1784998800,2026-07-25 17:00:00,2646.182,2647.75,2627.955,2629.341
1785002400,2026-07-25 18:00:00,2629.502,2639.554,2628.502,2638.48
1785006000,2026-07-25 19:00:00,2638.682,2640.152,2629.75,2630.673
1785009600,2026-07-25 20:00:00,2630.688,2641.514,2627.015,2635.866
1785013200,2026-07-25 21:00:00,2636.089,2644.791,2633.585,2633.585
1785016800,2026-07-25 22:00:00,2633.751,2645.902,2633.612,2636.26
1785020400,2026-07-25 23:00:00,2636.195,2636.209,2627.994,2629.334
1785024000,2026-07-26 00:00:00,2629.302,2635.506,2626.378,2629.76
1785027600,2026-07-26 01:00:00,2629.636,2633.269,2622.254,2624.669
1785031200,2026-07-26 02:00:00,2624.708,2626.628,2614.441,2626.059
1785034800,2026-07-26 03:00:00,2626.11,2643.267,2623.343,2643.006
1785038400,2026-07-26 04:00:00,2643.087,2653.35,2641.77,2651.348
1785042000,2026-07-26 05:00:00,2651.51,2654.856,2644.55,2653.41
1785045600,2026-07-26 06:00:00,2653.33,2657.306,2647.665,2649.763
1785049200,2026-07-26 07:00:00,2649.821,2654.715,2645.688,2647.258
1785052800,2026-07-26 08:00:00,2647.472,2655.993,2644.218,2648.559
1785056400,2026-07-26 09:00:00,2648.658,2659.915,2645.621,2656.737
1785060000,2026-07-26 10:00:00,2656.797,2661.281,2650.564,2656.32
1785063600,2026-07-26 11:00:00,2656.231,2666.562,2652.192,2663.641
1785067200,2026-07-26 12:00:00,2663.919,2668.083,2655.655,2663.888
1785070800,2026-07-26 13:00:00,2663.875,2671.116,2661.966,2669.664
1785074400,2026-07-26 14:00:00,2669.505,2678.456,2666.834,2671.565
1785078000,2026-07-26 15:00:00,2671.415,2672.905,2664.336,2670.068
1785081600,2026-07-26 16:00:00,2670.115,2673.963,2662.652,2665.392
1785085200,2026-07-26 17:00:00,2665.69,2671.383,2664.462,2667.234
1785088800,2026-07-26 18:00:00,2667.197,2670.359,2661.245,2668.609
1785092400,2026-07-26 19:00:00,2668.717,2672.66,2665.036,2671.448
1785096000,2026-07-26 20:00:00,2671.271,2677.161,2666.566,2669.104
1785099600,2026-07-26 21:00:00,2668.931,2674.283,2665.1,2671.368
1785103200,2026-07-26 22:00:00,2671.412,2672.565,2662.076,2666.126
1785106800,2026-07-26 23:00:00,2666.13,2671.096,2661.145,2665.614
1785110400,2026-07-27 00:00:00,2665.398,2678.942,2664.616,2678.298
1785114000,2026-07-27 01:00:00,2678.069,2686.613,2677.31,2684.147
1785117600,2026-07-27 02:00:00,2684.264,2691.54,2682.864,2688.085
1785121200,2026-07-27 03:00:00,2687.899,2695.528,2685.208,2694.03
1785124800,2026-07-27 04:00:00,2694.109,2697.493,2688.518,2689.854
1785128400,2026-07-27 05:00:00,2690.038,2693.397,2681.363,2687.382
1785132000,2026-07-27 06:00:00,2687.439,2693.711,2680.656,2693.421
1785135600,2026-07-27 07:00:00,2693.288,2698.927,2677.011,2683.07
1785139200,2026-07-27 08:00:00,2682.953,2693.856,2682.544,2683.369
1785142800,2026-07-27 09:00:00,2683.431,2691.703,2680.733,2683.484
1785146400,2026-07-27 10:00:00,2683.419,2687.308,2679.574,2683.158
1785150000,2026-07-27 11:00:00,2683.227,2688.11,2681.294,2684.282
1785153600,2026-07-27 12:00:00,2684.397,2697.852,2683.841,2691.728
1785157200,2026-07-27 13:00:00,2691.955,2703.086,2691.571,2697.141
1785160800,2026-07-27 14:00:00,2697.254,2699.735,2686.686,2689.962
1785164400,2026-07-27 15:00:00,2689.755,2694.019,2678.238,2680.929
1785168000,2026-07-27 16:00:00,2680.64,2681.965,2674.529,2681.029
1785171600,2026-07-27 17:00:00,2681.132,2683.048,2674.391,2677.774
1785175200,2026-07-27 18:00:00,2677.879,2681.435,2670.503,2671.732
1785178800,2026-07-27 19:00:00,2671.752,2674.064,2660.358,2666.819
1785182400,2026-07-27 20:00:00,2666.677,2673.149,2666.322,2669.967
1785186000,2026-07-27 21:00:00,2669.955,2677.883,2665.527,2666.733
1785189600,2026-07-27 22:00:00,2666.833,2675.163,2663.557,2674.054
1785193200,2026-07-27 23:00:00,2674.18,2680.978,2670.465,2679.259
1785196800,2026-07-28 00:00:00,2679.296,2682.705,2670.912,2671.921
1785200400,2026-07-28 01:00:00,2671.857,2676.146,2668.793,2672.914
1785204000,2026-07-28 02:00:00,2672.835,2679.255,2665.774,2672.664
1785207600,2026-07-28 03:00:00,2672.68,2675.676,2667.296,2669.989
1785211200,2026-07-28 04:00:00,2669.955,2679.927,2665.603,2679.906
1785214800,2026-07-28 05:00:00,2679.841,2693.439,2678.163,2692.602
1785218400,2026-07-28 06:00:00,2692.558,2697.374,2687.689,2690.179
1785222000,2026-07-28 07:00:00,2689.976,2693.085,2684.521,2691.87
1785225600,2026-07-28 08:00:00,2691.762,2693.846,2685.386,2688.848
1785229200,2026-07-28 09:00:00,2688.943,2698.017,2687.211,2695.327
1785232800,2026-07-28 10:00:00,2695.368,2699.377,2690.849,2692.684
1785236400,2026-07-28 11:00:00,2692.993,2694.455,2684.503,2692.826
1785240000,2026-07-28 12:00:00,2692.786,2704.764,2689.162,2704.578
1785243600,2026-07-28 13:00:00,2704.176,2705.625,2698.537,2699.916
1785247200,2026-07-28 14:00:00,2700,2710.075,2700,2706.441
1785250800,2026-07-28 15:00:00,2706.519,2715.515,2703.062,2712.342
1785254400,2026-07-28 16:00:00,2712.522,2723.777,2711.779,2718.539
1785258000,2026-07-28 17:00:00,2718.639,2721.025,2702.975,2703.154
1785261600,2026-07-28 18:00:00,2703.279,2714.412,2702.859,2709.728
1785265200,2026-07-28 19:00:00,2709.881,2711.227,2701.336,2706.516
1785268800,2026-07-28 20:00:00,2706.519,2714.08,2704.685,2711.501
1785272400,2026-07-28 21:00:00,2711.286,2713.297,2699.788,2699.853
1785276000,2026-07-28 22:00:00,2699.489,2712.245,2698.924,2701.103
1785279600,2026-07-28 23:00:00,2701.166,2709.722,2700.532,2704.812
1785283200,2026-07-29 00:00:00,2704.757,2705.173,2692.2,2692.729
1785286800,2026-07-29 01:00:00,2692.823,2698.128,2688.484,2695.686
1785290400,2026-07-29 02:00:00,2695.627,2700.801,2690.064,2691.499
1785294000,2026-07-29 03:00:00,2691.46,2691.86,2679.766,2681.694
1785297600,2026-07-29 04:00:00,2681.739,2690.468,2679.704,2683.952
1785301200,2026-07-29 05:00:00,2683.933,2688.189,2680.603,2681.318
1785304800,2026-07-29 06:00:00,2681.284,2681.643,2667.551,2668.125
1785308400,2026-07-29 07:00:00,2667.886,2676.688,2664.473,2668.997
1785312000,2026-07-29 08:00:00,2669.175,2681.457,2666.992,2676.958
1785315600,2026-07-29 09:00:00,2676.95,2679.969,2670.088,2677.298
1785319200,2026-07-29 10:00:00,2677.402,2678.764,2666.54,2669.861
1785322800,2026-07-29 11:00:00,2669.65,2670.551,2662.444,2666.219
1785326400,2026-07-29 12:00:00,2666.505,2671.511,2663.2,2670.962
1785330000,2026-07-29 13:00:00,2670.853,2682.693,2668.423,2679.95
1785333600,2026-07-29 14:00:00,2679.908,2682.679,2673.716,2678.679
1785337200,2026-07-29 15:00:00,2678.663,2687.879,2675.083,2684.007
1785340800,2026-07-29 16:00:00,2683.938,2685.531,2672.375,2676.22
1785344400,2026-07-29 17:00:00,2676.094,2684.437,2674.753,2676.205
1785348000,2026-07-29 18:00:00,2676.138,2684.021,2671.364,2675.523
1785351600,2026-07-29 19:00:00,2675.7,2680.363,2673.732,2677.568
1785355200,2026-07-29 20:00:00,2677.742,2687.548,2674.875,2684.823
1785358800,2026-07-29 21:00:00,2685.014,2692.503,2682.969,2685.285
1785362400,2026-07-29 22:00:00,2685.36,2689.394,2684.271,2688.347
1785366000,2026-07-29 23:00:00,2688.426,2704.545,2687.977,2702.448
1785369600,2026-07-30 00:00:00,2702.53,2703.299,2694.68,2694.68
1785373200,2026-07-30 01:00:00,2694.471,2703.019,2694.01,2698.399
1785376800,2026-07-30 02:00:00,2698.176,2703.277,2696.774,2700.574
1785380400,2026-07-30 03:00:00,2700.653,2707.12,2697.57,2705.426
1785384000,2026-07-30 04:00:00,2705.612,2712.723,2705.292,2712.042
1785387600,2026-07-30 05:00:00,2711.809,2717.637,2707.112,2707.645
1785391200,2026-07-30 06:00:00,2707.604,2715.674,2706.938,2713.606
1785394800,2026-07-30 07:00:00,2713.443,2727.629,2710.892,2725.151
1785398400,2026-07-30 08:00:00,2725.166,2728.554,2719.041,2727.01
1785402000,2026-07-30 09:00:00,2726.876,2728.03,2714.025,2714.187
1785405600,2026-07-30 10:00:00,2714.25,2718.591,2710.429,2714.08
1785409200,2026-07-30 11:00:00,2714.129,2718.225,2710.839,2716.835
1785412800,2026-07-30 12:00:00,2716.932,2721.09,2712.478,2713.831
1785416400,2026-07-30 13:00:00,2713.844,2719.394,2706.817,2716.904
1785420000,2026-07-30 14:00:00,2717.018,2725.856,2714.626,2714.828
1785423600,2026-07-30 15:00:00,2714.942,2723.106,2713.499,2720.118
1785427200,2026-07-30 16:00:00,2720.528,2724.909,2718.18,2722.116
1785430800,2026-07-30 17:00:00,2722.197,2727.327,2720.668,2721.99
1785434400,2026-07-30 18:00:00,2721.831,2735.992,2721.729,2735.348
1785438000,2026-07-30 19:00:00,2735.364,2736.838,2727.214,2735.302
1785441600,2026-07-30 20:00:00,2734.916,2737.949,2731.269,2734.667
1785445200,2026-07-30 21:00:00,2734.447,2736.387,2723.223,2723.464
1785448800,2026-07-30 22:00:00,2723.144,2729.746,2720.184,2720.411
1785452400,2026-07-30 23:00:00,2720.163,2725.486,2716.719,2720.82
1785456000,2026-07-31 00:00:00,2720.942,2722.721,2706.989,2710.347
1785459600,2026-07-31 01:00:00,2710.306,2713.209,2700.291,2700.384
1785463200,2026-07-31 02:00:00,2700.319,2708.573,2697.718,2707.05
1785466800,2026-07-31 03:00:00,2707.335,2725.12,2706.117,2724.924
1785470400,2026-07-31 04:00:00,2725.018,2726.757,2718.507,2721.596
1785474000,2026-07-31 05:00:00,2721.425,2731.265,2721.158,2727.553
1785477600,2026-07-31 06:00:00,2727.798,2728.816,2714.877,2718.694
1785481200,2026-07-31 07:00:00,2718.405,2725.269,2713.451,2724.81
1785484800,2026-07-31 08:00:00,2724.737,2742.275,2723.174,2738.086
1785488400,2026-07-31 09:00:00,2738.171,2747.045,2737.177,2746.682
