epoch,datetime_utc,open,high,low,close
1753954803,2025-07-31 09:40:03,2898.59,2898.59,2887.562,2894.086
1753956000,2025-07-31 10:00:00,2894.267,2900.94,2875.597,2881.834
1753963200,2025-07-31 12:00:00,2881.751,2894.287,2872.943,2894.287
1753970400,2025-07-31 14:00:00,2894.199,2896.844,2882.786,2888.938
1753977600,2025-07-31 16:00:00,2889.143,2895.711,2880.793,2882.412
1753984800,2025-07-31 18:00:00,2882.198,2888.215,2876.298,2885.993
1753992000,2025-07-31 20:00:00,2886.154,2896.37,2883.069,2893.52
1753999200,2025-07-31 22:00:00,2893.433,2903.943,2889.994,2900.271
1754006400,2025-08-01 00:00:00,2900.732,2907.144,2887.947,2892.65
1754013600,2025-08-01 02:00:00,2892.37,2908.82,2891.823,2902.858
1754020800,2025-08-01 04:00:00,2902.82,2905.649,2889.416,2902.608
1754028000,2025-08-01 06:00:00,2902.602,2915.202,2897.21,2914.958
1754035200,2025-08-01 08:00:00,2915.065,2929.295,2914.126,2923.692
1754042400,2025-08-01 10:00:00,2923.824,2924.252,2906.806,2917.581
1754049600,2025-08-01 12:00:00,2917.389,2918.98,2902.886,2906.05
1754056800,2025-08-01 14:00:00,2905.817,2932.313,2898.475,2929.931
1754064000,2025-08-01 16:00:00,2930.032,2958.061,2926.442,2958.024
1754071200,2025-08-01 18:00:00,2958.207,2965.809,2950.643,2951.361
1754078400,2025-08-01 20:00:00,2951.703,2961.783,2948.044,2949.707
1754085600,2025-08-01 22:00:00,2949.615,2954.179,2919.564,2929.164
1754092800,2025-08-02 00:00:00,2929.047,2931.641,2918.205,2929.002
1754100000,2025-08-02 02:00:00,2928.91,2930.892,2918.348,2928.829
1754107200,2025-08-02 04:00:00,2928.533,2929.908,2919.694,2925.672
1754114400,2025-08-02 06:00:00,2925.591,2925.737,2915.281,2925.568
1754121600,2025-08-02 08:00:00,2925.642,2931.54,2920.415,2927.732
1754128800,2025-08-02 10:00:00,2927.785,2938.462,2924.295,2928.676
1754136000,2025-08-02 12:00:00,2928.77,2935.898,2918.75,2923.905
1754143200,2025-08-02 14:00:00,2923.919,2938.301,2916.194,2937.325
1754150400,2025-08-02 16:00:00,2937.539,2945.02,2933.357,2940.627
1754157600,2025-08-02 18:00:00,2940.69,2950.511,2934.014,2947.719
1754164800,2025-08-02 20:00:00,2947.761,2971.137,2943.516,2970.954
1754172000,2025-08-02 22:00:00,2970.749,2982.981,2962.823,2982.035
1754179200,2025-08-03 00:00:00,2981.628,2986.295,2967.2,2971.883
1754186400,2025-08-03 02:00:00,2972.054,2980.225,2962.291,2979.137
1754193600,2025-08-03 04:00:00,2979.008,2990.612,2969.979,2987.722
1754200800,2025-08-03 06:00:00,2987.47,2991.781,2974.386,2976.992
1754208000,2025-08-03 08:00:00,2976.807,2980.92,2965.175,2976.587
1754215200,2025-08-03 10:00:00,2977.082,2984.538,2966.361,2980.172
1754222400,2025-08-03 12:00:00,2980.207,2985.304,2973.373,2978.429
1754229600,2025-08-03 14:00:00,2978.183,2992.951,2975.772,2984.12
1754236800,2025-08-03 16:00:00,2984.202,3005.695,2977.777,3003.269
1754244000,2025-08-03 18:00:00,3003.527,3020.704,2999.192,3013.96
1754251200,2025-08-03 20:00:00,3013.986,3014.573,2996.521,2996.591
1754258400,2025-08-03 22:00:00,2996.727,3001.842,2987.18,2993.329
1754265600,2025-08-04 00:00:00,2993.415,3003.119,2978.696,2987.78
1754272800,2025-08-04 02:00:00,2987.891,3002.418,2985.058,2994.998
1754280000,2025-08-04 04:00:00,2994.903,3002.594,2982.797,2994.473
1754287200,2025-08-04 06:00:00,2994.749,2995.806,2978.114,2979.509
1754294400,2025-08-04 08:00:00,2979.206,2985.285,2970.857,2983.247
1754301600,2025-08-04 10:00:00,2983.341,3002.911,2982.954,2997.736
1754308800,2025-08-04 12:00:00,2997.723,2997.907,2986.587,2989.82
1754316000,2025-08-04 14:00:00,2989.901,3009.596,2987.555,3008.719
1754323200,2025-08-04 16:00:00,3008.598,3009.02,2984.763,2987.863
1754330400,2025-08-04 18:00:00,2987.309,2988.848,2958.206,2959.164
1754337600,2025-08-04 20:00:00,2959.132,2959.775,2940.709,2943.425
1754344800,2025-08-04 22:00:00,2943.588,2946.391,2935.511,2938.036
1754352000,2025-08-05 00:00:00,2938.138,2951.576,2936.917,2949.607
1754359200,2025-08-05 02:00:00,2949.608,2952.404,2934.189,2937.613
1754366400,2025-08-05 04:00:00,2937.905,2944.989,2922.164,2922.728
1754373600,2025-08-05 06:00:00,2922.624,2934.686,2913.137,2932.463
1754380800,2025-08-05 08:00:00,2932.359,2935.564,2922.882,2927.253
1754388000,2025-08-05 10:00:00,2927.145,2940.071,2924.663,2930.367
1754395200,2025-08-05 12:00:00,2930.471,2931.331,2917.096,2924.691
1754402400,2025-08-05 14:00:00,2924.953,2926.875,2911.851,2921.234
1754409600,2025-08-05 16:00:00,2921.169,2942.364,2919.858,2928.214
1754416800,2025-08-05 18:00:00,2927.901,2929.344,2917.278,2922.983
1754424000,2025-08-05 20:00:00,2922.97,2930.94,2917.502,2922.22
1754431200,2025-08-05 22:00:00,2921.96,2922.89,2909.395,2916.525
1754438400,2025-08-06 00:00:00,2916.856,2927.804,2914.444,2919.603
1754445600,2025-08-06 02:00:00,2919.331,2925.656,2913.979,2915.846
1754452800,2025-08-06 04:00:00,2916.044,2921.749,2905.279,2919.247
1754460000,2025-08-06 06:00:00,2919.16,2921.952,2895.564,2900.202
1754467200,2025-08-06 08:00:00,2900.144,2905.878,2894.205,2901.67
1754474400,2025-08-06 10:00:00,2901.566,2920.208,2898.57,2908.089
1754481600,2025-08-06 12:00:00,2908.437,2930.244,2903.224,2924.557
1754488800,2025-08-06 14:00:00,2924.562,2926.843,2907.635,2913.737
1754496000,2025-08-06 16:00:00,2913.703,2919.569,2908.028,2910.732
1754503200,2025-08-06 18:00:00,2910.778,2924.292,2908.127,2915.809
1754510400,2025-08-06 20:00:00,2915.969,2917.182,2902.155,2902.598
1754517600,2025-08-06 22:00:00,2902.407,2913.929,2894.125,2897.222
1754524800,2025-08-07 00:00:00,2897.376,2911.058,2894.057,2909.514
1754532000,2025-08-07 02:00:00,2909.61,2914.991,2900.006,2900.814
1754539200,2025-08-07 04:00:00,2900.874,2909.774,2892.831,2899.596
1754546400,2025-08-07 06:00:00,2899.463,2911.521,2897.039,2905.578
1754553600,2025-08-07 08:00:00,2905.313,2909.086,2890.695,2895.26
1754560800,2025-08-07 10:00:00,2895.286,2906.366,2890.574,2904.366
1754568000,2025-08-07 12:00:00,2904.49,2915.972,2904.176,2906.219
1754575200,2025-08-07 14:00:00,2906.098,2912.656,2896.26,2897.621
1754582400,2025-08-07 16:00:00,2897.566,2912.878,2895.643,2900.211
1754589600,2025-08-07 18:00:00,2900.122,2918.636,2896.161,2915.451
1754596800,2025-08-07 20:00:00,2915.282,2923.076,2912.515,2917.09
1754604000,2025-08-07 22:00:00,2916.897,2926.222,2913.724,2920.925
1754611200,2025-08-08 00:00:00,2921.233,2944.868,2919.978,2938.129
1754618400,2025-08-08 02:00:00,2938.257,2941.192,2929.622,2935.502
1754625600,2025-08-08 04:00:00,2935.328,2942.172,2928.568,2941.096
1754632800,2025-08-08 06:00:00,2941.216,2947.69,2935.337,2941.059
1754640000,2025-08-08 08:00:00,2941.171,2941.336,2916.525,2922.346
1754647200,2025-08-08 10:00:00,2922.621,2936.338,2922.277,2929.232
1754654400,2025-08-08 12:00:00,2929.482,2945.868,2923.301,2942.128
1754661600,2025-08-08 14:00:00,2941.584,2979.051,2937.606,2972.413
1754668800,2025-08-08 16:00:00,2972.388,2974.408,2957.013,2961.246
1754676000,2025-08-08 18:00:00,2961.314,2971.613,2957.355,2966.956
1754683200,2025-08-08 20:00:00,2966.833,2978.968,2964.549,2964.686
1754690400,2025-08-08 22:00:00,2964.879,2966.56,2945.493,2948.09
1754697600,2025-08-09 00:00:00,2948.106,2957.481,2933.418,2934.994
1754704800,2025-08-09 02:00:00,2934.767,2942.433,2922.283,2939.751
1754712000,2025-08-09 04:00:00,2939.803,2959.427,2938.317,2958.315
1754719200,2025-08-09 06:00:00,2958.201,2967.401,2957.397,2959.136
1754726400,2025-08-09 08:00:00,2959.001,2959.425,2944.918,2950.714
1754733600,2025-08-09 10:00:00,2950.467,2951.946,2925.011,2934.942
1754740800,2025-08-09 12:00:00,2934.842,2947.796,2933.635,2945.253
1754748000,2025-08-09 14:00:00,2945.392,2947.058,2927.545,2929.121
1754755200,2025-08-09 16:00:00,2928.896,2929.769,2909.371,2910.263
1754762400,2025-08-09 18:00:00,2910.07,2922.452,2909.894,2917.533
1754769600,2025-08-09 20:00:00,2917.718,2932.063,2913.668,2930.975
1754776800,2025-08-09 22:00:00,2930.78,2932.168,2914.769,2916.684
1754784000,2025-08-10 00:00:00,2916.723,2926.677,2908.059,2909.49
1754791200,2025-08-10 02:00:00,2909.663,2913.026,2903.329,2905.784
1754798400,2025-08-10 04:00:00,2905.764,2910.766,2883.268,2883.268
1754805600,2025-08-10 06:00:00,2883.117,2908.843,2880.256,2907.605
1754812800,2025-08-10 08:00:00,2907.693,2913.588,2891.94,2895.268
1754820000,2025-08-10 10:00:00,2895.466,2895.999,2866.407,2866.672
1754827200,2025-08-10 12:00:00,2867.015,2881.086,2865.108,2880.715
1754834400,2025-08-10 14:00:00,2880.81,2891.003,2862.695,2867.123
1754841600,2025-08-10 16:00:00,2866.814,2866.814,2848.262,2852.259
1754848800,2025-08-10 18:00:00,2852.38,2867.627,2846.257,2865.476
1754856000,2025-08-10 20:00:00,2865.597,2878.529,2864.124,2864.284
1754863200,2025-08-10 22:00:00,2864.465,2868.442,2857.965,2863.967
1754870400,2025-08-11 00:00:00,2863.974,2867.188,2850.952,2861.323
1754877600,2025-08-11 02:00:00,2861.356,2861.955,2835.03,2835.03
1754884800,2025-08-11 04:00:00,2835.013,2846.729,2830.239,2845.367
1754892000,2025-08-11 06:00:00,2845.411,2845.827,2838.246,2843.967
1754899200,2025-08-11 08:00:00,2844.184,2860.401,2841.606,2845.598
1754906400,2025-08-11 10:00:00,2845.611,2847.953,2819.999,2823.271
1754913600,2025-08-11 12:00:00,2823.336,2826.296,2814.404,2822.581
1754920800,2025-08-11 14:00:00,2822.524,2832.328,2816.785,2817.552
1754928000,2025-08-11 16:00:00,2817.822,2833.096,2811.275,2824.965
1754935200,2025-08-11 18:00:00,2825.038,2836.176,2820.735,2827.169
1754942400,2025-08-11 20:00:00,2827.465,2838.675,2825.483,2837.163
1754949600,2025-08-11 22:00:00,2837.24,2845.753,2823.129,2827.641
1754956800,2025-08-12 00:00:00,2827.418,2838.106,2826.02,2826.846
1754964000,2025-08-12 02:00:00,2826.849,2837.821,2809.403,2810.802
1754971200,2025-08-12 04:00:00,2811.005,2812.889,2788.17,2789.177
1754978400,2025-08-12 06:00:00,2789.354,2795.868,2783.495,2788.615
1754985600,2025-08-12 08:00:00,2788.512,2790.042,2764.967,2767.657
1754992800,2025-08-12 10:00:00,2767.67,2775.111,2760.549,2770.829
1755000000,2025-08-12 12:00:00,2770.753,2775.956,2762.98,2774.831
1755007200,2025-08-12 14:00:00,2774.656,2774.656,2751.569,2757.501
1755014400,2025-08-12 16:00:00,2757.406,2760.737,2741.393,2749.988
1755021600,2025-08-12 18:00:00,2750.029,2753.362,2739.22,2744.209
1755028800,2025-08-12 20:00:00,2744.041,2756.954,2741.707,2753.444
1755036000,2025-08-12 22:00:00,2753.427,2757.57,2742.94,2743.483
1755043200,2025-08-13 00:00:00,2743.462,2750.547,2740.611,2742.855
1755050400,2025-08-13 02:00:00,2742.835,2743.274,2729.753,2737.902
1755057600,2025-08-13 04:00:00,2738.002,2748.497,2734.508,2737.929
1755064800,2025-08-13 06:00:00,2737.737,2748.645,2732.056,2742.815
1755072000,2025-08-13 08:00:00,2742.973,2742.973,2729.462,2738.231
1755079200,2025-08-13 10:00:00,2738.513,2742.756,2727.262,2729.631
1755086400,2025-08-13 12:00:00,2729.395,2733.333,2720.662,2724.299
1755093600,2025-08-13 14:00:00,2724.352,2739.597,2723.636,2729.438
1755100800,2025-08-13 16:00:00,2729.319,2731.084,2701.627,2707.383
1755108000,2025-08-13 18:00:00,2707.238,2721.775,2698.496,2699.586
1755115200,2025-08-13 20:00:00,2699.53,2708.399,2693.683,2701.876
1755122400,2025-08-13 22:00:00,2702.271,2706.423,2686.833,2688.302
1755129600,2025-08-14 00:00:00,2688.095,2703.217,2683.64,2692.879
1755136800,2025-08-14 02:00:00,2692.667,2696.161,2683.211,2693.937
1755144000,2025-08-14 04:00:00,2693.809,2696.678,2683.749,2690.39
1755151200,2025-08-14 06:00:00,2690.495,2698.083,2683.602,2697.303
1755158400,2025-08-14 08:00:00,2697.259,2726.289,2694.962,2722.832
1755165600,2025-08-14 10:00:00,2722.87,2733.86,2713.897,2717.245
1755172800,2025-08-14 12:00:00,2717.09,2720.666,2710.416,2710.416
1755180000,2025-08-14 14:00:00,2710.139,2711.647,2695.395,2699.102
1755187200,2025-08-14 16:00:00,2699.075,2715.473,2699.075,2714.018
1755194400,2025-08-14 18:00:00,2714.23,2737.19,2714.044,2737.114
1755201600,2025-08-14 20:00:00,2737.198,2757.245,2735.935,2755.229
1755208800,2025-08-14 22:00:00,2755.168,2770.254,2755.168,2757.884
1755216000,2025-08-15 00:00:00,2757.743,2771.759,2752.353,2761.542
1755223200,2025-08-15 02:00:00,2761.505,2763.503,2746.762,2760.643
1755230400,2025-08-15 04:00:00,2760.783,2762.242,2746.824,2750.751
1755237600,2025-08-15 06:00:00,2750.615,2756.769,2743.706,2745.463
1755244800,2025-08-15 08:00:00,2745.662,2749.971,2727.307,2730.264
1755252000,2025-08-15 10:00:00,2730.313,2744.125,2730.244,2735.01
1755259200,2025-08-15 12:00:00,2735.07,2753.125,2733.889,2750.065
1755266400,2025-08-15 14:00:00,2749.975,2752.672,2735.133,2736.216
1755273600,2025-08-15 16:00:00,2735.85,2749.811,2734.814,2747.698
1755280800,2025-08-15 18:00:00,2747.193,2750.363,2742.522,2744.868
1755288000,2025-08-15 20:00:00,2745.008,2750.667,2741.93,2747.045
1755295200,2025-08-15 22:00:00,2747.079,2764.318,2738.415,2763.015
1755302400,2025-08-16 00:00:00,2763.213,2773.155,2761.095,2768.306
1755309600,2025-08-16 02:00:00,2768.515,2776.015,2765.578,2772.333
1755316800,2025-08-16 04:00:00,2772.126,2779.379,2766.561,2772.14
1755324000,2025-08-16 06:00:00,2772.09,2782.243,2762.063,2768.949
1755331200,2025-08-16 08:00:00,2768.548,2782.051,2762.56,2765.998
1755338400,2025-08-16 10:00:00,2765.905,2770.773,2760.609,2760.862
1755345600,2025-08-16 12:00:00,2760.834,2764.548,2752.935,2764.233
1755352800,2025-08-16 14:00:00,2764.44,2764.44,2746.203,2761.761
1755360000,2025-08-16 16:00:00,2761.492,2771.822,2759.201,2769.921
1755367200,2025-08-16 18:00:00,2769.868,2781.943,2768.074,2780.64
1755374400,2025-08-16 20:00:00,2780.519,2783.21,2769.098,2771.754
1755381600,2025-08-16 22:00:00,2771.718,2784.603,2764.941,2779.919
1755388800,2025-08-17 00:00:00,2779.847,2794.138,2774.603,2790.151
1755396000,2025-08-17 02:00:00,2789.966,2804.923,2788.4,2796.177
1755403200,2025-08-17 04:00:00,2796.091,2803.713,2788.229,2802.663
1755410400,2025-08-17 06:00:00,2802.464,2807.647,2786.896,2787.07
1755417600,2025-08-17 08:00:00,2787.115,2813.143,2785.342,2811.589
1755424800,2025-08-17 10:00:00,2811.56,2824.803,2809.713,2816.22
1755432000,2025-08-17 12:00:00,2816.227,2818.199,2805.852,2817.693
1755439200,2025-08-17 14:00:00,2817.511,2819.945,2802.396,2808.411
1755446400,2025-08-17 16:00:00,2808.786,2838.546,2806.372,2837.267
1755453600,2025-08-17 18:00:00,2837.322,2845.516,2830.869,2845.439
1755460800,2025-08-17 20:00:00,2845.182,2860.265,2842.509,2849.496
1755468000,2025-08-17 22:00:00,2849.31,2858.361,2833.288,2838.439
1755475200,2025-08-18 00:00:00,2838.332,2845.123,2834.555,2839.707
1755482400,2025-08-18 02:00:00,2839.883,2846.713,2833.007,2842.535
1755489600,2025-08-18 04:00:00,2842.639,2844.036,2832.389,2833.86
1755496800,2025-08-18 06:00:00,2833.913,2836.394,2818.576,2822.68
1755504000,2025-08-18 08:00:00,2822.479,2828.525,2811.964,2817.382
1755511200,2025-08-18 10:00:00,2817.454,2823.149,2808.345,2808.697
1755518400,2025-08-18 12:00:00,2808.945,2812.397,2798.772,2805.464
1755525600,2025-08-18 14:00:00,2805.486,2811.998,2797.418,2799.091
1755532800,2025-08-18 16:00:00,2799.355,2810.484,2792.527,2793.003
1755540000,2025-08-18 18:00:00,2793.091,2793.091,2783.374,2784.955
1755547200,2025-08-18 20:00:00,2785.095,2785.634,2771.265,2772.052
1755554400,2025-08-18 22:00:00,2771.977,2791.92,2767.44,2786.128
1755561600,2025-08-19 00:00:00,2786.005,2787.681,2759.027,2761.883
1755568800,2025-08-19 02:00:00,2761.874,2773.751,2758.1,2769.391
1755576000,2025-08-19 04:00:00,2769.336,2795.636,2768.37,2794.474
1755583200,2025-08-19 06:00:00,2794.343,2813.934,2792.862,2810.524
1755590400,2025-08-19 08:00:00,2810.771,2815.106,2804.513,2813.97
1755597600,2025-08-19 10:00:00,2813.827,2816.629,2798.736,2799.667
1755604800,2025-08-19 12:00:00,2799.752,2819.746,2796.687,2812.33
1755612000,2025-08-19 14:00:00,2812.125,2813.958,2799.381,2804.328
1755619200,2025-08-19 16:00:00,2804.036,2804.516,2791.589,2803.622
1755626400,2025-08-19 18:00:00,2803.765,2819.138,2797.612,2815.298
1755633600,2025-08-19 20:00:00,2815.387,2822.354,2806.05,2812.064
1755640800,2025-08-19 22:00:00,2811.995,2816.317,2803.591,2813.879
1755648000,2025-08-20 00:00:00,2814.049,2825.717,2809.923,2817.567
1755655200,2025-08-20 02:00:00,2817.467,2826.173,2815.364,2826.069
1755662400,2025-08-20 04:00:00,2826.375,2827.821,2811.038,2825.94
1755669600,2025-08-20 06:00:00,2826.153,2832.873,2818.716,2830.787
1755676800,2025-08-20 08:00:00,2830.646,2830.812,2806.797,2814.095
1755684000,2025-08-20 10:00:00,2814.34,2819.995,2802.619,2811.018
1755691200,2025-08-20 12:00:00,2811.15,2812.719,2799.649,2800.315
1755698400,2025-08-20 14:00:00,2799.92,2802.306,2791.435,2793.437
1755705600,2025-08-20 16:00:00,2793.404,2798.135,2784.736,2792.943
1755712800,2025-08-20 18:00:00,2792.794,2794.685,2784.374,2785.353
1755720000,2025-08-20 20:00:00,2785.434,2787.645,2772.365,2780.337
1755727200,2025-08-20 22:00:00,2780.253,2786.856,2760.133,2761.096
1755734400,2025-08-21 00:00:00,2760.802,2777.137,2757.273,2775.746
1755741600,2025-08-21 02:00:00,2776.217,2782.767,2769.923,2770.7
1755748800,2025-08-21 04:00:00,2770.555,2787.245,2769.8,2781.14
1755756000,2025-08-21 06:00:00,2781.289,2792.266,2777.294,2787.778
1755763200,2025-08-21 08:00:00,2787.866,2792.428,2783.061,2786.836
1755770400,2025-08-21 10:00:00,2786.899,2799.362,2780.222,2798.459
1755777600,2025-08-21 12:00:00,2798.502,2802.723,2785.152,2795.277
1755784800,2025-08-21 14:00:00,2795.16,2795.193,2779.796,2791.991
1755792000,2025-08-21 16:00:00,2792.161,2794.313,2776.64,2781.136
1755799200,2025-08-21 18:00:00,2781.108,2782.464,2772.568,2781.115
1755806400,2025-08-21 20:00:00,2781.042,2801.104,2775.911,2795.15
1755813600,2025-08-21 22:00:00,2795.146,2798.783,2782.064,2790.396
1755820800,2025-08-22 00:00:00,2790.628,2800.018,2787.89,2799.46
1755828000,2025-08-22 02:00:00,2799.678,2807.212,2793.532,2796.892
1755835200,2025-08-22 04:00:00,2797.106,2798.279,2789.675,2791.359
1755842400,2025-08-22 06:00:00,2791.354,2796.588,2779.484,2781.53
1755849600,2025-08-22 08:00:00,2781.949,2795.207,2776.256,2792.832
1755856800,2025-08-22 10:00:00,2792.857,2800.021,2782.268,2787.468
1755864000,2025-08-22 12:00:00,2787.401,2788.015,2758.382,2766.776
1755871200,2025-08-22 14:00:00,2766.57,2770.768,2759.707,2769.065
1755878400,2025-08-22 16:00:00,2769.028,2782.892,2767.07,2778.961
1755885600,2025-08-22 18:00:00,2779.118,2795.509,2773.742,2782.797
1755892800,2025-08-22 20:00:00,2782.835,2793.517,2782.372,2788.438
1755900000,2025-08-22 22:00:00,2787.967,2791.136,2765.1,2766.621
1755907200,2025-08-23 00:00:00,2766.837,2783.585,2766.638,2770.98
1755914400,2025-08-23 02:00:00,2770.766,2794.437,2770.329,2792.917
1755921600,2025-08-23 04:00:00,2792.839,2795.558,2781.581,2783.841
1755928800,2025-08-23 06:00:00,2783.652,2789.504,2776.684,2783.581
1755936000,2025-08-23 08:00:00,2783.131,2783.88,2774.522,2777.022
1755943200,2025-08-23 10:00:00,2776.961,2778.736,2766.321,2768.958
1755950400,2025-08-23 12:00:00,2768.866,2776.921,2763.053,2773.941
1755957600,2025-08-23 14:00:00,2773.853,2784.942,2768.476,2780.038
1755964800,2025-08-23 16:00:00,2780.159,2789.695,2771.557,2773.914
1755972000,2025-08-23 18:00:00,2773.918,2785.856,2771.983,2774.42
1755979200,2025-08-23 20:00:00,2774.463,2776.17,2759.724,2761.278
1755986400,2025-08-23 22:00:00,2761.297,2770.229,2751.567,2766.231
1755993600,2025-08-24 00:00:00,2766.352,2768.132,2748.36,2749.514
1756000800,2025-08-24 02:00:00,2749.332,2756.594,2745.937,2754.575
1756008000,2025-08-24 04:00:00,2754.793,2768.432,2753.43,2756.623
1756015200,2025-08-24 06:00:00,2756.426,2765.437,2755.601,2762.216
1756022400,2025-08-24 08:00:00,2762.057,2779.278,2761.831,2776.471
1756029600,2025-08-24 10:00:00,2776.41,2796.908,2776.135,2796.753
1756036800,2025-08-24 12:00:00,2796.832,2808.973,2795.956,2800.308
1756044000,2025-08-24 14:00:00,2800.561,2801.9,2788.107,2788.116
1756051200,2025-08-24 16:00:00,2787.936,2801.173,2782.501,2796.916
1756058400,2025-08-24 18:00:00,2796.802,2802.134,2775.401,2778.49
1756065600,2025-08-24 20:00:00,2778.632,2789.65,2776.363,2783.851
1756072800,2025-08-24 22:00:00,2784.07,2789.079,2776.308,2782.221
1756080000,2025-08-25 00:00:00,2782.183,2788.342,2770.644,2771.353
1756087200,2025-08-25 02:00:00,2771.491,2778.495,2767.233,2777.204
1756094400,2025-08-25 04:00:00,2777.493,2780.612,2760.603,2762.292
1756101600,2025-08-25 06:00:00,2762.268,2763.001,2744.944,2747.886
1756108800,2025-08-25 08:00:00,2747.552,2753.022,2738.001,2738.199
1756116000,2025-08-25 10:00:00,2738.352,2746.6,2732.909,2745.169
1756123200,2025-08-25 12:00:00,2745.353,2746.383,2735.217,2740.026
1756130400,2025-08-25 14:00:00,2740.228,2746.032,2733.824,2743.183
1756137600,2025-08-25 16:00:00,2743.182,2753.104,2743.15,2749.491
1756144800,2025-08-25 18:00:00,2749.568,2752.525,2741.788,2746.901
1756152000,2025-08-25 20:00:00,2747.16,2758.278,2744.919,2756.04
1756159200,2025-08-25 22:00:00,2756.261,2758.394,2744.86,2753.135
1756166400,2025-08-26 00:00:00,2752.885,2767.127,2744.923,2765.686
1756173600,2025-08-26 02:00:00,2765.912,2792.926,2765.738,2791.955
1756180800,2025-08-26 04:00:00,2791.978,2800.534,2781.596,2794.865
1756188000,2025-08-26 06:00:00,2795.192,2798.131,2773.927,2774.102
1756195200,2025-08-26 08:00:00,2773.815,2786.856,2772.532,2778.127
1756202400,2025-08-26 10:00:00,2777.783,2789.166,2776.048,2785.713
1756209600,2025-08-26 12:00:00,2785.549,2788.727,2775.087,2780.854
1756216800,2025-08-26 14:00:00,2780.951,2806.352,2778.909,2802.415
1756224000,2025-08-26 16:00:00,2802.461,2809.609,2790.259,2793.539
1756231200,2025-08-26 18:00:00,2793.73,2794.652,2781.776,2790.803
1756238400,2025-08-26 20:00:00,2790.784,2791.427,2779.455,2784.098
1756245600,2025-08-26 22:00:00,2784.177,2805.513,2783.966,2802.198
1756252800,2025-08-27 00:00:00,2802.161,2816.879,2801.066,2809.955
1756260000,2025-08-27 02:00:00,2809.728,2819.148,2803.524,2804.853
1756267200,2025-08-27 04:00:00,2804.839,2819.078,2802.016,2816.418
1756274400,2025-08-27 06:00:00,2816.592,2819.525,2804.828,2808.851
1756281600,2025-08-27 08:00:00,2809.01,2812.807,2800.172,2812.807
1756288800,2025-08-27 10:00:00,2812.8,2816.306,2797.958,2800.632
1756296000,2025-08-27 12:00:00,2800.872,2801.779,2788.295,2790.545
1756303200,2025-08-27 14:00:00,2790.426,2801.515,2787.864,2792.607
1756310400,2025-08-27 16:00:00,2792.995,2801.94,2791.403,2798.261
1756317600,2025-08-27 18:00:00,2798.391,2805.914,2790.779,2798.561
1756324800,2025-08-27 20:00:00,2798.591,2810.378,2789.947,2807.746
1756332000,2025-08-27 22:00:00,2807.94,2827.67,2804.702,2821.854
1756339200,2025-08-28 00:00:00,2821.942,2825.173,2810.752,2823.627
1756346400,2025-08-28 02:00:00,2823.563,2823.981,2810.215,2820.199
1756353600,2025-08-28 04:00:00,2820.413,2827.393,2811.631,2825.621
1756360800,2025-08-28 06:00:00,2825.598,2828.892,2814.296,2818.725
1756368000,2025-08-28 08:00:00,2818.833,2840.567,2817.117,2839.761
1756375200,2025-08-28 10:00:00,2839.398,2852.602,2836.417,2847.208
1756382400,2025-08-28 12:00:00,2847.481,2855.202,2846.882,2848.041
1756389600,2025-08-28 14:00:00,2847.902,2848.065,2830.009,2846.89
1756396800,2025-08-28 16:00:00,2847.012,2852.49,2838.746,2839.909
1756404000,2025-08-28 18:00:00,2839.863,2856.336,2835.98,2856.336
1756411200,2025-08-28 20:00:00,2856.437,2856.861,2842.318,2850.031
1756418400,2025-08-28 22:00:00,2849.889,2849.96,2836.81,2841.009
1756425600,2025-08-29 00:00:00,2840.868,2845.861,2835.643,2839.881
1756432800,2025-08-29 02:00:00,2839.944,2843.916,2834.401,2836.478
1756440000,2025-08-29 04:00:00,2836.594,2850.191,2835.747,2848.568
1756447200,2025-08-29 06:00:00,2848.456,2849.581,2833.565,2839.13
1756454400,2025-08-29 08:00:00,2839.069,2846.47,2833.64,2839.352
1756461600,2025-08-29 10:00:00,2839.35,2856.471,2837.47,2851.726
1756468800,2025-08-29 12:00:00,2851.967,2852.008,2828.52,2829.358
1756476000,2025-08-29 14:00:00,2829.23,2836.133,2821.683,2835.921
1756483200,2025-08-29 16:00:00,2835.894,2838.438,2826.146,2826.315
1756490400,2025-08-29 18:00:00,2826.622,2834.677,2819.914,2828.776
1756497600,2025-08-29 20:00:00,2828.687,2834.931,2815.823,2819.209
1756504800,2025-08-29 22:00:00,2819.492,2819.702,2799.852,2800.958
1756512000,2025-08-30 00:00:00,2801.077,2801.955,2787.359,2793.258
1756519200,2025-08-30 02:00:00,2793.072,2807.471,2790.839,2803.964
1756526400,2025-08-30 04:00:00,2803.965,2821.724,2799.041,2815.229
1756533600,2025-08-30 06:00:00,2815.346,2815.346,2794.36,2794.776
1756540800,2025-08-30 08:00:00,2794.787,2807.681,2794.094,2800.773
1756548000,2025-08-30 10:00:00,2800.777,2812.652,2798.344,2802.573
1756555200,2025-08-30 12:00:00,2802.801,2811.743,2797.777,2799.319
1756562400,2025-08-30 14:00:00,2799.563,2803.027,2790.455,2790.455
1756569600,2025-08-30 16:00:00,2790.262,2802.374,2789.706,2798.221
1756576800,2025-08-30 18:00:00,2798.495,2822.29,2796.66,2820.125
1756584000,2025-08-30 20:00:00,2820.126,2821.1,2801.529,2802.435
1756591200,2025-08-30 22:00:00,2802.617,2807.395,2793.033,2795.289
1756598400,2025-08-31 00:00:00,2795.148,2800.007,2786.364,2799.42
1756605600,2025-08-31 02:00:00,2799.536,2810.448,2797.516,2803.903
1756612800,2025-08-31 04:00:00,2803.804,2806.638,2797.691,2802.637
1756620000,2025-08-31 06:00:00,2802.667,2808.933,2797.807,2798.301
1756627200,2025-08-31 08:00:00,2798.491,2823.108,2798.491,2822.781
1756634400,2025-08-31 10:00:00,2822.742,2835.739,2822.742,2834.853
1756641600,2025-08-31 12:00:00,2834.918,2847.145,2826.705,2846.247
1756648800,2025-08-31 14:00:00,2846.016,2846.782,2831.583,2838.418
1756656000,2025-08-31 16:00:00,2837.977,2852.82,2837.872,2841.295
1756663200,2025-08-31 18:00:00,2841.304,2859.893,2840.516,2852.107
1756670400,2025-08-31 20:00:00,2852.554,2856.246,2843.527,2847.509
1756677600,2025-08-31 22:00:00,2847.603,2853.596,2839.291,2846.295
1756684800,2025-09-01 00:00:00,2846.247,2859.58,2846.183,2855.445
1756692000,2025-09-01 02:00:00,2855.516,2867.739,2854.341,2860.603
1756699200,2025-09-01 04:00:00,2860.699,2868.762,2856.299,2862.264
1756706400,2025-09-01 06:00:00,2862.331,2864.493,2851.806,2862.098
1756713600,2025-09-01 08:00:00,2862.048,2863.863,2844.146,2851.068
1756720800,2025-09-01 10:00:00,2851.184,2869.066,2849.414,2867.212
1756728000,2025-09-01 12:00:00,2866.928,2871.985,2857.568,2860.383
1756735200,2025-09-01 14:00:00,2860.454,2862.917,2848.677,2855.344
1756742400,2025-09-01 16:00:00,2855.191,2859.196,2847.372,2847.51
1756749600,2025-09-01 18:00:00,2847.705,2852.032,2839.665,2844.944
1756756800,2025-09-01 20:00:00,2844.939,2851.16,2833.927,2844.407
1756764000,2025-09-01 22:00:00,2844.623,2859.436,2844.623,2849.913
1756771200,2025-09-02 00:00:00,2849.851,2862.344,2847.346,2855.356
1756778400,2025-09-02 02:00:00,2855.185,2872.56,2855.153,2868.69
1756785600,2025-09-02 04:00:00,2868.705,2890.341,2867.905,2885.624
1756792800,2025-09-02 06:00:00,2885.299,2889.527,2878.76,2879.389
1756800000,2025-09-02 08:00:00,2879.35,2892.082,2875.894,2889.224
1756807200,2025-09-02 10:00:00,2889.51,2905.705,2884.479,2898.64
1756814400,2025-09-02 12:00:00,2898.672,2899.912,2881.747,2882.083
1756821600,2025-09-02 14:00:00,2882.296,2888.984,2870.379,2884.669
1756828800,2025-09-02 16:00:00,2884.549,2892.757,2870.588,2892.667
1756836000,2025-09-02 18:00:00,2892.354,2911.742,2892.321,2910.631
1756843200,2025-09-02 20:00:00,2910.753,2919.521,2907.961,2912.827
1756850400,2025-09-02 22:00:00,2912.847,2926.06,2908.068,2923.977
1756857600,2025-09-03 00:00:00,2923.809,2930.096,2919.855,2920.801
1756864800,2025-09-03 02:00:00,2920.801,2941.58,2917.226,2938.779
1756872000,2025-09-03 04:00:00,2938.745,2957.66,2937.631,2942.563
1756879200,2025-09-03 06:00:00,2942.728,2947.724,2933.16,2940.26
1756886400,2025-09-03 08:00:00,2940.175,2944.308,2929.962,2935.454
1756893600,2025-09-03 10:00:00,2935.247,2957.009,2931.582,2956.442
1756900800,2025-09-03 12:00:00,2956.335,2982.469,2956.335,2977.87
1756908000,2025-09-03 14:00:00,2977.866,2997.415,2977.587,2997.402
1756915200,2025-09-03 16:00:00,2997.789,3014.708,2994.681,3014.539
1756922400,2025-09-03 18:00:00,3014.506,3016.044,2997.411,3002.236
1756929600,2025-09-03 20:00:00,3002.397,3018.656,3002.176,3011.857
1756936800,2025-09-03 22:00:00,3012.03,3013.076,2994.196,2998.703
1756944000,2025-09-04 00:00:00,2998.733,3006.077,2985.411,2986.535
1756951200,2025-09-04 02:00:00,2986.347,2994.555,2981.125,2983.265
1756958400,2025-09-04 04:00:00,2983.129,2988.633,2968.806,2973.398
1756965600,2025-09-04 06:00:00,2972.837,2977.184,2965.066,2972.542
1756972800,2025-09-04 08:00:00,2972.581,2976.024,2960.033,2967.476
1756980000,2025-09-04 10:00:00,2967.545,2974.822,2962.43,2973.142
1756987200,2025-09-04 12:00:00,2973.016,2973.033,2950.62,2958.774
1756994400,2025-09-04 14:00:00,2958.607,2963.972,2949.237,2959.596
1757001600,2025-09-04 16:00:00,2959.671,2968.953,2957.626,2959.824
1757008800,2025-09-04 18:00:00,2959.837,2974.548,2958.069,2969.368
1757016000,2025-09-04 20:00:00,2969.52,2973.981,2960.651,2966.52
1757023200,2025-09-04 22:00:00,2966.658,2970.735,2958.804,2969.598
1757030400,2025-09-05 00:00:00,2969.847,2970.949,2951.453,2953.841
1757037600,2025-09-05 02:00:00,2953.456,2954.543,2937.01,2948.147
1757044800,2025-09-05 04:00:00,2948.179,2949.804,2938.998,2949.759
1757052000,2025-09-05 06:00:00,2949.757,2956.11,2939.06,2954.698
1757059200,2025-09-05 08:00:00,2954.501,2955.905,2943.676,2947.134
1757066400,2025-09-05 10:00:00,2947.013,2955.036,2933.262,2937.347
1757073600,2025-09-05 12:00:00,2937.28,2949.955,2931.952,2948.019
1757080800,2025-09-05 14:00:00,2948.113,2948.745,2936.296,2945.838
1757088000,2025-09-05 16:00:00,2946.337,2957.415,2943.183,2957.131
1757095200,2025-09-05 18:00:00,2957.341,2966.967,2950.403,2965.103
1757102400,2025-09-05 20:00:00,2964.857,2972.271,2960.03,2969.084
1757109600,2025-09-05 22:00:00,2969.334,2976.998,2964.531,2970.718
1757116800,2025-09-06 00:00:00,2970.929,2976.808,2968.719,2971.304
1757124000,2025-09-06 02:00:00,2971.52,2973.834,2947.958,2964.212
1757131200,2025-09-06 04:00:00,2964.211,2968.099,2944.258,2946.657
1757138400,2025-09-06 06:00:00,2946.918,2954.48,2941.288,2954.48
1757145600,2025-09-06 08:00:00,2954.348,2968.461,2949.73,2958.955
1757152800,2025-09-06 10:00:00,2958.755,2963.81,2951.732,2961.401
1757160000,2025-09-06 12:00:00,2961.676,2967.188,2945.878,2966.694
1757167200,2025-09-06 14:00:00,2966.769,2975.571,2966.455,2975.069
1757174400,2025-09-06 16:00:00,2975.042,2977.496,2958.255,2959.636
1757181600,2025-09-06 18:00:00,2959.489,2963.134,2943.347,2950.539
1757188800,2025-09-06 20:00:00,2950.7,2951.411,2941.906,2948.172
1757196000,2025-09-06 22:00:00,2947.973,2957.217,2942.04,2955.597
1757203200,2025-09-07 00:00:00,2955.543,2962.883,2948.518,2949.185
1757210400,2025-09-07 02:00:00,2948.988,2953.078,2940.686,2943.879
1757217600,2025-09-07 04:00:00,2943.884,2945.993,2934.221,2943.787
1757224800,2025-09-07 06:00:00,2943.8,2951.421,2928.26,2928.975
1757232000,2025-09-07 08:00:00,2928.897,2933.514,2908.187,2910.106
1757239200,2025-09-07 10:00:00,2910.126,2910.325,2893.31,2896.897
1757246400,2025-09-07 12:00:00,2896.872,2908.652,2890.639,2899.739
1757253600,2025-09-07 14:00:00,2899.794,2902.057,2884.28,2885.739
1757260800,2025-09-07 16:00:00,2885.664,2886.51,2869.736,2871.486
1757268000,2025-09-07 18:00:00,2871.498,2872.972,2858.002,2858.878
1757275200,2025-09-07 20:00:00,2858.846,2877.204,2857.747,2867.077
1757282400,2025-09-07 22:00:00,2867.139,2874.912,2862.943,2870.898
1757289600,2025-09-08 00:00:00,2871.034,2879.725,2866.19,2873.51
1757296800,2025-09-08 02:00:00,2873.254,2880.397,2863.44,2865.677
1757304000,2025-09-08 04:00:00,2865.575,2870.455,2853.733,2855.517
1757311200,2025-09-08 06:00:00,2855.226,2860.911,2844.772,2859.684
1757318400,2025-09-08 08:00:00,2859.751,2875.91,2859.628,2874.818
1757325600,2025-09-08 10:00:00,2874.706,2878.856,2866.424,2875.036
1757332800,2025-09-08 12:00:00,2875.28,2885.435,2866.974,2868.952
1757340000,2025-09-08 14:00:00,2868.94,2871.665,2858.379,2862.963
1757347200,2025-09-08 16:00:00,2863.095,2873.724,2860.49,2867.357
1757354400,2025-09-08 18:00:00,2867.467,2869.275,2858.858,2866.269
1757361600,2025-09-08 20:00:00,2866.075,2868.136,2839.275,2841.611
1757368800,2025-09-08 22:00:00,2841.608,2848.586,2837.385,2846.966
1757376000,2025-09-09 00:00:00,2846.863,2850.369,2831.543,2837.683
1757383200,2025-09-09 02:00:00,2837.721,2855.31,2835.022,2843.304
1757390400,2025-09-09 04:00:00,2843.086,2848.139,2833.44,2833.555
1757397600,2025-09-09 06:00:00,2833.868,2836.814,2813.553,2822.357
1757404800,2025-09-09 08:00:00,2822.52,2830.668,2820.769,2826.861
1757412000,2025-09-09 10:00:00,2826.646,2832.759,2822.966,2825.755
1757419200,2025-09-09 12:00:00,2825.908,2844.205,2822.2,2837.316
1757426400,2025-09-09 14:00:00,2837.016,2841.106,2828.014,2837.599
1757433600,2025-09-09 16:00:00,2837.647,2850.411,2835.238,2844.474
1757440800,2025-09-09 18:00:00,2844.596,2847.514,2830.106,2837.93
1757448000,2025-09-09 20:00:00,2838.093,2840.512,2821.403,2832.999
1757455200,2025-09-09 22:00:00,2832.834,2841.751,2828.586,2837.51
1757462400,2025-09-10 00:00:00,2837.313,2840.208,2829.083,2829.907
1757469600,2025-09-10 02:00:00,2830.052,2838.259,2828.253,2835.888
1757476800,2025-09-10 04:00:00,2835.783,2838.989,2808.82,2811.537
1757484000,2025-09-10 06:00:00,2811.494,2814.496,2805.189,2806.038
1757491200,2025-09-10 08:00:00,2806.233,2811.217,2799.359,2808.442
1757498400,2025-09-10 10:00:00,2808.67,2822.014,2803.662,2808.117
1757505600,2025-09-10 12:00:00,2808.079,2822.58,2806.191,2818.56
1757512800,2025-09-10 14:00:00,2818.285,2824.661,2801.299,2819.836
1757520000,2025-09-10 16:00:00,2819.719,2826.747,2813.428,2815.421
1757527200,2025-09-10 18:00:00,2815.489,2823.776,2811.705,2813.103
1757534400,2025-09-10 20:00:00,2813.052,2820.138,2799.956,2800.342
1757541600,2025-09-10 22:00:00,2800.458,2808.649,2790.986,2805.118
1757548800,2025-09-11 00:00:00,2804.891,2824.969,2804.118,2819.929
1757556000,2025-09-11 02:00:00,2819.885,2827.243,2812.351,2814.269
1757563200,2025-09-11 04:00:00,2814.333,2816.837,2806.071,2811.182
1757570400,2025-09-11 06:00:00,2811.281,2811.899,2790.297,2799.737
1757577600,2025-09-11 08:00:00,2799.825,2809.625,2794.296,2809.486
1757584800,2025-09-11 10:00:00,2809.403,2820.822,2802.698,2810.368
1757592000,2025-09-11 12:00:00,2810.419,2818.265,2804.096,2807.916
1757599200,2025-09-11 14:00:00,2807.537,2826.159,2807.083,2818.703
1757606400,2025-09-11 16:00:00,2818.692,2827.933,2817.672,2826.074
1757613600,2025-09-11 18:00:00,2825.868,2831.473,2816.946,2830.256
1757620800,2025-09-11 20:00:00,2830.245,2830.573,2817.256,2817.691
1757628000,2025-09-11 22:00:00,2817.865,2827.934,2808.626,2826.965
1757635200,2025-09-12 00:00:00,2826.727,2827.909,2810.785,2815.084
1757642400,2025-09-12 02:00:00,2815.493,2833.96,2814.382,2827.38
1757649600,2025-09-12 04:00:00,2827.515,2832.239,2807.711,2811.893
1757656800,2025-09-12 06:00:00,2811.659,2819.051,2809.624,2810.171
1757664000,2025-09-12 08:00:00,2809.864,2817.354,2797.46,2799.58
1757671200,2025-09-12 10:00:00,2799.397,2799.397,2789.589,2794.008
1757678400,2025-09-12 12:00:00,2793.923,2796.874,2785.078,2796.282
1757685600,2025-09-12 14:00:00,2796.316,2809.067,2786.87,2803.159
1757692800,2025-09-12 16:00:00,2803.333,2806.969,2788.557,2793.169
1757700000,2025-09-12 18:00:00,2793.272,2798.383,2788.34,2795.173
1757707200,2025-09-12 20:00:00,2794.96,2807.696,2794.94,2806.108
1757714400,2025-09-12 22:00:00,2806.212,2807.113,2795.446,2802.463
1757721600,2025-09-13 00:00:00,2802.238,2810.191,2794.131,2805.594
1757728800,2025-09-13 02:00:00,2805.336,2808.852,2795.186,2803.07
1757736000,2025-09-13 04:00:00,2802.73,2815.982,2802.607,2807.954
1757743200,2025-09-13 06:00:00,2807.913,2814.145,2801.243,2807.891
1757750400,2025-09-13 08:00:00,2808.067,2812.638,2796.388,2804.188
1757757600,2025-09-13 10:00:00,2804.336,2811.388,2798.112,2804.326
1757764800,2025-09-13 12:00:00,2804.11,2810.858,2795.25,2798.255
1757772000,2025-09-13 14:00:00,2798.438,2806.512,2789.684,2792.993
1757779200,2025-09-13 16:00:00,2792.946,2797.518,2783.226,2787.655
1757786400,2025-09-13 18:00:00,2787.843,2789.456,2777.055,2783.958
1757793600,2025-09-13 20:00:00,2783.765,2805.665,2781.897,2798.142
1757800800,2025-09-13 22:00:00,2798.029,2809.007,2792.835,2803.557
1757808000,2025-09-14 00:00:00,2803.532,2805.298,2790.212,2797.63
1757815200,2025-09-14 02:00:00,2797.593,2808.673,2796.609,2808.673
1757822400,2025-09-14 04:00:00,2808.853,2818.212,2807.573,2815.604
1757829600,2025-09-14 06:00:00,2815.786,2820.068,2804.332,2813.656
1757836800,2025-09-14 08:00:00,2813.438,2829.256,2803.413,2825.328
1757844000,2025-09-14 10:00:00,2824.919,2826.31,2814.632,2823.089
1757851200,2025-09-14 12:00:00,2823.11,2825.308,2813.272,2819.766
1757858400,2025-09-14 14:00:00,2819.952,2834.603,2819.557,2831.294
1757865600,2025-09-14 16:00:00,2831.082,2834.449,2820.071,2827.156
1757872800,2025-09-14 18:00:00,2827.244,2831.389,2816.914,2820.813
1757880000,2025-09-14 20:00:00,2821.042,2828.192,2810.417,2813.465
1757887200,2025-09-14 22:00:00,2813.411,2825.404,2812.511,2819.734
1757894400,2025-09-15 00:00:00,2819.748,2844.926,2816.872,2837.123
1757901600,2025-09-15 02:00:00,2837.039,2852.235,2834.615,2846.055
1757908800,2025-09-15 04:00:00,2845.928,2868.72,2845.337,2854.418
1757916000,2025-09-15 06:00:00,2854.393,2860.846,2846.99,2856.632
1757923200,2025-09-15 08:00:00,2856.57,2869.694,2847.18,2848.372
1757930400,2025-09-15 10:00:00,2848.343,2850.877,2838.473,2839.899
1757937600,2025-09-15 12:00:00,2839.983,2842.67,2822.336,2831.054
1757944800,2025-09-15 14:00:00,2831.061,2831.456,2796.05,2796.246
1757952000,2025-09-15 16:00:00,2796.053,2809.021,2792.087,2792.546
1757959200,2025-09-15 18:00:00,2792.435,2808.016,2790.965,2806.74
1757966400,2025-09-15 20:00:00,2806.771,2819.853,2806.771,2818.01
1757973600,2025-09-15 22:00:00,2818.208,2833.554,2816.599,2827.456
1757980800,2025-09-16 00:00:00,2827.074,2830.808,2815.198,2816.373
1757988000,2025-09-16 02:00:00,2816.402,2817.024,2800.186,2813.739
1757995200,2025-09-16 04:00:00,2813.65,2823.52,2796.913,2823.442
1758002400,2025-09-16 06:00:00,2823.312,2834.27,2822.507,2830.975
1758009600,2025-09-16 08:00:00,2831.007,2831.281,2822.182,2825.212
1758016800,2025-09-16 10:00:00,2824.978,2833.814,2813.428,2817.65
1758024000,2025-09-16 12:00:00,2817.516,2821.494,2801.814,2801.97
1758031200,2025-09-16 14:00:00,2802.168,2820.988,2800.773,2820.082
1758038400,2025-09-16 16:00:00,2820.113,2834.739,2811.124,2830.259
1758045600,2025-09-16 18:00:00,2830.294,2832.961,2816.228,2819.461
1758052800,2025-09-16 20:00:00,2819.592,2821.122,2804.888,2805.762
1758060000,2025-09-16 22:00:00,2805.725,2814.58,2800.406,2807.24
1758067200,2025-09-17 00:00:00,2807.299,2814.173,2803.499,2803.935
1758074400,2025-09-17 02:00:00,2803.841,2809.267,2799.281,2804.555
1758081600,2025-09-17 04:00:00,2804.737,2813.512,2802.897,2807.438
1758088800,2025-09-17 06:00:00,2807.356,2813.174,2797.811,2808.9
1758096000,2025-09-17 08:00:00,2808.956,2815.689,2791.125,2792.938
1758103200,2025-09-17 10:00:00,2792.773,2796.896,2783.471,2795.083
1758110400,2025-09-17 12:00:00,2795.174,2806.381,2783.72,2803.95
1758117600,2025-09-17 14:00:00,2803.84,2803.84,2788.947,2792.612
1758124800,2025-09-17 16:00:00,2792.7,2799.495,2784.399,2791.845
1758132000,2025-09-17 18:00:00,2791.695,2793,2772.985,2783.64
1758139200,2025-09-17 20:00:00,2783.67,2796.077,2780.59,2792.566
1758146400,2025-09-17 22:00:00,2792.486,2794.885,2783.567,2788.575
1758153600,2025-09-18 00:00:00,2788.725,2795.418,2782.207,2791.324
1758160800,2025-09-18 02:00:00,2791.368,2797.631,2780.29,2797.295
1758168000,2025-09-18 04:00:00,2797.542,2800.313,2788.968,2794.559
1758175200,2025-09-18 06:00:00,2794.622,2816.363,2794.256,2816.363
1758182400,2025-09-18 08:00:00,2816.594,2818.27,2798.805,2803.88
1758189600,2025-09-18 10:00:00,2803.809,2806.896,2793.76,2795.195
1758196800,2025-09-18 12:00:00,2795.459,2813.527,2790.296,2806.443
1758204000,2025-09-18 14:00:00,2806.319,2818.662,2798.326,2808.979
1758211200,2025-09-18 16:00:00,2809.154,2815.054,2799.964,2799.964
1758218400,2025-09-18 18:00:00,2799.47,2810.927,2798.406,2804.864
1758225600,2025-09-18 20:00:00,2804.998,2812.167,2797.208,2808.647
1758232800,2025-09-18 22:00:00,2808.451,2814.508,2800.207,2800.207
1758240000,2025-09-19 00:00:00,2800.185,2821.156,2798.95,2819.961
1758247200,2025-09-19 02:00:00,2819.99,2827.613,2814.327,2818.816
1758254400,2025-09-19 04:00:00,2818.886,2842.989,2817.961,2840.28
1758261600,2025-09-19 06:00:00,2835.751,2844.872,2834.365,2841.1
1758268800,2025-09-19 08:00:00,2841.115,2850.873,2832.509,2849.43
1758276000,2025-09-19 10:00:00,2849.299,2854.689,2842.643,2843.874
1758283200,2025-09-19 12:00:00,2844.214,2855.887,2837.894,2841.099
1758290400,2025-09-19 14:00:00,2841.124,2843.399,2830.846,2838.272
1758297600,2025-09-19 16:00:00,2838.097,2842.814,2832.316,2836.047
1758304800,2025-09-19 18:00:00,2835.953,2841.391,2830.518,2833.822
1758312000,2025-09-19 20:00:00,2833.83,2837.209,2821.205,2822.266
1758319200,2025-09-19 22:00:00,2822.486,2830.678,2811.401,2815.11
1758326400,2025-09-20 00:00:00,2815.367,2819.532,2805.591,2807.618
1758333600,2025-09-20 02:00:00,2807.465,2813.723,2801.622,2809.77
1758340800,2025-09-20 04:00:00,2809.729,2813.225,2790.768,2795.188
1758348000,2025-09-20 06:00:00,2795.279,2797.97,2785.211,2792.24
1758355200,2025-09-20 08:00:00,2792.271,2801.066,2788.863,2790.282
1758362400,2025-09-20 10:00:00,2790.237,2793.128,2781.205,2787.85
1758369600,2025-09-20 12:00:00,2787.985,2795.653,2783.086,2793.14
1758376800,2025-09-20 14:00:00,2792.936,2806.789,2790.601,2799.072
1758384000,2025-09-20 16:00:00,2799.059,2801.813,2784.608,2793.342
1758391200,2025-09-20 18:00:00,2793.245,2818.889,2790.195,2818.591
1758398400,2025-09-20 20:00:00,2818.401,2833.404,2812.47,2832.798
1758405600,2025-09-20 22:00:00,2832.561,2853.54,2832.277,2849.955
1758412800,2025-09-21 00:00:00,2849.996,2858.091,2845.25,2850.84
1758420000,2025-09-21 02:00:00,2850.966,2857.099,2844.593,2849.078
1758427200,2025-09-21 04:00:00,2848.878,2865.036,2844.147,2855.042
1758434400,2025-09-21 06:00:00,2855.13,2859.795,2839.828,2853.327
1758441600,2025-09-21 08:00:00,2853.325,2857.158,2841.717,2847.383
1758448800,2025-09-21 10:00:00,2847.091,2865.278,2843.795,2864.107
1758456000,2025-09-21 12:00:00,2863.698,2868.167,2856.682,2864.117
1758463200,2025-09-21 14:00:00,2864.134,2865.882,2853.287,2856.882
1758470400,2025-09-21 16:00:00,2856.757,2866.263,2846.594,2863.545
1758477600,2025-09-21 18:00:00,2863.438,2865.564,2837.36,2862.482
1758484800,2025-09-21 20:00:00,2862.577,2871.628,2856.278,2857.265
1758492000,2025-09-21 22:00:00,2857.271,2884.607,2855.156,2884.159
1758499200,2025-09-22 00:00:00,2883.92,2896.568,2882.364,2887.134
1758506400,2025-09-22 02:00:00,2887.25,2894.639,2877.983,2889.367
1758513600,2025-09-22 04:00:00,2889.304,2895.594,2883.264,2889.359
1758520800,2025-09-22 06:00:00,2889.387,2893.249,2875.81,2883.042
1758528000,2025-09-22 08:00:00,2883.133,2890.765,2877.699,2880.87
1758535200,2025-09-22 10:00:00,2880.806,2893.89,2877.616,2887.457
1758542400,2025-09-22 12:00:00,2887.622,2900.96,2883.15,2891.726
1758549600,2025-09-22 14:00:00,2891.463,2899.964,2891.01,2893.584
1758556800,2025-09-22 16:00:00,2893.507,2895.496,2876.369,2877.986
1758564000,2025-09-22 18:00:00,2877.841,2880.808,2861.628,2864.109
1758571200,2025-09-22 20:00:00,2864.047,2869.235,2859.026,2868.013
1758578400,2025-09-22 22:00:00,2868.039,2882.708,2865.443,2878.008
1758585600,2025-09-23 00:00:00,2878.019,2880.765,2863.266,2865.511
1758592800,2025-09-23 02:00:00,2865.403,2874.429,2857.472,2858.233
1758600000,2025-09-23 04:00:00,2858.437,2860.481,2848.809,2855.465
1758607200,2025-09-23 06:00:00,2855.331,2869.339,2853,2862.226
1758614400,2025-09-23 08:00:00,2862.347,2862.576,2837.693,2840.578
1758621600,2025-09-23 10:00:00,2840.367,2851.311,2824.943,2829.132
1758628800,2025-09-23 12:00:00,2829.278,2838.052,2828.651,2830.844
1758636000,2025-09-23 14:00:00,2830.745,2839.231,2825.192,2828.69
1758643200,2025-09-23 16:00:00,2828.599,2848.715,2826.742,2846.446
1758650400,2025-09-23 18:00:00,2846.343,2850.367,2830.713,2837.327
1758657600,2025-09-23 20:00:00,2837.306,2844.731,2834.078,2841.861
1758664800,2025-09-23 22:00:00,2841.685,2844.515,2835.522,2842.291
1758672000,2025-09-24 00:00:00,2842.34,2853.576,2838.66,2849.653
1758679200,2025-09-24 02:00:00,2849.701,2862.839,2845.034,2847.693
1758686400,2025-09-24 04:00:00,2847.847,2860.878,2836.483,2859.794
1758693600,2025-09-24 06:00:00,2859.682,2870.347,2856.061,2868.289
1758700800,2025-09-24 08:00:00,2868.015,2874.777,2862.595,2865.057
1758708000,2025-09-24 10:00:00,2865.009,2867.442,2851.913,2866.626
1758715200,2025-09-24 12:00:00,2866.759,2872.558,2859.167,2868.048
1758722400,2025-09-24 14:00:00,2867.609,2869.242,2856.598,2863.307
1758729600,2025-09-24 16:00:00,2863.31,2867.923,2848.647,2849.607
1758736800,2025-09-24 18:00:00,2849.889,2855.808,2837.891,2843.632
1758744000,2025-09-24 20:00:00,2843.789,2847.047,2826.509,2828.199
1758751200,2025-09-24 22:00:00,2828.53,2829.554,2806.972,2815.764
1758758400,2025-09-25 00:00:00,2815.918,2817.333,2798.271,2803.904
1758765600,2025-09-25 02:00:00,2803.954,2809.273,2798.514,2809.04
1758772800,2025-09-25 04:00:00,2809.078,2812.997,2798.47,2808.418
1758780000,2025-09-25 06:00:00,2808.207,2815.622,2804.146,2806.95
1758787200,2025-09-25 08:00:00,2806.927,2820.429,2803.542,2819.459
1758794400,2025-09-25 10:00:00,2819.446,2836.486,2816.259,2832.088
1758801600,2025-09-25 12:00:00,2832.161,2836.987,2827.963,2834.055
1758808800,2025-09-25 14:00:00,2833.745,2834.29,2821.146,2825.416
1758816000,2025-09-25 16:00:00,2825.732,2839.399,2825.602,2837.974
1758823200,2025-09-25 18:00:00,2838.108,2846.859,2833.388,2846.34
1758830400,2025-09-25 20:00:00,2846.468,2874.703,2842.609,2873.085
1758837600,2025-09-25 22:00:00,2873.088,2874.041,2862.383,2862.406
1758844800,2025-09-26 00:00:00,2862.466,2871.928,2855.304,2868.266
1758852000,2025-09-26 02:00:00,2868.122,2876.988,2850.545,2875.742
1758859200,2025-09-26 04:00:00,2875.719,2877.739,2859.816,2859.816
1758866400,2025-09-26 06:00:00,2859.977,2876.099,2859.651,2868.051
1758873600,2025-09-26 08:00:00,2868.125,2871.899,2858.655,2859.724
1758880800,2025-09-26 10:00:00,2859.741,2868.031,2846.175,2848.759
1758888000,2025-09-26 12:00:00,2848.583,2850.825,2834.927,2838.141
1758895200,2025-09-26 14:00:00,2838.125,2840.976,2818.389,2825.563
1758902400,2025-09-26 16:00:00,2825.631,2826.929,2816.167,2824.508
1758909600,2025-09-26 18:00:00,2824.462,2832.625,2817.498,2831.565
1758916800,2025-09-26 20:00:00,2831.428,2835.953,2825.975,2831.321
1758924000,2025-09-26 22:00:00,2831.589,2837.948,2821.92,2827.747
1758931200,2025-09-27 00:00:00,2827.853,2846.576,2827.853,2838.464
1758938400,2025-09-27 02:00:00,2838.198,2856.888,2832.266,2846.987
1758945600,2025-09-27 04:00:00,2846.961,2850.607,2828.378,2829.46
1758952800,2025-09-27 06:00:00,2829.528,2833.092,2817.412,2820.209
1758960000,2025-09-27 08:00:00,2820.183,2829.514,2816.725,2819.445
1758967200,2025-09-27 10:00:00,2819.813,2825.498,2808.212,2820.044
1758974400,2025-09-27 12:00:00,2819.992,2825.346,2803.525,2804.707
1758981600,2025-09-27 14:00:00,2804.604,2810.643,2786.673,2788.808
1758988800,2025-09-27 16:00:00,2788.751,2806.291,2788.204,2796.713
1758996000,2025-09-27 18:00:00,2796.887,2800.557,2786.558,2798.559
1759003200,2025-09-27 20:00:00,2798.505,2800.695,2785.841,2794.7
1759010400,2025-09-27 22:00:00,2794.668,2796,2785.118,2790.944
1759017600,2025-09-28 00:00:00,2791.029,2801.828,2786.158,2796.681
1759024800,2025-09-28 02:00:00,2796.714,2808.039,2793.544,2793.959
1759032000,2025-09-28 04:00:00,2794.162,2796.101,2779.576,2786.181
1759039200,2025-09-28 06:00:00,2786.34,2787.536,2764.554,2779.062
1759046400,2025-09-28 08:00:00,2779.303,2790.242,2774.802,2779.405
1759053600,2025-09-28 10:00:00,2779.773,2788.273,2771.37,2777.615
1759060800,2025-09-28 12:00:00,2777.462,2790.846,2776.579,2782.811
1759068000,2025-09-28 14:00:00,2782.646,2792.486,2772.708,2790.965
1759075200,2025-09-28 16:00:00,2791.045,2791.254,2775.42,2777.082
1759082400,2025-09-28 18:00:00,2776.964,2782.252,2762.674,2767.465
1759089600,2025-09-28 20:00:00,2767.77,2774.211,2757.107,2759.78
1759096800,2025-09-28 22:00:00,2759.776,2773.983,2758.15,2773.983
1759104000,2025-09-29 00:00:00,2773.908,2778.096,2764.26,2765.589
1759111200,2025-09-29 02:00:00,2765.243,2767.843,2748.148,2749.412
1759118400,2025-09-29 04:00:00,2749.558,2752.703,2728.298,2731.526
1759125600,2025-09-29 06:00:00,2731.838,2735.209,2711.986,2714.022
1759132800,2025-09-29 08:00:00,2713.991,2722.162,2710.697,2716.972
1759140000,2025-09-29 10:00:00,2717.089,2726.062,2716.662,2720.767
1759147200,2025-09-29 12:00:00,2720.726,2727.535,2708.691,2718.086
1759154400,2025-09-29 14:00:00,2718.012,2720.496,2699.933,2717.912
1759161600,2025-09-29 16:00:00,2717.946,2721.862,2707.108,2714.311
1759168800,2025-09-29 18:00:00,2714.335,2715.398,2700.496,2708.33
1759176000,2025-09-29 20:00:00,2708.395,2714.568,2695.171,2696.102
1759183200,2025-09-29 22:00:00,2696.144,2702.004,2687.972,2701.134
1759190400,2025-09-30 00:00:00,2701.091,2707.517,2693.879,2698.071
1759197600,2025-09-30 02:00:00,2698.305,2702.373,2685.411,2687.808
1759204800,2025-09-30 04:00:00,2688.007,2693.603,2679.586,2686.804
1759212000,2025-09-30 06:00:00,2686.802,2690.856,2676.068,2676.89
1759219200,2025-09-30 08:00:00,2676.91,2679.977,2667.617,2673.062
1759226400,2025-09-30 10:00:00,2672.802,2685.946,2667.583,2682.683
1759233600,2025-09-30 12:00:00,2682.967,2698.99,2682.563,2693.743
1759240800,2025-09-30 14:00:00,2693.673,2701.081,2690.281,2697.977
1759248000,2025-09-30 16:00:00,2697.9,2698.884,2684.906,2686.81
1759255200,2025-09-30 18:00:00,2686.831,2687.593,2674.855,2683.663
1759262400,2025-09-30 20:00:00,2683.786,2684.556,2666.735,2667.023
1759269600,2025-09-30 22:00:00,2667.271,2672.612,2661.088,2671.196
1759276800,2025-10-01 00:00:00,2671.186,2678.141,2664.451,2676.802
1759284000,2025-10-01 02:00:00,2676.577,2681.788,2673.721,2674.317
1759291200,2025-10-01 04:00:00,2674.272,2693.945,2673.032,2678.03
1759298400,2025-10-01 06:00:00,2677.993,2678.702,2664.085,2669.889
1759305600,2025-10-01 08:00:00,2669.71,2669.725,2651.05,2654.16
1759312800,2025-10-01 10:00:00,2654.083,2654.856,2642.576,2644.718
1759320000,2025-10-01 12:00:00,2644.837,2648.918,2625.941,2628.962
1759327200,2025-10-01 14:00:00,2629.029,2634.309,2621.778,2622.043
1759334400,2025-10-01 16:00:00,2622.072,2626.218,2618.699,2620.901
1759341600,2025-10-01 18:00:00,2621.16,2623.442,2613.02,2617.749
1759348800,2025-10-01 20:00:00,2617.569,2626.673,2612.47,2614.205
1759356000,2025-10-01 22:00:00,2614.67,2619.824,2604.211,2606.898
1759363200,2025-10-02 00:00:00,2606.768,2610.04,2597.396,2599.958
1759370400,2025-10-02 02:00:00,2600.417,2602.296,2592.133,2596.852
1759377600,2025-10-02 04:00:00,2596.776,2602.081,2585.812,2589.644
1759384800,2025-10-02 06:00:00,2589.522,2601.806,2588.224,2589.374
1759392000,2025-10-02 08:00:00,2589.463,2590.063,2569.423,2574.436
1759399200,2025-10-02 10:00:00,2574.529,2587.11,2574.266,2582.573
1759406400,2025-10-02 12:00:00,2582.555,2587.294,2578.788,2586.538
1759413600,2025-10-02 14:00:00,2586.199,2593.495,2579.569,2590.469
1759420800,2025-10-02 16:00:00,2590.352,2594.48,2579.046,2592.618
1759428000,2025-10-02 18:00:00,2592.656,2603.757,2587.05,2590.927
1759435200,2025-10-02 20:00:00,2591.126,2604.989,2588.834,2597.09
1759442400,2025-10-02 22:00:00,2597.558,2608.261,2594.757,2601.863
1759449600,2025-10-03 00:00:00,2601.856,2614.035,2600.551,2611.096
1759456800,2025-10-03 02:00:00,2611.011,2615.007,2600.99,2603.856
1759464000,2025-10-03 04:00:00,2604.253,2607.786,2590.62,2591.084
1759471200,2025-10-03 06:00:00,2591.062,2603.741,2589.449,2592.429
1759478400,2025-10-03 08:00:00,2592.277,2605.838,2588.991,2596.471
1759485600,2025-10-03 10:00:00,2596.399,2610.041,2596.226,2608.623
1759492800,2025-10-03 12:00:00,2608.578,2621.189,2604.869,2608.205
1759500000,2025-10-03 14:00:00,2608.103,2610.043,2590.586,2590.944
1759507200,2025-10-03 16:00:00,2590.749,2602.731,2587.754,2602.17
1759514400,2025-10-03 18:00:00,2602.223,2606.133,2590.73,2597.9
1759521600,2025-10-03 20:00:00,2597.496,2601.475,2588.602,2595.205
1759528800,2025-10-03 22:00:00,2595.289,2610.715,2593.931,2605.738
1759536000,2025-10-04 00:00:00,2605.683,2614.675,2600.724,2612.458
1759543200,2025-10-04 02:00:00,2612.483,2622.138,2606.834,2621.662
1759550400,2025-10-04 04:00:00,2621.634,2627.556,2611.237,2615.783
1759557600,2025-10-04 06:00:00,2616.225,2616.59,2601.573,2609.402
1759564800,2025-10-04 08:00:00,2609.61,2620.633,2596.16,2597.346
1759572000,2025-10-04 10:00:00,2597.125,2603.982,2591.167,2600.372
1759579200,2025-10-04 12:00:00,2600.463,2607.921,2598.226,2601.349
1759586400,2025-10-04 14:00:00,2601.521,2607.289,2594.527,2604.058
1759593600,2025-10-04 16:00:00,2604.183,2604.183,2587.238,2589.696
1759600800,2025-10-04 18:00:00,2589.776,2597.4,2585.072,2586.434
1759608000,2025-10-04 20:00:00,2586.163,2591.14,2578.418,2587.938
1759615200,2025-10-04 22:00:00,2588.192,2599.258,2583.774,2590.254
1759622400,2025-10-05 00:00:00,2590.426,2597.604,2581.219,2581.646
1759629600,2025-10-05 02:00:00,2581.591,2586.125,2575.377,2579.576
1759636800,2025-10-05 04:00:00,2579.157,2586.168,2572.272,2578.786
1759644000,2025-10-05 06:00:00,2578.799,2585.6,2573.95,2583.479
1759651200,2025-10-05 08:00:00,2583.657,2589.465,2579.999,2589.465
1759658400,2025-10-05 10:00:00,2589.244,2594.367,2580.368,2589.94
1759665600,2025-10-05 12:00:00,2590.251,2590.346,2578.842,2584.587
1759672800,2025-10-05 14:00:00,2584.454,2603.149,2584.449,2594.955
1759680000,2025-10-05 16:00:00,2595.024,2596.846,2577.463,2577.567
1759687200,2025-10-05 18:00:00,2577.543,2589.046,2574.617,2574.617
1759694400,2025-10-05 20:00:00,2574.643,2581.087,2558.78,2563.503
1759701600,2025-10-05 22:00:00,2563.653,2576.658,2561.581,2575.93
1759708800,2025-10-06 00:00:00,2575.73,2576.162,2563.521,2568.932
1759716000,2025-10-06 02:00:00,2569.026,2569.728,2561.164,2567.486
1759723200,2025-10-06 04:00:00,2567.523,2572.635,2561.013,2562.731
1759730400,2025-10-06 06:00:00,2562.491,2569.467,2559.218,2559.759
1759737600,2025-10-06 08:00:00,2559.574,2571.582,2554.202,2569.46
1759744800,2025-10-06 10:00:00,2569.265,2573.195,2557.525,2572.277
1759752000,2025-10-06 12:00:00,2572.295,2588.608,2569.012,2585.886
1759759200,2025-10-06 14:00:00,2585.853,2589.502,2557.584,2559.804
1759766400,2025-10-06 16:00:00,2559.791,2566.812,2553.263,2563.396
1759773600,2025-10-06 18:00:00,2563.453,2571.272,2545.168,2546.908
1759780800,2025-10-06 20:00:00,2547.023,2559.677,2545.35,2545.977
1759788000,2025-10-06 22:00:00,2546.178,2559.465,2543.475,2552.227
1759795200,2025-10-07 00:00:00,2552.128,2565.987,2549.343,2563.499
1759802400,2025-10-07 02:00:00,2563.221,2574.306,2559.727,2565.872
1759809600,2025-10-07 04:00:00,2565.485,2587.429,2565.394,2587.151
1759816800,2025-10-07 06:00:00,2587.134,2601.587,2583.34,2592.464
1759824000,2025-10-07 08:00:00,2592.245,2595.082,2584.792,2588.072
1759831200,2025-10-07 10:00:00,2587.741,2603.134,2587.232,2595.903
1759838400,2025-10-07 12:00:00,2595.962,2598.725,2575.57,2587.055
1759845600,2025-10-07 14:00:00,2586.815,2603.623,2586.372,2600.541
1759852800,2025-10-07 16:00:00,2600.685,2626.206,2598.749,2623.778
1759860000,2025-10-07 18:00:00,2623.733,2635.115,2620.974,2634.403
1759867200,2025-10-07 20:00:00,2634.564,2640.234,2624.68,2631.347
1759874400,2025-10-07 22:00:00,2631.139,2646.433,2618.899,2622.007
1759881600,2025-10-08 00:00:00,2621.812,2629.769,2620.271,2621.982
1759888800,2025-10-08 02:00:00,2622.135,2630.387,2606.077,2608.608
1759896000,2025-10-08 04:00:00,2608.611,2616.197,2596.761,2599.079
1759903200,2025-10-08 06:00:00,2599.033,2599.58,2583.117,2585.998
1759910400,2025-10-08 08:00:00,2585.828,2586.822,2570.084,2575.416
1759917600,2025-10-08 10:00:00,2575.331,2589.865,2573.902,2585.403
1759924800,2025-10-08 12:00:00,2585.452,2592.284,2582.198,2587.645
1759932000,2025-10-08 14:00:00,2587.738,2593.015,2580.272,2580.578
1759939200,2025-10-08 16:00:00,2580.583,2593.642,2574.585,2591.602
1759946400,2025-10-08 18:00:00,2591.588,2601.455,2588.172,2593.56
1759953600,2025-10-08 20:00:00,2593.763,2596.542,2581.01,2584.658
1759960800,2025-10-08 22:00:00,2584.452,2591.409,2578.718,2585.431
1759968000,2025-10-09 00:00:00,2585.56,2586.617,2574.524,2576.567
1759975200,2025-10-09 02:00:00,2576.599,2594.547,2572.477,2593.328
1759982400,2025-10-09 04:00:00,2593.19,2612.335,2591.944,2603.979
1759989600,2025-10-09 06:00:00,2604.282,2609.793,2598.401,2599.063
1759996800,2025-10-09 08:00:00,2599.002,2606.491,2595.45,2605.26
1760004000,2025-10-09 10:00:00,2605.425,2610.849,2599.894,2602.853
1760011200,2025-10-09 12:00:00,2603.036,2608.361,2598.697,2605.575
1760018400,2025-10-09 14:00:00,2605.744,2606.645,2587.15,2589.442
1760025600,2025-10-09 16:00:00,2589.212,2605.942,2586.984,2603.546
1760032800,2025-10-09 18:00:00,2603.013,2620.671,2601.877,2616.405
1760040000,2025-10-09 20:00:00,2616.245,2621.468,2609.73,2613.563
1760047200,2025-10-09 22:00:00,2613.535,2621.595,2609.794,2610.341
1760054400,2025-10-10 00:00:00,2610.298,2614.508,2598.786,2601.195
1760061600,2025-10-10 02:00:00,2600.958,2610.565,2599.66,2607.027
1760068800,2025-10-10 04:00:00,2607.167,2619.75,2601.927,2609.695
1760076000,2025-10-10 06:00:00,2609.893,2612.317,2592.924,2601.928
1760083200,2025-10-10 08:00:00,2601.978,2611.33,2598.917,2610.687
1760090400,2025-10-10 10:00:00,2610.535,2616.127,2598.375,2606.32
1760097600,2025-10-10 12:00:00,2606.365,2611.122,2596.39,2603.212
1760104800,2025-10-10 14:00:00,2602.989,2610.962,2598.034,2599.743
1760112000,2025-10-10 16:00:00,2599.881,2602.613,2587.568,2590.484
1760119200,2025-10-10 18:00:00,2590.331,2591.021,2575.597,2581.862
1760126400,2025-10-10 20:00:00,2581.899,2588.273,2568.059,2570.38
1760133600,2025-10-10 22:00:00,2570.155,2570.155,2551.042,2554.14
1760140800,2025-10-11 00:00:00,2554.028,2555.949,2544.994,2552.308
1760148000,2025-10-11 02:00:00,2552.598,2558.597,2543.932,2550.551
1760155200,2025-10-11 04:00:00,2550.629,2554.797,2537.512,2537.964
1760162400,2025-10-11 06:00:00,2538.043,2541.921,2534.174,2536.347
1760169600,2025-10-11 08:00:00,2536.46,2550.583,2535.688,2541.399
1760176800,2025-10-11 10:00:00,2541.449,2547.66,2532.629,2533.546
1760184000,2025-10-11 12:00:00,2533.71,2540.978,2530.204,2535.872
1760191200,2025-10-11 14:00:00,2536.138,2549.58,2532.03,2545.593
1760198400,2025-10-11 16:00:00,2545.397,2545.587,2530.972,2541.375
1760205600,2025-10-11 18:00:00,2541.697,2542.153,2526.369,2527.257
1760212800,2025-10-11 20:00:00,2527.037,2547.895,2525.2,2545.668
1760220000,2025-10-11 22:00:00,2545.823,2556.636,2545.748,2547.664
1760227200,2025-10-12 00:00:00,2547.652,2553.202,2539.23,2539.467
1760234400,2025-10-12 02:00:00,2539.369,2548.863,2536.186,2546.675
1760241600,2025-10-12 04:00:00,2546.545,2567.047,2544.649,2565.243
1760248800,2025-10-12 06:00:00,2564.971,2565.434,2548.742,2553.948
1760256000,2025-10-12 08:00:00,2553.781,2557.378,2545.559,2551.909
1760263200,2025-10-12 10:00:00,2551.922,2571.394,2550.523,2570.559
1760270400,2025-10-12 12:00:00,2570.529,2587.58,2567.986,2581.621
1760277600,2025-10-12 14:00:00,2581.518,2586.348,2573.393,2584.201
1760284800,2025-10-12 16:00:00,2584.217,2598.451,2581.48,2595.471
1760292000,2025-10-12 18:00:00,2595.483,2601.994,2592.878,2594.672
1760299200,2025-10-12 20:00:00,2594.684,2615.502,2592.098,2614.228
1760306400,2025-10-12 22:00:00,2614.28,2624.247,2610.957,2611.297
1760313600,2025-10-13 00:00:00,2611.26,2620.197,2600.809,2609.211
1760320800,2025-10-13 02:00:00,2609.261,2616.921,2602.115,2613.074
1760328000,2025-10-13 04:00:00,2612.833,2614.635,2601.937,2607.719
1760335200,2025-10-13 06:00:00,2607.78,2612.856,2597.121,2610.942
1760342400,2025-10-13 08:00:00,2610.994,2616.403,2605.473,2606.9
1760349600,2025-10-13 10:00:00,2606.747,2619.117,2606.405,2614.565
1760356800,2025-10-13 12:00:00,2614.578,2619.519,2602.927,2606.684
1760364000,2025-10-13 14:00:00,2606.779,2614.706,2601.377,2602.211
1760371200,2025-10-13 16:00:00,2602.103,2608.94,2586.085,2587.965
1760378400,2025-10-13 18:00:00,2587.785,2604.564,2584.956,2602.471
1760385600,2025-10-13 20:00:00,2602.234,2602.697,2586.834,2588.277
1760392800,2025-10-13 22:00:00,2588.045,2589.644,2583.381,2584.557
1760400000,2025-10-14 00:00:00,2584.509,2593.636,2581.253,2583.472
1760407200,2025-10-14 02:00:00,2583.498,2590.593,2581.676,2583.833
1760414400,2025-10-14 04:00:00,2583.347,2586.227,2566.841,2567.178
1760421600,2025-10-14 06:00:00,2566.948,2573.593,2560.477,2561.633
1760428800,2025-10-14 08:00:00,2561.417,2563.837,2546.171,2551.09
1760436000,2025-10-14 10:00:00,2551.216,2555.735,2546.47,2554.769
1760443200,2025-10-14 12:00:00,2554.98,2556.104,2543.702,2554.933
1760450400,2025-10-14 14:00:00,2554.706,2558.242,2541.793,2543.431
1760457600,2025-10-14 16:00:00,2543.839,2557.181,2540.893,2549.143
1760464800,2025-10-14 18:00:00,2549.416,2567.579,2548.569,2565.005
1760472000,2025-10-14 20:00:00,2565.18,2572.262,2558.194,2572.102
1760479200,2025-10-14 22:00:00,2572.317,2573.187,2561.518,2568.061
1760486400,2025-10-15 00:00:00,2568.11,2568.87,2558.077,2568.168
1760493600,2025-10-15 02:00:00,2568.367,2578.217,2563.039,2576.918
1760500800,2025-10-15 04:00:00,2576.582,2584.611,2571.011,2577.676
1760508000,2025-10-15 06:00:00,2577.51,2588.242,2569.194,2570.598
1760515200,2025-10-15 08:00:00,2570.554,2581.99,2568.086,2577.91
1760522400,2025-10-15 10:00:00,2578.137,2583.446,2564.362,2565.315
1760529600,2025-10-15 12:00:00,2565.425,2571.883,2557.629,2560.497
1760536800,2025-10-15 14:00:00,2560.432,2560.616,2549.651,2555.712
1760544000,2025-10-15 16:00:00,2555.554,2569.44,2549.058,2561.366
1760551200,2025-10-15 18:00:00,2561.45,2563.471,2554.222,2559.093
1760558400,2025-10-15 20:00:00,2559.079,2569.998,2556.335,2559.933
1760565600,2025-10-15 22:00:00,2560.044,2568.634,2552.886,2563.018
1760572800,2025-10-16 00:00:00,2563.119,2565.017,2533.737,2537.194
1760580000,2025-10-16 02:00:00,2537.299,2553.054,2534.702,2539.79
1760587200,2025-10-16 04:00:00,2539.708,2555.139,2539.451,2552.979
1760594400,2025-10-16 06:00:00,2552.864,2552.912,2540.412,2543.563
1760601600,2025-10-16 08:00:00,2543.509,2546.558,2529.099,2534.866
1760608800,2025-10-16 10:00:00,2534.595,2534.973,2518.173,2522.054
1760616000,2025-10-16 12:00:00,2521.92,2524.166,2519.016,2524.025
1760623200,2025-10-16 14:00:00,2524.313,2530.224,2519.12,2523.58
1760630400,2025-10-16 16:00:00,2523.485,2535.542,2518.21,2533.042
1760637600,2025-10-16 18:00:00,2532.783,2534.555,2526.695,2528.666
1760644800,2025-10-16 20:00:00,2528.587,2540.902,2526.593,2537.541
1760652000,2025-10-16 22:00:00,2537.645,2537.856,2521.771,2524.91
1760659200,2025-10-17 00:00:00,2525.162,2528.496,2514.062,2520.173
1760666400,2025-10-17 02:00:00,2520.138,2526.454,2511.771,2514.592
1760673600,2025-10-17 04:00:00,2514.797,2526.224,2510.782,2519.338
1760680800,2025-10-17 06:00:00,2519.327,2519.616,2504.045,2505.501
1760688000,2025-10-17 08:00:00,2505.543,2516.968,2500.959,2512.387
1760695200,2025-10-17 10:00:00,2512.147,2513.71,2494.732,2499.983
1760702400,2025-10-17 12:00:00,2499.879,2507.963,2494.06,2495.298
1760709600,2025-10-17 14:00:00,2495.183,2500.999,2491.844,2497.508
1760716800,2025-10-17 16:00:00,2497.265,2514.72,2493.762,2507.365
1760724000,2025-10-17 18:00:00,2507.396,2513.668,2500.666,2510.994
1760731200,2025-10-17 20:00:00,2511.085,2511.844,2496.998,2498.715
1760738400,2025-10-17 22:00:00,2498.746,2498.838,2476.018,2477.551
1760745600,2025-10-18 00:00:00,2477.525,2485.069,2468.216,2480.488
1760752800,2025-10-18 02:00:00,2480.519,2489.226,2478.281,2482.75
1760760000,2025-10-18 04:00:00,2482.738,2490.602,2476.757,2477.403
1760767200,2025-10-18 06:00:00,2477.264,2490.791,2476.206,2487.325
1760774400,2025-10-18 08:00:00,2487.443,2487.443,2471.107,2471.23
1760781600,2025-10-18 10:00:00,2471.142,2474.989,2462.695,2472.894
1760788800,2025-10-18 12:00:00,2473.022,2475.777,2464.686,2470.885
1760796000,2025-10-18 14:00:00,2471.211,2475.683,2451.422,2456.082
1760803200,2025-10-18 16:00:00,2456.434,2460.104,2446.963,2448.816
1760810400,2025-10-18 18:00:00,2448.95,2458.216,2442.743,2444.183
1760817600,2025-10-18 20:00:00,2444.078,2454.359,2437.705,2438.813
1760824800,2025-10-18 22:00:00,2438.811,2440.447,2431.772,2438.685
1760832000,2025-10-19 00:00:00,2438.59,2448.02,2438.59,2445.265
1760839200,2025-10-19 02:00:00,2445.252,2459.834,2444.649,2459.216
1760846400,2025-10-19 04:00:00,2459.268,2471.58,2459.094,2470.668
1760853600,2025-10-19 06:00:00,2470.605,2480.5,2466.19,2469.651
1760860800,2025-10-19 08:00:00,2469.702,2483.478,2466.305,2478.754
1760868000,2025-10-19 10:00:00,2478.761,2481.173,2464.756,2465.058
1760875200,2025-10-19 12:00:00,2464.989,2469.771,2448.44,2449.411
1760882400,2025-10-19 14:00:00,2449.496,2450.236,2441.531,2443.321
1760889600,2025-10-19 16:00:00,2443.329,2446.509,2436.585,2438.767
1760896800,2025-10-19 18:00:00,2438.749,2439.261,2427.819,2429.859
1760904000,2025-10-19 20:00:00,2430.037,2440.038,2426.12,2437.233
1760911200,2025-10-19 22:00:00,2437.047,2440.395,2428.73,2438.809
1760918400,2025-10-20 00:00:00,2438.677,2442.951,2424.982,2429.528
1760925600,2025-10-20 02:00:00,2429.468,2436.631,2424.399,2427.433
1760932800,2025-10-20 04:00:00,2427.585,2435.304,2420.3,2431.841
1760940000,2025-10-20 06:00:00,2431.861,2446.706,2427.053,2442.087
1760947200,2025-10-20 08:00:00,2442.002,2443.24,2429.923,2436.807
1760954400,2025-10-20 10:00:00,2436.826,2441.029,2427.143,2438.156
1760961600,2025-10-20 12:00:00,2438.466,2456.468,2438.466,2454.826
1760968800,2025-10-20 14:00:00,2454.712,2455.33,2439.763,2446.862
1760976000,2025-10-20 16:00:00,2446.712,2454.817,2443.356,2448.298
1760983200,2025-10-20 18:00:00,2448.188,2452.461,2444.967,2446.185
1760990400,2025-10-20 20:00:00,2446.272,2455.218,2443.76,2453.276
1760997600,2025-10-20 22:00:00,2453.38,2464.277,2449.062,2461.265
1761004800,2025-10-21 00:00:00,2461.243,2464.485,2451.568,2458.866
1761012000,2025-10-21 02:00:00,2458.637,2460.559,2449.341,2450.508
1761019200,2025-10-21 04:00:00,2450.405,2455.193,2441.512,2443.651
1761026400,2025-10-21 06:00:00,2443.599,2453.594,2438.39,2449.352
1761033600,2025-10-21 08:00:00,2449.042,2452.618,2442.156,2448.065
1761040800,2025-10-21 10:00:00,2447.926,2453.178,2429.847,2432.831
1761048000,2025-10-21 12:00:00,2432.949,2451.651,2430.764,2449.934
1761055200,2025-10-21 14:00:00,2449.951,2456.6,2444.821,2454.18
1761062400,2025-10-21 16:00:00,2454.316,2458.695,2450.135,2455.902
1761069600,2025-10-21 18:00:00,2455.942,2463.363,2451.845,2455.207
1761076800,2025-10-21 20:00:00,2455.12,2456.403,2445.955,2449.469
1761084000,2025-10-21 22:00:00,2449.498,2454.678,2445.966,2451.822
1761091200,2025-10-22 00:00:00,2451.814,2459.963,2449.233,2459.509
1761098400,2025-10-22 02:00:00,2459.688,2464.805,2440.735,2443.578
1761105600,2025-10-22 04:00:00,2443.662,2454.567,2441.617,2453.376
1761112800,2025-10-22 06:00:00,2453.298,2459.707,2440.559,2447.642
1761120000,2025-10-22 08:00:00,2447.703,2456.49,2439.613,2455.789
1761127200,2025-10-22 10:00:00,2455.781,2468.518,2454.188,2466.044
1761134400,2025-10-22 12:00:00,2466.207,2466.413,2442.936,2453.059
1761141600,2025-10-22 14:00:00,2453.135,2458.956,2448.931,2451.63
1761148800,2025-10-22 16:00:00,2451.687,2455.925,2441.222,2450.962
1761156000,2025-10-22 18:00:00,2450.734,2454.537,2443.999,2445.692
1761163200,2025-10-22 20:00:00,2445.963,2457.464,2442.751,2446.6
1761170400,2025-10-22 22:00:00,2446.72,2455.776,2438.24,2452.442
1761177600,2025-10-23 00:00:00,2452.343,2468.794,2451.599,2467.509
1761184800,2025-10-23 02:00:00,2467.27,2478.883,2465.633,2468.899
1761192000,2025-10-23 04:00:00,2468.644,2484.514,2468.493,2479.467
1761199200,2025-10-23 06:00:00,2479.466,2484.467,2473.896,2482.573
1761206400,2025-10-23 08:00:00,2482.473,2492.712,2481.815,2486.734
1761213600,2025-10-23 10:00:00,2486.512,2491.166,2480.643,2483.69
1761220800,2025-10-23 12:00:00,2483.761,2490.174,2479.148,2488.228
1761228000,2025-10-23 14:00:00,2488.304,2497.809,2486.679,2494.908
1761235200,2025-10-23 16:00:00,2495.098,2511.17,2493.48,2509.906
1761242400,2025-10-23 18:00:00,2509.838,2514.222,2502.492,2511.407
1761249600,2025-10-23 20:00:00,2511.687,2512.525,2493.897,2493.897
1761256800,2025-10-23 22:00:00,2494.037,2494.6,2472.33,2485.405
1761264000,2025-10-24 00:00:00,2485.406,2491.969,2483.656,2487.309
1761271200,2025-10-24 02:00:00,2487.489,2489.65,2478.79,2480.516
1761278400,2025-10-24 04:00:00,2480.509,2483.279,2471.322,2471.467
1761285600,2025-10-24 06:00:00,2471.416,2477.991,2468.481,2473.927
1761292800,2025-10-24 08:00:00,2473.846,2477.987,2451.933,2451.933
1761300000,2025-10-24 10:00:00,2452.133,2454.521,2439.152,2439.152
1761307200,2025-10-24 12:00:00,2439.356,2449.025,2438.524,2440.338
1761314400,2025-10-24 14:00:00,2440.221,2443.16,2427.389,2429.565
1761321600,2025-10-24 16:00:00,2429.679,2430.922,2411.479,2416.796
1761328800,2025-10-24 18:00:00,2416.951,2428.072,2409.426,2423.995
1761336000,2025-10-24 20:00:00,2424.124,2433.964,2418.933,2432.337
1761343200,2025-10-24 22:00:00,2432.335,2432.761,2419.988,2426.193
1761350400,2025-10-25 00:00:00,2426.32,2439.364,2424.686,2433.536
1761357600,2025-10-25 02:00:00,2433.28,2438.61,2428.377,2435.724
1761364800,2025-10-25 04:00:00,2435.66,2442.497,2424.739,2424.765
1761372000,2025-10-25 06:00:00,2424.834,2437.272,2420.893,2436.086
1761379200,2025-10-25 08:00:00,2436.295,2438.184,2428.699,2429.166
1761386400,2025-10-25 10:00:00,2429.262,2441.562,2424.789,2438.587
1761393600,2025-10-25 12:00:00,2438.364,2442.289,2431.864,2436.784
1761400800,2025-10-25 14:00:00,2436.777,2448.551,2434.645,2446.873
1761408000,2025-10-25 16:00:00,2446.847,2447.963,2436.15,2439.734
1761415200,2025-10-25 18:00:00,2439.981,2449.179,2438.922,2439.091
1761422400,2025-10-25 20:00:00,2439.159,2439.609,2422.09,2425.369
1761429600,2025-10-25 22:00:00,2425.256,2441.993,2423.34,2437.733
1761436800,2025-10-26 00:00:00,2437.697,2441.807,2427.021,2427.615
1761444000,2025-10-26 02:00:00,2427.905,2435.714,2424.264,2425.599
1761451200,2025-10-26 04:00:00,2425.712,2438.038,2423.085,2435.337
1761458400,2025-10-26 06:00:00,2435.066,2439.28,2426.742,2428.272
1761465600,2025-10-26 08:00:00,2428.265,2428.996,2418.01,2428.122
1761472800,2025-10-26 10:00:00,2428.159,2429.291,2416.399,2417.782
1761480000,2025-10-26 12:00:00,2417.877,2417.877,2399.397,2406.073
1761487200,2025-10-26 14:00:00,2406.033,2415.553,2401.732,2407.517
1761494400,2025-10-26 16:00:00,2407.443,2411.031,2397.26,2406.831
1761501600,2025-10-26 18:00:00,2406.798,2423.05,2406.462,2421.923
1761508800,2025-10-26 20:00:00,2421.895,2429.273,2409.953,2422.632
1761516000,2025-10-26 22:00:00,2422.473,2436.446,2420.288,2433.678
1761523200,2025-10-27 00:00:00,2433.593,2436.282,2425.963,2430.802
1761530400,2025-10-27 02:00:00,2431.011,2448.475,2429.685,2438.921
1761537600,2025-10-27 04:00:00,2438.879,2444.738,2433.196,2443.211
1761544800,2025-10-27 06:00:00,2443.33,2444.016,2431.272,2438.495
1761552000,2025-10-27 08:00:00,2438.441,2454.793,2437.798,2445.562
1761559200,2025-10-27 10:00:00,2445.64,2462.62,2444.908,2452.39
1761566400,2025-10-27 12:00:00,2452.487,2459.005,2449.088,2455.49
1761573600,2025-10-27 14:00:00,2455.287,2456.828,2444.109,2449.372
1761580800,2025-10-27 16:00:00,2449.707,2453.752,2441.509,2448.707
1761588000,2025-10-27 18:00:00,2448.565,2460.01,2448.491,2454.615
1761595200,2025-10-27 20:00:00,2454.269,2469.432,2453.625,2468.756
1761602400,2025-10-27 22:00:00,2468.824,2471.207,2457.707,2461.259
1761609600,2025-10-28 00:00:00,2461.124,2461.535,2444.786,2450.179
1761616800,2025-10-28 02:00:00,2450.16,2458.326,2445.162,2454.414
1761624000,2025-10-28 04:00:00,2454.313,2460.439,2452.438,2459.622
1761631200,2025-10-28 06:00:00,2459.51,2465.103,2438.841,2441.585
1761638400,2025-10-28 08:00:00,2441.738,2441.82,2426.416,2434.72
1761645600,2025-10-28 10:00:00,2434.732,2434.781,2425.833,2430.896
1761652800,2025-10-28 12:00:00,2430.782,2437.552,2427.932,2431.538
1761660000,2025-10-28 14:00:00,2431.275,2450.006,2425.667,2448.774
1761667200,2025-10-28 16:00:00,2448.897,2470.851,2446.726,2466.313
1761674400,2025-10-28 18:00:00,2466.513,2471.082,2447.936,2451.584
1761681600,2025-10-28 20:00:00,2451.23,2451.532,2435.12,2441.07
1761688800,2025-10-28 22:00:00,2441.079,2451.438,2438.305,2438.94
1761696000,2025-10-29 00:00:00,2438.882,2449.576,2436.278,2444.624
1761703200,2025-10-29 02:00:00,2444.467,2460.723,2438.175,2457.255
1761710400,2025-10-29 04:00:00,2457.386,2458.052,2447.872,2451.399
1761717600,2025-10-29 06:00:00,2451.431,2453.501,2440.948,2448.979
1761724800,2025-10-29 08:00:00,2449.033,2454.042,2437.375,2438.747
1761732000,2025-10-29 10:00:00,2438.847,2447.113,2436.728,2440.629
1761739200,2025-10-29 12:00:00,2440.624,2443.147,2418.673,2420.086
1761746400,2025-10-29 14:00:00,2420.156,2425.904,2414.484,2418.869
1761753600,2025-10-29 16:00:00,2418.799,2421.42,2413.788,2417.963
1761760800,2025-10-29 18:00:00,2417.91,2425.653,2407.501,2407.89
1761768000,2025-10-29 20:00:00,2407.897,2415.16,2404.607,2407.123
1761775200,2025-10-29 22:00:00,2407.133,2407.649,2392.267,2400.656
1761782400,2025-10-30 00:00:00,2400.631,2404.028,2393.624,2399.035
1761789600,2025-10-30 02:00:00,2398.979,2410.972,2395.046,2408.04
1761796800,2025-10-30 04:00:00,2408.037,2426.464,2406.637,2424.834
1761804000,2025-10-30 06:00:00,2424.8,2429.184,2419.08,2423.127
1761811200,2025-10-30 08:00:00,2423.551,2432.397,2422.24,2423.475
1761818400,2025-10-30 10:00:00,2423.428,2430.836,2412.148,2429.108
1761825600,2025-10-30 12:00:00,2429.253,2429.57,2412.46,2420.014
1761832800,2025-10-30 14:00:00,2420.027,2420.094,2397.234,2397.654
1761840000,2025-10-30 16:00:00,2397.617,2403.434,2390.705,2390.705
1761847200,2025-10-30 18:00:00,2390.892,2395.068,2383.23,2391.327
1761854400,2025-10-30 20:00:00,2391.404,2395.484,2381.613,2384.597
1761861600,2025-10-30 22:00:00,2384.676,2384.942,2366.081,2367.972
1761868800,2025-10-31 00:00:00,2367.902,2374.458,2362.777,2369.597
1761876000,2025-10-31 02:00:00,2369.512,2377.986,2368.563,2372.035
1761883200,2025-10-31 04:00:00,2372.217,2376.533,2367.688,2370.67
1761890400,2025-10-31 06:00:00,2370.96,2381.295,2370.19,2376.875
1761897600,2025-10-31 08:00:00,2376.936,2379.12,2368.086,2378.929
1761904800,2025-10-31 10:00:00,2378.954,2384.441,2374.804,2380.173
1761912000,2025-10-31 12:00:00,2380.281,2382.997,2373.458,2375.683
1761919200,2025-10-31 14:00:00,2375.484,2382.325,2371.917,2372.435
1761926400,2025-10-31 16:00:00,2372.531,2376.051,2356.912,2359.979
1761933600,2025-10-31 18:00:00,2360.047,2361.054,2349.495,2350.306
1761940800,2025-10-31 20:00:00,2350.199,2360.869,2347.449,2352.973
1761948000,2025-10-31 22:00:00,2352.753,2359.802,2350.521,2356.334
1761955200,2025-11-01 00:00:00,2356.436,2358.834,2349.319,2353.904
1761962400,2025-11-01 02:00:00,2353.898,2371.311,2352.265,2370.97
1761969600,2025-11-01 04:00:00,2371.27,2381.684,2370.816,2381.68
1761976800,2025-11-01 06:00:00,2381.715,2386.017,2376.585,2380.177
1761984000,2025-11-01 08:00:00,2380.113,2387.423,2375.982,2387.423
1761991200,2025-11-01 10:00:00,2387.417,2387.541,2372.95,2377.386
1761998400,2025-11-01 12:00:00,2377.556,2382.388,2373.065,2381.012
1762005600,2025-11-01 14:00:00,2381.221,2390.415,2379.438,2382.566
1762012800,2025-11-01 16:00:00,2382.786,2394.897,2380.571,2387.257
1762020000,2025-11-01 18:00:00,2387.33,2406.492,2386.031,2403.449
1762027200,2025-11-01 20:00:00,2403.516,2409.117,2395.497,2402.324
1762034400,2025-11-01 22:00:00,2402.389,2409.926,2398.028,2403.27
1762041600,2025-11-02 00:00:00,2403.579,2413.317,2402.431,2411.258
1762048800,2025-11-02 02:00:00,2411.194,2424.614,2410.568,2420.834
1762056000,2025-11-02 04:00:00,2420.936,2435.451,2418.962,2428.465
1762063200,2025-11-02 06:00:00,2428.187,2437.371,2425.865,2433.339
1762070400,2025-11-02 08:00:00,2433.426,2439.746,2427.235,2436.277
1762077600,2025-11-02 10:00:00,2436.072,2440.613,2431.458,2435.841
1762084800,2025-11-02 12:00:00,2435.799,2452.208,2435.479,2446.458
1762092000,2025-11-02 14:00:00,2446.576,2456.873,2443.608,2444.23
1762099200,2025-11-02 16:00:00,2444.349,2455.768,2439.141,2455.768
1762106400,2025-11-02 18:00:00,2455.703,2457.097,2443.887,2457.097
1762113600,2025-11-02 20:00:00,2457.059,2457.061,2437.396,2439.202
1762120800,2025-11-02 22:00:00,2439.279,2442.699,2435.153,2441.282
1762128000,2025-11-03 00:00:00,2441.684,2442.134,2425.664,2439.296
1762135200,2025-11-03 02:00:00,2439.216,2441.754,2433.326,2440.528
1762142400,2025-11-03 04:00:00,2440.52,2454.756,2437.568,2445.201
1762149600,2025-11-03 06:00:00,2445.204,2449.612,2431.456,2447.62
1762156800,2025-11-03 08:00:00,2447.517,2463.08,2445.451,2456.755
1762164000,2025-11-03 10:00:00,2456.637,2458.288,2443.761,2444.129
1762171200,2025-11-03 12:00:00,2444.029,2447.124,2438.644,2445.711
1762178400,2025-11-03 14:00:00,2445.821,2452.076,2440.305,2449.619
1762185600,2025-11-03 16:00:00,2449.694,2461.456,2447.249,2451.389
1762192800,2025-11-03 18:00:00,2451.216,2458.741,2444.735,2450.419
1762200000,2025-11-03 20:00:00,2450.404,2455.925,2442.408,2443.232
1762207200,2025-11-03 22:00:00,2443.262,2446.94,2434.795,2444.982
1762214400,2025-11-04 00:00:00,2445.098,2453.234,2440.073,2442.038
1762221600,2025-11-04 02:00:00,2442.099,2446.291,2435.39,2439.393
1762228800,2025-11-04 04:00:00,2439.3,2444.179,2435.987,2438.681
1762236000,2025-11-04 06:00:00,2438.528,2462.503,2435.467,2462.289
1762243200,2025-11-04 08:00:00,2462.421,2481.25,2457.474,2473.518
1762250400,2025-11-04 10:00:00,2473.531,2488.911,2471.163,2477.15
1762257600,2025-11-04 12:00:00,2477.47,2487.809,2474.357,2483.082
1762264800,2025-11-04 14:00:00,2483.251,2484.772,2472.654,2477.909
1762272000,2025-11-04 16:00:00,2477.899,2487,2475.92,2478.582
1762279200,2025-11-04 18:00:00,2478.665,2487.942,2476.624,2485.809
1762286400,2025-11-04 20:00:00,2485.871,2494.357,2485.776,2492.786
1762293600,2025-11-04 22:00:00,2492.861,2505.406,2488.696,2497.154
1762300800,2025-11-05 00:00:00,2496.889,2497.477,2478.928,2479.431
1762308000,2025-11-05 02:00:00,2479.165,2481.391,2469.643,2474.219
1762315200,2025-11-05 04:00:00,2474.029,2487.416,2466.555,2485.314
1762322400,2025-11-05 06:00:00,2485.357,2490.335,2479.67,2482.888
1762329600,2025-11-05 08:00:00,2482.769,2484.76,2463.803,2464.8
1762336800,2025-11-05 10:00:00,2465.051,2468.183,2458.999,2467.357
1762344000,2025-11-05 12:00:00,2467.305,2489.272,2466.898,2488.506
1762351200,2025-11-05 14:00:00,2488.482,2493.935,2479.57,2490.201
1762358400,2025-11-05 16:00:00,2490.131,2491.75,2478.462,2481.393
1762365600,2025-11-05 18:00:00,2481.369,2487.141,2479.658,2484.551
1762372800,2025-11-05 20:00:00,2484.557,2490.743,2481.797,2488.595
1762380000,2025-11-05 22:00:00,2488.754,2494.573,2481.313,2493.186
1762387200,2025-11-06 00:00:00,2492.856,2499.318,2491.211,2493.06
1762394400,2025-11-06 02:00:00,2493.409,2502.695,2491.986,2502.318
1762401600,2025-11-06 04:00:00,2502.099,2505.592,2491.001,2495.943
1762408800,2025-11-06 06:00:00,2495.801,2502.715,2492.424,2493.964
1762416000,2025-11-06 08:00:00,2493.92,2496.533,2486.815,2493.01
1762423200,2025-11-06 10:00:00,2492.93,2519.038,2491.916,2518.734
1762430400,2025-11-06 12:00:00,2518.856,2540.148,2517.616,2540.148
1762437600,2025-11-06 14:00:00,2540.301,2545.524,2533.699,2544.659
1762444800,2025-11-06 16:00:00,2544.872,2557.342,2543.847,2549.716
1762452000,2025-11-06 18:00:00,2549.733,2558.372,2545.248,2553.369
1762459200,2025-11-06 20:00:00,2553.359,2559.154,2546.491,2550.327
1762466400,2025-11-06 22:00:00,2550.281,2554.797,2545.48,2551.101
1762473600,2025-11-07 00:00:00,2551.257,2551.823,2530.303,2531.967
1762480800,2025-11-07 02:00:00,2531.952,2550.719,2529.897,2542.29
1762488000,2025-11-07 04:00:00,2541.967,2550.167,2537.898,2544.661
1762495200,2025-11-07 06:00:00,2544.425,2548.973,2540.465,2545.474
1762502400,2025-11-07 08:00:00,2545.669,2553.537,2544.786,2546.395
1762509600,2025-11-07 10:00:00,2546.591,2552.449,2538.834,2548.979
1762516800,2025-11-07 12:00:00,2548.787,2553.931,2540.947,2551.698
1762524000,2025-11-07 14:00:00,2551.831,2554.199,2522.815,2525.987
1762531200,2025-11-07 16:00:00,2525.856,2533.831,2516.98,2532.459
1762538400,2025-11-07 18:00:00,2532.716,2535.882,2522.029,2526.163
1762545600,2025-11-07 20:00:00,2526.226,2535.106,2524.726,2533.693
1762552800,2025-11-07 22:00:00,2533.796,2541.785,2523.215,2524.313
1762560000,2025-11-08 00:00:00,2524.553,2529.295,2520.682,2528.214
1762567200,2025-11-08 02:00:00,2528.207,2536.956,2518.954,2533.461
1762574400,2025-11-08 04:00:00,2533.524,2538.06,2526.981,2528.14
1762581600,2025-11-08 06:00:00,2528.08,2536.638,2525.48,2534.942
1762588800,2025-11-08 08:00:00,2535.139,2536.872,2519.779,2520.735
1762596000,2025-11-08 10:00:00,2520.8,2523.474,2503.947,2513.184
1762603200,2025-11-08 12:00:00,2513.331,2517.6,2494.459,2497.516
1762610400,2025-11-08 14:00:00,2497.712,2504.392,2495.3,2497.283
1762617600,2025-11-08 16:00:00,2497.592,2506.089,2495.677,2502.077
1762624800,2025-11-08 18:00:00,2502.1,2509.13,2500.24,2504.873
1762632000,2025-11-08 20:00:00,2505.07,2517.256,2499.916,2515.569
1762639200,2025-11-08 22:00:00,2515.422,2520.709,2508.185,2519.652
1762646400,2025-11-09 00:00:00,2519.331,2525.486,2514.096,2523.434
1762653600,2025-11-09 02:00:00,2523.265,2526.224,2515.755,2517.341
1762660800,2025-11-09 04:00:00,2517.216,2529.502,2512.987,2524.266
1762668000,2025-11-09 06:00:00,2524.073,2547.326,2521.515,2547.291
1762675200,2025-11-09 08:00:00,2547.134,2557.547,2547.111,2552.276
1762682400,2025-11-09 10:00:00,2552.184,2573.946,2551.222,2552.809
1762689600,2025-11-09 12:00:00,2552.551,2563.524,2551.445,2561.016
1762696800,2025-11-09 14:00:00,2560.942,2564.934,2551.819,2560.75
1762704000,2025-11-09 16:00:00,2560.691,2583.286,2559.954,2576.91
1762711200,2025-11-09 18:00:00,2576.795,2577.961,2565.071,2565.516
1762718400,2025-11-09 20:00:00,2565.45,2566.476,2553.114,2561.804
1762725600,2025-11-09 22:00:00,2561.832,2562.789,2546.71,2555.51
1762732800,2025-11-10 00:00:00,2555.43,2581.339,2553.218,2576.306
1762740000,2025-11-10 02:00:00,2576.285,2590.628,2572.595,2587.772
1762747200,2025-11-10 04:00:00,2587.972,2602.9,2583.153,2602.761
1762754400,2025-11-10 06:00:00,2602.636,2612.353,2600.243,2604.278
1762761600,2025-11-10 08:00:00,2604.284,2610.172,2602.191,2607.79
1762768800,2025-11-10 10:00:00,2607.477,2611.2,2599.625,2609.089
1762776000,2025-11-10 12:00:00,2609.02,2611.246,2599.26,2602.349
1762783200,2025-11-10 14:00:00,2602.494,2602.751,2588.996,2598.756
1762790400,2025-11-10 16:00:00,2598.895,2608.977,2592.195,2595.904
1762797600,2025-11-10 18:00:00,2596.039,2599.118,2584.834,2592.414
1762804800,2025-11-10 20:00:00,2592.156,2609.541,2588.875,2608.154
1762812000,2025-11-10 22:00:00,2608.187,2608.251,2582.182,2582.815
1762819200,2025-11-11 00:00:00,2582.84,2585.733,2576.395,2577.286
1762826400,2025-11-11 02:00:00,2577.102,2577.881,2567.743,2570.262
1762833600,2025-11-11 04:00:00,2570.185,2571.456,2550.088,2555.581
1762840800,2025-11-11 06:00:00,2555.727,2566.558,2548.283,2565.651
1762848000,2025-11-11 08:00:00,2565.687,2578.43,2563.256,2569.159
1762855200,2025-11-11 10:00:00,2568.928,2586.996,2567.073,2583.549
1762862400,2025-11-11 12:00:00,2583.391,2601.717,2583.053,2601.291
1762869600,2025-11-11 14:00:00,2601.429,2605.534,2586.576,2587.28
1762876800,2025-11-11 16:00:00,2587.343,2596.87,2585.488,2588.578
1762884000,2025-11-11 18:00:00,2588.496,2602.682,2582.049,2600.733
1762891200,2025-11-11 20:00:00,2601.002,2617.61,2600.704,2617.09
1762898400,2025-11-11 22:00:00,2616.889,2628.553,2616.172,2622.971
1762905600,2025-11-12 00:00:00,2622.905,2627.674,2616.23,2621.117
1762912800,2025-11-12 02:00:00,2621.099,2626.81,2613.718,2614.445
1762920000,2025-11-12 04:00:00,2614.528,2620.102,2607.762,2610.596
1762927200,2025-11-12 06:00:00,2610.51,2635.405,2609.232,2632.843
1762934400,2025-11-12 08:00:00,2633.128,2639.454,2627.306,2639.279
1762941600,2025-11-12 10:00:00,2639.294,2646.323,2633.813,2636.938
1762948800,2025-11-12 12:00:00,2637.064,2645.381,2633.054,2634.8
1762956000,2025-11-12 14:00:00,2634.688,2636.587,2629.695,2630.969
1762963200,2025-11-12 16:00:00,2630.703,2645.87,2629.129,2643.845
1762970400,2025-11-12 18:00:00,2643.738,2649.336,2632.12,2639.625
1762977600,2025-11-12 20:00:00,2639.686,2646.416,2630.778,2633.175
1762984800,2025-11-12 22:00:00,2633.115,2639.422,2625.021,2629.007
1762992000,2025-11-13 00:00:00,2629.049,2648.85,2628.728,2642.839
1762999200,2025-11-13 02:00:00,2642.695,2645.373,2629.363,2634.155
1763006400,2025-11-13 04:00:00,2634.134,2663.931,2633.118,2658.964
1763013600,2025-11-13 06:00:00,2658.937,2665.017,2648.99,2652.866
1763020800,2025-11-13 08:00:00,2653.046,2671.38,2647.983,2671.157
1763028000,2025-11-13 10:00:00,2671.081,2673.717,2662.719,2665.65
1763035200,2025-11-13 12:00:00,2665.686,2671.842,2659.216,2666.769
1763042400,2025-11-13 14:00:00,2666.685,2687.883,2664.465,2684.763
1763049600,2025-11-13 16:00:00,2684.998,2690.511,2676.599,2676.599
1763056800,2025-11-13 18:00:00,2676.629,2692.663,2671.781,2687.523
1763064000,2025-11-13 20:00:00,2687.531,2693.745,2680.578,2690.984
1763071200,2025-11-13 22:00:00,2690.953,2713.958,2690.484,2703.241
1763078400,2025-11-14 00:00:00,2703.017,2705.446,2689.65,2692.226
1763085600,2025-11-14 02:00:00,2692.391,2693.538,2681.373,2692.074
1763092800,2025-11-14 04:00:00,2692.017,2699.952,2690.246,2692.86
1763100000,2025-11-14 06:00:00,2692.665,2700.823,2687.541,2696.634
1763107200,2025-11-14 08:00:00,2696.796,2702.74,2687.258,2687.552
1763114400,2025-11-14 10:00:00,2687.603,2704.807,2686.567,2697.264
1763121600,2025-11-14 12:00:00,2697.426,2698.817,2682.743,2695.559
1763128800,2025-11-14 14:00:00,2695.511,2719.135,2695.076,2715.927
1763136000,2025-11-14 16:00:00,2716.167,2722.011,2708.403,2716.24
1763143200,2025-11-14 18:00:00,2716.11,2726.983,2710.112,2720.026
1763150400,2025-11-14 20:00:00,2719.739,2730.165,2716.098,2723.756
1763157600,2025-11-14 22:00:00,2723.796,2735.027,2721.188,2732.024
1763164800,2025-11-15 00:00:00,2731.88,2755.362,2731.466,2754.715
1763172000,2025-11-15 02:00:00,2754.656,2763.21,2749.381,2752.75
1763179200,2025-11-15 04:00:00,2752.943,2756.761,2736.308,2738.605
1763186400,2025-11-15 06:00:00,2738.34,2760.714,2735.926,2759.754
1763193600,2025-11-15 08:00:00,2759.664,2770.237,2758.644,2763.895
1763200800,2025-11-15 10:00:00,2763.825,2771.538,2758.919,2760.064
1763208000,2025-11-15 12:00:00,2760.015,2773.206,2759.628,2771.214
1763215200,2025-11-15 14:00:00,2771.431,2777.041,2757.333,2761.883
1763222400,2025-11-15 16:00:00,2761.497,2764.401,2743.198,2758.437
1763229600,2025-11-15 18:00:00,2758.393,2762.21,2740.19,2743.416
1763236800,2025-11-15 20:00:00,2743.708,2746.785,2729.353,2732.297
1763244000,2025-11-15 22:00:00,2732,2737.598,2725.482,2733.914
1763251200,2025-11-16 00:00:00,2733.814,2758.935,2733.393,2755.095
1763258400,2025-11-16 02:00:00,2755.196,2763.764,2750.453,2763.022
1763265600,2025-11-16 04:00:00,2763.19,2772.875,2760.74,2764.751
1763272800,2025-11-16 06:00:00,2764.49,2767.039,2754.053,2765.174
1763280000,2025-11-16 08:00:00,2765.305,2777.096,2763.042,2763.713
1763287200,2025-11-16 10:00:00,2763.996,2765.474,2748.94,2756.261
1763294400,2025-11-16 12:00:00,2756.072,2760.569,2745.318,2757.799
1763301600,2025-11-16 14:00:00,2757.944,2759.925,2736.013,2738.813
1763308800,2025-11-16 16:00:00,2738.74,2744.389,2737.152,2740.984
1763316000,2025-11-16 18:00:00,2740.915,2758.378,2737.113,2753.943
1763323200,2025-11-16 20:00:00,2754.113,2763.446,2749.049,2759.996
1763330400,2025-11-16 22:00:00,2759.951,2776.081,2754.387,2768.858
1763337600,2025-11-17 00:00:00,2769.217,2769.843,2751.935,2760.942
1763344800,2025-11-17 02:00:00,2761.238,2766.012,2746.562,2750.645
1763352000,2025-11-17 04:00:00,2750.645,2760.471,2741.746,2750.099
1763359200,2025-11-17 06:00:00,2749.751,2759.232,2743.42,2756.756
1763366400,2025-11-17 08:00:00,2756.991,2768.657,2752.284,2766.661
1763373600,2025-11-17 10:00:00,2766.457,2784.054,2762.267,2769.061
1763380800,2025-11-17 12:00:00,2769.069,2769.526,2757.909,2760.207
1763388000,2025-11-17 14:00:00,2759.633,2762.408,2749.263,2760.429
1763395200,2025-11-17 16:00:00,2760.461,2784.044,2760.357,2768.389
1763402400,2025-11-17 18:00:00,2768.507,2772.736,2761.227,2765.208
1763409600,2025-11-17 20:00:00,2765.379,2767.94,2757.622,2760.676
1763416800,2025-11-17 22:00:00,2760.495,2762.481,2754.393,2755.855
1763424000,2025-11-18 00:00:00,2755.901,2763.806,2750.315,2751.973
1763431200,2025-11-18 02:00:00,2751.834,2752.435,2736.344,2740.254
1763438400,2025-11-18 04:00:00,2740.405,2745.437,2733.222,2743.888
1763445600,2025-11-18 06:00:00,2743.822,2759.477,2739.249,2754.603
1763452800,2025-11-18 08:00:00,2754.561,2757.496,2738.466,2740.933
1763460000,2025-11-18 10:00:00,2740.648,2741.092,2727.691,2732.307
1763467200,2025-11-18 12:00:00,2732.224,2734.666,2717.984,2725.355
1763474400,2025-11-18 14:00:00,2725.282,2740.019,2724.318,2737.789
1763481600,2025-11-18 16:00:00,2737.704,2743.071,2722.743,2723.694
1763488800,2025-11-18 18:00:00,2723.666,2733.655,2719.953,2729.232
1763496000,2025-11-18 20:00:00,2729.404,2730.33,2715.776,2717.681
1763503200,2025-11-18 22:00:00,2717.674,2718.22,2703.405,2713.899
1763510400,2025-11-19 00:00:00,2714.052,2740.992,2713.998,2738.715
1763517600,2025-11-19 02:00:00,2738.676,2749.224,2734.256,2742.738
1763524800,2025-11-19 04:00:00,2742.565,2764.507,2741.838,2757.694
1763532000,2025-11-19 06:00:00,2757.563,2771.216,2757.192,2761.778
1763539200,2025-11-19 08:00:00,2761.845,2763.061,2750.154,2750.753
1763546400,2025-11-19 10:00:00,2750.752,2755.688,2747.428,2748.217
1763553600,2025-11-19 12:00:00,2748.15,2759.355,2747.446,2750.344
1763560800,2025-11-19 14:00:00,2750.369,2767.059,2750.369,2764.266
1763568000,2025-11-19 16:00:00,2764.474,2785.354,2764.474,2783.345
1763575200,2025-11-19 18:00:00,2783.503,2788.934,2767.291,2772.834
1763582400,2025-11-19 20:00:00,2772.526,2773.159,2754.887,2763.056
1763589600,2025-11-19 22:00:00,2762.731,2764.862,2750.469,2750.619
1763596800,2025-11-20 00:00:00,2750.256,2771.123,2749.291,2754.369
1763604000,2025-11-20 02:00:00,2754.505,2755.841,2743.784,2749.262
1763611200,2025-11-20 04:00:00,2749.366,2752.802,2745.065,2747.819
1763618400,2025-11-20 06:00:00,2748.008,2759.493,2746.116,2757.479
1763625600,2025-11-20 08:00:00,2757.516,2765.063,2754.708,2757.191
1763632800,2025-11-20 10:00:00,2757.25,2757.25,2743.593,2744.58
1763640000,2025-11-20 12:00:00,2744.54,2754.461,2739.275,2753.569
1763647200,2025-11-20 14:00:00,2753.347,2756.9,2738.628,2740.392
1763654400,2025-11-20 16:00:00,2740.336,2746.124,2729.852,2735.975
1763661600,2025-11-20 18:00:00,2735.586,2747.604,2730.784,2744.556
1763668800,2025-11-20 20:00:00,2744.244,2744.416,2732.28,2734.729
1763676000,2025-11-20 22:00:00,2734.615,2738.138,2721.251,2727.446
1763683200,2025-11-21 00:00:00,2727.505,2747.932,2727.505,2743.512
1763690400,2025-11-21 02:00:00,2743.538,2748.904,2731.182,2744.656
1763697600,2025-11-21 04:00:00,2744.737,2746.879,2718.391,2721.543
1763704800,2025-11-21 06:00:00,2721.428,2737.02,2721.102,2731.938
1763712000,2025-11-21 08:00:00,2731.88,2736.282,2721.54,2723.28
1763719200,2025-11-21 10:00:00,2723.332,2723.817,2714.756,2722.32
1763726400,2025-11-21 12:00:00,2722.547,2725.239,2694.333,2695.085
1763733600,2025-11-21 14:00:00,2695.487,2696.112,2666.373,2669.463
1763740800,2025-11-21 16:00:00,2669.481,2670.351,2654.18,2659.66
1763748000,2025-11-21 18:00:00,2659.674,2664.437,2647.618,2653.62
1763755200,2025-11-21 20:00:00,2653.611,2657.246,2643.237,2645.439
1763762400,2025-11-21 22:00:00,2645.02,2648.224,2637.843,2640.6
1763769600,2025-11-22 00:00:00,2640.676,2652.427,2638.675,2646.883
1763776800,2025-11-22 02:00:00,2646.45,2647.845,2624.654,2630.438
1763784000,2025-11-22 04:00:00,2630.436,2636.571,2626.414,2633.155
1763791200,2025-11-22 06:00:00,2633.102,2645.144,2627.024,2643.261
1763798400,2025-11-22 08:00:00,2643.325,2661.073,2642.933,2653.055
1763805600,2025-11-22 10:00:00,2653.114,2663.602,2649.472,2662.111
1763812800,2025-11-22 12:00:00,2662.061,2678.857,2658.386,2678.705
1763820000,2025-11-22 14:00:00,2678.949,2682.089,2669.773,2676.211
1763827200,2025-11-22 16:00:00,2676.266,2679.122,2657.839,2657.839
1763834400,2025-11-22 18:00:00,2657.892,2660.064,2651.199,2655.764
1763841600,2025-11-22 20:00:00,2655.782,2659.19,2649.671,2650.234
1763848800,2025-11-22 22:00:00,2650.116,2650.463,2626.983,2626.983
1763856000,2025-11-23 00:00:00,2626.601,2626.802,2611.437,2620.87
1763863200,2025-11-23 02:00:00,2620.909,2638.807,2620.162,2632.574
1763870400,2025-11-23 04:00:00,2632.504,2639.511,2626.621,2636.074
1763877600,2025-11-23 06:00:00,2636.114,2646.225,2634.876,2641.261
1763884800,2025-11-23 08:00:00,2641.572,2641.572,2625.886,2639.708
1763892000,2025-11-23 10:00:00,2639.989,2644.443,2636.411,2641.808
1763899200,2025-11-23 12:00:00,2641.506,2644.769,2628.879,2643.738
1763906400,2025-11-23 14:00:00,2643.66,2651.378,2640.028,2648.7
1763913600,2025-11-23 16:00:00,2648.717,2652.148,2639.319,2645.89
1763920800,2025-11-23 18:00:00,2645.751,2650.336,2629.954,2632.486
1763928000,2025-11-23 20:00:00,2632.38,2637.728,2625.818,2631.791
1763935200,2025-11-23 22:00:00,2631.495,2635.313,2625.566,2634.084
1763942400,2025-11-24 00:00:00,2633.875,2638.786,2618.933,2622.378
1763949600,2025-11-24 02:00:00,2622.515,2634.477,2616.507,2626.694
1763956800,2025-11-24 04:00:00,2626.741,2632.991,2623.428,2628.805
1763964000,2025-11-24 06:00:00,2629.283,2645.927,2627.179,2634.277
1763971200,2025-11-24 08:00:00,2634.631,2647.536,2627.314,2628.283
1763978400,2025-11-24 10:00:00,2628.014,2633.68,2623.739,2627.502
1763985600,2025-11-24 12:00:00,2627.503,2642.022,2626.092,2640.272
1763992800,2025-11-24 14:00:00,2640.339,2646.629,2638.552,2644.018
1764000000,2025-11-24 16:00:00,2643.683,2647.151,2637.463,2643.876
1764007200,2025-11-24 18:00:00,2643.87,2646.116,2631.614,2632.725
1764014400,2025-11-24 20:00:00,2632.776,2634.595,2617.547,2618.777
1764021600,2025-11-24 22:00:00,2619.021,2635.737,2618.831,2621.073
1764028800,2025-11-25 00:00:00,2621.275,2622.598,2610.007,2614.876
1764036000,2025-11-25 02:00:00,2614.499,2619.094,2602.531,2605.637
1764043200,2025-11-25 04:00:00,2605.847,2610.377,2597.156,2602.139
1764050400,2025-11-25 06:00:00,2602.233,2613.844,2599.31,2599.384
1764057600,2025-11-25 08:00:00,2599.525,2602.511,2595.408,2599.04
1764064800,2025-11-25 10:00:00,2599.282,2607.367,2597.293,2601.594
1764072000,2025-11-25 12:00:00,2601.431,2609.357,2594.514,2599.36
1764079200,2025-11-25 14:00:00,2599.558,2604.252,2593.313,2597.532
1764086400,2025-11-25 16:00:00,2597.648,2598.222,2584.277,2591.621
1764093600,2025-11-25 18:00:00,2591.765,2592.088,2575.842,2576.627
1764100800,2025-11-25 20:00:00,2576.736,2590.686,2576.665,2584.876
1764108000,2025-11-25 22:00:00,2584.878,2589.126,2572.356,2580.166
1764115200,2025-11-26 00:00:00,2580.519,2586.517,2576.728,2583.578
1764122400,2025-11-26 02:00:00,2583.592,2589.94,2579.056,2583.38
1764129600,2025-11-26 04:00:00,2583.253,2586.643,2574.699,2576.43
1764136800,2025-11-26 06:00:00,2576.169,2577.98,2558.484,2571.773
1764144000,2025-11-26 08:00:00,2571.587,2574.602,2555.516,2557.183
1764151200,2025-11-26 10:00:00,2557.299,2560.963,2547.799,2550.101
1764158400,2025-11-26 12:00:00,2550.238,2566.19,2550.238,2561.169
1764165600,2025-11-26 14:00:00,2561.287,2562.126,2548.257,2548.531
1764172800,2025-11-26 16:00:00,2548.401,2554,2545.356,2548.127
1764180000,2025-11-26 18:00:00,2548.209,2554.573,2545.388,2548.933
1764187200,2025-11-26 20:00:00,2548.638,2552.47,2539.184,2548.902
1764194400,2025-11-26 22:00:00,2548.931,2556.45,2547.178,2548.471
1764201600,2025-11-27 00:00:00,2548.177,2553.003,2541.846,2547.907
1764208800,2025-11-27 02:00:00,2548.027,2561.808,2545.977,2551.267
1764216000,2025-11-27 04:00:00,2551.317,2553.244,2534.023,2538.169
1764223200,2025-11-27 06:00:00,2537.997,2539.317,2528.688,2534.157
1764230400,2025-11-27 08:00:00,2534.05,2536.511,2516.715,2527.637
1764237600,2025-11-27 10:00:00,2527.826,2532.029,2514.981,2528.483
1764244800,2025-11-27 12:00:00,2528.452,2535.623,2521.256,2526.025
1764252000,2025-11-27 14:00:00,2525.865,2530.742,2520.486,2523.046
1764259200,2025-11-27 16:00:00,2523.212,2523.909,2508.017,2512.776
1764266400,2025-11-27 18:00:00,2512.545,2514.141,2502.395,2511.337
1764273600,2025-11-27 20:00:00,2511.354,2511.892,2498.885,2507.866
1764280800,2025-11-27 22:00:00,2507.788,2508.999,2492.754,2494.682
1764288000,2025-11-28 00:00:00,2494.576,2495.171,2481.704,2488.07
1764295200,2025-11-28 02:00:00,2488.277,2488.676,2474.069,2476.953
1764302400,2025-11-28 04:00:00,2476.778,2484.503,2475.167,2478.174
1764309600,2025-11-28 06:00:00,2478.187,2479.616,2463.296,2467.089
1764316800,2025-11-28 08:00:00,2467.211,2467.218,2455.696,2461.586
1764324000,2025-11-28 10:00:00,2461.44,2465.415,2455.438,2458.82
1764331200,2025-11-28 12:00:00,2458.981,2464.925,2453.444,2462.555
1764338400,2025-11-28 14:00:00,2462.763,2471.923,2451.712,2471.56
1764345600,2025-11-28 16:00:00,2471.68,2472.76,2462.217,2463.792
1764352800,2025-11-28 18:00:00,2463.893,2478.893,2461.424,2476.964
1764360000,2025-11-28 20:00:00,2476.912,2497.798,2476.266,2497.186
1764367200,2025-11-28 22:00:00,2497.025,2503.955,2493.177,2496.649
1764374400,2025-11-29 00:00:00,2496.748,2515.17,2496.273,2512.966
1764381600,2025-11-29 02:00:00,2513.192,2514.694,2489.567,2490.985
1764388800,2025-11-29 04:00:00,2490.989,2498.727,2486.176,2489.875
1764396000,2025-11-29 06:00:00,2489.845,2501.767,2488.736,2491.098
1764403200,2025-11-29 08:00:00,2491.328,2502.569,2485.819,2489.366
1764410400,2025-11-29 10:00:00,2489.336,2497.958,2483.912,2489.69
1764417600,2025-11-29 12:00:00,2489.687,2506.448,2487.191,2506.022
1764424800,2025-11-29 14:00:00,2506.268,2518.726,2502.982,2508.5
1764432000,2025-11-29 16:00:00,2508.595,2513.569,2492.56,2495.57
1764439200,2025-11-29 18:00:00,2495.508,2500.842,2488.081,2491.289
1764446400,2025-11-29 20:00:00,2491.495,2491.667,2466.352,2467.489
1764453600,2025-11-29 22:00:00,2467.447,2474.726,2460.352,2462.416
1764460800,2025-11-30 00:00:00,2462.448,2464.805,2453.27,2460.292
1764468000,2025-11-30 02:00:00,2460.32,2471.194,2459.161,2465.189
1764475200,2025-11-30 04:00:00,2464.981,2467.074,2449.144,2449.144
1764482400,2025-11-30 06:00:00,2449.117,2451.836,2437.142,2442.053
1764489600,2025-11-30 08:00:00,2442.096,2442.777,2423.11,2427.335
1764496800,2025-11-30 10:00:00,2427.285,2444.322,2426.419,2444.078
1764504000,2025-11-30 12:00:00,2443.893,2454.909,2437.083,2450.228
1764511200,2025-11-30 14:00:00,2450.344,2458.655,2449.287,2455.792
1764518400,2025-11-30 16:00:00,2455.793,2463.943,2448.857,2450.916
1764525600,2025-11-30 18:00:00,2451.113,2455.367,2440.172,2451.156
1764532800,2025-11-30 20:00:00,2451.188,2453.886,2443.233,2444.984
1764540000,2025-11-30 22:00:00,2444.744,2446.049,2433.473,2444.41
1764547200,2025-12-01 00:00:00,2444.462,2450.224,2439.23,2441.864
1764554400,2025-12-01 02:00:00,2441.86,2447.934,2435.074,2447.443
1764561600,2025-12-01 04:00:00,2447.618,2452.486,2443.331,2447.108
1764568800,2025-12-01 06:00:00,2446.8,2448.928,2436.144,2436.374
1764576000,2025-12-01 08:00:00,2436.121,2445.091,2433.641,2436.894
1764583200,2025-12-01 10:00:00,2437.058,2443.843,2433.503,2439.766
1764590400,2025-12-01 12:00:00,2439.581,2456.558,2437.373,2456.52
1764597600,2025-12-01 14:00:00,2456.474,2463.157,2446.495,2453.807
1764604800,2025-12-01 16:00:00,2453.689,2454.714,2441.7,2446.061
1764612000,2025-12-01 18:00:00,2445.9,2456.464,2445.6,2451.654
1764619200,2025-12-01 20:00:00,2451.546,2454.144,2440.351,2445.246
1764626400,2025-12-01 22:00:00,2445.115,2454.356,2440.782,2442.309
1764633600,2025-12-02 00:00:00,2442.419,2449.698,2440.888,2442.482
1764640800,2025-12-02 02:00:00,2442.674,2451.918,2441.107,2446.871
1764648000,2025-12-02 04:00:00,2446.916,2446.916,2429.506,2429.798
1764655200,2025-12-02 06:00:00,2430.023,2430.138,2415.202,2416.144
1764662400,2025-12-02 08:00:00,2415.997,2416.345,2398.747,2404.989
1764669600,2025-12-02 10:00:00,2404.958,2405.477,2388.042,2396.196
1764676800,2025-12-02 12:00:00,2396.124,2402.776,2392.158,2394.016
1764684000,2025-12-02 14:00:00,2393.973,2398.109,2388.694,2396.387
1764691200,2025-12-02 16:00:00,2396.262,2407.494,2392.694,2401.427
1764698400,2025-12-02 18:00:00,2401.596,2424.819,2400.062,2420.128
1764705600,2025-12-02 20:00:00,2419.971,2431.64,2415.322,2431.357
1764712800,2025-12-02 22:00:00,2431.544,2439.531,2429.019,2439.016
1764720000,2025-12-03 00:00:00,2438.961,2449.345,2434.898,2443.735
1764727200,2025-12-03 02:00:00,2443.64,2444.67,2423.093,2429.982
1764734400,2025-12-03 04:00:00,2429.99,2430.328,2419.727,2420.301
1764741600,2025-12-03 06:00:00,2420.423,2422.313,2407.102,2412.179
1764748800,2025-12-03 08:00:00,2412.178,2435.407,2411.393,2435.113
1764756000,2025-12-03 10:00:00,2435.033,2441.506,2425.758,2429.17
1764763200,2025-12-03 12:00:00,2429.359,2437.157,2424.518,2431.836
1764770400,2025-12-03 14:00:00,2431.763,2433.435,2423.86,2429.175
1764777600,2025-12-03 16:00:00,2429.356,2438.524,2421.867,2436.345
1764784800,2025-12-03 18:00:00,2436.427,2442.807,2430.233,2436.176
1764792000,2025-12-03 20:00:00,2436.212,2440.327,2433.427,2436.43
1764799200,2025-12-03 22:00:00,2436.642,2439.064,2424.605,2426.76
1764806400,2025-12-04 00:00:00,2426.74,2429.3,2415.992,2416.406
1764813600,2025-12-04 02:00:00,2416.321,2417.696,2396.514,2402.306
1764820800,2025-12-04 04:00:00,2402.278,2402.278,2383.049,2388.828
1764828000,2025-12-04 06:00:00,2388.858,2398.385,2387.696,2391.265
1764835200,2025-12-04 08:00:00,2391.388,2391.947,2379.997,2385.713
1764842400,2025-12-04 10:00:00,2385.646,2385.692,2372.42,2374.856
1764849600,2025-12-04 12:00:00,2374.98,2381.417,2361.685,2363.249
1764856800,2025-12-04 14:00:00,2362.811,2377.215,2360.525,2374.976
1764864000,2025-12-04 16:00:00,2374.756,2384.155,2370.139,2378.422
1764871200,2025-12-04 18:00:00,2378.368,2382.489,2371.206,2372.396
1764878400,2025-12-04 20:00:00,2372.313,2375.761,2362.752,2371.211
1764885600,2025-12-04 22:00:00,2371.153,2375.257,2359.22,2372.019
1764892800,2025-12-05 00:00:00,2372.279,2389.727,2371.809,2385.671
1764900000,2025-12-05 02:00:00,2385.421,2390.026,2377.538,2383.237
1764907200,2025-12-05 04:00:00,2383.259,2386.071,2364.835,2369.009
1764914400,2025-12-05 06:00:00,2369.04,2373.023,2364.261,2367.466
1764921600,2025-12-05 08:00:00,2367.658,2378.48,2367.009,2378.226
1764928800,2025-12-05 10:00:00,2378.137,2391.465,2378.096,2382.661
1764936000,2025-12-05 12:00:00,2382.739,2393.555,2379.292,2392.482
1764943200,2025-12-05 14:00:00,2392.399,2392.399,2381.305,2381.305
1764950400,2025-12-05 16:00:00,2381.319,2383.048,2368.876,2372.375
1764957600,2025-12-05 18:00:00,2372.374,2375.778,2366.064,2369.043
1764964800,2025-12-05 20:00:00,2369.032,2376.381,2367.104,2372.791
1764972000,2025-12-05 22:00:00,2372.908,2383.936,2372.256,2377.552
1764979200,2025-12-06 00:00:00,2377.493,2378.01,2351.08,2351.303
1764986400,2025-12-06 02:00:00,2351.361,2362.661,2349.874,2356.959
1764993600,2025-12-06 04:00:00,2357.103,2362.686,2355.239,2360.132
1765000800,2025-12-06 06:00:00,2360.333,2379.364,2359.544,2373.932
1765008000,2025-12-06 08:00:00,2374.101,2379.108,2370.859,2374.985
1765015200,2025-12-06 10:00:00,2374.772,2378.429,2363.16,2365.166
1765022400,2025-12-06 12:00:00,2365.447,2371.705,2362.717,2369.293
1765029600,2025-12-06 14:00:00,2369.308,2370.345,2358.977,2365.775
1765036800,2025-12-06 16:00:00,2365.561,2369.155,2351.725,2353.753
1765044000,2025-12-06 18:00:00,2353.75,2363.864,2353.435,2358.559
1765051200,2025-12-06 20:00:00,2358.689,2360.765,2346.916,2349.285
1765058400,2025-12-06 22:00:00,2349.383,2356.395,2343.609,2349.88
1765065600,2025-12-07 00:00:00,2349.958,2350.067,2341.678,2341.695
1765072800,2025-12-07 02:00:00,2341.692,2349.345,2331.508,2332.231
1765080000,2025-12-07 04:00:00,2332.335,2339.166,2328.374,2331.725
1765087200,2025-12-07 06:00:00,2331.644,2343.687,2331.131,2338.864
1765094400,2025-12-07 08:00:00,2338.586,2345.713,2337.494,2338.772
1765101600,2025-12-07 10:00:00,2338.643,2353.993,2338.437,2349.57
1765108800,2025-12-07 12:00:00,2349.686,2352.208,2340.891,2350.262
1765116000,2025-12-07 14:00:00,2350.31,2354.852,2345.125,2347.347
1765123200,2025-12-07 16:00:00,2347.286,2347.462,2331.326,2338.605
1765130400,2025-12-07 18:00:00,2338.656,2345.066,2338.249,2340.627
1765137600,2025-12-07 20:00:00,2340.641,2360.164,2339.934,2355.462
1765144800,2025-12-07 22:00:00,2355.507,2362.72,2349.412,2356.352
1765152000,2025-12-08 00:00:00,2356.308,2364.844,2350.412,2364.746
1765159200,2025-12-08 02:00:00,2364.745,2366.795,2358.706,2365.828
1765166400,2025-12-08 04:00:00,2366.098,2371.985,2363.413,2368.837
1765173600,2025-12-08 06:00:00,2368.759,2379.137,2364.228,2365.566
1765180800,2025-12-08 08:00:00,2365.649,2381.742,2365.54,2372.74
1765188000,2025-12-08 10:00:00,2372.563,2376.055,2358.584,2362.107
1765195200,2025-12-08 12:00:00,2362.179,2379.643,2361.933,2372.741
1765202400,2025-12-08 14:00:00,2372.515,2378.507,2367.37,2369.017
1765209600,2025-12-08 16:00:00,2369.01,2376.12,2362.954,2372.953
1765216800,2025-12-08 18:00:00,2373.177,2374.782,2360.41,2373.197
1765224000,2025-12-08 20:00:00,2373.221,2378.385,2365.129,2370.229
1765231200,2025-12-08 22:00:00,2369.958,2374.843,2364.191,2364.531
1765238400,2025-12-09 00:00:00,2364.371,2369.504,2351.812,2353.487
1765245600,2025-12-09 02:00:00,2353.457,2367.79,2350.242,2365.956
1765252800,2025-12-09 04:00:00,2366.136,2373.271,2360.769,2365.786
1765260000,2025-12-09 06:00:00,2365.94,2377.674,2365.363,2373.921
1765267200,2025-12-09 08:00:00,2373.986,2376.099,2365.775,2369.64
1765274400,2025-12-09 10:00:00,2369.814,2370.397,2357.756,2362.103
1765281600,2025-12-09 12:00:00,2362.249,2366.488,2356.439,2364.118
1765288800,2025-12-09 14:00:00,2364.256,2370.213,2358.36,2360.621
1765296000,2025-12-09 16:00:00,2360.6,2379.65,2358.096,2372.737
1765303200,2025-12-09 18:00:00,2372.795,2390.532,2370.035,2389.235
1765310400,2025-12-09 20:00:00,2389.424,2390.337,2376.646,2379.759
1765317600,2025-12-09 22:00:00,2379.866,2389.796,2379.821,2387.922
1765324800,2025-12-10 00:00:00,2388.251,2397.024,2382.133,2396.856
1765332000,2025-12-10 02:00:00,2396.715,2400.092,2382.125,2388.865
1765339200,2025-12-10 04:00:00,2389.112,2391.941,2383.617,2385.227
1765346400,2025-12-10 06:00:00,2385.093,2393.12,2382.579,2390.33
1765353600,2025-12-10 08:00:00,2390.343,2403.597,2388.023,2400.772
1765360800,2025-12-10 10:00:00,2400.722,2406.383,2394.668,2397.849
1765368000,2025-12-10 12:00:00,2397.899,2420.278,2397.221,2413.986
1765375200,2025-12-10 14:00:00,2413.828,2419.232,2404.15,2417.981
1765382400,2025-12-10 16:00:00,2418.459,2427.61,2416.886,2425.934
1765389600,2025-12-10 18:00:00,2426.001,2428.829,2418.755,2421.182
1765396800,2025-12-10 20:00:00,2421.213,2431.616,2419.802,2423.484
1765404000,2025-12-10 22:00:00,2423.663,2426.459,2413.51,2424.263
1765411200,2025-12-11 00:00:00,2424.518,2427.909,2412.721,2416.835
1765418400,2025-12-11 02:00:00,2416.659,2417.081,2398.407,2399.845
1765425600,2025-12-11 04:00:00,2399.814,2404.286,2389.139,2394.326
1765432800,2025-12-11 06:00:00,2394.109,2397.691,2377.846,2383.391
1765440000,2025-12-11 08:00:00,2383.592,2392.274,2377.206,2380.108
1765447200,2025-12-11 10:00:00,2380.182,2383.796,2375.936,2376.834
1765454400,2025-12-11 12:00:00,2376.767,2390.332,2372.679,2389.466
1765461600,2025-12-11 14:00:00,2389.56,2401.339,2384.646,2401.053
1765468800,2025-12-11 16:00:00,2401.335,2403.841,2388.878,2399.247
1765476000,2025-12-11 18:00:00,2399.176,2405.624,2397.37,2403.308
1765483200,2025-12-11 20:00:00,2403.347,2409.716,2398.543,2407.762
1765490400,2025-12-11 22:00:00,2407.707,2408.765,2395.449,2397.917
1765497600,2025-12-12 00:00:00,2397.883,2408.899,2396.536,2408.084
1765504800,2025-12-12 02:00:00,2408.007,2409.141,2396.583,2407.759
1765512000,2025-12-12 04:00:00,2407.66,2415.856,2401.374,2402.713
1765519200,2025-12-12 06:00:00,2402.702,2409.412,2400.395,2402.03
1765526400,2025-12-12 08:00:00,2402.079,2406.704,2392.773,2393.573
1765533600,2025-12-12 10:00:00,2393.652,2397.206,2388.446,2393.482
1765540800,2025-12-12 12:00:00,2393.41,2395.765,2386.442,2389.232
1765548000,2025-12-12 14:00:00,2389.112,2398.436,2387.514,2395.184
1765555200,2025-12-12 16:00:00,2395.393,2403.998,2393.042,2396.712
1765562400,2025-12-12 18:00:00,2396.702,2402.681,2394.201,2398.553
1765569600,2025-12-12 20:00:00,2398.988,2408.941,2396.767,2400.052
1765576800,2025-12-12 22:00:00,2400.189,2409.519,2398.104,2407.948
1765584000,2025-12-13 00:00:00,2408.187,2410.886,2403.405,2407.762
1765591200,2025-12-13 02:00:00,2407.833,2425.066,2405.262,2424.808
1765598400,2025-12-13 04:00:00,2424.733,2426.915,2413.154,2420.934
1765605600,2025-12-13 06:00:00,2421.258,2422.635,2416.57,2421.315
1765612800,2025-12-13 08:00:00,2421.375,2432.467,2419.696,2431.899
1765620000,2025-12-13 10:00:00,2432.119,2432.409,2419.597,2423.945
1765627200,2025-12-13 12:00:00,2423.991,2427.552,2415.065,2418.97
1765634400,2025-12-13 14:00:00,2419.061,2421.101,2402.98,2409.415
1765641600,2025-12-13 16:00:00,2409.323,2410.747,2400.271,2407.784
1765648800,2025-12-13 18:00:00,2407.642,2408.728,2397.778,2400.644
1765656000,2025-12-13 20:00:00,2400.445,2403.844,2394.797,2402.353
1765663200,2025-12-13 22:00:00,2402.181,2410.606,2399.445,2404.95
1765670400,2025-12-14 00:00:00,2404.937,2412.326,2402.36,2408.655
1765677600,2025-12-14 02:00:00,2408.548,2420.021,2403.33,2418.571
1765684800,2025-12-14 04:00:00,2418.741,2427.577,2412.534,2417.406
1765692000,2025-12-14 06:00:00,2417.463,2419.748,2408.071,2415.449
1765699200,2025-12-14 08:00:00,2415.237,2424.35,2412.324,2419.206
1765706400,2025-12-14 10:00:00,2419.243,2426.833,2412.791,2426.527
1765713600,2025-12-14 12:00:00,2426.487,2432.991,2424.192,2429.065
1765720800,2025-12-14 14:00:00,2429.081,2445.305,2428.304,2442.181
1765728000,2025-12-14 16:00:00,2442.153,2450.669,2441.38,2449.217
1765735200,2025-12-14 18:00:00,2449.107,2450.147,2439.516,2445.249
1765742400,2025-12-14 20:00:00,2445.173,2459.82,2442.956,2458.68
1765749600,2025-12-14 22:00:00,2458.61,2459.983,2448.309,2450.16
1765756800,2025-12-15 00:00:00,2450.281,2451.386,2438.93,2439.105
1765764000,2025-12-15 02:00:00,2439.047,2452.121,2438.479,2447.86
1765771200,2025-12-15 04:00:00,2448.038,2456.916,2446.943,2451.905
1765778400,2025-12-15 06:00:00,2451.718,2459.782,2448.394,2454.786
1765785600,2025-12-15 08:00:00,2455.036,2458.968,2447.341,2450.671
1765792800,2025-12-15 10:00:00,2450.899,2461.344,2446.14,2461.124
1765800000,2025-12-15 12:00:00,2461.021,2472.832,2456.953,2472.606
1765807200,2025-12-15 14:00:00,2472.768,2498.632,2471.295,2497.859
1765814400,2025-12-15 16:00:00,2497.829,2508.755,2496.832,2501.114
1765821600,2025-12-15 18:00:00,2500.974,2504.305,2486.428,2487.587
1765828800,2025-12-15 20:00:00,2487.515,2502.824,2486.866,2498.776
1765836000,2025-12-15 22:00:00,2498.343,2506.501,2494.833,2502.557
1765843200,2025-12-16 00:00:00,2502.439,2513.706,2498.211,2511.957
1765850400,2025-12-16 02:00:00,2511.874,2519.546,2508.639,2509.322
1765857600,2025-12-16 04:00:00,2509.542,2517.206,2507.929,2509.972
1765864800,2025-12-16 06:00:00,2510.006,2512.669,2490.94,2492.841
1765872000,2025-12-16 08:00:00,2492.451,2494.134,2481.975,2484.849
1765879200,2025-12-16 10:00:00,2484.807,2498.034,2484.807,2494.16
1765886400,2025-12-16 12:00:00,2494.247,2505.227,2489.511,2504.075
1765893600,2025-12-16 14:00:00,2503.958,2521.488,2503.176,2518.693
1765900800,2025-12-16 16:00:00,2518.655,2522.887,2503.918,2504.66
1765908000,2025-12-16 18:00:00,2504.825,2507.679,2494.242,2496.16
1765915200,2025-12-16 20:00:00,2496.173,2498.257,2486.007,2491.575
1765922400,2025-12-16 22:00:00,2491.517,2495.012,2474.037,2477.557
1765929600,2025-12-17 00:00:00,2477.691,2495.104,2473.141,2488.291
1765936800,2025-12-17 02:00:00,2487.654,2497.009,2481.473,2484.428
1765944000,2025-12-17 04:00:00,2484.439,2491.408,2481.839,2487.341
1765951200,2025-12-17 06:00:00,2487.435,2487.435,2472.886,2477.365
1765958400,2025-12-17 08:00:00,2477.523,2480.903,2468.68,2476.211
1765965600,2025-12-17 10:00:00,2476.477,2483.234,2470.04,2476.332
1765972800,2025-12-17 12:00:00,2476.239,2477.517,2461.726,2475.018
1765980000,2025-12-17 14:00:00,2474.839,2480.657,2464.884,2469.014
1765987200,2025-12-17 16:00:00,2469.056,2470.305,2443.034,2443.15
1765994400,2025-12-17 18:00:00,2443.132,2449.286,2438.527,2441.451
1766001600,2025-12-17 20:00:00,2441.078,2458.574,2440.532,2450.269
1766008800,2025-12-17 22:00:00,2450.334,2455.723,2442.332,2446.783
1766016000,2025-12-18 00:00:00,2446.918,2463.112,2440.97,2461.22
1766023200,2025-12-18 02:00:00,2460.936,2466.632,2455.48,2464.426
1766030400,2025-12-18 04:00:00,2464.451,2476.121,2460.98,2476.121
1766037600,2025-12-18 06:00:00,2476.089,2491.142,2474.231,2484.795
1766044800,2025-12-18 08:00:00,2484.835,2496.22,2478.809,2485.834
1766052000,2025-12-18 10:00:00,2485.56,2487.23,2476.578,2478.427
1766059200,2025-12-18 12:00:00,2478.502,2494.234,2477.995,2490.532
1766066400,2025-12-18 14:00:00,2490.386,2507.425,2482.434,2494.2
1766073600,2025-12-18 16:00:00,2494.119,2497.888,2486.164,2490.361
1766080800,2025-12-18 18:00:00,2490.438,2491.599,2482.013,2483.62
1766088000,2025-12-18 20:00:00,2483.785,2497.201,2475.714,2486.564
1766095200,2025-12-18 22:00:00,2486.799,2491.73,2478.526,2480.864
1766102400,2025-12-19 00:00:00,2480.753,2487.742,2474.648,2484.76
1766109600,2025-12-19 02:00:00,2484.639,2491.8,2479.195,2481.588
1766116800,2025-12-19 04:00:00,2481.569,2491.29,2481.08,2485.849
1766124000,2025-12-19 06:00:00,2485.718,2496.865,2483.744,2490.452
1766131200,2025-12-19 08:00:00,2490.588,2510.844,2490.415,2500.324
1766138400,2025-12-19 10:00:00,2500.269,2511.794,2494.71,2511.274
1766145600,2025-12-19 12:00:00,2511.504,2512.246,2499.708,2499.837
1766152800,2025-12-19 14:00:00,2499.736,2509.126,2493.194,2507.581
1766160000,2025-12-19 16:00:00,2507.718,2508.016,2488.153,2489.252
1766167200,2025-12-19 18:00:00,2489.57,2492.764,2483.224,2489.407
1766174400,2025-12-19 20:00:00,2489.451,2495.31,2482.982,2493.384
1766181600,2025-12-19 22:00:00,2493.197,2507.507,2492.679,2499.678
1766188800,2025-12-20 00:00:00,2499.74,2501.259,2488.131,2492.403
1766196000,2025-12-20 02:00:00,2492.473,2501.236,2490.577,2499.073
1766203200,2025-12-20 04:00:00,2499.364,2501.537,2492.597,2497.028
1766210400,2025-12-20 06:00:00,2496.996,2503.449,2494.27,2501.343
1766217600,2025-12-20 08:00:00,2501.342,2507.326,2481.731,2485.719
1766224800,2025-12-20 10:00:00,2485.74,2490.269,2477.864,2483.322
1766232000,2025-12-20 12:00:00,2483.448,2485.881,2476.926,2478.353
1766239200,2025-12-20 14:00:00,2478.423,2484.443,2467.232,2467.518
1766246400,2025-12-20 16:00:00,2467.38,2471.462,2446.585,2447.525
1766253600,2025-12-20 18:00:00,2447.487,2463.655,2446.074,2458.058
1766260800,2025-12-20 20:00:00,2458.006,2459.871,2441.017,2442.257
1766268000,2025-12-20 22:00:00,2442.184,2447.916,2436.578,2439.496
1766275200,2025-12-21 00:00:00,2439.499,2456.95,2438.199,2456.815
1766282400,2025-12-21 02:00:00,2456.772,2467.031,2447.846,2466.7
1766289600,2025-12-21 04:00:00,2466.661,2491.786,2466.661,2490.184
1766296800,2025-12-21 06:00:00,2490.119,2494.033,2482.612,2487.527
1766304000,2025-12-21 08:00:00,2487.427,2508.962,2484.327,2501.281
1766311200,2025-12-21 10:00:00,2501.362,2509.547,2499.781,2506.145
1766318400,2025-12-21 12:00:00,2506.185,2508.298,2498.304,2501.684
1766325600,2025-12-21 14:00:00,2501.576,2505.494,2493.668,2504.01
1766332800,2025-12-21 16:00:00,2503.972,2514.64,2503.936,2511.879
1766340000,2025-12-21 18:00:00,2511.954,2512.875,2499.928,2509.934
1766347200,2025-12-21 20:00:00,2510.187,2515.181,2491.401,2493.243
1766354400,2025-12-21 22:00:00,2493.221,2501.121,2485.052,2489.403
1766361600,2025-12-22 00:00:00,2489.526,2498.616,2482.69,2485.996
1766368800,2025-12-22 02:00:00,2485.889,2492.933,2479.348,2491.527
1766376000,2025-12-22 04:00:00,2491.744,2502.163,2489.231,2496.489
1766383200,2025-12-22 06:00:00,2496.455,2502.18,2488.387,2492.612
1766390400,2025-12-22 08:00:00,2492.82,2501.64,2491.234,2499.325
1766397600,2025-12-22 10:00:00,2499.38,2507.201,2494.817,2499.675
1766404800,2025-12-22 12:00:00,2499.524,2503.645,2483.098,2484.983
1766412000,2025-12-22 14:00:00,2484.966,2486.208,2476.627,2478.324
1766419200,2025-12-22 16:00:00,2478.307,2479.032,2467.781,2470.542
1766426400,2025-12-22 18:00:00,2470.54,2473.958,2460.739,2468.737
1766433600,2025-12-22 20:00:00,2468.614,2474.146,2463.695,2469.276
1766440800,2025-12-22 22:00:00,2469.416,2471.805,2449.623,2454.667
1766448000,2025-12-23 00:00:00,2454.383,2455.8,2446.195,2451.143
1766455200,2025-12-23 02:00:00,2451.089,2452.37,2441.764,2450.17
1766462400,2025-12-23 04:00:00,2450.034,2451.019,2429.762,2431.933
1766469600,2025-12-23 06:00:00,2431.941,2439.722,2428.195,2434.307
1766476800,2025-12-23 08:00:00,2434.218,2439.109,2422.687,2429.051
1766484000,2025-12-23 10:00:00,2429.05,2437.48,2424.361,2427.841
1766491200,2025-12-23 12:00:00,2428.066,2432.297,2423.61,2425.826
1766498400,2025-12-23 14:00:00,2425.802,2432.51,2415.982,2419.797
1766505600,2025-12-23 16:00:00,2419.615,2419.786,2408.807,2409.755
1766512800,2025-12-23 18:00:00,2409.762,2411.133,2394.658,2397.011
1766520000,2025-12-23 20:00:00,2396.923,2404.048,2393.147,2395.248
1766527200,2025-12-23 22:00:00,2395.362,2395.637,2382.713,2388.922
1766534400,2025-12-24 00:00:00,2388.843,2391.515,2380.871,2381.464
1766541600,2025-12-24 02:00:00,2381.323,2384.138,2371.474,2378.258
1766548800,2025-12-24 04:00:00,2378.098,2383.815,2371.899,2373.972
1766556000,2025-12-24 06:00:00,2373.872,2380.006,2366.836,2368.101
1766563200,2025-12-24 08:00:00,2368.106,2378.649,2366.166,2370.65
1766570400,2025-12-24 10:00:00,2370.617,2387.531,2366.582,2385.625
1766577600,2025-12-24 12:00:00,2385.495,2394.824,2380.662,2391.474
1766584800,2025-12-24 14:00:00,2391.696,2396.038,2387.191,2395.921
1766592000,2025-12-24 16:00:00,2395.849,2402.703,2392.798,2395.688
1766599200,2025-12-24 18:00:00,2395.738,2404.897,2393.438,2397.622
1766606400,2025-12-24 20:00:00,2397.597,2400.107,2390.883,2397.229
1766613600,2025-12-24 22:00:00,2397.265,2406.391,2395.447,2400.311
1766620800,2025-12-25 00:00:00,2400.565,2405.989,2385.026,2386.756
1766628000,2025-12-25 02:00:00,2386.819,2397.732,2380.082,2395.611
1766635200,2025-12-25 04:00:00,2395.608,2397.023,2379.656,2394.001
1766642400,2025-12-25 06:00:00,2394.081,2407.451,2391.296,2400.28
1766649600,2025-12-25 08:00:00,2400.15,2402.389,2386.422,2386.509
1766656800,2025-12-25 10:00:00,2386.64,2396.965,2385.851,2388.459
1766664000,2025-12-25 12:00:00,2388.622,2404.881,2387.365,2402.045
1766671200,2025-12-25 14:00:00,2402.133,2416.072,2400.973,2415.36
1766678400,2025-12-25 16:00:00,2415.155,2419.037,2409.096,2413.374
1766685600,2025-12-25 18:00:00,2413.223,2421.871,2406.136,2408.424
1766692800,2025-12-25 20:00:00,2408.412,2410.588,2385.783,2386.911
1766700000,2025-12-25 22:00:00,2386.649,2389.673,2374.675,2379.082
1766707200,2025-12-26 00:00:00,2378.996,2385.763,2374.924,2375.669
1766714400,2025-12-26 02:00:00,2375.475,2379.497,2366.67,2370.833
1766721600,2025-12-26 04:00:00,2371.056,2383.314,2368.465,2373.659
1766728800,2025-12-26 06:00:00,2373.434,2385.443,2370.965,2385.443
1766736000,2025-12-26 08:00:00,2385.328,2387.523,2376.51,2378.843
1766743200,2025-12-26 10:00:00,2378.767,2395.589,2378.19,2382.203
1766750400,2025-12-26 12:00:00,2382.13,2390.011,2377.417,2384.391
1766757600,2025-12-26 14:00:00,2384.464,2386.515,2376.336,2381.527
1766764800,2025-12-26 16:00:00,2381.652,2391.436,2381.275,2385.458
1766772000,2025-12-26 18:00:00,2385.496,2401.477,2378.498,2397.22
1766779200,2025-12-26 20:00:00,2397.247,2405.368,2392.146,2395.711
1766786400,2025-12-26 22:00:00,2395.921,2421.572,2393.774,2415.525
1766793600,2025-12-27 00:00:00,2415.504,2425.868,2409.525,2421.098
1766800800,2025-12-27 02:00:00,2421.248,2422.767,2408.675,2418.632
1766808000,2025-12-27 04:00:00,2418.615,2429.698,2416.86,2428.792
1766815200,2025-12-27 06:00:00,2428.799,2440.647,2422.738,2423.047
1766822400,2025-12-27 08:00:00,2423.023,2455.296,2422.651,2454.359
1766829600,2025-12-27 10:00:00,2454.377,2470.811,2454.281,2469.608
1766836800,2025-12-27 12:00:00,2469.543,2473.059,2466.097,2467.637
1766844000,2025-12-27 14:00:00,2467.387,2471.17,2460.883,2461.668
1766851200,2025-12-27 16:00:00,2461.584,2463.757,2434.168,2436.054
1766858400,2025-12-27 18:00:00,2435.988,2451.08,2434.14,2442.786
1766865600,2025-12-27 20:00:00,2442.576,2444.863,2435.725,2438.368
1766872800,2025-12-27 22:00:00,2438.215,2438.301,2425.625,2427.344
1766880000,2025-12-28 00:00:00,2427.229,2433.733,2425.207,2427.779
1766887200,2025-12-28 02:00:00,2427.9,2431.251,2419.335,2427.53
1766894400,2025-12-28 04:00:00,2427.395,2432.691,2409.024,2418.378
1766901600,2025-12-28 06:00:00,2418.439,2424.02,2413.948,2419.765
1766908800,2025-12-28 08:00:00,2419.693,2430.706,2418.806,2423.488
1766916000,2025-12-28 10:00:00,2423.429,2431.343,2421.782,2430.957
1766923200,2025-12-28 12:00:00,2430.792,2437.075,2427.506,2429.94
1766930400,2025-12-28 14:00:00,2429.935,2431.612,2415.46,2420.522
1766937600,2025-12-28 16:00:00,2420.516,2425.103,2416.613,2419.586
1766944800,2025-12-28 18:00:00,2419.729,2420.585,2411.249,2415.036
1766952000,2025-12-28 20:00:00,2414.9,2418.938,2411.042,2412.15
1766959200,2025-12-28 22:00:00,2412.138,2421.365,2410.06,2414.909
1766966400,2025-12-29 00:00:00,2414.769,2416.962,2401.922,2408.727
1766973600,2025-12-29 02:00:00,2408.908,2425.536,2408.14,2424.701
1766980800,2025-12-29 04:00:00,2424.857,2433.361,2418.526,2423.44
1766988000,2025-12-29 06:00:00,2423.518,2431.094,2420.09,2426.517
1766995200,2025-12-29 08:00:00,2426.524,2427.888,2419.116,2425.292
1767002400,2025-12-29 10:00:00,2425.281,2432.601,2419.487,2423.056
1767009600,2025-12-29 12:00:00,2422.748,2423.616,2407.257,2408.36
1767016800,2025-12-29 14:00:00,2408.488,2419.958,2404.109,2406.398
1767024000,2025-12-29 16:00:00,2406.544,2414.452,2400.161,2412.073
1767031200,2025-12-29 18:00:00,2411.929,2417.471,2406.768,2415.799
1767038400,2025-12-29 20:00:00,2415.687,2426.295,2406.57,2418.951
1767045600,2025-12-29 22:00:00,2419.245,2423.819,2415.158,2423.157
1767052800,2025-12-30 00:00:00,2423.342,2439.291,2422.7,2429.621
1767060000,2025-12-30 02:00:00,2429.625,2430.139,2418.593,2427.058
1767067200,2025-12-30 04:00:00,2427.179,2429.716,2419.435,2424.307
1767074400,2025-12-30 06:00:00,2424.532,2427.472,2405.54,2405.846
1767081600,2025-12-30 08:00:00,2405.83,2412.481,2398.995,2406.621
1767088800,2025-12-30 10:00:00,2406.496,2413.374,2397.895,2399.043
1767096000,2025-12-30 12:00:00,2398.965,2403.904,2385.982,2387.05
1767103200,2025-12-30 14:00:00,2387.112,2399.392,2385.734,2399.077
1767110400,2025-12-30 16:00:00,2399.133,2399.308,2390.359,2395.55
1767117600,2025-12-30 18:00:00,2395.519,2398.13,2387.838,2392.461
1767124800,2025-12-30 20:00:00,2392.809,2393.943,2383.373,2387.135
1767132000,2025-12-30 22:00:00,2387.294,2389.623,2374.499,2375.931
1767139200,2025-12-31 00:00:00,2376.196,2376.753,2357.93,2367.657
1767146400,2025-12-31 02:00:00,2367.629,2373.105,2358.986,2373.105
1767153600,2025-12-31 04:00:00,2373.139,2379.978,2370.34,2377.635
1767160800,2025-12-31 06:00:00,2377.616,2379.703,2364.457,2364.847
1767168000,2025-12-31 08:00:00,2365.066,2374.825,2363.309,2365.685
1767175200,2025-12-31 10:00:00,2365.386,2373.139,2363.533,2366.224
1767182400,2025-12-31 12:00:00,2366.01,2372.723,2361.869,2370.999
1767189600,2025-12-31 14:00:00,2371.174,2378.316,2365.199,2365.199
1767196800,2025-12-31 16:00:00,2365.194,2372.014,2359.335,2367.837
1767204000,2025-12-31 18:00:00,2367.77,2385.478,2367.77,2381.787
1767211200,2025-12-31 20:00:00,2381.653,2392.552,2375.431,2392.165
1767218400,2025-12-31 22:00:00,2392.321,2392.655,2378.815,2382.632
1767225600,2026-01-01 00:00:00,2382.688,2385.552,2372.591,2376.605
1767232800,2026-01-01 02:00:00,2376.336,2393.148,2376.156,2392.976
1767240000,2026-01-01 04:00:00,2392.719,2401.225,2390.078,2392.674
1767247200,2026-01-01 06:00:00,2392.918,2402.867,2385.205,2402.46
1767254400,2026-01-01 08:00:00,2402.155,2403.88,2395.602,2398.482
1767261600,2026-01-01 10:00:00,2398.379,2406.808,2390.226,2391.613
1767268800,2026-01-01 12:00:00,2391.629,2395.175,2384.926,2386.784
1767276000,2026-01-01 14:00:00,2386.673,2388.069,2376.051,2378.828
1767283200,2026-01-01 16:00:00,2378.885,2384.171,2371.41,2371.792
1767290400,2026-01-01 18:00:00,2371.7,2378.872,2366.756,2370.879
1767297600,2026-01-01 20:00:00,2371.033,2371.484,2358.034,2366.582
1767304800,2026-01-01 22:00:00,2366.785,2387.632,2366.644,2386.972
1767312000,2026-01-02 00:00:00,2387.035,2400.729,2384.981,2395.458
1767319200,2026-01-02 02:00:00,2395.622,2403.881,2391.999,2397.563
1767326400,2026-01-02 04:00:00,2397.641,2408.526,2397.373,2402.24
1767333600,2026-01-02 06:00:00,2402.16,2418.061,2397.713,2417.407
1767340800,2026-01-02 08:00:00,2417.387,2429.577,2416.033,2422.309
1767348000,2026-01-02 10:00:00,2422.271,2435.341,2419.781,2429.192
1767355200,2026-01-02 12:00:00,2429.239,2430.654,2412.234,2413.444
1767362400,2026-01-02 14:00:00,2413.507,2416.53,2407.745,2408.494
1767369600,2026-01-02 16:00:00,2408.481,2424.135,2404.703,2420.898
1767376800,2026-01-02 18:00:00,2420.997,2430.746,2417.485,2426.051
1767384000,2026-01-02 20:00:00,2426.17,2430.852,2420.721,2422.976
1767391200,2026-01-02 22:00:00,2422.867,2423.876,2409.175,2412.442
1767398400,2026-01-03 00:00:00,2412.363,2415.296,2398.092,2398.554
1767405600,2026-01-03 02:00:00,2398.634,2402.292,2390.926,2401.652
1767412800,2026-01-03 04:00:00,2401.492,2403.9,2394.658,2398.315
1767420000,2026-01-03 06:00:00,2398.218,2403.983,2392.408,2397.775
1767427200,2026-01-03 08:00:00,2398.005,2410.287,2397.919,2400.458
1767434400,2026-01-03 10:00:00,2400.413,2417.448,2397.625,2415.368
1767441600,2026-01-03 12:00:00,2415.256,2426.73,2412.463,2414.622
1767448800,2026-01-03 14:00:00,2414.446,2416.233,2403.434,2408.838
1767456000,2026-01-03 16:00:00,2408.706,2412.486,2404.913,2410.143
1767463200,2026-01-03 18:00:00,2410.264,2414.049,2399.802,2408.841
1767470400,2026-01-03 20:00:00,2408.891,2421.537,2405.291,2418.652
1767477600,2026-01-03 22:00:00,2418.743,2421.234,2403.327,2406.88
1767484800,2026-01-04 00:00:00,2407.068,2421.835,2405.677,2420.495
1767492000,2026-01-04 02:00:00,2420.553,2435.279,2416.633,2434.54
1767499200,2026-01-04 04:00:00,2434.73,2457.317,2432.591,2448.252
1767506400,2026-01-04 06:00:00,2448.562,2457.285,2442.557,2442.557
1767513600,2026-01-04 08:00:00,2442.616,2445.864,2429.827,2431.011
1767520800,2026-01-04 10:00:00,2430.941,2434.607,2423.82,2431.176
1767528000,2026-01-04 12:00:00,2431.196,2434.29,2420.976,2421.4
1767535200,2026-01-04 14:00:00,2421.209,2440.173,2417.091,2438.627
1767542400,2026-01-04 16:00:00,2438.534,2443.896,2431.053,2434.136
1767549600,2026-01-04 18:00:00,2433.927,2444.295,2431.127,2442.448
1767556800,2026-01-04 20:00:00,2442.452,2445.415,2438.029,2440.995
1767564000,2026-01-04 22:00:00,2441.126,2442.845,2432.836,2441.263
1767571200,2026-01-05 00:00:00,2441.281,2450.016,2432.601,2433.745
1767578400,2026-01-05 02:00:00,2433.632,2434.758,2424.098,2424.296
1767585600,2026-01-05 04:00:00,2424.437,2432.345,2422.208,2430.916
1767592800,2026-01-05 06:00:00,2431.033,2434.847,2425.738,2432.969
1767600000,2026-01-05 08:00:00,2433.053,2434.546,2423.752,2426.653
1767607200,2026-01-05 10:00:00,2426.574,2436.289,2423.083,2423.303
1767614400,2026-01-05 12:00:00,2423.329,2444.447,2420.645,2434.899
1767621600,2026-01-05 14:00:00,2434.654,2438.635,2430.646,2435.062
1767628800,2026-01-05 16:00:00,2434.817,2452.277,2431.409,2448.553
1767636000,2026-01-05 18:00:00,2448.53,2455.084,2444.829,2446.093
1767643200,2026-01-05 20:00:00,2446.195,2458.678,2442.764,2456.948
1767650400,2026-01-05 22:00:00,2456.868,2460.135,2449.639,2451.166
1767657600,2026-01-06 00:00:00,2451.17,2456.676,2445.575,2447.034
1767664800,2026-01-06 02:00:00,2447.143,2459.995,2441.691,2457.746
1767672000,2026-01-06 04:00:00,2457.847,2465.536,2451.196,2457.595
1767679200,2026-01-06 06:00:00,2457.617,2465.93,2454.345,2454.844
1767686400,2026-01-06 08:00:00,2454.792,2460.175,2447.996,2456.991
1767693600,2026-01-06 10:00:00,2457.015,2465.142,2453.663,2458.554
1767700800,2026-01-06 12:00:00,2458.355,2461.977,2440.583,2442.72
1767708000,2026-01-06 14:00:00,2442.89,2446.047,2429.606,2432.617
1767715200,2026-01-06 16:00:00,2432.47,2433.345,2419.897,2422.953
1767722400,2026-01-06 18:00:00,2423.113,2427.809,2414.341,2415.065
1767729600,2026-01-06 20:00:00,2415.38,2424.953,2414.735,2416.041
1767736800,2026-01-06 22:00:00,2416.007,2416.338,2397.163,2404.427
1767744000,2026-01-07 00:00:00,2404.208,2408.239,2398.599,2402.227
1767751200,2026-01-07 02:00:00,2402.295,2403.231,2389.58,2392.188
1767758400,2026-01-07 04:00:00,2392.255,2397.444,2384.615,2390.971
1767765600,2026-01-07 06:00:00,2390.848,2392.686,2376.765,2379.385
1767772800,2026-01-07 08:00:00,2379.64,2384.651,2377.643,2381.818
1767780000,2026-01-07 10:00:00,2382.16,2383.02,2366.012,2366.624
1767787200,2026-01-07 12:00:00,2366.596,2374.411,2363.65,2367.847
1767794400,2026-01-07 14:00:00,2367.848,2377.469,2360.588,2361.597
1767801600,2026-01-07 16:00:00,2361.397,2372.265,2356.423,2366.68
1767808800,2026-01-07 18:00:00,2366.616,2371.508,2363.922,2367.677
1767816000,2026-01-07 20:00:00,2367.825,2373.292,2355.597,2357.334
1767823200,2026-01-07 22:00:00,2357.413,2365.05,2352.393,2362.913
1767830400,2026-01-08 00:00:00,2362.895,2367.826,2354.508,2355.384
1767837600,2026-01-08 02:00:00,2355.359,2364.887,2352.467,2362.913
1767844800,2026-01-08 04:00:00,2362.838,2375.375,2360.628,2374.654
1767852000,2026-01-08 06:00:00,2374.616,2391.762,2371.912,2385.263
1767859200,2026-01-08 08:00:00,2385.328,2385.328,2379.13,2382.232
1767866400,2026-01-08 10:00:00,2382.386,2387.546,2375.699,2384.896
1767873600,2026-01-08 12:00:00,2384.602,2400.72,2384.602,2400.165
1767880800,2026-01-08 14:00:00,2400.401,2405.496,2390.294,2394.038
1767888000,2026-01-08 16:00:00,2394.14,2394.695,2380.959,2393.067
1767895200,2026-01-08 18:00:00,2392.986,2404.616,2390.96,2397.468
1767902400,2026-01-08 20:00:00,2397.47,2404.49,2390.318,2398.726
1767909600,2026-01-08 22:00:00,2398.765,2414.587,2398.548,2405.518
1767916800,2026-01-09 00:00:00,2405.508,2414.573,2402.029,2406.056
1767924000,2026-01-09 02:00:00,2405.936,2411.43,2403.713,2407.044
1767931200,2026-01-09 04:00:00,2407.001,2407.141,2397.478,2398.905
1767938400,2026-01-09 06:00:00,2398.902,2401.296,2385.893,2385.905
1767945600,2026-01-09 08:00:00,2385.757,2388.392,2373.566,2379.3
1767952800,2026-01-09 10:00:00,2379.124,2384.659,2365.248,2367.818
1767960000,2026-01-09 12:00:00,2367.697,2377.216,2367.135,2372.643
1767967200,2026-01-09 14:00:00,2372.515,2379.078,2371.672,2375.094
1767974400,2026-01-09 16:00:00,2375.166,2381.701,2369.343,2374.225
1767981600,2026-01-09 18:00:00,2374.198,2375.296,2365.738,2369.36
1767988800,2026-01-09 20:00:00,2369.11,2381.188,2368.281,2370.257
1767996000,2026-01-09 22:00:00,2370.399,2383.21,2366.872,2374.219
1768003200,2026-01-10 00:00:00,2374.383,2382.732,2372.16,2376.544
1768010400,2026-01-10 02:00:00,2376.775,2388.554,2368.661,2386.158
1768017600,2026-01-10 04:00:00,2386.196,2395.4,2384.585,2386.264
1768024800,2026-01-10 06:00:00,2386.312,2403.458,2382.097,2401.309
1768032000,2026-01-10 08:00:00,2400.961,2403.786,2385.452,2388.801
1768039200,2026-01-10 10:00:00,2388.755,2395.705,2375.499,2376.01
1768046400,2026-01-10 12:00:00,2376.141,2380.968,2368.276,2372.119
1768053600,2026-01-10 14:00:00,2371.906,2378.196,2354.122,2355.552
1768060800,2026-01-10 16:00:00,2355.439,2361.791,2352.19,2359.37
1768068000,2026-01-10 18:00:00,2359.593,2368.194,2356.383,2356.396
1768075200,2026-01-10 20:00:00,2356.803,2362.785,2353.003,2360.123
1768082400,2026-01-10 22:00:00,2360.359,2365.095,2340.789,2342.797
1768089600,2026-01-11 00:00:00,2342.762,2349.874,2342.28,2349.025
1768096800,2026-01-11 02:00:00,2349.112,2361.669,2348.16,2359.571
1768104000,2026-01-11 04:00:00,2359.539,2361.526,2345.495,2345.65
1768111200,2026-01-11 06:00:00,2345.61,2351.161,2333.536,2344.828
1768118400,2026-01-11 08:00:00,2344.768,2352.923,2340.249,2352.696
1768125600,2026-01-11 10:00:00,2352.818,2362.588,2351.52,2360.01
1768132800,2026-01-11 12:00:00,2359.916,2365.515,2356.988,2359.206
1768140000,2026-01-11 14:00:00,2359.112,2363.81,2354.761,2360.317
1768147200,2026-01-11 16:00:00,2360.169,2368.208,2358.447,2361.03
1768154400,2026-01-11 18:00:00,2361.204,2371.064,2356.538,2361.262
1768161600,2026-01-11 20:00:00,2361.359,2361.907,2348.637,2349.69
1768168800,2026-01-11 22:00:00,2349.47,2351.486,2343.97,2350.453
1768176000,2026-01-12 00:00:00,2350.487,2357.578,2345.273,2352.932
1768183200,2026-01-12 02:00:00,2352.902,2369.891,2349.101,2369.885
1768190400,2026-01-12 04:00:00,2369.679,2380.779,2365.847,2380.779
1768197600,2026-01-12 06:00:00,2380.72,2384.615,2373.063,2377.545
1768204800,2026-01-12 08:00:00,2377.711,2383.902,2375.117,2380.838
1768212000,2026-01-12 10:00:00,2380.94,2387.817,2374.906,2377.004
1768219200,2026-01-12 12:00:00,2376.735,2390.896,2373.828,2388.794
1768226400,2026-01-12 14:00:00,2388.834,2397.509,2386.438,2389.793
1768233600,2026-01-12 16:00:00,2389.621,2397.158,2382.685,2388.5
1768240800,2026-01-12 18:00:00,2388.71,2397.647,2385.393,2389.346
1768248000,2026-01-12 20:00:00,2389.193,2401.987,2387.366,2390.925
1768255200,2026-01-12 22:00:00,2390.706,2393.28,2380.474,2382.099
1768262400,2026-01-13 00:00:00,2382.247,2390.043,2379.357,2388.814
1768269600,2026-01-13 02:00:00,2388.82,2393.669,2383.413,2385.283
1768276800,2026-01-13 04:00:00,2385.308,2392.908,2378.992,2392.765
1768284000,2026-01-13 06:00:00,2392.855,2394.304,2378.165,2381.829
1768291200,2026-01-13 08:00:00,2381.691,2384.996,2373.553,2380.119
1768298400,2026-01-13 10:00:00,2380.205,2384.876,2375.891,2377.094
1768305600,2026-01-13 12:00:00,2376.964,2385.536,2371.955,2382.111
1768312800,2026-01-13 14:00:00,2382.254,2392.434,2378.635,2392.394
1768320000,2026-01-13 16:00:00,2392.193,2397.357,2381.555,2384.748
1768327200,2026-01-13 18:00:00,2384.8,2397.644,2384.475,2388.472
1768334400,2026-01-13 20:00:00,2388.445,2390.557,2375.421,2376.024
1768341600,2026-01-13 22:00:00,2376.131,2383.223,2369.845,2370.498
1768348800,2026-01-14 00:00:00,2370.462,2372.057,2359.081,2359.081
1768356000,2026-01-14 02:00:00,2359.074,2362.313,2348.211,2357.657
1768363200,2026-01-14 04:00:00,2357.49,2372.054,2356.402,2363.041
1768370400,2026-01-14 06:00:00,2363.098,2372.389,2350.844,2352.559
1768377600,2026-01-14 08:00:00,2352.762,2355.976,2336.869,2339.207
1768384800,2026-01-14 10:00:00,2339.177,2339.298,2332.369,2333.738
1768392000,2026-01-14 12:00:00,2333.841,2344.456,2332.495,2340.114
1768399200,2026-01-14 14:00:00,2340.353,2341.77,2318.621,2321.796
1768406400,2026-01-14 16:00:00,2321.757,2352.41,2318.176,2352.079
1768413600,2026-01-14 18:00:00,2352.009,2361.936,2347.47,2354.535
1768420800,2026-01-14 20:00:00,2354.489,2354.951,2344.16,2344.761
1768428000,2026-01-14 22:00:00,2344.71,2360.24,2343.815,2354.25
1768435200,2026-01-15 00:00:00,2354.263,2360.436,2349.296,2356.39
1768442400,2026-01-15 02:00:00,2356.173,2356.576,2344.388,2355.805
1768449600,2026-01-15 04:00:00,2356.077,2365.018,2351.747,2359.296
1768456800,2026-01-15 06:00:00,2359.337,2368.108,2355.67,2367.719
1768464000,2026-01-15 08:00:00,2367.714,2371.061,2355.98,2358.535
1768471200,2026-01-15 10:00:00,2358.62,2360.244,2348.232,2348.518
1768478400,2026-01-15 12:00:00,2348.497,2356.514,2342.184,2355.904
1768485600,2026-01-15 14:00:00,2355.794,2361.516,2352.863,2353.561
1768492800,2026-01-15 16:00:00,2353.347,2353.347,2343.379,2346.96
1768500000,2026-01-15 18:00:00,2347.145,2358.366,2346.35,2356.762
1768507200,2026-01-15 20:00:00,2356.859,2361.128,2352.07,2358.151
1768514400,2026-01-15 22:00:00,2358.351,2367.071,2353.493,2353.662
1768521600,2026-01-16 00:00:00,2353.639,2354.449,2338.749,2340.016
1768528800,2026-01-16 02:00:00,2340.121,2342.257,2329.895,2337.269
1768536000,2026-01-16 04:00:00,2337.357,2341.102,2329.489,2340.288
1768543200,2026-01-16 06:00:00,2340.187,2347.343,2337.907,2342.767
1768550400,2026-01-16 08:00:00,2342.744,2354.65,2341.345,2351.94
1768557600,2026-01-16 10:00:00,2352.206,2360.18,2347.917,2357.455
1768564800,2026-01-16 12:00:00,2357.392,2371.631,2354.585,2367.609
1768572000,2026-01-16 14:00:00,2367.727,2370.645,2361.641,2364.567
1768579200,2026-01-16 16:00:00,2364.374,2382.263,2363.673,2377.952
1768586400,2026-01-16 18:00:00,2377.866,2391.134,2376.751,2391.087
1768593600,2026-01-16 20:00:00,2391.196,2400.48,2386.695,2399.51
1768600800,2026-01-16 22:00:00,2399.461,2402.448,2388.712,2396.178
1768608000,2026-01-17 00:00:00,2396.13,2403.756,2395.021,2397.252
1768615200,2026-01-17 02:00:00,2397.082,2398.401,2378.726,2385.717
1768622400,2026-01-17 04:00:00,2385.599,2390.181,2382.304,2384.775
1768629600,2026-01-17 06:00:00,2384.829,2397.135,2380.894,2390.617
1768636800,2026-01-17 08:00:00,2390.742,2400.527,2385.364,2397.561
1768644000,2026-01-17 10:00:00,2397.337,2407.723,2385.81,2388.713
1768651200,2026-01-17 12:00:00,2388.874,2404.803,2386.369,2403.737
1768658400,2026-01-17 14:00:00,2403.937,2411.664,2399.207,2401.488
1768665600,2026-01-17 16:00:00,2401.396,2402.003,2389.604,2389.722
1768672800,2026-01-17 18:00:00,2389.568,2405.693,2389.568,2405.271
1768680000,2026-01-17 20:00:00,2405.568,2409.047,2396.348,2405.455
1768687200,2026-01-17 22:00:00,2405.334,2410.306,2397.159,2407.96
1768694400,2026-01-18 00:00:00,2408.279,2420.85,2406.235,2408.076
1768701600,2026-01-18 02:00:00,2407.947,2413.925,2400.63,2410.542
1768708800,2026-01-18 04:00:00,2410.679,2430.269,2409.123,2429.375
1768716000,2026-01-18 06:00:00,2429.185,2438.332,2423.888,2436.636
1768723200,2026-01-18 08:00:00,2436.519,2443.211,2431.435,2442.541
1768730400,2026-01-18 10:00:00,2442.483,2447.389,2436.514,2443.893
1768737600,2026-01-18 12:00:00,2443.774,2445.79,2434.343,2435.164
1768744800,2026-01-18 14:00:00,2435.293,2438.496,2414.087,2415.687
1768752000,2026-01-18 16:00:00,2415.636,2429.279,2409.075,2428.281
1768759200,2026-01-18 18:00:00,2428.307,2429.943,2412.329,2415.349
1768766400,2026-01-18 20:00:00,2415.198,2420.751,2410.174,2413.294
1768773600,2026-01-18 22:00:00,2412.837,2435.468,2412.43,2435.444
1768780800,2026-01-19 00:00:00,2435.294,2441.144,2426.515,2427.575
1768788000,2026-01-19 02:00:00,2427.465,2429.088,2413.394,2419.154
1768795200,2026-01-19 04:00:00,2419.07,2423.207,2406.917,2407.856
1768802400,2026-01-19 06:00:00,2407.816,2417.611,2403.37,2408.639
1768809600,2026-01-19 08:00:00,2408.596,2419.369,2407.974,2415.353
1768816800,2026-01-19 10:00:00,2415.438,2421.779,2404.832,2417.73
1768824000,2026-01-19 12:00:00,2417.764,2427.139,2411.263,2411.737
1768831200,2026-01-19 14:00:00,2411.996,2427.102,2404.813,2426.241
1768838400,2026-01-19 16:00:00,2426.331,2436.592,2425.129,2431.848
1768845600,2026-01-19 18:00:00,2431.966,2440.35,2425.183,2437.096
1768852800,2026-01-19 20:00:00,2437.039,2446.123,2431.474,2442.836
1768860000,2026-01-19 22:00:00,2442.642,2448.142,2436.046,2440.878
1768867200,2026-01-20 00:00:00,2440.902,2446.944,2433.853,2440.775
1768874400,2026-01-20 02:00:00,2440.579,2444.552,2430.435,2431.461
1768881600,2026-01-20 04:00:00,2431.565,2448.907,2430.688,2444.999
1768888800,2026-01-20 06:00:00,2445.063,2451.791,2439.081,2450.83
1768896000,2026-01-20 08:00:00,2450.837,2459.065,2445.741,2453.954
1768903200,2026-01-20 10:00:00,2453.775,2471.116,2453.746,2470.037
1768910400,2026-01-20 12:00:00,2470.108,2472.448,2465.887,2472.089
1768917600,2026-01-20 14:00:00,2472.276,2481.258,2468.948,2480.77
1768924800,2026-01-20 16:00:00,2480.86,2493.627,2477.066,2484.383
1768932000,2026-01-20 18:00:00,2484.359,2494.384,2481.934,2490.961
1768939200,2026-01-20 20:00:00,2491.286,2503.918,2490.901,2498.381
1768946400,2026-01-20 22:00:00,2498.419,2509.671,2496.381,2509.559
1768953600,2026-01-21 00:00:00,2509.401,2516.696,2504.721,2505.639
1768960800,2026-01-21 02:00:00,2505.66,2526.752,2504.226,2522.395
1768968000,2026-01-21 04:00:00,2522.425,2529.333,2520.693,2523.246
1768975200,2026-01-21 06:00:00,2522.938,2523.714,2506.238,2509.677
1768982400,2026-01-21 08:00:00,2509.924,2515.003,2499.587,2501.58
1768989600,2026-01-21 10:00:00,2501.457,2515.631,2496.931,2499.283
1768996800,2026-01-21 12:00:00,2499.342,2512.199,2498.699,2511.39
1769004000,2026-01-21 14:00:00,2511.497,2513.507,2502.411,2511.26
1769011200,2026-01-21 16:00:00,2511.391,2533.895,2510.294,2531.04
1769018400,2026-01-21 18:00:00,2531.085,2548.572,2529.476,2545.192
1769025600,2026-01-21 20:00:00,2545.121,2555.216,2536.615,2548.666
1769032800,2026-01-21 22:00:00,2548.633,2559.634,2546.175,2552.961
1769040000,2026-01-22 00:00:00,2553.075,2553.764,2524.094,2527.176
1769047200,2026-01-22 02:00:00,2527.272,2527.951,2506.018,2515.125
1769054400,2026-01-22 04:00:00,2515.231,2517.486,2499.04,2505.691
1769061600,2026-01-22 06:00:00,2505.73,2505.785,2493.366,2494.32
1769068800,2026-01-22 08:00:00,2494.046,2503.109,2490.531,2501.964
1769076000,2026-01-22 10:00:00,2501.579,2518.458,2499.759,2516.628
1769083200,2026-01-22 12:00:00,2516.68,2521.017,2511.217,2512.897
1769090400,2026-01-22 14:00:00,2512.921,2518.853,2506.154,2509.223
1769097600,2026-01-22 16:00:00,2509.22,2512.628,2498.621,2504.897
1769104800,2026-01-22 18:00:00,2504.884,2507.115,2486.559,2487.277
1769112000,2026-01-22 20:00:00,2487.481,2500.194,2485.73,2486.838
1769119200,2026-01-22 22:00:00,2486.761,2490.005,2479.567,2489.872
1769126400,2026-01-23 00:00:00,2489.69,2498.308,2486.955,2494.623
1769133600,2026-01-23 02:00:00,2494.669,2497.933,2484.828,2490.52
1769140800,2026-01-23 04:00:00,2490.517,2490.517,2479.715,2485.14
1769148000,2026-01-23 06:00:00,2485.214,2493.016,2479.307,2488.919
1769155200,2026-01-23 08:00:00,2488.839,2499.656,2487.06,2498.466
1769162400,2026-01-23 10:00:00,2498.571,2525.753,2496.384,2524.051
1769169600,2026-01-23 12:00:00,2523.997,2534.978,2521.171,2523.175
1769176800,2026-01-23 14:00:00,2523.262,2526.24,2516.272,2520.622
1769184000,2026-01-23 16:00:00,2520.907,2521.325,2504.148,2507.983
1769191200,2026-01-23 18:00:00,2508.079,2515.202,2503.486,2508.85
1769198400,2026-01-23 20:00:00,2509.074,2509.831,2493.431,2495.436
1769205600,2026-01-23 22:00:00,2495.625,2495.625,2479.218,2481.105
1769212800,2026-01-24 00:00:00,2481.197,2492.324,2475.786,2475.929
1769220000,2026-01-24 02:00:00,2475.961,2477.611,2464.863,2465.212
1769227200,2026-01-24 04:00:00,2465.063,2489.334,2464.859,2482.873
1769234400,2026-01-24 06:00:00,2482.713,2488.228,2478.564,2487.486
1769241600,2026-01-24 08:00:00,2487.541,2497.322,2480.771,2493.551
1769248800,2026-01-24 10:00:00,2493.314,2493.597,2482.786,2487.399
1769256000,2026-01-24 12:00:00,2487.39,2489.956,2480.829,2483.521
1769263200,2026-01-24 14:00:00,2483.717,2497.658,2477.825,2496.18
1769270400,2026-01-24 16:00:00,2495.889,2499.328,2483.687,2483.824
1769277600,2026-01-24 18:00:00,2484.003,2487.2,2472.757,2477.23
1769284800,2026-01-24 20:00:00,2477.28,2477.615,2459.856,2470.112
1769292000,2026-01-24 22:00:00,2470.249,2485.631,2465.069,2484.275
1769299200,2026-01-25 00:00:00,2484.088,2494.033,2480.289,2485.445
1769306400,2026-01-25 02:00:00,2485.382,2487.295,2474.462,2478.405
1769313600,2026-01-25 04:00:00,2478.273,2483.001,2473.287,2473.287
1769320800,2026-01-25 06:00:00,2473.229,2484.277,2472.358,2473.707
1769328000,2026-01-25 08:00:00,2473.639,2494.518,2473.022,2493.339
1769335200,2026-01-25 10:00:00,2493.397,2498.25,2478.971,2479.81
1769342400,2026-01-25 12:00:00,2480.017,2503.083,2479.432,2500.758
1769349600,2026-01-25 14:00:00,2500.661,2503.846,2491.002,2498.719
1769356800,2026-01-25 16:00:00,2498.557,2516.242,2497.602,2513.233
1769364000,2026-01-25 18:00:00,2513.194,2516.308,2500.594,2502.825
1769371200,2026-01-25 20:00:00,2503.37,2503.912,2486.644,2492.227
1769378400,2026-01-25 22:00:00,2492.158,2498.449,2489.187,2495.098
1769385600,2026-01-26 00:00:00,2495.413,2504.467,2493.132,2503.82
1769392800,2026-01-26 02:00:00,2503.471,2516.186,2500.77,2511.954
1769400000,2026-01-26 04:00:00,2512.217,2526.791,2509.135,2525.53
1769407200,2026-01-26 06:00:00,2525.441,2537.586,2514.547,2536.504
1769414400,2026-01-26 08:00:00,2536.33,2543.762,2526.537,2528.691
1769421600,2026-01-26 10:00:00,2528.757,2537.895,2527.485,2537.64
1769428800,2026-01-26 12:00:00,2537.682,2542.219,2532.454,2537.891
1769436000,2026-01-26 14:00:00,2537.797,2550.641,2529.275,2548.99
1769443200,2026-01-26 16:00:00,2549.045,2568.346,2547.943,2567.985
1769450400,2026-01-26 18:00:00,2568.021,2575.624,2565.594,2570.965
1769457600,2026-01-26 20:00:00,2570.904,2574.773,2559.734,2573.582
1769464800,2026-01-26 22:00:00,2573.787,2574.598,2560.991,2564.91
1769472000,2026-01-27 00:00:00,2565.028,2573.005,2561.659,2564.845
1769479200,2026-01-27 02:00:00,2565.032,2565.222,2548.565,2558.019
1769486400,2026-01-27 04:00:00,2557.963,2589.071,2557.963,2584.047
1769493600,2026-01-27 06:00:00,2583.983,2586.641,2566.491,2569.558
1769500800,2026-01-27 08:00:00,2569.832,2577.957,2567.457,2572.129
1769508000,2026-01-27 10:00:00,2572.276,2573.405,2558.251,2561.039
1769515200,2026-01-27 12:00:00,2561.147,2576.112,2560.865,2571.793
1769522400,2026-01-27 14:00:00,2571.665,2586.578,2566.178,2583.919
1769529600,2026-01-27 16:00:00,2584,2615.741,2580.657,2615.741
1769536800,2026-01-27 18:00:00,2615.539,2630.595,2613.117,2629.313
1769544000,2026-01-27 20:00:00,2629.338,2632.615,2621.298,2625.549
1769551200,2026-01-27 22:00:00,2625.786,2635.633,2624.286,2633.927
1769558400,2026-01-28 00:00:00,2633.854,2644.991,2631.986,2641.838
1769565600,2026-01-28 02:00:00,2641.955,2653.508,2637.417,2649.602
1769572800,2026-01-28 04:00:00,2649.351,2668.271,2647.256,2658.281
1769580000,2026-01-28 06:00:00,2658.434,2676.072,2657.99,2675.119
1769587200,2026-01-28 08:00:00,2675.362,2700.772,2673.968,2699.215
1769594400,2026-01-28 10:00:00,2699.553,2709.161,2697.18,2708.949
1769601600,2026-01-28 12:00:00,2708.912,2710.858,2683.38,2685.053
1769608800,2026-01-28 14:00:00,2684.949,2691.502,2680.289,2687.39
1769616000,2026-01-28 16:00:00,2687.59,2691.582,2675.061,2675.444
1769623200,2026-01-28 18:00:00,2675.205,2675.417,2664.032,2669.82
1769630400,2026-01-28 20:00:00,2669.544,2678.986,2667.379,2675.017
1769637600,2026-01-28 22:00:00,2675.219,2691.201,2668.826,2688.251
1769644800,2026-01-29 00:00:00,2688.035,2698.109,2680.177,2685.189
1769652000,2026-01-29 02:00:00,2684.789,2706.398,2683.089,2700.849
1769659200,2026-01-29 04:00:00,2700.758,2706.21,2695.645,2703.17
1769666400,2026-01-29 06:00:00,2703.17,2710.404,2696.654,2700.808
1769673600,2026-01-29 08:00:00,2700.735,2704.278,2686.528,2695.143
1769680800,2026-01-29 10:00:00,2695.122,2708.537,2694.997,2697.51
1769688000,2026-01-29 12:00:00,2697.552,2699.948,2680.446,2681.551
1769695200,2026-01-29 14:00:00,2681.641,2689.974,2679.782,2686.127
1769702400,2026-01-29 16:00:00,2685.954,2695.887,2684.804,2687.637
1769709600,2026-01-29 18:00:00,2687.876,2696.026,2680.815,2685.995
1769716800,2026-01-29 20:00:00,2686.223,2688.489,2678.794,2686.7
1769724000,2026-01-29 22:00:00,2686.528,2699.783,2685.24,2696.896
1769731200,2026-01-30 00:00:00,2696.839,2698.146,2672.741,2674.64
1769738400,2026-01-30 02:00:00,2674.64,2676.466,2662.578,2673.523
1769745600,2026-01-30 04:00:00,2673.458,2678.756,2668.839,2674.368
1769752800,2026-01-30 06:00:00,2674.457,2674.457,2637.663,2643.338
1769760000,2026-01-30 08:00:00,2643.417,2657.564,2638.757,2656.33
1769767200,2026-01-30 10:00:00,2656.209,2665.989,2649.169,2665.626
1769774400,2026-01-30 12:00:00,2665.566,2683.29,2657.395,2682.582
1769781600,2026-01-30 14:00:00,2682.461,2697.889,2679.064,2697.065
1769788800,2026-01-30 16:00:00,2697.034,2700.918,2687.829,2692.338
1769796000,2026-01-30 18:00:00,2692.507,2696.746,2682.622,2683.642
1769803200,2026-01-30 20:00:00,2683.71,2684.742,2669.715,2672.049
1769810400,2026-01-30 22:00:00,2672.128,2675.22,2659.699,2661.236
1769817600,2026-01-31 00:00:00,2661.078,2666.854,2655.328,2662.309
1769824800,2026-01-31 02:00:00,2662.446,2672.701,2659.644,2672.549
1769832000,2026-01-31 04:00:00,2672.941,2674.817,2659.575,2667.254
1769839200,2026-01-31 06:00:00,2667.249,2668.101,2647.798,2655.451
1769846400,2026-01-31 08:00:00,2655.546,2660.438,2647.335,2650.502
1769853600,2026-01-31 10:00:00,2650.643,2651.471,2637.078,2649.488
1769860800,2026-01-31 12:00:00,2649.828,2652.48,2626.722,2628.691
1769868000,2026-01-31 14:00:00,2628.799,2631.746,2611.809,2613.371
1769875200,2026-01-31 16:00:00,2613.322,2617.201,2605.23,2608.258
1769882400,2026-01-31 18:00:00,2608.27,2629.358,2608.207,2621.789
1769889600,2026-01-31 20:00:00,2621.704,2625.62,2602.467,2604.592
1769896800,2026-01-31 22:00:00,2604.637,2613.708,2600.465,2601.237
1769904000,2026-02-01 00:00:00,2601.329,2606.187,2587.594,2588.913
1769911200,2026-02-01 02:00:00,2588.871,2604.251,2587.911,2597.121
1769918400,2026-02-01 04:00:00,2597.115,2606.381,2590.336,2600.931
1769925600,2026-02-01 06:00:00,2600.861,2608.629,2593.25,2603.405
1769932800,2026-02-01 08:00:00,2603.551,2606.78,2588.901,2606.78
1769940000,2026-02-01 10:00:00,2606.878,2627.705,2604.803,2627.436
1769947200,2026-02-01 12:00:00,2627.597,2642.049,2626.216,2634.102
1769954400,2026-02-01 14:00:00,2634.041,2638.097,2627.026,2630.8
1769961600,2026-02-01 16:00:00,2630.688,2631.893,2621.933,2627.655
1769968800,2026-02-01 18:00:00,2627.459,2632.019,2620.436,2624.655
1769976000,2026-02-01 20:00:00,2624.634,2628.536,2615.157,2617.158
1769983200,2026-02-01 22:00:00,2617.193,2636.377,2615.951,2631.81
1769990400,2026-02-02 00:00:00,2631.749,2643.28,2627.727,2641.054
1769997600,2026-02-02 02:00:00,2640.861,2646.036,2636.527,2642.985
1770004800,2026-02-02 04:00:00,2642.601,2644.722,2634.049,2640.633
1770012000,2026-02-02 06:00:00,2640.689,2650.729,2635.209,2643.836
1770019200,2026-02-02 08:00:00,2643.791,2649.748,2638.839,2647.99
1770026400,2026-02-02 10:00:00,2647.624,2658.473,2643.891,2653.86
1770033600,2026-02-02 12:00:00,2653.68,2664.478,2645.073,2663.812
1770040800,2026-02-02 14:00:00,2663.486,2663.999,2654.79,2655.778
1770048000,2026-02-02 16:00:00,2655.868,2668.601,2651.138,2652.312
1770055200,2026-02-02 18:00:00,2652.168,2660.217,2646.681,2652.232
1770062400,2026-02-02 20:00:00,2652.091,2663.777,2649.967,2661.78
1770069600,2026-02-02 22:00:00,2661.991,2672.191,2659.013,2671.615
1770076800,2026-02-03 00:00:00,2671.594,2679.11,2667.074,2673.626
1770084000,2026-02-03 02:00:00,2674.189,2677.225,2655.26,2659.526
1770091200,2026-02-03 04:00:00,2659.512,2659.845,2651.135,2653.874
1770098400,2026-02-03 06:00:00,2653.936,2662.417,2643.501,2644.306
1770105600,2026-02-03 08:00:00,2644.208,2648.505,2627.939,2629.876
1770112800,2026-02-03 10:00:00,2629.889,2641.813,2625.879,2630.81
1770120000,2026-02-03 12:00:00,2630.702,2638.406,2618.794,2623.698
1770127200,2026-02-03 14:00:00,2623.832,2624.633,2612.002,2614.291
1770134400,2026-02-03 16:00:00,2614.142,2618.613,2603.687,2609.055
1770141600,2026-02-03 18:00:00,2608.818,2610.1,2599.145,2602.207
1770148800,2026-02-03 20:00:00,2602.26,2616.588,2600.9,2616.381
1770156000,2026-02-03 22:00:00,2616.51,2634.388,2613.003,2634.095
1770163200,2026-02-04 00:00:00,2633.934,2653.731,2633.769,2651.657
1770170400,2026-02-04 02:00:00,2651.537,2667.332,2646.809,2661.9
1770177600,2026-02-04 04:00:00,2661.562,2663.579,2651.239,2660.196
1770184800,2026-02-04 06:00:00,2660.311,2665.332,2654.098,2659.596
1770192000,2026-02-04 08:00:00,2659.344,2661.977,2646.936,2661.977
1770199200,2026-02-04 10:00:00,2661.894,2667.15,2647.397,2648.738
1770206400,2026-02-04 12:00:00,2648.854,2657.841,2641.878,2656.476
1770213600,2026-02-04 14:00:00,2656.413,2660.347,2647.767,2657.085
1770220800,2026-02-04 16:00:00,2656.975,2657.984,2644.465,2650.773
1770228000,2026-02-04 18:00:00,2650.777,2659.053,2647.091,2651.015
1770235200,2026-02-04 20:00:00,2650.92,2661.811,2648.108,2661.483
1770242400,2026-02-04 22:00:00,2661.412,2664.003,2652.161,2656.581
1770249600,2026-02-05 00:00:00,2656.741,2673.903,2655.607,2670.993
1770256800,2026-02-05 02:00:00,2670.966,2673.143,2659.27,2671.037
1770264000,2026-02-05 04:00:00,2671.183,2686.194,2670.84,2685.566
1770271200,2026-02-05 06:00:00,2685.541,2689.021,2674.045,2676.393
1770278400,2026-02-05 08:00:00,2676.445,2688.77,2676.348,2685.467
1770285600,2026-02-05 10:00:00,2685.343,2693.777,2682.208,2689.081
1770292800,2026-02-05 12:00:00,2689.302,2707.372,2688.564,2704.435
1770300000,2026-02-05 14:00:00,2704.309,2719.447,2704.019,2711.887
1770307200,2026-02-05 16:00:00,2712.054,2714.915,2702.102,2714.775
1770314400,2026-02-05 18:00:00,2714.775,2722.284,2706.396,2708.795
1770321600,2026-02-05 20:00:00,2708.866,2709.289,2686.607,2694.965
1770328800,2026-02-05 22:00:00,2695.032,2707.61,2689.709,2693.331
1770336000,2026-02-06 00:00:00,2693.465,2697.834,2687.144,2694.623
1770343200,2026-02-06 02:00:00,2694.654,2706.991,2690.348,2703.943
1770350400,2026-02-06 04:00:00,2703.939,2711.142,2701.433,2702.692
1770357600,2026-02-06 06:00:00,2702.717,2708.87,2694.943,2697.03
1770364800,2026-02-06 08:00:00,2696.81,2705.169,2677.743,2682.889
1770372000,2026-02-06 10:00:00,2683.337,2684.959,2671.677,2677.123
1770379200,2026-02-06 12:00:00,2677.236,2684.195,2672.544,2678.037
1770386400,2026-02-06 14:00:00,2678.246,2682.542,2669.098,2676.712
1770393600,2026-02-06 16:00:00,2677.007,2689.797,2674.183,2686.42
1770400800,2026-02-06 18:00:00,2686.384,2686.441,2673.967,2676.31
1770408000,2026-02-06 20:00:00,2675.925,2678.251,2661.102,2668.001
1770415200,2026-02-06 22:00:00,2668.055,2677.622,2664.741,2671.364
1770422400,2026-02-07 00:00:00,2671.131,2676.773,2666.202,2667.688
1770429600,2026-02-07 02:00:00,2667.506,2676.521,2662.324,2676.521
1770436800,2026-02-07 04:00:00,2676.585,2696.034,2675.453,2692.574
1770444000,2026-02-07 06:00:00,2692.625,2711.367,2690.339,2709.205
1770451200,2026-02-07 08:00:00,2709.127,2713.887,2705.149,2709.772
1770458400,2026-02-07 10:00:00,2709.931,2736.237,2709.931,2734.292
1770465600,2026-02-07 12:00:00,2734.564,2750.702,2731.285,2740.253
1770472800,2026-02-07 14:00:00,2740.174,2745.902,2725.537,2725.941
1770480000,2026-02-07 16:00:00,2725.994,2726.233,2710.925,2717.925
1770487200,2026-02-07 18:00:00,2717.769,2722.106,2708.969,2710.359
1770494400,2026-02-07 20:00:00,2710.275,2713.847,2701.09,2704.644
1770501600,2026-02-07 22:00:00,2704.546,2717.133,2697.198,2702.629
1770508800,2026-02-08 00:00:00,2702.956,2729.642,2702.559,2726.545
1770516000,2026-02-08 02:00:00,2726.488,2726.652,2694.187,2708.803
1770523200,2026-02-08 04:00:00,2708.61,2708.772,2693.23,2698.185
1770530400,2026-02-08 06:00:00,2698.237,2705.849,2693.048,2696.134
1770537600,2026-02-08 08:00:00,2696.062,2696.591,2679.265,2682.808
1770544800,2026-02-08 10:00:00,2682.944,2688.029,2671.881,2679.966
1770552000,2026-02-08 12:00:00,2679.758,2689.009,2673.365,2674.217
1770559200,2026-02-08 14:00:00,2673.886,2674.932,2660.408,2662.223
1770566400,2026-02-08 16:00:00,2662.09,2676.16,2660.291,2674.739
1770573600,2026-02-08 18:00:00,2674.882,2683.945,2673.762,2680.314
1770580800,2026-02-08 20:00:00,2680.338,2697.149,2678.523,2681.669
1770588000,2026-02-08 22:00:00,2681.788,2682.174,2664.354,2667.574
1770595200,2026-02-09 00:00:00,2667.402,2668.96,2655.639,2659.987
1770602400,2026-02-09 02:00:00,2659.867,2672.63,2659.867,2668.094
1770609600,2026-02-09 04:00:00,2668.166,2671.239,2648.511,2649.74
1770616800,2026-02-09 06:00:00,2649.295,2659.736,2638.199,2647.927
1770624000,2026-02-09 08:00:00,2648.148,2653.333,2630.29,2631.154
1770631200,2026-02-09 10:00:00,2631.164,2639.032,2629.442,2631.421
1770638400,2026-02-09 12:00:00,2631.752,2639.098,2623.132,2625.316
1770645600,2026-02-09 14:00:00,2625.233,2634.585,2625.063,2629.08
1770652800,2026-02-09 16:00:00,2629.169,2632.97,2622.911,2630.677
1770660000,2026-02-09 18:00:00,2630.657,2634.953,2622.24,2630.225
1770667200,2026-02-09 20:00:00,2630.488,2633.434,2623.44,2629.472
1770674400,2026-02-09 22:00:00,2629.234,2635.988,2618.56,2635.378
1770681600,2026-02-10 00:00:00,2635.348,2644.565,2633.722,2639.134
1770688800,2026-02-10 02:00:00,2639.072,2648.96,2634.816,2638.092
1770696000,2026-02-10 04:00:00,2638.157,2650.101,2636.266,2642.638
1770703200,2026-02-10 06:00:00,2642.498,2649.149,2625.595,2631.731
1770710400,2026-02-10 08:00:00,2631.96,2644.961,2631.247,2639.076
1770717600,2026-02-10 10:00:00,2639.317,2644.341,2634.055,2642.418
1770724800,2026-02-10 12:00:00,2642.456,2662.842,2641.12,2659.608
1770732000,2026-02-10 14:00:00,2659.492,2663.032,2653.414,2654.838
1770739200,2026-02-10 16:00:00,2654.504,2660.208,2646.546,2646.895
1770746400,2026-02-10 18:00:00,2647.033,2653.578,2634.398,2637.117
1770753600,2026-02-10 20:00:00,2637.14,2657.257,2634.124,2651.494
1770760800,2026-02-10 22:00:00,2651.513,2662.932,2649.854,2655.512
1770768000,2026-02-11 00:00:00,2655.553,2681.45,2655.293,2679.528
1770775200,2026-02-11 02:00:00,2679.386,2684.464,2664.458,2665.932
1770782400,2026-02-11 04:00:00,2665.956,2687.662,2663.098,2683.817
1770789600,2026-02-11 06:00:00,2683.807,2724.043,2682.669,2724.043
1770796800,2026-02-11 08:00:00,2724.121,2728.843,2714.484,2715.597
1770804000,2026-02-11 10:00:00,2715.82,2723.909,2710.802,2718.133
1770811200,2026-02-11 12:00:00,2718.034,2741.379,2716.908,2741.179
1770818400,2026-02-11 14:00:00,2741.162,2748.491,2740.191,2740.197
1770825600,2026-02-11 16:00:00,2740.18,2761.032,2738.834,2756.084
1770832800,2026-02-11 18:00:00,2756.015,2768.709,2753.377,2762.2
1770840000,2026-02-11 20:00:00,2762.204,2763.369,2746.669,2762.064
1770847200,2026-02-11 22:00:00,2762.05,2764.374,2749.209,2755.043
1770854400,2026-02-12 00:00:00,2755.048,2761.565,2746.315,2757.178
1770861600,2026-02-12 02:00:00,2757.592,2772.828,2757.592,2764.39
1770868800,2026-02-12 04:00:00,2764.273,2786.45,2761.943,2781.078
1770876000,2026-02-12 06:00:00,2781.304,2796.117,2779.135,2788.375
1770883200,2026-02-12 08:00:00,2788.386,2802.147,2787.095,2799.467
1770890400,2026-02-12 10:00:00,2799.594,2817.942,2795.626,2817.209
1770897600,2026-02-12 12:00:00,2817.18,2818.494,2800.603,2804.678
1770904800,2026-02-12 14:00:00,2804.805,2808.089,2798.053,2804.171
1770912000,2026-02-12 16:00:00,2804.277,2813.467,2798.016,2812.538
1770919200,2026-02-12 18:00:00,2812.347,2827.225,2812.143,2819.487
1770926400,2026-02-12 20:00:00,2819.396,2824.472,2807.146,2821.925
1770933600,2026-02-12 22:00:00,2821.848,2830.367,2819.242,2825.899
1770940800,2026-02-13 00:00:00,2825.581,2828.748,2817.466,2825.973
1770948000,2026-02-13 02:00:00,2825.666,2831.679,2818.673,2829.154
1770955200,2026-02-13 04:00:00,2829.071,2833.136,2816.559,2827.548
1770962400,2026-02-13 06:00:00,2827.522,2841.002,2824.916,2837.875
1770969600,2026-02-13 08:00:00,2837.624,2838.563,2825.92,2831.759
1770976800,2026-02-13 10:00:00,2831.614,2837.472,2824.816,2836.059
1770984000,2026-02-13 12:00:00,2835.906,2837.871,2821.233,2828.339
1770991200,2026-02-13 14:00:00,2828.234,2836.098,2822.65,2833.981
1770998400,2026-02-13 16:00:00,2833.966,2846.099,2833.264,2845.115
1771005600,2026-02-13 18:00:00,2845.08,2872.138,2843.041,2864.413
1771012800,2026-02-13 20:00:00,2864.095,2871.05,2856.759,2858.929
1771020000,2026-02-13 22:00:00,2858.985,2869.106,2853.216,2866.487
1771027200,2026-02-14 00:00:00,2866.299,2867.996,2854.371,2857.239
1771034400,2026-02-14 02:00:00,2857.251,2865.923,2852.929,2864.026
1771041600,2026-02-14 04:00:00,2864.444,2866.649,2851.529,2853.621
1771048800,2026-02-14 06:00:00,2853.484,2856.282,2834.483,2835.777
1771056000,2026-02-14 08:00:00,2835.639,2839.499,2828.905,2833.259
1771063200,2026-02-14 10:00:00,2833.226,2836.324,2818.973,2819.765
1771070400,2026-02-14 12:00:00,2819.572,2834.697,2818.319,2825.166
1771077600,2026-02-14 14:00:00,2825.065,2831.97,2815.29,2831.009
1771084800,2026-02-14 16:00:00,2831.188,2833.675,2823.019,2827.795
1771092000,2026-02-14 18:00:00,2827.672,2841.518,2824.512,2835.818
1771099200,2026-02-14 20:00:00,2836.009,2847.002,2832.515,2842.957
1771106400,2026-02-14 22:00:00,2842.963,2848.5,2834.845,2837.775
1771113600,2026-02-15 00:00:00,2837.551,2839.859,2830.11,2839.24
1771120800,2026-02-15 02:00:00,2839.357,2847.267,2826,2831.342
1771128000,2026-02-15 04:00:00,2831.123,2845.959,2830.648,2841.684
1771135200,2026-02-15 06:00:00,2841.65,2842.852,2830.815,2834.015
1771142400,2026-02-15 08:00:00,2834.093,2837.084,2814.65,2818.103
1771149600,2026-02-15 10:00:00,2818.295,2824.606,2797.848,2798.465
1771156800,2026-02-15 12:00:00,2798.512,2806.538,2791.552,2799.406
1771164000,2026-02-15 14:00:00,2799.045,2806.437,2791.878,2803.023
1771171200,2026-02-15 16:00:00,2802.842,2807.942,2796.263,2796.846
1771178400,2026-02-15 18:00:00,2797.006,2815.341,2793.665,2814.122
1771185600,2026-02-15 20:00:00,2814.251,2818.428,2802.821,2811.297
1771192800,2026-02-15 22:00:00,2811.396,2817.02,2804.7,2812.755
1771200000,2026-02-16 00:00:00,2812.785,2822.944,2810.406,2820.599
1771207200,2026-02-16 02:00:00,2820.741,2832.591,2816.557,2831.124
1771214400,2026-02-16 04:00:00,2831.126,2843.46,2825.24,2831.961
1771221600,2026-02-16 06:00:00,2831.898,2833.014,2810.253,2811.207
1771228800,2026-02-16 08:00:00,2811.348,2816.937,2795.33,2802.156
1771236000,2026-02-16 10:00:00,2802.232,2806.29,2797.843,2798.365
1771243200,2026-02-16 12:00:00,2798.067,2803.215,2790.091,2801.16
1771250400,2026-02-16 14:00:00,2800.923,2804.481,2791.309,2795.076
1771257600,2026-02-16 16:00:00,2794.995,2795.802,2781.395,2786.79
1771264800,2026-02-16 18:00:00,2786.895,2787.568,2773.674,2778.479
1771272000,2026-02-16 20:00:00,2778.46,2802.45,2775.502,2794.502
1771279200,2026-02-16 22:00:00,2794.551,2803.097,2791.035,2799.871
1771286400,2026-02-17 00:00:00,2800.111,2818.336,2798.897,2812.109
1771293600,2026-02-17 02:00:00,2812.258,2816.341,2802.994,2814.566
1771300800,2026-02-17 04:00:00,2814.555,2835.601,2813.571,2817.372
1771308000,2026-02-17 06:00:00,2817.364,2820.92,2801.469,2806.418
1771315200,2026-02-17 08:00:00,2806.565,2810.23,2795.522,2810.23
1771322400,2026-02-17 10:00:00,2810.273,2823.452,2808.409,2817.056
1771329600,2026-02-17 12:00:00,2817.223,2820.862,2810.178,2813.766
1771336800,2026-02-17 14:00:00,2814.004,2815.145,2804.895,2811.03
1771344000,2026-02-17 16:00:00,2810.837,2817.16,2803.023,2811.373
1771351200,2026-02-17 18:00:00,2811.616,2821.201,2805.333,2821.037
1771358400,2026-02-17 20:00:00,2821.353,2829.724,2820.231,2822.688
1771365600,2026-02-17 22:00:00,2822.665,2833.692,2816.248,2824.62
1771372800,2026-02-18 00:00:00,2824.889,2828.652,2811.284,2817.875
1771380000,2026-02-18 02:00:00,2818.243,2829.508,2810.035,2828.309
1771387200,2026-02-18 04:00:00,2828.39,2828.39,2808.999,2810.449
1771394400,2026-02-18 06:00:00,2810.54,2812.868,2790.773,2799.737
1771401600,2026-02-18 08:00:00,2799.453,2815.871,2798.644,2811.508
1771408800,2026-02-18 10:00:00,2811.372,2827.766,2804.904,2827.126
1771416000,2026-02-18 12:00:00,2826.992,2832.905,2806.329,2813.567
1771423200,2026-02-18 14:00:00,2813.665,2814.469,2794.046,2794.698
1771430400,2026-02-18 16:00:00,2794.841,2805.381,2791.728,2798.258
1771437600,2026-02-18 18:00:00,2798.428,2806.539,2789.83,2791.357
1771444800,2026-02-18 20:00:00,2791.133,2798.182,2786.062,2787.936
1771452000,2026-02-18 22:00:00,2787.664,2790.679,2773.435,2780.122
1771459200,2026-02-19 00:00:00,2780.338,2791.423,2775.383,2790.321
1771466400,2026-02-19 02:00:00,2790.092,2809.733,2790.092,2797.606
1771473600,2026-02-19 04:00:00,2797.795,2818.528,2797.07,2812.855
1771480800,2026-02-19 06:00:00,2813.141,2834.29,2810.14,2830.24
1771488000,2026-02-19 08:00:00,2830.043,2844.645,2829.871,2843.212
1771495200,2026-02-19 10:00:00,2843.271,2859.971,2838.13,2854.952
1771502400,2026-02-19 12:00:00,2855.061,2864.496,2851.098,2859.934
1771509600,2026-02-19 14:00:00,2859.808,2872.272,2854.956,2872.188
1771516800,2026-02-19 16:00:00,2871.842,2881.317,2864.264,2880.549
1771524000,2026-02-19 18:00:00,2880.473,2897.01,2876.997,2896.247
1771531200,2026-02-19 20:00:00,2896.252,2928.988,2894.623,2920.788
1771538400,2026-02-19 22:00:00,2920.861,2926.434,2913.954,2915.231
1771545600,2026-02-20 00:00:00,2915.088,2918.764,2897.7,2905.932
1771552800,2026-02-20 02:00:00,2905.899,2910.423,2897.848,2901.515
1771560000,2026-02-20 04:00:00,2901.389,2912.615,2892.349,2910.833
1771567200,2026-02-20 06:00:00,2910.771,2916.976,2904.036,2908.836
1771574400,2026-02-20 08:00:00,2908.872,2919.258,2907.556,2912.999
1771581600,2026-02-20 10:00:00,2912.83,2929.66,2912.346,2927.347
1771588800,2026-02-20 12:00:00,2927.33,2932.014,2911.423,2919.463
1771596000,2026-02-20 14:00:00,2919.287,2919.378,2903.572,2905.07
1771603200,2026-02-20 16:00:00,2904.927,2912.527,2899.328,2909.154
1771610400,2026-02-20 18:00:00,2909.063,2921.268,2907.483,2917.628
1771617600,2026-02-20 20:00:00,2917.663,2919.446,2890.088,2892.21
1771624800,2026-02-20 22:00:00,2892.371,2892.38,2878.221,2880.451
1771632000,2026-02-21 00:00:00,2880.494,2882.186,2869.741,2878.336
1771639200,2026-02-21 02:00:00,2878.55,2884.954,2865.808,2870.141
1771646400,2026-02-21 04:00:00,2870.451,2874.861,2867.365,2872.316
1771653600,2026-02-21 06:00:00,2872.254,2882.642,2871.209,2876.673
1771660800,2026-02-21 08:00:00,2876.519,2881.075,2869.562,2874.247
1771668000,2026-02-21 10:00:00,2874.485,2884.265,2866.638,2867.805
1771675200,2026-02-21 12:00:00,2867.919,2874.843,2851.814,2858.456
1771682400,2026-02-21 14:00:00,2858.662,2862.964,2851.388,2853.493
1771689600,2026-02-21 16:00:00,2853.685,2864.868,2851.624,2859.213
1771696800,2026-02-21 18:00:00,2859.22,2882.269,2858.061,2880.175
1771704000,2026-02-21 20:00:00,2879.892,2894.886,2871.198,2893.398
1771711200,2026-02-21 22:00:00,2893.318,2894.873,2880.015,2888.35
1771718400,2026-02-22 00:00:00,2888.277,2889.937,2862.027,2865.521
1771725600,2026-02-22 02:00:00,2865.392,2865.951,2840.822,2841.508
1771732800,2026-02-22 04:00:00,2841.62,2847.896,2838.534,2841.475
1771740000,2026-02-22 06:00:00,2841.441,2847.296,2834.727,2835.628
1771747200,2026-02-22 08:00:00,2835.38,2841.236,2820.536,2820.729
1771754400,2026-02-22 10:00:00,2820.699,2832.302,2808.526,2825.945
1771761600,2026-02-22 12:00:00,2825.903,2828.029,2802.024,2805.496
1771768800,2026-02-22 14:00:00,2805.745,2813.855,2802.024,2805.102
1771776000,2026-02-22 16:00:00,2805.239,2818.699,2801.015,2817.35
1771783200,2026-02-22 18:00:00,2816.951,2820.317,2800.072,2806.37
1771790400,2026-02-22 20:00:00,2806.523,2817.875,2804.475,2812.469
1771797600,2026-02-22 22:00:00,2812.742,2822.611,2810.42,2817.764
1771804800,2026-02-23 00:00:00,2817.751,2826.442,2811.357,2814.766
1771812000,2026-02-23 02:00:00,2814.776,2825.846,2809.645,2821.079
1771819200,2026-02-23 04:00:00,2821.096,2823.264,2800.072,2804.28
1771826400,2026-02-23 06:00:00,2804.145,2814.369,2802.688,2813.133
1771833600,2026-02-23 08:00:00,2812.719,2826.167,2809.864,2825.467
1771840800,2026-02-23 10:00:00,2825.547,2838.77,2824.244,2834.178
1771848000,2026-02-23 12:00:00,2834.212,2858.125,2833.183,2845.677
1771855200,2026-02-23 14:00:00,2845.717,2861.225,2845.421,2860.503
1771862400,2026-02-23 16:00:00,2860.647,2861.874,2852.393,2857.718
1771869600,2026-02-23 18:00:00,2857.803,2859.188,2843.394,2844.247
1771876800,2026-02-23 20:00:00,2844.266,2865.3,2838.234,2864.134
1771884000,2026-02-23 22:00:00,2863.814,2874.823,2859.971,2872.275
1771891200,2026-02-24 00:00:00,2872.726,2873.124,2861.104,2862.1
1771898400,2026-02-24 02:00:00,2862.182,2866.366,2846.875,2854.413
1771905600,2026-02-24 04:00:00,2854.489,2863.492,2848.64,2859.253
1771912800,2026-02-24 06:00:00,2859.083,2859.277,2844.227,2846.583
1771920000,2026-02-24 08:00:00,2846.344,2861.143,2841.527,2860.247
1771927200,2026-02-24 10:00:00,2860.464,2860.464,2842.122,2848.261
1771934400,2026-02-24 12:00:00,2848.256,2857.797,2841.234,2844.435
1771941600,2026-02-24 14:00:00,2844.288,2846.228,2825.249,2826.253
1771948800,2026-02-24 16:00:00,2826.473,2828.479,2814.688,2816.289
1771956000,2026-02-24 18:00:00,2816.452,2817,2794.294,2800.166
1771963200,2026-02-24 20:00:00,2799.771,2807.931,2795.352,2800.518
1771970400,2026-02-24 22:00:00,2800.58,2802.7,2787.214,2797.171
1771977600,2026-02-25 00:00:00,2797.263,2821.84,2795.062,2818.445
1771984800,2026-02-25 02:00:00,2818.335,2830.696,2816.026,2830.363
1771992000,2026-02-25 04:00:00,2830.733,2842.339,2825.042,2832.935
1771999200,2026-02-25 06:00:00,2832.874,2841.063,2824.208,2840.579
1772006400,2026-02-25 08:00:00,2840.54,2845.688,2834.126,2836.209
1772013600,2026-02-25 10:00:00,2836.208,2839.954,2820.874,2824.274
1772020800,2026-02-25 12:00:00,2824.049,2849.931,2821.608,2848.832
1772028000,2026-02-25 14:00:00,2848.83,2861.881,2848.759,2860.143
1772035200,2026-02-25 16:00:00,2860.012,2865.163,2855.276,2858.786
1772042400,2026-02-25 18:00:00,2858.72,2862.833,2851.453,2860.329
1772049600,2026-02-25 20:00:00,2860.223,2860.689,2844.402,2847.755
1772056800,2026-02-25 22:00:00,2847.849,2862.012,2843.035,2859.007
1772064000,2026-02-26 00:00:00,2859.069,2870.398,2856.803,2864.158
1772071200,2026-02-26 02:00:00,2864.208,2870.199,2860.665,2868.655
1772078400,2026-02-26 04:00:00,2868.62,2879.341,2864.005,2867.511
1772085600,2026-02-26 06:00:00,2867.775,2875.085,2855.263,2858.788
1772092800,2026-02-26 08:00:00,2858.709,2858.889,2846.596,2852.11
1772100000,2026-02-26 10:00:00,2852.22,2864.729,2844.831,2862.467
1772107200,2026-02-26 12:00:00,2862.576,2867.472,2853.403,2854.508
1772114400,2026-02-26 14:00:00,2854.602,2865.148,2850.647,2853.7
1772121600,2026-02-26 16:00:00,2853.725,2857.64,2846.702,2851.565
1772128800,2026-02-26 18:00:00,2851.612,2875.382,2850.367,2875.092
1772136000,2026-02-26 20:00:00,2875.116,2876.597,2856.4,2865.752
1772143200,2026-02-26 22:00:00,2866.027,2886.778,2864.768,2877.322
1772150400,2026-02-27 00:00:00,2877.384,2888.907,2876.82,2884.508
1772157600,2026-02-27 02:00:00,2884.254,2887.459,2867.023,2870.662
1772164800,2026-02-27 04:00:00,2870.601,2878.639,2863.589,2875.431
1772172000,2026-02-27 06:00:00,2875.383,2876.844,2860.147,2860.877
1772179200,2026-02-27 08:00:00,2860.84,2866.804,2851.88,2866.442
1772186400,2026-02-27 10:00:00,2866.852,2879.203,2860.71,2869.88
1772193600,2026-02-27 12:00:00,2869.847,2885.561,2869.239,2873.196
1772200800,2026-02-27 14:00:00,2873.053,2881.375,2869.086,2876.902
1772208000,2026-02-27 16:00:00,2876.823,2881.257,2870.015,2870.239
1772215200,2026-02-27 18:00:00,2870.011,2874.702,2866.22,2871.131
1772222400,2026-02-27 20:00:00,2871.22,2877.99,2863.051,2871.054
1772229600,2026-02-27 22:00:00,2870.802,2878.523,2860.194,2868.008
1772236800,2026-02-28 00:00:00,2868.141,2870.868,2856.338,2861.814
1772244000,2026-02-28 02:00:00,2861.571,2868.067,2840.855,2845.031
1772251200,2026-02-28 04:00:00,2845.084,2850.846,2838.691,2842.16
1772258400,2026-02-28 06:00:00,2842.044,2847.176,2833.479,2840.379
1772265600,2026-02-28 08:00:00,2840.419,2856.041,2839.842,2846.681
1772272800,2026-02-28 10:00:00,2846.284,2871.028,2845.666,2867.042
1772280000,2026-02-28 12:00:00,2867.085,2887.748,2864.722,2868.835
1772287200,2026-02-28 14:00:00,2868.855,2880.665,2867.228,2878.637
1772294400,2026-02-28 16:00:00,2878.392,2883.48,2871.974,2883.23
1772301600,2026-02-28 18:00:00,2883.309,2893.604,2881.107,2890.468
1772308800,2026-02-28 20:00:00,2890.42,2903.038,2885.914,2899.382
1772316000,2026-02-28 22:00:00,2899.62,2900.901,2885.788,2886.805
1772323200,2026-03-01 00:00:00,2886.76,2895.176,2878.301,2891.274
1772330400,2026-03-01 02:00:00,2891.593,2918.031,2886.262,2917.576
1772337600,2026-03-01 04:00:00,2917.76,2932.432,2915.743,2932.092
1772344800,2026-03-01 06:00:00,2932.045,2951.563,2932.029,2949.174
1772352000,2026-03-01 08:00:00,2949.028,2973.618,2944.712,2973.167
1772359200,2026-03-01 10:00:00,2973.281,2985.724,2967.014,2977.272
1772366400,2026-03-01 12:00:00,2977.208,2977.861,2964.032,2973.006
1772373600,2026-03-01 14:00:00,2973.221,2982.599,2961.422,2969.258
1772380800,2026-03-01 16:00:00,2969.38,2976.73,2953.651,2955.004
1772388000,2026-03-01 18:00:00,2954.96,2955.41,2945.691,2950.683
1772395200,2026-03-01 20:00:00,2950.81,2957.239,2939.243,2943.314
1772402400,2026-03-01 22:00:00,2943.427,2951.871,2936.273,2939.169
1772409600,2026-03-02 00:00:00,2939.204,2957.115,2937.448,2940.582
1772416800,2026-03-02 02:00:00,2940.649,2941.793,2928.36,2932.512
1772424000,2026-03-02 04:00:00,2932.706,2943.047,2928.097,2934.17
1772431200,2026-03-02 06:00:00,2934.381,2938.441,2924.733,2928.364
1772438400,2026-03-02 08:00:00,2928.361,2931.157,2911.719,2920.685
1772445600,2026-03-02 10:00:00,2920.618,2922.22,2906.574,2911.214
1772452800,2026-03-02 12:00:00,2911.277,2918.379,2908.477,2910.593
1772460000,2026-03-02 14:00:00,2910.458,2926.764,2905.622,2915.478
1772467200,2026-03-02 16:00:00,2915.559,2922.352,2907.612,2910.579
1772474400,2026-03-02 18:00:00,2910.462,2913.507,2891.666,2900.058
1772481600,2026-03-02 20:00:00,2900.144,2913.619,2891.541,2912.628
1772488800,2026-03-02 22:00:00,2912.734,2918.374,2906.035,2907.933
1772496000,2026-03-03 00:00:00,2907.84,2917.267,2900.339,2901.114
1772503200,2026-03-03 02:00:00,2900.508,2913.202,2900.102,2906.2
1772510400,2026-03-03 04:00:00,2906.156,2910.633,2893.5,2894.483
1772517600,2026-03-03 06:00:00,2894.566,2902.265,2886.931,2889.055
1772524800,2026-03-03 08:00:00,2889.005,2918.769,2887.698,2918.26
1772532000,2026-03-03 10:00:00,2918.069,2920.029,2899.394,2911.061
1772539200,2026-03-03 12:00:00,2911.156,2911.156,2885.441,2886.352
1772546400,2026-03-03 14:00:00,2886.363,2894.909,2881.595,2884.434
1772553600,2026-03-03 16:00:00,2884.489,2889.654,2872.137,2872.796
1772560800,2026-03-03 18:00:00,2872.826,2887.775,2868.079,2878.668
1772568000,2026-03-03 20:00:00,2878.729,2883.473,2872.512,2876.933
1772575200,2026-03-03 22:00:00,2877.034,2877.99,2856.931,2861.92
1772582400,2026-03-04 00:00:00,2861.945,2872.594,2853.545,2872.221
1772589600,2026-03-04 02:00:00,2872.096,2879.766,2866.447,2874.236
1772596800,2026-03-04 04:00:00,2874.169,2874.777,2859.409,2864.899
1772604000,2026-03-04 06:00:00,2864.707,2870.812,2861.524,2866.6
1772611200,2026-03-04 08:00:00,2866.502,2875.87,2862.354,2865.242
1772618400,2026-03-04 10:00:00,2865.511,2875.035,2856.88,2861.673
1772625600,2026-03-04 12:00:00,2861.959,2867.501,2856.262,2865.303
1772632800,2026-03-04 14:00:00,2864.96,2866.294,2851.701,2860.807
1772640000,2026-03-04 16:00:00,2860.808,2865.355,2848.981,2848.981
1772647200,2026-03-04 18:00:00,2849.107,2855.612,2829.937,2830.333
1772654400,2026-03-04 20:00:00,2830.335,2832.661,2822.963,2830.267
1772661600,2026-03-04 22:00:00,2830.074,2833.608,2820.667,2827.139
1772668800,2026-03-05 00:00:00,2827.395,2836.203,2826.993,2827.682
1772676000,2026-03-05 02:00:00,2827.744,2834.485,2823.793,2827.358
1772683200,2026-03-05 04:00:00,2827.199,2831.274,2819.063,2821.242
1772690400,2026-03-05 06:00:00,2821.207,2825.829,2805.646,2814.082
1772697600,2026-03-05 08:00:00,2813.986,2832.397,2812.658,2830.616
1772704800,2026-03-05 10:00:00,2830.261,2849.716,2827.41,2844.07
1772712000,2026-03-05 12:00:00,2844.025,2846.402,2836.316,2839.948
1772719200,2026-03-05 14:00:00,2839.776,2841.878,2830.505,2836.804
1772726400,2026-03-05 16:00:00,2836.53,2844.539,2829.458,2830.927
1772733600,2026-03-05 18:00:00,2830.934,2837.086,2821.418,2829.228
1772740800,2026-03-05 20:00:00,2829.397,2829.897,2809.033,2818.656
1772748000,2026-03-05 22:00:00,2818.606,2827.533,2816.454,2818.412
1772755200,2026-03-06 00:00:00,2818.717,2829.623,2811.096,2811.31
1772762400,2026-03-06 02:00:00,2811.29,2822.406,2803.136,2819.305
1772769600,2026-03-06 04:00:00,2819.259,2824.095,2813.861,2817.926
1772776800,2026-03-06 06:00:00,2817.873,2831.294,2816.976,2828.505
1772784000,2026-03-06 08:00:00,2828.577,2833.715,2812.405,2827.012
1772791200,2026-03-06 10:00:00,2826.994,2842.145,2822.984,2835.755
1772798400,2026-03-06 12:00:00,2835.669,2840.757,2823.421,2838.075
1772805600,2026-03-06 14:00:00,2837.823,2841.922,2826.065,2831.587
1772812800,2026-03-06 16:00:00,2831.794,2853.543,2828.606,2849.815
1772820000,2026-03-06 18:00:00,2849.995,2860.358,2844.862,2853.353
1772827200,2026-03-06 20:00:00,2853.358,2859.51,2837.752,2840.884
1772834400,2026-03-06 22:00:00,2840.64,2841.477,2819.029,2824.694
1772841600,2026-03-07 00:00:00,2824.82,2846.376,2822.197,2839.102
1772848800,2026-03-07 02:00:00,2839.244,2851.467,2836.655,2844.063
1772856000,2026-03-07 04:00:00,2843.964,2844.857,2824.221,2824.631
1772863200,2026-03-07 06:00:00,2824.537,2830.901,2813.64,2830.487
1772870400,2026-03-07 08:00:00,2830.36,2839.807,2824.405,2835.823
1772877600,2026-03-07 10:00:00,2835.423,2848.355,2834.871,2842.873
1772884800,2026-03-07 12:00:00,2842.979,2859.935,2838.451,2859.276
1772892000,2026-03-07 14:00:00,2859.115,2859.874,2840.645,2849.519
1772899200,2026-03-07 16:00:00,2849.379,2849.968,2835.452,2839.199
1772906400,2026-03-07 18:00:00,2839.066,2860.151,2838.15,2850.646
1772913600,2026-03-07 20:00:00,2851.072,2863.275,2850.442,2858.637
1772920800,2026-03-07 22:00:00,2858.596,2861.927,2848.699,2855.136
1772928000,2026-03-08 00:00:00,2855.341,2868.543,2853.708,2854.625
1772935200,2026-03-08 02:00:00,2854.838,2860.528,2847.71,2858.713
1772942400,2026-03-08 04:00:00,2858.819,2861.328,2851.289,2859.408
1772949600,2026-03-08 06:00:00,2859.185,2872.57,2857.409,2863.295
1772956800,2026-03-08 08:00:00,2863.59,2873.263,2855.964,2868.551
1772964000,2026-03-08 10:00:00,2868.324,2889.716,2868.272,2886.412
1772971200,2026-03-08 12:00:00,2886.827,2905.299,2886.093,2900.88
1772978400,2026-03-08 14:00:00,2900.748,2905.568,2896.756,2901.742
1772985600,2026-03-08 16:00:00,2901.285,2916.892,2899.556,2908.336
1772992800,2026-03-08 18:00:00,2907.935,2912.554,2900.298,2906.785
1773000000,2026-03-08 20:00:00,2906.883,2908.221,2887.711,2896.509
1773007200,2026-03-08 22:00:00,2896.571,2907.013,2890.096,2900.216
1773014400,2026-03-09 00:00:00,2900.494,2925.182,2897.005,2923.308
1773021600,2026-03-09 02:00:00,2923.302,2928.542,2916.759,2928.542
1773028800,2026-03-09 04:00:00,2928.375,2928.375,2902.619,2916.764
1773036000,2026-03-09 06:00:00,2916.796,2931.743,2905.109,2905.551
1773043200,2026-03-09 08:00:00,2905.404,2922.412,2892.325,2921.764
1773050400,2026-03-09 10:00:00,2921.682,2943.018,2916.16,2941.006
1773057600,2026-03-09 12:00:00,2940.893,2949.079,2935.42,2941.829
1773064800,2026-03-09 14:00:00,2941.605,2949.339,2934.585,2935.251
1773072000,2026-03-09 16:00:00,2935.394,2956.078,2933.785,2951.422
1773079200,2026-03-09 18:00:00,2951.454,2960.897,2944.01,2959.52
1773086400,2026-03-09 20:00:00,2959.286,2965.811,2948.894,2952.885
1773093600,2026-03-09 22:00:00,2952.947,2956.243,2942.775,2944.239
1773100800,2026-03-10 00:00:00,2943.968,2947.17,2935.94,2940.297
1773108000,2026-03-10 02:00:00,2940.237,2957.912,2934.091,2955.493
1773115200,2026-03-10 04:00:00,2955.538,2962.05,2948.915,2961.466
1773122400,2026-03-10 06:00:00,2961.413,2985.458,2961.413,2979.484
1773129600,2026-03-10 08:00:00,2979.611,2996.278,2971.49,2996.278
1773136800,2026-03-10 10:00:00,2996.337,3000.828,2993.47,2995.883
1773144000,2026-03-10 12:00:00,2995.859,3000.506,2991.466,2994.226
1773151200,2026-03-10 14:00:00,2994.244,3004.652,2989.587,3000.941
1773158400,2026-03-10 16:00:00,3000.895,3011.642,2989.67,3007.043
1773165600,2026-03-10 18:00:00,3006.778,3008.639,2997.991,2999.692
1773172800,2026-03-10 20:00:00,2999.61,3009.441,2995.239,3006.057
1773180000,2026-03-10 22:00:00,3005.681,3010.105,2988.173,2990.58
1773187200,2026-03-11 00:00:00,2990.595,2994.778,2982.837,2986.275
1773194400,2026-03-11 02:00:00,2986.321,2988.154,2967.297,2968.304
1773201600,2026-03-11 04:00:00,2968.046,2973.951,2956.406,2964.461
1773208800,2026-03-11 06:00:00,2964.296,2984.487,2963.143,2981.759
1773216000,2026-03-11 08:00:00,2981.871,2986.939,2971.342,2975.059
1773223200,2026-03-11 10:00:00,2975.087,2986.961,2967.805,2981.618
1773230400,2026-03-11 12:00:00,2981.57,3007.121,2980.452,3001.905
1773237600,2026-03-11 14:00:00,3002.04,3008.068,2985.409,2999.387
1773244800,2026-03-11 16:00:00,2999.676,3013.228,2997.375,3001.988
1773252000,2026-03-11 18:00:00,3001.985,3005.065,2982.921,2984.321
1773259200,2026-03-11 20:00:00,2984.556,2988.167,2973.33,2984.44
1773266400,2026-03-11 22:00:00,2984.796,3005.706,2984.314,3002.419
1773273600,2026-03-12 00:00:00,3002.585,3009.344,2989.325,3008.522
1773280800,2026-03-12 02:00:00,3008.555,3010.998,2997.475,3000.248
1773288000,2026-03-12 04:00:00,3000.509,3009.324,2991.097,3008.803
1773295200,2026-03-12 06:00:00,3009.048,3010.605,2988.254,3010.155
1773302400,2026-03-12 08:00:00,3010.101,3010.101,2993.361,2997.75
1773309600,2026-03-12 10:00:00,2998.012,2999.724,2980.027,2986.058
1773316800,2026-03-12 12:00:00,2986.16,2992.166,2978.272,2987.184
1773324000,2026-03-12 14:00:00,2987.356,3001.473,2985.781,2990.008
1773331200,2026-03-12 16:00:00,2989.609,2991.065,2968.552,2969.939
1773338400,2026-03-12 18:00:00,2969.638,2971.391,2961.086,2965.613
1773345600,2026-03-12 20:00:00,2965.812,2966.589,2947.632,2949.932
1773352800,2026-03-12 22:00:00,2950.201,2956.051,2945.073,2951.896
1773360000,2026-03-13 00:00:00,2952.02,2967.549,2950.425,2955.11
1773367200,2026-03-13 02:00:00,2955.152,2961.842,2944.586,2947.953
1773374400,2026-03-13 04:00:00,2948.049,2954.9,2929.246,2930.893
1773381600,2026-03-13 06:00:00,2930.993,2944.116,2926.071,2930.269
1773388800,2026-03-13 08:00:00,2930.23,2932.519,2921.78,2929.342
1773396000,2026-03-13 10:00:00,2929.412,2938.963,2923.669,2937.027
1773403200,2026-03-13 12:00:00,2937.515,2942.531,2921.962,2928.365
1773410400,2026-03-13 14:00:00,2928.303,2929.627,2912.795,2923.39
1773417600,2026-03-13 16:00:00,2923.065,2935.523,2918.424,2930.958
1773424800,2026-03-13 18:00:00,2931.037,2933.142,2917.752,2925.652
1773432000,2026-03-13 20:00:00,2925.568,2932.439,2919.098,2921.644
1773439200,2026-03-13 22:00:00,2921.266,2940.34,2918.636,2938.843
1773446400,2026-03-14 00:00:00,2938.88,2946.899,2933.325,2943.015
1773453600,2026-03-14 02:00:00,2943.069,2947.199,2932.255,2945.465
1773460800,2026-03-14 04:00:00,2945.173,2949.174,2936.302,2945.169
1773468000,2026-03-14 06:00:00,2945.453,2949.797,2933.958,2937.98
1773475200,2026-03-14 08:00:00,2937.85,2951.458,2932.834,2948.796
1773482400,2026-03-14 10:00:00,2948.929,2954.917,2943.767,2953.29
1773489600,2026-03-14 12:00:00,2953.168,2977.291,2952.803,2976.844
1773496800,2026-03-14 14:00:00,2976.788,2994.174,2974.788,2992.69
1773504000,2026-03-14 16:00:00,2992.576,3016.916,2987.06,3015.555
1773511200,2026-03-14 18:00:00,3015.481,3026.443,3011.566,3018.68
1773518400,2026-03-14 20:00:00,3018.762,3024.509,3009.065,3010.781
1773525600,2026-03-14 22:00:00,3010.663,3012.363,2999.36,3004.024
1773532800,2026-03-15 00:00:00,3004.286,3007.315,2988.626,2999.585
1773540000,2026-03-15 02:00:00,2999.445,3011.853,2984.178,2986.756
1773547200,2026-03-15 04:00:00,2986.826,2991.543,2980.169,2983.743
1773554400,2026-03-15 06:00:00,2983.756,2992.76,2963.08,2967.204
1773561600,2026-03-15 08:00:00,2967.162,2974.655,2958.786,2960.488
1773568800,2026-03-15 10:00:00,2960.374,2965.454,2954.584,2963.741
1773576000,2026-03-15 12:00:00,2963.484,2967.243,2953.578,2958.684
1773583200,2026-03-15 14:00:00,2958.905,2965.89,2953.048,2953.789
1773590400,2026-03-15 16:00:00,2953.517,2957.841,2941.993,2950.748
1773597600,2026-03-15 18:00:00,2950.754,2956.821,2946.006,2949.749
1773604800,2026-03-15 20:00:00,2949.648,2964.289,2948.704,2956.561
1773612000,2026-03-15 22:00:00,2956.68,2970.825,2951.951,2967.461
1773619200,2026-03-16 00:00:00,2967.174,2981.735,2966.282,2976.571
1773626400,2026-03-16 02:00:00,2976.496,2986.405,2973.317,2978.231
1773633600,2026-03-16 04:00:00,2978.436,2980.053,2961.868,2966.099
1773640800,2026-03-16 06:00:00,2966.017,2973.716,2961.864,2967.464
1773648000,2026-03-16 08:00:00,2967.324,2967.731,2949.757,2951.716
1773655200,2026-03-16 10:00:00,2951.788,2971.555,2951.635,2961.567
1773662400,2026-03-16 12:00:00,2961.816,2978.165,2960.393,2973.662
1773669600,2026-03-16 14:00:00,2973.468,2981.352,2968.688,2980.383
1773676800,2026-03-16 16:00:00,2980.294,2992.497,2974.137,2991.685
1773684000,2026-03-16 18:00:00,2991.656,2999.577,2981.592,2985.695
1773691200,2026-03-16 20:00:00,2985.658,2991.649,2982.196,2985.67
1773698400,2026-03-16 22:00:00,2986.071,2989.986,2977.868,2980.498
1773705600,2026-03-17 00:00:00,2980.447,2990.477,2973.661,2987.817
1773712800,2026-03-17 02:00:00,2987.857,2998.934,2986.664,2998.928
1773720000,2026-03-17 04:00:00,2998.596,2999.264,2984.458,2998.145
1773727200,2026-03-17 06:00:00,2998.231,3005.933,2989.746,2998.042
1773734400,2026-03-17 08:00:00,2998.363,3003.812,2980.753,2982.317
1773741600,2026-03-17 10:00:00,2982.218,2995.962,2977.946,2979.556
1773748800,2026-03-17 12:00:00,2979.467,3002.458,2974.86,2999.966
1773756000,2026-03-17 14:00:00,2999.69,3016.81,2992.161,3014.739
1773763200,2026-03-17 16:00:00,3015.076,3025.33,3006.359,3024.203
1773770400,2026-03-17 18:00:00,3024.382,3024.521,3013.412,3015.373
1773777600,2026-03-17 20:00:00,3015,3018.754,3002.721,3008.483
1773784800,2026-03-17 22:00:00,3008.674,3013.418,2992.708,2998.457
1773792000,2026-03-18 00:00:00,2998.306,3012.877,2995.194,3012.022
1773799200,2026-03-18 02:00:00,3011.886,3019.527,3001.101,3004.722
1773806400,2026-03-18 04:00:00,3004.43,3016.951,2997.977,3013.384
1773813600,2026-03-18 06:00:00,3013.415,3020.884,3000.376,3003.805
1773820800,2026-03-18 08:00:00,3003.855,3012.736,2997.657,3003.423
1773828000,2026-03-18 10:00:00,3003.12,3008.402,2993.715,2995.863
1773835200,2026-03-18 12:00:00,2995.54,3000.392,2985.837,2993.601
1773842400,2026-03-18 14:00:00,2993.824,2996.107,2970.118,2974.426
1773849600,2026-03-18 16:00:00,2974.497,2988.337,2974.497,2982.552
1773856800,2026-03-18 18:00:00,2982.699,2985.733,2975.694,2983.544
1773864000,2026-03-18 20:00:00,2983.528,2986.761,2973.12,2979.529
1773871200,2026-03-18 22:00:00,2979.394,2980.021,2964.517,2965.919
1773878400,2026-03-19 00:00:00,2965.598,2971.011,2958.44,2959.082
1773885600,2026-03-19 02:00:00,2959.097,2963.85,2929.471,2930.559
1773892800,2026-03-19 04:00:00,2930.471,2931.492,2914.857,2919.894
1773900000,2026-03-19 06:00:00,2919.897,2928.976,2914.71,2924.735
1773907200,2026-03-19 08:00:00,2924.726,2925.67,2906.315,2909.858
1773914400,2026-03-19 10:00:00,2910.155,2925.129,2907.316,2917.097
1773921600,2026-03-19 12:00:00,2917.242,2918.071,2898.596,2903.1
1773928800,2026-03-19 14:00:00,2903.195,2909.717,2887.83,2888.473
1773936000,2026-03-19 16:00:00,2888.335,2891.724,2870.045,2873.53
1773943200,2026-03-19 18:00:00,2873.357,2880.012,2864.921,2865.922
1773950400,2026-03-19 20:00:00,2866.028,2869.946,2857.973,2869.937
1773957600,2026-03-19 22:00:00,2869.892,2883.483,2863.728,2879.942
1773964800,2026-03-20 00:00:00,2879.708,2883.576,2873.669,2876.863
1773972000,2026-03-20 02:00:00,2876.811,2900.146,2876.199,2891.954
1773979200,2026-03-20 04:00:00,2892.338,2892.493,2868.386,2886.957
1773986400,2026-03-20 06:00:00,2887.235,2889.234,2877.076,2881.696
1773993600,2026-03-20 08:00:00,2881.679,2895.042,2874.407,2886.983
1774000800,2026-03-20 10:00:00,2887.137,2902.194,2885.185,2897.48
1774008000,2026-03-20 12:00:00,2897.661,2911.736,2897.363,2900.544
1774015200,2026-03-20 14:00:00,2900.512,2910.046,2896.108,2909.466
1774022400,2026-03-20 16:00:00,2909.887,2912.375,2898.765,2904.103
1774029600,2026-03-20 18:00:00,2904.64,2912.817,2896.451,2905.228
1774036800,2026-03-20 20:00:00,2904.964,2922.472,2897.608,2920.015
1774044000,2026-03-20 22:00:00,2920.062,2927.055,2908.614,2909.718
1774051200,2026-03-21 00:00:00,2909.593,2913.882,2902.274,2908.426
1774058400,2026-03-21 02:00:00,2908.373,2909.313,2895.935,2905.552
1774065600,2026-03-21 04:00:00,2905.406,2918.057,2900.548,2903.526
1774072800,2026-03-21 06:00:00,2903.849,2908.344,2890.524,2893.566
1774080000,2026-03-21 08:00:00,2893.614,2902.771,2891.795,2900.489
1774087200,2026-03-21 10:00:00,2900.39,2927.663,2897.819,2925.497
1774094400,2026-03-21 12:00:00,2925.374,2937.599,2919.786,2931.374
1774101600,2026-03-21 14:00:00,2931.48,2934.658,2910.267,2914.907
1774108800,2026-03-21 16:00:00,2914.792,2925.389,2911.383,2923.782
1774116000,2026-03-21 18:00:00,2923.752,2927.613,2907.948,2921.951
1774123200,2026-03-21 20:00:00,2921.956,2933.413,2921.956,2931.495
1774130400,2026-03-21 22:00:00,2931.545,2943.38,2928.388,2933.552
1774137600,2026-03-22 00:00:00,2933.835,2939.861,2931.039,2936.526
1774144800,2026-03-22 02:00:00,2936.754,2949.208,2933.76,2949.018
1774152000,2026-03-22 04:00:00,2949.067,2960.323,2943.701,2958.616
1774159200,2026-03-22 06:00:00,2958.997,2988.177,2958.997,2986.54
1774166400,2026-03-22 08:00:00,2986.262,2986.599,2976.438,2979.348
1774173600,2026-03-22 10:00:00,2979.382,2995.161,2976.16,2990.005
1774180800,2026-03-22 12:00:00,2989.927,2999.539,2986.245,2990.528
1774188000,2026-03-22 14:00:00,2990.127,3004.879,2984.541,3004.686
1774195200,2026-03-22 16:00:00,3004.504,3006.178,2981.284,2985.419
1774202400,2026-03-22 18:00:00,2985.548,2988.069,2976.752,2986.818
1774209600,2026-03-22 20:00:00,2986.876,2990.975,2976.494,2980.604
1774216800,2026-03-22 22:00:00,2980.431,2984.595,2976.252,2983.608
1774224000,2026-03-23 00:00:00,2983.614,3009.544,2981.761,3008.108
1774231200,2026-03-23 02:00:00,3008.044,3018.371,3002.417,3006.592
1774238400,2026-03-23 04:00:00,3006.496,3030.037,3005.448,3015.422
1774245600,2026-03-23 06:00:00,3015.537,3027.482,3008.166,3024.833
1774252800,2026-03-23 08:00:00,3024.512,3061.311,3023.909,3054.04
1774260000,2026-03-23 10:00:00,3054.345,3057.909,3044.938,3053.151
1774267200,2026-03-23 12:00:00,3053.449,3072.994,3048.181,3068.176
1774274400,2026-03-23 14:00:00,3067.909,3077.514,3059.857,3064.999
1774281600,2026-03-23 16:00:00,3065.003,3079.918,3060.418,3072.531
1774288800,2026-03-23 18:00:00,3072.148,3073.924,3059.415,3066.043
1774296000,2026-03-23 20:00:00,3065.717,3080.162,3062.03,3065.691
1774303200,2026-03-23 22:00:00,3065.798,3077.559,3064.064,3077.121
1774310400,2026-03-24 00:00:00,3077.418,3084.111,3072.39,3083.3
1774317600,2026-03-24 02:00:00,3083.587,3088.148,3074.097,3085.172
1774324800,2026-03-24 04:00:00,3084.998,3108.901,3082.166,3096.119
1774332000,2026-03-24 06:00:00,3096.052,3108.804,3093.922,3107.199
1774339200,2026-03-24 08:00:00,3107.539,3112.371,3093.525,3098.677
1774346400,2026-03-24 10:00:00,3098.487,3100.55,3080.943,3082.837
1774353600,2026-03-24 12:00:00,3082.43,3082.443,3061.611,3079.144
1774360800,2026-03-24 14:00:00,3079.495,3101.251,3077.844,3086.837
1774368000,2026-03-24 16:00:00,3086.658,3099.656,3085.633,3093.373
1774375200,2026-03-24 18:00:00,3093.624,3101.31,3085.271,3098.763
1774382400,2026-03-24 20:00:00,3098.787,3108.502,3092.1,3107.939
1774389600,2026-03-24 22:00:00,3108.073,3117.398,3098.638,3109.135
1774396800,2026-03-25 00:00:00,3109.229,3126.414,3107.579,3107.579
1774404000,2026-03-25 02:00:00,3107.362,3116.402,3100.305,3114.656
1774411200,2026-03-25 04:00:00,3114.751,3143.631,3112.814,3128.867
1774418400,2026-03-25 06:00:00,3129.036,3132.719,3116.442,3117.468
1774425600,2026-03-25 08:00:00,3117.392,3127.461,3108.031,3110.272
1774432800,2026-03-25 10:00:00,3110.441,3124.419,3103.944,3122.281
1774440000,2026-03-25 12:00:00,3122.454,3124.183,3115.461,3117.173
1774447200,2026-03-25 14:00:00,3117.193,3134.114,3109.682,3126.713
1774454400,2026-03-25 16:00:00,3127.102,3134.878,3110.604,3112.412
1774461600,2026-03-25 18:00:00,3112.193,3136.387,3111.548,3120.919
1774468800,2026-03-25 20:00:00,3120.833,3129.401,3113.698,3115.892
1774476000,2026-03-25 22:00:00,3115.956,3119.255,3088.928,3092.777
1774483200,2026-03-26 00:00:00,3092.98,3099.161,3088.159,3096.502
1774490400,2026-03-26 02:00:00,3096.546,3102.572,3085.247,3093.828
1774497600,2026-03-26 04:00:00,3094.093,3102.791,3090.454,3098.376
1774504800,2026-03-26 06:00:00,3098.23,3104.581,3090.131,3104.4
1774512000,2026-03-26 08:00:00,3104.56,3109.824,3092.968,3104.183
1774519200,2026-03-26 10:00:00,3104.297,3120.375,3096.684,3108.992
1774526400,2026-03-26 12:00:00,3108.869,3116.309,3096.827,3110.229
1774533600,2026-03-26 14:00:00,3110.373,3125.609,3109.695,3117.317
1774540800,2026-03-26 16:00:00,3117.667,3126.996,3113.546,3116.447
1774548000,2026-03-26 18:00:00,3116.714,3145.422,3115.98,3142.304
1774555200,2026-03-26 20:00:00,3142.093,3143.386,3127.299,3130.363
1774562400,2026-03-26 22:00:00,3130.473,3134.113,3123.128,3132.567
1774569600,2026-03-27 00:00:00,3132.366,3133.207,3120.576,3122.294
1774576800,2026-03-27 02:00:00,3122.467,3128.091,3118.785,3124.218
1774584000,2026-03-27 04:00:00,3124.105,3135.924,3117.568,3120.651
1774591200,2026-03-27 06:00:00,3120.686,3127.064,3113.639,3124.119
1774598400,2026-03-27 08:00:00,3124.124,3134.133,3113.777,3131.396
1774605600,2026-03-27 10:00:00,3131.299,3138.435,3119.161,3133.058
1774612800,2026-03-27 12:00:00,3133.074,3162.939,3132.434,3154.015
1774620000,2026-03-27 14:00:00,3154.105,3154.365,3140.634,3143.889
1774627200,2026-03-27 16:00:00,3143.949,3153.229,3136.966,3151.51
1774634400,2026-03-27 18:00:00,3151.73,3178.805,3148.842,3177.66
1774641600,2026-03-27 20:00:00,3177.656,3188.385,3167.187,3177.201
1774648800,2026-03-27 22:00:00,3177.397,3184.194,3168.55,3183.662
1774656000,2026-03-28 00:00:00,3184.013,3199.685,3181.715,3193.71
1774663200,2026-03-28 02:00:00,3193.809,3194.401,3178.818,3184.809
1774670400,2026-03-28 04:00:00,3184.582,3188.48,3170.778,3183.919
1774677600,2026-03-28 06:00:00,3184.321,3184.321,3165.567,3170.696
1774684800,2026-03-28 08:00:00,3170.914,3179.38,3166.986,3174.329
1774692000,2026-03-28 10:00:00,3174.364,3185.415,3168.669,3168.857
1774699200,2026-03-28 12:00:00,3168.958,3202.401,3166.021,3197.937
1774706400,2026-03-28 14:00:00,3197.856,3219.22,3197.81,3205.755
1774713600,2026-03-28 16:00:00,3205.608,3215.929,3202.384,3209.399
1774720800,2026-03-28 18:00:00,3209.24,3212.727,3193.227,3197.234
1774728000,2026-03-28 20:00:00,3197.2,3206.905,3183.174,3184.93
1774735200,2026-03-28 22:00:00,3185.063,3197.142,3180.65,3194.593
1774742400,2026-03-29 00:00:00,3194.428,3194.541,3171.354,3176.153
1774749600,2026-03-29 02:00:00,3175.828,3183.215,3166.959,3175.677
1774756800,2026-03-29 04:00:00,3175.604,3178.71,3166.095,3167.428
1774764000,2026-03-29 06:00:00,3167.444,3170.465,3144.878,3146.337
1774771200,2026-03-29 08:00:00,3146.414,3151.047,3134.65,3143.23
1774778400,2026-03-29 10:00:00,3143.377,3154.363,3133.521,3134.058
1774785600,2026-03-29 12:00:00,3134.056,3149.276,3133.901,3148.586
1774792800,2026-03-29 14:00:00,3148.781,3150.883,3139.627,3150.054
1774800000,2026-03-29 16:00:00,3150.309,3155.947,3136.166,3140.479
1774807200,2026-03-29 18:00:00,3140.314,3146.404,3132.246,3132.707
1774814400,2026-03-29 20:00:00,3132.744,3134.53,3121.404,3124.929
1774821600,2026-03-29 22:00:00,3125.077,3132.92,3120.502,3131.817
1774828800,2026-03-30 00:00:00,3132.233,3133.331,3116.269,3121.41
1774836000,2026-03-30 02:00:00,3121.526,3148.426,3121.517,3142.367
1774843200,2026-03-30 04:00:00,3142.549,3161.376,3132.62,3159.549
1774850400,2026-03-30 06:00:00,3159.693,3177.781,3155.821,3175.823
1774857600,2026-03-30 08:00:00,3175.996,3193.875,3168.009,3191.141
1774864800,2026-03-30 10:00:00,3191.133,3191.133,3166.898,3170.778
1774872000,2026-03-30 12:00:00,3170.972,3179.254,3161.191,3179.025
1774879200,2026-03-30 14:00:00,3178.753,3181.272,3138.275,3145.567
1774886400,2026-03-30 16:00:00,3145.73,3148.229,3135.646,3143.807
1774893600,2026-03-30 18:00:00,3143.703,3145.908,3133.532,3135.449
1774900800,2026-03-30 20:00:00,3135.533,3141.362,3131.006,3136.002
1774908000,2026-03-30 22:00:00,3136.09,3173.157,3126.203,3168.335
1774915200,2026-03-31 00:00:00,3167.893,3171.784,3154.906,3161.009
1774922400,2026-03-31 02:00:00,3160.97,3161.987,3145.322,3150.333
1774929600,2026-03-31 04:00:00,3150.399,3152.778,3140.076,3140.484
1774936800,2026-03-31 06:00:00,3140.509,3151.639,3136.578,3146.373
1774944000,2026-03-31 08:00:00,3146.41,3153.741,3135.636,3143.702
1774951200,2026-03-31 10:00:00,3143.775,3145.274,3128.361,3139.84
1774958400,2026-03-31 12:00:00,3140.046,3152.449,3134.41,3138.216
1774965600,2026-03-31 14:00:00,3138.366,3142.919,3129.654,3140.446
1774972800,2026-03-31 16:00:00,3140.468,3170.082,3137.983,3169.656
1774980000,2026-03-31 18:00:00,3169.691,3177.326,3164.078,3164.187
1774987200,2026-03-31 20:00:00,3164.423,3171.448,3159.677,3162.188
1774994400,2026-03-31 22:00:00,3162.16,3177.524,3157.81,3167.314
1775001600,2026-04-01 00:00:00,3167.374,3172.053,3158.853,3162.159
1775008800,2026-04-01 02:00:00,3162.159,3169.405,3155.856,3159.667
1775016000,2026-04-01 04:00:00,3159.713,3167.696,3157.5,3161.684
1775023200,2026-04-01 06:00:00,3161.573,3169.224,3145.725,3167.335
1775030400,2026-04-01 08:00:00,3167.274,3168.728,3142.19,3142.489
1775037600,2026-04-01 10:00:00,3142.582,3146.282,3133.448,3133.465
1775044800,2026-04-01 12:00:00,3133.542,3137.39,3121.635,3128.053
1775052000,2026-04-01 14:00:00,3128.178,3138.057,3122.31,3123.921
1775059200,2026-04-01 16:00:00,3123.595,3134.287,3115.375,3123.113
1775066400,2026-04-01 18:00:00,3123.281,3136.457,3119.391,3133.517
1775073600,2026-04-01 20:00:00,3133.327,3147.52,3127.742,3138.526
1775080800,2026-04-01 22:00:00,3138.787,3155.768,3136.798,3146.497
1775088000,2026-04-02 00:00:00,3146.582,3159.883,3138.302,3159.264
1775095200,2026-04-02 02:00:00,3158.97,3164.14,3139.704,3147.327
1775102400,2026-04-02 04:00:00,3147.774,3174.017,3146.066,3168.993
1775109600,2026-04-02 06:00:00,3168.619,3171.293,3155.397,3155.397
1775116800,2026-04-02 08:00:00,3155.493,3166.457,3144.651,3163.927
1775124000,2026-04-02 10:00:00,3163.792,3169.701,3147.946,3166.831
1775131200,2026-04-02 12:00:00,3166.951,3177.116,3157.466,3161.32
1775138400,2026-04-02 14:00:00,3161.374,3193.134,3158.693,3186.943
1775145600,2026-04-02 16:00:00,3186.784,3201.944,3179.234,3199.265
1775152800,2026-04-02 18:00:00,3198.957,3203.673,3191.13,3199.36
1775160000,2026-04-02 20:00:00,3199.176,3212.235,3188.722,3203.984
1775167200,2026-04-02 22:00:00,3204.071,3207.799,3189.805,3200.227
1775174400,2026-04-03 00:00:00,3200.201,3211.712,3195.068,3198.52
1775181600,2026-04-03 02:00:00,3198.575,3200.52,3186.495,3196.425
1775188800,2026-04-03 04:00:00,3196.578,3204.621,3191.012,3202.881
1775196000,2026-04-03 06:00:00,3202.732,3208.118,3198.702,3207.525
1775203200,2026-04-03 08:00:00,3207.759,3216.375,3204.952,3216.375
1775210400,2026-04-03 10:00:00,3216.126,3220.823,3198.788,3202.08
1775217600,2026-04-03 12:00:00,3202.035,3216.791,3199.196,3209.434
1775224800,2026-04-03 14:00:00,3209.478,3217.176,3200.011,3213.036
1775232000,2026-04-03 16:00:00,3213.012,3220.141,3206.478,3216.029
1775239200,2026-04-03 18:00:00,3216.188,3227.401,3212.496,3220.639
1775246400,2026-04-03 20:00:00,3220.523,3232.993,3219.382,3224.564
1775253600,2026-04-03 22:00:00,3224.337,3237.744,3222.741,3234.719
1775260800,2026-04-04 00:00:00,3234.87,3235.88,3214.378,3214.961
1775268000,2026-04-04 02:00:00,3214.961,3216.868,3205.174,3211.615
1775275200,2026-04-04 04:00:00,3211.455,3220.783,3206.311,3218.399
1775282400,2026-04-04 06:00:00,3218.202,3239.893,3217.741,3234.558
1775289600,2026-04-04 08:00:00,3234.218,3260.729,3233.195,3259.038
1775296800,2026-04-04 10:00:00,3258.779,3260.977,3245.771,3258.584
1775304000,2026-04-04 12:00:00,3258.456,3264.818,3247.823,3258.427
1775311200,2026-04-04 14:00:00,3258.471,3269.757,3248.742,3248.93
1775318400,2026-04-04 16:00:00,3248.931,3258.859,3232.719,3233.334
1775325600,2026-04-04 18:00:00,3233.575,3234.137,3209.747,3213.81
1775332800,2026-04-04 20:00:00,3213.953,3235.294,3210.869,3233.798
1775340000,2026-04-04 22:00:00,3234.037,3247.005,3225.197,3226.711
1775347200,2026-04-05 00:00:00,3226.546,3234.449,3216.422,3226.106
1775354400,2026-04-05 02:00:00,3225.928,3247.087,3224.274,3233.858
1775361600,2026-04-05 04:00:00,3233.921,3249.469,3226.777,3246.581
1775368800,2026-04-05 06:00:00,3246.612,3269.818,3244.091,3261.462
1775376000,2026-04-05 08:00:00,3261.244,3272.629,3260.199,3262.292
1775383200,2026-04-05 10:00:00,3262.552,3276.739,3262.449,3273.076
1775390400,2026-04-05 12:00:00,3273.092,3277.391,3244.392,3244.976
1775397600,2026-04-05 14:00:00,3244.824,3255.591,3238.681,3254.709
1775404800,2026-04-05 16:00:00,3254.544,3259.896,3241.425,3241.801
1775412000,2026-04-05 18:00:00,3241.849,3243.635,3224.036,3227.668
1775419200,2026-04-05 20:00:00,3227.78,3231.508,3218.077,3219.515
1775426400,2026-04-05 22:00:00,3219.554,3233.181,3213.905,3228.889
1775433600,2026-04-06 00:00:00,3228.729,3252.85,3227.706,3251.886
1775440800,2026-04-06 02:00:00,3251.63,3251.685,3220.676,3235.024
1775448000,2026-04-06 04:00:00,3235.609,3246.762,3228.354,3243.811
1775455200,2026-04-06 06:00:00,3243.747,3246.065,3227.964,3243.838
1775462400,2026-04-06 08:00:00,3243.901,3250.308,3223.29,3223.534
1775469600,2026-04-06 10:00:00,3223.579,3236.307,3218.988,3233.956
1775476800,2026-04-06 12:00:00,3234.159,3264.476,3231.194,3263.659
1775484000,2026-04-06 14:00:00,3263.885,3268.129,3241.445,3245.903
1775491200,2026-04-06 16:00:00,3246.011,3246.192,3225.217,3234.458
1775498400,2026-04-06 18:00:00,3234.604,3242.865,3225.667,3241.258
1775505600,2026-04-06 20:00:00,3241.396,3242.271,3225.871,3236.885
1775512800,2026-04-06 22:00:00,3236.874,3243.408,3224.591,3230.746
1775520000,2026-04-07 00:00:00,3230.732,3234.525,3224.05,3229.208
1775527200,2026-04-07 02:00:00,3229.346,3229.715,3207.226,3210.752
1775534400,2026-04-07 04:00:00,3210.997,3224.223,3209.056,3224.01
1775541600,2026-04-07 06:00:00,3223.691,3224.206,3200.904,3212.382
1775548800,2026-04-07 08:00:00,3212.23,3216.211,3203.903,3211.863
1775556000,2026-04-07 10:00:00,3212.247,3231.076,3211.304,3224.777
1775563200,2026-04-07 12:00:00,3224.937,3227.823,3206.973,3207.107
1775570400,2026-04-07 14:00:00,3207.09,3217.754,3196.699,3215.857
1775577600,2026-04-07 16:00:00,3216.16,3233.053,3213.353,3215.897
1775584800,2026-04-07 18:00:00,3215.961,3221.608,3210.93,3213.035
1775592000,2026-04-07 20:00:00,3213.397,3229.598,3202.882,3203.918
1775599200,2026-04-07 22:00:00,3203.889,3208.868,3196.901,3207.65
1775606400,2026-04-08 00:00:00,3207.713,3212.966,3198.487,3201.003
1775613600,2026-04-08 02:00:00,3201.126,3209.629,3191.83,3195.999
1775620800,2026-04-08 04:00:00,3195.666,3203.15,3190.675,3194.058
1775628000,2026-04-08 06:00:00,3194.2,3198.679,3181.512,3185.951
1775635200,2026-04-08 08:00:00,3185.833,3191.469,3172.41,3175.786
1775642400,2026-04-08 10:00:00,3176.03,3178.724,3162.011,3174.13
1775649600,2026-04-08 12:00:00,3174.063,3194.267,3164.265,3191.566
1775656800,2026-04-08 14:00:00,3191.298,3206.778,3182.419,3202.383
1775664000,2026-04-08 16:00:00,3202.534,3211.846,3198.263,3210.981
1775671200,2026-04-08 18:00:00,3211.046,3228.278,3207.297,3226.686
1775678400,2026-04-08 20:00:00,3226.7,3236.69,3224.074,3228.169
1775685600,2026-04-08 22:00:00,3228.252,3244.117,3225.752,3226.302
1775692800,2026-04-09 00:00:00,3226.477,3240.144,3224.291,3227.203
1775700000,2026-04-09 02:00:00,3227.277,3232.293,3220.633,3222.335
1775707200,2026-04-09 04:00:00,3222.79,3238.377,3216.257,3233.119
1775714400,2026-04-09 06:00:00,3233.368,3238.525,3222.633,3228.68
1775721600,2026-04-09 08:00:00,3228.628,3232.649,3212.609,3214.841
1775728800,2026-04-09 10:00:00,3214.801,3225.304,3210.783,3223.921
1775736000,2026-04-09 12:00:00,3223.851,3233.537,3215.868,3233.141
1775743200,2026-04-09 14:00:00,3233.047,3241.947,3228.423,3241.875
1775750400,2026-04-09 16:00:00,3241.702,3254.158,3240.773,3247.666
1775757600,2026-04-09 18:00:00,3247.366,3257.609,3233.109,3236.009
1775764800,2026-04-09 20:00:00,3235.667,3238.536,3220.641,3223.614
1775772000,2026-04-09 22:00:00,3224.004,3245.828,3219.069,3239.293
1775779200,2026-04-10 00:00:00,3239.125,3244.108,3234.972,3238.022
1775786400,2026-04-10 02:00:00,3238.135,3239.832,3209.583,3213.307
1775793600,2026-04-10 04:00:00,3213.295,3234.496,3210.48,3231.124
1775800800,2026-04-10 06:00:00,3230.863,3232.487,3211.078,3215.281
1775808000,2026-04-10 08:00:00,3215.014,3244.744,3212.804,3241.827
1775815200,2026-04-10 10:00:00,3241.876,3242.541,3220.041,3224.304
1775822400,2026-04-10 12:00:00,3224.384,3229.714,3220.689,3225.6
1775829600,2026-04-10 14:00:00,3225.4,3237.475,3222.086,3222.086
1775836800,2026-04-10 16:00:00,3222.361,3244.77,3219.555,3232.47
1775844000,2026-04-10 18:00:00,3232.212,3243.627,3228.097,3236.253
1775851200,2026-04-10 20:00:00,3236.317,3236.426,3203.061,3204.568
1775858400,2026-04-10 22:00:00,3204.431,3216.307,3201.461,3205.44
1775865600,2026-04-11 00:00:00,3205.301,3205.401,3185.847,3188.176
1775872800,2026-04-11 02:00:00,3188.236,3192.438,3170.535,3172.083
1775880000,2026-04-11 04:00:00,3172.169,3183.716,3165.662,3171.709
1775887200,2026-04-11 06:00:00,3171.981,3178.981,3162.789,3170.774
1775894400,2026-04-11 08:00:00,3170.493,3172.336,3148.672,3149.888
1775901600,2026-04-11 10:00:00,3149.868,3172.429,3149.02,3170.929
1775908800,2026-04-11 12:00:00,3170.992,3182.336,3161.608,3181.679
1775916000,2026-04-11 14:00:00,3181.823,3206.618,3180.002,3205.882
1775923200,2026-04-11 16:00:00,3205.996,3208.586,3184.931,3190.871
1775930400,2026-04-11 18:00:00,3190.778,3201.748,3183.379,3185.873
1775937600,2026-04-11 20:00:00,3185.654,3204.222,3183.504,3200.832
1775944800,2026-04-11 22:00:00,3200.931,3221.414,3199.398,3213.57
1775952000,2026-04-12 00:00:00,3213.553,3219.177,3190.829,3196.532
1775959200,2026-04-12 02:00:00,3196.26,3219.714,3196.26,3218.761
1775966400,2026-04-12 04:00:00,3218.747,3224.403,3194.055,3196.408
1775973600,2026-04-12 06:00:00,3196.677,3211.25,3195.272,3208.997
1775980800,2026-04-12 08:00:00,3209.418,3220.588,3209.418,3219.55
1775988000,2026-04-12 10:00:00,3219.406,3225.209,3209.756,3224.261
1775995200,2026-04-12 12:00:00,3224.408,3224.475,3195.639,3212.778
1776002400,2026-04-12 14:00:00,3212.867,3217.264,3202.367,3213.713
1776009600,2026-04-12 16:00:00,3213.67,3234.083,3213.652,3226.046
1776016800,2026-04-12 18:00:00,3225.975,3227.215,3209.595,3211.505
1776024000,2026-04-12 20:00:00,3211.554,3216.42,3200.952,3213.21
1776031200,2026-04-12 22:00:00,3213.314,3231.057,3207.376,3219.478
1776038400,2026-04-13 00:00:00,3219.4,3262.09,3218.516,3261.112
1776045600,2026-04-13 02:00:00,3261.239,3267.04,3248.476,3256.381
1776052800,2026-04-13 04:00:00,3256.026,3268.084,3254.154,3261.216
1776060000,2026-04-13 06:00:00,3261.075,3265.061,3238.582,3247.138
1776067200,2026-04-13 08:00:00,3247.331,3255.937,3239.114,3254.119
1776074400,2026-04-13 10:00:00,3254.051,3262.424,3242.939,3244.257
1776081600,2026-04-13 12:00:00,3244.43,3258.527,3230.807,3251.736
1776088800,2026-04-13 14:00:00,3251.78,3274.001,3248.57,3273.498
1776096000,2026-04-13 16:00:00,3273.94,3291.61,3267.089,3267.562
1776103200,2026-04-13 18:00:00,3267.687,3267.939,3244.329,3254.543
1776110400,2026-04-13 20:00:00,3254.634,3265.103,3252.237,3260.285
1776117600,2026-04-13 22:00:00,3260.13,3267.007,3249.825,3256.645
1776124800,2026-04-14 00:00:00,3256.837,3260.208,3245.824,3247.48
1776132000,2026-04-14 02:00:00,3247.484,3256.551,3235.058,3245.87
1776139200,2026-04-14 04:00:00,3245.729,3250.79,3237.456,3239.29
1776146400,2026-04-14 06:00:00,3239.302,3251.378,3237.65,3237.65
1776153600,2026-04-14 08:00:00,3238.066,3252.988,3238.066,3243.932
1776160800,2026-04-14 10:00:00,3243.567,3246.256,3227.232,3230.589
1776168000,2026-04-14 12:00:00,3230.425,3254.082,3225.519,3247.965
1776175200,2026-04-14 14:00:00,3247.844,3270.832,3243.755,3270.265
1776182400,2026-04-14 16:00:00,3270.399,3275.092,3256.616,3266.203
1776189600,2026-04-14 18:00:00,3266.404,3292.982,3260.676,3292.778
1776196800,2026-04-14 20:00:00,3292.661,3317.132,3292.493,3315.256
1776204000,2026-04-14 22:00:00,3315.361,3316.948,3289.226,3303.183
1776211200,2026-04-15 00:00:00,3303.436,3312.37,3292.405,3301.279
1776218400,2026-04-15 02:00:00,3301.538,3314.675,3299.129,3302.445
1776225600,2026-04-15 04:00:00,3302.424,3310.39,3294.176,3304.782
1776232800,2026-04-15 06:00:00,3304.571,3308.363,3296.437,3303.333
1776240000,2026-04-15 08:00:00,3303.004,3319.446,3303.004,3314.488
1776247200,2026-04-15 10:00:00,3314.591,3324.152,3300.974,3316.103
1776254400,2026-04-15 12:00:00,3316.169,3333.506,3314.826,3323.395
1776261600,2026-04-15 14:00:00,3323.826,3332.812,3320.562,3326.54
1776268800,2026-04-15 16:00:00,3326.42,3338.317,3315.47,3318.967
1776276000,2026-04-15 18:00:00,3318.98,3329.623,3306.111,3315.766
1776283200,2026-04-15 20:00:00,3315.961,3341.477,3314.992,3335.288
1776290400,2026-04-15 22:00:00,3335.402,3340.251,3324.362,3340.251
1776297600,2026-04-16 00:00:00,3340.149,3355.151,3338.243,3344.108
1776304800,2026-04-16 02:00:00,3344.03,3348.086,3329.28,3334.773
1776312000,2026-04-16 04:00:00,3334.48,3339.085,3320.244,3337.377
1776319200,2026-04-16 06:00:00,3337.334,3342.809,3326.998,3330.694
1776326400,2026-04-16 08:00:00,3330.967,3330.967,3309.653,3312.121
1776333600,2026-04-16 10:00:00,3312.037,3316.777,3302.58,3309.195
1776340800,2026-04-16 12:00:00,3308.867,3326.69,3304.476,3322.665
1776348000,2026-04-16 14:00:00,3322.429,3346.39,3322.429,3335.133
1776355200,2026-04-16 16:00:00,3334.761,3334.761,3320.359,3324.822
1776362400,2026-04-16 18:00:00,3324.87,3326.857,3315.283,3317.735
1776369600,2026-04-16 20:00:00,3317.594,3324.018,3305.084,3322.057
1776376800,2026-04-16 22:00:00,3321.779,3326.466,3315.647,3323.229
1776384000,2026-04-17 00:00:00,3323.372,3328.57,3314.198,3318.516
1776391200,2026-04-17 02:00:00,3318.497,3320.349,3301.293,3310.718
1776398400,2026-04-17 04:00:00,3310.796,3314.941,3287.53,3292.6
1776405600,2026-04-17 06:00:00,3292.711,3318.872,3292.058,3317.815
1776412800,2026-04-17 08:00:00,3317.58,3326.158,3309.837,3311.048
1776420000,2026-04-17 10:00:00,3310.966,3327.354,3309.89,3326.731
1776427200,2026-04-17 12:00:00,3326.981,3331.59,3318.857,3323.022
1776434400,2026-04-17 14:00:00,3323.086,3328.938,3309.956,3313.091
1776441600,2026-04-17 16:00:00,3313.238,3320.433,3293.337,3293.943
1776448800,2026-04-17 18:00:00,3294.253,3297.321,3284.336,3291.254
1776456000,2026-04-17 20:00:00,3290.961,3297.075,3283.668,3293.174
1776463200,2026-04-17 22:00:00,3292.995,3296.698,3272.934,3281.842
1776470400,2026-04-18 00:00:00,3282.096,3289.132,3271.953,3274.38
1776477600,2026-04-18 02:00:00,3274.488,3282.043,3264.59,3273.05
1776484800,2026-04-18 04:00:00,3272.854,3293.603,3270.584,3282.964
1776492000,2026-04-18 06:00:00,3282.833,3286.542,3266.221,3268.596
1776499200,2026-04-18 08:00:00,3268.436,3291.184,3260.472,3288.692
1776506400,2026-04-18 10:00:00,3289.039,3297.663,3281.383,3287.801
1776513600,2026-04-18 12:00:00,3287.594,3297.393,3278.889,3284.932
1776520800,2026-04-18 14:00:00,3284.89,3286.182,3259.278,3260.596
1776528000,2026-04-18 16:00:00,3260.579,3271.617,3257.763,3258.124
1776535200,2026-04-18 18:00:00,3258.678,3271.9,3252.13,3265.733
1776542400,2026-04-18 20:00:00,3265.346,3269.531,3251.879,3262.869
1776549600,2026-04-18 22:00:00,3263.075,3274.3,3259.694,3272.886
1776556800,2026-04-19 00:00:00,3272.615,3281.672,3263.836,3274.147
1776564000,2026-04-19 02:00:00,3274.135,3283.814,3265.395,3266.344
1776571200,2026-04-19 04:00:00,3265.93,3274.722,3254.463,3256.646
1776578400,2026-04-19 06:00:00,3256.478,3260.045,3243.253,3257.911
1776585600,2026-04-19 08:00:00,3258.053,3264.251,3248.651,3260.82
1776592800,2026-04-19 10:00:00,3260.975,3277.943,3260.446,3272.553
1776600000,2026-04-19 12:00:00,3272.686,3292.198,3270.787,3281.046
1776607200,2026-04-19 14:00:00,3281.105,3286.523,3270.222,3270.899
1776614400,2026-04-19 16:00:00,3270.914,3274.69,3248.882,3260.996
1776621600,2026-04-19 18:00:00,3261.501,3270.033,3255.4,3262.593
1776628800,2026-04-19 20:00:00,3262.696,3262.696,3243.987,3246.636
1776636000,2026-04-19 22:00:00,3246.307,3247.415,3233.839,3237.233
1776643200,2026-04-20 00:00:00,3237.312,3240.152,3198.483,3199.774
1776650400,2026-04-20 02:00:00,3199.776,3206.313,3192.336,3194.747
1776657600,2026-04-20 04:00:00,3194.59,3200.64,3179.959,3182.361
1776664800,2026-04-20 06:00:00,3182.761,3201.266,3181.407,3199.095
1776672000,2026-04-20 08:00:00,3199.172,3201.351,3173.03,3174.658
1776679200,2026-04-20 10:00:00,3174.743,3192.258,3168.917,3172.53
1776686400,2026-04-20 12:00:00,3172.803,3193.031,3170.797,3191.485
1776693600,2026-04-20 14:00:00,3191.605,3201.377,3187.382,3192.828
1776700800,2026-04-20 16:00:00,3193.116,3193.116,3175.795,3177.905
1776708000,2026-04-20 18:00:00,3177.834,3184.64,3169.169,3174.653
1776715200,2026-04-20 20:00:00,3174.867,3193.192,3172.505,3191.333
1776722400,2026-04-20 22:00:00,3191.235,3203.524,3189.162,3198.556
1776729600,2026-04-21 00:00:00,3198.369,3204.614,3184.97,3186.555
1776736800,2026-04-21 02:00:00,3186.513,3186.619,3173.898,3179.598
1776744000,2026-04-21 04:00:00,3179.873,3182.792,3160.266,3166.304
1776751200,2026-04-21 06:00:00,3166.375,3186.864,3164.518,3179.417
1776758400,2026-04-21 08:00:00,3179.485,3183.416,3166.569,3167.963
1776765600,2026-04-21 10:00:00,3167.923,3188.334,3167.237,3187.904
1776772800,2026-04-21 12:00:00,3187.816,3202.949,3180.623,3186.542
1776780000,2026-04-21 14:00:00,3186.5,3199.686,3178.372,3198.088
1776787200,2026-04-21 16:00:00,3197.943,3198.039,3173.637,3175.805
1776794400,2026-04-21 18:00:00,3175.739,3179.707,3161.752,3165.792
1776801600,2026-04-21 20:00:00,3165.928,3178.468,3164.214,3167.576
1776808800,2026-04-21 22:00:00,3167.673,3168.559,3153.532,3154.215
1776816000,2026-04-22 00:00:00,3153.951,3157.334,3146.896,3151.945
1776823200,2026-04-22 02:00:00,3152.049,3156.366,3143.987,3152.622
1776830400,2026-04-22 04:00:00,3152.829,3156.886,3142.079,3156.26
1776837600,2026-04-22 06:00:00,3156.083,3170.711,3147.65,3170.55
1776844800,2026-04-22 08:00:00,3171.119,3173.897,3159.179,3165.817
1776852000,2026-04-22 10:00:00,3165.651,3174.712,3160.888,3174.015
1776859200,2026-04-22 12:00:00,3174.138,3185.081,3169.701,3171.207
1776866400,2026-04-22 14:00:00,3171.153,3174.347,3158.472,3158.574
1776873600,2026-04-22 16:00:00,3158.677,3161.808,3144.902,3146.559
1776880800,2026-04-22 18:00:00,3146.643,3152.056,3116.886,3121.272
1776888000,2026-04-22 20:00:00,3121.68,3124.354,3103.599,3108.404
1776895200,2026-04-22 22:00:00,3108.249,3113.137,3103.166,3107.991
1776902400,2026-04-23 00:00:00,3108.192,3126.433,3101.224,3114.749
1776909600,2026-04-23 02:00:00,3114.805,3116.396,3105.445,3113.553
1776916800,2026-04-23 04:00:00,3113.353,3124.867,3106.279,3110.96
1776924000,2026-04-23 06:00:00,3110.977,3124.735,3105.286,3116.418
1776931200,2026-04-23 08:00:00,3116.341,3128.842,3110.823,3126.63
1776938400,2026-04-23 10:00:00,3126.561,3128.18,3108.504,3108.504
1776945600,2026-04-23 12:00:00,3108.258,3125.776,3104.884,3122.362
1776952800,2026-04-23 14:00:00,3122.286,3145.834,3120.919,3144.497
1776960000,2026-04-23 16:00:00,3144.312,3146.232,3133.115,3144.146
1776967200,2026-04-23 18:00:00,3144.284,3159.665,3139.228,3152.147
1776974400,2026-04-23 20:00:00,3152.272,3153.189,3138.083,3144.086
1776981600,2026-04-23 22:00:00,3144.099,3160.688,3138.007,3159.715
1776988800,2026-04-24 00:00:00,3159.585,3163.78,3138.624,3139.239
1776996000,2026-04-24 02:00:00,3139.162,3152.089,3133.371,3146.378
1777003200,2026-04-24 04:00:00,3146.402,3154.631,3141.053,3144.92
1777010400,2026-04-24 06:00:00,3144.922,3148.736,3138.509,3143.978
1777017600,2026-04-24 08:00:00,3144.035,3149.097,3125.193,3127.801
1777024800,2026-04-24 10:00:00,3127.724,3135.321,3121.882,3132.189
1777032000,2026-04-24 12:00:00,3131.731,3139.436,3121.972,3133.429
1777039200,2026-04-24 14:00:00,3133.557,3139.452,3125.335,3136.105
1777046400,2026-04-24 16:00:00,3136.067,3143.869,3126.462,3126.668
1777053600,2026-04-24 18:00:00,3126.816,3130.075,3108.589,3112.428
1777060800,2026-04-24 20:00:00,3112.424,3120.423,3106.375,3109.274
1777068000,2026-04-24 22:00:00,3109.42,3127.18,3109.085,3127.097
1777075200,2026-04-25 00:00:00,3127.426,3138.766,3119.871,3135.372
1777082400,2026-04-25 02:00:00,3135.255,3141.265,3126.376,3132.571
1777089600,2026-04-25 04:00:00,3132.355,3156.477,3131.28,3152.097
1777096800,2026-04-25 06:00:00,3151.965,3161.87,3147.148,3157.027
1777104000,2026-04-25 08:00:00,3157.14,3158.822,3146.491,3151.679
1777111200,2026-04-25 10:00:00,3151.648,3153.546,3133.322,3140.506
1777118400,2026-04-25 12:00:00,3140.813,3150.089,3138.031,3138.594
1777125600,2026-04-25 14:00:00,3138.102,3146.358,3136.097,3142.903
1777132800,2026-04-25 16:00:00,3142.748,3144.891,3122.833,3131.975
1777140000,2026-04-25 18:00:00,3131.626,3142.46,3127.623,3133.78
1777147200,2026-04-25 20:00:00,3133.276,3162.414,3131.123,3159.625
1777154400,2026-04-25 22:00:00,3159.424,3160.965,3143.111,3144.753
1777161600,2026-04-26 00:00:00,3144.932,3160.05,3141.751,3154.072
1777168800,2026-04-26 02:00:00,3154.045,3154.789,3142.732,3149.321
1777176000,2026-04-26 04:00:00,3149.255,3153.677,3138.212,3138.573
1777183200,2026-04-26 06:00:00,3138.572,3152.493,3135.586,3150.021
1777190400,2026-04-26 08:00:00,3150.09,3159.068,3142.368,3146.686
1777197600,2026-04-26 10:00:00,3146.857,3173.867,3142.969,3173.653
1777204800,2026-04-26 12:00:00,3173.637,3186.154,3166.651,3184.913
1777212000,2026-04-26 14:00:00,3184.818,3186.434,3168.383,3178.087
1777219200,2026-04-26 16:00:00,3177.499,3193.418,3174.779,3176.406
1777226400,2026-04-26 18:00:00,3176.751,3178.492,3165.432,3172.809
1777233600,2026-04-26 20:00:00,3172.648,3175.123,3161.004,3161.943
1777240800,2026-04-26 22:00:00,3161.64,3170.716,3155.652,3157.887
1777248000,2026-04-27 00:00:00,3157.462,3163.031,3149.271,3150.285
1777255200,2026-04-27 02:00:00,3150.189,3156.851,3146.818,3150.379
1777262400,2026-04-27 04:00:00,3150.324,3153.421,3144.692,3150.3
1777269600,2026-04-27 06:00:00,3150.279,3150.592,3129.295,3139.871
1777276800,2026-04-27 08:00:00,3139.876,3145.847,3122.289,3126.545
1777284000,2026-04-27 10:00:00,3126.655,3145.462,3125.07,3141.752
1777291200,2026-04-27 12:00:00,3141.724,3142.248,3122.494,3130.864
1777298400,2026-04-27 14:00:00,3130.564,3149.738,3127.799,3144.678
1777305600,2026-04-27 16:00:00,3144.337,3153.933,3132.828,3139.48
1777312800,2026-04-27 18:00:00,3139.591,3156.953,3135.12,3153.722
1777320000,2026-04-27 20:00:00,3153.68,3156.214,3131.798,3139.409
1777327200,2026-04-27 22:00:00,3139.359,3150.529,3127.111,3127.606
1777334400,2026-04-28 00:00:00,3127.372,3147.191,3127.372,3137.267
1777341600,2026-04-28 02:00:00,3137.03,3145.832,3134.125,3137.027
1777348800,2026-04-28 04:00:00,3137.007,3137.426,3122.809,3128.478
1777356000,2026-04-28 06:00:00,3128.71,3129.311,3117.457,3126.697
1777363200,2026-04-28 08:00:00,3126.904,3145.623,3118.482,3139.016
1777370400,2026-04-28 10:00:00,3138.908,3148.371,3134.536,3148.275
1777377600,2026-04-28 12:00:00,3148.477,3159.468,3141.281,3154.28
1777384800,2026-04-28 14:00:00,3154.269,3154.518,3132.068,3146.622
1777392000,2026-04-28 16:00:00,3146.944,3158.836,3141.066,3142.985
1777399200,2026-04-28 18:00:00,3143.049,3150.464,3137.171,3146.595
1777406400,2026-04-28 20:00:00,3146.832,3154.879,3142.916,3147.743
1777413600,2026-04-28 22:00:00,3147.431,3157.506,3140.522,3143.693
1777420800,2026-04-29 00:00:00,3143.597,3156.18,3142.624,3156.18
1777428000,2026-04-29 02:00:00,3156.087,3159.156,3149.002,3157.564
1777435200,2026-04-29 04:00:00,3157.757,3164.167,3142.429,3147.958
1777442400,2026-04-29 06:00:00,3148.237,3148.732,3127.32,3133.209
1777449600,2026-04-29 08:00:00,3133.343,3143.705,3129.354,3143.055
1777456800,2026-04-29 10:00:00,3143.275,3145.075,3118.292,3119.481
1777464000,2026-04-29 12:00:00,3119.301,3137.73,3115.327,3133.732
1777471200,2026-04-29 14:00:00,3133.685,3136.312,3120.478,3128.888
1777478400,2026-04-29 16:00:00,3128.719,3149.836,3127.292,3145.63
1777485600,2026-04-29 18:00:00,3145.292,3157.224,3138.717,3157.184
1777492800,2026-04-29 20:00:00,3157.45,3173.356,3156.589,3156.906
1777500000,2026-04-29 22:00:00,3157.043,3170.395,3155.318,3164.41
1777507200,2026-04-30 00:00:00,3164.825,3183.201,3162.81,3179.634
1777514400,2026-04-30 02:00:00,3179.536,3183.268,3166.718,3167.436
1777521600,2026-04-30 04:00:00,3167.219,3179.015,3160.324,3170.193
1777528800,2026-04-30 06:00:00,3170.532,3175.068,3153.521,3154.116
1777536000,2026-04-30 08:00:00,3154.21,3155.306,3139.653,3149.448
1777543200,2026-04-30 10:00:00,3149.675,3169.016,3148.593,3168.233
1777550400,2026-04-30 12:00:00,3168.144,3172.676,3161.826,3167.823
1777557600,2026-04-30 14:00:00,3167.676,3174.328,3148.568,3148.86
1777564800,2026-04-30 16:00:00,3149.036,3152.527,3134.812,3141.295
1777572000,2026-04-30 18:00:00,3141.21,3149.907,3128.689,3140.535
1777579200,2026-04-30 20:00:00,3140.107,3150.114,3137.067,3145.8
1777586400,2026-04-30 22:00:00,3146.125,3154.546,3129.052,3135.775
1777593600,2026-05-01 00:00:00,3135.8,3156.592,3130.371,3152.3
1777600800,2026-05-01 02:00:00,3152.342,3158.189,3119.649,3120.922
1777608000,2026-05-01 04:00:00,3121.134,3136.677,3118.286,3135.458
1777615200,2026-05-01 06:00:00,3135.605,3137.397,3119.663,3122.038
1777622400,2026-05-01 08:00:00,3121.84,3122.17,3102.174,3107.001
1777629600,2026-05-01 10:00:00,3106.952,3112.829,3085.267,3087.571
1777636800,2026-05-01 12:00:00,3087.635,3089.202,3078.775,3088.107
1777644000,2026-05-01 14:00:00,3088.415,3097.591,3076.403,3076.892
1777651200,2026-05-01 16:00:00,3076.916,3087.188,3076.661,3081.533
1777658400,2026-05-01 18:00:00,3081.525,3090.553,3068.205,3070.142
1777665600,2026-05-01 20:00:00,3070.411,3073.775,3055.936,3059.633
1777672800,2026-05-01 22:00:00,3059.542,3062.207,3049.645,3057.402
1777680000,2026-05-02 00:00:00,3057.173,3062.006,3037.358,3038.806
1777687200,2026-05-02 02:00:00,3038.619,3043.836,3026.911,3031.834
1777694400,2026-05-02 04:00:00,3031.705,3038.95,3025.515,3032.034
1777701600,2026-05-02 06:00:00,3032.155,3037.48,3025.267,3031.4
1777708800,2026-05-02 08:00:00,3031.288,3041.036,3029.343,3033.369
1777716000,2026-05-02 10:00:00,3033.42,3052.535,3030.711,3039.996
1777723200,2026-05-02 12:00:00,3039.845,3041.399,3008.268,3013.026
1777730400,2026-05-02 14:00:00,3012.906,3024.554,3012.584,3017.138
1777737600,2026-05-02 16:00:00,3017.315,3020.182,3002.437,3008.746
1777744800,2026-05-02 18:00:00,3008.492,3022.482,3006.528,3018.545
1777752000,2026-05-02 20:00:00,3018.677,3024.969,3009.257,3024.969
1777759200,2026-05-02 22:00:00,3025.133,3028.186,3008.446,3009.418
1777766400,2026-05-03 00:00:00,3009.566,3010.496,2991.519,2992.765
1777773600,2026-05-03 02:00:00,2992.938,3007.599,2991.582,3003.998
1777780800,2026-05-03 04:00:00,3004.078,3015.463,3000.744,3011.256
1777788000,2026-05-03 06:00:00,3011.487,3012.65,2988.012,2999.224
1777795200,2026-05-03 08:00:00,2999.359,3001.191,2978.63,2979.313
1777802400,2026-05-03 10:00:00,2979.404,2986.71,2969.312,2972.352
1777809600,2026-05-03 12:00:00,2972.102,3001.782,2969.336,2996.655
1777816800,2026-05-03 14:00:00,2996.383,3012.881,2996.383,3010.386
1777824000,2026-05-03 16:00:00,3010.387,3016.285,2999.795,3013.495
1777831200,2026-05-03 18:00:00,3013.432,3016.86,3002.616,3003.445
1777838400,2026-05-03 20:00:00,3003.498,3014.945,3000.376,3011.245
1777845600,2026-05-03 22:00:00,3011.242,3013.285,2990.851,2992.48
1777852800,2026-05-04 00:00:00,2992.338,3001.507,2986.243,2999.214
1777860000,2026-05-04 02:00:00,2999.513,3000.031,2986.725,2995.162
1777867200,2026-05-04 04:00:00,2995,3005.61,2987.415,3002.482
1777874400,2026-05-04 06:00:00,3002.503,3014.163,3000.735,3013.308
1777881600,2026-05-04 08:00:00,3013.717,3022.311,3002.585,3017.615
1777888800,2026-05-04 10:00:00,3017.478,3018.088,2995.043,2995.396
1777896000,2026-05-04 12:00:00,2995.198,2996.998,2981.056,2985.993
1777903200,2026-05-04 14:00:00,2986.203,2996.246,2978.745,2978.871
1777910400,2026-05-04 16:00:00,2978.971,2984.723,2974.25,2980.7
1777917600,2026-05-04 18:00:00,2981.229,2984.003,2970.256,2975.31
1777924800,2026-05-04 20:00:00,2975.254,2983.372,2969.795,2976.897
1777932000,2026-05-04 22:00:00,2976.737,2981.499,2968.352,2969.947
1777939200,2026-05-05 00:00:00,2969.881,2982.473,2967.159,2979.503
1777946400,2026-05-05 02:00:00,2979.216,2980.62,2956.282,2958.966
1777953600,2026-05-05 04:00:00,2958.772,2960.323,2951.81,2958.464
1777960800,2026-05-05 06:00:00,2958.044,2960.803,2940.873,2942.354
1777968000,2026-05-05 08:00:00,2942.583,2956.007,2938.623,2951.947
1777975200,2026-05-05 10:00:00,2952.003,2972.83,2951.237,2969.297
1777982400,2026-05-05 12:00:00,2969.248,2985.906,2964.164,2985.518
1777989600,2026-05-05 14:00:00,2985.458,2987.042,2978.76,2983.043
1777996800,2026-05-05 16:00:00,2983.051,2996.625,2980.571,2990.735
1778004000,2026-05-05 18:00:00,2990.599,2991.861,2983.79,2986.71
1778011200,2026-05-05 20:00:00,2986.732,3004.819,2985.259,2989.427
1778018400,2026-05-05 22:00:00,2989.501,2994.727,2981.287,2988.851
1778025600,2026-05-06 00:00:00,2988.764,2991.514,2977.855,2984.401
1778032800,2026-05-06 02:00:00,2984.62,2990.256,2969.146,2980.702
1778040000,2026-05-06 04:00:00,2980.672,2985.773,2972.367,2978.861
1778047200,2026-05-06 06:00:00,2978.91,2982.486,2971.405,2972.553
1778054400,2026-05-06 08:00:00,2972.517,2977.61,2964.693,2973.021
1778061600,2026-05-06 10:00:00,2973.022,3002.29,2969.934,3000.224
1778068800,2026-05-06 12:00:00,3000.149,3011.111,2995.008,3009.222
1778076000,2026-05-06 14:00:00,3009.038,3012.524,2997.71,3005.992
1778083200,2026-05-06 16:00:00,3005.851,3008.126,2992.476,3001.509
1778090400,2026-05-06 18:00:00,3001.347,3004.044,2989.484,2993.548
1778097600,2026-05-06 20:00:00,2993.383,2994.795,2978.941,2979.178
1778104800,2026-05-06 22:00:00,2979.436,2985.326,2969.273,2974.443
1778112000,2026-05-07 00:00:00,2974.76,2978.898,2966.842,2967.678
1778119200,2026-05-07 02:00:00,2967.36,2980.739,2966.736,2970.526
1778126400,2026-05-07 04:00:00,2970.371,2979.2,2959.23,2959.482
1778133600,2026-05-07 06:00:00,2959.745,2966.599,2930.697,2932
1778140800,2026-05-07 08:00:00,2931.927,2933.702,2922.935,2930.399
1778148000,2026-05-07 10:00:00,2930.303,2931.072,2919.303,2922.301
1778155200,2026-05-07 12:00:00,2922.446,2929.394,2918.285,2929.394
1778162400,2026-05-07 14:00:00,2929.24,2930.094,2909.3,2912.429
1778169600,2026-05-07 16:00:00,2912.213,2924.034,2911.808,2922.201
1778176800,2026-05-07 18:00:00,2921.989,2930.183,2902.636,2903.652
1778184000,2026-05-07 20:00:00,2903.381,2915.527,2902.001,2904.205
1778191200,2026-05-07 22:00:00,2904.065,2920.886,2900.743,2915.635
1778198400,2026-05-08 00:00:00,2915.609,2922.611,2909.051,2913.767
1778205600,2026-05-08 02:00:00,2913.803,2932.52,2907.709,2912.102
1778212800,2026-05-08 04:00:00,2911.852,2918.991,2910.535,2914.867
1778220000,2026-05-08 06:00:00,2915.255,2916.667,2903.427,2910.654
1778227200,2026-05-08 08:00:00,2910.493,2919.672,2902.682,2918.998
1778234400,2026-05-08 10:00:00,2919.109,2925.387,2911.834,2924.887
1778241600,2026-05-08 12:00:00,2924.662,2935.724,2924.662,2931.549
1778248800,2026-05-08 14:00:00,2931.45,2940.717,2928.019,2933.029
1778256000,2026-05-08 16:00:00,2932.879,2939.527,2927.835,2929.838
1778263200,2026-05-08 18:00:00,2929.726,2939.367,2924.283,2927.746
1778270400,2026-05-08 20:00:00,2927.861,2939.988,2925.952,2927.257
1778277600,2026-05-08 22:00:00,2927.06,2940.567,2925.833,2930.153
1778284800,2026-05-09 00:00:00,2929.758,2950.241,2926.467,2941.195
1778292000,2026-05-09 02:00:00,2941.224,2957.236,2938.73,2956.475
1778299200,2026-05-09 04:00:00,2956.454,2975.966,2954.847,2970.484
1778306400,2026-05-09 06:00:00,2970.687,2984.011,2968.364,2983.684
1778313600,2026-05-09 08:00:00,2983.685,2989.139,2971.212,2973.154
1778320800,2026-05-09 10:00:00,2973.378,2973.761,2957.289,2959.411
1778328000,2026-05-09 12:00:00,2959.493,2967.178,2953.721,2954.244
1778335200,2026-05-09 14:00:00,2954.432,2960.501,2942.454,2952.659
1778342400,2026-05-09 16:00:00,2952.45,2968.047,2947.802,2955.767
1778349600,2026-05-09 18:00:00,2955.718,2955.991,2937.733,2940.955
1778356800,2026-05-09 20:00:00,2940.852,2941.389,2919.246,2926.683
1778364000,2026-05-09 22:00:00,2926.492,2928.483,2913.276,2919.536
1778371200,2026-05-10 00:00:00,2919.613,2940.684,2918.51,2930.397
1778378400,2026-05-10 02:00:00,2930.454,2942.686,2924.331,2940.328
1778385600,2026-05-10 04:00:00,2940.556,2955.051,2937.403,2951.108
1778392800,2026-05-10 06:00:00,2950.812,2954.728,2936.052,2940.499
1778400000,2026-05-10 08:00:00,2940.399,2958.256,2938.681,2955.021
1778407200,2026-05-10 10:00:00,2954.644,2956.411,2931.279,2937.56
1778414400,2026-05-10 12:00:00,2937.459,2941.407,2930.658,2936.523
1778421600,2026-05-10 14:00:00,2936.402,2937.705,2918.081,2929.662
1778428800,2026-05-10 16:00:00,2929.619,2929.786,2909.655,2913.454
1778436000,2026-05-10 18:00:00,2913.376,2922.023,2903.625,2919.728
1778443200,2026-05-10 20:00:00,2919.783,2923.87,2906.413,2906.872
1778450400,2026-05-10 22:00:00,2907.095,2916.146,2898.726,2905.752
1778457600,2026-05-11 00:00:00,2905.735,2915.103,2899.87,2904.742
1778464800,2026-05-11 02:00:00,2905.164,2909.665,2888.481,2889.358
1778472000,2026-05-11 04:00:00,2889.263,2894.335,2880.029,2883.577
1778479200,2026-05-11 06:00:00,2883.611,2893.607,2878.125,2879.575
1778486400,2026-05-11 08:00:00,2879.198,2886.503,2870.172,2874.328
1778493600,2026-05-11 10:00:00,2874.214,2888.646,2869.661,2878.215
1778500800,2026-05-11 12:00:00,2878.116,2887.824,2869.965,2884.716
1778508000,2026-05-11 14:00:00,2884.648,2889.26,2871.184,2872.018
1778515200,2026-05-11 16:00:00,2872.049,2874.422,2863.513,2864.163
1778522400,2026-05-11 18:00:00,2864.162,2885.086,2864.016,2870.601
1778529600,2026-05-11 20:00:00,2870.692,2880.636,2867.111,2876.628
1778536800,2026-05-11 22:00:00,2876.496,2878.277,2868.965,2874.01
1778544000,2026-05-12 00:00:00,2873.961,2888.068,2867.635,2877.399
1778551200,2026-05-12 02:00:00,2877.86,2881.288,2861.698,2867.818
1778558400,2026-05-12 04:00:00,2867.585,2881.164,2866.653,2879.68
1778565600,2026-05-12 06:00:00,2879.63,2890.298,2878.517,2890.198
1778572800,2026-05-12 08:00:00,2890.201,2898.834,2882.665,2894.956
1778580000,2026-05-12 10:00:00,2895.103,2897.053,2873.65,2873.817
1778587200,2026-05-12 12:00:00,2873.536,2891.529,2871.927,2890.714
1778594400,2026-05-12 14:00:00,2891.016,2913.802,2890.874,2911.928
1778601600,2026-05-12 16:00:00,2911.835,2930.981,2908.099,2918.706
1778608800,2026-05-12 18:00:00,2918.925,2926.179,2907.098,2907.352
1778616000,2026-05-12 20:00:00,2907.771,2909.777,2893.224,2899.395
1778623200,2026-05-12 22:00:00,2899.658,2912.069,2889.871,2894.61
1778630400,2026-05-13 00:00:00,2894.514,2903.406,2894.168,2899.747
1778637600,2026-05-13 02:00:00,2899.587,2921.771,2898.118,2919.023
1778644800,2026-05-13 04:00:00,2918.898,2920.322,2902.866,2913.821
1778652000,2026-05-13 06:00:00,2913.8,2922.707,2903.148,2921.029
1778659200,2026-05-13 08:00:00,2920.779,2927.386,2918.037,2921.779
1778666400,2026-05-13 10:00:00,2921.861,2922.156,2904.128,2908.682
1778673600,2026-05-13 12:00:00,2908.48,2925.583,2906.812,2917.786
1778680800,2026-05-13 14:00:00,2917.808,2917.818,2898.171,2905.666
1778688000,2026-05-13 16:00:00,2905.495,2916.357,2898.639,2911.417
1778695200,2026-05-13 18:00:00,2911.328,2912.246,2901.141,2908.673
1778702400,2026-05-13 20:00:00,2908.766,2912.982,2886.012,2887.079
1778709600,2026-05-13 22:00:00,2887.209,2889.269,2869.035,2870.143
1778716800,2026-05-14 00:00:00,2870.133,2881.534,2867.753,2867.753
1778724000,2026-05-14 02:00:00,2867.879,2879.494,2865.428,2879.337
1778731200,2026-05-14 04:00:00,2879.272,2885.095,2872.117,2882.499
1778738400,2026-05-14 06:00:00,2882.512,2884.071,2859.711,2859.711
1778745600,2026-05-14 08:00:00,2859.635,2864.99,2846.638,2852.548
1778752800,2026-05-14 10:00:00,2852.623,2861.693,2848.6,2856.544
1778760000,2026-05-14 12:00:00,2856.772,2859.514,2844.436,2846.461
1778767200,2026-05-14 14:00:00,2846.181,2863.522,2845.849,2849.73
1778774400,2026-05-14 16:00:00,2849.544,2853.953,2835.936,2835.983
1778781600,2026-05-14 18:00:00,2835.872,2843.791,2832.311,2836.083
1778788800,2026-05-14 20:00:00,2836.045,2838.3,2819.367,2823.873
1778796000,2026-05-14 22:00:00,2823.809,2823.809,2810.336,2817.708
1778803200,2026-05-15 00:00:00,2817.544,2825.127,2811.229,2811.746
1778810400,2026-05-15 02:00:00,2811.831,2822.311,2810.458,2818.371
1778817600,2026-05-15 04:00:00,2818.268,2837.334,2815.806,2829.521
1778824800,2026-05-15 06:00:00,2829.654,2844.653,2823.825,2835.277
1778832000,2026-05-15 08:00:00,2835.71,2836.998,2818.176,2827.074
1778839200,2026-05-15 10:00:00,2827.264,2835.59,2815.473,2821.716
1778846400,2026-05-15 12:00:00,2821.864,2829.282,2814.847,2827.397
1778853600,2026-05-15 14:00:00,2827.202,2855.269,2826.333,2850.965
1778860800,2026-05-15 16:00:00,2851.092,2854.636,2835.574,2839.03
1778868000,2026-05-15 18:00:00,2839.203,2854.789,2838.526,2842.769
1778875200,2026-05-15 20:00:00,2842.706,2845.669,2836.069,2836.069
1778882400,2026-05-15 22:00:00,2836.093,2836.662,2818.332,2821.077
1778889600,2026-05-16 00:00:00,2821.457,2823.985,2806.646,2816.1
1778896800,2026-05-16 02:00:00,2816.22,2817.266,2791.868,2792.825
1778904000,2026-05-16 04:00:00,2792.609,2806.832,2791.01,2804.408
1778911200,2026-05-16 06:00:00,2804.408,2810.03,2797.923,2807.974
1778918400,2026-05-16 08:00:00,2808.306,2812.725,2795.134,2796.498
1778925600,2026-05-16 10:00:00,2796.423,2805.094,2789.123,2794.151
1778932800,2026-05-16 12:00:00,2793.9,2801.673,2781.984,2799.921
1778940000,2026-05-16 14:00:00,2800.155,2810.83,2797.435,2804.412
1778947200,2026-05-16 16:00:00,2804.436,2809.145,2797.113,2804.507
1778954400,2026-05-16 18:00:00,2804.308,2806.745,2793.595,2799.012
1778961600,2026-05-16 20:00:00,2798.946,2807.041,2790.384,2791.871
1778968800,2026-05-16 22:00:00,2792.038,2796.436,2783.188,2789.906
1778976000,2026-05-17 00:00:00,2789.873,2797.09,2785.789,2796.048
1778983200,2026-05-17 02:00:00,2796.073,2813.041,2793.822,2812.318
1778990400,2026-05-17 04:00:00,2812.311,2821.526,2809.27,2811.275
1778997600,2026-05-17 06:00:00,2810.917,2833.325,2809.192,2830.132
1779004800,2026-05-17 08:00:00,2829.878,2852.74,2822.913,2852.342
1779012000,2026-05-17 10:00:00,2852.123,2861.416,2850.308,2858.307
1779019200,2026-05-17 12:00:00,2858.259,2861.526,2844.508,2854.4
1779026400,2026-05-17 14:00:00,2854.47,2860.492,2844.316,2856.429
1779033600,2026-05-17 16:00:00,2856.284,2860.165,2844.255,2846.195
1779040800,2026-05-17 18:00:00,2846.183,2861.519,2844.62,2855.125
1779048000,2026-05-17 20:00:00,2854.931,2865.971,2848.852,2853.43
1779055200,2026-05-17 22:00:00,2853.251,2855.548,2842.14,2843.772
1779062400,2026-05-18 00:00:00,2843.755,2851.975,2841.55,2848.627
1779069600,2026-05-18 02:00:00,2848.371,2856.046,2842.623,2847.175
1779076800,2026-05-18 04:00:00,2847.24,2861.046,2837.614,2839.744
1779084000,2026-05-18 06:00:00,2839.907,2846.107,2830.105,2836.713
1779091200,2026-05-18 08:00:00,2836.819,2848.216,2832.438,2834.517
1779098400,2026-05-18 10:00:00,2834.494,2839.783,2828.21,2835.078
1779105600,2026-05-18 12:00:00,2834.935,2836.82,2820.234,2822.999
1779112800,2026-05-18 14:00:00,2822.995,2831.52,2811.6,2813.688
1779120000,2026-05-18 16:00:00,2813.613,2816.226,2787.673,2792.519
1779127200,2026-05-18 18:00:00,2792.619,2802.273,2785.996,2795.19
1779134400,2026-05-18 20:00:00,2795.126,2814.672,2787.469,2814.418
1779141600,2026-05-18 22:00:00,2814.512,2823.948,2804.842,2811.15
1779148800,2026-05-19 00:00:00,2810.904,2818.87,2805.676,2815.933
1779156000,2026-05-19 02:00:00,2815.824,2823.846,2806.831,2820.126
1779163200,2026-05-19 04:00:00,2820.308,2820.793,2808.273,2812.468
1779170400,2026-05-19 06:00:00,2812.499,2813.458,2801.17,2810.781
1779177600,2026-05-19 08:00:00,2810.78,2828.499,2810.678,2825.155
1779184800,2026-05-19 10:00:00,2825.078,2832.565,2820.238,2824.255
1779192000,2026-05-19 12:00:00,2824.168,2827.692,2815.412,2817.42
1779199200,2026-05-19 14:00:00,2817.36,2834.069,2812.904,2832.017
1779206400,2026-05-19 16:00:00,2831.911,2832.066,2806.904,2815.666
1779213600,2026-05-19 18:00:00,2815.687,2815.698,2790.343,2796.2
1779220800,2026-05-19 20:00:00,2796.1,2811.303,2788.6,2811.166
1779228000,2026-05-19 22:00:00,2811.292,2815.203,2802.854,2807.199
1779235200,2026-05-20 00:00:00,2807.107,2807.107,2792.881,2795.755
1779242400,2026-05-20 02:00:00,2795.852,2795.852,2782.548,2782.548
1779249600,2026-05-20 04:00:00,2782.973,2803.46,2781.967,2791.956
1779256800,2026-05-20 06:00:00,2791.69,2808.027,2791.137,2798.387
1779264000,2026-05-20 08:00:00,2798.102,2800.853,2789.236,2791.528
1779271200,2026-05-20 10:00:00,2791.482,2806.049,2786.99,2804.658
1779278400,2026-05-20 12:00:00,2804.915,2807.175,2785.363,2786.422
1779285600,2026-05-20 14:00:00,2786.671,2789.841,2771.945,2783.534
1779292800,2026-05-20 16:00:00,2783.62,2785.332,2775.43,2779.11
1779300000,2026-05-20 18:00:00,2778.889,2783.41,2762.815,2763.549
1779307200,2026-05-20 20:00:00,2763.412,2776.429,2763.412,2775.821
1779314400,2026-05-20 22:00:00,2775.79,2787.015,2774.538,2780.362
1779321600,2026-05-21 00:00:00,2780.601,2797.734,2776.623,2783.728
1779328800,2026-05-21 02:00:00,2783.658,2794.305,2781.476,2781.476
1779336000,2026-05-21 04:00:00,2781.379,2793.692,2760.638,2765.434
1779343200,2026-05-21 06:00:00,2765.441,2771.397,2754.231,2755.978
1779350400,2026-05-21 08:00:00,2756.056,2763.41,2752.085,2763.41
1779357600,2026-05-21 10:00:00,2763.405,2778.629,2757.361,2775.4
1779364800,2026-05-21 12:00:00,2775.205,2787.285,2771.533,2781.011
1779372000,2026-05-21 14:00:00,2781.226,2797.109,2781.068,2792.437
1779379200,2026-05-21 16:00:00,2792.075,2807.728,2784.899,2807.137
1779386400,2026-05-21 18:00:00,2807.264,2817.082,2795.57,2802.786
1779393600,2026-05-21 20:00:00,2802.757,2803.303,2787.669,2797.396
1779400800,2026-05-21 22:00:00,2797.517,2808.548,2794.854,2807.831
1779408000,2026-05-22 00:00:00,2807.728,2812.25,2790.373,2797.497
1779415200,2026-05-22 02:00:00,2797.664,2805.738,2793.023,2795.266
1779422400,2026-05-22 04:00:00,2795.219,2797.45,2773.03,2775.225
1779429600,2026-05-22 06:00:00,2775.249,2778.028,2766.546,2770.256
1779436800,2026-05-22 08:00:00,2769.945,2778.59,2762.119,2763.555
1779444000,2026-05-22 10:00:00,2763.603,2778.654,2763.438,2778.209
1779451200,2026-05-22 12:00:00,2778.29,2781.604,2770.925,2778.75
1779458400,2026-05-22 14:00:00,2779.068,2789.246,2773.661,2785.387
1779465600,2026-05-22 16:00:00,2785.325,2794.759,2783.253,2786.625
1779472800,2026-05-22 18:00:00,2787.026,2804.35,2786.464,2796.262
1779480000,2026-05-22 20:00:00,2796.404,2805.87,2791.135,2801.557
1779487200,2026-05-22 22:00:00,2801.49,2810.7,2799.084,2809.037
1779494400,2026-05-23 00:00:00,2808.949,2826.641,2803.488,2821.237
1779501600,2026-05-23 02:00:00,2821.45,2830.418,2810.78,2814.627
1779508800,2026-05-23 04:00:00,2814.487,2816.667,2799.481,2805.077
1779516000,2026-05-23 06:00:00,2804.896,2808.277,2792.256,2793.047
1779523200,2026-05-23 08:00:00,2792.974,2798.533,2779.192,2781.496
1779530400,2026-05-23 10:00:00,2781.906,2799.997,2780.19,2795.07
1779537600,2026-05-23 12:00:00,2795.278,2796.272,2783.584,2784.367
1779544800,2026-05-23 14:00:00,2784.076,2790.851,2777.365,2782.677
1779552000,2026-05-23 16:00:00,2782.675,2783.524,2770.728,2773.91
1779559200,2026-05-23 18:00:00,2773.682,2790.506,2770.205,2790.144
1779566400,2026-05-23 20:00:00,2790.326,2798.578,2788.256,2793.116
1779573600,2026-05-23 22:00:00,2793.458,2794.898,2780.034,2780.07
1779580800,2026-05-24 00:00:00,2780.274,2789.539,2772.872,2780.63
1779588000,2026-05-24 02:00:00,2780.798,2785.177,2768.297,2770.859
1779595200,2026-05-24 04:00:00,2771.165,2801.241,2769.541,2799.918
1779602400,2026-05-24 06:00:00,2799.751,2819.675,2797.626,2811.065
1779609600,2026-05-24 08:00:00,2811.175,2815.268,2804.026,2808.809
1779616800,2026-05-24 10:00:00,2808.683,2814.389,2801.053,2801.743
1779624000,2026-05-24 12:00:00,2801.854,2811.892,2795.715,2807.172
1779631200,2026-05-24 14:00:00,2807.535,2807.973,2774.5,2776.727
1779638400,2026-05-24 16:00:00,2776.941,2788.34,2773.846,2787.955
1779645600,2026-05-24 18:00:00,2787.844,2791.494,2773.031,2789.199
1779652800,2026-05-24 20:00:00,2788.897,2793.231,2773.663,2774.452
1779660000,2026-05-24 22:00:00,2774.139,2782.869,2772.146,2782.301
1779667200,2026-05-25 00:00:00,2782.387,2782.704,2753.593,2755.025
1779674400,2026-05-25 02:00:00,2754.952,2755.043,2740.738,2746.16
1779681600,2026-05-25 04:00:00,2746.237,2764.601,2745.695,2751.013
1779688800,2026-05-25 06:00:00,2751.107,2784.542,2750.177,2777.199
1779696000,2026-05-25 08:00:00,2777.062,2783.966,2767.906,2772.895
1779703200,2026-05-25 10:00:00,2772.761,2783.592,2767.83,2769.399
1779710400,2026-05-25 12:00:00,2769.036,2772.708,2757.804,2760.22
1779717600,2026-05-25 14:00:00,2760.06,2761.211,2743.685,2750.688
1779724800,2026-05-25 16:00:00,2750.395,2765.122,2743.935,2764.795
1779732000,2026-05-25 18:00:00,2764.966,2778.214,2762.198,2765.438
1779739200,2026-05-25 20:00:00,2765.156,2766.084,2752.575,2762.356
1779746400,2026-05-25 22:00:00,2762.261,2763.102,2743.669,2753.837
1779753600,2026-05-26 00:00:00,2753.803,2756.336,2746.713,2753.339
1779760800,2026-05-26 02:00:00,2753.216,2771.03,2750.773,2770.023
1779768000,2026-05-26 04:00:00,2769.994,2784.948,2765.825,2782.474
1779775200,2026-05-26 06:00:00,2782.238,2792.464,2779.536,2788.009
1779782400,2026-05-26 08:00:00,2788.05,2791.675,2782.748,2787.94
1779789600,2026-05-26 10:00:00,2787.674,2799.048,2782.797,2793.793
1779796800,2026-05-26 12:00:00,2794.066,2812.733,2789.681,2808.717
1779804000,2026-05-26 14:00:00,2808.761,2818.655,2804.557,2814.567
1779811200,2026-05-26 16:00:00,2814.736,2826.944,2813.808,2823.156
1779818400,2026-05-26 18:00:00,2823.196,2823.975,2806.872,2818.586
1779825600,2026-05-26 20:00:00,2818.659,2833.064,2813.672,2831.5
1779832800,2026-05-26 22:00:00,2831.489,2848.085,2829.73,2847.142
1779840000,2026-05-27 00:00:00,2846.661,2850.522,2837.262,2849.757
1779847200,2026-05-27 02:00:00,2849.57,2851.642,2836.383,2844.426
1779854400,2026-05-27 04:00:00,2844.465,2846.605,2825.556,2830.964
1779861600,2026-05-27 06:00:00,2831.079,2838.674,2820.867,2821.479
1779868800,2026-05-27 08:00:00,2821.74,2836.776,2820.022,2824.532
1779876000,2026-05-27 10:00:00,2824.379,2826.958,2807.891,2809.312
1779883200,2026-05-27 12:00:00,2809.263,2813.899,2782.532,2783.183
1779890400,2026-05-27 14:00:00,2783.322,2784.41,2767.216,2775.173
1779897600,2026-05-27 16:00:00,2775.244,2790.281,2774.409,2783.121
1779904800,2026-05-27 18:00:00,2782.966,2783.908,2772.647,2781.243
1779912000,2026-05-27 20:00:00,2781.435,2796.581,2779.023,2793.381
1779919200,2026-05-27 22:00:00,2793.223,2806.874,2786.178,2799.35
1779926400,2026-05-28 00:00:00,2799.292,2800.912,2785.698,2789.771
1779933600,2026-05-28 02:00:00,2789.953,2805.552,2789.447,2801.532
1779940800,2026-05-28 04:00:00,2801.309,2808.83,2797.852,2808.688
1779948000,2026-05-28 06:00:00,2809.232,2822.457,2802.031,2821.196
1779955200,2026-05-28 08:00:00,2821.417,2826.973,2804.197,2808.934
1779962400,2026-05-28 10:00:00,2809.31,2820.166,2804.059,2815.454
1779969600,2026-05-28 12:00:00,2815.437,2830.489,2813.966,2829.55
1779976800,2026-05-28 14:00:00,2829.507,2829.843,2815.488,2817.451
1779984000,2026-05-28 16:00:00,2817.601,2823.495,2808.15,2808.673
1779991200,2026-05-28 18:00:00,2808.768,2823.722,2806.127,2816.993
1779998400,2026-05-28 20:00:00,2817.007,2828.197,2815.171,2824.597
1780005600,2026-05-28 22:00:00,2824.621,2826.034,2806.503,2818.043
1780012800,2026-05-29 00:00:00,2818.056,2821.071,2806.423,2810.745
1780020000,2026-05-29 02:00:00,2810.695,2826.358,2809.294,2819.588
1780027200,2026-05-29 04:00:00,2819.62,2827.234,2807.018,2816.421
1780034400,2026-05-29 06:00:00,2816.366,2827.724,2805.151,2808.666
1780041600,2026-05-29 08:00:00,2808.709,2833.877,2805.586,2828.198
1780048800,2026-05-29 10:00:00,2828,2831.401,2811.754,2811.973
1780056000,2026-05-29 12:00:00,2812.06,2812.434,2799.122,2809.332
1780063200,2026-05-29 14:00:00,2809.332,2811.9,2800.357,2803.352
1780070400,2026-05-29 16:00:00,2803.251,2822.063,2803.221,2806.935
1780077600,2026-05-29 18:00:00,2807.322,2809.007,2788.962,2792.039
1780084800,2026-05-29 20:00:00,2792.292,2795.241,2784.822,2787.258
1780092000,2026-05-29 22:00:00,2787.012,2788.571,2773.559,2778.363
1780099200,2026-05-30 00:00:00,2778.455,2784.246,2772.474,2777.112
1780106400,2026-05-30 02:00:00,2777.433,2777.462,2759.513,2761.622
1780113600,2026-05-30 04:00:00,2761.837,2769.369,2750.871,2750.878
1780120800,2026-05-30 06:00:00,2750.593,2753.247,2737.659,2748.616
1780128000,2026-05-30 08:00:00,2748.375,2753.62,2741.584,2748.678
1780135200,2026-05-30 10:00:00,2748.321,2753.006,2742.763,2745.705
1780142400,2026-05-30 12:00:00,2745.758,2745.758,2711.505,2729.527
1780149600,2026-05-30 14:00:00,2729.311,2752.011,2727.152,2743.73
1780156800,2026-05-30 16:00:00,2743.471,2756.689,2737.766,2756.226
1780164000,2026-05-30 18:00:00,2756.291,2767.594,2747.664,2765.34
1780171200,2026-05-30 20:00:00,2765.433,2788.898,2764.177,2781.635
1780178400,2026-05-30 22:00:00,2781.302,2784.811,2764.312,2764.999
1780185600,2026-05-31 00:00:00,2765.115,2781.298,2765.115,2766.456
1780192800,2026-05-31 02:00:00,2766.563,2777.541,2760.219,2772.587
1780200000,2026-05-31 04:00:00,2772.918,2784.255,2771.405,2779.538
1780207200,2026-05-31 06:00:00,2779.58,2794.212,2776.527,2793.414
1780214400,2026-05-31 08:00:00,2793.236,2794.805,2779.333,2787.103
1780221600,2026-05-31 10:00:00,2787.249,2791.78,2781.184,2789.006
1780228800,2026-05-31 12:00:00,2788.969,2793.977,2779.27,2781.199
1780236000,2026-05-31 14:00:00,2781.331,2782.725,2767.687,2775.918
1780243200,2026-05-31 16:00:00,2776.097,2779.811,2771.343,2775.456
1780250400,2026-05-31 18:00:00,2775.871,2785.273,2769.526,2780.507
1780257600,2026-05-31 20:00:00,2780.548,2780.864,2764.294,2768.096
1780264800,2026-05-31 22:00:00,2768.074,2771.426,2760.21,2766.321
1780272000,2026-06-01 00:00:00,2766.288,2772.317,2757.339,2761.743
1780279200,2026-06-01 02:00:00,2761.512,2762.839,2744.326,2748.282
1780286400,2026-06-01 04:00:00,2748.093,2762.837,2746.899,2762.193
1780293600,2026-06-01 06:00:00,2762.112,2763.243,2740.583,2742.8
1780300800,2026-06-01 08:00:00,2742.492,2752.234,2736.963,2738.62
1780308000,2026-06-01 10:00:00,2738.803,2742.726,2724.34,2726.872
1780315200,2026-06-01 12:00:00,2727.277,2729.678,2701.405,2701.806
1780322400,2026-06-01 14:00:00,2701.716,2710.874,2700.54,2707.118
1780329600,2026-06-01 16:00:00,2707.103,2713.216,2697.407,2712.012
1780336800,2026-06-01 18:00:00,2712.145,2712.514,2697.435,2711.084
1780344000,2026-06-01 20:00:00,2711.102,2718.133,2699.021,2701.171
1780351200,2026-06-01 22:00:00,2701.314,2712.603,2700.775,2706.537
1780358400,2026-06-02 00:00:00,2706.808,2720.944,2703.004,2716.605
1780365600,2026-06-02 02:00:00,2716.537,2726.662,2714.685,2726.455
1780372800,2026-06-02 04:00:00,2726.701,2735.255,2720.283,2733.795
1780380000,2026-06-02 06:00:00,2734.096,2745.084,2730.465,2743.994
1780387200,2026-06-02 08:00:00,2743.921,2747.989,2735.004,2746.521
1780394400,2026-06-02 10:00:00,2746.514,2758.406,2735.732,2741.218
1780401600,2026-06-02 12:00:00,2741.267,2742.94,2724.726,2731.876
1780408800,2026-06-02 14:00:00,2731.809,2734.648,2724.766,2727.21
1780416000,2026-06-02 16:00:00,2726.989,2743.71,2726.105,2734.09
1780423200,2026-06-02 18:00:00,2734.287,2749.455,2731.817,2735.096
1780430400,2026-06-02 20:00:00,2734.952,2747.375,2730.761,2735.451
1780437600,2026-06-02 22:00:00,2735.694,2750.638,2735.244,2742.093
1780444800,2026-06-03 00:00:00,2742.105,2752.729,2737.504,2747.763
1780452000,2026-06-03 02:00:00,2747.529,2756.6,2742.726,2751.044
1780459200,2026-06-03 04:00:00,2751.011,2755.954,2743.231,2746.285
1780466400,2026-06-03 06:00:00,2746.104,2753.681,2737.546,2741.836
1780473600,2026-06-03 08:00:00,2741.818,2754.546,2739.789,2752.618
1780480800,2026-06-03 10:00:00,2752.818,2762.477,2749.306,2759.19
1780488000,2026-06-03 12:00:00,2759.342,2780.266,2759.342,2776.288
1780495200,2026-06-03 14:00:00,2776.345,2787.244,2771.819,2787.003
1780502400,2026-06-03 16:00:00,2787.304,2795.071,2780.461,2792.58
1780509600,2026-06-03 18:00:00,2792.814,2793.725,2781.542,2784.732
1780516800,2026-06-03 20:00:00,2784.595,2799.247,2779.664,2799.198
1780524000,2026-06-03 22:00:00,2799.358,2811.331,2793.34,2806.504
1780531200,2026-06-04 00:00:00,2806.475,2819.091,2803.529,2813.715
1780538400,2026-06-04 02:00:00,2813.573,2825.373,2812.67,2817.503
1780545600,2026-06-04 04:00:00,2817.68,2820.513,2796.793,2806.137
1780552800,2026-06-04 06:00:00,2806.132,2809.041,2793.633,2808.23
1780560000,2026-06-04 08:00:00,2808.26,2809.076,2796.159,2804.82
1780567200,2026-06-04 10:00:00,2804.958,2825.855,2797.232,2825.765
1780574400,2026-06-04 12:00:00,2825.985,2835.453,2813.613,2834.126
1780581600,2026-06-04 14:00:00,2834.101,2834.567,2820.208,2820.902
1780588800,2026-06-04 16:00:00,2821.01,2827.758,2812.3,2827.556
1780596000,2026-06-04 18:00:00,2827.187,2835.583,2819.094,2829.509
1780603200,2026-06-04 20:00:00,2829.281,2833.934,2819.78,2832.55
1780610400,2026-06-04 22:00:00,2832.39,2849.296,2822.973,2849.202
1780617600,2026-06-05 00:00:00,2848.799,2853.276,2838.692,2841.186
1780624800,2026-06-05 02:00:00,2841.325,2844.479,2832.016,2837.1
1780632000,2026-06-05 04:00:00,2836.955,2855.611,2829.464,2850.151
1780639200,2026-06-05 06:00:00,2850.33,2861.004,2841.985,2845.446
1780646400,2026-06-05 08:00:00,2845.672,2854.651,2844.25,2848.981
1780653600,2026-06-05 10:00:00,2849.014,2849.385,2835.861,2839.401
1780660800,2026-06-05 12:00:00,2839.667,2847.91,2829.442,2829.442
1780668000,2026-06-05 14:00:00,2829.687,2830.762,2811.188,2820.215
1780675200,2026-06-05 16:00:00,2820.578,2835.906,2816.111,2818.66
1780682400,2026-06-05 18:00:00,2818.838,2826.01,2814.08,2821.448
1780689600,2026-06-05 20:00:00,2821.411,2827.832,2815.735,2822.196
1780696800,2026-06-05 22:00:00,2822.23,2826.274,2804.796,2804.811
1780704000,2026-06-06 00:00:00,2804.961,2809.132,2794.135,2798.2
1780711200,2026-06-06 02:00:00,2798.247,2803.836,2784.679,2787.812
1780718400,2026-06-06 04:00:00,2788.005,2791.627,2762.833,2762.833
1780725600,2026-06-06 06:00:00,2762.674,2764.458,2744.592,2749.054
1780732800,2026-06-06 08:00:00,2748.985,2753.912,2736.053,2744.138
1780740000,2026-06-06 10:00:00,2743.834,2746.038,2737.779,2739.373
1780747200,2026-06-06 12:00:00,2739.449,2745.946,2728.274,2731.994
1780754400,2026-06-06 14:00:00,2732.006,2756.494,2731.991,2754.621
1780761600,2026-06-06 16:00:00,2754.553,2756.36,2745.916,2752.119
1780768800,2026-06-06 18:00:00,2751.762,2764.082,2747.578,2759.666
1780776000,2026-06-06 20:00:00,2759.502,2785.408,2758.92,2780.019
1780783200,2026-06-06 22:00:00,2779.886,2786.068,2775.168,2778.819
1780790400,2026-06-07 00:00:00,2778.602,2792.566,2777.546,2789.552
1780797600,2026-06-07 02:00:00,2789.412,2805.143,2786.148,2804.564
1780804800,2026-06-07 04:00:00,2804.84,2808.312,2797.812,2806.458
1780812000,2026-06-07 06:00:00,2806.74,2810.02,2795.758,2803.848
1780819200,2026-06-07 08:00:00,2803.67,2812.685,2799.509,2812.474
1780826400,2026-06-07 10:00:00,2812.509,2821.565,2804.184,2804.3
1780833600,2026-06-07 12:00:00,2804.344,2819.194,2802.112,2819.05
1780840800,2026-06-07 14:00:00,2819.304,2823.131,2810.924,2823.131
1780848000,2026-06-07 16:00:00,2823.158,2828.654,2817.469,2826.848
1780855200,2026-06-07 18:00:00,2827.082,2833.886,2819.008,2821.956
1780862400,2026-06-07 20:00:00,2822.095,2823.257,2803.432,2809.222
1780869600,2026-06-07 22:00:00,2808.99,2816.502,2796.954,2797.945
1780876800,2026-06-08 00:00:00,2798.299,2803.103,2788.669,2791.158
1780884000,2026-06-08 02:00:00,2791.279,2818.692,2785.259,2815.796
1780891200,2026-06-08 04:00:00,2815.813,2820.206,2798.841,2806.002
1780898400,2026-06-08 06:00:00,2805.796,2821.185,2804.319,2818.132
1780905600,2026-06-08 08:00:00,2818.107,2825.509,2809.01,2817.197
1780912800,2026-06-08 10:00:00,2816.885,2818.26,2801.318,2808.151
1780920000,2026-06-08 12:00:00,2808.3,2818.806,2805.105,2806.534
1780927200,2026-06-08 14:00:00,2806.47,2812.242,2795.111,2809.674
1780934400,2026-06-08 16:00:00,2809.772,2823.865,2808.801,2816.794
1780941600,2026-06-08 18:00:00,2816.396,2837.359,2815.396,2833.903
1780948800,2026-06-08 20:00:00,2833.978,2845.919,2832.39,2839.882
1780956000,2026-06-08 22:00:00,2840.012,2840.302,2795.374,2795.847
1780963200,2026-06-09 00:00:00,2795.671,2801.435,2791.829,2796.049
1780970400,2026-06-09 02:00:00,2795.957,2798.475,2778.972,2780.322
1780977600,2026-06-09 04:00:00,2780.26,2789.24,2772.896,2788.279
1780984800,2026-06-09 06:00:00,2788.107,2801.178,2785.928,2791.964
1780992000,2026-06-09 08:00:00,2791.97,2809.217,2785.845,2808.869
1780999200,2026-06-09 10:00:00,2808.862,2822.136,2803.321,2805.187
1781006400,2026-06-09 12:00:00,2805.094,2822.8,2802.297,2819.278
1781013600,2026-06-09 14:00:00,2819.459,2821.836,2805.045,2807.736
1781020800,2026-06-09 16:00:00,2807.627,2814.516,2801.1,2806.116
1781028000,2026-06-09 18:00:00,2806.124,2811.944,2792.135,2799.665
1781035200,2026-06-09 20:00:00,2799.605,2810.238,2799.234,2804.707
1781042400,2026-06-09 22:00:00,2804.853,2815.137,2802.368,2814.238
1781049600,2026-06-10 00:00:00,2814.305,2828.547,2814.305,2816.94
1781056800,2026-06-10 02:00:00,2816.848,2818.59,2803.325,2815.538
1781064000,2026-06-10 04:00:00,2815.672,2817.701,2799.417,2803.831
1781071200,2026-06-10 06:00:00,2803.809,2811.897,2797.557,2802.427
1781078400,2026-06-10 08:00:00,2802.263,2803.988,2788.915,2798.893
1781085600,2026-06-10 10:00:00,2798.992,2811.174,2797.76,2808.799
1781092800,2026-06-10 12:00:00,2808.828,2825.847,2803.849,2819.737
1781100000,2026-06-10 14:00:00,2819.642,2831.513,2815.626,2827.498
1781107200,2026-06-10 16:00:00,2827.723,2842.165,2817.975,2840.888
1781114400,2026-06-10 18:00:00,2841.113,2842.039,2823.9,2828.567
1781121600,2026-06-10 20:00:00,2828.827,2833.433,2820.775,2823.219
1781128800,2026-06-10 22:00:00,2822.968,2840.782,2822.54,2838.918
1781136000,2026-06-11 00:00:00,2839.097,2841.209,2821.943,2826.217
1781143200,2026-06-11 02:00:00,2826.255,2832.649,2817.028,2817.028
1781150400,2026-06-11 04:00:00,2816.786,2829.169,2810.915,2826.457
1781157600,2026-06-11 06:00:00,2826.349,2829.519,2813.894,2825.589
1781164800,2026-06-11 08:00:00,2825.699,2828.675,2806.251,2811.78
1781172000,2026-06-11 10:00:00,2811.5,2812.412,2796.163,2798.941
1781179200,2026-06-11 12:00:00,2799.264,2800.176,2778.218,2779.57
1781186400,2026-06-11 14:00:00,2779.758,2798.385,2778.006,2781.118
1781193600,2026-06-11 16:00:00,2780.92,2784.366,2775.494,2783.514
1781200800,2026-06-11 18:00:00,2783.413,2799.662,2782.264,2799.432
1781208000,2026-06-11 20:00:00,2799.174,2814.211,2792.095,2806.798
1781215200,2026-06-11 22:00:00,2806.609,2815.522,2802.889,2807.21
1781222400,2026-06-12 00:00:00,2807.21,2817.372,2798.566,2816.333
1781229600,2026-06-12 02:00:00,2816.425,2818.786,2800.047,2810.84
1781236800,2026-06-12 04:00:00,2810.765,2812.455,2796.36,2809.889
1781244000,2026-06-12 06:00:00,2809.607,2828.588,2807.282,2818.824
1781251200,2026-06-12 08:00:00,2818.744,2827.946,2814.487,2825.386
1781258400,2026-06-12 10:00:00,2825.034,2835.637,2822.932,2833.319
1781265600,2026-06-12 12:00:00,2833.293,2834.802,2823.456,2830.643
1781272800,2026-06-12 14:00:00,2830.642,2843.836,2825.895,2841.326
1781280000,2026-06-12 16:00:00,2841.051,2848.136,2831.027,2846.985
1781287200,2026-06-12 18:00:00,2846.965,2860.168,2838.646,2856.655
1781294400,2026-06-12 20:00:00,2856.468,2857.381,2831.129,2833.684
1781301600,2026-06-12 22:00:00,2833.526,2841.312,2820.99,2821.119
1781308800,2026-06-13 00:00:00,2821.444,2822.416,2809.561,2812.451
1781316000,2026-06-13 02:00:00,2812.804,2819.24,2789.797,2789.976
1781323200,2026-06-13 04:00:00,2789.922,2793.965,2773.626,2776.027
1781330400,2026-06-13 06:00:00,2776.046,2786.419,2773.596,2782.223
1781337600,2026-06-13 08:00:00,2782.377,2792.605,2779.899,2781.691
1781344800,2026-06-13 10:00:00,2781.351,2799.054,2781.193,2789.25
1781352000,2026-06-13 12:00:00,2789.292,2790.374,2774.741,2776.91
1781359200,2026-06-13 14:00:00,2776.862,2796.556,2776.862,2792.979
1781366400,2026-06-13 16:00:00,2792.985,2795.025,2785.68,2787.21
1781373600,2026-06-13 18:00:00,2786.859,2788.164,2762.553,2766.854
1781380800,2026-06-13 20:00:00,2766.984,2771.471,2759.625,2764.045
1781388000,2026-06-13 22:00:00,2764.16,2769.864,2745.858,2747.463
1781395200,2026-06-14 00:00:00,2747.851,2765.849,2745.452,2763.603
1781402400,2026-06-14 02:00:00,2763.761,2767.595,2753.944,2756.532
1781409600,2026-06-14 04:00:00,2756.589,2760.119,2732.395,2733.939
1781416800,2026-06-14 06:00:00,2734.379,2734.861,2718.248,2724.356
1781424000,2026-06-14 08:00:00,2724.686,2725.716,2707.842,2718.359
1781431200,2026-06-14 10:00:00,2718.261,2722.681,2712.816,2720.138
1781438400,2026-06-14 12:00:00,2720.299,2722.264,2712.248,2713.48
1781445600,2026-06-14 14:00:00,2713.44,2719.272,2704.806,2719.272
1781452800,2026-06-14 16:00:00,2719.274,2724.902,2714.881,2719.713
1781460000,2026-06-14 18:00:00,2720.016,2724.416,2703.34,2711.478
1781467200,2026-06-14 20:00:00,2711.373,2711.463,2690.814,2692.391
1781474400,2026-06-14 22:00:00,2692.332,2704.609,2689.475,2700.557
1781481600,2026-06-15 00:00:00,2700.323,2702.502,2689.712,2699.584
1781488800,2026-06-15 02:00:00,2699.582,2704.356,2695.124,2701.995
1781496000,2026-06-15 04:00:00,2701.847,2708.429,2697.719,2699.981
1781503200,2026-06-15 06:00:00,2700.018,2705.77,2690.464,2693.41
1781510400,2026-06-15 08:00:00,2693.334,2698.954,2682.533,2687.985
1781517600,2026-06-15 10:00:00,2687.969,2695.443,2686.28,2690.473
1781524800,2026-06-15 12:00:00,2690.274,2715.189,2688.241,2712.3
1781532000,2026-06-15 14:00:00,2712.218,2719.937,2708.788,2719.047
1781539200,2026-06-15 16:00:00,2719.121,2722.925,2712.142,2719.264
1781546400,2026-06-15 18:00:00,2719.358,2728.314,2714.194,2721.455
1781553600,2026-06-15 20:00:00,2721.601,2725.749,2712.148,2715.997
1781560800,2026-06-15 22:00:00,2716.035,2720.234,2708.292,2717.436
1781568000,2026-06-16 00:00:00,2717.315,2726.626,2714.642,2717.141
1781575200,2026-06-16 02:00:00,2716.94,2718.416,2696.101,2702.205
1781582400,2026-06-16 04:00:00,2702.13,2703.014,2686.915,2695.948
1781589600,2026-06-16 06:00:00,2696.014,2708.895,2693.525,2701.253
1781596800,2026-06-16 08:00:00,2701.527,2719.987,2699.328,2716.783
1781604000,2026-06-16 10:00:00,2716.842,2720.168,2711.364,2717.545
1781611200,2026-06-16 12:00:00,2717.418,2727.648,2711.076,2711.742
1781618400,2026-06-16 14:00:00,2711.752,2718.271,2693.653,2700.303
1781625600,2026-06-16 16:00:00,2700.223,2701.707,2678.01,2686.252
1781632800,2026-06-16 18:00:00,2686.186,2698.786,2682.839,2682.839
1781640000,2026-06-16 20:00:00,2682.994,2690.551,2679.098,2680.615
1781647200,2026-06-16 22:00:00,2680.674,2689.815,2675.474,2684.882
1781654400,2026-06-17 00:00:00,2684.956,2691.154,2678.889,2686.85
1781661600,2026-06-17 02:00:00,2687.197,2694.719,2683.393,2688.318
1781668800,2026-06-17 04:00:00,2688.077,2706.152,2684.596,2698.101
1781676000,2026-06-17 06:00:00,2698.377,2708.376,2694.957,2704.512
1781683200,2026-06-17 08:00:00,2704.404,2709.046,2699.947,2701.665
1781690400,2026-06-17 10:00:00,2701.647,2720.196,2697.423,2717.608
1781697600,2026-06-17 12:00:00,2717.476,2721.386,2711.949,2716.322
1781704800,2026-06-17 14:00:00,2716.307,2724.587,2703.731,2708.302
1781712000,2026-06-17 16:00:00,2708.26,2710.796,2696.613,2705.138
1781719200,2026-06-17 18:00:00,2705.186,2713.891,2697.319,2698.336
1781726400,2026-06-17 20:00:00,2698.478,2700.981,2688.648,2690.824
1781733600,2026-06-17 22:00:00,2690.802,2693.343,2673.017,2676.055
1781740800,2026-06-18 00:00:00,2676.253,2680.024,2668.974,2677.891
1781748000,2026-06-18 02:00:00,2677.609,2681.871,2667.185,2667.247
1781755200,2026-06-18 04:00:00,2667.303,2681.372,2663.653,2677.928
1781762400,2026-06-18 06:00:00,2677.761,2687.364,2675.438,2680.22
1781769600,2026-06-18 08:00:00,2680.233,2684.72,2676.201,2678.297
1781776800,2026-06-18 10:00:00,2678.432,2680.336,2663.104,2666.722
1781784000,2026-06-18 12:00:00,2666.748,2678.472,2665.234,2674.126
1781791200,2026-06-18 14:00:00,2673.964,2681.177,2670.409,2675.946
1781798400,2026-06-18 16:00:00,2675.905,2676.987,2662.41,2673.989
1781805600,2026-06-18 18:00:00,2673.902,2675.912,2661.401,2662.582
1781812800,2026-06-18 20:00:00,2662.725,2669.993,2655.895,2656.994
1781820000,2026-06-18 22:00:00,2657.201,2658.339,2648.644,2651.002
1781827200,2026-06-19 00:00:00,2651.233,2654.079,2642.075,2652.726
1781834400,2026-06-19 02:00:00,2652.654,2661.271,2648.59,2660.684
1781841600,2026-06-19 04:00:00,2660.821,2664.892,2651.405,2662.526
1781848800,2026-06-19 06:00:00,2662.486,2681.185,2661.766,2663.514
1781856000,2026-06-19 08:00:00,2663.455,2663.725,2633.731,2638.043
1781863200,2026-06-19 10:00:00,2638.202,2638.965,2623.732,2627.263
1781870400,2026-06-19 12:00:00,2627.363,2636.07,2619.664,2620.944
1781877600,2026-06-19 14:00:00,2620.774,2620.899,2600.455,2606.584
1781884800,2026-06-19 16:00:00,2606.939,2612.296,2603.354,2606.824
1781892000,2026-06-19 18:00:00,2606.85,2628.64,2606.068,2624.008
1781899200,2026-06-19 20:00:00,2624.004,2629.558,2613.766,2618.295
1781906400,2026-06-19 22:00:00,2618.284,2624.323,2613.401,2622.78
1781913600,2026-06-20 00:00:00,2622.95,2628.565,2619.82,2623.009
1781920800,2026-06-20 02:00:00,2622.981,2623.401,2597.009,2601.601
1781928000,2026-06-20 04:00:00,2601.56,2603.342,2580.387,2584.667
1781935200,2026-06-20 06:00:00,2584.795,2589.432,2572.612,2573.568
1781942400,2026-06-20 08:00:00,2573.62,2579.248,2566.578,2566.578
1781949600,2026-06-20 10:00:00,2566.383,2570.495,2554.368,2569.961
1781956800,2026-06-20 12:00:00,2569.695,2583.185,2567.87,2574.636
1781964000,2026-06-20 14:00:00,2575.052,2584.705,2571.451,2583.629
1781971200,2026-06-20 16:00:00,2583.439,2597.649,2578.517,2591.189
1781978400,2026-06-20 18:00:00,2591.169,2608.6,2589.955,2604.084
1781985600,2026-06-20 20:00:00,2603.81,2616.193,2603.159,2609.942
1781992800,2026-06-20 22:00:00,2610.046,2615.204,2597.032,2599.022
1782000000,2026-06-21 00:00:00,2598.933,2609.403,2596.551,2600.243
1782007200,2026-06-21 02:00:00,2600.146,2601.816,2584.219,2594.676
1782014400,2026-06-21 04:00:00,2594.798,2600.693,2589.154,2590.262
1782021600,2026-06-21 06:00:00,2590.14,2591.298,2581.208,2581.265
1782028800,2026-06-21 08:00:00,2581.367,2600.281,2575.816,2596.823
1782036000,2026-06-21 10:00:00,2597.126,2607.441,2588.445,2603.292
1782043200,2026-06-21 12:00:00,2603.292,2621.257,2600.859,2618.975
1782050400,2026-06-21 14:00:00,2618.736,2629.556,2611.282,2612.103
1782057600,2026-06-21 16:00:00,2612.357,2616.36,2606.572,2609.638
1782064800,2026-06-21 18:00:00,2609.665,2622.806,2608.595,2620.176
1782072000,2026-06-21 20:00:00,2620.17,2627.718,2618.186,2618.383
1782079200,2026-06-21 22:00:00,2618.126,2620.144,2596.508,2599.024
1782086400,2026-06-22 00:00:00,2599.206,2613.07,2598.264,2607.664
1782093600,2026-06-22 02:00:00,2607.559,2612.037,2592.08,2593.448
1782100800,2026-06-22 04:00:00,2593.638,2594.691,2582.799,2588.086
1782108000,2026-06-22 06:00:00,2588.007,2599.455,2586.247,2590.946
1782115200,2026-06-22 08:00:00,2590.93,2596.839,2580.053,2587.705
1782122400,2026-06-22 10:00:00,2587.925,2589.449,2574.202,2575.231
1782129600,2026-06-22 12:00:00,2575.406,2580.201,2563.62,2578.012
1782136800,2026-06-22 14:00:00,2577.947,2586.704,2575,2584.322
1782144000,2026-06-22 16:00:00,2584.231,2595.746,2579.118,2593.903
1782151200,2026-06-22 18:00:00,2594.015,2601.745,2591.465,2597.51
1782158400,2026-06-22 20:00:00,2597.419,2603.133,2587.838,2590.506
1782165600,2026-06-22 22:00:00,2590.449,2601.821,2589.658,2598.701
1782172800,2026-06-23 00:00:00,2598.601,2602.52,2585.888,2589.225
1782180000,2026-06-23 02:00:00,2588.932,2595.507,2573.985,2574.395
1782187200,2026-06-23 04:00:00,2574.576,2583.202,2572.745,2577.741
1782194400,2026-06-23 06:00:00,2577.789,2589.611,2570.475,2587.06
1782201600,2026-06-23 08:00:00,2587.176,2594.199,2583.687,2586.238
1782208800,2026-06-23 10:00:00,2586.315,2588.087,2576.898,2577.836
1782216000,2026-06-23 12:00:00,2577.729,2585.174,2571.507,2582.877
1782223200,2026-06-23 14:00:00,2582.7,2596.332,2578.975,2594.542
1782230400,2026-06-23 16:00:00,2594.147,2603.981,2590.953,2592.449
1782237600,2026-06-23 18:00:00,2592.783,2606.124,2590.92,2603.397
1782244800,2026-06-23 20:00:00,2603.199,2603.644,2579.081,2579.926
1782252000,2026-06-23 22:00:00,2579.987,2596.521,2578.483,2587.172
1782259200,2026-06-24 00:00:00,2586.966,2607.543,2586.445,2604.229
1782266400,2026-06-24 02:00:00,2604.04,2605.754,2586.014,2593.697
1782273600,2026-06-24 04:00:00,2593.749,2593.749,2582.295,2590.624
1782280800,2026-06-24 06:00:00,2590.675,2595.616,2588.042,2590.528
1782288000,2026-06-24 08:00:00,2590.414,2591.416,2577.226,2581.283
1782295200,2026-06-24 10:00:00,2581.602,2583.288,2571.121,2578.346
1782302400,2026-06-24 12:00:00,2578.373,2587.277,2574.024,2578.02
1782309600,2026-06-24 14:00:00,2578.041,2583.144,2572.44,2574.973
1782316800,2026-06-24 16:00:00,2575.103,2579.119,2566.418,2566.802
1782324000,2026-06-24 18:00:00,2566.95,2577.104,2559.337,2564.446
1782331200,2026-06-24 20:00:00,2564.426,2579.15,2563.498,2570.528
1782338400,2026-06-24 22:00:00,2570.905,2580.863,2563.257,2564.139
1782345600,2026-06-25 00:00:00,2564.092,2568.058,2550.45,2557.985
1782352800,2026-06-25 02:00:00,2557.844,2585.275,2556.371,2584.062
1782360000,2026-06-25 04:00:00,2583.972,2593.476,2576.341,2589.74
1782367200,2026-06-25 06:00:00,2589.944,2594.342,2584.905,2588.829
1782374400,2026-06-25 08:00:00,2588.611,2590.105,2564.254,2569.127
1782381600,2026-06-25 10:00:00,2569.232,2573.206,2550.652,2556.002
1782388800,2026-06-25 12:00:00,2555.988,2570.215,2551.002,2554.136
1782396000,2026-06-25 14:00:00,2554.018,2569.128,2551.813,2564.656
1782403200,2026-06-25 16:00:00,2564.707,2568.305,2560.145,2564.521
1782410400,2026-06-25 18:00:00,2564.337,2573.202,2559.913,2571.38
1782417600,2026-06-25 20:00:00,2571.259,2578.454,2563.513,2572.989
1782424800,2026-06-25 22:00:00,2572.747,2582.334,2568.761,2580.308
1782432000,2026-06-26 00:00:00,2580.306,2582.206,2563.678,2564.609
1782439200,2026-06-26 02:00:00,2564.351,2577.745,2564.351,2577.391
1782446400,2026-06-26 04:00:00,2577.309,2582.989,2568.455,2571.562
1782453600,2026-06-26 06:00:00,2571.432,2574.584,2564.343,2567.318
1782460800,2026-06-26 08:00:00,2567.309,2570.552,2554.195,2561.009
1782468000,2026-06-26 10:00:00,2560.864,2575.699,2560.573,2575.046
1782475200,2026-06-26 12:00:00,2575.054,2576.363,2552.55,2557.312
1782482400,2026-06-26 14:00:00,2557.384,2563.134,2546.199,2554.904
1782489600,2026-06-26 16:00:00,2554.822,2556.11,2536.362,2554.046
1782496800,2026-06-26 18:00:00,2554.032,2562.622,2550.204,2560.61
1782504000,2026-06-26 20:00:00,2560.448,2570.088,2557.75,2566.385
1782511200,2026-06-26 22:00:00,2566.574,2572.978,2551.518,2551.518
1782518400,2026-06-27 00:00:00,2551.785,2555.239,2544.159,2547.102
1782525600,2026-06-27 02:00:00,2547.292,2557.524,2543.393,2555.466
1782532800,2026-06-27 04:00:00,2555.558,2561.794,2541.015,2541.015
1782540000,2026-06-27 06:00:00,2541.084,2551.977,2536.935,2541.984
1782547200,2026-06-27 08:00:00,2542.076,2547.58,2537.752,2542.253
1782554400,2026-06-27 10:00:00,2542.022,2546.673,2531.436,2532.887
1782561600,2026-06-27 12:00:00,2533.024,2546.614,2525.235,2543.463
1782568800,2026-06-27 14:00:00,2543.181,2545.414,2523.979,2527.108
1782576000,2026-06-27 16:00:00,2527.331,2544.037,2526.571,2541.298
1782583200,2026-06-27 18:00:00,2541.195,2556.283,2540.558,2553.508
1782590400,2026-06-27 20:00:00,2553.388,2556.777,2542.631,2548.448
1782597600,2026-06-27 22:00:00,2548.603,2554.67,2541.539,2552.537
1782604800,2026-06-28 00:00:00,2552.654,2553.947,2540.311,2550.597
1782612000,2026-06-28 02:00:00,2550.634,2559.821,2545.865,2557.652
1782619200,2026-06-28 04:00:00,2557.439,2572.743,2553.504,2567.145
1782626400,2026-06-28 06:00:00,2567.303,2574.573,2564.055,2572.4
1782633600,2026-06-28 08:00:00,2572.389,2585.231,2571.089,2577.739
1782640800,2026-06-28 10:00:00,2577.534,2583.699,2570.513,2573.587
1782648000,2026-06-28 12:00:00,2573.413,2584.677,2567.633,2581.655
1782655200,2026-06-28 14:00:00,2581.643,2589.775,2572.618,2588.105
1782662400,2026-06-28 16:00:00,2587.924,2595.328,2578.76,2584.719
1782669600,2026-06-28 18:00:00,2584.568,2585.063,2574.006,2580.721
1782676800,2026-06-28 20:00:00,2580.93,2592.697,2576.702,2578.959
1782684000,2026-06-28 22:00:00,2578.901,2579.59,2564.501,2570.825
1782691200,2026-06-29 00:00:00,2571.108,2572.585,2561.415,2565.355
1782698400,2026-06-29 02:00:00,2565.53,2570.591,2551.602,2558.933
1782705600,2026-06-29 04:00:00,2559.102,2575.132,2552.354,2573.978
1782712800,2026-06-29 06:00:00,2574.016,2593.247,2573.002,2586.722
1782720000,2026-06-29 08:00:00,2586.851,2601.912,2583.867,2590.953
1782727200,2026-06-29 10:00:00,2590.86,2610.236,2590.86,2604.029
1782734400,2026-06-29 12:00:00,2604.127,2612.702,2598.055,2611.553
1782741600,2026-06-29 14:00:00,2611.544,2624.102,2605.957,2622.293
1782748800,2026-06-29 16:00:00,2622.133,2644.912,2619.728,2644.912
1782756000,2026-06-29 18:00:00,2644.645,2658.86,2642.452,2653.896
1782763200,2026-06-29 20:00:00,2653.705,2669.969,2649.394,2669.074
1782770400,2026-06-29 22:00:00,2669.273,2675.654,2658.816,2665.485
1782777600,2026-06-30 00:00:00,2665.619,2676.289,2663.87,2664.756
1782784800,2026-06-30 02:00:00,2664.917,2673.627,2648.911,2650.588
1782792000,2026-06-30 04:00:00,2650.321,2654.947,2633.667,2639.59
1782799200,2026-06-30 06:00:00,2639.233,2639.393,2629.495,2637.117
1782806400,2026-06-30 08:00:00,2637.11,2660.547,2635.359,2658.326
1782813600,2026-06-30 10:00:00,2658.043,2671.36,2649.334,2671.36
1782820800,2026-06-30 12:00:00,2671.518,2681.043,2669.192,2673.953
1782828000,2026-06-30 14:00:00,2674.035,2681.246,2672.403,2674.988
1782835200,2026-06-30 16:00:00,2675.059,2692.36,2672.085,2685.068
1782842400,2026-06-30 18:00:00,2684.918,2685.281,2674.225,2677.711
1782849600,2026-06-30 20:00:00,2677.926,2684.116,2673.725,2681.735
1782856800,2026-06-30 22:00:00,2681.667,2681.906,2664.791,2667.909
1782864000,2026-07-01 00:00:00,2668.093,2680.616,2664.655,2668.809
1782871200,2026-07-01 02:00:00,2668.966,2670.89,2652.246,2660.661
1782878400,2026-07-01 04:00:00,2660.352,2678.711,2657.916,2676.677
1782885600,2026-07-01 06:00:00,2676.887,2685.111,2675.499,2681.702
1782892800,2026-07-01 08:00:00,2681.602,2689.012,2673.987,2686.742
1782900000,2026-07-01 10:00:00,2687.06,2694.033,2684.001,2687.095
1782907200,2026-07-01 12:00:00,2687.268,2696.05,2677.972,2695.59
1782914400,2026-07-01 14:00:00,2695.486,2697.443,2689.523,2693.172
1782921600,2026-07-01 16:00:00,2693.228,2703.452,2689.025,2699.13
1782928800,2026-07-01 18:00:00,2699.115,2717.906,2697.169,2717.033
1782936000,2026-07-01 20:00:00,2716.915,2726.415,2716.152,2716.806
1782943200,2026-07-01 22:00:00,2716.742,2725.682,2711.383,2715.709
1782950400,2026-07-02 00:00:00,2715.698,2717.505,2706.529,2707.244
1782957600,2026-07-02 02:00:00,2707.368,2720.652,2699.789,2713.461
1782964800,2026-07-02 04:00:00,2713.227,2731.397,2713.22,2726.591
1782972000,2026-07-02 06:00:00,2726.517,2732.24,2719.837,2722.172
1782979200,2026-07-02 08:00:00,2722.356,2736.954,2720.977,2734.307
1782986400,2026-07-02 10:00:00,2734.479,2744.42,2731.33,2741.671
1782993600,2026-07-02 12:00:00,2741.87,2742.234,2718.066,2719.287
1783000800,2026-07-02 14:00:00,2719.427,2729.22,2709.558,2710.807
1783008000,2026-07-02 16:00:00,2710.824,2720.745,2709.598,2713.329
1783015200,2026-07-02 18:00:00,2713.55,2746.044,2712.927,2739.309
1783022400,2026-07-02 20:00:00,2739.39,2758.846,2737.205,2752.954
1783029600,2026-07-02 22:00:00,2753.063,2753.404,2740.511,2744.932
1783036800,2026-07-03 00:00:00,2744.777,2750.719,2738.46,2748.776
1783044000,2026-07-03 02:00:00,2748.982,2751.709,2739.79,2748.796
1783051200,2026-07-03 04:00:00,2748.58,2759.472,2746.883,2747.759
1783058400,2026-07-03 06:00:00,2748.119,2748.67,2726.264,2727.184
1783065600,2026-07-03 08:00:00,2727.126,2731.697,2717.927,2729.585
1783072800,2026-07-03 10:00:00,2729.372,2742.914,2726.37,2741.259
1783080000,2026-07-03 12:00:00,2741.586,2742.923,2733.886,2740.525
1783087200,2026-07-03 14:00:00,2740.583,2741.963,2723.055,2726.799
1783094400,2026-07-03 16:00:00,2727.133,2734.681,2726.308,2731.91
1783101600,2026-07-03 18:00:00,2731.553,2747.83,2730.144,2746.331
1783108800,2026-07-03 20:00:00,2746.678,2770.996,2745.933,2767.365
1783116000,2026-07-03 22:00:00,2767.528,2771.835,2762.373,2769.155
1783123200,2026-07-04 00:00:00,2769.17,2770.5,2751.349,2752.08
1783130400,2026-07-04 02:00:00,2752.049,2752.049,2735.06,2743.513
1783137600,2026-07-04 04:00:00,2743.714,2746.708,2728.229,2728.966
1783144800,2026-07-04 06:00:00,2728.905,2739.736,2720.447,2726.944
1783152000,2026-07-04 08:00:00,2727.182,2744.314,2715.543,2739.969
1783159200,2026-07-04 10:00:00,2740.228,2758.851,2736.382,2754.826
1783166400,2026-07-04 12:00:00,2754.727,2757.659,2744.75,2751.194
1783173600,2026-07-04 14:00:00,2750.93,2754.302,2739.901,2750.255
1783180800,2026-07-04 16:00:00,2750.301,2752.503,2739.593,2741.681
1783188000,2026-07-04 18:00:00,2741.82,2747.489,2734.691,2739.153
1783195200,2026-07-04 20:00:00,2739.353,2742.211,2727.886,2735.108
1783202400,2026-07-04 22:00:00,2734.893,2737.153,2724.362,2732.469
1783209600,2026-07-05 00:00:00,2732.557,2753.84,2731.422,2750.072
1783216800,2026-07-05 02:00:00,2750.006,2757.618,2738.999,2741.505
1783224000,2026-07-05 04:00:00,2741.411,2746.964,2735.679,2739.313
1783231200,2026-07-05 06:00:00,2739.544,2745.993,2735.179,2742.7
1783238400,2026-07-05 08:00:00,2742.672,2749.887,2732.812,2737.676
1783245600,2026-07-05 10:00:00,2737.63,2740.166,2725.269,2737.177
1783252800,2026-07-05 12:00:00,2737.324,2741.407,2725.983,2730.547
1783260000,2026-07-05 14:00:00,2730.628,2732.185,2719.222,2723.977
1783267200,2026-07-05 16:00:00,2723.877,2730.344,2720.292,2723.29
1783274400,2026-07-05 18:00:00,2723.416,2735.931,2720.688,2733.757
1783281600,2026-07-05 20:00:00,2733.622,2747.32,2730.229,2744.977
1783288800,2026-07-05 22:00:00,2745.128,2756.103,2741.47,2745.904
1783296000,2026-07-06 00:00:00,2745.958,2747.318,2732.498,2735.341
1783303200,2026-07-06 02:00:00,2735.432,2741.796,2732.881,2737.901
1783310400,2026-07-06 04:00:00,2737.828,2748.528,2728.003,2745.896
1783317600,2026-07-06 06:00:00,2745.623,2758.206,2742.833,2744.144
1783324800,2026-07-06 08:00:00,2744.005,2746.571,2733.186,2737.358
1783332000,2026-07-06 10:00:00,2737.406,2739.961,2729.604,2732.711
1783339200,2026-07-06 12:00:00,2732.98,2743.62,2730.266,2741.699
1783346400,2026-07-06 14:00:00,2741.712,2758.466,2741.178,2750.183
1783353600,2026-07-06 16:00:00,2750.538,2757.279,2746.58,2752.214
1783360800,2026-07-06 18:00:00,2752.082,2758.237,2748.404,2749.202
1783368000,2026-07-06 20:00:00,2749.137,2759.005,2742.911,2755.512
1783375200,2026-07-06 22:00:00,2755.432,2774.723,2753.874,2773.294
1783382400,2026-07-07 00:00:00,2773.354,2785.95,2770.564,2782.149
1783389600,2026-07-07 02:00:00,2781.943,2786.617,2779.11,2783.054
1783396800,2026-07-07 04:00:00,2783.41,2800.132,2780.98,2796.807
1783404000,2026-07-07 06:00:00,2796.509,2800.222,2789.72,2792.369
1783411200,2026-07-07 08:00:00,2792.404,2795.084,2769.585,2769.85
1783418400,2026-07-07 10:00:00,2770.003,2781.848,2765.561,2777.89
1783425600,2026-07-07 12:00:00,2777.855,2786.362,2772.551,2779.314
1783432800,2026-07-07 14:00:00,2779.411,2781.637,2768.098,2773.166
1783440000,2026-07-07 16:00:00,2773.207,2790.398,2767.496,2788.551
1783447200,2026-07-07 18:00:00,2788.483,2793.507,2783.714,2783.988
1783454400,2026-07-07 20:00:00,2783.746,2784.444,2765.823,2770.29
1783461600,2026-07-07 22:00:00,2770.232,2770.932,2753.573,2754.291
1783468800,2026-07-08 00:00:00,2754.168,2774.41,2754.026,2765.209
1783476000,2026-07-08 02:00:00,2765.19,2776.371,2761.666,2776.155
1783483200,2026-07-08 04:00:00,2776.139,2802.481,2773.739,2799.467
1783490400,2026-07-08 06:00:00,2799.781,2813.965,2795.284,2807.447
1783497600,2026-07-08 08:00:00,2807.436,2818.468,2804.002,2814.757
1783504800,2026-07-08 10:00:00,2814.769,2817.553,2805.655,2817.553
1783512000,2026-07-08 12:00:00,2817.522,2817.522,2801.552,2804.075
1783519200,2026-07-08 14:00:00,2804.187,2808.266,2796.907,2799.23
1783526400,2026-07-08 16:00:00,2799.351,2815.704,2789.25,2814.71
1783533600,2026-07-08 18:00:00,2814.646,2816.55,2801.281,2805.267
1783540800,2026-07-08 20:00:00,2805.334,2815.53,2804.485,2807.272
1783548000,2026-07-08 22:00:00,2807.102,2823.9,2799.444,2821.658
1783555200,2026-07-09 00:00:00,2821.81,2832.895,2814.037,2816.863
1783562400,2026-07-09 02:00:00,2816.61,2819.21,2790.867,2797.375
1783569600,2026-07-09 04:00:00,2797.472,2798.921,2783.875,2791.489
1783576800,2026-07-09 06:00:00,2791.687,2792.358,2774.256,2774.886
1783584000,2026-07-09 08:00:00,2774.878,2780,2771.253,2775.086
1783591200,2026-07-09 10:00:00,2775.331,2780.275,2770.935,2774.417
1783598400,2026-07-09 12:00:00,2774.353,2792.529,2774.353,2789.752
1783605600,2026-07-09 14:00:00,2789.572,2805.409,2789.372,2801.176
1783612800,2026-07-09 16:00:00,2801.194,2802.222,2783.79,2784.807
1783620000,2026-07-09 18:00:00,2784.817,2788.412,2780.715,2784.802
1783627200,2026-07-09 20:00:00,2784.767,2786.629,2771.446,2774.791
1783634400,2026-07-09 22:00:00,2774.789,2777.341,2770.421,2773.09
1783641600,2026-07-10 00:00:00,2772.631,2778.156,2761.504,2765.098
1783648800,2026-07-10 02:00:00,2765.233,2766.224,2741.855,2745.581
1783656000,2026-07-10 04:00:00,2745.824,2757.161,2729.284,2730.926
1783663200,2026-07-10 06:00:00,2731.087,2731.439,2719.007,2719.285
1783670400,2026-07-10 08:00:00,2718.998,2733.12,2716.846,2729.236
1783677600,2026-07-10 10:00:00,2728.863,2730.667,2708.043,2710.781
1783684800,2026-07-10 12:00:00,2710.766,2715.084,2705.144,2705.769
1783692000,2026-07-10 14:00:00,2705.768,2706.962,2684.854,2692.241
1783699200,2026-07-10 16:00:00,2692.104,2699.76,2686.98,2688.588
1783706400,2026-07-10 18:00:00,2688.37,2698.743,2686.849,2690.243
1783713600,2026-07-10 20:00:00,2690.062,2691.811,2673.559,2675.178
1783720800,2026-07-10 22:00:00,2675.242,2676.841,2657.617,2662.09
1783728000,2026-07-11 00:00:00,2661.883,2678.287,2657.672,2662.547
1783735200,2026-07-11 02:00:00,2662.563,2663.845,2642.311,2644.602
1783742400,2026-07-11 04:00:00,2644.61,2650.026,2629.426,2631.159
1783749600,2026-07-11 06:00:00,2631.333,2640.822,2627.216,2637.502
1783756800,2026-07-11 08:00:00,2637.772,2644.343,2628.617,2630.395
1783764000,2026-07-11 10:00:00,2630.308,2639.45,2626.268,2631.801
1783771200,2026-07-11 12:00:00,2631.736,2639.421,2623.953,2625.328
1783778400,2026-07-11 14:00:00,2625.11,2638.901,2623.151,2636.786
1783785600,2026-07-11 16:00:00,2636.602,2652.212,2634.911,2647.511
1783792800,2026-07-11 18:00:00,2647.451,2655.54,2642.84,2654.499
1783800000,2026-07-11 20:00:00,2654.4,2669.637,2652.929,2666.693
1783807200,2026-07-11 22:00:00,2666.722,2692.365,2661.32,2686.202
1783814400,2026-07-12 00:00:00,2686.276,2692.786,2676.555,2676.937
1783821600,2026-07-12 02:00:00,2676.909,2680.027,2667.879,2678.247
1783828800,2026-07-12 04:00:00,2678.401,2684.002,2669.519,2672.129
1783836000,2026-07-12 06:00:00,2671.865,2683.394,2668.02,2670.681
1783843200,2026-07-12 08:00:00,2670.717,2684.784,2668.913,2680.971
1783850400,2026-07-12 10:00:00,2680.56,2684.725,2676.33,2678.113
1783857600,2026-07-12 12:00:00,2678.063,2688.688,2676.885,2688.358
1783864800,2026-07-12 14:00:00,2688.168,2696.344,2678.68,2684.248
1783872000,2026-07-12 16:00:00,2684.193,2698.134,2682.198,2696.143
1783879200,2026-07-12 18:00:00,2696.079,2712.085,2696.079,2705.008
1783886400,2026-07-12 20:00:00,2705.201,2720.22,2705.201,2719.544
1783893600,2026-07-12 22:00:00,2719.63,2729.711,2706.345,2707.151
1783900800,2026-07-13 00:00:00,2707.256,2712.383,2696.846,2704.074
1783908000,2026-07-13 02:00:00,2704.198,2724.478,2701.283,2723.971
1783915200,2026-07-13 04:00:00,2723.753,2741.298,2723.075,2740.061
1783922400,2026-07-13 06:00:00,2740.164,2749.211,2733.383,2739.559
1783929600,2026-07-13 08:00:00,2739.553,2741.99,2727.855,2727.855
1783936800,2026-07-13 10:00:00,2727.774,2734.222,2719.231,2723.209
1783944000,2026-07-13 12:00:00,2723.226,2732.467,2720.281,2722.87
1783951200,2026-07-13 14:00:00,2723.079,2726.238,2714.826,2720.859
1783958400,2026-07-13 16:00:00,2720.506,2727.648,2716.479,2726.758
1783965600,2026-07-13 18:00:00,2726.915,2736.446,2724.958,2724.958
1783972800,2026-07-13 20:00:00,2724.662,2726.99,2709.871,2712.236
1783980000,2026-07-13 22:00:00,2712.191,2719.849,2705.075,2707.171
1783987200,2026-07-14 00:00:00,2707.498,2710.793,2698.373,2699.864
1783994400,2026-07-14 02:00:00,2699.764,2704.115,2693.818,2694.93
1784001600,2026-07-14 04:00:00,2694.724,2697.023,2679.183,2692.24
1784008800,2026-07-14 06:00:00,2691.866,2709.177,2691.866,2697.406
1784016000,2026-07-14 08:00:00,2697.347,2711.13,2693.157,2704.687
1784023200,2026-07-14 10:00:00,2704.604,2709.958,2696.761,2698.909
1784030400,2026-07-14 12:00:00,2699.02,2707.636,2689.96,2690.32
1784037600,2026-07-14 14:00:00,2690.256,2690.256,2671.456,2674.058
1784044800,2026-07-14 16:00:00,2674.056,2678.848,2660.243,2662.715
1784052000,2026-07-14 18:00:00,2662.472,2663.662,2647.069,2659.222
1784059200,2026-07-14 20:00:00,2659.267,2663.183,2645.872,2651.805
1784066400,2026-07-14 22:00:00,2651.78,2658.371,2647.37,2656.989
1784073600,2026-07-15 00:00:00,2656.683,2666.111,2650.51,2653.99
1784080800,2026-07-15 02:00:00,2654.347,2660.03,2640.99,2649.151
1784088000,2026-07-15 04:00:00,2649.045,2656.176,2646.411,2650.471
1784095200,2026-07-15 06:00:00,2650.621,2660.701,2647.452,2647.724
1784102400,2026-07-15 08:00:00,2647.624,2648.17,2631.571,2631.863
1784109600,2026-07-15 10:00:00,2631.875,2633.513,2618.341,2628.008
1784116800,2026-07-15 12:00:00,2627.815,2631.21,2608.302,2614.939
1784124000,2026-07-15 14:00:00,2614.64,2618.276,2607.806,2614.015
1784131200,2026-07-15 16:00:00,2613.952,2630.93,2607.498,2629.841
1784138400,2026-07-15 18:00:00,2629.973,2637.668,2623.47,2636.802
1784145600,2026-07-15 20:00:00,2636.74,2650.737,2628.023,2642.667
1784152800,2026-07-15 22:00:00,2642.785,2648.29,2636.65,2647.864
1784160000,2026-07-16 00:00:00,2647.992,2658.158,2639.725,2641.9
1784167200,2026-07-16 02:00:00,2642.076,2645.826,2634.144,2642.576
1784174400,2026-07-16 04:00:00,2642.422,2643.65,2620.889,2624.619
1784181600,2026-07-16 06:00:00,2624.524,2632.741,2615.242,2615.461
1784188800,2026-07-16 08:00:00,2615.482,2622.011,2609.511,2620.909
1784196000,2026-07-16 10:00:00,2620.871,2624.179,2610.531,2615.772
1784203200,2026-07-16 12:00:00,2615.672,2634.81,2613.978,2626.977
1784210400,2026-07-16 14:00:00,2627.195,2636.069,2625.17,2634.68
1784217600,2026-07-16 16:00:00,2634.757,2647.433,2633.038,2646.269
1784224800,2026-07-16 18:00:00,2646.088,2650.162,2637.495,2643.288
1784232000,2026-07-16 20:00:00,2643.593,2644.38,2632.583,2635.512
1784239200,2026-07-16 22:00:00,2635.522,2641.128,2629.181,2638.993
1784246400,2026-07-17 00:00:00,2639.238,2639.669,2621.168,2627.314
1784253600,2026-07-17 02:00:00,2626.986,2629.619,2620.151,2627.087
1784260800,2026-07-17 04:00:00,2627.097,2636.352,2620.399,2622.367
1784268000,2026-07-17 06:00:00,2622.369,2629.148,2610.64,2613.371
1784275200,2026-07-17 08:00:00,2613.609,2616.809,2597.128,2597.96
1784282400,2026-07-17 10:00:00,2597.776,2602.132,2590.279,2592.359
1784289600,2026-07-17 12:00:00,2592.406,2597.74,2586.609,2597.728
1784296800,2026-07-17 14:00:00,2597.536,2615.749,2586.666,2614.44
1784304000,2026-07-17 16:00:00,2614.346,2619.92,2610.247,2619.318
1784311200,2026-07-17 18:00:00,2619.607,2620.405,2605.826,2607.129
1784318400,2026-07-17 20:00:00,2607.069,2608.019,2599.292,2606.921
1784325600,2026-07-17 22:00:00,2606.807,2610.346,2589.689,2591.512
1784332800,2026-07-18 00:00:00,2591.496,2594.688,2584.201,2585.608
1784340000,2026-07-18 02:00:00,2585.876,2590.725,2570.45,2588.515
1784347200,2026-07-18 04:00:00,2588.729,2608.338,2584.764,2605.105
1784354400,2026-07-18 06:00:00,2605.275,2611.546,2600.367,2602.21
1784361600,2026-07-18 08:00:00,2602.15,2602.7,2578.365,2579.636
1784368800,2026-07-18 10:00:00,2579.98,2597.769,2579.576,2596.575
1784376000,2026-07-18 12:00:00,2596.525,2599.219,2589.061,2596.859
1784383200,2026-07-18 14:00:00,2597.005,2605.578,2593.097,2596.723
1784390400,2026-07-18 16:00:00,2596.794,2612.583,2594.334,2603.313
1784397600,2026-07-18 18:00:00,2603.356,2603.947,2580.098,2585.557
1784404800,2026-07-18 20:00:00,2585.511,2590.647,2576.197,2577.785
1784412000,2026-07-18 22:00:00,2577.701,2580.822,2566.057,2573.426
1784419200,2026-07-19 00:00:00,2573.496,2581.003,2566.754,2573.394
1784426400,2026-07-19 02:00:00,2573.226,2581.164,2568.885,2580.697
1784433600,2026-07-19 04:00:00,2580.616,2589.077,2573.536,2586.485
1784440800,2026-07-19 06:00:00,2586.711,2593.265,2579.535,2583.451
1784448000,2026-07-19 08:00:00,2583.63,2592.92,2580.457,2587.391
1784455200,2026-07-19 10:00:00,2587.021,2589.85,2580.502,2585.86
1784462400,2026-07-19 12:00:00,2585.614,2591.943,2579.744,2579.744
1784469600,2026-07-19 14:00:00,2579.569,2581.902,2561.001,2571.563
1784476800,2026-07-19 16:00:00,2571.617,2592.775,2569.443,2588.132
1784484000,2026-07-19 18:00:00,2588.247,2589.272,2573.158,2575.642
1784491200,2026-07-19 20:00:00,2575.78,2581.11,2557.3,2561.973
1784498400,2026-07-19 22:00:00,2561.761,2573.876,2555.969,2572.095
1784505600,2026-07-20 00:00:00,2572.139,2573.002,2560.38,2560.438
1784512800,2026-07-20 02:00:00,2560.088,2575.158,2557.087,2572.891
1784520000,2026-07-20 04:00:00,2572.928,2583.95,2564.166,2574.999
1784527200,2026-07-20 06:00:00,2575.068,2580.559,2572.207,2573.892
1784534400,2026-07-20 08:00:00,2573.707,2576.055,2562.145,2571.932
1784541600,2026-07-20 10:00:00,2572.463,2573.391,2560.713,2562.202
1784548800,2026-07-20 12:00:00,2562.202,2567.5,2559.659,2563.75
1784556000,2026-07-20 14:00:00,2563.691,2569.023,2558.44,2566.637
1784563200,2026-07-20 16:00:00,2566.8,2566.81,2551.472,2553.863
1784570400,2026-07-20 18:00:00,2553.72,2571.216,2548.261,2562.759
1784577600,2026-07-20 20:00:00,2563.034,2564.258,2554.012,2560.749
1784584800,2026-07-20 22:00:00,2560.654,2567.067,2543.142,2547.264
1784592000,2026-07-21 00:00:00,2546.996,2550.375,2538.958,2541.275
1784599200,2026-07-21 02:00:00,2541.363,2547.069,2535.378,2543.34
1784606400,2026-07-21 04:00:00,2543.426,2552.668,2541.31,2550.576
1784613600,2026-07-21 06:00:00,2550.576,2556.952,2540.672,2555.539
1784620800,2026-07-21 08:00:00,2554.966,2557.674,2545.599,2549.408
1784628000,2026-07-21 10:00:00,2549.403,2556.364,2539.765,2543.815
1784635200,2026-07-21 12:00:00,2544.094,2548.185,2532.264,2532.608
1784642400,2026-07-21 14:00:00,2532.706,2541.403,2522.041,2540.082
1784649600,2026-07-21 16:00:00,2540.407,2550.245,2539.625,2549.855
1784656800,2026-07-21 18:00:00,2549.787,2555.495,2544.29,2551.489
1784664000,2026-07-21 20:00:00,2551.813,2574.052,2550.016,2569.441
1784671200,2026-07-21 22:00:00,2569.142,2580.32,2568.013,2576.515
1784678400,2026-07-22 00:00:00,2576.195,2585.143,2569.205,2570.586
1784685600,2026-07-22 02:00:00,2570.573,2582.434,2566.161,2581.764
1784692800,2026-07-22 04:00:00,2581.566,2591.722,2578.389,2583.455
1784700000,2026-07-22 06:00:00,2583.443,2593.645,2576.183,2592.66
1784707200,2026-07-22 08:00:00,2592.585,2597.616,2584.193,2591.473
1784714400,2026-07-22 10:00:00,2591.591,2603.419,2587.933,2600.905
1784721600,2026-07-22 12:00:00,2601.046,2625.064,2600.546,2622.823
1784728800,2026-07-22 14:00:00,2622.736,2625.964,2604.124,2604.661
1784736000,2026-07-22 16:00:00,2604.768,2609.365,2593.868,2601.775
1784743200,2026-07-22 18:00:00,2601.769,2606.575,2594.275,2599.824
1784750400,2026-07-22 20:00:00,2599.769,2605.948,2597.293,2604.436
1784757600,2026-07-22 22:00:00,2604.696,2614.684,2600.369,2607.864
1784764800,2026-07-23 00:00:00,2607.741,2618.937,2606.261,2617.65
1784772000,2026-07-23 02:00:00,2617.672,2619.25,2609.067,2613.364
1784779200,2026-07-23 04:00:00,2613.485,2614.656,2603.391,2608.149
1784786400,2026-07-23 06:00:00,2608.046,2637.659,2605.934,2633.033
1784793600,2026-07-23 08:00:00,2633.18,2637.955,2627.039,2628.28
1784800800,2026-07-23 10:00:00,2628.08,2628.107,2608.345,2609.637
1784808000,2026-07-23 12:00:00,2610.016,2614.16,2599.11,2599.79
1784815200,2026-07-23 14:00:00,2599.7,2619.885,2598.465,2619.073
1784822400,2026-07-23 16:00:00,2618.945,2625.918,2616.126,2621.545
1784829600,2026-07-23 18:00:00,2621.643,2633.967,2613.249,2632.724
1784836800,2026-07-23 20:00:00,2632.726,2640.209,2626.282,2627.076
1784844000,2026-07-23 22:00:00,2627.202,2628.409,2612.802,2616.341
1784851200,2026-07-24 00:00:00,2616.371,2621.918,2613.306,2614.089
1784858400,2026-07-24 02:00:00,2614.147,2623.935,2610.559,2618.493
1784865600,2026-07-24 04:00:00,2618.526,2632.61,2617.85,2631.883
1784872800,2026-07-24 06:00:00,2631.859,2641.942,2628.412,2639.296
1784880000,2026-07-24 08:00:00,2639.371,2664.393,2638.856,2655.328
1784887200,2026-07-24 10:00:00,2655.442,2667.089,2655.214,2665.42
1784894400,2026-07-24 12:00:00,2665.43,2671.177,2657.489,2658.881
1784901600,2026-07-24 14:00:00,2658.509,2659.008,2643.86,2656.629
1784908800,2026-07-24 16:00:00,2656.942,2671.108,2653.328,2670.767
1784916000,2026-07-24 18:00:00,2670.962,2671.653,2660.233,2663.416
1784923200,2026-07-24 20:00:00,2663.504,2665.795,2650.579,2652.918
1784930400,2026-07-24 22:00:00,2652.982,2657.241,2643.051,2645.326
1784937600,2026-07-25 00:00:00,2645.356,2654.752,2637.522,2640.561
1784944800,2026-07-25 02:00:00,2640.712,2651.694,2640.576,2647.926
1784952000,2026-07-25 04:00:00,2647.847,2664.359,2646.998,2649.64
1784959200,2026-07-25 06:00:00,2649.553,2654.725,2641.121,2648.936
1784966400,2026-07-25 08:00:00,2649.03,2654.496,2644.413,2648.767
1784973600,2026-07-25 10:00:00,2648.967,2653.027,2640.231,2645.63
1784980800,2026-07-25 12:00:00,2645.554,2646.964,2636.213,2641.429
1784988000,2026-07-25 14:00:00,2641.628,2652.456,2636.887,2646.184
1784995200,2026-07-25 16:00:00,2646.12,2650.792,2627.955,2629.341
1785002400,2026-07-25 18:00:00,2629.502,2640.152,2628.502,2630.673
1785009600,2026-07-25 20:00:00,2630.688,2644.791,2627.015,2633.585
1785016800,2026-07-25 22:00:00,2633.751,2645.902,2627.994,2629.334
1785024000,2026-07-26 00:00:00,2629.302,2635.506,2622.254,2624.669
1785031200,2026-07-26 02:00:00,2624.708,2643.267,2614.441,2643.006
1785038400,2026-07-26 04:00:00,2643.087,2654.856,2641.77,2653.41
1785045600,2026-07-26 06:00:00,2653.33,2657.306,2645.688,2647.258
1785052800,2026-07-26 08:00:00,2647.472,2659.915,2644.218,2656.737
1785060000,2026-07-26 10:00:00,2656.797,2666.562,2650.564,2663.641
1785067200,2026-07-26 12:00:00,2663.919,2671.116,2655.655,2669.664
1785074400,2026-07-26 14:00:00,2669.505,2678.456,2664.336,2670.068
1785081600,2026-07-26 16:00:00,2670.115,2673.963,2662.652,2667.234
1785088800,2026-07-26 18:00:00,2667.197,2672.66,2661.245,2671.448
1785096000,2026-07-26 20:00:00,2671.271,2677.161,2665.1,2671.368
1785103200,2026-07-26 22:00:00,2671.412,2672.565,2661.145,2665.614
1785110400,2026-07-27 00:00:00,2665.398,2686.613,2664.616,2684.147
1785117600,2026-07-27 02:00:00,2684.264,2695.528,2682.864,2694.03
1785124800,2026-07-27 04:00:00,2694.109,2697.493,2681.363,2687.382
1785132000,2026-07-27 06:00:00,2687.439,2698.927,2677.011,2683.07
1785139200,2026-07-27 08:00:00,2682.953,2693.856,2680.733,2683.484
1785146400,2026-07-27 10:00:00,2683.419,2688.11,2679.574,2684.282
1785153600,2026-07-27 12:00:00,2684.397,2703.086,2683.841,2697.141
1785160800,2026-07-27 14:00:00,2697.254,2699.735,2678.238,2680.929
1785168000,2026-07-27 16:00:00,2680.64,2683.048,2674.391,2677.774
1785175200,2026-07-27 18:00:00,2677.879,2681.435,2660.358,2666.819
1785182400,2026-07-27 20:00:00,2666.677,2677.883,2665.527,2666.733
1785189600,2026-07-27 22:00:00,2666.833,2680.978,2663.557,2679.259
1785196800,2026-07-28 00:00:00,2679.296,2682.705,2668.793,2672.914
1785204000,2026-07-28 02:00:00,2672.835,2679.255,2665.774,2669.989
1785211200,2026-07-28 04:00:00,2669.955,2693.439,2665.603,2692.602
1785218400,2026-07-28 06:00:00,2692.558,2697.374,2684.521,2691.87
1785225600,2026-07-28 08:00:00,2691.762,2698.017,2685.386,2695.327
1785232800,2026-07-28 10:00:00,2695.368,2699.377,2684.503,2692.826
1785240000,2026-07-28 12:00:00,2692.786,2705.625,2689.162,2699.916
1785247200,2026-07-28 14:00:00,2700,2715.515,2700,2712.342
1785254400,2026-07-28 16:00:00,2712.522,2723.777,2702.975,2703.154
1785261600,2026-07-28 18:00:00,2703.279,2714.412,2701.336,2706.516
1785268800,2026-07-28 20:00:00,2706.519,2714.08,2699.788,2699.853
1785276000,2026-07-28 22:00:00,2699.489,2712.245,2698.924,2704.812
1785283200,2026-07-29 00:00:00,2704.757,2705.173,2688.484,2695.686
1785290400,2026-07-29 02:00:00,2695.627,2700.801,2679.766,2681.694
1785297600,2026-07-29 04:00:00,2681.739,2690.468,2679.704,2681.318
1785304800,2026-07-29 06:00:00,2681.284,2681.643,2664.473,2668.997
1785312000,2026-07-29 08:00:00,2669.175,2681.457,2666.992,2677.298
1785319200,2026-07-29 10:00:00,2677.402,2678.764,2662.444,2666.219
1785326400,2026-07-29 12:00:00,2666.505,2682.693,2663.2,2679.95
1785333600,2026-07-29 14:00:00,2679.908,2687.879,2673.716,2684.007
1785340800,2026-07-29 16:00:00,2683.938,2685.531,2672.375,2676.205
1785348000,2026-07-29 18:00:00,2676.138,2684.021,2671.364,2677.568
1785355200,2026-07-29 20:00:00,2677.742,2692.503,2674.875,2685.285
1785362400,2026-07-29 22:00:00,2685.36,2704.545,2684.271,2702.448
1785369600,2026-07-30 00:00:00,2702.53,2703.299,2694.01,2698.399
1785376800,2026-07-30 02:00:00,2698.176,2707.12,2696.774,2705.426
1785384000,2026-07-30 04:00:00,2705.612,2717.637,2705.292,2707.645
1785391200,2026-07-30 06:00:00,2707.604,2727.629,2706.938,2725.151
1785398400,2026-07-30 08:00:00,2725.166,2728.554,2714.025,2714.187
1785405600,2026-07-30 10:00:00,2714.25,2718.591,2710.429,2716.835
1785412800,2026-07-30 12:00:00,2716.932,2721.09,2706.817,2716.904
1785420000,2026-07-30 14:00:00,2717.018,2725.856,2713.499,2720.118
1785427200,2026-07-30 16:00:00,2720.528,2727.327,2718.18,2721.99
1785434400,2026-07-30 18:00:00,2721.831,2736.838,2721.729,2735.302
1785441600,2026-07-30 20:00:00,2734.916,2737.949,2723.223,2723.464
1785448800,2026-07-30 22:00:00,2723.144,2729.746,2716.719,2720.82
1785456000,2026-07-31 00:00:00,2720.942,2722.721,2700.291,2700.384
1785463200,2026-07-31 02:00:00,2700.319,2725.12,2697.718,2724.924
1785470400,2026-07-31 04:00:00,2725.018,2731.265,2718.507,2727.553
1785477600,2026-07-31 06:00:00,2727.798,2728.816,2713.451,2724.81
1785484800,2026-07-31 08:00:00,2724.737,2746.705,2723.174,2745.713
