epoch,datetime_utc,open,high,low,close
1753954921,2025-07-31 09:42:01,130.355,131.9072,129.8489,131.8326
1753963200,2025-07-31 12:00:00,131.8258,132.6186,130.4315,130.4801
1753977600,2025-07-31 16:00:00,130.4668,130.7859,128.9166,129.3966
1753992000,2025-07-31 20:00:00,129.4031,129.7646,128.0376,129.3808
1754006400,2025-08-01 00:00:00,129.3847,130.6543,129.0506,130.2848
1754020800,2025-08-01 04:00:00,130.2697,131.7774,130.0155,131.2512
1754035200,2025-08-01 08:00:00,131.2238,131.8656,129.8183,130.1644
1754049600,2025-08-01 12:00:00,130.1357,131.9299,129.772,130.7831
1754064000,2025-08-01 16:00:00,130.7758,132.499,130.2751,131.5469
1754078400,2025-08-01 20:00:00,131.5405,131.816,129.5902,131.4562
1754092800,2025-08-02 00:00:00,131.4729,131.6512,129.7491,130.1435
1754107200,2025-08-02 04:00:00,130.1505,131.1301,129.7868,130.3396
1754121600,2025-08-02 08:00:00,130.3516,130.4767,128.6301,129.3142
1754136000,2025-08-02 12:00:00,129.3386,130.4275,129.1333,129.8973
1754150400,2025-08-02 16:00:00,129.8784,131.3602,129.2026,130.0025
1754164800,2025-08-02 20:00:00,130.0163,130.6525,128.9961,129.7302
1754179200,2025-08-03 00:00:00,129.7083,130.694,127.5723,127.9347
1754193600,2025-08-03 04:00:00,127.9172,129.42,127.448,128.1243
1754208000,2025-08-03 08:00:00,128.1395,128.1447,126.0463,127.0957
1754222400,2025-08-03 12:00:00,127.1132,127.2769,125.0373,126.2627
1754236800,2025-08-03 16:00:00,126.2751,127.6478,126.077,127.1264
1754251200,2025-08-03 20:00:00,127.1203,127.5026,124.9824,125.3033
1754265600,2025-08-04 00:00:00,125.296,125.7844,122.9752,123.0027
1754280000,2025-08-04 04:00:00,123.0134,123.6548,121.7817,121.9514
1754294400,2025-08-04 08:00:00,121.9353,123.4182,121.8598,122.8432
1754308800,2025-08-04 12:00:00,122.8678,123.0116,121.4824,122.5222
1754323200,2025-08-04 16:00:00,122.5005,122.6837,121.5689,122.1669
1754337600,2025-08-04 20:00:00,122.152,123.151,121.6672,122.6169
1754352000,2025-08-05 00:00:00,122.6161,123.609,121.8097,121.8097
1754366400,2025-08-05 04:00:00,121.8066,122.5757,121.2506,121.6899
1754380800,2025-08-05 08:00:00,121.6976,121.865,119.6635,119.7529
1754395200,2025-08-05 12:00:00,119.7381,119.8909,117.8723,118.9562
1754409600,2025-08-05 16:00:00,118.9423,119.593,118.2653,118.7263
1754424000,2025-08-05 20:00:00,118.7202,119.1332,118.1736,118.2017
1754438400,2025-08-06 00:00:00,118.1822,118.7952,116.9747,117.3946
1754452800,2025-08-06 04:00:00,117.3667,118.1425,115.8699,116.827
1754467200,2025-08-06 08:00:00,116.8145,118.2118,116.7533,117.8284
1754481600,2025-08-06 12:00:00,117.8355,119.1765,117.0041,118.8181
1754496000,2025-08-06 16:00:00,118.8405,120.0349,118.1863,118.7332
1754510400,2025-08-06 20:00:00,118.6953,119.2554,117.966,118.317
1754524800,2025-08-07 00:00:00,118.3121,119.8962,118.0848,119.8291
1754539200,2025-08-07 04:00:00,119.8217,120.707,119.2171,120.6762
1754553600,2025-08-07 08:00:00,120.6818,123.2993,120.5755,123.1657
1754568000,2025-08-07 12:00:00,123.1648,123.3109,121.8914,122.4079
1754582400,2025-08-07 16:00:00,122.3798,123.3642,122.1873,122.5238
1754596800,2025-08-07 20:00:00,122.542,124.9092,122.2106,124.6148
1754611200,2025-08-08 00:00:00,124.6114,125.914,123.9707,124.838
1754625600,2025-08-08 04:00:00,124.8176,125.8852,124.3746,125.4028
1754640000,2025-08-08 08:00:00,125.404,126.9076,125.059,126.613
1754654400,2025-08-08 12:00:00,126.6109,128.2117,125.3377,128.1011
1754668800,2025-08-08 16:00:00,128.1065,129.0933,127.4803,129.0472
1754683200,2025-08-08 20:00:00,129.0307,130.5973,128.44,130.3401
1754697600,2025-08-09 00:00:00,130.3388,130.9745,129.0533,129.6072
1754712000,2025-08-09 04:00:00,129.5872,130.1098,128.7541,129.1765
1754726400,2025-08-09 08:00:00,129.1942,129.8967,128.1676,128.5453
1754740800,2025-08-09 12:00:00,128.5285,128.8852,126.4722,126.5224
1754755200,2025-08-09 16:00:00,126.5194,127.5877,126.11,127.363
1754769600,2025-08-09 20:00:00,127.3582,131.0727,127.0985,131.0039
1754784000,2025-08-10 00:00:00,131.0186,131.9281,129.3519,129.6175
1754798400,2025-08-10 04:00:00,129.6189,130.4253,128.3231,129.3155
1754812800,2025-08-10 08:00:00,129.3171,130.2847,129.1237,129.6863
1754827200,2025-08-10 12:00:00,129.6702,130.1829,128.7727,129.9165
1754841600,2025-08-10 16:00:00,129.9286,130.676,129.2223,130.01
1754856000,2025-08-10 20:00:00,130.0183,131.0482,129.6089,131.0482
1754870400,2025-08-11 00:00:00,131.0741,132.0319,129.4049,129.6854
1754884800,2025-08-11 04:00:00,129.6948,129.7684,127.2817,128.9679
1754899200,2025-08-11 08:00:00,128.9825,131.5127,128.8952,131.4036
1754913600,2025-08-11 12:00:00,131.4396,132.1654,130.8231,131.5812
1754928000,2025-08-11 16:00:00,131.5923,132.3843,130.7485,130.9357
1754942400,2025-08-11 20:00:00,130.9377,133.0141,130.6707,132.9871
1754956800,2025-08-12 00:00:00,132.9893,133.5289,131.4974,132.2364
1754971200,2025-08-12 04:00:00,132.2427,133.2619,130.97,132.2745
1754985600,2025-08-12 08:00:00,132.2877,133.3301,131.5743,133.1407
1755000000,2025-08-12 12:00:00,133.1504,133.9935,131.5877,133.3532
1755014400,2025-08-12 16:00:00,133.3442,133.3571,131.1835,131.5911
1755028800,2025-08-12 20:00:00,131.6097,133.2922,130.9829,132.8272
1755043200,2025-08-13 00:00:00,132.8095,134.9007,132.7013,133.5283
1755057600,2025-08-13 04:00:00,133.5443,135.645,133.0829,135.3862
1755072000,2025-08-13 08:00:00,135.3925,135.5308,132.5456,133.574
1755086400,2025-08-13 12:00:00,133.5707,134.0707,131.0753,131.979
1755100800,2025-08-13 16:00:00,132.0142,135.3025,131.7778,135.186
1755115200,2025-08-13 20:00:00,135.2299,136.6963,134.6399,136.3954
1755129600,2025-08-14 00:00:00,136.379,138.5522,134.5699,138.195
1755144000,2025-08-14 04:00:00,138.1832,141.1746,137.294,140.412
1755158400,2025-08-14 08:00:00,140.402,143.0345,140.1225,142.5521
1755172800,2025-08-14 12:00:00,142.541,144.7452,141.8908,143.3841
1755187200,2025-08-14 16:00:00,143.4076,144.0934,141.0114,142.4573
1755201600,2025-08-14 20:00:00,142.4386,143.6048,142.3346,143.1909
1755216000,2025-08-15 00:00:00,143.2107,144.2631,142.7438,143.2373
1755230400,2025-08-15 04:00:00,143.2503,144.4655,141.5629,141.8834
1755244800,2025-08-15 08:00:00,141.8937,142.3092,140.6803,140.8081
1755259200,2025-08-15 12:00:00,140.8146,141.0204,138.8844,140.6406
1755273600,2025-08-15 16:00:00,140.6453,141.7968,137.8429,137.9521
1755288000,2025-08-15 20:00:00,137.947,138.2905,134.0226,134.9769
1755302400,2025-08-16 00:00:00,134.9805,135.9967,133.8669,134.4205
1755316800,2025-08-16 04:00:00,134.4308,134.584,132.3024,132.6387
1755331200,2025-08-16 08:00:00,132.661,133.8342,131.8912,132.6414
1755345600,2025-08-16 12:00:00,132.624,133.1485,131.4657,132.2549
1755360000,2025-08-16 16:00:00,132.2556,133.5945,131.0539,131.3541
1755374400,2025-08-16 20:00:00,131.3908,132.3331,130.169,130.1805
1755388800,2025-08-17 00:00:00,130.1924,131.2948,129.9129,130.6075
1755403200,2025-08-17 04:00:00,130.5848,132.0941,130.2833,130.8924
1755417600,2025-08-17 08:00:00,130.9308,130.9566,128.1728,128.2795
1755432000,2025-08-17 12:00:00,128.2836,129.233,127.6658,128.2204
1755446400,2025-08-17 16:00:00,128.2295,128.2295,126.1442,127.4377
1755460800,2025-08-17 20:00:00,127.4439,127.5613,124.195,124.3929
1755475200,2025-08-18 00:00:00,124.3948,124.4008,121.2036,121.5039
1755489600,2025-08-18 04:00:00,121.4992,122.0558,120.0655,120.0804
1755504000,2025-08-18 08:00:00,120.08,120.2886,118.5506,119.508
1755518400,2025-08-18 12:00:00,119.4958,120.7611,118.9481,120.6468
1755532800,2025-08-18 16:00:00,120.6569,121.2122,119.5206,119.6804
1755547200,2025-08-18 20:00:00,119.6726,120.9568,119.3207,120.8901
1755561600,2025-08-19 00:00:00,120.8983,121.929,120.1125,121.2977
1755576000,2025-08-19 04:00:00,121.2923,121.9583,120.479,120.5608
1755590400,2025-08-19 08:00:00,120.5574,122.145,120.2156,122.1366
1755604800,2025-08-19 12:00:00,122.1286,122.4425,120.4391,121.572
1755619200,2025-08-19 16:00:00,121.5871,121.6831,120.322,120.7237
1755633600,2025-08-19 20:00:00,120.7423,121.3275,119.8242,121.0715
1755648000,2025-08-20 00:00:00,121.0552,122.4871,120.6339,122.3169
1755662400,2025-08-20 04:00:00,122.3337,122.3882,120.0781,120.2516
1755676800,2025-08-20 08:00:00,120.2406,121.9995,119.3054,121.6728
1755691200,2025-08-20 12:00:00,121.6761,122.5043,120.6103,121.1564
1755705600,2025-08-20 16:00:00,121.141,123.4006,121.1001,123.2556
1755720000,2025-08-20 20:00:00,123.2644,125.2136,122.4498,124.9424
1755734400,2025-08-21 00:00:00,124.9269,125.2767,123.3082,123.6922
1755748800,2025-08-21 04:00:00,123.7119,123.9338,121.3219,121.4497
1755763200,2025-08-21 08:00:00,121.4485,122.0699,119.0842,119.5788
1755777600,2025-08-21 12:00:00,119.5997,119.8367,117.4351,118.331
1755792000,2025-08-21 16:00:00,118.2962,119.3954,117.148,117.9112
1755806400,2025-08-21 20:00:00,117.8815,119.4524,117.5619,119.1038
1755820800,2025-08-22 00:00:00,119.116,119.4902,117.6614,118.2122
1755835200,2025-08-22 04:00:00,118.2102,118.2341,116.5297,116.9182
1755849600,2025-08-22 08:00:00,116.9387,117.4207,114.2117,114.802
1755864000,2025-08-22 12:00:00,114.7865,115.5047,113.9975,114.6943
1755878400,2025-08-22 16:00:00,114.6913,115.0869,113.9915,114.079
1755892800,2025-08-22 20:00:00,114.0815,116.3871,113.9626,116.2541
1755907200,2025-08-23 00:00:00,116.2605,116.7547,114.2381,114.2922
1755921600,2025-08-23 04:00:00,114.2796,116.2323,114.1289,115.7947
1755936000,2025-08-23 08:00:00,115.7801,116.0012,114.612,114.612
1755950400,2025-08-23 12:00:00,114.6276,117.7928,114.4272,117.0186
1755964800,2025-08-23 16:00:00,117.0078,118.0728,116.0738,116.1283
1755979200,2025-08-23 20:00:00,116.1301,117.7066,115.5387,115.9162
1755993600,2025-08-24 00:00:00,115.9215,116.5718,115.4299,115.8457
1756008000,2025-08-24 04:00:00,115.8434,116.0986,114.5017,115.3183
1756022400,2025-08-24 08:00:00,115.3112,116.468,114.6777,115.5539
1756036800,2025-08-24 12:00:00,115.555,116.4041,114.7004,114.8414
1756051200,2025-08-24 16:00:00,114.8358,115.0015,112.5175,112.5931
1756065600,2025-08-24 20:00:00,112.6078,113.6974,111.7362,112.0417
1756080000,2025-08-25 00:00:00,112.0348,113.1228,111.8612,112.9096
1756094400,2025-08-25 04:00:00,112.9043,115.1513,112.5248,115.1305
1756108800,2025-08-25 08:00:00,115.1248,115.5432,114.1887,115.3173
1756123200,2025-08-25 12:00:00,115.2892,116.3285,115.0782,116.1117
1756137600,2025-08-25 16:00:00,116.1301,117.7281,116.1301,117.1826
1756152000,2025-08-25 20:00:00,117.1987,118.1366,116.9295,117.5714
1756166400,2025-08-26 00:00:00,117.5646,118.9759,117.3094,117.889
1756180800,2025-08-26 04:00:00,117.8794,117.8995,115.312,116.3988
1756195200,2025-08-26 08:00:00,116.416,116.7123,115.0679,115.5495
1756209600,2025-08-26 12:00:00,115.5745,116.3894,115.0747,116.3115
1756224000,2025-08-26 16:00:00,116.3092,117.4171,115.8839,116.1677
1756238400,2025-08-26 20:00:00,116.1532,116.9371,115.3576,115.9431
1756252800,2025-08-27 00:00:00,115.9341,116.723,115.2185,115.82
1756267200,2025-08-27 04:00:00,115.8106,116.0716,114.5928,114.9214
1756281600,2025-08-27 08:00:00,114.9316,116.5338,114.2595,115.6008
1756296000,2025-08-27 12:00:00,115.5904,116.0366,114.8257,115.9299
1756310400,2025-08-27 16:00:00,115.9414,118.4158,115.8262,118.0911
1756324800,2025-08-27 20:00:00,118.0907,119.8691,117.9387,119.3021
1756339200,2025-08-28 00:00:00,119.3148,120.1236,118.728,119.9124
1756353600,2025-08-28 04:00:00,119.893,120.2632,118.146,119.2015
1756368000,2025-08-28 08:00:00,119.1915,119.6616,116.7926,116.931
1756382400,2025-08-28 12:00:00,116.9038,117.856,116.2874,117.0689
1756396800,2025-08-28 16:00:00,117.0873,118.9658,116.9532,118.0066
1756411200,2025-08-28 20:00:00,118.0147,118.3954,116.9272,117.3229
1756425600,2025-08-29 00:00:00,117.2985,118.4389,116.5158,117.2086
1756440000,2025-08-29 04:00:00,117.2007,117.8095,116.761,117.3647
1756454400,2025-08-29 08:00:00,117.3741,117.9848,116.8797,117.6133
1756468800,2025-08-29 12:00:00,117.5926,117.6509,115.9815,116.7139
1756483200,2025-08-29 16:00:00,116.6938,117.3254,115.7057,116.74
1756497600,2025-08-29 20:00:00,116.7665,118.3544,115.4384,117.6997
1756512000,2025-08-30 00:00:00,117.6994,119.08,116.7445,118.7589
1756526400,2025-08-30 04:00:00,118.7759,119.2017,117.4912,118.8565
1756540800,2025-08-30 08:00:00,118.8554,120.3139,118.4872,119.1155
1756555200,2025-08-30 12:00:00,119.1254,120.9633,118.8046,120.7077
1756569600,2025-08-30 16:00:00,120.7169,122.0912,119.8233,121.5936
1756584000,2025-08-30 20:00:00,121.5793,123.4193,121.221,122.4209
1756598400,2025-08-31 00:00:00,122.4327,124.497,121.9167,123.679
1756612800,2025-08-31 04:00:00,123.6688,124.0046,121.9852,122.833
1756627200,2025-08-31 08:00:00,122.8254,124.2758,122.3183,123.757
1756641600,2025-08-31 12:00:00,123.7482,124.029,121.161,121.9462
1756656000,2025-08-31 16:00:00,121.9411,122.8638,121.445,122.7702
1756670400,2025-08-31 20:00:00,122.7727,123.6082,122.329,123.263
1756684800,2025-09-01 00:00:00,123.2805,124.8588,122.7221,124.1847
1756699200,2025-09-01 04:00:00,124.1814,126.9675,124.1678,126.745
1756713600,2025-09-01 08:00:00,126.7362,127.0103,124.8658,125.6952
1756728000,2025-09-01 12:00:00,125.7171,127.7844,125.4962,126.1177
1756742400,2025-09-01 16:00:00,126.1545,127.4672,125.4288,126.9213
1756756800,2025-09-01 20:00:00,126.9186,128.4001,126.4853,128.2405
1756771200,2025-09-02 00:00:00,128.2348,129.6107,128.1629,128.3191
1756785600,2025-09-02 04:00:00,128.3207,128.5907,127.2478,127.7935
1756800000,2025-09-02 08:00:00,127.7436,128.1646,125.8502,125.9625
1756814400,2025-09-02 12:00:00,125.9594,127.1471,125.6083,125.8035
1756828800,2025-09-02 16:00:00,125.7801,125.9064,124.5662,125.1513
1756843200,2025-09-02 20:00:00,125.1283,127.5349,124.8539,127.3067
1756857600,2025-09-03 00:00:00,127.3012,127.5747,125.8954,125.9414
1756872000,2025-09-03 04:00:00,125.9561,126.1996,124.3337,124.7396
1756886400,2025-09-03 08:00:00,124.7233,125.2447,123.5597,124.324
1756900800,2025-09-03 12:00:00,124.344,125.8764,124.156,125.4254
1756915200,2025-09-03 16:00:00,125.4569,126.16,124.0434,125.6146
1756929600,2025-09-03 20:00:00,125.5992,126.0939,124.4266,125.1734
1756944000,2025-09-04 00:00:00,125.1656,125.2086,122.9255,123.6638
1756958400,2025-09-04 04:00:00,123.6431,125.5463,123.5367,124.9458
1756972800,2025-09-04 08:00:00,124.9345,125.9618,124.3502,125.9444
1756987200,2025-09-04 12:00:00,125.9271,126.4911,124.9817,126.3898
1757001600,2025-09-04 16:00:00,126.3941,126.8452,124.9961,125.9606
1757016000,2025-09-04 20:00:00,125.9483,127.2944,124.34,124.5863
1757030400,2025-09-05 00:00:00,124.5741,124.8876,123.4563,124.5982
1757044800,2025-09-05 04:00:00,124.6204,125.7993,123.7664,124.2911
1757059200,2025-09-05 08:00:00,124.2937,124.6587,122.6498,123.0914
1757073600,2025-09-05 12:00:00,123.0755,124.8098,121.9973,124.4482
1757088000,2025-09-05 16:00:00,124.4798,125.8738,123.8846,125.6518
1757102400,2025-09-05 20:00:00,125.6331,126.6274,124.8772,126.3252
1757116800,2025-09-06 00:00:00,126.3353,129.7374,126.1062,129.4275
1757131200,2025-09-06 04:00:00,129.4248,130.3843,128.4686,129.4676
1757145600,2025-09-06 08:00:00,129.5081,130.52,128.1476,130.2205
1757160000,2025-09-06 12:00:00,130.2417,131.3025,129.4804,131.1351
1757174400,2025-09-06 16:00:00,131.131,132.4781,130.382,130.7124
1757188800,2025-09-06 20:00:00,130.6981,133.2244,130.2381,132.707
1757203200,2025-09-07 00:00:00,132.6889,134.0065,132.0906,132.8251
1757217600,2025-09-07 04:00:00,132.8222,133.4996,131.7831,132.3351
1757232000,2025-09-07 08:00:00,132.3288,132.9706,130.7968,131.1528
1757246400,2025-09-07 12:00:00,131.133,131.5669,128.2741,128.8482
1757260800,2025-09-07 16:00:00,128.8342,128.9558,127.2766,128.7346
1757275200,2025-09-07 20:00:00,128.7242,129.4165,127.6336,129.1046
1757289600,2025-09-08 00:00:00,129.1156,130.2454,127.9916,128.0482
1757304000,2025-09-08 04:00:00,128.0096,129.6733,127.7026,129.4327
1757318400,2025-09-08 08:00:00,129.4491,129.6774,127.5475,127.8076
1757332800,2025-09-08 12:00:00,127.8287,128.5303,126.883,127.9761
1757347200,2025-09-08 16:00:00,127.9813,129.5092,127.0033,127.1606
1757361600,2025-09-08 20:00:00,127.1322,128.4013,126.0654,128.2913
1757376000,2025-09-09 00:00:00,128.2691,129.71,127.6204,128.9388
1757390400,2025-09-09 04:00:00,128.9594,130.2814,128.4869,129.2718
1757404800,2025-09-09 08:00:00,129.2854,130.5898,129.0042,129.9792
1757419200,2025-09-09 12:00:00,130.0046,131.0443,129.5678,130.1232
1757433600,2025-09-09 16:00:00,130.1393,130.234,126.9135,126.9624
1757448000,2025-09-09 20:00:00,126.9455,127.588,125.7866,126.0193
1757462400,2025-09-10 00:00:00,126.0168,126.0396,124.1453,124.8654
1757476800,2025-09-10 04:00:00,124.8755,127.3368,124.7061,127.0074
1757491200,2025-09-10 08:00:00,127.0174,128.0586,126.7628,127.1449
1757505600,2025-09-10 12:00:00,127.131,127.2666,125.8529,126.0305
1757520000,2025-09-10 16:00:00,126.0531,127.093,125.1125,125.3269
1757534400,2025-09-10 20:00:00,125.3313,128.257,125.2603,127.7641
1757548800,2025-09-11 00:00:00,127.7597,128.2845,126.5602,127.2437
1757563200,2025-09-11 04:00:00,127.2485,127.9744,126.0992,127.0562
1757577600,2025-09-11 08:00:00,127.0793,129.2962,127.0793,129.2693
1757592000,2025-09-11 12:00:00,129.2494,131.0195,129.1092,130.1465
1757606400,2025-09-11 16:00:00,130.1255,130.66,129.3251,129.5966
1757620800,2025-09-11 20:00:00,129.5859,129.7397,126.6075,126.7183
1757635200,2025-09-12 00:00:00,126.7148,127.5231,125.8295,127.0958
1757649600,2025-09-12 04:00:00,127.134,127.5135,125.7354,125.7399
1757664000,2025-09-12 08:00:00,125.7371,126.4385,124.04,124.04
1757678400,2025-09-12 12:00:00,124.043,124.8257,122.8532,122.8532
1757692800,2025-09-12 16:00:00,122.8336,123.1244,121.7432,122.4114
1757707200,2025-09-12 20:00:00,122.4211,123.1496,120.9773,122.6299
1757721600,2025-09-13 00:00:00,122.6483,124.8986,122.643,124.0749
1757736000,2025-09-13 04:00:00,124.0756,124.5253,122.103,122.3754
1757750400,2025-09-13 08:00:00,122.3642,122.7398,120.7037,120.9036
1757764800,2025-09-13 12:00:00,120.8878,120.9299,119.2931,119.7965
1757779200,2025-09-13 16:00:00,119.8033,120.3668,118.3924,118.7245
1757793600,2025-09-13 20:00:00,118.7313,119.0562,117.338,117.6535
1757808000,2025-09-14 00:00:00,117.6904,117.8046,116.3019,117.5962
1757822400,2025-09-14 04:00:00,117.5939,118.2924,115.4017,115.4751
1757836800,2025-09-14 08:00:00,115.4564,116.5471,115.2005,116.2195
1757851200,2025-09-14 12:00:00,116.2231,117.8189,115.6522,117.646
1757865600,2025-09-14 16:00:00,117.6904,119.5622,117.4147,118.1095
1757880000,2025-09-14 20:00:00,118.1225,119.6895,117.8944,119.182
1757894400,2025-09-15 00:00:00,119.1855,121.3878,118.9834,121.3421
1757908800,2025-09-15 04:00:00,121.3673,121.503,118.2796,118.5258
1757923200,2025-09-15 08:00:00,118.544,119.2786,117.9157,118.0863
1757937600,2025-09-15 12:00:00,118.0476,119.6949,118.0216,119.0721
1757952000,2025-09-15 16:00:00,119.0729,121.5538,118.5593,121.3998
1757966400,2025-09-15 20:00:00,121.3826,121.5707,119.8854,120.8233
1757980800,2025-09-16 00:00:00,120.8137,122.1266,120.4893,121.3869
1757995200,2025-09-16 04:00:00,121.3764,122.9608,121.3764,122.3263
1758009600,2025-09-16 08:00:00,122.315,123.9311,122.1299,122.693
1758024000,2025-09-16 12:00:00,122.6828,122.8342,120.5819,121.3534
1758038400,2025-09-16 16:00:00,121.3538,121.5176,117.3359,117.5919
1758052800,2025-09-16 20:00:00,117.6009,120.1635,117.3326,119.9298
1758067200,2025-09-17 00:00:00,119.9234,120.6502,118.8251,119.938
1758081600,2025-09-17 04:00:00,119.9615,120.5724,119.5043,120.0539
1758096000,2025-09-17 08:00:00,120.0294,120.1518,118.5218,118.9149
1758110400,2025-09-17 12:00:00,118.908,119.3429,117.2492,118.7926
1758124800,2025-09-17 16:00:00,118.802,120.0692,117.8615,119.3391
1758139200,2025-09-17 20:00:00,119.344,120.8805,118.8884,120.6949
1758153600,2025-09-18 00:00:00,120.6636,121.2912,119.7521,121.0197
1758168000,2025-09-18 04:00:00,121.0306,122.6531,120.9445,121.8961
1758182400,2025-09-18 08:00:00,121.8854,122.0439,119.8044,120.7837
1758196800,2025-09-18 12:00:00,120.7762,123.4411,120.6965,123.0639
1758211200,2025-09-18 16:00:00,123.0504,124.131,122.5569,123.2502
1758225600,2025-09-18 20:00:00,123.254,123.9733,122.2009,122.2833
1758240000,2025-09-19 00:00:00,122.2863,123.1714,120.2934,120.9159
1758254400,2025-09-19 04:00:00,120.9172,122.2995,120.3549,120.9093
1758268800,2025-09-19 08:00:00,120.908,121.4463,119.5631,120.7676
1758283200,2025-09-19 12:00:00,120.7845,123.0804,120.6499,122.0046
1758297600,2025-09-19 16:00:00,122.0196,124.2461,122.0086,123.94
1758312000,2025-09-19 20:00:00,123.9312,124.1774,122.4468,123.1337
1758326400,2025-09-20 00:00:00,123.1434,126.353,123.1418,125.9104
1758340800,2025-09-20 04:00:00,125.9219,127.9185,125.6992,126.4655
1758355200,2025-09-20 08:00:00,126.4639,127.35,124.2802,125.2909
1758369600,2025-09-20 12:00:00,125.3007,126.2693,125.1431,125.9456
1758384000,2025-09-20 16:00:00,125.9569,127.0257,125.0837,126.2193
1758398400,2025-09-20 20:00:00,126.2127,126.8997,125.1971,126.2498
1758412800,2025-09-21 00:00:00,126.2353,127.7507,125.6077,126.8299
1758427200,2025-09-21 04:00:00,126.8359,127.4207,126.0533,126.4281
1758441600,2025-09-21 08:00:00,126.4437,126.4578,123.9219,123.9219
1758456000,2025-09-21 12:00:00,123.894,125.6024,123.4758,125.2827
1758470400,2025-09-21 16:00:00,125.3101,126.2139,124.6445,125.1956
1758484800,2025-09-21 20:00:00,125.1972,126.9926,124.5815,126.8315
1758499200,2025-09-22 00:00:00,126.8301,126.8352,125.2082,126.3531
1758513600,2025-09-22 04:00:00,126.343,128.9487,126.3217,128.7104
1758528000,2025-09-22 08:00:00,128.7145,129.0218,126.9979,128.5455
1758542400,2025-09-22 12:00:00,128.5551,128.858,127.1622,127.9607
1758556800,2025-09-22 16:00:00,127.966,128.1986,126.6184,127.3279
1758571200,2025-09-22 20:00:00,127.3382,127.9532,126.8525,127.7965
1758585600,2025-09-23 00:00:00,127.7943,128.6321,126.1349,126.6047
1758600000,2025-09-23 04:00:00,126.5945,128.1141,126.496,127.2442
1758614400,2025-09-23 08:00:00,127.2364,127.4047,124.0339,124.0974
1758628800,2025-09-23 12:00:00,124.1108,127.225,124.0884,127.225
1758643200,2025-09-23 16:00:00,127.2351,127.3486,125.728,126.6766
1758657600,2025-09-23 20:00:00,126.6788,128.7848,126.449,128.2402
1758672000,2025-09-24 00:00:00,128.253,130.1452,128.1693,129.4688
1758686400,2025-09-24 04:00:00,129.4852,131.0657,129.2497,129.9402
1758700800,2025-09-24 08:00:00,129.9545,130.6856,127.7733,128.0134
1758715200,2025-09-24 12:00:00,127.9944,128.3157,125.9178,127.0482
1758729600,2025-09-24 16:00:00,127.0288,127.3489,125.0256,126.338
1758744000,2025-09-24 20:00:00,126.3394,127.7949,125.6646,127.0811
1758758400,2025-09-25 00:00:00,127.0885,127.5821,125.5889,126.0771
1758772800,2025-09-25 04:00:00,126.0593,128.2606,125.4032,126.7205
1758787200,2025-09-25 08:00:00,126.7162,128.1021,126.553,128.0758
1758801600,2025-09-25 12:00:00,128.075,129.1381,127.3551,127.5046
1758816000,2025-09-25 16:00:00,127.5069,128.0517,126.8165,127.6492
1758830400,2025-09-25 20:00:00,127.6858,129.2687,127.0185,129.1252
1758844800,2025-09-26 00:00:00,129.0875,129.6342,127.9828,128.7081
1758859200,2025-09-26 04:00:00,128.7046,130.0511,128.6306,129.4876
1758873600,2025-09-26 08:00:00,129.478,130.7685,129.4508,129.7311
1758888000,2025-09-26 12:00:00,129.7167,130.7879,129.559,130.5997
1758902400,2025-09-26 16:00:00,130.5779,132.9512,130.0403,132.4015
1758916800,2025-09-26 20:00:00,132.3805,132.5128,130.004,131.3708
1758931200,2025-09-27 00:00:00,131.3806,131.6383,129.7023,130.4972
1758945600,2025-09-27 04:00:00,130.4739,130.4912,128.9647,129.4231
1758960000,2025-09-27 08:00:00,129.4266,130.0415,127.6685,128.6167
1758974400,2025-09-27 12:00:00,128.6221,128.8915,126.6269,127.6837
1758988800,2025-09-27 16:00:00,127.6963,129.7247,127.4741,129.5703
1759003200,2025-09-27 20:00:00,129.5951,130.7327,128.5015,128.7605
1759017600,2025-09-28 00:00:00,128.7689,131.2208,128.7237,130.2367
1759032000,2025-09-28 04:00:00,130.2337,130.959,129.2965,129.807
1759046400,2025-09-28 08:00:00,129.8073,129.8769,127.2288,127.377
1759060800,2025-09-28 12:00:00,127.3885,128.4106,125.6599,125.6971
1759075200,2025-09-28 16:00:00,125.6871,126.5377,124.24,124.587
1759089600,2025-09-28 20:00:00,124.5646,124.6076,122.978,123.2993
1759104000,2025-09-29 00:00:00,123.279,124.5655,123.1925,123.3676
1759118400,2025-09-29 04:00:00,123.3475,125.5638,122.9578,124.6058
1759132800,2025-09-29 08:00:00,124.6045,127.9008,124.5527,127.8682
1759147200,2025-09-29 12:00:00,127.8815,128.4783,124.8651,125.0039
1759161600,2025-09-29 16:00:00,125.0079,126.3324,124.2936,124.4648
1759176000,2025-09-29 20:00:00,124.4706,126.5861,124.0303,126.2483
1759190400,2025-09-30 00:00:00,126.2403,126.3874,123.3945,124.3993
1759204800,2025-09-30 04:00:00,124.3997,125.5874,122.6961,122.9253
1759219200,2025-09-30 08:00:00,122.9086,122.911,121.88,122.1758
1759233600,2025-09-30 12:00:00,122.1971,122.5374,121.1112,121.3532
1759248000,2025-09-30 16:00:00,121.3664,122.542,120.9378,121.7701
1759262400,2025-09-30 20:00:00,121.7765,122.8267,120.0866,120.1596
1759276800,2025-10-01 00:00:00,120.1437,121.1178,119.4043,119.688
1759291200,2025-10-01 04:00:00,119.6638,120.9381,118.7887,120.8136
1759305600,2025-10-01 08:00:00,120.8267,121.6574,119.9734,120.4699
1759320000,2025-10-01 12:00:00,120.4638,120.6774,119.1885,119.9309
1759334400,2025-10-01 16:00:00,119.9251,120.2922,118.1412,118.9834
1759348800,2025-10-01 20:00:00,118.982,119.5039,117.709,117.7703
1759363200,2025-10-02 00:00:00,117.7599,119.176,117.0283,118.368
1759377600,2025-10-02 04:00:00,118.3891,119.5537,118.0321,119.5222
1759392000,2025-10-02 08:00:00,119.5623,122.0687,119.1518,121.8527
1759406400,2025-10-02 12:00:00,121.8692,121.9236,120.3819,121.1427
1759420800,2025-10-02 16:00:00,121.1242,123.0693,120.1865,122.855
1759435200,2025-10-02 20:00:00,122.85,123.3316,121.6509,121.7048
1759449600,2025-10-03 00:00:00,121.6716,121.8816,120.5201,120.7823
1759464000,2025-10-03 04:00:00,120.7642,120.8036,118.9456,120.137
1759478400,2025-10-03 08:00:00,120.1542,120.8192,119.4443,120.768
1759492800,2025-10-03 12:00:00,120.7545,121.5689,119.6451,120.7185
1759507200,2025-10-03 16:00:00,120.739,121.489,120.0345,120.2682
1759521600,2025-10-03 20:00:00,120.2458,121.964,119.3846,121.1324
1759536000,2025-10-04 00:00:00,121.1331,121.7696,119.9052,121.2909
1759550400,2025-10-04 04:00:00,121.2974,122.8465,121.1741,121.7604
1759564800,2025-10-04 08:00:00,121.7466,122.4652,119.7719,120.6896
1759579200,2025-10-04 12:00:00,120.7079,123.0456,120.2386,122.7982
1759593600,2025-10-04 16:00:00,122.8011,124.6822,122.7908,124.1382
1759608000,2025-10-04 20:00:00,124.1428,124.4066,123.0434,123.713
1759622400,2025-10-05 00:00:00,123.718,123.8281,122.5819,123.2487
1759636800,2025-10-05 04:00:00,123.2807,124.4351,122.7358,123.4649
1759651200,2025-10-05 08:00:00,123.4695,125.8043,123.2005,125.6072
1759665600,2025-10-05 12:00:00,125.6148,125.6772,124.4343,125.6628
1759680000,2025-10-05 16:00:00,125.6525,125.8301,124.3269,125.2324
1759694400,2025-10-05 20:00:00,125.2564,125.7786,124.2078,124.5055
1759708800,2025-10-06 00:00:00,124.4848,125.0896,123.3101,124.9356
1759723200,2025-10-06 04:00:00,124.934,125.4578,123.2848,123.9957
1759737600,2025-10-06 08:00:00,124.0027,126.1348,123.82,125.9133
1759752000,2025-10-06 12:00:00,125.8983,126.8807,124.8895,124.9072
1759766400,2025-10-06 16:00:00,124.9126,126.9923,124.7054,126.8343
1759780800,2025-10-06 20:00:00,126.8024,128.2812,126.3495,127.4899
1759795200,2025-10-07 00:00:00,127.4751,128.414,126.2381,126.4612
1759809600,2025-10-07 04:00:00,126.4786,128.2075,125.7633,126.4572
1759824000,2025-10-07 08:00:00,126.4741,126.9286,125.6601,126.052
1759838400,2025-10-07 12:00:00,126.0252,126.4053,125.3361,126.3436
1759852800,2025-10-07 16:00:00,126.3286,128.7595,126.2093,127.7954
1759867200,2025-10-07 20:00:00,127.7793,128.5192,127.3668,127.5864
1759881600,2025-10-08 00:00:00,127.5846,127.6736,123.9572,124.5615
1759896000,2025-10-08 04:00:00,124.5595,124.9455,122.8871,124.5374
1759910400,2025-10-08 08:00:00,124.544,126.6655,124.3782,125.6785
1759924800,2025-10-08 12:00:00,125.6706,125.8419,124.4433,125.1007
1759939200,2025-10-08 16:00:00,125.0909,126.1546,124.6034,125.5551
1759953600,2025-10-08 20:00:00,125.5782,127.8773,125.5777,127.0854
1759968000,2025-10-09 00:00:00,127.0881,127.5068,125.7504,126.1477
1759982400,2025-10-09 04:00:00,126.1489,128.3964,125.7716,128.2695
1759996800,2025-10-09 08:00:00,128.2978,129.8873,127.5476,129.4112
1760011200,2025-10-09 12:00:00,129.4224,131.6302,129.1536,131.0435
1760025600,2025-10-09 16:00:00,131.0517,131.9405,129.514,131.8725
1760040000,2025-10-09 20:00:00,131.8692,133.3316,131.6399,132.2004
1760054400,2025-10-10 00:00:00,132.2246,132.7162,131.0456,132.4896
1760068800,2025-10-10 04:00:00,132.4811,132.4811,130.1392,130.8898
1760083200,2025-10-10 08:00:00,130.8803,131.069,127.9759,128.6635
1760097600,2025-10-10 12:00:00,128.6643,130.3342,128.3592,130.2473
1760112000,2025-10-10 16:00:00,130.2657,130.4684,129.0441,129.6669
1760126400,2025-10-10 20:00:00,129.6751,130.7767,128.5936,128.8522
1760140800,2025-10-11 00:00:00,128.8503,128.9198,125.9078,126.4339
1760155200,2025-10-11 04:00:00,126.4434,127.2984,125.0146,125.0364
1760169600,2025-10-11 08:00:00,125.0054,125.6054,123.3481,123.8109
1760184000,2025-10-11 12:00:00,123.8074,123.8132,121.2378,123.2881
1760198400,2025-10-11 16:00:00,123.2672,123.5273,120.9961,121.2127
1760212800,2025-10-11 20:00:00,121.2311,122.9511,120.3892,122.8499
1760227200,2025-10-12 00:00:00,122.8122,123.7574,120.6432,120.6795
1760241600,2025-10-12 04:00:00,120.6735,123.3786,120.5653,122.1228
1760256000,2025-10-12 08:00:00,122.1033,124.2351,121.4425,123.3542
1760270400,2025-10-12 12:00:00,123.3483,123.9507,122.593,122.8939
1760284800,2025-10-12 16:00:00,122.8977,123.9744,122.3149,123.3792
1760299200,2025-10-12 20:00:00,123.3737,124.6755,122.2381,122.2636
1760313600,2025-10-13 00:00:00,122.2247,122.4188,120.8376,120.8984
1760328000,2025-10-13 04:00:00,120.9097,122.5529,120.8742,122.1137
1760342400,2025-10-13 08:00:00,122.1252,122.5211,120.0716,121.2053
1760356800,2025-10-13 12:00:00,121.2066,121.4214,119.4941,120.6073
1760371200,2025-10-13 16:00:00,120.6136,121.3603,119.879,121.1379
1760385600,2025-10-13 20:00:00,121.1518,122.4021,120.5124,122.2351
1760400000,2025-10-14 00:00:00,122.2321,122.2899,120.7526,121.684
1760414400,2025-10-14 04:00:00,121.6406,121.6489,119.9871,121.1034
1760428800,2025-10-14 08:00:00,121.0983,122.681,120.9685,121.2136
1760443200,2025-10-14 12:00:00,121.2299,123.843,121.0545,123.7271
1760457600,2025-10-14 16:00:00,123.7483,125.61,123.6779,125.3941
1760472000,2025-10-14 20:00:00,125.3885,125.7578,123.9184,123.9985
1760486400,2025-10-15 00:00:00,123.9719,125.2295,123.6469,124.1251
1760500800,2025-10-15 04:00:00,124.1226,125.099,123.1013,123.5615
1760515200,2025-10-15 08:00:00,123.5779,124.7635,122.9548,123.221
1760529600,2025-10-15 12:00:00,123.1966,126.5797,122.6954,125.2067
1760544000,2025-10-15 16:00:00,125.1905,126.385,124.9838,126.2934
1760558400,2025-10-15 20:00:00,126.2646,126.469,124.128,124.7703
1760572800,2025-10-16 00:00:00,124.7552,125.9686,124.178,125.7073
1760587200,2025-10-16 04:00:00,125.68,126.9178,125.3527,126.3367
1760601600,2025-10-16 08:00:00,126.3362,126.7927,124.9324,126.6831
1760616000,2025-10-16 12:00:00,126.6633,127.7451,126.0894,127.6858
1760630400,2025-10-16 16:00:00,127.6835,128.5796,126.8617,127.0051
1760644800,2025-10-16 20:00:00,127.0003,128.7775,126.894,127.6534
1760659200,2025-10-17 00:00:00,127.6414,127.6431,125.2089,125.8349
1760673600,2025-10-17 04:00:00,125.8206,126.1729,123.9263,124.1308
1760688000,2025-10-17 08:00:00,124.135,124.7597,123.451,124.2431
1760702400,2025-10-17 12:00:00,124.2484,126.6858,123.7667,125.6989
1760716800,2025-10-17 16:00:00,125.7332,126.5549,125.0309,126.4442
1760731200,2025-10-17 20:00:00,126.425,128.126,126.098,126.7074
1760745600,2025-10-18 00:00:00,126.7137,127.2367,125.4801,126.9806
1760760000,2025-10-18 04:00:00,126.9591,128.8644,126.9541,128.7289
1760774400,2025-10-18 08:00:00,128.7264,130.5535,128.5686,130.4426
1760788800,2025-10-18 12:00:00,130.4466,131.4648,130.2974,130.9236
1760803200,2025-10-18 16:00:00,130.9143,131.0113,129.7665,130.8409
1760817600,2025-10-18 20:00:00,130.8196,132.0628,130.1502,131.94
1760832000,2025-10-19 00:00:00,131.9512,132.2217,130.1986,130.2925
1760846400,2025-10-19 04:00:00,130.2584,130.8373,129.3369,129.5678
1760860800,2025-10-19 08:00:00,129.5289,129.9534,127.8626,128.2641
1760875200,2025-10-19 12:00:00,128.256,129.4866,128.123,129.051
1760889600,2025-10-19 16:00:00,129.0227,129.6811,128.649,129.0027
1760904000,2025-10-19 20:00:00,128.9691,129.2176,127.4845,127.6279
1760918400,2025-10-20 00:00:00,127.616,129.153,127.5178,129.0718
1760932800,2025-10-20 04:00:00,129.0598,130.8856,128.6266,130.0649
1760947200,2025-10-20 08:00:00,130.088,132.4135,129.8515,131.8047
1760961600,2025-10-20 12:00:00,131.8005,132.2715,130.2955,130.9488
1760976000,2025-10-20 16:00:00,130.9437,131.0816,128.8549,129.3618
1760990400,2025-10-20 20:00:00,129.3501,130.1493,127.5759,129.3628
1761004800,2025-10-21 00:00:00,129.3305,131.4508,129.0174,131.2264
1761019200,2025-10-21 04:00:00,131.1979,132.1213,130.249,131.6646
1761033600,2025-10-21 08:00:00,131.6668,132.5121,130.4598,131.2447
1761048000,2025-10-21 12:00:00,131.251,134.1184,131.2375,133.9874
1761062400,2025-10-21 16:00:00,133.9784,136.8669,133.468,136.6387
1761076800,2025-10-21 20:00:00,136.6445,137.2783,135.3416,135.7643
1761091200,2025-10-22 00:00:00,135.7536,136.2962,134.9697,135.3571
1761105600,2025-10-22 04:00:00,135.3343,136.9327,135.3343,136.4377
1761120000,2025-10-22 08:00:00,136.4212,136.6251,134.5041,134.674
1761134400,2025-10-22 12:00:00,134.6671,135.4446,134.1661,134.4123
1761148800,2025-10-22 16:00:00,134.4064,134.885,133.2033,133.3322
1761163200,2025-10-22 20:00:00,133.3262,134.2788,132.3811,132.7128
1761177600,2025-10-23 00:00:00,132.7128,133.1616,131.7843,132.3025
1761192000,2025-10-23 04:00:00,132.2959,133.0954,130.0093,132.7945
1761206400,2025-10-23 08:00:00,132.7567,134.1986,132.0726,134.0668
1761220800,2025-10-23 12:00:00,134.0603,135.9312,133.3587,135.9172
1761235200,2025-10-23 16:00:00,135.9075,136.3813,134.7495,136.1156
1761249600,2025-10-23 20:00:00,136.1353,136.8692,135.1195,135.7114
1761264000,2025-10-24 00:00:00,135.6916,137.4395,135.3801,137.3136
1761278400,2025-10-24 04:00:00,137.3057,139.7817,136.8303,138.7121
1761292800,2025-10-24 08:00:00,138.7186,139.9745,137.8848,137.9571
1761307200,2025-10-24 12:00:00,137.9346,138.5032,135.9997,137.2744
1761321600,2025-10-24 16:00:00,137.2447,137.6717,135.7736,137.0201
1761336000,2025-10-24 20:00:00,137.0264,138.9486,136.7042,136.7436
1761350400,2025-10-25 00:00:00,136.7587,137.9942,136.2473,137.0303
1761364800,2025-10-25 04:00:00,137.056,137.2731,136.0668,136.3247
1761379200,2025-10-25 08:00:00,136.3347,136.4977,135.0889,135.3938
1761393600,2025-10-25 12:00:00,135.3999,137.3666,135.0055,137.3508
1761408000,2025-10-25 16:00:00,137.3736,138.2673,136.699,137.9543
1761422400,2025-10-25 20:00:00,137.9348,139.541,136.5958,138.1773
1761436800,2025-10-26 00:00:00,138.1923,139.9582,137.7712,138.0114
1761451200,2025-10-26 04:00:00,137.9834,140.0498,137.6275,139.3038
1761465600,2025-10-26 08:00:00,139.3146,139.613,135.9467,137.0975
1761480000,2025-10-26 12:00:00,137.1219,138.4222,136.2199,136.4931
1761494400,2025-10-26 16:00:00,136.486,136.9693,135.7827,135.7839
1761508800,2025-10-26 20:00:00,135.8264,136.7858,134.7105,136.4945
1761523200,2025-10-27 00:00:00,136.497,137.8941,135.9754,136.4466
1761537600,2025-10-27 04:00:00,136.4552,138.8414,136.3278,136.9454
1761552000,2025-10-27 08:00:00,136.9584,138.1552,136.1962,137.2605
1761566400,2025-10-27 12:00:00,137.2503,139.0838,136.2425,137.7798
1761580800,2025-10-27 16:00:00,137.773,137.9769,134.9922,135.0659
1761595200,2025-10-27 20:00:00,135.047,136.0093,134.2014,136.0047
1761609600,2025-10-28 00:00:00,135.9782,136.1202,133.5319,134.1724
1761624000,2025-10-28 04:00:00,134.1714,134.2178,132.5746,133.0441
1761638400,2025-10-28 08:00:00,133.0462,133.5589,131.7109,132.8844
1761652800,2025-10-28 12:00:00,132.8946,135.7471,132.5407,135.6435
1761667200,2025-10-28 16:00:00,135.6506,137.2649,135.5584,136.1637
1761681600,2025-10-28 20:00:00,136.1857,136.9651,135.3031,136.3241
1761696000,2025-10-29 00:00:00,136.3299,136.4144,134.9819,135.2798
1761710400,2025-10-29 04:00:00,135.2683,135.295,133.5524,135.0482
1761724800,2025-10-29 08:00:00,135.0574,138.3046,134.6629,138.0057
1761739200,2025-10-29 12:00:00,138.0034,138.8984,136.7961,138.5098
1761753600,2025-10-29 16:00:00,138.5284,138.7751,135.6397,136.4787
1761768000,2025-10-29 20:00:00,136.4644,136.5665,134.1207,134.7648
1761782400,2025-10-30 00:00:00,134.7808,134.927,132.8131,133.7965
1761796800,2025-10-30 04:00:00,133.7866,135.2187,133.3715,134.3293
1761811200,2025-10-30 08:00:00,134.3274,135.2482,133.5636,133.6073
1761825600,2025-10-30 12:00:00,133.598,134.4402,131.0788,131.3098
1761840000,2025-10-30 16:00:00,131.3379,132.1683,130.4552,131.2237
1761854400,2025-10-30 20:00:00,131.2165,133.3261,130.5123,130.872
1761868800,2025-10-31 00:00:00,130.8633,133.6209,130.056,133.0538
1761883200,2025-10-31 04:00:00,133.0641,135.2163,132.5564,134.2387
1761897600,2025-10-31 08:00:00,134.2295,134.7523,132.6338,133.3142
1761912000,2025-10-31 12:00:00,133.2947,134.2421,132.6115,133.1713
1761926400,2025-10-31 16:00:00,133.1591,134.7332,132.7653,134.5544
1761940800,2025-10-31 20:00:00,134.5681,134.607,132.7516,133.7294
1761955200,2025-11-01 00:00:00,133.7249,134.0636,132.5365,132.9871
1761969600,2025-11-01 04:00:00,132.9749,133.4412,131.1365,131.7102
1761984000,2025-11-01 08:00:00,131.7058,133.1668,131.2145,133.1668
1761998400,2025-11-01 12:00:00,133.163,135.4731,132.5117,134.9708
1762012800,2025-11-01 16:00:00,134.9867,135.7545,133.719,134.4429
1762027200,2025-11-01 20:00:00,134.4201,134.9387,133.3112,133.5776
1762041600,2025-11-02 00:00:00,133.564,134.0696,131.4979,131.5142
1762056000,2025-11-02 04:00:00,131.5156,132.5332,131.2356,132.2271
1762070400,2025-11-02 08:00:00,132.2226,133.9712,131.313,133.6285
1762084800,2025-11-02 12:00:00,133.6354,134.3838,132.1091,132.8212
1762099200,2025-11-02 16:00:00,132.847,134.6523,132.5261,134.6523
1762113600,2025-11-02 20:00:00,134.649,135.1825,133.3756,133.5644
1762128000,2025-11-03 00:00:00,133.5506,133.8869,131.645,132.1575
1762142400,2025-11-03 04:00:00,132.1727,134.0806,131.6611,133.999
1762156800,2025-11-03 08:00:00,133.983,134.0302,131.3036,132.5216
1762171200,2025-11-03 12:00:00,132.5459,133.285,132.1918,132.8897
1762185600,2025-11-03 16:00:00,132.9029,133.9008,132.0424,132.2128
1762200000,2025-11-03 20:00:00,132.206,132.8863,130.7293,132.6495
1762214400,2025-11-04 00:00:00,132.6507,132.9162,130.7147,132.738
1762228800,2025-11-04 04:00:00,132.7437,134.2081,132.2336,133.2514
1762243200,2025-11-04 08:00:00,133.2273,134.2444,131.8969,132.6512
1762257600,2025-11-04 12:00:00,132.6623,132.9665,130.3879,130.9779
1762272000,2025-11-04 16:00:00,130.997,132.9,130.997,131.7838
1762286400,2025-11-04 20:00:00,131.7709,132.2384,130.7736,131.9706
1762300800,2025-11-05 00:00:00,131.9693,133.0105,131.0247,132.7442
1762315200,2025-11-05 04:00:00,132.765,133.5013,131.4016,131.6208
1762329600,2025-11-05 08:00:00,131.6232,132.128,129.9249,130.2524
1762344000,2025-11-05 12:00:00,130.244,131.0772,128.2416,128.3569
1762358400,2025-11-05 16:00:00,128.355,128.4415,126.6705,128.0955
1762372800,2025-11-05 20:00:00,128.0994,129.3037,127.8409,129.0682
1762387200,2025-11-06 00:00:00,129.0805,130.8851,128.8548,130.1369
1762401600,2025-11-06 04:00:00,130.1607,131.0597,129.0455,130.7588
1762416000,2025-11-06 08:00:00,130.7566,132.3391,130.6376,131.8479
1762430400,2025-11-06 12:00:00,131.8681,131.8681,129.7708,131.375
1762444800,2025-11-06 16:00:00,131.4067,133.9736,131.0063,132.9808
1762459200,2025-11-06 20:00:00,133.0105,136.5317,132.7475,136.3029
1762473600,2025-11-07 00:00:00,136.2994,136.5714,135.0295,135.8401
1762488000,2025-11-07 04:00:00,135.8585,139.9231,135.5037,138.5433
1762502400,2025-11-07 08:00:00,138.5731,138.6362,136.4068,137.2101
1762516800,2025-11-07 12:00:00,137.1877,138.4471,136.4268,137.6649
1762531200,2025-11-07 16:00:00,137.6612,138.6826,136.6558,137.3511
1762545600,2025-11-07 20:00:00,137.3533,139.4045,136.9913,137.8251
1762560000,2025-11-08 00:00:00,137.8277,139.0273,137.0891,137.2033
1762574400,2025-11-08 04:00:00,137.2339,137.2339,135.4828,136.6643
1762588800,2025-11-08 08:00:00,136.6782,138.5226,136.5877,137.9211
1762603200,2025-11-08 12:00:00,137.9125,140.0438,137.6365,139.2371
1762617600,2025-11-08 16:00:00,139.2414,139.9191,137.3559,137.498
1762632000,2025-11-08 20:00:00,137.5028,137.8851,136.0596,137.0177
1762646400,2025-11-09 00:00:00,136.9966,138.2845,135.7797,137.4445
1762660800,2025-11-09 04:00:00,137.4221,139.7905,137.1754,138.6839
1762675200,2025-11-09 08:00:00,138.6668,138.7812,136.455,136.7549
1762689600,2025-11-09 12:00:00,136.7549,139.0861,136.5998,138.3946
1762704000,2025-11-09 16:00:00,138.3874,139.3618,137.8875,138.4217
1762718400,2025-11-09 20:00:00,138.4253,138.9662,137.4111,137.4873
1762732800,2025-11-10 00:00:00,137.4933,137.8526,135.9165,135.9213
1762747200,2025-11-10 04:00:00,135.9194,136.1113,134.2357,135.1426
1762761600,2025-11-10 08:00:00,135.1453,135.9037,134.3693,134.6964
1762776000,2025-11-10 12:00:00,134.6848,135.1429,133.7046,134.0047
1762790400,2025-11-10 16:00:00,134.0061,137.2614,133.7052,137.1585
1762804800,2025-11-10 20:00:00,137.161,137.6987,133.7497,134.5726
1762819200,2025-11-11 00:00:00,134.5764,135.2189,133.0933,133.3943
1762833600,2025-11-11 04:00:00,133.365,135.3851,132.4153,135.0671
1762848000,2025-11-11 08:00:00,135.0436,138.1478,134.7417,137.9401
1762862400,2025-11-11 12:00:00,137.9377,139.068,135.9803,136.3226
1762876800,2025-11-11 16:00:00,136.3544,136.6088,134.0778,135.0034
1762891200,2025-11-11 20:00:00,134.9791,135.6276,134.0184,135.2648
1762905600,2025-11-12 00:00:00,135.2626,135.473,133.116,134.327
1762920000,2025-11-12 04:00:00,134.372,134.7819,132.6114,132.8745
1762934400,2025-11-12 08:00:00,132.8702,133.5727,131.5708,131.9757
1762948800,2025-11-12 12:00:00,131.9715,132.0633,130.72,131.1921
1762963200,2025-11-12 16:00:00,131.1977,133.9191,130.9433,133.8066
1762977600,2025-11-12 20:00:00,133.768,137.0738,133.6515,136.9902
1762992000,2025-11-13 00:00:00,136.9797,141.2429,136.8476,140.5059
1763006400,2025-11-13 04:00:00,140.5077,141.662,138.4073,138.7832
1763020800,2025-11-13 08:00:00,138.7807,139.3607,137.4957,138.2871
1763035200,2025-11-13 12:00:00,138.3062,139.7034,138.1091,139.1685
1763049600,2025-11-13 16:00:00,139.1685,139.9799,138.1919,138.6472
1763064000,2025-11-13 20:00:00,138.6785,140.9425,138.5939,139.8818
1763078400,2025-11-14 00:00:00,139.8409,141.7821,139.5303,141.2066
1763092800,2025-11-14 04:00:00,141.2027,142.8345,140.3869,140.7048
1763107200,2025-11-14 08:00:00,140.7086,141.4487,139.4022,141.1546
1763121600,2025-11-14 12:00:00,141.132,142.0577,140.1023,140.5022
1763136000,2025-11-14 16:00:00,140.4654,142.7066,139.726,141.9955
1763150400,2025-11-14 20:00:00,141.9858,145.3522,141.8117,144.0709
1763164800,2025-11-15 00:00:00,144.083,145.2794,143.2314,143.4882
1763179200,2025-11-15 04:00:00,143.5017,148.1186,143.2431,147.9452
1763193600,2025-11-15 08:00:00,147.944,148.8369,146.9963,148.5163
1763208000,2025-11-15 12:00:00,148.568,149.1017,146.7637,148.349
1763222400,2025-11-15 16:00:00,148.3506,149.3284,147.4332,149.201
1763236800,2025-11-15 20:00:00,149.2204,149.8792,148.0206,148.893
1763251200,2025-11-16 00:00:00,148.9021,149.5469,147.2696,149.275
1763265600,2025-11-16 04:00:00,149.2455,150.4644,148.6958,149.2592
1763280000,2025-11-16 08:00:00,149.2743,149.8634,147.3686,148.2585
1763294400,2025-11-16 12:00:00,148.2534,148.8662,144.793,145.4444
1763308800,2025-11-16 16:00:00,145.4365,146.287,144.4505,144.8424
1763323200,2025-11-16 20:00:00,144.8497,145.4211,143.4869,144.4316
1763337600,2025-11-17 00:00:00,144.4229,144.8403,143.0069,144.7428
1763352000,2025-11-17 04:00:00,144.7217,146.5061,144.3036,146.1331
1763366400,2025-11-17 08:00:00,146.1155,146.3346,144.6874,144.902
1763380800,2025-11-17 12:00:00,144.9281,146.3614,144.5954,145.38
1763395200,2025-11-17 16:00:00,145.3921,146.2561,144.4518,145.7198
1763409600,2025-11-17 20:00:00,145.7102,147.7549,145.3009,145.9974
1763424000,2025-11-18 00:00:00,145.9809,150.2898,145.94,150.2495
1763438400,2025-11-18 04:00:00,150.2373,154.4134,150.1467,154.0759
1763452800,2025-11-18 08:00:00,154.0952,154.3882,151.4813,151.9139
1763467200,2025-11-18 12:00:00,151.9126,153.9611,151.191,153.8394
1763481600,2025-11-18 16:00:00,153.8513,154.7857,153.6492,154.3059
1763496000,2025-11-18 20:00:00,154.2987,154.9102,152.7954,153.1601
1763510400,2025-11-19 00:00:00,153.1219,153.6974,152.1071,152.5257
1763524800,2025-11-19 04:00:00,152.5298,154.0776,150.8579,151.7492
1763539200,2025-11-19 08:00:00,151.7603,154.0754,150.9338,153.427
1763553600,2025-11-19 12:00:00,153.4076,153.9144,150.3822,150.4327
1763568000,2025-11-19 16:00:00,150.4333,150.4657,147.2467,148.1767
1763582400,2025-11-19 20:00:00,148.1777,149.3409,147.735,147.9121
1763596800,2025-11-20 00:00:00,147.9002,148.3412,146.3762,146.6619
1763611200,2025-11-20 04:00:00,146.6568,146.927,144.3525,144.4053
1763625600,2025-11-20 08:00:00,144.416,145.0749,142.368,142.3825
1763640000,2025-11-20 12:00:00,142.3676,144.58,141.6703,143.3463
1763654400,2025-11-20 16:00:00,143.3093,146.2811,143.2816,146.0534
1763668800,2025-11-20 20:00:00,146.0473,146.1711,143.4168,143.6619
1763683200,2025-11-21 00:00:00,143.645,146.2225,143.5428,145.8275
1763697600,2025-11-21 04:00:00,145.8233,146.9296,144.7804,144.925
1763712000,2025-11-21 08:00:00,144.9049,145.5931,143.4142,143.7067
1763726400,2025-11-21 12:00:00,143.7006,146.4017,143.5062,144.4292
1763740800,2025-11-21 16:00:00,144.4411,146.3841,143.8305,144.9866
1763755200,2025-11-21 20:00:00,144.9897,146.9547,144.2252,144.931
1763769600,2025-11-22 00:00:00,144.9243,145.2665,142.0835,142.8966
1763784000,2025-11-22 04:00:00,142.9186,145.6804,142.6949,144.2999
1763798400,2025-11-22 08:00:00,144.2884,146.1004,143.9656,145.5681
1763812800,2025-11-22 12:00:00,145.5688,146.1905,144.1499,144.1499
1763827200,2025-11-22 16:00:00,144.1693,146.2826,143.9881,146.2158
1763841600,2025-11-22 20:00:00,146.244,146.9958,144.4694,146.146
1763856000,2025-11-23 00:00:00,146.1503,146.3695,144.2309,144.7992
1763870400,2025-11-23 04:00:00,144.8146,147.5446,144.6117,145.2087
1763884800,2025-11-23 08:00:00,145.1961,145.8045,144.084,144.1158
1763899200,2025-11-23 12:00:00,144.1169,144.5685,142.5315,143.988
1763913600,2025-11-23 16:00:00,143.9982,145.8211,143.0166,145.4034
1763928000,2025-11-23 20:00:00,145.4143,145.9998,144.2751,145.3731
1763942400,2025-11-24 00:00:00,145.3796,147.7041,144.9624,145.5566
1763956800,2025-11-24 04:00:00,145.5596,146.9935,145.0009,146.5774
1763971200,2025-11-24 08:00:00,146.6087,148.0949,145.4827,148.064
1763985600,2025-11-24 12:00:00,148.073,151.4196,147.9124,150.6755
1764000000,2025-11-24 16:00:00,150.6808,151.9896,149.5929,151.6971
1764014400,2025-11-24 20:00:00,151.6937,151.8394,149.3764,151.1934
1764028800,2025-11-25 00:00:00,151.2119,152.386,149.9935,150.9017
1764043200,2025-11-25 04:00:00,150.8992,151.3077,147.1774,147.5661
1764057600,2025-11-25 08:00:00,147.5931,148.073,145.2399,146.3593
1764072000,2025-11-25 12:00:00,146.3477,146.9288,142.1245,142.272
1764086400,2025-11-25 16:00:00,142.2668,142.4488,140.0265,140.0737
1764100800,2025-11-25 20:00:00,140.0647,141.9247,138.2294,138.3321
1764115200,2025-11-26 00:00:00,138.3637,139.2772,137.685,138.7055
1764129600,2025-11-26 04:00:00,138.703,139.9339,137.2038,139.22
1764144000,2025-11-26 08:00:00,139.1998,139.4806,137.5261,138.5636
1764158400,2025-11-26 12:00:00,138.5777,139.0146,137.2829,138.525
1764172800,2025-11-26 16:00:00,138.4986,140.6089,137.9284,139.7493
1764187200,2025-11-26 20:00:00,139.794,140.0024,138.2387,139.1184
1764201600,2025-11-27 00:00:00,139.1036,141.178,139.0831,140.9255
1764216000,2025-11-27 04:00:00,140.9231,142.0958,140.1511,140.4565
1764230400,2025-11-27 08:00:00,140.4839,142.436,140.2959,142.0199
1764244800,2025-11-27 12:00:00,142.0023,142.7609,141.1396,142.0807
1764259200,2025-11-27 16:00:00,142.0775,142.3944,140.9671,142.2911
1764273600,2025-11-27 20:00:00,142.2946,143.3711,140.7625,142.2673
1764288000,2025-11-28 00:00:00,142.2343,144.0391,141.6665,142.9717
1764302400,2025-11-28 04:00:00,142.9807,143.5278,142.2359,142.6393
1764316800,2025-11-28 08:00:00,142.669,144.8135,141.7987,144.3101
1764331200,2025-11-28 12:00:00,144.3044,146.9447,144.0709,146.6484
1764345600,2025-11-28 16:00:00,146.6605,147.2334,145.0732,145.6431
1764360000,2025-11-28 20:00:00,145.66,145.7596,142.2922,143.1582
1764374400,2025-11-29 00:00:00,143.1363,143.7189,141.6323,143.4682
1764388800,2025-11-29 04:00:00,143.4747,143.6781,140.7477,140.9407
1764403200,2025-11-29 08:00:00,140.9331,141.8892,140.3593,140.8715
1764417600,2025-11-29 12:00:00,140.8537,143.837,140.5558,143.5505
1764432000,2025-11-29 16:00:00,143.5529,144.1584,141.378,143.4401
1764446400,2025-11-29 20:00:00,143.4576,144.1621,142.2534,143.08
1764460800,2025-11-30 00:00:00,143.0723,143.6917,141.6444,142.0119
1764475200,2025-11-30 04:00:00,141.9815,142.8693,140.854,141.1475
1764489600,2025-11-30 08:00:00,141.1387,141.9054,140.4911,141.6662
1764504000,2025-11-30 12:00:00,141.683,142.5259,140.7764,141.5533
1764518400,2025-11-30 16:00:00,141.5815,141.7922,138.0191,139.1725
1764532800,2025-11-30 20:00:00,139.1921,141.588,137.5791,138.4236
1764547200,2025-12-01 00:00:00,138.433,138.4334,137.0042,137.6574
1764561600,2025-12-01 04:00:00,137.6919,139.1478,136.7121,138.7477
1764576000,2025-12-01 08:00:00,138.7739,139.6129,136.2389,136.754
1764590400,2025-12-01 12:00:00,136.7722,137.6417,135.2756,136.7297
1764604800,2025-12-01 16:00:00,136.7014,139.1084,136.4483,138.4989
1764619200,2025-12-01 20:00:00,138.5143,138.5502,136.368,137.716
1764633600,2025-12-02 00:00:00,137.7502,139.7945,136.6014,138.6983
1764648000,2025-12-02 04:00:00,138.6751,139.8729,138.4377,139.5766
1764662400,2025-12-02 08:00:00,139.5679,140.5679,138.9605,140.5044
1764676800,2025-12-02 12:00:00,140.5012,141.1373,138.7257,140.9059
1764691200,2025-12-02 16:00:00,140.9226,141.9878,140.3872,141.6488
1764705600,2025-12-02 20:00:00,141.6154,141.6749,139.5881,139.9364
1764720000,2025-12-03 00:00:00,139.9219,143.1119,139.9219,142.5459
1764734400,2025-12-03 04:00:00,142.5452,142.7469,139.9278,140.4595
1764748800,2025-12-03 08:00:00,140.4628,140.5999,137.4809,138.2569
1764763200,2025-12-03 12:00:00,138.2777,138.4882,135.9571,136.2646
1764777600,2025-12-03 16:00:00,136.2598,137.7642,135.9677,136.1695
1764792000,2025-12-03 20:00:00,136.1624,137.2802,135.1957,136.7456
1764806400,2025-12-04 00:00:00,136.7367,136.8525,134.6266,135.0941
1764820800,2025-12-04 04:00:00,135.1237,136.494,134.0134,135.6119
1764835200,2025-12-04 08:00:00,135.6205,136.7674,135.402,136.3815
1764849600,2025-12-04 12:00:00,136.3791,137.5904,135.5808,137.2416
1764864000,2025-12-04 16:00:00,137.2556,138.0949,134.5872,135.7323
1764878400,2025-12-04 20:00:00,135.7259,136.1543,134.765,135.5597
1764892800,2025-12-05 00:00:00,135.5449,136.7011,135.1583,135.5402
1764907200,2025-12-05 04:00:00,135.548,137.1326,135.2229,135.6898
1764921600,2025-12-05 08:00:00,135.6637,136.8938,135.5543,135.868
1764936000,2025-12-05 12:00:00,135.8554,137.5409,134.5018,137.4034
1764950400,2025-12-05 16:00:00,137.4261,138.1042,136.4772,137.7228
1764964800,2025-12-05 20:00:00,137.715,137.7416,135.8523,136.7913
1764979200,2025-12-06 00:00:00,136.7931,136.9775,135.4497,136.3486
1764993600,2025-12-06 04:00:00,136.3686,139.9556,136.2902,139.4375
1765008000,2025-12-06 08:00:00,139.4121,140.7135,138.8036,139.5844
1765022400,2025-12-06 12:00:00,139.5662,140.5016,137.7938,139.7274
1765036800,2025-12-06 16:00:00,139.7173,142.7051,138.6722,142.4357
1765051200,2025-12-06 20:00:00,142.4359,142.8497,139.8483,141.9496
1765065600,2025-12-07 00:00:00,141.9592,142.3833,140.3049,141.2596
1765080000,2025-12-07 04:00:00,141.2607,142.6192,140.4142,142.2414
1765094400,2025-12-07 08:00:00,142.2532,143.8521,141.9332,143.6946
1765108800,2025-12-07 12:00:00,143.7278,144.8816,143.4057,144.24
1765123200,2025-12-07 16:00:00,144.2411,144.3869,143.0436,143.3325
1765137600,2025-12-07 20:00:00,143.3324,145.6144,143.2532,145.3061
1765152000,2025-12-08 00:00:00,145.3103,145.5665,143.3724,144.6511
1765166400,2025-12-08 04:00:00,144.635,145.2775,142.1414,142.5097
1765180800,2025-12-08 08:00:00,142.4941,142.8305,140.0128,141.6336
1765195200,2025-12-08 12:00:00,141.632,141.9962,140.0362,140.495
1765209600,2025-12-08 16:00:00,140.5096,140.8387,138.2286,138.4186
1765224000,2025-12-08 20:00:00,138.4099,139.0912,136.3149,136.9606
1765238400,2025-12-09 00:00:00,136.9549,137.0582,133.5637,133.8505
1765252800,2025-12-09 04:00:00,133.8696,134.2565,132.1243,132.8829
1765267200,2025-12-09 08:00:00,132.882,133.6339,132.1721,133.314
1765281600,2025-12-09 12:00:00,133.3143,133.672,132.3934,132.7451
1765296000,2025-12-09 16:00:00,132.7444,133.0948,130.5399,131.4551
1765310400,2025-12-09 20:00:00,131.4405,132.5728,131.0992,131.3849
1765324800,2025-12-10 00:00:00,131.3851,132.1042,129.4437,130.2794
1765339200,2025-12-10 04:00:00,130.2849,131.1237,129.6798,130.8625
1765353600,2025-12-10 08:00:00,130.8571,132.1151,130.6595,130.9168
1765368000,2025-12-10 12:00:00,130.9289,132.1933,130.7392,131.7759
1765382400,2025-12-10 16:00:00,131.7712,133.0421,131.1112,132.0958
1765396800,2025-12-10 20:00:00,132.1157,135.0345,131.9295,134.7836
1765411200,2025-12-11 00:00:00,134.7878,135.6543,133.6539,133.6674
1765425600,2025-12-11 04:00:00,133.6308,135.4723,132.2766,135.2726
1765440000,2025-12-11 08:00:00,135.2683,136.0765,134.9084,135.4966
1765454400,2025-12-11 12:00:00,135.4886,137.212,135.1662,136.993
1765468800,2025-12-11 16:00:00,136.9683,138.6336,136.8581,137.9587
1765483200,2025-12-11 20:00:00,137.9881,138.0833,134.5602,135.1804
1765497600,2025-12-12 00:00:00,135.204,138.543,135.132,138.2051
1765512000,2025-12-12 04:00:00,138.2159,140.1647,137.3951,139.5558
1765526400,2025-12-12 08:00:00,139.5655,139.6363,137.1648,138.901
1765540800,2025-12-12 12:00:00,138.896,140.2351,137.4977,139.6765
1765555200,2025-12-12 16:00:00,139.6924,142.1797,138.8311,142.0124
1765569600,2025-12-12 20:00:00,142,143.3649,141.2095,142.0645
1765584000,2025-12-13 00:00:00,142.0758,143.1664,141.2979,141.73
1765598400,2025-12-13 04:00:00,141.7208,143.1645,140.9613,142.9109
1765612800,2025-12-13 08:00:00,142.9203,143.2261,140.6318,142.115
1765627200,2025-12-13 12:00:00,142.1055,142.1553,139.9483,140.6315
1765641600,2025-12-13 16:00:00,140.6145,141.0935,139.3826,139.4197
1765656000,2025-12-13 20:00:00,139.4654,140.6106,139.0004,140.5391
1765670400,2025-12-14 00:00:00,140.5418,141.3864,139.7491,141.362
1765684800,2025-12-14 04:00:00,141.3908,143.5448,141.3013,142.8507
1765699200,2025-12-14 08:00:00,142.8285,144.1285,141.0075,142.1022
1765713600,2025-12-14 12:00:00,142.1291,142.9387,141.2096,141.6103
1765728000,2025-12-14 16:00:00,141.6159,143.3841,140.933,142.8493
1765742400,2025-12-14 20:00:00,142.8423,143.9762,142.5029,143.006
1765756800,2025-12-15 00:00:00,143.0258,144.6871,140.5582,140.5582
1765771200,2025-12-15 04:00:00,140.57,142.1868,140.4458,141.9838
1765785600,2025-12-15 08:00:00,142.0091,143.403,140.7989,142.8708
1765800000,2025-12-15 12:00:00,142.883,143.1926,141.1352,142.4039
1765814400,2025-12-15 16:00:00,142.4365,144.5767,142.2397,142.3135
1765828800,2025-12-15 20:00:00,142.3195,144.1636,142.2578,143.1142
1765843200,2025-12-16 00:00:00,143.1182,144.9979,143.0456,144.1987
1765857600,2025-12-16 04:00:00,144.1736,144.3447,142.7398,143.0497
1765872000,2025-12-16 08:00:00,143.0372,143.9253,142.2739,143.1176
1765886400,2025-12-16 12:00:00,143.1032,143.8134,142.3494,142.9962
1765900800,2025-12-16 16:00:00,143.007,143.309,141.477,142.3914
1765915200,2025-12-16 20:00:00,142.4219,142.975,140.1252,140.5462
1765929600,2025-12-17 00:00:00,140.5288,140.6106,137.9273,139.2054
1765944000,2025-12-17 04:00:00,139.221,140.9565,138.5159,140.3698
1765958400,2025-12-17 08:00:00,140.404,140.5466,137.1505,137.2771
1765972800,2025-12-17 12:00:00,137.2848,138.1669,136.7176,136.8814
1765987200,2025-12-17 16:00:00,136.8697,137.1614,135.7316,136.3851
1766001600,2025-12-17 20:00:00,136.3686,138.0578,136.2458,137.0612
1766016000,2025-12-18 00:00:00,137.051,137.622,134.2092,134.4498
1766030400,2025-12-18 04:00:00,134.4468,135.981,134.2383,135.8005
1766044800,2025-12-18 08:00:00,135.8183,136.275,134.7998,136.2613
1766059200,2025-12-18 12:00:00,136.2388,136.9091,134.9364,135.9832
1766073600,2025-12-18 16:00:00,135.9847,136.1617,133.6614,134.8788
1766088000,2025-12-18 20:00:00,134.8737,135.8548,133.9433,134.5236
1766102400,2025-12-19 00:00:00,134.5182,135.0634,133.0822,133.6082
1766116800,2025-12-19 04:00:00,133.6004,134.2885,132.3769,132.5325
1766131200,2025-12-19 08:00:00,132.5193,132.7913,129.5252,130.8848
1766145600,2025-12-19 12:00:00,130.8823,131.0656,128.4618,129.3846
1766160000,2025-12-19 16:00:00,129.3566,130.6059,128.7794,128.9231
1766174400,2025-12-19 20:00:00,128.9329,129.4928,126.8014,127.8579
1766188800,2025-12-20 00:00:00,127.8609,127.8609,125.8659,126.6513
1766203200,2025-12-20 04:00:00,126.625,126.7319,123.5426,123.6497
1766217600,2025-12-20 08:00:00,123.6273,125.6598,123.2901,125.0235
1766232000,2025-12-20 12:00:00,125.0376,128.1386,124.8394,127.978
1766246400,2025-12-20 16:00:00,127.9974,128.3044,126.697,127.6022
1766260800,2025-12-20 20:00:00,127.6144,129.8131,127.2787,129.6689
1766275200,2025-12-21 00:00:00,129.659,132.0814,129.6046,131.699
1766289600,2025-12-21 04:00:00,131.7317,131.9982,129.8718,130.1339
1766304000,2025-12-21 08:00:00,130.123,130.3881,129.1097,129.6393
1766318400,2025-12-21 12:00:00,129.6326,131.4861,128.9462,131.0628
1766332800,2025-12-21 16:00:00,131.0844,132.3294,130.7327,131.6192
1766347200,2025-12-21 20:00:00,131.6032,131.6795,129.1617,130.1624
1766361600,2025-12-22 00:00:00,130.1504,130.809,129.6745,130.3299
1766376000,2025-12-22 04:00:00,130.3262,130.6629,129.5805,130.0148
1766390400,2025-12-22 08:00:00,129.9904,130.4673,126.3868,126.4565
1766404800,2025-12-22 12:00:00,126.4451,127.3563,125.2737,125.6185
1766419200,2025-12-22 16:00:00,125.595,127.117,124.7301,127.0235
1766433600,2025-12-22 20:00:00,127.0223,128.8171,126.8691,127.9909
1766448000,2025-12-23 00:00:00,127.9614,128.5094,127.314,128.0865
1766462400,2025-12-23 04:00:00,128.0969,130.2476,128.0436,129.4963
1766476800,2025-12-23 08:00:00,129.5075,129.8784,127.7811,128.847
1766491200,2025-12-23 12:00:00,128.8596,129.5132,127.9931,128.85
1766505600,2025-12-23 16:00:00,128.8421,130.9065,128.5664,130.3309
1766520000,2025-12-23 20:00:00,130.3282,130.7743,129.3463,130.2525
1766534400,2025-12-24 00:00:00,130.2731,131.6182,129.8508,130.3544
1766548800,2025-12-24 04:00:00,130.3606,131.8599,129.4508,131.8315
1766563200,2025-12-24 08:00:00,131.8294,132.7113,131.1578,131.6175
1766577600,2025-12-24 12:00:00,131.6089,132.702,130.5515,131.0294
1766592000,2025-12-24 16:00:00,131.0479,131.5669,129.622,129.6525
1766606400,2025-12-24 20:00:00,129.6783,131.4417,129.5263,129.6602
1766620800,2025-12-25 00:00:00,129.6695,131.572,128.3337,131.0263
1766635200,2025-12-25 04:00:00,131.0055,132.318,130.4781,131.9777
1766649600,2025-12-25 08:00:00,131.9816,132.9675,131.602,132.5873
1766664000,2025-12-25 12:00:00,132.5979,134.978,132.0357,133.9745
1766678400,2025-12-25 16:00:00,133.9741,135.4875,132.7565,135.4035
1766692800,2025-12-25 20:00:00,135.4088,135.7395,134.0231,135.0491
1766707200,2025-12-26 00:00:00,135.0436,135.9052,133.4482,134.9698
1766721600,2025-12-26 04:00:00,134.9637,135.7632,133.1686,133.265
1766736000,2025-12-26 08:00:00,133.2902,134.4486,132.7392,134.3942
1766750400,2025-12-26 12:00:00,134.4077,134.5937,132.6443,133.2791
1766764800,2025-12-26 16:00:00,133.2904,133.6589,132.2824,133.413
1766779200,2025-12-26 20:00:00,133.4307,134.7589,133.3998,133.8526
1766793600,2025-12-27 00:00:00,133.8282,134.7779,132.6976,134.5489
1766808000,2025-12-27 04:00:00,134.5349,134.5782,131.2048,131.2469
1766822400,2025-12-27 08:00:00,131.2355,133.8004,130.9688,132.9483
1766836800,2025-12-27 12:00:00,132.9502,134.4122,132.5356,133.915
1766851200,2025-12-27 16:00:00,133.9483,135.4819,133.8119,134.5472
1766865600,2025-12-27 20:00:00,134.5422,134.7625,132.514,134.4986
1766880000,2025-12-28 00:00:00,134.4981,137.285,134.4384,136.4402
1766894400,2025-12-28 04:00:00,136.462,137.4014,135.5847,136.6427
1766908800,2025-12-28 08:00:00,136.6428,138.3208,136.3202,136.6851
1766923200,2025-12-28 12:00:00,136.6518,138.2022,136.2092,138.1573
1766937600,2025-12-28 16:00:00,138.1687,138.7424,135.9559,136.4085
1766952000,2025-12-28 20:00:00,136.4043,137.3342,135.03,136.4292
1766966400,2025-12-29 00:00:00,136.4286,136.9352,135.6313,136.1968
1766980800,2025-12-29 04:00:00,136.1814,136.3366,135.1165,135.6641
1766995200,2025-12-29 08:00:00,135.6478,137.3722,134.037,134.0405
1767009600,2025-12-29 12:00:00,134.0807,135.0129,132.4706,132.515
1767024000,2025-12-29 16:00:00,132.5296,133.2502,132.3776,132.4642
1767038400,2025-12-29 20:00:00,132.4551,132.7053,129.9546,129.9546
1767052800,2025-12-30 00:00:00,129.9284,130.4765,127.9613,128.6471
1767067200,2025-12-30 04:00:00,128.6683,128.9395,126.4896,126.717
1767081600,2025-12-30 08:00:00,126.7036,127.2666,125.9211,126.5455
1767096000,2025-12-30 12:00:00,126.5283,127.4298,125.588,127.2338
1767110400,2025-12-30 16:00:00,127.202,127.7115,126.0615,127.5467
1767124800,2025-12-30 20:00:00,127.578,130.2239,127.382,129.3737
1767139200,2025-12-31 00:00:00,129.3591,130.3771,128.2042,130.2878
1767153600,2025-12-31 04:00:00,130.2837,131.8634,129.0424,131.5621
1767168000,2025-12-31 08:00:00,131.562,133.2149,130.6384,133.1838
1767182400,2025-12-31 12:00:00,133.2119,133.9388,132.0843,133.5875
1767196800,2025-12-31 16:00:00,133.5746,134.5575,132.7789,132.85
1767211200,2025-12-31 20:00:00,132.8577,132.9579,129.7486,130.7187
1767225600,2026-01-01 00:00:00,130.721,131.0028,128.9839,130.067
1767240000,2026-01-01 04:00:00,130.0699,131.5829,129.6898,130.557
1767254400,2026-01-01 08:00:00,130.5601,131.5788,129.5766,130.1945
1767268800,2026-01-01 12:00:00,130.1841,131.29,129.3709,130.981
1767283200,2026-01-01 16:00:00,130.9873,131.1828,128.7477,130.0093
1767297600,2026-01-01 20:00:00,130.0023,131.4542,129.6146,130.3074
1767312000,2026-01-02 00:00:00,130.3175,130.4349,127.5734,127.6565
1767326400,2026-01-02 04:00:00,127.6507,127.8607,125.4996,126.1467
1767340800,2026-01-02 08:00:00,126.1616,128.7999,126.1616,127.6833
1767355200,2026-01-02 12:00:00,127.6965,128.2101,125.3733,126.1447
1767369600,2026-01-02 16:00:00,126.1227,126.68,124.9966,125.4386
1767384000,2026-01-02 20:00:00,125.4033,126.9268,125.2998,125.7229
1767398400,2026-01-03 00:00:00,125.7215,126.2122,124.9358,125.9544
1767412800,2026-01-03 04:00:00,125.9374,128.7193,125.5142,128.1658
1767427200,2026-01-03 08:00:00,128.1743,128.3741,127.0858,127.8999
1767441600,2026-01-03 12:00:00,127.8815,128.6772,126.924,128.5208
1767456000,2026-01-03 16:00:00,128.5,128.8358,127.5604,127.9498
1767470400,2026-01-03 20:00:00,127.9546,128.0374,126.6963,126.858
1767484800,2026-01-04 00:00:00,126.8663,127.08,125.798,125.9681
1767499200,2026-01-04 04:00:00,125.9732,127.5943,125.893,126.4797
1767513600,2026-01-04 08:00:00,126.47,126.9177,125.3791,126.6403
1767528000,2026-01-04 12:00:00,126.6349,127.8007,125.1833,126.9052
1767542400,2026-01-04 16:00:00,126.9073,128.2357,125.9751,126.7689
1767556800,2026-01-04 20:00:00,126.7845,128.3337,126.7178,127.8745
1767571200,2026-01-05 00:00:00,127.8774,130.5144,127.8279,130.4603
1767585600,2026-01-05 04:00:00,130.4698,131.0116,129.073,129.3758
1767600000,2026-01-05 08:00:00,129.3694,129.8149,128.1994,129.3378
1767614400,2026-01-05 12:00:00,129.3164,130.6651,128.8957,129.5044
1767628800,2026-01-05 16:00:00,129.5086,129.5523,127.4945,128.2683
1767643200,2026-01-05 20:00:00,128.2575,129.4641,128.1506,128.9276
1767657600,2026-01-06 00:00:00,128.9344,128.9818,127.7449,128.2379
1767672000,2026-01-06 04:00:00,128.2298,128.7079,126.5851,128.2642
1767686400,2026-01-06 08:00:00,128.3154,129.9377,128.0817,129.8879
1767700800,2026-01-06 12:00:00,129.9152,130.7528,128.1476,130.5619
1767715200,2026-01-06 16:00:00,130.5459,132.6348,130.5459,132.2361
1767729600,2026-01-06 20:00:00,132.2487,133.942,132.1952,133.5551
1767744000,2026-01-07 00:00:00,133.5392,133.6094,131.3801,131.7629
1767758400,2026-01-07 04:00:00,131.7484,132.6372,131.0406,132.1463
1767772800,2026-01-07 08:00:00,132.1543,132.7684,130.5524,131.2692
1767787200,2026-01-07 12:00:00,131.267,131.3554,128.7472,128.84
1767801600,2026-01-07 16:00:00,128.8421,129.5914,127.8006,128.327
1767816000,2026-01-07 20:00:00,128.3458,129.0398,127.0751,128.2633
1767830400,2026-01-08 00:00:00,128.2491,129.0929,127.3782,128.5895
1767844800,2026-01-08 04:00:00,128.607,129.824,127.7067,128.1653
1767859200,2026-01-08 08:00:00,128.1286,128.7399,125.5392,125.5578
1767873600,2026-01-08 12:00:00,125.5822,127.9201,125.3379,127.5623
1767888000,2026-01-08 16:00:00,127.5491,128.6718,126.6932,127.8516
1767902400,2026-01-08 20:00:00,127.8297,128.4677,125.605,126.2534
1767916800,2026-01-09 00:00:00,126.2488,127.7898,125.3268,126.9059
1767931200,2026-01-09 04:00:00,126.904,128.4477,126.5456,128.3517
1767945600,2026-01-09 08:00:00,128.3644,129.654,127.0529,129.5551
1767960000,2026-01-09 12:00:00,129.5411,130.7401,128.7548,130.476
1767974400,2026-01-09 16:00:00,130.4367,130.8947,128.9882,129.2057
1767988800,2026-01-09 20:00:00,129.2357,129.8189,128.1614,129.6036
1768003200,2026-01-10 00:00:00,129.6174,132.6255,129.5533,132.2808
1768017600,2026-01-10 04:00:00,132.2976,133.7529,132.1505,133.313
1768032000,2026-01-10 08:00:00,133.3192,133.5298,131.6562,131.8152
1768046400,2026-01-10 12:00:00,131.8315,132.1329,129.1885,129.7036
1768060800,2026-01-10 16:00:00,129.7083,131.9692,128.5093,131.3723
1768075200,2026-01-10 20:00:00,131.3701,133.4502,130.919,132.8159
1768089600,2026-01-11 00:00:00,132.8343,133.279,130.4732,130.7863
1768104000,2026-01-11 04:00:00,130.7573,131.8873,130.2469,130.9411
1768118400,2026-01-11 08:00:00,130.9296,132.8116,130.283,132.7692
1768132800,2026-01-11 12:00:00,132.7792,133.3493,131.8828,132.7698
1768147200,2026-01-11 16:00:00,132.7799,135.039,132.5023,134.0766
1768161600,2026-01-11 20:00:00,134.0756,134.7525,133.1951,134.7372
1768176000,2026-01-12 00:00:00,134.7373,135.399,134.0622,134.1345
1768190400,2026-01-12 04:00:00,134.1417,134.1676,132.3036,132.3629
1768204800,2026-01-12 08:00:00,132.4028,134.0266,131.3977,132.1729
1768219200,2026-01-12 12:00:00,132.1797,134.395,131.4744,133.6026
1768233600,2026-01-12 16:00:00,133.6326,134.1757,131.8121,133.207
1768248000,2026-01-12 20:00:00,133.1977,134.0077,132.3869,132.7919
1768262400,2026-01-13 00:00:00,132.799,133.6602,132.3834,132.9224
1768276800,2026-01-13 04:00:00,132.924,134.5593,132.833,134.019
1768291200,2026-01-13 08:00:00,134.0468,134.7036,132.3137,132.4086
1768305600,2026-01-13 12:00:00,132.4229,134.6428,132.2308,132.8079
1768320000,2026-01-13 16:00:00,132.8025,133.6463,131.8853,132.2662
1768334400,2026-01-13 20:00:00,132.2804,133.1831,131.1058,131.1451
1768348800,2026-01-14 00:00:00,131.1752,133.5642,131.0425,133.1689
1768363200,2026-01-14 04:00:00,133.166,134.4822,132.0644,134.0097
1768377600,2026-01-14 08:00:00,133.9752,134.0078,132.013,132.8838
1768392000,2026-01-14 12:00:00,132.8785,133.7985,131.7362,131.7589
1768406400,2026-01-14 16:00:00,131.7619,132.7604,129.5416,129.94
1768420800,2026-01-14 20:00:00,129.957,130.8214,129.4102,130.3635
1768435200,2026-01-15 00:00:00,130.3687,131.2049,129.6782,129.847
1768449600,2026-01-15 04:00:00,129.8333,130.3019,128.0704,128.3981
1768464000,2026-01-15 08:00:00,128.3902,130.7943,128.3614,129.4984
1768478400,2026-01-15 12:00:00,129.5192,130.1491,128.5645,129.0953
1768492800,2026-01-15 16:00:00,129.0726,129.8506,128.4067,129.3328
1768507200,2026-01-15 20:00:00,129.3452,129.4184,127.0904,128.3234
1768521600,2026-01-16 00:00:00,128.3354,129.4276,127.7992,128.6063
1768536000,2026-01-16 04:00:00,128.6216,128.7802,125.8728,126.1021
1768550400,2026-01-16 08:00:00,126.0944,127.0893,125.0429,126.8809
1768564800,2026-01-16 12:00:00,126.9005,127.9793,125.7995,127.518
1768579200,2026-01-16 16:00:00,127.4812,129.5595,127.0349,127.9471
1768593600,2026-01-16 20:00:00,127.9851,129.5898,127.9164,129.5439
1768608000,2026-01-17 00:00:00,129.5268,130.2786,128.4062,129.3174
1768622400,2026-01-17 04:00:00,129.3091,129.443,127.0761,127.8498
1768636800,2026-01-17 08:00:00,127.8748,129.4554,127.7058,128.75
1768651200,2026-01-17 12:00:00,128.7224,128.7351,126.9044,128.2354
1768665600,2026-01-17 16:00:00,128.2582,129.5143,127.7285,129.1366
1768680000,2026-01-17 20:00:00,129.14,130.7742,128.3657,128.3919
1768694400,2026-01-18 00:00:00,128.3838,129.6844,127.2474,129.4033
1768708800,2026-01-18 04:00:00,129.3974,129.5023,127.517,128.1687
1768723200,2026-01-18 08:00:00,128.1833,128.5922,126.7912,128.423
1768737600,2026-01-18 12:00:00,128.4483,128.6447,126.5475,126.6376
1768752000,2026-01-18 16:00:00,126.631,127.0389,125.7131,126.732
1768766400,2026-01-18 20:00:00,126.7635,127.3519,126.4001,126.6529
1768780800,2026-01-19 00:00:00,126.6376,126.7832,125.2274,125.5211
1768795200,2026-01-19 04:00:00,125.4993,125.79,122.6455,123.035
1768809600,2026-01-19 08:00:00,123.0233,126.8493,122.9078,126.5806
1768824000,2026-01-19 12:00:00,126.5798,126.7318,125.237,126.4491
1768838400,2026-01-19 16:00:00,126.4617,127.338,124.7743,125.2675
1768852800,2026-01-19 20:00:00,125.2517,125.8233,123.8509,124.8838
1768867200,2026-01-20 00:00:00,124.8655,125.2579,122.0568,122.2105
1768881600,2026-01-20 04:00:00,122.2364,122.7755,121.0652,121.5306
1768896000,2026-01-20 08:00:00,121.5418,122.301,120.0203,121.5164
1768910400,2026-01-20 12:00:00,121.5159,121.8874,120.3807,121.0323
1768924800,2026-01-20 16:00:00,121.0037,122.3067,120.978,121.4162
1768939200,2026-01-20 20:00:00,121.4109,121.621,118.7092,118.7236
1768953600,2026-01-21 00:00:00,118.7119,119.1714,118.0096,118.8904
1768968000,2026-01-21 04:00:00,118.9142,120.5592,118.8376,120.0225
1768982400,2026-01-21 08:00:00,120.006,121.5854,120.0045,120.533
1768996800,2026-01-21 12:00:00,120.5259,121.0828,119.1409,119.1445
1769011200,2026-01-21 16:00:00,119.1606,119.2798,117.5677,118.9649
1769025600,2026-01-21 20:00:00,118.9611,119.5318,117.6644,118.2373
1769040000,2026-01-22 00:00:00,118.2346,119.7084,117.9844,119.0583
1769054400,2026-01-22 04:00:00,119.0368,119.9931,118.5401,118.8739
1769068800,2026-01-22 08:00:00,118.8858,120.1405,117.8556,118.7507
1769083200,2026-01-22 12:00:00,118.7475,118.8176,117.3428,118.583
1769097600,2026-01-22 16:00:00,118.5886,119.6739,117.9613,119.5688
1769112000,2026-01-22 20:00:00,119.5489,121.4736,119.4922,120.9748
1769126400,2026-01-23 00:00:00,120.9617,122.0888,120.3513,121.5057
1769140800,2026-01-23 04:00:00,121.5229,122.0455,119.7535,120.4661
1769155200,2026-01-23 08:00:00,120.4582,121.7474,120.1982,120.9389
1769169600,2026-01-23 12:00:00,120.9351,121.2477,119.3184,119.632
1769184000,2026-01-23 16:00:00,119.617,120.624,118.9682,120.5466
1769198400,2026-01-23 20:00:00,120.5364,121.3869,119.7262,120.3528
1769212800,2026-01-24 00:00:00,120.3577,122.6712,120.0655,122.6274
1769227200,2026-01-24 04:00:00,122.6379,124.1272,122.3871,123.8296
1769241600,2026-01-24 08:00:00,123.8553,124.0761,121.8758,122.0598
1769256000,2026-01-24 12:00:00,122.0601,122.6236,121.4984,121.919
1769270400,2026-01-24 16:00:00,121.9287,122.9274,121.7443,122.2015
1769284800,2026-01-24 20:00:00,122.2117,124.7443,121.6741,124.2496
1769299200,2026-01-25 00:00:00,124.2222,125.1617,123.2583,124.9209
1769313600,2026-01-25 04:00:00,124.9642,125.1449,123.0638,123.2085
1769328000,2026-01-25 08:00:00,123.1902,123.6738,121.1108,121.1686
1769342400,2026-01-25 12:00:00,121.1747,122.7071,120.03,120.1669
1769356800,2026-01-25 16:00:00,120.1727,121.6757,119.5798,120.7093
1769371200,2026-01-25 20:00:00,120.6963,121.0381,118.8403,118.8468
1769385600,2026-01-26 00:00:00,118.8442,120.5094,118.6853,120.3872
1769400000,2026-01-26 04:00:00,120.3614,122.5798,120.149,120.9202
1769414400,2026-01-26 08:00:00,120.9492,120.9651,118.2367,118.244
1769428800,2026-01-26 12:00:00,118.2576,119.5536,117.8127,119.5298
1769443200,2026-01-26 16:00:00,119.5402,121.0236,118.5478,120.8071
1769457600,2026-01-26 20:00:00,120.8062,121.6817,119.7258,120.1083
1769472000,2026-01-27 00:00:00,120.1097,120.7593,119.2876,120.7517
1769486400,2026-01-27 04:00:00,120.773,121.3379,119.7442,120.5974
1769500800,2026-01-27 08:00:00,120.599,121.5813,120.1233,120.7231
1769515200,2026-01-27 12:00:00,120.7275,120.814,119.158,119.1854
1769529600,2026-01-27 16:00:00,119.1791,119.2022,117.1495,117.5873
1769544000,2026-01-27 20:00:00,117.6173,119.4533,117.0469,119.3142
1769558400,2026-01-28 00:00:00,119.3164,120.6367,118.3082,118.8516
1769572800,2026-01-28 04:00:00,118.8578,119.809,117.768,118.061
1769587200,2026-01-28 08:00:00,118.0642,118.5867,117.186,118.4352
1769601600,2026-01-28 12:00:00,118.4171,119.1817,116.2397,116.516
1769616000,2026-01-28 16:00:00,116.4966,117.6841,116.3061,116.8652
1769630400,2026-01-28 20:00:00,116.8808,117.1833,115.4086,115.9046
1769644800,2026-01-29 00:00:00,115.9138,116.7076,115.4161,116.6842
1769659200,2026-01-29 04:00:00,116.685,116.7738,115.3602,115.7013
1769673600,2026-01-29 08:00:00,115.6998,116.7778,114.8491,116.2593
1769688000,2026-01-29 12:00:00,116.2499,116.9788,115.1125,116.8498
1769702400,2026-01-29 16:00:00,116.8398,117.1874,115.2018,115.2161
1769716800,2026-01-29 20:00:00,115.2445,115.5084,114.0503,114.3967
1769731200,2026-01-30 00:00:00,114.3794,114.8168,113.0488,113.1478
1769745600,2026-01-30 04:00:00,113.1369,113.284,111.7633,112.0105
1769760000,2026-01-30 08:00:00,112.0044,112.0044,110.3141,111.3607
1769774400,2026-01-30 12:00:00,111.3692,111.9921,111.0383,111.2761
1769788800,2026-01-30 16:00:00,111.2731,112.1772,109.9873,110.1397
1769803200,2026-01-30 20:00:00,110.1382,111.0648,109.239,109.8491
1769817600,2026-01-31 00:00:00,109.8339,111.1628,109.1465,110.7682
1769832000,2026-01-31 04:00:00,110.7754,111.0682,109.7739,110.7203
1769846400,2026-01-31 08:00:00,110.7276,111.7941,110.6786,111.2505
1769860800,2026-01-31 12:00:00,111.2423,113.4254,111.134,112.9535
1769875200,2026-01-31 16:00:00,112.9644,113.5157,112.2044,112.8869
1769889600,2026-01-31 20:00:00,112.8744,113.4055,111.8517,113.2068
1769904000,2026-02-01 00:00:00,113.1862,113.7092,111.6023,112.3548
1769918400,2026-02-01 04:00:00,112.3462,114.0866,112.3418,113.7368
1769932800,2026-02-01 08:00:00,113.7274,115.3986,113.2898,115.3782
1769947200,2026-02-01 12:00:00,115.374,116.2374,113.9333,114.4478
1769961600,2026-02-01 16:00:00,114.4382,115.288,114.0053,115.0781
1769976000,2026-02-01 20:00:00,115.0778,117.1037,114.5795,116.3193
1769990400,2026-02-02 00:00:00,116.3406,117.3685,115.8318,116.5269
1770004800,2026-02-02 04:00:00,116.5157,116.6321,115.2886,116.1906
1770019200,2026-02-02 08:00:00,116.1857,117.3281,115.8688,116.1305
1770033600,2026-02-02 12:00:00,116.1521,118.6291,115.2357,118.4753
1770048000,2026-02-02 16:00:00,118.5061,119.5693,117.6965,119.4225
1770062400,2026-02-02 20:00:00,119.4571,121.1087,119.4224,120.7742
1770076800,2026-02-03 00:00:00,120.7807,121.1984,120.0131,120.7664
1770091200,2026-02-03 04:00:00,120.7597,120.7621,118.3034,118.3368
1770105600,2026-02-03 08:00:00,118.3358,118.7327,117.5033,118.5478
1770120000,2026-02-03 12:00:00,118.5558,120.6218,118.3043,120.5232
1770134400,2026-02-03 16:00:00,120.5436,120.7828,118.8781,119.287
1770148800,2026-02-03 20:00:00,119.2856,120.3339,118.7578,119.4264
1770163200,2026-02-04 00:00:00,119.4411,119.557,116.6517,117.7319
1770177600,2026-02-04 04:00:00,117.7488,118.2481,116.3199,116.9254
1770192000,2026-02-04 08:00:00,116.8876,117.6103,115.7504,116.4478
1770206400,2026-02-04 12:00:00,116.4377,118.2542,116.2496,117.5318
1770220800,2026-02-04 16:00:00,117.5399,119.1622,117.1632,118.8286
1770235200,2026-02-04 20:00:00,118.8246,119.5594,118.2644,118.6626
1770249600,2026-02-05 00:00:00,118.6549,118.7871,116.5966,118.7202
1770264000,2026-02-05 04:00:00,118.7144,118.7144,116.8025,117.5174
1770278400,2026-02-05 08:00:00,117.535,117.737,116.2011,116.6946
1770292800,2026-02-05 12:00:00,116.7231,118.6489,116.6385,117.6944
1770307200,2026-02-05 16:00:00,117.6934,118.1307,114.6589,114.6589
1770321600,2026-02-05 20:00:00,114.6652,116.3458,114.11,116.1234
1770336000,2026-02-06 00:00:00,116.145,116.6067,113.6486,113.9231
1770350400,2026-02-06 04:00:00,113.8936,114.7796,113.2391,114.3027
1770364800,2026-02-06 08:00:00,114.3126,115.5926,113.3806,115.4751
1770379200,2026-02-06 12:00:00,115.488,117.7237,115.2763,116.2493
1770393600,2026-02-06 16:00:00,116.2631,119.1606,116.1554,116.9767
1770408000,2026-02-06 20:00:00,116.9822,117.7835,115.1089,115.2711
1770422400,2026-02-07 00:00:00,115.2565,115.3045,113.6555,113.8916
1770436800,2026-02-07 04:00:00,113.8741,114.9587,113.6101,114.7145
1770451200,2026-02-07 08:00:00,114.7389,114.7465,113.3061,114.046
1770465600,2026-02-07 12:00:00,114.0591,115.3887,113.7734,114.1561
1770480000,2026-02-07 16:00:00,114.1653,114.9036,113.5053,114.3746
1770494400,2026-02-07 20:00:00,114.372,114.5544,112.4932,113.5447
1770508800,2026-02-08 00:00:00,113.5549,113.9882,111.2862,112.0062
1770523200,2026-02-08 04:00:00,112.021,113.0289,111.713,112.7982
1770537600,2026-02-08 08:00:00,112.8141,112.8422,111.5765,112.3019
1770552000,2026-02-08 12:00:00,112.3065,113.2726,111.1292,111.4649
1770566400,2026-02-08 16:00:00,111.4781,111.808,109.6517,110.0828
1770580800,2026-02-08 20:00:00,110.1104,111.2551,109.6955,111.1395
1770595200,2026-02-09 00:00:00,111.1542,111.6675,110.227,111.0702
1770609600,2026-02-09 04:00:00,111.0635,114.4021,111.0635,113.2976
1770624000,2026-02-09 08:00:00,113.2826,114.3192,112.4216,112.9998
1770638400,2026-02-09 12:00:00,112.9734,114.749,112.8853,113.0346
1770652800,2026-02-09 16:00:00,113.0298,113.2904,112.0974,113.1375
1770667200,2026-02-09 20:00:00,113.1255,114.4297,112.9288,114.341
1770681600,2026-02-10 00:00:00,114.3331,114.9775,112.6975,113.6992
1770696000,2026-02-10 04:00:00,113.6887,114.3953,113.4646,114.0115
1770710400,2026-02-10 08:00:00,114.0291,114.3057,112.5967,113.6626
1770724800,2026-02-10 12:00:00,113.6434,114.4991,111.8627,112.0251
1770739200,2026-02-10 16:00:00,112.0206,112.1333,110.8174,111.7707
1770753600,2026-02-10 20:00:00,111.7836,112.2179,110.481,111.0702
1770768000,2026-02-11 00:00:00,111.0927,111.1358,109.4073,109.5761
1770782400,2026-02-11 04:00:00,109.5667,110.9779,109.4531,110.5481
1770796800,2026-02-11 08:00:00,110.5697,112.5636,110.2947,112.4757
1770811200,2026-02-11 12:00:00,112.4588,112.4588,110.1274,110.2233
1770825600,2026-02-11 16:00:00,110.2299,110.6929,109.5079,110.4955
1770840000,2026-02-11 20:00:00,110.4913,112.0568,110.3954,110.935
1770854400,2026-02-12 00:00:00,110.9202,112.1701,109.9795,110.3553
1770868800,2026-02-12 04:00:00,110.3384,111.3362,109.5675,111.3033
1770883200,2026-02-12 08:00:00,111.3254,111.4883,109.7201,110.6574
1770897600,2026-02-12 12:00:00,110.6645,111.4093,110.1406,111.1365
1770912000,2026-02-12 16:00:00,111.1444,111.6988,110.3737,110.5982
1770926400,2026-02-12 20:00:00,110.5827,111.0792,109.0101,109.2726
1770940800,2026-02-13 00:00:00,109.2818,110.7138,108.5657,109.6803
1770955200,2026-02-13 04:00:00,109.7029,111.4355,109.346,111.296
1770969600,2026-02-13 08:00:00,111.3074,111.4958,110.1956,111.1594
1770984000,2026-02-13 12:00:00,111.166,111.9343,108.6368,108.8303
1770998400,2026-02-13 16:00:00,108.8285,109.225,107.7057,107.8454
1771012800,2026-02-13 20:00:00,107.8438,109.2646,107.7312,109.1541
1771027200,2026-02-14 00:00:00,109.1447,110.5825,108.8987,109.7214
1771041600,2026-02-14 04:00:00,109.7196,112.661,109.4817,112.2846
1771056000,2026-02-14 08:00:00,112.2881,112.906,111.794,112.1868
1771070400,2026-02-14 12:00:00,112.1669,113.9781,111.254,113.4992
1771084800,2026-02-14 16:00:00,113.5001,116.1052,113.236,116.0215
1771099200,2026-02-14 20:00:00,116.0357,116.533,114.987,115.7311
1771113600,2026-02-15 00:00:00,115.7387,116.527,115.5534,116.1577
1771128000,2026-02-15 04:00:00,116.1721,117.027,115.4585,116.0594
1771142400,2026-02-15 08:00:00,116.0343,117.9035,115.4048,117.7015
1771156800,2026-02-15 12:00:00,117.7076,118.1859,116.9057,117.8014
1771171200,2026-02-15 16:00:00,117.7997,118.6317,117.2412,117.8567
1771185600,2026-02-15 20:00:00,117.8674,119.4431,117.4751,119.3563
1771200000,2026-02-16 00:00:00,119.3661,119.5688,117.572,118.0564
1771214400,2026-02-16 04:00:00,118.0552,118.9828,117.0753,117.3115
1771228800,2026-02-16 08:00:00,117.327,118.6114,116.7876,117.3558
1771243200,2026-02-16 12:00:00,117.3351,120.3192,117.0467,119.0013
1771257600,2026-02-16 16:00:00,119.0105,119.0989,117.0995,117.5061
1771272000,2026-02-16 20:00:00,117.5145,119.0147,117.3674,118.1698
1771286400,2026-02-17 00:00:00,118.1621,119.6401,117.6428,119.3199
1771300800,2026-02-17 04:00:00,119.3418,119.7384,117.8839,118.0199
1771315200,2026-02-17 08:00:00,117.9927,118.7813,117.4941,117.909
1771329600,2026-02-17 12:00:00,117.8732,119.2498,117.7797,118.6315
1771344000,2026-02-17 16:00:00,118.62,120.0877,117.7856,119.6578
1771358400,2026-02-17 20:00:00,119.6482,121.0161,119.3197,120.2201
1771372800,2026-02-18 00:00:00,120.2089,122.7176,120.0398,122.3735
1771387200,2026-02-18 04:00:00,122.3612,123.2275,121.4964,122.0375
1771401600,2026-02-18 08:00:00,122.0145,122.4032,120.0593,120.2645
1771416000,2026-02-18 12:00:00,120.2717,121.3887,119.3231,119.7894
1771430400,2026-02-18 16:00:00,119.8063,121.4511,118.4689,121.4511
1771444800,2026-02-18 20:00:00,121.4547,121.8124,120.1202,120.477
1771459200,2026-02-19 00:00:00,120.478,120.7826,119.3864,119.4055
1771473600,2026-02-19 04:00:00,119.3909,120.0332,117.3995,117.5674
1771488000,2026-02-19 08:00:00,117.5637,118.7877,116.5584,118.4608
1771502400,2026-02-19 12:00:00,118.4558,121.1447,118.204,121.1447
1771516800,2026-02-19 16:00:00,121.1466,121.6784,119.4642,120.8268
1771531200,2026-02-19 20:00:00,120.8231,120.9212,119.1494,119.2215
1771545600,2026-02-20 00:00:00,119.2485,119.6444,118.29,119.2828
1771560000,2026-02-20 04:00:00,119.3062,119.6122,117.836,118.3767
1771574400,2026-02-20 08:00:00,118.3847,118.7767,114.4258,114.6563
1771588800,2026-02-20 12:00:00,114.6464,114.8847,112.235,113.0975
1771603200,2026-02-20 16:00:00,113.0761,114.5555,112.8466,113.4321
1771617600,2026-02-20 20:00:00,113.4319,113.7731,111.8779,112.6057
1771632000,2026-02-21 00:00:00,112.6129,112.911,109.9954,110.2172
1771646400,2026-02-21 04:00:00,110.2055,111.5645,110.1385,111.3985
1771660800,2026-02-21 08:00:00,111.3921,111.6888,110.2427,111.2725
1771675200,2026-02-21 12:00:00,111.2778,111.6688,109.7342,111.3684
1771689600,2026-02-21 16:00:00,111.3988,112.3572,110.3069,111.8096
1771704000,2026-02-21 20:00:00,111.7842,111.8772,110.9766,111.3817
1771718400,2026-02-22 00:00:00,111.3752,111.6229,109.6405,109.8514
1771732800,2026-02-22 04:00:00,109.8263,110.2943,109.2553,109.5793
1771747200,2026-02-22 08:00:00,109.5949,111.0409,109.5575,110.6372
1771761600,2026-02-22 12:00:00,110.6472,111.2262,110.0139,110.2364
1771776000,2026-02-22 16:00:00,110.2282,111.0089,108.2473,108.4401
1771790400,2026-02-22 20:00:00,108.4589,109.3039,107.3266,107.3858
1771804800,2026-02-23 00:00:00,107.3901,109.128,106.991,109.0195
1771819200,2026-02-23 04:00:00,109.0222,109.5712,107.6499,108.3899
1771833600,2026-02-23 08:00:00,108.3999,108.4583,106.0014,106.4601
1771848000,2026-02-23 12:00:00,106.4538,106.5052,104.8352,105.8094
1771862400,2026-02-23 16:00:00,105.823,107.4761,105.823,107.3965
1771876800,2026-02-23 20:00:00,107.3908,108.8443,107.3402,108.1605
1771891200,2026-02-24 00:00:00,108.1774,109.5475,108.0844,109.4354
1771905600,2026-02-24 04:00:00,109.4451,109.5288,108.0258,108.8899
1771920000,2026-02-24 08:00:00,108.9097,109.5851,108.2679,109.4584
1771934400,2026-02-24 12:00:00,109.4587,109.596,107.1365,107.658
1771948800,2026-02-24 16:00:00,107.6589,108.7772,107.4445,108.1507
1771963200,2026-02-24 20:00:00,108.1603,108.5386,106.6647,106.8788
1771977600,2026-02-25 00:00:00,106.8592,108.0957,106.2991,107.798
1771992000,2026-02-25 04:00:00,107.8073,108.8076,106.9536,108.8076
1772006400,2026-02-25 08:00:00,108.8131,110.3409,108.8131,109.6257
1772020800,2026-02-25 12:00:00,109.605,111.5846,109.563,111.1394
1772035200,2026-02-25 16:00:00,111.1411,112.2248,110.7473,112.09
1772049600,2026-02-25 20:00:00,112.115,113.0834,111.7578,112.4321
1772064000,2026-02-26 00:00:00,112.4275,113.1282,111.7277,112.2317
1772078400,2026-02-26 04:00:00,112.2433,113.7854,111.7104,113.659
1772092800,2026-02-26 08:00:00,113.6731,114.8765,113.282,114.4552
1772107200,2026-02-26 12:00:00,114.4465,115.8765,113.7169,114.5519
1772121600,2026-02-26 16:00:00,114.539,115.5548,113.7655,115.1798
1772136000,2026-02-26 20:00:00,115.1823,116.3927,115.1823,115.7143
1772150400,2026-02-27 00:00:00,115.7096,115.8823,112.1798,112.422
1772164800,2026-02-27 04:00:00,112.4047,113.1923,111.1467,113.105
1772179200,2026-02-27 08:00:00,113.1088,113.9684,111.8359,112.088
1772193600,2026-02-27 12:00:00,112.0822,112.8426,111.5747,112.0428
1772208000,2026-02-27 16:00:00,112.046,112.8458,111.3567,112.4823
1772222400,2026-02-27 20:00:00,112.5057,114.4049,112.4178,114.3115
1772236800,2026-02-28 00:00:00,114.3148,114.4007,112.5435,112.5435
1772251200,2026-02-28 04:00:00,112.5601,112.9847,111.5774,112.2722
1772265600,2026-02-28 08:00:00,112.2925,113.0825,111.1929,112.3618
1772280000,2026-02-28 12:00:00,112.3663,112.4545,109.1758,109.6341
1772294400,2026-02-28 16:00:00,109.6261,111.3888,109.3369,111.2925
1772308800,2026-02-28 20:00:00,111.3141,112.3251,110.9439,111.1845
1772323200,2026-03-01 00:00:00,111.2218,111.6896,110.4496,111.0462
1772337600,2026-03-01 04:00:00,111.0564,111.2003,109.1344,110.2812
1772352000,2026-03-01 08:00:00,110.302,110.7624,108.1146,108.2097
1772366400,2026-03-01 12:00:00,108.2014,108.7208,107.4161,108.0335
1772380800,2026-03-01 16:00:00,108.0358,108.1204,105.6283,106.0659
1772395200,2026-03-01 20:00:00,106.0584,107.2105,105.8892,106.8591
1772409600,2026-03-02 00:00:00,106.8526,109.2592,106.8064,109.1486
1772424000,2026-03-02 04:00:00,109.149,110.0918,108.7735,108.9462
1772438400,2026-03-02 08:00:00,108.963,109.1937,108.0948,108.7698
1772452800,2026-03-02 12:00:00,108.779,109.6476,107.7014,107.7014
1772467200,2026-03-02 16:00:00,107.7032,108.089,106.1633,106.4194
1772481600,2026-03-02 20:00:00,106.4002,107.2585,105.4746,106.9876
1772496000,2026-03-03 00:00:00,106.9813,107.343,105.9231,106.8391
1772510400,2026-03-03 04:00:00,106.8463,107.0149,105.3849,105.8764
1772524800,2026-03-03 08:00:00,105.864,107.4967,104.9341,107.3797
1772539200,2026-03-03 12:00:00,107.3851,109.6379,107.2032,108.9968
1772553600,2026-03-03 16:00:00,108.9765,109.7092,108.6826,109.3107
1772568000,2026-03-03 20:00:00,109.3124,110.2231,108.9358,109.4475
1772582400,2026-03-04 00:00:00,109.4458,111.9306,109.3282,111.5183
1772596800,2026-03-04 04:00:00,111.496,113.0129,110.5542,110.5585
1772611200,2026-03-04 08:00:00,110.5667,110.9447,109.927,110.4508
1772625600,2026-03-04 12:00:00,110.4305,111.3619,109.1786,109.2957
1772640000,2026-03-04 16:00:00,109.2678,109.826,107.7494,108.7408
1772654400,2026-03-04 20:00:00,108.7403,109.7535,108.6606,109.1187
1772668800,2026-03-05 00:00:00,109.1068,110.7092,109.0879,110.3409
1772683200,2026-03-05 04:00:00,110.3535,110.9652,109.2812,110.4595
1772697600,2026-03-05 08:00:00,110.4647,111.3564,109.9317,110.0439
1772712000,2026-03-05 12:00:00,110.0243,111.3422,109.7616,110.9526
1772726400,2026-03-05 16:00:00,110.9508,111.1727,109.3611,109.4333
1772740800,2026-03-05 20:00:00,109.4323,110.2213,108.6289,109.0279
1772755200,2026-03-06 00:00:00,109.0464,109.6261,108.2207,109.1654
1772769600,2026-03-06 04:00:00,109.1757,110.9701,109.0608,110.9596
1772784000,2026-03-06 08:00:00,110.9425,112.1141,109.656,109.9654
1772798400,2026-03-06 12:00:00,109.9735,109.9962,108.6693,108.9809
1772812800,2026-03-06 16:00:00,108.9846,109.137,107.1886,107.6795
1772827200,2026-03-06 20:00:00,107.6792,108.2435,107.1522,107.9327
1772841600,2026-03-07 00:00:00,107.9233,108.9436,107.5097,107.6607
1772856000,2026-03-07 04:00:00,107.6619,108.3656,107.0358,107.9069
1772870400,2026-03-07 08:00:00,107.9024,108.8771,107.4401,107.6771
1772884800,2026-03-07 12:00:00,107.675,108.163,106.9777,108.0003
1772899200,2026-03-07 16:00:00,107.9918,108.7836,107.6154,108.263
1772913600,2026-03-07 20:00:00,108.2752,108.6301,107.0431,108.249
1772928000,2026-03-08 00:00:00,108.2454,110.8048,108.2295,110.7639
1772942400,2026-03-08 04:00:00,110.7731,111.1753,110.2245,110.7535
1772956800,2026-03-08 08:00:00,110.7736,111.3517,110.126,110.2969
1772971200,2026-03-08 12:00:00,110.2929,112.3352,109.946,111.5326
1772985600,2026-03-08 16:00:00,111.5085,111.8175,110.3017,110.3873
1773000000,2026-03-08 20:00:00,110.3824,111.6863,110.3625,111.1804
1773014400,2026-03-09 00:00:00,111.2319,112.7358,110.9297,112.5412
1773028800,2026-03-09 04:00:00,112.5267,112.9382,110.5686,110.9029
1773043200,2026-03-09 08:00:00,110.8932,111.7102,110.2734,111.2864
1773057600,2026-03-09 12:00:00,111.2957,111.7667,110.4877,110.8466
1773072000,2026-03-09 16:00:00,110.8468,111.0759,109.1019,109.6215
1773086400,2026-03-09 20:00:00,109.6321,110.7747,109.4855,109.8965
1773100800,2026-03-10 00:00:00,109.9124,110.3086,108.7737,109.8014
1773115200,2026-03-10 04:00:00,109.8192,110.0864,108.3113,108.9296
1773129600,2026-03-10 08:00:00,108.9124,109.7769,108.258,109.6508
1773144000,2026-03-10 12:00:00,109.6719,110.9958,109.2235,110.975
1773158400,2026-03-10 16:00:00,110.9838,111.528,108.2054,108.4629
1773172800,2026-03-10 20:00:00,108.482,109.4311,107.2063,108.2776
1773187200,2026-03-11 00:00:00,108.2562,108.9143,107.2054,107.2143
1773201600,2026-03-11 04:00:00,107.2173,108.5761,106.8421,107.22
1773216000,2026-03-11 08:00:00,107.2291,107.6258,106.2444,106.7017
1773230400,2026-03-11 12:00:00,106.6929,107.1543,106.0236,106.7527
1773244800,2026-03-11 16:00:00,106.7475,107.7399,106.3744,107.069
1773259200,2026-03-11 20:00:00,107.0705,107.4571,105.9317,106.3577
1773273600,2026-03-12 00:00:00,106.3511,108.5581,105.861,108.4382
1773288000,2026-03-12 04:00:00,108.4443,108.7158,107.1573,107.7483
1773302400,2026-03-12 08:00:00,107.7301,108.3433,106.9799,107.334
1773316800,2026-03-12 12:00:00,107.3523,109.4951,107.2913,109.0025
1773331200,2026-03-12 16:00:00,109.0069,109.0069,106.6243,106.9544
1773345600,2026-03-12 20:00:00,106.9563,107.0005,105.5546,105.883
1773360000,2026-03-13 00:00:00,105.8701,106.9766,105.6041,106.9044
1773374400,2026-03-13 04:00:00,106.8903,107.3243,104.9219,105.0305
1773388800,2026-03-13 08:00:00,105.0349,105.3787,102.4,102.8636
1773403200,2026-03-13 12:00:00,102.8731,103.3412,100.3736,100.984
1773417600,2026-03-13 16:00:00,100.9884,101.6268,100.4717,101.3118
1773432000,2026-03-13 20:00:00,101.297,101.3275,98.5392,98.7076
1773446400,2026-03-14 00:00:00,98.7084,101.6131,98.667,100.8329
1773460800,2026-03-14 04:00:00,100.8394,101.6947,99.8548,101.6892
1773475200,2026-03-14 08:00:00,101.6979,102.3853,100.9269,101.3806
1773489600,2026-03-14 12:00:00,101.3968,101.6032,100.4178,100.7389
1773504000,2026-03-14 16:00:00,100.7275,101.3778,99.4276,99.5804
1773518400,2026-03-14 20:00:00,99.568,102.1055,99.4638,101.4411
1773532800,2026-03-15 00:00:00,101.4444,103.9742,100.8808,103.0431
1773547200,2026-03-15 04:00:00,103.0433,103.8332,102.801,103.1433
1773561600,2026-03-15 08:00:00,103.1447,104.3717,102.5432,103.4855
1773576000,2026-03-15 12:00:00,103.484,104.5985,103.038,104.194
1773590400,2026-03-15 16:00:00,104.191,105.6225,103.868,105.0524
1773604800,2026-03-15 20:00:00,105.091,105.9719,104.3566,104.6361
1773619200,2026-03-16 00:00:00,104.6339,105.6464,103.8991,104.3744
1773633600,2026-03-16 04:00:00,104.3723,105.0875,103.6228,103.7301
1773648000,2026-03-16 08:00:00,103.7136,104.5625,103.1978,104.1121
1773662400,2026-03-16 12:00:00,104.0976,104.7208,103.6606,103.8083
1773676800,2026-03-16 16:00:00,103.8082,103.9639,101.7929,102.0955
1773691200,2026-03-16 20:00:00,102.0913,102.3733,100.8388,101.1847
1773705600,2026-03-17 00:00:00,101.178,101.3017,100.2653,100.7631
1773720000,2026-03-17 04:00:00,100.7855,100.851,99.1661,99.8771
1773734400,2026-03-17 08:00:00,99.8692,101.6346,99.7661,100.8323
1773748800,2026-03-17 12:00:00,100.8411,100.9264,99.6118,99.9758
1773763200,2026-03-17 16:00:00,99.9794,101.2225,99.8149,100.2622
1773777600,2026-03-17 20:00:00,100.249,100.666,99.1096,99.702
1773792000,2026-03-18 00:00:00,99.7086,101.3558,99.3992,100.3687
1773806400,2026-03-18 04:00:00,100.3647,101.7957,100.0264,101.4326
1773820800,2026-03-18 08:00:00,101.4249,102.0449,99.7887,100.5479
1773835200,2026-03-18 12:00:00,100.5711,101.2861,99.7282,100.3303
1773849600,2026-03-18 16:00:00,100.3391,101.0958,97.8808,98.0825
1773864000,2026-03-18 20:00:00,98.1042,99.2874,97.5347,99.1221
1773878400,2026-03-19 00:00:00,99.1374,99.8401,98.4504,98.909
1773892800,2026-03-19 04:00:00,98.9186,101.289,98.8869,100.1205
1773907200,2026-03-19 08:00:00,100.1161,101.5667,99.8942,101.0193
1773921600,2026-03-19 12:00:00,101.0203,101.3745,99.7272,100.4381
1773936000,2026-03-19 16:00:00,100.4338,101.2919,100,100.7179
1773950400,2026-03-19 20:00:00,100.731,103.0333,100.7084,101.9728
1773964800,2026-03-20 00:00:00,101.9685,102.6095,101.4189,101.594
1773979200,2026-03-20 04:00:00,101.5898,102.8684,101.1006,102.7727
1773993600,2026-03-20 08:00:00,102.776,105.8196,102.5292,105.4952
1774008000,2026-03-20 12:00:00,105.5167,105.9673,103.5493,103.8182
1774022400,2026-03-20 16:00:00,103.8124,104.0231,102.3955,103.0003
1774036800,2026-03-20 20:00:00,103.0256,104.5507,102.5111,104.5507
1774051200,2026-03-21 00:00:00,104.5764,105.3466,104.4261,105.0258
1774065600,2026-03-21 04:00:00,105.0461,105.5356,103.691,104.3855
1774080000,2026-03-21 08:00:00,104.3751,104.82,103.3633,103.4124
1774094400,2026-03-21 12:00:00,103.4175,104.6358,103.1181,103.9969
1774108800,2026-03-21 16:00:00,103.9905,104.1559,103.1192,103.6633
1774123200,2026-03-21 20:00:00,103.6613,104.6929,103.5115,104.2616
1774137600,2026-03-22 00:00:00,104.2487,104.3954,102.5435,102.9926
1774152000,2026-03-22 04:00:00,103.0078,104.5655,102.524,103.6721
1774166400,2026-03-22 08:00:00,103.6794,105.3501,103.5488,105.1171
1774180800,2026-03-22 12:00:00,105.1218,105.2595,103.8852,104.0642
1774195200,2026-03-22 16:00:00,104.0481,105.4818,103.7322,103.7362
1774209600,2026-03-22 20:00:00,103.73,104.7541,103.4324,104.5153
1774224000,2026-03-23 00:00:00,104.5106,105.6572,104.2798,104.9864
1774238400,2026-03-23 04:00:00,105.0148,106.7215,104.9874,105.5371
1774252800,2026-03-23 08:00:00,105.5384,108.3722,105.5147,108.3247
1774267200,2026-03-23 12:00:00,108.332,108.3381,106.5165,106.8222
1774281600,2026-03-23 16:00:00,106.8122,106.9779,104.3923,105.0953
1774296000,2026-03-23 20:00:00,105.0954,106.6099,104.6978,106.4596
1774310400,2026-03-24 00:00:00,106.4522,107.2936,105.4425,106.3252
1774324800,2026-03-24 04:00:00,106.317,107.3757,105.8179,105.9537
1774339200,2026-03-24 08:00:00,105.9475,106.7143,105.6328,106.415
1774353600,2026-03-24 12:00:00,106.4354,106.7963,105.3298,106.1728
1774368000,2026-03-24 16:00:00,106.1847,106.8997,104.9112,105.2676
1774382400,2026-03-24 20:00:00,105.2803,105.9145,103.979,105.9076
1774396800,2026-03-25 00:00:00,105.9226,105.9226,104.1204,105.3828
1774411200,2026-03-25 04:00:00,105.3882,106.6339,104.8555,105.8644
1774425600,2026-03-25 08:00:00,105.8635,107.9603,105.7815,107.9265
1774440000,2026-03-25 12:00:00,107.9286,108.4833,107.0347,107.4724
1774454400,2026-03-25 16:00:00,107.4699,108.4454,106.4867,107.0352
1774468800,2026-03-25 20:00:00,107.0547,108.0242,106.4286,106.5125
1774483200,2026-03-26 00:00:00,106.4942,107.1133,105.497,106.2594
1774497600,2026-03-26 04:00:00,106.2431,106.4527,104.8705,105.9299
1774512000,2026-03-26 08:00:00,105.915,106.3663,103.5905,103.6864
1774526400,2026-03-26 12:00:00,103.6833,104.0838,102.7036,103.4051
1774540800,2026-03-26 16:00:00,103.407,103.5361,102.036,102.6808
1774555200,2026-03-26 20:00:00,102.6608,103.627,102.4139,103.375
1774569600,2026-03-27 00:00:00,103.3829,103.5917,101.9635,102.9598
1774584000,2026-03-27 04:00:00,102.9469,103.1691,101.8918,102.2894
1774598400,2026-03-27 08:00:00,102.288,102.712,100.8308,102.5264
1774612800,2026-03-27 12:00:00,102.5359,105.7244,102.0762,104.4881
1774627200,2026-03-27 16:00:00,104.4858,105.0807,103.3122,103.4972
1774641600,2026-03-27 20:00:00,103.4791,104.5524,102.8267,103.6708
1774656000,2026-03-28 00:00:00,103.6748,104.5488,103.2466,104.0035
1774670400,2026-03-28 04:00:00,104.001,105.8077,103.6978,104.4938
1774684800,2026-03-28 08:00:00,104.4743,105.6164,104.1247,104.4402
1774699200,2026-03-28 12:00:00,104.4368,105.6501,103.7377,104.5779
1774713600,2026-03-28 16:00:00,104.5754,105.2382,104.0784,104.9639
1774728000,2026-03-28 20:00:00,104.9546,105.4118,103.4328,103.9351
1774742400,2026-03-29 00:00:00,103.9439,104.1647,101.4688,101.7144
1774756800,2026-03-29 04:00:00,101.7173,103.2892,101.6384,102.8912
1774771200,2026-03-29 08:00:00,102.8917,103.6378,102.4519,102.7775
1774785600,2026-03-29 12:00:00,102.7818,103.813,102.3456,103.5832
1774800000,2026-03-29 16:00:00,103.6011,104.2917,101.3728,101.4781
1774814400,2026-03-29 20:00:00,101.4818,102.2662,101.2054,102.2226
1774828800,2026-03-30 00:00:00,102.2222,102.8831,101.2711,102.5299
1774843200,2026-03-30 04:00:00,102.5192,103.6904,102.2794,102.8862
1774857600,2026-03-30 08:00:00,102.8957,103.1101,102.0869,102.4209
1774872000,2026-03-30 12:00:00,102.4278,103.3298,102.0632,102.6588
1774886400,2026-03-30 16:00:00,102.6725,102.9469,101.0224,101.2906
1774900800,2026-03-30 20:00:00,101.2824,102.1713,100.3828,101.7722
1774915200,2026-03-31 00:00:00,101.76,102.2596,100.9679,101.4929
1774929600,2026-03-31 04:00:00,101.4886,101.6622,99.5566,99.6079
1774944000,2026-03-31 08:00:00,99.6119,100.6502,99.0578,99.8255
1774958400,2026-03-31 12:00:00,99.8414,100.1595,99.0955,99.7168
1774972800,2026-03-31 16:00:00,99.7171,100.3681,98.596,98.6935
1774987200,2026-03-31 20:00:00,98.6805,99.3979,98.4289,99.0987
1775001600,2026-04-01 00:00:00,99.0857,99.9622,98.669,99.8011
1775016000,2026-04-01 04:00:00,99.7969,102.2528,99.6089,102.0187
1775030400,2026-04-01 08:00:00,102.0146,102.6144,101.6938,102.352
1775044800,2026-04-01 12:00:00,102.3411,103.0174,101.9976,102.2047
1775059200,2026-04-01 16:00:00,102.212,103.4063,101.6297,103.2046
1775073600,2026-04-01 20:00:00,103.1999,105.1681,103.047,104.0293
1775088000,2026-04-02 00:00:00,104.0557,105.3078,103.6428,105.2754
1775102400,2026-04-02 04:00:00,105.292,106.0012,103.8783,103.9207
1775116800,2026-04-02 08:00:00,103.9417,104.8064,103.0077,104.0571
1775131200,2026-04-02 12:00:00,104.0468,104.9174,103.8075,104.1783
1775145600,2026-04-02 16:00:00,104.197,105.6225,104.1437,104.217
1775160000,2026-04-02 20:00:00,104.2011,104.5103,102.8232,103.2202
1775174400,2026-04-03 00:00:00,103.2217,104.6753,102.7322,104.5369
1775188800,2026-04-03 04:00:00,104.5242,105.0482,104.0007,104.6322
1775203200,2026-04-03 08:00:00,104.656,105.1117,102.7879,103.1641
1775217600,2026-04-03 12:00:00,103.1855,103.4179,101.6905,102.3789
1775232000,2026-04-03 16:00:00,102.3802,102.3802,100.7612,101.0711
1775246400,2026-04-03 20:00:00,101.0854,101.2584,99.284,99.6328
1775260800,2026-04-04 00:00:00,99.6268,99.7152,97.6737,97.7022
1775275200,2026-04-04 04:00:00,97.715,97.8165,96.5975,96.8688
1775289600,2026-04-04 08:00:00,96.8742,96.9595,93.8057,94.2502
1775304000,2026-04-04 12:00:00,94.2397,94.669,93.5171,93.786
1775318400,2026-04-04 16:00:00,93.769,94.1369,93.2369,93.5393
1775332800,2026-04-04 20:00:00,93.5425,93.8272,91.7491,91.768
1775347200,2026-04-05 00:00:00,91.7636,92.4905,89.5356,89.9535
1775361600,2026-04-05 04:00:00,89.9626,90.179,88.4893,89.6995
1775376000,2026-04-05 08:00:00,89.6949,91.1505,89.3608,90.8667
1775390400,2026-04-05 12:00:00,90.8954,91.1328,89.6892,89.8986
1775404800,2026-04-05 16:00:00,89.8952,90.0808,88.8678,89.2413
1775419200,2026-04-05 20:00:00,89.2507,89.5801,88.4716,88.9603
1775433600,2026-04-06 00:00:00,88.9662,90.5166,88.769,90.0981
1775448000,2026-04-06 04:00:00,90.1293,90.444,88.9706,89.0577
1775462400,2026-04-06 08:00:00,89.065,89.5327,88.1951,88.7156
1775476800,2026-04-06 12:00:00,88.7091,90.0115,88.4839,88.8688
1775491200,2026-04-06 16:00:00,88.8725,89.5335,87.9482,88.1249
1775505600,2026-04-06 20:00:00,88.1026,89.3532,87.6035,89.3302
1775520000,2026-04-07 00:00:00,89.3215,89.6022,88.5335,89.1617
1775534400,2026-04-07 04:00:00,89.1745,89.6395,88.5377,89.2285
1775548800,2026-04-07 08:00:00,89.2185,89.6123,88.3673,89.5236
1775563200,2026-04-07 12:00:00,89.5178,89.6286,87.8577,88.6908
1775577600,2026-04-07 16:00:00,88.6803,88.9028,87.9143,88.0668
1775592000,2026-04-07 20:00:00,88.0651,88.9416,87.6741,88.7224
1775606400,2026-04-08 00:00:00,88.7226,89.5768,88.1085,88.1221
1775620800,2026-04-08 04:00:00,88.151,88.4014,86.6476,87.0946
1775635200,2026-04-08 08:00:00,87.1106,88.532,87.0086,87.7014
1775649600,2026-04-08 12:00:00,87.7018,88.0694,86.5742,86.7481
1775664000,2026-04-08 16:00:00,86.7397,86.9922,85.7293,86.952
1775678400,2026-04-08 20:00:00,86.9594,87.3204,86.4543,86.5364
1775692800,2026-04-09 00:00:00,86.5437,87.7364,86.2823,86.6054
1775707200,2026-04-09 04:00:00,86.6177,86.9123,85.6218,85.9083
1775721600,2026-04-09 08:00:00,85.927,86.0758,84.7597,84.8484
1775736000,2026-04-09 12:00:00,84.8545,86.0291,84.6071,85.916
1775750400,2026-04-09 16:00:00,85.9032,86.32,85.0213,85.0402
1775764800,2026-04-09 20:00:00,85.0314,85.6602,83.6585,84.5188
1775779200,2026-04-10 00:00:00,84.5225,84.5358,81.7135,81.7563
1775793600,2026-04-10 04:00:00,81.7556,82.0966,81.1115,81.6215
1775808000,2026-04-10 08:00:00,81.6261,82.2051,81.2944,81.8843
1775822400,2026-04-10 12:00:00,81.8987,82.5432,81.6502,81.7146
1775836800,2026-04-10 16:00:00,81.7299,82.8558,81.7147,82.5097
1775851200,2026-04-10 20:00:00,82.506,84.1711,82.3651,83.9164
1775865600,2026-04-11 00:00:00,83.9112,84.5101,83.2665,84.3909
1775880000,2026-04-11 04:00:00,84.3781,84.7009,83.0795,83.2879
1775894400,2026-04-11 08:00:00,83.2871,84.6936,83.1954,84.0187
1775908800,2026-04-11 12:00:00,84.0256,85.1438,83.8959,84.8956
1775923200,2026-04-11 16:00:00,84.9021,85.6381,83.9987,84.2907
1775937600,2026-04-11 20:00:00,84.2872,84.6952,83.2614,84.3711
1775952000,2026-04-12 00:00:00,84.3588,84.7252,83.772,84.1947
1775966400,2026-04-12 04:00:00,84.1755,84.316,83.3618,83.9749
1775980800,2026-04-12 08:00:00,83.9697,85.3966,83.2507,83.374
1775995200,2026-04-12 12:00:00,83.3864,84.4339,82.5993,82.7749
1776009600,2026-04-12 16:00:00,82.7747,84.5419,82.6694,83.6518
1776024000,2026-04-12 20:00:00,83.6441,83.9887,82.5038,83.3668
1776038400,2026-04-13 00:00:00,83.3598,84.0843,82.4528,82.7977
1776052800,2026-04-13 04:00:00,82.7942,82.8644,82.1944,82.6959
1776067200,2026-04-13 08:00:00,82.6983,83.4691,82.553,83.1875
1776081600,2026-04-13 12:00:00,83.1948,83.5337,82.2061,82.4548
1776096000,2026-04-13 16:00:00,82.4412,82.911,81.6871,82.7811
1776110400,2026-04-13 20:00:00,82.7723,82.9984,82.3303,82.6399
1776124800,2026-04-14 00:00:00,82.6316,83.1095,81.594,81.7476
1776139200,2026-04-14 04:00:00,81.7482,82.4232,81.3087,81.4562
1776153600,2026-04-14 08:00:00,81.4509,82.0952,81.059,82.0355
1776168000,2026-04-14 12:00:00,82.0024,82.1798,80.3105,80.7153
1776182400,2026-04-14 16:00:00,80.7087,81.6722,80.3838,81.6056
1776196800,2026-04-14 20:00:00,81.5992,82.695,81.3784,82.5848
1776211200,2026-04-15 00:00:00,82.5888,83.4869,82.0326,82.034
1776225600,2026-04-15 04:00:00,82.0433,83.2571,81.9929,82.555
1776240000,2026-04-15 08:00:00,82.5632,83.2252,82.2653,82.7297
1776254400,2026-04-15 12:00:00,82.7298,82.9387,82.232,82.7596
1776268800,2026-04-15 16:00:00,82.7728,82.9479,81.9415,82.0585
1776283200,2026-04-15 20:00:00,82.0459,82.6738,81.6847,81.7776
1776297600,2026-04-16 00:00:00,81.7818,82.1201,81.1242,81.6712
1776312000,2026-04-16 04:00:00,81.6918,82.4836,80.775,81.0334
1776326400,2026-04-16 08:00:00,81.0511,81.3888,80.4081,80.7337
1776340800,2026-04-16 12:00:00,80.7212,81.1675,80.2289,80.5584
1776355200,2026-04-16 16:00:00,80.568,82.1112,80.117,81.9982
1776369600,2026-04-16 20:00:00,82,82.0883,80.4786,81.1272
1776384000,2026-04-17 00:00:00,81.1319,82.1338,81.0451,81.293
1776398400,2026-04-17 04:00:00,81.2914,82.4745,81.2914,81.6347
1776412800,2026-04-17 08:00:00,81.638,82.9438,81.4501,81.8342
1776427200,2026-04-17 12:00:00,81.8323,83.1012,81.1713,82.8088
1776441600,2026-04-17 16:00:00,82.8201,83.4222,82.2282,83.2109
1776456000,2026-04-17 20:00:00,83.2074,83.902,82.3712,83.7909
1776470400,2026-04-18 00:00:00,83.8,85.3063,83.4143,85.2298
1776484800,2026-04-18 04:00:00,85.2448,85.7263,84.23,85.5746
1776499200,2026-04-18 08:00:00,85.5715,85.5972,82.9404,83.1474
1776513600,2026-04-18 12:00:00,83.1506,83.8512,82.4146,82.9355
1776528000,2026-04-18 16:00:00,82.9197,84.0225,82.6554,83.9874
1776542400,2026-04-18 20:00:00,83.9766,84.7141,83.6543,83.7594
1776556800,2026-04-19 00:00:00,83.7549,84.914,83.6262,84.7622
1776571200,2026-04-19 04:00:00,84.764,86.0936,84.3081,85.6751
1776585600,2026-04-19 08:00:00,85.6814,85.8533,83.6623,84.35
1776600000,2026-04-19 12:00:00,84.3504,85.7894,84.0912,85.7541
1776614400,2026-04-19 16:00:00,85.7532,86.3656,85.144,86.0423
1776628800,2026-04-19 20:00:00,86.032,86.4403,85.4066,85.9669
1776643200,2026-04-20 00:00:00,85.9745,86.5234,85.0466,85.1561
1776657600,2026-04-20 04:00:00,85.1591,85.5522,84.1906,85.484
1776672000,2026-04-20 08:00:00,85.4918,85.6188,83.7947,84.0226
1776686400,2026-04-20 12:00:00,84.0406,84.6695,83.6005,84.2066
1776700800,2026-04-20 16:00:00,84.2069,86.0973,84.0525,86.0973
1776715200,2026-04-20 20:00:00,86.1023,88.2422,85.9502,88.2422
1776729600,2026-04-21 00:00:00,88.2541,89.3196,88.0331,88.8006
1776744000,2026-04-21 04:00:00,88.7962,89.1215,88.1824,88.8774
1776758400,2026-04-21 08:00:00,88.8704,89.7474,88.1437,89.0156
1776772800,2026-04-21 12:00:00,89.016,89.7529,88.4346,89.4806
1776787200,2026-04-21 16:00:00,89.4792,90.5395,88.9701,89.0802
1776801600,2026-04-21 20:00:00,89.065,89.0816,87.5178,87.5376
1776816000,2026-04-22 00:00:00,87.5427,88.1628,87.355,87.6818
1776830400,2026-04-22 04:00:00,87.6841,87.6841,86.5785,86.6941
1776844800,2026-04-22 08:00:00,86.7196,87.2677,86.1239,86.7336
1776859200,2026-04-22 12:00:00,86.7309,87.4043,85.541,85.5997
1776873600,2026-04-22 16:00:00,85.6212,87.4269,85.5826,87.3363
1776888000,2026-04-22 20:00:00,87.3307,88.5546,87.0388,87.4961
1776902400,2026-04-23 00:00:00,87.4927,88.7601,87.1568,88.6054
1776916800,2026-04-23 04:00:00,88.5939,88.6437,87.5074,88.0492
1776931200,2026-04-23 08:00:00,88.0535,89.494,87.8862,89.2874
1776945600,2026-04-23 12:00:00,89.2844,90.37,88.7138,90.1598
1776960000,2026-04-23 16:00:00,90.1469,91.2851,90.0555,91.1184
1776974400,2026-04-23 20:00:00,91.1308,91.4645,90.5397,91.2928
1776988800,2026-04-24 00:00:00,91.2858,92.737,91.1725,92.7037
1777003200,2026-04-24 04:00:00,92.724,93.0583,90.6821,90.853
1777017600,2026-04-24 08:00:00,90.8485,91.3452,90.4017,90.8024
1777032000,2026-04-24 12:00:00,90.8068,91.0635,89.5967,90.8323
1777046400,2026-04-24 16:00:00,90.8297,93.3096,90.6842,92.7417
1777060800,2026-04-24 20:00:00,92.7575,94.0904,92.1887,93.7007
1777075200,2026-04-25 00:00:00,93.6966,94.7494,92.8245,94.6636
1777089600,2026-04-25 04:00:00,94.6747,94.8357,92.5536,92.7409
1777104000,2026-04-25 08:00:00,92.7356,92.987,92.2374,92.6808
1777118400,2026-04-25 12:00:00,92.6832,93.6341,92.2653,93.1059
1777132800,2026-04-25 16:00:00,93.1227,93.7185,92.4507,92.8155
1777147200,2026-04-25 20:00:00,92.8429,93.9734,92.1514,93.9155
1777161600,2026-04-26 00:00:00,93.9215,93.996,92.4101,92.429
1777176000,2026-04-26 04:00:00,92.435,93.5931,92.3015,93.5342
1777190400,2026-04-26 08:00:00,93.5367,95.3604,93.4543,95.0049
1777204800,2026-04-26 12:00:00,94.9932,95.1452,93.3999,93.4925
1777219200,2026-04-26 16:00:00,93.4749,95.5074,93.4304,95.1048
1777233600,2026-04-26 20:00:00,95.0856,95.1929,93.6677,94.6654
1777248000,2026-04-27 00:00:00,94.6707,95.6129,94.1121,95.5678
1777262400,2026-04-27 04:00:00,95.5688,96.5452,94.1976,95.9899
1777276800,2026-04-27 08:00:00,95.9951,97.3,95.5482,96.0671
1777291200,2026-04-27 12:00:00,96.0739,96.8175,95.1301,95.5344
1777305600,2026-04-27 16:00:00,95.5256,97.0082,95.2869,96.334
1777320000,2026-04-27 20:00:00,96.3324,96.8262,95.8364,96.4816
1777334400,2026-04-28 00:00:00,96.4784,97.1838,96.2296,96.2631
1777348800,2026-04-28 04:00:00,96.2677,96.7421,95.1619,95.7978
1777363200,2026-04-28 08:00:00,95.8115,96.0447,94.8776,95.5385
1777377600,2026-04-28 12:00:00,95.537,96.5447,95.2134,95.8104
1777392000,2026-04-28 16:00:00,95.7931,96.5613,95.0648,95.5258
1777406400,2026-04-28 20:00:00,95.509,96.131,94.9292,95.5898
1777420800,2026-04-29 00:00:00,95.5632,97.0567,95.5543,96.6177
1777435200,2026-04-29 04:00:00,96.6151,97.777,96.5534,97.2269
1777449600,2026-04-29 08:00:00,97.1987,98.2651,96.8142,96.8602
1777464000,2026-04-29 12:00:00,96.8833,97.9361,96.5244,97.8358
1777478400,2026-04-29 16:00:00,97.8406,98.7689,97.4366,98.0575
1777492800,2026-04-29 20:00:00,98.0532,99.2763,97.5744,97.5862
1777507200,2026-04-30 00:00:00,97.5842,99.2934,97.1152,98.5285
1777521600,2026-04-30 04:00:00,98.5338,99.6296,97.9583,98.2172
1777536000,2026-04-30 08:00:00,98.2152,98.2266,97.2113,97.7489
1777550400,2026-04-30 12:00:00,97.7523,98.0188,96.2023,96.5521
1777564800,2026-04-30 16:00:00,96.5392,96.8605,95.892,96.4259
1777579200,2026-04-30 20:00:00,96.42,96.7824,95.2961,95.4021
1777593600,2026-05-01 00:00:00,95.384,95.6883,93.5453,93.9187
1777608000,2026-05-01 04:00:00,93.9306,95.5618,93.8376,94.8652
1777622400,2026-05-01 08:00:00,94.8523,95.4856,93.9039,94.3521
1777636800,2026-05-01 12:00:00,94.3621,94.6373,93.3383,94.5581
1777651200,2026-05-01 16:00:00,94.5373,96.4389,94.0699,96.0114
1777665600,2026-05-01 20:00:00,96.0177,97.7301,95.921,97.677
1777680000,2026-05-02 00:00:00,97.6544,97.9409,96.4313,96.4468
1777694400,2026-05-02 04:00:00,96.4244,97.3934,96.1716,96.5533
1777708800,2026-05-02 08:00:00,96.55,96.9339,95.6069,95.74
1777723200,2026-05-02 12:00:00,95.7331,97.3624,95.5587,97.3265
1777737600,2026-05-02 16:00:00,97.31,97.4042,95.8513,95.9687
1777752000,2026-05-02 20:00:00,95.9695,96.227,94.7312,95.2324
1777766400,2026-05-03 00:00:00,95.2444,95.4314,93.493,94.1815
1777780800,2026-05-03 04:00:00,94.1774,95.1441,93.9747,94.918
1777795200,2026-05-03 08:00:00,94.9219,95.2023,93.3093,93.8951
1777809600,2026-05-03 12:00:00,93.8917,94.7312,93.459,94.3674
1777824000,2026-05-03 16:00:00,94.3497,94.7197,93.4855,93.7472
1777838400,2026-05-03 20:00:00,93.7658,94.5972,92.8408,94.233
1777852800,2026-05-04 00:00:00,94.2207,95.2864,93.8941,93.9285
1777867200,2026-05-04 04:00:00,93.911,94.5192,93.6555,94.0123
1777881600,2026-05-04 08:00:00,94.0104,94.2914,93.2677,93.4201
1777896000,2026-05-04 12:00:00,93.412,94.0278,92.0056,92.3433
1777910400,2026-05-04 16:00:00,92.3583,92.8605,91.1102,91.4851
1777924800,2026-05-04 20:00:00,91.4795,92.1377,90.5426,92.021
1777939200,2026-05-05 00:00:00,92.0037,93.2794,91.9073,92.2896
1777953600,2026-05-05 04:00:00,92.3024,92.4184,91.3216,91.6185
1777968000,2026-05-05 08:00:00,91.6013,91.6966,89.9124,90.4104
1777982400,2026-05-05 12:00:00,90.4017,92.0073,90.1548,91.3596
1777996800,2026-05-05 16:00:00,91.3605,91.5697,90.4544,90.8067
1778011200,2026-05-05 20:00:00,90.8206,91.6661,90.2983,91.4234
1778025600,2026-05-06 00:00:00,91.4127,91.938,90.662,91.5368
1778040000,2026-05-06 04:00:00,91.5224,92.0644,91.2125,91.4492
1778054400,2026-05-06 08:00:00,91.4456,92.0189,90.9074,91.9357
1778068800,2026-05-06 12:00:00,91.9367,92.1996,91.2035,91.5303
1778083200,2026-05-06 16:00:00,91.5379,92.7508,91.1161,92.4602
1778097600,2026-05-06 20:00:00,92.4637,92.4984,91.0437,91.103
1778112000,2026-05-07 00:00:00,91.0836,91.4904,89.9889,90.3282
1778126400,2026-05-07 04:00:00,90.3397,90.8176,89.7698,90.5238
1778140800,2026-05-07 08:00:00,90.5209,91.2446,90.2451,90.9662
1778155200,2026-05-07 12:00:00,90.9367,91.8238,90.5976,90.881
1778169600,2026-05-07 16:00:00,90.8674,91.7417,90.753,91.6334
1778184000,2026-05-07 20:00:00,91.6491,92.5031,91.0206,91.4684
1778198400,2026-05-08 00:00:00,91.4535,92.1448,91.3044,91.3751
1778212800,2026-05-08 04:00:00,91.3673,91.5681,88.8574,89.0335
1778227200,2026-05-08 08:00:00,89.0213,90.3916,88.422,89.511
1778241600,2026-05-08 12:00:00,89.5084,90.6616,89.2514,90.2419
1778256000,2026-05-08 16:00:00,90.2154,90.2703,88.4678,88.5723
1778270400,2026-05-08 20:00:00,88.5731,88.7696,87.7657,88.3939
1778284800,2026-05-09 00:00:00,88.4,89.2163,88.0265,88.2319
1778299200,2026-05-09 04:00:00,88.2294,89.746,88.1849,89.3782
1778313600,2026-05-09 08:00:00,89.3884,91.6607,89.3572,91.288
1778328000,2026-05-09 12:00:00,91.2807,91.7091,90.0871,90.5199
1778342400,2026-05-09 16:00:00,90.5208,91.5898,90.4694,90.9804
1778356800,2026-05-09 20:00:00,90.9821,91.5368,90.2422,90.8079
1778371200,2026-05-10 00:00:00,90.8332,91.0652,88.9449,89.1634
1778385600,2026-05-10 04:00:00,89.1552,89.3375,88.294,88.6866
1778400000,2026-05-10 08:00:00,88.7137,88.8679,87.7826,88.7708
1778414400,2026-05-10 12:00:00,88.7757,89.6685,88.471,89.2435
1778428800,2026-05-10 16:00:00,89.2683,89.2992,87.9091,89.0022
1778443200,2026-05-10 20:00:00,88.9863,89.1813,88.1663,88.4882
1778457600,2026-05-11 00:00:00,88.4863,89.9877,88.4103,89.3781
1778472000,2026-05-11 04:00:00,89.38,89.8521,88.7067,89.5696
1778486400,2026-05-11 08:00:00,89.5715,89.6776,88.5648,89.0755
1778500800,2026-05-11 12:00:00,89.0852,89.1325,87.4947,87.8474
1778515200,2026-05-11 16:00:00,87.8492,88.3289,87.4557,87.6966
1778529600,2026-05-11 20:00:00,87.6973,87.9923,86.9446,87.9788
1778544000,2026-05-12 00:00:00,87.9835,88.5279,87.216,87.4569
1778558400,2026-05-12 04:00:00,87.4434,87.5174,86.1692,86.8233
1778572800,2026-05-12 08:00:00,86.8296,88.9291,86.5157,87.7621
1778587200,2026-05-12 12:00:00,87.757,88.0255,85.551,85.6129
1778601600,2026-05-12 16:00:00,85.6025,86.9743,85.3164,86.7525
1778616000,2026-05-12 20:00:00,86.7351,88.9029,86.2541,88.7557
1778630400,2026-05-13 00:00:00,88.7508,89.3581,88.1826,88.1876
1778644800,2026-05-13 04:00:00,88.1953,88.9331,87.7043,87.7796
1778659200,2026-05-13 08:00:00,87.7538,88.4231,87.0843,87.3175
1778673600,2026-05-13 12:00:00,87.3183,89.0297,87.2767,88.567
1778688000,2026-05-13 16:00:00,88.5504,89.5065,88.4804,89.2561
1778702400,2026-05-13 20:00:00,89.2472,89.3676,88.2337,88.491
1778716800,2026-05-14 00:00:00,88.5062,89.8083,88.2368,89.2262
1778731200,2026-05-14 04:00:00,89.243,90.0994,88.4406,88.548
1778745600,2026-05-14 08:00:00,88.541,88.8745,88.1374,88.5475
1778760000,2026-05-14 12:00:00,88.549,89.1975,87.9378,88.9436
1778774400,2026-05-14 16:00:00,88.9457,89.1764,87.58,87.6805
1778788800,2026-05-14 20:00:00,87.6696,88.3156,87.1232,87.9908
1778803200,2026-05-15 00:00:00,87.9982,88.0359,86.3013,86.8634
1778817600,2026-05-15 04:00:00,86.861,87.4162,86.1207,86.9559
1778832000,2026-05-15 08:00:00,86.953,87.0352,85.4433,85.6913
1778846400,2026-05-15 12:00:00,85.6968,85.8482,84.6401,85.0041
1778860800,2026-05-15 16:00:00,85.0021,85.9162,84.4601,85.303
1778875200,2026-05-15 20:00:00,85.292,85.583,84.6631,84.6795
1778889600,2026-05-16 00:00:00,84.6767,85.808,84.4909,85.3617
1778904000,2026-05-16 04:00:00,85.3782,87.674,85.3235,86.483
1778918400,2026-05-16 08:00:00,86.493,86.5911,85.4143,85.5554
1778932800,2026-05-16 12:00:00,85.5678,85.8544,84.9944,85.2217
1778947200,2026-05-16 16:00:00,85.2256,87.0322,85.0013,85.59
1778961600,2026-05-16 20:00:00,85.576,86.7254,85.1972,86.4253
1778976000,2026-05-17 00:00:00,86.4187,87.5783,86.3402,87.5255
1778990400,2026-05-17 04:00:00,87.5323,87.8529,85.9673,86.2792
1779004800,2026-05-17 08:00:00,86.282,86.8807,85.6395,86.4302
1779019200,2026-05-17 12:00:00,86.4377,87.0946,86.0502,86.7363
1779033600,2026-05-17 16:00:00,86.7516,87.2234,86.2016,86.5138
1779048000,2026-05-17 20:00:00,86.4999,86.9024,85.555,86.4899
1779062400,2026-05-18 00:00:00,86.4728,87.258,86.2016,86.5933
1779076800,2026-05-18 04:00:00,86.5885,87.7077,86.2053,87.5658
1779091200,2026-05-18 08:00:00,87.5564,87.9885,86.9,87.4544
1779105600,2026-05-18 12:00:00,87.4573,87.7037,86.1452,86.1526
1779120000,2026-05-18 16:00:00,86.1382,87.1111,86.0158,86.623
1779134400,2026-05-18 20:00:00,86.6304,87.4418,85.8439,86.2787
1779148800,2026-05-19 00:00:00,86.2806,86.8802,84.9185,85.1548
1779163200,2026-05-19 04:00:00,85.1563,86.0116,84.9419,85.4062
1779177600,2026-05-19 08:00:00,85.4135,86.9165,85.2,86.0738
1779192000,2026-05-19 12:00:00,86.0755,88.2994,86.0509,87.7241
1779206400,2026-05-19 16:00:00,87.7154,88.2412,87.002,87.4954
1779220800,2026-05-19 20:00:00,87.4939,88.2515,86.5928,86.7658
1779235200,2026-05-20 00:00:00,86.7594,86.8113,85.6693,86.0086
1779249600,2026-05-20 04:00:00,85.9984,87.6218,85.7353,86.8222
1779264000,2026-05-20 08:00:00,86.8308,87.4032,85.8539,86.6326
1779278400,2026-05-20 12:00:00,86.6419,88.3019,86.5591,87.7081
1779292800,2026-05-20 16:00:00,87.7052,87.7052,85.5551,85.5775
1779307200,2026-05-20 20:00:00,85.5869,86.1522,84.8526,85.8845
1779321600,2026-05-21 00:00:00,85.8949,86.1907,84.584,84.6881
1779336000,2026-05-21 04:00:00,84.6912,85.323,83.9014,84.2528
1779350400,2026-05-21 08:00:00,84.261,85.3665,83.9144,85.2382
1779364800,2026-05-21 12:00:00,85.236,85.3665,84.2023,84.3306
1779379200,2026-05-21 16:00:00,84.3251,85.6675,84.2423,84.248
1779393600,2026-05-21 20:00:00,84.2521,85.152,84.1022,84.6498
1779408000,2026-05-22 00:00:00,84.6455,85.5849,84.6314,84.862
1779422400,2026-05-22 04:00:00,84.8704,85.2479,84.1166,84.4031
1779436800,2026-05-22 08:00:00,84.3883,85.2388,83.645,84.1452
1779451200,2026-05-22 12:00:00,84.1542,85.8953,84.1212,85.4525
1779465600,2026-05-22 16:00:00,85.4496,86.7069,85.105,86.5709
1779480000,2026-05-22 20:00:00,86.5653,87.464,85.833,87.4505
1779494400,2026-05-23 00:00:00,87.4515,87.809,87.081,87.2706
1779508800,2026-05-23 04:00:00,87.2801,88.1779,86.9129,87.399
1779523200,2026-05-23 08:00:00,87.4099,87.7927,86.6246,87.0871
1779537600,2026-05-23 12:00:00,87.0709,87.3329,85.1377,85.1649
1779552000,2026-05-23 16:00:00,85.1716,85.6939,84.6093,85.5876
1779566400,2026-05-23 20:00:00,85.5709,86.9207,85.2935,86.889
1779580800,2026-05-24 00:00:00,86.8951,87.4793,86.2063,87.1158
1779595200,2026-05-24 04:00:00,87.1366,87.2155,86.0974,86.1488
1779609600,2026-05-24 08:00:00,86.1526,88.1239,86.045,86.2538
1779624000,2026-05-24 12:00:00,86.2592,86.4625,85.2503,85.3068
1779638400,2026-05-24 16:00:00,85.3235,86.7021,85.2353,86.3131
1779652800,2026-05-24 20:00:00,86.3214,88.944,86.1234,88.4738
1779667200,2026-05-25 00:00:00,88.4946,88.5435,87.5913,88.1611
1779681600,2026-05-25 04:00:00,88.146,88.8658,87.355,88.393
1779696000,2026-05-25 08:00:00,88.4054,91.0989,88.3016,90.9793
1779710400,2026-05-25 12:00:00,90.9708,91.3411,90.266,90.9201
1779724800,2026-05-25 16:00:00,90.9192,91.2268,89.538,89.8049
1779739200,2026-05-25 20:00:00,89.8152,90.0937,89.2738,89.4779
1779753600,2026-05-26 00:00:00,89.4811,90.256,88.945,89.1817
1779768000,2026-05-26 04:00:00,89.1785,89.6142,88.3254,88.9451
1779782400,2026-05-26 08:00:00,88.9513,89.6214,88.3419,89.1097
1779796800,2026-05-26 12:00:00,89.131,89.4353,88.322,89.1471
1779811200,2026-05-26 16:00:00,89.1514,89.6158,88.31,89.4203
1779825600,2026-05-26 20:00:00,89.4274,90.7481,89.3408,90.5661
1779840000,2026-05-27 00:00:00,90.563,91.9269,90.4843,91.3229
1779854400,2026-05-27 04:00:00,91.3219,93.0234,91.05,92.9048
1779868800,2026-05-27 08:00:00,92.9035,93.6566,92.0901,92.5231
1779883200,2026-05-27 12:00:00,92.5379,93.9055,92.3157,93.3409
1779897600,2026-05-27 16:00:00,93.3408,93.4887,91.3573,91.7656
1779912000,2026-05-27 20:00:00,91.7527,92.9234,90.9572,92.8775
1779926400,2026-05-28 00:00:00,92.8568,94.8332,92.7289,94.5169
1779940800,2026-05-28 04:00:00,94.5164,94.7003,93.7354,93.8682
1779955200,2026-05-28 08:00:00,93.8558,94.7805,92.5753,92.5915
1779969600,2026-05-28 12:00:00,92.614,92.8362,92.016,92.4962
1779984000,2026-05-28 16:00:00,92.5039,93.5745,91.9011,93.0788
1779998400,2026-05-28 20:00:00,93.0932,93.619,91.1836,91.213
1780012800,2026-05-29 00:00:00,91.2069,91.846,90.9342,91.5499
1780027200,2026-05-29 04:00:00,91.5638,91.6899,90.7105,90.9525
1780041600,2026-05-29 08:00:00,90.9729,91.4645,89.8273,91.1596
1780056000,2026-05-29 12:00:00,91.1677,91.7022,90.3364,90.7302
1780070400,2026-05-29 16:00:00,90.7216,92.7908,90.7049,92.3811
1780084800,2026-05-29 20:00:00,92.3827,92.8585,91.9189,92.4467
1780099200,2026-05-30 00:00:00,92.4628,92.5339,91.5557,92.0471
1780113600,2026-05-30 04:00:00,92.0578,94.1572,91.4794,93.8579
1780128000,2026-05-30 08:00:00,93.8534,95.7418,93.8359,95.3724
1780142400,2026-05-30 12:00:00,95.3715,96.4298,94.6319,96.0012
1780156800,2026-05-30 16:00:00,96.0036,96.7401,95.6111,96.6458
1780171200,2026-05-30 20:00:00,96.653,97.5467,96.573,97.1959
1780185600,2026-05-31 00:00:00,97.2234,97.4992,95.1456,95.4143
1780200000,2026-05-31 04:00:00,95.4241,95.8467,94.6645,94.6715
1780214400,2026-05-31 08:00:00,94.6539,95.6349,94.1784,95.4232
1780228800,2026-05-31 12:00:00,95.4057,95.9197,94.5391,95.5165
1780243200,2026-05-31 16:00:00,95.5352,96.165,94.8005,95.7505
1780257600,2026-05-31 20:00:00,95.7333,95.8039,93.9478,94.3242
1780272000,2026-06-01 00:00:00,94.3179,95.6126,93.8268,95.5924
1780286400,2026-06-01 04:00:00,95.587,97.6411,95.4368,97.562
1780300800,2026-06-01 08:00:00,97.5528,97.7855,97.0065,97.3025
1780315200,2026-06-01 12:00:00,97.3227,98.4998,97.0114,98.3393
1780329600,2026-06-01 16:00:00,98.3504,98.4582,96.861,97.0214
1780344000,2026-06-01 20:00:00,97.0263,97.9087,96.8581,97.6768
1780358400,2026-06-02 00:00:00,97.6665,97.678,95.6122,95.7812
1780372800,2026-06-02 04:00:00,95.7759,96.9651,95.314,96.6111
1780387200,2026-06-02 08:00:00,96.6095,96.7874,94.61,94.6794
1780401600,2026-06-02 12:00:00,94.6767,95.5529,94.0383,95.3291
1780416000,2026-06-02 16:00:00,95.3322,95.7873,94.5423,94.9522
1780430400,2026-06-02 20:00:00,94.9481,94.9927,94.0729,94.7238
1780444800,2026-06-03 00:00:00,94.741,94.7896,93.1904,93.6307
1780459200,2026-06-03 04:00:00,93.6503,93.9329,92.3092,93.1832
1780473600,2026-06-03 08:00:00,93.1777,94.4466,92.142,94.0112
1780488000,2026-06-03 12:00:00,94.0237,94.8292,93.1457,93.9784
1780502400,2026-06-03 16:00:00,93.9917,94.2112,93.1582,93.9264
1780516800,2026-06-03 20:00:00,93.9184,94.4464,93.3773,94.1072
1780531200,2026-06-04 00:00:00,94.1296,95.9322,94.1272,95.4054
1780545600,2026-06-04 04:00:00,95.3893,95.674,93.7855,94.3536
1780560000,2026-06-04 08:00:00,94.3544,95.2247,93.6692,94.0132
1780574400,2026-06-04 12:00:00,94.0251,94.1134,92.462,93.3606
1780588800,2026-06-04 16:00:00,93.354,93.738,91.724,91.8866
1780603200,2026-06-04 20:00:00,91.8988,92.3036,91.062,91.3411
1780617600,2026-06-05 00:00:00,91.3393,92.1188,91.3004,91.5181
1780632000,2026-06-05 04:00:00,91.5069,93.141,91.4493,93.0285
1780646400,2026-06-05 08:00:00,93.0441,93.1359,91.8313,92.4908
1780660800,2026-06-05 12:00:00,92.5053,93.518,91.6583,91.9834
1780675200,2026-06-05 16:00:00,91.9937,94.0575,91.4434,93.9676
1780689600,2026-06-05 20:00:00,93.9669,93.9681,92.336,93.5514
1780704000,2026-06-06 00:00:00,93.5582,95.1035,93.5582,94.2903
1780718400,2026-06-06 04:00:00,94.2941,96.0275,94.1314,95.3677
1780732800,2026-06-06 08:00:00,95.3586,95.4174,92.5049,92.5661
1780747200,2026-06-06 12:00:00,92.5786,93.6909,91.8223,93.4574
1780761600,2026-06-06 16:00:00,93.4464,94.1276,92.2382,93.0284
1780776000,2026-06-06 20:00:00,93.0271,95.3051,92.9829,94.9926
1780790400,2026-06-07 00:00:00,95.0038,95.2747,93.0901,93.3075
1780804800,2026-06-07 04:00:00,93.2974,94.0252,92.8634,93.5903
1780819200,2026-06-07 08:00:00,93.5701,94.7128,93.4692,94.0993
1780833600,2026-06-07 12:00:00,94.0947,96.1594,93.8657,95.4207
1780848000,2026-06-07 16:00:00,95.4102,95.8491,94.5254,94.6212
1780862400,2026-06-07 20:00:00,94.6006,95.3146,93.945,95.3146
1780876800,2026-06-08 00:00:00,95.3162,97.5018,94.9583,97.2497
1780891200,2026-06-08 04:00:00,97.27,98.0582,97.0248,97.1754
1780905600,2026-06-08 08:00:00,97.1687,97.2358,95.7005,95.9476
1780920000,2026-06-08 12:00:00,95.9448,97.3261,95.5222,97.1339
1780934400,2026-06-08 16:00:00,97.1396,97.8582,96.2632,97.8317
1780948800,2026-06-08 20:00:00,97.8206,98.3356,97.1126,97.7975
1780963200,2026-06-09 00:00:00,97.7842,98.6432,97.2351,97.3832
1780977600,2026-06-09 04:00:00,97.3644,98.2863,96.4978,96.6178
1780992000,2026-06-09 08:00:00,96.5938,96.8255,95.567,96.4649
1781006400,2026-06-09 12:00:00,96.4688,98.9069,96.3804,97.1525
1781020800,2026-06-09 16:00:00,97.1557,97.2046,95.2252,95.6351
1781035200,2026-06-09 20:00:00,95.6337,95.9961,95.1031,95.5746
1781049600,2026-06-10 00:00:00,95.5815,96.0565,94.9691,95.3511
1781064000,2026-06-10 04:00:00,95.3566,95.3813,93.079,93.2698
1781078400,2026-06-10 08:00:00,93.269,95.0827,93.2509,94.9707
1781092800,2026-06-10 12:00:00,94.9769,95.2352,93.6388,94.0091
1781107200,2026-06-10 16:00:00,94.0244,94.9658,93.7796,94.274
1781121600,2026-06-10 20:00:00,94.279,94.8556,93.6194,94.2351
1781136000,2026-06-11 00:00:00,94.2236,95.5902,94.2236,94.8617
1781150400,2026-06-11 04:00:00,94.869,95.2584,93.6176,94.0876
1781164800,2026-06-11 08:00:00,94.0797,95.1402,93.7171,95.1278
1781179200,2026-06-11 12:00:00,95.1276,96.0542,94.2962,95.4529
1781193600,2026-06-11 16:00:00,95.4573,95.9935,94.8738,95.0646
1781208000,2026-06-11 20:00:00,95.0473,95.3647,94.5782,95.0761
1781222400,2026-06-12 00:00:00,95.0715,95.7811,93.6695,94.4962
1781236800,2026-06-12 04:00:00,94.4921,94.8964,93.3824,93.4559
1781251200,2026-06-12 08:00:00,93.4527,95.4268,93.4134,95.2271
1781265600,2026-06-12 12:00:00,95.2262,96.1112,94.9001,95.8444
1781280000,2026-06-12 16:00:00,95.8462,96.1697,94.2699,94.5552
1781294400,2026-06-12 20:00:00,94.5588,94.9967,93.8751,94.6941
1781308800,2026-06-13 00:00:00,94.7192,95.4086,94.3812,94.5222
1781323200,2026-06-13 04:00:00,94.5111,95.0366,94.1567,94.2775
1781337600,2026-06-13 08:00:00,94.2845,95.005,93.9392,93.974
1781352000,2026-06-13 12:00:00,93.9668,95.7978,93.8876,95.7862
1781366400,2026-06-13 16:00:00,95.7852,97.4172,95.6184,97.1536
1781380800,2026-06-13 20:00:00,97.1499,98.6553,96.9149,97.5135
1781395200,2026-06-14 00:00:00,97.5415,98.0971,96.4764,97.9072
1781409600,2026-06-14 04:00:00,97.9355,98.7788,97.5781,98.6404
1781424000,2026-06-14 08:00:00,98.6494,99.6939,98.6459,99.1927
1781438400,2026-06-14 12:00:00,99.1722,99.6499,97.6866,98.0647
1781452800,2026-06-14 16:00:00,98.064,98.8011,97.6515,97.7582
1781467200,2026-06-14 20:00:00,97.7722,97.9311,96.8714,97.0728
1781481600,2026-06-15 00:00:00,97.0716,98.6954,96.767,97.959
1781496000,2026-06-15 04:00:00,97.9619,98.3191,96.7372,97.2936
1781510400,2026-06-15 08:00:00,97.284,98.2862,97.1706,97.7554
1781524800,2026-06-15 12:00:00,97.7774,97.7987,96.0574,96.7776
1781539200,2026-06-15 16:00:00,96.7648,97.6178,96.4717,97.3582
1781553600,2026-06-15 20:00:00,97.3484,99.469,97.0481,98.9232
1781568000,2026-06-16 00:00:00,98.9092,99.3215,98.3587,98.4464
1781582400,2026-06-16 04:00:00,98.4632,98.7319,97.0956,97.7642
1781596800,2026-06-16 08:00:00,97.7688,97.9914,95.8514,96.0343
1781611200,2026-06-16 12:00:00,96.0331,96.9902,95.6762,96.7922
1781625600,2026-06-16 16:00:00,96.8052,98.6973,96.6932,98.0165
1781640000,2026-06-16 20:00:00,98.0064,99.2955,97.4474,98.6717
1781654400,2026-06-17 00:00:00,98.6923,99.2224,98.0985,98.8274
1781668800,2026-06-17 04:00:00,98.8214,99.3802,97.5928,97.6969
1781683200,2026-06-17 08:00:00,97.7196,97.8213,95.3712,95.3936
1781697600,2026-06-17 12:00:00,95.3983,96.862,95.2255,95.629
1781712000,2026-06-17 16:00:00,95.6348,97.2842,95.5916,96.7009
1781726400,2026-06-17 20:00:00,96.715,97.196,95.7923,96.4935
1781740800,2026-06-18 00:00:00,96.4805,96.9153,95.0824,95.6288
1781755200,2026-06-18 04:00:00,95.6299,95.7376,94.5723,94.9141
1781769600,2026-06-18 08:00:00,94.9264,97.4043,94.8964,96.944
1781784000,2026-06-18 12:00:00,96.9563,97.1663,95.3408,95.4582
1781798400,2026-06-18 16:00:00,95.4427,95.8628,94.6177,95.5378
1781812800,2026-06-18 20:00:00,95.5627,97.012,95.4554,96.9802
1781827200,2026-06-19 00:00:00,96.9974,97.7695,96.7891,97.1361
1781841600,2026-06-19 04:00:00,97.1544,97.5384,96.028,96.1775
1781856000,2026-06-19 08:00:00,96.1593,96.4437,95.3327,95.6502
1781870400,2026-06-19 12:00:00,95.6549,96.7121,95.5092,96.0007
1781884800,2026-06-19 16:00:00,96.0113,96.0715,93.8761,94.2387
1781899200,2026-06-19 20:00:00,94.2552,94.5092,92.989,93.0039
1781913600,2026-06-20 00:00:00,93.0078,94.1383,92.7911,93.5648
1781928000,2026-06-20 04:00:00,93.559,94.0869,92.1984,92.8434
1781942400,2026-06-20 08:00:00,92.817,93.493,90.4392,90.5022
1781956800,2026-06-20 12:00:00,90.4845,90.9637,89.3707,89.5149
1781971200,2026-06-20 16:00:00,89.5178,89.9759,88.7979,89.9708
1781985600,2026-06-20 20:00:00,89.9881,90.5446,89.5838,89.8486
1782000000,2026-06-21 00:00:00,89.8616,90.7926,89.7772,89.9901
1782014400,2026-06-21 04:00:00,90.0082,91.1552,89.629,90.6533
1782028800,2026-06-21 08:00:00,90.6599,91.3938,90.53,91.1702
1782043200,2026-06-21 12:00:00,91.1766,91.7014,90.1651,90.4722
1782057600,2026-06-21 16:00:00,90.4854,91.2111,90.1944,90.6373
1782072000,2026-06-21 20:00:00,90.6423,90.9107,89.6843,90.173
1782086400,2026-06-22 00:00:00,90.1701,92.1289,90.024,91.9572
1782100800,2026-06-22 04:00:00,91.975,92.4598,91.0276,91.2267
1782115200,2026-06-22 08:00:00,91.211,93.3254,90.9204,93.3254
1782129600,2026-06-22 12:00:00,93.3126,93.6496,92.0654,92.9847
1782144000,2026-06-22 16:00:00,92.9871,94.6264,92.7846,94.1181
1782158400,2026-06-22 20:00:00,94.1444,94.3225,92.5492,92.9359
1782172800,2026-06-23 00:00:00,92.9224,93.2092,92.4282,92.5929
1782187200,2026-06-23 04:00:00,92.582,92.9574,91.9259,92.8655
1782201600,2026-06-23 08:00:00,92.8647,93.1479,91.9713,92.2565
1782216000,2026-06-23 12:00:00,92.2504,92.422,91.1542,91.3702
1782230400,2026-06-23 16:00:00,91.3512,92.3047,91.152,91.9221
1782244800,2026-06-23 20:00:00,91.9268,92.3065,91.0981,91.5263
1782259200,2026-06-24 00:00:00,91.5282,92.1509,90.8459,92.1435
1782273600,2026-06-24 04:00:00,92.1606,92.3954,91.008,91.6687
1782288000,2026-06-24 08:00:00,91.6773,91.9816,90.805,91.3566
1782302400,2026-06-24 12:00:00,91.3654,92.3582,90.9146,92.1245
1782316800,2026-06-24 16:00:00,92.1168,92.4624,90.9187,91.6972
1782331200,2026-06-24 20:00:00,91.6942,93.6268,90.9594,93.5685
1782345600,2026-06-25 00:00:00,93.5647,94.6523,92.9064,94.432
1782360000,2026-06-25 04:00:00,94.4105,94.72,93.166,94.6667
1782374400,2026-06-25 08:00:00,94.692,94.9874,93.922,94.4098
1782388800,2026-06-25 12:00:00,94.4046,94.7002,93.7189,94.2942
1782403200,2026-06-25 16:00:00,94.2929,94.3868,92.9831,93.7619
1782417600,2026-06-25 20:00:00,93.7676,94.4765,93.3437,93.8417
1782432000,2026-06-26 00:00:00,93.8665,93.9125,92.6289,93.3014
1782446400,2026-06-26 04:00:00,93.3126,94.8287,92.9224,94.5665
1782460800,2026-06-26 08:00:00,94.5516,96.2453,94.031,94.1607
1782475200,2026-06-26 12:00:00,94.136,94.9354,93.3952,94.0484
1782489600,2026-06-26 16:00:00,94.0786,94.7883,93.7357,94.6534
1782504000,2026-06-26 20:00:00,94.656,94.716,93.237,93.2551
1782518400,2026-06-27 00:00:00,93.2545,93.3332,90.911,91.3557
1782532800,2026-06-27 04:00:00,91.3694,91.7169,90.1138,90.9697
1782547200,2026-06-27 08:00:00,90.9714,91.062,89.4572,89.4612
1782561600,2026-06-27 12:00:00,89.4572,91.0622,89.1172,90.5359
1782576000,2026-06-27 16:00:00,90.5248,91.119,89.2126,89.3006
1782590400,2026-06-27 20:00:00,89.3022,89.6306,88.2042,88.6523
1782604800,2026-06-28 00:00:00,88.6543,88.8273,87.7015,88.1971
1782619200,2026-06-28 04:00:00,88.1998,88.8062,86.993,87.3858
1782633600,2026-06-28 08:00:00,87.3885,88.5679,87.2162,88.0776
1782648000,2026-06-28 12:00:00,88.0851,88.0889,85.9752,86.1207
1782662400,2026-06-28 16:00:00,86.1171,86.5201,85.0094,85.1763
1782676800,2026-06-28 20:00:00,85.1871,86.1435,85.038,85.5555
1782691200,2026-06-29 00:00:00,85.5678,86.6539,85.4986,86.1988
1782705600,2026-06-29 04:00:00,86.1979,87.279,86.0623,87.1488
1782720000,2026-06-29 08:00:00,87.1675,87.7008,86.6175,87.0219
1782734400,2026-06-29 12:00:00,87.0192,87.824,86.2232,87.7461
1782748800,2026-06-29 16:00:00,87.7369,88.033,87.0065,87.048
1782763200,2026-06-29 20:00:00,87.0593,87.2015,84.8158,84.8748
1782777600,2026-06-30 00:00:00,84.8639,85.8424,84.4053,85.1656
1782792000,2026-06-30 04:00:00,85.1608,87.2506,84.7915,87.0198
1782806400,2026-06-30 08:00:00,87.0369,88.111,86.665,87.9119
1782820800,2026-06-30 12:00:00,87.9258,88.5089,87.1366,87.9909
1782835200,2026-06-30 16:00:00,88.0023,88.3122,85.9324,86.1497
1782849600,2026-06-30 20:00:00,86.132,87.5427,85.7215,87.5359
1782864000,2026-07-01 00:00:00,87.5222,87.9659,86.6827,87.7092
1782878400,2026-07-01 04:00:00,87.71,87.7925,85.7218,85.7262
1782892800,2026-07-01 08:00:00,85.7283,86.6283,85.1398,86.2395
1782907200,2026-07-01 12:00:00,86.2473,86.9639,85.5467,86.4929
1782921600,2026-07-01 16:00:00,86.4964,86.9966,86.1404,86.6915
1782936000,2026-07-01 20:00:00,86.6985,87.3325,86.2961,87.1438
1782950400,2026-07-02 00:00:00,87.1478,89.0105,87.0268,88.1345
1782964800,2026-07-02 04:00:00,88.1159,89.0194,87.6944,88.2225
1782979200,2026-07-02 08:00:00,88.2324,88.6349,87.1262,87.3007
1782993600,2026-07-02 12:00:00,87.2962,89.1673,87.2788,89.1449
1783008000,2026-07-02 16:00:00,89.1609,90.9573,89.1276,90.6914
1783022400,2026-07-02 20:00:00,90.6853,92.1265,90.2579,91.9079
1783036800,2026-07-03 00:00:00,91.8956,92.672,91.3045,92.5044
1783051200,2026-07-03 04:00:00,92.5024,92.8148,91.6464,92.257
1783065600,2026-07-03 08:00:00,92.244,92.4762,91.3843,92.0254
1783080000,2026-07-03 12:00:00,92.0178,93.3802,91.8531,93.3029
1783094400,2026-07-03 16:00:00,93.3005,93.5583,90.9426,91.0453
1783108800,2026-07-03 20:00:00,91.0399,92.9606,91.0399,92.7857
1783123200,2026-07-04 00:00:00,92.8121,93.3796,91.378,91.3903
1783137600,2026-07-04 04:00:00,91.3713,91.9463,89.5357,90.1656
1783152000,2026-07-04 08:00:00,90.1588,90.5014,89.4362,90.2974
1783166400,2026-07-04 12:00:00,90.2947,90.5118,89.7728,90.4705
1783180800,2026-07-04 16:00:00,90.451,90.6671,89.4193,90.4704
1783195200,2026-07-04 20:00:00,90.4587,91.8,90.2942,91.5804
1783209600,2026-07-05 00:00:00,91.6089,92.5454,90.8945,90.9846
1783224000,2026-07-05 04:00:00,90.9952,92.2238,90.9813,91.5405
1783238400,2026-07-05 08:00:00,91.5601,92.9652,91.4426,92.9652
1783252800,2026-07-05 12:00:00,92.9692,93.603,92.5604,92.7244
1783267200,2026-07-05 16:00:00,92.7179,92.8556,91.5281,91.7705
1783281600,2026-07-05 20:00:00,91.7788,92.2197,91.0765,91.7703
1783296000,2026-07-06 00:00:00,91.7887,91.9593,90.1771,90.2102
1783310400,2026-07-06 04:00:00,90.2044,90.81,89.6177,89.7016
1783324800,2026-07-06 08:00:00,89.7096,89.7933,88.42,89.5422
1783339200,2026-07-06 12:00:00,89.5383,90.6437,89.2389,89.6684
1783353600,2026-07-06 16:00:00,89.6637,90.282,88.676,88.7686
1783368000,2026-07-06 20:00:00,88.7475,89.623,88.5538,89.4419
1783382400,2026-07-07 00:00:00,89.421,89.7421,88.1552,88.2577
1783396800,2026-07-07 04:00:00,88.2631,90.1918,87.7327,90.1377
1783411200,2026-07-07 08:00:00,90.1418,90.5316,89.148,89.6231
1783425600,2026-07-07 12:00:00,89.6256,89.9217,88.5638,89.5963
1783440000,2026-07-07 16:00:00,89.6064,89.9103,88.7517,89.1172
1783454400,2026-07-07 20:00:00,89.1122,90.3897,88.8749,89.4633
1783468800,2026-07-08 00:00:00,89.4758,89.652,88.6077,89.2988
1783483200,2026-07-08 04:00:00,89.2968,89.7411,87.786,87.7898
1783497600,2026-07-08 08:00:00,87.8016,88.0764,86.7154,86.7245
1783512000,2026-07-08 12:00:00,86.7212,86.8486,84.4808,84.6876
1783526400,2026-07-08 16:00:00,84.6877,84.8096,83.7166,84.5473
1783540800,2026-07-08 20:00:00,84.5126,85.9071,84.0434,85.8293
1783555200,2026-07-09 00:00:00,85.8402,86.2618,85.3949,86.1557
1783569600,2026-07-09 04:00:00,86.1354,87.3266,85.9425,86.1743
1783584000,2026-07-09 08:00:00,86.174,86.4509,85.4287,86.0528
1783598400,2026-07-09 12:00:00,86.0625,86.4811,85.6334,86.2778
1783612800,2026-07-09 16:00:00,86.2717,86.6251,85.4949,85.9097
1783627200,2026-07-09 20:00:00,85.896,86.2417,85.3585,85.7815
1783641600,2026-07-10 00:00:00,85.8065,86.3115,84.9418,86.0434
1783656000,2026-07-10 04:00:00,86.0307,86.851,85.8326,86.7612
1783670400,2026-07-10 08:00:00,86.7709,86.9154,85.3428,86.0721
1783684800,2026-07-10 12:00:00,86.0726,86.6473,85.6653,85.9242
1783699200,2026-07-10 16:00:00,85.9249,87.6505,85.8964,87.0183
1783713600,2026-07-10 20:00:00,87.0286,88.1448,86.8256,87.8351
1783728000,2026-07-11 00:00:00,87.8126,87.9786,86.7616,87.4607
1783742400,2026-07-11 04:00:00,87.4756,88.5194,87.0631,88.4392
1783756800,2026-07-11 08:00:00,88.4566,89.1715,88.2371,88.408
1783771200,2026-07-11 12:00:00,88.3866,89.5549,88.2189,89.3097
1783785600,2026-07-11 16:00:00,89.3229,89.8139,88.4548,88.6728
1783800000,2026-07-11 20:00:00,88.6625,89.4993,88.0753,89.4993
1783814400,2026-07-12 00:00:00,89.4964,90.6114,89.0553,89.2499
1783828800,2026-07-12 04:00:00,89.2445,90.3376,88.7809,90.1402
1783843200,2026-07-12 08:00:00,90.127,90.8356,89.1858,89.6812
1783857600,2026-07-12 12:00:00,89.6807,90.3547,88.7913,90.2505
1783872000,2026-07-12 16:00:00,90.2403,90.3194,88.1735,88.4519
1783886400,2026-07-12 20:00:00,88.4548,89.2192,88.2284,89.2146
1783900800,2026-07-13 00:00:00,89.2331,90.5807,89.1586,90.0026
1783915200,2026-07-13 04:00:00,89.9934,91.1459,89.695,90.9278
1783929600,2026-07-13 08:00:00,90.9263,91.2845,90.0261,90.9797
1783944000,2026-07-13 12:00:00,90.9704,92.0434,90.7429,91.9073
1783958400,2026-07-13 16:00:00,91.9384,92.9446,91.4842,92.8437
1783972800,2026-07-13 20:00:00,92.8468,93.248,92.2677,92.4196
1783987200,2026-07-14 00:00:00,92.417,92.9884,91.7535,91.994
1784001600,2026-07-14 04:00:00,92.0066,92.4563,91.4814,91.6427
1784016000,2026-07-14 08:00:00,91.6416,92.5867,91.062,92.5386
1784030400,2026-07-14 12:00:00,92.5518,93.9949,92.2219,93.9717
1784044800,2026-07-14 16:00:00,93.9741,95.8812,93.8855,95.4446
1784059200,2026-07-14 20:00:00,95.4199,95.5308,93.9092,94.3379
1784073600,2026-07-15 00:00:00,94.3521,95.4783,94.2119,95.2397
1784088000,2026-07-15 04:00:00,95.2505,95.6588,94.8844,95.2562
1784102400,2026-07-15 08:00:00,95.2538,96.0519,94.4528,94.5848
1784116800,2026-07-15 12:00:00,94.588,95.0248,94.027,94.4097
1784131200,2026-07-15 16:00:00,94.4258,96.6143,94.1996,96.5228
1784145600,2026-07-15 20:00:00,96.5165,96.9023,95.4011,96.5299
1784160000,2026-07-16 00:00:00,96.5464,98.003,96.5157,96.5624
1784174400,2026-07-16 04:00:00,96.5551,98.4984,96.5006,98.2795
1784188800,2026-07-16 08:00:00,98.2937,98.9667,97.4476,98.5018
1784203200,2026-07-16 12:00:00,98.5175,99.316,97.9498,98.3278
1784217600,2026-07-16 16:00:00,98.3147,98.491,97.1356,97.5117
1784232000,2026-07-16 20:00:00,97.4776,98.4789,96.2016,97.119
1784246400,2026-07-17 00:00:00,97.1309,97.3554,94.9645,95.1776
1784260800,2026-07-17 04:00:00,95.1799,96.1204,94.7935,95.5096
1784275200,2026-07-17 08:00:00,95.5053,98.02,95.2222,98.02
1784289600,2026-07-17 12:00:00,98.0291,98.5758,97.4367,97.855
1784304000,2026-07-17 16:00:00,97.8501,97.9326,96.2027,96.2241
1784318400,2026-07-17 20:00:00,96.2251,97.8207,96.11,97.4054
1784332800,2026-07-18 00:00:00,97.4051,98.1363,96.2306,96.3078
1784347200,2026-07-18 04:00:00,96.303,98.1966,96.1448,97.2889
1784361600,2026-07-18 08:00:00,97.2951,98.9168,97.1846,97.8014
1784376000,2026-07-18 12:00:00,97.7734,98.357,97.1343,97.7423
1784390400,2026-07-18 16:00:00,97.7571,97.8457,96.4037,96.4514
1784404800,2026-07-18 20:00:00,96.4453,97.6344,96.2248,97.2655
1784419200,2026-07-19 00:00:00,97.2789,97.7879,96.6717,97.3746
1784433600,2026-07-19 04:00:00,97.3603,99.4292,96.9642,99.2538
1784448000,2026-07-19 08:00:00,99.2548,100.4832,98.7438,98.7438
1784462400,2026-07-19 12:00:00,98.7257,99.3834,98.1902,98.8723
1784476800,2026-07-19 16:00:00,98.866,99.5613,98.275,99.3739
1784491200,2026-07-19 20:00:00,99.3721,99.5837,97.9809,98.0466
1784505600,2026-07-20 00:00:00,98.027,98.0372,94.2109,94.4162
1784520000,2026-07-20 04:00:00,94.404,94.5023,91.1625,91.4294
1784534400,2026-07-20 08:00:00,91.4349,93.1769,91.2991,92.8675
1784548800,2026-07-20 12:00:00,92.8606,93.1653,91.7027,92.7284
1784563200,2026-07-20 16:00:00,92.7216,93.0883,92.0384,92.0384
1784577600,2026-07-20 20:00:00,92.0129,92.3918,91.4828,91.8377
1784592000,2026-07-21 00:00:00,91.8325,91.9416,90.4214,90.4714
1784606400,2026-07-21 04:00:00,90.4887,90.6794,89.368,89.8782
1784620800,2026-07-21 08:00:00,89.8804,90.3072,89.4663,89.9361
1784635200,2026-07-21 12:00:00,89.9272,90.2534,88.9988,90.1761
1784649600,2026-07-21 16:00:00,90.1686,92.1914,89.6348,91.9829
1784664000,2026-07-21 20:00:00,91.9781,92.1091,91.2126,91.874
1784678400,2026-07-22 00:00:00,91.868,92.3221,91.1905,91.5161
1784692800,2026-07-22 04:00:00,91.5162,92.0566,90.3073,90.3561
1784707200,2026-07-22 08:00:00,90.3542,91.683,90.1388,91.603
1784721600,2026-07-22 12:00:00,91.6189,91.9408,89.8584,90.6579
1784736000,2026-07-22 16:00:00,90.6363,91.2083,90.2279,90.8017
1784750400,2026-07-22 20:00:00,90.7926,92.1887,90.5653,91.1143
1784764800,2026-07-23 00:00:00,91.0988,91.7487,90.0528,91.4851
1784779200,2026-07-23 04:00:00,91.4805,93.4466,91.4411,93.4355
1784793600,2026-07-23 08:00:00,93.425,94.7057,92.7642,93.6867
1784808000,2026-07-23 12:00:00,93.6774,93.9217,92.4626,92.5379
1784822400,2026-07-23 16:00:00,92.5389,94.2492,92.3697,93.7395
1784836800,2026-07-23 20:00:00,93.7224,95.9965,93.6184,95.352
1784851200,2026-07-24 00:00:00,95.3619,95.6356,94.1112,94.2389
1784865600,2026-07-24 04:00:00,94.2381,94.6166,92.8938,93.6009
1784880000,2026-07-24 08:00:00,93.6093,95.043,93.6093,94.9376
1784894400,2026-07-24 12:00:00,94.9274,95.4723,94.517,95.1495
1784908800,2026-07-24 16:00:00,95.1478,95.4445,94.2933,95.1914
1784923200,2026-07-24 20:00:00,95.2027,95.8385,94.4369,95.6357
1784937600,2026-07-25 00:00:00,95.6198,96.4503,95.3759,96.3753
1784952000,2026-07-25 04:00:00,96.3734,98.547,96.2656,98.3957
1784966400,2026-07-25 08:00:00,98.3889,99.0305,97.8026,98.7941
1784980800,2026-07-25 12:00:00,98.7938,99.7884,98.5635,98.5903
1784995200,2026-07-25 16:00:00,98.5713,99.0494,97.6566,98.4156
1785009600,2026-07-25 20:00:00,98.4235,99.5986,98.1325,99.5229
1785024000,2026-07-26 00:00:00,99.5275,99.7515,97.6089,98.3746
1785038400,2026-07-26 04:00:00,98.3597,99.5244,98.3597,99.3246
1785052800,2026-07-26 08:00:00,99.3237,102.486,99.155,101.7649
1785067200,2026-07-26 12:00:00,101.7568,101.9127,99.8946,101.5106
1785081600,2026-07-26 16:00:00,101.5136,103.3177,101.0903,103.2807
1785096000,2026-07-26 20:00:00,103.2738,103.6737,102.6285,103.3396
1785110400,2026-07-27 00:00:00,103.3694,104.3667,102.7562,103.8626
1785124800,2026-07-27 04:00:00,103.8595,105.2091,103.6502,103.9324
1785139200,2026-07-27 08:00:00,103.934,105.5947,103.6832,105.5184
1785153600,2026-07-27 12:00:00,105.515,105.5851,104.4562,104.7365
1785168000,2026-07-27 16:00:00,104.7523,107.4608,104.5192,107.3288
1785182400,2026-07-27 20:00:00,107.3048,108.9122,106.9559,108.6746
1785196800,2026-07-28 00:00:00,108.6739,109.3068,108.0686,108.9484
1785211200,2026-07-28 04:00:00,108.9538,111.4816,108.3765,111.4816
1785225600,2026-07-28 08:00:00,111.464,111.9105,109.704,109.851
1785240000,2026-07-28 12:00:00,109.8448,111.2253,109.376,110.1886
1785254400,2026-07-28 16:00:00,110.1907,111.1828,108.7779,109.4986
1785268800,2026-07-28 20:00:00,109.512,110.2848,108.4996,108.9941
1785283200,2026-07-29 00:00:00,108.982,108.9996,106.7655,108.1825
1785297600,2026-07-29 04:00:00,108.1866,109.4752,107.642,109.3863
1785312000,2026-07-29 08:00:00,109.393,109.5118,108.2175,109.0839
1785326400,2026-07-29 12:00:00,109.096,109.2515,107.5613,108.4975
1785340800,2026-07-29 16:00:00,108.4896,110.5361,108.3823,110.4782
1785355200,2026-07-29 20:00:00,110.4682,111.004,109.8912,110.7632
1785369600,2026-07-30 00:00:00,110.7442,111.9046,110.1173,110.7483
1785384000,2026-07-30 04:00:00,110.7757,112.301,110.5869,111.5126
1785398400,2026-07-30 08:00:00,111.5174,112.262,111.0744,112.1793
1785412800,2026-07-30 12:00:00,112.1748,112.8532,111.3882,112.1538
1785427200,2026-07-30 16:00:00,112.1408,113.9076,111.6322,113.2471
1785441600,2026-07-30 20:00:00,113.2628,113.7189,111.9405,112.2309
1785456000,2026-07-31 00:00:00,112.2203,113.468,111.6882,112.6145
1785470400,2026-07-31 04:00:00,112.5806,112.5806,110.3566,110.9358
1785484800,2026-07-31 08:00:00,110.9494,112.115,110.8218,111.9713
