epoch,datetime_utc,open,high,low,close
1753955175,2025-07-31 09:46:15,81449.23,81850.09,81448.48,81715.19
1753963200,2025-07-31 12:00:00,81714.75,82121.36,81658.11,82078.6
1753977600,2025-07-31 16:00:00,82078.9,82162.8,81779.79,81807.6
1753992000,2025-07-31 20:00:00,81807.74,82150.06,81763.46,82144.73
1754006400,2025-08-01 00:00:00,82146.96,82893.3,82105.02,82772.17
1754020800,2025-08-01 04:00:00,82771.59,83016.84,82693.16,83014.57
1754035200,2025-08-01 08:00:00,83014.74,83062.73,82889.85,82955.88
1754049600,2025-08-01 12:00:00,82955.4,83206.69,82807.88,83165.98
1754064000,2025-08-01 16:00:00,83165.34,83389.67,83102.53,83194.54
1754078400,2025-08-01 20:00:00,83192.69,83196.76,83007.3,83135.52
1754092800,2025-08-02 00:00:00,83136.73,83411.03,82721.35,82790.76
1754107200,2025-08-02 04:00:00,82790.65,82918.22,82703,82749.5
1754121600,2025-08-02 08:00:00,82750.24,82762.55,82487.72,82748.04
1754136000,2025-08-02 12:00:00,82748.52,82848.92,82641.64,82724.76
1754150400,2025-08-02 16:00:00,82726.23,82840.35,82478.26,82603.23
1754164800,2025-08-02 20:00:00,82602.24,82663.47,82386.68,82507.32
1754179200,2025-08-03 00:00:00,82505.71,82521.11,82038.59,82160.58
1754193600,2025-08-03 04:00:00,82162.07,82199.37,81834.3,82027.71
1754208000,2025-08-03 08:00:00,82030.16,82168.59,81932.37,82137.63
1754222400,2025-08-03 12:00:00,82137.77,82274.07,82075.5,82222.68
1754236800,2025-08-03 16:00:00,82222.02,82297.28,82029.31,82088.37
1754251200,2025-08-03 20:00:00,82088.87,82600.08,82015.46,82587.38
1754265600,2025-08-04 00:00:00,82587.71,82995.01,82445.53,82850.48
1754280000,2025-08-04 04:00:00,82850.23,82862.12,82627.58,82736.88
1754294400,2025-08-04 08:00:00,82738.47,82944.19,82665.16,82884.23
1754308800,2025-08-04 12:00:00,82888.31,83017.28,82625.34,82800.52
1754323200,2025-08-04 16:00:00,82800.75,82861.5,82674.32,82768.12
1754337600,2025-08-04 20:00:00,82769.47,83090.58,82661.11,82968.77
1754352000,2025-08-05 00:00:00,82971.7,82979.66,82546.2,82664.13
1754366400,2025-08-05 04:00:00,82662.83,82920.08,82637.41,82830.44
1754380800,2025-08-05 08:00:00,82831.1,83116.43,82770.7,82841.86
1754395200,2025-08-05 12:00:00,82842.49,83097.5,82794.64,83031.05
1754409600,2025-08-05 16:00:00,83031.29,83213.61,82973.02,82995.05
1754424000,2025-08-05 20:00:00,82995.14,83065.09,82840.93,82940.88
1754438400,2025-08-06 00:00:00,82941.73,83004.48,82724.5,82861.29
1754452800,2025-08-06 04:00:00,82862,82986.3,82516.42,82666.25
1754467200,2025-08-06 08:00:00,82666.24,82669.48,82238.84,82290.32
1754481600,2025-08-06 12:00:00,82290.21,82506.58,82159.51,82435.21
1754496000,2025-08-06 16:00:00,82433.72,82898.82,82181.38,82871.92
1754510400,2025-08-06 20:00:00,82870.33,82973.5,82635.77,82675.22
1754524800,2025-08-07 00:00:00,82673.25,82907.16,82642.53,82850.66
1754539200,2025-08-07 04:00:00,82848.31,83136.84,82741.2,83107.89
1754553600,2025-08-07 08:00:00,83106.08,83314.99,83045.73,83311.18
1754568000,2025-08-07 12:00:00,83310.44,83453.65,83077.51,83242.68
1754582400,2025-08-07 16:00:00,83241.34,83429.1,83192.26,83396.6
1754596800,2025-08-07 20:00:00,83396.26,83478.25,83291.14,83363.73
1754611200,2025-08-08 00:00:00,83362.87,83765.65,83341.92,83666.06
1754625600,2025-08-08 04:00:00,83667.82,83865.57,83661.52,83827.23
1754640000,2025-08-08 08:00:00,83827.62,84034.15,83783.23,83894.94
1754654400,2025-08-08 12:00:00,83897.69,84003.1,83735.09,83741.46
1754668800,2025-08-08 16:00:00,83742.52,83851.55,83657.35,83757.92
1754683200,2025-08-08 20:00:00,83757.61,83993.62,83616.46,83739.55
1754697600,2025-08-09 00:00:00,83736.73,84038.16,83703.52,83931.39
1754712000,2025-08-09 04:00:00,83932.19,84081.86,83710.38,84057.16
1754726400,2025-08-09 08:00:00,84059.05,84201.17,83733.27,83774.47
1754740800,2025-08-09 12:00:00,83773.31,84024.35,83590.42,84010.87
1754755200,2025-08-09 16:00:00,84013.84,84019.05,83618.42,83691.61
1754769600,2025-08-09 20:00:00,83690.66,83843.99,83535.11,83751.75
1754784000,2025-08-10 00:00:00,83752.25,83970.17,83591.89,83966.56
1754798400,2025-08-10 04:00:00,83966.67,84093.19,83700.42,83775.69
1754812800,2025-08-10 08:00:00,83773.69,83918.22,83596.69,83689.81
1754827200,2025-08-10 12:00:00,83688.94,83913.77,83587.05,83875.77
1754841600,2025-08-10 16:00:00,83875.14,84339.56,83874.45,84270.63
1754856000,2025-08-10 20:00:00,84271.34,84279.78,83896.32,83928.89
1754870400,2025-08-11 00:00:00,83928.78,83982.21,83486.68,83623.64
1754884800,2025-08-11 04:00:00,83623.29,83628.17,83301.42,83551.21
1754899200,2025-08-11 08:00:00,83550.79,83649.87,83440.32,83604.46
1754913600,2025-08-11 12:00:00,83604.29,83857.74,83381.57,83674.2
1754928000,2025-08-11 16:00:00,83672,83770.39,83496.86,83590.5
1754942400,2025-08-11 20:00:00,83592.37,84084.61,83589.58,83993.14
1754956800,2025-08-12 00:00:00,83993.45,84269.32,83890,84246.94
1754971200,2025-08-12 04:00:00,84248.79,84509.46,84209.9,84391.93
1754985600,2025-08-12 08:00:00,84389.65,84665.69,84381.9,84540.5
1755000000,2025-08-12 12:00:00,84541.29,84619.32,84439.11,84464.18
1755014400,2025-08-12 16:00:00,84466.53,84551.15,84203.74,84203.74
1755028800,2025-08-12 20:00:00,84201.53,84393.49,84168.59,84279.48
1755043200,2025-08-13 00:00:00,84282.77,84341.86,84014.61,84242.33
1755057600,2025-08-13 04:00:00,84240.61,84269.43,83940.77,84046.29
1755072000,2025-08-13 08:00:00,84046.46,84469.97,83879.02,84458.74
1755086400,2025-08-13 12:00:00,84458.3,84474.73,84081.12,84152.2
1755100800,2025-08-13 16:00:00,84150.67,84372.62,84148.88,84364.98
1755115200,2025-08-13 20:00:00,84363.6,84494.91,84018.47,84022.14
1755129600,2025-08-14 00:00:00,84025.73,84199.62,83868.23,83987.94
1755144000,2025-08-14 04:00:00,83986.25,83986.25,83707.95,83752.3
1755158400,2025-08-14 08:00:00,83748.71,83925.11,83715.52,83923.89
1755172800,2025-08-14 12:00:00,83924.3,84162.38,83735.33,83758.95
1755187200,2025-08-14 16:00:00,83758.73,83906.21,83624.26,83828.5
1755201600,2025-08-14 20:00:00,83827.44,83845.04,83599.27,83684
1755216000,2025-08-15 00:00:00,83685.08,84009.14,83642.39,83837.97
1755230400,2025-08-15 04:00:00,83838.33,83923.66,83540.67,83547.84
1755244800,2025-08-15 08:00:00,83546.82,83908.04,83443.2,83794.55
1755259200,2025-08-15 12:00:00,83794.35,83907.27,83694.34,83814.12
1755273600,2025-08-15 16:00:00,83815.03,84167.54,83782.38,84129.83
1755288000,2025-08-15 20:00:00,84130.12,84230.34,83938.14,83995.98
1755302400,2025-08-16 00:00:00,83996.26,84034.8,83606.8,83724.6
1755316800,2025-08-16 04:00:00,83727.52,83764.26,83461.32,83619.19
1755331200,2025-08-16 08:00:00,83617.11,83857.01,83602.11,83852.48
1755345600,2025-08-16 12:00:00,83853.34,84063.93,83779.72,84037.44
1755360000,2025-08-16 16:00:00,84038.65,84627.52,83964.84,84592.72
1755374400,2025-08-16 20:00:00,84593.65,85287.83,84502.85,85199
1755388800,2025-08-17 00:00:00,85197.32,85276.48,84900.71,85254.75
1755403200,2025-08-17 04:00:00,85254.53,85337.8,84986.29,85225.69
1755417600,2025-08-17 08:00:00,85226,85440.58,85059.71,85295.07
1755432000,2025-08-17 12:00:00,85295.91,85475.4,85213.41,85245.72
1755446400,2025-08-17 16:00:00,85247.49,85306.01,85046.46,85091.62
1755460800,2025-08-17 20:00:00,85092.48,85244.94,84877.11,84912.37
1755475200,2025-08-18 00:00:00,84912.07,84914.92,84516.96,84667.78
1755489600,2025-08-18 04:00:00,84667.22,84714.55,84219.99,84386.44
1755504000,2025-08-18 08:00:00,84385.65,84450.67,84130.36,84257.49
1755518400,2025-08-18 12:00:00,84256.25,84683.6,84228.25,84523.12
1755532800,2025-08-18 16:00:00,84524.61,84713.45,84422.18,84551.28
1755547200,2025-08-18 20:00:00,84551.54,84640.83,84434.22,84459.48
1755561600,2025-08-19 00:00:00,84461.76,84463.93,84190.44,84328.73
1755576000,2025-08-19 04:00:00,84328.12,84350.82,83834.48,83987.37
1755590400,2025-08-19 08:00:00,83990.02,84150.75,83893.62,84085.35
1755604800,2025-08-19 12:00:00,84086.63,84177.77,83850.42,84032.65
1755619200,2025-08-19 16:00:00,84033.44,84177.43,83851.06,83851.06
1755633600,2025-08-19 20:00:00,83851.95,84340.17,83847.35,84328.18
1755648000,2025-08-20 00:00:00,84327.38,84737.58,84318.14,84657.91
1755662400,2025-08-20 04:00:00,84659,85091.79,84596.38,84704.27
1755676800,2025-08-20 08:00:00,84704.79,84743.54,84383.96,84529.15
1755691200,2025-08-20 12:00:00,84529.33,84553.2,84138.5,84354.27
1755705600,2025-08-20 16:00:00,84353.43,84699.67,84328.57,84568.61
1755720000,2025-08-20 20:00:00,84568.34,84696.84,84515.49,84664.82
1755734400,2025-08-21 00:00:00,84666.22,85189.94,84650.68,85155.77
1755748800,2025-08-21 04:00:00,85153.96,85292.04,84958,85090.53
1755763200,2025-08-21 08:00:00,85089.7,85445.4,84968.9,85445.08
1755777600,2025-08-21 12:00:00,85445.58,85661.45,85332.92,85342.11
1755792000,2025-08-21 16:00:00,85342.43,85417.71,84954.7,84979.84
1755806400,2025-08-21 20:00:00,84979.6,85080.04,84564.75,84601.29
1755820800,2025-08-22 00:00:00,84601.1,85156.3,84568.21,85015.41
1755835200,2025-08-22 04:00:00,85016.34,85257.54,84968.49,85228.24
1755849600,2025-08-22 08:00:00,85230.26,85695.91,85207.53,85603.15
1755864000,2025-08-22 12:00:00,85602.9,85823.72,85559.91,85716.91
1755878400,2025-08-22 16:00:00,85719.12,85962.58,85680.39,85873.1
1755892800,2025-08-22 20:00:00,85872.77,85924.96,85541.44,85655.65
1755907200,2025-08-23 00:00:00,85653.62,86179.65,85590.35,86029.57
1755921600,2025-08-23 04:00:00,86026.68,86335.26,85995.98,86317.33
1755936000,2025-08-23 08:00:00,86316.09,86531.82,86240.74,86334.89
1755950400,2025-08-23 12:00:00,86333.07,86347.22,85992.07,86032.79
1755964800,2025-08-23 16:00:00,86033.74,86033.74,85631.76,85880.57
1755979200,2025-08-23 20:00:00,85881.82,86183.86,85755.42,86183.55
1755993600,2025-08-24 00:00:00,86184.18,86400.71,85993.46,86003.62
1756008000,2025-08-24 04:00:00,86004.65,86156.58,85827.59,85844.34
1756022400,2025-08-24 08:00:00,85842.51,86298.16,85835.91,86279.96
1756036800,2025-08-24 12:00:00,86278.4,86815.2,86187.82,86719.55
1756051200,2025-08-24 16:00:00,86716.92,86764.25,86338.58,86711.2
1756065600,2025-08-24 20:00:00,86712.29,86800.29,86379.08,86476.86
1756080000,2025-08-25 00:00:00,86477.26,86812.42,86387.56,86720.67
1756094400,2025-08-25 04:00:00,86721.68,86909.43,86593.62,86715.57
1756108800,2025-08-25 08:00:00,86717.03,87150.68,86693.66,87071.37
1756123200,2025-08-25 12:00:00,87072.63,87086.96,86759.28,86883.52
1756137600,2025-08-25 16:00:00,86885.85,87222.91,86849.22,87174.49
1756152000,2025-08-25 20:00:00,87175.28,87216.47,86876.47,87101.52
1756166400,2025-08-26 00:00:00,87101.33,87411.33,86895.87,87390.81
1756180800,2025-08-26 04:00:00,87390.58,87805.61,87262.9,87647.12
1756195200,2025-08-26 08:00:00,87645,87776.25,87520.81,87760.89
1756209600,2025-08-26 12:00:00,87761.04,88185.8,87721.24,88182.7
1756224000,2025-08-26 16:00:00,88182.17,88426.54,88076.7,88245.72
1756238400,2025-08-26 20:00:00,88244.77,88548.12,88230.16,88311.84
1756252800,2025-08-27 00:00:00,88313.61,88347.94,88056.85,88292.96
1756267200,2025-08-27 04:00:00,88290.99,88608.57,88233.84,88431.76
1756281600,2025-08-27 08:00:00,88436.13,88630.32,88376.33,88550.55
1756296000,2025-08-27 12:00:00,88551.6,88718.37,88458.01,88684.99
1756310400,2025-08-27 16:00:00,88685.78,88862.65,88446.25,88661.25
1756324800,2025-08-27 20:00:00,88658.54,89166.77,88561.49,89109.47
1756339200,2025-08-28 00:00:00,89106.89,89188.91,88710.42,88761.51
1756353600,2025-08-28 04:00:00,88762.77,88942.91,88705.39,88799.43
1756368000,2025-08-28 08:00:00,88803.35,88968.15,88669.62,88898.88
1756382400,2025-08-28 12:00:00,88897.87,89208.4,88888.05,89000.3
1756396800,2025-08-28 16:00:00,89001.31,89135.82,88789.59,88894.96
1756411200,2025-08-28 20:00:00,88896.37,88896.37,88639.98,88691.24
1756425600,2025-08-29 00:00:00,88689.78,88774.14,88565.2,88565.2
1756440000,2025-08-29 04:00:00,88564.27,88827.11,88434.12,88728.98
1756454400,2025-08-29 08:00:00,88728.63,88910.14,88503.56,88557.73
1756468800,2025-08-29 12:00:00,88558.76,88748.97,88513.19,88576.07
1756483200,2025-08-29 16:00:00,88575.12,88879.09,88516.03,88852.78
1756497600,2025-08-29 20:00:00,88851.88,88984,88702,88757.36
1756512000,2025-08-30 00:00:00,88755.84,88814.35,88445.35,88524.3
1756526400,2025-08-30 04:00:00,88525.37,88907.33,88459.52,88902.46
1756540800,2025-08-30 08:00:00,88900.36,89260.61,88851.67,89257.28
1756555200,2025-08-30 12:00:00,89239.97,89316.09,88935.02,89137.1
1756569600,2025-08-30 16:00:00,89135.87,89150.12,88926.68,89053.74
1756584000,2025-08-30 20:00:00,89053.72,89403.62,88971.95,89317.14
1756598400,2025-08-31 00:00:00,89315.62,89519.03,89109.53,89172.52
1756612800,2025-08-31 04:00:00,89171.11,89632.84,89027.02,89549.4
1756627200,2025-08-31 08:00:00,89551.07,89599.6,89314.13,89427.94
1756641600,2025-08-31 12:00:00,89429.69,89965.57,89422.32,89818.64
1756656000,2025-08-31 16:00:00,89820.11,89932.2,89511.53,89540.59
1756670400,2025-08-31 20:00:00,89538.27,89544.87,89233.13,89292.83
1756684800,2025-09-01 00:00:00,89294.08,89308.67,88787.7,89038.39
1756699200,2025-09-01 04:00:00,89038.94,89097.24,88888.32,89006.98
1756713600,2025-09-01 08:00:00,89006.74,89119.26,88832.54,88855.17
1756728000,2025-09-01 12:00:00,88856.75,88986.04,88657.12,88692.61
1756742400,2025-09-01 16:00:00,88693.95,89005.68,88544.34,88637.4
1756756800,2025-09-01 20:00:00,88638.56,88933.45,88506.62,88882.45
1756771200,2025-09-02 00:00:00,88883.68,89034.06,88789.09,88899.57
1756785600,2025-09-02 04:00:00,88899.2,89063.99,88638.42,89056.74
1756800000,2025-09-02 08:00:00,89055.5,89298.9,88841.94,88887.46
1756814400,2025-09-02 12:00:00,88885.63,88959.87,88780.4,88925.31
1756828800,2025-09-02 16:00:00,88924.67,88946.5,88266.33,88296.91
1756843200,2025-09-02 20:00:00,88301.01,88699.76,88221.6,88539.9
1756857600,2025-09-03 00:00:00,88537.76,88553.92,88034.24,88302.75
1756872000,2025-09-03 04:00:00,88304.09,88358.34,87977.28,88288.5
1756886400,2025-09-03 08:00:00,88289.81,88428.68,88100.4,88377.14
1756900800,2025-09-03 12:00:00,88374.75,88552.59,88271.02,88425.97
1756915200,2025-09-03 16:00:00,88424.65,88580.22,88217.4,88421.87
1756929600,2025-09-03 20:00:00,88421.21,88867.43,88202.39,88767.47
1756944000,2025-09-04 00:00:00,88766.67,88952.84,88562.23,88892.67
1756958400,2025-09-04 04:00:00,88893.76,88926.15,88520.92,88618.07
1756972800,2025-09-04 08:00:00,88617.25,88646.57,88374.98,88396.4
1756987200,2025-09-04 12:00:00,88396.41,88582.95,88308.49,88390.3
1757001600,2025-09-04 16:00:00,88389.83,88413.72,87931.12,87945.81
1757016000,2025-09-04 20:00:00,87945.44,88066.03,87704.41,87704.41
1757030400,2025-09-05 00:00:00,87703.67,88063.63,87652.59,87978.61
1757044800,2025-09-05 04:00:00,87978.52,88420.87,87918.82,88158.75
1757059200,2025-09-05 08:00:00,88158.19,88533.93,88134.58,88466.52
1757073600,2025-09-05 12:00:00,88464.89,88974.24,88447.68,88702.71
1757088000,2025-09-05 16:00:00,88703.95,88831.08,88473.17,88524.37
1757102400,2025-09-05 20:00:00,88523.96,88549.34,87992.95,88209.04
1757116800,2025-09-06 00:00:00,88208.76,88294.35,87978.59,88210.79
1757131200,2025-09-06 04:00:00,88211.64,88644.74,88152.81,88609.6
1757145600,2025-09-06 08:00:00,88612.06,88962.35,88609.53,88799.74
1757160000,2025-09-06 12:00:00,88800.48,88858.16,88585,88763.36
1757174400,2025-09-06 16:00:00,88763.97,89100.36,88723.86,89053.81
1757188800,2025-09-06 20:00:00,89055.79,89173.47,88884.81,89114.57
1757203200,2025-09-07 00:00:00,89115.88,89138.92,88799.75,88839.32
1757217600,2025-09-07 04:00:00,88839.9,89092.95,88835.84,89062.49
1757232000,2025-09-07 08:00:00,89063.17,89487.15,89033.89,89473.22
1757246400,2025-09-07 12:00:00,89475.42,89636.5,89353,89594.59
1757260800,2025-09-07 16:00:00,89596.4,89816.56,89436.23,89577.18
1757275200,2025-09-07 20:00:00,89577.27,89698.42,89226.61,89407.96
1757289600,2025-09-08 00:00:00,89407.67,89729.3,89388,89661.67
1757304000,2025-09-08 04:00:00,89663.2,89831.98,89556.39,89796.92
1757318400,2025-09-08 08:00:00,89799.34,89903.15,89677.41,89727.56
1757332800,2025-09-08 12:00:00,89727.65,89759.97,89324.68,89681.97
1757347200,2025-09-08 16:00:00,89679.91,89905.3,89601.3,89771.09
1757361600,2025-09-08 20:00:00,89770.73,89777.88,89228.33,89448.29
1757376000,2025-09-09 00:00:00,89447.1,89611.1,89402.02,89478.45
1757390400,2025-09-09 04:00:00,89476.95,89535.81,89253.3,89344.7
1757404800,2025-09-09 08:00:00,89344.31,89423.73,89066.2,89122.37
1757419200,2025-09-09 12:00:00,89123.49,89494.87,89057.48,89138.03
1757433600,2025-09-09 16:00:00,89144.35,89304.81,89023.51,89203.96
1757448000,2025-09-09 20:00:00,89204.13,89406.29,89058.91,89192.81
1757462400,2025-09-10 00:00:00,89193.69,89634.12,89184.84,89577.05
1757476800,2025-09-10 04:00:00,89576.01,89622.96,88905.99,89015.07
1757491200,2025-09-10 08:00:00,89012.24,89264.67,88972.03,89220.33
1757505600,2025-09-10 12:00:00,89222.56,89382.59,89074.96,89103.73
1757520000,2025-09-10 16:00:00,89101.35,89235.4,88939.08,89062.44
1757534400,2025-09-10 20:00:00,89060.77,89293.76,88872.64,89264.15
1757548800,2025-09-11 00:00:00,89264.09,89436.76,89090.41,89139.94
1757563200,2025-09-11 04:00:00,89140.54,89162.43,88979.92,89022.04
1757577600,2025-09-11 08:00:00,89023.76,89089.36,88795.19,89062.34
1757592000,2025-09-11 12:00:00,89062.18,89306.23,89030.44,89245.97
1757606400,2025-09-11 16:00:00,89249.04,89340.23,88791.57,88909.14
1757620800,2025-09-11 20:00:00,88907.74,89097.83,88711.71,89005.32
1757635200,2025-09-12 00:00:00,89003.98,89081,88781.3,88920.59
1757649600,2025-09-12 04:00:00,88922.6,89426.55,88848.7,89310.29
1757664000,2025-09-12 08:00:00,89310.95,89372.54,89082.96,89236.59
1757678400,2025-09-12 12:00:00,89238.15,89243.26,88799.42,88880.07
1757692800,2025-09-12 16:00:00,88875.74,88947.54,88352.8,88379.38
1757707200,2025-09-12 20:00:00,88376.83,88515.44,88296.33,88361.46
1757721600,2025-09-13 00:00:00,88360.91,89044.73,88356.79,88982.17
1757736000,2025-09-13 04:00:00,88980.78,89348.48,88884.05,89334.06
1757750400,2025-09-13 08:00:00,89333.15,89559.28,89265.13,89445.22
1757764800,2025-09-13 12:00:00,89447.84,89691.97,89381.2,89669.39
1757779200,2025-09-13 16:00:00,89666.38,89814.48,89498.02,89516.84
1757793600,2025-09-13 20:00:00,89517.69,89610.48,89334.52,89417
1757808000,2025-09-14 00:00:00,89417.74,89648.3,89294.37,89622.02
1757822400,2025-09-14 04:00:00,89621.49,89723,89414.31,89415.86
1757836800,2025-09-14 08:00:00,89416.68,89529.72,89061.22,89380.29
1757851200,2025-09-14 12:00:00,89379.98,89547.92,89090.93,89525.59
1757865600,2025-09-14 16:00:00,89527.09,89566.52,88967.39,89076.55
1757880000,2025-09-14 20:00:00,89075.81,89229.27,88887.2,89130.32
1757894400,2025-09-15 00:00:00,89129.19,89182.75,88961.11,89153.29
1757908800,2025-09-15 04:00:00,89152.64,89489.5,89102.47,89385.36
1757923200,2025-09-15 08:00:00,89387.29,89531.57,89105.79,89303.84
1757937600,2025-09-15 12:00:00,89305.74,89511.31,88993.24,89480.35
1757952000,2025-09-15 16:00:00,89483.18,89795.29,89438.96,89594.13
1757966400,2025-09-15 20:00:00,89594.1,89684.32,89074.3,89121.86
1757980800,2025-09-16 00:00:00,89119.93,89233.95,88933.12,88984.48
1757995200,2025-09-16 04:00:00,88983.78,89175.97,88851.69,88963.73
1758009600,2025-09-16 08:00:00,88963.8,88979.01,88678.4,88800.52
1758024000,2025-09-16 12:00:00,88800.39,89019.4,88677.27,89000.7
1758038400,2025-09-16 16:00:00,88999.69,89077.89,88868.09,88976.21
1758052800,2025-09-16 20:00:00,88976.27,89084.24,88863.17,88950.71
1758067200,2025-09-17 00:00:00,88951.24,89335.15,88914.12,89246.68
1758081600,2025-09-17 04:00:00,89245.53,89369,89093.64,89152.41
1758096000,2025-09-17 08:00:00,89152.64,89399.08,89070.55,89279.58
1758110400,2025-09-17 12:00:00,89280.22,89325.32,88799.09,88840.25
1758124800,2025-09-17 16:00:00,88841.61,89360.96,88817.75,89328.93
1758139200,2025-09-17 20:00:00,89327.16,89416.68,89072.37,89093.43
1758153600,2025-09-18 00:00:00,89093.69,89182.74,88690.27,88695.96
1758168000,2025-09-18 04:00:00,88697.54,88796.98,88533.39,88702.14
1758182400,2025-09-18 08:00:00,88698.02,89192.98,88658.29,89120.69
1758196800,2025-09-18 12:00:00,89121.19,89209.57,88922.26,89084.3
1758211200,2025-09-18 16:00:00,89083.46,89506.16,88900.47,89490.91
1758225600,2025-09-18 20:00:00,89492.47,89714.1,89476.73,89578.79
1758240000,2025-09-19 00:00:00,89578.33,90312.57,89578.33,90284.98
1758254400,2025-09-19 04:00:00,90283.73,90299.47,90078.88,90166.05
1758268800,2025-09-19 08:00:00,90167.61,90359.77,90021.21,90225.22
1758283200,2025-09-19 12:00:00,90225.85,90255.02,89837.67,89973.93
1758297600,2025-09-19 16:00:00,89973.52,90111.01,89879.57,90009.85
1758312000,2025-09-19 20:00:00,90009.04,90012.28,89396.65,89514.29
1758326400,2025-09-20 00:00:00,89515.76,89571.02,89342.48,89459.59
1758340800,2025-09-20 04:00:00,89461.21,89499.38,89086.81,89221.47
1758355200,2025-09-20 08:00:00,89221.66,89242.6,88964.93,89034.81
1758369600,2025-09-20 12:00:00,89036.11,89041.1,88685.78,88933.09
1758384000,2025-09-20 16:00:00,88934.24,88999.88,88666.64,88919.78
1758398400,2025-09-20 20:00:00,88919.47,89176.85,88907.11,89113.33
1758412800,2025-09-21 00:00:00,89115.9,89878.14,89034.92,89805.43
1758427200,2025-09-21 04:00:00,89808.28,90113.77,89768.68,90034.2
1758441600,2025-09-21 08:00:00,90034.56,90250.03,89991.41,90121.72
1758456000,2025-09-21 12:00:00,90118.64,90361.67,89984.55,90199.14
1758470400,2025-09-21 16:00:00,90196.94,90279.48,89932.55,90000.54
1758484800,2025-09-21 20:00:00,89998.28,90085.25,89627,89861.62
1758499200,2025-09-22 00:00:00,89860.5,90211.84,89657.22,89936.45
1758513600,2025-09-22 04:00:00,89936.01,90127.61,89706.14,89836.94
1758528000,2025-09-22 08:00:00,89835.12,89878.78,89586.87,89619.12
1758542400,2025-09-22 12:00:00,89618.99,89779.49,89516.58,89622.66
1758556800,2025-09-22 16:00:00,89623.13,89892.12,89509.28,89868.19
1758571200,2025-09-22 20:00:00,89868.53,90112.99,89813.22,90055.77
1758585600,2025-09-23 00:00:00,90057.02,90263.8,89967.37,90090.62
1758600000,2025-09-23 04:00:00,90093.13,90255.78,89977.24,90131.07
1758614400,2025-09-23 08:00:00,90129.07,90363.87,89996.84,90258.32
1758628800,2025-09-23 12:00:00,90258.12,90651.41,90210.17,90538.66
1758643200,2025-09-23 16:00:00,90539.55,90758.04,90319.72,90359.28
1758657600,2025-09-23 20:00:00,90360.37,90787.7,90355.33,90783.15
1758672000,2025-09-24 00:00:00,90786.04,90799.91,90479.92,90787.99
1758686400,2025-09-24 04:00:00,90787.84,90849.91,90491.01,90503.88
1758700800,2025-09-24 08:00:00,90501.66,90504.16,90185.39,90193.62
1758715200,2025-09-24 12:00:00,90191.7,90359.97,89969.96,90069.67
1758729600,2025-09-24 16:00:00,90067.4,90101.72,89758.01,89780.54
1758744000,2025-09-24 20:00:00,89780,89990.41,89534.2,89941.25
1758758400,2025-09-25 00:00:00,89941.68,90191.5,89862.04,89885.19
1758772800,2025-09-25 04:00:00,89886.53,89984.9,89641.37,89889.58
1758787200,2025-09-25 08:00:00,89887.14,89934.34,89609.5,89674.24
1758801600,2025-09-25 12:00:00,89672.82,89675.29,89083.58,89211.62
1758816000,2025-09-25 16:00:00,89210.56,89491.09,89171.67,89483.1
1758830400,2025-09-25 20:00:00,89479.42,89507.04,89184.61,89320.92
1758844800,2025-09-26 00:00:00,89323.27,89492.65,89008.54,89097.58
1758859200,2025-09-26 04:00:00,89096.61,89241.09,88973.39,89118.52
1758873600,2025-09-26 08:00:00,89118.88,89133.19,88292.24,88299.04
1758888000,2025-09-26 12:00:00,88298.82,88376.51,88055.64,88127.57
1758902400,2025-09-26 16:00:00,88124.77,88272.03,87990.25,88140.61
1758916800,2025-09-26 20:00:00,88140.94,88485.74,88099.14,88342.1
1758931200,2025-09-27 00:00:00,88338.72,88417.66,88162.15,88210.33
1758945600,2025-09-27 04:00:00,88211.66,88579.73,88011.47,88579.73
1758960000,2025-09-27 08:00:00,88578.8,88766.78,88476.95,88558.95
1758974400,2025-09-27 12:00:00,88558.99,89153.66,88539.83,89119.92
1758988800,2025-09-27 16:00:00,89120.05,89273.27,89024.56,89193.75
1759003200,2025-09-27 20:00:00,89196.23,89640.19,89177.24,89382.19
1759017600,2025-09-28 00:00:00,89382.95,89670.4,89188.59,89563.52
1759032000,2025-09-28 04:00:00,89565.3,89761.23,89501.72,89542.12
1759046400,2025-09-28 08:00:00,89543.52,89877.53,89470.84,89758.5
1759060800,2025-09-28 12:00:00,89759.91,90176.33,89703.79,90126.84
1759075200,2025-09-28 16:00:00,90128.09,90342.29,89854.66,89976.58
1759089600,2025-09-28 20:00:00,89977.07,90128.95,89922.42,89971.51
1759104000,2025-09-29 00:00:00,89971.45,90152.05,89795.87,90112.11
1759118400,2025-09-29 04:00:00,90109.92,90435.28,90067.75,90197.1
1759132800,2025-09-29 08:00:00,90200.2,90209.29,89766.08,89773.64
1759147200,2025-09-29 12:00:00,89771.74,89872.79,89316.68,89418.71
1759161600,2025-09-29 16:00:00,89416.36,89653.51,89172.82,89607.47
1759176000,2025-09-29 20:00:00,89606.93,90003.48,89597.51,89913.01
1759190400,2025-09-30 00:00:00,89911.73,90233.91,89800.2,89877
1759204800,2025-09-30 04:00:00,89877.31,90303.62,89705.84,90279.22
1759219200,2025-09-30 08:00:00,90279.3,90540.95,90186.09,90522.78
1759233600,2025-09-30 12:00:00,90522.96,90711.63,90222.16,90616.07
1759248000,2025-09-30 16:00:00,90615.44,90728.13,90352.79,90352.79
1759262400,2025-09-30 20:00:00,90355.68,90418.94,90101.55,90213.71
1759276800,2025-10-01 00:00:00,90214.08,90323.66,90051.34,90132.04
1759291200,2025-10-01 04:00:00,90130.42,90698.6,90053.32,90679.14
1759305600,2025-10-01 08:00:00,90678.35,90950.67,90641.26,90840.53
1759320000,2025-10-01 12:00:00,90840.78,90874.25,90528.26,90626.43
1759334400,2025-10-01 16:00:00,90625.23,90962.01,90614.14,90884.73
1759348800,2025-10-01 20:00:00,90884.35,90962.53,90540.96,90642.11
1759363200,2025-10-02 00:00:00,90639.97,90884.67,90450.25,90833.65
1759377600,2025-10-02 04:00:00,90833.61,91116.99,90786.53,90805.35
1759392000,2025-10-02 08:00:00,90807.38,90811.38,90335.5,90343.54
1759406400,2025-10-02 12:00:00,90346.95,90461.11,90125.07,90318.82
1759420800,2025-10-02 16:00:00,90319.96,90762.2,90305.17,90744.06
1759435200,2025-10-02 20:00:00,90744.07,90794.86,90587.13,90703.68
1759449600,2025-10-03 00:00:00,90706.76,91091.06,90589.96,91085.48
1759464000,2025-10-03 04:00:00,91085.87,91243.49,90801.62,90827.49
1759478400,2025-10-03 08:00:00,90827.95,90986.75,90589.32,90945.53
1759492800,2025-10-03 12:00:00,90944.32,91144.53,90882.47,91141.58
1759507200,2025-10-03 16:00:00,91140.8,91284.12,90963.03,91167.38
1759521600,2025-10-03 20:00:00,91169.19,91476.47,91110.34,91471.23
1759536000,2025-10-04 00:00:00,91469.26,91504.5,90928.02,91210.66
1759550400,2025-10-04 04:00:00,91213.78,91954.05,91207.38,91887.29
1759564800,2025-10-04 08:00:00,91884.63,92282.46,91774.15,92220.44
1759579200,2025-10-04 12:00:00,92219.92,92409.06,91957.15,92104.8
1759593600,2025-10-04 16:00:00,92104.96,92755.39,92081.69,92595.41
1759608000,2025-10-04 20:00:00,92591.77,92771.86,92435.76,92528.98
1759622400,2025-10-05 00:00:00,92530.48,92546.89,92020.92,92067.16
1759636800,2025-10-05 04:00:00,92069.95,92203.18,91814.5,91950.25
1759651200,2025-10-05 08:00:00,91951.54,92007.71,91785.89,91993.6
1759665600,2025-10-05 12:00:00,91992.22,92288.8,91756,91956.46
1759680000,2025-10-05 16:00:00,91954.71,92042.22,91651.39,91778.37
1759694400,2025-10-05 20:00:00,91779,92083.86,91728.11,92060.72
1759708800,2025-10-06 00:00:00,92057.05,92200.42,91855.07,92034.49
1759723200,2025-10-06 04:00:00,92037.02,92483.65,91977.21,92356.63
1759737600,2025-10-06 08:00:00,92356.79,92808.17,92305.53,92763.9
1759752000,2025-10-06 12:00:00,92761.77,92829.39,92548.56,92734.98
1759766400,2025-10-06 16:00:00,92737.03,92963.72,92671.66,92705.31
1759780800,2025-10-06 20:00:00,92705.59,93042.2,92534.35,92603.34
1759795200,2025-10-07 00:00:00,92600.9,92791.17,92441.81,92719.01
1759809600,2025-10-07 04:00:00,92718.94,92865.66,92329.85,92459.42
1759824000,2025-10-07 08:00:00,92456.46,92459.48,91913.02,91943.35
1759838400,2025-10-07 12:00:00,91941.33,91954.1,91321.63,91622.12
1759852800,2025-10-07 16:00:00,91621.09,91730.88,91177.12,91267.26
1759867200,2025-10-07 20:00:00,91267.86,91317.24,91124.6,91262.51
1759881600,2025-10-08 00:00:00,91260.45,91556.04,91260.45,91493.05
1759896000,2025-10-08 04:00:00,91496.72,91594.55,91369.77,91558.67
1759910400,2025-10-08 08:00:00,91556.09,91909.31,91528.91,91721.41
1759924800,2025-10-08 12:00:00,91720.78,91970.71,91659.01,91939.91
1759939200,2025-10-08 16:00:00,91937.8,92387.5,91822.38,92284.12
1759953600,2025-10-08 20:00:00,92280.82,92401.5,92200.98,92272.63
1759968000,2025-10-09 00:00:00,92271.1,92422.43,92095.84,92115.19
1759982400,2025-10-09 04:00:00,92112.47,92226.57,91917.7,92218.85
1759996800,2025-10-09 08:00:00,92216.66,92386.83,92155.03,92227.09
1760011200,2025-10-09 12:00:00,92226.77,92718.62,92177.52,92617.7
1760025600,2025-10-09 16:00:00,92620.48,92737.12,92446.54,92586.02
1760040000,2025-10-09 20:00:00,92588.3,92625.77,92285.46,92523.51
1760054400,2025-10-10 00:00:00,92523.05,92627.4,92143.15,92179.73
1760068800,2025-10-10 04:00:00,92181.39,92222.79,91754.04,91763.02
1760083200,2025-10-10 08:00:00,91762.52,91764.22,91533.44,91582.69
1760097600,2025-10-10 12:00:00,91585.83,91736.54,91508.89,91633.07
1760112000,2025-10-10 16:00:00,91629.45,91758.97,91451.42,91620
1760126400,2025-10-10 20:00:00,91618.73,91815.5,91551.91,91709.85
1760140800,2025-10-11 00:00:00,91713.32,91920.03,91550.16,91761.82
1760155200,2025-10-11 04:00:00,91759.39,92053.35,91339.45,91387.08
1760169600,2025-10-11 08:00:00,91387.42,91769.63,91225.03,91721.29
1760184000,2025-10-11 12:00:00,91719.44,91852.08,91663.94,91722.94
1760198400,2025-10-11 16:00:00,91722.68,91734.98,91299.71,91588.13
1760212800,2025-10-11 20:00:00,91587.57,92213.95,91573.19,92191.8
1760227200,2025-10-12 00:00:00,92195.4,92222.97,91867.42,92129.08
1760241600,2025-10-12 04:00:00,92133.1,92375.42,92089.34,92347.27
1760256000,2025-10-12 08:00:00,92347.84,92590.09,92250.13,92426.76
1760270400,2025-10-12 12:00:00,92426.46,92567.19,92206.68,92507.82
1760284800,2025-10-12 16:00:00,92509.5,92718.93,92384.18,92660.86
1760299200,2025-10-12 20:00:00,92661.28,92775.39,92462.27,92502.22
1760313600,2025-10-13 00:00:00,92503.28,92632.77,92047.62,92258.82
1760328000,2025-10-13 04:00:00,92259.4,92294.55,92077.41,92282.83
1760342400,2025-10-13 08:00:00,92281.09,92728.59,92278.47,92700.69
1760356800,2025-10-13 12:00:00,92702.21,92807.04,92258.02,92312.64
1760371200,2025-10-13 16:00:00,92312.58,92618.81,92217.17,92521.97
1760385600,2025-10-13 20:00:00,92523.88,92859.49,92488.57,92703.54
1760400000,2025-10-14 00:00:00,92703.57,92902.28,92683.86,92815.67
1760414400,2025-10-14 04:00:00,92813.57,93274.24,92810.66,93160.67
1760428800,2025-10-14 08:00:00,93159.9,93177.31,92788.96,92802.02
1760443200,2025-10-14 12:00:00,92801.41,92839.88,92594.33,92662.28
1760457600,2025-10-14 16:00:00,92659.76,92740.85,92460.73,92493.17
1760472000,2025-10-14 20:00:00,92492.63,93081.07,92474.5,93073.17
1760486400,2025-10-15 00:00:00,93073.33,93544.75,93066.21,93459.99
1760500800,2025-10-15 04:00:00,93456.43,93843.22,93396.2,93831.96
1760515200,2025-10-15 08:00:00,93835.71,94712.11,93765.01,94560.84
1760529600,2025-10-15 12:00:00,94560.03,94663.93,94321.27,94401.46
1760544000,2025-10-15 16:00:00,94401.98,94878.58,94387.96,94818.56
1760558400,2025-10-15 20:00:00,94818.53,94953.5,94619.6,94625.72
1760572800,2025-10-16 00:00:00,94625.71,94754.2,94286.27,94694.13
1760587200,2025-10-16 04:00:00,94692.23,94704.57,94018.86,94036.78
1760601600,2025-10-16 08:00:00,94035.79,94054.68,93747.39,93941.17
1760616000,2025-10-16 12:00:00,93940.52,94112.85,93676.56,93679.31
1760630400,2025-10-16 16:00:00,93677.57,94013.97,93626.64,93827.33
1760644800,2025-10-16 20:00:00,93829.32,93917.83,93532.4,93712.44
1760659200,2025-10-17 00:00:00,93711.16,93913.71,93617.16,93732.58
1760673600,2025-10-17 04:00:00,93735.08,94028.22,93640.73,93802.13
1760688000,2025-10-17 08:00:00,93802.27,93963.5,93694.72,93886.14
1760702400,2025-10-17 12:00:00,93883.66,94055.19,93667.69,93779.33
1760716800,2025-10-17 16:00:00,93778.1,93913.01,93613.46,93896.88
1760731200,2025-10-17 20:00:00,93897.16,94144.52,93808.38,93940.78
1760745600,2025-10-18 00:00:00,93940.16,94382.1,93889.1,94381.24
1760760000,2025-10-18 04:00:00,94380.18,94615.44,94217.01,94531.55
1760774400,2025-10-18 08:00:00,94534.05,94569.19,94205.97,94281.99
1760788800,2025-10-18 12:00:00,94281.89,94506.13,94147.77,94463.35
1760803200,2025-10-18 16:00:00,94460.75,94877.62,94379.7,94876.4
1760817600,2025-10-18 20:00:00,94875.88,94889.55,94484.68,94511.34
1760832000,2025-10-19 00:00:00,94509.55,94773.53,94505.95,94634.73
1760846400,2025-10-19 04:00:00,94635.07,94915.67,94335.24,94651.96
1760860800,2025-10-19 08:00:00,94652.94,95035.98,94519.26,94526.28
1760875200,2025-10-19 12:00:00,94527.38,94609.5,94247.7,94291.13
1760889600,2025-10-19 16:00:00,94290.31,94485.48,94242.85,94425.14
1760904000,2025-10-19 20:00:00,94425.77,94548.53,94224.29,94507.22
1760918400,2025-10-20 00:00:00,94507.61,94637.5,94299.57,94519.19
1760932800,2025-10-20 04:00:00,94516.41,94935.93,94355,94934.5
1760947200,2025-10-20 08:00:00,94934.6,95443.23,94888.67,95351.11
1760961600,2025-10-20 12:00:00,95351.25,95683.08,95156.06,95174.74
1760976000,2025-10-20 16:00:00,95176.83,95387.86,95150.94,95221.66
1760990400,2025-10-20 20:00:00,95223.17,95747.19,95207.71,95596.62
1761004800,2025-10-21 00:00:00,95594.88,95893.7,95524.99,95640.89
1761019200,2025-10-21 04:00:00,95641.7,95857.21,95589.64,95654.77
1761033600,2025-10-21 08:00:00,95655.04,95820.44,95549.57,95667.5
1761048000,2025-10-21 12:00:00,95669.2,95778.7,95378.3,95579.65
1761062400,2025-10-21 16:00:00,95579.11,95856.23,95573.71,95644.78
1761076800,2025-10-21 20:00:00,95644.7,95699.55,95295.53,95335.01
1761091200,2025-10-22 00:00:00,95333.28,95421.42,94973.02,94973.02
1761105600,2025-10-22 04:00:00,94972.51,94981.39,94671.41,94928.15
1761120000,2025-10-22 08:00:00,94927.88,95154.36,94879.91,94951.99
1761134400,2025-10-22 12:00:00,94952.41,95569.42,94915.95,95498.6
1761148800,2025-10-22 16:00:00,95497.79,95764.94,95300.47,95426.62
1761163200,2025-10-22 20:00:00,95427.08,95499.65,95223.18,95334.45
1761177600,2025-10-23 00:00:00,95333.92,95499.33,95276.18,95495.66
1761192000,2025-10-23 04:00:00,95493.62,95889.85,95487.81,95677.4
1761206400,2025-10-23 08:00:00,95679.19,95713.28,95343.08,95525.02
1761220800,2025-10-23 12:00:00,95524.61,95703.74,95425.26,95427.88
1761235200,2025-10-23 16:00:00,95427.4,95784.58,95341.09,95577.31
1761249600,2025-10-23 20:00:00,95574.61,95644.87,95390.25,95567.02
1761264000,2025-10-24 00:00:00,95567.27,95569.43,95247.4,95381.12
1761278400,2025-10-24 04:00:00,95381.42,95522.48,95089.2,95138.06
1761292800,2025-10-24 08:00:00,95139.19,95330.5,94986.66,95065.19
1761307200,2025-10-24 12:00:00,95063.22,95417.99,95013.15,95360.55
1761321600,2025-10-24 16:00:00,95362.91,95550.34,95269.23,95390.02
1761336000,2025-10-24 20:00:00,95389.44,95411.12,94861.24,95000.53
1761350400,2025-10-25 00:00:00,94999.63,95214.57,94926.04,95089.84
1761364800,2025-10-25 04:00:00,95088.22,95507.91,95019.79,95252.12
1761379200,2025-10-25 08:00:00,95253.25,95802.73,95236.31,95631.61
1761393600,2025-10-25 12:00:00,95630.8,95822.27,95565.45,95665.06
1761408000,2025-10-25 16:00:00,95665.69,95789.36,95470.16,95519.38
1761422400,2025-10-25 20:00:00,95520.19,95667.27,95404.4,95635.97
1761436800,2025-10-26 00:00:00,95639.52,95858.78,95528.09,95673.31
1761451200,2025-10-26 04:00:00,95669.91,96164.33,95570.44,96084.71
1761465600,2025-10-26 08:00:00,96083.41,96341.97,95996.4,96137.02
1761480000,2025-10-26 12:00:00,96134.85,96141.76,95676.52,95903.74
1761494400,2025-10-26 16:00:00,95906.34,96295.44,95906.34,96152.83
1761508800,2025-10-26 20:00:00,96154.36,96543.91,96016.07,96518.33
1761523200,2025-10-27 00:00:00,96518.82,96603.45,96288.52,96307.12
1761537600,2025-10-27 04:00:00,96304.52,96436.3,96137.99,96322.42
1761552000,2025-10-27 08:00:00,96320.16,96331.09,95960.31,96002.3
1761566400,2025-10-27 12:00:00,96004.96,96178.61,95635.69,95978.85
1761580800,2025-10-27 16:00:00,95979.16,96017.06,95541.75,95598.58
1761595200,2025-10-27 20:00:00,95597.83,95925.04,95571.35,95810.43
1761609600,2025-10-28 00:00:00,95811.66,95822.31,95215.27,95225.06
1761624000,2025-10-28 04:00:00,95224.22,95530.98,95068.37,95420.36
1761638400,2025-10-28 08:00:00,95417.37,95793.58,95375.76,95620.77
1761652800,2025-10-28 12:00:00,95621.02,95759.3,95442,95555.65
1761667200,2025-10-28 16:00:00,95553.81,95904.02,95393.97,95898.03
1761681600,2025-10-28 20:00:00,95900.19,95902.11,95375.27,95551.66
1761696000,2025-10-29 00:00:00,95551.54,95635.73,95394.18,95524.9
1761710400,2025-10-29 04:00:00,95527.53,95878.11,95386.4,95794.68
1761724800,2025-10-29 08:00:00,95795.21,96065.06,95727.25,96052.59
1761739200,2025-10-29 12:00:00,96050.69,96279.31,95999.5,96127.66
1761753600,2025-10-29 16:00:00,96125.8,96233.58,95806.13,95811.05
1761768000,2025-10-29 20:00:00,95812.06,96309.94,95801.94,95911.59
1761782400,2025-10-30 00:00:00,95911.67,96093.34,95709.17,96079.76
1761796800,2025-10-30 04:00:00,96080.67,96264.15,95990.18,96257.5
1761811200,2025-10-30 08:00:00,96258.97,96341.17,95997.11,95997.49
1761825600,2025-10-30 12:00:00,96000.43,96315.34,95945.25,96242.97
1761840000,2025-10-30 16:00:00,96243.47,96302.01,95721.7,95740.6
1761854400,2025-10-30 20:00:00,95741.43,95973.22,95657.22,95889.07
1761868800,2025-10-31 00:00:00,95889.59,96002.14,95663.4,95748.51
1761883200,2025-10-31 04:00:00,95751.38,96210.68,95743.73,96086.19
1761897600,2025-10-31 08:00:00,96086.83,96093.79,95751.1,95903.08
1761912000,2025-10-31 12:00:00,95901.14,95997.78,95640.43,95924.54
1761926400,2025-10-31 16:00:00,95923.82,96073.7,95809.21,96061.35
1761940800,2025-10-31 20:00:00,96061.46,96211.33,95858.98,96192.64
1761955200,2025-11-01 00:00:00,96191.6,96269.15,95597,95649.44
1761969600,2025-11-01 04:00:00,95648.81,95941.88,95631.79,95765.76
1761984000,2025-11-01 08:00:00,95766.2,95787.06,95485.49,95541.99
1761998400,2025-11-01 12:00:00,95541.12,95607.12,95340.22,95419.34
1762012800,2025-11-01 16:00:00,95422.41,95616.24,95326.01,95537.02
1762027200,2025-11-01 20:00:00,95533.78,95631.71,95453.51,95539.02
1762041600,2025-11-02 00:00:00,95541.84,95573.81,95240.55,95437.39
1762056000,2025-11-02 04:00:00,95437.32,95556.95,94991.56,95063.64
1762070400,2025-11-02 08:00:00,95065.84,95174.63,94718.75,94718.86
1762084800,2025-11-02 12:00:00,94719.9,95018.14,94606.13,94978.18
1762099200,2025-11-02 16:00:00,94978.22,95279.68,94917.18,94985.18
1762113600,2025-11-02 20:00:00,94986.84,95171.59,94863.06,95073.37
1762128000,2025-11-03 00:00:00,95073.59,95593.72,95013.3,95552.48
1762142400,2025-11-03 04:00:00,95551.15,95784.3,95414.01,95531.84
1762156800,2025-11-03 08:00:00,95534.09,95739.69,95383.23,95437.24
1762171200,2025-11-03 12:00:00,95439.04,95449.39,94940.92,95083.01
1762185600,2025-11-03 16:00:00,95082.48,95118.49,94837.99,94869.56
1762200000,2025-11-03 20:00:00,94866.27,94957.27,94445.92,94539.97
1762214400,2025-11-04 00:00:00,94543.2,94988.05,94541.74,94888.05
1762228800,2025-11-04 04:00:00,94887.4,95147.98,94700.76,95103.09
1762243200,2025-11-04 08:00:00,95105.09,95158.85,94804.79,95066.68
1762257600,2025-11-04 12:00:00,95067.74,95525.4,95048.12,95199.67
1762272000,2025-11-04 16:00:00,95202.79,95332.65,94964.81,95202.75
1762286400,2025-11-04 20:00:00,95200.38,95405.89,95144.07,95291.07
1762300800,2025-11-05 00:00:00,95288.33,95353.26,94952.1,95324.23
1762315200,2025-11-05 04:00:00,95323.35,95653.8,95114.98,95117.55
1762329600,2025-11-05 08:00:00,95115.46,95160.3,94280.25,94324.24
1762344000,2025-11-05 12:00:00,94324.47,94949.33,94177,94911.99
1762358400,2025-11-05 16:00:00,94910.51,94957.47,94553.55,94578.87
1762372800,2025-11-05 20:00:00,94576.64,94857.95,94455.62,94795.58
1762387200,2025-11-06 00:00:00,94796.13,95013.14,94739.95,94897.98
1762401600,2025-11-06 04:00:00,94897.68,94972.05,94598.9,94867.78
1762416000,2025-11-06 08:00:00,94869.9,94882.88,94454.94,94499.77
1762430400,2025-11-06 12:00:00,94503.03,94827.84,94357.69,94753.31
1762444800,2025-11-06 16:00:00,94753.62,94974.79,94683.21,94936.8
1762459200,2025-11-06 20:00:00,94935.1,95186.07,94878.26,95148.39
1762473600,2025-11-07 00:00:00,95151.67,95362.35,95010.17,95349.59
1762488000,2025-11-07 04:00:00,95349.66,95463.52,95225.34,95337.08
1762502400,2025-11-07 08:00:00,95334.08,95451.51,94883.26,94910.43
1762516800,2025-11-07 12:00:00,94910.54,95102.49,94826.79,95082.3
1762531200,2025-11-07 16:00:00,95083.75,95182.51,94825.65,95069.99
1762545600,2025-11-07 20:00:00,95069.56,95240.48,94964.34,95004.92
1762560000,2025-11-08 00:00:00,95004.53,95198.7,94937.99,95091.38
1762574400,2025-11-08 04:00:00,95089.93,95232.87,94940.39,95141.23
1762588800,2025-11-08 08:00:00,95144.91,95179.41,94768.4,94789.13
1762603200,2025-11-08 12:00:00,94790.13,94851.81,94422.24,94576.53
1762617600,2025-11-08 16:00:00,94578.15,94638.59,94355.72,94395.73
1762632000,2025-11-08 20:00:00,94394.47,94413.63,94188.18,94316.08
1762646400,2025-11-09 00:00:00,94313.67,94515.66,94163.13,94235.27
1762660800,2025-11-09 04:00:00,94236.14,94721.1,94152.35,94262.56
1762675200,2025-11-09 08:00:00,94263.26,94509.11,94114.45,94402.16
1762689600,2025-11-09 12:00:00,94401.8,94401.8,93939.1,93998.64
1762704000,2025-11-09 16:00:00,93999.27,94142.45,93591.16,93681.12
1762718400,2025-11-09 20:00:00,93680.99,94134.7,93529.26,93957.98
1762732800,2025-11-10 00:00:00,93956.76,94309.27,93910.01,93956.72
1762747200,2025-11-10 04:00:00,93955.92,93998.02,93651.44,93702.23
1762761600,2025-11-10 08:00:00,93704.72,93975.46,93607.97,93974.86
1762776000,2025-11-10 12:00:00,93976.59,94157.24,93806.55,93886.63
1762790400,2025-11-10 16:00:00,93885.72,94231.33,93853.36,94109.81
1762804800,2025-11-10 20:00:00,94111.09,94253.09,93901.74,94125.41
1762819200,2025-11-11 00:00:00,94127.03,94467.86,93975.46,93989.61
1762833600,2025-11-11 04:00:00,93989.17,94231.73,93778.02,93822.23
1762848000,2025-11-11 08:00:00,93822.3,94199.42,93813.04,94005.21
1762862400,2025-11-11 12:00:00,94003.69,94072.58,93848.94,93957.1
1762876800,2025-11-11 16:00:00,93957.12,94338.02,93953.16,94297.45
1762891200,2025-11-11 20:00:00,94297.39,94572.28,94222.4,94571.94
1762905600,2025-11-12 00:00:00,94572.07,94672.83,94270.07,94643.32
1762920000,2025-11-12 04:00:00,94645.64,94779.85,94445.15,94652.82
1762934400,2025-11-12 08:00:00,94651.51,94686.53,94364.07,94637.69
1762948800,2025-11-12 12:00:00,94636.42,94769.32,94326.75,94401.15
1762963200,2025-11-12 16:00:00,94401.81,94654.67,94211.35,94408.32
1762977600,2025-11-12 20:00:00,94406.93,94545.96,93992.85,94105.11
1762992000,2025-11-13 00:00:00,94104.9,94386.25,94021.26,94365.29
1763006400,2025-11-13 04:00:00,94364.51,94925.84,94228.66,94798.38
1763020800,2025-11-13 08:00:00,94798.03,95266.53,94720,95243.22
1763035200,2025-11-13 12:00:00,95242.64,95411.98,95103.66,95290.06
1763049600,2025-11-13 16:00:00,95291.08,95511.14,95137.56,95272.69
1763064000,2025-11-13 20:00:00,95271.83,95438.87,94983.04,95021.15
1763078400,2025-11-14 00:00:00,95018.82,95022.03,94613.4,94848.83
1763092800,2025-11-14 04:00:00,94848.64,95037.87,94721.79,95006.87
1763107200,2025-11-14 08:00:00,95007.13,95119.76,94771.46,94861.34
1763121600,2025-11-14 12:00:00,94862.93,94943.44,94522.38,94658.89
1763136000,2025-11-14 16:00:00,94660.95,94671.66,94407.2,94630.15
1763150400,2025-11-14 20:00:00,94630.89,94749.1,94525.62,94611.31
1763164800,2025-11-15 00:00:00,94610.72,95371.9,94587.99,95258.1
1763179200,2025-11-15 04:00:00,95257.06,95743.48,95225.69,95529.02
1763193600,2025-11-15 08:00:00,95528.7,95707.06,95287.09,95360.58
1763208000,2025-11-15 12:00:00,95359.67,95432.47,94989.78,95141.95
1763222400,2025-11-15 16:00:00,95139.93,95179.59,94828.38,95131.33
1763236800,2025-11-15 20:00:00,95129.75,95159.29,94886.18,94969.67
1763251200,2025-11-16 00:00:00,94967.34,94994.71,94542.83,94558.8
1763265600,2025-11-16 04:00:00,94560.69,94560.69,94034.8,94230.4
1763280000,2025-11-16 08:00:00,94232.03,94755.34,94227.19,94484.05
1763294400,2025-11-16 12:00:00,94483.72,94831.55,94483.72,94690.62
1763308800,2025-11-16 16:00:00,94689.97,94784.91,94259.71,94476.9
1763323200,2025-11-16 20:00:00,94475.54,94532.16,94010.61,94110.27
1763337600,2025-11-17 00:00:00,94110.09,94329.21,94034.06,94047.16
1763352000,2025-11-17 04:00:00,94049.34,94303.15,93983.27,94070.3
1763366400,2025-11-17 08:00:00,94068.72,94299.65,93852.11,94114.31
1763380800,2025-11-17 12:00:00,94114.64,94143.48,93687.67,93704.22
1763395200,2025-11-17 16:00:00,93705.27,94049.99,93705.27,93899.83
1763409600,2025-11-17 20:00:00,93900.89,94221.13,93728.7,93844.56
1763424000,2025-11-18 00:00:00,93847.41,94054.04,93826.89,93963.34
1763438400,2025-11-18 04:00:00,93962.7,94281.15,93798.87,94210.59
1763452800,2025-11-18 08:00:00,94209.21,94214.44,93906.7,94080.32
1763467200,2025-11-18 12:00:00,94081.66,94253.89,93864.14,94140.65
1763481600,2025-11-18 16:00:00,94139.96,94228.42,93566.08,93631.42
1763496000,2025-11-18 20:00:00,93632.2,93780.22,93541.68,93678.72
1763510400,2025-11-19 00:00:00,93673.81,94309.03,93549.11,94089.03
1763524800,2025-11-19 04:00:00,94089.5,94115.62,93622.69,93724.87
1763539200,2025-11-19 08:00:00,93724.63,93794.84,93182.64,93381.91
1763553600,2025-11-19 12:00:00,93382.69,93417.17,92995.38,93066.69
1763568000,2025-11-19 16:00:00,93066.72,93326.02,92973.22,93049.45
1763582400,2025-11-19 20:00:00,93050.52,93228.23,92768.46,92866.39
1763596800,2025-11-20 00:00:00,92862.09,93010.23,92607.31,92617.51
1763611200,2025-11-20 04:00:00,92619.03,92847.27,92533.59,92824.06
1763625600,2025-11-20 08:00:00,92824.36,92954.08,92576.43,92877.44
1763640000,2025-11-20 12:00:00,92877.26,93025.77,92782.78,93010.2
1763654400,2025-11-20 16:00:00,93012.52,93402.09,92865.74,93319.33
1763668800,2025-11-20 20:00:00,93319.26,93495.91,93021.93,93123.18
1763683200,2025-11-21 00:00:00,93123.17,93252.12,92581.51,92653.48
1763697600,2025-11-21 04:00:00,92656.05,92774.8,92402.68,92421.19
1763712000,2025-11-21 08:00:00,92420.89,92454.59,91915.62,91949.27
1763726400,2025-11-21 12:00:00,91948.61,92166.15,91932.42,91978.54
1763740800,2025-11-21 16:00:00,91977.81,92257.27,91951.13,92227.59
1763755200,2025-11-21 20:00:00,92228.48,92452.86,92162.51,92236.85
1763769600,2025-11-22 00:00:00,92237.16,92248.94,91779.9,91788.45
1763784000,2025-11-22 04:00:00,91786.17,91844.21,91518.97,91631.55
1763798400,2025-11-22 08:00:00,91632,91924.14,91589.89,91756.84
1763812800,2025-11-22 12:00:00,91756.04,91883.79,91490.89,91811.51
1763827200,2025-11-22 16:00:00,91814.49,92030.12,91634.96,91780.76
1763841600,2025-11-22 20:00:00,91783.36,91803.14,91487.43,91665.09
1763856000,2025-11-23 00:00:00,91663.29,91878.38,91499.85,91543.56
1763870400,2025-11-23 04:00:00,91545.43,91571.07,90740.61,90906.25
1763884800,2025-11-23 08:00:00,90904.36,91275.88,90885.38,91097.49
1763899200,2025-11-23 12:00:00,91099.7,91184.69,90875.61,91111.3
1763913600,2025-11-23 16:00:00,91109.05,91454.14,91058.42,91450.13
1763928000,2025-11-23 20:00:00,91449.15,91555.33,91287.62,91412.12
1763942400,2025-11-24 00:00:00,91412.31,91508.97,91051.88,91490.92
1763956800,2025-11-24 04:00:00,91489.39,91550.25,90987.79,90991.52
1763971200,2025-11-24 08:00:00,90991.41,91058.64,90746.71,90764.98
1763985600,2025-11-24 12:00:00,90766.63,91361.45,90752.09,91219.41
1764000000,2025-11-24 16:00:00,91218.87,91264.52,91042.05,91098.24
1764014400,2025-11-24 20:00:00,91095.79,91098.69,90752.01,90942.28
1764028800,2025-11-25 00:00:00,90942.68,91264.87,90914.08,90953.25
1764043200,2025-11-25 04:00:00,90955.26,91184.54,90901.01,90901.01
1764057600,2025-11-25 08:00:00,90901.76,91036.77,90617.59,90976.99
1764072000,2025-11-25 12:00:00,90975.55,91157.62,90830.75,91087.98
1764086400,2025-11-25 16:00:00,91086.89,91100.32,90462.73,90770.56
1764100800,2025-11-25 20:00:00,90769.87,91054.93,90769.87,90891.59
1764115200,2025-11-26 00:00:00,90890.93,91039.15,90689.04,90996.58
1764129600,2025-11-26 04:00:00,90994.81,91001.69,90586.57,90644.61
1764144000,2025-11-26 08:00:00,90641.83,90670.5,90411.1,90471.33
1764158400,2025-11-26 12:00:00,90471.57,90661.72,90399.12,90617.59
1764172800,2025-11-26 16:00:00,90617,90636.16,89989.31,90142.72
1764187200,2025-11-26 20:00:00,90142.52,90246.99,89847.67,90095.23
1764201600,2025-11-27 00:00:00,90092.85,90519.4,90064.36,90495.51
1764216000,2025-11-27 04:00:00,90495.09,90551.92,90228.63,90289.83
1764230400,2025-11-27 08:00:00,90292.01,90589.8,90279.8,90575.81
1764244800,2025-11-27 12:00:00,90575.78,90867.93,90484.14,90794.14
1764259200,2025-11-27 16:00:00,90793.02,91113.64,90558.63,91093.87
1764273600,2025-11-27 20:00:00,91091.67,91307.07,91065.21,91241.08
1764288000,2025-11-28 00:00:00,91238.46,91243.37,90914.08,91129.61
1764302400,2025-11-28 04:00:00,91129.18,91345.09,91070.07,91099.63
1764316800,2025-11-28 08:00:00,91100.93,91346.87,90966.75,91321.96
1764331200,2025-11-28 12:00:00,91320.18,91377.12,91127.55,91160.44
1764345600,2025-11-28 16:00:00,91161.55,91375.68,91083.36,91127.2
1764360000,2025-11-28 20:00:00,91128.04,91137.56,90785.43,91027.14
1764374400,2025-11-29 00:00:00,91027.04,91181.85,90900.59,90927.43
1764388800,2025-11-29 04:00:00,90927.81,91280.4,90817.82,91235.98
1764403200,2025-11-29 08:00:00,91239.75,91379.7,90968.92,91018.38
1764417600,2025-11-29 12:00:00,91020.47,91260.58,90812.73,90844.82
1764432000,2025-11-29 16:00:00,90848.15,90940.49,90680.4,90874.98
1764446400,2025-11-29 20:00:00,90876.29,91176.26,90857.69,90991.91
1764460800,2025-11-30 00:00:00,90991.76,91606.29,90982.53,91548.33
1764475200,2025-11-30 04:00:00,91547.24,92055.28,91481.45,92046.22
1764489600,2025-11-30 08:00:00,92047.5,92547.08,92024.63,92438.76
1764504000,2025-11-30 12:00:00,92439.57,93016.5,92347.14,92713.89
1764518400,2025-11-30 16:00:00,92715.71,92876.67,92557.7,92768.92
1764532800,2025-11-30 20:00:00,92767.67,92813.46,92522.98,92658.22
1764547200,2025-12-01 00:00:00,92658.63,93034.55,92582.54,92927.03
1764561600,2025-12-01 04:00:00,92928.65,92958.55,92547.33,92700.93
1764576000,2025-12-01 08:00:00,92701.44,92784.02,92279.93,92360.86
1764590400,2025-12-01 12:00:00,92359.48,92670.26,92217.72,92656.82
1764604800,2025-12-01 16:00:00,92659.58,92699.59,92306.19,92324.77
1764619200,2025-12-01 20:00:00,92326.74,92570.2,92069.99,92112.75
1764633600,2025-12-02 00:00:00,92112.15,92292.18,91863.18,92043.09
1764648000,2025-12-02 04:00:00,92042.48,92589.81,91885.25,92576.88
1764662400,2025-12-02 08:00:00,92575.57,92734.95,92406.77,92703.24
1764676800,2025-12-02 12:00:00,92704.55,92906.25,92584.41,92589.77
1764691200,2025-12-02 16:00:00,92590.25,92866.15,92508.17,92811.18
1764705600,2025-12-02 20:00:00,92811.44,93004.98,92702.86,92976.14
1764720000,2025-12-03 00:00:00,92980.34,93006.81,92617.61,92620.34
1764734400,2025-12-03 04:00:00,92620.57,92868.55,92472.57,92682.39
1764748800,2025-12-03 08:00:00,92682.17,92760.51,92465,92613.31
1764763200,2025-12-03 12:00:00,92614.73,92657.08,92351.5,92528.22
1764777600,2025-12-03 16:00:00,92530.48,92628.67,92151.18,92347.38
1764792000,2025-12-03 20:00:00,92345.87,92718.19,92338.44,92557.52
1764806400,2025-12-04 00:00:00,92556.53,92831.73,92466.52,92585.05
1764820800,2025-12-04 04:00:00,92583.16,92701.12,92317.63,92674.97
1764835200,2025-12-04 08:00:00,92674.12,92756.94,92470.35,92502.87
1764849600,2025-12-04 12:00:00,92504.51,92533.22,91672.23,91880.93
1764864000,2025-12-04 16:00:00,91878.69,92421.52,91864.75,92081.37
1764878400,2025-12-04 20:00:00,92079.05,92124.93,91529.59,91612.37
1764892800,2025-12-05 00:00:00,91612.4,91965.62,91599.96,91713.04
1764907200,2025-12-05 04:00:00,91715.92,92221.39,91711.46,92180.28
1764921600,2025-12-05 08:00:00,92180.33,92245.06,91925.82,92192.51
1764936000,2025-12-05 12:00:00,92191.33,92357.47,92118.01,92254.35
1764950400,2025-12-05 16:00:00,92251.89,92283.78,91899.12,91980.8
1764964800,2025-12-05 20:00:00,91981.99,91996.77,91516.79,91947.86
1764979200,2025-12-06 00:00:00,91948.65,92263.84,91948.34,92257.92
1764993600,2025-12-06 04:00:00,92258.27,92622.59,92248.04,92300.52
1765008000,2025-12-06 08:00:00,92298.37,92370.02,92024.94,92140.73
1765022400,2025-12-06 12:00:00,92140.83,92341.52,92045.21,92103.76
1765036800,2025-12-06 16:00:00,92102.82,92150.44,91794.22,91813.66
1765051200,2025-12-06 20:00:00,91814.23,92033.66,91750.43,91803.49
1765065600,2025-12-07 00:00:00,91804.79,92126.57,91768.29,91846.26
1765080000,2025-12-07 04:00:00,91846.7,92240.32,91734.36,91996.83
1765094400,2025-12-07 08:00:00,91996.07,92230.45,91836.88,91860.83
1765108800,2025-12-07 12:00:00,91860.7,91916.62,91549.86,91835.6
1765123200,2025-12-07 16:00:00,91834.97,91930.62,91551.01,91663.4
1765137600,2025-12-07 20:00:00,91660,91783.08,91506.53,91631.86
1765152000,2025-12-08 00:00:00,91631.69,91701.59,91425.48,91535.85
1765166400,2025-12-08 04:00:00,91538.33,91657.72,91013.35,91094.23
1765180800,2025-12-08 08:00:00,91092.13,91220.63,90967.25,91059.53
1765195200,2025-12-08 12:00:00,91060.42,91273.12,90925.86,91110.83
1765209600,2025-12-08 16:00:00,91111.1,91324.85,90985.13,91205.97
1765224000,2025-12-08 20:00:00,91207.44,91360.12,91122.38,91219.95
1765238400,2025-12-09 00:00:00,91220.49,91863.4,91197.59,91836.19
1765252800,2025-12-09 04:00:00,91833.97,92129.51,91808.02,91879.8
1765267200,2025-12-09 08:00:00,91883.72,92076.75,91730.95,92029.49
1765281600,2025-12-09 12:00:00,92031.54,92361.61,91911.63,92183.45
1765296000,2025-12-09 16:00:00,92183.99,92700.69,92159.88,92660.97
1765310400,2025-12-09 20:00:00,92660.12,93135.35,92532.12,93135.35
1765324800,2025-12-10 00:00:00,93136.65,93385.92,93107.39,93250.28
1765339200,2025-12-10 04:00:00,93251.22,93374.41,93117.18,93181.47
1765353600,2025-12-10 08:00:00,93182.84,93204.34,92726.34,92799.77
1765368000,2025-12-10 12:00:00,92800.89,92884.34,92404.81,92411.96
1765382400,2025-12-10 16:00:00,92414.36,92426.55,92083.2,92372.49
1765396800,2025-12-10 20:00:00,92372.51,92414.19,91969.54,92129.93
1765411200,2025-12-11 00:00:00,92132.47,92436.92,92124.89,92337.67
1765425600,2025-12-11 04:00:00,92341.58,92547.3,92112.23,92203.48
1765440000,2025-12-11 08:00:00,92203.8,92616.82,92144.95,92369.31
1765454400,2025-12-11 12:00:00,92368.38,92639.45,92316.03,92559.57
1765468800,2025-12-11 16:00:00,92561.27,92726.58,92440.78,92555.09
1765483200,2025-12-11 20:00:00,92557.54,92583.81,92327.66,92401.29
1765497600,2025-12-12 00:00:00,92399.51,92652.94,92362.16,92479.85
1765512000,2025-12-12 04:00:00,92478.03,92786.29,92371.64,92586.9
1765526400,2025-12-12 08:00:00,92585.87,92592,92197.14,92386.4
1765540800,2025-12-12 12:00:00,92388.96,92982.61,92255.82,92953.9
1765555200,2025-12-12 16:00:00,92953.37,93077.74,92797.68,92889.16
1765569600,2025-12-12 20:00:00,92890.65,92988.68,92382.7,92493.04
1765584000,2025-12-13 00:00:00,92491.44,92720.57,92412.59,92558.26
1765598400,2025-12-13 04:00:00,92557.61,92598.8,92281.98,92393.17
1765612800,2025-12-13 08:00:00,92390.07,92561.38,92299.45,92354.48
1765627200,2025-12-13 12:00:00,92355.99,92360.98,91799.69,92003.24
1765641600,2025-12-13 16:00:00,92004.95,92103.47,91799.43,92031.15
1765656000,2025-12-13 20:00:00,92029.69,92213.23,91853.57,92053.7
1765670400,2025-12-14 00:00:00,92054.36,92147.27,91852.77,92028.71
1765684800,2025-12-14 04:00:00,92029.01,92123.9,91902.45,92123.9
1765699200,2025-12-14 08:00:00,92122.33,92276.98,92003.13,92019.61
1765713600,2025-12-14 12:00:00,92020.75,92036.17,91624.43,91931.56
1765728000,2025-12-14 16:00:00,91931.42,92121.93,91691.92,92112.96
1765742400,2025-12-14 20:00:00,92112.65,92430.37,91997.12,92159.99
1765756800,2025-12-15 00:00:00,92158.88,92648.95,92149.57,92394.47
1765771200,2025-12-15 04:00:00,92395.54,92621.68,91956.44,92041.77
1765785600,2025-12-15 08:00:00,92040.8,92120.08,91758.01,92100.19
1765800000,2025-12-15 12:00:00,92099.99,92165.55,91642.54,91686.54
1765814400,2025-12-15 16:00:00,91686.55,91794.67,91434.32,91442.43
1765828800,2025-12-15 20:00:00,91444.47,92070.51,91354.67,92060.06
1765843200,2025-12-16 00:00:00,92058.42,92242.83,91887.43,92242.15
1765857600,2025-12-16 04:00:00,92243.38,92679.27,92236.85,92255.06
1765872000,2025-12-16 08:00:00,92256.33,92407.74,91943.39,92173.74
1765886400,2025-12-16 12:00:00,92172.31,92225,91742.39,91861.75
1765900800,2025-12-16 16:00:00,91859.82,92200.78,91776.77,92095.14
1765915200,2025-12-16 20:00:00,92095.11,92317.26,92022.1,92134.8
1765929600,2025-12-17 00:00:00,92135.91,92263.19,91719.73,92196.72
1765944000,2025-12-17 04:00:00,92199.29,92226.13,91821.7,92016.89
1765958400,2025-12-17 08:00:00,92016.69,92243.35,91983.62,92097.54
1765972800,2025-12-17 12:00:00,92100.01,92602.64,92083.67,92572.73
1765987200,2025-12-17 16:00:00,92572.52,92908.19,92568.06,92783
1766001600,2025-12-17 20:00:00,92782.89,93280.89,92746.5,93230.4
1766016000,2025-12-18 00:00:00,93230.44,93446.36,93007.38,93013.21
1766030400,2025-12-18 04:00:00,93013.16,93309.77,92824.82,93281.5
1766044800,2025-12-18 08:00:00,93279.49,93567.65,93208.9,93528.14
1766059200,2025-12-18 12:00:00,93529.27,93687.3,93379.24,93575.53
1766073600,2025-12-18 16:00:00,93576.85,94196.29,93523.56,94061.36
1766088000,2025-12-18 20:00:00,94060.3,94191.79,93706.82,93758.02
1766102400,2025-12-19 00:00:00,93758.48,93972.67,93600.38,93601.96
1766116800,2025-12-19 04:00:00,93602.55,93880.9,93496.89,93833.21
1766131200,2025-12-19 08:00:00,93833.14,94060.27,93658.63,94046.29
1766145600,2025-12-19 12:00:00,94045.21,94204.84,93787.58,93829.82
1766160000,2025-12-19 16:00:00,93830.55,94237.93,93813.74,94111.73
1766174400,2025-12-19 20:00:00,94112.26,94340.44,94055.74,94229.85
1766188800,2025-12-20 00:00:00,94229.16,94453,94089.89,94426.14
1766203200,2025-12-20 04:00:00,94424.11,94506.68,94241.74,94293.44
1766217600,2025-12-20 08:00:00,94292.88,94307.12,94000.66,94246.59
1766232000,2025-12-20 12:00:00,94248.37,94313.28,93988.39,94017.89
1766246400,2025-12-20 16:00:00,94017.29,94137.48,93772.46,93826.33
1766260800,2025-12-20 20:00:00,93825.64,93864.95,93262.91,93397.62
1766275200,2025-12-21 00:00:00,93395.88,93546.18,93216.11,93473.55
1766289600,2025-12-21 04:00:00,93474.05,93495.59,93062.29,93075.56
1766304000,2025-12-21 08:00:00,93076.6,93133.92,92721.85,92957
1766318400,2025-12-21 12:00:00,92956.87,93100.78,92813.81,92813.81
1766332800,2025-12-21 16:00:00,92813.27,93119.4,92712.42,92748.47
1766347200,2025-12-21 20:00:00,92747.03,92808.36,92303.54,92322.16
1766361600,2025-12-22 00:00:00,92323.88,93023.02,92308.57,92915.13
1766376000,2025-12-22 04:00:00,92911.49,92920.26,92458.85,92768.42
1766390400,2025-12-22 08:00:00,92768.65,92775.84,92502.13,92644.2
1766404800,2025-12-22 12:00:00,92646.71,92876.34,92434.21,92532.01
1766419200,2025-12-22 16:00:00,92531.4,92757.1,92362.7,92403.87
1766433600,2025-12-22 20:00:00,92406.09,92729.84,92373.2,92407.62
1766448000,2025-12-23 00:00:00,92405.06,92565.64,92207.54,92213.05
1766462400,2025-12-23 04:00:00,92212.35,92252.88,92000.64,92085.03
1766476800,2025-12-23 08:00:00,92087.92,92135.57,91728.52,91952.93
1766491200,2025-12-23 12:00:00,91954.77,92182.85,91884.85,91977.05
1766505600,2025-12-23 16:00:00,91976.52,92073.12,91609.3,91824.83
1766520000,2025-12-23 20:00:00,91823.91,92480.28,91727.13,92455.19
1766534400,2025-12-24 00:00:00,92456.2,92540.19,92260.01,92343.68
1766548800,2025-12-24 04:00:00,92343.08,92489.21,92166.36,92226.74
1766563200,2025-12-24 08:00:00,92227.81,92307.15,91952.5,92235.53
1766577600,2025-12-24 12:00:00,92234.72,92238.75,91806.29,91862.65
1766592000,2025-12-24 16:00:00,91863.46,92025.83,91574.49,91772.05
1766606400,2025-12-24 20:00:00,91770.49,91999.59,91702,91919.68
1766620800,2025-12-25 00:00:00,91918.97,92162.84,91861.72,91963.01
1766635200,2025-12-25 04:00:00,91964.49,92424.28,91862.04,92293.26
1766649600,2025-12-25 08:00:00,92293.16,92498.15,92233.19,92329.87
1766664000,2025-12-25 12:00:00,92332.06,92460.8,92229.83,92447.23
1766678400,2025-12-25 16:00:00,92449.71,92723.73,92335.22,92503.65
1766692800,2025-12-25 20:00:00,92501.79,92790.24,92418.04,92563.82
1766707200,2025-12-26 00:00:00,92561.82,92683.83,92226.65,92280.59
1766721600,2025-12-26 04:00:00,92282.47,92296.8,91890.39,92066.58
1766736000,2025-12-26 08:00:00,92063.71,92511.25,92005.99,92402.96
1766750400,2025-12-26 12:00:00,92401.46,92575.38,92323.56,92427.73
1766764800,2025-12-26 16:00:00,92428.47,92561.5,92284.58,92284.58
1766779200,2025-12-26 20:00:00,92285.54,92405.76,91979.58,92074.18
1766793600,2025-12-27 00:00:00,92075.53,92135.14,91638.74,91724.42
1766808000,2025-12-27 04:00:00,91724.4,92022.56,91687.71,91784.68
1766822400,2025-12-27 08:00:00,91785.06,92056.74,91676.28,91934.16
1766836800,2025-12-27 12:00:00,91933.24,92173.3,91746.78,92173.3
1766851200,2025-12-27 16:00:00,92169.25,92170.36,91688.15,91724.75
1766865600,2025-12-27 20:00:00,91727.44,91810.97,91153.23,91154.9
1766880000,2025-12-28 00:00:00,91157.87,91747.64,91156.31,91735.33
1766894400,2025-12-28 04:00:00,91732.38,92187.86,91647.88,91726.19
1766908800,2025-12-28 08:00:00,91724.24,91745.13,91232.46,91463.63
1766923200,2025-12-28 12:00:00,91463.92,91470.99,91018.56,91250.19
1766937600,2025-12-28 16:00:00,91250.58,91362.89,90979.8,91161.89
1766952000,2025-12-28 20:00:00,91164.54,91302.61,90597.5,90614.28
1766966400,2025-12-29 00:00:00,90614.43,91352.17,90572.02,91333.72
1766980800,2025-12-29 04:00:00,91335.58,91436.61,91248.02,91287.02
1766995200,2025-12-29 08:00:00,91283.58,91492.42,91162.96,91384.73
1767009600,2025-12-29 12:00:00,91384.52,91386.25,91031.25,91118.09
1767024000,2025-12-29 16:00:00,91120.8,91549.83,91115.58,91541.65
1767038400,2025-12-29 20:00:00,91539.06,91551.35,90873.83,91103.81
1767052800,2025-12-30 00:00:00,91102.18,91633.38,91101.18,91592.84
1767067200,2025-12-30 04:00:00,91593.18,92169.48,91563.61,92144.96
1767081600,2025-12-30 08:00:00,92146.14,92244.8,92037.95,92081.69
1767096000,2025-12-30 12:00:00,92079.59,92135.51,91877.31,92108.88
1767110400,2025-12-30 16:00:00,92108.69,92360.88,91947.09,92298.55
1767124800,2025-12-30 20:00:00,92299.54,92875,92277.48,92787.58
1767139200,2025-12-31 00:00:00,92789.64,92800.02,92394.17,92524.75
1767153600,2025-12-31 04:00:00,92526.09,92580.01,92187.43,92482.36
1767168000,2025-12-31 08:00:00,92480.3,92857.37,92429.32,92603.51
1767182400,2025-12-31 12:00:00,92605.38,92922.25,92433.72,92877.14
1767196800,2025-12-31 16:00:00,92877.41,93319.49,92758.56,93307.23
1767211200,2025-12-31 20:00:00,93304.56,93533.98,93219.42,93265.93
1767225600,2026-01-01 00:00:00,93265.85,93366.62,92910.32,93362.72
1767240000,2026-01-01 04:00:00,93362.41,93428.46,93052.4,93115.94
1767254400,2026-01-01 08:00:00,93116.15,93287.2,93030.25,93201.65
1767268800,2026-01-01 12:00:00,93201.38,93376.12,92921.87,92972.68
1767283200,2026-01-01 16:00:00,92971.62,93095.09,92842.65,92890.17
1767297600,2026-01-01 20:00:00,92890.97,93121.8,92869.97,93110.85
1767312000,2026-01-02 00:00:00,93110.58,93203.57,92996.02,93158.04
1767326400,2026-01-02 04:00:00,93156.51,93507.83,93154.11,93281.59
1767340800,2026-01-02 08:00:00,93281.85,93498.23,93125.9,93219.18
1767355200,2026-01-02 12:00:00,93222.11,93556.99,93195.52,93476.19
1767369600,2026-01-02 16:00:00,93474.53,94179.83,93452.66,94146.42
1767384000,2026-01-02 20:00:00,94147.33,94346.27,94022.55,94320.6
1767398400,2026-01-03 00:00:00,94320.75,94625.53,94055.98,94209.42
1767412800,2026-01-03 04:00:00,94209.76,94323.97,93882.64,94089.82
1767427200,2026-01-03 08:00:00,94090.25,94335.56,93864.09,93932.66
1767441600,2026-01-03 12:00:00,93931.41,94219.57,93920.77,94127.46
1767456000,2026-01-03 16:00:00,94127.05,94191.25,93915.43,94147.33
1767470400,2026-01-03 20:00:00,94152.36,94630.52,94130.07,94267.31
1767484800,2026-01-04 00:00:00,94268.84,94433.27,94061.88,94270.8
1767499200,2026-01-04 04:00:00,94269.39,94282.56,93731.61,93753.02
1767513600,2026-01-04 08:00:00,93751.83,94520.24,93733.32,94417.44
1767528000,2026-01-04 12:00:00,94416.86,94715.39,94366.38,94678.61
1767542400,2026-01-04 16:00:00,94678.8,94759.21,94462.59,94748.85
1767556800,2026-01-04 20:00:00,94748.27,94910.01,94520.45,94794.19
1767571200,2026-01-05 00:00:00,94795.53,94873.5,94480.18,94655.5
1767585600,2026-01-05 04:00:00,94658.74,94749.4,94285.39,94599.41
1767600000,2026-01-05 08:00:00,94601.37,94779.13,94567.31,94636.28
1767614400,2026-01-05 12:00:00,94637.81,95155.94,94618.18,94929.08
1767628800,2026-01-05 16:00:00,94929.66,95137.84,94676.12,94680.64
1767643200,2026-01-05 20:00:00,94683.38,94948.81,94520.72,94542.73
1767657600,2026-01-06 00:00:00,94542.64,94997.16,94471.22,94818.97
1767672000,2026-01-06 04:00:00,94820.08,94893.73,94553.78,94620.8
1767686400,2026-01-06 08:00:00,94622.5,95346.04,94498.78,95315.96
1767700800,2026-01-06 12:00:00,95314.62,95612.14,95294.14,95499.37
1767715200,2026-01-06 16:00:00,95499.88,95811.03,95401.24,95741.05
1767729600,2026-01-06 20:00:00,95742.88,95916.9,95489.65,95864.94
1767744000,2026-01-07 00:00:00,95867.22,95907.98,95458.44,95489.35
1767758400,2026-01-07 04:00:00,95487.17,95569.15,95381.2,95506.92
1767772800,2026-01-07 08:00:00,95508.81,95926.19,95488.09,95736.37
1767787200,2026-01-07 12:00:00,95735.96,95868.27,95478.68,95728.58
1767801600,2026-01-07 16:00:00,95726.27,96147.69,95589.88,95857.92
1767816000,2026-01-07 20:00:00,95855.29,95927.63,95552,95780.26
1767830400,2026-01-08 00:00:00,95779.92,96051.48,95638.73,95891.96
1767844800,2026-01-08 04:00:00,95890.28,96117.13,95876.22,95908.16
1767859200,2026-01-08 08:00:00,95907.74,96360,95865.39,96176.86
1767873600,2026-01-08 12:00:00,96179.7,96422.29,96111.51,96134.88
1767888000,2026-01-08 16:00:00,96136.49,96144.7,95675.93,95709.15
1767902400,2026-01-08 20:00:00,95707.18,95799.18,95319.14,95430.08
1767916800,2026-01-09 00:00:00,95430.6,95970.48,95405.63,95969.15
1767931200,2026-01-09 04:00:00,95969.25,96023.19,95665.47,95785.67
1767945600,2026-01-09 08:00:00,95785.29,95821.15,95506.37,95686.52
1767960000,2026-01-09 12:00:00,95686.48,95729.78,95296.65,95467.82
1767974400,2026-01-09 16:00:00,95466.59,95671.39,95355.35,95577.48
1767988800,2026-01-09 20:00:00,95579.14,95626.17,95345.51,95373.36
1768003200,2026-01-10 00:00:00,95370.97,95458.17,95115.68,95339.33
1768017600,2026-01-10 04:00:00,95340.16,95632.21,95258.79,95617.72
1768032000,2026-01-10 08:00:00,95616.79,95791.82,95421.11,95697.36
1768046400,2026-01-10 12:00:00,95697.61,96019.33,95600.8,95915.75
1768060800,2026-01-10 16:00:00,95915.79,96024.52,95790.55,95826.91
1768075200,2026-01-10 20:00:00,95824.8,96008.89,95360.77,95424.3
1768089600,2026-01-11 00:00:00,95424.88,95487.84,94900.23,94962.18
1768104000,2026-01-11 04:00:00,94961.52,95271.15,94918.25,95201.87
1768118400,2026-01-11 08:00:00,95200.36,95230.19,94919.94,95033.05
1768132800,2026-01-11 12:00:00,95033.53,95112.87,94704.22,94836.19
1768147200,2026-01-11 16:00:00,94837.46,94883.93,94583.29,94693.44
1768161600,2026-01-11 20:00:00,94692.09,94735.15,94448.26,94580.57
1768176000,2026-01-12 00:00:00,94579.8,94630.17,94235.17,94279.49
1768190400,2026-01-12 04:00:00,94276.64,94363.17,94081.53,94238.8
1768204800,2026-01-12 08:00:00,94238.9,94513.96,94133.69,94496.71
1768219200,2026-01-12 12:00:00,94498.72,94715.92,94439.67,94459.56
1768233600,2026-01-12 16:00:00,94458.03,94478.36,94231.86,94431.13
1768248000,2026-01-12 20:00:00,94429.62,94450.3,93691.75,93709.26
1768262400,2026-01-13 00:00:00,93708.13,93757.55,93411.6,93584.8
1768276800,2026-01-13 04:00:00,93587.74,93931.19,93543.94,93909.42
1768291200,2026-01-13 08:00:00,93908.92,93916.81,93538.76,93652.32
1768305600,2026-01-13 12:00:00,93655.25,93717.57,93396.3,93448.38
1768320000,2026-01-13 16:00:00,93449.46,93592.56,93328.75,93521.42
1768334400,2026-01-13 20:00:00,93522.95,93775.56,93363.59,93410.8
1768348800,2026-01-14 00:00:00,93411.34,93954.93,93349.98,93854.33
1768363200,2026-01-14 04:00:00,93855.36,93893.19,93381.84,93639.31
1768377600,2026-01-14 08:00:00,93639.08,93925.5,93618.17,93867.31
1768392000,2026-01-14 12:00:00,93866.5,93940.54,93621.97,93895.2
1768406400,2026-01-14 16:00:00,93892.77,93917.94,93330.48,93442.96
1768420800,2026-01-14 20:00:00,93439.78,93482.66,93044.44,93127.92
1768435200,2026-01-15 00:00:00,93129.75,93645.2,93061.37,93493.54
1768449600,2026-01-15 04:00:00,93493.53,93581.4,93234.63,93245.73
1768464000,2026-01-15 08:00:00,93247.04,93513.43,93108.27,93506.38
1768478400,2026-01-15 12:00:00,93505.01,93740.66,93486.29,93557.73
1768492800,2026-01-15 16:00:00,93554.7,93718.26,93469,93673.87
1768507200,2026-01-15 20:00:00,93672.55,93681.55,93148.63,93237.6
1768521600,2026-01-16 00:00:00,93238.84,93574.67,93208.26,93517.63
1768536000,2026-01-16 04:00:00,93518.66,93538.32,93160.82,93338.59
1768550400,2026-01-16 08:00:00,93336.7,93644.94,93011.87,93029.94
1768564800,2026-01-16 12:00:00,93025.57,93391.52,92883.71,93232.63
1768579200,2026-01-16 16:00:00,93235.96,93814.64,93207.36,93728.63
1768593600,2026-01-16 20:00:00,93734.05,93871.54,93548.49,93633.83
1768608000,2026-01-17 00:00:00,93635.15,93706.59,93367.71,93592.19
1768622400,2026-01-17 04:00:00,93590.99,93873.06,93469.68,93479.3
1768636800,2026-01-17 08:00:00,93477.54,93591.49,93323.8,93549.71
1768651200,2026-01-17 12:00:00,93547.98,93845.83,93471.86,93565.48
1768665600,2026-01-17 16:00:00,93565.54,93683.16,93450.66,93643.77
1768680000,2026-01-17 20:00:00,93644.88,94211.42,93570.46,94175.57
1768694400,2026-01-18 00:00:00,94178.47,94834.99,94169.89,94650.97
1768708800,2026-01-18 04:00:00,94651.08,94718.25,94142.19,94158.47
1768723200,2026-01-18 08:00:00,94160.33,94356.26,94134,94344.41
1768737600,2026-01-18 12:00:00,94345.68,94427.33,94109.13,94424.46
1768752000,2026-01-18 16:00:00,94425.81,94598.05,94285.93,94365.21
1768766400,2026-01-18 20:00:00,94364.93,94580.93,94275.43,94557.8
1768780800,2026-01-19 00:00:00,94555.09,94568.36,94183.4,94187.2
1768795200,2026-01-19 04:00:00,94185.99,94670.82,94105.23,94484.11
1768809600,2026-01-19 08:00:00,94483.76,94986.06,94369.59,94942.97
1768824000,2026-01-19 12:00:00,94945.09,95046.52,94743.12,94883.94
1768838400,2026-01-19 16:00:00,94885.41,94979.34,94690.77,94746.94
1768852800,2026-01-19 20:00:00,94746.04,95102.08,94695.4,94775.59
1768867200,2026-01-20 00:00:00,94776.17,95014.06,94635.74,94950.9
1768881600,2026-01-20 04:00:00,94948.62,95161.57,94830.24,95045.45
1768896000,2026-01-20 08:00:00,95046.12,95048.36,94743.18,94932.7
1768910400,2026-01-20 12:00:00,94932.52,94938.06,94547.49,94699.93
1768924800,2026-01-20 16:00:00,94702.55,95083.58,94467.77,94966.85
1768939200,2026-01-20 20:00:00,94966.35,95214.62,94737.51,95085.68
1768953600,2026-01-21 00:00:00,95087.93,95212.82,94700,94725.52
1768968000,2026-01-21 04:00:00,94726.62,94830.96,94486.24,94668.23
1768982400,2026-01-21 08:00:00,94667.01,94852.11,94478.85,94677.82
1768996800,2026-01-21 12:00:00,94673.76,95073.79,94652.44,94723.67
1769011200,2026-01-21 16:00:00,94720.91,94969.72,94529.83,94613.92
1769025600,2026-01-21 20:00:00,94614.08,94815.17,94483.47,94761.71
1769040000,2026-01-22 00:00:00,94764.58,94784.96,94424.08,94577.15
1769054400,2026-01-22 04:00:00,94579.62,94937.46,94529.78,94786.01
1769068800,2026-01-22 08:00:00,94786.95,94879.56,94463.91,94505.91
1769083200,2026-01-22 12:00:00,94506.42,94738.19,94118.4,94120.51
1769097600,2026-01-22 16:00:00,94121.78,94441.92,94082.69,94223.19
1769112000,2026-01-22 20:00:00,94221.74,94762.38,94178.72,94633.75
1769126400,2026-01-23 00:00:00,94632.99,95027.48,94416.08,94430.88
1769140800,2026-01-23 04:00:00,94432.48,94735.01,94367.52,94382.59
1769155200,2026-01-23 08:00:00,94382.52,94632.83,94220.2,94620.99
1769169600,2026-01-23 12:00:00,94620.59,95017.67,94568.2,94866.63
1769184000,2026-01-23 16:00:00,94866.69,94950.88,94567.88,94703.86
1769198400,2026-01-23 20:00:00,94703.42,95270.97,94622.02,95175.4
1769212800,2026-01-24 00:00:00,95174.81,95225.56,94936.12,94944.97
1769227200,2026-01-24 04:00:00,94943.5,94951.55,94560.46,94574.61
1769241600,2026-01-24 08:00:00,94573.41,94647.07,94353.3,94569.22
1769256000,2026-01-24 12:00:00,94573.36,94585.6,94117.24,94137.24
1769270400,2026-01-24 16:00:00,94137.38,94256.73,93614.02,93865.4
1769284800,2026-01-24 20:00:00,93865.86,94302.44,93843.53,94297.28
1769299200,2026-01-25 00:00:00,94298.01,94982.68,94286.82,94976.67
1769313600,2026-01-25 04:00:00,94973.55,95112.17,94728.92,95024.79
1769328000,2026-01-25 08:00:00,95025.08,95268.82,94968.5,95082.04
1769342400,2026-01-25 12:00:00,95084.08,95469.16,95063.28,95399.57
1769356800,2026-01-25 16:00:00,95400.24,96004.04,95327.77,95917.14
1769371200,2026-01-25 20:00:00,95916.11,96209.65,95843.11,96162.9
1769385600,2026-01-26 00:00:00,96161.58,96528.49,96128.87,96291.56
1769400000,2026-01-26 04:00:00,96290.36,96656.97,96240.05,96576.07
1769414400,2026-01-26 08:00:00,96577.23,96580.74,96095.92,96239.1
1769428800,2026-01-26 12:00:00,96241.72,97042.93,96216.66,97029.59
1769443200,2026-01-26 16:00:00,97030.14,97405.89,96938.94,97302.56
1769457600,2026-01-26 20:00:00,97302.02,97466.7,97012.3,97041.79
1769472000,2026-01-27 00:00:00,97042.18,97402.49,96986.07,97310.94
1769486400,2026-01-27 04:00:00,97312.1,97803.83,97236.7,97590.93
1769500800,2026-01-27 08:00:00,97590.14,98237.98,97511.88,98193.1
1769515200,2026-01-27 12:00:00,98193.96,98261.33,97992.24,98189.57
1769529600,2026-01-27 16:00:00,98189.35,98426.8,97922.73,98231.31
1769544000,2026-01-27 20:00:00,98229.91,98397.34,98050.36,98329.37
1769558400,2026-01-28 00:00:00,98327.22,98483.97,98084.9,98351.97
1769572800,2026-01-28 04:00:00,98350.34,98672.61,98282.14,98651.84
1769587200,2026-01-28 08:00:00,98653.32,98933.32,98550.37,98638.99
1769601600,2026-01-28 12:00:00,98638.28,98957.34,98591.73,98727.98
1769616000,2026-01-28 16:00:00,98728.38,99045.9,98635.77,98643.93
1769630400,2026-01-28 20:00:00,98644.75,98850.77,98466.31,98583.3
1769644800,2026-01-29 00:00:00,98578.07,98722.01,98120.11,98659.44
1769659200,2026-01-29 04:00:00,98658,98709.95,98268.54,98380.6
1769673600,2026-01-29 08:00:00,98379.93,98657.88,98261.65,98569.17
1769688000,2026-01-29 12:00:00,98567.61,98794.41,98301.01,98521.53
1769702400,2026-01-29 16:00:00,98523,98587.27,98278.29,98290.68
1769716800,2026-01-29 20:00:00,98290.4,98614.78,98119.38,98510.66
1769731200,2026-01-30 00:00:00,98510.58,98859.03,98407.39,98808.82
1769745600,2026-01-30 04:00:00,98812.39,99140.69,98437.6,98484.79
1769760000,2026-01-30 08:00:00,98485.57,98485.89,98197.63,98325.07
1769774400,2026-01-30 12:00:00,98325.8,98544.59,98030.79,98041.29
1769788800,2026-01-30 16:00:00,98040.14,98720.64,97944.05,98715.71
1769803200,2026-01-30 20:00:00,98717.48,98994.05,98585.19,98961.82
1769817600,2026-01-31 00:00:00,98963.1,99353.74,98867.57,99295.93
1769832000,2026-01-31 04:00:00,99296.81,99883.47,99277.39,99375.16
1769846400,2026-01-31 08:00:00,99376.34,99507.02,98955,99439.37
1769860800,2026-01-31 12:00:00,99438.02,99563.44,99164.49,99293.16
1769875200,2026-01-31 16:00:00,99293.33,99510.78,99124.36,99146.62
1769889600,2026-01-31 20:00:00,99147.01,99316.82,99027.72,99070.08
1769904000,2026-02-01 00:00:00,99070.15,99345.43,98657.9,99054.65
1769918400,2026-02-01 04:00:00,99056.13,99429.2,99004.38,99421.43
1769932800,2026-02-01 08:00:00,99418.92,99465.94,99092.33,99239.65
1769947200,2026-02-01 12:00:00,99238.68,99385.94,98994,99115.39
1769961600,2026-02-01 16:00:00,99114.76,99214.81,98983.43,99146.39
1769976000,2026-02-01 20:00:00,99149.08,99334.96,99108.45,99223.82
1769990400,2026-02-02 00:00:00,99222.68,99342.43,99111.04,99131.45
1770004800,2026-02-02 04:00:00,99130.17,99450.28,99105.85,99177.65
1770019200,2026-02-02 08:00:00,99178.66,99510.09,99149.02,99342.02
1770033600,2026-02-02 12:00:00,99342.1,99965.6,99338.95,99846.91
1770048000,2026-02-02 16:00:00,99847.53,100148.18,99811.65,100015.14
1770062400,2026-02-02 20:00:00,100013.83,100584.31,100002.47,100577.99
1770076800,2026-02-03 00:00:00,100576.71,100917.6,100428.5,100845.71
1770091200,2026-02-03 04:00:00,100846.97,100887.69,100446.23,100526.21
1770105600,2026-02-03 08:00:00,100526.34,100596.55,100166.43,100304.37
1770120000,2026-02-03 12:00:00,100303.04,100361.32,100102.44,100290.35
1770134400,2026-02-03 16:00:00,100289.65,100693.54,100212.17,100302.17
1770148800,2026-02-03 20:00:00,100301.82,100373.49,99588.76,99705.35
1770163200,2026-02-04 00:00:00,99704.89,99784.35,99434.32,99676.87
1770177600,2026-02-04 04:00:00,99675.91,100035.98,99549.02,99985.67
1770192000,2026-02-04 08:00:00,99987.88,100054.62,99646.36,99715.32
1770206400,2026-02-04 12:00:00,99714.48,100249.82,99671.54,100063.92
1770220800,2026-02-04 16:00:00,100062.68,100222.18,99866.56,100128.78
1770235200,2026-02-04 20:00:00,100130.79,100418.03,100113.11,100255.33
1770249600,2026-02-05 00:00:00,100255.72,100483.68,100251.48,100314.43
1770264000,2026-02-05 04:00:00,100316.58,100500.48,100105.34,100266.65
1770278400,2026-02-05 08:00:00,100265.7,100396.81,99765.69,99789.8
1770292800,2026-02-05 12:00:00,99790.83,99823.32,99477.34,99515.99
1770307200,2026-02-05 16:00:00,99516.88,99635.64,99374.76,99379.79
1770321600,2026-02-05 20:00:00,99379.68,99736.5,99299.01,99559.85
1770336000,2026-02-06 00:00:00,99561.63,99879.97,99493.91,99545.65
1770350400,2026-02-06 04:00:00,99546.78,99825.26,99466.06,99731.02
1770364800,2026-02-06 08:00:00,99731.12,99779.67,99283.19,99485.11
1770379200,2026-02-06 12:00:00,99483.42,99580.87,98991.21,99113.18
1770393600,2026-02-06 16:00:00,99116.97,99210.84,98877.5,98928.78
1770408000,2026-02-06 20:00:00,98927.82,99038.75,98670.81,98820.3
1770422400,2026-02-07 00:00:00,98822.35,99175.48,98789.86,98816.62
1770436800,2026-02-07 04:00:00,98814.24,98828.71,98121.56,98144.35
1770451200,2026-02-07 08:00:00,98144.12,98298.22,97811.3,98001.28
1770465600,2026-02-07 12:00:00,98000.35,98107.54,97773.58,98022.63
1770480000,2026-02-07 16:00:00,98024.62,98111.2,97645.12,97968.19
1770494400,2026-02-07 20:00:00,97969.6,98035.29,97616.11,97807.48
1770508800,2026-02-08 00:00:00,97807.9,98043.15,97498.55,98027.48
1770523200,2026-02-08 04:00:00,98028.31,98042.89,97451.94,97474.3
1770537600,2026-02-08 08:00:00,97474.22,97988.04,97312.21,97983.8
1770552000,2026-02-08 12:00:00,97987.9,98479.7,97917.65,98420.23
1770566400,2026-02-08 16:00:00,98421.02,98684.36,98402.08,98518.09
1770580800,2026-02-08 20:00:00,98520.13,98534.26,98219.06,98418.64
1770595200,2026-02-09 00:00:00,98420.36,98797.11,98346.8,98773.47
1770609600,2026-02-09 04:00:00,98773.67,98987.68,98660.85,98898.15
1770624000,2026-02-09 08:00:00,98898.31,98910.22,98526.86,98541.96
1770638400,2026-02-09 12:00:00,98541.98,98625.6,98281.47,98443.79
1770652800,2026-02-09 16:00:00,98444.46,98486.52,98221.46,98352.54
1770667200,2026-02-09 20:00:00,98352.17,98938.24,98345.3,98742.68
1770681600,2026-02-10 00:00:00,98743.91,98964.02,98610.73,98739.05
1770696000,2026-02-10 04:00:00,98740.72,98940.57,98484.33,98519.85
1770710400,2026-02-10 08:00:00,98521.13,98880.17,98514.41,98859.78
1770724800,2026-02-10 12:00:00,98861.67,98948.65,98470.23,98548.95
1770739200,2026-02-10 16:00:00,98547.14,98787.13,98449.68,98528.6
1770753600,2026-02-10 20:00:00,98528.7,98639.77,98243.87,98261.74
1770768000,2026-02-11 00:00:00,98262.54,98325.9,97875.8,97986.91
1770782400,2026-02-11 04:00:00,97988.29,98089.48,97776.46,97819.37
1770796800,2026-02-11 08:00:00,97821.4,97879.42,97396.91,97641.63
1770811200,2026-02-11 12:00:00,97643.87,97884.82,97469.49,97512.33
1770825600,2026-02-11 16:00:00,97512.35,97870.53,97433.92,97818.69
1770840000,2026-02-11 20:00:00,97820.23,97820.73,97252.85,97287.28
1770854400,2026-02-12 00:00:00,97287.68,97613.55,97250.97,97433.57
1770868800,2026-02-12 04:00:00,97433.47,97442.43,97074.17,97338.45
1770883200,2026-02-12 08:00:00,97338.16,97687.83,97250.76,97655.61
1770897600,2026-02-12 12:00:00,97652.99,97897.69,97555.54,97758.57
1770912000,2026-02-12 16:00:00,97761.09,97810.05,97280.98,97301.43
1770926400,2026-02-12 20:00:00,97301.84,97313.19,96867.79,96888.38
1770940800,2026-02-13 00:00:00,96888.99,97183.17,96862.55,97016.14
1770955200,2026-02-13 04:00:00,97017.28,97357.02,96779.83,97263.76
1770969600,2026-02-13 08:00:00,97266.78,97455.98,97104.78,97424.56
1770984000,2026-02-13 12:00:00,97422.74,97533.36,96879.65,96885.51
1770998400,2026-02-13 16:00:00,96887.56,97195.23,96810.83,97059.48
1771012800,2026-02-13 20:00:00,97058.63,97091.81,96588.78,96965.22
1771027200,2026-02-14 00:00:00,96961.81,97207.73,96902.93,97031.85
1771041600,2026-02-14 04:00:00,97034.59,97189.68,96823.94,96876.44
1771056000,2026-02-14 08:00:00,96874.76,97124.71,96704.98,97043.27
1771070400,2026-02-14 12:00:00,97042.78,97490.24,96917.58,97428.63
1771084800,2026-02-14 16:00:00,97427.16,97708.84,97374.95,97507.11
1771099200,2026-02-14 20:00:00,97504.6,97543.82,97156.14,97316.49
1771113600,2026-02-15 00:00:00,97316.24,97633.43,97227.1,97599.77
1771128000,2026-02-15 04:00:00,97601.56,97729.85,97481.76,97561.79
1771142400,2026-02-15 08:00:00,97559.48,97671.58,97068.4,97186.74
1771156800,2026-02-15 12:00:00,97188.21,97456.02,97106.78,97126.68
1771171200,2026-02-15 16:00:00,97126.92,97473.79,97073.84,97464.93
1771185600,2026-02-15 20:00:00,97467.38,97702.9,97440.69,97511.84
1771200000,2026-02-16 00:00:00,97513.22,97670.75,97221.76,97621.45
1771214400,2026-02-16 04:00:00,97622.2,97978.9,97612.37,97941.67
1771228800,2026-02-16 08:00:00,97940.13,98034.51,97768.08,97888.17
1771243200,2026-02-16 12:00:00,97887.92,98299.62,97756.48,98298.16
1771257600,2026-02-16 16:00:00,98300.23,98384.61,98124.1,98310.53
1771272000,2026-02-16 20:00:00,98308.24,98473.49,98187.15,98336.44
1771286400,2026-02-17 00:00:00,98336.14,98710.9,98281.93,98703.32
1771300800,2026-02-17 04:00:00,98703.76,99035.65,98584.26,98739.71
1771315200,2026-02-17 08:00:00,98739.27,98812.38,98423.23,98689.68
1771329600,2026-02-17 12:00:00,98691.28,98691.28,97998.63,98055.48
1771344000,2026-02-17 16:00:00,98056.9,98263.71,97910.01,98238.71
1771358400,2026-02-17 20:00:00,98239.56,98400.72,97989.11,98215.3
1771372800,2026-02-18 00:00:00,98213.56,98638.99,98107.89,98435.61
1771387200,2026-02-18 04:00:00,98434.99,98491.25,97927.31,98145.66
1771401600,2026-02-18 08:00:00,98144.16,98271.42,97955.35,98248.26
1771416000,2026-02-18 12:00:00,98248.87,98710.02,98177.58,98664.41
1771430400,2026-02-18 16:00:00,98665.51,98674.2,98297.86,98326.99
1771444800,2026-02-18 20:00:00,98327.16,98334.67,97998.57,98086.9
1771459200,2026-02-19 00:00:00,98087.27,98505.46,98083.98,98160.7
1771473600,2026-02-19 04:00:00,98159.01,98648.19,98032.56,98332.98
1771488000,2026-02-19 08:00:00,98329,98896.29,98300.86,98634.91
1771502400,2026-02-19 12:00:00,98637.76,98645.75,98301.66,98338.6
1771516800,2026-02-19 16:00:00,98337.43,98591.05,98335.77,98536.06
1771531200,2026-02-19 20:00:00,98534.79,98611.87,98232.65,98308.06
1771545600,2026-02-20 00:00:00,98307.6,98741.62,98265.31,98609.79
1771560000,2026-02-20 04:00:00,98609.57,99100.99,98476.01,98997.01
1771574400,2026-02-20 08:00:00,98996.99,99232.52,98835.74,99232.34
1771588800,2026-02-20 12:00:00,99235.2,99670.31,99107.63,99665.94
1771603200,2026-02-20 16:00:00,99663.5,99966.84,99580.44,99652.31
1771617600,2026-02-20 20:00:00,99648.07,100064.8,99600.33,99828.11
1771632000,2026-02-21 00:00:00,99830.73,99848.26,99617.58,99699.57
1771646400,2026-02-21 04:00:00,99698.15,100094.46,99671.14,99885.67
1771660800,2026-02-21 08:00:00,99884.22,99992.23,99719.49,99820.7
1771675200,2026-02-21 12:00:00,99823.96,99844.95,99444.29,99464.26
1771689600,2026-02-21 16:00:00,99464.81,99466.71,98821.93,98936.68
1771704000,2026-02-21 20:00:00,98937.85,99418.79,98928.09,99358.31
1771718400,2026-02-22 00:00:00,99359.1,99521.76,98930.66,99004.73
1771732800,2026-02-22 04:00:00,99005.12,99209.05,98670.38,98763.44
1771747200,2026-02-22 08:00:00,98762.34,98811.88,98475.22,98618.21
1771761600,2026-02-22 12:00:00,98620.98,98702.07,98477.8,98604.98
1771776000,2026-02-22 16:00:00,98605.35,98702.25,98360.67,98499.89
1771790400,2026-02-22 20:00:00,98502.26,98992.96,98373.25,98587.65
1771804800,2026-02-23 00:00:00,98589.25,98905.56,98260.75,98865.44
1771819200,2026-02-23 04:00:00,98865.51,98908.91,98141.52,98161.33
1771833600,2026-02-23 08:00:00,98161.69,98702.06,98151.65,98636.94
1771848000,2026-02-23 12:00:00,98637.42,98700.46,98394.27,98595.51
1771862400,2026-02-23 16:00:00,98591.45,98927.15,98189.05,98283.2
1771876800,2026-02-23 20:00:00,98284.4,98291.12,97984.49,98179.96
1771891200,2026-02-24 00:00:00,98179.82,98186.76,97828.8,97829.62
1771905600,2026-02-24 04:00:00,97829.26,98351.28,97820.77,98229.51
1771920000,2026-02-24 08:00:00,98228.5,98570.03,98107.47,98481.88
1771934400,2026-02-24 12:00:00,98483.09,98588.83,98370.71,98482.53
1771948800,2026-02-24 16:00:00,98482.05,98774.87,98374.24,98700.68
1771963200,2026-02-24 20:00:00,98700.97,98857.15,98516.65,98777.78
1771977600,2026-02-25 00:00:00,98776.01,98841.17,98554.25,98813.05
1771992000,2026-02-25 04:00:00,98813.31,98841.81,98505.32,98567
1772006400,2026-02-25 08:00:00,98568.05,98719.72,98362.65,98652.4
1772020800,2026-02-25 12:00:00,98653.79,98725.15,98361.44,98461.27
1772035200,2026-02-25 16:00:00,98462.22,98550.56,97961.39,98105.28
1772049600,2026-02-25 20:00:00,98109.77,98265.92,97975.47,98044.82
1772064000,2026-02-26 00:00:00,98048.47,98291.86,97952.52,98202.89
1772078400,2026-02-26 04:00:00,98203,98240.87,97909.09,98188.18
1772092800,2026-02-26 08:00:00,98186.91,98226.86,97711.19,98101.26
1772107200,2026-02-26 12:00:00,98100.98,98260.84,97864.81,98106.17
1772121600,2026-02-26 16:00:00,98109.61,98260.44,97858.58,98190.4
1772136000,2026-02-26 20:00:00,98191.73,98557.19,98165.39,98494.53
1772150400,2026-02-27 00:00:00,98495.02,99026.1,98426.36,98869.91
1772164800,2026-02-27 04:00:00,98872.22,99177.53,98862.64,98899.89
1772179200,2026-02-27 08:00:00,98899.99,99016.33,98658.11,99015.41
1772193600,2026-02-27 12:00:00,99014.23,99148.73,98717.92,98828.95
1772208000,2026-02-27 16:00:00,98832.15,99002.92,98725.33,98998.83
1772222400,2026-02-27 20:00:00,98999.73,99048.52,98730.15,98792.11
1772236800,2026-02-28 00:00:00,98795.74,98898.49,98516.15,98721.06
1772251200,2026-02-28 04:00:00,98720.49,99030.93,98703.66,98891.62
1772265600,2026-02-28 08:00:00,98890.14,99561.28,98884.07,99261.12
1772280000,2026-02-28 12:00:00,99258.81,99278.1,98921.31,99136.18
1772294400,2026-02-28 16:00:00,99137.18,99340.67,98906.63,99292.47
1772308800,2026-02-28 20:00:00,99289.38,99536.11,99242.72,99313.92
1772323200,2026-03-01 00:00:00,99313.96,99317.27,98921.24,99018.95
1772337600,2026-03-01 04:00:00,99021.49,99886.31,99000.76,99847.9
1772352000,2026-03-01 08:00:00,99848.27,100034.12,99683.67,99958.18
1772366400,2026-03-01 12:00:00,99958.37,99976.2,99571.14,99604.66
1772380800,2026-03-01 16:00:00,99603.06,99668.28,99425.76,99446.29
1772395200,2026-03-01 20:00:00,99446.23,99923.51,99427.91,99441.11
1772409600,2026-03-02 00:00:00,99439.04,99844.11,99189.96,99841.1
1772424000,2026-03-02 04:00:00,99841.27,99909.28,99343.21,99437.39
1772438400,2026-03-02 08:00:00,99435.33,99475.91,99013.47,99040.54
1772452800,2026-03-02 12:00:00,99039.51,99087.67,98694.68,98729.57
1772467200,2026-03-02 16:00:00,98729.07,98933.88,98605.74,98904.34
1772481600,2026-03-02 20:00:00,98901.9,99544.39,98664.31,99534.69
1772496000,2026-03-03 00:00:00,99532.28,99930.48,99381.79,99822.42
1772510400,2026-03-03 04:00:00,99821.91,99827.27,99509.48,99601.6
1772524800,2026-03-03 08:00:00,99598.51,99937.12,99584.31,99596.44
1772539200,2026-03-03 12:00:00,99595.89,99822.06,99401.73,99662.6
1772553600,2026-03-03 16:00:00,99663.74,99879.12,99443.17,99462.47
1772568000,2026-03-03 20:00:00,99462.73,99478.69,98927.21,98950.52
1772582400,2026-03-04 00:00:00,98950.44,99039.28,98704.94,98732.31
1772596800,2026-03-04 04:00:00,98731.23,98982.88,98547.23,98841.81
1772611200,2026-03-04 08:00:00,98841.2,98964.59,98497.9,98907.01
1772625600,2026-03-04 12:00:00,98907.76,99258.05,98890.58,98989.57
1772640000,2026-03-04 16:00:00,98992.81,99006.17,98167.43,98369.45
1772654400,2026-03-04 20:00:00,98369.53,98380.36,97812.07,97859.35
1772668800,2026-03-05 00:00:00,97858.27,97980.74,97724.68,97812.43
1772683200,2026-03-05 04:00:00,97812.68,97982.23,97624.33,97788.57
1772697600,2026-03-05 08:00:00,97789.76,97890.37,97475.99,97869.65
1772712000,2026-03-05 12:00:00,97867.75,97891.95,97523.36,97619.45
1772726400,2026-03-05 16:00:00,97620.22,97840.6,97472.06,97578.19
1772740800,2026-03-05 20:00:00,97578.14,97830.96,97364.23,97381.34
1772755200,2026-03-06 00:00:00,97381.46,97650.86,97256.38,97394.37
1772769600,2026-03-06 04:00:00,97395.53,97495.35,96741.97,96758.17
1772784000,2026-03-06 08:00:00,96757.56,96832.32,96398.51,96564.6
1772798400,2026-03-06 12:00:00,96561.94,96571.08,96238.45,96277.29
1772812800,2026-03-06 16:00:00,96276.91,96443.84,95956.59,96325.39
1772827200,2026-03-06 20:00:00,96326.5,96620.1,96305.86,96520.94
1772841600,2026-03-07 00:00:00,96522.49,96659.22,96254.95,96262.49
1772856000,2026-03-07 04:00:00,96263.29,96364.67,95757.34,95848.37
1772870400,2026-03-07 08:00:00,95847.66,95854.55,95411.63,95549.95
1772884800,2026-03-07 12:00:00,95550.88,95566.32,95094.3,95159.21
1772899200,2026-03-07 16:00:00,95160.06,95288.49,95025.38,95092.66
1772913600,2026-03-07 20:00:00,95092.68,95187.51,94851.83,94973.2
1772928000,2026-03-08 00:00:00,94973.19,95233.28,94907.79,95222.45
1772942400,2026-03-08 04:00:00,95225.06,95385.97,94965.93,95385.16
1772956800,2026-03-08 08:00:00,95386.98,95887.56,95271.29,95763.79
1772971200,2026-03-08 12:00:00,95762.92,95903.36,95497.73,95544.62
1772985600,2026-03-08 16:00:00,95542.07,96232.5,95469.93,96134.01
1773000000,2026-03-08 20:00:00,96132.32,96508.98,96090.26,96403.55
1773014400,2026-03-09 00:00:00,96402.45,96583.85,96217.06,96335.59
1773028800,2026-03-09 04:00:00,96336.33,96540.69,96130.97,96506.96
1773043200,2026-03-09 08:00:00,96506.43,96645.64,96410.35,96498.64
1773057600,2026-03-09 12:00:00,96496.99,96694.99,96294.79,96439.67
1773072000,2026-03-09 16:00:00,96439.66,96441.04,95864.42,95872.83
1773086400,2026-03-09 20:00:00,95873.34,96058.98,95704.2,95772.37
1773100800,2026-03-10 00:00:00,95771.68,96147.64,95749.88,95875.99
1773115200,2026-03-10 04:00:00,95876.25,95937.54,95481.7,95487.24
1773129600,2026-03-10 08:00:00,95488.9,95577.29,95228.03,95263.68
1773144000,2026-03-10 12:00:00,95263.65,95531.2,95125.54,95206.12
1773158400,2026-03-10 16:00:00,95206.31,95705.15,95206.31,95317.8
1773172800,2026-03-10 20:00:00,95314.54,95317.42,95064.77,95150.68
1773187200,2026-03-11 00:00:00,95150.28,95640,95121.49,95573.76
1773201600,2026-03-11 04:00:00,95572.62,95600.48,95305.47,95545.19
1773216000,2026-03-11 08:00:00,95545.42,95825.16,95540.06,95727.47
1773230400,2026-03-11 12:00:00,95731.28,96058.73,95636.76,96010.4
1773244800,2026-03-11 16:00:00,96010.46,96248.73,95740.98,96210.93
1773259200,2026-03-11 20:00:00,96209.65,96412.96,96068.01,96412.96
1773273600,2026-03-12 00:00:00,96412.86,96478.45,96088.21,96122.91
1773288000,2026-03-12 04:00:00,96122.08,96158.34,95804.57,96120.34
1773302400,2026-03-12 08:00:00,96122.91,96400.26,96070.69,96228.08
1773316800,2026-03-12 12:00:00,96225.84,96308.18,95846.43,96308.18
1773331200,2026-03-12 16:00:00,96307.3,97025.76,96293.14,96934.86
1773345600,2026-03-12 20:00:00,96931,96991.27,96633.2,96800.53
1773360000,2026-03-13 00:00:00,96801.15,96807.4,96480.77,96651.35
1773374400,2026-03-13 04:00:00,96649.7,97031.36,96590.07,96780.58
1773388800,2026-03-13 08:00:00,96780.06,96964.45,96609.62,96611.42
1773403200,2026-03-13 12:00:00,96609.76,96631.64,96387.74,96526.52
1773417600,2026-03-13 16:00:00,96523.01,96793.39,96431.1,96710.7
1773432000,2026-03-13 20:00:00,96712.07,97015.41,96633.52,96983.9
1773446400,2026-03-14 00:00:00,96983.68,97025.27,96718.17,96729.7
1773460800,2026-03-14 04:00:00,96729.4,96939.97,96640.31,96706.44
1773475200,2026-03-14 08:00:00,96710.23,96806.11,96507.05,96660.27
1773489600,2026-03-14 12:00:00,96659.29,96664.2,96136.13,96264.33
1773504000,2026-03-14 16:00:00,96262.73,96305.31,95994.39,96078.18
1773518400,2026-03-14 20:00:00,96076.63,96336.52,96067.4,96271.82
1773532800,2026-03-15 00:00:00,96273.85,96387.69,96124.42,96180.67
1773547200,2026-03-15 04:00:00,96183.27,96393.65,96061.71,96100.3
1773561600,2026-03-15 08:00:00,96101.23,96653.08,95859.37,96575.11
1773576000,2026-03-15 12:00:00,96574.78,96626.56,96328.69,96461.94
1773590400,2026-03-15 16:00:00,96463.7,96710.49,96460.37,96590.41
1773604800,2026-03-15 20:00:00,96591.73,96686.28,96408.3,96452.85
1773619200,2026-03-16 00:00:00,96452.08,96466.92,95858.43,95891.92
1773633600,2026-03-16 04:00:00,95893.51,96009.73,95588.72,95685.71
1773648000,2026-03-16 08:00:00,95687.7,96139.56,95660.61,96025.15
1773662400,2026-03-16 12:00:00,96024.92,96182.64,95913.73,96150.96
1773676800,2026-03-16 16:00:00,96151.17,96754.21,96151.17,96486.05
1773691200,2026-03-16 20:00:00,96485.87,96958.87,96474.77,96940.93
1773705600,2026-03-17 00:00:00,96941.98,97071.29,96745.18,96820.86
1773720000,2026-03-17 04:00:00,96822.8,96830.3,96250.83,96295.23
1773734400,2026-03-17 08:00:00,96295.02,96342.95,95983.33,96192
1773748800,2026-03-17 12:00:00,96191.58,96198.32,95901.94,96069.72
1773763200,2026-03-17 16:00:00,96070.27,96650.22,96055.49,96619.79
1773777600,2026-03-17 20:00:00,96620.66,96649.01,96203.47,96256.78
1773792000,2026-03-18 00:00:00,96258.85,96820.09,96167.49,96417.7
1773806400,2026-03-18 04:00:00,96416.66,96553.41,96296.21,96465.06
1773820800,2026-03-18 08:00:00,96466.86,96770.43,96378.12,96741.13
1773835200,2026-03-18 12:00:00,96738.3,96872.35,96510.96,96825.77
1773849600,2026-03-18 16:00:00,96826.61,96995.69,96708.63,96920.86
1773864000,2026-03-18 20:00:00,96921.71,97258.47,96771.82,96792.75
1773878400,2026-03-19 00:00:00,96794.8,96861.84,96288.9,96312.88
1773892800,2026-03-19 04:00:00,96312.58,96370.09,95996.69,96141.89
1773907200,2026-03-19 08:00:00,96143.32,96411.11,95984.32,96362.6
1773921600,2026-03-19 12:00:00,96365.62,96657.95,96305.12,96476.29
1773936000,2026-03-19 16:00:00,96474.31,96977.94,96368.03,96941.81
1773950400,2026-03-19 20:00:00,96938.58,97592.35,96937.69,97579.42
1773964800,2026-03-20 00:00:00,97579.7,97679.02,97384.84,97504.25
1773979200,2026-03-20 04:00:00,97506.86,97633.97,97224.43,97257.83
1773993600,2026-03-20 08:00:00,97259.13,97799.82,97112.71,97721.07
1774008000,2026-03-20 12:00:00,97724.28,98086.75,97636.38,97853.08
1774022400,2026-03-20 16:00:00,97850.96,98156.8,97756.18,98028.44
1774036800,2026-03-20 20:00:00,98026.53,98050.66,97682.88,97810.81
1774051200,2026-03-21 00:00:00,97812.36,98087.36,97750.88,97757.4
1774065600,2026-03-21 04:00:00,97756.8,98089.97,97688.14,97934.58
1774080000,2026-03-21 08:00:00,97930.76,98165.98,97671.06,97678.56
1774094400,2026-03-21 12:00:00,97677.96,97923.62,97611.94,97773.82
1774108800,2026-03-21 16:00:00,97775.24,97921.15,97588.58,97640.44
1774123200,2026-03-21 20:00:00,97643.97,97951.77,97616.15,97794.91
1774137600,2026-03-22 00:00:00,97792.08,98173.76,97779.69,98093.23
1774152000,2026-03-22 04:00:00,98095.71,98335.5,98028.25,98237.52
1774166400,2026-03-22 08:00:00,98235.53,98470.81,98119.52,98351.89
1774180800,2026-03-22 12:00:00,98354.38,98545.08,98083.61,98126.55
1774195200,2026-03-22 16:00:00,98127.64,98374.84,97861.29,97869.29
1774209600,2026-03-22 20:00:00,97867.36,98178.2,97592.82,98110.93
1774224000,2026-03-23 00:00:00,98109.3,98159.91,97832.68,97838.1
1774238400,2026-03-23 04:00:00,97839.33,97916.52,97582.76,97596.77
1774252800,2026-03-23 08:00:00,97600.78,97630.92,97320.92,97473.13
1774267200,2026-03-23 12:00:00,97473.51,98014.07,97355.8,97994.14
1774281600,2026-03-23 16:00:00,97995.01,98239.08,97676.79,97746.25
1774296000,2026-03-23 20:00:00,97746.42,97872.69,97607.38,97856.22
1774310400,2026-03-24 00:00:00,97858.56,98007.76,97744.49,97865.52
1774324800,2026-03-24 04:00:00,97863.32,98303.35,97853.5,98271.12
1774339200,2026-03-24 08:00:00,98274.13,98379.66,98124.81,98213.04
1774353600,2026-03-24 12:00:00,98214.4,98316.56,98037.86,98291.03
1774368000,2026-03-24 16:00:00,98292.52,98427.73,97885.84,97947.49
1774382400,2026-03-24 20:00:00,97950.41,98281.54,97862.19,98232.58
1774396800,2026-03-25 00:00:00,98232.14,98420.24,97940.37,98029.82
1774411200,2026-03-25 04:00:00,98029.55,98313.94,98006.97,98239.36
1774425600,2026-03-25 08:00:00,98239.33,98700.85,98105.29,98462.77
1774440000,2026-03-25 12:00:00,98462.46,98717.69,98413.83,98642.6
1774454400,2026-03-25 16:00:00,98642.05,98713,98279.6,98429.88
1774468800,2026-03-25 20:00:00,98427.29,98459.39,97872.46,97890.78
1774483200,2026-03-26 00:00:00,97891.29,98209.69,97840.03,98123.99
1774497600,2026-03-26 04:00:00,98124.41,98702.63,98123.94,98396.74
1774512000,2026-03-26 08:00:00,98393.82,98399.32,97968.18,98031.61
1774526400,2026-03-26 12:00:00,98032.32,98346.34,97909.55,98140.13
1774540800,2026-03-26 16:00:00,98136.72,98758.07,98136.72,98736.23
1774555200,2026-03-26 20:00:00,98736.48,99400.72,98736.48,99348.11
1774569600,2026-03-27 00:00:00,99347.24,99433.12,99056.65,99178.81
1774584000,2026-03-27 04:00:00,99176.44,99429.3,99176.44,99322.5
1774598400,2026-03-27 08:00:00,99324.15,99551.48,99283.83,99304.6
1774612800,2026-03-27 12:00:00,99305.51,99393.74,99146.68,99379.64
1774627200,2026-03-27 16:00:00,99379.44,99920.92,99315.84,99912.07
1774641600,2026-03-27 20:00:00,99909.88,100046.08,99416.21,99475.59
1774656000,2026-03-28 00:00:00,99473.14,99997.46,99374.67,99977.93
1774670400,2026-03-28 04:00:00,99978.57,100206.19,99943.2,100160.32
1774684800,2026-03-28 08:00:00,100160.32,100212.51,99658.13,99707.06
1774699200,2026-03-28 12:00:00,99708.82,99965.4,99671.26,99942.46
1774713600,2026-03-28 16:00:00,99940.61,99940.62,99673.91,99754.77
1774728000,2026-03-28 20:00:00,99757.8,100123.2,99688.08,99780.27
1774742400,2026-03-29 00:00:00,99782.81,100347.92,99681.92,100241.34
1774756800,2026-03-29 04:00:00,100241.96,100701.34,100180.65,100691.98
1774771200,2026-03-29 08:00:00,100687.02,100891.27,100574.98,100815.47
1774785600,2026-03-29 12:00:00,100815.97,101370.43,100665.37,101225.22
1774800000,2026-03-29 16:00:00,101227.01,101291.64,100972.27,101132.14
1774814400,2026-03-29 20:00:00,101129.56,101411.53,101020.1,101026.01
1774828800,2026-03-30 00:00:00,101024.79,101073.68,100813.96,100887.29
1774843200,2026-03-30 04:00:00,100886.45,101193.43,100797.42,100840.7
1774857600,2026-03-30 08:00:00,100843.73,101071.85,100678.25,101039.13
1774872000,2026-03-30 12:00:00,101039.79,101406.78,100939.35,101187.3
1774886400,2026-03-30 16:00:00,101188.48,101369.97,101027.62,101141.38
1774900800,2026-03-30 20:00:00,101141.9,101253.11,100610.29,100651.42
1774915200,2026-03-31 00:00:00,100649.66,100710.25,100307.31,100380.85
1774929600,2026-03-31 04:00:00,100377.28,100797.62,100296.76,100636.89
1774944000,2026-03-31 08:00:00,100638.48,100902.83,100539.26,100803.17
1774958400,2026-03-31 12:00:00,100801.73,100867.14,100362.22,100396.94
1774972800,2026-03-31 16:00:00,100399.56,100826.61,100375.73,100672.46
1774987200,2026-03-31 20:00:00,100673.56,100823.81,100452.29,100653.37
1775001600,2026-04-01 00:00:00,100654.71,100820.34,100085.95,100258.73
1775016000,2026-04-01 04:00:00,100261.5,100269.62,99775.75,99864.83
1775030400,2026-04-01 08:00:00,99864.6,100383.37,99864.27,99990.38
1775044800,2026-04-01 12:00:00,99992.18,100180.99,99828.78,100125.22
1775059200,2026-04-01 16:00:00,100124.48,100346.67,100012.08,100193.25
1775073600,2026-04-01 20:00:00,100195.29,100512.11,100108.11,100163.72
1775088000,2026-04-02 00:00:00,100164.61,100646.83,100046.13,100476.73
1775102400,2026-04-02 04:00:00,100475.75,100750.63,100450.07,100517.18
1775116800,2026-04-02 08:00:00,100516.13,100516.38,100106.71,100452.37
1775131200,2026-04-02 12:00:00,100452.42,101011.58,100381.02,100975.76
1775145600,2026-04-02 16:00:00,100975.24,101380.45,100918.07,101190.97
1775160000,2026-04-02 20:00:00,101192.04,101283.27,100337.33,100429
1775174400,2026-04-03 00:00:00,100428.69,100733.85,100379.52,100400.85
1775188800,2026-04-03 04:00:00,100400.49,100604.35,100215.22,100319.32
1775203200,2026-04-03 08:00:00,100321.63,100328.9,99998,100192.69
1775217600,2026-04-03 12:00:00,100194.13,100582.82,100180.42,100454.35
1775232000,2026-04-03 16:00:00,100456.52,101219.51,100454.56,101119.5
1775246400,2026-04-03 20:00:00,101120.92,101120.92,100564.41,100678.72
1775260800,2026-04-04 00:00:00,100679.77,100893.48,100597.1,100866.86
1775275200,2026-04-04 04:00:00,100867.36,101017.09,100663.27,100813.84
1775289600,2026-04-04 08:00:00,100814.33,101066.4,100636.77,100819.29
1775304000,2026-04-04 12:00:00,100820.39,101185.8,100776.12,101082.98
1775318400,2026-04-04 16:00:00,101084.03,101298.26,100868.08,101284.24
1775332800,2026-04-04 20:00:00,101283.32,101425.97,101060.78,101207.51
1775347200,2026-04-05 00:00:00,101207.72,101423.83,101093.99,101176.41
1775361600,2026-04-05 04:00:00,101177.6,101275.59,100921.79,101204.29
1775376000,2026-04-05 08:00:00,101203.17,101254.58,100845.42,101046.43
1775390400,2026-04-05 12:00:00,101044.16,101363.65,101040.43,101203.66
1775404800,2026-04-05 16:00:00,101203.41,101207.85,100734.32,100861.93
1775419200,2026-04-05 20:00:00,100861.54,100887.23,100276.28,100281.67
1775433600,2026-04-06 00:00:00,100283.69,100577.89,100223.16,100392.81
1775448000,2026-04-06 04:00:00,100393.15,100750.47,100208.83,100731.69
1775462400,2026-04-06 08:00:00,100730.34,100818.02,100528.84,100762.68
1775476800,2026-04-06 12:00:00,100763.75,100794.39,100353.4,100665.99
1775491200,2026-04-06 16:00:00,100663.92,101042.24,100640.22,100737.81
1775505600,2026-04-06 20:00:00,100737.24,100838.16,100488.72,100562.56
1775520000,2026-04-07 00:00:00,100561.17,100688.38,100280.37,100688.38
1775534400,2026-04-07 04:00:00,100687.51,100777.17,100467.63,100556.08
1775548800,2026-04-07 08:00:00,100554.18,100738.14,100386.7,100682.78
1775563200,2026-04-07 12:00:00,100682.13,101007.11,100643.16,100745.66
1775577600,2026-04-07 16:00:00,100748.85,101295.84,100691.09,100962.42
1775592000,2026-04-07 20:00:00,100961.86,101025.73,100163.17,100346.21
1775606400,2026-04-08 00:00:00,100344.07,100507.23,100166.4,100383.83
1775620800,2026-04-08 04:00:00,100382.45,100511.71,100221.79,100239.08
1775635200,2026-04-08 08:00:00,100241.64,100419.8,100030.75,100245.67
1775649600,2026-04-08 12:00:00,100242.15,100322.25,99920.2,100207.9
1775664000,2026-04-08 16:00:00,100208.86,100316.83,99880.53,99942.74
1775678400,2026-04-08 20:00:00,99946.53,100172.5,99886.78,99964.77
1775692800,2026-04-09 00:00:00,99966.4,100004.88,99386.87,99538.71
1775707200,2026-04-09 04:00:00,99536.44,99592.6,99079.86,99096.91
1775721600,2026-04-09 08:00:00,99097.29,99234.6,98938.95,99131.45
1775736000,2026-04-09 12:00:00,99131.28,99322.23,98810.71,98872.21
1775750400,2026-04-09 16:00:00,98872.4,99326.72,98757.22,99206.5
1775764800,2026-04-09 20:00:00,99205.44,99357.73,98995.14,99046.84
1775779200,2026-04-10 00:00:00,99048.02,99407.46,99038.45,99337.44
1775793600,2026-04-10 04:00:00,99338.97,99735.3,99267.69,99611.27
1775808000,2026-04-10 08:00:00,99609.71,99815.52,99487.22,99692.3
1775822400,2026-04-10 12:00:00,99692.2,99889.43,99416.26,99430.2
1775836800,2026-04-10 16:00:00,99434.02,99631.16,99116.42,99528.45
1775851200,2026-04-10 20:00:00,99526.3,99551.36,98881.17,99064.47
1775865600,2026-04-11 00:00:00,99062.58,99361.48,98783.4,99328.31
1775880000,2026-04-11 04:00:00,99326.1,99357.77,98978.06,98999.24
1775894400,2026-04-11 08:00:00,99000.79,99133.7,98831.14,98912.33
1775908800,2026-04-11 12:00:00,98911.09,99155.37,98869.03,98881.86
1775923200,2026-04-11 16:00:00,98880.47,98938.24,98447.46,98572.86
1775937600,2026-04-11 20:00:00,98572.34,98628.88,98245.17,98364.73
1775952000,2026-04-12 00:00:00,98362.82,98815.07,98327.6,98608.07
1775966400,2026-04-12 04:00:00,98606.6,98684.31,98487.27,98637.17
1775980800,2026-04-12 08:00:00,98638.18,99286.65,98623.17,99278.81
1775995200,2026-04-12 12:00:00,99279.74,99342.65,98728.93,98781.17
1776009600,2026-04-12 16:00:00,98783.32,99146.59,98756.98,98853.21
1776024000,2026-04-12 20:00:00,98848.67,99110.64,98573.15,98628.76
1776038400,2026-04-13 00:00:00,98630.18,98993.89,98618.42,98896.22
1776052800,2026-04-13 04:00:00,98893.13,99351.69,98829.1,99302.1
1776067200,2026-04-13 08:00:00,99301.86,99411.67,99013.04,99097.65
1776081600,2026-04-13 12:00:00,99100.03,99444.75,99062.46,99251
1776096000,2026-04-13 16:00:00,99249.57,99300.55,98916.72,98945.8
1776110400,2026-04-13 20:00:00,98949.17,99473.09,98930.78,99457.89
1776124800,2026-04-14 00:00:00,99459.28,99714.13,99253.7,99699.66
1776139200,2026-04-14 04:00:00,99699.57,99746.9,99369.22,99457.54
1776153600,2026-04-14 08:00:00,99455.8,99672.52,99230.13,99671.69
1776168000,2026-04-14 12:00:00,99668.6,100229.3,99629.67,100194.31
1776182400,2026-04-14 16:00:00,100196.26,100325.22,100020.15,100236.7
1776196800,2026-04-14 20:00:00,100233.86,100265.72,99940.07,99989.61
1776211200,2026-04-15 00:00:00,99989.39,100008.8,99620.62,99754.62
1776225600,2026-04-15 04:00:00,99754.58,99909.46,99415.28,99485.08
1776240000,2026-04-15 08:00:00,99485.93,99723.88,99421.54,99704.8
1776254400,2026-04-15 12:00:00,99703.93,99861.97,99504.59,99514.8
1776268800,2026-04-15 16:00:00,99514.5,99588.49,99320.9,99504.97
1776283200,2026-04-15 20:00:00,99505.02,99616.39,99308.32,99430.31
1776297600,2026-04-16 00:00:00,99431.66,99482.86,99132.39,99284.63
1776312000,2026-04-16 04:00:00,99286.52,99454.01,99181.19,99241.48
1776326400,2026-04-16 08:00:00,99239.73,99449.99,99162,99219.11
1776340800,2026-04-16 12:00:00,99222.59,99392.73,98790.73,99031.11
1776355200,2026-04-16 16:00:00,99034.01,99039.66,98621.15,98634.3
1776369600,2026-04-16 20:00:00,98637.35,99009.46,98607.82,98961.1
1776384000,2026-04-17 00:00:00,98959.46,99139.94,98839.71,99007.52
1776398400,2026-04-17 04:00:00,99004.65,99012.29,98563.24,98745.84
1776412800,2026-04-17 08:00:00,98745.86,98865.76,98510.8,98647.63
1776427200,2026-04-17 12:00:00,98647.64,98733.46,98242.67,98242.67
1776441600,2026-04-17 16:00:00,98239.46,98462.04,97911.05,97911.05
1776456000,2026-04-17 20:00:00,97906.24,98145.82,97599.47,98145.48
1776470400,2026-04-18 00:00:00,98140.74,98543.36,98109.97,98415.58
1776484800,2026-04-18 04:00:00,98419.05,98713.96,98417.82,98637.27
1776499200,2026-04-18 08:00:00,98635.7,98679.61,98278.54,98587.07
1776513600,2026-04-18 12:00:00,98589.63,98616.07,98234.36,98293.63
1776528000,2026-04-18 16:00:00,98294.5,98491.66,98193.62,98448.15
1776542400,2026-04-18 20:00:00,98449.66,98454.6,97909.81,97911.39
1776556800,2026-04-19 00:00:00,97911.45,98162.94,97842.24,97952.81
1776571200,2026-04-19 04:00:00,97950.21,98400.54,97945.09,98375.23
1776585600,2026-04-19 08:00:00,98376.57,98720.66,98284.58,98698.36
1776600000,2026-04-19 12:00:00,98697.97,98718.7,97994.66,98230.85
1776614400,2026-04-19 16:00:00,98231.04,98246.38,97799.23,98075.51
1776628800,2026-04-19 20:00:00,98074.7,98630.77,98040.28,98628.46
1776643200,2026-04-20 00:00:00,98628.02,98653.03,98242.57,98334.72
1776657600,2026-04-20 04:00:00,98334.18,98670.69,98319.71,98346.16
1776672000,2026-04-20 08:00:00,98346.3,98355.64,98061.17,98208.91
1776686400,2026-04-20 12:00:00,98207.68,98523.73,98186.89,98450.58
1776700800,2026-04-20 16:00:00,98451.81,98856.25,98375.99,98794.45
1776715200,2026-04-20 20:00:00,98796.41,98989.91,98707.86,98988.17
1776729600,2026-04-21 00:00:00,98988.62,99315.47,98946.12,99268.36
1776744000,2026-04-21 04:00:00,99271.76,99325.16,98720.36,98805.55
1776758400,2026-04-21 08:00:00,98804.51,99341.98,98798.84,99279.08
1776772800,2026-04-21 12:00:00,99280.57,99336.64,98830.74,99101.82
1776787200,2026-04-21 16:00:00,99100.65,99584.36,99079.75,99576.73
1776801600,2026-04-21 20:00:00,99573.42,99649.76,99294.11,99534.9
1776816000,2026-04-22 00:00:00,99535.76,99646.34,99132.67,99228.79
1776830400,2026-04-22 04:00:00,99227.65,99558.09,99171.35,99365.49
1776844800,2026-04-22 08:00:00,99365.09,99468.95,99027.88,99146.08
1776859200,2026-04-22 12:00:00,99147.78,99301.73,99009.34,99134.59
1776873600,2026-04-22 16:00:00,99134.98,99524.48,99120.47,99318.66
1776888000,2026-04-22 20:00:00,99318.04,99529.61,99199.96,99329.42
1776902400,2026-04-23 00:00:00,99332.44,99465.62,99061.21,99402.47
1776916800,2026-04-23 04:00:00,99400.99,99583.22,99155.24,99157.47
1776931200,2026-04-23 08:00:00,99154.26,99238.09,98946,98983.89
1776945600,2026-04-23 12:00:00,98985.06,99010.21,98522.04,98574.24
1776960000,2026-04-23 16:00:00,98576.08,98579.44,98159.69,98176.75
1776974400,2026-04-23 20:00:00,98176.7,98191.5,97675.03,97815.62
1776988800,2026-04-24 00:00:00,97812.94,97922.8,97615.97,97628.33
1777003200,2026-04-24 04:00:00,97627.6,97814.08,97401.53,97813.45
1777017600,2026-04-24 08:00:00,97813.49,98319.22,97705.45,98297.99
1777032000,2026-04-24 12:00:00,98296.82,98428.45,98071.67,98257.92
1777046400,2026-04-24 16:00:00,98259.07,98454.39,98022.82,98155.99
1777060800,2026-04-24 20:00:00,98158.93,98158.93,97586.03,97732.62
1777075200,2026-04-25 00:00:00,97733.01,97962.48,97708.81,97864.97
1777089600,2026-04-25 04:00:00,97866.23,98192.77,97858.76,98127.16
1777104000,2026-04-25 08:00:00,98126.78,98144.11,97794.08,97813.15
1777118400,2026-04-25 12:00:00,97811.99,97894.08,97613.96,97695.61
1777132800,2026-04-25 16:00:00,97698.32,98122.07,97622.01,98084.38
1777147200,2026-04-25 20:00:00,98083.35,98318.24,98040.03,98198.58
1777161600,2026-04-26 00:00:00,98199.61,98316.89,97631.61,97642.77
1777176000,2026-04-26 04:00:00,97645.17,98216.87,97606.63,98140.22
1777190400,2026-04-26 08:00:00,98140.94,98338.49,98069.58,98314.2
1777204800,2026-04-26 12:00:00,98316.79,98319.72,97770.29,97789.54
1777219200,2026-04-26 16:00:00,97790.88,98076.6,97785.15,97890.87
1777233600,2026-04-26 20:00:00,97890.15,98245.57,97882.04,97951.33
1777248000,2026-04-27 00:00:00,97952.84,98277.91,97883.13,98116.65
1777262400,2026-04-27 04:00:00,98115.49,98505.29,98035.39,98246.18
1777276800,2026-04-27 08:00:00,98245.81,98246,97908.61,98059.99
1777291200,2026-04-27 12:00:00,98059.29,98388.11,97994.26,98123.4
1777305600,2026-04-27 16:00:00,98120.08,98462.27,98036.08,98046.88
1777320000,2026-04-27 20:00:00,98046.73,98117.87,97439.16,97445.69
1777334400,2026-04-28 00:00:00,97444.84,97450.97,97221.57,97306.7
1777348800,2026-04-28 04:00:00,97309.79,97547.56,97080.95,97406.12
1777363200,2026-04-28 08:00:00,97405.79,97428.81,97048.51,97172.39
1777377600,2026-04-28 12:00:00,97170.43,97198,96521.9,96678.35
1777392000,2026-04-28 16:00:00,96674.53,96963.72,96549.14,96706.79
1777406400,2026-04-28 20:00:00,96707.66,97155.22,96683.57,96870.35
1777420800,2026-04-29 00:00:00,96867,96897.53,96496.81,96531.92
1777435200,2026-04-29 04:00:00,96529.93,96656.94,96332.52,96647.84
1777449600,2026-04-29 08:00:00,96647.19,96967.83,96644.26,96833.92
1777464000,2026-04-29 12:00:00,96834.81,97084.48,96569.73,96625.44
1777478400,2026-04-29 16:00:00,96625.44,96678.42,96198.35,96474.07
1777492800,2026-04-29 20:00:00,96476.3,96719.84,96431.25,96470.36
1777507200,2026-04-30 00:00:00,96469.27,96675.91,96291.79,96658.52
1777521600,2026-04-30 04:00:00,96660.27,96678.83,96270.66,96333.4
1777536000,2026-04-30 08:00:00,96333.11,96647.46,96239.47,96370.89
1777550400,2026-04-30 12:00:00,96372.9,96469.57,96191.91,96384.11
1777564800,2026-04-30 16:00:00,96380.43,96873.87,96357.65,96833.97
1777579200,2026-04-30 20:00:00,96836.62,97293.84,96782.62,97088.5
1777593600,2026-05-01 00:00:00,97088.22,97202.01,96639.53,96640.09
1777608000,2026-05-01 04:00:00,96640.38,96874.45,96506.47,96558.42
1777622400,2026-05-01 08:00:00,96558.95,97052.66,96549.83,96935.24
1777636800,2026-05-01 12:00:00,96935.04,97001.82,96444.86,96581.3
1777651200,2026-05-01 16:00:00,96582.12,96931.95,96578.88,96872.96
1777665600,2026-05-01 20:00:00,96873.33,96889.47,96262.85,96419.99
1777680000,2026-05-02 00:00:00,96420.8,96783.68,96390.82,96622.95
1777694400,2026-05-02 04:00:00,96621.1,97024.92,96561.07,96979.22
1777708800,2026-05-02 08:00:00,96980.11,96982.47,96589.45,96942.82
1777723200,2026-05-02 12:00:00,96941.1,96969.82,96504.98,96659.77
1777737600,2026-05-02 16:00:00,96658.83,96853.51,96501.87,96551.84
1777752000,2026-05-02 20:00:00,96552.22,96552.83,96176.79,96409.42
1777766400,2026-05-03 00:00:00,96407.59,96758.74,96375.66,96510.29
1777780800,2026-05-03 04:00:00,96508.65,96521.55,95773.2,95782.6
1777795200,2026-05-03 08:00:00,95783.46,95812.95,95397.9,95530.22
1777809600,2026-05-03 12:00:00,95529.12,95610.73,95341.37,95578.18
1777824000,2026-05-03 16:00:00,95577.81,95751.71,95510.74,95529.98
1777838400,2026-05-03 20:00:00,95527.13,95639.27,95120.58,95233.36
1777852800,2026-05-04 00:00:00,95233.61,95519.5,95118.63,95169.59
1777867200,2026-05-04 04:00:00,95170.81,95280.61,94941.75,95176.79
1777881600,2026-05-04 08:00:00,95178.46,95275.98,94991.56,95015.94
1777896000,2026-05-04 12:00:00,95015.49,95093.33,94784.92,94901.05
1777910400,2026-05-04 16:00:00,94901.29,94933.29,94535.62,94653.87
1777924800,2026-05-04 20:00:00,94651.09,95370.34,94648.15,95299.34
1777939200,2026-05-05 00:00:00,95299.27,95396.57,95052.49,95090.19
1777953600,2026-05-05 04:00:00,95092.27,95422.8,94913.24,95422.37
1777968000,2026-05-05 08:00:00,95420.85,95510.01,95112.59,95144.21
1777982400,2026-05-05 12:00:00,95145.11,95172.27,94637.63,94662.75
1777996800,2026-05-05 16:00:00,94662.48,94772.53,94582.15,94725.49
1778011200,2026-05-05 20:00:00,94725.43,94977.29,94654.47,94949.96
1778025600,2026-05-06 00:00:00,94951.04,95154.65,94879.77,95132.59
1778040000,2026-05-06 04:00:00,95131.96,95376.51,94928.22,95287.84
1778054400,2026-05-06 08:00:00,95290.85,95298.51,94808.17,94875.77
1778068800,2026-05-06 12:00:00,94873.36,94950.47,94724.06,94851.92
1778083200,2026-05-06 16:00:00,94851.02,95278.99,94791.05,95022.67
1778097600,2026-05-06 20:00:00,95023.12,95278.1,94844.71,94905.98
1778112000,2026-05-07 00:00:00,94905.15,95129.98,94844.1,95005.35
1778126400,2026-05-07 04:00:00,95005.65,95012.36,94643.62,94887.62
1778140800,2026-05-07 08:00:00,94887.34,94979.94,94519.49,94574.28
1778155200,2026-05-07 12:00:00,94572.77,94895.76,94442.93,94835.68
1778169600,2026-05-07 16:00:00,94834.07,95180.16,94713.03,95018.71
1778184000,2026-05-07 20:00:00,95017.5,95109.87,94745.4,94808.31
1778198400,2026-05-08 00:00:00,94807.56,95228.83,94745.09,95131.88
1778212800,2026-05-08 04:00:00,95136.86,95269.65,94981.5,94984.25
1778227200,2026-05-08 08:00:00,94982.55,95176.65,94912.62,95041.52
1778241600,2026-05-08 12:00:00,95038.56,95213.54,94946.4,95030.57
1778256000,2026-05-08 16:00:00,95029.97,95227.61,94829.7,94830.62
1778270400,2026-05-08 20:00:00,94831.61,95162.87,94730.26,94868.82
1778284800,2026-05-09 00:00:00,94868.77,95019.55,94713.25,94914.72
1778299200,2026-05-09 04:00:00,94913.99,95095.11,94815.02,94900.4
1778313600,2026-05-09 08:00:00,94901.45,95087.12,94890.8,94981.18
1778328000,2026-05-09 12:00:00,94978.71,95232.61,94648.69,94857.02
1778342400,2026-05-09 16:00:00,94859.94,94892.99,94421.63,94885.78
1778356800,2026-05-09 20:00:00,94883.39,95130.41,94821.4,95056.29
1778371200,2026-05-10 00:00:00,95055.85,95110.7,94866.2,94884.41
1778385600,2026-05-10 04:00:00,94884.68,95188.98,94827.03,94970.97
1778400000,2026-05-10 08:00:00,94971.28,95045.63,94731.05,95029.24
1778414400,2026-05-10 12:00:00,95032.91,95357.63,94967.67,95212.26
1778428800,2026-05-10 16:00:00,95214.03,95354.17,94819.01,94959.57
1778443200,2026-05-10 20:00:00,94959.49,94997.57,94418.67,94473.77
1778457600,2026-05-11 00:00:00,94472.9,94547.11,94120.72,94140.11
1778472000,2026-05-11 04:00:00,94140.17,94534.86,94134.84,94411.73
1778486400,2026-05-11 08:00:00,94414.6,94447.75,94124.67,94155.83
1778500800,2026-05-11 12:00:00,94155.02,94464.63,94111.44,94387.99
1778515200,2026-05-11 16:00:00,94386.63,94495.79,93930.34,94005.17
1778529600,2026-05-11 20:00:00,94001.84,94128.04,93798.1,93899.79
1778544000,2026-05-12 00:00:00,93899.83,94244.61,93804.81,94237.83
1778558400,2026-05-12 04:00:00,94235.4,94377.91,93873.91,93943.85
1778572800,2026-05-12 08:00:00,93940.75,94331.43,93909.01,94202.82
1778587200,2026-05-12 12:00:00,94200.99,94728.3,94180.51,94450.34
1778601600,2026-05-12 16:00:00,94450.7,94462.36,94002.81,94206.16
1778616000,2026-05-12 20:00:00,94202.46,94338.66,93925.41,94069.27
1778630400,2026-05-13 00:00:00,94069.87,94283.55,93952.26,94040.34
1778644800,2026-05-13 04:00:00,94042.55,94161.44,93964.35,94057.58
1778659200,2026-05-13 08:00:00,94057.38,94130.12,93732.23,94107.36
1778673600,2026-05-13 12:00:00,94105.6,94293.03,93970.85,94094.26
1778688000,2026-05-13 16:00:00,94094.74,94262.26,93847.1,94046.5
1778702400,2026-05-13 20:00:00,94047.64,94347.36,93963.29,93987.32
1778716800,2026-05-14 00:00:00,93987.68,94468.93,93960.66,94353.8
1778731200,2026-05-14 04:00:00,94351.04,94656.19,94169.36,94480.23
1778745600,2026-05-14 08:00:00,94481.6,94798.76,94429.66,94629.22
1778760000,2026-05-14 12:00:00,94627.41,94679.96,94179.24,94240.13
1778774400,2026-05-14 16:00:00,94237.13,95151.72,94164.74,95146.75
1778788800,2026-05-14 20:00:00,95147.34,95161.83,94839.55,95001.37
1778803200,2026-05-15 00:00:00,95001.64,95131.4,94596.28,94597.67
1778817600,2026-05-15 04:00:00,94596.4,94651.79,94260.22,94279.08
1778832000,2026-05-15 08:00:00,94279.34,94321.23,93752.92,93826.62
1778846400,2026-05-15 12:00:00,93824.53,93836.52,93493.56,93643.73
1778860800,2026-05-15 16:00:00,93644.56,94204.28,93605.03,94183.64
1778875200,2026-05-15 20:00:00,94182.41,94360.97,93691.76,93778.91
1778889600,2026-05-16 00:00:00,93779.31,93846.42,93598.65,93747.62
1778904000,2026-05-16 04:00:00,93748.03,93893.05,93607.59,93730.02
1778918400,2026-05-16 08:00:00,93733.59,93800.27,93245.68,93246.19
1778932800,2026-05-16 12:00:00,93246.51,93409.42,93101.04,93261.62
1778947200,2026-05-16 16:00:00,93262.66,93373.58,93104.96,93236.32
1778961600,2026-05-16 20:00:00,93236.01,93367.33,92993.88,93363.63
1778976000,2026-05-17 00:00:00,93364.16,93400.14,93014.7,93033.47
1778990400,2026-05-17 04:00:00,93034.16,93258.21,92916.22,93203.58
1779004800,2026-05-17 08:00:00,93204.12,93303.9,93028.68,93090.66
1779019200,2026-05-17 12:00:00,93088.01,93656.69,92982.51,93639.64
1779033600,2026-05-17 16:00:00,93640.05,93896.73,93571.45,93674.48
1779048000,2026-05-17 20:00:00,93673.36,94192.11,93536.83,93983.91
1779062400,2026-05-18 00:00:00,93986.36,94080.86,93817.78,93890.14
1779076800,2026-05-18 04:00:00,93887.36,93975.44,93813.62,93854.5
1779091200,2026-05-18 08:00:00,93855.07,93956.74,93186.12,93187.06
1779105600,2026-05-18 12:00:00,93188.62,93226.44,92690.89,92992.46
1779120000,2026-05-18 16:00:00,92991.8,93208.16,92915.71,92985.18
1779134400,2026-05-18 20:00:00,92985.89,93176.92,92772.55,92775.9
1779148800,2026-05-19 00:00:00,92774.31,92946.8,92442.9,92523.26
1779163200,2026-05-19 04:00:00,92522.01,92834.79,92442.52,92818.12
1779177600,2026-05-19 08:00:00,92816,93012.49,92655.63,92971.78
1779192000,2026-05-19 12:00:00,92970.49,93153.85,92884.31,92913.52
1779206400,2026-05-19 16:00:00,92913.94,92958.43,92568.84,92667.13
1779220800,2026-05-19 20:00:00,92666.15,92756.97,92339.73,92484.4
1779235200,2026-05-20 00:00:00,92485.42,92725.39,92205.89,92609.29
1779249600,2026-05-20 04:00:00,92609.89,92921.39,92548.39,92811.93
1779264000,2026-05-20 08:00:00,92812.71,92967.31,92687.91,92934.64
1779278400,2026-05-20 12:00:00,92934.83,93318.16,92932.53,93198.82
1779292800,2026-05-20 16:00:00,93199.19,93348.69,93047.45,93282.55
1779307200,2026-05-20 20:00:00,93280.63,93454.2,93078.1,93154.15
1779321600,2026-05-21 00:00:00,93153.97,93186.35,92950.48,92975.17
1779336000,2026-05-21 04:00:00,92975.58,92987.35,92588.2,92687.27
1779350400,2026-05-21 08:00:00,92688.14,92741.53,91971.35,92007.72
1779364800,2026-05-21 12:00:00,92008.59,92331.6,91961.28,92027.37
1779379200,2026-05-21 16:00:00,92026.2,92152.44,91870.73,92116.12
1779393600,2026-05-21 20:00:00,92116.08,92295.79,91762.4,91798.09
1779408000,2026-05-22 00:00:00,91801.45,92037.66,91676.82,91994.6
1779422400,2026-05-22 04:00:00,91995.19,92178.85,91867.58,92021.58
1779436800,2026-05-22 08:00:00,92023.48,92355.74,91969.07,92245.46
1779451200,2026-05-22 12:00:00,92242.69,92341.26,91591.04,91713.12
1779465600,2026-05-22 16:00:00,91713.58,91780.81,91501.78,91608.36
1779480000,2026-05-22 20:00:00,91609.48,91805.1,91387.88,91745.18
1779494400,2026-05-23 00:00:00,91744.12,91925.91,91573.77,91597.47
1779508800,2026-05-23 04:00:00,91598.79,91838.24,91482.8,91836.37
1779523200,2026-05-23 08:00:00,91836.84,92112.87,91513.22,92043.05
1779537600,2026-05-23 12:00:00,92048.28,92099.06,91710.69,91820.89
1779552000,2026-05-23 16:00:00,91820.09,92263.29,91804.7,92039.77
1779566400,2026-05-23 20:00:00,92039.53,92083,91924.79,92015.25
1779580800,2026-05-24 00:00:00,92016.03,92080.49,91709.49,91831.08
1779595200,2026-05-24 04:00:00,91829.58,92010.44,91610.98,92005.66
1779609600,2026-05-24 08:00:00,92003.68,92013.43,91486.54,91515.4
1779624000,2026-05-24 12:00:00,91515.91,91540.5,91221.3,91353.42
1779638400,2026-05-24 16:00:00,91352.21,91833.77,91349.5,91750.79
1779652800,2026-05-24 20:00:00,91748.2,91846.47,91202.14,91202.35
1779667200,2026-05-25 00:00:00,91201.36,91467.5,91068.66,91218.37
1779681600,2026-05-25 04:00:00,91218.63,91386.31,91055.84,91338.05
1779696000,2026-05-25 08:00:00,91339.14,91474.22,91228.55,91332.64
1779710400,2026-05-25 12:00:00,91331.98,91648.91,91286.44,91307.83
1779724800,2026-05-25 16:00:00,91306.64,91532.47,91256.93,91491.22
1779739200,2026-05-25 20:00:00,91494.03,91600.08,91238.41,91308.89
1779753600,2026-05-26 00:00:00,91307.71,91498.16,91208.9,91417.4
1779768000,2026-05-26 04:00:00,91417.96,91524.77,91195.25,91342.59
1779782400,2026-05-26 08:00:00,91343.21,91353.12,90925.46,91021.9
1779796800,2026-05-26 12:00:00,91023.48,91123,90772.56,90804.02
1779811200,2026-05-26 16:00:00,90804.16,90848.79,90286.62,90346.08
1779825600,2026-05-26 20:00:00,90347.49,90733.84,90347.49,90716.2
1779840000,2026-05-27 00:00:00,90719.2,91006.97,90431.55,90602.32
1779854400,2026-05-27 04:00:00,90601.74,91152.71,90511.35,91096.88
1779868800,2026-05-27 08:00:00,91096.19,91561.98,90945.24,91374.91
1779883200,2026-05-27 12:00:00,91374.87,91865.14,91366.3,91713.84
1779897600,2026-05-27 16:00:00,91713.55,91760.11,91403.58,91597.6
1779912000,2026-05-27 20:00:00,91598.23,92079.72,91597.7,92030.55
1779926400,2026-05-28 00:00:00,92028,92217.39,91947.99,92184.44
1779940800,2026-05-28 04:00:00,92184.63,92285.62,91895.89,91983.42
1779955200,2026-05-28 08:00:00,91983.58,92035.22,91769.72,91911.49
1779969600,2026-05-28 12:00:00,91910.07,92228.68,91760.39,92161.52
1779984000,2026-05-28 16:00:00,92161.38,92323.1,91680.08,91690.61
1779998400,2026-05-28 20:00:00,91690.42,92155.68,91684.66,92112.54
1780012800,2026-05-29 00:00:00,92116.16,92261.7,91856.15,92221.1
1780027200,2026-05-29 04:00:00,92221.52,92502.96,92200.7,92430.93
1780041600,2026-05-29 08:00:00,92431.22,92531.22,92027.63,92053.13
1780056000,2026-05-29 12:00:00,92052.46,92061.99,91470.44,91477.13
1780070400,2026-05-29 16:00:00,91475.52,92453.5,91467.64,92401.36
1780084800,2026-05-29 20:00:00,92403.7,92465.89,92177.8,92265.37
1780099200,2026-05-30 00:00:00,92265.73,92529.61,92110.14,92526.64
1780113600,2026-05-30 04:00:00,92526.76,92576.68,92201.53,92260.14
1780128000,2026-05-30 08:00:00,92260.33,92427.34,92042.65,92074.11
1780142400,2026-05-30 12:00:00,92076.11,92252.5,92008.11,92252.5
1780156800,2026-05-30 16:00:00,92254.01,92415.91,92100.41,92366.58
1780171200,2026-05-30 20:00:00,92365.85,92392.35,92018.59,92203.89
1780185600,2026-05-31 00:00:00,92205.26,93067.15,92178.64,93047.31
1780200000,2026-05-31 04:00:00,93048.7,93424.53,92996.69,93379.71
1780214400,2026-05-31 08:00:00,93378.94,93481.68,93221.33,93301.99
1780228800,2026-05-31 12:00:00,93302.54,93526.33,93186.97,93500.22
1780243200,2026-05-31 16:00:00,93502.97,93971.79,93491.78,93889.62
1780257600,2026-05-31 20:00:00,93890.72,94060.55,93735.04,93771.08
1780272000,2026-06-01 00:00:00,93771.26,93811.64,93591.41,93662.94
1780286400,2026-06-01 04:00:00,93661.01,93670.61,93310.81,93379.72
1780300800,2026-06-01 08:00:00,93382.21,93491.57,93134.27,93224.85
1780315200,2026-06-01 12:00:00,93224.5,93499.65,93210.44,93357.23
1780329600,2026-06-01 16:00:00,93358.92,93853.3,93165.64,93781.61
1780344000,2026-06-01 20:00:00,93781.42,94119.14,93779.04,94065.59
1780358400,2026-06-02 00:00:00,94066.39,94604.01,94000.43,94578.97
1780372800,2026-06-02 04:00:00,94578.98,95029.68,94474.07,94881.62
1780387200,2026-06-02 08:00:00,94883.09,95006.01,94660.58,94744.84
1780401600,2026-06-02 12:00:00,94743.84,94913.03,94615.93,94814.96
1780416000,2026-06-02 16:00:00,94816.8,94865.43,94322.79,94436.48
1780430400,2026-06-02 20:00:00,94436.25,94485.92,94110.08,94170.1
1780444800,2026-06-03 00:00:00,94167.05,94262.19,93921.55,93944.7
1780459200,2026-06-03 04:00:00,93943.91,94183.16,93878.65,94041.7
1780473600,2026-06-03 08:00:00,94040.16,94344.73,93889.81,94317.49
1780488000,2026-06-03 12:00:00,94316.28,94419.55,94207.79,94364.9
1780502400,2026-06-03 16:00:00,94368.71,94821.58,94314.82,94739.17
1780516800,2026-06-03 20:00:00,94738.51,94863.78,94286.56,94345.41
1780531200,2026-06-04 00:00:00,94347.26,94582.96,94206.93,94311.38
1780545600,2026-06-04 04:00:00,94309.41,94409.87,94068.54,94358.73
1780560000,2026-06-04 08:00:00,94355.94,94609.9,94206.96,94416.75
1780574400,2026-06-04 12:00:00,94419.34,94687.71,94242.06,94538.37
1780588800,2026-06-04 16:00:00,94536.94,94750.29,94448.84,94598.58
1780603200,2026-06-04 20:00:00,94598.91,94712.13,94232.01,94571.7
1780617600,2026-06-05 00:00:00,94571.49,94693.05,94388.62,94612.52
1780632000,2026-06-05 04:00:00,94610.81,94631.86,94242.64,94311.29
1780646400,2026-06-05 08:00:00,94310.69,94724.26,94294.63,94699.15
1780660800,2026-06-05 12:00:00,94700.73,94852.69,94501.44,94671.5
1780675200,2026-06-05 16:00:00,94673.02,94832.53,94554.51,94672.55
1780689600,2026-06-05 20:00:00,94670.54,94875.33,94627.15,94859.14
1780704000,2026-06-06 00:00:00,94859.25,95236.99,94840.66,95138.52
1780718400,2026-06-06 04:00:00,95135.55,95252.11,94964.38,95201.68
1780732800,2026-06-06 08:00:00,95202.44,95542.32,95193.91,95463.07
1780747200,2026-06-06 12:00:00,95461.29,95651.43,95427.86,95535.05
1780761600,2026-06-06 16:00:00,95537.4,95698.09,95405.45,95408.27
1780776000,2026-06-06 20:00:00,95406.92,95609.46,95197,95211.78
1780790400,2026-06-07 00:00:00,95213.02,95524.35,95123.26,95519.78
1780804800,2026-06-07 04:00:00,95520.76,95764.79,95395.27,95751.4
1780819200,2026-06-07 08:00:00,95750.86,96205.36,95693.21,96165.47
1780833600,2026-06-07 12:00:00,96164.77,96280.73,95982.51,96164.07
1780848000,2026-06-07 16:00:00,96166.38,96392.05,96068.55,96234.25
1780862400,2026-06-07 20:00:00,96233.21,96496.49,96000.24,96478.54
1780876800,2026-06-08 00:00:00,96483.85,96504.01,96261.77,96357.81
1780891200,2026-06-08 04:00:00,96357.95,96365.1,96083.62,96175.47
1780905600,2026-06-08 08:00:00,96173.38,96535.66,96154.04,96379.09
1780920000,2026-06-08 12:00:00,96380.28,96455.47,96029.78,96161.81
1780934400,2026-06-08 16:00:00,96167.08,96575.4,96092.65,96562.21
1780948800,2026-06-08 20:00:00,96559.55,96970.58,96559.17,96755.63
1780963200,2026-06-09 00:00:00,96758.36,96951.6,96562.44,96587.36
1780977600,2026-06-09 04:00:00,96588.8,96851.1,96529.01,96676.61
1780992000,2026-06-09 08:00:00,96673.92,96794.82,96425.62,96747.96
1781006400,2026-06-09 12:00:00,96745.1,97203.61,96625.43,97030.13
1781020800,2026-06-09 16:00:00,97027.55,97102.16,96864.77,97023.78
1781035200,2026-06-09 20:00:00,97023.97,97295.28,96937,97106.19
1781049600,2026-06-10 00:00:00,97105.41,97230.23,97004.08,97226.98
1781064000,2026-06-10 04:00:00,97226.46,97236.21,96973.55,97171.69
1781078400,2026-06-10 08:00:00,97172.65,97580.94,97141.45,97370.23
1781092800,2026-06-10 12:00:00,97368.15,97401.09,97065.99,97180.22
1781107200,2026-06-10 16:00:00,97181.51,97617.31,97107.31,97363.36
1781121600,2026-06-10 20:00:00,97362.94,97378.54,96792.64,96888.91
1781136000,2026-06-11 00:00:00,96888.45,96959.32,96290.74,96334.95
1781150400,2026-06-11 04:00:00,96333.03,96569.81,96314.44,96394.44
1781164800,2026-06-11 08:00:00,96395.63,96446.71,95949.63,95961.04
1781179200,2026-06-11 12:00:00,95961.74,96074.04,95667.13,95921.63
1781193600,2026-06-11 16:00:00,95925.39,96171.31,95896.34,95954.8
1781208000,2026-06-11 20:00:00,95954.08,96007.42,95351.91,95470.43
1781222400,2026-06-12 00:00:00,95471.12,95536.08,94863.91,94874.67
1781236800,2026-06-12 04:00:00,94875.61,94987.17,94695.01,94870.03
1781251200,2026-06-12 08:00:00,94867.75,95109.33,94830.88,95051.9
1781265600,2026-06-12 12:00:00,95052.87,95244.32,94902.11,94939.47
1781280000,2026-06-12 16:00:00,94941.03,95441.86,94921.67,95209.16
1781294400,2026-06-12 20:00:00,95208.15,95381.08,95075.06,95093.1
1781308800,2026-06-13 00:00:00,95094.09,95141.56,94902.68,94947.19
1781323200,2026-06-13 04:00:00,94946.41,95425,94931.36,94964.33
1781337600,2026-06-13 08:00:00,94965.3,95334.62,94868.75,95160.5
1781352000,2026-06-13 12:00:00,95163.73,95258.75,94612.98,94623.95
1781366400,2026-06-13 16:00:00,94622.4,94796.18,94282.96,94535.27
1781380800,2026-06-13 20:00:00,94535.78,94690.23,94253.9,94323.23
1781395200,2026-06-14 00:00:00,94322.78,94420.99,93866.21,93992.39
1781409600,2026-06-14 04:00:00,93990.78,94186.97,93867.27,94157.04
1781424000,2026-06-14 08:00:00,94157.16,94280.43,93908.64,94002.63
1781438400,2026-06-14 12:00:00,94005.52,94596.56,93976.29,94445.84
1781452800,2026-06-14 16:00:00,94447.18,94576.67,94239.21,94396.28
1781467200,2026-06-14 20:00:00,94395.66,94520.14,94314.59,94481.08
1781481600,2026-06-15 00:00:00,94482.7,94658.53,94395.63,94651.42
1781496000,2026-06-15 04:00:00,94650.63,94806.28,94290.44,94446.78
1781510400,2026-06-15 08:00:00,94446.14,95082.41,94399.69,95036.8
1781524800,2026-06-15 12:00:00,95034.71,95117.09,94791.87,94848.23
1781539200,2026-06-15 16:00:00,94845.12,95190.12,94806.55,94978.14
1781553600,2026-06-15 20:00:00,94977.94,94987.81,94519.11,94742.83
1781568000,2026-06-16 00:00:00,94745.36,95011.3,94685.38,94874.14
1781582400,2026-06-16 04:00:00,94874.64,95454.84,94841.7,95333.59
1781596800,2026-06-16 08:00:00,95333.17,95649.83,95221.26,95224.68
1781611200,2026-06-16 12:00:00,95225.39,95470.38,95135.08,95450.78
1781625600,2026-06-16 16:00:00,95451.33,95565.02,95197.76,95247.06
1781640000,2026-06-16 20:00:00,95248.16,95496.05,95184.64,95238.12
1781654400,2026-06-17 00:00:00,95237.77,95470.76,95227.04,95383.53
1781668800,2026-06-17 04:00:00,95384.35,95406.41,94962.13,94980.54
1781683200,2026-06-17 08:00:00,94981.74,95172.37,94911.74,95079.52
1781697600,2026-06-17 12:00:00,95082.65,95610.05,95023.45,95487.86
1781712000,2026-06-17 16:00:00,95489.88,95737,95400.34,95484.59
1781726400,2026-06-17 20:00:00,95485.98,95981.97,95481.88,95981.97
1781740800,2026-06-18 00:00:00,95978.49,96161.11,95859.85,96078.66
1781755200,2026-06-18 04:00:00,96077.58,96522.47,95947.03,96476.04
1781769600,2026-06-18 08:00:00,96473.72,96601.27,96157.95,96172.69
1781784000,2026-06-18 12:00:00,96174.46,96365.05,95953.13,96166.71
1781798400,2026-06-18 16:00:00,96167.11,96683.05,96166.31,96462.79
1781812800,2026-06-18 20:00:00,96462.86,96616.19,96220.55,96590.26
1781827200,2026-06-19 00:00:00,96586.81,96993.11,96392.72,96985
1781841600,2026-06-19 04:00:00,96985.9,96998.93,96630.04,96704.87
1781856000,2026-06-19 08:00:00,96703.9,97007.23,96638.52,96904.73
1781870400,2026-06-19 12:00:00,96905.78,97469.26,96892.62,97437.07
1781884800,2026-06-19 16:00:00,97436.15,97712.88,97421.81,97654.08
1781899200,2026-06-19 20:00:00,97653.47,97844.26,97511.34,97830.63
1781913600,2026-06-20 00:00:00,97829.38,97887.86,97621.43,97641.93
1781928000,2026-06-20 04:00:00,97643.11,97720.56,97453.62,97580.48
1781942400,2026-06-20 08:00:00,97582.22,98021.18,97534.13,97939.9
1781956800,2026-06-20 12:00:00,97939.34,98112.39,97813.1,98064.19
1781971200,2026-06-20 16:00:00,98067.17,98396.77,98005.45,98242.94
1781985600,2026-06-20 20:00:00,98243.41,98880.59,98135.19,98840.79
1782000000,2026-06-21 00:00:00,98840.58,98842.65,98499.71,98748.65
1782014400,2026-06-21 04:00:00,98747.09,98778.99,98324.31,98438.42
1782028800,2026-06-21 08:00:00,98434.22,98557.6,98297.82,98307.31
1782043200,2026-06-21 12:00:00,98306.46,98482.95,98209.97,98228.24
1782057600,2026-06-21 16:00:00,98228.85,98351.64,98092.49,98132.77
1782072000,2026-06-21 20:00:00,98131.79,98993.24,98107.3,98990.1
1782086400,2026-06-22 00:00:00,98992.9,99088.59,98617.02,99046.4
1782100800,2026-06-22 04:00:00,99047.22,99324.06,98753.23,99302.48
1782115200,2026-06-22 08:00:00,99303.77,99581.03,99131.93,99307.16
1782129600,2026-06-22 12:00:00,99305.49,99357.15,98542.06,98545.17
1782144000,2026-06-22 16:00:00,98542.95,98696.22,98286.07,98383.16
1782158400,2026-06-22 20:00:00,98382.83,98465.27,97915.97,98074.23
1782172800,2026-06-23 00:00:00,98075.08,98244.06,97980.38,98165.51
1782187200,2026-06-23 04:00:00,98166.73,98544.95,98108.91,98541.45
1782201600,2026-06-23 08:00:00,98537.89,98659.15,98360.06,98432.71
1782216000,2026-06-23 12:00:00,98432.95,98586.07,98243.37,98281.67
1782230400,2026-06-23 16:00:00,98283.41,98547.52,98268.52,98390.54
1782244800,2026-06-23 20:00:00,98391.17,98526.9,98008.31,98455.03
1782259200,2026-06-24 00:00:00,98454.8,98493.67,98138.57,98162.45
1782273600,2026-06-24 04:00:00,98163.43,98341.59,97978.32,97988.46
1782288000,2026-06-24 08:00:00,97988.49,98036.9,97249.37,97263.79
1782302400,2026-06-24 12:00:00,97261.92,97357.65,97056.28,97179.39
1782316800,2026-06-24 16:00:00,97179.38,97498.29,96981.46,97342.32
1782331200,2026-06-24 20:00:00,97340.59,97795.13,97276.26,97794.58
1782345600,2026-06-25 00:00:00,97796.46,98013.81,97515.24,97530.56
1782360000,2026-06-25 04:00:00,97530.05,97658.59,97437.14,97519.72
1782374400,2026-06-25 08:00:00,97519.84,97537.06,97077.92,97097.5
1782388800,2026-06-25 12:00:00,97096.17,97320.14,96630.8,96641.03
1782403200,2026-06-25 16:00:00,96638.35,97335.22,96412.69,97330.41
1782417600,2026-06-25 20:00:00,97331.66,97487.56,97197.12,97439.15
1782432000,2026-06-26 00:00:00,97436.72,97488.79,96901.05,97041.94
1782446400,2026-06-26 04:00:00,97043.75,97068.37,96620.82,96761.76
1782460800,2026-06-26 08:00:00,96761.27,96911.07,96684.49,96832.62
1782475200,2026-06-26 12:00:00,96833.64,97331.55,96811.06,97306.15
1782489600,2026-06-26 16:00:00,97306.67,97883.22,97306.61,97566.13
1782504000,2026-06-26 20:00:00,97563.52,97564.87,97238.47,97239.37
1782518400,2026-06-27 00:00:00,97240.51,97370.54,97053.62,97229.17
1782532800,2026-06-27 04:00:00,97229.14,97830.8,97208.89,97598.4
1782547200,2026-06-27 08:00:00,97598.22,97743.58,96856.72,96868.52
1782561600,2026-06-27 12:00:00,96868.37,97095.02,96721.1,97071.37
1782576000,2026-06-27 16:00:00,97073.95,97445.88,96999,97442.87
1782590400,2026-06-27 20:00:00,97440.9,97663.81,97235.61,97508.03
1782604800,2026-06-28 00:00:00,97505.46,97537.51,97085.59,97370.94
1782619200,2026-06-28 04:00:00,97370.81,97419.38,96946.87,96958.51
1782633600,2026-06-28 08:00:00,96958.87,97504.93,96936.24,97411.87
1782648000,2026-06-28 12:00:00,97414.69,97645.01,97168.12,97472.32
1782662400,2026-06-28 16:00:00,97471.22,97511.08,97091.25,97289.59
1782676800,2026-06-28 20:00:00,97289.73,97518.4,97213.91,97365.86
1782691200,2026-06-29 00:00:00,97362.13,97514.12,96999.17,97159.78
1782705600,2026-06-29 04:00:00,97161,97230.6,96770.92,97192.98
1782720000,2026-06-29 08:00:00,97196.2,97581.94,97189.3,97576.97
1782734400,2026-06-29 12:00:00,97576.81,98044.2,97565.44,97888.92
1782748800,2026-06-29 16:00:00,97885.52,98105.95,97728.79,97804.08
1782763200,2026-06-29 20:00:00,97803.51,98283.42,97749.35,98207.4
1782777600,2026-06-30 00:00:00,98209.36,98264.8,97775.2,97983.94
1782792000,2026-06-30 04:00:00,97984.74,98169.09,97776.44,97779.41
1782806400,2026-06-30 08:00:00,97782.7,97933.91,97440.38,97450.37
1782820800,2026-06-30 12:00:00,97450.26,97516.7,97043.65,97347.7
1782835200,2026-06-30 16:00:00,97347.14,97644.72,97151.79,97284.52
1782849600,2026-06-30 20:00:00,97285.36,97747.77,97196.34,97719.96
1782864000,2026-07-01 00:00:00,97719.77,97842.42,97203.95,97317.73
1782878400,2026-07-01 04:00:00,97315.79,97433.35,97170.85,97271.3
1782892800,2026-07-01 08:00:00,97270.4,97550.15,97225.06,97491.18
1782907200,2026-07-01 12:00:00,97491.1,97586.68,97297.98,97525.02
1782921600,2026-07-01 16:00:00,97523.57,97564.57,97270.98,97296.75
1782936000,2026-07-01 20:00:00,97295.97,97493.27,97222.38,97493.27
1782950400,2026-07-02 00:00:00,97493.16,97546.13,97215.94,97502.71
1782964800,2026-07-02 04:00:00,97499.88,98059.89,97457,98029.89
1782979200,2026-07-02 08:00:00,98028.79,98094.18,97568.96,97688.87
1782993600,2026-07-02 12:00:00,97689.28,97709.69,97083.8,97098.48
1783008000,2026-07-02 16:00:00,97097.9,97326.98,96780.32,97103.68
1783022400,2026-07-02 20:00:00,97103.14,97315.37,96961.67,97237.32
1783036800,2026-07-03 00:00:00,97239.3,97259.4,96807.36,97035.05
1783051200,2026-07-03 04:00:00,97034.04,97043.52,96661.61,96763.19
1783065600,2026-07-03 08:00:00,96762.37,97089.41,96698.4,97021.36
1783080000,2026-07-03 12:00:00,97022.47,97254.77,96894.54,96916.43
1783094400,2026-07-03 16:00:00,96915.39,97025.37,96534.73,96555.85
1783108800,2026-07-03 20:00:00,96553.41,96846.45,96474.14,96790.93
1783123200,2026-07-04 00:00:00,96789.48,96901.55,96424.67,96499.97
1783137600,2026-07-04 04:00:00,96500.25,96625.36,96216.58,96240.79
1783152000,2026-07-04 08:00:00,96240.86,96344.39,96105.5,96205.66
1783166400,2026-07-04 12:00:00,96206.58,96258.78,95913.99,96114.28
1783180800,2026-07-04 16:00:00,96111.55,96320.83,96037.63,96166.07
1783195200,2026-07-04 20:00:00,96167,96193.79,95809.16,96037.76
1783209600,2026-07-05 00:00:00,96037.19,96069.03,95591.24,95631.1
1783224000,2026-07-05 04:00:00,95631.82,96014.16,95602.52,95941.4
1783238400,2026-07-05 08:00:00,95942.06,95945.65,95611.16,95855.58
1783252800,2026-07-05 12:00:00,95857.2,96340.15,95848.07,96207.42
1783267200,2026-07-05 16:00:00,96207.38,96557.77,96135.72,96274.58
1783281600,2026-07-05 20:00:00,96273.53,96405.75,96063.69,96402.58
1783296000,2026-07-06 00:00:00,96400.44,96620.95,96344.78,96380.81
1783310400,2026-07-06 04:00:00,96380.34,96430.93,96155.84,96231.5
1783324800,2026-07-06 08:00:00,96232.45,96301.6,95952.76,96032.79
1783339200,2026-07-06 12:00:00,96030.93,96031.24,95491.13,95700.57
1783353600,2026-07-06 16:00:00,95698.04,95837.32,95390.36,95599.78
1783368000,2026-07-06 20:00:00,95598.48,95684.95,95311.2,95562.01
1783382400,2026-07-07 00:00:00,95564.1,95935.16,95356.88,95867.26
1783396800,2026-07-07 04:00:00,95864.66,95948.79,95604.38,95751.78
1783411200,2026-07-07 08:00:00,95749.82,96267.58,95749.01,96142.76
1783425600,2026-07-07 12:00:00,96143.86,96222.76,95808.92,96018.84
1783440000,2026-07-07 16:00:00,96016.46,96053.55,95727.51,95764.62
1783454400,2026-07-07 20:00:00,95761.63,95896.24,95691.52,95718.76
1783468800,2026-07-08 00:00:00,95719.58,96166.49,95637.3,96138.04
1783483200,2026-07-08 04:00:00,96141.22,96695.25,96126.69,96601.83
1783497600,2026-07-08 08:00:00,96601.12,96913.5,96523.09,96885.31
1783512000,2026-07-08 12:00:00,96886.44,97333.66,96857.32,97067
1783526400,2026-07-08 16:00:00,97064.56,97532.03,96989.61,97496.08
1783540800,2026-07-08 20:00:00,97499.68,97858.2,97388.69,97684.63
1783555200,2026-07-09 00:00:00,97682.09,97812.19,97346.63,97444.84
1783569600,2026-07-09 04:00:00,97443.84,97515.1,97208.93,97244.83
1783584000,2026-07-09 08:00:00,97240.52,97306.79,97047.14,97292.43
1783598400,2026-07-09 12:00:00,97291.43,97577.76,97260.17,97574.72
1783612800,2026-07-09 16:00:00,97575.51,97810.83,97538.14,97663.48
1783627200,2026-07-09 20:00:00,97664.25,97740.39,97454.67,97618.39
1783641600,2026-07-10 00:00:00,97616.62,97788.02,97131.69,97157.49
1783656000,2026-07-10 04:00:00,97159.33,97202.84,96755.55,96888.13
1783670400,2026-07-10 08:00:00,96887.93,96909.51,96494.69,96494.69
1783684800,2026-07-10 12:00:00,96493.79,96507.05,95753.18,95768.72
1783699200,2026-07-10 16:00:00,95770.35,95818.22,95462.48,95571.37
1783713600,2026-07-10 20:00:00,95570.56,95645.47,95383.94,95428.43
1783728000,2026-07-11 00:00:00,95429.05,95826.18,95332.77,95757.3
1783742400,2026-07-11 04:00:00,95757.84,96035.42,95710.33,95999.28
1783756800,2026-07-11 08:00:00,95998.42,96644.92,95989.99,96624.57
1783771200,2026-07-11 12:00:00,96622.79,96640.12,96039.22,96361.91
1783785600,2026-07-11 16:00:00,96364.6,96514.8,96147.79,96391.48
1783800000,2026-07-11 20:00:00,96389.42,96583.57,96181.61,96213.78
1783814400,2026-07-12 00:00:00,96214.72,96295.96,95918.2,96158.96
1783828800,2026-07-12 04:00:00,96160.62,96162.72,95731.86,95842.66
1783843200,2026-07-12 08:00:00,95845.14,96069.42,95663.92,95763.44
1783857600,2026-07-12 12:00:00,95763.28,95928.98,95614.88,95662.12
1783872000,2026-07-12 16:00:00,95660.17,95867.77,95498.31,95761.99
1783886400,2026-07-12 20:00:00,95762.04,96107.58,95691.61,95899.24
1783900800,2026-07-13 00:00:00,95902.27,95936.17,95118.28,95161.59
1783915200,2026-07-13 04:00:00,95162.24,95276.62,94922.2,95134.43
1783929600,2026-07-13 08:00:00,95135.47,95194.22,94797.47,94837.85
1783944000,2026-07-13 12:00:00,94837.03,95013.02,94648.62,94724.14
1783958400,2026-07-13 16:00:00,94723.84,94918.32,94419.53,94707.53
1783972800,2026-07-13 20:00:00,94706.59,94713.98,94234.92,94237.44
1783987200,2026-07-14 00:00:00,94239.55,94253.37,93588.77,93656.66
1784001600,2026-07-14 04:00:00,93653.58,93755.96,93582.54,93672.81
1784016000,2026-07-14 08:00:00,93673.03,94012.83,93673.03,93872.26
1784030400,2026-07-14 12:00:00,93873.95,93878.02,93382.31,93426.46
1784044800,2026-07-14 16:00:00,93422.98,93600.66,93064.05,93072.61
1784059200,2026-07-14 20:00:00,93073.75,93432.8,92888.66,93430.04
1784073600,2026-07-15 00:00:00,93428.78,93493.45,93261.54,93378.86
1784088000,2026-07-15 04:00:00,93379.77,94242.89,93288.41,94238.69
1784102400,2026-07-15 08:00:00,94240.69,94424.83,94155.56,94408.43
1784116800,2026-07-15 12:00:00,94407.88,94494.35,94269.62,94343.35
1784131200,2026-07-15 16:00:00,94339.4,94552.11,94225.07,94387.16
1784145600,2026-07-15 20:00:00,94389.02,94484.24,94021.33,94176.35
1784160000,2026-07-16 00:00:00,94177.69,94205,93825.33,93854.3
1784174400,2026-07-16 04:00:00,93856.02,93866.99,93143.26,93206.01
1784188800,2026-07-16 08:00:00,93204.23,93245.89,92691.84,92787.69
1784203200,2026-07-16 12:00:00,92787.49,92923.65,92633.02,92657.94
1784217600,2026-07-16 16:00:00,92657.56,92731.8,92455.72,92657.12
1784232000,2026-07-16 20:00:00,92660.67,92769.96,92337.39,92374.38
1784246400,2026-07-17 00:00:00,92373.96,92509.15,92260.06,92446.89
1784260800,2026-07-17 04:00:00,92447.28,92742.71,92431.99,92457.38
1784275200,2026-07-17 08:00:00,92458.76,92486.72,91910.74,92010.56
1784289600,2026-07-17 12:00:00,92007.8,92111.04,91815.03,91993.12
1784304000,2026-07-17 16:00:00,91991.64,92193.1,91810.46,92133.78
1784318400,2026-07-17 20:00:00,92134.51,92256.73,92067.83,92161.22
1784332800,2026-07-18 00:00:00,92162.11,92329.55,91931.4,91997.09
1784347200,2026-07-18 04:00:00,91996.14,92602.23,91985.18,92455.91
1784361600,2026-07-18 08:00:00,92455.23,93044.38,92426.45,92939.31
1784376000,2026-07-18 12:00:00,92936.99,93296.84,92866.43,93277.31
1784390400,2026-07-18 16:00:00,93277.84,93398.01,93113.58,93131.09
1784404800,2026-07-18 20:00:00,93133,93410.09,92898.75,93063.74
1784419200,2026-07-19 00:00:00,93064.79,93309.78,92999,93014.71
1784433600,2026-07-19 04:00:00,93015.29,93074.09,92779.23,92911.97
1784448000,2026-07-19 08:00:00,92911.69,93319.26,92815.31,93266.68
1784462400,2026-07-19 12:00:00,93267.35,93653.16,93259.75,93554.79
1784476800,2026-07-19 16:00:00,93554.12,93566.96,93154.19,93173
1784491200,2026-07-19 20:00:00,93174.01,93583.26,93171.31,93565.29
1784505600,2026-07-20 00:00:00,93565.81,93671.06,93397.12,93463.1
1784520000,2026-07-20 04:00:00,93464.44,93672,93329.68,93355.61
1784534400,2026-07-20 08:00:00,93354.84,93368.55,93039.1,93162.58
1784548800,2026-07-20 12:00:00,93161.64,93503.85,93117.61,93291.01
1784563200,2026-07-20 16:00:00,93290.91,93490.44,93188.25,93426.42
1784577600,2026-07-20 20:00:00,93425.82,93883.7,93421.15,93763.97
1784592000,2026-07-21 00:00:00,93763.49,93767.94,93351.88,93399.56
1784606400,2026-07-21 04:00:00,93400.24,93800.52,93274.32,93573.96
1784620800,2026-07-21 08:00:00,93573.45,93689.43,93432.53,93510.41
1784635200,2026-07-21 12:00:00,93510.89,93874.26,93472.45,93576.25
1784649600,2026-07-21 16:00:00,93577.86,93759.26,93505.15,93660.85
1784664000,2026-07-21 20:00:00,93661.81,93786.21,93430.9,93465
1784678400,2026-07-22 00:00:00,93465.12,93982.2,93447.85,93972.97
1784692800,2026-07-22 04:00:00,93971.35,94215.7,93876.19,94212.21
1784707200,2026-07-22 08:00:00,94213.75,94633.56,94167.39,94622.61
1784721600,2026-07-22 12:00:00,94623.65,94694.63,94250.46,94253.2
1784736000,2026-07-22 16:00:00,94253.71,94506.4,94080.87,94361.53
1784750400,2026-07-22 20:00:00,94357.04,94446.23,94188.29,94247.06
1784764800,2026-07-23 00:00:00,94246.35,94252.87,93746.9,93802.99
1784779200,2026-07-23 04:00:00,93804.66,93926.12,93572.98,93748.53
1784793600,2026-07-23 08:00:00,93748.3,93994.19,93594.25,93777.81
1784808000,2026-07-23 12:00:00,93778.61,93915.01,93585.68,93771.03
1784822400,2026-07-23 16:00:00,93771.96,93908.37,93475.6,93519.18
1784836800,2026-07-23 20:00:00,93521.66,93630.29,93179.23,93187.88
1784851200,2026-07-24 00:00:00,93186.9,93634.05,93088.01,93551.98
1784865600,2026-07-24 04:00:00,93551.06,93901.39,93473.62,93527.86
1784880000,2026-07-24 08:00:00,93525.99,93954.89,93523.15,93641
1784894400,2026-07-24 12:00:00,93639.48,94047.44,93554.06,93882.19
1784908800,2026-07-24 16:00:00,93884.25,93885.46,93544.77,93574.74
1784923200,2026-07-24 20:00:00,93574.6,93757.94,93475.78,93577.03
1784937600,2026-07-25 00:00:00,93577.59,93651.03,93357.22,93505.86
1784952000,2026-07-25 04:00:00,93505.91,93921.22,93352.56,93913.1
1784966400,2026-07-25 08:00:00,93914.66,93930.47,93358.35,93460.65
1784980800,2026-07-25 12:00:00,93459.62,93476.85,92957.06,93113.35
1784995200,2026-07-25 16:00:00,93113,93315.59,92989.49,93214.26
1785009600,2026-07-25 20:00:00,93214.25,93220.99,92926.88,93167.62
1785024000,2026-07-26 00:00:00,93168.93,93413.74,93109.79,93116.69
1785038400,2026-07-26 04:00:00,93116.71,93116.71,92812.1,92942.94
1785052800,2026-07-26 08:00:00,92944.03,93275.19,92921.37,93125.15
1785067200,2026-07-26 12:00:00,93123.74,93346.41,92978.45,93007.58
1785081600,2026-07-26 16:00:00,93009.69,93284.55,92755.01,93244.85
1785096000,2026-07-26 20:00:00,93246.53,93480.89,93049.13,93066.1
1785110400,2026-07-27 00:00:00,93065.17,93327.59,92976.4,93167.62
1785124800,2026-07-27 04:00:00,93166.32,93454.7,93018.32,93425.67
1785139200,2026-07-27 08:00:00,93426.25,93431.55,93107.44,93305.2
1785153600,2026-07-27 12:00:00,93305.17,93741.42,93294.11,93409.35
1785168000,2026-07-27 16:00:00,93409.1,93443.23,93215.37,93408.49
1785182400,2026-07-27 20:00:00,93408.1,93688.34,93275.18,93665.62
1785196800,2026-07-28 00:00:00,93663.66,93797.51,93507.58,93540.67
1785211200,2026-07-28 04:00:00,93539.54,93756.36,93303.9,93720.22
1785225600,2026-07-28 08:00:00,93721.08,94462.65,93690.93,94378.24
1785240000,2026-07-28 12:00:00,94378.96,94452.59,94073.33,94156.67
1785254400,2026-07-28 16:00:00,94156.66,94622.26,94019.59,94261.41
1785268800,2026-07-28 20:00:00,94262.96,94306.52,93921.86,93992.87
1785283200,2026-07-29 00:00:00,93993.19,94303.92,93942.1,94147.83
1785297600,2026-07-29 04:00:00,94146.57,94332,93400.42,93436.61
1785312000,2026-07-29 08:00:00,93437.56,93453.18,92779.3,92908.91
1785326400,2026-07-29 12:00:00,92909.51,93438.95,92784.76,93384.38
1785340800,2026-07-29 16:00:00,93384.07,93442.3,93111.31,93408.54
1785355200,2026-07-29 20:00:00,93407.98,93428.48,92607.66,92646.96
1785369600,2026-07-30 00:00:00,92648.41,92768.2,92486.39,92571.62
1785384000,2026-07-30 04:00:00,92571.36,92871.39,92497.52,92504.71
1785398400,2026-07-30 08:00:00,92505.25,92657.68,92364.43,92538.36
1785412800,2026-07-30 12:00:00,92538.96,92740.37,92474.3,92556.2
1785427200,2026-07-30 16:00:00,92554.76,92651.44,92342.87,92462.17
1785441600,2026-07-30 20:00:00,92460.08,92508.83,92112.24,92224.5
1785456000,2026-07-31 00:00:00,92225.1,92243.84,91779.38,91828.54
1785470400,2026-07-31 04:00:00,91829.57,91854.97,91276.87,91423.56
1785484800,2026-07-31 08:00:00,91423.08,91445.63,91192.81,91419.79
