epoch,datetime_utc,open,high,low,close
1753955192,2025-07-31 09:46:32,81453.03,81509.5,81451.87,81489.4
1753956000,2025-07-31 10:00:00,81489.25,81559.27,81455.26,81486.16
1753959600,2025-07-31 11:00:00,81486.48,81850.09,81486.48,81715.19
1753963200,2025-07-31 12:00:00,81714.75,82048.61,81658.11,82028.09
1753966800,2025-07-31 13:00:00,82029.25,82042.5,81928.41,81980.15
1753970400,2025-07-31 14:00:00,81980.84,82096.64,81932.08,81942.3
1753974000,2025-07-31 15:00:00,81939.61,82121.36,81917.39,82078.6
1753977600,2025-07-31 16:00:00,82078.9,82162.8,81969.1,81981.83
1753981200,2025-07-31 17:00:00,81983.67,81992.29,81780.79,81855.71
1753984800,2025-07-31 18:00:00,81854.39,81984.54,81828.07,81917.25
1753988400,2025-07-31 19:00:00,81918.32,81978.63,81779.79,81807.6
1753992000,2025-07-31 20:00:00,81807.74,81887.89,81763.46,81833.49
1753995600,2025-07-31 21:00:00,81832.62,81932.71,81802.67,81902.78
1753999200,2025-07-31 22:00:00,81902.66,82059.36,81902.51,82044.83
1754002800,2025-07-31 23:00:00,82045.44,82150.06,82042.55,82144.73
1754006400,2025-08-01 00:00:00,82146.96,82479.44,82105.02,82466.77
1754010000,2025-08-01 01:00:00,82465.88,82612.18,82401.5,82605.34
1754013600,2025-08-01 02:00:00,82606.11,82756.7,82598.79,82745.47
1754017200,2025-08-01 03:00:00,82744.72,82893.3,82720.48,82772.17
1754020800,2025-08-01 04:00:00,82771.59,82810.04,82693.16,82754.03
1754024400,2025-08-01 05:00:00,82753.87,82956.33,82724.04,82925.42
1754028000,2025-08-01 06:00:00,82927.71,82982.53,82866.34,82946.05
1754031600,2025-08-01 07:00:00,82943.14,83016.84,82782.85,83014.57
1754035200,2025-08-01 08:00:00,83014.74,83038.05,82889.85,82939.88
1754038800,2025-08-01 09:00:00,82937.74,83052.28,82914.29,82982.33
1754042400,2025-08-01 10:00:00,82982.43,83062.73,82917.54,83013.59
1754046000,2025-08-01 11:00:00,83012.79,83030.75,82907.07,82955.88
1754049600,2025-08-01 12:00:00,82955.4,82998.19,82807.88,82900.78
1754053200,2025-08-01 13:00:00,82899.27,82966.37,82819.01,82917.75
1754056800,2025-08-01 14:00:00,82918.05,83206.69,82910.17,83086.67
1754060400,2025-08-01 15:00:00,83087.59,83178.42,83036.85,83165.98
1754064000,2025-08-01 16:00:00,83165.34,83332.34,83131.96,83227.45
1754067600,2025-08-01 17:00:00,83225.29,83363.93,83152.96,83350.66
1754071200,2025-08-01 18:00:00,83347.95,83389.67,83216.2,83221.8
1754074800,2025-08-01 19:00:00,83222.11,83227.97,83102.53,83194.54
1754078400,2025-08-01 20:00:00,83192.69,83196.76,83066.61,83094.45
1754082000,2025-08-01 21:00:00,83095.39,83156.85,83069.53,83085.57
1754085600,2025-08-01 22:00:00,83081.9,83175.76,83055.33,83123.06
1754089200,2025-08-01 23:00:00,83122.53,83175.71,83007.3,83135.52
1754092800,2025-08-02 00:00:00,83136.73,83411.03,83131.79,83395.16
1754096400,2025-08-02 01:00:00,83393.68,83410.49,83085.14,83104.09
1754100000,2025-08-02 02:00:00,83105.18,83108.52,82817.49,82855.48
1754103600,2025-08-02 03:00:00,82856.94,82889.91,82721.35,82790.76
1754107200,2025-08-02 04:00:00,82790.65,82910.29,82740.68,82832.1
1754110800,2025-08-02 05:00:00,82831.85,82856.78,82705.96,82712.77
1754114400,2025-08-02 06:00:00,82712.69,82918.22,82703,82821.81
1754118000,2025-08-02 07:00:00,82819.59,82846.61,82741.12,82749.5
1754121600,2025-08-02 08:00:00,82750.24,82762.55,82517.62,82600.09
1754125200,2025-08-02 09:00:00,82598.19,82695.39,82506.66,82506.66
1754128800,2025-08-02 10:00:00,82508.39,82664.16,82487.72,82553.98
1754132400,2025-08-02 11:00:00,82555.98,82755.66,82528.21,82748.04
1754136000,2025-08-02 12:00:00,82748.52,82801.96,82641.64,82715.21
1754139600,2025-08-02 13:00:00,82715.76,82842.11,82704.84,82813.07
1754143200,2025-08-02 14:00:00,82810.82,82810.82,82676.81,82719.81
1754146800,2025-08-02 15:00:00,82719.05,82848.92,82694.66,82724.76
1754150400,2025-08-02 16:00:00,82726.23,82840.35,82622,82768.15
1754154000,2025-08-02 17:00:00,82767.3,82804,82674.36,82677.65
1754157600,2025-08-02 18:00:00,82677.91,82685.57,82510.43,82663.58
1754161200,2025-08-02 19:00:00,82663.6,82677.01,82478.26,82603.23
1754164800,2025-08-02 20:00:00,82602.24,82663.47,82566.5,82611.75
1754168400,2025-08-02 21:00:00,82612.5,82622.17,82511.16,82515.1
1754172000,2025-08-02 22:00:00,82514.48,82630.6,82488.62,82616.73
1754175600,2025-08-02 23:00:00,82619.4,82646.66,82386.68,82507.32
1754179200,2025-08-03 00:00:00,82505.71,82521.11,82314.35,82336.02
1754182800,2025-08-03 01:00:00,82334.03,82336.55,82060.88,82097.52
1754186400,2025-08-03 02:00:00,82097.03,82233.3,82038.59,82229.04
1754190000,2025-08-03 03:00:00,82228.87,82266.63,82136.99,82160.58
1754193600,2025-08-03 04:00:00,82162.07,82194.2,82078.15,82157.08
1754197200,2025-08-03 05:00:00,82156.8,82199.37,82041.43,82060.95
1754200800,2025-08-03 06:00:00,82060.9,82094.28,81913.83,81931.25
1754204400,2025-08-03 07:00:00,81932.87,82040.82,81834.3,82027.71
1754208000,2025-08-03 08:00:00,82030.16,82055.31,81932.37,81942.66
1754211600,2025-08-03 09:00:00,81944.54,82075.21,81938.61,81979.52
1754215200,2025-08-03 10:00:00,81979.61,82083.96,81974.47,82055.17
1754218800,2025-08-03 11:00:00,82051.85,82168.59,82007,82137.63
1754222400,2025-08-03 12:00:00,82137.77,82274.07,82115.14,82211.34
1754226000,2025-08-03 13:00:00,82212.67,82236.95,82075.5,82097.84
1754229600,2025-08-03 14:00:00,82100.97,82209.91,82087.4,82159.74
1754233200,2025-08-03 15:00:00,82161.69,82260.93,82155.7,82222.68
1754236800,2025-08-03 16:00:00,82222.02,82297.28,82158.73,82287.78
1754240400,2025-08-03 17:00:00,82287.4,82287.97,82050.67,82112.78
1754244000,2025-08-03 18:00:00,82114.83,82134.98,82029.31,82109.74
1754247600,2025-08-03 19:00:00,82112.91,82190.31,82064.99,82088.37
1754251200,2025-08-03 20:00:00,82088.87,82209.25,82015.46,82182.27
1754254800,2025-08-03 21:00:00,82183.23,82488.53,82169.97,82439.68
1754258400,2025-08-03 22:00:00,82441.31,82547.82,82407.38,82500.78
1754262000,2025-08-03 23:00:00,82500.34,82600.08,82297.04,82587.38
1754265600,2025-08-04 00:00:00,82587.71,82612.81,82445.53,82520.9
1754269200,2025-08-04 01:00:00,82518.7,82764.97,82487.63,82731.93
1754272800,2025-08-04 02:00:00,82731.51,82980.69,82723.15,82980.6
1754276400,2025-08-04 03:00:00,82977.89,82995.01,82815.71,82850.48
1754280000,2025-08-04 04:00:00,82850.23,82862.12,82753.06,82785.39
1754283600,2025-08-04 05:00:00,82785.35,82800.75,82661.48,82724.81
1754287200,2025-08-04 06:00:00,82723.13,82775.14,82627.58,82708.22
1754290800,2025-08-04 07:00:00,82711.49,82760.33,82667.02,82736.88
1754294400,2025-08-04 08:00:00,82738.47,82944.19,82686.77,82893.54
1754298000,2025-08-04 09:00:00,82893.8,82920.23,82746.15,82837.57
1754301600,2025-08-04 10:00:00,82839.5,82839.5,82665.16,82759.96
1754305200,2025-08-04 11:00:00,82760.9,82892.17,82754.8,82884.23
1754308800,2025-08-04 12:00:00,82888.31,83017.28,82739.11,82748.28
1754312400,2025-08-04 13:00:00,82748.67,82820.87,82688.96,82749.16
1754316000,2025-08-04 14:00:00,82749.66,82793.52,82625.34,82742.79
1754319600,2025-08-04 15:00:00,82743.44,82814.13,82735.81,82800.52
1754323200,2025-08-04 16:00:00,82800.75,82861.5,82701.61,82750.76
1754326800,2025-08-04 17:00:00,82750.42,82817.12,82674.32,82805.39
1754330400,2025-08-04 18:00:00,82803.77,82840.21,82713.53,82771.19
1754334000,2025-08-04 19:00:00,82770.93,82830.3,82724.71,82768.12
1754337600,2025-08-04 20:00:00,82769.47,82847.55,82661.11,82784.31
1754341200,2025-08-04 21:00:00,82785.06,82848.39,82768.27,82800.76
1754344800,2025-08-04 22:00:00,82803.04,83029.07,82739.5,83029.07
1754348400,2025-08-04 23:00:00,83028.2,83090.58,82912.91,82968.77
1754352000,2025-08-05 00:00:00,82971.7,82979.66,82772.86,82812.83
1754355600,2025-08-05 01:00:00,82811.92,82863.99,82638.13,82668.88
1754359200,2025-08-05 02:00:00,82667.3,82684.94,82546.78,82552.69
1754362800,2025-08-05 03:00:00,82555.37,82704.15,82546.2,82664.13
1754366400,2025-08-05 04:00:00,82662.83,82736.51,82637.41,82733.8
1754370000,2025-08-05 05:00:00,82733.7,82889.69,82686.64,82828.94
1754373600,2025-08-05 06:00:00,82827.34,82894.13,82779.83,82816.88
1754377200,2025-08-05 07:00:00,82815.64,82920.08,82796.22,82830.44
1754380800,2025-08-05 08:00:00,82831.1,82932.58,82770.7,82916.82
1754384400,2025-08-05 09:00:00,82915.78,82931.51,82845.07,82931.29
1754388000,2025-08-05 10:00:00,82930.35,83116.43,82887.55,83067.86
1754391600,2025-08-05 11:00:00,83070.22,83072.08,82841.67,82841.86
1754395200,2025-08-05 12:00:00,82842.49,82948.13,82794.64,82931.72
1754398800,2025-08-05 13:00:00,82935.03,82946.43,82839.33,82853.16
1754402400,2025-08-05 14:00:00,82851.81,83070.06,82830.7,83066.77
1754406000,2025-08-05 15:00:00,83067.18,83097.5,82973.49,83031.05
1754409600,2025-08-05 16:00:00,83031.29,83105.25,83018.35,83057.07
1754413200,2025-08-05 17:00:00,83057.01,83213.61,83050.97,83204.26
1754416800,2025-08-05 18:00:00,83203.65,83203.65,83073.53,83126.59
1754420400,2025-08-05 19:00:00,83126.32,83188.51,82973.02,82995.05
1754424000,2025-08-05 20:00:00,82995.14,83012.94,82848.81,82957.13
1754427600,2025-08-05 21:00:00,82956.45,82984.84,82840.93,82940.08
1754431200,2025-08-05 22:00:00,82941.71,83065.09,82905.05,83024.48
1754434800,2025-08-05 23:00:00,83025.79,83028.2,82915.98,82940.88
1754438400,2025-08-06 00:00:00,82941.73,82973.93,82791.55,82864.71
1754442000,2025-08-06 01:00:00,82863.04,82894.01,82724.5,82773.1
1754445600,2025-08-06 02:00:00,82771.66,83004.48,82770.34,82882.71
1754449200,2025-08-06 03:00:00,82882.34,82933.96,82776,82861.29
1754452800,2025-08-06 04:00:00,82862,82986.3,82693.69,82764.25
1754456400,2025-08-06 05:00:00,82763.31,82817.18,82655.04,82671.78
1754460000,2025-08-06 06:00:00,82667.92,82763.5,82635.87,82653.46
1754463600,2025-08-06 07:00:00,82655.23,82687.77,82516.42,82666.25
1754467200,2025-08-06 08:00:00,82666.24,82669.48,82441.71,82465.03
1754470800,2025-08-06 09:00:00,82466.21,82597.06,82427.16,82521.7
1754474400,2025-08-06 10:00:00,82521.17,82528.33,82297.92,82333.28
1754478000,2025-08-06 11:00:00,82333.55,82363.17,82238.84,82290.32
1754481600,2025-08-06 12:00:00,82290.21,82290.87,82176.79,82176.79
1754485200,2025-08-06 13:00:00,82176.38,82322.86,82159.51,82282.24
1754488800,2025-08-06 14:00:00,82281.77,82460.09,82281.77,82453.76
1754492400,2025-08-06 15:00:00,82453.86,82506.58,82355.75,82435.21
1754496000,2025-08-06 16:00:00,82433.72,82497.65,82181.38,82298.68
1754499600,2025-08-06 17:00:00,82297.4,82456.69,82276.63,82452.88
1754503200,2025-08-06 18:00:00,82455.18,82682.53,82425.22,82655.87
1754506800,2025-08-06 19:00:00,82656.59,82898.82,82656.05,82871.92
1754510400,2025-08-06 20:00:00,82870.33,82941.73,82788.91,82824.08
1754514000,2025-08-06 21:00:00,82823.75,82973.5,82792.91,82873.85
1754517600,2025-08-06 22:00:00,82872.66,82913.19,82641.24,82652.77
1754521200,2025-08-06 23:00:00,82653.89,82774.4,82635.77,82675.22
1754524800,2025-08-07 00:00:00,82673.25,82837.91,82657.52,82720.81
1754528400,2025-08-07 01:00:00,82721.25,82907.16,82703.92,82786.24
1754532000,2025-08-07 02:00:00,82785.79,82803.23,82642.53,82769.8
1754535600,2025-08-07 03:00:00,82771.41,82880.59,82731.82,82850.66
1754539200,2025-08-07 04:00:00,82848.31,82893.44,82741.2,82822.95
1754542800,2025-08-07 05:00:00,82823.59,83062.3,82809.62,82981.58
1754546400,2025-08-07 06:00:00,82983.53,83057.38,82937.53,82988.35
1754550000,2025-08-07 07:00:00,82991.9,83136.84,82980.87,83107.89
1754553600,2025-08-07 08:00:00,83106.08,83174.86,83045.73,83121.53
1754557200,2025-08-07 09:00:00,83121.42,83199.86,83091.08,83174.75
1754560800,2025-08-07 10:00:00,83177.46,83314.99,83089.57,83296.89
1754564400,2025-08-07 11:00:00,83298.86,83313.18,83211.72,83311.18
1754568000,2025-08-07 12:00:00,83310.44,83453.65,83175.38,83254.75
1754571600,2025-08-07 13:00:00,83256.41,83342.16,83186.35,83292.82
1754575200,2025-08-07 14:00:00,83292.14,83296.18,83077.51,83104.57
1754578800,2025-08-07 15:00:00,83104.35,83251.15,83097.08,83242.68
1754582400,2025-08-07 16:00:00,83241.34,83375.38,83222.96,83352.42
1754586000,2025-08-07 17:00:00,83353.05,83362.15,83192.26,83230
1754589600,2025-08-07 18:00:00,83229.7,83347.19,83213.25,83291.59
1754593200,2025-08-07 19:00:00,83290.91,83429.1,83244.67,83396.6
1754596800,2025-08-07 20:00:00,83396.26,83437.46,83291.14,83337.5
1754600400,2025-08-07 21:00:00,83336.69,83458.84,83303.44,83447.23
1754604000,2025-08-07 22:00:00,83446.82,83478.25,83341.35,83399.28
1754607600,2025-08-07 23:00:00,83401.54,83452.84,83352.25,83363.73
1754611200,2025-08-08 00:00:00,83362.87,83542.22,83341.92,83500.1
1754614800,2025-08-08 01:00:00,83500.26,83713.59,83494,83712.12
1754618400,2025-08-08 02:00:00,83712.04,83765.65,83640.8,83662.39
1754622000,2025-08-08 03:00:00,83663.02,83688.99,83558.59,83666.06
1754625600,2025-08-08 04:00:00,83667.82,83797.38,83661.52,83789.1
1754629200,2025-08-08 05:00:00,83788.47,83865.57,83771.45,83809.17
1754632800,2025-08-08 06:00:00,83808.85,83846.88,83693.92,83698.36
1754636400,2025-08-08 07:00:00,83699.58,83839.66,83687.31,83827.23
1754640000,2025-08-08 08:00:00,83827.62,84034.15,83783.23,83966.22
1754643600,2025-08-08 09:00:00,83965.56,84011.31,83884.94,83905.63
1754647200,2025-08-08 10:00:00,83904.25,83995.6,83877.72,83935.52
1754650800,2025-08-08 11:00:00,83935.81,83955.14,83826.93,83894.94
1754654400,2025-08-08 12:00:00,83897.69,83901.7,83757.18,83793
1754658000,2025-08-08 13:00:00,83790.7,84000.99,83756.97,84000.99
1754661600,2025-08-08 14:00:00,84002.05,84003.1,83833.53,83880.09
1754665200,2025-08-08 15:00:00,83875.97,83941.39,83735.09,83741.46
1754668800,2025-08-08 16:00:00,83742.52,83782.06,83657.35,83732.11
1754672400,2025-08-08 17:00:00,83729.8,83851.55,83728.64,83780.46
1754676000,2025-08-08 18:00:00,83781.71,83848.89,83697.76,83733.01
1754679600,2025-08-08 19:00:00,83733.02,83809.09,83685.44,83757.92
1754683200,2025-08-08 20:00:00,83757.61,83983.23,83715.96,83929.82
1754686800,2025-08-08 21:00:00,83930.18,83993.62,83897.9,83908.45
1754690400,2025-08-08 22:00:00,83909.1,83913.79,83675.04,83709.06
1754694000,2025-08-08 23:00:00,83709.46,83755.57,83616.46,83739.55
1754697600,2025-08-09 00:00:00,83736.73,83906.41,83703.52,83878.09
1754701200,2025-08-09 01:00:00,83877.9,84038.16,83876.18,83878.58
1754704800,2025-08-09 02:00:00,83876.13,83947.18,83783.57,83862.98
1754708400,2025-08-09 03:00:00,83860.16,83994.86,83824.71,83931.39
1754712000,2025-08-09 04:00:00,83932.19,84011.96,83871.92,83874.85
1754715600,2025-08-09 05:00:00,83872.01,83912.58,83790.06,83807.21
1754719200,2025-08-09 06:00:00,83807.24,83888.75,83710.38,83829.71
1754722800,2025-08-09 07:00:00,83830.09,84081.86,83828.19,84057.16
1754726400,2025-08-09 08:00:00,84059.05,84201.17,84047.71,84176.04
1754730000,2025-08-09 09:00:00,84175.79,84184.8,83952.28,83967.55
1754733600,2025-08-09 10:00:00,83966.68,83979.83,83743.41,83748.31
1754737200,2025-08-09 11:00:00,83746.99,83881.92,83733.27,83774.47
1754740800,2025-08-09 12:00:00,83773.31,83803.73,83696.16,83761.29
1754744400,2025-08-09 13:00:00,83760.57,83875.47,83711.18,83846.45
1754748000,2025-08-09 14:00:00,83845.37,83900.25,83590.42,83627.19
1754751600,2025-08-09 15:00:00,83628.92,84024.35,83611.39,84010.87
1754755200,2025-08-09 16:00:00,84013.84,84019.05,83847.56,83849.73
1754758800,2025-08-09 17:00:00,83852.24,83884.77,83636.86,83645.53
1754762400,2025-08-09 18:00:00,83645.56,83780.19,83618.42,83706.14
1754766000,2025-08-09 19:00:00,83707.53,83771.35,83668.98,83691.61
1754769600,2025-08-09 20:00:00,83690.66,83691.46,83537.33,83617.17
1754773200,2025-08-09 21:00:00,83618.49,83649.13,83535.11,83580.2
1754776800,2025-08-09 22:00:00,83579.59,83770.93,83539.57,83757.27
1754780400,2025-08-09 23:00:00,83757.14,83843.99,83727.23,83751.75
1754784000,2025-08-10 00:00:00,83752.25,83865.36,83736.49,83797.77
1754787600,2025-08-10 01:00:00,83797.04,83886.18,83591.89,83672.6
1754791200,2025-08-10 02:00:00,83673.33,83803.01,83644.92,83795.7
1754794800,2025-08-10 03:00:00,83795.58,83970.17,83773.45,83966.56
1754798400,2025-08-10 04:00:00,83966.67,84093.19,83928.88,83980.43
1754802000,2025-08-10 05:00:00,83979.32,83984.48,83805.07,83810.25
1754805600,2025-08-10 06:00:00,83810.71,83933.73,83770.73,83921.89
1754809200,2025-08-10 07:00:00,83923.01,83930.92,83700.42,83775.69
1754812800,2025-08-10 08:00:00,83773.69,83784.5,83596.69,83756.93
1754816400,2025-08-10 09:00:00,83757.02,83918.22,83704.92,83867.93
1754820000,2025-08-10 10:00:00,83869.38,83881.06,83724.28,83769.15
1754823600,2025-08-10 11:00:00,83770.91,83857.75,83685.93,83689.81
1754827200,2025-08-10 12:00:00,83688.94,83892.26,83587.05,83773.74
1754830800,2025-08-10 13:00:00,83776.44,83852.81,83717.58,83755.1
1754834400,2025-08-10 14:00:00,83755.4,83911.16,83731.87,83802.03
1754838000,2025-08-10 15:00:00,83803.99,83913.77,83797.11,83875.77
1754841600,2025-08-10 16:00:00,83875.14,83985.05,83874.45,83929.83
1754845200,2025-08-10 17:00:00,83929.7,84167.39,83917.87,84140.93
1754848800,2025-08-10 18:00:00,84140.7,84172.29,84017.63,84115.6
1754852400,2025-08-10 19:00:00,84114.28,84339.56,84093.73,84270.63
1754856000,2025-08-10 20:00:00,84271.34,84279.78,83987.47,83997.01
1754859600,2025-08-10 21:00:00,83998.46,84138.04,83937.21,83942.66
1754863200,2025-08-10 22:00:00,83940.9,84081.97,83897.1,83898.36
1754866800,2025-08-10 23:00:00,83898.54,84043.94,83896.32,83928.89
1754870400,2025-08-11 00:00:00,83928.78,83982.21,83795.12,83800.26
1754874000,2025-08-11 01:00:00,83800.64,83910.06,83728.38,83740.05
1754877600,2025-08-11 02:00:00,83740.8,83783.25,83486.68,83518.02
1754881200,2025-08-11 03:00:00,83517.88,83652.57,83507.55,83623.64
1754884800,2025-08-11 04:00:00,83623.29,83628.17,83499.49,83503.21
1754888400,2025-08-11 05:00:00,83501.91,83502.86,83301.42,83389.9
1754892000,2025-08-11 06:00:00,83391.1,83527.19,83343.22,83512.26
1754895600,2025-08-11 07:00:00,83513.45,83586.23,83502.4,83551.21
1754899200,2025-08-11 08:00:00,83550.79,83637.13,83495.24,83597.11
1754902800,2025-08-11 09:00:00,83595.34,83622.11,83440.32,83544.98
1754906400,2025-08-11 10:00:00,83545.22,83602.24,83499.69,83563.13
1754910000,2025-08-11 11:00:00,83565.08,83649.87,83554.7,83604.46
1754913600,2025-08-11 12:00:00,83604.29,83646.82,83381.57,83469.59
1754917200,2025-08-11 13:00:00,83471.57,83767.72,83468.11,83718.03
1754920800,2025-08-11 14:00:00,83716.12,83848.95,83679.31,83822.28
1754924400,2025-08-11 15:00:00,83822.1,83857.74,83628.28,83674.2
1754928000,2025-08-11 16:00:00,83672,83735.9,83630.94,83654.6
1754931600,2025-08-11 17:00:00,83654.43,83664.71,83499.41,83628.49
1754935200,2025-08-11 18:00:00,83629,83770.39,83565.56,83668.68
1754938800,2025-08-11 19:00:00,83670.73,83677.55,83496.86,83590.5
1754942400,2025-08-11 20:00:00,83592.37,83729.72,83589.58,83661.57
1754946000,2025-08-11 21:00:00,83658.67,83876.01,83635.94,83874.15
1754949600,2025-08-11 22:00:00,83875.66,84066.3,83858.12,84024.86
1754953200,2025-08-11 23:00:00,84022.25,84084.61,83963.13,83993.14
1754956800,2025-08-12 00:00:00,83993.45,84060.91,83890,84028.02
1754960400,2025-08-12 01:00:00,84028.46,84193.03,83983.79,84140.92
1754964000,2025-08-12 02:00:00,84138.83,84192.69,83927.77,84061.23
1754967600,2025-08-12 03:00:00,84063.26,84269.32,83993.59,84246.94
1754971200,2025-08-12 04:00:00,84248.79,84359.04,84209.9,84256.02
1754974800,2025-08-12 05:00:00,84256.97,84466.84,84222.79,84438.48
1754978400,2025-08-12 06:00:00,84438.54,84509.46,84383.77,84454.6
1754982000,2025-08-12 07:00:00,84453.05,84455.22,84324.85,84391.93
1754985600,2025-08-12 08:00:00,84389.65,84555.54,84381.9,84481.43
1754989200,2025-08-12 09:00:00,84481.61,84622.24,84474.01,84616.14
1754992800,2025-08-12 10:00:00,84612.66,84665.69,84570.45,84630.92
1754996400,2025-08-12 11:00:00,84631.41,84662.47,84535.96,84540.5
1755000000,2025-08-12 12:00:00,84541.29,84582.28,84439.11,84500.68
1755003600,2025-08-12 13:00:00,84499.58,84568.58,84448.58,84490.7
1755007200,2025-08-12 14:00:00,84492.16,84585.23,84458.41,84574.67
1755010800,2025-08-12 15:00:00,84573.48,84619.32,84456.08,84464.18
1755014400,2025-08-12 16:00:00,84466.53,84551.15,84354.56,84534.96
1755018000,2025-08-12 17:00:00,84536.95,84549.53,84268.87,84353.17
1755021600,2025-08-12 18:00:00,84355.86,84443.91,84312.34,84361.32
1755025200,2025-08-12 19:00:00,84360.91,84420.85,84203.74,84203.74
1755028800,2025-08-12 20:00:00,84201.53,84304.44,84195.55,84202.21
1755032400,2025-08-12 21:00:00,84201.8,84373.61,84201.8,84342.66
1755036000,2025-08-12 22:00:00,84342.71,84393.49,84168.59,84208.72
1755039600,2025-08-12 23:00:00,84209.04,84360.3,84202.01,84279.48
1755043200,2025-08-13 00:00:00,84282.77,84341.86,84177.8,84195.34
1755046800,2025-08-13 01:00:00,84196.87,84240.66,84104.07,84158.59
1755050400,2025-08-13 02:00:00,84159,84258.95,84014.61,84108.28
1755054000,2025-08-13 03:00:00,84110.2,84301.95,84091.99,84242.33
1755057600,2025-08-13 04:00:00,84240.61,84269.43,84037.23,84070.9
1755061200,2025-08-13 05:00:00,84071.89,84082.72,83940.77,83954.32
1755064800,2025-08-13 06:00:00,83954.46,84058.8,83947.1,84010.1
1755068400,2025-08-13 07:00:00,84012.67,84131.15,83961.42,84046.29
1755072000,2025-08-13 08:00:00,84046.46,84084.81,83952.33,83962.78
1755075600,2025-08-13 09:00:00,83963.82,84096.01,83879.02,84026.55
1755079200,2025-08-13 10:00:00,84025.91,84221.06,84016.94,84204.45
1755082800,2025-08-13 11:00:00,84202.67,84469.97,84139.17,84458.74
1755086400,2025-08-13 12:00:00,84458.3,84474.73,84218.95,84224.83
1755090000,2025-08-13 13:00:00,84223.62,84259.7,84081.12,84194.06
1755093600,2025-08-13 14:00:00,84191.78,84347.37,84153.31,84329.2
1755097200,2025-08-13 15:00:00,84330.41,84331.52,84103.14,84152.2
1755100800,2025-08-13 16:00:00,84150.67,84323.8,84148.88,84230.47
1755104400,2025-08-13 17:00:00,84229.21,84337.74,84151.51,84334.97
1755108000,2025-08-13 18:00:00,84334.71,84372.62,84266.58,84325.85
1755111600,2025-08-13 19:00:00,84326.89,84365.74,84208.91,84364.98
1755115200,2025-08-13 20:00:00,84363.6,84473.13,84335.54,84470.12
1755118800,2025-08-13 21:00:00,84471.27,84494.91,84299.08,84339.66
1755122400,2025-08-13 22:00:00,84341,84387.66,84228.86,84237.24
1755126000,2025-08-13 23:00:00,84236.26,84245.2,84018.47,84022.14
1755129600,2025-08-14 00:00:00,84025.73,84137.73,83956.96,84114.32
1755133200,2025-08-14 01:00:00,84113.09,84199.62,83868.23,83916.11
1755136800,2025-08-14 02:00:00,83917.46,84102.41,83903.82,84042.59
1755140400,2025-08-14 03:00:00,84042.22,84047.32,83878.04,83987.94
1755144000,2025-08-14 04:00:00,83986.25,83986.25,83744.69,83886.71
1755147600,2025-08-14 05:00:00,83886.87,83976.87,83831.7,83861.97
1755151200,2025-08-14 06:00:00,83863.81,83968.33,83750.52,83778.58
1755154800,2025-08-14 07:00:00,83777.92,83905.65,83707.95,83752.3
1755158400,2025-08-14 08:00:00,83748.71,83852.53,83715.52,83794.1
1755162000,2025-08-14 09:00:00,83791.24,83849.38,83723.67,83787.92
1755165600,2025-08-14 10:00:00,83788.01,83846.49,83720.32,83742.98
1755169200,2025-08-14 11:00:00,83740.9,83925.11,83724.56,83923.89
1755172800,2025-08-14 12:00:00,83924.3,84162.38,83924.3,84121.27
1755176400,2025-08-14 13:00:00,84121.98,84133.74,84036.36,84086.34
1755180000,2025-08-14 14:00:00,84086.55,84107.31,83968.27,84016.53
1755183600,2025-08-14 15:00:00,84018.13,84018.39,83735.33,83758.95
1755187200,2025-08-14 16:00:00,83758.73,83793.13,83624.26,83755.59
1755190800,2025-08-14 17:00:00,83756.25,83804.66,83643.57,83712.09
1755194400,2025-08-14 18:00:00,83714.28,83906.21,83648.02,83884.65
1755198000,2025-08-14 19:00:00,83886.25,83894.3,83728.91,83828.5
1755201600,2025-08-14 20:00:00,83827.44,83845.04,83599.27,83706.73
1755205200,2025-08-14 21:00:00,83705.12,83759.28,83641.21,83709.07
1755208800,2025-08-14 22:00:00,83709.12,83766.45,83663.98,83676.87
1755212400,2025-08-14 23:00:00,83675.91,83773.73,83653.45,83684
1755216000,2025-08-15 00:00:00,83685.08,83875.44,83642.39,83866.09
1755219600,2025-08-15 01:00:00,83866.86,84009.14,83852.5,83942.23
1755223200,2025-08-15 02:00:00,83941.86,83959.42,83783.67,83850.15
1755226800,2025-08-15 03:00:00,83850.45,83869.16,83746.88,83837.97
1755230400,2025-08-15 04:00:00,83838.33,83923.66,83714.04,83722.66
1755234000,2025-08-15 05:00:00,83722.17,83861.54,83712.36,83789.22
1755237600,2025-08-15 06:00:00,83793.28,83797.89,83639.51,83643.49
1755241200,2025-08-15 07:00:00,83644.17,83721.21,83540.67,83547.84
1755244800,2025-08-15 08:00:00,83546.82,83549.21,83443.2,83455.62
1755248400,2025-08-15 09:00:00,83455.22,83749.1,83444.42,83733.32
1755252000,2025-08-15 10:00:00,83735.57,83875.97,83718,83866.75
1755255600,2025-08-15 11:00:00,83868.01,83908.04,83759.22,83794.55
1755259200,2025-08-15 12:00:00,83794.35,83877.12,83711.4,83856.4
1755262800,2025-08-15 13:00:00,83854.83,83907.27,83722.38,83741.17
1755266400,2025-08-15 14:00:00,83742.2,83815.28,83705.41,83708.22
1755270000,2025-08-15 15:00:00,83708.26,83866.9,83694.34,83814.12
1755273600,2025-08-15 16:00:00,83815.03,83992.9,83782.38,83974.92
1755277200,2025-08-15 17:00:00,83975.54,84085.97,83921.98,84056.98
1755280800,2025-08-15 18:00:00,84056.22,84125.83,84004.73,84105.2
1755284400,2025-08-15 19:00:00,84105.12,84167.54,83997.51,84129.83
1755288000,2025-08-15 20:00:00,84130.12,84230.34,84022.24,84160.65
1755291600,2025-08-15 21:00:00,84160.63,84190.98,84113.69,84166.47
1755295200,2025-08-15 22:00:00,84165.14,84168.57,84004.82,84008.09
1755298800,2025-08-15 23:00:00,84009.06,84083.58,83938.14,83995.98
1755302400,2025-08-16 00:00:00,83996.26,84034.8,83825.1,83856.98
1755306000,2025-08-16 01:00:00,83854.94,83865.31,83633.7,83720.42
1755309600,2025-08-16 02:00:00,83721.13,83800.34,83606.8,83631.84
1755313200,2025-08-16 03:00:00,83631.02,83777.32,83631.02,83724.6
1755316800,2025-08-16 04:00:00,83727.52,83764.26,83539.59,83565.02
1755320400,2025-08-16 05:00:00,83564.18,83585.78,83472.08,83475.15
1755324000,2025-08-16 06:00:00,83472.2,83604.8,83461.32,83568
1755327600,2025-08-16 07:00:00,83567.13,83630.44,83528.49,83619.19
1755331200,2025-08-16 08:00:00,83617.11,83821.68,83605.12,83697.98
1755334800,2025-08-16 09:00:00,83697.71,83697.71,83631.09,83648.82
1755338400,2025-08-16 10:00:00,83648.23,83726.45,83602.11,83726.45
1755342000,2025-08-16 11:00:00,83726.26,83857.01,83698.33,83852.48
1755345600,2025-08-16 12:00:00,83853.34,84018.3,83823.02,83901.11
1755349200,2025-08-16 13:00:00,83898.72,83899.95,83779.72,83892.88
1755352800,2025-08-16 14:00:00,83892.39,84031.55,83818.48,83996.43
1755356400,2025-08-16 15:00:00,83996.91,84063.93,83910.9,84037.44
1755360000,2025-08-16 16:00:00,84038.65,84147.06,83964.84,84091.32
1755363600,2025-08-16 17:00:00,84090.73,84375.32,84061.45,84353.07
1755367200,2025-08-16 18:00:00,84354.4,84361.17,84178.19,84240.74
1755370800,2025-08-16 19:00:00,84238.74,84627.52,84223.41,84592.72
1755374400,2025-08-16 20:00:00,84593.65,84637.57,84502.85,84614.79
1755378000,2025-08-16 21:00:00,84614.32,84782.55,84611.53,84779.63
1755381600,2025-08-16 22:00:00,84780.32,85142.56,84713.63,85109.33
1755385200,2025-08-16 23:00:00,85110.14,85287.83,85090.63,85199
1755388800,2025-08-17 00:00:00,85197.32,85254.46,85110.8,85115.48
1755392400,2025-08-17 01:00:00,85116.9,85149.14,84900.71,84920.02
1755396000,2025-08-17 02:00:00,84920.57,85210.26,84909.34,85188.01
1755399600,2025-08-17 03:00:00,85186.77,85276.48,85123.36,85254.75
1755403200,2025-08-17 04:00:00,85254.53,85337.8,85137.38,85142.5
1755406800,2025-08-17 05:00:00,85142.16,85236.39,85033.08,85178.25
1755410400,2025-08-17 06:00:00,85177.04,85228.28,84986.29,85187.41
1755414000,2025-08-17 07:00:00,85187.71,85306.91,85149.43,85225.69
1755417600,2025-08-17 08:00:00,85226,85268.48,85059.71,85095.52
1755421200,2025-08-17 09:00:00,85095.33,85347,85094.96,85345.14
1755424800,2025-08-17 10:00:00,85347.34,85424.91,85213.73,85405.58
1755428400,2025-08-17 11:00:00,85406.54,85440.58,85180.83,85295.07
1755432000,2025-08-17 12:00:00,85295.91,85452.22,85213.41,85426.85
1755435600,2025-08-17 13:00:00,85429.13,85475.4,85318.77,85373.07
1755439200,2025-08-17 14:00:00,85375.07,85433.19,85341,85392.89
1755442800,2025-08-17 15:00:00,85393.23,85393.84,85219.69,85245.72
1755446400,2025-08-17 16:00:00,85247.49,85286.22,85046.46,85052.02
1755450000,2025-08-17 17:00:00,85050.32,85248.76,85048.41,85234.92
1755453600,2025-08-17 18:00:00,85236.68,85305.02,85162.41,85301.48
1755457200,2025-08-17 19:00:00,85299.27,85306.01,85053.84,85091.62
1755460800,2025-08-17 20:00:00,85092.48,85244.94,85072.74,85129.96
1755464400,2025-08-17 21:00:00,85130.05,85191.87,85118.78,85166.1
1755468000,2025-08-17 22:00:00,85165.62,85198.57,84877.11,84942.61
1755471600,2025-08-17 23:00:00,84942.84,85080.98,84884.95,84912.37
1755475200,2025-08-18 00:00:00,84912.07,84914.92,84666.51,84744.45
1755478800,2025-08-18 01:00:00,84746.8,84782.39,84516.96,84648.92
1755482400,2025-08-18 02:00:00,84650.58,84760.55,84623.55,84716.78
1755486000,2025-08-18 03:00:00,84715.75,84746.21,84602.89,84667.78
1755489600,2025-08-18 04:00:00,84667.22,84714.55,84570.5,84680.78
1755493200,2025-08-18 05:00:00,84677.65,84701.37,84486.03,84494.69
1755496800,2025-08-18 06:00:00,84494.38,84497.95,84219.99,84272.8
1755500400,2025-08-18 07:00:00,84270.95,84450.48,84265.92,84386.44
1755504000,2025-08-18 08:00:00,84385.65,84396.57,84239.63,84301.35
1755507600,2025-08-18 09:00:00,84302.41,84370.59,84151.4,84369.79
1755511200,2025-08-18 10:00:00,84368.93,84450.67,84317.83,84318.89
1755514800,2025-08-18 11:00:00,84319.89,84335.54,84130.36,84257.49
1755518400,2025-08-18 12:00:00,84256.25,84430.97,84228.25,84394.4
1755522000,2025-08-18 13:00:00,84397.63,84497.28,84261.16,84334.91
1755525600,2025-08-18 14:00:00,84332.13,84576.43,84313.14,84535.71
1755529200,2025-08-18 15:00:00,84535.05,84683.6,84500.26,84523.12
1755532800,2025-08-18 16:00:00,84524.61,84609.66,84463.68,84519.86
1755536400,2025-08-18 17:00:00,84519.16,84713.45,84492.32,84683.87
1755540000,2025-08-18 18:00:00,84683.67,84698.6,84489.24,84489.24
1755543600,2025-08-18 19:00:00,84488.89,84575.51,84422.18,84551.28
1755547200,2025-08-18 20:00:00,84551.54,84582.18,84434.22,84506.54
1755550800,2025-08-18 21:00:00,84506.5,84625.93,84481.31,84558.32
1755554400,2025-08-18 22:00:00,84556.19,84608.98,84438.03,84472.24
1755558000,2025-08-18 23:00:00,84470.57,84640.83,84456.17,84459.48
1755561600,2025-08-19 00:00:00,84461.76,84463.93,84333.6,84354.79
1755565200,2025-08-19 01:00:00,84356.16,84356.16,84190.44,84296.61
1755568800,2025-08-19 02:00:00,84297.78,84329.24,84206.24,84287.58
1755572400,2025-08-19 03:00:00,84286.58,84397.25,84208.94,84328.73
1755576000,2025-08-19 04:00:00,84328.12,84350.82,84203.68,84231.71
1755579600,2025-08-19 05:00:00,84232.56,84330.52,84181.24,84198.58
1755583200,2025-08-19 06:00:00,84196.37,84266.93,84030.47,84111.38
1755586800,2025-08-19 07:00:00,84111.14,84124.35,83834.48,83987.37
1755590400,2025-08-19 08:00:00,83990.02,84062.89,83929.7,84058.57
1755594000,2025-08-19 09:00:00,84058.23,84150.75,83981.23,84099.52
1755597600,2025-08-19 10:00:00,84098.61,84105.94,83902.13,83919.63
1755601200,2025-08-19 11:00:00,83916.83,84112.08,83893.62,84085.35
1755604800,2025-08-19 12:00:00,84086.63,84177.77,83984.32,84065.97
1755608400,2025-08-19 13:00:00,84065.97,84145.33,83949.25,83972.75
1755612000,2025-08-19 14:00:00,83971,84015.61,83876.76,83897.92
1755615600,2025-08-19 15:00:00,83900.47,84050.43,83850.42,84032.65
1755619200,2025-08-19 16:00:00,84033.44,84096.84,84001.64,84034.59
1755622800,2025-08-19 17:00:00,84032.06,84177.43,84021.18,84081.16
1755626400,2025-08-19 18:00:00,84078.66,84079.82,83913.42,83926.36
1755630000,2025-08-19 19:00:00,83926.13,84006.01,83851.06,83851.06
1755633600,2025-08-19 20:00:00,83851.95,84221.21,83847.35,84198.98
1755637200,2025-08-19 21:00:00,84198.65,84248.85,84124.41,84204.9
1755640800,2025-08-19 22:00:00,84202.59,84241.92,84129.23,84235.28
1755644400,2025-08-19 23:00:00,84234.63,84340.17,84151.24,84328.18
1755648000,2025-08-20 00:00:00,84327.38,84505.53,84318.14,84484.09
1755651600,2025-08-20 01:00:00,84483.81,84676.24,84416.18,84637.52
1755655200,2025-08-20 02:00:00,84636.33,84714.21,84570.52,84601
1755658800,2025-08-20 03:00:00,84602.45,84737.58,84584.19,84657.91
1755662400,2025-08-20 04:00:00,84659,84716.79,84596.38,84664.66
1755666000,2025-08-20 05:00:00,84665.25,85091.79,84658.83,85064.83
1755669600,2025-08-20 06:00:00,85065.65,85069.62,84860.11,84873.86
1755673200,2025-08-20 07:00:00,84874.92,84914.5,84676.75,84704.27
1755676800,2025-08-20 08:00:00,84704.79,84743.54,84560.13,84599.61
1755680400,2025-08-20 09:00:00,84598.83,84661.56,84383.96,84457.28
1755684000,2025-08-20 10:00:00,84457.9,84563.76,84397.22,84553.88
1755687600,2025-08-20 11:00:00,84553.31,84565.18,84499.73,84529.15
1755691200,2025-08-20 12:00:00,84529.33,84553.2,84390.89,84438.13
1755694800,2025-08-20 13:00:00,84437.54,84451.16,84267.05,84329.42
1755698400,2025-08-20 14:00:00,84329.46,84350.21,84165.71,84181.57
1755702000,2025-08-20 15:00:00,84183.29,84393.93,84138.5,84354.27
1755705600,2025-08-20 16:00:00,84353.43,84498.79,84328.57,84456.9
1755709200,2025-08-20 17:00:00,84454.96,84475.69,84364.67,84423.85
1755712800,2025-08-20 18:00:00,84424.76,84529.75,84391.05,84501.63
1755716400,2025-08-20 19:00:00,84502.85,84699.67,84491.58,84568.61
1755720000,2025-08-20 20:00:00,84568.34,84626.23,84515.49,84612.68
1755723600,2025-08-20 21:00:00,84616.04,84653.56,84551.89,84646.32
1755727200,2025-08-20 22:00:00,84646.68,84669.7,84531.46,84545.74
1755730800,2025-08-20 23:00:00,84544.93,84696.84,84544.16,84664.82
1755734400,2025-08-21 00:00:00,84666.22,84910.55,84650.68,84869.68
1755738000,2025-08-21 01:00:00,84870.56,84931.06,84792.97,84895.59
1755741600,2025-08-21 02:00:00,84894.47,85189.94,84881.4,85176.15
1755745200,2025-08-21 03:00:00,85170.93,85180,85090.35,85155.77
1755748800,2025-08-21 04:00:00,85153.96,85237.48,85088.41,85183.49
1755752400,2025-08-21 05:00:00,85185.14,85292.04,85123.58,85256.96
1755756000,2025-08-21 06:00:00,85260,85265.69,84973.26,85027.34
1755759600,2025-08-21 07:00:00,85026.73,85157.75,84958,85090.53
1755763200,2025-08-21 08:00:00,85089.7,85146.44,84968.9,85008.57
1755766800,2025-08-21 09:00:00,85004.53,85256.68,85004.53,85240.58
1755770400,2025-08-21 10:00:00,85238.43,85293.36,85207.33,85233.99
1755774000,2025-08-21 11:00:00,85234.86,85445.4,85209.96,85445.08
1755777600,2025-08-21 12:00:00,85445.58,85583.18,85388.36,85511.44
1755781200,2025-08-21 13:00:00,85508.98,85624.83,85433.81,85561.56
1755784800,2025-08-21 14:00:00,85563.59,85661.45,85513.3,85526.4
1755788400,2025-08-21 15:00:00,85526.19,85566.1,85332.92,85342.11
1755792000,2025-08-21 16:00:00,85342.43,85417.71,85286.2,85310.79
1755795600,2025-08-21 17:00:00,85311.64,85388.61,85244.42,85288.07
1755799200,2025-08-21 18:00:00,85288.4,85380.67,85237.97,85273.12
1755802800,2025-08-21 19:00:00,85273.68,85290.39,84954.7,84979.84
1755806400,2025-08-21 20:00:00,84979.6,85080.04,84934.84,84962.32
1755810000,2025-08-21 21:00:00,84962.19,84977.97,84875.71,84895.61
1755813600,2025-08-21 22:00:00,84895.94,84909.91,84698.25,84720.96
1755817200,2025-08-21 23:00:00,84720.41,84721.43,84564.75,84601.29
1755820800,2025-08-22 00:00:00,84601.1,84775.07,84568.21,84768.95
1755824400,2025-08-22 01:00:00,84768.51,84963.55,84722.55,84920.26
1755828000,2025-08-22 02:00:00,84922.64,85101.86,84893,85066.06
1755831600,2025-08-22 03:00:00,85064.89,85156.3,84979.64,85015.41
1755835200,2025-08-22 04:00:00,85016.34,85163.94,84968.49,85161.3
1755838800,2025-08-22 05:00:00,85156.55,85199.75,85055.31,85147.22
1755842400,2025-08-22 06:00:00,85144.82,85229.88,85071.47,85194.99
1755846000,2025-08-22 07:00:00,85193.84,85257.54,85142.16,85228.24
1755849600,2025-08-22 08:00:00,85230.26,85379.08,85207.53,85353.79
1755853200,2025-08-22 09:00:00,85354.69,85413.16,85296.8,85344.71
1755856800,2025-08-22 10:00:00,85345.15,85532.86,85339.72,85467.9
1755860400,2025-08-22 11:00:00,85468.36,85695.91,85463.35,85603.15
1755864000,2025-08-22 12:00:00,85602.9,85671.69,85559.91,85575.62
1755867600,2025-08-22 13:00:00,85574.66,85743.94,85563.59,85739.25
1755871200,2025-08-22 14:00:00,85736.54,85823.72,85704.14,85786.62
1755874800,2025-08-22 15:00:00,85789.38,85810.74,85712.69,85716.91
1755878400,2025-08-22 16:00:00,85719.12,85825.4,85680.39,85798.96
1755882000,2025-08-22 17:00:00,85797.35,85866.04,85737.45,85854.59
1755885600,2025-08-22 18:00:00,85855.86,85860.77,85761.44,85860.77
1755889200,2025-08-22 19:00:00,85860.73,85962.58,85853.54,85873.1
1755892800,2025-08-22 20:00:00,85872.77,85924.96,85797.38,85809.12
1755896400,2025-08-22 21:00:00,85809.19,85875.96,85756.06,85855.08
1755900000,2025-08-22 22:00:00,85856.8,85861.81,85642.5,85644.19
1755903600,2025-08-22 23:00:00,85642.88,85694.61,85541.44,85655.65
1755907200,2025-08-23 00:00:00,85653.62,85767.49,85590.35,85755.08
1755910800,2025-08-23 01:00:00,85755.26,85994.92,85749.18,85939.46
1755914400,2025-08-23 02:00:00,85939.51,86049.12,85880.96,86043.05
1755918000,2025-08-23 03:00:00,86043.98,86179.65,86000.43,86029.57
1755921600,2025-08-23 04:00:00,86026.68,86196.84,85995.98,86103.03
1755925200,2025-08-23 05:00:00,86101.97,86315.43,86095.95,86153.18
1755928800,2025-08-23 06:00:00,86152.62,86205.32,86052.08,86197.73
1755932400,2025-08-23 07:00:00,86196.69,86335.26,86179.13,86317.33
1755936000,2025-08-23 08:00:00,86316.09,86456.37,86240.74,86446.94
1755939600,2025-08-23 09:00:00,86447.44,86477.24,86344.35,86413.93
1755943200,2025-08-23 10:00:00,86413.08,86530.71,86409.58,86459.48
1755946800,2025-08-23 11:00:00,86458.26,86531.82,86305.27,86334.89
1755950400,2025-08-23 12:00:00,86333.07,86347.22,86194.95,86278.12
1755954000,2025-08-23 13:00:00,86278.47,86346.74,86227.32,86278.79
1755957600,2025-08-23 14:00:00,86278.23,86337.11,86218.35,86229.15
1755961200,2025-08-23 15:00:00,86229.3,86231.33,85992.07,86032.79
1755964800,2025-08-23 16:00:00,86033.74,86033.74,85828.35,85831.26
1755968400,2025-08-23 17:00:00,85831.87,85846.06,85631.76,85683.09
1755972000,2025-08-23 18:00:00,85685.28,85758.16,85652.51,85729.8
1755975600,2025-08-23 19:00:00,85728.96,85887.24,85690.63,85880.57
1755979200,2025-08-23 20:00:00,85881.82,85998.9,85774.03,85774.61
1755982800,2025-08-23 21:00:00,85773.34,85969.52,85755.42,85916.29
1755986400,2025-08-23 22:00:00,85916.02,85979.28,85791.7,85811.1
1755990000,2025-08-23 23:00:00,85812.81,86183.86,85783.24,86183.55
1755993600,2025-08-24 00:00:00,86184.18,86377.12,86174.4,86360.96
1755997200,2025-08-24 01:00:00,86360.01,86400.71,86275.68,86326.94
1756000800,2025-08-24 02:00:00,86328.73,86335.42,86058.65,86089
1756004400,2025-08-24 03:00:00,86090.25,86133.7,85993.46,86003.62
1756008000,2025-08-24 04:00:00,86004.65,86045.03,85907.41,85924.13
1756011600,2025-08-24 05:00:00,85927.8,86034.11,85879.17,86031.45
1756015200,2025-08-24 06:00:00,86033.04,86156.58,85885.92,85921.54
1756018800,2025-08-24 07:00:00,85922.69,85939.22,85827.59,85844.34
1756022400,2025-08-24 08:00:00,85842.51,86035.65,85835.91,86015.69
1756026000,2025-08-24 09:00:00,86013.3,86214,85937.41,86165.95
1756029600,2025-08-24 10:00:00,86167.25,86298.16,86152.59,86251.06
1756033200,2025-08-24 11:00:00,86250.38,86280.29,86185.18,86279.96
1756036800,2025-08-24 12:00:00,86278.4,86306.69,86187.82,86273.28
1756040400,2025-08-24 13:00:00,86271.58,86521.93,86257.65,86521.34
1756044000,2025-08-24 14:00:00,86520.32,86755.39,86497.91,86670.84
1756047600,2025-08-24 15:00:00,86670.14,86815.2,86652.98,86719.55
1756051200,2025-08-24 16:00:00,86716.92,86764.25,86615.75,86716.87
1756054800,2025-08-24 17:00:00,86717.4,86722.57,86372.4,86412.56
1756058400,2025-08-24 18:00:00,86413.72,86529.73,86338.58,86495.35
1756062000,2025-08-24 19:00:00,86494.59,86721.44,86478.63,86711.2
1756065600,2025-08-24 20:00:00,86712.29,86800.29,86615.15,86648.33
1756069200,2025-08-24 21:00:00,86649.15,86730.47,86584.55,86648.84
1756072800,2025-08-24 22:00:00,86647.36,86666.57,86387.29,86398.94
1756076400,2025-08-24 23:00:00,86396,86518.23,86379.08,86476.86
1756080000,2025-08-25 00:00:00,86477.26,86599.6,86387.56,86597.92
1756083600,2025-08-25 01:00:00,86598.81,86772.37,86583.31,86772.37
1756087200,2025-08-25 02:00:00,86773.79,86812.42,86650.03,86725.41
1756090800,2025-08-25 03:00:00,86725.53,86769.38,86609.19,86720.67
1756094400,2025-08-25 04:00:00,86721.68,86800.6,86593.62,86769.2
1756098000,2025-08-25 05:00:00,86770.32,86909.43,86663.79,86679.82
1756101600,2025-08-25 06:00:00,86680.55,86732.08,86614.36,86729.26
1756105200,2025-08-25 07:00:00,86732.25,86763.13,86641.32,86715.57
1756108800,2025-08-25 08:00:00,86717.03,86952.76,86693.66,86927.24
1756112400,2025-08-25 09:00:00,86926.14,86986.44,86873.6,86967.02
1756116000,2025-08-25 10:00:00,86968.52,87064.92,86937.53,86937.69
1756119600,2025-08-25 11:00:00,86936.71,87150.68,86872.03,87071.37
1756123200,2025-08-25 12:00:00,87072.63,87086.96,86915.73,86919.21
1756126800,2025-08-25 13:00:00,86917.72,87000.12,86823.44,86856.73
1756130400,2025-08-25 14:00:00,86856.9,86957.68,86759.28,86812.35
1756134000,2025-08-25 15:00:00,86809.57,86993.05,86771.24,86883.52
1756137600,2025-08-25 16:00:00,86885.85,87020.58,86879.96,86880.54
1756141200,2025-08-25 17:00:00,86877.06,86967.53,86849.22,86888.54
1756144800,2025-08-25 18:00:00,86886.2,87127.15,86874.02,87116.33
1756148400,2025-08-25 19:00:00,87115.15,87222.91,87058.1,87174.49
1756152000,2025-08-25 20:00:00,87175.28,87216.47,87058.49,87082.84
1756155600,2025-08-25 21:00:00,87080.14,87090.02,86876.47,86907.24
1756159200,2025-08-25 22:00:00,86906.28,87072.95,86902.94,87070.82
1756162800,2025-08-25 23:00:00,87069.48,87113.62,86977,87101.52
1756166400,2025-08-26 00:00:00,87101.33,87176.52,86895.87,87020.07
1756170000,2025-08-26 01:00:00,87021.91,87250.36,87015.63,87160.56
1756173600,2025-08-26 02:00:00,87159.2,87244.01,87067,87228.3
1756177200,2025-08-26 03:00:00,87227.62,87411.33,87215.65,87390.81
1756180800,2025-08-26 04:00:00,87390.58,87441.84,87339.67,87383.36
1756184400,2025-08-26 05:00:00,87380.94,87393.16,87262.9,87350.55
1756188000,2025-08-26 06:00:00,87351.05,87641.57,87306.6,87588.95
1756191600,2025-08-26 07:00:00,87586.35,87805.61,87558.66,87647.12
1756195200,2025-08-26 08:00:00,87645,87682.29,87556.02,87591.73
1756198800,2025-08-26 09:00:00,87592.85,87660.2,87520.81,87654.25
1756202400,2025-08-26 10:00:00,87652.56,87756.46,87620.54,87708.43
1756206000,2025-08-26 11:00:00,87711.48,87776.25,87671.89,87760.89
1756209600,2025-08-26 12:00:00,87761.04,87859.69,87721.24,87796.74
1756213200,2025-08-26 13:00:00,87793.75,87962.92,87767.31,87945.91
1756216800,2025-08-26 14:00:00,87947.02,87953.07,87803.41,87945.91
1756220400,2025-08-26 15:00:00,87947.99,88185.8,87923.17,88182.7
1756224000,2025-08-26 16:00:00,88182.17,88237.56,88076.7,88227.05
1756227600,2025-08-26 17:00:00,88225.54,88339.93,88208.54,88266.01
1756231200,2025-08-26 18:00:00,88267.82,88426.54,88246.26,88405.48
1756234800,2025-08-26 19:00:00,88404.8,88420.52,88239.36,88245.72
1756238400,2025-08-26 20:00:00,88244.77,88300.13,88230.16,88260.07
1756242000,2025-08-26 21:00:00,88259.68,88548.12,88252.08,88525.1
1756245600,2025-08-26 22:00:00,88526.13,88526.67,88363.05,88402.4
1756249200,2025-08-26 23:00:00,88399.45,88511.21,88275.36,88311.84
1756252800,2025-08-27 00:00:00,88313.61,88347.94,88157.51,88202.62
1756256400,2025-08-27 01:00:00,88203.47,88241.26,88056.85,88101.1
1756260000,2025-08-27 02:00:00,88102.4,88337.76,88059.22,88295.54
1756263600,2025-08-27 03:00:00,88296.09,88335.54,88258.01,88292.96
1756267200,2025-08-27 04:00:00,88290.99,88431.1,88233.84,88428.96
1756270800,2025-08-27 05:00:00,88430.45,88565.44,88426.52,88542.4
1756274400,2025-08-27 06:00:00,88541.53,88608.57,88465.04,88571.89
1756278000,2025-08-27 07:00:00,88571.03,88572.1,88387.19,88431.76
1756281600,2025-08-27 08:00:00,88436.13,88575.84,88436.03,88508.7
1756285200,2025-08-27 09:00:00,88509.29,88530.3,88381.24,88438.27
1756288800,2025-08-27 10:00:00,88440.25,88488.39,88376.33,88440.32
1756292400,2025-08-27 11:00:00,88438.68,88630.32,88431.3,88550.55
1756296000,2025-08-27 12:00:00,88551.6,88620.06,88500.4,88615.38
1756299600,2025-08-27 13:00:00,88614.08,88621.86,88458.01,88552.99
1756303200,2025-08-27 14:00:00,88552.82,88627.62,88495.75,88584.74
1756306800,2025-08-27 15:00:00,88584.38,88718.37,88513.9,88684.99
1756310400,2025-08-27 16:00:00,88685.78,88862.65,88627.86,88803.62
1756314000,2025-08-27 17:00:00,88803.26,88803.26,88597.75,88617.01
1756317600,2025-08-27 18:00:00,88617.65,88661.35,88570.44,88651.6
1756321200,2025-08-27 19:00:00,88650.8,88671.66,88446.25,88661.25
1756324800,2025-08-27 20:00:00,88658.54,88710.16,88598.03,88707.57
1756328400,2025-08-27 21:00:00,88710.91,88797.2,88561.49,88605.05
1756332000,2025-08-27 22:00:00,88605.4,89033.2,88598.72,88963.1
1756335600,2025-08-27 23:00:00,88964.15,89166.77,88917.22,89109.47
1756339200,2025-08-28 00:00:00,89106.89,89188.91,89027.47,89073.04
1756342800,2025-08-28 01:00:00,89071.5,89082.5,88809.77,88825.15
1756346400,2025-08-28 02:00:00,88825.92,88898.39,88795.19,88803.28
1756350000,2025-08-28 03:00:00,88803.4,88826.37,88710.42,88761.51
1756353600,2025-08-28 04:00:00,88762.77,88942.91,88705.39,88855.58
1756357200,2025-08-28 05:00:00,88857.06,88876.98,88727.06,88855.2
1756360800,2025-08-28 06:00:00,88856.3,88930.4,88798.04,88840.74
1756364400,2025-08-28 07:00:00,88839,88857.05,88765.25,88799.43
1756368000,2025-08-28 08:00:00,88803.35,88863.8,88682.87,88736.42
1756371600,2025-08-28 09:00:00,88735.64,88789.15,88669.62,88771.07
1756375200,2025-08-28 10:00:00,88772.51,88853.88,88705.1,88830.1
1756378800,2025-08-28 11:00:00,88831.04,88968.15,88809.33,88898.88
1756382400,2025-08-28 12:00:00,88897.87,89193.56,88888.05,89193.56
1756386000,2025-08-28 13:00:00,89195.2,89208.4,89097.07,89106.41
1756389600,2025-08-28 14:00:00,89105.72,89114.26,89000.69,89044.45
1756393200,2025-08-28 15:00:00,89045.65,89073.35,88933.04,89000.3
1756396800,2025-08-28 16:00:00,89001.31,89120.3,88953.62,88979.29
1756400400,2025-08-28 17:00:00,88978.37,89135.82,88949.93,89039.09
1756404000,2025-08-28 18:00:00,89040.65,89046.65,88789.59,88909.94
1756407600,2025-08-28 19:00:00,88908.38,89036.36,88862.72,88894.96
1756411200,2025-08-28 20:00:00,88896.37,88896.37,88736.5,88737.36
1756414800,2025-08-28 21:00:00,88736.77,88833.21,88716.19,88769.28
1756418400,2025-08-28 22:00:00,88767.83,88836.83,88660.65,88760.04
1756422000,2025-08-28 23:00:00,88760.28,88807.82,88639.98,88691.24
1756425600,2025-08-29 00:00:00,88689.78,88690.64,88574.58,88604.89
1756429200,2025-08-29 01:00:00,88605.55,88725.29,88603.81,88651.4
1756432800,2025-08-29 02:00:00,88650.02,88774.14,88639.53,88685.25
1756436400,2025-08-29 03:00:00,88685.95,88711.26,88565.2,88565.2
1756440000,2025-08-29 04:00:00,88564.27,88564.37,88434.12,88525.44
1756443600,2025-08-29 05:00:00,88526.06,88601.1,88464.49,88586.5
1756447200,2025-08-29 06:00:00,88585.41,88778.6,88565.87,88766.72
1756450800,2025-08-29 07:00:00,88768.39,88827.11,88693.11,88728.98
1756454400,2025-08-29 08:00:00,88728.63,88873.23,88704.18,88837.28
1756458000,2025-08-29 09:00:00,88835.98,88910.14,88761.52,88763.37
1756461600,2025-08-29 10:00:00,88764.07,88889.89,88725.62,88742.08
1756465200,2025-08-29 11:00:00,88740.97,88743.22,88503.56,88557.73
1756468800,2025-08-29 12:00:00,88558.76,88743.66,88538.46,88712.37
1756472400,2025-08-29 13:00:00,88710.1,88748.97,88513.19,88607.07
1756476000,2025-08-29 14:00:00,88605.49,88730.71,88564.85,88638.94
1756479600,2025-08-29 15:00:00,88638.75,88670.64,88544.07,88576.07
1756483200,2025-08-29 16:00:00,88575.12,88757.75,88523.17,88722.47
1756486800,2025-08-29 17:00:00,88721.23,88791.2,88516.03,88697.85
1756490400,2025-08-29 18:00:00,88698.2,88836.71,88672.6,88812.53
1756494000,2025-08-29 19:00:00,88812.29,88879.09,88683.37,88852.78
1756497600,2025-08-29 20:00:00,88851.88,88891.21,88757.68,88852.64
1756501200,2025-08-29 21:00:00,88852.55,88984,88801.59,88802.83
1756504800,2025-08-29 22:00:00,88800.49,88839.59,88734.29,88812.2
1756508400,2025-08-29 23:00:00,88812.18,88851.86,88702,88757.36
1756512000,2025-08-30 00:00:00,88755.84,88814.35,88634.77,88680.21
1756515600,2025-08-30 01:00:00,88679.82,88691.19,88445.35,88472.78
1756519200,2025-08-30 02:00:00,88471.86,88592.7,88450.38,88521.29
1756522800,2025-08-30 03:00:00,88522.37,88567.06,88452.1,88524.3
1756526400,2025-08-30 04:00:00,88525.37,88616.72,88459.52,88467.42
1756530000,2025-08-30 05:00:00,88467.39,88645.07,88464.3,88576.7
1756533600,2025-08-30 06:00:00,88576.1,88904.84,88569.07,88761.91
1756537200,2025-08-30 07:00:00,88766.65,88907.33,88744.97,88902.46
1756540800,2025-08-30 08:00:00,88900.36,89025.74,88851.67,88961.25
1756544400,2025-08-30 09:00:00,88959.87,89141.85,88884.7,89137.64
1756548000,2025-08-30 10:00:00,89136.56,89137.13,88884.27,88918.45
1756551600,2025-08-30 11:00:00,88919.45,89260.61,88870.96,89257.28
1756555200,2025-08-30 12:00:00,89239.97,89316.09,89210.01,89294.09
1756558800,2025-08-30 13:00:00,89296.44,89296.44,89043.95,89117.6
1756562400,2025-08-30 14:00:00,89116.3,89226.11,88935.02,89205.58
1756566000,2025-08-30 15:00:00,89208.21,89270.68,89123.8,89137.1
1756569600,2025-08-30 16:00:00,89135.87,89150.12,88949.2,88980.16
1756573200,2025-08-30 17:00:00,88982.8,89018.09,88926.68,88996
1756576800,2025-08-30 18:00:00,88999.22,89137.94,88938.22,89084.17
1756580400,2025-08-30 19:00:00,89083.53,89110.21,88993.78,89053.74
1756584000,2025-08-30 20:00:00,89053.72,89235.18,88971.95,89015.71
1756587600,2025-08-30 21:00:00,89014.91,89385.2,89014.58,89349.24
1756591200,2025-08-30 22:00:00,89350.34,89403.62,89167.62,89167.62
1756594800,2025-08-30 23:00:00,89166.99,89347.08,89163.91,89317.14
1756598400,2025-08-31 00:00:00,89315.62,89519.03,89293.93,89300.69
1756602000,2025-08-31 01:00:00,89301.93,89376.49,89242.61,89300.34
1756605600,2025-08-31 02:00:00,89302.17,89355.64,89238.55,89245.43
1756609200,2025-08-31 03:00:00,89244.29,89267.04,89109.53,89172.52
1756612800,2025-08-31 04:00:00,89171.11,89259.74,89107.21,89128.54
1756616400,2025-08-31 05:00:00,89127.96,89173.2,89027.02,89156.68
1756620000,2025-08-31 06:00:00,89156.67,89500.01,89092.48,89491.22
1756623600,2025-08-31 07:00:00,89488.26,89632.84,89463.12,89549.4
1756627200,2025-08-31 08:00:00,89551.07,89599.6,89314.13,89451.32
1756630800,2025-08-31 09:00:00,89451.82,89532.97,89440.47,89472.86
1756634400,2025-08-31 10:00:00,89470.04,89586.01,89432.39,89544.99
1756638000,2025-08-31 11:00:00,89543.31,89597.82,89398.96,89427.94
1756641600,2025-08-31 12:00:00,89429.69,89701.85,89422.32,89695.63
1756645200,2025-08-31 13:00:00,89695.74,89965.57,89692.12,89900.32
1756648800,2025-08-31 14:00:00,89900.45,89919.7,89782,89881.91
1756652400,2025-08-31 15:00:00,89881.48,89923.16,89790.08,89818.64
1756656000,2025-08-31 16:00:00,89820.11,89854.08,89666.7,89802.09
1756659600,2025-08-31 17:00:00,89801.47,89932.2,89766.45,89776.72
1756663200,2025-08-31 18:00:00,89777.4,89813.16,89587.11,89622.12
1756666800,2025-08-31 19:00:00,89621.29,89654.94,89511.53,89540.59
1756670400,2025-08-31 20:00:00,89538.27,89544.87,89346.05,89430.75
1756674000,2025-08-31 21:00:00,89430.94,89533.92,89355.26,89402.07
1756677600,2025-08-31 22:00:00,89405.13,89520.65,89292.46,89324.49
1756681200,2025-08-31 23:00:00,89323.83,89378.11,89233.13,89292.83
1756684800,2025-09-01 00:00:00,89294.08,89308.67,89080.31,89085.52
1756688400,2025-09-01 01:00:00,89086.3,89100.74,88787.7,88880.67
1756692000,2025-09-01 02:00:00,88881.08,89018.84,88813.72,89009.31
1756695600,2025-09-01 03:00:00,89009.6,89109.7,88993.66,89038.39
1756699200,2025-09-01 04:00:00,89038.94,89057.58,88888.32,88935.37
1756702800,2025-09-01 05:00:00,88931.92,89097.24,88894.6,89030.5
1756706400,2025-09-01 06:00:00,89032.24,89093.96,88972.44,88990.51
1756710000,2025-09-01 07:00:00,88991.27,89024.5,88912.38,89006.98
1756713600,2025-09-01 08:00:00,89006.74,89059.78,88881.25,89037.04
1756717200,2025-09-01 09:00:00,89036.48,89119.26,88965.3,89098.79
1756720800,2025-09-01 10:00:00,89099.89,89116.43,88932.24,88998.94
1756724400,2025-09-01 11:00:00,88999.68,89045.53,88832.54,88855.17
1756728000,2025-09-01 12:00:00,88856.75,88969.1,88820.36,88896.88
1756731600,2025-09-01 13:00:00,88896.05,88986.04,88844.81,88863.03
1756735200,2025-09-01 14:00:00,88861.3,88915.7,88707.94,88716.94
1756738800,2025-09-01 15:00:00,88715.84,88738.99,88657.12,88692.61
1756742400,2025-09-01 16:00:00,88693.95,89005.68,88685.22,88964.85
1756746000,2025-09-01 17:00:00,88965.35,88986.15,88792.58,88806.34
1756749600,2025-09-01 18:00:00,88804.95,88828.73,88574.39,88599.02
1756753200,2025-09-01 19:00:00,88598.26,88687.7,88544.34,88637.4
1756756800,2025-09-01 20:00:00,88638.56,88706.35,88506.62,88582.99
1756760400,2025-09-01 21:00:00,88584.27,88834.24,88579.55,88832.67
1756764000,2025-09-01 22:00:00,88833.16,88870.72,88692.83,88827.03
1756767600,2025-09-01 23:00:00,88828.09,88933.45,88758.62,88882.45
1756771200,2025-09-02 00:00:00,88883.68,88927.21,88817.53,88893.8
1756774800,2025-09-02 01:00:00,88894.51,88980.95,88789.09,88938.84
1756778400,2025-09-02 02:00:00,88939.55,89028.67,88888.18,88930.62
1756782000,2025-09-02 03:00:00,88928.96,89034.06,88899.57,88899.57
1756785600,2025-09-02 04:00:00,88899.2,88987.61,88783.41,88834.36
1756789200,2025-09-02 05:00:00,88835.77,88838.01,88638.42,88743.39
1756792800,2025-09-02 06:00:00,88742.63,88905.92,88740.68,88888.09
1756796400,2025-09-02 07:00:00,88887.31,89063.99,88808.16,89056.74
1756800000,2025-09-02 08:00:00,89055.5,89174.52,89031.94,89171.66
1756803600,2025-09-02 09:00:00,89175.28,89298.9,89159.07,89180.46
1756807200,2025-09-02 10:00:00,89182.87,89271.18,89136,89137.5
1756810800,2025-09-02 11:00:00,89139.63,89154.44,88841.94,88887.46
1756814400,2025-09-02 12:00:00,88885.63,88945.71,88853.75,88870.65
1756818000,2025-09-02 13:00:00,88867.98,88885.29,88780.4,88837.12
1756821600,2025-09-02 14:00:00,88835.83,88875.43,88786.41,88824.65
1756825200,2025-09-02 15:00:00,88825.79,88959.87,88800.77,88925.31
1756828800,2025-09-02 16:00:00,88924.67,88946.5,88793.21,88804.19
1756832400,2025-09-02 17:00:00,88804.61,88829.71,88469.54,88481.95
1756836000,2025-09-02 18:00:00,88480.18,88524.1,88287.28,88315.03
1756839600,2025-09-02 19:00:00,88314.59,88390.8,88266.33,88296.91
1756843200,2025-09-02 20:00:00,88301.01,88432.66,88221.6,88429.76
1756846800,2025-09-02 21:00:00,88429.5,88584.25,88366.34,88576.64
1756850400,2025-09-02 22:00:00,88575.77,88686.38,88556.28,88653.44
1756854000,2025-09-02 23:00:00,88653.07,88699.76,88509.88,88539.9
1756857600,2025-09-03 00:00:00,88537.76,88553.92,88183.8,88183.8
1756861200,2025-09-03 01:00:00,88181.1,88202.42,88034.24,88103.58
1756864800,2025-09-03 02:00:00,88103.07,88226.39,88081.83,88195.87
1756868400,2025-09-03 03:00:00,88193.07,88388.55,88190.86,88302.75
1756872000,2025-09-03 04:00:00,88304.09,88320.43,87991.87,88024.81
1756875600,2025-09-03 05:00:00,88021.63,88181.64,87977.28,88171.13
1756879200,2025-09-03 06:00:00,88171.05,88256.9,88128.03,88250.95
1756882800,2025-09-03 07:00:00,88251.04,88358.34,88214.69,88288.5
1756886400,2025-09-03 08:00:00,88289.81,88411.43,88214.49,88270.93
1756890000,2025-09-03 09:00:00,88272.09,88290.23,88126.88,88188.44
1756893600,2025-09-03 10:00:00,88189.67,88194.24,88100.4,88122.72
1756897200,2025-09-03 11:00:00,88124.24,88428.68,88119.63,88377.14
1756900800,2025-09-03 12:00:00,88374.75,88461.99,88271.02,88456.49
1756904400,2025-09-03 13:00:00,88459.25,88550.17,88323.08,88402.86
1756908000,2025-09-03 14:00:00,88401.39,88532.31,88368.58,88468.59
1756911600,2025-09-03 15:00:00,88467.52,88552.59,88404.38,88425.97
1756915200,2025-09-03 16:00:00,88424.65,88506.43,88364.2,88470.59
1756918800,2025-09-03 17:00:00,88472.21,88580.22,88388.78,88545.81
1756922400,2025-09-03 18:00:00,88543.5,88544.55,88217.4,88268.89
1756926000,2025-09-03 19:00:00,88267.66,88481.15,88267.66,88421.87
1756929600,2025-09-03 20:00:00,88421.21,88463.11,88202.39,88291.3
1756933200,2025-09-03 21:00:00,88290.68,88453.22,88252.28,88452.33
1756936800,2025-09-03 22:00:00,88451.35,88860.69,88438.94,88787.9
1756940400,2025-09-03 23:00:00,88790.11,88867.43,88751.03,88767.47
1756944000,2025-09-04 00:00:00,88766.67,88813.53,88595.91,88598.14
1756947600,2025-09-04 01:00:00,88600.2,88662.25,88562.23,88628.87
1756951200,2025-09-04 02:00:00,88630.3,88721.51,88589.44,88694.12
1756954800,2025-09-04 03:00:00,88691.85,88952.84,88670.59,88892.67
1756958400,2025-09-04 04:00:00,88893.76,88926.15,88617.52,88637.99
1756962000,2025-09-04 05:00:00,88637.24,88872.75,88637.24,88845.56
1756965600,2025-09-04 06:00:00,88845.92,88920.55,88750.35,88827.65
1756969200,2025-09-04 07:00:00,88823.89,88855.78,88520.92,88618.07
1756972800,2025-09-04 08:00:00,88617.25,88621.51,88374.98,88391.63
1756976400,2025-09-04 09:00:00,88393.66,88646.57,88391.23,88511.46
1756980000,2025-09-04 10:00:00,88508.53,88579.26,88457.37,88500.22
1756983600,2025-09-04 11:00:00,88502.62,88536.21,88396.4,88396.4
1756987200,2025-09-04 12:00:00,88396.41,88430.52,88330.47,88386.79
1756990800,2025-09-04 13:00:00,88386.76,88518.4,88308.49,88502.38
1756994400,2025-09-04 14:00:00,88502.31,88582.95,88356.16,88502.81
1756998000,2025-09-04 15:00:00,88502.86,88514.91,88379.25,88390.3
1757001600,2025-09-04 16:00:00,88389.83,88413.72,88123.65,88211.42
1757005200,2025-09-04 17:00:00,88212.69,88292.87,88197.42,88241.16
1757008800,2025-09-04 18:00:00,88241.68,88373.15,88226.43,88311.56
1757012400,2025-09-04 19:00:00,88311.64,88314.32,87931.12,87945.81
1757016000,2025-09-04 20:00:00,87945.44,88065.36,87909.37,88065.36
1757019600,2025-09-04 21:00:00,88065.72,88066.03,87897.27,87901.84
1757023200,2025-09-04 22:00:00,87905.19,87923.96,87752.13,87767.54
1757026800,2025-09-04 23:00:00,87766.74,87840,87704.41,87704.41
1757030400,2025-09-05 00:00:00,87703.67,87902.78,87685.25,87805.44
1757034000,2025-09-05 01:00:00,87803.82,87857.85,87652.59,87800.54
1757037600,2025-09-05 02:00:00,87800.81,87909.4,87747.25,87898.64
1757041200,2025-09-05 03:00:00,87898.04,88063.63,87864.12,87978.61
1757044800,2025-09-05 04:00:00,87978.52,88068.17,87918.82,88046.03
1757048400,2025-09-05 05:00:00,88048.14,88149.06,88001.83,88141.85
1757052000,2025-09-05 06:00:00,88142.03,88420.87,88127.5,88348.47
1757055600,2025-09-05 07:00:00,88347.24,88353.96,88155.61,88158.75
1757059200,2025-09-05 08:00:00,88158.19,88362.05,88134.58,88207.57
1757062800,2025-09-05 09:00:00,88208,88469.93,88194.48,88447.74
1757066400,2025-09-05 10:00:00,88447.69,88533.93,88330.81,88375.74
1757070000,2025-09-05 11:00:00,88378.9,88477.49,88363.87,88466.52
1757073600,2025-09-05 12:00:00,88464.89,88645.29,88447.68,88643.06
1757077200,2025-09-05 13:00:00,88645.42,88897.05,88616.8,88869.08
1757080800,2025-09-05 14:00:00,88869.16,88974.24,88779.28,88807.07
1757084400,2025-09-05 15:00:00,88806.55,88884.78,88661.72,88702.71
1757088000,2025-09-05 16:00:00,88703.95,88718.12,88619.44,88625.86
1757091600,2025-09-05 17:00:00,88625.01,88831.08,88556.68,88733.49
1757095200,2025-09-05 18:00:00,88734,88739.36,88571.96,88608.55
1757098800,2025-09-05 19:00:00,88608.9,88715.21,88473.17,88524.37
1757102400,2025-09-05 20:00:00,88523.96,88549.34,88294.21,88302.63
1757106000,2025-09-05 21:00:00,88301.95,88400.22,88128.2,88135.18
1757109600,2025-09-05 22:00:00,88131.51,88176.22,87992.95,88149.08
1757113200,2025-09-05 23:00:00,88146.75,88241.2,88134.29,88209.04
1757116800,2025-09-06 00:00:00,88208.76,88268.75,88122.42,88125.33
1757120400,2025-09-06 01:00:00,88129.21,88159.9,87978.59,88014.62
1757124000,2025-09-06 02:00:00,88014.89,88286.66,88004.89,88264.31
1757127600,2025-09-06 03:00:00,88262.84,88294.35,88135.64,88210.79
1757131200,2025-09-06 04:00:00,88211.64,88387.45,88152.81,88387.45
1757134800,2025-09-06 05:00:00,88388.79,88449.22,88293.11,88330.87
1757138400,2025-09-06 06:00:00,88331.88,88515.63,88322.83,88500.21
1757142000,2025-09-06 07:00:00,88502.82,88644.74,88413.87,88609.6
1757145600,2025-09-06 08:00:00,88612.06,88897.32,88609.53,88831.86
1757149200,2025-09-06 09:00:00,88829.83,88845.29,88681.12,88797.06
1757152800,2025-09-06 10:00:00,88795.69,88962.35,88763.96,88855.66
1757156400,2025-09-06 11:00:00,88857.39,88907.26,88740.39,88799.74
1757160000,2025-09-06 12:00:00,88800.48,88837.2,88735.1,88798.79
1757163600,2025-09-06 13:00:00,88796.49,88797.84,88585,88722.97
1757167200,2025-09-06 14:00:00,88720.84,88858.16,88687.79,88788.56
1757170800,2025-09-06 15:00:00,88791.1,88830.02,88667.95,88763.36
1757174400,2025-09-06 16:00:00,88763.97,88988.61,88723.86,88981.07
1757178000,2025-09-06 17:00:00,88983.4,89030.59,88946.07,88946.07
1757181600,2025-09-06 18:00:00,88947.72,89003.51,88850.88,88938.64
1757185200,2025-09-06 19:00:00,88940.07,89100.36,88871.98,89053.81
1757188800,2025-09-06 20:00:00,89055.79,89157.08,88983.29,89014.26
1757192400,2025-09-06 21:00:00,89014.1,89058.88,88884.81,89003.6
1757196000,2025-09-06 22:00:00,89001.37,89173.47,88994.63,89059.32
1757199600,2025-09-06 23:00:00,89061.14,89146.55,89029.47,89114.57
1757203200,2025-09-07 00:00:00,89115.88,89138.92,88974.5,89025
1757206800,2025-09-07 01:00:00,89027.78,89106.99,88973.13,89032.53
1757210400,2025-09-07 02:00:00,89033.19,89056.99,88918.41,88921.04
1757214000,2025-09-07 03:00:00,88920.17,88940.55,88799.75,88839.32
1757217600,2025-09-07 04:00:00,88839.9,88964.47,88835.84,88955.36
1757221200,2025-09-07 05:00:00,88952.02,89045.78,88875.49,88982.07
1757224800,2025-09-07 06:00:00,88981.77,89026.53,88908.71,88930.65
1757228400,2025-09-07 07:00:00,88930.28,89092.95,88888.3,89062.49
1757232000,2025-09-07 08:00:00,89063.17,89212.45,89033.89,89185.35
1757235600,2025-09-07 09:00:00,89183.56,89312.15,89131.36,89149.38
1757239200,2025-09-07 10:00:00,89150.52,89293.34,89111.31,89275.32
1757242800,2025-09-07 11:00:00,89276.53,89487.15,89211.54,89473.22
1757246400,2025-09-07 12:00:00,89475.42,89532.48,89444.72,89452.83
1757250000,2025-09-07 13:00:00,89454.51,89614.27,89431.41,89589.96
1757253600,2025-09-07 14:00:00,89590.09,89636.5,89385.22,89413.87
1757257200,2025-09-07 15:00:00,89410.52,89632.56,89353,89594.59
1757260800,2025-09-07 16:00:00,89596.4,89816.56,89587.54,89737.91
1757264400,2025-09-07 17:00:00,89738.73,89777.39,89545.62,89558.45
1757268000,2025-09-07 18:00:00,89556.51,89580.28,89436.23,89519.04
1757271600,2025-09-07 19:00:00,89520.18,89604.86,89448.36,89577.18
1757275200,2025-09-07 20:00:00,89577.27,89698.42,89550.53,89670.17
1757278800,2025-09-07 21:00:00,89669.29,89693.66,89465.03,89495.11
1757282400,2025-09-07 22:00:00,89492.96,89533.01,89317.4,89318.28
1757286000,2025-09-07 23:00:00,89319.91,89539.01,89226.61,89407.96
1757289600,2025-09-08 00:00:00,89407.67,89564.81,89388,89543.35
1757293200,2025-09-08 01:00:00,89544.05,89616.89,89493.87,89583.07
1757296800,2025-09-08 02:00:00,89584.85,89588.64,89421.51,89586.16
1757300400,2025-09-08 03:00:00,89585.77,89729.3,89536.56,89661.67
1757304000,2025-09-08 04:00:00,89663.2,89721.7,89573.83,89670.6
1757307600,2025-09-08 05:00:00,89671.24,89705.3,89591.32,89673.64
1757311200,2025-09-08 06:00:00,89675.58,89699.31,89596.35,89605.25
1757314800,2025-09-08 07:00:00,89604.05,89831.98,89556.39,89796.92
1757318400,2025-09-08 08:00:00,89799.34,89857.32,89714.73,89751.5
1757322000,2025-09-08 09:00:00,89751.53,89903.15,89738.27,89814.63
1757325600,2025-09-08 10:00:00,89812.79,89875.75,89716.22,89742.02
1757329200,2025-09-08 11:00:00,89742.75,89768.14,89677.41,89727.56
1757332800,2025-09-08 12:00:00,89727.65,89728.19,89324.68,89385.64
1757336400,2025-09-08 13:00:00,89385.79,89613.96,89329.24,89603.03
1757340000,2025-09-08 14:00:00,89601.43,89759.97,89588.9,89621.08
1757343600,2025-09-08 15:00:00,89621.13,89720.33,89598.86,89681.97
1757347200,2025-09-08 16:00:00,89679.91,89905.3,89677,89734.3
1757350800,2025-09-08 17:00:00,89734.86,89751.98,89609.37,89656.81
1757354400,2025-09-08 18:00:00,89660.29,89719.42,89605.4,89658.43
1757358000,2025-09-08 19:00:00,89656.68,89797.66,89601.3,89771.09
1757361600,2025-09-08 20:00:00,89770.73,89777.88,89571.45,89581.45
1757365200,2025-09-08 21:00:00,89579.44,89633.52,89324.78,89383.87
1757368800,2025-09-08 22:00:00,89381.38,89404.97,89228.33,89377.66
1757372400,2025-09-08 23:00:00,89378.07,89489.76,89374.72,89448.29
1757376000,2025-09-09 00:00:00,89447.1,89586.09,89444.54,89507.76
1757379600,2025-09-09 01:00:00,89510.35,89522.85,89402.02,89459.91
1757383200,2025-09-09 02:00:00,89463.78,89611.1,89431.03,89544.13
1757386800,2025-09-09 03:00:00,89539.9,89568.42,89441.59,89478.45
1757390400,2025-09-09 04:00:00,89476.95,89494.23,89348.28,89383.03
1757394000,2025-09-09 05:00:00,89382.02,89492.82,89363.21,89473.2
1757397600,2025-09-09 06:00:00,89472.31,89535.81,89253.3,89301.8
1757401200,2025-09-09 07:00:00,89302.87,89382.18,89255.5,89344.7
1757404800,2025-09-09 08:00:00,89344.31,89423.73,89286.71,89349.07
1757408400,2025-09-09 09:00:00,89348.58,89398.76,89290.05,89321.57
1757412000,2025-09-09 10:00:00,89323.55,89342.04,89173.66,89204.02
1757415600,2025-09-09 11:00:00,89204.08,89266.46,89066.2,89122.37
1757419200,2025-09-09 12:00:00,89123.49,89206.11,89057.48,89193.72
1757422800,2025-09-09 13:00:00,89191.57,89494.87,89155.98,89384.14
1757426400,2025-09-09 14:00:00,89383.8,89412.62,89218.56,89286.19
1757430000,2025-09-09 15:00:00,89287.46,89305.36,89092.16,89138.03
1757433600,2025-09-09 16:00:00,89144.35,89267.14,89066.9,89223.05
1757437200,2025-09-09 17:00:00,89222.56,89304.81,89156.21,89193.3
1757440800,2025-09-09 18:00:00,89193.17,89278.77,89119.34,89122.33
1757444400,2025-09-09 19:00:00,89123.14,89218.35,89023.51,89203.96
1757448000,2025-09-09 20:00:00,89204.13,89391.86,89158.35,89385.85
1757451600,2025-09-09 21:00:00,89387.24,89406.29,89058.91,89070.2
1757455200,2025-09-09 22:00:00,89070.18,89278.73,89066.71,89218.78
1757458800,2025-09-09 23:00:00,89216.88,89364.77,89144.07,89192.81
1757462400,2025-09-10 00:00:00,89193.69,89358.04,89184.84,89268.79
1757466000,2025-09-10 01:00:00,89269.28,89385.36,89246.87,89361.77
1757469600,2025-09-10 02:00:00,89361.78,89518.42,89344.74,89490.18
1757473200,2025-09-10 03:00:00,89491.13,89634.12,89450.6,89577.05
1757476800,2025-09-10 04:00:00,89576.01,89622.96,89435.12,89441.41
1757480400,2025-09-10 05:00:00,89442.9,89445.04,89107.05,89120.17
1757484000,2025-09-10 06:00:00,89117.54,89117.77,88925.36,88951.6
1757487600,2025-09-10 07:00:00,88952.32,89070.2,88905.99,89015.07
1757491200,2025-09-10 08:00:00,89012.24,89141.41,88972.41,89089.76
1757494800,2025-09-10 09:00:00,89091.97,89096.72,88972.03,89011.93
1757498400,2025-09-10 10:00:00,89012.91,89116.22,88989.88,89105.89
1757502000,2025-09-10 11:00:00,89106.7,89264.67,89079.03,89220.33
1757505600,2025-09-10 12:00:00,89222.56,89301.78,89107.8,89121.09
1757509200,2025-09-10 13:00:00,89122.75,89297.96,89074.96,89270.8
1757512800,2025-09-10 14:00:00,89271.51,89345.47,89146.42,89205.07
1757516400,2025-09-10 15:00:00,89206.27,89382.59,89093.38,89103.73
1757520000,2025-09-10 16:00:00,89101.35,89137.78,88999.31,89083.53
1757523600,2025-09-10 17:00:00,89081.68,89136.19,89011.1,89118.9
1757527200,2025-09-10 18:00:00,89120.89,89235.4,89079.94,89112.16
1757530800,2025-09-10 19:00:00,89110.27,89114.47,88939.08,89062.44
1757534400,2025-09-10 20:00:00,89060.77,89150.27,89040.33,89056.21
1757538000,2025-09-10 21:00:00,89057.06,89112.84,88872.64,88992.83
1757541600,2025-09-10 22:00:00,88992.69,89065.95,88902.83,89054.75
1757545200,2025-09-10 23:00:00,89056.22,89293.76,88975.81,89264.15
1757548800,2025-09-11 00:00:00,89264.09,89299.82,89180.75,89216.09
1757552400,2025-09-11 01:00:00,89215.7,89424.14,89197.35,89420.83
1757556000,2025-09-11 02:00:00,89421.48,89436.76,89162.7,89200.19
1757559600,2025-09-11 03:00:00,89199.56,89219.42,89090.41,89139.94
1757563200,2025-09-11 04:00:00,89140.54,89143.47,89044.41,89064.64
1757566800,2025-09-11 05:00:00,89064.91,89162.43,89026.31,89147.59
1757570400,2025-09-11 06:00:00,89148.18,89161.16,88979.92,89082.6
1757574000,2025-09-11 07:00:00,89081.52,89107.42,89014.36,89022.04
1757577600,2025-09-11 08:00:00,89023.76,89049.59,88907.47,88931.04
1757581200,2025-09-11 09:00:00,88931.32,88958.02,88795.19,88898.49
1757584800,2025-09-11 10:00:00,88898.85,89051.3,88865.54,88967.55
1757588400,2025-09-11 11:00:00,88967.79,89089.36,88934.85,89062.34
1757592000,2025-09-11 12:00:00,89062.18,89160.98,89030.44,89117.88
1757595600,2025-09-11 13:00:00,89115.21,89234.01,89057.31,89206.73
1757599200,2025-09-11 14:00:00,89203.77,89296.38,89109.68,89269.76
1757602800,2025-09-11 15:00:00,89269.15,89306.23,89205.88,89245.97
1757606400,2025-09-11 16:00:00,89249.04,89340.23,89133.39,89136.78
1757610000,2025-09-11 17:00:00,89137.44,89146.1,89011.7,89137.99
1757613600,2025-09-11 18:00:00,89139.08,89143.86,88791.57,88882.61
1757617200,2025-09-11 19:00:00,88883.7,88927.07,88832.4,88909.14
1757620800,2025-09-11 20:00:00,88907.74,88909.5,88711.71,88788.16
1757624400,2025-09-11 21:00:00,88786.78,89032.13,88770.23,89016.76
1757628000,2025-09-11 22:00:00,89015.57,89097.83,89002.28,89051.03
1757631600,2025-09-11 23:00:00,89050.82,89060.78,88954.8,89005.32
1757635200,2025-09-12 00:00:00,89003.98,89081,88942.79,89000.69
1757638800,2025-09-12 01:00:00,88999.38,89005.68,88781.3,88873.76
1757642400,2025-09-12 02:00:00,88873.46,89034.66,88856.7,88983.47
1757646000,2025-09-12 03:00:00,88983.06,89009.64,88914.38,88920.59
1757649600,2025-09-12 04:00:00,88922.6,88957.81,88848.7,88914.19
1757653200,2025-09-12 05:00:00,88913.82,89212.99,88879.56,89177.26
1757656800,2025-09-12 06:00:00,89177.39,89348.26,89116.98,89340.45
1757660400,2025-09-12 07:00:00,89342.22,89426.55,89298.88,89310.29
1757664000,2025-09-12 08:00:00,89310.95,89372.54,89218.77,89243.14
1757667600,2025-09-12 09:00:00,89243.62,89252.57,89082.96,89169.71
1757671200,2025-09-12 10:00:00,89165.48,89266.27,89088.23,89116.45
1757674800,2025-09-12 11:00:00,89115.24,89262.26,89088.44,89236.59
1757678400,2025-09-12 12:00:00,89238.15,89243.26,89122.52,89182.9
1757682000,2025-09-12 13:00:00,89184.56,89186.55,89010.69,89054.89
1757685600,2025-09-12 14:00:00,89054.65,89061.45,88809.26,88817.17
1757689200,2025-09-12 15:00:00,88816.81,88960.72,88799.42,88880.07
1757692800,2025-09-12 16:00:00,88875.74,88947.54,88673.69,88734.92
1757696400,2025-09-12 17:00:00,88733.32,88767.83,88640.82,88689.16
1757700000,2025-09-12 18:00:00,88686.14,88717.02,88459.72,88541.05
1757703600,2025-09-12 19:00:00,88542.36,88552.95,88352.8,88379.38
1757707200,2025-09-12 20:00:00,88376.83,88511.24,88332.74,88462.07
1757710800,2025-09-12 21:00:00,88459.41,88515.44,88367.36,88408.12
1757714400,2025-09-12 22:00:00,88406.26,88465.08,88327.06,88390.38
1757718000,2025-09-12 23:00:00,88391.88,88405.35,88296.33,88361.46
1757721600,2025-09-13 00:00:00,88360.91,88653.8,88356.79,88643.9
1757725200,2025-09-13 01:00:00,88644.43,88767.37,88631.58,88742.49
1757728800,2025-09-13 02:00:00,88742.8,88908.99,88696.49,88907.91
1757732400,2025-09-13 03:00:00,88908.34,89044.73,88908.12,88982.17
1757736000,2025-09-13 04:00:00,88980.78,89058.79,88884.05,88952.66
1757739600,2025-09-13 05:00:00,88950.76,89142.08,88903.52,88984.52
1757743200,2025-09-13 06:00:00,88982.7,89129.6,88950.94,89089.84
1757746800,2025-09-13 07:00:00,89090.75,89348.48,89079.81,89334.06
1757750400,2025-09-13 08:00:00,89333.15,89433.19,89265.13,89432.59
1757754000,2025-09-13 09:00:00,89432.25,89552.77,89401.24,89517.11
1757757600,2025-09-13 10:00:00,89517.93,89559.28,89310.41,89406.87
1757761200,2025-09-13 11:00:00,89404.77,89520.73,89331.16,89445.22
1757764800,2025-09-13 12:00:00,89447.84,89630.57,89412.96,89630.57
1757768400,2025-09-13 13:00:00,89632.17,89638.36,89450.63,89499.79
1757772000,2025-09-13 14:00:00,89497.88,89541.8,89385.94,89465.11
1757775600,2025-09-13 15:00:00,89464.41,89691.97,89381.2,89669.39
1757779200,2025-09-13 16:00:00,89666.38,89765.06,89625.82,89682.93
1757782800,2025-09-13 17:00:00,89681.43,89814.48,89612.51,89682.28
1757786400,2025-09-13 18:00:00,89684.82,89788.54,89586.38,89606.62
1757790000,2025-09-13 19:00:00,89607,89615.65,89498.02,89516.84
1757793600,2025-09-13 20:00:00,89517.69,89610.48,89484.41,89545.01
1757797200,2025-09-13 21:00:00,89543.39,89549.03,89334.52,89426.51
1757800800,2025-09-13 22:00:00,89425.41,89500.5,89390.26,89400.63
1757804400,2025-09-13 23:00:00,89405.99,89462.22,89369.02,89417
1757808000,2025-09-14 00:00:00,89417.74,89489.77,89294.37,89450.1
1757811600,2025-09-14 01:00:00,89453.17,89646.95,89442.93,89533.64
1757815200,2025-09-14 02:00:00,89534.79,89578.91,89391.36,89430.51
1757818800,2025-09-14 03:00:00,89430.36,89648.3,89380.14,89622.02
1757822400,2025-09-14 04:00:00,89621.49,89716.54,89601.34,89603.66
1757826000,2025-09-14 05:00:00,89602.23,89650.83,89518.59,89572.55
1757829600,2025-09-14 06:00:00,89571.6,89712.04,89527.09,89712.04
1757833200,2025-09-14 07:00:00,89712.19,89723,89414.31,89415.86
1757836800,2025-09-14 08:00:00,89416.68,89522.18,89323.42,89466.87
1757840400,2025-09-14 09:00:00,89466.25,89529.72,89399.11,89422.7
1757844000,2025-09-14 10:00:00,89419.4,89447.02,89160.7,89161.88
1757847600,2025-09-14 11:00:00,89162.79,89383.46,89061.22,89380.29
1757851200,2025-09-14 12:00:00,89379.98,89394.36,89090.93,89221.23
1757854800,2025-09-14 13:00:00,89220.12,89317.73,89192.64,89217.24
1757858400,2025-09-14 14:00:00,89217.73,89431.59,89158.21,89308.59
1757862000,2025-09-14 15:00:00,89308.54,89547.92,89296.93,89525.59
1757865600,2025-09-14 16:00:00,89527.09,89566.52,89332.04,89411.62
1757869200,2025-09-14 17:00:00,89408.84,89438.98,89222.75,89228.54
1757872800,2025-09-14 18:00:00,89228.76,89234.71,89064.1,89074.18
1757876400,2025-09-14 19:00:00,89073.56,89113.73,88967.39,89076.55
1757880000,2025-09-14 20:00:00,89075.81,89191.96,89022.01,89129.93
1757883600,2025-09-14 21:00:00,89131.29,89136.46,88931.81,88953.2
1757887200,2025-09-14 22:00:00,88951.32,89229.27,88887.2,89168.41
1757890800,2025-09-14 23:00:00,89169.49,89189.29,89035.94,89130.32
1757894400,2025-09-15 00:00:00,89129.19,89176.14,89027.04,89091.76
1757898000,2025-09-15 01:00:00,89092.01,89098.04,88961.11,89032.43
1757901600,2025-09-15 02:00:00,89032.63,89182.75,89021.62,89143.52
1757905200,2025-09-15 03:00:00,89141.96,89171.36,89007.94,89153.29
1757908800,2025-09-15 04:00:00,89152.64,89243.83,89102.47,89185.86
1757912400,2025-09-15 05:00:00,89185.28,89470.11,89184.04,89390.44
1757916000,2025-09-15 06:00:00,89389.94,89430.04,89311.5,89406.99
1757919600,2025-09-15 07:00:00,89406.54,89489.5,89352.73,89385.36
1757923200,2025-09-15 08:00:00,89387.29,89531.57,89315.21,89453.61
1757926800,2025-09-15 09:00:00,89454,89459.94,89324.61,89366.65
1757930400,2025-09-15 10:00:00,89370.82,89398.15,89105.79,89121.35
1757934000,2025-09-15 11:00:00,89122.14,89314.52,89110.43,89303.84
1757937600,2025-09-15 12:00:00,89305.74,89379.49,89180.4,89183.35
1757941200,2025-09-15 13:00:00,89182.96,89207.02,88993.24,89043.08
1757944800,2025-09-15 14:00:00,89045.16,89318.75,89026.67,89305.46
1757948400,2025-09-15 15:00:00,89305.77,89511.31,89301.05,89480.35
1757952000,2025-09-15 16:00:00,89483.18,89562.57,89438.96,89485.31
1757955600,2025-09-15 17:00:00,89484.93,89689,89461.34,89686.54
1757959200,2025-09-15 18:00:00,89687.92,89762.15,89626.48,89647.69
1757962800,2025-09-15 19:00:00,89651.23,89795.29,89586.95,89594.13
1757966400,2025-09-15 20:00:00,89594.1,89684.32,89511.04,89518.11
1757970000,2025-09-15 21:00:00,89518.87,89539.12,89357.92,89410.07
1757973600,2025-09-15 22:00:00,89411.63,89476.23,89184.39,89222.88
1757977200,2025-09-15 23:00:00,89222.03,89230.53,89074.3,89121.86
1757980800,2025-09-16 00:00:00,89119.93,89152.96,89038.87,89144.44
1757984400,2025-09-16 01:00:00,89143.26,89233.95,88986.17,88989.68
1757988000,2025-09-16 02:00:00,88994.54,89229.96,88956.17,89088.4
1757991600,2025-09-16 03:00:00,89087.41,89145.63,88933.12,88984.48
1757995200,2025-09-16 04:00:00,88983.78,89074.67,88915.83,89034.61
1757998800,2025-09-16 05:00:00,89033.87,89175.97,88984.36,89163.08
1758002400,2025-09-16 06:00:00,89160.61,89163.98,89020.82,89105.46
1758006000,2025-09-16 07:00:00,89105.4,89105.69,88851.69,88963.73
1758009600,2025-09-16 08:00:00,88963.8,88979.01,88863.63,88863.63
1758013200,2025-09-16 09:00:00,88863.43,88902.28,88678.4,88745.14
1758016800,2025-09-16 10:00:00,88744.62,88881.23,88744.56,88780.91
1758020400,2025-09-16 11:00:00,88779.43,88863.49,88741.37,88800.52
1758024000,2025-09-16 12:00:00,88800.39,88868.12,88750.49,88753.43
1758027600,2025-09-16 13:00:00,88752.29,88805.37,88677.27,88762.07
1758031200,2025-09-16 14:00:00,88761.66,88960.81,88752.01,88888.34
1758034800,2025-09-16 15:00:00,88888.15,89019.4,88870.13,89000.7
1758038400,2025-09-16 16:00:00,88999.69,89077.89,88933.77,88961.36
1758042000,2025-09-16 17:00:00,88958.55,89061.2,88936.36,89029.22
1758045600,2025-09-16 18:00:00,89030.16,89064,88868.09,88874.78
1758049200,2025-09-16 19:00:00,88876.37,89036.1,88869.2,88976.21
1758052800,2025-09-16 20:00:00,88976.27,88977.9,88863.17,88916.52
1758056400,2025-09-16 21:00:00,88916.62,89084.24,88879.48,88995.01
1758060000,2025-09-16 22:00:00,88994.58,89065.78,88865.74,89038.62
1758063600,2025-09-16 23:00:00,89036.63,89074.44,88919.23,88950.71
1758067200,2025-09-17 00:00:00,88951.24,89079.63,88914.12,89056.8
1758070800,2025-09-17 01:00:00,89056.49,89168.27,89054.05,89103.72
1758074400,2025-09-17 02:00:00,89102.8,89266.27,89072.31,89232.98
1758078000,2025-09-17 03:00:00,89233.01,89335.15,89155.59,89246.68
1758081600,2025-09-17 04:00:00,89245.53,89300.74,89093.64,89149.29
1758085200,2025-09-17 05:00:00,89148.11,89277.25,89118.8,89264.17
1758088800,2025-09-17 06:00:00,89261.53,89339.28,89158.49,89221.65
1758092400,2025-09-17 07:00:00,89219.43,89369,89144.86,89152.41
1758096000,2025-09-17 08:00:00,89152.64,89288.94,89070.55,89276.33
1758099600,2025-09-17 09:00:00,89274.24,89377.76,89269.39,89318.72
1758103200,2025-09-17 10:00:00,89317.49,89399.08,89232.81,89232.81
1758106800,2025-09-17 11:00:00,89232.55,89332.04,89097.71,89279.58
1758110400,2025-09-17 12:00:00,89280.22,89325.32,89073.37,89105.01
1758114000,2025-09-17 13:00:00,89103.66,89143.59,88956.9,89041.8
1758117600,2025-09-17 14:00:00,89041.41,89105.89,88865.3,88900.94
1758121200,2025-09-17 15:00:00,88900.73,88922.47,88799.09,88840.25
1758124800,2025-09-17 16:00:00,88841.61,89112.63,88817.75,89111.84
1758128400,2025-09-17 17:00:00,89113.15,89147.34,88955.64,88959.91
1758132000,2025-09-17 18:00:00,88962.71,89013.35,88908.99,88986.64
1758135600,2025-09-17 19:00:00,88988.54,89360.96,88987.92,89328.93
1758139200,2025-09-17 20:00:00,89327.16,89416.68,89232.67,89344
1758142800,2025-09-17 21:00:00,89341.25,89369.76,89190.46,89365.6
1758146400,2025-09-17 22:00:00,89365.27,89365.47,89221.07,89359.26
1758150000,2025-09-17 23:00:00,89359.66,89363.99,89072.37,89093.43
1758153600,2025-09-18 00:00:00,89093.69,89182.74,88964.44,88969.94
1758157200,2025-09-18 01:00:00,88968.24,89056.95,88931.47,88952.75
1758160800,2025-09-18 02:00:00,88954.57,89004.4,88741.82,88811.56
1758164400,2025-09-18 03:00:00,88814.04,88878.61,88690.27,88695.96
1758168000,2025-09-18 04:00:00,88697.54,88737.71,88636.15,88641.67
1758171600,2025-09-18 05:00:00,88643.24,88785.55,88639.77,88730.57
1758175200,2025-09-18 06:00:00,88730.95,88796.98,88684.75,88719.95
1758178800,2025-09-18 07:00:00,88720.84,88734.27,88533.39,88702.14
1758182400,2025-09-18 08:00:00,88698.02,88872.67,88658.29,88863.22
1758186000,2025-09-18 09:00:00,88862.74,89063.36,88857.48,89049.54
1758189600,2025-09-18 10:00:00,89049.16,89192.98,89021.64,89116.25
1758193200,2025-09-18 11:00:00,89113.07,89160.04,89000.87,89120.69
1758196800,2025-09-18 12:00:00,89121.19,89142.83,88982.79,89034.85
1758200400,2025-09-18 13:00:00,89034.21,89209.57,89019.52,89161.78
1758204000,2025-09-18 14:00:00,89163.22,89197.64,88982.14,88987.76
1758207600,2025-09-18 15:00:00,88985.8,89115.69,88922.26,89084.3
1758211200,2025-09-18 16:00:00,89083.46,89090.75,88900.47,88909.24
1758214800,2025-09-18 17:00:00,88909.32,89249.05,88907.24,89218.28
1758218400,2025-09-18 18:00:00,89216.53,89462.23,89211.66,89428.83
1758222000,2025-09-18 19:00:00,89427.61,89506.16,89400.47,89490.91
1758225600,2025-09-18 20:00:00,89492.47,89714.1,89477.16,89658.44
1758229200,2025-09-18 21:00:00,89657.33,89690.52,89525.57,89559.88
1758232800,2025-09-18 22:00:00,89560,89630.11,89476.73,89588.03
1758236400,2025-09-18 23:00:00,89588.32,89607.75,89479.85,89578.79
1758240000,2025-09-19 00:00:00,89578.33,89821.4,89578.33,89821.37
1758243600,2025-09-19 01:00:00,89824.41,89959.35,89824.41,89904.55
1758247200,2025-09-19 02:00:00,89905.22,90209.34,89902.99,90206.94
1758250800,2025-09-19 03:00:00,90205.85,90312.57,90184.6,90284.98
1758254400,2025-09-19 04:00:00,90283.73,90299.47,90093.37,90102.11
1758258000,2025-09-19 05:00:00,90102.43,90235.98,90078.88,90193.25
1758261600,2025-09-19 06:00:00,90192.02,90256.21,90167.44,90195.5
1758265200,2025-09-19 07:00:00,90194.67,90228.25,90111.02,90166.05
1758268800,2025-09-19 08:00:00,90167.61,90316.62,90021.21,90260.67
1758272400,2025-09-19 09:00:00,90263.44,90267.18,90054.17,90072.13
1758276000,2025-09-19 10:00:00,90076.05,90328.73,90055.27,90299.28
1758279600,2025-09-19 11:00:00,90299.32,90359.77,90202.57,90225.22
1758283200,2025-09-19 12:00:00,90225.85,90255.02,89953.28,89997.8
1758286800,2025-09-19 13:00:00,89997.65,90042.59,89869.86,89877.32
1758290400,2025-09-19 14:00:00,89879.09,90022.14,89837.67,90003.15
1758294000,2025-09-19 15:00:00,90001.96,90087.71,89969.08,89973.93
1758297600,2025-09-19 16:00:00,89973.52,90049.09,89917.17,89980.51
1758301200,2025-09-19 17:00:00,89978.1,90041.8,89879.57,90000.2
1758304800,2025-09-19 18:00:00,90001.67,90088.91,89932.86,90083.15
1758308400,2025-09-19 19:00:00,90081.7,90111.01,89971.46,90009.85
1758312000,2025-09-19 20:00:00,90009.04,90012.28,89719.59,89752.31
1758315600,2025-09-19 21:00:00,89756.54,89759.67,89476.14,89499.17
1758319200,2025-09-19 22:00:00,89500.47,89510.34,89396.65,89434.22
1758322800,2025-09-19 23:00:00,89435.69,89560.94,89431.82,89514.29
1758326400,2025-09-20 00:00:00,89515.76,89534.84,89444.31,89493.17
1758330000,2025-09-20 01:00:00,89491.95,89521.74,89342.48,89439.5
1758333600,2025-09-20 02:00:00,89438.12,89571.02,89399.53,89482.82
1758337200,2025-09-20 03:00:00,89481.69,89497.95,89403.82,89459.59
1758340800,2025-09-20 04:00:00,89461.21,89499.38,89157.4,89158.6
1758344400,2025-09-20 05:00:00,89159.64,89233.71,89086.81,89150.72
1758348000,2025-09-20 06:00:00,89152.5,89251.19,89139.9,89198.79
1758351600,2025-09-20 07:00:00,89199.8,89304.54,89164.77,89221.47
1758355200,2025-09-20 08:00:00,89221.66,89242.6,88966.74,88989.54
1758358800,2025-09-20 09:00:00,88989.97,89178.15,88964.93,89048.94
1758362400,2025-09-20 10:00:00,89049.35,89174.64,89009.64,89172.02
1758366000,2025-09-20 11:00:00,89170.55,89191.35,89020.96,89034.81
1758369600,2025-09-20 12:00:00,89036.11,89041.1,88918.25,88950.17
1758373200,2025-09-20 13:00:00,88949,88976.41,88790.45,88844.51
1758376800,2025-09-20 14:00:00,88845.91,88914.19,88685.78,88866.64
1758380400,2025-09-20 15:00:00,88867.98,88992.18,88861.67,88933.09
1758384000,2025-09-20 16:00:00,88934.24,88949.39,88856.85,88912.47
1758387600,2025-09-20 17:00:00,88913.38,88999.88,88707.23,88717.35
1758391200,2025-09-20 18:00:00,88717.23,88803.83,88666.64,88800.71
1758394800,2025-09-20 19:00:00,88801.93,88951.38,88714.13,88919.78
1758398400,2025-09-20 20:00:00,88919.47,89176.85,88907.11,89146.17
1758402000,2025-09-20 21:00:00,89148.6,89161.64,89040.83,89045.71
1758405600,2025-09-20 22:00:00,89046.51,89113.95,88968.6,89058.97
1758409200,2025-09-20 23:00:00,89059.86,89143.98,88986,89113.33
1758412800,2025-09-21 00:00:00,89115.9,89300.21,89034.92,89221.97
1758416400,2025-09-21 01:00:00,89224.07,89374.93,89212.48,89294.63
1758420000,2025-09-21 02:00:00,89294.21,89689.67,89286.11,89680.99
1758423600,2025-09-21 03:00:00,89681.01,89878.14,89678.57,89805.43
1758427200,2025-09-21 04:00:00,89808.28,89927,89768.68,89913.37
1758430800,2025-09-21 05:00:00,89917.63,89950.19,89819.66,89936.85
1758434400,2025-09-21 06:00:00,89938.19,90080.54,89886.29,90075.27
1758438000,2025-09-21 07:00:00,90079.07,90113.77,89982.02,90034.2
1758441600,2025-09-21 08:00:00,90034.56,90220.83,89991.41,90138.49
1758445200,2025-09-21 09:00:00,90138.93,90250.03,90113.36,90169.55
1758448800,2025-09-21 10:00:00,90167.79,90170.52,90024.14,90131.83
1758452400,2025-09-21 11:00:00,90126.18,90234.14,90044.64,90121.72
1758456000,2025-09-21 12:00:00,90118.64,90196.05,90042.09,90196.05
1758459600,2025-09-21 13:00:00,90194.22,90361.67,90167.53,90217.8
1758463200,2025-09-21 14:00:00,90215.19,90235.88,90026.68,90027
1758466800,2025-09-21 15:00:00,90027.09,90215.65,89984.55,90199.14
1758470400,2025-09-21 16:00:00,90196.94,90279.48,90021.07,90058.04
1758474000,2025-09-21 17:00:00,90058.6,90077.33,89932.55,90009.64
1758477600,2025-09-21 18:00:00,90009.6,90131.26,89972.4,90106.66
1758481200,2025-09-21 19:00:00,90106.55,90174.3,89964.46,90000.54
1758484800,2025-09-21 20:00:00,89998.28,90085.25,89717.5,89725.75
1758488400,2025-09-21 21:00:00,89722.96,89835.34,89627,89784.85
1758492000,2025-09-21 22:00:00,89785.54,89914.08,89754.92,89871.9
1758495600,2025-09-21 23:00:00,89868.18,89936.1,89804.17,89861.62
1758499200,2025-09-22 00:00:00,89860.5,89860.5,89657.22,89737.17
1758502800,2025-09-22 01:00:00,89736.26,89938.09,89727.68,89916.67
1758506400,2025-09-22 02:00:00,89915.05,90211.84,89879.84,90133.03
1758510000,2025-09-22 03:00:00,90131.75,90134.23,89901.07,89936.45
1758513600,2025-09-22 04:00:00,89936.01,90113.56,89930.42,90104.85
1758517200,2025-09-22 05:00:00,90105,90127.61,89849.35,89901.28
1758520800,2025-09-22 06:00:00,89901.48,89922.06,89750.83,89838.51
1758524400,2025-09-22 07:00:00,89836.89,89850.1,89706.14,89836.94
1758528000,2025-09-22 08:00:00,89835.12,89878.78,89801.03,89835.34
1758531600,2025-09-22 09:00:00,89833.38,89835.97,89681.11,89724.44
1758535200,2025-09-22 10:00:00,89725.78,89738.09,89586.87,89643.88
1758538800,2025-09-22 11:00:00,89643.45,89745.56,89588.5,89619.12
1758542400,2025-09-22 12:00:00,89618.99,89654,89533.07,89560.01
1758546000,2025-09-22 13:00:00,89561.68,89754.29,89516.58,89753.51
1758549600,2025-09-22 14:00:00,89752.06,89779.49,89659.3,89663.91
1758553200,2025-09-22 15:00:00,89663.6,89716.06,89525.15,89622.66
1758556800,2025-09-22 16:00:00,89623.13,89710.31,89515.58,89642.29
1758560400,2025-09-22 17:00:00,89640.29,89651.95,89555.33,89621.46
1758564000,2025-09-22 18:00:00,89623.28,89674.95,89509.28,89666.47
1758567600,2025-09-22 19:00:00,89666.49,89892.12,89634.64,89868.19
1758571200,2025-09-22 20:00:00,89868.53,89923.71,89813.22,89891.92
1758574800,2025-09-22 21:00:00,89892.38,90017.35,89872.9,89904.61
1758578400,2025-09-22 22:00:00,89905.24,89975.28,89868.88,89913.5
1758582000,2025-09-22 23:00:00,89914.07,90112.99,89888.99,90055.77
1758585600,2025-09-23 00:00:00,90057.02,90120.86,89985.99,90081.38
1758589200,2025-09-23 01:00:00,90084.46,90263.8,89967.37,90219.78
1758592800,2025-09-23 02:00:00,90221.1,90256.59,90084.31,90103.2
1758596400,2025-09-23 03:00:00,90100.39,90136.03,90029.98,90090.62
1758600000,2025-09-23 04:00:00,90093.13,90134.74,89978.66,90009.62
1758603600,2025-09-23 05:00:00,90012.15,90151.37,89977.24,90136
1758607200,2025-09-23 06:00:00,90136.91,90227.72,90126.39,90189.73
1758610800,2025-09-23 07:00:00,90188.74,90255.78,90080.09,90131.07
1758614400,2025-09-23 08:00:00,90129.07,90337.59,90113.09,90321.28
1758618000,2025-09-23 09:00:00,90321.06,90363.87,90063.67,90085.37
1758621600,2025-09-23 10:00:00,90086.95,90131.78,89996.84,90059.31
1758625200,2025-09-23 11:00:00,90060.99,90310.98,90051.13,90258.32
1758628800,2025-09-23 12:00:00,90258.12,90411.08,90210.17,90353.58
1758632400,2025-09-23 13:00:00,90353.63,90439.13,90246.09,90288.8
1758636000,2025-09-23 14:00:00,90287.76,90497.92,90271.97,90489.14
1758639600,2025-09-23 15:00:00,90488.7,90651.41,90416.43,90538.66
1758643200,2025-09-23 16:00:00,90539.55,90758.04,90527.52,90678.48
1758646800,2025-09-23 17:00:00,90678.39,90718.12,90551.6,90563.55
1758650400,2025-09-23 18:00:00,90565.66,90675.27,90357.71,90430.1
1758654000,2025-09-23 19:00:00,90428.92,90432.13,90319.72,90359.28
1758657600,2025-09-23 20:00:00,90360.37,90535.35,90355.33,90382.63
1758661200,2025-09-23 21:00:00,90385.26,90604.36,90382.74,90520.74
1758664800,2025-09-23 22:00:00,90521.5,90605.93,90384.93,90568.59
1758668400,2025-09-23 23:00:00,90569.4,90787.7,90566.24,90783.15
1758672000,2025-09-24 00:00:00,90786.04,90791.26,90516.33,90624.2
1758675600,2025-09-24 01:00:00,90625.26,90788.92,90573.75,90591.65
1758679200,2025-09-24 02:00:00,90593.52,90670.18,90479.92,90653.76
1758682800,2025-09-24 03:00:00,90655.27,90799.91,90652.73,90787.99
1758686400,2025-09-24 04:00:00,90787.84,90849.91,90720.7,90804.87
1758690000,2025-09-24 05:00:00,90803.49,90808.69,90562.76,90665.07
1758693600,2025-09-24 06:00:00,90664.66,90779.41,90610.74,90622.69
1758697200,2025-09-24 07:00:00,90621.6,90635.28,90491.01,90503.88
1758700800,2025-09-24 08:00:00,90501.66,90504.16,90319.1,90320.94
1758704400,2025-09-24 09:00:00,90321.15,90402.85,90239.15,90291.64
1758708000,2025-09-24 10:00:00,90291.28,90412.2,90242.5,90275.08
1758711600,2025-09-24 11:00:00,90272.92,90305.66,90185.39,90193.62
1758715200,2025-09-24 12:00:00,90191.7,90262.13,90102.17,90207.42
1758718800,2025-09-24 13:00:00,90207.16,90339.36,90140.91,90327.9
1758722400,2025-09-24 14:00:00,90326.34,90359.97,90236.79,90287.2
1758726000,2025-09-24 15:00:00,90289.25,90309.81,89969.96,90069.67
1758729600,2025-09-24 16:00:00,90067.4,90091.03,89957.41,90026.28
1758733200,2025-09-24 17:00:00,90025.21,90094.67,89934.25,89970.53
1758736800,2025-09-24 18:00:00,89971.08,90101.72,89960.11,90002.52
1758740400,2025-09-24 19:00:00,90001.46,90043.83,89758.01,89780.54
1758744000,2025-09-24 20:00:00,89780,89885.34,89746.29,89770.15
1758747600,2025-09-24 21:00:00,89772.21,89862.67,89647.87,89660.31
1758751200,2025-09-24 22:00:00,89661.59,89700.74,89534.2,89655.82
1758754800,2025-09-24 23:00:00,89654.16,89990.41,89648.34,89941.25
1758758400,2025-09-25 00:00:00,89941.68,90045.01,89867.52,90034.08
1758762000,2025-09-25 01:00:00,90033.86,90191.5,90024.27,90166.83
1758765600,2025-09-25 02:00:00,90165.45,90170.49,89966.53,90067.01
1758769200,2025-09-25 03:00:00,90068.11,90110.52,89862.04,89885.19
1758772800,2025-09-25 04:00:00,89886.53,89984.9,89853.7,89870.09
1758776400,2025-09-25 05:00:00,89872.18,89899.17,89686.55,89777.16
1758780000,2025-09-25 06:00:00,89774.84,89816.98,89706.54,89737.39
1758783600,2025-09-25 07:00:00,89737,89926.4,89641.37,89889.58
1758787200,2025-09-25 08:00:00,89887.14,89934.34,89747.57,89756.6
1758790800,2025-09-25 09:00:00,89758.16,89774.8,89642.77,89724.85
1758794400,2025-09-25 10:00:00,89723.87,89911.08,89669.29,89794.71
1758798000,2025-09-25 11:00:00,89792.31,89805.05,89609.5,89674.24
1758801600,2025-09-25 12:00:00,89672.82,89675.29,89446.29,89502.65
1758805200,2025-09-25 13:00:00,89501.11,89515.52,89304.72,89307.02
1758808800,2025-09-25 14:00:00,89304.84,89330.53,89176.31,89213.6
1758812400,2025-09-25 15:00:00,89211.77,89227.63,89083.58,89211.62
1758816000,2025-09-25 16:00:00,89210.56,89256.71,89171.67,89248.23
1758819600,2025-09-25 17:00:00,89246.99,89397.91,89244.52,89303.51
1758823200,2025-09-25 18:00:00,89304.47,89461.11,89300.17,89413.86
1758826800,2025-09-25 19:00:00,89413.56,89491.09,89374.6,89483.1
1758830400,2025-09-25 20:00:00,89479.42,89507.04,89184.61,89220.7
1758834000,2025-09-25 21:00:00,89220.34,89361.76,89186.85,89275.46
1758837600,2025-09-25 22:00:00,89274.1,89282.06,89189.66,89234.38
1758841200,2025-09-25 23:00:00,89235.85,89379.3,89233.12,89320.92
1758844800,2025-09-26 00:00:00,89323.27,89492.65,89264.03,89443.21
1758848400,2025-09-26 01:00:00,89442.46,89488.5,89302.08,89329.02
1758852000,2025-09-26 02:00:00,89329.39,89329.39,89050.92,89065.27
1758855600,2025-09-26 03:00:00,89064.91,89119.02,89008.54,89097.58
1758859200,2025-09-26 04:00:00,89096.61,89241.09,89001.55,89007.35
1758862800,2025-09-26 05:00:00,89006.34,89202.16,88996.09,89174.35
1758866400,2025-09-26 06:00:00,89172.87,89210.26,88981.55,88994.45
1758870000,2025-09-26 07:00:00,88992.66,89135.94,88973.39,89118.52
1758873600,2025-09-26 08:00:00,89118.88,89133.19,88911.64,88974.76
1758877200,2025-09-26 09:00:00,88975.31,89018.64,88706.29,88746.99
1758880800,2025-09-26 10:00:00,88749.58,88759.73,88464.89,88485.01
1758884400,2025-09-26 11:00:00,88481.86,88511.34,88292.24,88299.04
1758888000,2025-09-26 12:00:00,88298.82,88321.85,88076.65,88129.96
1758891600,2025-09-26 13:00:00,88130.1,88251.25,88055.64,88233.43
1758895200,2025-09-26 14:00:00,88231.77,88376.51,88230.74,88269.62
1758898800,2025-09-26 15:00:00,88269.13,88326.53,88112.99,88127.57
1758902400,2025-09-26 16:00:00,88124.77,88272.03,88052.22,88118.39
1758906000,2025-09-26 17:00:00,88117.4,88162.93,88040.09,88053.05
1758909600,2025-09-26 18:00:00,88055.77,88123.68,87990.25,88102.59
1758913200,2025-09-26 19:00:00,88101.22,88205.5,88078.92,88140.61
1758916800,2025-09-26 20:00:00,88140.94,88273.92,88099.14,88246.59
1758920400,2025-09-26 21:00:00,88245.67,88382.82,88181.19,88378.1
1758924000,2025-09-26 22:00:00,88378.87,88454.71,88315.61,88413.46
1758927600,2025-09-26 23:00:00,88412.33,88485.74,88313.92,88342.1
1758931200,2025-09-27 00:00:00,88338.72,88417.66,88302,88319.63
1758934800,2025-09-27 01:00:00,88319.91,88365.29,88165.55,88227.38
1758938400,2025-09-27 02:00:00,88227.61,88332.25,88162.15,88292.86
1758942000,2025-09-27 03:00:00,88291.72,88352.81,88179,88210.33
1758945600,2025-09-27 04:00:00,88211.66,88215.93,88011.47,88094.58
1758949200,2025-09-27 05:00:00,88096,88407.13,88088.47,88404.83
1758952800,2025-09-27 06:00:00,88404.77,88418.7,88269.04,88404.34
1758956400,2025-09-27 07:00:00,88404.89,88579.73,88397.24,88579.73
1758960000,2025-09-27 08:00:00,88578.8,88653.38,88514.45,88652.66
1758963600,2025-09-27 09:00:00,88653.71,88766.78,88602.18,88753.66
1758967200,2025-09-27 10:00:00,88752.88,88752.88,88488.97,88493.38
1758970800,2025-09-27 11:00:00,88492.01,88607.88,88476.95,88558.95
1758974400,2025-09-27 12:00:00,88558.99,88656,88551.64,88573.76
1758978000,2025-09-27 13:00:00,88574.51,88752.01,88539.83,88725.17
1758981600,2025-09-27 14:00:00,88728.69,88997.06,88689.92,88903.04
1758985200,2025-09-27 15:00:00,88904.72,89153.66,88861.27,89119.92
1758988800,2025-09-27 16:00:00,89120.05,89196.06,89090.25,89173.44
1758992400,2025-09-27 17:00:00,89172.2,89203.61,89024.56,89099.91
1758996000,2025-09-27 18:00:00,89100.68,89273.27,89089.49,89210.14
1758999600,2025-09-27 19:00:00,89212.49,89225.1,89118.45,89193.75
1759003200,2025-09-27 20:00:00,89196.23,89419.51,89177.24,89418.36
1759006800,2025-09-27 21:00:00,89418.81,89585.41,89394.38,89582.26
1759010400,2025-09-27 22:00:00,89584.88,89640.19,89380.56,89407.12
1759014000,2025-09-27 23:00:00,89408.08,89426.72,89270.71,89382.19
1759017600,2025-09-28 00:00:00,89382.95,89431.66,89205.5,89233
1759021200,2025-09-28 01:00:00,89234.79,89427.36,89188.59,89387.98
1759024800,2025-09-28 02:00:00,89389.24,89485.02,89313.29,89481.01
1759028400,2025-09-28 03:00:00,89482.58,89670.4,89473.3,89563.52
1759032000,2025-09-28 04:00:00,89565.3,89761.23,89511.66,89688.31
1759035600,2025-09-28 05:00:00,89687.96,89737.97,89650.65,89650.65
1759039200,2025-09-28 06:00:00,89649.27,89708.71,89563.18,89595.63
1759042800,2025-09-28 07:00:00,89593.59,89659.38,89501.72,89542.12
1759046400,2025-09-28 08:00:00,89543.52,89695.6,89507.7,89615.77
1759050000,2025-09-28 09:00:00,89616.82,89877.53,89545.89,89724
1759053600,2025-09-28 10:00:00,89724.5,89731.53,89470.84,89502.49
1759057200,2025-09-28 11:00:00,89502.01,89760.5,89483.1,89758.5
1759060800,2025-09-28 12:00:00,89759.91,89872.14,89703.79,89850.87
1759064400,2025-09-28 13:00:00,89852.61,90066.84,89772.21,90012.1
1759068000,2025-09-28 14:00:00,90013.09,90053.37,89946.3,90003.52
1759071600,2025-09-28 15:00:00,90003.52,90176.33,90003.52,90126.84
1759075200,2025-09-28 16:00:00,90128.09,90342.29,90115.93,90248.53
1759078800,2025-09-28 17:00:00,90250.1,90289.93,89999.74,90005.14
1759082400,2025-09-28 18:00:00,90002.81,90061.78,89924.57,89965.57
1759086000,2025-09-28 19:00:00,89966.67,90000.88,89854.66,89976.58
1759089600,2025-09-28 20:00:00,89977.07,90119.64,89922.42,89926.7
1759093200,2025-09-28 21:00:00,89929.45,90124.74,89929.45,90105.4
1759096800,2025-09-28 22:00:00,90106.27,90128.95,89987.43,90068.65
1759100400,2025-09-28 23:00:00,90069.97,90075.59,89925.86,89971.51
1759104000,2025-09-29 00:00:00,89971.45,90045.35,89890.83,89899.7
1759107600,2025-09-29 01:00:00,89901.01,89920.72,89810.94,89814.99
1759111200,2025-09-29 02:00:00,89816.33,89983.7,89795.87,89974.85
1759114800,2025-09-29 03:00:00,89974.27,90152.05,89950.15,90112.11
1759118400,2025-09-29 04:00:00,90109.92,90190.62,90088.93,90121.76
1759122000,2025-09-29 05:00:00,90123.48,90362.26,90067.75,90219.8
1759125600,2025-09-29 06:00:00,90218.99,90404.65,90154.11,90397.68
1759129200,2025-09-29 07:00:00,90395.58,90435.28,90150.65,90197.1
1759132800,2025-09-29 08:00:00,90200.2,90209.29,89805.74,89916.33
1759136400,2025-09-29 09:00:00,89916.27,90043.69,89907.87,90027.95
1759140000,2025-09-29 10:00:00,90029.31,90034.48,89766.08,89778.02
1759143600,2025-09-29 11:00:00,89776.66,89948.44,89770.88,89773.64
1759147200,2025-09-29 12:00:00,89771.74,89872.79,89668.38,89682.51
1759150800,2025-09-29 13:00:00,89682.28,89683.31,89477.66,89501.59
1759154400,2025-09-29 14:00:00,89502.64,89527.76,89356.87,89391.16
1759158000,2025-09-29 15:00:00,89393.01,89466.98,89316.68,89418.71
1759161600,2025-09-29 16:00:00,89416.36,89482.24,89370.62,89441.16
1759165200,2025-09-29 17:00:00,89442.75,89490.8,89217.77,89224.52
1759168800,2025-09-29 18:00:00,89224.82,89460.34,89172.82,89446.27
1759172400,2025-09-29 19:00:00,89445.11,89653.51,89410.66,89607.47
1759176000,2025-09-29 20:00:00,89606.93,89747.13,89597.51,89688.51
1759179600,2025-09-29 21:00:00,89688.88,89788.54,89633.19,89765.55
1759183200,2025-09-29 22:00:00,89766.05,89942.61,89728.02,89915.85
1759186800,2025-09-29 23:00:00,89914.33,90003.48,89892.96,89913.01
1759190400,2025-09-30 00:00:00,89911.73,90142.29,89907.28,90067.26
1759194000,2025-09-30 01:00:00,90111.29,90233.91,90094.06,90129.6
1759197600,2025-09-30 02:00:00,90130.14,90149.13,89871.31,89895.64
1759201200,2025-09-30 03:00:00,89897.71,89923.83,89800.2,89877
1759204800,2025-09-30 04:00:00,89877.31,89936.98,89767.98,89801.44
1759208400,2025-09-30 05:00:00,89801.36,90023.8,89705.84,90000.18
1759212000,2025-09-30 06:00:00,89999.18,90076.06,89954.44,90062.98
1759215600,2025-09-30 07:00:00,90061.83,90303.62,90050.01,90279.22
1759219200,2025-09-30 08:00:00,90279.3,90431.27,90209.89,90222.39
1759222800,2025-09-30 09:00:00,90221.51,90419.24,90186.09,90387.23
1759226400,2025-09-30 10:00:00,90384.96,90505.96,90334.08,90430.19
1759230000,2025-09-30 11:00:00,90429.86,90540.95,90356.48,90522.78
1759233600,2025-09-30 12:00:00,90522.96,90545.91,90222.16,90305.35
1759237200,2025-09-30 13:00:00,90305.75,90562.56,90304.95,90530.62
1759240800,2025-09-30 14:00:00,90532.27,90711.63,90520.04,90697.72
1759244400,2025-09-30 15:00:00,90696.87,90705.83,90563.95,90616.07
1759248000,2025-09-30 16:00:00,90615.44,90728.13,90587.24,90663.53
1759251600,2025-09-30 17:00:00,90665.62,90679.04,90541.59,90547.47
1759255200,2025-09-30 18:00:00,90548,90571.67,90413.88,90520.41
1759258800,2025-09-30 19:00:00,90521.04,90573.64,90352.79,90352.79
1759262400,2025-09-30 20:00:00,90355.68,90418.94,90316.94,90329.88
1759266000,2025-09-30 21:00:00,90326.63,90329.64,90239.8,90275.68
1759269600,2025-09-30 22:00:00,90274.54,90284.47,90101.55,90163.74
1759273200,2025-09-30 23:00:00,90163.31,90285.34,90120.38,90213.71
1759276800,2025-10-01 00:00:00,90214.08,90323.66,90143.52,90230.3
1759280400,2025-10-01 01:00:00,90230.73,90284.52,90157.52,90185.41
1759284000,2025-10-01 02:00:00,90186.86,90201.09,90053.1,90072.83
1759287600,2025-10-01 03:00:00,90071.98,90209.49,90051.34,90132.04
1759291200,2025-10-01 04:00:00,90130.42,90328.27,90125.14,90216.41
1759294800,2025-10-01 05:00:00,90217.3,90275.28,90053.32,90147.64
1759298400,2025-10-01 06:00:00,90144.47,90515.8,90139.23,90506.17
1759302000,2025-10-01 07:00:00,90508.53,90698.6,90489.42,90679.14
1759305600,2025-10-01 08:00:00,90678.35,90950.67,90641.26,90919.7
1759309200,2025-10-01 09:00:00,90919.04,90921.73,90677.01,90804.98
1759312800,2025-10-01 10:00:00,90804.19,90868.19,90751.6,90831.32
1759316400,2025-10-01 11:00:00,90834.16,90909.55,90774.77,90840.53
1759320000,2025-10-01 12:00:00,90840.78,90874.25,90710.48,90711.71
1759323600,2025-10-01 13:00:00,90714.71,90775.66,90584.03,90656.72
1759327200,2025-10-01 14:00:00,90655.8,90670.93,90528.26,90575.43
1759330800,2025-10-01 15:00:00,90574.34,90694.81,90572.83,90626.43
1759334400,2025-10-01 16:00:00,90625.23,90759.59,90614.14,90756.98
1759338000,2025-10-01 17:00:00,90758.5,90805.16,90648.06,90762.59
1759341600,2025-10-01 18:00:00,90763.87,90930.79,90732.97,90827.54
1759345200,2025-10-01 19:00:00,90829.21,90962.01,90787.06,90884.73
1759348800,2025-10-01 20:00:00,90884.35,90962.53,90855.82,90929.95
1759352400,2025-10-01 21:00:00,90928.53,90930.5,90685.44,90768.23
1759356000,2025-10-01 22:00:00,90770,90948.06,90744.79,90765.77
1759359600,2025-10-01 23:00:00,90763.76,90820.63,90540.96,90642.11
1759363200,2025-10-02 00:00:00,90639.97,90693.19,90475.52,90533.94
1759366800,2025-10-02 01:00:00,90534.46,90634.54,90450.25,90624.02
1759370400,2025-10-02 02:00:00,90623.76,90743.74,90612.14,90705.1
1759374000,2025-10-02 03:00:00,90704.6,90884.67,90688.1,90833.65
1759377600,2025-10-02 04:00:00,90833.61,90938.12,90805.91,90919.03
1759381200,2025-10-02 05:00:00,90916.47,91029.49,90836.17,90899.68
1759384800,2025-10-02 06:00:00,90900.4,91116.99,90894.75,90970.43
1759388400,2025-10-02 07:00:00,90968.16,90993.52,90786.53,90805.35
1759392000,2025-10-02 08:00:00,90807.38,90811.38,90506.6,90530.9
1759395600,2025-10-02 09:00:00,90530.58,90559.57,90349.23,90372.08
1759399200,2025-10-02 10:00:00,90372.21,90525.59,90371.75,90482.79
1759402800,2025-10-02 11:00:00,90484.39,90489.15,90335.5,90343.54
1759406400,2025-10-02 12:00:00,90346.95,90398.95,90191.09,90255.52
1759410000,2025-10-02 13:00:00,90259.06,90461.11,90139.88,90194.22
1759413600,2025-10-02 14:00:00,90194.6,90344.56,90172.19,90179.04
1759417200,2025-10-02 15:00:00,90178.99,90363.79,90125.07,90318.82
1759420800,2025-10-02 16:00:00,90319.96,90540.29,90305.17,90416.11
1759424400,2025-10-02 17:00:00,90414.95,90551.82,90312.21,90441.65
1759428000,2025-10-02 18:00:00,90438.4,90624.04,90432.92,90562.49
1759431600,2025-10-02 19:00:00,90562.32,90762.2,90547.25,90744.06
1759435200,2025-10-02 20:00:00,90744.07,90794.86,90617.38,90670.61
1759438800,2025-10-02 21:00:00,90668.51,90780.34,90638.53,90719.36
1759442400,2025-10-02 22:00:00,90720.24,90752.67,90587.13,90747.73
1759446000,2025-10-02 23:00:00,90748.19,90768.72,90604.65,90703.68
1759449600,2025-10-03 00:00:00,90706.76,90717.59,90589.96,90696.68
1759453200,2025-10-03 01:00:00,90698.69,90765.73,90616.17,90636.82
1759456800,2025-10-03 02:00:00,90637.55,90905.2,90620.79,90901.55
1759460400,2025-10-03 03:00:00,90901.62,91091.06,90871.75,91085.48
1759464000,2025-10-03 04:00:00,91085.87,91179.58,91037.19,91055.64
1759467600,2025-10-03 05:00:00,91054.49,91184.01,90986.47,91169.33
1759471200,2025-10-03 06:00:00,91172.32,91243.49,91044.86,91225.72
1759474800,2025-10-03 07:00:00,91223.48,91225.24,90801.62,90827.49
1759478400,2025-10-03 08:00:00,90827.95,90876.56,90699.15,90844.37
1759482000,2025-10-03 09:00:00,90844.02,90939.53,90706.23,90733.88
1759485600,2025-10-03 10:00:00,90733.18,90733.18,90589.32,90681.41
1759489200,2025-10-03 11:00:00,90680.56,90986.75,90648.27,90945.53
1759492800,2025-10-03 12:00:00,90944.32,91082.82,90912.23,90962.8
1759496400,2025-10-03 13:00:00,90962.13,91096.71,90954.11,91080.16
1759500000,2025-10-03 14:00:00,91084.57,91137.72,90882.47,91108
1759503600,2025-10-03 15:00:00,91110.77,91144.53,90980.91,91141.58
1759507200,2025-10-03 16:00:00,91140.8,91199.41,91006.25,91055.59
1759510800,2025-10-03 17:00:00,91055.42,91117.1,90963.03,91094.1
1759514400,2025-10-03 18:00:00,91094.51,91142.73,91026.38,91045.06
1759518000,2025-10-03 19:00:00,91045.33,91284.12,91031.56,91167.38
1759521600,2025-10-03 20:00:00,91169.19,91304.66,91110.34,91297.87
1759525200,2025-10-03 21:00:00,91302.63,91368.12,91264.97,91325
1759528800,2025-10-03 22:00:00,91323.96,91434.33,91280.18,91411.49
1759532400,2025-10-03 23:00:00,91411.42,91476.47,91319.65,91471.23
1759536000,2025-10-04 00:00:00,91469.26,91504.5,91241.01,91310.25
1759539600,2025-10-04 01:00:00,91310.97,91312.44,91041.94,91041.94
1759543200,2025-10-04 02:00:00,91040.81,91080.84,90928.02,91063.8
1759546800,2025-10-04 03:00:00,91063.7,91332.93,91045.17,91210.66
1759550400,2025-10-04 04:00:00,91213.78,91400.45,91207.38,91374.92
1759554000,2025-10-04 05:00:00,91374.32,91586.48,91351.92,91522.18
1759557600,2025-10-04 06:00:00,91524.82,91934.85,91498.64,91912.64
1759561200,2025-10-04 07:00:00,91911.71,91954.05,91859.05,91887.29
1759564800,2025-10-04 08:00:00,91884.63,92019.23,91774.15,92005.58
1759568400,2025-10-04 09:00:00,92006.93,92075.76,91962.34,92017.36
1759572000,2025-10-04 10:00:00,92016.2,92160.53,91999.1,92138.87
1759575600,2025-10-04 11:00:00,92138.85,92282.46,92106.96,92220.44
1759579200,2025-10-04 12:00:00,92219.92,92409.06,92219.92,92314.49
1759582800,2025-10-04 13:00:00,92313.4,92335.94,91991.25,92001.97
1759586400,2025-10-04 14:00:00,92002.64,92160.65,91957.15,92146.45
1759590000,2025-10-04 15:00:00,92146.42,92184.05,92057.33,92104.8
1759593600,2025-10-04 16:00:00,92104.96,92381.09,92081.69,92241.82
1759597200,2025-10-04 17:00:00,92242.6,92709.17,92238.18,92692.18
1759600800,2025-10-04 18:00:00,92692.77,92755.39,92662.06,92717.15
1759604400,2025-10-04 19:00:00,92719.55,92725.5,92567.45,92595.41
1759608000,2025-10-04 20:00:00,92591.77,92722.48,92570.29,92651.88
1759611600,2025-10-04 21:00:00,92652.03,92771.86,92553.98,92558.47
1759615200,2025-10-04 22:00:00,92556.56,92657.49,92477.48,92507.97
1759618800,2025-10-04 23:00:00,92505.9,92578.78,92435.76,92528.98
1759622400,2025-10-05 00:00:00,92530.48,92546.89,92284.45,92306.13
1759626000,2025-10-05 01:00:00,92305.29,92314.28,92111.88,92159.49
1759629600,2025-10-05 02:00:00,92160.64,92251.47,92051.09,92070.96
1759633200,2025-10-05 03:00:00,92069.66,92107.49,92020.92,92067.16
1759636800,2025-10-05 04:00:00,92069.95,92203.18,91985.96,92018.44
1759640400,2025-10-05 05:00:00,92017.82,92077.24,91932.35,92003.27
1759644000,2025-10-05 06:00:00,92006.59,92103.7,91907.86,91954.74
1759647600,2025-10-05 07:00:00,91952.58,91973.19,91814.5,91950.25
1759651200,2025-10-05 08:00:00,91951.54,92003.19,91870.47,91926.34
1759654800,2025-10-05 09:00:00,91926.99,92005.1,91889.03,91925.33
1759658400,2025-10-05 10:00:00,91924.65,91986.08,91859.96,91915.65
1759662000,2025-10-05 11:00:00,91914.67,92007.71,91785.89,91993.6
1759665600,2025-10-05 12:00:00,91992.22,92288.8,91988.94,92094.14
1759669200,2025-10-05 13:00:00,92093.62,92111.36,91942.17,91943.36
1759672800,2025-10-05 14:00:00,91942.52,91953.62,91756,91888.98
1759676400,2025-10-05 15:00:00,91889.06,92011.58,91885.05,91956.46
1759680000,2025-10-05 16:00:00,91954.71,92042.22,91765.26,91765.83
1759683600,2025-10-05 17:00:00,91767.35,91794.88,91669.6,91723.77
1759687200,2025-10-05 18:00:00,91722.42,91765.87,91651.39,91670.07
1759690800,2025-10-05 19:00:00,91670.98,91811.04,91668.26,91778.37
1759694400,2025-10-05 20:00:00,91779,92032.57,91728.11,91893.16
1759698000,2025-10-05 21:00:00,91893.02,91928.23,91825.87,91909.69
1759701600,2025-10-05 22:00:00,91911.83,92001.88,91896.77,91943.18
1759705200,2025-10-05 23:00:00,91945.07,92083.86,91877.2,92060.72
1759708800,2025-10-06 00:00:00,92057.05,92181.63,92022.51,92085.98
1759712400,2025-10-06 01:00:00,92083.11,92175.79,92047.37,92110.55
1759716000,2025-10-06 02:00:00,92111.59,92200.42,91924.76,91966.27
1759719600,2025-10-06 03:00:00,91963.32,92034.49,91855.07,92034.49
1759723200,2025-10-06 04:00:00,92037.02,92157.24,92004.67,92023.29
1759726800,2025-10-06 05:00:00,92023,92154.81,91977.21,92133.32
1759730400,2025-10-06 06:00:00,92136.03,92143.42,91988.24,92087.57
1759734000,2025-10-06 07:00:00,92088.9,92483.65,92066.14,92356.63
1759737600,2025-10-06 08:00:00,92356.79,92562.42,92305.53,92524.75
1759741200,2025-10-06 09:00:00,92527.02,92701.82,92490.81,92699.74
1759744800,2025-10-06 10:00:00,92700.3,92734.62,92541.81,92605.82
1759748400,2025-10-06 11:00:00,92605.57,92808.17,92579.07,92763.9
1759752000,2025-10-06 12:00:00,92761.77,92795.35,92554.92,92696.55
1759755600,2025-10-06 13:00:00,92695.77,92715.47,92548.56,92659.15
1759759200,2025-10-06 14:00:00,92662.37,92757.29,92647.39,92675.61
1759762800,2025-10-06 15:00:00,92675.25,92829.39,92664.43,92734.98
1759766400,2025-10-06 16:00:00,92737.03,92895.61,92671.66,92861.65
1759770000,2025-10-06 17:00:00,92861.35,92963.72,92763.54,92773.57
1759773600,2025-10-06 18:00:00,92776.04,92870.17,92712.85,92805.24
1759777200,2025-10-06 19:00:00,92804.62,92829.5,92703.36,92705.31
1759780800,2025-10-06 20:00:00,92705.59,93016.18,92640.59,93002.8
1759784400,2025-10-06 21:00:00,93002.73,93042.2,92872.28,92889.15
1759788000,2025-10-06 22:00:00,92890.15,92899.85,92628.88,92628.88
1759791600,2025-10-06 23:00:00,92628.14,92677.8,92534.35,92603.34
1759795200,2025-10-07 00:00:00,92600.9,92612.9,92441.81,92565.37
1759798800,2025-10-07 01:00:00,92563.09,92584.56,92504.27,92553.05
1759802400,2025-10-07 02:00:00,92552.94,92721.05,92537.32,92663.94
1759806000,2025-10-07 03:00:00,92664.56,92791.17,92634.44,92719.01
1759809600,2025-10-07 04:00:00,92718.94,92865.66,92620.41,92627.36
1759813200,2025-10-07 05:00:00,92627.4,92633.13,92505.26,92536.22
1759816800,2025-10-07 06:00:00,92533.09,92605.5,92382.08,92388.44
1759820400,2025-10-07 07:00:00,92389.54,92481,92329.85,92459.42
1759824000,2025-10-07 08:00:00,92456.46,92459.48,92248.57,92328.67
1759827600,2025-10-07 09:00:00,92327.05,92345.58,92206.45,92319.06
1759831200,2025-10-07 10:00:00,92317.6,92319.62,92035.99,92038.18
1759834800,2025-10-07 11:00:00,92040.17,92147.56,91913.02,91943.35
1759838400,2025-10-07 12:00:00,91941.33,91954.1,91795.15,91837.25
1759842000,2025-10-07 13:00:00,91837.46,91905.6,91542.08,91564.83
1759845600,2025-10-07 14:00:00,91566.23,91570.72,91321.63,91388.32
1759849200,2025-10-07 15:00:00,91387.78,91683.74,91376.14,91622.12
1759852800,2025-10-07 16:00:00,91621.09,91730.88,91537.04,91599.16
1759856400,2025-10-07 17:00:00,91596.83,91600.05,91393.35,91420.66
1759860000,2025-10-07 18:00:00,91418.82,91462.57,91210.38,91212.35
1759863600,2025-10-07 19:00:00,91216.87,91286.44,91177.12,91267.26
1759867200,2025-10-07 20:00:00,91267.86,91269.4,91141.25,91195.81
1759870800,2025-10-07 21:00:00,91197.22,91314.3,91154.48,91268.26
1759874400,2025-10-07 22:00:00,91267.51,91292.54,91131.53,91137.12
1759878000,2025-10-07 23:00:00,91135.27,91317.24,91124.6,91262.51
1759881600,2025-10-08 00:00:00,91260.45,91391.91,91260.45,91329.13
1759885200,2025-10-08 01:00:00,91328.07,91435.45,91297.54,91355.91
1759888800,2025-10-08 02:00:00,91357.76,91532.61,91339.24,91464.94
1759892400,2025-10-08 03:00:00,91466.18,91556.04,91451.63,91493.05
1759896000,2025-10-08 04:00:00,91496.72,91584.75,91436.41,91551.52
1759899600,2025-10-08 05:00:00,91552.69,91594.55,91465.39,91548.64
1759903200,2025-10-08 06:00:00,91548.84,91591.5,91369.77,91395.16
1759906800,2025-10-08 07:00:00,91394.48,91567.76,91375.19,91558.67
1759910400,2025-10-08 08:00:00,91556.09,91694.09,91528.91,91640.83
1759914000,2025-10-08 09:00:00,91640.51,91674.02,91558.37,91634.22
1759917600,2025-10-08 10:00:00,91633.39,91909.31,91626.5,91797.09
1759921200,2025-10-08 11:00:00,91796.28,91840.43,91655.17,91721.41
1759924800,2025-10-08 12:00:00,91720.78,91787.4,91659.01,91741.1
1759928400,2025-10-08 13:00:00,91744.24,91914.44,91732.61,91841.22
1759932000,2025-10-08 14:00:00,91840.7,91950.31,91781.46,91873.49
1759935600,2025-10-08 15:00:00,91869.47,91970.71,91838.57,91939.91
1759939200,2025-10-08 16:00:00,91937.8,92102.58,91822.38,92088.9
1759942800,2025-10-08 17:00:00,92090.36,92247.36,92072.05,92224.66
1759946400,2025-10-08 18:00:00,92221.19,92231.41,92092.62,92210.04
1759950000,2025-10-08 19:00:00,92206.4,92387.5,92166.23,92284.12
1759953600,2025-10-08 20:00:00,92280.82,92365.72,92215.58,92341.4
1759957200,2025-10-08 21:00:00,92339.15,92364.01,92200.98,92271.06
1759960800,2025-10-08 22:00:00,92272.42,92401.5,92241.79,92376.24
1759964400,2025-10-08 23:00:00,92374.8,92381.12,92220.28,92272.63
1759968000,2025-10-09 00:00:00,92271.1,92422.43,92217.27,92290.61
1759971600,2025-10-09 01:00:00,92290.02,92320.59,92096.01,92138.34
1759975200,2025-10-09 02:00:00,92137.11,92258.93,92131.85,92258.49
1759978800,2025-10-09 03:00:00,92259.62,92275.9,92095.84,92115.19
1759982400,2025-10-09 04:00:00,92112.47,92122.14,91966.4,92075.11
1759986000,2025-10-09 05:00:00,92074.56,92089.49,91972.08,92056.2
1759989600,2025-10-09 06:00:00,92056.64,92093.33,91917.7,92034.5
1759993200,2025-10-09 07:00:00,92034.23,92226.57,92017.27,92218.85
1759996800,2025-10-09 08:00:00,92216.66,92386.83,92214.12,92352.07
1760000400,2025-10-09 09:00:00,92355.61,92380.7,92190.02,92290.78
1760004000,2025-10-09 10:00:00,92292.39,92317.38,92190.9,92248.07
1760007600,2025-10-09 11:00:00,92245.9,92303.76,92155.03,92227.09
1760011200,2025-10-09 12:00:00,92226.77,92394.3,92177.52,92394.3
1760014800,2025-10-09 13:00:00,92394.26,92570.06,92390.77,92519.39
1760018400,2025-10-09 14:00:00,92519.72,92653.76,92486.85,92653.76
1760022000,2025-10-09 15:00:00,92653.73,92718.62,92596.99,92617.7
1760025600,2025-10-09 16:00:00,92620.48,92648.99,92530.99,92543.37
1760029200,2025-10-09 17:00:00,92546.05,92627.13,92519.87,92568.86
1760032800,2025-10-09 18:00:00,92569.62,92610.19,92446.54,92551.37
1760036400,2025-10-09 19:00:00,92551.76,92737.12,92521.41,92586.02
1760040000,2025-10-09 20:00:00,92588.3,92625.77,92445.66,92460.61
1760043600,2025-10-09 21:00:00,92460.33,92469.1,92322.06,92352.38
1760047200,2025-10-09 22:00:00,92351.35,92513.81,92285.46,92420.48
1760050800,2025-10-09 23:00:00,92422.02,92588.12,92420.82,92523.51
1760054400,2025-10-10 00:00:00,92523.05,92606.3,92476.37,92538.82
1760058000,2025-10-10 01:00:00,92540.07,92627.4,92493.65,92517.01
1760061600,2025-10-10 02:00:00,92516.51,92592.53,92344.73,92354.36
1760065200,2025-10-10 03:00:00,92353.08,92359.38,92143.15,92179.73
1760068800,2025-10-10 04:00:00,92181.39,92222.79,91930.74,91931.64
1760072400,2025-10-10 05:00:00,91928.77,92065.28,91880.44,91978.29
1760076000,2025-10-10 06:00:00,91974.49,92060.36,91869.95,91886.21
1760079600,2025-10-10 07:00:00,91887.51,91972.91,91754.04,91763.02
1760083200,2025-10-10 08:00:00,91762.52,91764.22,91630.31,91734.83
1760086800,2025-10-10 09:00:00,91734.95,91749.09,91602.25,91693.28
1760090400,2025-10-10 10:00:00,91692.58,91715.06,91613.44,91663.76
1760094000,2025-10-10 11:00:00,91663,91679.11,91533.44,91582.69
1760097600,2025-10-10 12:00:00,91585.83,91736.54,91571.04,91646.03
1760101200,2025-10-10 13:00:00,91644.46,91668.01,91515.04,91540.73
1760104800,2025-10-10 14:00:00,91539.53,91726.22,91508.89,91626.47
1760108400,2025-10-10 15:00:00,91625.92,91733.47,91553.7,91633.07
1760112000,2025-10-10 16:00:00,91629.45,91758.97,91616.84,91647
1760115600,2025-10-10 17:00:00,91647.24,91666.77,91475.79,91552.18
1760119200,2025-10-10 18:00:00,91552.02,91603.18,91451.42,91557.78
1760122800,2025-10-10 19:00:00,91558.31,91651.51,91509.27,91620
1760126400,2025-10-10 20:00:00,91618.73,91783.41,91606.08,91783.41
1760130000,2025-10-10 21:00:00,91783.54,91815.5,91624,91688.71
1760133600,2025-10-10 22:00:00,91689.21,91707.27,91608.29,91639.1
1760137200,2025-10-10 23:00:00,91639.33,91760.41,91551.91,91709.85
1760140800,2025-10-11 00:00:00,91713.32,91748.54,91550.16,91658.59
1760144400,2025-10-11 01:00:00,91654.83,91920.03,91646.45,91834.91
1760148000,2025-10-11 02:00:00,91837.29,91839.65,91642.98,91646.34
1760151600,2025-10-11 03:00:00,91644.6,91797.31,91636.98,91761.82
1760155200,2025-10-11 04:00:00,91759.39,92049,91734.68,92024.76
1760158800,2025-10-11 05:00:00,92024.67,92053.35,91825.62,91844.76
1760162400,2025-10-11 06:00:00,91846.51,92047.66,91815.11,91865.59
1760166000,2025-10-11 07:00:00,91866.65,91877.97,91339.45,91387.08
1760169600,2025-10-11 08:00:00,91387.42,91506.27,91368.28,91411.82
1760173200,2025-10-11 09:00:00,91411.04,91462.26,91331.55,91336.95
1760176800,2025-10-11 10:00:00,91336.23,91517.77,91225.03,91481.16
1760180400,2025-10-11 11:00:00,91480.14,91769.63,91422.92,91721.29
1760184000,2025-10-11 12:00:00,91719.44,91833.52,91677.87,91801.7
1760187600,2025-10-11 13:00:00,91800.94,91852.08,91753.6,91829.6
1760191200,2025-10-11 14:00:00,91826.14,91826.14,91710.34,91780.05
1760194800,2025-10-11 15:00:00,91779.92,91810.99,91663.94,91722.94
1760198400,2025-10-11 16:00:00,91722.68,91734.98,91560.91,91577.81
1760202000,2025-10-11 17:00:00,91577.43,91695.58,91515.68,91529.5
1760205600,2025-10-11 18:00:00,91530.19,91538.76,91299.71,91384.78
1760209200,2025-10-11 19:00:00,91384.43,91588.13,91352.81,91588.13
1760212800,2025-10-11 20:00:00,91587.57,91808.55,91573.19,91797.38
1760216400,2025-10-11 21:00:00,91797.95,91871.48,91733.81,91866.47
1760220000,2025-10-11 22:00:00,91866.59,92114.93,91850.27,92017.95
1760223600,2025-10-11 23:00:00,92017.01,92213.95,92016.55,92191.8
1760227200,2025-10-12 00:00:00,92195.4,92222.97,92012.21,92016.89
1760230800,2025-10-12 01:00:00,92018.18,92024.8,91867.42,91921.14
1760234400,2025-10-12 02:00:00,91920.25,92126.19,91900.75,92116.52
1760238000,2025-10-12 03:00:00,92115.51,92137.72,92045.48,92129.08
1760241600,2025-10-12 04:00:00,92133.1,92220.72,92089.34,92200.06
1760245200,2025-10-12 05:00:00,92199.85,92290.4,92132.02,92203.41
1760248800,2025-10-12 06:00:00,92203.74,92357.31,92183.74,92311.37
1760252400,2025-10-12 07:00:00,92313.35,92375.42,92280.8,92347.27
1760256000,2025-10-12 08:00:00,92347.84,92494.97,92324.77,92354.6
1760259600,2025-10-12 09:00:00,92351.41,92382.38,92250.13,92263.89
1760263200,2025-10-12 10:00:00,92263.96,92590.09,92263.96,92538.74
1760266800,2025-10-12 11:00:00,92539.33,92551.62,92408.93,92426.76
1760270400,2025-10-12 12:00:00,92426.46,92554.77,92341.9,92420.69
1760274000,2025-10-12 13:00:00,92422.24,92424.45,92235.66,92245.64
1760277600,2025-10-12 14:00:00,92245.21,92511.24,92206.68,92495.83
1760281200,2025-10-12 15:00:00,92497.86,92567.19,92450.12,92507.82
1760284800,2025-10-12 16:00:00,92509.5,92553.02,92394.62,92402.22
1760288400,2025-10-12 17:00:00,92401.52,92619.89,92384.18,92564.41
1760292000,2025-10-12 18:00:00,92564.32,92668.05,92530.87,92628.9
1760295600,2025-10-12 19:00:00,92625.84,92718.93,92544.93,92660.86
1760299200,2025-10-12 20:00:00,92661.28,92756.74,92624.84,92655.21
1760302800,2025-10-12 21:00:00,92654.34,92766.3,92576.46,92664.07
1760306400,2025-10-12 22:00:00,92663.17,92775.39,92640.83,92641.4
1760310000,2025-10-12 23:00:00,92641.12,92670.62,92462.27,92502.22
1760313600,2025-10-13 00:00:00,92503.28,92632.77,92485.75,92544.04
1760317200,2025-10-13 01:00:00,92541.67,92552.42,92229.55,92240.15
1760320800,2025-10-13 02:00:00,92239.93,92318.17,92047.62,92310.89
1760324400,2025-10-13 03:00:00,92311.35,92381.57,92228.09,92258.82
1760328000,2025-10-13 04:00:00,92259.4,92294.55,92077.41,92121.97
1760331600,2025-10-13 05:00:00,92124.72,92261.97,92087.26,92206.57
1760335200,2025-10-13 06:00:00,92206.68,92208.12,92086.87,92128.46
1760338800,2025-10-13 07:00:00,92130.03,92289.42,92093.52,92282.83
1760342400,2025-10-13 08:00:00,92281.09,92428.13,92278.47,92422.25
1760346000,2025-10-13 09:00:00,92421.82,92713.66,92395.75,92675.71
1760349600,2025-10-13 10:00:00,92674.76,92725.39,92505.9,92607.07
1760353200,2025-10-13 11:00:00,92609.63,92728.59,92609.63,92700.69
1760356800,2025-10-13 12:00:00,92702.21,92807.04,92530.86,92543.68
1760360400,2025-10-13 13:00:00,92541.89,92707.87,92450.52,92670.41
1760364000,2025-10-13 14:00:00,92671.23,92794.02,92564.23,92567.63
1760367600,2025-10-13 15:00:00,92568.9,92583.77,92258.02,92312.64
1760371200,2025-10-13 16:00:00,92312.58,92416.57,92227.7,92251.76
1760374800,2025-10-13 17:00:00,92252.32,92562.22,92217.17,92469.23
1760378400,2025-10-13 18:00:00,92468.3,92558.04,92347.4,92558.04
1760382000,2025-10-13 19:00:00,92560.54,92618.81,92513.39,92521.97
1760385600,2025-10-13 20:00:00,92523.88,92669.12,92488.57,92631.54
1760389200,2025-10-13 21:00:00,92631.46,92859.49,92628.14,92658.81
1760392800,2025-10-13 22:00:00,92655.92,92751.29,92619.93,92740.73
1760396400,2025-10-13 23:00:00,92741.14,92745.64,92648.14,92703.54
1760400000,2025-10-14 00:00:00,92703.57,92817.34,92683.86,92718.92
1760403600,2025-10-14 01:00:00,92718.98,92886.61,92688.66,92837.05
1760407200,2025-10-14 02:00:00,92836.57,92902.28,92745.68,92827.91
1760410800,2025-10-14 03:00:00,92830.36,92872.05,92735.67,92815.67
1760414400,2025-10-14 04:00:00,92813.57,92980.35,92810.66,92929.03
1760418000,2025-10-14 05:00:00,92927.09,93128.06,92919.67,93107.56
1760421600,2025-10-14 06:00:00,93107.42,93218.54,93071.68,93210.62
1760425200,2025-10-14 07:00:00,93212.35,93274.24,93118.63,93160.67
1760428800,2025-10-14 08:00:00,93159.9,93177.31,92909.85,92960.08
1760432400,2025-10-14 09:00:00,92957.08,93145.24,92949.87,93072.69
1760436000,2025-10-14 10:00:00,93072.75,93166.67,93048.18,93083.52
1760439600,2025-10-14 11:00:00,93083.97,93136.6,92788.96,92802.02
1760443200,2025-10-14 12:00:00,92801.41,92839.88,92656.42,92720.57
1760446800,2025-10-14 13:00:00,92722.51,92780.46,92594.33,92658.87
1760450400,2025-10-14 14:00:00,92657.9,92809.84,92649.45,92791.86
1760454000,2025-10-14 15:00:00,92793.56,92803.85,92655.4,92662.28
1760457600,2025-10-14 16:00:00,92659.76,92740.85,92548.7,92564.23
1760461200,2025-10-14 17:00:00,92562.15,92653.96,92502.74,92555.86
1760464800,2025-10-14 18:00:00,92556.83,92620.26,92491.12,92586.03
1760468400,2025-10-14 19:00:00,92585,92635.31,92460.73,92493.17
1760472000,2025-10-14 20:00:00,92492.63,92617.14,92474.5,92593.4
1760475600,2025-10-14 21:00:00,92592.69,92950.17,92581.77,92934.38
1760479200,2025-10-14 22:00:00,92936.11,93027.86,92854.05,93025.62
1760482800,2025-10-14 23:00:00,93024.46,93081.07,92952.79,93073.17
1760486400,2025-10-15 00:00:00,93073.33,93259.38,93066.21,93216.06
1760490000,2025-10-15 01:00:00,93216.42,93338.21,93121.35,93304.82
1760493600,2025-10-15 02:00:00,93304.3,93458.64,93255.16,93436.11
1760497200,2025-10-15 03:00:00,93438.62,93544.75,93416.84,93459.99
1760500800,2025-10-15 04:00:00,93456.43,93594.58,93407.84,93485.99
1760504400,2025-10-15 05:00:00,93487.26,93553.12,93396.2,93510.69
1760508000,2025-10-15 06:00:00,93507.76,93658.94,93506.26,93602.76
1760511600,2025-10-15 07:00:00,93603.61,93843.22,93573.31,93831.96
1760515200,2025-10-15 08:00:00,93835.71,94110.17,93765.01,94104.03
1760518800,2025-10-15 09:00:00,94105.09,94409.18,94103.22,94392.52
1760522400,2025-10-15 10:00:00,94394.43,94656.54,94386.97,94649.8
1760526000,2025-10-15 11:00:00,94651.52,94712.11,94556.68,94560.84
1760529600,2025-10-15 12:00:00,94560.03,94663.93,94486.4,94556.57
1760533200,2025-10-15 13:00:00,94555.24,94603.31,94468.29,94534.78
1760536800,2025-10-15 14:00:00,94537.8,94551.02,94321.27,94420.04
1760540400,2025-10-15 15:00:00,94418.17,94563.5,94363.49,94401.46
1760544000,2025-10-15 16:00:00,94401.98,94616.26,94387.96,94599.03
1760547600,2025-10-15 17:00:00,94599.93,94792.38,94578.24,94790.2
1760551200,2025-10-15 18:00:00,94791.2,94822.8,94689.22,94819.99
1760554800,2025-10-15 19:00:00,94821.59,94878.58,94734.17,94818.56
1760558400,2025-10-15 20:00:00,94818.53,94953.5,94709.7,94761.27
1760562000,2025-10-15 21:00:00,94762.62,94778.75,94652.03,94774.13
1760565600,2025-10-15 22:00:00,94774.46,94791.8,94636.58,94663.32
1760569200,2025-10-15 23:00:00,94663.08,94735.99,94619.6,94625.72
1760572800,2025-10-16 00:00:00,94625.71,94637.48,94327.29,94329.08
1760576400,2025-10-16 01:00:00,94328.88,94436.52,94286.27,94436.52
1760580000,2025-10-16 02:00:00,94436.98,94635.73,94385.96,94635.68
1760583600,2025-10-16 03:00:00,94639.08,94754.2,94579,94694.13
1760587200,2025-10-16 04:00:00,94692.23,94704.57,94483.64,94519.92
1760590800,2025-10-16 05:00:00,94520,94555.2,94319.2,94334.83
1760594400,2025-10-16 06:00:00,94334,94372.4,94213.8,94221.07
1760598000,2025-10-16 07:00:00,94224.62,94226.73,94018.86,94036.78
1760601600,2025-10-16 08:00:00,94035.79,94054.68,93852.57,93881.21
1760605200,2025-10-16 09:00:00,93882.31,93895.59,93747.39,93764.22
1760608800,2025-10-16 10:00:00,93764.52,93987.99,93764.52,93977.61
1760612400,2025-10-16 11:00:00,93979.56,93982.74,93833.14,93941.17
1760616000,2025-10-16 12:00:00,93940.52,94021.47,93886.43,94021.47
1760619600,2025-10-16 13:00:00,94023.88,94112.85,93961.41,94007.53
1760623200,2025-10-16 14:00:00,94006.5,94035.46,93883.28,93959
1760626800,2025-10-16 15:00:00,93960.47,93967.96,93676.56,93679.31
1760630400,2025-10-16 16:00:00,93677.57,93850.82,93626.64,93799.16
1760634000,2025-10-16 17:00:00,93798.62,93938.95,93721.86,93928.8
1760637600,2025-10-16 18:00:00,93929.07,94005.88,93799.8,93885.15
1760641200,2025-10-16 19:00:00,93884.49,94013.97,93824.57,93827.33
1760644800,2025-10-16 20:00:00,93829.32,93917.83,93769.67,93775
1760648400,2025-10-16 21:00:00,93775.57,93784.61,93532.4,93560.52
1760652000,2025-10-16 22:00:00,93563.03,93739.99,93542.84,93693.49
1760655600,2025-10-16 23:00:00,93692.72,93718.18,93585.61,93712.44
1760659200,2025-10-17 00:00:00,93711.16,93827.94,93617.16,93827.63
1760662800,2025-10-17 01:00:00,93828.78,93913.71,93735.03,93778.88
1760666400,2025-10-17 02:00:00,93778.05,93875.69,93688.27,93857.42
1760670000,2025-10-17 03:00:00,93856.73,93899.92,93646.56,93732.58
1760673600,2025-10-17 04:00:00,93735.08,93970.04,93699.34,93962.52
1760677200,2025-10-17 05:00:00,93962.15,94028.22,93640.73,93836.3
1760680800,2025-10-17 06:00:00,93836.74,93872.05,93712.96,93821.01
1760684400,2025-10-17 07:00:00,93821.69,93931.83,93688.59,93802.13
1760688000,2025-10-17 08:00:00,93802.27,93963.5,93774.44,93886.22
1760691600,2025-10-17 09:00:00,93883.4,93933.54,93733.52,93736.71
1760695200,2025-10-17 10:00:00,93738.31,93797.68,93694.72,93750.77
1760698800,2025-10-17 11:00:00,93750.05,93886.14,93709.98,93886.14
1760702400,2025-10-17 12:00:00,93883.66,94054.63,93837.9,94027.91
1760706000,2025-10-17 13:00:00,94028.11,94055.19,93734.01,93776.67
1760709600,2025-10-17 14:00:00,93777.79,93814.1,93667.69,93748.09
1760713200,2025-10-17 15:00:00,93747.44,93829.83,93701.81,93779.33
1760716800,2025-10-17 16:00:00,93778.1,93858.07,93613.46,93823.49
1760720400,2025-10-17 17:00:00,93822.88,93858.92,93759.65,93774.51
1760724000,2025-10-17 18:00:00,93771.77,93889.57,93731.11,93873.56
1760727600,2025-10-17 19:00:00,93872.23,93913.01,93793.33,93896.88
1760731200,2025-10-17 20:00:00,93897.16,93988.65,93808.38,93984
1760734800,2025-10-17 21:00:00,93985.79,94117.66,93973.59,94112.45
1760738400,2025-10-17 22:00:00,94109.92,94144.52,93853.46,93898.86
1760742000,2025-10-17 23:00:00,93901.05,93954.68,93815.75,93940.78
1760745600,2025-10-18 00:00:00,93940.16,94087.12,93889.1,94049
1760749200,2025-10-18 01:00:00,94049.75,94319.87,94025.27,94301.88
1760752800,2025-10-18 02:00:00,94302.86,94322.67,94222.79,94306.12
1760756400,2025-10-18 03:00:00,94305.76,94382.1,94248.09,94381.24
1760760000,2025-10-18 04:00:00,94380.18,94573.95,94217.01,94569.3
1760763600,2025-10-18 05:00:00,94572.59,94602.87,94454.71,94515.61
1760767200,2025-10-18 06:00:00,94512.12,94603.89,94359.07,94591.27
1760770800,2025-10-18 07:00:00,94591,94615.44,94519.78,94531.55
1760774400,2025-10-18 08:00:00,94534.05,94569.19,94450.45,94467.84
1760778000,2025-10-18 09:00:00,94470.55,94495.59,94316.93,94317.6
1760781600,2025-10-18 10:00:00,94316.99,94359.63,94245.98,94290.78
1760785200,2025-10-18 11:00:00,94294.43,94342.1,94205.97,94281.99
1760788800,2025-10-18 12:00:00,94281.89,94377.93,94217.89,94231.96
1760792400,2025-10-18 13:00:00,94232.05,94290.14,94147.77,94272.08
1760796000,2025-10-18 14:00:00,94276.37,94428.72,94200,94418.39
1760799600,2025-10-18 15:00:00,94420.8,94506.13,94320.87,94463.35
1760803200,2025-10-18 16:00:00,94460.75,94504.55,94379.7,94459.04
1760806800,2025-10-18 17:00:00,94459.68,94676.89,94458.33,94629.33
1760810400,2025-10-18 18:00:00,94632.05,94782.38,94587.84,94688.12
1760814000,2025-10-18 19:00:00,94688.17,94877.62,94626.57,94876.4
1760817600,2025-10-18 20:00:00,94875.88,94889.55,94593.88,94657.53
1760821200,2025-10-18 21:00:00,94660.45,94816.37,94614.07,94742.61
1760824800,2025-10-18 22:00:00,94742.19,94791.31,94525.07,94677.53
1760828400,2025-10-18 23:00:00,94676.32,94700.29,94484.68,94511.34
1760832000,2025-10-19 00:00:00,94509.55,94772.43,94505.95,94623.39
1760835600,2025-10-19 01:00:00,94626.16,94693.95,94514.33,94639.97
1760839200,2025-10-19 02:00:00,94640.55,94733.43,94625.11,94682.72
1760842800,2025-10-19 03:00:00,94681.18,94773.53,94569.23,94634.73
1760846400,2025-10-19 04:00:00,94635.07,94910.76,94631.68,94893.9
1760850000,2025-10-19 05:00:00,94895.27,94915.67,94476.03,94480.26
1760853600,2025-10-19 06:00:00,94481.89,94514.16,94335.24,94476.55
1760857200,2025-10-19 07:00:00,94477.41,94704.11,94448.17,94651.96
1760860800,2025-10-19 08:00:00,94652.94,94886.99,94606.37,94815.67
1760864400,2025-10-19 09:00:00,94816.3,95024.87,94798.75,95001.83
1760868000,2025-10-19 10:00:00,95003.67,95035.98,94869.85,94889.16
1760871600,2025-10-19 11:00:00,94889.97,94893.59,94519.26,94526.28
1760875200,2025-10-19 12:00:00,94527.38,94609.5,94372.74,94398.49
1760878800,2025-10-19 13:00:00,94399.75,94478.48,94348.84,94455.91
1760882400,2025-10-19 14:00:00,94453.57,94502.26,94397.8,94461.78
1760886000,2025-10-19 15:00:00,94463.38,94489.96,94247.7,94291.13
1760889600,2025-10-19 16:00:00,94290.31,94412.82,94244,94407.22
1760893200,2025-10-19 17:00:00,94407.08,94447.89,94242.85,94447.89
1760896800,2025-10-19 18:00:00,94447.13,94485.48,94280.99,94418.17
1760900400,2025-10-19 19:00:00,94420.57,94478.56,94318.08,94425.14
1760904000,2025-10-19 20:00:00,94425.77,94449.78,94338.02,94411.1
1760907600,2025-10-19 21:00:00,94410.99,94436.24,94315.7,94329.86
1760911200,2025-10-19 22:00:00,94328.05,94429.18,94224.29,94287.45
1760914800,2025-10-19 23:00:00,94287.62,94548.53,94227.96,94507.22
1760918400,2025-10-20 00:00:00,94507.61,94608.6,94397.94,94418
1760922000,2025-10-20 01:00:00,94418.85,94456.7,94299.57,94338.06
1760925600,2025-10-20 02:00:00,94338.2,94555.47,94320.5,94544.71
1760929200,2025-10-20 03:00:00,94544.62,94637.5,94504.05,94519.19
1760932800,2025-10-20 04:00:00,94516.41,94559.1,94355,94496.86
1760936400,2025-10-20 05:00:00,94495.13,94677.93,94484.22,94524.53
1760940000,2025-10-20 06:00:00,94522.94,94608.26,94490.08,94533.98
1760943600,2025-10-20 07:00:00,94532.75,94935.93,94525.77,94934.5
1760947200,2025-10-20 08:00:00,94934.6,95166.18,94888.67,95106.72
1760950800,2025-10-20 09:00:00,95107.89,95246.93,95099.48,95238.55
1760954400,2025-10-20 10:00:00,95237.17,95357.87,95151.5,95355.71
1760958000,2025-10-20 11:00:00,95357.58,95443.23,95337.93,95351.11
1760961600,2025-10-20 12:00:00,95351.25,95514.39,95311.46,95482.83
1760965200,2025-10-20 13:00:00,95481.58,95683.08,95478.45,95656.6
1760968800,2025-10-20 14:00:00,95651.96,95677.63,95317.81,95414.07
1760972400,2025-10-20 15:00:00,95416.45,95433.17,95156.06,95174.74
1760976000,2025-10-20 16:00:00,95176.83,95387.86,95150.94,95252.66
1760979600,2025-10-20 17:00:00,95252.1,95321.3,95158.26,95223.39
1760983200,2025-10-20 18:00:00,95224.04,95358.2,95178.39,95335.62
1760986800,2025-10-20 19:00:00,95336.2,95364.04,95216.55,95221.66
1760990400,2025-10-20 20:00:00,95223.17,95433.02,95207.71,95402.95
1760994000,2025-10-20 21:00:00,95402.4,95479.18,95386.56,95479.18
1760997600,2025-10-20 22:00:00,95479.68,95652.18,95460.78,95615.14
1761001200,2025-10-20 23:00:00,95615.57,95747.19,95564.82,95596.62
1761004800,2025-10-21 00:00:00,95594.88,95716.45,95547.33,95667.47
1761008400,2025-10-21 01:00:00,95668.01,95893.7,95650.34,95782.41
1761012000,2025-10-21 02:00:00,95785,95810.06,95650.82,95656.91
1761015600,2025-10-21 03:00:00,95656.3,95669.34,95524.99,95640.89
1761019200,2025-10-21 04:00:00,95641.7,95848.07,95624.85,95810.34
1761022800,2025-10-21 05:00:00,95810.16,95857.21,95704.24,95744.65
1761026400,2025-10-21 06:00:00,95744.29,95821.48,95644.05,95775.52
1761030000,2025-10-21 07:00:00,95776.33,95791.18,95589.64,95654.77
1761033600,2025-10-21 08:00:00,95655.04,95801.09,95639.75,95786.85
1761037200,2025-10-21 09:00:00,95785.05,95820.44,95675.04,95704.02
1761040800,2025-10-21 10:00:00,95706.28,95770.72,95608.56,95690.66
1761044400,2025-10-21 11:00:00,95690.42,95816.51,95549.57,95667.5
1761048000,2025-10-21 12:00:00,95669.2,95778.7,95610.67,95640.46
1761051600,2025-10-21 13:00:00,95639.15,95680.47,95548.87,95647.72
1761055200,2025-10-21 14:00:00,95648.38,95677.29,95413.93,95486.69
1761058800,2025-10-21 15:00:00,95488.18,95651.8,95378.3,95579.65
1761062400,2025-10-21 16:00:00,95579.11,95740.85,95573.71,95717.76
1761066000,2025-10-21 17:00:00,95713.88,95795.52,95657.98,95697.04
1761069600,2025-10-21 18:00:00,95695.35,95856.23,95620.34,95626.53
1761073200,2025-10-21 19:00:00,95624.88,95764.76,95586,95644.78
1761076800,2025-10-21 20:00:00,95644.7,95691.34,95535,95545.5
1761080400,2025-10-21 21:00:00,95543.48,95656.6,95524.31,95636.53
1761084000,2025-10-21 22:00:00,95634.25,95699.55,95536.31,95586.09
1761087600,2025-10-21 23:00:00,95586.28,95588.38,95295.53,95335.01
1761091200,2025-10-22 00:00:00,95333.28,95421.42,95232.34,95250.99
1761094800,2025-10-22 01:00:00,95253.44,95283.16,95148.86,95161.67
1761098400,2025-10-22 02:00:00,95162.16,95212.81,95024.88,95087.45
1761102000,2025-10-22 03:00:00,95087.33,95136.82,94973.02,94973.02
1761105600,2025-10-22 04:00:00,94972.51,94981.39,94779.49,94832.07
1761109200,2025-10-22 05:00:00,94831.26,94893.16,94761.22,94811.98
1761112800,2025-10-22 06:00:00,94811.34,94871.77,94671.41,94835.63
1761116400,2025-10-22 07:00:00,94836.28,94945.81,94716.12,94928.15
1761120000,2025-10-22 08:00:00,94927.88,95090.06,94879.91,94997.92
1761123600,2025-10-22 09:00:00,94997.6,95109.62,94970.36,95103.53
1761127200,2025-10-22 10:00:00,95104.44,95154.36,94976.85,95011.33
1761130800,2025-10-22 11:00:00,95009.42,95078.69,94945.1,94951.99
1761134400,2025-10-22 12:00:00,94952.41,95037.24,94915.95,94960.12
1761138000,2025-10-22 13:00:00,94961.12,95334.97,94956.38,95334.97
1761141600,2025-10-22 14:00:00,95332.7,95459.06,95312.4,95453.41
1761145200,2025-10-22 15:00:00,95451.25,95569.42,95419.35,95498.6
1761148800,2025-10-22 16:00:00,95497.79,95728.33,95492.64,95722.54
1761152400,2025-10-22 17:00:00,95722.47,95764.94,95589.94,95667.37
1761156000,2025-10-22 18:00:00,95669.45,95680.99,95300.96,95327.43
1761159600,2025-10-22 19:00:00,95325.83,95443.16,95300.47,95426.62
1761163200,2025-10-22 20:00:00,95427.08,95499.65,95394.67,95443.35
1761166800,2025-10-22 21:00:00,95441.77,95441.77,95276.01,95350.61
1761170400,2025-10-22 22:00:00,95352.33,95369.16,95242.01,95255.2
1761174000,2025-10-22 23:00:00,95254.97,95364.41,95223.18,95334.45
1761177600,2025-10-23 00:00:00,95333.92,95395.04,95276.18,95367.78
1761181200,2025-10-23 01:00:00,95367.43,95441.1,95289.81,95370.38
1761184800,2025-10-23 02:00:00,95369.38,95496.79,95350.48,95377.57
1761188400,2025-10-23 03:00:00,95378.25,95499.33,95303.05,95495.66
1761192000,2025-10-23 04:00:00,95493.62,95808.91,95487.81,95737.04
1761195600,2025-10-23 05:00:00,95735.96,95889.85,95718.75,95737.84
1761199200,2025-10-23 06:00:00,95737.7,95790.24,95510.55,95527.16
1761202800,2025-10-23 07:00:00,95528.45,95680.78,95498.41,95677.4
1761206400,2025-10-23 08:00:00,95679.19,95713.28,95549.33,95604.68
1761210000,2025-10-23 09:00:00,95607.14,95618.56,95470.52,95543.6
1761213600,2025-10-23 10:00:00,95545.05,95641.43,95486.74,95508.81
1761217200,2025-10-23 11:00:00,95508.4,95557.55,95343.08,95525.02
1761220800,2025-10-23 12:00:00,95524.61,95703.74,95523.23,95664.82
1761224400,2025-10-23 13:00:00,95666.33,95703.5,95517.32,95625.63
1761228000,2025-10-23 14:00:00,95626.96,95640.81,95527.61,95625.49
1761231600,2025-10-23 15:00:00,95628.7,95676.08,95425.26,95427.88
1761235200,2025-10-23 16:00:00,95427.4,95518.01,95341.09,95413.95
1761238800,2025-10-23 17:00:00,95409.78,95660.92,95393.51,95617.87
1761242400,2025-10-23 18:00:00,95617.53,95784.58,95590.99,95614.08
1761246000,2025-10-23 19:00:00,95611.82,95657.78,95536.42,95577.31
1761249600,2025-10-23 20:00:00,95574.61,95644.87,95435.05,95467.25
1761253200,2025-10-23 21:00:00,95466.57,95554.61,95411,95502.56
1761256800,2025-10-23 22:00:00,95501.45,95573.78,95390.25,95571.24
1761260400,2025-10-23 23:00:00,95572.59,95644.49,95473.92,95567.02
1761264000,2025-10-24 00:00:00,95567.27,95569.43,95332.17,95374.54
1761267600,2025-10-24 01:00:00,95375.92,95391.72,95247.43,95323.24
1761271200,2025-10-24 02:00:00,95319.93,95345.88,95258.87,95271.61
1761274800,2025-10-24 03:00:00,95273.27,95464.26,95247.4,95381.12
1761278400,2025-10-24 04:00:00,95381.42,95522.48,95330.54,95374.99
1761282000,2025-10-24 05:00:00,95373.75,95400.18,95181.47,95212.33
1761285600,2025-10-24 06:00:00,95210.45,95371.99,95204.03,95233.25
1761289200,2025-10-24 07:00:00,95233.61,95237.92,95089.2,95138.06
1761292800,2025-10-24 08:00:00,95139.19,95330.5,95124.23,95251.56
1761296400,2025-10-24 09:00:00,95249.25,95276.21,95120.76,95223.93
1761300000,2025-10-24 10:00:00,95225.23,95295.49,95124.36,95134.18
1761303600,2025-10-24 11:00:00,95137.98,95185.53,94986.66,95065.19
1761307200,2025-10-24 12:00:00,95063.22,95125.55,95013.15,95084.15
1761310800,2025-10-24 13:00:00,95081.13,95210.17,95022.71,95172.67
1761314400,2025-10-24 14:00:00,95173.09,95309.5,95162.52,95285.92
1761318000,2025-10-24 15:00:00,95284.25,95417.99,95250.37,95360.55
1761321600,2025-10-24 16:00:00,95362.91,95550.34,95324.37,95382.82
1761325200,2025-10-24 17:00:00,95382.32,95421.57,95270.06,95350.48
1761328800,2025-10-24 18:00:00,95351.08,95395.33,95269.23,95370.02
1761332400,2025-10-24 19:00:00,95368.82,95519.77,95367.61,95390.02
1761336000,2025-10-24 20:00:00,95389.44,95411.12,95252.67,95274.19
1761339600,2025-10-24 21:00:00,95275.85,95275.85,94947.55,94970.44
1761343200,2025-10-24 22:00:00,94970.03,95068.9,94861.24,94938.97
1761346800,2025-10-24 23:00:00,94937.99,95079.51,94904.63,95000.53
1761350400,2025-10-25 00:00:00,94999.63,95161.83,94993.55,95161.83
1761354000,2025-10-25 01:00:00,95163.82,95191.15,95090.6,95181.81
1761357600,2025-10-25 02:00:00,95183.38,95214.57,95073.03,95092.66
1761361200,2025-10-25 03:00:00,95095.3,95156.17,94926.04,95089.84
1761364800,2025-10-25 04:00:00,95088.22,95272.38,95019.79,95266.98
1761368400,2025-10-25 05:00:00,95265.11,95364.57,95214.61,95284.31
1761372000,2025-10-25 06:00:00,95282.73,95497.45,95266.74,95494
1761375600,2025-10-25 07:00:00,95492.02,95507.91,95232.2,95252.12
1761379200,2025-10-25 08:00:00,95253.25,95512.86,95236.31,95488.02
1761382800,2025-10-25 09:00:00,95487.58,95683.37,95481.82,95674.43
1761386400,2025-10-25 10:00:00,95674.74,95802.73,95622.45,95667.64
1761390000,2025-10-25 11:00:00,95664.69,95732.55,95630.03,95631.61
1761393600,2025-10-25 12:00:00,95630.8,95792.18,95570.63,95790.82
1761397200,2025-10-25 13:00:00,95791.37,95822.27,95680.42,95697.79
1761400800,2025-10-25 14:00:00,95700.87,95720.78,95592.61,95606.83
1761404400,2025-10-25 15:00:00,95608.64,95705.75,95565.45,95665.06
1761408000,2025-10-25 16:00:00,95665.69,95741.64,95526.13,95594.41
1761411600,2025-10-25 17:00:00,95593.85,95721.63,95536.28,95538.81
1761415200,2025-10-25 18:00:00,95539.17,95769.09,95506.45,95717.57
1761418800,2025-10-25 19:00:00,95719.73,95789.36,95470.16,95519.38
1761422400,2025-10-25 20:00:00,95520.19,95662.75,95464.72,95505.43
1761426000,2025-10-25 21:00:00,95507.56,95667.27,95496.61,95527.51
1761429600,2025-10-25 22:00:00,95526.54,95593.44,95405.85,95499.2
1761433200,2025-10-25 23:00:00,95499.53,95658.88,95404.4,95635.97
1761436800,2025-10-26 00:00:00,95639.52,95646.84,95528.09,95575.72
1761440400,2025-10-26 01:00:00,95578.38,95703.82,95538.5,95655.65
1761444000,2025-10-26 02:00:00,95657.49,95733.7,95609.67,95671.04
1761447600,2025-10-26 03:00:00,95670.61,95858.78,95661.6,95673.31
1761451200,2025-10-26 04:00:00,95669.91,95814.48,95623.47,95704.67
1761454800,2025-10-26 05:00:00,95707.76,95719.05,95570.44,95633.32
1761458400,2025-10-26 06:00:00,95633.4,96078.86,95622,96075.3
1761462000,2025-10-26 07:00:00,96074.03,96164.33,95995.38,96084.71
1761465600,2025-10-26 08:00:00,96083.41,96166.43,96030.39,96032.83
1761469200,2025-10-26 09:00:00,96034.28,96341.97,95996.4,96215.02
1761472800,2025-10-26 10:00:00,96215.36,96257.69,96078.72,96100.75
1761476400,2025-10-26 11:00:00,96101.27,96270.43,96092.29,96137.02
1761480000,2025-10-26 12:00:00,96134.85,96141.76,95912.28,96023.84
1761483600,2025-10-26 13:00:00,96025.36,96043.55,95819.87,95830.41
1761487200,2025-10-26 14:00:00,95829.24,95862.11,95676.52,95826.15
1761490800,2025-10-26 15:00:00,95827.24,95925.46,95766.88,95903.74
1761494400,2025-10-26 16:00:00,95906.34,96136.73,95906.34,96133
1761498000,2025-10-26 17:00:00,96135.52,96245.22,96078.27,96201.53
1761501600,2025-10-26 18:00:00,96199.35,96270.89,96090.64,96113.23
1761505200,2025-10-26 19:00:00,96113.78,96295.44,96078.85,96152.83
1761508800,2025-10-26 20:00:00,96154.36,96170.53,96016.07,96133.33
1761512400,2025-10-26 21:00:00,96135.81,96375.01,96055.09,96351.93
1761516000,2025-10-26 22:00:00,96353.84,96485.62,96326.1,96388.1
1761519600,2025-10-26 23:00:00,96387.42,96543.91,96303.42,96518.33
1761523200,2025-10-27 00:00:00,96518.82,96603.45,96385.06,96454.35
1761526800,2025-10-27 01:00:00,96453.98,96547.91,96429.32,96453.34
1761530400,2025-10-27 02:00:00,96455.06,96562.38,96394.03,96426.54
1761534000,2025-10-27 03:00:00,96424.86,96484.64,96288.52,96307.12
1761537600,2025-10-27 04:00:00,96304.52,96328.23,96214.06,96244.26
1761541200,2025-10-27 05:00:00,96243.24,96379.75,96220.61,96331.3
1761544800,2025-10-27 06:00:00,96331.5,96429.88,96137.99,96346.84
1761548400,2025-10-27 07:00:00,96349.94,96436.3,96282,96322.42
1761552000,2025-10-27 08:00:00,96320.16,96331.09,96112.63,96126.5
1761555600,2025-10-27 09:00:00,96126.11,96234.07,96053.03,96115.29
1761559200,2025-10-27 10:00:00,96114.95,96240.2,96079.47,96134.33
1761562800,2025-10-27 11:00:00,96135.32,96177.19,95960.31,96002.3
1761566400,2025-10-27 12:00:00,96004.96,96178.61,95983.43,96135.04
1761570000,2025-10-27 13:00:00,96134.3,96142.12,95826.35,95854.72
1761573600,2025-10-27 14:00:00,95855.45,95863.67,95644.08,95690.3
1761577200,2025-10-27 15:00:00,95693.67,95986.77,95635.69,95978.85
1761580800,2025-10-27 16:00:00,95979.16,96017.06,95824.58,95945.89
1761584400,2025-10-27 17:00:00,95944.49,95944.49,95563.04,95572.23
1761588000,2025-10-27 18:00:00,95571.27,95709.17,95541.75,95686.59
1761591600,2025-10-27 19:00:00,95686.47,95825.16,95557.38,95598.58
1761595200,2025-10-27 20:00:00,95597.83,95872.58,95571.35,95796.97
1761598800,2025-10-27 21:00:00,95795.48,95902.16,95656.44,95735.74
1761602400,2025-10-27 22:00:00,95732.75,95817.88,95632.01,95788.71
1761606000,2025-10-27 23:00:00,95788.68,95925.04,95784.82,95810.43
1761609600,2025-10-28 00:00:00,95811.66,95822.31,95511.06,95550.11
1761613200,2025-10-28 01:00:00,95552.1,95552.1,95373.82,95440.89
1761616800,2025-10-28 02:00:00,95439.72,95524.43,95398.23,95455.45
1761620400,2025-10-28 03:00:00,95454.37,95518.33,95215.27,95225.06
1761624000,2025-10-28 04:00:00,95224.22,95235,95068.37,95107.81
1761627600,2025-10-28 05:00:00,95108.88,95162.67,95068.69,95080.63
1761631200,2025-10-28 06:00:00,95081.84,95469.53,95077.77,95423.62
1761634800,2025-10-28 07:00:00,95423.43,95530.98,95414.06,95420.36
1761638400,2025-10-28 08:00:00,95417.37,95547.34,95375.76,95547.34
1761642000,2025-10-28 09:00:00,95547.1,95617,95463.97,95531.8
1761645600,2025-10-28 10:00:00,95529.24,95793.58,95503.09,95688.49
1761649200,2025-10-28 11:00:00,95687.91,95720.46,95590.97,95620.77
1761652800,2025-10-28 12:00:00,95621.02,95738.01,95564.77,95716.13
1761656400,2025-10-28 13:00:00,95712.88,95759.3,95535.46,95556.37
1761660000,2025-10-28 14:00:00,95557.33,95613.63,95442,95586.41
1761663600,2025-10-28 15:00:00,95586.16,95623.51,95521.8,95555.65
1761667200,2025-10-28 16:00:00,95553.81,95628.95,95393.97,95443.03
1761670800,2025-10-28 17:00:00,95443.75,95684.6,95403.56,95653.56
1761674400,2025-10-28 18:00:00,95652.5,95748.72,95603.94,95645.82
1761678000,2025-10-28 19:00:00,95645.38,95904.02,95574.13,95898.03
1761681600,2025-10-28 20:00:00,95900.19,95902.11,95635.69,95722.18
1761685200,2025-10-28 21:00:00,95723.65,95786.12,95650.52,95753.7
1761688800,2025-10-28 22:00:00,95753.68,95829.65,95568.58,95631.84
1761692400,2025-10-28 23:00:00,95634.2,95654.34,95375.27,95551.66
1761696000,2025-10-29 00:00:00,95551.54,95608.09,95415.51,95465.29
1761699600,2025-10-29 01:00:00,95465.95,95525.48,95394.18,95512.98
1761703200,2025-10-29 02:00:00,95512.49,95635.73,95508.4,95625.57
1761706800,2025-10-29 03:00:00,95624.28,95627.85,95445.82,95524.9
1761710400,2025-10-29 04:00:00,95527.53,95646.82,95449.85,95599.9
1761714000,2025-10-29 05:00:00,95597.24,95597.24,95433.34,95562.26
1761717600,2025-10-29 06:00:00,95560.73,95601.96,95386.4,95466.5
1761721200,2025-10-29 07:00:00,95466.69,95878.11,95459.55,95794.68
1761724800,2025-10-29 08:00:00,95795.21,95897.22,95754.54,95797.1
1761728400,2025-10-29 09:00:00,95795.76,95894.21,95757.85,95848.12
1761732000,2025-10-29 10:00:00,95849.57,95928.48,95727.25,95781.7
1761735600,2025-10-29 11:00:00,95779.41,96065.06,95763.78,96052.59
1761739200,2025-10-29 12:00:00,96050.69,96104.74,95999.5,96083.66
1761742800,2025-10-29 13:00:00,96083.01,96279.31,96049.88,96224.39
1761746400,2025-10-29 14:00:00,96224.51,96232.64,96029.26,96054.1
1761750000,2025-10-29 15:00:00,96057.77,96160.9,96004.87,96127.66
1761753600,2025-10-29 16:00:00,96125.8,96233.58,96098.85,96202.59
1761757200,2025-10-29 17:00:00,96202.32,96213.05,96082.32,96092.55
1761760800,2025-10-29 18:00:00,96093.22,96150.62,96010.85,96016.26
1761764400,2025-10-29 19:00:00,96015.29,96048.11,95806.13,95811.05
1761768000,2025-10-29 20:00:00,95812.06,96033.74,95801.94,95985.61
1761771600,2025-10-29 21:00:00,95988.24,96309.94,95983.6,96229.84
1761775200,2025-10-29 22:00:00,96231.22,96271.9,96014.86,96065.29
1761778800,2025-10-29 23:00:00,96066.16,96072.26,95855.9,95911.59
1761782400,2025-10-30 00:00:00,95911.67,95998.5,95709.17,95837.76
1761786000,2025-10-30 01:00:00,95835.29,95908.08,95722.22,95871.75
1761789600,2025-10-30 02:00:00,95872.71,96013.59,95872.71,95968.15
1761793200,2025-10-30 03:00:00,95970.36,96093.34,95916.56,96079.76
1761796800,2025-10-30 04:00:00,96080.67,96251.61,96053.61,96156.29
1761800400,2025-10-30 05:00:00,96156.57,96200.99,96065.66,96106.74
1761804000,2025-10-30 06:00:00,96105.08,96111.14,95990.18,96083.71
1761807600,2025-10-30 07:00:00,96083.6,96264.15,95996.4,96257.5
1761811200,2025-10-30 08:00:00,96258.97,96341.17,96142.12,96203.44
1761814800,2025-10-30 09:00:00,96202.01,96250.3,96092.3,96092.55
1761818400,2025-10-30 10:00:00,96093.58,96225.72,96002.36,96193.21
1761822000,2025-10-30 11:00:00,96191.85,96297.82,95997.11,95997.49
1761825600,2025-10-30 12:00:00,96000.43,96056.17,95945.25,96039.67
1761829200,2025-10-30 13:00:00,96040.77,96219.72,96024.32,96177.61
1761832800,2025-10-30 14:00:00,96176.63,96315.34,96102.07,96261.03
1761836400,2025-10-30 15:00:00,96259.36,96300.23,96196.3,96242.97
1761840000,2025-10-30 16:00:00,96243.47,96302.01,96204.15,96280.77
1761843600,2025-10-30 17:00:00,96281.96,96298.52,96082.88,96108.31
1761847200,2025-10-30 18:00:00,96107.51,96136.83,96064.21,96092.04
1761850800,2025-10-30 19:00:00,96090.27,96103.98,95721.7,95740.6
1761854400,2025-10-30 20:00:00,95741.43,95755.78,95657.22,95707.54
1761858000,2025-10-30 21:00:00,95706.59,95787.82,95675.63,95776.05
1761861600,2025-10-30 22:00:00,95777.41,95881.41,95747.93,95842.72
1761865200,2025-10-30 23:00:00,95843.43,95973.22,95839.09,95889.07
1761868800,2025-10-31 00:00:00,95889.59,96002.14,95812.53,95915.57
1761872400,2025-10-31 01:00:00,95914.31,95925.52,95725.23,95749.88
1761876000,2025-10-31 02:00:00,95751.17,95924.76,95678.3,95923.12
1761879600,2025-10-31 03:00:00,95923.47,95958.39,95663.4,95748.51
1761883200,2025-10-31 04:00:00,95751.38,96005.43,95743.73,95973.94
1761886800,2025-10-31 05:00:00,95970.29,96186.04,95945.75,96016.06
1761890400,2025-10-31 06:00:00,96017.83,96173.84,95904.16,96117.07
1761894000,2025-10-31 07:00:00,96114.59,96210.68,96063.9,96086.19
1761897600,2025-10-31 08:00:00,96086.83,96093.79,95888.16,95909.65
1761901200,2025-10-31 09:00:00,95911.32,96052.82,95867.5,95961.97
1761904800,2025-10-31 10:00:00,95960.27,96018.87,95768.31,95798.02
1761908400,2025-10-31 11:00:00,95799.36,95908.01,95751.1,95903.08
1761912000,2025-10-31 12:00:00,95901.14,95949.19,95640.43,95716.15
1761915600,2025-10-31 13:00:00,95718.1,95974.92,95714.17,95950.69
1761919200,2025-10-31 14:00:00,95949.49,95997.04,95883.53,95887.27
1761922800,2025-10-31 15:00:00,95886.34,95997.78,95788.6,95924.54
1761926400,2025-10-31 16:00:00,95923.82,95986.53,95831.93,95941.78
1761930000,2025-10-31 17:00:00,95943.48,95963,95809.21,95933.46
1761933600,2025-10-31 18:00:00,95933.17,96028.88,95902.19,95924.3
1761937200,2025-10-31 19:00:00,95923.49,96073.7,95906.54,96061.35
1761940800,2025-10-31 20:00:00,96061.46,96081.9,95958.89,96022.36
1761944400,2025-10-31 21:00:00,96023.58,96082.03,95897.13,95958.82
1761948000,2025-10-31 22:00:00,95958.09,96019.98,95858.98,95904.16
1761951600,2025-10-31 23:00:00,95904.85,96211.33,95866.9,96192.64
1761955200,2025-11-01 00:00:00,96191.6,96269.15,96021.72,96088.55
1761958800,2025-11-01 01:00:00,96089.77,96107.24,95933.18,95945.03
1761962400,2025-11-01 02:00:00,95944.15,95961.45,95674.3,95692.17
1761966000,2025-11-01 03:00:00,95691.9,95699.33,95597,95649.44
1761969600,2025-11-01 04:00:00,95648.81,95888.48,95631.79,95859.26
1761973200,2025-11-01 05:00:00,95858.12,95929.52,95828.16,95832.73
1761976800,2025-11-01 06:00:00,95832.13,95932.43,95747.22,95811.31
1761980400,2025-11-01 07:00:00,95810.15,95941.88,95746.52,95765.76
1761984000,2025-11-01 08:00:00,95766.2,95787.06,95508.64,95530.06
1761987600,2025-11-01 09:00:00,95527.77,95611.31,95485.49,95574.63
1761991200,2025-11-01 10:00:00,95575.54,95654.03,95519.26,95575.62
1761994800,2025-11-01 11:00:00,95575.18,95648.75,95521.7,95541.99
1761998400,2025-11-01 12:00:00,95541.12,95567.92,95412.36,95457.36
1762002000,2025-11-01 13:00:00,95458.87,95607.12,95455.35,95495.52
1762005600,2025-11-01 14:00:00,95495.5,95563.9,95360.66,95445.25
1762009200,2025-11-01 15:00:00,95446.18,95446.18,95340.22,95419.34
1762012800,2025-11-01 16:00:00,95422.41,95549.63,95402.93,95549.63
1762016400,2025-11-01 17:00:00,95548.36,95548.36,95354.12,95354.12
1762020000,2025-11-01 18:00:00,95353.3,95616.24,95326.01,95498.91
1762023600,2025-11-01 19:00:00,95498.25,95609.67,95386.66,95537.02
1762027200,2025-11-01 20:00:00,95533.78,95591.02,95475.69,95516.54
1762030800,2025-11-01 21:00:00,95517.74,95631.71,95474.9,95522.46
1762034400,2025-11-01 22:00:00,95519.9,95586.77,95459.15,95524.83
1762038000,2025-11-01 23:00:00,95525.18,95574.79,95453.51,95539.02
1762041600,2025-11-02 00:00:00,95541.84,95573.81,95444.88,95487.4
1762045200,2025-11-02 01:00:00,95490.14,95570.14,95476.06,95552.06
1762048800,2025-11-02 02:00:00,95552.2,95552.2,95277.15,95314.56
1762052400,2025-11-02 03:00:00,95316.1,95456.8,95240.55,95437.39
1762056000,2025-11-02 04:00:00,95437.32,95556.95,95418.46,95442.9
1762059600,2025-11-02 05:00:00,95441.53,95475.05,95353.41,95394.83
1762063200,2025-11-02 06:00:00,95394.68,95455.94,95240.17,95309.98
1762066800,2025-11-02 07:00:00,95307.19,95316.01,94991.56,95063.64
1762070400,2025-11-02 08:00:00,95065.84,95161.38,94946.07,95127.14
1762074000,2025-11-02 09:00:00,95127.58,95174.63,95024.33,95058.42
1762077600,2025-11-02 10:00:00,95056.76,95076.71,94857.69,94883.61
1762081200,2025-11-02 11:00:00,94883.52,94989.17,94718.75,94718.86
1762084800,2025-11-02 12:00:00,94719.9,94898,94717.51,94746.39
1762088400,2025-11-02 13:00:00,94745.66,94757.29,94606.13,94665.05
1762092000,2025-11-02 14:00:00,94663.36,94930.4,94641.76,94902.15
1762095600,2025-11-02 15:00:00,94904.89,95018.14,94830.05,94978.18
1762099200,2025-11-02 16:00:00,94978.22,94989.1,94917.18,94962.36
1762102800,2025-11-02 17:00:00,94966.02,95128.2,94925.16,95104.54
1762106400,2025-11-02 18:00:00,95104.87,95279.68,95064.53,95224.11
1762110000,2025-11-02 19:00:00,95222.94,95246.26,94959.73,94985.18
1762113600,2025-11-02 20:00:00,94986.84,95080.19,94893.77,94906.68
1762117200,2025-11-02 21:00:00,94906.01,95171.59,94863.06,95107.54
1762120800,2025-11-02 22:00:00,95105.35,95125.42,94863.63,94943.06
1762124400,2025-11-02 23:00:00,94944.61,95151.36,94944.61,95073.37
1762128000,2025-11-03 00:00:00,95073.59,95316.71,95013.3,95308.44
1762131600,2025-11-03 01:00:00,95309.91,95593.72,95280.85,95549.83
1762135200,2025-11-03 02:00:00,95548.03,95548.03,95333.87,95406.19
1762138800,2025-11-03 03:00:00,95406.05,95576.23,95368.38,95552.48
1762142400,2025-11-03 04:00:00,95551.15,95779.34,95536.48,95755.76
1762146000,2025-11-03 05:00:00,95755.07,95784.3,95477.33,95489.06
1762149600,2025-11-03 06:00:00,95492.08,95681.36,95478.47,95576.83
1762153200,2025-11-03 07:00:00,95575.8,95626.47,95414.01,95531.84
1762156800,2025-11-03 08:00:00,95534.09,95739.69,95530.75,95674.47
1762160400,2025-11-03 09:00:00,95673.25,95684.99,95541.29,95549.18
1762164000,2025-11-03 10:00:00,95551.25,95563.88,95390.86,95462.2
1762167600,2025-11-03 11:00:00,95463.38,95482.41,95383.23,95437.24
1762171200,2025-11-03 12:00:00,95439.04,95449.39,95199.57,95245.69
1762174800,2025-11-03 13:00:00,95247.74,95251.56,95072.63,95099.43
1762178400,2025-11-03 14:00:00,95102.23,95116.87,95016.48,95108.21
1762182000,2025-11-03 15:00:00,95108.97,95121.78,94940.92,95083.01
1762185600,2025-11-03 16:00:00,95082.48,95118.49,94990.89,95015.13
1762189200,2025-11-03 17:00:00,95016.62,95082.92,94957.47,95057.67
1762192800,2025-11-03 18:00:00,95058.08,95101.04,94925.03,94925.03
1762196400,2025-11-03 19:00:00,94925.98,94967.58,94837.99,94869.56
1762200000,2025-11-03 20:00:00,94866.27,94957.27,94794.56,94841.47
1762203600,2025-11-03 21:00:00,94841.3,94891.47,94742.47,94772.75
1762207200,2025-11-03 22:00:00,94771.26,94772.75,94539.69,94564.72
1762210800,2025-11-03 23:00:00,94566.13,94582.33,94445.92,94539.97
1762214400,2025-11-04 00:00:00,94543.2,94833.56,94541.74,94816.13
1762218000,2025-11-04 01:00:00,94818.36,94988.05,94808.49,94817.93
1762221600,2025-11-04 02:00:00,94817.87,94938.81,94663.88,94902.7
1762225200,2025-11-04 03:00:00,94904.16,94951.29,94781.11,94888.05
1762228800,2025-11-04 04:00:00,94887.4,94951.31,94792.44,94807.29
1762232400,2025-11-04 05:00:00,94807.32,94825.73,94700.76,94804.71
1762236000,2025-11-04 06:00:00,94804.34,95112.64,94768.2,95085.6
1762239600,2025-11-04 07:00:00,95084.67,95147.98,95058.06,95103.09
1762243200,2025-11-04 08:00:00,95105.09,95114.4,94848.12,94867.81
1762246800,2025-11-04 09:00:00,94867.3,95102.55,94804.79,95032.57
1762250400,2025-11-04 10:00:00,95031.93,95130.34,94982.14,94994.84
1762254000,2025-11-04 11:00:00,94994.08,95158.85,94936.39,95066.68
1762257600,2025-11-04 12:00:00,95067.74,95429.92,95048.12,95413.99
1762261200,2025-11-04 13:00:00,95412.48,95525.4,95352.12,95485.74
1762264800,2025-11-04 14:00:00,95487.15,95495.24,95196.52,95222.83
1762268400,2025-11-04 15:00:00,95222.78,95242.69,95118.12,95199.67
1762272000,2025-11-04 16:00:00,95202.79,95238.24,95025.79,95078.84
1762275600,2025-11-04 17:00:00,95076.57,95223.86,94964.81,95175.78
1762279200,2025-11-04 18:00:00,95176.06,95332.65,95113.08,95291.37
1762282800,2025-11-04 19:00:00,95291.03,95300.8,95197.6,95202.75
1762286400,2025-11-04 20:00:00,95200.38,95279.04,95144.07,95264.43
1762290000,2025-11-04 21:00:00,95265.98,95405.89,95220.53,95239.06
1762293600,2025-11-04 22:00:00,95238.62,95318.47,95186.91,95221.18
1762297200,2025-11-04 23:00:00,95219.27,95331.03,95180.77,95291.07
1762300800,2025-11-05 00:00:00,95288.33,95328.91,95090.1,95138.65
1762304400,2025-11-05 01:00:00,95133.82,95162.92,94952.1,95118.84
1762308000,2025-11-05 02:00:00,95117.79,95191.13,95047.45,95098.72
1762311600,2025-11-05 03:00:00,95098.58,95353.26,95081.83,95324.23
1762315200,2025-11-05 04:00:00,95323.35,95551.83,95253.15,95536.19
1762318800,2025-11-05 05:00:00,95533.53,95653.8,95476.76,95603.92
1762322400,2025-11-05 06:00:00,95602.31,95630.72,95430.09,95437.39
1762326000,2025-11-05 07:00:00,95437.93,95445.76,95114.98,95117.55
1762329600,2025-11-05 08:00:00,95115.46,95160.3,94917.37,94925.42
1762333200,2025-11-05 09:00:00,94923.35,94941.26,94726.47,94824.58
1762336800,2025-11-05 10:00:00,94823.2,94836.58,94557.01,94669.24
1762340400,2025-11-05 11:00:00,94668.22,94670.44,94280.25,94324.24
1762344000,2025-11-05 12:00:00,94324.47,94324.47,94177,94312.23
1762347600,2025-11-05 13:00:00,94311.97,94464.24,94284.84,94454.3
1762351200,2025-11-05 14:00:00,94459.03,94766.28,94425.86,94753.2
1762354800,2025-11-05 15:00:00,94755.56,94949.33,94731.58,94911.99
1762358400,2025-11-05 16:00:00,94910.51,94957.47,94752.42,94893.1
1762362000,2025-11-05 17:00:00,94892.37,94936.65,94776.59,94868.57
1762365600,2025-11-05 18:00:00,94869.59,94951.17,94642.17,94663.05
1762369200,2025-11-05 19:00:00,94661.32,94732.23,94553.55,94578.87
1762372800,2025-11-05 20:00:00,94576.64,94659.21,94455.62,94499.09
1762376400,2025-11-05 21:00:00,94499.82,94728.39,94493.36,94703.25
1762380000,2025-11-05 22:00:00,94703.54,94776.09,94558.72,94771.17
1762383600,2025-11-05 23:00:00,94773.22,94857.95,94687.69,94795.58
1762387200,2025-11-06 00:00:00,94796.13,94933.5,94739.95,94929.81
1762390800,2025-11-06 01:00:00,94929.6,94981.85,94883.17,94918.87
1762394400,2025-11-06 02:00:00,94922.43,95013.14,94898.95,94967.55
1762398000,2025-11-06 03:00:00,94968.9,94968.9,94829.36,94897.98
1762401600,2025-11-06 04:00:00,94897.68,94972.05,94822.35,94841.31
1762405200,2025-11-06 05:00:00,94838.01,94842.66,94712.64,94753.91
1762408800,2025-11-06 06:00:00,94754.37,94958.69,94701.62,94747.57
1762412400,2025-11-06 07:00:00,94745.9,94891.3,94598.9,94867.78
1762416000,2025-11-06 08:00:00,94869.9,94882.88,94502.92,94542.06
1762419600,2025-11-06 09:00:00,94543.41,94647.93,94537.38,94580.45
1762423200,2025-11-06 10:00:00,94577.77,94661.07,94485.1,94500.41
1762426800,2025-11-06 11:00:00,94498.45,94547.34,94454.94,94499.77
1762430400,2025-11-06 12:00:00,94503.03,94649.42,94433.27,94611.86
1762434000,2025-11-06 13:00:00,94611.22,94662.41,94357.69,94385.73
1762437600,2025-11-06 14:00:00,94387.1,94601.65,94384.1,94587.37
1762441200,2025-11-06 15:00:00,94585.42,94827.84,94572.72,94753.31
1762444800,2025-11-06 16:00:00,94753.62,94853.86,94683.21,94848.21
1762448400,2025-11-06 17:00:00,94847.97,94874.85,94725.65,94794.84
1762452000,2025-11-06 18:00:00,94796.05,94974.79,94789.52,94964.26
1762455600,2025-11-06 19:00:00,94962.61,94969.21,94830.75,94936.8
1762459200,2025-11-06 20:00:00,94935.1,95132.27,94878.26,95097.89
1762462800,2025-11-06 21:00:00,95099.02,95176.36,95019.42,95089.87
1762466400,2025-11-06 22:00:00,95092.04,95179.92,95005.33,95108.42
1762470000,2025-11-06 23:00:00,95110.59,95186.07,95009.62,95148.39
1762473600,2025-11-07 00:00:00,95151.67,95165.86,95055.49,95088.17
1762477200,2025-11-07 01:00:00,95087.44,95191.44,95016.81,95097.31
1762480800,2025-11-07 02:00:00,95096.99,95200.81,95055.5,95146.54
1762484400,2025-11-07 03:00:00,95148.78,95362.35,95010.17,95349.59
1762488000,2025-11-07 04:00:00,95349.66,95463.52,95322.21,95353.09
1762491600,2025-11-07 05:00:00,95352.18,95353.88,95232.13,95270.94
1762495200,2025-11-07 06:00:00,95267.56,95315.44,95225.34,95262.87
1762498800,2025-11-07 07:00:00,95262.38,95385.82,95249.78,95337.08
1762502400,2025-11-07 08:00:00,95334.08,95451.51,95323.28,95360.84
1762506000,2025-11-07 09:00:00,95359.49,95405.17,95232.22,95267.67
1762509600,2025-11-07 10:00:00,95268.33,95364.89,95038.64,95048.22
1762513200,2025-11-07 11:00:00,95047.28,95088.49,94883.26,94910.43
1762516800,2025-11-07 12:00:00,94910.54,95024.31,94851.52,94951.57
1762520400,2025-11-07 13:00:00,94950.26,95088.25,94948.78,95018.55
1762524000,2025-11-07 14:00:00,95023.62,95066.35,94849.97,94863.27
1762527600,2025-11-07 15:00:00,94863.84,95102.49,94826.79,95082.3
1762531200,2025-11-07 16:00:00,95083.75,95083.75,94825.65,94865.74
1762534800,2025-11-07 17:00:00,94864.91,95000.46,94848.41,94951.37
1762538400,2025-11-07 18:00:00,94950.01,95147.96,94937.02,95139.82
1762542000,2025-11-07 19:00:00,95138.33,95182.51,95004.3,95069.99
1762545600,2025-11-07 20:00:00,95069.56,95145.28,94964.34,95134.84
1762549200,2025-11-07 21:00:00,95136.31,95240.48,95074.57,95150.72
1762552800,2025-11-07 22:00:00,95151.03,95180.2,95026.81,95068.01
1762556400,2025-11-07 23:00:00,95068.31,95111.81,94975.04,95004.92
1762560000,2025-11-08 00:00:00,95004.53,95081.41,94937.99,95024.84
1762563600,2025-11-08 01:00:00,95027.75,95184.6,94948.5,95142.78
1762567200,2025-11-08 02:00:00,95139.97,95198.7,95086.9,95117.87
1762570800,2025-11-08 03:00:00,95119.79,95170.14,95056.9,95091.38
1762574400,2025-11-08 04:00:00,95089.93,95205.2,95032.2,95194.21
1762578000,2025-11-08 05:00:00,95199.05,95232.87,95057.09,95154.01
1762581600,2025-11-08 06:00:00,95153.42,95178.34,94940.39,95040.12
1762585200,2025-11-08 07:00:00,95040.3,95201.88,94993.34,95141.23
1762588800,2025-11-08 08:00:00,95144.91,95179.41,95006.33,95082.25
1762592400,2025-11-08 09:00:00,95083.38,95103.75,94993.08,95015.17
1762596000,2025-11-08 10:00:00,95016.69,95035.49,94810.44,94878.87
1762599600,2025-11-08 11:00:00,94878.13,94948.46,94768.4,94789.13
1762603200,2025-11-08 12:00:00,94790.13,94851.81,94465.73,94504.07
1762606800,2025-11-08 13:00:00,94504.54,94596.15,94422.24,94572.77
1762610400,2025-11-08 14:00:00,94573.62,94640.03,94536.76,94598.83
1762614000,2025-11-08 15:00:00,94597.69,94713.71,94552.22,94576.53
1762617600,2025-11-08 16:00:00,94578.15,94638.59,94444.57,94496.99
1762621200,2025-11-08 17:00:00,94501.07,94593.26,94453.33,94493.4
1762624800,2025-11-08 18:00:00,94496.17,94525.21,94395.77,94443.47
1762628400,2025-11-08 19:00:00,94443.41,94469.15,94355.72,94395.73
1762632000,2025-11-08 20:00:00,94394.47,94413.63,94239.93,94344.31
1762635600,2025-11-08 21:00:00,94344.69,94372.54,94188.18,94255.55
1762639200,2025-11-08 22:00:00,94254.04,94304.39,94192.41,94269.6
1762642800,2025-11-08 23:00:00,94271.39,94401.12,94254.8,94316.08
1762646400,2025-11-09 00:00:00,94313.67,94515.66,94271.96,94290.54
1762650000,2025-11-09 01:00:00,94289.67,94426.09,94163.13,94379.72
1762653600,2025-11-09 02:00:00,94380.38,94436.27,94232.26,94241
1762657200,2025-11-09 03:00:00,94243.07,94400.09,94233.55,94235.27
1762660800,2025-11-09 04:00:00,94236.14,94384.41,94152.35,94365.38
1762664400,2025-11-09 05:00:00,94366.53,94445.71,94337.52,94424.93
1762668000,2025-11-09 06:00:00,94424.1,94721.1,94401.42,94600.74
1762671600,2025-11-09 07:00:00,94603.17,94647.95,94260.73,94262.56
1762675200,2025-11-09 08:00:00,94263.26,94274.27,94114.45,94226.49
1762678800,2025-11-09 09:00:00,94226.14,94353.59,94158.73,94276.2
1762682400,2025-11-09 10:00:00,94275.82,94471.93,94230.76,94340.59
1762686000,2025-11-09 11:00:00,94342.64,94509.11,94334.58,94402.16
1762689600,2025-11-09 12:00:00,94401.8,94401.8,94307.81,94334.74
1762693200,2025-11-09 13:00:00,94337.33,94367.46,94202.93,94248.21
1762696800,2025-11-09 14:00:00,94244.73,94389.1,94218.39,94293.27
1762700400,2025-11-09 15:00:00,94293.16,94294.92,93939.1,93998.64
1762704000,2025-11-09 16:00:00,93999.27,94142.45,93912.09,93913.4
1762707600,2025-11-09 17:00:00,93913.31,93963.18,93704.78,93714.19
1762711200,2025-11-09 18:00:00,93715.91,93767.31,93591.16,93618.35
1762714800,2025-11-09 19:00:00,93615.77,93716.38,93606.02,93681.12
1762718400,2025-11-09 20:00:00,93680.99,93688.26,93529.26,93674.75
1762722000,2025-11-09 21:00:00,93675.76,93905.34,93659.02,93877.26
1762725600,2025-11-09 22:00:00,93876.14,94134.7,93862.74,93936.02
1762729200,2025-11-09 23:00:00,93936.33,94009.98,93865.73,93957.98
1762732800,2025-11-10 00:00:00,93956.76,94266.46,93952.73,94231.46
1762736400,2025-11-10 01:00:00,94227.19,94309.27,94082.37,94139.02
1762740000,2025-11-10 02:00:00,94140.52,94160.07,94004.54,94097.88
1762743600,2025-11-10 03:00:00,94101.68,94178.95,93910.01,93956.72
1762747200,2025-11-10 04:00:00,93955.92,93998.02,93805.61,93807.84
1762750800,2025-11-10 05:00:00,93809.01,93952.34,93785.34,93789.25
1762754400,2025-11-10 06:00:00,93787.3,93833.41,93680.15,93789.9
1762758000,2025-11-10 07:00:00,93789.05,93842.59,93651.44,93702.23
1762761600,2025-11-10 08:00:00,93704.72,93761.17,93607.97,93641.65
1762765200,2025-11-10 09:00:00,93641.85,93877.48,93632.85,93871.7
1762768800,2025-11-10 10:00:00,93871.55,93974.09,93839.23,93904.37
1762772400,2025-11-10 11:00:00,93905.77,93975.46,93804.72,93974.86
1762776000,2025-11-10 12:00:00,93976.59,93987.86,93806.55,93851.11
1762779600,2025-11-10 13:00:00,93851.12,93978.35,93837.81,93963.25
1762783200,2025-11-10 14:00:00,93962.86,94157.24,93930.25,94002.2
1762786800,2025-11-10 15:00:00,94004.17,94012.75,93827.9,93886.63
1762790400,2025-11-10 16:00:00,93885.72,94038.06,93853.36,93922.14
1762794000,2025-11-10 17:00:00,93919.83,94064.54,93913.81,94042.04
1762797600,2025-11-10 18:00:00,94039.9,94184.45,94027.88,94170.08
1762801200,2025-11-10 19:00:00,94166.85,94231.33,94045.33,94109.81
1762804800,2025-11-10 20:00:00,94111.09,94253.09,94060.02,94114.45
1762808400,2025-11-10 21:00:00,94112.37,94161.35,93901.74,93911.43
1762812000,2025-11-10 22:00:00,93912.91,94098.58,93912.91,94057.75
1762815600,2025-11-10 23:00:00,94055.72,94239.82,94008.03,94125.41
1762819200,2025-11-11 00:00:00,94127.03,94355.3,94100.85,94284.61
1762822800,2025-11-11 01:00:00,94287.39,94467.86,94248.35,94267.22
1762826400,2025-11-11 02:00:00,94269.46,94279.18,94124.94,94177.99
1762830000,2025-11-11 03:00:00,94181.16,94215.94,93975.46,93989.61
1762833600,2025-11-11 04:00:00,93989.17,94153.96,93948.02,94144.11
1762837200,2025-11-11 05:00:00,94143.78,94231.73,93905.85,93948.04
1762840800,2025-11-11 06:00:00,93946.41,93989,93812.04,93862.08
1762844400,2025-11-11 07:00:00,93864.27,93944.16,93778.02,93822.23
1762848000,2025-11-11 08:00:00,93822.3,94042.72,93813.04,93951.45
1762851600,2025-11-11 09:00:00,93952.53,94163.03,93942.41,94150.7
1762855200,2025-11-11 10:00:00,94152.46,94199.42,94092.67,94145.02
1762858800,2025-11-11 11:00:00,94147.88,94173.98,93974.51,94005.21
1762862400,2025-11-11 12:00:00,94003.69,94055.92,93974.14,94030.57
1762866000,2025-11-11 13:00:00,94031.36,94072.58,93856.95,93885.26
1762869600,2025-11-11 14:00:00,93886.97,93976.04,93848.94,93962.7
1762873200,2025-11-11 15:00:00,93960.66,94026.19,93904.81,93957.1
1762876800,2025-11-11 16:00:00,93957.12,94077.79,93953.16,94008.36
1762880400,2025-11-11 17:00:00,94005.62,94139.29,93995.63,94062.23
1762884000,2025-11-11 18:00:00,94060.95,94272.98,94035.09,94263.33
1762887600,2025-11-11 19:00:00,94259.66,94338.02,94212.4,94297.45
1762891200,2025-11-11 20:00:00,94297.39,94505.4,94280.14,94471.74
1762894800,2025-11-11 21:00:00,94469.06,94532.02,94355.8,94360.56
1762898400,2025-11-11 22:00:00,94360.53,94483.45,94222.4,94449.04
1762902000,2025-11-11 23:00:00,94450.14,94572.28,94381.02,94571.94
1762905600,2025-11-12 00:00:00,94572.07,94589.15,94409.9,94474.77
1762909200,2025-11-12 01:00:00,94475.63,94488.31,94319.66,94417.76
1762912800,2025-11-12 02:00:00,94420.57,94482.83,94270.07,94479.42
1762916400,2025-11-12 03:00:00,94478.55,94672.83,94476.08,94643.32
1762920000,2025-11-12 04:00:00,94645.64,94718.39,94447.22,94494.97
1762923600,2025-11-12 05:00:00,94494.89,94627.73,94445.15,94613.9
1762927200,2025-11-12 06:00:00,94614.87,94779.85,94562.2,94769.14
1762930800,2025-11-12 07:00:00,94767.39,94770.83,94578.48,94652.82
1762934400,2025-11-12 08:00:00,94651.51,94686.53,94572.83,94661.06
1762938000,2025-11-12 09:00:00,94661.45,94682.84,94452.5,94490.77
1762941600,2025-11-12 10:00:00,94488.35,94569.02,94364.07,94554.4
1762945200,2025-11-12 11:00:00,94554.16,94645.67,94456.5,94637.69
1762948800,2025-11-12 12:00:00,94636.42,94769.32,94586.31,94607.3
1762952400,2025-11-12 13:00:00,94608.86,94633.07,94341.45,94361.18
1762956000,2025-11-12 14:00:00,94360.64,94536.91,94354.11,94439.04
1762959600,2025-11-12 15:00:00,94439.75,94445.48,94326.75,94401.15
1762963200,2025-11-12 16:00:00,94401.81,94498.69,94211.35,94290.6
1762966800,2025-11-12 17:00:00,94291.08,94477.21,94282.34,94402.98
1762970400,2025-11-12 18:00:00,94400.86,94654.67,94392.65,94566.41
1762974000,2025-11-12 19:00:00,94566.2,94572.76,94403.38,94408.32
1762977600,2025-11-12 20:00:00,94406.93,94545.96,94398.41,94469.65
1762981200,2025-11-12 21:00:00,94466,94472.23,94198.72,94214.75
1762984800,2025-11-12 22:00:00,94214.61,94270.48,94016.16,94050.33
1762988400,2025-11-12 23:00:00,94048.82,94144.48,93992.85,94105.11
1762992000,2025-11-13 00:00:00,94104.9,94269.4,94021.93,94233.52
1762995600,2025-11-13 01:00:00,94233.26,94285.8,94021.26,94049.67
1762999200,2025-11-13 02:00:00,94051.03,94287.18,94044.15,94253.2
1763002800,2025-11-13 03:00:00,94253.23,94386.25,94222.56,94365.29
1763006400,2025-11-13 04:00:00,94364.51,94393.49,94228.66,94375.17
1763010000,2025-11-13 05:00:00,94375.16,94538.16,94279.14,94518.52
1763013600,2025-11-13 06:00:00,94519.32,94770.7,94406.5,94760.61
1763017200,2025-11-13 07:00:00,94761.62,94925.84,94674.01,94798.38
1763020800,2025-11-13 08:00:00,94798.03,94840.67,94720,94804.02
1763024400,2025-11-13 09:00:00,94801.92,95027.09,94796.09,95015.14
1763028000,2025-11-13 10:00:00,95014.58,95066.39,94971.66,95025.68
1763031600,2025-11-13 11:00:00,95027.16,95266.53,94975.59,95243.22
1763035200,2025-11-13 12:00:00,95242.64,95279.24,95103.66,95130.39
1763038800,2025-11-13 13:00:00,95129.48,95339.61,95128.26,95240.55
1763042400,2025-11-13 14:00:00,95241.97,95411.98,95231.72,95305.39
1763046000,2025-11-13 15:00:00,95305.54,95368.1,95274.36,95290.06
1763049600,2025-11-13 16:00:00,95291.08,95511.14,95273.52,95358.65
1763053200,2025-11-13 17:00:00,95357.79,95382.58,95236.91,95279.79
1763056800,2025-11-13 18:00:00,95277.22,95299.18,95137.56,95151.8
1763060400,2025-11-13 19:00:00,95150.82,95292.23,95142.71,95272.69
1763064000,2025-11-13 20:00:00,95271.83,95415.89,95244.3,95414.33
1763067600,2025-11-13 21:00:00,95415.97,95438.87,95312.77,95353.25
1763071200,2025-11-13 22:00:00,95351.27,95438.67,95283.65,95348.96
1763074800,2025-11-13 23:00:00,95351.14,95367.34,94983.04,95021.15
1763078400,2025-11-14 00:00:00,95018.82,95022.03,94866.99,94947.92
1763082000,2025-11-14 01:00:00,94949.4,94999.45,94786.94,94800.2
1763085600,2025-11-14 02:00:00,94797.17,94917.96,94613.4,94892.78
1763089200,2025-11-14 03:00:00,94892.43,94971.99,94836.93,94848.83
1763092800,2025-11-14 04:00:00,94848.64,94971.62,94721.79,94954.11
1763096400,2025-11-14 05:00:00,94955.58,94958.93,94732.06,94816.36
1763100000,2025-11-14 06:00:00,94813.99,94974.81,94788.54,94931.93
1763103600,2025-11-14 07:00:00,94930.69,95037.87,94923.05,95006.87
1763107200,2025-11-14 08:00:00,95007.13,95119.76,94980.26,95073.08
1763110800,2025-11-14 09:00:00,95072.22,95110.51,94994.4,94994.74
1763114400,2025-11-14 10:00:00,94992.56,94998.42,94848.64,94909.05
1763118000,2025-11-14 11:00:00,94911.74,94924.63,94771.46,94861.34
1763121600,2025-11-14 12:00:00,94862.93,94943.44,94758.72,94760.03
1763125200,2025-11-14 13:00:00,94759.43,94774.3,94587.31,94661.36
1763128800,2025-11-14 14:00:00,94663.49,94687.7,94522.38,94540.76
1763132400,2025-11-14 15:00:00,94540.61,94726.95,94528.26,94658.89
1763136000,2025-11-14 16:00:00,94660.95,94660.95,94407.2,94488.59
1763139600,2025-11-14 17:00:00,94490.27,94547.09,94444.91,94487.42
1763143200,2025-11-14 18:00:00,94484.18,94630.77,94465.02,94508.72
1763146800,2025-11-14 19:00:00,94507.19,94671.66,94504.77,94630.15
1763150400,2025-11-14 20:00:00,94630.89,94682.6,94525.62,94633.79
1763154000,2025-11-14 21:00:00,94631.89,94749.1,94585.51,94622.29
1763157600,2025-11-14 22:00:00,94621.72,94731.43,94583.96,94662.61
1763161200,2025-11-14 23:00:00,94664.74,94685.64,94598.1,94611.31
1763164800,2025-11-15 00:00:00,94610.72,94983.48,94587.99,94975.57
1763168400,2025-11-15 01:00:00,94979.08,95143.54,94911.42,94938.64
1763172000,2025-11-15 02:00:00,94939.3,95237.28,94913.77,95235.27
1763175600,2025-11-15 03:00:00,95234.24,95371.9,95222.45,95258.1
1763179200,2025-11-15 04:00:00,95257.06,95512.03,95225.69,95495.75
1763182800,2025-11-15 05:00:00,95496.84,95524.34,95396.33,95462.19
1763186400,2025-11-15 06:00:00,95462.41,95615.13,95462.41,95528.58
1763190000,2025-11-15 07:00:00,95527.07,95743.48,95523.62,95529.02
1763193600,2025-11-15 08:00:00,95528.7,95707.06,95449.17,95477.88
1763197200,2025-11-15 09:00:00,95478.98,95574.23,95354.4,95513.52
1763200800,2025-11-15 10:00:00,95513.45,95705.44,95465.52,95612.86
1763204400,2025-11-15 11:00:00,95613.38,95619.28,95287.09,95360.58
1763208000,2025-11-15 12:00:00,95359.67,95359.67,95244.31,95251.71
1763211600,2025-11-15 13:00:00,95252.91,95432.47,95227.28,95367.03
1763215200,2025-11-15 14:00:00,95367.04,95372.37,94989.78,95099.43
1763218800,2025-11-15 15:00:00,95099.82,95197.52,95088.18,95141.95
1763222400,2025-11-15 16:00:00,95139.93,95148.73,95006.85,95025.92
1763226000,2025-11-15 17:00:00,95026.72,95168.66,94997.36,95010.04
1763229600,2025-11-15 18:00:00,95008.84,95078.13,94828.38,94998.55
1763233200,2025-11-15 19:00:00,94999.91,95179.59,94976.89,95131.33
1763236800,2025-11-15 20:00:00,95129.75,95159.29,94940.28,94970.47
1763240400,2025-11-15 21:00:00,94973.85,95126.05,94886.18,95055.15
1763244000,2025-11-15 22:00:00,95054.75,95156.59,95005.05,95078.34
1763247600,2025-11-15 23:00:00,95077.29,95117.83,94904.31,94969.67
1763251200,2025-11-16 00:00:00,94967.34,94994.71,94758.94,94848.78
1763254800,2025-11-16 01:00:00,94848.28,94899.74,94750.88,94837.29
1763258400,2025-11-16 02:00:00,94839.78,94879.08,94630.47,94649.94
1763262000,2025-11-16 03:00:00,94647.71,94696.7,94542.83,94558.8
1763265600,2025-11-16 04:00:00,94560.69,94560.69,94321.73,94409.43
1763269200,2025-11-16 05:00:00,94409.41,94433.73,94255.79,94296.34
1763272800,2025-11-16 06:00:00,94297.01,94318.75,94101.81,94111.81
1763276400,2025-11-16 07:00:00,94110.02,94254.56,94034.8,94230.4
1763280000,2025-11-16 08:00:00,94232.03,94354.22,94227.19,94291.2
1763283600,2025-11-16 09:00:00,94291.88,94511.47,94291.2,94478.27
1763287200,2025-11-16 10:00:00,94478.82,94700.1,94470.49,94669.05
1763290800,2025-11-16 11:00:00,94671.86,94755.34,94475.01,94484.05
1763294400,2025-11-16 12:00:00,94483.72,94705.19,94483.72,94543.01
1763298000,2025-11-16 13:00:00,94542.68,94711.38,94506.57,94598.4
1763301600,2025-11-16 14:00:00,94598.42,94765.66,94500.87,94741.31
1763305200,2025-11-16 15:00:00,94737.32,94831.55,94688.76,94690.62
1763308800,2025-11-16 16:00:00,94689.97,94784.91,94590.86,94612.41
1763312400,2025-11-16 17:00:00,94613.98,94639.84,94497.27,94578.54
1763316000,2025-11-16 18:00:00,94577.63,94589.54,94276.28,94284.94
1763319600,2025-11-16 19:00:00,94286,94482.68,94259.71,94476.9
1763323200,2025-11-16 20:00:00,94475.54,94532.16,94275.85,94291.49
1763326800,2025-11-16 21:00:00,94293.63,94388.33,94175.21,94178.84
1763330400,2025-11-16 22:00:00,94185.1,94215.07,94010.61,94088.67
1763334000,2025-11-16 23:00:00,94087.47,94180.63,94018.19,94110.27
1763337600,2025-11-17 00:00:00,94110.09,94162.99,94038.78,94097.33
1763341200,2025-11-17 01:00:00,94096.48,94211.36,94077.58,94172.77
1763344800,2025-11-17 02:00:00,94175.39,94329.21,94144.06,94215.82
1763348400,2025-11-17 03:00:00,94218.02,94235.15,94034.06,94047.16
1763352000,2025-11-17 04:00:00,94049.34,94127.5,94007.15,94041.99
1763355600,2025-11-17 05:00:00,94041.49,94273.55,93983.27,94242.35
1763359200,2025-11-17 06:00:00,94237.76,94303.15,94054.91,94093.98
1763362800,2025-11-17 07:00:00,94092.99,94143.52,94001.99,94070.3
1763366400,2025-11-17 08:00:00,94068.72,94281.9,93965.08,94274.93
1763370000,2025-11-17 09:00:00,94276.64,94299.65,93906.29,93932.58
1763373600,2025-11-17 10:00:00,93931.01,93948.6,93852.11,93939.36
1763377200,2025-11-17 11:00:00,93941.9,94119.32,93937.19,94114.31
1763380800,2025-11-17 12:00:00,94114.64,94143.48,94004.57,94013.91
1763384400,2025-11-17 13:00:00,94010.19,94017.98,93819.99,93919.1
1763388000,2025-11-17 14:00:00,93919.12,93930.89,93778.49,93816.46
1763391600,2025-11-17 15:00:00,93815.58,93880.41,93687.67,93704.22
1763395200,2025-11-17 16:00:00,93705.27,94032.18,93705.27,93938.3
1763398800,2025-11-17 17:00:00,93937.6,93941.16,93741.46,93817.45
1763402400,2025-11-17 18:00:00,93820,93915.81,93749.48,93896.83
1763406000,2025-11-17 19:00:00,93899.14,94049.99,93878.56,93899.83
1763409600,2025-11-17 20:00:00,93900.89,94120.52,93861.51,94107.43
1763413200,2025-11-17 21:00:00,94105.91,94221.13,94043.91,94151.77
1763416800,2025-11-17 22:00:00,94149.77,94160.25,93764.92,93790.13
1763420400,2025-11-17 23:00:00,93789.84,93935.82,93728.7,93844.56
1763424000,2025-11-18 00:00:00,93847.41,94039.17,93826.89,93982.98
1763427600,2025-11-18 01:00:00,93984.43,94054.04,93886.79,93917.39
1763431200,2025-11-18 02:00:00,93917.31,94001.23,93876.03,93896.11
1763434800,2025-11-18 03:00:00,93895.76,93971.47,93862.57,93963.34
1763438400,2025-11-18 04:00:00,93962.7,93992.28,93798.87,93837.88
1763442000,2025-11-18 05:00:00,93838.31,94005.3,93833.99,93966.36
1763445600,2025-11-18 06:00:00,93967.85,94202.51,93931.54,94200.24
1763449200,2025-11-18 07:00:00,94201.04,94281.15,94127.83,94210.59
1763452800,2025-11-18 08:00:00,94209.21,94214.44,93943.66,93970.4
1763456400,2025-11-18 09:00:00,93970.82,94212.3,93970.82,94134.07
1763460000,2025-11-18 10:00:00,94133.97,94142.16,93955.31,93980.99
1763463600,2025-11-18 11:00:00,93983.07,94093.99,93906.7,94080.32
1763467200,2025-11-18 12:00:00,94081.66,94253.89,94004.22,94226.88
1763470800,2025-11-18 13:00:00,94228.9,94230.14,93935.31,94010.74
1763474400,2025-11-18 14:00:00,94010.64,94090.03,93864.14,93947.39
1763478000,2025-11-18 15:00:00,93949.49,94163.2,93917.82,94140.65
1763481600,2025-11-18 16:00:00,94139.96,94228.42,93995.38,93996.23
1763485200,2025-11-18 17:00:00,93997,93997,93794.69,93850.4
1763488800,2025-11-18 18:00:00,93849.09,93904.48,93633.82,93641.9
1763492400,2025-11-18 19:00:00,93643.17,93643.52,93566.08,93631.42
1763496000,2025-11-18 20:00:00,93632.2,93676.03,93541.68,93670.4
1763499600,2025-11-18 21:00:00,93673.07,93780.22,93639.26,93657.72
1763503200,2025-11-18 22:00:00,93657.53,93689.69,93571.69,93655.71
1763506800,2025-11-18 23:00:00,93655.52,93735.97,93564.09,93678.72
1763510400,2025-11-19 00:00:00,93673.81,93702.16,93549.11,93681.61
1763514000,2025-11-19 01:00:00,93681.41,93938.32,93646.49,93913.76
1763517600,2025-11-19 02:00:00,93914.18,94076.28,93840.25,93984.57
1763521200,2025-11-19 03:00:00,93986.07,94309.03,93981.32,94089.03
1763524800,2025-11-19 04:00:00,94089.5,94115.62,93927.54,94017.28
1763528400,2025-11-19 05:00:00,94018.97,94062.89,93948.53,94034.34
1763532000,2025-11-19 06:00:00,94036.45,94075.16,93670.16,93724.1
1763535600,2025-11-19 07:00:00,93723.58,93756.87,93622.69,93724.87
1763539200,2025-11-19 08:00:00,93724.63,93733.52,93613.02,93662.9
1763542800,2025-11-19 09:00:00,93662.73,93794.84,93449.87,93473.57
1763546400,2025-11-19 10:00:00,93476.85,93488.73,93206.77,93258.32
1763550000,2025-11-19 11:00:00,93258.88,93428.63,93182.64,93381.91
1763553600,2025-11-19 12:00:00,93382.69,93411.03,93267.29,93268.8
1763557200,2025-11-19 13:00:00,93267.07,93358.76,93246.5,93338.7
1763560800,2025-11-19 14:00:00,93338.03,93417.17,93241.43,93249.09
1763564400,2025-11-19 15:00:00,93251.41,93285.12,92995.38,93066.69
1763568000,2025-11-19 16:00:00,93066.72,93306.96,93047.68,93297.94
1763571600,2025-11-19 17:00:00,93298.77,93326.02,93157.95,93178.38
1763575200,2025-11-19 18:00:00,93176.45,93223.67,93039.55,93084.19
1763578800,2025-11-19 19:00:00,93083.7,93176.29,92973.22,93049.45
1763582400,2025-11-19 20:00:00,93050.52,93211.37,92985.27,93191.39
1763586000,2025-11-19 21:00:00,93190.87,93228.23,92955.19,93002.57
1763589600,2025-11-19 22:00:00,93005.1,93105.69,92896.39,92896.39
1763593200,2025-11-19 23:00:00,92894.3,92944.8,92768.46,92866.39
1763596800,2025-11-20 00:00:00,92862.09,92912.67,92771.79,92829.62
1763600400,2025-11-20 01:00:00,92828.69,92938.86,92745.1,92928.18
1763604000,2025-11-20 02:00:00,92931.97,93010.23,92793.64,92795.82
1763607600,2025-11-20 03:00:00,92795.16,92843.58,92607.31,92617.51
1763611200,2025-11-20 04:00:00,92619.03,92847.27,92611.9,92689.66
1763614800,2025-11-20 05:00:00,92689.79,92771.04,92622.85,92714.84
1763618400,2025-11-20 06:00:00,92713.97,92718.41,92533.59,92564.05
1763622000,2025-11-20 07:00:00,92563.54,92824.74,92533.87,92824.06
1763625600,2025-11-20 08:00:00,92824.36,92838.13,92613.37,92722.09
1763629200,2025-11-20 09:00:00,92723,92838.73,92633.25,92652.65
1763632800,2025-11-20 10:00:00,92653.36,92741.86,92576.43,92740.78
1763636400,2025-11-20 11:00:00,92738.08,92954.08,92718.71,92877.44
1763640000,2025-11-20 12:00:00,92877.26,92947.68,92804.84,92896.71
1763643600,2025-11-20 13:00:00,92895.47,92919.29,92782.78,92907.4
1763647200,2025-11-20 14:00:00,92907.94,92920.59,92802.15,92910.66
1763650800,2025-11-20 15:00:00,92912.8,93025.77,92852.53,93010.2
1763654400,2025-11-20 16:00:00,93012.52,93040.65,92865.74,92980.47
1763658000,2025-11-20 17:00:00,92978.11,93076.44,92898.5,92956.18
1763661600,2025-11-20 18:00:00,92954.96,93091.65,92947.01,93066.79
1763665200,2025-11-20 19:00:00,93069.59,93402.09,93058.59,93319.33
1763668800,2025-11-20 20:00:00,93319.26,93495.91,93305.07,93341.49
1763672400,2025-11-20 21:00:00,93342.29,93347.39,93112.09,93169.92
1763676000,2025-11-20 22:00:00,93172.47,93266.26,93093.68,93236.26
1763679600,2025-11-20 23:00:00,93237.83,93300.42,93021.93,93123.18
1763683200,2025-11-21 00:00:00,93123.17,93252.12,93080.94,93178.64
1763686800,2025-11-21 01:00:00,93179.14,93209.5,92928.74,92944.77
1763690400,2025-11-21 02:00:00,92946.4,92966.28,92787.29,92853.88
1763694000,2025-11-21 03:00:00,92853.58,92882.44,92581.51,92653.48
1763697600,2025-11-21 04:00:00,92656.05,92738.75,92535.63,92537.32
1763701200,2025-11-21 05:00:00,92536.13,92774.8,92513.26,92642.12
1763704800,2025-11-21 06:00:00,92641.19,92655.77,92483.93,92524.37
1763708400,2025-11-21 07:00:00,92523.8,92602.51,92402.68,92421.19
1763712000,2025-11-21 08:00:00,92420.89,92454.59,92206.57,92234.14
1763715600,2025-11-21 09:00:00,92234.29,92277.61,92099.51,92104.48
1763719200,2025-11-21 10:00:00,92102.6,92184.54,92023.23,92028.62
1763722800,2025-11-21 11:00:00,92028.18,92062.29,91915.62,91949.27
1763726400,2025-11-21 12:00:00,91948.61,92069.58,91938.96,92014.64
1763730000,2025-11-21 13:00:00,92013.05,92098.53,91932.42,92094.01
1763733600,2025-11-21 14:00:00,92094.66,92166.15,91966.05,92022.94
1763737200,2025-11-21 15:00:00,92024.13,92126.72,91966.89,91978.54
1763740800,2025-11-21 16:00:00,91977.81,92156.65,91951.13,92044.54
1763744400,2025-11-21 17:00:00,92045.21,92165.29,92036.94,92146.56
1763748000,2025-11-21 18:00:00,92143.78,92201.65,92067.22,92194.85
1763751600,2025-11-21 19:00:00,92193.34,92257.27,92164.27,92227.59
1763755200,2025-11-21 20:00:00,92228.48,92404.04,92221.01,92346.66
1763758800,2025-11-21 21:00:00,92347.31,92452.86,92178.54,92314.26
1763762400,2025-11-21 22:00:00,92312.28,92340.65,92162.51,92239.49
1763766000,2025-11-21 23:00:00,92237.01,92310.94,92201.41,92236.85
1763769600,2025-11-22 00:00:00,92237.16,92248.94,92079.36,92083.03
1763773200,2025-11-22 01:00:00,92086.64,92132.82,91978.12,92073.5
1763776800,2025-11-22 02:00:00,92075.51,92083.53,91908.86,91929.52
1763780400,2025-11-22 03:00:00,91933.38,91933.93,91779.9,91788.45
1763784000,2025-11-22 04:00:00,91786.17,91844.21,91623.52,91706.4
1763787600,2025-11-22 05:00:00,91708.49,91735.59,91518.97,91570.63
1763791200,2025-11-22 06:00:00,91572.44,91722.35,91546.98,91657.77
1763794800,2025-11-22 07:00:00,91657.92,91768.47,91611.61,91631.55
1763798400,2025-11-22 08:00:00,91632,91800.39,91589.89,91792.61
1763802000,2025-11-22 09:00:00,91794.9,91924.14,91675.09,91691.67
1763805600,2025-11-22 10:00:00,91689.91,91833.48,91661.66,91697.31
1763809200,2025-11-22 11:00:00,91696.87,91871.94,91673.93,91756.84
1763812800,2025-11-22 12:00:00,91756.04,91843.35,91708.46,91841.03
1763816400,2025-11-22 13:00:00,91841.07,91883.79,91743.74,91834.95
1763820000,2025-11-22 14:00:00,91834.52,91834.52,91589.74,91618.04
1763823600,2025-11-22 15:00:00,91618.48,91811.76,91490.89,91811.51
1763827200,2025-11-22 16:00:00,91814.49,92030.12,91788.39,91833.04
1763830800,2025-11-22 17:00:00,91832.33,91910.52,91707.85,91764.99
1763834400,2025-11-22 18:00:00,91762.8,91851.32,91666.67,91707.34
1763838000,2025-11-22 19:00:00,91703.98,91811.9,91634.96,91780.76
1763841600,2025-11-22 20:00:00,91783.36,91803.14,91487.43,91597.33
1763845200,2025-11-22 21:00:00,91597.33,91675.54,91522.77,91633.46
1763848800,2025-11-22 22:00:00,91630.85,91663,91521.5,91610.81
1763852400,2025-11-22 23:00:00,91609.59,91687.29,91571.31,91665.09
1763856000,2025-11-23 00:00:00,91663.29,91872.15,91591.81,91862.63
1763859600,2025-11-23 01:00:00,91861.1,91878.38,91696.68,91853.81
1763863200,2025-11-23 02:00:00,91853.89,91869.13,91634.25,91646.47
1763866800,2025-11-23 03:00:00,91643.91,91678.98,91499.85,91543.56
1763870400,2025-11-23 04:00:00,91545.43,91571.07,91208.19,91211.16
1763874000,2025-11-23 05:00:00,91210.31,91213.97,90949.91,90952.79
1763877600,2025-11-23 06:00:00,90957.07,91047.65,90749.92,90794.6
1763881200,2025-11-23 07:00:00,90793.44,90997.98,90740.61,90906.25
1763884800,2025-11-23 08:00:00,90904.36,91057.01,90885.38,91055.7
1763888400,2025-11-23 09:00:00,91056.38,91197.91,91053.19,91168.83
1763892000,2025-11-23 10:00:00,91168.9,91226.77,91039.05,91168.99
1763895600,2025-11-23 11:00:00,91168.16,91275.88,91056.15,91097.49
1763899200,2025-11-23 12:00:00,91099.7,91172.99,91085.89,91122.1
1763902800,2025-11-23 13:00:00,91117.59,91161.79,90986.4,91011.59
1763906400,2025-11-23 14:00:00,91013.5,91025.41,90875.61,90908.49
1763910000,2025-11-23 15:00:00,90906.78,91184.69,90889.73,91111.3
1763913600,2025-11-23 16:00:00,91109.05,91277.63,91072.53,91215.92
1763917200,2025-11-23 17:00:00,91214.9,91224.66,91115.76,91122.86
1763920800,2025-11-23 18:00:00,91123.43,91247.53,91058.42,91186.84
1763924400,2025-11-23 19:00:00,91185.4,91454.14,91106.32,91450.13
1763928000,2025-11-23 20:00:00,91449.15,91504.85,91388,91390.78
1763931600,2025-11-23 21:00:00,91393.9,91439.74,91345.21,91384.99
1763935200,2025-11-23 22:00:00,91383.66,91471.98,91287.62,91420.16
1763938800,2025-11-23 23:00:00,91418.51,91555.33,91397.77,91412.12
1763942400,2025-11-24 00:00:00,91412.31,91508.97,91283.2,91301.56
1763946000,2025-11-24 01:00:00,91299.27,91342.64,91051.88,91202.42
1763949600,2025-11-24 02:00:00,91200.57,91374.61,91182.47,91247.11
1763953200,2025-11-24 03:00:00,91243.54,91497.56,91212.63,91490.92
1763956800,2025-11-24 04:00:00,91489.39,91550.25,91285.68,91292.45
1763960400,2025-11-24 05:00:00,91291.62,91306.08,91057.12,91105.71
1763964000,2025-11-24 06:00:00,91103.84,91112.6,91014.23,91046.4
1763967600,2025-11-24 07:00:00,91046.73,91143.02,90987.79,90991.52
1763971200,2025-11-24 08:00:00,90991.41,90999.84,90798.25,90897.76
1763974800,2025-11-24 09:00:00,90898.15,91058.64,90895.39,90967.52
1763978400,2025-11-24 10:00:00,90969.23,91042.1,90856.88,90864.45
1763982000,2025-11-24 11:00:00,90864.06,90891.49,90746.71,90764.98
1763985600,2025-11-24 12:00:00,90766.63,90866.61,90752.09,90809.81
1763989200,2025-11-24 13:00:00,90809.21,91103.63,90769.52,91098.53
1763992800,2025-11-24 14:00:00,91100.35,91355.73,91047.63,91344.92
1763996400,2025-11-24 15:00:00,91347.87,91361.45,91162.34,91219.41
1764000000,2025-11-24 16:00:00,91218.87,91230.28,91108.98,91181.31
1764003600,2025-11-24 17:00:00,91179.98,91264.52,91054.21,91081.72
1764007200,2025-11-24 18:00:00,91078.08,91251.19,91042.05,91228.56
1764010800,2025-11-24 19:00:00,91227.5,91253.02,91045,91098.24
1764014400,2025-11-24 20:00:00,91095.79,91098.69,90885.5,90907.15
1764018000,2025-11-24 21:00:00,90906.87,90951.64,90808,90858.4
1764021600,2025-11-24 22:00:00,90860.85,90945.16,90752.01,90836.59
1764025200,2025-11-24 23:00:00,90836.29,90967.73,90789.65,90942.28
1764028800,2025-11-25 00:00:00,90942.68,91136.37,90918.38,91046.96
1764032400,2025-11-25 01:00:00,91047.86,91178.39,91024.03,91099.45
1764036000,2025-11-25 02:00:00,91100.6,91264.87,91059.78,91097.08
1764039600,2025-11-25 03:00:00,91093.37,91103.19,90914.08,90953.25
1764043200,2025-11-25 04:00:00,90955.26,91116.19,90926.78,91078.76
1764046800,2025-11-25 05:00:00,91077.75,91184.54,91063.83,91131.86
1764050400,2025-11-25 06:00:00,91133.08,91182.52,90926.48,90947.32
1764054000,2025-11-25 07:00:00,90946.88,91076.44,90901.01,90901.01
1764057600,2025-11-25 08:00:00,90901.76,90931.06,90705.51,90730.76
1764061200,2025-11-25 09:00:00,90732.58,90747.79,90617.59,90707.38
1764064800,2025-11-25 10:00:00,90707.34,90951.66,90699.27,90938.9
1764068400,2025-11-25 11:00:00,90938.06,91036.77,90926.9,90976.99
1764072000,2025-11-25 12:00:00,90975.55,91051.24,90945.49,91029.74
1764075600,2025-11-25 13:00:00,91030.16,91092.54,90941.44,90963.51
1764079200,2025-11-25 14:00:00,90965.98,90980.44,90830.75,90925.27
1764082800,2025-11-25 15:00:00,90926.85,91157.62,90894.3,91087.98
1764086400,2025-11-25 16:00:00,91086.89,91100.32,90820.99,90821.19
1764090000,2025-11-25 17:00:00,90821.81,90840.33,90581.05,90582.51
1764093600,2025-11-25 18:00:00,90584.51,90618.03,90462.73,90490.31
1764097200,2025-11-25 19:00:00,90490.68,90773.29,90486.54,90770.56
1764100800,2025-11-25 20:00:00,90769.87,90987.54,90769.87,90940.98
1764104400,2025-11-25 21:00:00,90938.96,91054.93,90925.96,90927.59
1764108000,2025-11-25 22:00:00,90923.75,91004.34,90898.03,90923.67
1764111600,2025-11-25 23:00:00,90923.87,90933.45,90795.34,90891.59
1764115200,2025-11-26 00:00:00,90890.93,91022.34,90852.32,90895.97
1764118800,2025-11-26 01:00:00,90893.75,90904.3,90821.35,90829.13
1764122400,2025-11-26 02:00:00,90830.76,90858.69,90689.9,90694.76
1764126000,2025-11-26 03:00:00,90694.5,91039.15,90689.04,90996.58
1764129600,2025-11-26 04:00:00,90994.81,91001.69,90904.41,90960.22
1764133200,2025-11-26 05:00:00,90957.55,90972.52,90842.6,90875.73
1764136800,2025-11-26 06:00:00,90876.51,90932.93,90700.12,90732.32
1764140400,2025-11-26 07:00:00,90728.76,90729.52,90586.57,90644.61
1764144000,2025-11-26 08:00:00,90641.83,90670.5,90541.18,90552.14
1764147600,2025-11-26 09:00:00,90552.96,90636.02,90459.9,90480.21
1764151200,2025-11-26 10:00:00,90479.58,90613.55,90411.1,90440.67
1764154800,2025-11-26 11:00:00,90441.69,90535.76,90428,90471.33
1764158400,2025-11-26 12:00:00,90471.57,90529.88,90399.12,90514.21
1764162000,2025-11-26 13:00:00,90514.21,90545.72,90406.71,90447.19
1764165600,2025-11-26 14:00:00,90447.59,90546.31,90403.15,90539.72
1764169200,2025-11-26 15:00:00,90539.57,90661.72,90476.69,90617.59
1764172800,2025-11-26 16:00:00,90617,90636.16,90342.25,90364.41
1764176400,2025-11-26 17:00:00,90362.49,90404.94,90209.21,90314.37
1764180000,2025-11-26 18:00:00,90314.04,90332.15,90001.94,90048.48
1764183600,2025-11-26 19:00:00,90048,90151.5,89989.31,90142.72
1764187200,2025-11-26 20:00:00,90142.52,90246.99,90123.88,90199.36
1764190800,2025-11-26 21:00:00,90200.2,90212,89984.72,90002.83
1764194400,2025-11-26 22:00:00,90006.55,90074.46,89847.67,89985.61
1764198000,2025-11-26 23:00:00,89982.48,90118.25,89906.3,90095.23
1764201600,2025-11-27 00:00:00,90092.85,90279.73,90064.36,90188.68
1764205200,2025-11-27 01:00:00,90188.78,90226.79,90140.35,90179.56
1764208800,2025-11-27 02:00:00,90180.46,90393.99,90180.46,90262.97
1764212400,2025-11-27 03:00:00,90262.79,90519.4,90252.96,90495.51
1764216000,2025-11-27 04:00:00,90495.09,90551.92,90372.08,90458.43
1764219600,2025-11-27 05:00:00,90458.53,90529.43,90384.32,90393.42
1764223200,2025-11-27 06:00:00,90392.01,90463.78,90228.63,90324.64
1764226800,2025-11-27 07:00:00,90324.72,90387.41,90264.65,90289.83
1764230400,2025-11-27 08:00:00,90292.01,90458.24,90279.8,90387.06
1764234000,2025-11-27 09:00:00,90388.95,90483.38,90303.21,90330.33
1764237600,2025-11-27 10:00:00,90330.61,90514.48,90327.59,90441
1764241200,2025-11-27 11:00:00,90440.18,90589.8,90373.74,90575.81
1764244800,2025-11-27 12:00:00,90575.78,90625.06,90484.14,90588.29
1764248400,2025-11-27 13:00:00,90588.28,90804.02,90582.45,90738.76
1764252000,2025-11-27 14:00:00,90735.51,90867.93,90707.58,90776.69
1764255600,2025-11-27 15:00:00,90777.89,90860.4,90733.97,90794.14
1764259200,2025-11-27 16:00:00,90793.02,90809.95,90622.49,90710.79
1764262800,2025-11-27 17:00:00,90711.28,90760.96,90560.28,90580.77
1764266400,2025-11-27 18:00:00,90580.08,90817.57,90558.63,90794.44
1764270000,2025-11-27 19:00:00,90794.74,91113.64,90790.23,91093.87
1764273600,2025-11-27 20:00:00,91091.67,91307.07,91079.61,91258.31
1764277200,2025-11-27 21:00:00,91260.78,91289.59,91120.02,91121.2
1764280800,2025-11-27 22:00:00,91121.87,91257.6,91065.21,91202.38
1764284400,2025-11-27 23:00:00,91205.34,91254.94,91115.53,91241.08
1764288000,2025-11-28 00:00:00,91238.46,91243.37,90920.12,90931.21
1764291600,2025-11-28 01:00:00,90932.24,91136.92,90914.08,91101.8
1764295200,2025-11-28 02:00:00,91101.82,91227.12,91057.58,91114.66
1764298800,2025-11-28 03:00:00,91112.29,91172.96,91035.64,91129.61
1764302400,2025-11-28 04:00:00,91129.18,91246.07,91079.4,91091.47
1764306000,2025-11-28 05:00:00,91090.69,91301.84,91078.81,91294.35
1764309600,2025-11-28 06:00:00,91291.03,91328.73,91180,91328.73
1764313200,2025-11-28 07:00:00,91330.1,91345.09,91070.07,91099.63
1764316800,2025-11-28 08:00:00,91100.93,91197.63,91054.41,91085.89
1764320400,2025-11-28 09:00:00,91085.07,91132.92,90974.32,90997.08
1764324000,2025-11-28 10:00:00,90997.24,91134.29,90966.75,91099
1764327600,2025-11-28 11:00:00,91099.49,91346.87,91090.04,91321.96
1764331200,2025-11-28 12:00:00,91320.18,91342.9,91228.41,91320.24
1764334800,2025-11-28 13:00:00,91318.84,91377.12,91209.52,91288.6
1764338400,2025-11-28 14:00:00,91291.04,91343.08,91127.55,91215.66
1764342000,2025-11-28 15:00:00,91214.59,91359.88,91139.76,91160.44
1764345600,2025-11-28 16:00:00,91161.55,91272.27,91140.55,91260.33
1764349200,2025-11-28 17:00:00,91259.9,91375.68,91258.84,91300.75
1764352800,2025-11-28 18:00:00,91301.73,91360.01,91168.74,91169.89
1764356400,2025-11-28 19:00:00,91168.53,91269.87,91083.36,91127.2
1764360000,2025-11-28 20:00:00,91128.04,91137.56,90976.02,90989.42
1764363600,2025-11-28 21:00:00,90990.54,91023.31,90860.14,90916.13
1764367200,2025-11-28 22:00:00,90914.62,90984.46,90785.43,90957.11
1764370800,2025-11-28 23:00:00,90959.17,91112.54,90955.57,91027.14
1764374400,2025-11-29 00:00:00,91027.04,91118.29,90935,91076.64
1764378000,2025-11-29 01:00:00,91075.06,91181.85,91051.96,91134.67
1764381600,2025-11-29 02:00:00,91136.97,91156.02,91025.61,91102.18
1764385200,2025-11-29 03:00:00,91100.49,91122.47,90900.59,90927.43
1764388800,2025-11-29 04:00:00,90927.81,91032.01,90873.7,91031.72
1764392400,2025-11-29 05:00:00,91032.52,91036.1,90876.56,90884.25
1764396000,2025-11-29 06:00:00,90883.01,90938.2,90817.82,90882.05
1764399600,2025-11-29 07:00:00,90881.36,91280.4,90846.87,91235.98
1764403200,2025-11-29 08:00:00,91239.75,91379.7,91175.5,91321.95
1764406800,2025-11-29 09:00:00,91323.05,91359.21,91118.64,91174.32
1764410400,2025-11-29 10:00:00,91176.58,91216.62,91095.39,91153.71
1764414000,2025-11-29 11:00:00,91154.52,91162.76,90968.92,91018.38
1764417600,2025-11-29 12:00:00,91020.47,91260.58,90950.39,91208.42
1764421200,2025-11-29 13:00:00,91208.91,91222.21,91048.51,91133.52
1764424800,2025-11-29 14:00:00,91132.35,91136.15,90977.96,91056.37
1764428400,2025-11-29 15:00:00,91055.28,91068.76,90812.73,90844.82
1764432000,2025-11-29 16:00:00,90848.15,90883.94,90680.4,90758.01
1764435600,2025-11-29 17:00:00,90756.55,90835.01,90709.84,90768.7
1764439200,2025-11-29 18:00:00,90769.48,90859.33,90760.89,90804.99
1764442800,2025-11-29 19:00:00,90804.5,90940.49,90727.38,90874.98
1764446400,2025-11-29 20:00:00,90876.29,90982.99,90857.69,90948.67
1764450000,2025-11-29 21:00:00,90951,91068.55,90861.35,91055.16
1764453600,2025-11-29 22:00:00,91052.21,91176.26,91028,91036.73
1764457200,2025-11-29 23:00:00,91033.2,91063.81,90952.76,90991.91
1764460800,2025-11-30 00:00:00,90991.76,91148.39,90982.53,91117.57
1764464400,2025-11-30 01:00:00,91117.4,91358.09,91050.1,91349.69
1764468000,2025-11-30 02:00:00,91351.12,91424.54,91333,91339.85
1764471600,2025-11-30 03:00:00,91341.71,91606.29,91338.69,91548.33
1764475200,2025-11-30 04:00:00,91547.24,91611.12,91490.47,91568.44
1764478800,2025-11-30 05:00:00,91568.81,91614.27,91500.52,91549.69
1764482400,2025-11-30 06:00:00,91551.92,91751.02,91481.45,91738
1764486000,2025-11-30 07:00:00,91735.39,92055.28,91725.18,92046.22
1764489600,2025-11-30 08:00:00,92047.5,92274.24,92024.63,92247.88
1764493200,2025-11-30 09:00:00,92247.25,92391.24,92224.43,92366.2
1764496800,2025-11-30 10:00:00,92367.41,92529.42,92278.13,92524.01
1764500400,2025-11-30 11:00:00,92521.02,92547.08,92409.29,92438.76
1764504000,2025-11-30 12:00:00,92439.57,92541.27,92347.14,92502.69
1764507600,2025-11-30 13:00:00,92502.79,92876.06,92482.57,92861.5
1764511200,2025-11-30 14:00:00,92864.56,93016.5,92859.96,92978.55
1764514800,2025-11-30 15:00:00,92976.53,92989.23,92651.34,92713.89
1764518400,2025-11-30 16:00:00,92715.71,92807.12,92680.82,92700.07
1764522000,2025-11-30 17:00:00,92700.18,92852.36,92698.01,92852.08
1764525600,2025-11-30 18:00:00,92849.5,92876.67,92604.74,92647.78
1764529200,2025-11-30 19:00:00,92649.56,92782.2,92557.7,92768.92
1764532800,2025-11-30 20:00:00,92767.67,92813.46,92654.87,92768.95
1764536400,2025-11-30 21:00:00,92766.09,92768.34,92635.88,92638.42
1764540000,2025-11-30 22:00:00,92637.12,92774.57,92592.37,92638.83
1764543600,2025-11-30 23:00:00,92638.24,92698.95,92522.98,92658.22
1764547200,2025-12-01 00:00:00,92658.63,92840.3,92582.54,92826.02
1764550800,2025-12-01 01:00:00,92825.21,92918.29,92784.09,92913.61
1764554400,2025-12-01 02:00:00,92912.08,93005.57,92833.62,92957
1764558000,2025-12-01 03:00:00,92955.87,93034.55,92906.02,92927.03
1764561600,2025-12-01 04:00:00,92928.65,92958.55,92780.08,92806.46
1764565200,2025-12-01 05:00:00,92808.51,92808.51,92552.67,92587.45
1764568800,2025-12-01 06:00:00,92587.94,92786.4,92547.33,92772.31
1764572400,2025-12-01 07:00:00,92773.83,92805.59,92623.94,92700.93
1764576000,2025-12-01 08:00:00,92701.44,92784.02,92610.82,92717.99
1764579600,2025-12-01 09:00:00,92716.85,92734.52,92509.64,92526.52
1764583200,2025-12-01 10:00:00,92526.86,92526.86,92350.96,92393.25
1764586800,2025-12-01 11:00:00,92394.87,92440.6,92279.93,92360.86
1764590400,2025-12-01 12:00:00,92359.48,92369.21,92217.72,92334.54
1764594000,2025-12-01 13:00:00,92334.27,92523.31,92327.49,92514.06
1764597600,2025-12-01 14:00:00,92517.19,92628.27,92413.37,92486.71
1764601200,2025-12-01 15:00:00,92488.24,92670.26,92381.46,92656.82
1764604800,2025-12-01 16:00:00,92659.58,92699.59,92392.78,92392.78
1764608400,2025-12-01 17:00:00,92393.46,92503.12,92360.66,92446.91
1764612000,2025-12-01 18:00:00,92446.64,92495.83,92318.29,92408.13
1764615600,2025-12-01 19:00:00,92408.39,92485,92306.19,92324.77
1764619200,2025-12-01 20:00:00,92326.74,92509.88,92317.27,92408.71
1764622800,2025-12-01 21:00:00,92408.8,92570.2,92406.12,92494.04
1764626400,2025-12-01 22:00:00,92494.35,92520.81,92216.56,92218.74
1764630000,2025-12-01 23:00:00,92221.48,92286.87,92069.99,92112.75
1764633600,2025-12-02 00:00:00,92112.15,92292.18,92075.71,92217.83
1764637200,2025-12-02 01:00:00,92219.23,92255.7,91910.06,91929.69
1764640800,2025-12-02 02:00:00,91930.16,92007.55,91863.18,92004.85
1764644400,2025-12-02 03:00:00,92005.4,92098.15,91949.94,92043.09
1764648000,2025-12-02 04:00:00,92042.48,92076.02,91899.21,91928.03
1764651600,2025-12-02 05:00:00,91928.22,92469.71,91885.25,92399.31
1764655200,2025-12-02 06:00:00,92396.44,92461.57,92340.9,92416.33
1764658800,2025-12-02 07:00:00,92417.38,92589.81,92374.93,92576.88
1764662400,2025-12-02 08:00:00,92575.57,92580.17,92406.77,92508.49
1764666000,2025-12-02 09:00:00,92510,92590.04,92416.95,92565.97
1764669600,2025-12-02 10:00:00,92566.15,92628.54,92496.68,92597.5
1764673200,2025-12-02 11:00:00,92597.77,92734.95,92555.11,92703.24
1764676800,2025-12-02 12:00:00,92704.55,92906.25,92696.11,92883.81
1764680400,2025-12-02 13:00:00,92885.44,92889.69,92648.7,92663.12
1764684000,2025-12-02 14:00:00,92661.33,92787.65,92603.75,92688.64
1764687600,2025-12-02 15:00:00,92688.49,92779.11,92584.41,92589.77
1764691200,2025-12-02 16:00:00,92590.25,92666.06,92545.22,92588.64
1764694800,2025-12-02 17:00:00,92588.98,92636.87,92508.17,92578.44
1764698400,2025-12-02 18:00:00,92576.96,92762.82,92576.96,92748.32
1764702000,2025-12-02 19:00:00,92744.64,92866.15,92642.48,92811.18
1764705600,2025-12-02 20:00:00,92811.44,92856.65,92702.86,92826.12
1764709200,2025-12-02 21:00:00,92827.25,92979.33,92750.5,92966.79
1764712800,2025-12-02 22:00:00,92966.68,93004.98,92878.81,92888.11
1764716400,2025-12-02 23:00:00,92889.23,92981.02,92794.22,92976.14
1764720000,2025-12-03 00:00:00,92980.34,93006.81,92832.94,92838.3
1764723600,2025-12-03 01:00:00,92839.46,92894.95,92762.85,92812.64
1764727200,2025-12-03 02:00:00,92812.04,92945.91,92786.54,92857.27
1764730800,2025-12-03 03:00:00,92858.82,92862.92,92617.61,92620.34
1764734400,2025-12-03 04:00:00,92620.57,92843.47,92587.04,92828.75
1764738000,2025-12-03 05:00:00,92826.17,92868.55,92567,92569.66
1764741600,2025-12-03 06:00:00,92571.42,92718.39,92472.57,92693.74
1764745200,2025-12-03 07:00:00,92693.73,92848.96,92670.67,92682.39
1764748800,2025-12-03 08:00:00,92682.17,92760.51,92540.74,92557.36
1764752400,2025-12-03 09:00:00,92556.52,92673.86,92518.8,92656.58
1764756000,2025-12-03 10:00:00,92657.2,92674.48,92465,92510.77
1764759600,2025-12-03 11:00:00,92511.49,92618.7,92474.45,92613.31
1764763200,2025-12-03 12:00:00,92614.73,92657.08,92479.79,92492.39
1764766800,2025-12-03 13:00:00,92494.62,92611.95,92351.5,92555.99
1764770400,2025-12-03 14:00:00,92551.84,92568.47,92417.48,92428.84
1764774000,2025-12-03 15:00:00,92432.01,92539.79,92377.98,92528.22
1764777600,2025-12-03 16:00:00,92530.48,92628.67,92496.53,92542.03
1764781200,2025-12-03 17:00:00,92545.72,92578.55,92151.18,92213.81
1764784800,2025-12-03 18:00:00,92214.63,92381.23,92212.13,92378.14
1764788400,2025-12-03 19:00:00,92376.23,92493.26,92307.64,92347.38
1764792000,2025-12-03 20:00:00,92345.87,92530.75,92338.44,92489.01
1764795600,2025-12-03 21:00:00,92487.96,92718.19,92487.96,92616.81
1764799200,2025-12-03 22:00:00,92617.23,92659.22,92480.47,92502.4
1764802800,2025-12-03 23:00:00,92501.54,92591.32,92399.06,92557.52
1764806400,2025-12-04 00:00:00,92556.53,92828.3,92533.76,92720.67
1764810000,2025-12-04 01:00:00,92720.14,92831.73,92666.69,92685.71
1764813600,2025-12-04 02:00:00,92687.2,92757.32,92495.39,92506.64
1764817200,2025-12-04 03:00:00,92505.25,92599.04,92466.52,92585.05
1764820800,2025-12-04 04:00:00,92583.16,92655.63,92525.02,92595.58
1764824400,2025-12-04 05:00:00,92597.7,92602.93,92317.63,92368.97
1764828000,2025-12-04 06:00:00,92365.62,92550.8,92353.74,92532.93
1764831600,2025-12-04 07:00:00,92533.34,92701.12,92515.08,92674.97
1764835200,2025-12-04 08:00:00,92674.12,92756.94,92538.12,92550.55
1764838800,2025-12-04 09:00:00,92550.44,92577.62,92470.35,92566.78
1764842400,2025-12-04 10:00:00,92565.88,92710.67,92543.85,92624.84
1764846000,2025-12-04 11:00:00,92627.36,92666.06,92493.24,92502.87
1764849600,2025-12-04 12:00:00,92504.51,92533.22,91940.07,91940.07
1764853200,2025-12-04 13:00:00,91938.95,92006.28,91763.8,91785.01
1764856800,2025-12-04 14:00:00,91784.17,91814.42,91672.23,91798.18
1764860400,2025-12-04 15:00:00,91795.73,91926.76,91775.17,91880.93
1764864000,2025-12-04 16:00:00,91878.69,92185.36,91864.75,92175.14
1764867600,2025-12-04 17:00:00,92174.46,92421.52,92117.82,92242.94
1764871200,2025-12-04 18:00:00,92241.24,92263.37,92064.41,92109.07
1764874800,2025-12-04 19:00:00,92108.83,92179.17,92004.41,92081.37
1764878400,2025-12-04 20:00:00,92079.05,92124.93,91906.51,91935.29
1764882000,2025-12-04 21:00:00,91935.57,91952.57,91762.07,91786.49
1764885600,2025-12-04 22:00:00,91787.17,91849.58,91650.52,91687.52
1764889200,2025-12-04 23:00:00,91691.05,91695.22,91529.59,91612.37
1764892800,2025-12-05 00:00:00,91612.4,91865.13,91599.96,91816.18
1764896400,2025-12-05 01:00:00,91818.75,91917.18,91769.99,91904.76
1764900000,2025-12-05 02:00:00,91905.38,91965.62,91744.09,91854.54
1764903600,2025-12-05 03:00:00,91853.51,91932.15,91703.53,91713.04
1764907200,2025-12-05 04:00:00,91715.92,91907.54,91711.46,91897.62
1764910800,2025-12-05 05:00:00,91899.71,92017.4,91839.47,92009.68
1764914400,2025-12-05 06:00:00,92010.39,92083.03,91871.48,91934.11
1764918000,2025-12-05 07:00:00,91931.42,92221.39,91918.84,92180.28
1764921600,2025-12-05 08:00:00,92180.33,92237.65,92132.22,92171.58
1764925200,2025-12-05 09:00:00,92169.12,92195.76,91964.82,91999.3
1764928800,2025-12-05 10:00:00,91999.5,92057.34,91925.82,92018.33
1764932400,2025-12-05 11:00:00,92018.5,92245.06,91996.16,92192.51
1764936000,2025-12-05 12:00:00,92191.33,92281.75,92121.07,92194.85
1764939600,2025-12-05 13:00:00,92195.62,92357.47,92175.39,92346.37
1764943200,2025-12-05 14:00:00,92346,92347.87,92172.03,92272.69
1764946800,2025-12-05 15:00:00,92271.58,92303.99,92118.01,92254.35
1764950400,2025-12-05 16:00:00,92251.89,92283.78,91899.12,91927.35
1764954000,2025-12-05 17:00:00,91926.5,92132.32,91900.82,92110.61
1764957600,2025-12-05 18:00:00,92112.36,92115.65,91945.76,92058.8
1764961200,2025-12-05 19:00:00,92058.62,92115.31,91975.69,91980.8
1764964800,2025-12-05 20:00:00,91981.99,91996.77,91661.49,91673.27
1764968400,2025-12-05 21:00:00,91673.34,91736.41,91516.79,91659.13
1764972000,2025-12-05 22:00:00,91657.97,91917.15,91646.29,91792.65
1764975600,2025-12-05 23:00:00,91793.3,91978.21,91777.28,91947.86
1764979200,2025-12-06 00:00:00,91948.65,92250.52,91948.34,92223.46
1764982800,2025-12-06 01:00:00,92223.34,92250.41,92128.21,92146.29
1764986400,2025-12-06 02:00:00,92145.4,92219.64,92060.83,92211.85
1764990000,2025-12-06 03:00:00,92213.14,92263.84,92106.93,92257.92
1764993600,2025-12-06 04:00:00,92258.27,92442.41,92248.04,92383.64
1764997200,2025-12-06 05:00:00,92385.65,92543.9,92293.2,92460.76
1765000800,2025-12-06 06:00:00,92463.1,92622.59,92353.85,92366.67
1765004400,2025-12-06 07:00:00,92364.87,92412.83,92257.82,92300.52
1765008000,2025-12-06 08:00:00,92298.37,92368.68,92261.16,92350.77
1765011600,2025-12-06 09:00:00,92348.72,92370.02,92140.88,92181.04
1765015200,2025-12-06 10:00:00,92180.9,92191.01,92024.94,92052.3
1765018800,2025-12-06 11:00:00,92053.5,92207.26,92033.03,92140.73
1765022400,2025-12-06 12:00:00,92140.83,92300.97,92140.83,92257.27
1765026000,2025-12-06 13:00:00,92260.23,92320.71,92193.08,92282.89
1765029600,2025-12-06 14:00:00,92285.46,92341.52,92104.8,92258.94
1765033200,2025-12-06 15:00:00,92255.92,92294.64,92045.21,92103.76
1765036800,2025-12-06 16:00:00,92102.82,92150.44,92026.95,92141.28
1765040400,2025-12-06 17:00:00,92141.33,92146.26,91909.29,91930.98
1765044000,2025-12-06 18:00:00,91932.39,92096.79,91909.37,92070.92
1765047600,2025-12-06 19:00:00,92069.68,92121.53,91794.22,91813.66
1765051200,2025-12-06 20:00:00,91814.23,91880.03,91775.17,91854.54
1765054800,2025-12-06 21:00:00,91852.15,91872.19,91750.43,91803.23
1765058400,2025-12-06 22:00:00,91801.38,92033.66,91792.9,91967.36
1765062000,2025-12-06 23:00:00,91969.53,91978.91,91778.91,91803.49
1765065600,2025-12-07 00:00:00,91804.79,91919.22,91768.29,91916.48
1765069200,2025-12-07 01:00:00,91914.66,92054.67,91902.02,91998.58
1765072800,2025-12-07 02:00:00,91999.21,92074.58,91927.24,91954.21
1765076400,2025-12-07 03:00:00,91954.62,92126.57,91833.18,91846.26
1765080000,2025-12-07 04:00:00,91846.7,91862.93,91734.36,91795.93
1765083600,2025-12-07 05:00:00,91797.72,91965.81,91791.07,91882.29
1765087200,2025-12-07 06:00:00,91881.66,92177.36,91868.16,92167.36
1765090800,2025-12-07 07:00:00,92166.34,92240.32,91990.15,91996.83
1765094400,2025-12-07 08:00:00,91996.07,92007.48,91858.6,91907.76
1765098000,2025-12-07 09:00:00,91907.54,92019.33,91836.88,91979.58
1765101600,2025-12-07 10:00:00,91981.07,92179.02,91971.42,92144.26
1765105200,2025-12-07 11:00:00,92146.7,92230.45,91839.23,91860.83
1765108800,2025-12-07 12:00:00,91860.7,91916.62,91719.27,91746.99
1765112400,2025-12-07 13:00:00,91746.07,91767.65,91549.86,91689.73
1765116000,2025-12-07 14:00:00,91687.25,91774.15,91654.06,91711.26
1765119600,2025-12-07 15:00:00,91712.14,91901.65,91688.96,91835.6
1765123200,2025-12-07 16:00:00,91834.97,91892.75,91662.65,91778.21
1765126800,2025-12-07 17:00:00,91778.48,91901.25,91737.13,91879.46
1765130400,2025-12-07 18:00:00,91880.51,91930.62,91728.74,91755.07
1765134000,2025-12-07 19:00:00,91754.6,91767.11,91551.01,91663.4
1765137600,2025-12-07 20:00:00,91660,91680.13,91506.53,91672.04
1765141200,2025-12-07 21:00:00,91670.46,91717.49,91552.13,91639.67
1765144800,2025-12-07 22:00:00,91639.63,91744.03,91600.55,91702.84
1765148400,2025-12-07 23:00:00,91702.53,91783.08,91582.42,91631.86
1765152000,2025-12-08 00:00:00,91631.69,91701.59,91571.87,91644.62
1765155600,2025-12-08 01:00:00,91641.1,91662.79,91498.68,91505
1765159200,2025-12-08 02:00:00,91504.93,91521.02,91425.48,91498.5
1765162800,2025-12-08 03:00:00,91496.4,91582.63,91472.31,91535.85
1765166400,2025-12-08 04:00:00,91538.33,91657.72,91527.2,91638.14
1765170000,2025-12-08 05:00:00,91635.04,91641.94,91310.18,91317.12
1765173600,2025-12-08 06:00:00,91318.27,91330.47,91106.1,91126.99
1765177200,2025-12-08 07:00:00,91128.99,91138.82,91013.35,91094.23
1765180800,2025-12-08 08:00:00,91092.13,91196.85,91038.17,91094.26
1765184400,2025-12-08 09:00:00,91096.01,91220.63,91050.47,91118.86
1765188000,2025-12-08 10:00:00,91116.11,91173,90967.25,91076.1
1765191600,2025-12-08 11:00:00,91077.36,91216.05,91054.63,91059.53
1765195200,2025-12-08 12:00:00,91060.42,91273.12,91034.15,91213.58
1765198800,2025-12-08 13:00:00,91213.82,91236.9,91040.13,91076.47
1765202400,2025-12-08 14:00:00,91077.48,91090.64,90925.86,90965.77
1765206000,2025-12-08 15:00:00,90964.12,91136.33,90933.93,91110.83
1765209600,2025-12-08 16:00:00,91111.1,91124.54,90985.13,91108.39
1765213200,2025-12-08 17:00:00,91107.86,91192.14,91016.93,91178.26
1765216800,2025-12-08 18:00:00,91176.61,91265.83,91123.68,91247.7
1765220400,2025-12-08 19:00:00,91247.96,91324.85,91187.07,91205.97
1765224000,2025-12-08 20:00:00,91207.44,91269.5,91187.86,91206.21
1765227600,2025-12-08 21:00:00,91208.64,91360.12,91183.5,91207.91
1765231200,2025-12-08 22:00:00,91207.55,91217.22,91122.38,91183.6
1765234800,2025-12-08 23:00:00,91182.14,91297.91,91140.93,91219.95
1765238400,2025-12-09 00:00:00,91220.49,91333.45,91197.59,91297.1
1765242000,2025-12-09 01:00:00,91299.98,91358.78,91218.62,91358.78
1765245600,2025-12-09 02:00:00,91356.76,91585.38,91348.86,91549.78
1765249200,2025-12-09 03:00:00,91553.86,91863.4,91538.76,91836.19
1765252800,2025-12-09 04:00:00,91833.97,92085.24,91808.02,92024.38
1765256400,2025-12-09 05:00:00,92024.79,92129.51,92009.64,92056.83
1765260000,2025-12-09 06:00:00,92054.94,92061.63,91831.43,91921.92
1765263600,2025-12-09 07:00:00,91920.88,92016.88,91845.79,91879.8
1765267200,2025-12-09 08:00:00,91883.72,91986.6,91797.98,91835.46
1765270800,2025-12-09 09:00:00,91831.9,91885.53,91777.38,91822.28
1765274400,2025-12-09 10:00:00,91825.52,91973.53,91730.95,91910.7
1765278000,2025-12-09 11:00:00,91908.41,92076.75,91908.41,92029.49
1765281600,2025-12-09 12:00:00,92031.54,92099.55,91911.63,91956.22
1765285200,2025-12-09 13:00:00,91954.11,92117.62,91942.4,92058.25
1765288800,2025-12-09 14:00:00,92059.11,92201.71,92004.26,92193.27
1765292400,2025-12-09 15:00:00,92192.04,92361.61,92183.45,92183.45
1765296000,2025-12-09 16:00:00,92183.99,92318.35,92159.88,92252.89
1765299600,2025-12-09 17:00:00,92252.68,92447.57,92194.47,92443.37
1765303200,2025-12-09 18:00:00,92444.07,92542.6,92413.61,92436.71
1765306800,2025-12-09 19:00:00,92436.46,92700.69,92371.29,92660.97
1765310400,2025-12-09 20:00:00,92660.12,92690.8,92532.12,92632.51
1765314000,2025-12-09 21:00:00,92632.27,92844.79,92628.95,92782.12
1765317600,2025-12-09 22:00:00,92783.49,92829.41,92627.23,92755.35
1765321200,2025-12-09 23:00:00,92755.53,93135.35,92747.69,93135.35
1765324800,2025-12-10 00:00:00,93136.65,93385.92,93107.39,93364.95
1765328400,2025-12-10 01:00:00,93364.67,93377.55,93193.93,93234.12
1765332000,2025-12-10 02:00:00,93235.25,93334.24,93136.35,93256
1765335600,2025-12-10 03:00:00,93255.94,93329.84,93188.06,93250.28
1765339200,2025-12-10 04:00:00,93251.22,93374.41,93156.84,93181.91
1765342800,2025-12-10 05:00:00,93178.83,93349.37,93117.18,93160.34
1765346400,2025-12-10 06:00:00,93159.93,93369.3,93155.19,93324.06
1765350000,2025-12-10 07:00:00,93325.28,93373.46,93175.53,93181.47
1765353600,2025-12-10 08:00:00,93182.84,93204.34,93035.36,93103.63
1765357200,2025-12-10 09:00:00,93106.18,93112.03,92741.87,92757.98
1765360800,2025-12-10 10:00:00,92759.62,92890.94,92726.34,92876.43
1765364400,2025-12-10 11:00:00,92878.82,92902.59,92758.16,92799.77
1765368000,2025-12-10 12:00:00,92800.89,92884.34,92686.59,92720.27
1765371600,2025-12-10 13:00:00,92717.78,92770.48,92534.43,92606.22
1765375200,2025-12-10 14:00:00,92604.56,92743.25,92466.71,92489.53
1765378800,2025-12-10 15:00:00,92489.09,92588.74,92404.81,92411.96
1765382400,2025-12-10 16:00:00,92414.36,92426.55,92083.2,92163.11
1765386000,2025-12-10 17:00:00,92161.33,92258.07,92133.82,92183.75
1765389600,2025-12-10 18:00:00,92187.22,92282.2,92085.35,92242.45
1765393200,2025-12-10 19:00:00,92243,92372.49,92161.65,92372.49
1765396800,2025-12-10 20:00:00,92372.51,92414.19,92158.05,92164.5
1765400400,2025-12-10 21:00:00,92164.46,92213.82,92007.46,92082.58
1765404000,2025-12-10 22:00:00,92083.5,92185.58,92029.09,92166.84
1765407600,2025-12-10 23:00:00,92166.2,92221.43,91969.54,92129.93
1765411200,2025-12-11 00:00:00,92132.47,92339.16,92124.89,92315.59
1765414800,2025-12-11 01:00:00,92314.88,92376.52,92220.66,92289.25
1765418400,2025-12-11 02:00:00,92288.25,92428.49,92233.05,92361.15
1765422000,2025-12-11 03:00:00,92361.48,92436.92,92237.9,92337.67
1765425600,2025-12-11 04:00:00,92341.58,92547.3,92320.86,92370.99
1765429200,2025-12-11 05:00:00,92373.47,92400.66,92276.68,92334.68
1765432800,2025-12-11 06:00:00,92332.32,92335.7,92122.35,92138.73
1765436400,2025-12-11 07:00:00,92138.36,92257.83,92112.23,92203.48
1765440000,2025-12-11 08:00:00,92203.8,92253.79,92144.95,92200.91
1765443600,2025-12-11 09:00:00,92198.53,92566.85,92193.4,92563.82
1765447200,2025-12-11 10:00:00,92566.36,92616.82,92454.73,92549.54
1765450800,2025-12-11 11:00:00,92550.89,92556.02,92363.72,92369.31
1765454400,2025-12-11 12:00:00,92368.38,92453.99,92316.03,92441.52
1765458000,2025-12-11 13:00:00,92441.91,92567.54,92441.91,92555.72
1765461600,2025-12-11 14:00:00,92556.59,92639.45,92506.08,92557.61
1765465200,2025-12-11 15:00:00,92556.34,92564.52,92431.84,92559.57
1765468800,2025-12-11 16:00:00,92561.27,92696.07,92510.09,92671.66
1765472400,2025-12-11 17:00:00,92670.7,92726.58,92582.86,92707.39
1765476000,2025-12-11 18:00:00,92709.4,92717.2,92562.83,92640.17
1765479600,2025-12-11 19:00:00,92642.22,92674.89,92440.78,92555.09
1765483200,2025-12-11 20:00:00,92557.54,92583.81,92466.96,92485.01
1765486800,2025-12-11 21:00:00,92485.45,92534.81,92339.52,92464.25
1765490400,2025-12-11 22:00:00,92465.77,92574.56,92442.98,92466.52
1765494000,2025-12-11 23:00:00,92464.53,92483.41,92327.66,92401.29
1765497600,2025-12-12 00:00:00,92399.51,92557.43,92362.16,92543.28
1765501200,2025-12-12 01:00:00,92544.63,92652.94,92527.04,92560.6
1765504800,2025-12-12 02:00:00,92562.28,92637.49,92419.12,92422.44
1765508400,2025-12-12 03:00:00,92420.89,92504.44,92372.95,92479.85
1765512000,2025-12-12 04:00:00,92478.03,92501.33,92371.64,92491.4
1765515600,2025-12-12 05:00:00,92493.01,92622.55,92471.95,92544.55
1765519200,2025-12-12 06:00:00,92544.43,92786.29,92526.93,92675.15
1765522800,2025-12-12 07:00:00,92673.98,92748.73,92557.07,92586.9
1765526400,2025-12-12 08:00:00,92585.87,92592,92281.38,92285.9
1765530000,2025-12-12 09:00:00,92286.18,92361.66,92257.52,92273.69
1765533600,2025-12-12 10:00:00,92273.96,92323.26,92197.14,92228.62
1765537200,2025-12-12 11:00:00,92228.32,92430.31,92218.11,92386.4
1765540800,2025-12-12 12:00:00,92388.96,92441.06,92255.82,92430.54
1765544400,2025-12-12 13:00:00,92429.03,92483.41,92355.36,92428.85
1765548000,2025-12-12 14:00:00,92431.61,92754.57,92383.58,92751.63
1765551600,2025-12-12 15:00:00,92750.88,92982.61,92730.92,92953.9
1765555200,2025-12-12 16:00:00,92953.37,92972.93,92871.78,92966.87
1765558800,2025-12-12 17:00:00,92968.31,93077.74,92886.44,92913.53
1765562400,2025-12-12 18:00:00,92915.72,92971.53,92797.68,92860.14
1765566000,2025-12-12 19:00:00,92860.42,92974.44,92835.32,92889.16
1765569600,2025-12-12 20:00:00,92890.65,92988.68,92871.45,92929.79
1765573200,2025-12-12 21:00:00,92927.22,92955.66,92785.51,92831.49
1765576800,2025-12-12 22:00:00,92831.92,92910.83,92628.24,92635.02
1765580400,2025-12-12 23:00:00,92635.21,92660.6,92382.7,92493.04
1765584000,2025-12-13 00:00:00,92491.44,92655.39,92475.74,92519.36
1765587600,2025-12-13 01:00:00,92520.31,92642.25,92435.9,92626.73
1765591200,2025-12-13 02:00:00,92625.13,92634.18,92412.59,92483.98
1765594800,2025-12-13 03:00:00,92482.28,92720.57,92456.64,92558.26
1765598400,2025-12-13 04:00:00,92557.61,92598.8,92438.48,92469.41
1765602000,2025-12-13 05:00:00,92467.88,92536.73,92430.81,92462.13
1765605600,2025-12-13 06:00:00,92459.26,92492.92,92281.98,92387.99
1765609200,2025-12-13 07:00:00,92389.57,92448.47,92342.3,92393.17
1765612800,2025-12-13 08:00:00,92390.07,92474.89,92317.86,92464.16
1765616400,2025-12-13 09:00:00,92465.42,92561.38,92402.52,92512.54
1765620000,2025-12-13 10:00:00,92511.65,92535.57,92385.85,92393.8
1765623600,2025-12-13 11:00:00,92394.45,92404.09,92299.45,92354.48
1765627200,2025-12-13 12:00:00,92355.99,92360.98,92077.25,92088.13
1765630800,2025-12-13 13:00:00,92089.63,92110.64,92024.56,92040.12
1765634400,2025-12-13 14:00:00,92036.07,92058.53,91850.3,91899.64
1765638000,2025-12-13 15:00:00,91897.88,92060.56,91799.69,92003.24
1765641600,2025-12-13 16:00:00,92004.95,92023.56,91944.67,91990.43
1765645200,2025-12-13 17:00:00,91992.69,92075.95,91842.94,91847
1765648800,2025-12-13 18:00:00,91845.58,91921.97,91818.48,91878.64
1765652400,2025-12-13 19:00:00,91877.21,92103.47,91799.43,92031.15
1765656000,2025-12-13 20:00:00,92029.69,92107.48,91889.13,91897.43
1765659600,2025-12-13 21:00:00,91898.48,92173.43,91853.57,92169.31
1765663200,2025-12-13 22:00:00,92166.27,92198.01,92084.55,92196.99
1765666800,2025-12-13 23:00:00,92196.94,92213.23,91982.64,92053.7
1765670400,2025-12-14 00:00:00,92054.36,92116.23,91852.77,92019.83
1765674000,2025-12-14 01:00:00,92022.55,92085.4,91973.57,92013.63
1765677600,2025-12-14 02:00:00,92015,92147.27,91965.33,92099.87
1765681200,2025-12-14 03:00:00,92100.39,92125.49,91934.02,92028.71
1765684800,2025-12-14 04:00:00,92029.01,92080.36,91953.65,91967.25
1765688400,2025-12-14 05:00:00,91968.54,92008.25,91917.4,91966.95
1765692000,2025-12-14 06:00:00,91970.47,92005.66,91902.45,91948.3
1765695600,2025-12-14 07:00:00,91947.09,92123.9,91921.4,92123.9
1765699200,2025-12-14 08:00:00,92122.33,92172.5,92051.45,92091.99
1765702800,2025-12-14 09:00:00,92091.9,92276.98,92076.36,92212.49
1765706400,2025-12-14 10:00:00,92211.69,92241.29,92036.97,92078.47
1765710000,2025-12-14 11:00:00,92083.35,92125.48,92003.13,92019.61
1765713600,2025-12-14 12:00:00,92020.75,92036.17,91837.61,91918.53
1765717200,2025-12-14 13:00:00,91916.35,91925.34,91624.43,91767.15
1765720800,2025-12-14 14:00:00,91764.84,91786.41,91672.29,91701.26
1765724400,2025-12-14 15:00:00,91701.25,91938.36,91691.71,91931.56
1765728000,2025-12-14 16:00:00,91931.42,91954.3,91791.41,91851.3
1765731600,2025-12-14 17:00:00,91850.54,91907.76,91721.51,91732.23
1765735200,2025-12-14 18:00:00,91732.14,91963.54,91691.92,91903.25
1765738800,2025-12-14 19:00:00,91908.26,92121.93,91886.84,92112.96
1765742400,2025-12-14 20:00:00,92112.65,92309.47,91997.12,92309.47
1765746000,2025-12-14 21:00:00,92311.56,92430.37,92292.13,92323.56
1765749600,2025-12-14 22:00:00,92321.37,92400.96,92188.85,92243.15
1765753200,2025-12-14 23:00:00,92243.39,92247.11,92086.5,92159.99
1765756800,2025-12-15 00:00:00,92158.88,92453.04,92149.57,92446.71
1765760400,2025-12-15 01:00:00,92448.04,92648.95,92444.62,92594.35
1765764000,2025-12-15 02:00:00,92595.81,92601.39,92348.6,92355.1
1765767600,2025-12-15 03:00:00,92354.59,92538.93,92303.41,92394.47
1765771200,2025-12-15 04:00:00,92395.54,92621.68,92380.16,92453.86
1765774800,2025-12-15 05:00:00,92455.82,92504.96,92321.92,92353.12
1765778400,2025-12-15 06:00:00,92354.58,92372.49,92080.13,92104.57
1765782000,2025-12-15 07:00:00,92105.65,92163.98,91956.44,92041.77
1765785600,2025-12-15 08:00:00,92040.8,92072.05,91816.86,91856.67
1765789200,2025-12-15 09:00:00,91858.26,91926.23,91758.01,91815.09
1765792800,2025-12-15 10:00:00,91813.91,92002.45,91796.78,91924.26
1765796400,2025-12-15 11:00:00,91921.34,92120.08,91874.2,92100.19
1765800000,2025-12-15 12:00:00,92099.99,92165.55,91959.21,91959.21
1765803600,2025-12-15 13:00:00,91957.61,92026.95,91927.54,91950.69
1765807200,2025-12-15 14:00:00,91952.04,91979.88,91710.27,91722.33
1765810800,2025-12-15 15:00:00,91723.22,91859.34,91642.54,91686.54
1765814400,2025-12-15 16:00:00,91686.55,91794.67,91495.1,91521.09
1765818000,2025-12-15 17:00:00,91520.55,91612.51,91454.61,91600.36
1765821600,2025-12-15 18:00:00,91599.5,91641.08,91544.45,91618.53
1765825200,2025-12-15 19:00:00,91622.01,91718.36,91434.32,91442.43
1765828800,2025-12-15 20:00:00,91444.47,91511.25,91400.2,91402.57
1765832400,2025-12-15 21:00:00,91402.01,91624.27,91354.67,91606.6
1765836000,2025-12-15 22:00:00,91606.77,91853.36,91553.22,91849.27
1765839600,2025-12-15 23:00:00,91851.3,92070.51,91750.93,92060.06
1765843200,2025-12-16 00:00:00,92058.42,92070.66,91986.4,92041.52
1765846800,2025-12-16 01:00:00,92041.11,92119.69,91887.43,91955.68
1765850400,2025-12-16 02:00:00,91951.75,92100.78,91929.4,92094.49
1765854000,2025-12-16 03:00:00,92092.61,92242.83,92069.82,92242.15
1765857600,2025-12-16 04:00:00,92243.38,92483.88,92236.85,92458.22
1765861200,2025-12-16 05:00:00,92459.92,92679.27,92438.13,92605.63
1765864800,2025-12-16 06:00:00,92604.27,92621.64,92366.96,92424.33
1765868400,2025-12-16 07:00:00,92421.12,92536.56,92248.7,92255.06
1765872000,2025-12-16 08:00:00,92256.33,92285.09,92150.94,92201.08
1765875600,2025-12-16 09:00:00,92198.32,92407.74,92193.77,92196.79
1765879200,2025-12-16 10:00:00,92193.52,92198.47,91943.39,92043.8
1765882800,2025-12-16 11:00:00,92045.41,92179.65,91957.46,92173.74
1765886400,2025-12-16 12:00:00,92172.31,92225,92104.59,92134.64
1765890000,2025-12-16 13:00:00,92132.61,92158.73,91742.39,91848.47
1765893600,2025-12-16 14:00:00,91848.49,92010.89,91830.79,91969.18
1765897200,2025-12-16 15:00:00,91969.09,91980.18,91748.58,91861.75
1765900800,2025-12-16 16:00:00,91859.82,92007.27,91776.77,92006.73
1765904400,2025-12-16 17:00:00,92008.88,92103.54,91974.46,91986.88
1765908000,2025-12-16 18:00:00,91986.54,92152.24,91930.52,92130.16
1765911600,2025-12-16 19:00:00,92128.95,92200.78,92036.18,92095.14
1765915200,2025-12-16 20:00:00,92095.11,92181.7,92025.91,92108.36
1765918800,2025-12-16 21:00:00,92107.91,92203.6,92083.48,92150.81
1765922400,2025-12-16 22:00:00,92154.73,92317.26,92110.72,92273.88
1765926000,2025-12-16 23:00:00,92275.43,92280.18,92022.1,92134.8
1765929600,2025-12-17 00:00:00,92135.91,92158.29,92001.91,92046.51
1765933200,2025-12-17 01:00:00,92047.19,92077.36,91789.33,91802.99
1765936800,2025-12-17 02:00:00,91803.15,92114.36,91719.73,92086.17
1765940400,2025-12-17 03:00:00,92087.37,92263.19,92021.56,92196.72
1765944000,2025-12-17 04:00:00,92199.29,92226.13,92071.03,92150.65
1765947600,2025-12-17 05:00:00,92152.05,92156.69,91954.45,91975.33
1765951200,2025-12-17 06:00:00,91978.74,91984.58,91821.7,91888.12
1765954800,2025-12-17 07:00:00,91889.26,92087.18,91825.03,92016.89
1765958400,2025-12-17 08:00:00,92016.69,92230.18,91983.62,92205
1765962000,2025-12-17 09:00:00,92203.96,92243.35,92062.02,92175.36
1765965600,2025-12-17 10:00:00,92177.74,92179.58,92044.49,92103.81
1765969200,2025-12-17 11:00:00,92104.9,92151.34,92058.53,92097.54
1765972800,2025-12-17 12:00:00,92100.01,92453,92083.67,92366.06
1765976400,2025-12-17 13:00:00,92366.97,92423.81,92258.6,92374.65
1765980000,2025-12-17 14:00:00,92373.99,92402.21,92279.57,92379.21
1765983600,2025-12-17 15:00:00,92375.54,92602.64,92368.69,92572.73
1765987200,2025-12-17 16:00:00,92572.52,92851.74,92568.06,92818.61
1765990800,2025-12-17 17:00:00,92817.01,92863.4,92734.27,92825.2
1765994400,2025-12-17 18:00:00,92826.38,92863.69,92669.43,92688.18
1765998000,2025-12-17 19:00:00,92689.44,92908.19,92680.91,92783
1766001600,2025-12-17 20:00:00,92782.89,92997.35,92746.5,92972.89
1766005200,2025-12-17 21:00:00,92972.43,93021.62,92852.66,92902.81
1766008800,2025-12-17 22:00:00,92905.65,93215.45,92869.28,93134.36
1766012400,2025-12-17 23:00:00,93133,93280.89,93126.63,93230.4
1766016000,2025-12-18 00:00:00,93230.44,93446.36,93204.94,93292.36
1766019600,2025-12-18 01:00:00,93288.7,93420.6,93195.31,93316.59
1766023200,2025-12-18 02:00:00,93316.63,93367.27,93144.26,93229.8
1766026800,2025-12-18 03:00:00,93228.75,93253.28,93007.38,93013.21
1766030400,2025-12-18 04:00:00,93013.16,93053.64,92864.58,92893.12
1766034000,2025-12-18 05:00:00,92893.92,93015,92824.82,93009.26
1766037600,2025-12-18 06:00:00,93010.94,93304.99,93005.6,93275.92
1766041200,2025-12-18 07:00:00,93274.4,93309.77,93205.68,93281.5
1766044800,2025-12-18 08:00:00,93279.49,93407.47,93246.76,93301.07
1766048400,2025-12-18 09:00:00,93302.78,93416.17,93208.9,93392.36
1766052000,2025-12-18 10:00:00,93388.72,93448.84,93350.39,93383.79
1766055600,2025-12-18 11:00:00,93385.46,93567.65,93366.64,93528.14
1766059200,2025-12-18 12:00:00,93529.27,93605.06,93441.8,93562.03
1766062800,2025-12-18 13:00:00,93560.13,93561.87,93392.36,93411.25
1766066400,2025-12-18 14:00:00,93410.55,93687.3,93379.24,93608.25
1766070000,2025-12-18 15:00:00,93608.92,93641.83,93517.44,93575.53
1766073600,2025-12-18 16:00:00,93576.85,93872.16,93523.56,93810.41
1766077200,2025-12-18 17:00:00,93808.83,94089.18,93767.88,94089.18
1766080800,2025-12-18 18:00:00,94090.23,94196.29,94022.89,94041.8
1766084400,2025-12-18 19:00:00,94039.98,94118.03,93955.1,94061.36
1766088000,2025-12-18 20:00:00,94060.3,94191.79,94039.39,94058.51
1766091600,2025-12-18 21:00:00,94058.44,94059.12,93880.96,93930.97
1766095200,2025-12-18 22:00:00,93932.6,93973.25,93797.88,93874.97
1766098800,2025-12-18 23:00:00,93874.16,93969.58,93706.82,93758.02
1766102400,2025-12-19 00:00:00,93758.48,93862.49,93655.07,93790.88
1766106000,2025-12-19 01:00:00,93786.44,93972.67,93777.34,93824.05
1766109600,2025-12-19 02:00:00,93826.22,93870.66,93746.77,93859.84
1766113200,2025-12-19 03:00:00,93856.51,93874.42,93600.38,93601.96
1766116800,2025-12-19 04:00:00,93602.55,93695.4,93496.89,93638.92
1766120400,2025-12-19 05:00:00,93639.14,93713.86,93509.99,93646.44
1766124000,2025-12-19 06:00:00,93648,93721.8,93577.85,93710.52
1766127600,2025-12-19 07:00:00,93711.22,93880.9,93707.69,93833.21
1766131200,2025-12-19 08:00:00,93833.14,93861.9,93658.63,93717.36
1766134800,2025-12-19 09:00:00,93716.73,93925.66,93693.32,93884.68
1766138400,2025-12-19 10:00:00,93883.21,94006.18,93841.64,93946.91
1766142000,2025-12-19 11:00:00,93942.77,94060.27,93919.4,94046.29
1766145600,2025-12-19 12:00:00,94045.21,94174.66,93891.51,94019.74
1766149200,2025-12-19 13:00:00,94019.51,94091.88,93914.5,94086.82
1766152800,2025-12-19 14:00:00,94086.43,94204.84,93976.08,93978.57
1766156400,2025-12-19 15:00:00,93980.88,94003.12,93787.58,93829.82
1766160000,2025-12-19 16:00:00,93830.55,94020.89,93813.74,93908.42
1766163600,2025-12-19 17:00:00,93910.04,94072.28,93867.19,94007.88
1766167200,2025-12-19 18:00:00,94009.37,94237.93,93935.31,94023.17
1766170800,2025-12-19 19:00:00,94024.51,94142.31,93976.17,94111.73
1766174400,2025-12-19 20:00:00,94112.26,94340.44,94077.35,94238.5
1766178000,2025-12-19 21:00:00,94239.22,94336.07,94201.67,94208.3
1766181600,2025-12-19 22:00:00,94208.39,94271.78,94055.74,94101.95
1766185200,2025-12-19 23:00:00,94102.96,94287.85,94081.08,94229.85
1766188800,2025-12-20 00:00:00,94229.16,94243.4,94089.89,94222.15
1766192400,2025-12-20 01:00:00,94221.94,94308.37,94176.72,94226.37
1766196000,2025-12-20 02:00:00,94226.07,94321.46,94169.61,94283.79
1766199600,2025-12-20 03:00:00,94285.16,94453,94268.54,94426.14
1766203200,2025-12-20 04:00:00,94424.11,94506.68,94378.79,94411.85
1766206800,2025-12-20 05:00:00,94410.84,94424.64,94241.74,94329.04
1766210400,2025-12-20 06:00:00,94330.61,94438.68,94318.71,94396.27
1766214000,2025-12-20 07:00:00,94396.15,94397.5,94264.28,94293.44
1766217600,2025-12-20 08:00:00,94292.88,94296.21,94000.66,94059.25
1766221200,2025-12-20 09:00:00,94063.25,94196.24,94038.39,94102.88
1766224800,2025-12-20 10:00:00,94102.08,94234.58,94021.23,94229.8
1766228400,2025-12-20 11:00:00,94227.57,94307.12,94126.28,94246.59
1766232000,2025-12-20 12:00:00,94248.37,94313.28,94193.56,94262.56
1766235600,2025-12-20 13:00:00,94259.24,94301.85,94152.38,94200.86
1766239200,2025-12-20 14:00:00,94203.32,94252.39,94139.74,94210.09
1766242800,2025-12-20 15:00:00,94210.41,94246.7,93988.39,94017.89
1766246400,2025-12-20 16:00:00,94017.29,94137.48,93968.59,93999.54
1766250000,2025-12-20 17:00:00,94000.83,94047.93,93880.03,93996.12
1766253600,2025-12-20 18:00:00,93996.3,94066.81,93886.52,93897.52
1766257200,2025-12-20 19:00:00,93896.4,93935.47,93772.46,93826.33
1766260800,2025-12-20 20:00:00,93825.64,93864.95,93517.58,93518.1
1766264400,2025-12-20 21:00:00,93518.54,93572.87,93415.62,93529.71
1766268000,2025-12-20 22:00:00,93526.3,93588.47,93505.4,93520.42
1766271600,2025-12-20 23:00:00,93518.59,93518.59,93262.91,93397.62
1766275200,2025-12-21 00:00:00,93395.88,93414.33,93216.11,93298.36
1766278800,2025-12-21 01:00:00,93297.32,93401.98,93288.82,93383.35
1766282400,2025-12-21 02:00:00,93383.41,93439.89,93326.46,93371.32
1766286000,2025-12-21 03:00:00,93372.23,93546.18,93329.02,93473.55
1766289600,2025-12-21 04:00:00,93474.05,93481.13,93334.69,93353.25
1766293200,2025-12-21 05:00:00,93354.42,93495.59,93349.73,93456.66
1766296800,2025-12-21 06:00:00,93457.84,93487.87,93164.84,93239.46
1766300400,2025-12-21 07:00:00,93239.45,93379.38,93062.29,93075.56
1766304000,2025-12-21 08:00:00,93076.6,93133.92,93038.42,93078.67
1766307600,2025-12-21 09:00:00,93078.98,93097.04,92935.77,92988.23
1766311200,2025-12-21 10:00:00,92987.75,93015.68,92733.25,92743.03
1766314800,2025-12-21 11:00:00,92742.8,92968.93,92721.85,92957
1766318400,2025-12-21 12:00:00,92956.87,93057.76,92815.15,93029.56
1766322000,2025-12-21 13:00:00,93029.7,93032.52,92873.2,92884.34
1766325600,2025-12-21 14:00:00,92886.41,93067.21,92843.69,93030.99
1766329200,2025-12-21 15:00:00,93034.03,93100.78,92813.81,92813.81
1766332800,2025-12-21 16:00:00,92813.27,92973.13,92778.24,92972.4
1766336400,2025-12-21 17:00:00,92972.2,93020.13,92876.88,92942.75
1766340000,2025-12-21 18:00:00,92942,93116.08,92815.68,93106.05
1766343600,2025-12-21 19:00:00,93107.51,93119.4,92712.42,92748.47
1766347200,2025-12-21 20:00:00,92747.03,92808.36,92646.24,92717.4
1766350800,2025-12-21 21:00:00,92716.73,92807.17,92696.66,92746.65
1766354400,2025-12-21 22:00:00,92745.47,92746.58,92325.33,92367.23
1766358000,2025-12-21 23:00:00,92367.61,92449.32,92303.54,92322.16
1766361600,2025-12-22 00:00:00,92323.88,92511.75,92308.57,92509.85
1766365200,2025-12-22 01:00:00,92512.88,92668.47,92477.98,92665.24
1766368800,2025-12-22 02:00:00,92666.61,92762.92,92616.67,92631.32
1766372400,2025-12-22 03:00:00,92631.59,93023.02,92631.45,92915.13
1766376000,2025-12-22 04:00:00,92911.49,92920.26,92695.82,92712.72
1766379600,2025-12-22 05:00:00,92712.42,92777.95,92663.29,92713.11
1766383200,2025-12-22 06:00:00,92715.16,92719.65,92458.85,92532.34
1766386800,2025-12-22 07:00:00,92536.65,92834.07,92513.06,92768.42
1766390400,2025-12-22 08:00:00,92768.65,92775.84,92593.34,92671.53
1766394000,2025-12-22 09:00:00,92669.75,92694.45,92588.25,92653.14
1766397600,2025-12-22 10:00:00,92652.78,92736.66,92581.08,92721.96
1766401200,2025-12-22 11:00:00,92723,92745.14,92502.13,92644.2
1766404800,2025-12-22 12:00:00,92646.71,92876.34,92577.43,92825.88
1766408400,2025-12-22 13:00:00,92825.28,92825.28,92569.86,92689.03
1766412000,2025-12-22 14:00:00,92687.68,92713.22,92586.65,92656.19
1766415600,2025-12-22 15:00:00,92657.47,92690.21,92434.21,92532.01
1766419200,2025-12-22 16:00:00,92531.4,92594.4,92439.02,92462
1766422800,2025-12-22 17:00:00,92461.86,92726.24,92389.69,92636.34
1766426400,2025-12-22 18:00:00,92631.62,92757.1,92598.31,92724.91
1766430000,2025-12-22 19:00:00,92723.34,92730.97,92362.7,92403.87
1766433600,2025-12-22 20:00:00,92406.09,92702.45,92406.09,92682.8
1766437200,2025-12-22 21:00:00,92684.11,92724.77,92561.87,92696.21
1766440800,2025-12-22 22:00:00,92697.96,92729.84,92386.12,92399.89
1766444400,2025-12-22 23:00:00,92400.36,92530.24,92373.2,92407.62
1766448000,2025-12-23 00:00:00,92405.06,92565.64,92400.02,92543.59
1766451600,2025-12-23 01:00:00,92543.18,92556.48,92368.01,92439.83
1766455200,2025-12-23 02:00:00,92439.78,92549.27,92396.28,92412.5
1766458800,2025-12-23 03:00:00,92410.19,92422.36,92207.54,92213.05
1766462400,2025-12-23 04:00:00,92212.35,92252.88,92096.27,92139.47
1766466000,2025-12-23 05:00:00,92136.7,92170.59,92013.82,92051.8
1766469600,2025-12-23 06:00:00,92055.02,92203.31,92013.6,92147.52
1766473200,2025-12-23 07:00:00,92147.9,92191.08,92000.64,92085.03
1766476800,2025-12-23 08:00:00,92087.92,92135.57,91925.33,92027.07
1766480400,2025-12-23 09:00:00,92026.81,92042.55,91728.52,91765.17
1766484000,2025-12-23 10:00:00,91765.48,91940.22,91756.09,91830.12
1766487600,2025-12-23 11:00:00,91830.02,92022.55,91814.13,91952.93
1766491200,2025-12-23 12:00:00,91954.77,92070.05,91939.53,92060.3
1766494800,2025-12-23 13:00:00,92060.71,92182.85,91994.86,92148.25
1766498400,2025-12-23 14:00:00,92146.4,92174.22,91884.85,91968.57
1766502000,2025-12-23 15:00:00,91967.84,92022.15,91908.08,91977.05
1766505600,2025-12-23 16:00:00,91976.52,92073.12,91863.43,91898.53
1766509200,2025-12-23 17:00:00,91899.18,91940.45,91738.73,91760.49
1766512800,2025-12-23 18:00:00,91760.83,91811.21,91609.3,91736.4
1766516400,2025-12-23 19:00:00,91737.8,91910.03,91690.02,91824.83
1766520000,2025-12-23 20:00:00,91823.91,91859.2,91727.13,91820.97
1766523600,2025-12-23 21:00:00,91819.22,92010.39,91787.23,91996.2
1766527200,2025-12-23 22:00:00,91995.14,92434.05,91995.14,92242.28
1766530800,2025-12-23 23:00:00,92244.63,92480.28,92242.2,92455.19
1766534400,2025-12-24 00:00:00,92456.2,92540.19,92400.09,92459.96
1766538000,2025-12-24 01:00:00,92458.71,92468.85,92263.13,92287.38
1766541600,2025-12-24 02:00:00,92284.66,92472.33,92260.01,92372.83
1766545200,2025-12-24 03:00:00,92372.52,92414.42,92290.03,92343.68
1766548800,2025-12-24 04:00:00,92343.08,92489.21,92331.74,92422.18
1766552400,2025-12-24 05:00:00,92421.97,92447.81,92171.87,92201.83
1766556000,2025-12-24 06:00:00,92203.42,92319.33,92185.31,92242.15
1766559600,2025-12-24 07:00:00,92240.01,92293.44,92166.36,92226.74
1766563200,2025-12-24 08:00:00,92227.81,92246.78,91952.5,92092.19
1766566800,2025-12-24 09:00:00,92091.12,92205.59,92073.26,92184.61
1766570400,2025-12-24 10:00:00,92184.77,92307.15,92124.02,92181.9
1766574000,2025-12-24 11:00:00,92181.71,92290.46,92165.29,92235.53
1766577600,2025-12-24 12:00:00,92234.72,92238.75,91992.37,92000.5
1766581200,2025-12-24 13:00:00,92000.64,92123.72,91898.94,91929.8
1766584800,2025-12-24 14:00:00,91932.72,92011.72,91806.29,91936.59
1766588400,2025-12-24 15:00:00,91935.93,92069.44,91836.01,91862.65
1766592000,2025-12-24 16:00:00,91863.46,92025.83,91845.88,92005.29
1766595600,2025-12-24 17:00:00,92004.71,92004.76,91742.67,91769.84
1766599200,2025-12-24 18:00:00,91772.24,91817.94,91664.03,91673.42
1766602800,2025-12-24 19:00:00,91669.35,91804.86,91574.49,91772.05
1766606400,2025-12-24 20:00:00,91770.49,91850.34,91702,91850.34
1766610000,2025-12-24 21:00:00,91847.52,91999.59,91780.44,91803.45
1766613600,2025-12-24 22:00:00,91803.75,91950.85,91714.11,91913.93
1766617200,2025-12-24 23:00:00,91913.66,91973.77,91892.54,91919.68
1766620800,2025-12-25 00:00:00,91918.97,92069.32,91898.83,92069.32
1766624400,2025-12-25 01:00:00,92068.45,92162.84,92042.93,92112.75
1766628000,2025-12-25 02:00:00,92113.09,92147.54,92043.11,92093.54
1766631600,2025-12-25 03:00:00,92098.57,92116.32,91861.72,91963.01
1766635200,2025-12-25 04:00:00,91964.49,92016.57,91862.04,91875.85
1766638800,2025-12-25 05:00:00,91874.26,91982.69,91873.8,91891.43
1766642400,2025-12-25 06:00:00,91892.71,92295.18,91873.98,92259.17
1766646000,2025-12-25 07:00:00,92259,92424.28,92219.69,92293.26
1766649600,2025-12-25 08:00:00,92293.16,92358.3,92233.19,92265.43
1766653200,2025-12-25 09:00:00,92265.45,92410.08,92265.45,92359.73
1766656800,2025-12-25 10:00:00,92358.26,92498.15,92258.14,92264.45
1766660400,2025-12-25 11:00:00,92262.47,92368.83,92247.39,92329.87
1766664000,2025-12-25 12:00:00,92332.06,92417.27,92321.52,92389.04
1766667600,2025-12-25 13:00:00,92389.1,92389.1,92235.08,92283.26
1766671200,2025-12-25 14:00:00,92284.86,92380.56,92242.85,92272.26
1766674800,2025-12-25 15:00:00,92271.71,92460.8,92229.83,92447.23
1766678400,2025-12-25 16:00:00,92449.71,92583.68,92420.47,92558.51
1766682000,2025-12-25 17:00:00,92558.97,92584.04,92335.22,92405.87
1766685600,2025-12-25 18:00:00,92407.55,92571.67,92371.12,92566.61
1766689200,2025-12-25 19:00:00,92568.3,92723.73,92494.45,92503.65
1766692800,2025-12-25 20:00:00,92501.79,92744.72,92418.04,92671.98
1766696400,2025-12-25 21:00:00,92673.1,92790.24,92527.68,92544.62
1766700000,2025-12-25 22:00:00,92543.57,92736.08,92518.95,92729.09
1766703600,2025-12-25 23:00:00,92730.78,92738.03,92533.16,92563.82
1766707200,2025-12-26 00:00:00,92561.82,92683.83,92524.72,92596.84
1766710800,2025-12-26 01:00:00,92594.15,92670.46,92519.1,92578.27
1766714400,2025-12-26 02:00:00,92574.72,92594.23,92455.92,92473.07
1766718000,2025-12-26 03:00:00,92471.36,92555.51,92226.65,92280.59
1766721600,2025-12-26 04:00:00,92282.47,92296.8,91961.48,91965.27
1766725200,2025-12-26 05:00:00,91965.45,92023.1,91912,91953.3
1766728800,2025-12-26 06:00:00,91954.66,92123.68,91890.39,92098.88
1766732400,2025-12-26 07:00:00,92099.83,92158.25,92037.23,92066.58
1766736000,2025-12-26 08:00:00,92063.71,92237.94,92005.99,92168.68
1766739600,2025-12-26 09:00:00,92169.81,92379.1,92149.36,92324.44
1766743200,2025-12-26 10:00:00,92324.68,92437.61,92293.72,92394.76
1766746800,2025-12-26 11:00:00,92394.47,92511.25,92354.9,92402.96
1766750400,2025-12-26 12:00:00,92401.46,92486.91,92330.1,92389.59
1766754000,2025-12-26 13:00:00,92391.18,92493.06,92343.01,92475.98
1766757600,2025-12-26 14:00:00,92476.83,92575.38,92323.56,92331.33
1766761200,2025-12-26 15:00:00,92328.58,92476.26,92325.24,92427.73
1766764800,2025-12-26 16:00:00,92428.47,92554.95,92405.2,92534.37
1766768400,2025-12-26 17:00:00,92535.22,92561.5,92361.14,92415.48
1766772000,2025-12-26 18:00:00,92416.71,92465.43,92334.42,92450.87
1766775600,2025-12-26 19:00:00,92449.56,92517.61,92284.58,92284.58
1766779200,2025-12-26 20:00:00,92285.54,92405.76,92044.59,92048.81
1766782800,2025-12-26 21:00:00,92045.97,92176.77,91979.58,92161.3
1766786400,2025-12-26 22:00:00,92159.31,92205.97,92076.03,92148.54
1766790000,2025-12-26 23:00:00,92147.42,92189.04,92048.02,92074.18
1766793600,2025-12-27 00:00:00,92075.53,92135.14,91860.63,91974.07
1766797200,2025-12-27 01:00:00,91973.75,91979.76,91746.18,91826.66
1766800800,2025-12-27 02:00:00,91827.17,91936.45,91767.79,91852.29
1766804400,2025-12-27 03:00:00,91850.9,91854.06,91638.74,91724.42
1766808000,2025-12-27 04:00:00,91724.4,91910.81,91687.71,91901.88
1766811600,2025-12-27 05:00:00,91902.95,92022.56,91828.03,91988.1
1766815200,2025-12-27 06:00:00,91987.92,92019.33,91856.17,91940.71
1766818800,2025-12-27 07:00:00,91939.59,92007.31,91779.22,91784.68
1766822400,2025-12-27 08:00:00,91785.06,91885.18,91676.28,91845.32
1766826000,2025-12-27 09:00:00,91845.65,91962.56,91845.24,91920.06
1766829600,2025-12-27 10:00:00,91924.35,92056.74,91887.14,91894.68
1766833200,2025-12-27 11:00:00,91897.83,91954.02,91839.04,91934.16
1766836800,2025-12-27 12:00:00,91933.24,92035.61,91908.7,91947.95
1766840400,2025-12-27 13:00:00,91948.91,91986.08,91766.3,91804.85
1766844000,2025-12-27 14:00:00,91804.21,92027.01,91746.78,91994.41
1766847600,2025-12-27 15:00:00,91992.24,92173.3,91976.53,92173.3
1766851200,2025-12-27 16:00:00,92169.25,92170.36,91998.71,92040.91
1766854800,2025-12-27 17:00:00,92041.84,92077.54,91792.44,91815.96
1766858400,2025-12-27 18:00:00,91817.18,92043.03,91808.96,92022.02
1766862000,2025-12-27 19:00:00,92022.57,92051.43,91688.15,91724.75
1766865600,2025-12-27 20:00:00,91727.44,91810.97,91663.83,91680.19
1766869200,2025-12-27 21:00:00,91680.93,91697.41,91299.85,91392.22
1766872800,2025-12-27 22:00:00,91395.28,91420.05,91176.67,91247.41
1766876400,2025-12-27 23:00:00,91246.56,91278.46,91153.23,91154.9
1766880000,2025-12-28 00:00:00,91157.87,91362.82,91156.31,91351.82
1766883600,2025-12-28 01:00:00,91352.7,91647.81,91307.02,91646.88
1766887200,2025-12-28 02:00:00,91644,91700.91,91548.75,91659.17
1766890800,2025-12-28 03:00:00,91659.05,91747.64,91587.19,91735.33
1766894400,2025-12-28 04:00:00,91732.38,92131.05,91706.3,92097.4
1766898000,2025-12-28 05:00:00,92098.07,92187.86,92018.35,92037.1
1766901600,2025-12-28 06:00:00,92036.31,92108.02,91831.42,91847.61
1766905200,2025-12-28 07:00:00,91848.11,91872.7,91647.88,91726.19
1766908800,2025-12-28 08:00:00,91724.24,91745.13,91312.25,91392.62
1766912400,2025-12-28 09:00:00,91395.15,91419.83,91284.23,91309.46
1766916000,2025-12-28 10:00:00,91309.33,91406.86,91232.46,91399.69
1766919600,2025-12-28 11:00:00,91398.91,91492.14,91337.82,91463.63
1766923200,2025-12-28 12:00:00,91463.92,91470.99,91247.59,91283.73
1766926800,2025-12-28 13:00:00,91286.97,91304.53,91157.9,91289.96
1766930400,2025-12-28 14:00:00,91286.89,91366.19,91063.71,91074.37
1766934000,2025-12-28 15:00:00,91072.51,91287.67,91018.56,91250.19
1766937600,2025-12-28 16:00:00,91250.58,91290.39,90979.8,90994.27
1766941200,2025-12-28 17:00:00,90993.85,91362.89,90992.95,91312.7
1766944800,2025-12-28 18:00:00,91310.08,91336.09,91042.65,91069.17
1766948400,2025-12-28 19:00:00,91067.9,91221.76,90984.81,91161.89
1766952000,2025-12-28 20:00:00,91164.54,91302.61,90999.63,91016.36
1766955600,2025-12-28 21:00:00,91016.64,91017.61,90761.21,90761.21
1766959200,2025-12-28 22:00:00,90759.76,90856.25,90717.8,90823.64
1766962800,2025-12-28 23:00:00,90820.97,90833.64,90597.5,90614.28
1766966400,2025-12-29 00:00:00,90614.43,90678.05,90572.02,90653.4
1766970000,2025-12-29 01:00:00,90650.19,91196.03,90628.76,91189.3
1766973600,2025-12-29 02:00:00,91186.35,91273.01,91166.71,91266.75
1766977200,2025-12-29 03:00:00,91265.22,91352.17,91248.73,91333.72
1766980800,2025-12-29 04:00:00,91335.58,91400.65,91272.88,91357.95
1766984400,2025-12-29 05:00:00,91358.12,91414.25,91260.7,91388.5
1766988000,2025-12-29 06:00:00,91386.75,91436.61,91248.02,91257.87
1766991600,2025-12-29 07:00:00,91258.91,91348.5,91256.55,91287.02
1766995200,2025-12-29 08:00:00,91283.58,91330.21,91162.96,91247.09
1766998800,2025-12-29 09:00:00,91247.08,91475.23,91240.35,91445.48
1767002400,2025-12-29 10:00:00,91443.54,91492.42,91276.44,91280.71
1767006000,2025-12-29 11:00:00,91282.51,91435,91282.51,91384.73
1767009600,2025-12-29 12:00:00,91384.52,91386.25,91031.25,91080.54
1767013200,2025-12-29 13:00:00,91080.43,91187.56,91073.05,91136.8
1767016800,2025-12-29 14:00:00,91134.93,91209.83,91045.82,91107.5
1767020400,2025-12-29 15:00:00,91105.87,91235.73,91095.28,91118.09
1767024000,2025-12-29 16:00:00,91120.8,91321.12,91115.58,91270.8
1767027600,2025-12-29 17:00:00,91273.51,91479.78,91262.55,91329.81
1767031200,2025-12-29 18:00:00,91332.5,91536.62,91283.81,91533.38
1767034800,2025-12-29 19:00:00,91533.05,91549.83,91287.56,91541.65
1767038400,2025-12-29 20:00:00,91539.06,91551.35,91156.08,91178.06
1767042000,2025-12-29 21:00:00,91175.71,91203.06,91045.59,91151.04
1767045600,2025-12-29 22:00:00,91149.49,91168.18,90892.03,90939.84
1767049200,2025-12-29 23:00:00,90938.51,91161.14,90873.83,91103.81
1767052800,2025-12-30 00:00:00,91102.18,91360.59,91101.18,91297.26
1767056400,2025-12-30 01:00:00,91295.62,91422.98,91295.62,91362.82
1767060000,2025-12-30 02:00:00,91363.03,91558.84,91359.75,91459.11
1767063600,2025-12-30 03:00:00,91459.87,91633.38,91406.64,91592.84
1767067200,2025-12-30 04:00:00,91593.18,91903.74,91563.61,91787.11
1767070800,2025-12-30 05:00:00,91786.46,91874.08,91783.81,91874.08
1767074400,2025-12-30 06:00:00,91873.43,92050.71,91865.36,91980.8
1767078000,2025-12-30 07:00:00,91980.22,92169.48,91959.63,92144.96
1767081600,2025-12-30 08:00:00,92146.14,92190.43,92061.7,92095.57
1767085200,2025-12-30 09:00:00,92092.74,92244.8,92037.95,92213.87
1767088800,2025-12-30 10:00:00,92215.68,92227.76,92066.21,92123.08
1767092400,2025-12-30 11:00:00,92122.89,92177.4,92050.55,92081.69
1767096000,2025-12-30 12:00:00,92079.59,92118.69,91990.53,91994.88
1767099600,2025-12-30 13:00:00,91995.41,92008.78,91877.31,91887.87
1767103200,2025-12-30 14:00:00,91889,92075.47,91884.36,92012.49
1767106800,2025-12-30 15:00:00,92012.69,92135.51,91983.21,92108.88
1767110400,2025-12-30 16:00:00,92108.69,92139.92,91981.56,92064.85
1767114000,2025-12-30 17:00:00,92063.88,92118.01,91950.1,91954.25
1767117600,2025-12-30 18:00:00,91954.79,92162.63,91947.09,92036.05
1767121200,2025-12-30 19:00:00,92036.27,92360.88,92036.27,92298.55
1767124800,2025-12-30 20:00:00,92299.54,92535.82,92297.49,92492.93
1767128400,2025-12-30 21:00:00,92489.58,92585.93,92287.72,92290.01
1767132000,2025-12-30 22:00:00,92288.34,92502.55,92277.48,92444.79
1767135600,2025-12-30 23:00:00,92447.4,92875,92439.9,92787.58
1767139200,2025-12-31 00:00:00,92789.64,92800.02,92474.84,92588.14
1767142800,2025-12-31 01:00:00,92585.35,92744.28,92531.53,92732.24
1767146400,2025-12-31 02:00:00,92734.8,92751.93,92537.26,92558.29
1767150000,2025-12-31 03:00:00,92557.42,92565.87,92394.17,92524.75
1767153600,2025-12-31 04:00:00,92526.09,92580.01,92346.12,92418.64
1767157200,2025-12-31 05:00:00,92419.59,92449.56,92187.43,92265.6
1767160800,2025-12-31 06:00:00,92267.38,92436.34,92246.69,92325.43
1767164400,2025-12-31 07:00:00,92326.26,92506.44,92305.45,92482.36
1767168000,2025-12-31 08:00:00,92480.3,92691.85,92429.32,92686.94
1767171600,2025-12-31 09:00:00,92687.57,92857.37,92628.92,92805.1
1767175200,2025-12-31 10:00:00,92805.28,92834.24,92648.51,92669.68
1767178800,2025-12-31 11:00:00,92669.77,92722.71,92599.1,92603.51
1767182400,2025-12-31 12:00:00,92605.38,92672.12,92433.72,92490.88
1767186000,2025-12-31 13:00:00,92497.2,92643.79,92469.77,92599.06
1767189600,2025-12-31 14:00:00,92598.66,92844.52,92530.57,92820.67
1767193200,2025-12-31 15:00:00,92821.46,92922.25,92812.26,92877.14
1767196800,2025-12-31 16:00:00,92877.41,92904.46,92758.56,92832.61
1767200400,2025-12-31 17:00:00,92832.97,92939.56,92772.39,92896.3
1767204000,2025-12-31 18:00:00,92895.4,93122.44,92838.54,93106.05
1767207600,2025-12-31 19:00:00,93105.57,93319.49,93037.32,93307.23
1767211200,2025-12-31 20:00:00,93304.56,93533.98,93282.24,93513.3
1767214800,2025-12-31 21:00:00,93511.89,93513.46,93361.86,93373.72
1767218400,2025-12-31 22:00:00,93373.92,93394.04,93249.59,93299.51
1767222000,2025-12-31 23:00:00,93299.9,93384.82,93219.42,93265.93
1767225600,2026-01-01 00:00:00,93265.85,93292.45,93000.72,93014.85
1767229200,2026-01-01 01:00:00,93015.46,93175.64,92910.32,93096.75
1767232800,2026-01-01 02:00:00,93098.11,93194.77,93008.31,93170.37
1767236400,2026-01-01 03:00:00,93170.86,93366.62,93163.15,93362.72
1767240000,2026-01-01 04:00:00,93362.41,93428.46,93285.99,93406.34
1767243600,2026-01-01 05:00:00,93406.08,93427.41,93223.23,93250.6
1767247200,2026-01-01 06:00:00,93253.33,93255.97,93076.27,93120
1767250800,2026-01-01 07:00:00,93119.88,93172.02,93052.4,93115.94
1767254400,2026-01-01 08:00:00,93116.15,93265.78,93109.96,93247.3
1767258000,2026-01-01 09:00:00,93247.86,93268.49,93030.25,93193.24
1767261600,2026-01-01 10:00:00,93193.18,93282.72,93103.9,93129.6
1767265200,2026-01-01 11:00:00,93132.75,93287.2,93103.25,93201.65
1767268800,2026-01-01 12:00:00,93201.38,93332.88,93197.74,93231.34
1767272400,2026-01-01 13:00:00,93228.71,93376.12,93168.41,93351.39
1767276000,2026-01-01 14:00:00,93346.81,93374.47,93120.91,93126.24
1767279600,2026-01-01 15:00:00,93127.56,93133.68,92921.87,92972.68
1767283200,2026-01-01 16:00:00,92971.62,93095.09,92866.23,93006.52
1767286800,2026-01-01 17:00:00,93006.54,93080.57,92953.51,92973.57
1767290400,2026-01-01 18:00:00,92976.54,93021.61,92870.39,92968.13
1767294000,2026-01-01 19:00:00,92970.41,92972.07,92842.65,92890.17
1767297600,2026-01-01 20:00:00,92890.97,93013.76,92869.97,92937.2
1767301200,2026-01-01 21:00:00,92938.54,93055.14,92907.29,93055.14
1767304800,2026-01-01 22:00:00,93052.24,93110.45,92937.03,93017.48
1767308400,2026-01-01 23:00:00,93017.66,93121.8,92961.72,93110.85
1767312000,2026-01-02 00:00:00,93110.58,93203.57,93049.86,93147.1
1767315600,2026-01-02 01:00:00,93143.19,93159.8,93044.89,93109.14
1767319200,2026-01-02 02:00:00,93107.33,93181.8,93071.16,93135.6
1767322800,2026-01-02 03:00:00,93135.48,93175.34,92996.02,93158.04
1767326400,2026-01-02 04:00:00,93156.51,93266.91,93154.11,93255.86
1767330000,2026-01-02 05:00:00,93252.87,93331.45,93172.48,93320.5
1767333600,2026-01-02 06:00:00,93325.34,93507.83,93318.08,93423.04
1767337200,2026-01-02 07:00:00,93421.72,93437.23,93236.61,93281.59
1767340800,2026-01-02 08:00:00,93281.85,93407.79,93188.5,93349.53
1767344400,2026-01-02 09:00:00,93346.84,93498.23,93342.75,93427.3
1767348000,2026-01-02 10:00:00,93426.91,93446.2,93235.01,93309.47
1767351600,2026-01-02 11:00:00,93310.7,93335.16,93125.9,93219.18
1767355200,2026-01-02 12:00:00,93222.11,93482.53,93195.52,93469.59
1767358800,2026-01-02 13:00:00,93468.33,93556.99,93429.37,93505.44
1767362400,2026-01-02 14:00:00,93502.98,93534.09,93350.79,93389.35
1767366000,2026-01-02 15:00:00,93387.97,93547.78,93341.02,93476.19
1767369600,2026-01-02 16:00:00,93474.53,93661.23,93452.66,93647.26
1767373200,2026-01-02 17:00:00,93644.59,93959.18,93609.51,93925.38
1767376800,2026-01-02 18:00:00,93924.99,94179.83,93803.23,94162.2
1767380400,2026-01-02 19:00:00,94158.95,94175.84,94079.24,94146.42
1767384000,2026-01-02 20:00:00,94147.33,94308.4,94081.48,94139.45
1767387600,2026-01-02 21:00:00,94140.58,94193.65,94071.18,94151.03
1767391200,2026-01-02 22:00:00,94153.99,94244.75,94022.55,94217.31
1767394800,2026-01-02 23:00:00,94216.08,94346.27,94175.2,94320.6
1767398400,2026-01-03 00:00:00,94320.75,94554.79,94270.66,94529.02
1767402000,2026-01-03 01:00:00,94526.06,94625.53,94469.51,94472.31
1767405600,2026-01-03 02:00:00,94473.66,94494,94092,94093.34
1767409200,2026-01-03 03:00:00,94093.67,94261.35,94055.98,94209.42
1767412800,2026-01-03 04:00:00,94209.76,94323.97,94014.13,94024.86
1767416400,2026-01-03 05:00:00,94024.09,94087.62,93936.35,94032.01
1767420000,2026-01-03 06:00:00,94032.22,94105.3,93882.64,93938.83
1767423600,2026-01-03 07:00:00,93941.52,94137.53,93896.24,94089.82
1767427200,2026-01-03 08:00:00,94090.25,94256.92,94018.27,94227.73
1767430800,2026-01-03 09:00:00,94229.34,94335.56,94149.62,94198.86
1767434400,2026-01-03 10:00:00,94200.12,94200.87,93908.48,93926.15
1767438000,2026-01-03 11:00:00,93928.33,94019.42,93864.09,93932.66
1767441600,2026-01-03 12:00:00,93931.41,94131.45,93920.77,94101.15
1767445200,2026-01-03 13:00:00,94103.83,94219.57,94046.15,94132.65
1767448800,2026-01-03 14:00:00,94133.7,94214.35,94016.71,94149.99
1767452400,2026-01-03 15:00:00,94150.83,94155.28,93999.8,94127.46
1767456000,2026-01-03 16:00:00,94127.05,94145.09,93915.43,93974.51
1767459600,2026-01-03 17:00:00,93971.33,94039.93,93922.94,93999.31
1767463200,2026-01-03 18:00:00,93999.86,94127.85,93989.08,94112.14
1767466800,2026-01-03 19:00:00,94115.05,94191.25,94019.44,94147.33
1767470400,2026-01-03 20:00:00,94152.36,94372.45,94130.07,94369.22
1767474000,2026-01-03 21:00:00,94372.64,94514.94,94349.55,94500.53
1767477600,2026-01-03 22:00:00,94504.17,94630.52,94479.91,94548.27
1767481200,2026-01-03 23:00:00,94551.12,94560.76,94243.11,94267.31
1767484800,2026-01-04 00:00:00,94268.84,94282.4,94061.88,94182.46
1767488400,2026-01-04 01:00:00,94185.71,94226.34,94084.54,94162.76
1767492000,2026-01-04 02:00:00,94161.15,94419.13,94090.56,94416.7
1767495600,2026-01-04 03:00:00,94417.15,94433.27,94175.11,94270.8
1767499200,2026-01-04 04:00:00,94269.39,94282.56,94088.68,94130.78
1767502800,2026-01-04 05:00:00,94129.45,94170.05,94020.93,94087.47
1767506400,2026-01-04 06:00:00,94083.54,94101.92,93731.61,93780.82
1767510000,2026-01-04 07:00:00,93780.92,93902.29,93734.72,93753.02
1767513600,2026-01-04 08:00:00,93751.83,94009.83,93733.32,93870.01
1767517200,2026-01-04 09:00:00,93866.9,94168.54,93812.92,94112.72
1767520800,2026-01-04 10:00:00,94113.12,94466.51,94105.33,94447.43
1767524400,2026-01-04 11:00:00,94448.53,94520.24,94382.59,94417.44
1767528000,2026-01-04 12:00:00,94416.86,94559.69,94375.48,94459.1
1767531600,2026-01-04 13:00:00,94462,94519.78,94366.38,94488.72
1767535200,2026-01-04 14:00:00,94487.91,94608.41,94462,94566.58
1767538800,2026-01-04 15:00:00,94566.91,94715.39,94542.12,94678.61
1767542400,2026-01-04 16:00:00,94678.8,94681.42,94533.44,94604.99
1767546000,2026-01-04 17:00:00,94603.33,94663.58,94462.59,94651.73
1767549600,2026-01-04 18:00:00,94651.98,94659.2,94530.71,94633.23
1767553200,2026-01-04 19:00:00,94632.05,94759.21,94632.05,94748.85
1767556800,2026-01-04 20:00:00,94748.27,94761.67,94625.87,94629.05
1767560400,2026-01-04 21:00:00,94631.73,94687.56,94520.45,94671.21
1767564000,2026-01-04 22:00:00,94669.7,94910.01,94660.87,94766.25
1767567600,2026-01-04 23:00:00,94766.7,94819.29,94689.65,94794.19
1767571200,2026-01-05 00:00:00,94795.53,94873.5,94711.24,94793.95
1767574800,2026-01-05 01:00:00,94796.5,94817.47,94654.2,94672.42
1767578400,2026-01-05 02:00:00,94674.4,94691.67,94480.18,94506.75
1767582000,2026-01-05 03:00:00,94505.37,94702.93,94501.76,94655.5
1767585600,2026-01-05 04:00:00,94658.74,94749.4,94533.9,94584.84
1767589200,2026-01-05 05:00:00,94588.36,94717.25,94499.89,94514.83
1767592800,2026-01-05 06:00:00,94512.76,94538.29,94285.39,94348.45
1767596400,2026-01-05 07:00:00,94345.94,94605.98,94341.38,94599.41
1767600000,2026-01-05 08:00:00,94601.37,94771.62,94596.98,94671.22
1767603600,2026-01-05 09:00:00,94671.43,94739.15,94567.31,94708.48
1767607200,2026-01-05 10:00:00,94709.01,94779.13,94601.82,94642.25
1767610800,2026-01-05 11:00:00,94641.48,94690.22,94599.93,94636.28
1767614400,2026-01-05 12:00:00,94637.81,94968.18,94618.18,94906.39
1767618000,2026-01-05 13:00:00,94907.68,94939.28,94822.25,94848.26
1767621600,2026-01-05 14:00:00,94847.49,95133.16,94812.28,95126.1
1767625200,2026-01-05 15:00:00,95129.14,95155.94,94884.57,94929.08
1767628800,2026-01-05 16:00:00,94929.66,95106.05,94862.16,95016.7
1767632400,2026-01-05 17:00:00,95018.35,95137.84,94963.2,94986.56
1767636000,2026-01-05 18:00:00,94984.52,95001.2,94855.1,94872.6
1767639600,2026-01-05 19:00:00,94872.45,94945.15,94676.12,94680.64
1767643200,2026-01-05 20:00:00,94683.38,94948.81,94680.66,94856.21
1767646800,2026-01-05 21:00:00,94857.99,94918.42,94764.98,94809.72
1767650400,2026-01-05 22:00:00,94807.95,94847.82,94596.51,94745.48
1767654000,2026-01-05 23:00:00,94743.26,94746.15,94520.72,94542.73
1767657600,2026-01-06 00:00:00,94542.64,94623.6,94471.22,94549.23
1767661200,2026-01-06 01:00:00,94546.06,94801.32,94543.73,94789.97
1767664800,2026-01-06 02:00:00,94789.83,94903.68,94776.68,94849.32
1767668400,2026-01-06 03:00:00,94848.16,94997.16,94789.18,94818.97
1767672000,2026-01-06 04:00:00,94820.08,94893.73,94745.62,94771.17
1767675600,2026-01-06 05:00:00,94771.48,94795.54,94686.68,94699.8
1767679200,2026-01-06 06:00:00,94700.96,94777.44,94642.98,94685.63
1767682800,2026-01-06 07:00:00,94685.17,94715.94,94553.78,94620.8
1767686400,2026-01-06 08:00:00,94622.5,94622.7,94498.78,94540.89
1767690000,2026-01-06 09:00:00,94540.12,94957.67,94524.64,94953.55
1767693600,2026-01-06 10:00:00,94950.77,95156.2,94916.16,95050.85
1767697200,2026-01-06 11:00:00,95049.95,95346.04,95040.56,95315.96
1767700800,2026-01-06 12:00:00,95314.62,95433.96,95294.14,95366.59
1767704400,2026-01-06 13:00:00,95364.73,95488.44,95312.03,95421.57
1767708000,2026-01-06 14:00:00,95422.62,95612.14,95413.52,95511.01
1767711600,2026-01-06 15:00:00,95510.44,95545.56,95427.58,95499.37
1767715200,2026-01-06 16:00:00,95499.88,95709.65,95401.24,95707.17
1767718800,2026-01-06 17:00:00,95705.8,95811.03,95642.89,95713.38
1767722400,2026-01-06 18:00:00,95712.79,95723.95,95634.01,95708.18
1767726000,2026-01-06 19:00:00,95708.48,95795.13,95648.78,95741.05
1767729600,2026-01-06 20:00:00,95742.88,95751.47,95489.65,95631.73
1767733200,2026-01-06 21:00:00,95631.46,95655.79,95564.32,95634.4
1767736800,2026-01-06 22:00:00,95635.13,95828.05,95631.81,95676.2
1767740400,2026-01-06 23:00:00,95677.4,95916.9,95648.13,95864.94
1767744000,2026-01-07 00:00:00,95867.22,95907.98,95694.87,95721.32
1767747600,2026-01-07 01:00:00,95720.26,95747.35,95637.31,95709.2
1767751200,2026-01-07 02:00:00,95708.85,95709.74,95501.26,95558.47
1767754800,2026-01-07 03:00:00,95558.15,95558.21,95458.44,95489.35
1767758400,2026-01-07 04:00:00,95487.17,95569.15,95424.21,95520.14
1767762000,2026-01-07 05:00:00,95521.18,95552.84,95389.89,95396.79
1767765600,2026-01-07 06:00:00,95396.81,95550,95381.2,95448.76
1767769200,2026-01-07 07:00:00,95447.69,95516.09,95388.45,95506.92
1767772800,2026-01-07 08:00:00,95508.81,95614.39,95488.09,95590.28
1767776400,2026-01-07 09:00:00,95590.1,95788.37,95540.51,95779.98
1767780000,2026-01-07 10:00:00,95782.16,95926.19,95697.93,95701.23
1767783600,2026-01-07 11:00:00,95701.8,95808.07,95625.38,95736.37
1767787200,2026-01-07 12:00:00,95735.96,95868.27,95609.23,95622.21
1767790800,2026-01-07 13:00:00,95621.97,95640.49,95531.15,95564.05
1767794400,2026-01-07 14:00:00,95564.55,95616.12,95478.68,95583.48
1767798000,2026-01-07 15:00:00,95582.75,95772.88,95569.71,95728.58
1767801600,2026-01-07 16:00:00,95726.27,95774.98,95589.88,95744.26
1767805200,2026-01-07 17:00:00,95744.75,95842.56,95620.62,95799.88
1767808800,2026-01-07 18:00:00,95802.95,96040.35,95775.02,96026.93
1767812400,2026-01-07 19:00:00,96027.42,96147.69,95847.56,95857.92
1767816000,2026-01-07 20:00:00,95855.29,95927.63,95798.58,95873.48
1767819600,2026-01-07 21:00:00,95873.23,95890.11,95587.63,95629.6
1767823200,2026-01-07 22:00:00,95631.55,95699.17,95552,95696.82
1767826800,2026-01-07 23:00:00,95697.2,95782.03,95659.46,95780.26
1767830400,2026-01-08 00:00:00,95779.92,95901.31,95674.04,95849.29
1767834000,2026-01-08 01:00:00,95845.97,95855.62,95687.05,95701.12
1767837600,2026-01-08 02:00:00,95701.04,95972.35,95638.73,95912.34
1767841200,2026-01-08 03:00:00,95912.68,96051.48,95861.42,95891.96
1767844800,2026-01-08 04:00:00,95890.28,96065.17,95876.22,96056.3
1767848400,2026-01-08 05:00:00,96054.34,96097.08,95953.01,96008.17
1767852000,2026-01-08 06:00:00,96006.8,96114.7,95972.41,96043.72
1767855600,2026-01-08 07:00:00,96043,96117.13,95903.53,95908.16
1767859200,2026-01-08 08:00:00,95907.74,96184.08,95865.39,96178.26
1767862800,2026-01-08 09:00:00,96178.21,96303.54,96156.83,96286.75
1767866400,2026-01-08 10:00:00,96287.2,96360,96160.64,96185.07
1767870000,2026-01-08 11:00:00,96184.16,96254.29,96087.91,96176.86
1767873600,2026-01-08 12:00:00,96179.7,96275.04,96149.03,96275.04
1767877200,2026-01-08 13:00:00,96275.19,96422.29,96217,96376.64
1767880800,2026-01-08 14:00:00,96378.39,96393.64,96200.1,96255.75
1767884400,2026-01-08 15:00:00,96256.85,96270.2,96111.51,96134.88
1767888000,2026-01-08 16:00:00,96136.49,96144.7,95883.84,95907.95
1767891600,2026-01-08 17:00:00,95907.38,96071.3,95855.89,95857.61
1767895200,2026-01-08 18:00:00,95853.65,95894.65,95715.64,95747.24
1767898800,2026-01-08 19:00:00,95745.87,95805.95,95675.93,95709.15
1767902400,2026-01-08 20:00:00,95707.18,95799.18,95521.98,95529.13
1767906000,2026-01-08 21:00:00,95526.77,95561.9,95399.71,95542.06
1767909600,2026-01-08 22:00:00,95542.8,95580.75,95319.14,95389.96
1767913200,2026-01-08 23:00:00,95386.91,95508.92,95323.5,95430.08
1767916800,2026-01-09 00:00:00,95430.6,95540.59,95405.63,95427.51
1767920400,2026-01-09 01:00:00,95427.63,95671.01,95407.28,95665.22
1767924000,2026-01-09 02:00:00,95664.78,95905.59,95651.62,95767.74
1767927600,2026-01-09 03:00:00,95767.19,95970.48,95743.64,95969.15
1767931200,2026-01-09 04:00:00,95969.25,96023.19,95828.64,95875.46
1767934800,2026-01-09 05:00:00,95876.63,95881.19,95668.14,95692.27
1767938400,2026-01-09 06:00:00,95693.2,95935.93,95666.1,95903.94
1767942000,2026-01-09 07:00:00,95901,95904.37,95665.47,95785.67
1767945600,2026-01-09 08:00:00,95785.29,95821.15,95708.35,95708.35
1767949200,2026-01-09 09:00:00,95705.32,95722.04,95542.43,95625.14
1767952800,2026-01-09 10:00:00,95621.61,95644,95506.37,95599.73
1767956400,2026-01-09 11:00:00,95602.34,95715.65,95595.33,95686.52
1767960000,2026-01-09 12:00:00,95686.48,95725.34,95621.81,95652.17
1767963600,2026-01-09 13:00:00,95655.15,95729.78,95402.2,95430.89
1767967200,2026-01-09 14:00:00,95430.13,95440.17,95296.65,95406
1767970800,2026-01-09 15:00:00,95406.14,95565.32,95369.93,95467.82
1767974400,2026-01-09 16:00:00,95466.59,95607.55,95355.35,95461.02
1767978000,2026-01-09 17:00:00,95461.8,95565.67,95441.37,95558.72
1767981600,2026-01-09 18:00:00,95559.03,95671.39,95459.34,95509.92
1767985200,2026-01-09 19:00:00,95511.34,95581.35,95440.49,95577.48
1767988800,2026-01-09 20:00:00,95579.14,95626.17,95364.4,95381.99
1767992400,2026-01-09 21:00:00,95380.18,95505.24,95355.04,95441.67
1767996000,2026-01-09 22:00:00,95444.29,95498.42,95349.67,95430.5
1767999600,2026-01-09 23:00:00,95431.33,95514.45,95345.51,95373.36
1768003200,2026-01-10 00:00:00,95370.97,95407.9,95230.24,95309.72
1768006800,2026-01-10 01:00:00,95309.82,95316.44,95122.83,95124.35
1768010400,2026-01-10 02:00:00,95124.99,95349.97,95115.68,95348.73
1768014000,2026-01-10 03:00:00,95346.02,95458.17,95314.15,95339.33
1768017600,2026-01-10 04:00:00,95340.16,95419.84,95258.79,95360.88
1768021200,2026-01-10 05:00:00,95363.09,95434.03,95304.7,95432.43
1768024800,2026-01-10 06:00:00,95432.93,95526.46,95394.8,95519.82
1768028400,2026-01-10 07:00:00,95520.66,95632.21,95493.69,95617.72
1768032000,2026-01-10 08:00:00,95616.79,95651.43,95437.68,95479.5
1768035600,2026-01-10 09:00:00,95480.21,95606.1,95421.11,95588.75
1768039200,2026-01-10 10:00:00,95590.49,95682.52,95574.24,95639.22
1768042800,2026-01-10 11:00:00,95641.33,95791.82,95618.18,95697.36
1768046400,2026-01-10 12:00:00,95697.61,95785.56,95600.8,95714.53
1768050000,2026-01-10 13:00:00,95715.52,95870.98,95648.35,95740.31
1768053600,2026-01-10 14:00:00,95740.05,95872.15,95728.15,95862.02
1768057200,2026-01-10 15:00:00,95862.34,96019.33,95838.78,95915.75
1768060800,2026-01-10 16:00:00,95915.79,95996.03,95851.42,95916.64
1768064400,2026-01-10 17:00:00,95918.33,96010.36,95902.36,95948.89
1768068000,2026-01-10 18:00:00,95950.09,96024.52,95871.57,95889.8
1768071600,2026-01-10 19:00:00,95890.19,96003.26,95790.55,95826.91
1768075200,2026-01-10 20:00:00,95824.8,96008.89,95820.46,95973.94
1768078800,2026-01-10 21:00:00,95974.06,95996.37,95788.01,95831.41
1768082400,2026-01-10 22:00:00,95829.1,95913.09,95787.82,95839.88
1768086000,2026-01-10 23:00:00,95837.97,95861.76,95360.77,95424.3
1768089600,2026-01-11 00:00:00,95424.88,95487.84,95235.6,95296.45
1768093200,2026-01-11 01:00:00,95296.13,95331.4,95134.24,95163.34
1768096800,2026-01-11 02:00:00,95163.08,95168.89,94900.23,94928.49
1768100400,2026-01-11 03:00:00,94928.53,95035.83,94902.1,94962.18
1768104000,2026-01-11 04:00:00,94961.52,95041.93,94918.25,94947.86
1768107600,2026-01-11 05:00:00,94950.57,95120.24,94926.61,95040.92
1768111200,2026-01-11 06:00:00,95038.62,95162.31,95028.06,95124.66
1768114800,2026-01-11 07:00:00,95124.76,95271.15,95113.56,95201.87
1768118400,2026-01-11 08:00:00,95200.36,95222.28,95023.84,95061.36
1768122000,2026-01-11 09:00:00,95059.73,95064.73,94919.94,95051.96
1768125600,2026-01-11 10:00:00,95051.8,95230.19,94943.21,94964.56
1768129200,2026-01-11 11:00:00,94964.41,95078.58,94941.53,95033.05
1768132800,2026-01-11 12:00:00,95033.53,95111.13,94906.9,94978.31
1768136400,2026-01-11 13:00:00,94979.95,95112.87,94896.94,94974.65
1768140000,2026-01-11 14:00:00,94977.19,95053.55,94717.32,94729.29
1768143600,2026-01-11 15:00:00,94728.11,94886.26,94704.22,94836.19
1768147200,2026-01-11 16:00:00,94837.46,94879.41,94737.72,94872.21
1768150800,2026-01-11 17:00:00,94870.39,94883.93,94649.17,94715.45
1768154400,2026-01-11 18:00:00,94715.42,94733.65,94583.42,94596.08
1768158000,2026-01-11 19:00:00,94594.48,94702.27,94583.29,94693.44
1768161600,2026-01-11 20:00:00,94692.09,94735.15,94537.25,94561.87
1768165200,2026-01-11 21:00:00,94559.96,94573.63,94448.26,94549.08
1768168800,2026-01-11 22:00:00,94548.39,94674.37,94538.55,94551.8
1768172400,2026-01-11 23:00:00,94549.98,94697.16,94509.63,94580.57
1768176000,2026-01-12 00:00:00,94579.8,94630.17,94474.77,94506.28
1768179600,2026-01-12 01:00:00,94501.62,94594.73,94357.44,94357.44
1768183200,2026-01-12 02:00:00,94354.57,94535.24,94319.56,94325.48
1768186800,2026-01-12 03:00:00,94326.6,94377.8,94235.17,94279.49
1768190400,2026-01-12 04:00:00,94276.64,94363.17,94188.16,94194.66
1768194000,2026-01-12 05:00:00,94194.6,94247.1,94104.04,94164.21
1768197600,2026-01-12 06:00:00,94159.63,94220.46,94081.53,94099.87
1768201200,2026-01-12 07:00:00,94100.61,94314.63,94087.92,94238.8
1768204800,2026-01-12 08:00:00,94238.9,94295.72,94141.06,94234.83
1768208400,2026-01-12 09:00:00,94233.06,94291.94,94133.69,94289.18
1768212000,2026-01-12 10:00:00,94287.12,94380.32,94217.22,94310.28
1768215600,2026-01-12 11:00:00,94311.99,94513.96,94274.61,94496.71
1768219200,2026-01-12 12:00:00,94498.72,94644.89,94441.5,94606.97
1768222800,2026-01-12 13:00:00,94605.02,94630.28,94488.74,94514.04
1768226400,2026-01-12 14:00:00,94515.63,94610.01,94454.64,94604.37
1768230000,2026-01-12 15:00:00,94603.42,94715.92,94439.67,94459.56
1768233600,2026-01-12 16:00:00,94458.03,94458.03,94259.78,94377.7
1768237200,2026-01-12 17:00:00,94377.63,94377.63,94231.86,94313.25
1768240800,2026-01-12 18:00:00,94315.93,94424.01,94300.79,94324.5
1768244400,2026-01-12 19:00:00,94324.69,94478.36,94318.41,94431.13
1768248000,2026-01-12 20:00:00,94429.62,94450.3,94213.01,94273.9
1768251600,2026-01-12 21:00:00,94276.12,94282.81,94032.56,94123.78
1768255200,2026-01-12 22:00:00,94125.64,94149.77,93976.57,93989.53
1768258800,2026-01-12 23:00:00,93989.7,93992.32,93691.75,93709.26
1768262400,2026-01-13 00:00:00,93708.13,93757.55,93645.36,93660.49
1768266000,2026-01-13 01:00:00,93661.02,93684.2,93447.36,93488.37
1768269600,2026-01-13 02:00:00,93487.53,93575.88,93411.6,93431.6
1768273200,2026-01-13 03:00:00,93431.07,93598.23,93413.07,93584.8
1768276800,2026-01-13 04:00:00,93587.74,93715.83,93567.49,93649.85
1768280400,2026-01-13 05:00:00,93653.8,93736.15,93591.56,93657.06
1768284000,2026-01-13 06:00:00,93657.23,93722.62,93543.94,93613.54
1768287600,2026-01-13 07:00:00,93614.08,93931.19,93607.63,93909.42
1768291200,2026-01-13 08:00:00,93908.92,93916.81,93708.77,93805.12
1768294800,2026-01-13 09:00:00,93802.05,93806.86,93589.18,93674.42
1768298400,2026-01-13 10:00:00,93676.68,93734.93,93572.63,93620.61
1768302000,2026-01-13 11:00:00,93618.66,93702.84,93538.76,93652.32
1768305600,2026-01-13 12:00:00,93655.25,93717.57,93585.12,93611.67
1768309200,2026-01-13 13:00:00,93611.41,93634.12,93468.14,93491.37
1768312800,2026-01-13 14:00:00,93488.65,93580.44,93396.3,93577.85
1768316400,2026-01-13 15:00:00,93579.22,93639.67,93439.79,93448.38
1768320000,2026-01-13 16:00:00,93449.46,93544.25,93370.98,93538.23
1768323600,2026-01-13 17:00:00,93537.13,93592.56,93372.5,93410.62
1768327200,2026-01-13 18:00:00,93408.92,93428.46,93328.75,93371.29
1768330800,2026-01-13 19:00:00,93372.32,93575.86,93368.91,93521.42
1768334400,2026-01-13 20:00:00,93522.95,93670.97,93415.42,93657.98
1768338000,2026-01-13 21:00:00,93658.43,93775.56,93643.16,93699.63
1768341600,2026-01-13 22:00:00,93702.26,93720.01,93548.04,93581.36
1768345200,2026-01-13 23:00:00,93580.09,93593.9,93363.59,93410.8
1768348800,2026-01-14 00:00:00,93411.34,93688.09,93349.98,93680.05
1768352400,2026-01-14 01:00:00,93679.67,93863.7,93674.1,93810.29
1768356000,2026-01-14 02:00:00,93810.82,93918.86,93735.36,93886.59
1768359600,2026-01-14 03:00:00,93887.25,93954.93,93818.52,93854.33
1768363200,2026-01-14 04:00:00,93855.36,93893.19,93611.06,93624.25
1768366800,2026-01-14 05:00:00,93627.71,93635.44,93411.54,93449.89
1768370400,2026-01-14 06:00:00,93450.13,93552.15,93390.15,93416.12
1768374000,2026-01-14 07:00:00,93416.72,93721.75,93381.84,93639.31
1768377600,2026-01-14 08:00:00,93639.08,93757.13,93618.17,93750.32
1768381200,2026-01-14 09:00:00,93750.59,93863.85,93717.38,93811.23
1768384800,2026-01-14 10:00:00,93810.6,93909,93762.75,93858.38
1768388400,2026-01-14 11:00:00,93862.55,93925.5,93755.71,93867.31
1768392000,2026-01-14 12:00:00,93866.5,93919.14,93706.14,93731.39
1768395600,2026-01-14 13:00:00,93731.98,93903.56,93621.97,93823.9
1768399200,2026-01-14 14:00:00,93824.17,93889.96,93746.05,93826.23
1768402800,2026-01-14 15:00:00,93825.04,93940.54,93768.88,93895.2
1768406400,2026-01-14 16:00:00,93892.77,93917.94,93681.48,93687.02
1768410000,2026-01-14 17:00:00,93684.15,93740.58,93411.96,93421.54
1768413600,2026-01-14 18:00:00,93423.3,93481.06,93330.48,93370.66
1768417200,2026-01-14 19:00:00,93372.54,93504.54,93345.16,93442.96
1768420800,2026-01-14 20:00:00,93439.78,93482.66,93149.15,93158.53
1768424400,2026-01-14 21:00:00,93161.88,93251.75,93044.44,93086.2
1768428000,2026-01-14 22:00:00,93085.59,93308.03,93063.35,93256.77
1768431600,2026-01-14 23:00:00,93257.98,93265.12,93109.38,93127.92
1768435200,2026-01-15 00:00:00,93129.75,93245.89,93061.37,93236.52
1768438800,2026-01-15 01:00:00,93235.57,93287.2,93141.98,93162.3
1768442400,2026-01-15 02:00:00,93161.01,93471.73,93161.01,93464.29
1768446000,2026-01-15 03:00:00,93464.83,93645.2,93460.58,93493.54
1768449600,2026-01-15 04:00:00,93493.53,93581.4,93391.28,93408.11
1768453200,2026-01-15 05:00:00,93407.27,93503.74,93405.38,93500.44
1768456800,2026-01-15 06:00:00,93499.19,93537.2,93397.18,93432.69
1768460400,2026-01-15 07:00:00,93431.29,93496.23,93234.63,93245.73
1768464000,2026-01-15 08:00:00,93247.04,93286.46,93176.46,93206.01
1768467600,2026-01-15 09:00:00,93204.84,93311.54,93108.27,93298.78
1768471200,2026-01-15 10:00:00,93299.42,93419.99,93241.18,93286.51
1768474800,2026-01-15 11:00:00,93289.19,93513.43,93243.42,93506.38
1768478400,2026-01-15 12:00:00,93505.01,93740.66,93502.47,93681.04
1768482000,2026-01-15 13:00:00,93682.1,93711.96,93576.13,93626.66
1768485600,2026-01-15 14:00:00,93632.51,93669.03,93541.15,93610.52
1768489200,2026-01-15 15:00:00,93609.07,93637.9,93486.29,93557.73
1768492800,2026-01-15 16:00:00,93554.7,93699.11,93545.74,93660.01
1768496400,2026-01-15 17:00:00,93660.32,93661.12,93469,93558.03
1768500000,2026-01-15 18:00:00,93556.1,93627.96,93472.97,93506.43
1768503600,2026-01-15 19:00:00,93508.42,93718.26,93505.19,93673.87
1768507200,2026-01-15 20:00:00,93672.55,93681.55,93372.26,93488.36
1768510800,2026-01-15 21:00:00,93487.97,93517.07,93176.22,93182.09
1768514400,2026-01-15 22:00:00,93178.54,93272.26,93148.63,93195.71
1768518000,2026-01-15 23:00:00,93195.04,93306.92,93188.49,93237.6
1768521600,2026-01-16 00:00:00,93238.84,93450.43,93208.26,93430.7
1768525200,2026-01-16 01:00:00,93433.27,93515.3,93372.76,93389.8
1768528800,2026-01-16 02:00:00,93388.67,93407.69,93251.5,93327.19
1768532400,2026-01-16 03:00:00,93326.69,93574.67,93318.83,93517.63
1768536000,2026-01-16 04:00:00,93518.66,93538.32,93287.76,93322.27
1768539600,2026-01-16 05:00:00,93321.43,93357.2,93226.33,93272.95
1768543200,2026-01-16 06:00:00,93272.07,93327.08,93160.82,93219.63
1768546800,2026-01-16 07:00:00,93218.33,93344.6,93180.99,93338.59
1768550400,2026-01-16 08:00:00,93336.7,93454.97,93255,93433.95
1768554000,2026-01-16 09:00:00,93433.06,93644.94,93407.16,93597.27
1768557600,2026-01-16 10:00:00,93595.27,93595.27,93251.77,93326.98
1768561200,2026-01-16 11:00:00,93322.89,93386.51,93011.87,93029.94
1768564800,2026-01-16 12:00:00,93025.57,93090.54,92883.71,93090.54
1768568400,2026-01-16 13:00:00,93087.84,93150.63,92932.96,93067.94
1768572000,2026-01-16 14:00:00,93069.18,93273.74,93067.22,93105.44
1768575600,2026-01-16 15:00:00,93104.63,93391.52,93100.48,93232.63
1768579200,2026-01-16 16:00:00,93235.96,93464.9,93207.36,93401.41
1768582800,2026-01-16 17:00:00,93403.33,93684.72,93361.9,93644.6
1768586400,2026-01-16 18:00:00,93643.37,93738.6,93511.57,93666.88
1768590000,2026-01-16 19:00:00,93667.71,93814.64,93656.98,93728.63
1768593600,2026-01-16 20:00:00,93734.05,93757.27,93680.54,93731.59
1768597200,2026-01-16 21:00:00,93732.32,93737.11,93548.49,93592.5
1768600800,2026-01-16 22:00:00,93591.01,93863.15,93565,93857.96
1768604400,2026-01-16 23:00:00,93857.85,93871.54,93578.75,93633.83
1768608000,2026-01-17 00:00:00,93635.15,93706.59,93529.22,93569.85
1768611600,2026-01-17 01:00:00,93568.93,93617.84,93530.56,93537.55
1768615200,2026-01-17 02:00:00,93538.52,93563.76,93367.71,93537.69
1768618800,2026-01-17 03:00:00,93538.54,93664.91,93514.81,93592.19
1768622400,2026-01-17 04:00:00,93590.99,93648.22,93483.83,93553.67
1768626000,2026-01-17 05:00:00,93555.97,93848.6,93547.23,93840.89
1768629600,2026-01-17 06:00:00,93841.09,93873.06,93767.16,93777.79
1768633200,2026-01-17 07:00:00,93779.49,93786.6,93469.68,93479.3
1768636800,2026-01-17 08:00:00,93477.54,93521.4,93365.17,93461.98
1768640400,2026-01-17 09:00:00,93463.34,93501.03,93394.83,93426.05
1768644000,2026-01-17 10:00:00,93424.7,93500.3,93323.8,93460.74
1768647600,2026-01-17 11:00:00,93458.78,93591.49,93454.93,93549.71
1768651200,2026-01-17 12:00:00,93547.98,93738.16,93532.87,93696.25
1768654800,2026-01-17 13:00:00,93696.59,93782.47,93666.82,93772.58
1768658400,2026-01-17 14:00:00,93773.45,93845.83,93723.35,93751.54
1768662000,2026-01-17 15:00:00,93750.25,93750.78,93471.86,93565.48
1768665600,2026-01-17 16:00:00,93565.54,93580.3,93484.89,93548.8
1768669200,2026-01-17 17:00:00,93550.58,93587.75,93450.66,93584.29
1768672800,2026-01-17 18:00:00,93581.81,93631.35,93523.42,93567.09
1768676400,2026-01-17 19:00:00,93567.21,93683.16,93560.52,93643.77
1768680000,2026-01-17 20:00:00,93644.88,93888.98,93570.46,93857.87
1768683600,2026-01-17 21:00:00,93860.14,94069.62,93856.26,94065.78
1768687200,2026-01-17 22:00:00,94064.11,94211.42,93979.65,94200.97
1768690800,2026-01-17 23:00:00,94200.91,94208.19,94073.19,94175.57
1768694400,2026-01-18 00:00:00,94178.47,94481.98,94169.89,94449.29
1768698000,2026-01-18 01:00:00,94446.93,94834.99,94445.46,94782.48
1768701600,2026-01-18 02:00:00,94783.7,94808.93,94583.34,94668.6
1768705200,2026-01-18 03:00:00,94668.37,94696.39,94572.06,94650.97
1768708800,2026-01-18 04:00:00,94651.08,94718.25,94504.14,94529.55
1768712400,2026-01-18 05:00:00,94527.77,94558.85,94376,94388.77
1768716000,2026-01-18 06:00:00,94388.41,94419.33,94208.51,94224.44
1768719600,2026-01-18 07:00:00,94225.09,94247.75,94142.19,94158.47
1768723200,2026-01-18 08:00:00,94160.33,94346.31,94134,94327.46
1768726800,2026-01-18 09:00:00,94326.71,94348.58,94205.87,94263.18
1768730400,2026-01-18 10:00:00,94262.41,94311.24,94196.79,94221.95
1768734000,2026-01-18 11:00:00,94221.71,94356.26,94188.94,94344.41
1768737600,2026-01-18 12:00:00,94345.68,94381,94109.13,94119.36
1768741200,2026-01-18 13:00:00,94119.15,94341.44,94118.12,94295.73
1768744800,2026-01-18 14:00:00,94294.16,94345.02,94213.91,94321.96
1768748400,2026-01-18 15:00:00,94322.88,94427.33,94186.12,94424.46
1768752000,2026-01-18 16:00:00,94425.81,94487.36,94357.26,94395.58
1768755600,2026-01-18 17:00:00,94397.74,94525.07,94388.07,94516.97
1768759200,2026-01-18 18:00:00,94513.34,94598.05,94365.54,94402.06
1768762800,2026-01-18 19:00:00,94399.54,94400.8,94285.93,94365.21
1768766400,2026-01-18 20:00:00,94364.93,94495.47,94309.1,94364.47
1768770000,2026-01-18 21:00:00,94364.41,94486.76,94276.71,94284.76
1768773600,2026-01-18 22:00:00,94282.52,94422.92,94275.43,94337.18
1768777200,2026-01-18 23:00:00,94337.65,94580.93,94331.07,94557.8
1768780800,2026-01-19 00:00:00,94555.09,94568.36,94321.21,94365.38
1768784400,2026-01-19 01:00:00,94366.07,94442.53,94264.99,94410.41
1768788000,2026-01-19 02:00:00,94412.29,94526.69,94397.54,94420.05
1768791600,2026-01-19 03:00:00,94419.49,94487.14,94183.4,94187.2
1768795200,2026-01-19 04:00:00,94185.99,94431.49,94105.23,94429.14
1768798800,2026-01-19 05:00:00,94428.24,94633.74,94425.23,94598.28
1768802400,2026-01-19 06:00:00,94598.12,94636.28,94512.49,94614.03
1768806000,2026-01-19 07:00:00,94617.43,94670.82,94435.24,94484.11
1768809600,2026-01-19 08:00:00,94483.76,94530.26,94369.59,94419.74
1768813200,2026-01-19 09:00:00,94420.89,94663.04,94399.48,94663.04
1768816800,2026-01-19 10:00:00,94667.94,94803.05,94551.61,94752.41
1768820400,2026-01-19 11:00:00,94752,94986.06,94667.51,94942.97
1768824000,2026-01-19 12:00:00,94945.09,95046.52,94828.9,94842.57
1768827600,2026-01-19 13:00:00,94839.65,94904.51,94772.27,94787.72
1768831200,2026-01-19 14:00:00,94786.29,94968.97,94743.12,94931.84
1768834800,2026-01-19 15:00:00,94932.15,94958.85,94883.9,94883.94
1768838400,2026-01-19 16:00:00,94885.41,94979.34,94854.93,94875.09
1768842000,2026-01-19 17:00:00,94873.94,94940.79,94698.67,94717.55
1768845600,2026-01-19 18:00:00,94718.23,94959.34,94690.77,94945.68
1768849200,2026-01-19 19:00:00,94946.82,94978.58,94714.24,94746.94
1768852800,2026-01-19 20:00:00,94746.04,94883.67,94695.4,94747.81
1768856400,2026-01-19 21:00:00,94750.34,94906.13,94721.68,94882.26
1768860000,2026-01-19 22:00:00,94884.38,95102.08,94845.01,95030.79
1768863600,2026-01-19 23:00:00,95028.09,95037.49,94734.92,94775.59
1768867200,2026-01-20 00:00:00,94776.17,94849.01,94635.74,94821.65
1768870800,2026-01-20 01:00:00,94823.49,94904.11,94722.23,94886.77
1768874400,2026-01-20 02:00:00,94886.04,95002.09,94874.18,94894.05
1768878000,2026-01-20 03:00:00,94894.11,95014.06,94871.54,94950.9
1768881600,2026-01-20 04:00:00,94948.62,95115.7,94877.89,95099.24
1768885200,2026-01-20 05:00:00,95097.07,95161.57,94885.71,95028.49
1768888800,2026-01-20 06:00:00,95029.67,95040.2,94843.97,94868.02
1768892400,2026-01-20 07:00:00,94868.21,95054.26,94830.24,95045.45
1768896000,2026-01-20 08:00:00,95046.12,95048.36,94892.33,94904.73
1768899600,2026-01-20 09:00:00,94904.82,94950.2,94812.92,94933.99
1768903200,2026-01-20 10:00:00,94936.91,95015.12,94786.03,94825.51
1768906800,2026-01-20 11:00:00,94824.2,94950.57,94743.18,94932.7
1768910400,2026-01-20 12:00:00,94932.52,94938.06,94716.6,94736.97
1768914000,2026-01-20 13:00:00,94737.61,94796.46,94679.71,94717.63
1768917600,2026-01-20 14:00:00,94718.53,94721.15,94547.49,94627.55
1768921200,2026-01-20 15:00:00,94629.29,94740.3,94570.33,94699.93
1768924800,2026-01-20 16:00:00,94702.55,94750.03,94528.49,94592.83
1768928400,2026-01-20 17:00:00,94593.35,94742.59,94467.77,94719.68
1768932000,2026-01-20 18:00:00,94719.79,95083.58,94658.54,95011.61
1768935600,2026-01-20 19:00:00,95013.76,95052.5,94888.66,94966.85
1768939200,2026-01-20 20:00:00,94966.35,95043.19,94892.23,94985.63
1768942800,2026-01-20 21:00:00,94985.37,95016.03,94737.51,94769.96
1768946400,2026-01-20 22:00:00,94770.07,95147.04,94743.03,95064.04
1768950000,2026-01-20 23:00:00,95064.04,95214.62,95008.75,95085.68
1768953600,2026-01-21 00:00:00,95087.93,95212.82,95075.33,95080.07
1768957200,2026-01-21 01:00:00,95080.85,95159.97,95004.63,95039.44
1768960800,2026-01-21 02:00:00,95042.07,95065.41,94787.37,94792.25
1768964400,2026-01-21 03:00:00,94790.04,94828.47,94700,94725.52
1768968000,2026-01-21 04:00:00,94726.62,94731.28,94515.14,94515.59
1768971600,2026-01-21 05:00:00,94515.92,94743.11,94486.24,94738.22
1768975200,2026-01-21 06:00:00,94739.33,94830.96,94673.13,94789.75
1768978800,2026-01-21 07:00:00,94789.44,94817.3,94589.57,94668.23
1768982400,2026-01-21 08:00:00,94667.01,94786.4,94636.33,94764.85
1768986000,2026-01-21 09:00:00,94764.45,94852.11,94732.69,94833.29
1768989600,2026-01-21 10:00:00,94834.53,94842.58,94508.97,94561.73
1768993200,2026-01-21 11:00:00,94560.72,94693.01,94478.85,94677.82
1768996800,2026-01-21 12:00:00,94673.76,94837.91,94652.44,94834.78
1769000400,2026-01-21 13:00:00,94834.71,94842.08,94716.93,94774.49
1769004000,2026-01-21 14:00:00,94773.33,95073.79,94773.33,94989.94
1769007600,2026-01-21 15:00:00,94986.7,95008.96,94722.45,94723.67
1769011200,2026-01-21 16:00:00,94720.91,94779.33,94590.29,94744.08
1769014800,2026-01-21 17:00:00,94741.46,94969.72,94727.71,94923.5
1769018400,2026-01-21 18:00:00,94923.55,94942.22,94651.51,94688.37
1769022000,2026-01-21 19:00:00,94687.2,94730.31,94529.83,94613.92
1769025600,2026-01-21 20:00:00,94614.08,94658.94,94548.04,94570.41
1769029200,2026-01-21 21:00:00,94571.2,94622.12,94536.77,94568.1
1769032800,2026-01-21 22:00:00,94568.3,94751.76,94483.47,94723.21
1769036400,2026-01-21 23:00:00,94724.53,94815.17,94645.4,94761.71
1769040000,2026-01-22 00:00:00,94764.58,94784.96,94500.38,94511.97
1769043600,2026-01-22 01:00:00,94513.79,94756.99,94501.2,94621.57
1769047200,2026-01-22 02:00:00,94621.79,94684.86,94424.08,94639.56
1769050800,2026-01-22 03:00:00,94638.41,94662.66,94429.56,94577.15
1769054400,2026-01-22 04:00:00,94579.62,94632.59,94529.78,94601.16
1769058000,2026-01-22 05:00:00,94598.41,94850.24,94589.88,94830.44
1769061600,2026-01-22 06:00:00,94832,94937.46,94749.36,94749.48
1769065200,2026-01-22 07:00:00,94749.87,94869.88,94675.5,94786.01
1769068800,2026-01-22 08:00:00,94786.95,94879.56,94712.05,94791.15
1769072400,2026-01-22 09:00:00,94789.98,94793.6,94597.9,94676.61
1769076000,2026-01-22 10:00:00,94675.65,94722.81,94487.82,94527.06
1769079600,2026-01-22 11:00:00,94527.91,94594.87,94463.91,94505.91
1769083200,2026-01-22 12:00:00,94506.42,94738.19,94491.74,94658.89
1769086800,2026-01-22 13:00:00,94661.26,94685.89,94449.54,94469.48
1769090400,2026-01-22 14:00:00,94470.24,94536.72,94226.58,94239.52
1769094000,2026-01-22 15:00:00,94240.19,94283.42,94118.4,94120.51
1769097600,2026-01-22 16:00:00,94121.78,94341.62,94106.59,94307.26
1769101200,2026-01-22 17:00:00,94307.34,94441.6,94298.35,94356.32
1769104800,2026-01-22 18:00:00,94355.5,94441.92,94176.88,94182.24
1769108400,2026-01-22 19:00:00,94183.92,94225.72,94082.69,94223.19
1769112000,2026-01-22 20:00:00,94221.74,94459.7,94178.72,94416.87
1769115600,2026-01-22 21:00:00,94418.09,94537.55,94363.98,94402.57
1769119200,2026-01-22 22:00:00,94402.31,94663.33,94376.1,94661.88
1769122800,2026-01-22 23:00:00,94662.56,94762.38,94542.11,94633.75
1769126400,2026-01-23 00:00:00,94632.99,94794.03,94569.57,94731.96
1769130000,2026-01-23 01:00:00,94729.64,95022.44,94724.71,94893.72
1769133600,2026-01-23 02:00:00,94891.1,95027.48,94891.1,94918.47
1769137200,2026-01-23 03:00:00,94916.99,94916.99,94416.08,94430.88
1769140800,2026-01-23 04:00:00,94432.48,94632.15,94413.4,94609.3
1769144400,2026-01-23 05:00:00,94608.85,94735.01,94569.8,94601.07
1769148000,2026-01-23 06:00:00,94602.47,94622.49,94465.99,94573.26
1769151600,2026-01-23 07:00:00,94571.61,94633.02,94367.52,94382.59
1769155200,2026-01-23 08:00:00,94382.52,94418.62,94220.2,94302.64
1769158800,2026-01-23 09:00:00,94303.01,94390.61,94224.36,94386.23
1769162400,2026-01-23 10:00:00,94386.83,94536.31,94373.69,94448.87
1769166000,2026-01-23 11:00:00,94447.63,94632.83,94426.14,94620.99
1769169600,2026-01-23 12:00:00,94620.59,94693.1,94568.2,94681.15
1769173200,2026-01-23 13:00:00,94681.52,94824.46,94658.32,94758.34
1769176800,2026-01-23 14:00:00,94758.81,94951.66,94758.47,94916.5
1769180400,2026-01-23 15:00:00,94916.67,95017.67,94860.23,94866.63
1769184000,2026-01-23 16:00:00,94866.69,94950.88,94803.52,94874.36
1769187600,2026-01-23 17:00:00,94875.7,94909.37,94689.04,94712.85
1769191200,2026-01-23 18:00:00,94713.52,94718,94567.88,94653.44
1769194800,2026-01-23 19:00:00,94653.31,94744.25,94631.1,94703.86
1769198400,2026-01-23 20:00:00,94703.42,94824.58,94649.8,94654.64
1769202000,2026-01-23 21:00:00,94654.07,94914.51,94622.02,94811.48
1769205600,2026-01-23 22:00:00,94810,95053.86,94769.78,94981.19
1769209200,2026-01-23 23:00:00,94980.66,95270.97,94945.87,95175.4
1769212800,2026-01-24 00:00:00,95174.81,95225.56,95024.81,95035.68
1769216400,2026-01-24 01:00:00,95035.53,95155.67,94993.96,95133.97
1769220000,2026-01-24 02:00:00,95133.2,95156.1,95039.13,95128.32
1769223600,2026-01-24 03:00:00,95129.06,95130.88,94936.12,94944.97
1769227200,2026-01-24 04:00:00,94943.5,94949.08,94823.53,94919.89
1769230800,2026-01-24 05:00:00,94920.1,94951.55,94683.88,94735.55
1769234400,2026-01-24 06:00:00,94735.79,94752.61,94622.91,94708.67
1769238000,2026-01-24 07:00:00,94707.6,94778.12,94560.46,94574.61
1769241600,2026-01-24 08:00:00,94573.41,94625.56,94524.15,94588.03
1769245200,2026-01-24 09:00:00,94589.26,94637.2,94503.83,94586.47
1769248800,2026-01-24 10:00:00,94588.73,94596.09,94353.3,94512.66
1769252400,2026-01-24 11:00:00,94512.31,94647.07,94455.83,94569.22
1769256000,2026-01-24 12:00:00,94573.36,94585.6,94391.13,94515.19
1769259600,2026-01-24 13:00:00,94513.04,94527.07,94350.32,94506.26
1769263200,2026-01-24 14:00:00,94508.79,94573.94,94387.05,94415.75
1769266800,2026-01-24 15:00:00,94416.05,94474.39,94117.24,94137.24
1769270400,2026-01-24 16:00:00,94137.38,94256.73,93787.59,93825.59
1769274000,2026-01-24 17:00:00,93823.12,93835.92,93614.02,93717.47
1769277600,2026-01-24 18:00:00,93717.82,94041.29,93713.73,94004.32
1769281200,2026-01-24 19:00:00,94003.23,94042.57,93865.4,93865.4
1769284800,2026-01-24 20:00:00,93865.86,94056.66,93843.53,94053.08
1769288400,2026-01-24 21:00:00,94052.86,94288.16,94029.47,94201.22
1769292000,2026-01-24 22:00:00,94203.04,94244.41,94002.45,94018.1
1769295600,2026-01-24 23:00:00,94021.96,94302.44,93929.93,94297.28
1769299200,2026-01-25 00:00:00,94298.01,94667.78,94286.82,94645.61
1769302800,2026-01-25 01:00:00,94644.94,94792.41,94620.39,94665.24
1769306400,2026-01-25 02:00:00,94665.24,94858.02,94657.9,94847.43
1769310000,2026-01-25 03:00:00,94846.05,94982.68,94723.92,94976.67
1769313600,2026-01-25 04:00:00,94973.55,95014.54,94920.88,94948.06
1769317200,2026-01-25 05:00:00,94946.42,94963.53,94737.79,94759.47
1769320800,2026-01-25 06:00:00,94759.22,94955.2,94728.92,94912.08
1769324400,2026-01-25 07:00:00,94912.56,95112.17,94886.71,95024.79
1769328000,2026-01-25 08:00:00,95025.08,95268.82,94968.5,95216.7
1769331600,2026-01-25 09:00:00,95217.89,95245.41,95088.5,95111.37
1769335200,2026-01-25 10:00:00,95114.7,95128.14,94987.02,95073.81
1769338800,2026-01-25 11:00:00,95075.02,95233.77,95069.12,95082.04
1769342400,2026-01-25 12:00:00,95084.08,95246.15,95063.28,95206.81
1769346000,2026-01-25 13:00:00,95206.17,95469.16,95182.66,95389.49
1769349600,2026-01-25 14:00:00,95390.65,95458.24,95265.21,95286.35
1769353200,2026-01-25 15:00:00,95286.84,95453.3,95264.93,95399.57
1769356800,2026-01-25 16:00:00,95400.24,95569.08,95327.77,95568.49
1769360400,2026-01-25 17:00:00,95567.79,95660.45,95529.01,95549.38
1769364000,2026-01-25 18:00:00,95549.45,95893.16,95508.02,95828.31
1769367600,2026-01-25 19:00:00,95829.34,96004.04,95825.71,95917.14
1769371200,2026-01-25 20:00:00,95916.11,96108.98,95843.11,95965.32
1769374800,2026-01-25 21:00:00,95964.3,96093.45,95880.34,95912.35
1769378400,2026-01-25 22:00:00,95912.36,96130.39,95892.66,96093.89
1769382000,2026-01-25 23:00:00,96094.09,96209.65,96090.6,96162.9
1769385600,2026-01-26 00:00:00,96161.58,96271.97,96128.87,96193.31
1769389200,2026-01-26 01:00:00,96198.51,96405.95,96184.76,96393.29
1769392800,2026-01-26 02:00:00,96391.67,96528.49,96228.5,96388.75
1769396400,2026-01-26 03:00:00,96390.73,96394.03,96245.23,96291.56
1769400000,2026-01-26 04:00:00,96290.36,96372.91,96240.05,96328.12
1769403600,2026-01-26 05:00:00,96325.82,96459.04,96316.53,96377.21
1769407200,2026-01-26 06:00:00,96375.88,96651.7,96373,96637.5
1769410800,2026-01-26 07:00:00,96637.04,96656.97,96491.8,96576.07
1769414400,2026-01-26 08:00:00,96577.23,96580.74,96262.72,96285.39
1769418000,2026-01-26 09:00:00,96287.31,96299.52,96178.59,96198.34
1769421600,2026-01-26 10:00:00,96197.66,96224.52,96095.92,96162.48
1769425200,2026-01-26 11:00:00,96159.9,96264.15,96105.44,96239.1
1769428800,2026-01-26 12:00:00,96241.72,96552.03,96216.66,96549.29
1769432400,2026-01-26 13:00:00,96549.16,96648.34,96498.53,96631.92
1769436000,2026-01-26 14:00:00,96632.61,96898.85,96599.7,96840.34
1769439600,2026-01-26 15:00:00,96841.42,97042.93,96794.25,97029.59
1769443200,2026-01-26 16:00:00,97030.14,97251.83,96963.66,96967.04
1769446800,2026-01-26 17:00:00,96966.32,97167.1,96938.94,97158.59
1769450400,2026-01-26 18:00:00,97156.86,97231.59,97034.96,97200.78
1769454000,2026-01-26 19:00:00,97203.74,97405.89,97195.49,97302.56
1769457600,2026-01-26 20:00:00,97302.02,97408.32,97236.53,97387.08
1769461200,2026-01-26 21:00:00,97391.85,97466.7,97288.71,97302.47
1769464800,2026-01-26 22:00:00,97301.98,97426.34,97041.65,97063.95
1769468400,2026-01-26 23:00:00,97062.31,97185.54,97012.3,97041.79
1769472000,2026-01-27 00:00:00,97042.18,97151.05,97025.94,97070.58
1769475600,2026-01-27 01:00:00,97066.86,97309.58,96986.07,97166.39
1769479200,2026-01-27 02:00:00,97166.35,97326.43,97096.73,97298.87
1769482800,2026-01-27 03:00:00,97299.42,97402.49,97236.53,97310.94
1769486400,2026-01-27 04:00:00,97312.1,97454.08,97236.7,97441.3
1769490000,2026-01-27 05:00:00,97442.95,97698.72,97438.85,97686.12
1769493600,2026-01-27 06:00:00,97683.48,97803.83,97585.63,97693.7
1769497200,2026-01-27 07:00:00,97692.95,97715.32,97527.71,97590.93
1769500800,2026-01-27 08:00:00,97590.14,97786.11,97511.88,97776.77
1769504400,2026-01-27 09:00:00,97776.71,98022.49,97695.58,97958.67
1769508000,2026-01-27 10:00:00,97958.2,98156.63,97906.78,98012.71
1769511600,2026-01-27 11:00:00,98012.81,98237.98,97996.22,98193.1
1769515200,2026-01-27 12:00:00,98193.96,98236.55,97992.24,98110.79
1769518800,2026-01-27 13:00:00,98109.89,98261.33,98048.7,98212.12
1769522400,2026-01-27 14:00:00,98210.93,98233.88,98062.9,98196.85
1769526000,2026-01-27 15:00:00,98196.38,98259.4,98063.07,98189.57
1769529600,2026-01-27 16:00:00,98189.35,98216.52,97938.59,97975.5
1769533200,2026-01-27 17:00:00,97975.09,98213.28,97922.73,98201.88
1769536800,2026-01-27 18:00:00,98201.85,98374.57,98178.03,98361.45
1769540400,2026-01-27 19:00:00,98357.37,98426.8,98214.22,98231.31
1769544000,2026-01-27 20:00:00,98229.91,98363.06,98182,98342.13
1769547600,2026-01-27 21:00:00,98339.97,98397.34,98092.59,98121.1
1769551200,2026-01-27 22:00:00,98121.61,98327.7,98050.36,98277.24
1769554800,2026-01-27 23:00:00,98279.08,98349.95,98150.99,98329.37
1769558400,2026-01-28 00:00:00,98327.22,98456.05,98269.62,98444.6
1769562000,2026-01-28 01:00:00,98445.62,98483.97,98173.44,98255.18
1769565600,2026-01-28 02:00:00,98254.97,98278.31,98084.9,98197.46
1769569200,2026-01-28 03:00:00,98200.34,98379.1,98154.43,98351.97
1769572800,2026-01-28 04:00:00,98350.34,98465.49,98282.14,98445.99
1769576400,2026-01-28 05:00:00,98447.2,98522.53,98367.22,98394.9
1769580000,2026-01-28 06:00:00,98393.67,98633.18,98393.21,98579.13
1769583600,2026-01-28 07:00:00,98577.7,98672.61,98559.19,98651.84
1769587200,2026-01-28 08:00:00,98653.32,98801.63,98631.58,98721.25
1769590800,2026-01-28 09:00:00,98720.99,98933.32,98684.67,98896.3
1769594400,2026-01-28 10:00:00,98891.87,98898.56,98654.84,98688.56
1769598000,2026-01-28 11:00:00,98689.85,98753.39,98550.37,98638.99
1769601600,2026-01-28 12:00:00,98638.28,98734.11,98625.87,98651.25
1769605200,2026-01-28 13:00:00,98650.5,98784.86,98591.73,98754.46
1769608800,2026-01-28 14:00:00,98754.72,98920.26,98711.39,98883.77
1769612400,2026-01-28 15:00:00,98881.07,98957.34,98692.08,98727.98
1769616000,2026-01-28 16:00:00,98728.38,98841,98724.64,98819.17
1769619600,2026-01-28 17:00:00,98818.06,99006.64,98790.5,99006.64
1769623200,2026-01-28 18:00:00,99006.46,99045.9,98869.66,98883.25
1769626800,2026-01-28 19:00:00,98881.7,98966.48,98635.77,98643.93
1769630400,2026-01-28 20:00:00,98644.75,98850.77,98599.24,98770.44
1769634000,2026-01-28 21:00:00,98769.88,98774.41,98480.21,98603.01
1769637600,2026-01-28 22:00:00,98604.97,98608.37,98466.31,98594.89
1769641200,2026-01-28 23:00:00,98596.07,98675.37,98523.44,98583.3
1769644800,2026-01-29 00:00:00,98578.07,98578.07,98283.89,98328.39
1769648400,2026-01-29 01:00:00,98326.18,98326.18,98120.11,98217.73
1769652000,2026-01-29 02:00:00,98219.52,98541.34,98169.84,98533.03
1769655600,2026-01-29 03:00:00,98532.32,98722.01,98518.63,98659.44
1769659200,2026-01-29 04:00:00,98658,98709.95,98575.86,98583.45
1769662800,2026-01-29 05:00:00,98582.09,98611.52,98423.96,98606.27
1769666400,2026-01-29 06:00:00,98604.2,98616.61,98385.85,98397.48
1769670000,2026-01-29 07:00:00,98397.61,98439.08,98268.54,98380.6
1769673600,2026-01-29 08:00:00,98379.93,98473.41,98261.65,98309.31
1769677200,2026-01-29 09:00:00,98312.03,98551.7,98274.52,98534.08
1769680800,2026-01-29 10:00:00,98536.6,98633.05,98453.06,98615.54
1769684400,2026-01-29 11:00:00,98613.05,98657.88,98562.92,98569.17
1769688000,2026-01-29 12:00:00,98567.61,98794.41,98476.5,98476.5
1769691600,2026-01-29 13:00:00,98477.31,98527.07,98382.63,98409.29
1769695200,2026-01-29 14:00:00,98410.09,98527.1,98301.01,98315.14
1769698800,2026-01-29 15:00:00,98315.03,98545.59,98315.03,98521.53
1769702400,2026-01-29 16:00:00,98523,98534.8,98402.47,98512.52
1769706000,2026-01-29 17:00:00,98509.5,98544.39,98395.31,98489.19
1769709600,2026-01-29 18:00:00,98487.06,98587.27,98456.45,98491.26
1769713200,2026-01-29 19:00:00,98493.51,98506.2,98278.29,98290.68
1769716800,2026-01-29 20:00:00,98290.4,98310.26,98119.38,98164.57
1769720400,2026-01-29 21:00:00,98160.18,98383.28,98159.07,98343.26
1769724000,2026-01-29 22:00:00,98345.4,98536.88,98280.41,98499.05
1769727600,2026-01-29 23:00:00,98497.44,98614.78,98476.18,98510.66
1769731200,2026-01-30 00:00:00,98510.58,98568.89,98407.39,98549.24
1769734800,2026-01-30 01:00:00,98550.84,98603.69,98455.25,98488.08
1769738400,2026-01-30 02:00:00,98488.82,98779.15,98472.24,98758.85
1769742000,2026-01-30 03:00:00,98755.81,98859.03,98723.75,98808.82
1769745600,2026-01-30 04:00:00,98812.39,98890.12,98793.76,98882.43
1769749200,2026-01-30 05:00:00,98882.69,99140.69,98861.71,99130.29
1769752800,2026-01-30 06:00:00,99129.53,99134.01,98805.25,98808.86
1769756400,2026-01-30 07:00:00,98807.64,98838.7,98437.6,98484.79
1769760000,2026-01-30 08:00:00,98485.57,98485.89,98197.63,98239.18
1769763600,2026-01-30 09:00:00,98242.21,98427.24,98231.47,98407.48
1769767200,2026-01-30 10:00:00,98403.98,98441.32,98251.9,98281.62
1769770800,2026-01-30 11:00:00,98282.88,98420.87,98268.27,98325.07
1769774400,2026-01-30 12:00:00,98325.8,98492.64,98246.8,98449.4
1769778000,2026-01-30 13:00:00,98447,98544.59,98439.36,98505.66
1769781600,2026-01-30 14:00:00,98508.3,98533.69,98318.42,98349.35
1769785200,2026-01-30 15:00:00,98349.34,98413.01,98030.79,98041.29
1769788800,2026-01-30 16:00:00,98040.14,98331.38,97944.05,98324.89
1769792400,2026-01-30 17:00:00,98322.72,98408.04,98199.71,98333.62
1769796000,2026-01-30 18:00:00,98334.53,98485.82,98249.79,98467.82
1769799600,2026-01-30 19:00:00,98464.73,98720.64,98455.76,98715.71
1769803200,2026-01-30 20:00:00,98717.48,98775.2,98585.19,98614.03
1769806800,2026-01-30 21:00:00,98617.11,98693.53,98588.17,98665.84
1769810400,2026-01-30 22:00:00,98665.98,98977.94,98665.29,98936.61
1769814000,2026-01-30 23:00:00,98940.96,98994.05,98804.26,98961.82
1769817600,2026-01-31 00:00:00,98963.1,99075.54,98936.39,99007.22
1769821200,2026-01-31 01:00:00,99007.76,99096.72,98917.43,98995.72
1769824800,2026-01-31 02:00:00,98997.25,99110.5,98867.57,99033.02
1769828400,2026-01-31 03:00:00,99033.02,99353.74,99026.64,99295.93
1769832000,2026-01-31 04:00:00,99296.81,99622.39,99277.39,99620.84
1769835600,2026-01-31 05:00:00,99624.98,99883.47,99624.49,99735.35
1769839200,2026-01-31 06:00:00,99735.92,99746.86,99569.35,99590.75
1769842800,2026-01-31 07:00:00,99588.55,99597.75,99362.71,99375.16
1769846400,2026-01-31 08:00:00,99376.34,99507.02,99369.24,99465.79
1769850000,2026-01-31 09:00:00,99464.61,99495.63,99070.96,99182.17
1769853600,2026-01-31 10:00:00,99183.89,99184.12,98955,98980.42
1769857200,2026-01-31 11:00:00,98977.55,99447.04,98973.89,99439.37
1769860800,2026-01-31 12:00:00,99438.02,99443.86,99164.49,99228.96
1769864400,2026-01-31 13:00:00,99230.83,99563.44,99230.83,99503.76
1769868000,2026-01-31 14:00:00,99503.49,99534.44,99333.02,99532.52
1769871600,2026-01-31 15:00:00,99531.41,99541.62,99289.31,99293.16
1769875200,2026-01-31 16:00:00,99293.33,99510.78,99283.53,99503.73
1769878800,2026-01-31 17:00:00,99505.49,99507.82,99283.27,99313.55
1769882400,2026-01-31 18:00:00,99316.34,99345.14,99124.36,99332.55
1769886000,2026-01-31 19:00:00,99335.36,99392.74,99138.61,99146.62
1769889600,2026-01-31 20:00:00,99147.01,99247.32,99121.11,99165.77
1769893200,2026-01-31 21:00:00,99166.46,99316.82,99033.11,99255.97
1769896800,2026-01-31 22:00:00,99258.21,99305.25,99139.98,99142.77
1769900400,2026-01-31 23:00:00,99142.32,99145.01,99027.72,99070.08
1769904000,2026-02-01 00:00:00,99070.15,99154.75,98661.31,98697.27
1769907600,2026-02-01 01:00:00,98697.56,99005.07,98657.9,98992.5
1769911200,2026-02-01 02:00:00,98991.74,99345.43,98990.37,99337.27
1769914800,2026-02-01 03:00:00,99336.77,99340.27,98899.68,99054.65
1769918400,2026-02-01 04:00:00,99056.13,99293.7,99040.94,99185.67
1769922000,2026-02-01 05:00:00,99184.53,99261.3,99004.38,99093.53
1769925600,2026-02-01 06:00:00,99091.66,99228.33,99089.86,99223.19
1769929200,2026-02-01 07:00:00,99220.33,99429.2,99181.25,99421.43
1769932800,2026-02-01 08:00:00,99418.92,99465.94,99351.1,99392.94
1769936400,2026-02-01 09:00:00,99394.4,99403.19,99092.33,99185.36
1769940000,2026-02-01 10:00:00,99184.97,99326.61,99146.23,99250.7
1769943600,2026-02-01 11:00:00,99249.82,99322.26,99167.31,99239.65
1769947200,2026-02-01 12:00:00,99238.68,99330.72,99110.95,99225.6
1769950800,2026-02-01 13:00:00,99227.37,99374.92,99227.37,99360.44
1769954400,2026-02-01 14:00:00,99359.22,99385.94,98994,99058.62
1769958000,2026-02-01 15:00:00,99060.72,99157.21,99023.99,99115.39
1769961600,2026-02-01 16:00:00,99114.76,99186.33,99042.9,99158.26
1769965200,2026-02-01 17:00:00,99159.5,99214.81,99041.81,99083.25
1769968800,2026-02-01 18:00:00,99081.59,99187.45,99042.93,99098.91
1769972400,2026-02-01 19:00:00,99098.57,99161.28,98983.43,99146.39
1769976000,2026-02-01 20:00:00,99149.08,99262.25,99108.45,99178.77
1769979600,2026-02-01 21:00:00,99177.21,99296.9,99164.81,99248.79
1769983200,2026-02-01 22:00:00,99248.19,99310.37,99179.55,99235.53
1769986800,2026-02-01 23:00:00,99232.93,99334.96,99209.1,99223.82
1769990400,2026-02-02 00:00:00,99222.68,99342.43,99163.31,99205.64
1769994000,2026-02-02 01:00:00,99206.38,99235.69,99151.99,99188.56
1769997600,2026-02-02 02:00:00,99189.19,99301.25,99182.44,99249.58
1770001200,2026-02-02 03:00:00,99250.28,99310.08,99111.04,99131.45
1770004800,2026-02-02 04:00:00,99130.17,99325.86,99105.85,99284.01
1770008400,2026-02-02 05:00:00,99285.16,99450.28,99267.79,99392.8
1770012000,2026-02-02 06:00:00,99392.21,99422.94,99125.84,99296.98
1770015600,2026-02-02 07:00:00,99295.21,99358.3,99115.46,99177.65
1770019200,2026-02-02 08:00:00,99178.66,99510.09,99170.39,99318.15
1770022800,2026-02-02 09:00:00,99320.88,99398.06,99247.24,99337.55
1770026400,2026-02-02 10:00:00,99339.99,99371.33,99149.02,99371.33
1770030000,2026-02-02 11:00:00,99370.82,99421.63,99305.77,99342.02
1770033600,2026-02-02 12:00:00,99342.1,99579.63,99338.95,99575.37
1770037200,2026-02-02 13:00:00,99577.19,99705.49,99532.15,99694.34
1770040800,2026-02-02 14:00:00,99693.22,99965.6,99691.2,99749.08
1770044400,2026-02-02 15:00:00,99751.03,99861.58,99629.58,99846.91
1770048000,2026-02-02 16:00:00,99847.53,100148.18,99811.65,100097.18
1770051600,2026-02-02 17:00:00,100095.13,100111.58,99955.6,100016.26
1770055200,2026-02-02 18:00:00,100016.9,100117.93,99946,99960.73
1770058800,2026-02-02 19:00:00,99961.48,100028.84,99888.92,100015.14
1770062400,2026-02-02 20:00:00,100013.83,100188.15,100002.47,100184.8
1770066000,2026-02-02 21:00:00,100187.09,100339.19,100056.21,100242.9
1770069600,2026-02-02 22:00:00,100240.31,100308.8,100173.51,100217.22
1770073200,2026-02-02 23:00:00,100218.13,100584.31,100204.81,100577.99
1770076800,2026-02-03 00:00:00,100576.71,100584.31,100428.5,100501.15
1770080400,2026-02-03 01:00:00,100501.71,100844.54,100493.41,100755.54
1770084000,2026-02-03 02:00:00,100755.16,100917.6,100701.01,100859.39
1770087600,2026-02-03 03:00:00,100860.32,100901.67,100770.25,100845.71
1770091200,2026-02-03 04:00:00,100846.97,100887.69,100725.42,100737.02
1770094800,2026-02-03 05:00:00,100737.4,100810.68,100609.47,100632.89
1770098400,2026-02-03 06:00:00,100632.99,100820.92,100631.67,100711.81
1770102000,2026-02-03 07:00:00,100710.27,100748.68,100446.23,100526.21
1770105600,2026-02-03 08:00:00,100526.34,100596.55,100464,100554.27
1770109200,2026-02-03 09:00:00,100553,100559.53,100341.82,100346.27
1770112800,2026-02-03 10:00:00,100350.65,100415.15,100219.82,100290.95
1770116400,2026-02-03 11:00:00,100289.54,100310.3,100166.43,100304.37
1770120000,2026-02-03 12:00:00,100303.04,100361.32,100102.44,100180.3
1770123600,2026-02-03 13:00:00,100181.37,100274.32,100111.7,100229.36
1770127200,2026-02-03 14:00:00,100230.23,100319.77,100160.92,100276.94
1770130800,2026-02-03 15:00:00,100274.62,100323.88,100204.71,100290.35
1770134400,2026-02-03 16:00:00,100289.65,100453.8,100223.12,100265.69
1770138000,2026-02-03 17:00:00,100267.85,100564.47,100255.86,100500.19
1770141600,2026-02-03 18:00:00,100500.16,100693.54,100500.16,100573.99
1770145200,2026-02-03 19:00:00,100571.45,100571.45,100212.17,100302.17
1770148800,2026-02-03 20:00:00,100301.82,100373.49,99933.23,99934.5
1770152400,2026-02-03 21:00:00,99933.07,100028.68,99786.57,99793.65
1770156000,2026-02-03 22:00:00,99791.73,99823.79,99720.55,99738.84
1770159600,2026-02-03 23:00:00,99740.85,99794.02,99588.76,99705.35
1770163200,2026-02-04 00:00:00,99704.89,99763.07,99561.93,99569.73
1770166800,2026-02-04 01:00:00,99569.36,99718.51,99434.32,99697.4
1770170400,2026-02-04 02:00:00,99696.75,99784.35,99648.73,99706.8
1770174000,2026-02-04 03:00:00,99709.71,99762.21,99616.16,99676.87
1770177600,2026-02-04 04:00:00,99675.91,99777.75,99579.94,99760.52
1770181200,2026-02-04 05:00:00,99761.54,99769.12,99549.02,99682.45
1770184800,2026-02-04 06:00:00,99681.13,99976.43,99674.67,99917.66
1770188400,2026-02-04 07:00:00,99919.23,100035.98,99911.15,99985.67
1770192000,2026-02-04 08:00:00,99987.88,100054.62,99864.56,99977.44
1770195600,2026-02-04 09:00:00,99978.68,99991.72,99750.97,99750.97
1770199200,2026-02-04 10:00:00,99753.14,99782.91,99653.95,99741.28
1770202800,2026-02-04 11:00:00,99743.48,99784.05,99646.36,99715.32
1770206400,2026-02-04 12:00:00,99714.48,99945.08,99671.54,99831.9
1770210000,2026-02-04 13:00:00,99830.31,99958.2,99786.44,99796.55
1770213600,2026-02-04 14:00:00,99796,100093.01,99790.19,100066.39
1770217200,2026-02-04 15:00:00,100066.32,100249.82,100019.43,100063.92
1770220800,2026-02-04 16:00:00,100062.68,100134.38,99899.22,99925.16
1770224400,2026-02-04 17:00:00,99924.11,100127.68,99912.87,100006.64
1770228000,2026-02-04 18:00:00,100008.72,100074.2,99883.96,99898.73
1770231600,2026-02-04 19:00:00,99899.75,100222.18,99866.56,100128.78
1770235200,2026-02-04 20:00:00,100130.79,100270.31,100113.11,100223.34
1770238800,2026-02-04 21:00:00,100222.9,100252.24,100173.48,100231.67
1770242400,2026-02-04 22:00:00,100233.26,100418.03,100233.26,100268.95
1770246000,2026-02-04 23:00:00,100268.75,100352.32,100128.82,100255.33
1770249600,2026-02-05 00:00:00,100255.72,100433.73,100251.48,100340.61
1770253200,2026-02-05 01:00:00,100339.72,100383.59,100258.05,100320.7
1770256800,2026-02-05 02:00:00,100319.33,100381.33,100260.09,100332.94
1770260400,2026-02-05 03:00:00,100333.66,100483.68,100300.64,100314.43
1770264000,2026-02-05 04:00:00,100316.58,100316.58,100170.41,100272.62
1770267600,2026-02-05 05:00:00,100272.18,100500.48,100226.82,100352.44
1770271200,2026-02-05 06:00:00,100356.71,100388.01,100210.61,100293.06
1770274800,2026-02-05 07:00:00,100294.59,100397.95,100105.34,100266.65
1770278400,2026-02-05 08:00:00,100265.7,100339.98,100235,100286.74
1770282000,2026-02-05 09:00:00,100289.14,100337.54,99995.58,100219.74
1770285600,2026-02-05 10:00:00,100219.93,100396.81,100133.59,100137.44
1770289200,2026-02-05 11:00:00,100135.81,100168.32,99765.69,99789.8
1770292800,2026-02-05 12:00:00,99790.83,99823.32,99579.16,99611.64
1770296400,2026-02-05 13:00:00,99614.04,99732.31,99558.08,99730.74
1770300000,2026-02-05 14:00:00,99732.97,99732.97,99477.34,99590.37
1770303600,2026-02-05 15:00:00,99588.68,99674.23,99479.12,99515.99
1770307200,2026-02-05 16:00:00,99516.88,99614,99473.66,99603.67
1770310800,2026-02-05 17:00:00,99603.39,99635.64,99465.86,99546.13
1770314400,2026-02-05 18:00:00,99544.45,99602.36,99458.33,99467.96
1770318000,2026-02-05 19:00:00,99469.08,99504.24,99374.76,99379.79
1770321600,2026-02-05 20:00:00,99379.68,99513.33,99367.51,99500.4
1770325200,2026-02-05 21:00:00,99501.14,99528.65,99407.75,99433.52
1770328800,2026-02-05 22:00:00,99435.98,99491.45,99299.01,99352.81
1770332400,2026-02-05 23:00:00,99351.57,99736.5,99342.69,99559.85
1770336000,2026-02-06 00:00:00,99561.63,99877.23,99552.65,99862.37
1770339600,2026-02-06 01:00:00,99863.17,99879.97,99746.88,99782.98
1770343200,2026-02-06 02:00:00,99781.8,99860.89,99632.66,99645.47
1770346800,2026-02-06 03:00:00,99648.33,99752.64,99493.91,99545.65
1770350400,2026-02-06 04:00:00,99546.78,99571.04,99466.06,99535.83
1770354000,2026-02-06 05:00:00,99538.73,99765.1,99529.53,99740.02
1770357600,2026-02-06 06:00:00,99738.47,99825.26,99616.84,99638.98
1770361200,2026-02-06 07:00:00,99640.06,99748.08,99547.26,99731.02
1770364800,2026-02-06 08:00:00,99731.12,99779.67,99283.56,99287.91
1770368400,2026-02-06 09:00:00,99290.33,99599.17,99283.19,99524.4
1770372000,2026-02-06 10:00:00,99525.7,99615.68,99402.57,99611.4
1770375600,2026-02-06 11:00:00,99612.34,99669.06,99385.59,99485.11
1770379200,2026-02-06 12:00:00,99483.42,99580.87,99359.72,99404.42
1770382800,2026-02-06 13:00:00,99404.47,99468.72,99261.2,99326.04
1770386400,2026-02-06 14:00:00,99321.65,99381.31,98991.21,99195.97
1770390000,2026-02-06 15:00:00,99197.72,99231.77,99090.06,99113.18
1770393600,2026-02-06 16:00:00,99116.97,99210.84,99073.37,99148.51
1770397200,2026-02-06 17:00:00,99145.58,99205.49,99038.76,99044.77
1770400800,2026-02-06 18:00:00,99047.41,99115.75,98877.5,98993.1
1770404400,2026-02-06 19:00:00,98992.56,99047.41,98920.77,98928.78
1770408000,2026-02-06 20:00:00,98927.82,98931.09,98734.86,98771.33
1770411600,2026-02-06 21:00:00,98770.89,98961.77,98670.81,98921.42
1770415200,2026-02-06 22:00:00,98919.6,99001.35,98881.59,98993.81
1770418800,2026-02-06 23:00:00,98994.08,99038.75,98817.4,98820.3
1770422400,2026-02-07 00:00:00,98822.35,99096.13,98789.86,99062.66
1770426000,2026-02-07 01:00:00,99062.73,99064.67,98890.92,98895.9
1770429600,2026-02-07 02:00:00,98894.33,99143.96,98893.95,99090.79
1770433200,2026-02-07 03:00:00,99090.74,99175.48,98814.19,98816.62
1770436800,2026-02-07 04:00:00,98814.24,98828.71,98509.98,98588.59
1770440400,2026-02-07 05:00:00,98587.35,98610.37,98467.22,98512.88
1770444000,2026-02-07 06:00:00,98515.46,98520.12,98270.58,98274.12
1770447600,2026-02-07 07:00:00,98272.98,98285.74,98121.56,98144.35
1770451200,2026-02-07 08:00:00,98144.12,98245.78,98087.41,98171.51
1770454800,2026-02-07 09:00:00,98170.05,98298.22,98122,98215.03
1770458400,2026-02-07 10:00:00,98216.87,98216.87,97831.68,97857.25
1770462000,2026-02-07 11:00:00,97857.16,98003.07,97811.3,98001.28
1770465600,2026-02-07 12:00:00,98000.35,98014.18,97773.58,97822.75
1770469200,2026-02-07 13:00:00,97824.32,97952.54,97791.44,97948.14
1770472800,2026-02-07 14:00:00,97946.24,98075.63,97942.44,98009.84
1770476400,2026-02-07 15:00:00,98009.78,98107.54,97797.42,98022.63
1770480000,2026-02-07 16:00:00,98024.62,98111.2,97777.43,97794.1
1770483600,2026-02-07 17:00:00,97791.4,97861.73,97736.26,97763.25
1770487200,2026-02-07 18:00:00,97763.49,97862.62,97727.36,97806.18
1770490800,2026-02-07 19:00:00,97805.85,97999.49,97645.12,97968.19
1770494400,2026-02-07 20:00:00,97969.6,98035.29,97624.47,97630.35
1770498000,2026-02-07 21:00:00,97630.53,97806.83,97616.11,97771.28
1770501600,2026-02-07 22:00:00,97771.46,97878.63,97763.97,97827.44
1770505200,2026-02-07 23:00:00,97828.68,97947.95,97705.8,97807.48
1770508800,2026-02-08 00:00:00,97807.9,97830.41,97630.42,97737.39
1770512400,2026-02-08 01:00:00,97740.36,97788.69,97498.55,97727.08
1770516000,2026-02-08 02:00:00,97725.14,97833.69,97700.34,97806.96
1770519600,2026-02-08 03:00:00,97806.4,98043.15,97767.41,98027.48
1770523200,2026-02-08 04:00:00,98028.31,98042.89,97748.95,97778.86
1770526800,2026-02-08 05:00:00,97779.34,97812.05,97561.7,97626.51
1770530400,2026-02-08 06:00:00,97623.58,97716.86,97497.13,97673.17
1770534000,2026-02-08 07:00:00,97673.24,97731.56,97451.94,97474.3
1770537600,2026-02-08 08:00:00,97474.22,97489.94,97312.21,97457.04
1770541200,2026-02-08 09:00:00,97458.52,97647.61,97365.95,97645.26
1770544800,2026-02-08 10:00:00,97644.16,97788.47,97577.8,97713.4
1770548400,2026-02-08 11:00:00,97712.4,97988.04,97700.36,97983.8
1770552000,2026-02-08 12:00:00,97987.9,98064.42,97917.65,98064.42
1770555600,2026-02-08 13:00:00,98063.79,98377.32,98048.1,98342.18
1770559200,2026-02-08 14:00:00,98341.84,98430.57,98262.67,98410.58
1770562800,2026-02-08 15:00:00,98409.24,98479.7,98356.7,98420.23
1770566400,2026-02-08 16:00:00,98421.02,98551.6,98414.89,98450.69
1770570000,2026-02-08 17:00:00,98451.29,98557.52,98437.49,98527.48
1770573600,2026-02-08 18:00:00,98529.72,98626.18,98411.93,98440.98
1770577200,2026-02-08 19:00:00,98443.11,98684.36,98402.08,98518.09
1770580800,2026-02-08 20:00:00,98520.13,98534.26,98223.12,98331.64
1770584400,2026-02-08 21:00:00,98334.84,98408.12,98219.06,98368.9
1770588000,2026-02-08 22:00:00,98369.04,98497.74,98301.49,98451.74
1770591600,2026-02-08 23:00:00,98451.44,98460.17,98324.97,98418.64
1770595200,2026-02-09 00:00:00,98420.36,98732.88,98408.15,98432.86
1770598800,2026-02-09 01:00:00,98434.89,98563.53,98346.8,98547.68
1770602400,2026-02-09 02:00:00,98546.92,98671.93,98524.67,98654.83
1770606000,2026-02-09 03:00:00,98652.76,98797.11,98634.53,98773.47
1770609600,2026-02-09 04:00:00,98773.67,98987.68,98714.85,98974.25
1770613200,2026-02-09 05:00:00,98973.47,98974.82,98676.67,98703.14
1770616800,2026-02-09 06:00:00,98701.98,98848.25,98660.85,98781.52
1770620400,2026-02-09 07:00:00,98779.62,98974.65,98757.03,98898.15
1770624000,2026-02-09 08:00:00,98898.31,98910.22,98744.56,98818.25
1770627600,2026-02-09 09:00:00,98817.14,98820.38,98635.48,98763.58
1770631200,2026-02-09 10:00:00,98764.1,98789.46,98617.22,98770.37
1770634800,2026-02-09 11:00:00,98771.28,98784.98,98526.86,98541.96
1770638400,2026-02-09 12:00:00,98541.98,98619.28,98452.83,98614.86
1770642000,2026-02-09 13:00:00,98617.96,98625.6,98362.9,98377.11
1770645600,2026-02-09 14:00:00,98376.6,98498.56,98281.47,98320.25
1770649200,2026-02-09 15:00:00,98318.85,98461.71,98287.66,98443.79
1770652800,2026-02-09 16:00:00,98444.46,98455.27,98221.46,98381.92
1770656400,2026-02-09 17:00:00,98383.66,98433.84,98322.44,98364.55
1770660000,2026-02-09 18:00:00,98364.47,98482.02,98274.89,98276.43
1770663600,2026-02-09 19:00:00,98277.26,98486.52,98275.63,98352.54
1770667200,2026-02-09 20:00:00,98352.17,98899.76,98345.3,98834.36
1770670800,2026-02-09 21:00:00,98832.65,98938.24,98746.27,98758.48
1770674400,2026-02-09 22:00:00,98755.09,98837.59,98629.07,98678.87
1770678000,2026-02-09 23:00:00,98678.1,98827.75,98564.26,98742.68
1770681600,2026-02-10 00:00:00,98743.91,98777.66,98610.73,98748.71
1770685200,2026-02-10 01:00:00,98748.93,98920.86,98747.13,98859.65
1770688800,2026-02-10 02:00:00,98858.03,98964.02,98809.99,98899.6
1770692400,2026-02-10 03:00:00,98899.68,98907.56,98647.65,98739.05
1770696000,2026-02-10 04:00:00,98740.72,98940.57,98712.28,98725.94
1770699600,2026-02-10 05:00:00,98727.62,98765.6,98598.29,98760.66
1770703200,2026-02-10 06:00:00,98762.43,98776.21,98615.33,98615.33
1770706800,2026-02-10 07:00:00,98613.72,98637.01,98484.33,98519.85
1770710400,2026-02-10 08:00:00,98521.13,98805.53,98514.41,98618.41
1770714000,2026-02-10 09:00:00,98620.31,98840.46,98572.82,98828.02
1770717600,2026-02-10 10:00:00,98829.37,98850.34,98662.53,98760.08
1770721200,2026-02-10 11:00:00,98757.77,98880.17,98739.94,98859.78
1770724800,2026-02-10 12:00:00,98861.67,98944.87,98806.91,98940.89
1770728400,2026-02-10 13:00:00,98941.65,98948.65,98683.54,98706.68
1770732000,2026-02-10 14:00:00,98707.3,98731.64,98503.99,98650.95
1770735600,2026-02-10 15:00:00,98647.66,98739.27,98470.23,98548.95
1770739200,2026-02-10 16:00:00,98547.14,98557.92,98449.68,98519.65
1770742800,2026-02-10 17:00:00,98520.74,98787.13,98515.25,98577.15
1770746400,2026-02-10 18:00:00,98577.95,98662.01,98467.08,98478.18
1770750000,2026-02-10 19:00:00,98479.32,98767.91,98453.65,98528.6
1770753600,2026-02-10 20:00:00,98528.7,98639.77,98483.52,98603.58
1770757200,2026-02-10 21:00:00,98603.16,98626.19,98317.8,98329.01
1770760800,2026-02-10 22:00:00,98329.71,98500.87,98328.89,98474.72
1770764400,2026-02-10 23:00:00,98472.12,98481.98,98243.87,98261.74
1770768000,2026-02-11 00:00:00,98262.54,98325.9,98223.42,98280.18
1770771600,2026-02-11 01:00:00,98283.19,98293.49,97956.38,97961.83
1770775200,2026-02-11 02:00:00,97964.3,98035.41,97875.8,97998.8
1770778800,2026-02-11 03:00:00,98001.54,98063.93,97891.5,97986.91
1770782400,2026-02-11 04:00:00,97988.29,98060.46,97963.66,97997.4
1770786000,2026-02-11 05:00:00,97996.43,98089.48,97908.75,98039.66
1770789600,2026-02-11 06:00:00,98038.6,98042,97807.05,97920.76
1770793200,2026-02-11 07:00:00,97922.35,97922.35,97776.46,97819.37
1770796800,2026-02-11 08:00:00,97821.4,97879.42,97484.97,97501.75
1770800400,2026-02-11 09:00:00,97498.73,97627.45,97396.91,97518.47
1770804000,2026-02-11 10:00:00,97519.86,97542.72,97414.25,97534.99
1770807600,2026-02-11 11:00:00,97536.74,97664.35,97497.82,97641.63
1770811200,2026-02-11 12:00:00,97643.87,97884.82,97642.21,97850.78
1770814800,2026-02-11 13:00:00,97851.48,97880.48,97653.17,97731.92
1770818400,2026-02-11 14:00:00,97731.65,97764.99,97605.06,97627.79
1770822000,2026-02-11 15:00:00,97628.76,97679.39,97469.49,97512.33
1770825600,2026-02-11 16:00:00,97512.35,97550.68,97433.92,97509.02
1770829200,2026-02-11 17:00:00,97507.22,97717.7,97486.12,97714.51
1770832800,2026-02-11 18:00:00,97714.27,97844.64,97696.36,97733.32
1770836400,2026-02-11 19:00:00,97735.05,97870.53,97724.14,97818.69
1770840000,2026-02-11 20:00:00,97820.23,97820.73,97652.56,97754.83
1770843600,2026-02-11 21:00:00,97752.91,97764.27,97540.38,97625.02
1770847200,2026-02-11 22:00:00,97624.79,97651.86,97386.93,97433.91
1770850800,2026-02-11 23:00:00,97436.48,97444.62,97252.85,97287.28
1770854400,2026-02-12 00:00:00,97287.68,97358.47,97250.97,97358.47
1770858000,2026-02-12 01:00:00,97357.02,97454.41,97317.66,97364.36
1770861600,2026-02-12 02:00:00,97367.07,97489.62,97353.64,97470.26
1770865200,2026-02-12 03:00:00,97467.81,97613.55,97399.73,97433.57
1770868800,2026-02-12 04:00:00,97433.47,97442.43,97286.61,97399.31
1770872400,2026-02-12 05:00:00,97401.02,97434.71,97263.72,97305.85
1770876000,2026-02-12 06:00:00,97304.9,97354.9,97125.11,97128.51
1770879600,2026-02-12 07:00:00,97128.19,97429.76,97074.17,97338.45
1770883200,2026-02-12 08:00:00,97338.16,97423.66,97250.76,97330.21
1770886800,2026-02-12 09:00:00,97332.7,97479.03,97274.23,97413.53
1770890400,2026-02-12 10:00:00,97415.15,97579.59,97374.53,97569.14
1770894000,2026-02-12 11:00:00,97569.34,97687.83,97539.75,97655.61
1770897600,2026-02-12 12:00:00,97652.99,97897.69,97648.43,97766.39
1770901200,2026-02-12 13:00:00,97764.64,97861.4,97707.4,97841
1770904800,2026-02-12 14:00:00,97838.92,97874.12,97693.43,97707.81
1770908400,2026-02-12 15:00:00,97704.16,97767.19,97555.54,97758.57
1770912000,2026-02-12 16:00:00,97761.09,97805.56,97652.86,97762.84
1770915600,2026-02-12 17:00:00,97760.88,97810.05,97605.38,97661.77
1770919200,2026-02-12 18:00:00,97660.91,97681.45,97479.99,97505.72
1770922800,2026-02-12 19:00:00,97506.38,97533.01,97280.98,97301.43
1770926400,2026-02-12 20:00:00,97301.84,97313.19,97125.28,97178.97
1770930000,2026-02-12 21:00:00,97182.21,97197.27,97011.45,97046.23
1770933600,2026-02-12 22:00:00,97043.51,97156.57,96972.7,97095.91
1770937200,2026-02-12 23:00:00,97097.13,97158.68,96867.79,96888.38
1770940800,2026-02-13 00:00:00,96888.99,97098.83,96862.55,97090.36
1770944400,2026-02-13 01:00:00,97090.96,97183.17,97003.38,97067.56
1770948000,2026-02-13 02:00:00,97067.76,97095.37,96951.39,96971.53
1770951600,2026-02-13 03:00:00,96971.76,97097.7,96945.31,97016.14
1770955200,2026-02-13 04:00:00,97017.28,97024.78,96779.83,96932.38
1770958800,2026-02-13 05:00:00,96933.13,97128.08,96914.76,97044.16
1770962400,2026-02-13 06:00:00,97044.49,97211.41,97033.6,97172.47
1770966000,2026-02-13 07:00:00,97173.26,97357.02,97164.35,97263.76
1770969600,2026-02-13 08:00:00,97266.78,97306.57,97104.78,97159.98
1770973200,2026-02-13 09:00:00,97159.81,97319.68,97122.19,97204.03
1770976800,2026-02-13 10:00:00,97202.51,97239.46,97124.45,97239.46
1770980400,2026-02-13 11:00:00,97240.48,97455.98,97219.33,97424.56
1770984000,2026-02-13 12:00:00,97422.74,97533.36,97267.02,97319.82
1770987600,2026-02-13 13:00:00,97325.15,97492.21,97298.23,97453.3
1770991200,2026-02-13 14:00:00,97451.4,97527.4,97421.61,97442.75
1770994800,2026-02-13 15:00:00,97445.44,97458.58,96879.65,96885.51
1770998400,2026-02-13 16:00:00,96887.56,96961.97,96825.74,96928.68
1771002000,2026-02-13 17:00:00,96925.28,97133.3,96810.83,97132.49
1771005600,2026-02-13 18:00:00,97132.41,97195.23,96973.03,97106.35
1771009200,2026-02-13 19:00:00,97108.13,97176.82,97031.66,97059.48
1771012800,2026-02-13 20:00:00,97058.63,97091.81,96799.58,96804.44
1771016400,2026-02-13 21:00:00,96805.07,96922.65,96780.24,96859.44
1771020000,2026-02-13 22:00:00,96861.52,96866.21,96588.78,96770.35
1771023600,2026-02-13 23:00:00,96771.63,96969.68,96603.86,96965.22
1771027200,2026-02-14 00:00:00,96961.81,97082.59,96917.28,97001.2
1771030800,2026-02-14 01:00:00,97000.49,97048.55,96949.79,96951.9
1771034400,2026-02-14 02:00:00,96951.45,97207.73,96902.93,97182
1771038000,2026-02-14 03:00:00,97181.32,97195.05,97014.94,97031.85
1771041600,2026-02-14 04:00:00,97034.59,97166.52,96992.65,97010.72
1771045200,2026-02-14 05:00:00,97014.08,97023.86,96877.69,96906.18
1771048800,2026-02-14 06:00:00,96906.63,96979.77,96823.94,96974.75
1771052400,2026-02-14 07:00:00,96974.29,97189.68,96859.78,96876.44
1771056000,2026-02-14 08:00:00,96874.76,96964.86,96811.1,96860.74
1771059600,2026-02-14 09:00:00,96862.17,96972.23,96704.98,96971.92
1771063200,2026-02-14 10:00:00,96972.68,96975.88,96893.02,96944.55
1771066800,2026-02-14 11:00:00,96942.86,97124.71,96883.04,97043.27
1771070400,2026-02-14 12:00:00,97042.78,97200.52,96917.58,97145.12
1771074000,2026-02-14 13:00:00,97146.19,97162.35,97020.6,97139.53
1771077600,2026-02-14 14:00:00,97141.41,97255.74,97046.79,97175.32
1771081200,2026-02-14 15:00:00,97175.95,97490.24,97156.47,97428.63
1771084800,2026-02-14 16:00:00,97427.16,97489.89,97374.95,97438.14
1771088400,2026-02-14 17:00:00,97437.99,97635.37,97419.31,97602.23
1771092000,2026-02-14 18:00:00,97599.46,97708.84,97510.93,97648.22
1771095600,2026-02-14 19:00:00,97646.97,97650.69,97474.2,97507.11
1771099200,2026-02-14 20:00:00,97504.6,97543.82,97293.67,97310.69
1771102800,2026-02-14 21:00:00,97311.7,97470.18,97304.67,97312.72
1771106400,2026-02-14 22:00:00,97312.33,97333.82,97156.14,97169.8
1771110000,2026-02-14 23:00:00,97168.92,97321.9,97157.97,97316.49
1771113600,2026-02-15 00:00:00,97316.24,97387.42,97227.1,97338.15
1771117200,2026-02-15 01:00:00,97339.07,97402.43,97236.68,97402.43
1771120800,2026-02-15 02:00:00,97400.24,97485.91,97369.31,97439.17
1771124400,2026-02-15 03:00:00,97435.28,97633.43,97327.64,97599.77
1771128000,2026-02-15 04:00:00,97601.56,97710.32,97498.86,97674.64
1771131600,2026-02-15 05:00:00,97672.7,97707.25,97508.65,97647.7
1771135200,2026-02-15 06:00:00,97647.34,97729.85,97559.18,97576.64
1771138800,2026-02-15 07:00:00,97575.63,97582.21,97481.76,97561.79
1771142400,2026-02-15 08:00:00,97559.48,97671.58,97512.53,97514.1
1771146000,2026-02-15 09:00:00,97515.79,97549.34,97182.38,97287.25
1771149600,2026-02-15 10:00:00,97288.64,97342.08,97187.85,97257.58
1771153200,2026-02-15 11:00:00,97258.72,97292.84,97068.4,97186.74
1771156800,2026-02-15 12:00:00,97188.21,97293.39,97154.66,97179.5
1771160400,2026-02-15 13:00:00,97181.99,97446.16,97177.35,97417.5
1771164000,2026-02-15 14:00:00,97417.23,97456.02,97158.48,97180.57
1771167600,2026-02-15 15:00:00,97181.34,97225,97106.78,97126.68
1771171200,2026-02-15 16:00:00,97126.92,97220.54,97092.77,97108.46
1771174800,2026-02-15 17:00:00,97109.72,97225.52,97073.84,97117.03
1771178400,2026-02-15 18:00:00,97115.04,97279.69,97104.9,97256
1771182000,2026-02-15 19:00:00,97258.2,97473.79,97178.62,97464.93
1771185600,2026-02-15 20:00:00,97467.38,97650.49,97460.97,97617.38
1771189200,2026-02-15 21:00:00,97616.5,97702.9,97534.11,97557.8
1771192800,2026-02-15 22:00:00,97558.86,97583.61,97453.49,97487.04
1771196400,2026-02-15 23:00:00,97488.01,97605.47,97440.69,97511.84
1771200000,2026-02-16 00:00:00,97513.22,97595.98,97335.55,97378.52
1771203600,2026-02-16 01:00:00,97378.71,97388.78,97221.76,97298.7
1771207200,2026-02-16 02:00:00,97298.56,97565.68,97286,97473.66
1771210800,2026-02-16 03:00:00,97470.04,97670.75,97429.84,97621.45
1771214400,2026-02-16 04:00:00,97622.2,97846.14,97612.37,97805.09
1771218000,2026-02-16 05:00:00,97801.52,97818.6,97658.35,97663.01
1771221600,2026-02-16 06:00:00,97663.35,97765.54,97618.29,97686.12
1771225200,2026-02-16 07:00:00,97686.97,97978.9,97682.52,97941.67
1771228800,2026-02-16 08:00:00,97940.13,97969.21,97884.15,97929.96
1771232400,2026-02-16 09:00:00,97928.22,97988.06,97849.37,97878.31
1771236000,2026-02-16 10:00:00,97878.69,98034.51,97818.61,98005.84
1771239600,2026-02-16 11:00:00,98003.65,98008.64,97768.08,97888.17
1771243200,2026-02-16 12:00:00,97887.92,98024.02,97838.14,98001.86
1771246800,2026-02-16 13:00:00,98001.94,98021.06,97756.48,97898.4
1771250400,2026-02-16 14:00:00,97900.26,98055.64,97852.64,97999.37
1771254000,2026-02-16 15:00:00,97996.97,98299.62,97959.56,98298.16
1771257600,2026-02-16 16:00:00,98300.23,98380.24,98175.23,98197.24
1771261200,2026-02-16 17:00:00,98198.21,98345.63,98193.64,98232.41
1771264800,2026-02-16 18:00:00,98232.92,98384.61,98124.1,98184
1771268400,2026-02-16 19:00:00,98181.59,98333.74,98175.22,98310.53
1771272000,2026-02-16 20:00:00,98308.24,98375.67,98202.08,98202.08
1771275600,2026-02-16 21:00:00,98201.45,98395.27,98187.15,98357.23
1771279200,2026-02-16 22:00:00,98357.33,98473.49,98254.1,98378.94
1771282800,2026-02-16 23:00:00,98381.12,98425.05,98331,98336.44
1771286400,2026-02-17 00:00:00,98336.14,98474.66,98281.93,98460.54
1771290000,2026-02-17 01:00:00,98463.75,98513.74,98303.11,98331.48
1771293600,2026-02-17 02:00:00,98332.18,98577.16,98328.78,98514.87
1771297200,2026-02-17 03:00:00,98512.8,98710.9,98470.42,98703.32
1771300800,2026-02-17 04:00:00,98703.76,98921.09,98584.26,98893.27
1771304400,2026-02-17 05:00:00,98895.22,98976.57,98861.01,98962.92
1771308000,2026-02-17 06:00:00,98960.97,99035.65,98875.15,98891.09
1771311600,2026-02-17 07:00:00,98890.43,98944.8,98677.43,98739.71
1771315200,2026-02-17 08:00:00,98739.27,98770.14,98564.32,98578.64
1771318800,2026-02-17 09:00:00,98578.78,98631.95,98423.23,98486.78
1771322400,2026-02-17 10:00:00,98485.6,98772.32,98476.28,98754.78
1771326000,2026-02-17 11:00:00,98757.09,98812.38,98631.27,98689.68
1771329600,2026-02-17 12:00:00,98691.28,98691.28,98358.41,98391.73
1771333200,2026-02-17 13:00:00,98389.35,98397.06,98134.34,98142.93
1771336800,2026-02-17 14:00:00,98142.63,98221.6,98035.29,98221.6
1771340400,2026-02-17 15:00:00,98220.12,98267.38,97998.63,98055.48
1771344000,2026-02-17 16:00:00,98056.9,98126.02,97910.01,97919.33
1771347600,2026-02-17 17:00:00,97918.36,98041.44,97913.58,97959.37
1771351200,2026-02-17 18:00:00,97960.26,98114.99,97927.06,98098.61
1771354800,2026-02-17 19:00:00,98099.05,98263.71,98066.41,98238.71
1771358400,2026-02-17 20:00:00,98239.56,98283.61,98148.04,98178.52
1771362000,2026-02-17 21:00:00,98178.37,98185.34,97989.11,98054.89
1771365600,2026-02-17 22:00:00,98051.88,98287.23,98051.88,98256.7
1771369200,2026-02-17 23:00:00,98259.94,98400.72,98201.82,98215.3
1771372800,2026-02-18 00:00:00,98213.56,98336.45,98107.89,98283.78
1771376400,2026-02-18 01:00:00,98283.9,98503.3,98218.33,98495.24
1771380000,2026-02-18 02:00:00,98495.6,98587.74,98457.91,98501.19
1771383600,2026-02-18 03:00:00,98497.96,98638.99,98412.59,98435.61
1771387200,2026-02-18 04:00:00,98434.99,98491.25,98341.81,98463.12
1771390800,2026-02-18 05:00:00,98462.13,98465.29,97962.47,98004.38
1771394400,2026-02-18 06:00:00,98004.23,98080.68,97927.31,97988.21
1771398000,2026-02-18 07:00:00,97987.38,98209.17,97987.13,98145.66
1771401600,2026-02-18 08:00:00,98144.16,98203.26,97999.08,98065.5
1771405200,2026-02-18 09:00:00,98065.76,98119.61,97955.35,98050.61
1771408800,2026-02-18 10:00:00,98050.95,98145.91,98020.41,98094.47
1771412400,2026-02-18 11:00:00,98093.02,98271.42,98049.91,98248.26
1771416000,2026-02-18 12:00:00,98248.87,98399.38,98177.58,98374.81
1771419600,2026-02-18 13:00:00,98373.27,98471.22,98269.32,98462.61
1771423200,2026-02-18 14:00:00,98463.98,98556.43,98387.71,98472.52
1771426800,2026-02-18 15:00:00,98471.47,98710.02,98469.31,98664.41
1771430400,2026-02-18 16:00:00,98665.51,98674.2,98459.72,98485.54
1771434000,2026-02-18 17:00:00,98486.44,98518.64,98332.47,98440.62
1771437600,2026-02-18 18:00:00,98442.92,98580.78,98335.59,98491.29
1771441200,2026-02-18 19:00:00,98491.08,98508.08,98297.86,98326.99
1771444800,2026-02-18 20:00:00,98327.16,98334.67,98087.33,98099.86
1771448400,2026-02-18 21:00:00,98100.82,98305.39,98086.65,98275.05
1771452000,2026-02-18 22:00:00,98279.07,98322.49,98085.5,98135.24
1771455600,2026-02-18 23:00:00,98138.33,98139.68,97998.57,98086.9
1771459200,2026-02-19 00:00:00,98087.27,98388.52,98083.98,98334.28
1771462800,2026-02-19 01:00:00,98334.07,98505.46,98289.28,98474.58
1771466400,2026-02-19 02:00:00,98473.74,98495.86,98332.9,98359.46
1771470000,2026-02-19 03:00:00,98359.01,98422.58,98121.25,98160.7
1771473600,2026-02-19 04:00:00,98159.01,98167.24,98032.56,98127.51
1771477200,2026-02-19 05:00:00,98127.85,98498.42,98108.1,98490.85
1771480800,2026-02-19 06:00:00,98488.39,98632.05,98419.48,98621.59
1771484400,2026-02-19 07:00:00,98620.67,98648.19,98297.11,98332.98
1771488000,2026-02-19 08:00:00,98329,98394.45,98300.86,98368.3
1771491600,2026-02-19 09:00:00,98368.71,98695.43,98364.73,98690.58
1771495200,2026-02-19 10:00:00,98692.83,98896.29,98549.5,98847.51
1771498800,2026-02-19 11:00:00,98848.23,98862.6,98584.58,98634.91
1771502400,2026-02-19 12:00:00,98637.76,98645.75,98462.84,98561.99
1771506000,2026-02-19 13:00:00,98563.61,98622.82,98351.93,98371.31
1771509600,2026-02-19 14:00:00,98369.95,98405.22,98301.66,98370.63
1771513200,2026-02-19 15:00:00,98371.26,98465.35,98323.42,98338.6
1771516800,2026-02-19 16:00:00,98337.43,98500.35,98335.77,98480.28
1771520400,2026-02-19 17:00:00,98482.51,98516.99,98336.55,98369.15
1771524000,2026-02-19 18:00:00,98368.57,98510.24,98341.29,98445.91
1771527600,2026-02-19 19:00:00,98448.36,98591.05,98430.11,98536.06
1771531200,2026-02-19 20:00:00,98534.79,98595.11,98473.69,98478.16
1771534800,2026-02-19 21:00:00,98478.06,98556.98,98439.22,98552.51
1771538400,2026-02-19 22:00:00,98553.58,98611.87,98434.72,98563.18
1771542000,2026-02-19 23:00:00,98563.1,98563.1,98232.65,98308.06
1771545600,2026-02-20 00:00:00,98307.6,98529.82,98265.31,98506.53
1771549200,2026-02-20 01:00:00,98506.79,98724.89,98453.63,98708.23
1771552800,2026-02-20 02:00:00,98707.01,98734.53,98511.57,98512.53
1771556400,2026-02-20 03:00:00,98515.38,98741.62,98474.34,98609.79
1771560000,2026-02-20 04:00:00,98609.57,98682.05,98476.01,98563.7
1771563600,2026-02-20 05:00:00,98565.41,98752.07,98507.72,98752.07
1771567200,2026-02-20 06:00:00,98752.84,98969.6,98726.6,98829.59
1771570800,2026-02-20 07:00:00,98828.69,99100.99,98810.66,98997.01
1771574400,2026-02-20 08:00:00,98996.99,99132.67,98937.9,99122.36
1771578000,2026-02-20 09:00:00,99124.03,99139.8,98835.74,98943.75
1771581600,2026-02-20 10:00:00,98943.98,99131.6,98927.58,99058.1
1771585200,2026-02-20 11:00:00,99057.22,99232.52,98988.14,99232.34
1771588800,2026-02-20 12:00:00,99235.2,99255.24,99107.63,99244.48
1771592400,2026-02-20 13:00:00,99242.26,99395.37,99228.23,99354.76
1771596000,2026-02-20 14:00:00,99353.5,99539.39,99350.26,99534.28
1771599600,2026-02-20 15:00:00,99534.79,99670.31,99460.28,99665.94
1771603200,2026-02-20 16:00:00,99663.5,99878.51,99640.24,99748.07
1771606800,2026-02-20 17:00:00,99747.96,99966.84,99712.05,99818.48
1771610400,2026-02-20 18:00:00,99817.74,99830.8,99673.99,99751.22
1771614000,2026-02-20 19:00:00,99750.36,99750.36,99580.44,99652.31
1771617600,2026-02-20 20:00:00,99648.07,99834.04,99600.33,99777.99
1771621200,2026-02-20 21:00:00,99778.81,100018.54,99751.4,100016.36
1771624800,2026-02-20 22:00:00,100015.27,100064.8,99924,99950.28
1771628400,2026-02-20 23:00:00,99953.74,99964.76,99775.82,99828.11
1771632000,2026-02-21 00:00:00,99830.73,99836.81,99637.19,99745.71
1771635600,2026-02-21 01:00:00,99745.56,99848.26,99627.5,99749.23
1771639200,2026-02-21 02:00:00,99748.66,99798.37,99617.58,99636.08
1771642800,2026-02-21 03:00:00,99635.27,99755,99617.67,99699.57
1771646400,2026-02-21 04:00:00,99698.15,99804.68,99683.3,99701.81
1771650000,2026-02-21 05:00:00,99705.91,100038.39,99671.14,100038.39
1771653600,2026-02-21 06:00:00,100039.61,100094.46,99855.95,99870.06
1771657200,2026-02-21 07:00:00,99868.26,99893.14,99759.97,99885.67
1771660800,2026-02-21 08:00:00,99884.22,99902.41,99719.49,99779.38
1771664400,2026-02-21 09:00:00,99779.41,99990.62,99735.18,99885.85
1771668000,2026-02-21 10:00:00,99885.43,99992.23,99824.22,99887.56
1771671600,2026-02-21 11:00:00,99887.17,99921.64,99796.84,99820.7
1771675200,2026-02-21 12:00:00,99823.96,99844.95,99572.18,99581.48
1771678800,2026-02-21 13:00:00,99584.2,99715.56,99512.94,99601.19
1771682400,2026-02-21 14:00:00,99601.34,99690.83,99516.14,99615.47
1771686000,2026-02-21 15:00:00,99611.31,99642.34,99444.29,99464.26
1771689600,2026-02-21 16:00:00,99464.81,99466.71,99277.41,99346.41
1771693200,2026-02-21 17:00:00,99345.51,99362,98917.41,98973.78
1771696800,2026-02-21 18:00:00,98973.31,99006.13,98821.93,98895.99
1771700400,2026-02-21 19:00:00,98894.76,99063.14,98881.76,98936.68
1771704000,2026-02-21 20:00:00,98937.85,99053.39,98928.09,98985.03
1771707600,2026-02-21 21:00:00,98984.83,99105.33,98940.12,99052.97
1771711200,2026-02-21 22:00:00,99053.07,99195.54,99034.18,99161.84
1771714800,2026-02-21 23:00:00,99161.57,99418.79,99147.79,99358.31
1771718400,2026-02-22 00:00:00,99359.1,99521.76,99273.8,99361.04
1771722000,2026-02-22 01:00:00,99362.86,99521.16,99337.89,99400.37
1771725600,2026-02-22 02:00:00,99399.71,99420.41,99136.26,99245.11
1771729200,2026-02-22 03:00:00,99244.64,99295.83,98930.66,99004.73
1771732800,2026-02-22 04:00:00,99005.12,99189.42,98998.44,99179.19
1771736400,2026-02-22 05:00:00,99175.89,99209.05,98807.95,98815.31
1771740000,2026-02-22 06:00:00,98813.12,98815.87,98709.09,98734.39
1771743600,2026-02-22 07:00:00,98735.21,98804.3,98670.38,98763.44
1771747200,2026-02-22 08:00:00,98762.34,98781.95,98656.88,98684.18
1771750800,2026-02-22 09:00:00,98684.61,98811.88,98526.95,98561.04
1771754400,2026-02-22 10:00:00,98560.13,98720.12,98531.46,98549.72
1771758000,2026-02-22 11:00:00,98548.38,98651.06,98475.22,98618.21
1771761600,2026-02-22 12:00:00,98620.98,98653.84,98518.36,98558.82
1771765200,2026-02-22 13:00:00,98559.58,98663.43,98477.8,98583.53
1771768800,2026-02-22 14:00:00,98583.91,98702.07,98510.89,98634.35
1771772400,2026-02-22 15:00:00,98634.41,98672.28,98521.73,98604.98
1771776000,2026-02-22 16:00:00,98605.35,98692.78,98577.88,98577.88
1771779600,2026-02-22 17:00:00,98577.91,98702.25,98543.08,98555.96
1771783200,2026-02-22 18:00:00,98558.67,98631.43,98397.15,98408.34
1771786800,2026-02-22 19:00:00,98408.3,98510.55,98360.67,98499.89
1771790400,2026-02-22 20:00:00,98502.26,98546.7,98373.25,98492.52
1771794000,2026-02-22 21:00:00,98493.45,98992.96,98492.45,98870.73
1771797600,2026-02-22 22:00:00,98870.49,98943.68,98778.48,98884.42
1771801200,2026-02-22 23:00:00,98885.44,98956.79,98578.09,98587.65
1771804800,2026-02-23 00:00:00,98589.25,98605.16,98339.49,98372.09
1771808400,2026-02-23 01:00:00,98368.94,98470.26,98260.75,98452.24
1771812000,2026-02-23 02:00:00,98450.6,98624.17,98413.6,98620.7
1771815600,2026-02-23 03:00:00,98620.04,98905.56,98620.04,98865.44
1771819200,2026-02-23 04:00:00,98865.51,98908.91,98464.56,98474.86
1771822800,2026-02-23 05:00:00,98474.28,98656.01,98421.49,98543.64
1771826400,2026-02-23 06:00:00,98543.02,98601.22,98328.06,98339.55
1771830000,2026-02-23 07:00:00,98339.3,98390.59,98141.52,98161.33
1771833600,2026-02-23 08:00:00,98161.69,98441.53,98151.65,98391.4
1771837200,2026-02-23 09:00:00,98392.55,98681.09,98392.09,98677.39
1771840800,2026-02-23 10:00:00,98676.41,98681.45,98530.1,98624.03
1771844400,2026-02-23 11:00:00,98621.63,98702.06,98586.65,98636.94
1771848000,2026-02-23 12:00:00,98637.42,98700.46,98510.22,98533.07
1771851600,2026-02-23 13:00:00,98532.52,98573.94,98394.27,98435.35
1771855200,2026-02-23 14:00:00,98433.19,98569.03,98395.43,98560.53
1771858800,2026-02-23 15:00:00,98559.74,98689.44,98532.91,98595.51
1771862400,2026-02-23 16:00:00,98591.45,98878.75,98509.93,98873.3
1771866000,2026-02-23 17:00:00,98875.07,98927.15,98599.52,98612.12
1771869600,2026-02-23 18:00:00,98611.09,98622.81,98254.5,98271.84
1771873200,2026-02-23 19:00:00,98270.94,98327.45,98189.05,98283.2
1771876800,2026-02-23 20:00:00,98284.4,98291.12,98128.74,98231.41
1771880400,2026-02-23 21:00:00,98232.54,98232.54,98042.86,98102.24
1771884000,2026-02-23 22:00:00,98104.91,98203.48,97984.49,98186.11
1771887600,2026-02-23 23:00:00,98184.52,98241.93,98157.75,98179.96
1771891200,2026-02-24 00:00:00,98179.82,98186.76,97944.73,98030.14
1771894800,2026-02-24 01:00:00,98032.52,98127.47,97918.65,97945.93
1771898400,2026-02-24 02:00:00,97947.45,98025.47,97881.39,97896.07
1771902000,2026-02-24 03:00:00,97895.56,98061.74,97828.8,97829.62
1771905600,2026-02-24 04:00:00,97829.26,98260.71,97820.77,98244.38
1771909200,2026-02-24 05:00:00,98245.55,98286.05,98174.91,98214.57
1771912800,2026-02-24 06:00:00,98216.47,98351.28,98173.56,98233.01
1771916400,2026-02-24 07:00:00,98233.81,98334.55,98155.99,98229.51
1771920000,2026-02-24 08:00:00,98228.5,98410.58,98172.71,98281.05
1771923600,2026-02-24 09:00:00,98283.73,98374.27,98107.47,98344.48
1771927200,2026-02-24 10:00:00,98343.34,98565.18,98330.29,98540.2
1771930800,2026-02-24 11:00:00,98542.15,98570.03,98362.73,98481.88
1771934400,2026-02-24 12:00:00,98483.09,98545.3,98399.46,98422.22
1771938000,2026-02-24 13:00:00,98421.72,98588.6,98370.71,98482.27
1771941600,2026-02-24 14:00:00,98482.92,98588.83,98419.62,98558.8
1771945200,2026-02-24 15:00:00,98562.08,98574.68,98440.65,98482.53
1771948800,2026-02-24 16:00:00,98482.05,98507.53,98374.24,98477.36
1771952400,2026-02-24 17:00:00,98477.22,98545.34,98399,98504.75
1771956000,2026-02-24 18:00:00,98503.56,98720.25,98471.54,98683.7
1771959600,2026-02-24 19:00:00,98682.45,98774.87,98671.12,98700.68
1771963200,2026-02-24 20:00:00,98700.97,98737.15,98613.6,98689.93
1771966800,2026-02-24 21:00:00,98689.92,98857.15,98651.81,98758.66
1771970400,2026-02-24 22:00:00,98760.02,98782.78,98567.33,98599.31
1771974000,2026-02-24 23:00:00,98599.62,98777.78,98516.65,98777.78
1771977600,2026-02-25 00:00:00,98776.01,98789.34,98557.57,98585.99
1771981200,2026-02-25 01:00:00,98584.13,98708.7,98557.2,98683.26
1771984800,2026-02-25 02:00:00,98682.48,98814.53,98596.56,98603.08
1771988400,2026-02-25 03:00:00,98606.15,98841.17,98554.25,98813.05
1771992000,2026-02-25 04:00:00,98813.31,98841.81,98700.17,98720.46
1771995600,2026-02-25 05:00:00,98721,98791.49,98602.72,98638
1771999200,2026-02-25 06:00:00,98642.02,98664.21,98505.32,98546.04
1772002800,2026-02-25 07:00:00,98547.4,98665.65,98523.81,98567
1772006400,2026-02-25 08:00:00,98568.05,98611.65,98362.65,98513.41
1772010000,2026-02-25 09:00:00,98512.89,98631.37,98415.7,98611.06
1772013600,2026-02-25 10:00:00,98611,98713.34,98581.9,98649.21
1772017200,2026-02-25 11:00:00,98647.29,98719.72,98546.18,98652.4
1772020800,2026-02-25 12:00:00,98653.79,98725.15,98506.09,98516.34
1772024400,2026-02-25 13:00:00,98515.95,98566.37,98499.23,98558.15
1772028000,2026-02-25 14:00:00,98559.86,98658.24,98525.34,98616.88
1772031600,2026-02-25 15:00:00,98617.5,98637.31,98361.44,98461.27
1772035200,2026-02-25 16:00:00,98462.22,98550.56,98377.14,98395.14
1772038800,2026-02-25 17:00:00,98397.18,98430.62,98140.69,98142.24
1772042400,2026-02-25 18:00:00,98139.62,98152,98025.81,98058.16
1772046000,2026-02-25 19:00:00,98055.85,98149.76,97961.39,98105.28
1772049600,2026-02-25 20:00:00,98109.77,98151.83,98012.06,98060.26
1772053200,2026-02-25 21:00:00,98059.27,98265.92,98026.36,98158.12
1772056800,2026-02-25 22:00:00,98156.73,98188.12,98010.72,98038.26
1772060400,2026-02-25 23:00:00,98039.15,98096.63,97975.47,98044.82
1772064000,2026-02-26 00:00:00,98048.47,98048.76,97952.52,98002.23
1772067600,2026-02-26 01:00:00,98002.12,98143,97964.7,98133.55
1772071200,2026-02-26 02:00:00,98131.58,98166.2,98040.11,98142
1772074800,2026-02-26 03:00:00,98146.81,98291.86,98106.74,98202.89
1772078400,2026-02-26 04:00:00,98203,98216.59,97953.02,97979.75
1772082000,2026-02-26 05:00:00,97975.91,98197.32,97909.09,97992.3
1772085600,2026-02-26 06:00:00,97990.56,98137.73,97940.95,97999.43
1772089200,2026-02-26 07:00:00,98001.39,98240.87,97967.25,98188.18
1772092800,2026-02-26 08:00:00,98186.91,98226.86,97948.53,97969.34
1772096400,2026-02-26 09:00:00,97967.59,97992.47,97770.89,97826.31
1772100000,2026-02-26 10:00:00,97826.67,97930.71,97711.19,97825.83
1772103600,2026-02-26 11:00:00,97826.06,98120.13,97811.66,98101.26
1772107200,2026-02-26 12:00:00,98100.98,98103.29,97864.81,97969.54
1772110800,2026-02-26 13:00:00,97973.21,98052.42,97894.67,98035.7
1772114400,2026-02-26 14:00:00,98034.71,98240.01,98003.53,98188.22
1772118000,2026-02-26 15:00:00,98191.19,98260.84,98073.04,98106.17
1772121600,2026-02-26 16:00:00,98109.61,98245.98,98086.95,98221.52
1772125200,2026-02-26 17:00:00,98218.71,98260.44,97939.55,97957.81
1772128800,2026-02-26 18:00:00,97961.13,98029.75,97858.58,98017.91
1772132400,2026-02-26 19:00:00,98016.07,98209.3,97877.13,98190.4
1772136000,2026-02-26 20:00:00,98191.73,98342.21,98165.39,98232.54
1772139600,2026-02-26 21:00:00,98230.84,98496.66,98176.42,98478.8
1772143200,2026-02-26 22:00:00,98480.14,98557.19,98416.95,98450.05
1772146800,2026-02-26 23:00:00,98449.49,98503.25,98381.39,98494.53
1772150400,2026-02-27 00:00:00,98495.02,98568.61,98426.36,98561.86
1772154000,2026-02-27 01:00:00,98562.37,98754.31,98555.49,98658.05
1772157600,2026-02-27 02:00:00,98659.37,99026.1,98652.74,98913.12
1772161200,2026-02-27 03:00:00,98913.36,98954.03,98825.23,98869.91
1772164800,2026-02-27 04:00:00,98872.22,99027.22,98862.64,98944.08
1772168400,2026-02-27 05:00:00,98945.56,99097.73,98869.54,99004.67
1772172000,2026-02-27 06:00:00,99002.37,99177.53,98911.22,99049.1
1772175600,2026-02-27 07:00:00,99051.48,99069.17,98890.62,98899.89
1772179200,2026-02-27 08:00:00,98899.99,98959.8,98746.69,98797.12
1772182800,2026-02-27 09:00:00,98795.11,98824.99,98669.02,98759.79
1772186400,2026-02-27 10:00:00,98759.92,98865.62,98688.28,98805.4
1772190000,2026-02-27 11:00:00,98804.06,99016.33,98658.11,99015.41
1772193600,2026-02-27 12:00:00,99014.23,99084.12,98979.06,99057.27
1772197200,2026-02-27 13:00:00,99057.44,99148.73,98987.32,99118.73
1772200800,2026-02-27 14:00:00,99117.8,99124.15,98784.24,98873.87
1772204400,2026-02-27 15:00:00,98875.41,98906.42,98717.92,98828.95
1772208000,2026-02-27 16:00:00,98832.15,98866.32,98749.84,98796
1772211600,2026-02-27 17:00:00,98795.55,98893.6,98752.84,98786.81
1772215200,2026-02-27 18:00:00,98786.06,98889.06,98725.33,98815.74
1772218800,2026-02-27 19:00:00,98815.14,99002.92,98761.79,98998.83
1772222400,2026-02-27 20:00:00,98999.73,99048.52,98869.76,98965.5
1772226000,2026-02-27 21:00:00,98965.9,98979.16,98769.97,98856.05
1772229600,2026-02-27 22:00:00,98855.19,98890.01,98748.68,98755.67
1772233200,2026-02-27 23:00:00,98755.16,98898.27,98730.15,98792.11
1772236800,2026-02-28 00:00:00,98795.74,98898.49,98672.31,98672.67
1772240400,2026-02-28 01:00:00,98671.41,98676.24,98516.15,98657.39
1772244000,2026-02-28 02:00:00,98655.72,98768.11,98614.65,98727.3
1772247600,2026-02-28 03:00:00,98727.09,98837.5,98681.74,98721.06
1772251200,2026-02-28 04:00:00,98720.49,98853.77,98703.66,98849.9
1772254800,2026-02-28 05:00:00,98847.65,98905.96,98731.92,98795.37
1772258400,2026-02-28 06:00:00,98793.32,99030.93,98785.17,98911.36
1772262000,2026-02-28 07:00:00,98911.33,98911.67,98768.27,98891.62
1772265600,2026-02-28 08:00:00,98890.14,99140.37,98884.07,99125.67
1772269200,2026-02-28 09:00:00,99123.17,99430.31,99108.95,99394.12
1772272800,2026-02-28 10:00:00,99393.18,99561.28,99342.91,99413.71
1772276400,2026-02-28 11:00:00,99413.88,99422.26,99242.45,99261.12
1772280000,2026-02-28 12:00:00,99258.81,99267.44,98921.31,99209.19
1772283600,2026-02-28 13:00:00,99210,99218.45,99032.51,99070.7
1772287200,2026-02-28 14:00:00,99069.05,99152.45,99006.85,99078.96
1772290800,2026-02-28 15:00:00,99078.41,99278.1,99073.72,99136.18
1772294400,2026-02-28 16:00:00,99137.18,99155.88,98906.63,98978.33
1772298000,2026-02-28 17:00:00,98979.54,99087.18,98917.51,99054.72
1772301600,2026-02-28 18:00:00,99055.91,99164.39,98986.94,99085.12
1772305200,2026-02-28 19:00:00,99085.72,99340.67,99007.39,99292.47
1772308800,2026-02-28 20:00:00,99289.38,99489.82,99279.21,99473.02
1772312400,2026-02-28 21:00:00,99470.33,99536.11,99437.13,99438.05
1772316000,2026-02-28 22:00:00,99438.49,99534.17,99391.56,99448.91
1772319600,2026-02-28 23:00:00,99447.94,99480.82,99242.72,99313.92
1772323200,2026-03-01 00:00:00,99313.96,99317.27,99012.83,99044.35
1772326800,2026-03-01 01:00:00,99040.91,99041.52,98923.86,98950.31
1772330400,2026-03-01 02:00:00,98949.25,99062.47,98921.24,98959.6
1772334000,2026-03-01 03:00:00,98960.52,99143.2,98931.72,99018.95
1772337600,2026-03-01 04:00:00,99021.49,99141.49,99000.76,99029.24
1772341200,2026-03-01 05:00:00,99028.76,99451.37,99021.07,99421.5
1772344800,2026-03-01 06:00:00,99418.8,99472.94,99376.41,99414.2
1772348400,2026-03-01 07:00:00,99416.78,99886.31,99405.58,99847.9
1772352000,2026-03-01 08:00:00,99848.27,99853,99683.67,99713.99
1772355600,2026-03-01 09:00:00,99713.25,99975.55,99691.55,99975.55
1772359200,2026-03-01 10:00:00,99976.92,100034.12,99808.15,99906.86
1772362800,2026-03-01 11:00:00,99909.61,99965.91,99840.96,99958.18
1772366400,2026-03-01 12:00:00,99958.37,99976.2,99783.26,99831.88
1772370000,2026-03-01 13:00:00,99829.26,99886.83,99792.22,99885.19
1772373600,2026-03-01 14:00:00,99884.61,99908.63,99636.79,99676.64
1772377200,2026-03-01 15:00:00,99675.35,99743.12,99571.14,99604.66
1772380800,2026-03-01 16:00:00,99603.06,99668.28,99522.13,99562.73
1772384400,2026-03-01 17:00:00,99561.41,99658.06,99535.51,99543.18
1772388000,2026-03-01 18:00:00,99545.56,99653.51,99506.75,99586.87
1772391600,2026-03-01 19:00:00,99586.05,99594.29,99425.76,99446.29
1772395200,2026-03-01 20:00:00,99446.23,99923.51,99446.23,99773.46
1772398800,2026-03-01 21:00:00,99772.46,99828.44,99647.76,99657.65
1772402400,2026-03-01 22:00:00,99656.14,99761.99,99560.71,99610.84
1772406000,2026-03-01 23:00:00,99611.29,99617.09,99427.91,99441.11
1772409600,2026-03-02 00:00:00,99439.04,99453.1,99189.96,99231.72
1772413200,2026-03-02 01:00:00,99234.76,99583.22,99223.54,99548.08
1772416800,2026-03-02 02:00:00,99551.07,99696.06,99534.42,99572.8
1772420400,2026-03-02 03:00:00,99571.7,99844.11,99557.79,99841.1
1772424000,2026-03-02 04:00:00,99841.27,99909.28,99672.78,99846.46
1772427600,2026-03-02 05:00:00,99845.75,99865.59,99762.14,99784.29
1772431200,2026-03-02 06:00:00,99779.85,99806.33,99561.79,99567.59
1772434800,2026-03-02 07:00:00,99565.82,99602.05,99343.21,99437.39
1772438400,2026-03-02 08:00:00,99435.33,99475.91,99254.22,99284.13
1772442000,2026-03-02 09:00:00,99282.39,99351.78,99169.67,99235.1
1772445600,2026-03-02 10:00:00,99235.04,99280.55,99128.2,99217.42
1772449200,2026-03-02 11:00:00,99217.07,99237,99013.47,99040.54
1772452800,2026-03-02 12:00:00,99039.51,99046.92,98907.37,98919.51
1772456400,2026-03-02 13:00:00,98917.88,99009.05,98912.61,98938.14
1772460000,2026-03-02 14:00:00,98938.98,99087.67,98922.99,98943.85
1772463600,2026-03-02 15:00:00,98943.85,98945.36,98694.68,98729.57
1772467200,2026-03-02 16:00:00,98729.07,98857.36,98653.46,98781.37
1772470800,2026-03-02 17:00:00,98782.26,98789.44,98605.74,98689.92
1772474400,2026-03-02 18:00:00,98690.35,98881.33,98629.03,98869.39
1772478000,2026-03-02 19:00:00,98867.82,98933.88,98818.97,98904.34
1772481600,2026-03-02 20:00:00,98901.9,98917.33,98664.31,98881.56
1772485200,2026-03-02 21:00:00,98881.51,99421.86,98881.51,99272.85
1772488800,2026-03-02 22:00:00,99271.59,99448.77,99237.39,99383.86
1772492400,2026-03-02 23:00:00,99381.2,99544.39,99314.94,99534.69
1772496000,2026-03-03 00:00:00,99532.28,99556.49,99381.79,99402.6
1772499600,2026-03-03 01:00:00,99400.27,99635.17,99391.86,99628.47
1772503200,2026-03-03 02:00:00,99628.36,99930.29,99621.87,99893.02
1772506800,2026-03-03 03:00:00,99894.94,99930.48,99809.39,99822.42
1772510400,2026-03-03 04:00:00,99821.91,99823.05,99672.66,99743.31
1772514000,2026-03-03 05:00:00,99743.75,99827.27,99530.57,99588.31
1772517600,2026-03-03 06:00:00,99588.9,99617.39,99522.08,99581.58
1772521200,2026-03-03 07:00:00,99582.17,99708.44,99509.48,99601.6
1772524800,2026-03-03 08:00:00,99598.51,99935.88,99588.34,99935.88
1772528400,2026-03-03 09:00:00,99937.12,99937.12,99673.38,99755.19
1772532000,2026-03-03 10:00:00,99755.59,99791.47,99681.21,99767.46
1772535600,2026-03-03 11:00:00,99768.71,99813.8,99584.31,99596.44
1772539200,2026-03-03 12:00:00,99595.89,99774.48,99565.26,99642.76
1772542800,2026-03-03 13:00:00,99642.32,99822.06,99616.42,99653.63
1772546400,2026-03-03 14:00:00,99650.18,99657.02,99401.73,99526.66
1772550000,2026-03-03 15:00:00,99526.6,99716.58,99521.38,99662.6
1772553600,2026-03-03 16:00:00,99663.74,99787.81,99638.73,99784.24
1772557200,2026-03-03 17:00:00,99784.34,99879.12,99655.15,99700.99
1772560800,2026-03-03 18:00:00,99702.74,99871.07,99477.32,99573.17
1772564400,2026-03-03 19:00:00,99572.9,99614.88,99443.17,99462.47
1772568000,2026-03-03 20:00:00,99462.73,99478.69,99274.84,99329.87
1772571600,2026-03-03 21:00:00,99328.67,99338.07,99005.33,99044.54
1772575200,2026-03-03 22:00:00,99043.91,99093.63,98927.21,98985.39
1772578800,2026-03-03 23:00:00,98980.7,99128.43,98940.87,98950.52
1772582400,2026-03-04 00:00:00,98950.44,99039.28,98839.8,98839.8
1772586000,2026-03-04 01:00:00,98838.18,99001.04,98767.79,98920.71
1772589600,2026-03-04 02:00:00,98921.38,99002.65,98756.46,98821.09
1772593200,2026-03-04 03:00:00,98820.62,98840.09,98704.94,98732.31
1772596800,2026-03-04 04:00:00,98731.23,98778.42,98547.23,98743.27
1772600400,2026-03-04 05:00:00,98742.19,98839.69,98619.96,98830.1
1772604000,2026-03-04 06:00:00,98831.23,98954.83,98774.11,98912.75
1772607600,2026-03-04 07:00:00,98914.22,98982.88,98810.98,98841.81
1772611200,2026-03-04 08:00:00,98841.2,98903.08,98632.88,98684.29
1772614800,2026-03-04 09:00:00,98683.71,98685.98,98520.96,98562.61
1772618400,2026-03-04 10:00:00,98562.25,98870.99,98497.9,98853.55
1772622000,2026-03-04 11:00:00,98852.81,98964.59,98768.62,98907.01
1772625600,2026-03-04 12:00:00,98907.76,99070.97,98890.58,99028.41
1772629200,2026-03-04 13:00:00,99031.59,99153.75,99000.82,99066.25
1772632800,2026-03-04 14:00:00,99065.15,99258.05,99065.15,99241.14
1772636400,2026-03-04 15:00:00,99236.67,99243.3,98979.75,98989.57
1772640000,2026-03-04 16:00:00,98992.81,99006.17,98777.64,98809.52
1772643600,2026-03-04 17:00:00,98808.65,98808.65,98569,98571.06
1772647200,2026-03-04 18:00:00,98567.07,98567.07,98167.43,98243.54
1772650800,2026-03-04 19:00:00,98239.73,98415.05,98237.54,98369.45
1772654400,2026-03-04 20:00:00,98369.53,98380.36,98152.3,98173.65
1772658000,2026-03-04 21:00:00,98172.35,98191.6,97909.15,97909.26
1772661600,2026-03-04 22:00:00,97907.98,97986.98,97864.49,97956.01
1772665200,2026-03-04 23:00:00,97956.32,97975.04,97812.07,97859.35
1772668800,2026-03-05 00:00:00,97858.27,97933.29,97764.26,97764.26
1772672400,2026-03-05 01:00:00,97766.92,97907.05,97729.06,97903.95
1772676000,2026-03-05 02:00:00,97903.39,97980.74,97836.79,97909.28
1772679600,2026-03-05 03:00:00,97907.77,97918.69,97724.68,97812.43
1772683200,2026-03-05 04:00:00,97812.68,97824.6,97638.62,97699.63
1772686800,2026-03-05 05:00:00,97700.32,97786.92,97624.33,97686.57
1772690400,2026-03-05 06:00:00,97688.46,97896.51,97630.13,97850.8
1772694000,2026-03-05 07:00:00,97847.44,97982.23,97785.46,97788.57
1772697600,2026-03-05 08:00:00,97789.76,97836.95,97620.67,97645.59
1772701200,2026-03-05 09:00:00,97646.48,97658.29,97556.36,97562.67
1772704800,2026-03-05 10:00:00,97564.01,97733.48,97475.99,97729.13
1772708400,2026-03-05 11:00:00,97727.91,97890.37,97692.15,97869.65
1772712000,2026-03-05 12:00:00,97867.75,97891.95,97802.86,97850.09
1772715600,2026-03-05 13:00:00,97852.09,97871.11,97722.59,97755.63
1772719200,2026-03-05 14:00:00,97753.11,97791.22,97562.36,97591.58
1772722800,2026-03-05 15:00:00,97590.95,97698.1,97523.36,97619.45
1772726400,2026-03-05 16:00:00,97620.22,97692.84,97577.99,97654.22
1772730000,2026-03-05 17:00:00,97650.86,97840.6,97599.97,97785.01
1772733600,2026-03-05 18:00:00,97782.07,97828.97,97594.88,97650.23
1772737200,2026-03-05 19:00:00,97648.66,97649.39,97472.06,97578.19
1772740800,2026-03-05 20:00:00,97578.14,97683.09,97494.64,97615.37
1772744400,2026-03-05 21:00:00,97614.59,97830.96,97588.03,97785.84
1772748000,2026-03-05 22:00:00,97787.38,97798.63,97543.71,97557.11
1772751600,2026-03-05 23:00:00,97556.98,97652.23,97364.23,97381.34
1772755200,2026-03-06 00:00:00,97381.46,97580.05,97339.44,97539.3
1772758800,2026-03-06 01:00:00,97540.18,97650.86,97484.34,97499.05
1772762400,2026-03-06 02:00:00,97496.66,97503.51,97280,97422.45
1772766000,2026-03-06 03:00:00,97420.88,97435.21,97256.38,97394.37
1772769600,2026-03-06 04:00:00,97395.53,97495.35,97282.07,97462.66
1772773200,2026-03-06 05:00:00,97461.68,97462.32,97248.25,97262.67
1772776800,2026-03-06 06:00:00,97261.07,97282.59,96894.77,97000.9
1772780400,2026-03-06 07:00:00,97000.4,97056.88,96741.97,96758.17
1772784000,2026-03-06 08:00:00,96757.56,96832.32,96654.8,96657
1772787600,2026-03-06 09:00:00,96656.28,96757.7,96476.88,96582.02
1772791200,2026-03-06 10:00:00,96583.09,96634.25,96460.15,96493.75
1772794800,2026-03-06 11:00:00,96494.28,96587.74,96398.51,96564.6
1772798400,2026-03-06 12:00:00,96561.94,96571.08,96357.44,96396.56
1772802000,2026-03-06 13:00:00,96394.68,96497.5,96318.66,96435.12
1772805600,2026-03-06 14:00:00,96437.47,96496.73,96328.17,96373.93
1772809200,2026-03-06 15:00:00,96374.33,96484.88,96238.45,96277.29
1772812800,2026-03-06 16:00:00,96276.91,96284.88,96115.2,96158.61
1772816400,2026-03-06 17:00:00,96157.26,96195.59,95956.59,96146.1
1772820000,2026-03-06 18:00:00,96141.3,96333.24,96111.82,96333.24
1772823600,2026-03-06 19:00:00,96333.96,96443.84,96288.92,96325.39
1772827200,2026-03-06 20:00:00,96326.5,96556.16,96305.86,96548.43
1772830800,2026-03-06 21:00:00,96551.98,96620.1,96460.15,96577.71
1772834400,2026-03-06 22:00:00,96577.45,96619.51,96306.06,96349.54
1772838000,2026-03-06 23:00:00,96348.01,96536.57,96320.83,96520.94
1772841600,2026-03-07 00:00:00,96522.49,96525.32,96411.2,96450.36
1772845200,2026-03-07 01:00:00,96451.45,96659.22,96438.45,96551.88
1772848800,2026-03-07 02:00:00,96551.02,96578.75,96473.62,96550.71
1772852400,2026-03-07 03:00:00,96550.73,96554.68,96254.95,96262.49
1772856000,2026-03-07 04:00:00,96263.29,96364.67,96100.82,96148.46
1772859600,2026-03-07 05:00:00,96146.07,96203.4,96007.72,96048.24
1772863200,2026-03-07 06:00:00,96050.81,96057.76,95813.94,95838.61
1772866800,2026-03-07 07:00:00,95835.8,95886.33,95757.34,95848.37
1772870400,2026-03-07 08:00:00,95847.66,95854.55,95662.1,95664.25
1772874000,2026-03-07 09:00:00,95662.01,95662.45,95453.87,95488.07
1772877600,2026-03-07 10:00:00,95487.89,95585.59,95411.63,95545.61
1772881200,2026-03-07 11:00:00,95547.68,95654.28,95510.14,95549.95
1772884800,2026-03-07 12:00:00,95550.88,95566.32,95326.52,95351.81
1772888400,2026-03-07 13:00:00,95353.17,95409.66,95265.93,95269.5
1772892000,2026-03-07 14:00:00,95271.15,95400.31,95244.71,95393.92
1772895600,2026-03-07 15:00:00,95395.42,95403.8,95094.3,95159.21
1772899200,2026-03-07 16:00:00,95160.06,95242.82,95059.29,95157.2
1772902800,2026-03-07 17:00:00,95161.53,95288.49,95035.95,95148.72
1772906400,2026-03-07 18:00:00,95150.15,95218.66,95025.38,95162.24
1772910000,2026-03-07 19:00:00,95162.55,95188.2,95041.24,95092.66
1772913600,2026-03-07 20:00:00,95092.68,95187.51,95048.72,95120.51
1772917200,2026-03-07 21:00:00,95122.64,95124.75,94901.82,95008.75
1772920800,2026-03-07 22:00:00,95009.57,95009.63,94880.69,94977.89
1772924400,2026-03-07 23:00:00,94978.35,95008.38,94851.83,94973.2
1772928000,2026-03-08 00:00:00,94973.19,95021.61,94907.79,94973.73
1772931600,2026-03-08 01:00:00,94972.99,95166.84,94935.09,95166.71
1772935200,2026-03-08 02:00:00,95164.25,95211.34,94916.31,94995.11
1772938800,2026-03-08 03:00:00,94994.47,95233.28,94910.25,95222.45
1772942400,2026-03-08 04:00:00,95225.06,95247.55,95134.42,95208.5
1772946000,2026-03-08 05:00:00,95206.2,95247.06,94990.32,94998.72
1772949600,2026-03-08 06:00:00,94996.9,95221.55,94965.93,95219.56
1772953200,2026-03-08 07:00:00,95219.79,95385.97,95217.56,95385.16
1772956800,2026-03-08 08:00:00,95386.98,95432.75,95271.29,95423.59
1772960400,2026-03-08 09:00:00,95425.52,95599.39,95332.34,95594.42
1772964000,2026-03-08 10:00:00,95594.36,95887.56,95540.43,95839.08
1772967600,2026-03-08 11:00:00,95838.75,95838.75,95661.54,95763.79
1772971200,2026-03-08 12:00:00,95762.92,95903.36,95722.52,95780.95
1772974800,2026-03-08 13:00:00,95778.69,95892.15,95773.11,95801.63
1772978400,2026-03-08 14:00:00,95801.46,95842.63,95683.26,95752.22
1772982000,2026-03-08 15:00:00,95755.69,95827.87,95497.73,95544.62
1772985600,2026-03-08 16:00:00,95542.07,95711.65,95469.93,95655.81
1772989200,2026-03-08 17:00:00,95654.25,95939.76,95648.85,95933.4
1772992800,2026-03-08 18:00:00,95933.25,96079.16,95907.36,96018.07
1772996400,2026-03-08 19:00:00,96017.56,96232.5,96002.41,96134.01
1773000000,2026-03-08 20:00:00,96132.32,96508.98,96129.87,96386.19
1773003600,2026-03-08 21:00:00,96387.9,96429.05,96090.26,96232.46
1773007200,2026-03-08 22:00:00,96231.86,96452.15,96215.81,96382.61
1773010800,2026-03-08 23:00:00,96381.59,96428.26,96323.16,96403.55
1773014400,2026-03-09 00:00:00,96402.45,96583.85,96383.89,96494.72
1773018000,2026-03-09 01:00:00,96492.7,96522.26,96229.7,96249.51
1773021600,2026-03-09 02:00:00,96250.37,96457.67,96217.06,96415.53
1773025200,2026-03-09 03:00:00,96417.5,96448.37,96288.35,96335.59
1773028800,2026-03-09 04:00:00,96336.33,96401.09,96270.3,96272.95
1773032400,2026-03-09 05:00:00,96273.37,96366.56,96130.97,96183.29
1773036000,2026-03-09 06:00:00,96185.13,96303.31,96179.27,96263.65
1773039600,2026-03-09 07:00:00,96263.79,96540.69,96255.05,96506.96
1773043200,2026-03-09 08:00:00,96506.43,96589.7,96456.67,96583.46
1773046800,2026-03-09 09:00:00,96583.5,96595.43,96410.35,96483.07
1773050400,2026-03-09 10:00:00,96484.33,96645.64,96467.25,96512.36
1773054000,2026-03-09 11:00:00,96513.61,96607.13,96421.36,96498.64
1773057600,2026-03-09 12:00:00,96496.99,96694.99,96407.78,96425.78
1773061200,2026-03-09 13:00:00,96422.5,96570.04,96356.66,96528.24
1773064800,2026-03-09 14:00:00,96529.51,96573.93,96389.69,96487.75
1773068400,2026-03-09 15:00:00,96489.66,96549.17,96294.79,96439.67
1773072000,2026-03-09 16:00:00,96439.66,96441.04,96203.68,96205.77
1773075600,2026-03-09 17:00:00,96206.56,96413.17,96192.82,96356.63
1773079200,2026-03-09 18:00:00,96358.35,96382.12,96121.72,96128.9
1773082800,2026-03-09 19:00:00,96125.68,96134.82,95864.42,95872.83
1773086400,2026-03-09 20:00:00,95873.34,96042.08,95704.2,96030.95
1773090000,2026-03-09 21:00:00,96029.25,96058.98,95918.17,95974.97
1773093600,2026-03-09 22:00:00,95976.68,96033.85,95860.61,95888.89
1773097200,2026-03-09 23:00:00,95887.06,95889.89,95716.99,95772.37
1773100800,2026-03-10 00:00:00,95771.68,95980.17,95749.88,95934.4
1773104400,2026-03-10 01:00:00,95936.13,96147.64,95936.13,96106.29
1773108000,2026-03-10 02:00:00,96102.81,96110.96,95904.27,95940.91
1773111600,2026-03-10 03:00:00,95941.4,95981.78,95779.03,95875.99
1773115200,2026-03-10 04:00:00,95876.25,95937.54,95756.88,95868.24
1773118800,2026-03-10 05:00:00,95868.53,95870.59,95576.86,95609.62
1773122400,2026-03-10 06:00:00,95608.69,95708.41,95573.27,95694.48
1773126000,2026-03-10 07:00:00,95693.35,95774.63,95481.7,95487.24
1773129600,2026-03-10 08:00:00,95488.9,95577.29,95397.79,95450.29
1773133200,2026-03-10 09:00:00,95449.54,95539.81,95361.43,95458.58
1773136800,2026-03-10 10:00:00,95460.02,95497.38,95384.12,95440.34
1773140400,2026-03-10 11:00:00,95439.11,95481.53,95228.03,95263.68
1773144000,2026-03-10 12:00:00,95263.65,95433.29,95125.54,95380.13
1773147600,2026-03-10 13:00:00,95382.11,95531.2,95285.81,95299.59
1773151200,2026-03-10 14:00:00,95301.24,95313.11,95183.79,95270.48
1773154800,2026-03-10 15:00:00,95270.97,95401.57,95206.12,95206.12
1773158400,2026-03-10 16:00:00,95206.31,95401.38,95206.31,95357.09
1773162000,2026-03-10 17:00:00,95357.26,95705.15,95352.4,95689.62
1773165600,2026-03-10 18:00:00,95690.68,95691.38,95387.77,95387.77
1773169200,2026-03-10 19:00:00,95386.34,95467.58,95281.89,95317.8
1773172800,2026-03-10 20:00:00,95314.54,95317.42,95088.29,95099.06
1773176400,2026-03-10 21:00:00,95098,95226.61,95064.77,95177.39
1773180000,2026-03-10 22:00:00,95179.26,95241.9,95120.13,95169.59
1773183600,2026-03-10 23:00:00,95171.02,95235.03,95130.26,95150.68
1773187200,2026-03-11 00:00:00,95150.28,95349.45,95121.49,95303.18
1773190800,2026-03-11 01:00:00,95303.48,95422.51,95293.39,95418.91
1773194400,2026-03-11 02:00:00,95419.4,95508.63,95382.15,95493.13
1773198000,2026-03-11 03:00:00,95495.74,95640,95432.65,95573.76
1773201600,2026-03-11 04:00:00,95572.62,95600.48,95305.47,95312.34
1773205200,2026-03-11 05:00:00,95313.35,95508.75,95313.35,95440.09
1773208800,2026-03-11 06:00:00,95441.24,95500.25,95344.99,95468.15
1773212400,2026-03-11 07:00:00,95467.58,95545.19,95414.82,95545.19
1773216000,2026-03-11 08:00:00,95545.42,95705.07,95540.06,95595.89
1773219600,2026-03-11 09:00:00,95595.77,95708.37,95555.38,95623.55
1773223200,2026-03-11 10:00:00,95620.35,95714.45,95588.06,95697.32
1773226800,2026-03-11 11:00:00,95697.82,95825.16,95667.78,95727.47
1773230400,2026-03-11 12:00:00,95731.28,95824.37,95636.76,95822.27
1773234000,2026-03-11 13:00:00,95821.9,95961.08,95781.8,95930.97
1773237600,2026-03-11 14:00:00,95931.01,96043.69,95916.79,96015.47
1773241200,2026-03-11 15:00:00,96014.88,96058.73,95925.19,96010.4
1773244800,2026-03-11 16:00:00,96010.46,96032.51,95915.12,96014.29
1773248400,2026-03-11 17:00:00,96015.92,96019.06,95748.42,95810.48
1773252000,2026-03-11 18:00:00,95813.6,96059.25,95740.98,96014.59
1773255600,2026-03-11 19:00:00,96014.05,96248.73,96006.19,96210.93
1773259200,2026-03-11 20:00:00,96209.65,96334.87,96182.78,96279.47
1773262800,2026-03-11 21:00:00,96279.98,96281.16,96185.41,96185.41
1773266400,2026-03-11 22:00:00,96186.06,96219.1,96068.01,96162.92
1773270000,2026-03-11 23:00:00,96164.97,96412.96,96155.19,96412.96
1773273600,2026-03-12 00:00:00,96412.86,96478.45,96314.6,96345.2
1773277200,2026-03-12 01:00:00,96345.98,96366.69,96195.45,96319.54
1773280800,2026-03-12 02:00:00,96321.86,96432.84,96294.85,96364.98
1773284400,2026-03-12 03:00:00,96366.58,96382.7,96088.21,96122.91
1773288000,2026-03-12 04:00:00,96122.08,96144.14,95804.57,95815.93
1773291600,2026-03-12 05:00:00,95813.32,95917.07,95806.32,95831.15
1773295200,2026-03-12 06:00:00,95832.78,96077.27,95829.49,96030.44
1773298800,2026-03-12 07:00:00,96030.5,96158.34,96013.32,96120.34
1773302400,2026-03-12 08:00:00,96122.91,96261.44,96070.69,96241.83
1773306000,2026-03-12 09:00:00,96242.17,96369.11,96239.54,96326.9
1773309600,2026-03-12 10:00:00,96327.51,96379.47,96204.43,96299.64
1773313200,2026-03-12 11:00:00,96301.39,96400.26,96206.96,96228.08
1773316800,2026-03-12 12:00:00,96225.84,96256.5,96058.41,96082.52
1773320400,2026-03-12 13:00:00,96083.5,96121.59,95930.58,96011.89
1773324000,2026-03-12 14:00:00,96012.09,96082.99,95846.43,96071.65
1773327600,2026-03-12 15:00:00,96073.19,96308.18,96052.16,96308.18
1773331200,2026-03-12 16:00:00,96307.3,96538.66,96293.14,96534.76
1773334800,2026-03-12 17:00:00,96534.05,96849,96480.7,96799.83
1773338400,2026-03-12 18:00:00,96797.97,97025.76,96782.97,96915.85
1773342000,2026-03-12 19:00:00,96916.81,96940.57,96805.2,96934.86
1773345600,2026-03-12 20:00:00,96931,96966.08,96812.34,96914.92
1773349200,2026-03-12 21:00:00,96913.41,96991.27,96762.38,96819.36
1773352800,2026-03-12 22:00:00,96818.14,96826.07,96633.2,96725.02
1773356400,2026-03-12 23:00:00,96723.97,96918.01,96717.93,96800.53
1773360000,2026-03-13 00:00:00,96801.15,96807.4,96638.53,96662.35
1773363600,2026-03-13 01:00:00,96661.82,96707.75,96515.23,96517.51
1773367200,2026-03-13 02:00:00,96519.18,96691.55,96499.54,96609.47
1773370800,2026-03-13 03:00:00,96609.53,96653.8,96480.77,96651.35
1773374400,2026-03-13 04:00:00,96649.7,96798.75,96590.07,96778
1773378000,2026-03-13 05:00:00,96777,96942.88,96749.5,96886.87
1773381600,2026-03-13 06:00:00,96889.09,97031.36,96838.94,96995.07
1773385200,2026-03-13 07:00:00,96997.09,97017.47,96776.79,96780.58
1773388800,2026-03-13 08:00:00,96780.06,96888.71,96694.94,96731.54
1773392400,2026-03-13 09:00:00,96730.23,96964.45,96730.23,96763.52
1773396000,2026-03-13 10:00:00,96761.49,96829.07,96683.98,96817.09
1773399600,2026-03-13 11:00:00,96819.19,96876.32,96609.62,96611.42
1773403200,2026-03-13 12:00:00,96609.76,96612.47,96413.97,96441.72
1773406800,2026-03-13 13:00:00,96438.03,96570.73,96387.74,96556.48
1773410400,2026-03-13 14:00:00,96559.78,96631.64,96409.17,96446.87
1773414000,2026-03-13 15:00:00,96447.92,96555.98,96424.44,96526.52
1773417600,2026-03-13 16:00:00,96523.01,96622.84,96431.1,96601.33
1773421200,2026-03-13 17:00:00,96603.25,96752.55,96536.91,96707.5
1773424800,2026-03-13 18:00:00,96707.63,96729.25,96634.51,96674.96
1773428400,2026-03-13 19:00:00,96674.54,96793.39,96651.46,96710.7
1773432000,2026-03-13 20:00:00,96712.07,96757.54,96633.52,96748.79
1773435600,2026-03-13 21:00:00,96748.06,96971.3,96745.1,96953.84
1773439200,2026-03-13 22:00:00,96956.44,97015.41,96834.62,96964.59
1773442800,2026-03-13 23:00:00,96964.28,97013.64,96891.47,96983.9
1773446400,2026-03-14 00:00:00,96983.68,97025.27,96732.49,96758.61
1773450000,2026-03-14 01:00:00,96757.29,96876.55,96718.17,96809.8
1773453600,2026-03-14 02:00:00,96811.48,96932.68,96811.48,96904.59
1773457200,2026-03-14 03:00:00,96903.72,96919.85,96719.98,96729.7
1773460800,2026-03-14 04:00:00,96729.4,96939.97,96729.4,96863.74
1773464400,2026-03-14 05:00:00,96861.8,96899.35,96689.06,96722.19
1773468000,2026-03-14 06:00:00,96722.17,96777.77,96643.78,96697.4
1773471600,2026-03-14 07:00:00,96697.35,96749.35,96640.31,96706.44
1773475200,2026-03-14 08:00:00,96710.23,96790.03,96642.16,96737.23
1773478800,2026-03-14 09:00:00,96735.74,96770.97,96612.6,96748.68
1773482400,2026-03-14 10:00:00,96748.21,96806.11,96552.38,96570
1773486000,2026-03-14 11:00:00,96571.65,96663.89,96507.05,96660.27
1773489600,2026-03-14 12:00:00,96659.29,96664.2,96383.08,96386.88
1773493200,2026-03-14 13:00:00,96384.33,96444.37,96252.52,96254.98
1773496800,2026-03-14 14:00:00,96256.71,96406.95,96255.79,96333.55
1773500400,2026-03-14 15:00:00,96331.99,96332.3,96136.13,96264.33
1773504000,2026-03-14 16:00:00,96262.73,96303.38,96188.55,96233.45
1773507600,2026-03-14 17:00:00,96232.63,96305.31,96045.46,96055.33
1773511200,2026-03-14 18:00:00,96057.41,96097.45,96012.97,96082.75
1773514800,2026-03-14 19:00:00,96082.28,96162.1,95994.39,96078.18
1773518400,2026-03-14 20:00:00,96076.63,96261.19,96067.4,96211.4
1773522000,2026-03-14 21:00:00,96213.06,96336.52,96159.38,96321.59
1773525600,2026-03-14 22:00:00,96320.39,96322.7,96212.69,96254.04
1773529200,2026-03-14 23:00:00,96255.47,96305.08,96118.42,96271.82
1773532800,2026-03-15 00:00:00,96273.85,96311.7,96190.96,96282.65
1773536400,2026-03-15 01:00:00,96285.22,96387.69,96192.64,96228.18
1773540000,2026-03-15 02:00:00,96227.96,96316.97,96172.94,96264.12
1773543600,2026-03-15 03:00:00,96264.53,96302.07,96124.42,96180.67
1773547200,2026-03-15 04:00:00,96183.27,96331.28,96174.32,96325.28
1773550800,2026-03-15 05:00:00,96323.74,96393.65,96261.58,96319.78
1773554400,2026-03-15 06:00:00,96315.07,96383.77,96126.75,96287.79
1773558000,2026-03-15 07:00:00,96289.54,96301.79,96061.71,96100.3
1773561600,2026-03-15 08:00:00,96101.23,96134.65,95904.66,95909.4
1773565200,2026-03-15 09:00:00,95907.24,96066.68,95859.37,96061.97
1773568800,2026-03-15 10:00:00,96064.64,96360.49,96057.14,96337.37
1773572400,2026-03-15 11:00:00,96335.51,96653.08,96330.81,96575.11
1773576000,2026-03-15 12:00:00,96574.78,96626.56,96471.19,96561.24
1773579600,2026-03-15 13:00:00,96561.45,96574.38,96396.96,96402.04
1773583200,2026-03-15 14:00:00,96402.58,96453.21,96328.69,96407.63
1773586800,2026-03-15 15:00:00,96408.14,96539.91,96399.64,96461.94
1773590400,2026-03-15 16:00:00,96463.7,96615.16,96460.37,96594.55
1773594000,2026-03-15 17:00:00,96593.03,96683.07,96533.11,96581.5
1773597600,2026-03-15 18:00:00,96581.38,96710.49,96477.42,96545.71
1773601200,2026-03-15 19:00:00,96546.95,96633.53,96540.68,96590.41
1773604800,2026-03-15 20:00:00,96591.73,96663.82,96455.91,96479.9
1773608400,2026-03-15 21:00:00,96479.79,96686.28,96429.68,96626.3
1773612000,2026-03-15 22:00:00,96628.12,96669.73,96496.37,96528.54
1773615600,2026-03-15 23:00:00,96526.68,96565.4,96408.3,96452.85
1773619200,2026-03-16 00:00:00,96452.08,96466.92,96272.73,96303.03
1773622800,2026-03-16 01:00:00,96301.91,96307.96,96041.16,96058.07
1773626400,2026-03-16 02:00:00,96059.84,96088.49,95936.75,95997.82
1773630000,2026-03-16 03:00:00,95996.81,96059.57,95858.43,95891.92
1773633600,2026-03-16 04:00:00,95893.51,96009.73,95868.39,95928.81
1773637200,2026-03-16 05:00:00,95929.24,95943.21,95588.72,95668.68
1773640800,2026-03-16 06:00:00,95667.79,95875.78,95666.18,95868.68
1773644400,2026-03-16 07:00:00,95868.92,95918.92,95672.31,95685.71
1773648000,2026-03-16 08:00:00,95687.7,95807.23,95660.61,95774.35
1773651600,2026-03-16 09:00:00,95773.09,96009.04,95764.11,96003.53
1773655200,2026-03-16 10:00:00,96002.46,96101.39,95960.36,96021.61
1773658800,2026-03-16 11:00:00,96023.85,96139.56,95980.37,96025.15
1773662400,2026-03-16 12:00:00,96024.92,96123.14,95979.46,96122.65
1773666000,2026-03-16 13:00:00,96123.51,96174.52,95922.27,96074.57
1773669600,2026-03-16 14:00:00,96074.43,96094.5,95913.73,96037.73
1773673200,2026-03-16 15:00:00,96035.78,96182.64,95954.17,96150.96
1773676800,2026-03-16 16:00:00,96151.17,96513.97,96151.17,96513.97
1773680400,2026-03-16 17:00:00,96513.91,96628.86,96443.48,96613.12
1773684000,2026-03-16 18:00:00,96612.69,96754.21,96588.31,96686.71
1773687600,2026-03-16 19:00:00,96685.09,96743.97,96477.33,96486.05
1773691200,2026-03-16 20:00:00,96485.87,96587.56,96477.34,96534.45
1773694800,2026-03-16 21:00:00,96536.99,96690.67,96474.77,96611.9
1773698400,2026-03-16 22:00:00,96610.1,96761.05,96606.29,96744.01
1773702000,2026-03-16 23:00:00,96743.89,96958.87,96718.81,96940.93
1773705600,2026-03-17 00:00:00,96941.98,97071.29,96864.59,96991.87
1773709200,2026-03-17 01:00:00,96990.64,97004.74,96866.25,96938.38
1773712800,2026-03-17 02:00:00,96940.02,97034.83,96813.64,96856.69
1773716400,2026-03-17 03:00:00,96860.07,96912.92,96745.18,96820.86
1773720000,2026-03-17 04:00:00,96822.8,96830.3,96629.05,96648.01
1773723600,2026-03-17 05:00:00,96647.05,96691.9,96512.82,96585.44
1773727200,2026-03-17 06:00:00,96586.58,96645.57,96394.72,96423.08
1773730800,2026-03-17 07:00:00,96424.61,96467.82,96250.83,96295.23
1773734400,2026-03-17 08:00:00,96295.02,96342.95,96084.96,96088.85
1773738000,2026-03-17 09:00:00,96089.05,96242.99,96039.57,96242.99
1773741600,2026-03-17 10:00:00,96243.09,96248.17,95983.33,96046.42
1773745200,2026-03-17 11:00:00,96048.16,96225.75,96046.14,96192
1773748800,2026-03-17 12:00:00,96191.58,96198.32,96046.61,96046.93
1773752400,2026-03-17 13:00:00,96045.32,96068.69,95915.96,95915.96
1773756000,2026-03-17 14:00:00,95916.97,96037.02,95901.94,95937.34
1773759600,2026-03-17 15:00:00,95938.6,96074.06,95919.9,96069.72
1773763200,2026-03-17 16:00:00,96070.27,96349.61,96055.49,96319.37
1773766800,2026-03-17 17:00:00,96319.66,96463.19,96262.32,96454.63
1773770400,2026-03-17 18:00:00,96455.78,96611.67,96452.19,96569.16
1773774000,2026-03-17 19:00:00,96569.75,96650.22,96374.89,96619.79
1773777600,2026-03-17 20:00:00,96620.66,96649.01,96500.81,96520.21
1773781200,2026-03-17 21:00:00,96518.97,96555.35,96329.31,96348.97
1773784800,2026-03-17 22:00:00,96347.73,96410.72,96293.92,96343.63
1773788400,2026-03-17 23:00:00,96342.17,96386.76,96203.47,96256.78
1773792000,2026-03-18 00:00:00,96258.85,96327.17,96180.63,96182.61
1773795600,2026-03-18 01:00:00,96182.52,96562.36,96167.49,96560.8
1773799200,2026-03-18 02:00:00,96559.95,96820.09,96538.28,96731.17
1773802800,2026-03-18 03:00:00,96728.17,96728.17,96405.15,96417.7
1773806400,2026-03-18 04:00:00,96416.66,96449.35,96296.21,96350.81
1773810000,2026-03-18 05:00:00,96348.58,96477.99,96323.58,96445.23
1773813600,2026-03-18 06:00:00,96444.14,96553.41,96360.46,96370.75
1773817200,2026-03-18 07:00:00,96370.77,96474.04,96362.88,96465.06
1773820800,2026-03-18 08:00:00,96466.86,96473.13,96378.12,96414.16
1773824400,2026-03-18 09:00:00,96417.62,96552.55,96392.91,96435.65
1773828000,2026-03-18 10:00:00,96438.21,96603.26,96423.66,96596.18
1773831600,2026-03-18 11:00:00,96597.63,96770.43,96561.32,96741.13
1773835200,2026-03-18 12:00:00,96738.3,96772.93,96594.76,96604.53
1773838800,2026-03-18 13:00:00,96602.37,96765.52,96602.37,96701.68
1773842400,2026-03-18 14:00:00,96701.6,96872.35,96626.92,96808.85
1773846000,2026-03-18 15:00:00,96811.55,96853.69,96510.96,96825.77
1773849600,2026-03-18 16:00:00,96826.61,96946.23,96771.39,96872.92
1773853200,2026-03-18 17:00:00,96870.64,96941.33,96732.2,96736.74
1773856800,2026-03-18 18:00:00,96736.29,96990.6,96708.63,96982.23
1773860400,2026-03-18 19:00:00,96981.96,96995.69,96852.25,96920.86
1773864000,2026-03-18 20:00:00,96921.71,96954.54,96822.73,96942.97
1773867600,2026-03-18 21:00:00,96942.57,97066.16,96829.68,97026.02
1773871200,2026-03-18 22:00:00,97024.51,97258.47,96973.55,97044.95
1773874800,2026-03-18 23:00:00,97042.13,97085.09,96771.82,96792.75
1773878400,2026-03-19 00:00:00,96794.8,96861.84,96696.14,96766.84
1773882000,2026-03-19 01:00:00,96767.58,96845.43,96537.77,96543.15
1773885600,2026-03-19 02:00:00,96545.93,96583.08,96409.98,96417.6
1773889200,2026-03-19 03:00:00,96417,96490.65,96288.9,96312.88
1773892800,2026-03-19 04:00:00,96312.58,96370.09,96199.99,96260.13
1773896400,2026-03-19 05:00:00,96261.4,96280.6,96128.55,96133.32
1773900000,2026-03-19 06:00:00,96135.02,96225.34,96110.73,96135.34
1773903600,2026-03-19 07:00:00,96135.89,96196.23,95996.69,96141.89
1773907200,2026-03-19 08:00:00,96143.32,96287.11,95984.32,96243.59
1773910800,2026-03-19 09:00:00,96242.32,96295.22,96171.96,96265.25
1773914400,2026-03-19 10:00:00,96264.88,96344.25,96195.36,96333.11
1773918000,2026-03-19 11:00:00,96331.74,96411.11,96206.72,96362.6
1773921600,2026-03-19 12:00:00,96365.62,96404,96305.12,96355.41
1773925200,2026-03-19 13:00:00,96353.98,96615.01,96335.11,96612.75
1773928800,2026-03-19 14:00:00,96613.65,96657.95,96523.09,96581.04
1773932400,2026-03-19 15:00:00,96582.76,96589.69,96423.64,96476.29
1773936000,2026-03-19 16:00:00,96474.31,96525.89,96368.03,96505.32
1773939600,2026-03-19 17:00:00,96506.01,96687.14,96478.41,96619.01
1773943200,2026-03-19 18:00:00,96619.17,96796.5,96610.51,96770.78
1773946800,2026-03-19 19:00:00,96771.02,96977.94,96758.97,96941.81
1773950400,2026-03-19 20:00:00,96938.58,97100.9,96937.69,97033.48
1773954000,2026-03-19 21:00:00,97032.87,97354.37,97030.59,97340.45
1773957600,2026-03-19 22:00:00,97338.45,97443.59,97243.14,97433.89
1773961200,2026-03-19 23:00:00,97433.92,97592.35,97406.54,97579.42
1773964800,2026-03-20 00:00:00,97579.7,97679.02,97483.02,97592.84
1773968400,2026-03-20 01:00:00,97593.59,97599.84,97389.55,97449.92
1773972000,2026-03-20 02:00:00,97448.88,97526.29,97384.84,97511.55
1773975600,2026-03-20 03:00:00,97513.21,97560.22,97448.93,97504.25
1773979200,2026-03-20 04:00:00,97506.86,97604.47,97384.85,97572.96
1773982800,2026-03-20 05:00:00,97574.78,97633.97,97477.16,97516.43
1773986400,2026-03-20 06:00:00,97514.82,97617.44,97450.29,97475.87
1773990000,2026-03-20 07:00:00,97475.58,97542.57,97224.43,97257.83
1773993600,2026-03-20 08:00:00,97259.13,97260.29,97112.71,97191.22
1773997200,2026-03-20 09:00:00,97190.44,97506.32,97143.91,97489.05
1774000800,2026-03-20 10:00:00,97487.76,97706.28,97453.41,97706.28
1774004400,2026-03-20 11:00:00,97707.85,97799.82,97619.37,97721.07
1774008000,2026-03-20 12:00:00,97724.28,97876.5,97636.38,97833.32
1774011600,2026-03-20 13:00:00,97834.41,97980.74,97809.38,97887.22
1774015200,2026-03-20 14:00:00,97886.69,98025.19,97886.69,98004.55
1774018800,2026-03-20 15:00:00,98004.72,98086.75,97809.47,97853.08
1774022400,2026-03-20 16:00:00,97850.96,97917.32,97756.18,97912.06
1774026000,2026-03-20 17:00:00,97905.85,98127.25,97887.28,98072.46
1774029600,2026-03-20 18:00:00,98072.25,98156.8,98038,98047.38
1774033200,2026-03-20 19:00:00,98051.23,98069.64,97875.74,98028.44
1774036800,2026-03-20 20:00:00,98026.53,98050.66,97924.92,97949.73
1774040400,2026-03-20 21:00:00,97951.82,97966.91,97850.8,97875.69
1774044000,2026-03-20 22:00:00,97876.13,98023.24,97832.44,97985.77
1774047600,2026-03-20 23:00:00,97985.04,98005.92,97682.88,97810.81
1774051200,2026-03-21 00:00:00,97812.36,97972.37,97750.88,97961.14
1774054800,2026-03-21 01:00:00,97964.39,98077.54,97924.84,98010.48
1774058400,2026-03-21 02:00:00,98012.17,98087.36,97942.09,97950.97
1774062000,2026-03-21 03:00:00,97950.56,97957.31,97757.4,97757.4
1774065600,2026-03-21 04:00:00,97756.8,98023.51,97688.14,97999.56
1774069200,2026-03-21 05:00:00,97998.53,98026.04,97845.55,97989.27
1774072800,2026-03-21 06:00:00,97986.87,97990.78,97789.6,97882.88
1774076400,2026-03-21 07:00:00,97882.27,98089.97,97865.36,97934.58
1774080000,2026-03-21 08:00:00,97930.76,98151.42,97920.2,98137.28
1774083600,2026-03-21 09:00:00,98141.06,98165.98,97895.99,97941.9
1774087200,2026-03-21 10:00:00,97943.93,97968.02,97757.58,97917.21
1774090800,2026-03-21 11:00:00,97918.79,97927.05,97671.06,97678.56
1774094400,2026-03-21 12:00:00,97677.96,97762.76,97623.46,97693.55
1774098000,2026-03-21 13:00:00,97693.18,97923.62,97677.11,97809.31
1774101600,2026-03-21 14:00:00,97809.49,97819.7,97642.2,97653.56
1774105200,2026-03-21 15:00:00,97653.37,97821.29,97611.94,97773.82
1774108800,2026-03-21 16:00:00,97775.24,97860.85,97723.15,97724.29
1774112400,2026-03-21 17:00:00,97724.85,97921.15,97722.8,97776.25
1774116000,2026-03-21 18:00:00,97777.45,97871.28,97659.18,97728.9
1774119600,2026-03-21 19:00:00,97729.09,97790.36,97588.58,97640.44
1774123200,2026-03-21 20:00:00,97643.97,97761.87,97616.15,97758.68
1774126800,2026-03-21 21:00:00,97756.11,97847.74,97716.36,97834.35
1774130400,2026-03-21 22:00:00,97834.91,97951.77,97710.2,97750.11
1774134000,2026-03-21 23:00:00,97748.35,97819.34,97673.41,97794.91
1774137600,2026-03-22 00:00:00,97792.08,97981.87,97779.69,97889.72
1774141200,2026-03-22 01:00:00,97889.3,98010.23,97850.64,97959.04
1774144800,2026-03-22 02:00:00,97962.49,98111.56,97881.06,98100.42
1774148400,2026-03-22 03:00:00,98102.33,98173.76,98039.79,98093.23
1774152000,2026-03-22 04:00:00,98095.71,98150.32,98028.25,98120.67
1774155600,2026-03-22 05:00:00,98118.61,98335.5,98118.61,98312.5
1774159200,2026-03-22 06:00:00,98312.17,98316.35,98136.88,98154.11
1774162800,2026-03-22 07:00:00,98153.62,98246.96,98045.57,98237.52
1774166400,2026-03-22 08:00:00,98235.53,98273.57,98119.52,98252.32
1774170000,2026-03-22 09:00:00,98252.82,98389.4,98227.4,98347.26
1774173600,2026-03-22 10:00:00,98348.85,98383.22,98184.69,98279.64
1774177200,2026-03-22 11:00:00,98279.12,98470.81,98263.9,98351.89
1774180800,2026-03-22 12:00:00,98354.38,98533.55,98353.7,98439.5
1774184400,2026-03-22 13:00:00,98439.67,98545.08,98285.81,98294.63
1774188000,2026-03-22 14:00:00,98293.78,98348.76,98189.77,98276.07
1774191600,2026-03-22 15:00:00,98276.59,98281.24,98083.61,98126.55
1774195200,2026-03-22 16:00:00,98127.64,98199.49,97999.62,98088.19
1774198800,2026-03-22 17:00:00,98086.27,98175.74,98042.47,98169.49
1774202400,2026-03-22 18:00:00,98168.47,98267.55,98091.01,98263.23
1774206000,2026-03-22 19:00:00,98263.38,98374.84,97861.29,97869.29
1774209600,2026-03-22 20:00:00,97867.36,97913.22,97594.97,97599.81
1774213200,2026-03-22 21:00:00,97599.08,98066.85,97592.82,98066.11
1774216800,2026-03-22 22:00:00,98067.45,98153.94,98028.43,98042.24
1774220400,2026-03-22 23:00:00,98039.69,98178.2,98015.07,98110.93
1774224000,2026-03-23 00:00:00,98109.3,98159.91,97919.28,97964.06
1774227600,2026-03-23 01:00:00,97964.77,98130.68,97940.96,98108.04
1774231200,2026-03-23 02:00:00,98104.62,98121.81,97914.43,97986.22
1774234800,2026-03-23 03:00:00,97988.52,98046.26,97832.68,97838.1
1774238400,2026-03-23 04:00:00,97839.33,97916.52,97736.69,97752.97
1774242000,2026-03-23 05:00:00,97755.07,97763.86,97582.76,97648.13
1774245600,2026-03-23 06:00:00,97648.04,97768.41,97589.75,97760.36
1774249200,2026-03-23 07:00:00,97762.06,97770.33,97587.75,97596.77
1774252800,2026-03-23 08:00:00,97600.78,97630.92,97352.9,97443.53
1774256400,2026-03-23 09:00:00,97442.98,97489.1,97320.92,97430.78
1774260000,2026-03-23 10:00:00,97433.27,97535.82,97355.02,97377.09
1774263600,2026-03-23 11:00:00,97380.07,97512.34,97323.21,97473.13
1774267200,2026-03-23 12:00:00,97473.51,97506.12,97355.8,97472.96
1774270800,2026-03-23 13:00:00,97470.17,97672.36,97449.62,97587.91
1774274400,2026-03-23 14:00:00,97590.21,97719.34,97574.22,97598
1774278000,2026-03-23 15:00:00,97597.18,98014.07,97594.99,97994.14
1774281600,2026-03-23 16:00:00,97995.01,98144.15,97948.32,98088.85
1774285200,2026-03-23 17:00:00,98088.85,98115.17,97985.82,98066.22
1774288800,2026-03-23 18:00:00,98067.45,98239.08,97837.34,97857.33
1774292400,2026-03-23 19:00:00,97860.86,97869.29,97676.79,97746.25
1774296000,2026-03-23 20:00:00,97746.42,97855.91,97607.38,97738.42
1774299600,2026-03-23 21:00:00,97736.88,97872.69,97722,97797.15
1774303200,2026-03-23 22:00:00,97794.35,97796.07,97622.88,97708.25
1774306800,2026-03-23 23:00:00,97711.05,97868.2,97689.32,97856.22
1774310400,2026-03-24 00:00:00,97858.56,97880.43,97744.49,97867.02
1774314000,2026-03-24 01:00:00,97867.41,98007.76,97817.99,97958.62
1774317600,2026-03-24 02:00:00,97959.35,97982,97798.45,97849.22
1774321200,2026-03-24 03:00:00,97849.03,97953.59,97833.35,97865.52
1774324800,2026-03-24 04:00:00,97863.32,98070.25,97853.5,97904.83
1774328400,2026-03-24 05:00:00,97905.58,97989.66,97890.31,97978.67
1774332000,2026-03-24 06:00:00,97975.63,98257.55,97925.14,98250.17
1774335600,2026-03-24 07:00:00,98251.28,98303.35,98202.6,98271.12
1774339200,2026-03-24 08:00:00,98274.13,98371.48,98242.56,98346.28
1774342800,2026-03-24 09:00:00,98344.06,98379.66,98152.08,98285.49
1774346400,2026-03-24 10:00:00,98286.9,98301.24,98124.81,98210.38
1774350000,2026-03-24 11:00:00,98208.61,98280.2,98134.55,98213.04
1774353600,2026-03-24 12:00:00,98214.4,98273.89,98112.96,98124.57
1774357200,2026-03-24 13:00:00,98124.65,98217.78,98046.4,98217.78
1774360800,2026-03-24 14:00:00,98220,98266.66,98037.86,98088.31
1774364400,2026-03-24 15:00:00,98088.07,98316.56,98086.48,98291.03
1774368000,2026-03-24 16:00:00,98292.52,98427.73,98269.01,98398.4
1774371600,2026-03-24 17:00:00,98397.61,98411.66,98126.46,98204.42
1774375200,2026-03-24 18:00:00,98202.47,98241.02,98009.07,98104.13
1774378800,2026-03-24 19:00:00,98104.58,98111.62,97885.84,97947.49
1774382400,2026-03-24 20:00:00,97950.41,98076.62,97862.19,98074.37
1774386000,2026-03-24 21:00:00,98071.21,98137.89,98003.72,98004.65
1774389600,2026-03-24 22:00:00,98003.51,98194.78,97987.35,98191.94
1774393200,2026-03-24 23:00:00,98191.29,98281.54,98156.83,98232.58
1774396800,2026-03-25 00:00:00,98232.14,98420.24,98191.02,98297.55
1774400400,2026-03-25 01:00:00,98298.24,98379.5,98263.46,98279.15
1774404000,2026-03-25 02:00:00,98279.56,98280.77,98074.04,98084.09
1774407600,2026-03-25 03:00:00,98086.16,98136.47,97940.37,98029.82
1774411200,2026-03-25 04:00:00,98029.55,98188.87,98006.97,98136.44
1774414800,2026-03-25 05:00:00,98134.95,98286.96,98127.42,98159.98
1774418400,2026-03-25 06:00:00,98159.62,98237.82,98114.27,98223.24
1774422000,2026-03-25 07:00:00,98223.41,98313.94,98138.28,98239.36
1774425600,2026-03-25 08:00:00,98239.33,98528.63,98105.29,98437.56
1774429200,2026-03-25 09:00:00,98437.65,98672.23,98418.02,98568.27
1774432800,2026-03-25 10:00:00,98569.85,98700.85,98490.51,98654.82
1774436400,2026-03-25 11:00:00,98653.79,98692.3,98455.57,98462.77
1774440000,2026-03-25 12:00:00,98462.46,98652.01,98451.14,98636.81
1774443600,2026-03-25 13:00:00,98633.22,98717.69,98506.83,98520.71
1774447200,2026-03-25 14:00:00,98522.65,98624.18,98413.83,98595.78
1774450800,2026-03-25 15:00:00,98595.84,98671.71,98536.6,98642.6
1774454400,2026-03-25 16:00:00,98642.05,98713,98501.36,98526.78
1774458000,2026-03-25 17:00:00,98526.8,98545.74,98279.6,98405.9
1774461600,2026-03-25 18:00:00,98404.14,98512.61,98374.41,98508.62
1774465200,2026-03-25 19:00:00,98507.15,98530.77,98427.58,98429.88
1774468800,2026-03-25 20:00:00,98427.29,98459.39,98113.19,98196.52
1774472400,2026-03-25 21:00:00,98197.24,98203.6,97872.46,97997.16
1774476000,2026-03-25 22:00:00,97995.56,98139.38,97965.06,98078.43
1774479600,2026-03-25 23:00:00,98079.53,98113.68,97873.88,97890.78
1774483200,2026-03-26 00:00:00,97891.29,98087.46,97876.49,98034.12
1774486800,2026-03-26 01:00:00,98034.25,98059.53,97840.03,97865.3
1774490400,2026-03-26 02:00:00,97865.79,98134.84,97861.31,98075.3
1774494000,2026-03-26 03:00:00,98074.22,98209.69,98054.68,98123.99
1774497600,2026-03-26 04:00:00,98124.41,98410.12,98123.94,98408.36
1774501200,2026-03-26 05:00:00,98409.06,98470.36,98335.12,98412.21
1774504800,2026-03-26 06:00:00,98412.13,98529.16,98339.01,98521.56
1774508400,2026-03-26 07:00:00,98522.17,98702.63,98394.57,98396.74
1774512000,2026-03-26 08:00:00,98393.82,98399.32,98157.85,98182.82
1774515600,2026-03-26 09:00:00,98184.84,98300.28,98043.58,98050
1774519200,2026-03-26 10:00:00,98049.64,98204.2,97968.51,98196.14
1774522800,2026-03-26 11:00:00,98194.19,98241.39,97968.18,98031.61
1774526400,2026-03-26 12:00:00,98032.32,98225.1,97915.1,98205.56
1774530000,2026-03-26 13:00:00,98207.53,98346.34,98145.49,98164.51
1774533600,2026-03-26 14:00:00,98166.21,98182.99,97909.55,98002.9
1774537200,2026-03-26 15:00:00,98002.68,98181.5,97957.35,98140.13
1774540800,2026-03-26 16:00:00,98136.72,98500.61,98136.72,98461.23
1774544400,2026-03-26 17:00:00,98464.41,98570.1,98389.7,98525.09
1774548000,2026-03-26 18:00:00,98526.7,98712.61,98526.37,98573.92
1774551600,2026-03-26 19:00:00,98572.94,98758.07,98530.83,98736.23
1774555200,2026-03-26 20:00:00,98736.48,98942.07,98736.48,98871.41
1774558800,2026-03-26 21:00:00,98872.08,99081.73,98821.11,99079.17
1774562400,2026-03-26 22:00:00,99075.54,99261.73,99071.87,99250.73
1774566000,2026-03-26 23:00:00,99250.1,99400.72,99180.37,99348.11
1774569600,2026-03-27 00:00:00,99347.24,99396.62,99170.73,99295.35
1774573200,2026-03-27 01:00:00,99296,99433.12,99276.27,99336.43
1774576800,2026-03-27 02:00:00,99336.4,99373.67,99146.98,99182.95
1774580400,2026-03-27 03:00:00,99181.5,99315.15,99056.65,99178.81
1774584000,2026-03-27 04:00:00,99176.44,99358.82,99176.44,99307.71
1774587600,2026-03-27 05:00:00,99307.9,99380.04,99197.87,99242.16
1774591200,2026-03-27 06:00:00,99241.2,99366.43,99224.68,99302.27
1774594800,2026-03-27 07:00:00,99302.71,99429.3,99265.14,99322.5
1774598400,2026-03-27 08:00:00,99324.15,99532.31,99318.67,99468.67
1774602000,2026-03-27 09:00:00,99467.83,99530.37,99413.61,99425.87
1774605600,2026-03-27 10:00:00,99426.38,99551.48,99339.05,99380.17
1774609200,2026-03-27 11:00:00,99377.9,99441.19,99283.83,99304.6
1774612800,2026-03-27 12:00:00,99305.51,99331.2,99241.87,99311.33
1774616400,2026-03-27 13:00:00,99314.73,99336.38,99146.68,99210.48
1774620000,2026-03-27 14:00:00,99210.75,99271.66,99185.77,99248.28
1774623600,2026-03-27 15:00:00,99248.37,99393.74,99208.36,99379.64
1774627200,2026-03-27 16:00:00,99379.44,99500.79,99315.84,99357.9
1774630800,2026-03-27 17:00:00,99360.74,99834.86,99351.9,99788.91
1774634400,2026-03-27 18:00:00,99792.1,99822.03,99685.42,99751.35
1774638000,2026-03-27 19:00:00,99750.39,99920.92,99730.15,99912.07
1774641600,2026-03-27 20:00:00,99909.88,99965.52,99792.72,99963.63
1774645200,2026-03-27 21:00:00,99960,100046.08,99945.09,99960.97
1774648800,2026-03-27 22:00:00,99962.28,99988.51,99669.27,99684.24
1774652400,2026-03-27 23:00:00,99683.42,99702.81,99416.21,99475.59
1774656000,2026-03-28 00:00:00,99473.14,99515.42,99374.67,99403.01
1774659600,2026-03-28 01:00:00,99401.47,99781.75,99389.49,99781.75
1774663200,2026-03-28 02:00:00,99778.21,99952.81,99710.29,99920.85
1774666800,2026-03-28 03:00:00,99921.03,99997.46,99865.5,99977.93
1774670400,2026-03-28 04:00:00,99978.57,100190.79,99943.2,100183.01
1774674000,2026-03-28 05:00:00,100182.3,100206.19,100030.51,100098.46
1774677600,2026-03-28 06:00:00,100100.28,100164.82,99985.33,100079.75
1774681200,2026-03-28 07:00:00,100078.18,100194.25,100029.06,100160.32
1774684800,2026-03-28 08:00:00,100160.32,100212.51,100102.55,100158.62
1774688400,2026-03-28 09:00:00,100160.21,100160.21,99995.45,100015.69
1774692000,2026-03-28 10:00:00,100014.42,100030.98,99791.58,99882.77
1774695600,2026-03-28 11:00:00,99883.56,99928.67,99658.13,99707.06
1774699200,2026-03-28 12:00:00,99708.82,99862.86,99671.26,99842.43
1774702800,2026-03-28 13:00:00,99840.76,99873.59,99726.96,99812.98
1774706400,2026-03-28 14:00:00,99814.72,99922.51,99793.2,99871.22
1774710000,2026-03-28 15:00:00,99870.44,99965.4,99824.19,99942.46
1774713600,2026-03-28 16:00:00,99940.61,99940.62,99704.94,99734.82
1774717200,2026-03-28 17:00:00,99734.69,99884.74,99687.28,99837.51
1774720800,2026-03-28 18:00:00,99837.9,99912.67,99731.81,99750.3
1774724400,2026-03-28 19:00:00,99750.76,99783.79,99673.91,99754.77
1774728000,2026-03-28 20:00:00,99757.8,100036.32,99688.08,100003.19
1774731600,2026-03-28 21:00:00,100006.27,100123.2,99943.05,100116.41
1774735200,2026-03-28 22:00:00,100116.17,100116.17,99822.11,99854.47
1774738800,2026-03-28 23:00:00,99852.45,99908.06,99743.42,99780.27
1774742400,2026-03-29 00:00:00,99782.81,99839.44,99736.69,99741.88
1774746000,2026-03-29 01:00:00,99742,100000.2,99681.92,99971.49
1774749600,2026-03-29 02:00:00,99972.45,100144.16,99935.97,100128.9
1774753200,2026-03-29 03:00:00,100130.19,100347.92,100122.5,100241.34
1774756800,2026-03-29 04:00:00,100241.96,100443.94,100180.65,100400.45
1774760400,2026-03-29 05:00:00,100400.02,100449.26,100314.36,100403.14
1774764000,2026-03-29 06:00:00,100400.57,100564.79,100336.54,100535.8
1774767600,2026-03-29 07:00:00,100533.98,100701.34,100507.81,100691.98
1774771200,2026-03-29 08:00:00,100687.02,100891.27,100666.38,100805.81
1774774800,2026-03-29 09:00:00,100804.87,100850.27,100716.2,100734.47
1774778400,2026-03-29 10:00:00,100732.59,100786.33,100574.98,100736.16
1774782000,2026-03-29 11:00:00,100738.16,100853.95,100724.73,100815.47
1774785600,2026-03-29 12:00:00,100815.97,100876.3,100665.37,100838.59
1774789200,2026-03-29 13:00:00,100843.85,100988.6,100796.05,100964.54
1774792800,2026-03-29 14:00:00,100966.3,101244.17,100944.07,101229.72
1774796400,2026-03-29 15:00:00,101230.35,101370.43,101217.03,101225.22
1774800000,2026-03-29 16:00:00,101227.01,101237.53,101003.68,101179.15
1774803600,2026-03-29 17:00:00,101179.19,101182.73,100972.27,101126.52
1774807200,2026-03-29 18:00:00,101126.42,101291.64,101094.9,101232.63
1774810800,2026-03-29 19:00:00,101232.87,101285.9,101066.96,101132.14
1774814400,2026-03-29 20:00:00,101129.56,101180.33,101077.11,101147.67
1774818000,2026-03-29 21:00:00,101144.23,101307.81,101092.05,101287.61
1774821600,2026-03-29 22:00:00,101289.45,101411.53,101199.15,101338.24
1774825200,2026-03-29 23:00:00,101337.09,101389.68,101020.1,101026.01
1774828800,2026-03-30 00:00:00,101024.79,101035.93,100905.76,100924.53
1774832400,2026-03-30 01:00:00,100923.5,101004.24,100859.7,100980.36
1774836000,2026-03-30 02:00:00,100980.24,101073.68,100820.86,100825.91
1774839600,2026-03-30 03:00:00,100825.04,100962.61,100813.96,100887.29
1774843200,2026-03-30 04:00:00,100886.45,100998.8,100875.24,100988.1
1774846800,2026-03-30 05:00:00,100987.09,101103.76,100886.88,101094.24
1774850400,2026-03-30 06:00:00,101092.09,101110.25,100970.3,101078.51
1774854000,2026-03-30 07:00:00,101077.02,101193.43,100797.42,100840.7
1774857600,2026-03-30 08:00:00,100843.73,100870.78,100743.07,100766.45
1774861200,2026-03-30 09:00:00,100765.8,100904.27,100678.25,100899.67
1774864800,2026-03-30 10:00:00,100898.26,100916.32,100780.95,100876.92
1774868400,2026-03-30 11:00:00,100876.48,101071.85,100817.78,101039.13
1774872000,2026-03-30 12:00:00,101039.79,101283.76,101033.42,101245.71
1774875600,2026-03-30 13:00:00,101246.59,101406.78,101220.88,101352.07
1774879200,2026-03-30 14:00:00,101351.19,101374.34,100992.94,100993.78
1774882800,2026-03-30 15:00:00,100992.11,101203.4,100939.35,101187.3
1774886400,2026-03-30 16:00:00,101188.48,101205.74,101027.62,101032.58
1774890000,2026-03-30 17:00:00,101033.86,101249.8,101031.33,101168.79
1774893600,2026-03-30 18:00:00,101168.91,101306.94,101113.34,101300.67
1774897200,2026-03-30 19:00:00,101300.28,101369.97,101129.95,101141.38
1774900800,2026-03-30 20:00:00,101141.9,101253.11,101004.82,101054.84
1774904400,2026-03-30 21:00:00,101058.01,101061.91,100811.39,100832.03
1774908000,2026-03-30 22:00:00,100827.6,100894.41,100723.7,100758.98
1774911600,2026-03-30 23:00:00,100757.37,100777.3,100610.29,100651.42
1774915200,2026-03-31 00:00:00,100649.66,100664.06,100483.54,100541
1774918800,2026-03-31 01:00:00,100541.96,100687,100500.64,100684.64
1774922400,2026-03-31 02:00:00,100685.67,100710.25,100335.22,100343.93
1774926000,2026-03-31 03:00:00,100342.97,100500.34,100307.31,100380.85
1774929600,2026-03-31 04:00:00,100377.28,100441.08,100296.76,100389.74
1774933200,2026-03-31 05:00:00,100390.54,100565.06,100387.93,100543.78
1774936800,2026-03-31 06:00:00,100543.92,100739.59,100521.26,100661.85
1774940400,2026-03-31 07:00:00,100659.26,100797.62,100620.91,100636.89
1774944000,2026-03-31 08:00:00,100638.48,100761.14,100539.26,100627.5
1774947600,2026-03-31 09:00:00,100629.84,100744.69,100606,100725.69
1774951200,2026-03-31 10:00:00,100727.62,100902.83,100663.89,100887.22
1774954800,2026-03-31 11:00:00,100886.57,100890.06,100725.48,100803.17
1774958400,2026-03-31 12:00:00,100801.73,100867.14,100715.12,100731.53
1774962000,2026-03-31 13:00:00,100733.58,100748.81,100469.79,100510.84
1774965600,2026-03-31 14:00:00,100510.12,100583.29,100459.21,100530.6
1774969200,2026-03-31 15:00:00,100528.63,100542.83,100362.22,100396.94
1774972800,2026-03-31 16:00:00,100399.56,100760.62,100375.73,100745.03
1774976400,2026-03-31 17:00:00,100743.28,100826.61,100688.86,100745.26
1774980000,2026-03-31 18:00:00,100744.59,100754.44,100591.99,100631.14
1774983600,2026-03-31 19:00:00,100627.98,100747.67,100620.5,100672.46
1774987200,2026-03-31 20:00:00,100673.56,100823.81,100662.51,100779.35
1774990800,2026-03-31 21:00:00,100776.9,100778.81,100500.13,100503.82
1774994400,2026-03-31 22:00:00,100501,100647.14,100452.29,100574.64
1774998000,2026-03-31 23:00:00,100576.07,100667.81,100469.7,100653.37
1775001600,2026-04-01 00:00:00,100654.71,100820.34,100529.43,100573.33
1775005200,2026-04-01 01:00:00,100575.21,100668.97,100326.02,100330.11
1775008800,2026-04-01 02:00:00,100327.93,100329,100149.33,100198.06
1775012400,2026-04-01 03:00:00,100196.89,100261.33,100085.95,100258.73
1775016000,2026-04-01 04:00:00,100261.5,100269.62,99989.06,100027.65
1775019600,2026-04-01 05:00:00,100029.58,100059.81,99794.08,99800.95
1775023200,2026-04-01 06:00:00,99804.36,99887.41,99775.75,99832.52
1775026800,2026-04-01 07:00:00,99833.03,99898.09,99781.98,99864.83
1775030400,2026-04-01 08:00:00,99864.6,100053.69,99864.27,100045.64
1775034000,2026-04-01 09:00:00,100046.35,100273.66,100019.52,100234.02
1775037600,2026-04-01 10:00:00,100236.9,100358.45,100226.45,100355.72
1775041200,2026-04-01 11:00:00,100354.04,100383.37,99989.71,99990.38
1775044800,2026-04-01 12:00:00,99992.18,100123.81,99828.78,100104.99
1775048400,2026-04-01 13:00:00,100106.04,100173.38,100009.87,100031.35
1775052000,2026-04-01 14:00:00,100030.68,100133.79,99959.62,100109.2
1775055600,2026-04-01 15:00:00,100110.46,100180.99,99960.43,100125.22
1775059200,2026-04-01 16:00:00,100124.48,100346.67,100075.55,100296.38
1775062800,2026-04-01 17:00:00,100292.54,100308.23,100091.57,100140.36
1775066400,2026-04-01 18:00:00,100139.02,100200.14,100012.08,100145.82
1775070000,2026-04-01 19:00:00,100143.7,100206.49,100063.13,100193.25
1775073600,2026-04-01 20:00:00,100195.29,100376.52,100174.68,100342.75
1775077200,2026-04-01 21:00:00,100340.76,100512.11,100262.51,100289.81
1775080800,2026-04-01 22:00:00,100287.62,100354.39,100201.06,100255.12
1775084400,2026-04-01 23:00:00,100254.86,100256.55,100108.11,100163.72
1775088000,2026-04-02 00:00:00,100164.61,100240,100046.13,100121.91
1775091600,2026-04-02 01:00:00,100121.87,100396.24,100089.22,100336.05
1775095200,2026-04-02 02:00:00,100335.52,100646.83,100297.08,100643.83
1775098800,2026-04-02 03:00:00,100643.33,100645.6,100455.06,100476.73
1775102400,2026-04-02 04:00:00,100475.75,100689.4,100450.07,100620.13
1775106000,2026-04-02 05:00:00,100615.24,100750.63,100494.71,100702.41
1775109600,2026-04-02 06:00:00,100700.87,100706.3,100498.82,100529.26
1775113200,2026-04-02 07:00:00,100527.87,100697.04,100473.16,100517.18
1775116800,2026-04-02 08:00:00,100516.13,100516.38,100262.88,100374.3
1775120400,2026-04-02 09:00:00,100374.6,100397.03,100113.57,100142.85
1775124000,2026-04-02 10:00:00,100143.75,100249.35,100106.71,100152.09
1775127600,2026-04-02 11:00:00,100151.27,100497.55,100144.28,100452.37
1775131200,2026-04-02 12:00:00,100452.42,100688.95,100381.02,100682.95
1775134800,2026-04-02 13:00:00,100681.93,100733.38,100545.24,100599.04
1775138400,2026-04-02 14:00:00,100598.68,100863.91,100581.83,100829.19
1775142000,2026-04-02 15:00:00,100826.56,101011.58,100814.27,100975.76
1775145600,2026-04-02 16:00:00,100975.24,101087.53,100918.07,101063.04
1775149200,2026-04-02 17:00:00,101061.22,101131.36,100974.52,101071.55
1775152800,2026-04-02 18:00:00,101072.03,101380.45,101037.35,101236.52
1775156400,2026-04-02 19:00:00,101234.98,101269.89,101141.99,101190.97
1775160000,2026-04-02 20:00:00,101192.04,101283.27,100989.37,100995.57
1775163600,2026-04-02 21:00:00,100995.08,101006.3,100695.72,100711.21
1775167200,2026-04-02 22:00:00,100709.53,100713.81,100361.09,100390.55
1775170800,2026-04-02 23:00:00,100392.5,100524.97,100337.33,100429
1775174400,2026-04-03 00:00:00,100428.69,100617.35,100403.38,100542.74
1775178000,2026-04-03 01:00:00,100542.29,100656.14,100492.98,100565.25
1775181600,2026-04-03 02:00:00,100565.93,100733.85,100521.01,100576.25
1775185200,2026-04-03 03:00:00,100574.04,100601.85,100379.52,100400.85
1775188800,2026-04-03 04:00:00,100400.49,100579.39,100374.48,100543.55
1775192400,2026-04-03 05:00:00,100542.41,100604.35,100314.05,100413.1
1775196000,2026-04-03 06:00:00,100413.72,100423.68,100264.13,100420.99
1775199600,2026-04-03 07:00:00,100419.96,100430.68,100215.22,100319.32
1775203200,2026-04-03 08:00:00,100321.63,100328.9,100114.99,100226.15
1775206800,2026-04-03 09:00:00,100229.58,100328.36,100175.11,100256.43
1775210400,2026-04-03 10:00:00,100254.83,100266.1,100000.16,100062.07
1775214000,2026-04-03 11:00:00,100062.35,100248.09,99998,100192.69
1775217600,2026-04-03 12:00:00,100194.13,100359.08,100180.42,100185.97
1775221200,2026-04-03 13:00:00,100184.53,100398.21,100184.53,100304.29
1775224800,2026-04-03 14:00:00,100302.84,100475.96,100235.93,100469.04
1775228400,2026-04-03 15:00:00,100467.53,100582.82,100383.13,100454.35
1775232000,2026-04-03 16:00:00,100456.52,100698.32,100454.56,100573.78
1775235600,2026-04-03 17:00:00,100573.79,100863.53,100517.15,100818.73
1775239200,2026-04-03 18:00:00,100816.8,101004.09,100770.93,100962.81
1775242800,2026-04-03 19:00:00,100964.72,101219.51,100908.21,101119.5
1775246400,2026-04-03 20:00:00,101120.92,101120.92,100897.01,100934.53
1775250000,2026-04-03 21:00:00,100934.17,100996.56,100906.85,100977.13
1775253600,2026-04-03 22:00:00,100979.11,101003.65,100777.92,100874.25
1775257200,2026-04-03 23:00:00,100872.75,100892.22,100564.41,100678.72
1775260800,2026-04-04 00:00:00,100679.77,100872.83,100597.1,100783.53
1775264400,2026-04-04 01:00:00,100783.84,100878.97,100757.32,100809.55
1775268000,2026-04-04 02:00:00,100809.78,100844.04,100719.64,100735.08
1775271600,2026-04-04 03:00:00,100733.31,100893.48,100700.47,100866.86
1775275200,2026-04-04 04:00:00,100867.36,100924.99,100663.27,100889.03
1775278800,2026-04-04 05:00:00,100891.99,100963.15,100804.77,100927.61
1775282400,2026-04-04 06:00:00,100929.06,101000.01,100797.65,100984.85
1775286000,2026-04-04 07:00:00,100982.76,101017.09,100769.37,100813.84
1775289600,2026-04-04 08:00:00,100814.33,101066.4,100790.18,100973.66
1775293200,2026-04-04 09:00:00,100971.01,100971.72,100678.24,100831.4
1775296800,2026-04-04 10:00:00,100829.36,100866.55,100636.77,100841.89
1775300400,2026-04-04 11:00:00,100840.18,100923.28,100725.8,100819.29
1775304000,2026-04-04 12:00:00,100820.39,100908.45,100776.12,100902.14
1775307600,2026-04-04 13:00:00,100903.39,101024.08,100783.83,101020.13
1775311200,2026-04-04 14:00:00,101021.47,101185.8,100999.94,101003.46
1775314800,2026-04-04 15:00:00,101004.96,101148.19,100952.8,101082.98
1775318400,2026-04-04 16:00:00,101084.03,101282.24,101079.82,101226.43
1775322000,2026-04-04 17:00:00,101226.23,101282.84,101015.96,101027.28
1775325600,2026-04-04 18:00:00,101026.25,101083.59,100868.08,100955.99
1775329200,2026-04-04 19:00:00,100958.62,101298.26,100873.13,101284.24
1775332800,2026-04-04 20:00:00,101283.32,101425.97,101243.66,101386.74
1775336400,2026-04-04 21:00:00,101388.41,101395.44,101134.57,101311.28
1775340000,2026-04-04 22:00:00,101311.98,101318.48,101070.43,101109.17
1775343600,2026-04-04 23:00:00,101108.58,101235.1,101060.78,101207.51
1775347200,2026-04-05 00:00:00,101207.72,101351.72,101161.23,101309.55
1775350800,2026-04-05 01:00:00,101309.96,101408.86,101263.86,101357.79
1775354400,2026-04-05 02:00:00,101358.13,101423.83,101270.16,101350.67
1775358000,2026-04-05 03:00:00,101350.07,101357.81,101093.99,101176.41
1775361600,2026-04-05 04:00:00,101177.6,101240.45,101022.48,101171.46
1775365200,2026-04-05 05:00:00,101168.85,101208.15,100921.79,100983.54
1775368800,2026-04-05 06:00:00,100984.84,101234.9,100968.13,101197.52
1775372400,2026-04-05 07:00:00,101194.42,101275.59,101132.13,101204.29
1775376000,2026-04-05 08:00:00,101203.17,101254.58,100931.65,101016.29
1775379600,2026-04-05 09:00:00,101014.16,101067.62,100860.7,100880.45
1775383200,2026-04-05 10:00:00,100879.79,101041.11,100845.42,100960.14
1775386800,2026-04-05 11:00:00,100957.62,101047.73,100888.33,101046.43
1775390400,2026-04-05 12:00:00,101044.16,101361.85,101040.43,101306.49
1775394000,2026-04-05 13:00:00,101307.69,101363.65,101145.88,101162.37
1775397600,2026-04-05 14:00:00,101163.04,101212.07,101067.77,101163.9
1775401200,2026-04-05 15:00:00,101163.28,101257.19,101064.84,101203.66
1775404800,2026-04-05 16:00:00,101203.41,101207.85,101047.21,101049.31
1775408400,2026-04-05 17:00:00,101047.95,101057.07,100851.64,100858.45
1775412000,2026-04-05 18:00:00,100858.55,100882.14,100734.32,100788.48
1775415600,2026-04-05 19:00:00,100786.38,100939.94,100739.73,100861.93
1775419200,2026-04-05 20:00:00,100861.54,100887.23,100694.19,100778.8
1775422800,2026-04-05 21:00:00,100776.82,100786.71,100337,100405.38
1775426400,2026-04-05 22:00:00,100405.92,100572.41,100383.92,100569.75
1775430000,2026-04-05 23:00:00,100567.52,100616.84,100276.28,100281.67
1775433600,2026-04-06 00:00:00,100283.69,100394.56,100265.15,100315.33
1775437200,2026-04-06 01:00:00,100316.79,100352.09,100223.16,100269.58
1775440800,2026-04-06 02:00:00,100271.46,100449.42,100270.46,100429.16
1775444400,2026-04-06 03:00:00,100430.34,100577.89,100378.04,100392.81
1775448000,2026-04-06 04:00:00,100393.15,100409.18,100245.97,100254.09
1775451600,2026-04-06 05:00:00,100252.13,100522.12,100208.83,100518.81
1775455200,2026-04-06 06:00:00,100519.14,100538.07,100415.94,100500.79
1775458800,2026-04-06 07:00:00,100501.58,100750.47,100404.37,100731.69
1775462400,2026-04-06 08:00:00,100730.34,100738.29,100528.84,100630.37
1775466000,2026-04-06 09:00:00,100630.49,100722.77,100596.57,100659.39
1775469600,2026-04-06 10:00:00,100655.43,100706.59,100569.21,100659.44
1775473200,2026-04-06 11:00:00,100663.72,100818.02,100611.54,100762.68
1775476800,2026-04-06 12:00:00,100763.75,100794.39,100584.18,100658.32
1775480400,2026-04-06 13:00:00,100659.01,100697.85,100353.4,100437.1
1775484000,2026-04-06 14:00:00,100439.16,100638.9,100419.58,100549.86
1775487600,2026-04-06 15:00:00,100549.62,100687.17,100482.79,100665.99
1775491200,2026-04-06 16:00:00,100663.92,100896.64,100640.22,100870.57
1775494800,2026-04-06 17:00:00,100871.07,100932.25,100815.85,100849.58
1775498400,2026-04-06 18:00:00,100849.47,101042.24,100811.43,100853.2
1775502000,2026-04-06 19:00:00,100851.4,100852.77,100734.8,100737.81
1775505600,2026-04-06 20:00:00,100737.24,100825.04,100685.57,100692.9
1775509200,2026-04-06 21:00:00,100693.86,100838.16,100587.51,100597.59
1775512800,2026-04-06 22:00:00,100598.12,100667.7,100570.46,100576.24
1775516400,2026-04-06 23:00:00,100579.45,100673.3,100488.72,100562.56
1775520000,2026-04-07 00:00:00,100561.17,100634.36,100413.55,100506.11
1775523600,2026-04-07 01:00:00,100506.67,100565.22,100280.37,100348.86
1775527200,2026-04-07 02:00:00,100347.93,100523.67,100343.02,100492.59
1775530800,2026-04-07 03:00:00,100490.45,100688.38,100474,100688.38
1775534400,2026-04-07 04:00:00,100687.51,100687.51,100467.63,100570.73
1775538000,2026-04-07 05:00:00,100572.43,100777.17,100571.08,100709.85
1775541600,2026-04-07 06:00:00,100709.68,100775.03,100512.38,100552.7
1775545200,2026-04-07 07:00:00,100553.11,100685.85,100543.85,100556.08
1775548800,2026-04-07 08:00:00,100554.18,100601.27,100386.7,100485.17
1775552400,2026-04-07 09:00:00,100484.67,100560.07,100403.15,100555.49
1775556000,2026-04-07 10:00:00,100554.73,100618.84,100390.25,100597.39
1775559600,2026-04-07 11:00:00,100596.61,100738.14,100577.59,100682.78
1775563200,2026-04-07 12:00:00,100682.13,100894.63,100643.16,100832.04
1775566800,2026-04-07 13:00:00,100830.78,101007.11,100822.98,100947.42
1775570400,2026-04-07 14:00:00,100947.45,100968.89,100729.31,100754.89
1775574000,2026-04-07 15:00:00,100753.49,100823.13,100671.2,100745.66
1775577600,2026-04-07 16:00:00,100748.85,101068.32,100691.09,101044.92
1775581200,2026-04-07 17:00:00,101044.59,101161.29,101004.41,101159.06
1775584800,2026-04-07 18:00:00,101156.45,101295.84,101149.17,101251.26
1775588400,2026-04-07 19:00:00,101249.82,101255.05,100960.98,100962.42
1775592000,2026-04-07 20:00:00,100961.86,101025.73,100678.59,100686.27
1775595600,2026-04-07 21:00:00,100688.3,100711.73,100544.59,100625.87
1775599200,2026-04-07 22:00:00,100628.29,100750.53,100334.06,100408.06
1775602800,2026-04-07 23:00:00,100408.17,100412.1,100163.17,100346.21
1775606400,2026-04-08 00:00:00,100344.07,100401.34,100181.49,100181.49
1775610000,2026-04-08 01:00:00,100184.08,100289.62,100166.4,100223.65
1775613600,2026-04-08 02:00:00,100227.19,100388.37,100209.1,100388.37
1775617200,2026-04-08 03:00:00,100390.82,100507.23,100366.12,100383.83
1775620800,2026-04-08 04:00:00,100382.45,100384.08,100221.79,100270.31
1775624400,2026-04-08 05:00:00,100272.42,100511.71,100253.24,100429.94
1775628000,2026-04-08 06:00:00,100428.03,100472.23,100254.53,100371.03
1775631600,2026-04-08 07:00:00,100369.72,100436.9,100234.83,100239.08
1775635200,2026-04-08 08:00:00,100241.64,100419.8,100215.24,100219.7
1775638800,2026-04-08 09:00:00,100217.25,100331.13,100178.46,100210.21
1775642400,2026-04-08 10:00:00,100208.89,100222.9,100030.75,100085.05
1775646000,2026-04-08 11:00:00,100087.5,100324.16,100060.04,100245.67
1775649600,2026-04-08 12:00:00,100242.15,100261.69,99936.53,99950.25
1775653200,2026-04-08 13:00:00,99952.84,100103.85,99920.2,99994.05
1775656800,2026-04-08 14:00:00,99997.08,100197.97,99976.49,100131.88
1775660400,2026-04-08 15:00:00,100135.88,100322.25,100117.04,100207.9
1775664000,2026-04-08 16:00:00,100208.86,100238.79,100012.47,100225.34
1775667600,2026-04-08 17:00:00,100226.26,100308.84,100182.29,100307.67
1775671200,2026-04-08 18:00:00,100307.45,100316.83,99949.58,99960.91
1775674800,2026-04-08 19:00:00,99958.6,100047.25,99880.53,99942.74
1775678400,2026-04-08 20:00:00,99946.53,100034.07,99939.85,99950.68
1775682000,2026-04-08 21:00:00,99950.32,100057.97,99926.01,99985.03
1775685600,2026-04-08 22:00:00,99986.67,100172.5,99983.87,99984.93
1775689200,2026-04-08 23:00:00,99981.06,100078.16,99886.78,99964.77
1775692800,2026-04-09 00:00:00,99966.4,99976.68,99822.59,99883.87
1775696400,2026-04-09 01:00:00,99884.7,100004.88,99618.8,99626.36
1775700000,2026-04-09 02:00:00,99626.5,99654.56,99400.68,99453.82
1775703600,2026-04-09 03:00:00,99454.67,99550.15,99386.87,99538.71
1775707200,2026-04-09 04:00:00,99536.44,99587.47,99434.18,99443.91
1775710800,2026-04-09 05:00:00,99443.75,99450.76,99292.13,99425.94
1775714400,2026-04-09 06:00:00,99425.69,99592.6,99231.23,99245.3
1775718000,2026-04-09 07:00:00,99247.64,99256.71,99079.86,99096.91
1775721600,2026-04-09 08:00:00,99097.29,99190.32,98997.47,99120.08
1775725200,2026-04-09 09:00:00,99124.3,99172.09,98949.59,99030.01
1775728800,2026-04-09 10:00:00,99032.77,99172.75,98938.95,99158.97
1775732400,2026-04-09 11:00:00,99162.67,99234.6,99107.99,99131.45
1775736000,2026-04-09 12:00:00,99131.28,99322.23,99094.88,99094.88
1775739600,2026-04-09 13:00:00,99096.92,99230.41,99071.8,99082.54
1775743200,2026-04-09 14:00:00,99084.03,99133.11,98836.64,98924.95
1775746800,2026-04-09 15:00:00,98926.92,99001.06,98810.71,98872.21
1775750400,2026-04-09 16:00:00,98872.4,98929.12,98757.22,98925.12
1775754000,2026-04-09 17:00:00,98921.78,99091.77,98772.71,99074.26
1775757600,2026-04-09 18:00:00,99075.25,99200.72,99065.83,99190.03
1775761200,2026-04-09 19:00:00,99187.3,99326.72,99177.44,99206.5
1775764800,2026-04-09 20:00:00,99205.44,99265.64,99092.56,99210.35
1775768400,2026-04-09 21:00:00,99214.35,99357.73,99148.79,99328.38
1775772000,2026-04-09 22:00:00,99331.35,99339.62,99078.07,99178.37
1775775600,2026-04-09 23:00:00,99176,99229.05,98995.14,99046.84
1775779200,2026-04-10 00:00:00,99048.02,99216.74,99038.45,99160.76
1775782800,2026-04-10 01:00:00,99160.98,99206.34,99067.29,99088.71
1775786400,2026-04-10 02:00:00,99091.29,99351.17,99074.44,99316.47
1775790000,2026-04-10 03:00:00,99317.86,99407.46,99185.65,99337.44
1775793600,2026-04-10 04:00:00,99338.97,99367.97,99267.69,99346.83
1775797200,2026-04-10 05:00:00,99349.46,99508.91,99328.63,99492.35
1775800800,2026-04-10 06:00:00,99491.76,99559.8,99451.47,99474.07
1775804400,2026-04-10 07:00:00,99475.23,99735.3,99460.4,99611.27
1775808000,2026-04-10 08:00:00,99609.71,99686.34,99524.11,99619.47
1775811600,2026-04-10 09:00:00,99622.02,99815.52,99518.52,99797.66
1775815200,2026-04-10 10:00:00,99796.99,99796.99,99491.19,99542.84
1775818800,2026-04-10 11:00:00,99539.7,99713.34,99487.22,99692.3
1775822400,2026-04-10 12:00:00,99692.2,99770.39,99506.79,99608.47
1775826000,2026-04-10 13:00:00,99608.12,99817.08,99563.01,99817.08
1775829600,2026-04-10 14:00:00,99818.54,99889.43,99618.88,99623.39
1775833200,2026-04-10 15:00:00,99626.69,99786.04,99416.26,99430.2
1775836800,2026-04-10 16:00:00,99434.02,99516.34,99146.03,99152.68
1775840400,2026-04-10 17:00:00,99154.94,99248.14,99135.37,99169.78
1775844000,2026-04-10 18:00:00,99167.84,99460.14,99116.42,99457.39
1775847600,2026-04-10 19:00:00,99455.45,99631.16,99411.18,99528.45
1775851200,2026-04-10 20:00:00,99526.3,99551.36,99286.37,99385.63
1775854800,2026-04-10 21:00:00,99384.97,99443,99049.35,99068.69
1775858400,2026-04-10 22:00:00,99071.23,99093.14,98964.77,98979.06
1775862000,2026-04-10 23:00:00,98979.83,99104.81,98881.17,99064.47
1775865600,2026-04-11 00:00:00,99062.58,99064.02,98895.64,98975.4
1775869200,2026-04-11 01:00:00,98971.18,98975.98,98783.4,98867.65
1775872800,2026-04-11 02:00:00,98867.2,99047.67,98791.69,99045.42
1775876400,2026-04-11 03:00:00,99044.33,99361.48,99042.64,99328.31
1775880000,2026-04-11 04:00:00,99326.1,99357.77,99188.61,99236.91
1775883600,2026-04-11 05:00:00,99238.06,99249.22,99120.11,99152.55
1775887200,2026-04-11 06:00:00,99154.14,99219.8,98978.06,98990.62
1775890800,2026-04-11 07:00:00,98986.74,99183.68,98984.91,98999.24
1775894400,2026-04-11 08:00:00,99000.79,99133.7,98971.28,98978.13
1775898000,2026-04-11 09:00:00,98980.11,99045.13,98895.53,98934.27
1775901600,2026-04-11 10:00:00,98933.33,99014.29,98837.5,98865.33
1775905200,2026-04-11 11:00:00,98864.2,98962.32,98831.14,98912.33
1775908800,2026-04-11 12:00:00,98911.09,99108.18,98874.91,99101.09
1775912400,2026-04-11 13:00:00,99100.94,99155.37,98991.05,99073.09
1775916000,2026-04-11 14:00:00,99071.12,99116.47,98991.62,99085.93
1775919600,2026-04-11 15:00:00,99085.13,99137.71,98869.03,98881.86
1775923200,2026-04-11 16:00:00,98880.47,98938.24,98702.37,98713
1775926800,2026-04-11 17:00:00,98709.91,98814.38,98635.92,98793.61
1775930400,2026-04-11 18:00:00,98790.49,98797.44,98650.29,98712.6
1775934000,2026-04-11 19:00:00,98716.37,98731.78,98447.46,98572.86
1775937600,2026-04-11 20:00:00,98572.34,98628.88,98355.56,98424.83
1775941200,2026-04-11 21:00:00,98428.61,98448.81,98345,98408.24
1775944800,2026-04-11 22:00:00,98406.13,98475.44,98245.17,98302.4
1775948400,2026-04-11 23:00:00,98301.04,98488.91,98292.03,98364.73
1775952000,2026-04-12 00:00:00,98362.82,98485.37,98327.6,98484.32
1775955600,2026-04-12 01:00:00,98485.06,98635.34,98422.79,98623.68
1775959200,2026-04-12 02:00:00,98622.75,98749.63,98529.23,98731.13
1775962800,2026-04-12 03:00:00,98729.35,98815.07,98594.18,98608.07
1775966400,2026-04-12 04:00:00,98606.6,98670.33,98517.46,98525.84
1775970000,2026-04-12 05:00:00,98524.46,98625.03,98487.27,98552.38
1775973600,2026-04-12 06:00:00,98550.04,98684.31,98505.39,98618.32
1775977200,2026-04-12 07:00:00,98621.12,98676.34,98520.81,98637.17
1775980800,2026-04-12 08:00:00,98638.18,98968.25,98623.17,98947.74
1775984400,2026-04-12 09:00:00,98951.81,99061.87,98893.38,99040.69
1775988000,2026-04-12 10:00:00,99041.26,99210.72,99017.71,99160.04
1775991600,2026-04-12 11:00:00,99156.16,99286.65,99082.38,99278.81
1775995200,2026-04-12 12:00:00,99279.74,99342.65,99138.3,99189.68
1775998800,2026-04-12 13:00:00,99187.86,99188.45,98893.45,98931.66
1776002400,2026-04-12 14:00:00,98931.79,99062.48,98850.89,98885.49
1776006000,2026-04-12 15:00:00,98886.76,98896.3,98728.93,98781.17
1776009600,2026-04-12 16:00:00,98783.32,98949.21,98756.98,98908.07
1776013200,2026-04-12 17:00:00,98908.6,98967.77,98851.43,98937.85
1776016800,2026-04-12 18:00:00,98937.91,99060.63,98914.2,99040.44
1776020400,2026-04-12 19:00:00,99042.9,99146.59,98811.65,98853.21
1776024000,2026-04-12 20:00:00,98848.67,98876.75,98725.84,98759.03
1776027600,2026-04-12 21:00:00,98760.8,98988.13,98751.51,98983.85
1776031200,2026-04-12 22:00:00,98983.79,99110.64,98771.92,98786.28
1776034800,2026-04-12 23:00:00,98787.42,98820.31,98573.15,98628.76
1776038400,2026-04-13 00:00:00,98630.18,98853.62,98618.42,98774.55
1776042000,2026-04-13 01:00:00,98773.59,98993.89,98731,98788.16
1776045600,2026-04-13 02:00:00,98784.12,98991.16,98772.41,98938.09
1776049200,2026-04-13 03:00:00,98933.4,98971.07,98835,98896.22
1776052800,2026-04-13 04:00:00,98893.13,98987.08,98829.1,98969.36
1776056400,2026-04-13 05:00:00,98970.93,99141.69,98959.47,99028.13
1776060000,2026-04-13 06:00:00,99031.47,99208.86,99006.53,99178.33
1776063600,2026-04-13 07:00:00,99176.09,99351.69,99132.25,99302.1
1776067200,2026-04-13 08:00:00,99301.86,99411.67,99013.04,99090.62
1776070800,2026-04-13 09:00:00,99091.44,99305.73,99081.69,99304.16
1776074400,2026-04-13 10:00:00,99307.2,99323.79,99200.73,99284.08
1776078000,2026-04-13 11:00:00,99283.36,99292.54,99090.03,99097.65
1776081600,2026-04-13 12:00:00,99100.03,99328.31,99062.46,99303.11
1776085200,2026-04-13 13:00:00,99301.51,99413.24,99280.55,99349.4
1776088800,2026-04-13 14:00:00,99349.64,99444.75,99310.98,99432.69
1776092400,2026-04-13 15:00:00,99429.55,99429.55,99161.22,99251
1776096000,2026-04-13 16:00:00,99249.57,99300.55,99098.94,99104.16
1776099600,2026-04-13 17:00:00,99107.31,99231.87,99060.17,99130.94
1776103200,2026-04-13 18:00:00,99128.92,99203.11,99076.18,99142.81
1776106800,2026-04-13 19:00:00,99143.13,99143.13,98916.72,98945.8
1776110400,2026-04-13 20:00:00,98949.17,99142.94,98930.78,99142.94
1776114000,2026-04-13 21:00:00,99142.53,99256.7,99102.23,99151.93
1776117600,2026-04-13 22:00:00,99149.9,99162.15,98993.4,99135.35
1776121200,2026-04-13 23:00:00,99135.7,99473.09,99092.03,99457.89
1776124800,2026-04-14 00:00:00,99459.28,99562.88,99270.66,99270.66
1776128400,2026-04-14 01:00:00,99273.52,99382.98,99253.7,99378.37
1776132000,2026-04-14 02:00:00,99379.21,99566.29,99301.54,99561.9
1776135600,2026-04-14 03:00:00,99561.59,99714.13,99513.24,99699.66
1776139200,2026-04-14 04:00:00,99699.57,99746.9,99398.27,99438.77
1776142800,2026-04-14 05:00:00,99438.05,99501.13,99372.53,99411.91
1776146400,2026-04-14 06:00:00,99410.81,99567.11,99400.55,99553.2
1776150000,2026-04-14 07:00:00,99550.65,99633.38,99369.22,99457.54
1776153600,2026-04-14 08:00:00,99455.8,99468.24,99230.13,99341.14
1776157200,2026-04-14 09:00:00,99345.25,99502.36,99306.57,99464.77
1776160800,2026-04-14 10:00:00,99467.55,99548.69,99403.76,99515.67
1776164400,2026-04-14 11:00:00,99515.27,99672.52,99496.31,99671.69
1776168000,2026-04-14 12:00:00,99668.6,99906.23,99629.67,99873.44
1776171600,2026-04-14 13:00:00,99875.12,100034.78,99854.3,100027.79
1776175200,2026-04-14 14:00:00,100025.3,100156.29,99960.84,100096.95
1776178800,2026-04-14 15:00:00,100095.64,100229.3,100061.76,100194.31
1776182400,2026-04-14 16:00:00,100196.26,100323.69,100113.57,100139.42
1776186000,2026-04-14 17:00:00,100140.8,100211.72,100020.15,100158.41
1776189600,2026-04-14 18:00:00,100159.78,100290.59,100120.65,100261.4
1776193200,2026-04-14 19:00:00,100257.33,100325.22,100220.46,100236.7
1776196800,2026-04-14 20:00:00,100233.86,100265.72,99940.07,99986.25
1776200400,2026-04-14 21:00:00,99982.97,100249.65,99957.5,100231.82
1776204000,2026-04-14 22:00:00,100230.51,100230.51,99990.32,100019.83
1776207600,2026-04-14 23:00:00,100019.19,100095.61,99968.51,99989.61
1776211200,2026-04-15 00:00:00,99989.39,100008.8,99653.99,99709.71
1776214800,2026-04-15 01:00:00,99713.81,99802.09,99620.62,99634.23
1776218400,2026-04-15 02:00:00,99636.15,99885.07,99632.24,99783.11
1776222000,2026-04-15 03:00:00,99784.13,99817.11,99663.89,99754.62
1776225600,2026-04-15 04:00:00,99754.58,99909.46,99709.41,99743.16
1776229200,2026-04-15 05:00:00,99742.43,99745.15,99579.1,99608.16
1776232800,2026-04-15 06:00:00,99608.81,99659.04,99427.44,99497.48
1776236400,2026-04-15 07:00:00,99494.5,99577.85,99415.28,99485.08
1776240000,2026-04-15 08:00:00,99485.93,99705.87,99462.23,99679.59
1776243600,2026-04-15 09:00:00,99678.1,99696.4,99455.55,99506.1
1776247200,2026-04-15 10:00:00,99504.76,99552.21,99422.34,99459.67
1776250800,2026-04-15 11:00:00,99457.26,99723.88,99421.54,99704.8
1776254400,2026-04-15 12:00:00,99703.93,99835.95,99596.97,99817.64
1776258000,2026-04-15 13:00:00,99815.76,99861.97,99655.54,99789.47
1776261600,2026-04-15 14:00:00,99787.53,99813.47,99601.59,99603.2
1776265200,2026-04-15 15:00:00,99599.83,99672.55,99504.59,99514.8
1776268800,2026-04-15 16:00:00,99514.5,99552.35,99320.9,99368.14
1776272400,2026-04-15 17:00:00,99368.59,99519.86,99368.59,99387.07
1776276000,2026-04-15 18:00:00,99386.89,99588.49,99370.43,99445.75
1776279600,2026-04-15 19:00:00,99447.8,99512.91,99375.81,99504.97
1776283200,2026-04-15 20:00:00,99505.02,99577.75,99450.08,99554.16
1776286800,2026-04-15 21:00:00,99555.18,99616.39,99492.89,99587.93
1776290400,2026-04-15 22:00:00,99589.34,99606.74,99385.91,99385.91
1776294000,2026-04-15 23:00:00,99386.28,99436.9,99308.32,99430.31
1776297600,2026-04-16 00:00:00,99431.66,99482.86,99297.02,99360.61
1776301200,2026-04-16 01:00:00,99362.08,99383.72,99132.39,99147.82
1776304800,2026-04-16 02:00:00,99146.22,99319.67,99146.22,99216.13
1776308400,2026-04-16 03:00:00,99220.51,99301.4,99171.91,99284.63
1776312000,2026-04-16 04:00:00,99286.52,99442.18,99232.31,99373.89
1776315600,2026-04-16 05:00:00,99373.5,99454.01,99243.78,99374.8
1776319200,2026-04-16 06:00:00,99372.54,99401.61,99276.71,99308.96
1776322800,2026-04-16 07:00:00,99310.13,99312.61,99181.19,99241.48
1776326400,2026-04-16 08:00:00,99239.73,99420.92,99229.79,99420.92
1776330000,2026-04-16 09:00:00,99421.92,99449.99,99210.56,99349.94
1776333600,2026-04-16 10:00:00,99353.43,99428.31,99285.83,99358.87
1776337200,2026-04-16 11:00:00,99360.63,99425.65,99162,99219.11
1776340800,2026-04-16 12:00:00,99222.59,99392.73,99213.69,99358.03
1776344400,2026-04-16 13:00:00,99356.71,99383.92,98903.08,98906.52
1776348000,2026-04-16 14:00:00,98908.63,98987.89,98790.73,98914.86
1776351600,2026-04-16 15:00:00,98914.12,99083.23,98907.92,99031.11
1776355200,2026-04-16 16:00:00,99034.01,99039.66,98691.36,98704.48
1776358800,2026-04-16 17:00:00,98703.77,98902.67,98700.7,98783.39
1776362400,2026-04-16 18:00:00,98783.93,98914.42,98741.81,98758.09
1776366000,2026-04-16 19:00:00,98759.06,98851.79,98621.15,98634.3
1776369600,2026-04-16 20:00:00,98637.35,98837.96,98607.82,98763.36
1776373200,2026-04-16 21:00:00,98761.73,98875.07,98710.96,98743.4
1776376800,2026-04-16 22:00:00,98742.38,98914.1,98681.95,98889.34
1776380400,2026-04-16 23:00:00,98890.19,99009.46,98857.16,98961.1
1776384000,2026-04-17 00:00:00,98959.46,98994.11,98839.71,98883.07
1776387600,2026-04-17 01:00:00,98881.39,99115.09,98879.1,98973.31
1776391200,2026-04-17 02:00:00,98974.98,99139.94,98964.53,99053.44
1776394800,2026-04-17 03:00:00,99051.31,99116.99,98961.65,99007.52
1776398400,2026-04-17 04:00:00,99004.65,99012.29,98855.55,98927.99
1776402000,2026-04-17 05:00:00,98928.06,98930.19,98644.54,98698.53
1776405600,2026-04-17 06:00:00,98698.85,98818.83,98691.05,98759.26
1776409200,2026-04-17 07:00:00,98756.85,98760.85,98563.24,98745.84
1776412800,2026-04-17 08:00:00,98745.86,98850.59,98649.43,98841.77
1776416400,2026-04-17 09:00:00,98840.66,98865.76,98710.96,98763.12
1776420000,2026-04-17 10:00:00,98760.75,98807.81,98590.13,98737.79
1776423600,2026-04-17 11:00:00,98736.4,98752.66,98510.8,98647.63
1776427200,2026-04-17 12:00:00,98647.64,98733.46,98450.5,98489.09
1776430800,2026-04-17 13:00:00,98489.53,98595.96,98431.53,98488.83
1776434400,2026-04-17 14:00:00,98488.53,98518.46,98389.32,98419.03
1776438000,2026-04-17 15:00:00,98420.29,98505.19,98242.67,98242.67
1776441600,2026-04-17 16:00:00,98239.46,98425.06,98230.22,98377.36
1776445200,2026-04-17 17:00:00,98377.54,98386.62,98284.29,98364.46
1776448800,2026-04-17 18:00:00,98363.67,98462.04,98080.7,98110.68
1776452400,2026-04-17 19:00:00,98112.55,98134.44,97911.05,97911.05
1776456000,2026-04-17 20:00:00,97906.24,97927.31,97599.47,97623.76
1776459600,2026-04-17 21:00:00,97626.07,97921.97,97613.25,97885.39
1776463200,2026-04-17 22:00:00,97885.8,97970.01,97768,97887.89
1776466800,2026-04-17 23:00:00,97886.32,98145.82,97884.58,98145.48
1776470400,2026-04-18 00:00:00,98140.74,98386.34,98109.97,98202.88
1776474000,2026-04-18 01:00:00,98202.83,98365.09,98144.56,98304.67
1776477600,2026-04-18 02:00:00,98305.68,98543.36,98252.02,98279.85
1776481200,2026-04-18 03:00:00,98278.56,98419.51,98237.1,98415.58
1776484800,2026-04-18 04:00:00,98419.05,98623.83,98417.82,98557.87
1776488400,2026-04-18 05:00:00,98559.1,98643.1,98428.2,98643.1
1776492000,2026-04-18 06:00:00,98639.76,98713.96,98566.35,98576.24
1776495600,2026-04-18 07:00:00,98574.89,98665.5,98523.99,98637.27
1776499200,2026-04-18 08:00:00,98635.7,98651.29,98350.3,98370.81
1776502800,2026-04-18 09:00:00,98370.56,98467.4,98278.54,98393.46
1776506400,2026-04-18 10:00:00,98392.08,98503.68,98374.08,98474.57
1776510000,2026-04-18 11:00:00,98476.47,98679.61,98450.9,98587.07
1776513600,2026-04-18 12:00:00,98589.63,98616.07,98495.67,98508.51
1776517200,2026-04-18 13:00:00,98504.81,98553.23,98397.7,98415.51
1776520800,2026-04-18 14:00:00,98412.57,98457.17,98234.36,98314.58
1776524400,2026-04-18 15:00:00,98316.14,98427.56,98267.49,98293.63
1776528000,2026-04-18 16:00:00,98294.5,98348.9,98193.7,98325.11
1776531600,2026-04-18 17:00:00,98328.08,98449.74,98298.13,98385.66
1776535200,2026-04-18 18:00:00,98385.38,98425.12,98193.62,98394.41
1776538800,2026-04-18 19:00:00,98395.46,98491.66,98331.19,98448.15
1776542400,2026-04-18 20:00:00,98449.66,98454.6,98127.81,98205.53
1776546000,2026-04-18 21:00:00,98205.3,98322.79,98091.35,98110.98
1776549600,2026-04-18 22:00:00,98111.09,98208.19,98001.73,98161.38
1776553200,2026-04-18 23:00:00,98162.16,98198.8,97909.81,97911.39
1776556800,2026-04-19 00:00:00,97911.45,98089.79,97842.24,98045.03
1776560400,2026-04-19 01:00:00,98041.69,98162.94,98012.37,98078.08
1776564000,2026-04-19 02:00:00,98081.48,98125.75,97984.13,98031.72
1776567600,2026-04-19 03:00:00,98033.94,98115.59,97929.54,97952.81
1776571200,2026-04-19 04:00:00,97950.21,98221.42,97945.09,98155.03
1776574800,2026-04-19 05:00:00,98153.79,98249.27,98127.43,98198.69
1776578400,2026-04-19 06:00:00,98198.62,98279.3,98048.25,98149.61
1776582000,2026-04-19 07:00:00,98151.64,98400.54,98148.41,98375.23
1776585600,2026-04-19 08:00:00,98376.57,98486.43,98284.58,98378.78
1776589200,2026-04-19 09:00:00,98379.9,98514.77,98373.37,98448.96
1776592800,2026-04-19 10:00:00,98449.85,98621.69,98449.85,98523.6
1776596400,2026-04-19 11:00:00,98525.4,98720.66,98510.45,98698.36
1776600000,2026-04-19 12:00:00,98697.97,98718.7,98529.83,98529.83
1776603600,2026-04-19 13:00:00,98530.8,98541.43,98116.97,98118.69
1776607200,2026-04-19 14:00:00,98118.47,98198.53,98037.5,98070.4
1776610800,2026-04-19 15:00:00,98069.34,98230.85,97994.66,98230.85
1776614400,2026-04-19 16:00:00,98231.04,98246.38,97936.84,98082.11
1776618000,2026-04-19 17:00:00,98084.64,98187.41,98052.19,98113.82
1776621600,2026-04-19 18:00:00,98113.69,98149.33,97820.64,97828.04
1776625200,2026-04-19 19:00:00,97826.99,98120.11,97799.23,98075.51
1776628800,2026-04-19 20:00:00,98074.7,98204.57,98040.28,98127.1
1776632400,2026-04-19 21:00:00,98127.5,98215.42,98073.41,98196.11
1776636000,2026-04-19 22:00:00,98196.86,98308.64,98118.88,98121.25
1776639600,2026-04-19 23:00:00,98121.37,98630.77,98121.35,98628.46
1776643200,2026-04-20 00:00:00,98628.02,98653.03,98313.52,98345.22
1776646800,2026-04-20 01:00:00,98345.3,98470,98249.98,98295.19
1776650400,2026-04-20 02:00:00,98295.54,98446.66,98242.57,98443.27
1776654000,2026-04-20 03:00:00,98443.45,98541.92,98328.82,98334.72
1776657600,2026-04-20 04:00:00,98334.18,98670.69,98319.71,98637.06
1776661200,2026-04-20 05:00:00,98637.19,98667.04,98372.4,98388.81
1776664800,2026-04-20 06:00:00,98389.05,98452.79,98342.95,98389.94
1776668400,2026-04-20 07:00:00,98387.89,98451.29,98322.03,98346.16
1776672000,2026-04-20 08:00:00,98346.3,98355.64,98061.17,98111.55
1776675600,2026-04-20 09:00:00,98112.03,98268.58,98097.84,98205.69
1776679200,2026-04-20 10:00:00,98205.62,98298.25,98107.04,98263.27
1776682800,2026-04-20 11:00:00,98261.35,98276.93,98095.49,98208.91
1776686400,2026-04-20 12:00:00,98207.68,98314.33,98186.89,98249
1776690000,2026-04-20 13:00:00,98247.93,98485.36,98221.76,98445.83
1776693600,2026-04-20 14:00:00,98444.55,98445.61,98288.91,98336.38
1776697200,2026-04-20 15:00:00,98337.98,98523.73,98317.7,98450.58
1776700800,2026-04-20 16:00:00,98451.81,98494.27,98375.99,98485.94
1776704400,2026-04-20 17:00:00,98487.41,98761.96,98463.26,98716.56
1776708000,2026-04-20 18:00:00,98718.99,98783.14,98614.25,98685.64
1776711600,2026-04-20 19:00:00,98684.42,98856.25,98655.99,98794.45
1776715200,2026-04-20 20:00:00,98796.41,98846.17,98707.86,98804.33
1776718800,2026-04-20 21:00:00,98804.28,98880.29,98751.88,98804.56
1776722400,2026-04-20 22:00:00,98806.91,98927.06,98767.79,98828.73
1776726000,2026-04-20 23:00:00,98828.02,98989.91,98807.37,98988.17
1776729600,2026-04-21 00:00:00,98988.62,99241.27,98946.12,99153.04
1776733200,2026-04-21 01:00:00,99152.78,99302.61,99082.14,99228.61
1776736800,2026-04-21 02:00:00,99228.67,99261.51,99134.67,99235.18
1776740400,2026-04-21 03:00:00,99235.45,99315.47,99169.43,99268.36
1776744000,2026-04-21 04:00:00,99271.76,99325.16,99148.37,99171.3
1776747600,2026-04-21 05:00:00,99169.71,99174.6,98881.84,98882.08
1776751200,2026-04-21 06:00:00,98881.1,98908.73,98720.36,98899.14
1776754800,2026-04-21 07:00:00,98900.37,98907.06,98785.4,98805.55
1776758400,2026-04-21 08:00:00,98804.51,99045.6,98798.84,99030.53
1776762000,2026-04-21 09:00:00,99032.25,99182.96,99020.8,99092.82
1776765600,2026-04-21 10:00:00,99092.06,99198.45,99045.05,99179.18
1776769200,2026-04-21 11:00:00,99176.87,99341.98,99076.89,99279.08
1776772800,2026-04-21 12:00:00,99280.57,99336.64,98975.61,98978.6
1776776400,2026-04-21 13:00:00,98979.12,98979.12,98830.74,98943
1776780000,2026-04-21 14:00:00,98945.28,99059.36,98905.68,99051.45
1776783600,2026-04-21 15:00:00,99050.02,99188.06,98909.59,99101.82
1776787200,2026-04-21 16:00:00,99100.65,99488.55,99079.75,99459.38
1776790800,2026-04-21 17:00:00,99456.23,99457.38,99172.05,99241.41
1776794400,2026-04-21 18:00:00,99242.47,99283.08,99137.28,99240.66
1776798000,2026-04-21 19:00:00,99241.34,99584.36,99175.93,99576.73
1776801600,2026-04-21 20:00:00,99573.42,99649.76,99400.63,99406.09
1776805200,2026-04-21 21:00:00,99402.89,99484.59,99375.79,99407.12
1776808800,2026-04-21 22:00:00,99408.73,99492.25,99294.11,99469.35
1776812400,2026-04-21 23:00:00,99468.08,99617.62,99410.42,99534.9
1776816000,2026-04-22 00:00:00,99535.76,99542.29,99395.18,99406.4
1776819600,2026-04-22 01:00:00,99410.84,99646.34,99371.58,99612.3
1776823200,2026-04-22 02:00:00,99614.25,99639.28,99436.29,99475.83
1776826800,2026-04-22 03:00:00,99479.46,99488.48,99132.67,99228.79
1776830400,2026-04-22 04:00:00,99227.65,99401.45,99172.17,99389.54
1776834000,2026-04-22 05:00:00,99388.55,99427.14,99171.35,99391.23
1776837600,2026-04-22 06:00:00,99389.56,99558.09,99340.58,99342.25
1776841200,2026-04-22 07:00:00,99340.86,99433.76,99299.36,99365.49
1776844800,2026-04-22 08:00:00,99365.09,99415.19,99235.82,99387.03
1776848400,2026-04-22 09:00:00,99387.47,99451.42,99300.03,99415.54
1776852000,2026-04-22 10:00:00,99413.88,99468.95,99139.14,99153.09
1776855600,2026-04-22 11:00:00,99153.24,99169.46,99027.88,99146.08
1776859200,2026-04-22 12:00:00,99147.78,99301.73,99069.48,99221.33
1776862800,2026-04-22 13:00:00,99222.98,99298.07,99111.09,99152.45
1776866400,2026-04-22 14:00:00,99154.27,99177.37,99045.48,99046.66
1776870000,2026-04-22 15:00:00,99047.29,99201.96,99009.34,99134.59
1776873600,2026-04-22 16:00:00,99134.98,99422.8,99120.47,99412.88
1776877200,2026-04-22 17:00:00,99415.27,99511.15,99325.06,99416.61
1776880800,2026-04-22 18:00:00,99417.81,99524.48,99236.89,99269.43
1776884400,2026-04-22 19:00:00,99268.81,99412.29,99260.04,99318.66
1776888000,2026-04-22 20:00:00,99318.04,99358.03,99199.96,99315.12
1776891600,2026-04-22 21:00:00,99315.24,99406.98,99270.25,99333.46
1776895200,2026-04-22 22:00:00,99333.92,99526.54,99331.74,99431.92
1776898800,2026-04-22 23:00:00,99433.83,99529.61,99270.27,99329.42
1776902400,2026-04-23 00:00:00,99332.44,99437.9,99161.7,99202.91
1776906000,2026-04-23 01:00:00,99203.55,99303.08,99061.21,99290.07
1776909600,2026-04-23 02:00:00,99288.27,99406.22,99259.8,99374.12
1776913200,2026-04-23 03:00:00,99373.87,99465.62,99307.49,99402.47
1776916800,2026-04-23 04:00:00,99400.99,99576.82,99356.67,99560.43
1776920400,2026-04-23 05:00:00,99558.78,99562.25,99406.46,99523.35
1776924000,2026-04-23 06:00:00,99522.11,99583.22,99269.51,99289.12
1776927600,2026-04-23 07:00:00,99291.49,99327.89,99155.24,99157.47
1776931200,2026-04-23 08:00:00,99154.26,99181.3,98946,99139.09
1776934800,2026-04-23 09:00:00,99138.38,99238.09,99084.66,99162.11
1776938400,2026-04-23 10:00:00,99159.99,99189.43,98959.85,98987.1
1776942000,2026-04-23 11:00:00,98987.73,99093.11,98959.26,98983.89
1776945600,2026-04-23 12:00:00,98985.06,99010.21,98787.4,98814.14
1776949200,2026-04-23 13:00:00,98811.81,98844.28,98639.06,98650.78
1776952800,2026-04-23 14:00:00,98654.26,98690.29,98522.04,98595.49
1776956400,2026-04-23 15:00:00,98593.36,98718.72,98553.46,98574.24
1776960000,2026-04-23 16:00:00,98576.08,98579.44,98469.47,98513.93
1776963600,2026-04-23 17:00:00,98516.82,98543.41,98398.35,98505.72
1776967200,2026-04-23 18:00:00,98504.44,98512.67,98252.82,98265.68
1776970800,2026-04-23 19:00:00,98269.42,98272.27,98159.69,98176.75
1776974400,2026-04-23 20:00:00,98176.7,98191.5,98065.56,98124.82
1776978000,2026-04-23 21:00:00,98125.68,98156.08,98006.31,98006.31
1776981600,2026-04-23 22:00:00,98002.88,98005.02,97675.03,97764.6
1776985200,2026-04-23 23:00:00,97764.66,98077.09,97763.95,97815.62
1776988800,2026-04-24 00:00:00,97812.94,97912.09,97641.85,97706.28
1776992400,2026-04-24 01:00:00,97704.74,97874.66,97704.1,97789.29
1776996000,2026-04-24 02:00:00,97788.01,97922.8,97727.98,97851.14
1776999600,2026-04-24 03:00:00,97850.19,97911.78,97615.97,97628.33
1777003200,2026-04-24 04:00:00,97627.6,97665.97,97520.66,97577.3
1777006800,2026-04-24 05:00:00,97576.35,97635.92,97401.53,97524.62
1777010400,2026-04-24 06:00:00,97525.66,97613.29,97474.84,97477.01
1777014000,2026-04-24 07:00:00,97475.56,97814.08,97465.21,97813.45
1777017600,2026-04-24 08:00:00,97813.49,97876.49,97751.33,97798.47
1777021200,2026-04-24 09:00:00,97798.3,97883.27,97705.45,97865.4
1777024800,2026-04-24 10:00:00,97865.06,98118.58,97841.21,97989.74
1777028400,2026-04-24 11:00:00,97989.69,98319.22,97969.3,98297.99
1777032000,2026-04-24 12:00:00,98296.82,98428.45,98249.21,98337.9
1777035600,2026-04-24 13:00:00,98334.66,98379.51,98234.81,98241.52
1777039200,2026-04-24 14:00:00,98243.61,98248.72,98071.67,98197.28
1777042800,2026-04-24 15:00:00,98197.35,98280.98,98144.02,98257.92
1777046400,2026-04-24 16:00:00,98259.07,98393.53,98216.31,98389.07
1777050000,2026-04-24 17:00:00,98387.9,98454.39,98308.59,98334.52
1777053600,2026-04-24 18:00:00,98337.52,98368.37,98049.47,98095.24
1777057200,2026-04-24 19:00:00,98094.04,98205.24,98022.82,98155.99
1777060800,2026-04-24 20:00:00,98158.93,98158.93,97958.7,97981.1
1777064400,2026-04-24 21:00:00,97978.82,98021.58,97717.08,97723.98
1777068000,2026-04-24 22:00:00,97725.27,97979.71,97673.87,97841.31
1777071600,2026-04-24 23:00:00,97841.32,97857.59,97586.03,97732.62
1777075200,2026-04-25 00:00:00,97733.01,97888.75,97708.81,97879.94
1777078800,2026-04-25 01:00:00,97881.25,97944.79,97742.07,97900.37
1777082400,2026-04-25 02:00:00,97900.15,97919.63,97806.91,97828.1
1777086000,2026-04-25 03:00:00,97827.43,97962.48,97811.9,97864.97
1777089600,2026-04-25 04:00:00,97866.23,98169.18,97858.76,98148.43
1777093200,2026-04-25 05:00:00,98145.85,98152.85,97924.6,97981.49
1777096800,2026-04-25 06:00:00,97983.21,98186.45,97924.85,98165.5
1777100400,2026-04-25 07:00:00,98165.7,98192.77,98025.57,98127.16
1777104000,2026-04-25 08:00:00,98126.78,98144.11,97889.99,97917.95
1777107600,2026-04-25 09:00:00,97916.55,98003.49,97853.26,97913.14
1777111200,2026-04-25 10:00:00,97913.69,98100.74,97908.77,98056.86
1777114800,2026-04-25 11:00:00,98056.94,98064.91,97794.08,97813.15
1777118400,2026-04-25 12:00:00,97811.99,97835.86,97633.32,97782.74
1777122000,2026-04-25 13:00:00,97784.73,97894.08,97716.62,97836.36
1777125600,2026-04-25 14:00:00,97831.5,97864.83,97633.21,97673.55
1777129200,2026-04-25 15:00:00,97672.99,97851.67,97613.96,97695.61
1777132800,2026-04-25 16:00:00,97698.32,97801.54,97668.65,97707.78
1777136400,2026-04-25 17:00:00,97707.01,97910.4,97622.01,97881.21
1777140000,2026-04-25 18:00:00,97884.57,97902.26,97706.54,97740.78
1777143600,2026-04-25 19:00:00,97740.46,98122.07,97734.38,98084.38
1777147200,2026-04-25 20:00:00,98083.35,98199.34,98040.03,98194.26
1777150800,2026-04-25 21:00:00,98193.75,98258.13,98079.47,98159.82
1777154400,2026-04-25 22:00:00,98160.45,98318.24,98109.11,98270.17
1777158000,2026-04-25 23:00:00,98269.11,98280.6,98152.97,98198.58
1777161600,2026-04-26 00:00:00,98199.61,98316.89,98145.43,98219.44
1777165200,2026-04-26 01:00:00,98221.28,98246.6,98005.95,98016.28
1777168800,2026-04-26 02:00:00,98013.91,98023.24,97713.93,97897.64
1777172400,2026-04-26 03:00:00,97895.55,97972.79,97631.61,97642.77
1777176000,2026-04-26 04:00:00,97645.17,97828.03,97606.63,97756.46
1777179600,2026-04-26 05:00:00,97757.65,97862.74,97656.14,97839.2
1777183200,2026-04-26 06:00:00,97840.22,98067.94,97831.95,98067.94
1777186800,2026-04-26 07:00:00,98064.39,98216.87,98059.5,98140.22
1777190400,2026-04-26 08:00:00,98140.94,98272.21,98069.58,98193.52
1777194000,2026-04-26 09:00:00,98193.73,98277.7,98095.7,98150.6
1777197600,2026-04-26 10:00:00,98151.36,98221.89,98107.08,98158.04
1777201200,2026-04-26 11:00:00,98160.18,98338.49,98157.59,98314.2
1777204800,2026-04-26 12:00:00,98316.79,98319.72,98135.22,98224.16
1777208400,2026-04-26 13:00:00,98224.47,98278.47,98022.32,98092.97
1777212000,2026-04-26 14:00:00,98091.01,98169.85,97943.31,97957.54
1777215600,2026-04-26 15:00:00,97956.13,97960.38,97770.29,97789.54
1777219200,2026-04-26 16:00:00,97790.88,97943.56,97785.15,97936.36
1777222800,2026-04-26 17:00:00,97935.16,98076.6,97898.08,98059.39
1777226400,2026-04-26 18:00:00,98056.59,98056.59,97957.52,97986.58
1777230000,2026-04-26 19:00:00,97988.27,98012.55,97858.48,97890.87
1777233600,2026-04-26 20:00:00,97890.15,98202.83,97882.04,98076.78
1777237200,2026-04-26 21:00:00,98077.19,98245.57,98023.38,98214.87
1777240800,2026-04-26 22:00:00,98217.55,98220.91,98058.83,98104.18
1777244400,2026-04-26 23:00:00,98106.64,98110.79,97903.07,97951.33
1777248000,2026-04-27 00:00:00,97952.84,98169.01,97883.13,98147.13
1777251600,2026-04-27 01:00:00,98148.92,98277.91,98065.52,98159.38
1777255200,2026-04-27 02:00:00,98159.35,98204.04,98033.76,98051.57
1777258800,2026-04-27 03:00:00,98050.05,98128.58,98006.35,98116.65
1777262400,2026-04-27 04:00:00,98115.49,98188.96,98035.39,98169.9
1777266000,2026-04-27 05:00:00,98168.05,98428.96,98138.1,98424.28
1777269600,2026-04-27 06:00:00,98424.68,98449.35,98301.12,98370.77
1777273200,2026-04-27 07:00:00,98376.94,98505.29,98236.77,98246.18
1777276800,2026-04-27 08:00:00,98245.81,98246,98065.68,98150.33
1777280400,2026-04-27 09:00:00,98151.05,98202.14,98000.91,98042.35
1777284000,2026-04-27 10:00:00,98041.48,98121.02,97908.61,98104.97
1777287600,2026-04-27 11:00:00,98104.57,98141.71,97961.59,98059.99
1777291200,2026-04-27 12:00:00,98059.29,98226.1,97994.26,98157.69
1777294800,2026-04-27 13:00:00,98157.04,98388.11,98147.1,98307.23
1777298400,2026-04-27 14:00:00,98306.91,98325.49,98094.16,98113.3
1777302000,2026-04-27 15:00:00,98111.05,98148.79,98047.94,98123.4
1777305600,2026-04-27 16:00:00,98120.08,98318.2,98072.44,98303.84
1777309200,2026-04-27 17:00:00,98305.09,98462.27,98298.63,98397.9
1777312800,2026-04-27 18:00:00,98399.71,98427.19,98208.33,98250.84
1777316400,2026-04-27 19:00:00,98251,98333.47,98036.08,98046.88
1777320000,2026-04-27 20:00:00,98046.73,98117.87,97957.01,98061.36
1777323600,2026-04-27 21:00:00,98062.54,98088.49,97874.76,97895.35
1777327200,2026-04-27 22:00:00,97892.58,97924.2,97701.97,97701.97
1777330800,2026-04-27 23:00:00,97703.29,97795.37,97439.16,97445.69
1777334400,2026-04-28 00:00:00,97444.84,97450.97,97272.97,97364.36
1777338000,2026-04-28 01:00:00,97362.94,97396.39,97245.94,97352.29
1777341600,2026-04-28 02:00:00,97354.23,97441.51,97279.32,97393.37
1777345200,2026-04-28 03:00:00,97387.49,97421.31,97221.57,97306.7
1777348800,2026-04-28 04:00:00,97309.79,97331.67,97119.96,97164.56
1777352400,2026-04-28 05:00:00,97164.56,97283.65,97080.95,97268.61
1777356000,2026-04-28 06:00:00,97266.34,97529.7,97266.12,97473
1777359600,2026-04-28 07:00:00,97476.12,97547.56,97394.71,97406.12
1777363200,2026-04-28 08:00:00,97405.79,97428.81,97154.41,97171.08
1777366800,2026-04-28 09:00:00,97167.84,97195.08,97105.57,97174.51
1777370400,2026-04-28 10:00:00,97173.35,97196.57,97048.51,97124.38
1777374000,2026-04-28 11:00:00,97124.99,97241.4,97107.63,97172.39
1777377600,2026-04-28 12:00:00,97170.43,97198,96986.15,97072.8
1777381200,2026-04-28 13:00:00,97073.49,97152.72,96699.64,96797.63
1777384800,2026-04-28 14:00:00,96797.61,96950.21,96697.63,96698.95
1777388400,2026-04-28 15:00:00,96697.81,96760.07,96521.9,96678.35
1777392000,2026-04-28 16:00:00,96674.53,96790.26,96549.14,96790.22
1777395600,2026-04-28 17:00:00,96787.86,96943.77,96777.21,96877.4
1777399200,2026-04-28 18:00:00,96880.07,96963.72,96716.75,96754.02
1777402800,2026-04-28 19:00:00,96752.48,96827.07,96670.74,96706.79
1777406400,2026-04-28 20:00:00,96707.66,96994.31,96697.21,96937.24
1777410000,2026-04-28 21:00:00,96937.38,97155.22,96750.11,96789.89
1777413600,2026-04-28 22:00:00,96786.75,96854.33,96683.57,96823.45
1777417200,2026-04-28 23:00:00,96820.75,96916.69,96717.93,96870.35
1777420800,2026-04-29 00:00:00,96867,96897.53,96660.97,96733.04
1777424400,2026-04-29 01:00:00,96731.15,96778.15,96666.86,96735.59
1777428000,2026-04-29 02:00:00,96733.74,96734.33,96587.36,96636.39
1777431600,2026-04-29 03:00:00,96635.55,96686.05,96496.81,96531.92
1777435200,2026-04-29 04:00:00,96529.93,96570.28,96392.77,96522.25
1777438800,2026-04-29 05:00:00,96523.48,96531.1,96332.52,96441.86
1777442400,2026-04-29 06:00:00,96443.74,96586.04,96407,96536.8
1777446000,2026-04-29 07:00:00,96535.49,96656.94,96496.41,96647.84
1777449600,2026-04-29 08:00:00,96647.19,96867.67,96644.26,96804.13
1777453200,2026-04-29 09:00:00,96803.48,96925.59,96758.87,96810.14
1777456800,2026-04-29 10:00:00,96810.35,96909.5,96753.15,96856.75
1777460400,2026-04-29 11:00:00,96857.84,96967.83,96798.72,96833.92
1777464000,2026-04-29 12:00:00,96834.81,97084.48,96815.01,97067.78
1777467600,2026-04-29 13:00:00,97065.5,97069.15,96867.68,96923.55
1777471200,2026-04-29 14:00:00,96927.45,96939.46,96598.54,96600.84
1777474800,2026-04-29 15:00:00,96597.92,96741.75,96569.73,96625.44
1777478400,2026-04-29 16:00:00,96625.44,96678.42,96418.79,96465.29
1777482000,2026-04-29 17:00:00,96466.61,96481.1,96245.18,96252.74
1777485600,2026-04-29 18:00:00,96254.47,96380.61,96198.35,96362.45
1777489200,2026-04-29 19:00:00,96362.47,96492.25,96340.32,96474.07
1777492800,2026-04-29 20:00:00,96476.3,96701.69,96431.25,96700.73
1777496400,2026-04-29 21:00:00,96702.73,96704.35,96577.42,96624.7
1777500000,2026-04-29 22:00:00,96625.57,96719.84,96545.75,96613.56
1777503600,2026-04-29 23:00:00,96612.43,96692.03,96464.38,96470.36
1777507200,2026-04-30 00:00:00,96469.27,96497.64,96304.02,96309.17
1777510800,2026-04-30 01:00:00,96306.9,96596.05,96291.79,96477.62
1777514400,2026-04-30 02:00:00,96478.53,96479.63,96312.72,96399.76
1777518000,2026-04-30 03:00:00,96401.84,96675.91,96363.38,96658.52
1777521600,2026-04-30 04:00:00,96660.27,96678.83,96505.79,96508.7
1777525200,2026-04-30 05:00:00,96509.76,96586.65,96318.96,96373.94
1777528800,2026-04-30 06:00:00,96374.4,96602.81,96337.68,96579.71
1777532400,2026-04-30 07:00:00,96582.32,96607.63,96270.66,96333.4
1777536000,2026-04-30 08:00:00,96333.11,96446.57,96255.41,96301.79
1777539600,2026-04-30 09:00:00,96301.81,96427.13,96239.47,96406.63
1777543200,2026-04-30 10:00:00,96408.67,96647.46,96391.25,96391.25
1777546800,2026-04-30 11:00:00,96390.75,96470.46,96342.09,96370.89
1777550400,2026-04-30 12:00:00,96372.9,96441.39,96337.61,96359.87
1777554000,2026-04-30 13:00:00,96357.24,96469.57,96273.01,96295.54
1777557600,2026-04-30 14:00:00,96299.3,96444.39,96210.91,96218.23
1777561200,2026-04-30 15:00:00,96217.55,96432.76,96191.91,96384.11
1777564800,2026-04-30 16:00:00,96380.43,96558.66,96357.65,96549.97
1777568400,2026-04-30 17:00:00,96546.28,96648.78,96493.74,96533.57
1777572000,2026-04-30 18:00:00,96534.48,96676.02,96378.07,96676.02
1777575600,2026-04-30 19:00:00,96676.77,96873.87,96650.24,96833.97
1777579200,2026-04-30 20:00:00,96836.62,97016.23,96801.64,96876.26
1777582800,2026-04-30 21:00:00,96875.02,96979.32,96782.62,96941.55
1777586400,2026-04-30 22:00:00,96942.12,97196.34,96938.72,97117.36
1777590000,2026-04-30 23:00:00,97115.36,97293.84,97080.37,97088.5
1777593600,2026-05-01 00:00:00,97088.22,97202.01,96974.56,97066.75
1777597200,2026-05-01 01:00:00,97068.51,97090.4,96940.75,96985.33
1777600800,2026-05-01 02:00:00,96986.57,96997.17,96771.63,96793.5
1777604400,2026-05-01 03:00:00,96793.72,96810.69,96639.53,96640.09
1777608000,2026-05-01 04:00:00,96640.38,96874.45,96640.38,96810.04
1777611600,2026-05-01 05:00:00,96809.94,96815.22,96620.56,96687.18
1777615200,2026-05-01 06:00:00,96685.94,96801.09,96650.34,96672.06
1777618800,2026-05-01 07:00:00,96673.62,96688.89,96506.47,96558.42
1777622400,2026-05-01 08:00:00,96558.95,96707.75,96549.83,96654.7
1777626000,2026-05-01 09:00:00,96654.49,96875.59,96587.17,96870.79
1777629600,2026-05-01 10:00:00,96872.32,96945.28,96765.34,96914.63
1777633200,2026-05-01 11:00:00,96915.35,97052.66,96853.85,96935.24
1777636800,2026-05-01 12:00:00,96935.04,97001.82,96793.21,96930.03
1777640400,2026-05-01 13:00:00,96930.33,96931.11,96573.53,96577.93
1777644000,2026-05-01 14:00:00,96578.31,96578.31,96444.86,96526
1777647600,2026-05-01 15:00:00,96527.52,96666.4,96504.63,96581.3
1777651200,2026-05-01 16:00:00,96582.12,96762.25,96578.88,96756.23
1777654800,2026-05-01 17:00:00,96757.6,96868.09,96665.04,96839.04
1777658400,2026-05-01 18:00:00,96838.43,96888.86,96718.79,96839.32
1777662000,2026-05-01 19:00:00,96838.63,96931.95,96784.28,96872.96
1777665600,2026-05-01 20:00:00,96873.33,96889.47,96709.57,96741.67
1777669200,2026-05-01 21:00:00,96742.66,96817.57,96632.96,96650.74
1777672800,2026-05-01 22:00:00,96651.38,96658.6,96360.7,96400.76
1777676400,2026-05-01 23:00:00,96400.9,96480.61,96262.85,96419.99
1777680000,2026-05-02 00:00:00,96420.8,96728.33,96390.82,96724.32
1777683600,2026-05-02 01:00:00,96725.01,96783.68,96584.15,96700.85
1777687200,2026-05-02 02:00:00,96695.73,96707.15,96529.59,96576.43
1777690800,2026-05-02 03:00:00,96576.27,96661.32,96530.49,96622.95
1777694400,2026-05-02 04:00:00,96621.1,96941.15,96561.07,96860.32
1777698000,2026-05-02 05:00:00,96862,96952.87,96812.55,96892.48
1777701600,2026-05-02 06:00:00,96893.48,96912.78,96779.51,96872.16
1777705200,2026-05-02 07:00:00,96869.72,97024.92,96839.34,96979.22
1777708800,2026-05-02 08:00:00,96980.11,96982.47,96680.27,96781.45
1777712400,2026-05-02 09:00:00,96776.34,96837.12,96677.02,96793.87
1777716000,2026-05-02 10:00:00,96793.53,96793.64,96589.45,96619.95
1777719600,2026-05-02 11:00:00,96618.67,96950.59,96611.83,96942.82
1777723200,2026-05-02 12:00:00,96941.1,96969.82,96699.27,96725.46
1777726800,2026-05-02 13:00:00,96727.43,96822.19,96672.38,96689.35
1777730400,2026-05-02 14:00:00,96690.62,96723.95,96508.96,96572.32
1777734000,2026-05-02 15:00:00,96574.43,96673.37,96504.98,96659.77
1777737600,2026-05-02 16:00:00,96658.83,96660.16,96538.97,96583.06
1777741200,2026-05-02 17:00:00,96582.29,96853.51,96572.38,96765.59
1777744800,2026-05-02 18:00:00,96766.49,96780.49,96501.87,96638.76
1777748400,2026-05-02 19:00:00,96637,96702.67,96549.79,96551.84
1777752000,2026-05-02 20:00:00,96552.22,96552.83,96245.46,96254.51
1777755600,2026-05-02 21:00:00,96258.13,96376.73,96176.79,96258.83
1777759200,2026-05-02 22:00:00,96259.67,96491.09,96239.23,96440.18
1777762800,2026-05-02 23:00:00,96440.52,96499.79,96370.71,96409.42
1777766400,2026-05-03 00:00:00,96407.59,96649.06,96375.66,96585.56
1777770000,2026-05-03 01:00:00,96582.08,96638.02,96565.03,96601.68
1777773600,2026-05-03 02:00:00,96600.91,96758.74,96536.09,96708.69
1777777200,2026-05-03 03:00:00,96707.42,96734.26,96497.17,96510.29
1777780800,2026-05-03 04:00:00,96508.65,96521.55,96294.52,96417.26
1777784400,2026-05-03 05:00:00,96420.75,96440.76,96213.09,96278.62
1777788000,2026-05-03 06:00:00,96277.32,96378.65,96221.98,96227.67
1777791600,2026-05-03 07:00:00,96229.29,96244.43,95773.2,95782.6
1777795200,2026-05-03 08:00:00,95783.46,95808.22,95642.92,95793.96
1777798800,2026-05-03 09:00:00,95795.02,95812.95,95422.08,95464.18
1777802400,2026-05-03 10:00:00,95465.28,95523.82,95413.6,95437.63
1777806000,2026-05-03 11:00:00,95439.99,95578.36,95397.9,95530.22
1777809600,2026-05-03 12:00:00,95529.12,95568.7,95461.8,95515.45
1777813200,2026-05-03 13:00:00,95516.8,95551.67,95413.73,95541.01
1777816800,2026-05-03 14:00:00,95540.06,95554.59,95341.37,95463.51
1777820400,2026-05-03 15:00:00,95465.07,95610.73,95380.62,95578.18
1777824000,2026-05-03 16:00:00,95577.81,95675.21,95527.86,95581.76
1777827600,2026-05-03 17:00:00,95581.22,95737.07,95536.98,95733.95
1777831200,2026-05-03 18:00:00,95738.06,95751.71,95510.74,95517.89
1777834800,2026-05-03 19:00:00,95519.26,95669.41,95518.51,95529.98
1777838400,2026-05-03 20:00:00,95527.13,95639.27,95469.37,95572.18
1777842000,2026-05-03 21:00:00,95569.36,95603.36,95259.11,95262.57
1777845600,2026-05-03 22:00:00,95262.24,95288.36,95190.81,95231.73
1777849200,2026-05-03 23:00:00,95232.11,95254.98,95120.58,95233.36
1777852800,2026-05-04 00:00:00,95233.61,95373.42,95156.51,95343.56
1777856400,2026-05-04 01:00:00,95341.43,95519.5,95322.02,95473.91
1777860000,2026-05-04 02:00:00,95473.24,95501.92,95350.5,95387.22
1777863600,2026-05-04 03:00:00,95384.8,95416.89,95118.63,95169.59
1777867200,2026-05-04 04:00:00,95170.81,95191.64,94956.75,94999.55
1777870800,2026-05-04 05:00:00,94999.77,95163.54,94984.19,95145.13
1777874400,2026-05-04 06:00:00,95143.94,95149.03,94941.75,94984.56
1777878000,2026-05-04 07:00:00,94983.88,95280.61,94965.35,95176.79
1777881600,2026-05-04 08:00:00,95178.46,95275.98,95160.9,95204.46
1777885200,2026-05-04 09:00:00,95204.53,95217.01,95044.05,95126.06
1777888800,2026-05-04 10:00:00,95125.44,95212.32,95072.63,95096.16
1777892400,2026-05-04 11:00:00,95095.34,95247.15,94991.56,95015.94
1777896000,2026-05-04 12:00:00,95015.49,95093.33,94888.42,94955.44
1777899600,2026-05-04 13:00:00,94956.44,94987.47,94814.95,94898.47
1777903200,2026-05-04 14:00:00,94897.8,94943.46,94784.92,94898.62
1777906800,2026-05-04 15:00:00,94898.23,94920.79,94785.78,94901.05
1777910400,2026-05-04 16:00:00,94901.29,94933.29,94683.66,94720.2
1777914000,2026-05-04 17:00:00,94718.33,94778.2,94643.5,94681.98
1777917600,2026-05-04 18:00:00,94683.06,94729.66,94618.56,94624.2
1777921200,2026-05-04 19:00:00,94622.31,94673.78,94535.62,94653.87
1777924800,2026-05-04 20:00:00,94651.09,94935.75,94648.15,94920.22
1777928400,2026-05-04 21:00:00,94920.24,95026.06,94896.8,94972.97
1777932000,2026-05-04 22:00:00,94971.75,95101.55,94921.79,95000.03
1777935600,2026-05-04 23:00:00,94999.38,95370.34,94994.31,95299.34
1777939200,2026-05-05 00:00:00,95299.27,95396.57,95220.92,95284.14
1777942800,2026-05-05 01:00:00,95284,95297.56,95100.44,95115.66
1777946400,2026-05-05 02:00:00,95116.13,95198.79,95076.61,95118.33
1777950000,2026-05-05 03:00:00,95119.45,95197.6,95052.49,95090.19
1777953600,2026-05-05 04:00:00,95092.27,95158.26,94913.24,95154.61
1777957200,2026-05-05 05:00:00,95154.49,95258.93,95113.95,95257.15
1777960800,2026-05-05 06:00:00,95254.34,95287,95145.65,95242.84
1777964400,2026-05-05 07:00:00,95240.76,95422.8,95240.76,95422.37
1777968000,2026-05-05 08:00:00,95420.85,95484.54,95379.14,95396.61
1777971600,2026-05-05 09:00:00,95396.44,95467.62,95282.8,95438.33
1777975200,2026-05-05 10:00:00,95438.56,95510.01,95374.66,95380.61
1777978800,2026-05-05 11:00:00,95379.69,95482.99,95112.59,95144.21
1777982400,2026-05-05 12:00:00,95145.11,95172.27,94981.94,95064.89
1777986000,2026-05-05 13:00:00,95066.18,95115.45,94955.59,94992.52
1777989600,2026-05-05 14:00:00,94991.06,95010.11,94782.29,94874.45
1777993200,2026-05-05 15:00:00,94872.83,94891.67,94637.63,94662.75
1777996800,2026-05-05 16:00:00,94662.48,94767.26,94582.15,94712.33
1778000400,2026-05-05 17:00:00,94712.75,94772.53,94593.6,94627.08
1778004000,2026-05-05 18:00:00,94629.33,94735.12,94621.72,94684.6
1778007600,2026-05-05 19:00:00,94685.08,94761.36,94610.42,94725.49
1778011200,2026-05-05 20:00:00,94725.43,94874.61,94654.47,94685.47
1778014800,2026-05-05 21:00:00,94684.28,94883.38,94682.1,94770.48
1778018400,2026-05-05 22:00:00,94772.38,94977.29,94766.64,94811.85
1778022000,2026-05-05 23:00:00,94813.84,94965.04,94755.14,94949.96
1778025600,2026-05-06 00:00:00,94951.04,95027.23,94909.09,94978.62
1778029200,2026-05-06 01:00:00,94977.83,95103.07,94931.82,95019.02
1778032800,2026-05-06 02:00:00,95019.73,95075.46,94879.77,95017.96
1778036400,2026-05-06 03:00:00,95018.71,95154.65,94994.24,95132.59
1778040000,2026-05-06 04:00:00,95131.96,95231.52,95011.01,95014.9
1778043600,2026-05-06 05:00:00,95013.73,95134.21,94939.45,95035.97
1778047200,2026-05-06 06:00:00,95035.8,95270.25,94928.22,95215.91
1778050800,2026-05-06 07:00:00,95216.78,95376.51,95210.78,95287.84
1778054400,2026-05-06 08:00:00,95290.85,95298.51,94916.22,94974.8
1778058000,2026-05-06 09:00:00,94972.19,95182.45,94957.68,95172.88
1778061600,2026-05-06 10:00:00,95169.3,95232.64,95051.86,95075.14
1778065200,2026-05-06 11:00:00,95076.74,95109.58,94808.17,94875.77
1778068800,2026-05-06 12:00:00,94873.36,94950.47,94724.06,94751.27
1778072400,2026-05-06 13:00:00,94750.43,94900.67,94727.52,94762
1778076000,2026-05-06 14:00:00,94758.82,94905.59,94758.82,94869.03
1778079600,2026-05-06 15:00:00,94867.81,94936.7,94813.88,94851.92
1778083200,2026-05-06 16:00:00,94851.02,95146.23,94850.36,95039.09
1778086800,2026-05-06 17:00:00,95038.57,95088.99,94791.05,94923.29
1778090400,2026-05-06 18:00:00,94922.23,95130.67,94918.44,95126.01
1778094000,2026-05-06 19:00:00,95126.75,95278.99,94953.42,95022.67
1778097600,2026-05-06 20:00:00,95023.12,95201.28,94935.95,95196.25
1778101200,2026-05-06 21:00:00,95195.19,95278.1,94987.61,95000.34
1778104800,2026-05-06 22:00:00,95000.91,95019.97,94873.64,94946.24
1778108400,2026-05-06 23:00:00,94947.32,94989.62,94844.71,94905.98
1778112000,2026-05-07 00:00:00,94905.15,94977.76,94844.1,94894.04
1778115600,2026-05-07 01:00:00,94893.33,95129.98,94880.08,94969.4
1778119200,2026-05-07 02:00:00,94972.27,95098.29,94953.89,95018.93
1778122800,2026-05-07 03:00:00,95017.3,95082.63,94875.09,95005.35
1778126400,2026-05-07 04:00:00,95005.65,95012.36,94855.57,94856.79
1778130000,2026-05-07 05:00:00,94856.41,94939.6,94659.71,94705.1
1778133600,2026-05-07 06:00:00,94705.2,94775.87,94643.62,94687.4
1778137200,2026-05-07 07:00:00,94686.21,94893.78,94660.37,94887.62
1778140800,2026-05-07 08:00:00,94887.34,94979.94,94826.43,94897.11
1778144400,2026-05-07 09:00:00,94894.26,94966.21,94694.61,94729.55
1778148000,2026-05-07 10:00:00,94729.16,94729.16,94542.85,94593.99
1778151600,2026-05-07 11:00:00,94593.68,94685.87,94519.49,94574.28
1778155200,2026-05-07 12:00:00,94572.77,94574.12,94442.93,94529.89
1778158800,2026-05-07 13:00:00,94526.3,94792.76,94523.02,94785.25
1778162400,2026-05-07 14:00:00,94786.83,94895.76,94715.5,94737.56
1778166000,2026-05-07 15:00:00,94736.16,94852.84,94701.19,94835.68
1778169600,2026-05-07 16:00:00,94834.07,94878.98,94713.03,94781.74
1778173200,2026-05-07 17:00:00,94781.16,95001.34,94777.57,94995.96
1778176800,2026-05-07 18:00:00,94998.9,95159.39,94981.28,95144.08
1778180400,2026-05-07 19:00:00,95143.93,95180.16,94946.86,95018.71
1778184000,2026-05-07 20:00:00,95017.5,95063.13,94895.54,95008.08
1778187600,2026-05-07 21:00:00,95008.75,95109.87,94973.56,94978.84
1778191200,2026-05-07 22:00:00,94978.54,94988.17,94808.81,94848.5
1778194800,2026-05-07 23:00:00,94849.9,94910.78,94745.4,94808.31
1778198400,2026-05-08 00:00:00,94807.56,95188.27,94745.09,95180.54
1778202000,2026-05-08 01:00:00,95179.06,95228.83,95082.1,95111.52
1778205600,2026-05-08 02:00:00,95108.14,95108.14,94940.78,94993.9
1778209200,2026-05-08 03:00:00,94992.66,95213.28,94954.68,95131.88
1778212800,2026-05-08 04:00:00,95136.86,95216.38,95076.68,95081.67
1778216400,2026-05-08 05:00:00,95083,95199.17,95010.16,95196.64
1778220000,2026-05-08 06:00:00,95196.33,95269.65,95133.01,95166.68
1778223600,2026-05-08 07:00:00,95164.39,95228.07,94981.5,94984.25
1778227200,2026-05-08 08:00:00,94982.55,95176.65,94953.53,95063.85
1778230800,2026-05-08 09:00:00,95062.91,95062.91,94956.93,95017.24
1778234400,2026-05-08 10:00:00,95016.78,95114.06,94912.62,94955.58
1778238000,2026-05-08 11:00:00,94956.14,95061.88,94919.16,95041.52
1778241600,2026-05-08 12:00:00,95038.56,95213.54,95006.35,95174.73
1778245200,2026-05-08 13:00:00,95174.69,95179.55,94946.4,94982.53
1778248800,2026-05-08 14:00:00,94982.42,95089.57,94975.52,95053.49
1778252400,2026-05-08 15:00:00,95056.07,95123.33,94959.31,95030.57
1778256000,2026-05-08 16:00:00,95029.97,95227.61,95016.4,95095.4
1778259600,2026-05-08 17:00:00,95095.31,95163.38,95005.4,95050.2
1778263200,2026-05-08 18:00:00,95053.5,95203.88,94956,95026.47
1778266800,2026-05-08 19:00:00,95025.38,95025.99,94829.7,94830.62
1778270400,2026-05-08 20:00:00,94831.61,94913.56,94764.26,94890.88
1778274000,2026-05-08 21:00:00,94886.26,94889.66,94730.26,94876.29
1778277600,2026-05-08 22:00:00,94876.86,95162.87,94836.05,95080.86
1778281200,2026-05-08 23:00:00,95083.5,95086.03,94829.48,94868.82
1778284800,2026-05-09 00:00:00,94868.77,95000.61,94837.85,94985.45
1778288400,2026-05-09 01:00:00,94984.63,95019.55,94754.57,94818.42
1778292000,2026-05-09 02:00:00,94819.72,94957.5,94740.12,94773.04
1778295600,2026-05-09 03:00:00,94770.61,94955.35,94713.25,94914.72
1778299200,2026-05-09 04:00:00,94913.99,95065.49,94908.62,94935.03
1778302800,2026-05-09 05:00:00,94936.49,95091.19,94897.91,95079.51
1778306400,2026-05-09 06:00:00,95083.8,95095.11,94873.64,94888.24
1778310000,2026-05-09 07:00:00,94885.79,94936.57,94815.02,94900.4
1778313600,2026-05-09 08:00:00,94901.45,95022.42,94901.19,94995.57
1778317200,2026-05-09 09:00:00,94997.15,95087.12,94901.6,95046.47
1778320800,2026-05-09 10:00:00,95043.59,95069.42,94894.19,94916.87
1778324400,2026-05-09 11:00:00,94914.92,95050.97,94890.8,94981.18
1778328000,2026-05-09 12:00:00,94978.71,95173.61,94952.76,95066.3
1778331600,2026-05-09 13:00:00,95070.23,95232.61,95001.38,95009.23
1778335200,2026-05-09 14:00:00,95007.36,95025.82,94805.81,94812.1
1778338800,2026-05-09 15:00:00,94811.2,94984.64,94648.69,94857.02
1778342400,2026-05-09 16:00:00,94859.94,94874.29,94605.54,94629.86
1778346000,2026-05-09 17:00:00,94629.63,94633.93,94421.63,94441.14
1778349600,2026-05-09 18:00:00,94442.35,94821.33,94437.63,94757.76
1778353200,2026-05-09 19:00:00,94760,94892.99,94733.15,94885.78
1778356800,2026-05-09 20:00:00,94883.39,95025.6,94872.07,94981.45
1778360400,2026-05-09 21:00:00,94984.57,95055.21,94880.3,95009.62
1778364000,2026-05-09 22:00:00,95011.63,95130.41,94840.09,94848.26
1778367600,2026-05-09 23:00:00,94849.31,95066.99,94821.4,95056.29
1778371200,2026-05-10 00:00:00,95055.85,95109.42,94934.28,95001.69
1778374800,2026-05-10 01:00:00,95000.21,95110.7,94961.73,94988.79
1778378400,2026-05-10 02:00:00,94987.83,95051.78,94893.14,94996.2
1778382000,2026-05-10 03:00:00,94995.15,95040.65,94866.2,94884.41
1778385600,2026-05-10 04:00:00,94884.68,94964.58,94840.99,94917.45
1778389200,2026-05-10 05:00:00,94916.1,95043.01,94856.11,94877.47
1778392800,2026-05-10 06:00:00,94876.24,95109.49,94827.03,95007.72
1778396400,2026-05-10 07:00:00,95006.89,95188.98,94951.41,94970.97
1778400000,2026-05-10 08:00:00,94971.28,94983.02,94821.03,94909.22
1778403600,2026-05-10 09:00:00,94910.11,94937,94731.05,94924.22
1778407200,2026-05-10 10:00:00,94924.35,95040.13,94878.8,94993.93
1778410800,2026-05-10 11:00:00,94993.14,95045.63,94947.6,95029.24
1778414400,2026-05-10 12:00:00,95032.91,95114.11,94967.67,95095.91
1778418000,2026-05-10 13:00:00,95094.54,95259.06,95080.44,95245.3
1778421600,2026-05-10 14:00:00,95244,95357.63,95242.14,95336.22
1778425200,2026-05-10 15:00:00,95333.06,95336.64,95034.51,95212.26
1778428800,2026-05-10 16:00:00,95214.03,95354.17,95154.23,95320.86
1778432400,2026-05-10 17:00:00,95321.87,95337.74,95145.91,95172.14
1778436000,2026-05-10 18:00:00,95172.09,95204.08,95014.33,95082.74
1778439600,2026-05-10 19:00:00,95081.3,95081.88,94819.01,94959.57
1778443200,2026-05-10 20:00:00,94959.49,94997.57,94857.14,94858.49
1778446800,2026-05-10 21:00:00,94860.57,94947.85,94605.4,94668.69
1778450400,2026-05-10 22:00:00,94667.2,94678.43,94477.38,94512.97
1778454000,2026-05-10 23:00:00,94513.39,94588.32,94418.67,94473.77
1778457600,2026-05-11 00:00:00,94472.9,94547.11,94417.79,94463.78
1778461200,2026-05-11 01:00:00,94463.7,94538.67,94342.71,94351.4
1778464800,2026-05-11 02:00:00,94347.13,94347.13,94167.68,94194.6
1778468400,2026-05-11 03:00:00,94192.7,94248.11,94120.72,94140.11
1778472000,2026-05-11 04:00:00,94140.17,94347.31,94134.84,94299.8
1778475600,2026-05-11 05:00:00,94300.44,94381.98,94255.85,94381.98
1778479200,2026-05-11 06:00:00,94381.82,94478.47,94357.93,94459.07
1778482800,2026-05-11 07:00:00,94458.81,94534.86,94335.82,94411.73
1778486400,2026-05-11 08:00:00,94414.6,94447.75,94269.14,94283.38
1778490000,2026-05-11 09:00:00,94279.2,94426.18,94274.32,94409.81
1778493600,2026-05-11 10:00:00,94409.78,94425.78,94229.97,94239.05
1778497200,2026-05-11 11:00:00,94239.92,94325.92,94124.67,94155.83
1778500800,2026-05-11 12:00:00,94155.02,94231.12,94111.44,94207.77
1778504400,2026-05-11 13:00:00,94203.33,94341.08,94149.19,94267.31
1778508000,2026-05-11 14:00:00,94266.97,94427.16,94260.4,94420.98
1778511600,2026-05-11 15:00:00,94421.4,94464.63,94326.46,94387.99
1778515200,2026-05-11 16:00:00,94386.63,94495.79,94342.65,94397.43
1778518800,2026-05-11 17:00:00,94399.23,94399.23,94127.02,94189.71
1778522400,2026-05-11 18:00:00,94190.26,94207.26,94089.97,94151.38
1778526000,2026-05-11 19:00:00,94150.44,94162.71,93930.34,94005.17
1778529600,2026-05-11 20:00:00,94001.84,94021.43,93911.74,93976.77
1778533200,2026-05-11 21:00:00,93977.07,93981,93798.1,93934.56
1778536800,2026-05-11 22:00:00,93936.6,94128.04,93921.64,94084.14
1778540400,2026-05-11 23:00:00,94083.16,94116.08,93877.46,93899.79
1778544000,2026-05-12 00:00:00,93899.83,93936.77,93804.81,93862.59
1778547600,2026-05-12 01:00:00,93865.06,94040.22,93835.5,93978.72
1778551200,2026-05-12 02:00:00,93978.82,94152.96,93972.75,94106.07
1778554800,2026-05-12 03:00:00,94105.42,94244.61,94078.97,94237.83
1778558400,2026-05-12 04:00:00,94235.4,94287.49,94155.48,94191.92
1778562000,2026-05-12 05:00:00,94193.32,94323.07,94109.64,94284.22
1778565600,2026-05-12 06:00:00,94283.06,94377.91,94110.7,94112.78
1778569200,2026-05-12 07:00:00,94117.54,94120.32,93873.91,93943.85
1778572800,2026-05-12 08:00:00,93940.75,94176.28,93909.01,94176.28
1778576400,2026-05-12 09:00:00,94175.41,94269.94,94110.53,94169.93
1778580000,2026-05-12 10:00:00,94166.94,94286.48,94159.85,94258.36
1778583600,2026-05-12 11:00:00,94259.51,94331.43,94184.36,94202.82
1778587200,2026-05-12 12:00:00,94200.99,94396.34,94180.51,94301.07
1778590800,2026-05-12 13:00:00,94300.98,94446.86,94262.63,94380.02
1778594400,2026-05-12 14:00:00,94379.91,94608.93,94345.09,94595.1
1778598000,2026-05-12 15:00:00,94592.99,94728.3,94438.73,94450.34
1778601600,2026-05-12 16:00:00,94450.7,94462.36,94036.04,94053.81
1778605200,2026-05-12 17:00:00,94056.43,94150.62,94008.85,94087.86
1778608800,2026-05-12 18:00:00,94088.21,94195.84,94053.7,94057.09
1778612400,2026-05-12 19:00:00,94058.62,94217.67,94002.81,94206.16
1778616000,2026-05-12 20:00:00,94202.46,94338.66,94201.91,94268.74
1778619600,2026-05-12 21:00:00,94268.55,94294.96,94016.38,94058.96
1778623200,2026-05-12 22:00:00,94058.9,94103.32,93925.41,94086.26
1778626800,2026-05-12 23:00:00,94088.09,94156.55,94026.47,94069.27
1778630400,2026-05-13 00:00:00,94069.87,94072.55,93952.26,94000.07
1778634000,2026-05-13 01:00:00,93999.9,94210.26,93979.58,94201.65
1778637600,2026-05-13 02:00:00,94203.04,94283.55,94181.58,94230.04
1778641200,2026-05-13 03:00:00,94228.19,94276.41,94018.42,94040.34
1778644800,2026-05-13 04:00:00,94042.55,94123.49,94009.08,94055.04
1778648400,2026-05-13 05:00:00,94053.23,94161.44,93964.35,94072.63
1778652000,2026-05-13 06:00:00,94069.91,94150.94,94017.5,94045.2
1778655600,2026-05-13 07:00:00,94044.35,94129.98,94002.54,94057.58
1778659200,2026-05-13 08:00:00,94057.38,94111.71,93945.33,94043.53
1778662800,2026-05-13 09:00:00,94040.81,94095.24,93766.93,93770.68
1778666400,2026-05-13 10:00:00,93768.12,94018.4,93732.23,93946.42
1778670000,2026-05-13 11:00:00,93946.77,94130.12,93905.58,94107.36
1778673600,2026-05-13 12:00:00,94105.6,94293.03,94104.75,94147.92
1778677200,2026-05-13 13:00:00,94131.71,94157.62,93983.34,93990.06
1778680800,2026-05-13 14:00:00,93990.22,94139.58,93970.85,94041.18
1778684400,2026-05-13 15:00:00,94040.24,94148.32,94016.88,94094.26
1778688000,2026-05-13 16:00:00,94094.74,94174.35,94051.89,94153.19
1778691600,2026-05-13 17:00:00,94155.59,94262.26,93964.34,94051.81
1778695200,2026-05-13 18:00:00,94051.83,94077.89,93847.1,93934.15
1778698800,2026-05-13 19:00:00,93935.84,94089.39,93894.36,94046.5
1778702400,2026-05-13 20:00:00,94047.64,94204.27,93963.29,94174.33
1778706000,2026-05-13 21:00:00,94176.65,94253.72,94116.09,94244.29
1778709600,2026-05-13 22:00:00,94244.08,94347.36,94177.89,94233.69
1778713200,2026-05-13 23:00:00,94235.27,94240.05,93969.37,93987.32
1778716800,2026-05-14 00:00:00,93987.68,94152.04,93960.66,94132.71
1778720400,2026-05-14 01:00:00,94131.65,94212.14,94046.23,94065.46
1778724000,2026-05-14 02:00:00,94064.51,94323.02,94057.88,94304.14
1778727600,2026-05-14 03:00:00,94306.87,94468.93,94302.25,94353.8
1778731200,2026-05-14 04:00:00,94351.04,94402.9,94169.36,94324.86
1778734800,2026-05-14 05:00:00,94326.54,94438.7,94269.29,94395.67
1778738400,2026-05-14 06:00:00,94395.46,94506.48,94384.92,94491.27
1778742000,2026-05-14 07:00:00,94490.03,94656.19,94444.96,94480.23
1778745600,2026-05-14 08:00:00,94481.6,94709.55,94429.66,94676.15
1778749200,2026-05-14 09:00:00,94675.44,94798.76,94590.48,94602.24
1778752800,2026-05-14 10:00:00,94602.44,94605.04,94482.02,94552.36
1778756400,2026-05-14 11:00:00,94549.59,94699.3,94548.85,94629.22
1778760000,2026-05-14 12:00:00,94627.41,94679.96,94531.89,94548.19
1778763600,2026-05-14 13:00:00,94548.59,94571.36,94299.8,94317.66
1778767200,2026-05-14 14:00:00,94316.94,94410.38,94227.01,94298.22
1778770800,2026-05-14 15:00:00,94296.94,94342.92,94179.24,94240.13
1778774400,2026-05-14 16:00:00,94237.13,94299.48,94164.74,94274.15
1778778000,2026-05-14 17:00:00,94275.81,94518.52,94273.41,94473.88
1778781600,2026-05-14 18:00:00,94475.65,94574.91,94445.92,94520.2
1778785200,2026-05-14 19:00:00,94523.72,95151.72,94522.35,95146.75
1778788800,2026-05-14 20:00:00,95147.34,95161.83,94856.55,94856.55
1778792400,2026-05-14 21:00:00,94857.11,94972.33,94839.55,94909.96
1778796000,2026-05-14 22:00:00,94909.78,95051.43,94852.36,95040.13
1778799600,2026-05-14 23:00:00,95042.97,95120.19,94974.86,95001.37
1778803200,2026-05-15 00:00:00,95001.64,95116.16,94901.72,95073.31
1778806800,2026-05-15 01:00:00,95075.3,95131.4,94686.29,94686.29
1778810400,2026-05-15 02:00:00,94686.7,94830.24,94601.17,94721.83
1778814000,2026-05-15 03:00:00,94719.36,94876.85,94596.28,94597.67
1778817600,2026-05-15 04:00:00,94596.4,94651.79,94522.04,94552.31
1778821200,2026-05-15 05:00:00,94551.18,94623.11,94385.71,94458.38
1778824800,2026-05-15 06:00:00,94457,94472.43,94260.22,94267.74
1778828400,2026-05-15 07:00:00,94269.43,94412.09,94262.69,94279.08
1778832000,2026-05-15 08:00:00,94279.34,94321.23,94105.27,94140.21
1778835600,2026-05-15 09:00:00,94139.69,94186.01,93945.31,93950.83
1778839200,2026-05-15 10:00:00,93950.67,93984.69,93781.72,93799.66
1778842800,2026-05-15 11:00:00,93798.94,93857.1,93752.92,93826.62
1778846400,2026-05-15 12:00:00,93824.53,93836.52,93521.87,93535.83
1778850000,2026-05-15 13:00:00,93534.6,93713.09,93493.56,93704.82
1778853600,2026-05-15 14:00:00,93704.79,93721.07,93590.14,93625.54
1778857200,2026-05-15 15:00:00,93624.83,93798.16,93595.31,93643.73
1778860800,2026-05-15 16:00:00,93644.56,93782.44,93605.03,93753.7
1778864400,2026-05-15 17:00:00,93754.58,93858.04,93677.64,93683.83
1778868000,2026-05-15 18:00:00,93686.47,94104.98,93660.2,94026.47
1778871600,2026-05-15 19:00:00,94027.71,94204.28,93978.02,94183.64
1778875200,2026-05-15 20:00:00,94182.41,94360.97,94135.54,94156.91
1778878800,2026-05-15 21:00:00,94157.7,94176.11,93872.91,93996.15
1778882400,2026-05-15 22:00:00,93994.43,94110.69,93786.77,93798.65
1778886000,2026-05-15 23:00:00,93801.09,93867.31,93691.76,93778.91
1778889600,2026-05-16 00:00:00,93779.31,93846.42,93714.52,93757.14
1778893200,2026-05-16 01:00:00,93754.05,93771.19,93600.93,93647.13
1778896800,2026-05-16 02:00:00,93646.94,93782.32,93598.65,93782.31
1778900400,2026-05-16 03:00:00,93781.45,93783.48,93645.92,93747.62
1778904000,2026-05-16 04:00:00,93748.03,93775.07,93623.94,93760.68
1778907600,2026-05-16 05:00:00,93759.82,93801.74,93636.83,93709.49
1778911200,2026-05-16 06:00:00,93711.64,93872.8,93607.59,93868.8
1778914800,2026-05-16 07:00:00,93869.02,93893.05,93682.02,93730.02
1778918400,2026-05-16 08:00:00,93733.59,93800.27,93597.07,93704.35
1778922000,2026-05-16 09:00:00,93704.9,93711.84,93595.17,93595.17
1778925600,2026-05-16 10:00:00,93594.04,93634.65,93419.92,93423.98
1778929200,2026-05-16 11:00:00,93424.49,93470.95,93245.68,93246.19
1778932800,2026-05-16 12:00:00,93246.51,93304.26,93101.04,93124.11
1778936400,2026-05-16 13:00:00,93123.57,93311.07,93109.18,93182.18
1778940000,2026-05-16 14:00:00,93179.71,93406.08,93172.38,93282.76
1778943600,2026-05-16 15:00:00,93279.38,93409.42,93138.7,93261.62
1778947200,2026-05-16 16:00:00,93262.66,93373.58,93180.91,93194.2
1778950800,2026-05-16 17:00:00,93194.44,93302.8,93104.96,93138.44
1778954400,2026-05-16 18:00:00,93137.15,93335.06,93114.52,93241.97
1778958000,2026-05-16 19:00:00,93243.7,93328.01,93213.21,93236.32
1778961600,2026-05-16 20:00:00,93236.01,93252.71,92993.88,93072.17
1778965200,2026-05-16 21:00:00,93069.14,93281.15,93044.82,93256.44
1778968800,2026-05-16 22:00:00,93254.94,93367.33,93198.94,93324.77
1778972400,2026-05-16 23:00:00,93324.8,93364.4,93264.63,93363.63
1778976000,2026-05-17 00:00:00,93364.16,93390.15,93290.23,93348.91
1778979600,2026-05-17 01:00:00,93350.15,93400.14,93254.22,93254.8
1778983200,2026-05-17 02:00:00,93255.83,93360.23,93136.71,93164.93
1778986800,2026-05-17 03:00:00,93167.39,93197.67,93014.7,93033.47
1778990400,2026-05-17 04:00:00,93034.16,93119.53,92916.22,93058.68
1778994000,2026-05-17 05:00:00,93058.97,93121.58,92941.53,92967.89
1778997600,2026-05-17 06:00:00,92966.5,93154.21,92951.94,93114.75
1779001200,2026-05-17 07:00:00,93115.99,93258.21,93093.25,93203.58
1779004800,2026-05-17 08:00:00,93204.12,93303.9,93182.52,93196
1779008400,2026-05-17 09:00:00,93196.29,93250.38,93109.77,93133.52
1779012000,2026-05-17 10:00:00,93135,93215.06,93060.12,93068.04
1779015600,2026-05-17 11:00:00,93069.17,93103.4,93028.68,93090.66
1779019200,2026-05-17 12:00:00,93088.01,93151.32,92982.51,93027.3
1779022800,2026-05-17 13:00:00,93027.66,93371.61,93020.76,93340.93
1779026400,2026-05-17 14:00:00,93340.77,93608.89,93338.11,93549.24
1779030000,2026-05-17 15:00:00,93547.69,93656.69,93499.25,93639.64
1779033600,2026-05-17 16:00:00,93640.05,93735.83,93571.45,93603
1779037200,2026-05-17 17:00:00,93601.9,93792.58,93590.86,93705
1779040800,2026-05-17 18:00:00,93702.96,93896.73,93699.26,93801.56
1779044400,2026-05-17 19:00:00,93800.29,93817.36,93662.54,93674.48
1779048000,2026-05-17 20:00:00,93673.36,93673.95,93536.83,93599.98
1779051600,2026-05-17 21:00:00,93601.06,93708.89,93577,93633.96
1779055200,2026-05-17 22:00:00,93637.2,93992.63,93601.32,93935.23
1779058800,2026-05-17 23:00:00,93936.66,94192.11,93936.66,93983.91
1779062400,2026-05-18 00:00:00,93986.36,94006.06,93843.8,93950.69
1779066000,2026-05-18 01:00:00,93950,94080.86,93871.66,93878.74
1779069600,2026-05-18 02:00:00,93877.05,94012.98,93817.78,93880.06
1779073200,2026-05-18 03:00:00,93878.06,93955.21,93855.56,93890.14
1779076800,2026-05-18 04:00:00,93887.36,93932.93,93816.63,93860.41
1779080400,2026-05-18 05:00:00,93860.34,93947.49,93813.62,93899.36
1779084000,2026-05-18 06:00:00,93898.89,93975.44,93820.53,93843.96
1779087600,2026-05-18 07:00:00,93844.9,93954.96,93817.18,93854.5
1779091200,2026-05-18 08:00:00,93855.07,93956.74,93786.5,93803.73
1779094800,2026-05-18 09:00:00,93802.24,93824.96,93623.7,93744.13
1779098400,2026-05-18 10:00:00,93742.43,93851.44,93583.42,93623.5
1779102000,2026-05-18 11:00:00,93622.9,93626.32,93186.12,93187.06
1779105600,2026-05-18 12:00:00,93188.62,93226.44,93042.58,93043.81
1779109200,2026-05-18 13:00:00,93042.52,93044.2,92786.21,92807.2
1779112800,2026-05-18 14:00:00,92806.39,92851.67,92690.89,92813.37
1779116400,2026-05-18 15:00:00,92811.78,93001.03,92760.89,92992.46
1779120000,2026-05-18 16:00:00,92991.8,93104.66,92944.24,93099.23
1779123600,2026-05-18 17:00:00,93096.91,93208.16,93081.39,93176.17
1779127200,2026-05-18 18:00:00,93177.71,93178.31,93028.45,93107.69
1779130800,2026-05-18 19:00:00,93108.65,93124.78,92915.71,92985.18
1779134400,2026-05-18 20:00:00,92985.89,93115.71,92976.03,93041.13
1779138000,2026-05-18 21:00:00,93040.15,93162.98,92994.38,93159.28
1779141600,2026-05-18 22:00:00,93158.97,93176.92,92935.82,93012.68
1779145200,2026-05-18 23:00:00,93015.18,93045.15,92772.55,92775.9
1779148800,2026-05-19 00:00:00,92774.31,92946.8,92715.88,92722.26
1779152400,2026-05-19 01:00:00,92722.65,92870.82,92697.56,92749.4
1779156000,2026-05-19 02:00:00,92749.95,92801.48,92574.69,92580.93
1779159600,2026-05-19 03:00:00,92579.33,92643.77,92442.9,92523.26
1779163200,2026-05-19 04:00:00,92522.01,92625.45,92442.52,92597.48
1779166800,2026-05-19 05:00:00,92599.14,92793.69,92583,92721.86
1779170400,2026-05-19 06:00:00,92722.73,92780.94,92620.29,92681.77
1779174000,2026-05-19 07:00:00,92679.24,92834.79,92627.51,92818.12
1779177600,2026-05-19 08:00:00,92816,92847.52,92655.63,92757.14
1779181200,2026-05-19 09:00:00,92755.48,92974.38,92664.75,92887.57
1779184800,2026-05-19 10:00:00,92890.1,93012.49,92817.53,92999.92
1779188400,2026-05-19 11:00:00,93000.28,93008.08,92842.23,92971.78
1779192000,2026-05-19 12:00:00,92970.49,93055.32,92899.3,92971.75
1779195600,2026-05-19 13:00:00,92975.63,93140.07,92965.12,93129.25
1779199200,2026-05-19 14:00:00,93130.6,93153.85,93028.95,93049.27
1779202800,2026-05-19 15:00:00,93050.24,93070.08,92884.31,92913.52
1779206400,2026-05-19 16:00:00,92913.94,92958.43,92831.17,92854.97
1779210000,2026-05-19 17:00:00,92853.84,92876.82,92710.31,92722.06
1779213600,2026-05-19 18:00:00,92721.91,92760.76,92576.8,92615.75
1779217200,2026-05-19 19:00:00,92615.26,92724.88,92568.84,92667.13
1779220800,2026-05-19 20:00:00,92666.15,92756.97,92605.44,92611.09
1779224400,2026-05-19 21:00:00,92613.6,92633.01,92410.02,92431.97
1779228000,2026-05-19 22:00:00,92431.31,92523.16,92339.73,92457.96
1779231600,2026-05-19 23:00:00,92458.79,92523.6,92361.36,92484.4
1779235200,2026-05-20 00:00:00,92485.42,92504.44,92266.71,92279.82
1779238800,2026-05-20 01:00:00,92277.1,92448.5,92205.89,92437.8
1779242400,2026-05-20 02:00:00,92439.42,92586.22,92434.12,92521.75
1779246000,2026-05-20 03:00:00,92521.42,92725.39,92521.42,92609.29
1779249600,2026-05-20 04:00:00,92609.89,92688.59,92548.39,92668.4
1779253200,2026-05-20 05:00:00,92666.73,92708.17,92577.23,92689.33
1779256800,2026-05-20 06:00:00,92690.87,92921.39,92678.69,92898.5
1779260400,2026-05-20 07:00:00,92894.03,92894.03,92683.03,92811.93
1779264000,2026-05-20 08:00:00,92812.71,92823.77,92714.49,92735.97
1779267600,2026-05-20 09:00:00,92735.71,92797.89,92687.91,92765.69
1779271200,2026-05-20 10:00:00,92765.49,92945.65,92758.61,92828.56
1779274800,2026-05-20 11:00:00,92830.12,92967.31,92818.18,92934.64
1779278400,2026-05-20 12:00:00,92934.83,93182.78,92932.53,93122.49
1779282000,2026-05-20 13:00:00,93122.94,93282.87,93055.76,93259.09
1779285600,2026-05-20 14:00:00,93260.8,93318.16,93189.97,93244.82
1779289200,2026-05-20 15:00:00,93247.05,93251.08,93079.11,93198.82
1779292800,2026-05-20 16:00:00,93199.19,93261.66,93093.35,93106.22
1779296400,2026-05-20 17:00:00,93109.47,93212.08,93047.45,93189.95
1779300000,2026-05-20 18:00:00,93190.48,93348.69,93158.9,93332.14
1779303600,2026-05-20 19:00:00,93332.62,93334.55,93163.64,93282.55
1779307200,2026-05-20 20:00:00,93280.63,93436.34,93242.25,93385.45
1779310800,2026-05-20 21:00:00,93386.7,93454.2,93328.88,93426.36
1779314400,2026-05-20 22:00:00,93423.76,93440.72,93078.1,93112.9
1779318000,2026-05-20 23:00:00,93113.63,93241.79,93095.92,93154.15
1779321600,2026-05-21 00:00:00,93153.97,93186.35,93071.34,93088.56
1779325200,2026-05-21 01:00:00,93088.95,93143.16,93049.48,93079.67
1779328800,2026-05-21 02:00:00,93083.2,93137.58,92985.44,93059.52
1779332400,2026-05-21 03:00:00,93059.32,93155.59,92950.48,92975.17
1779336000,2026-05-21 04:00:00,92975.58,92987.35,92771.63,92812.57
1779339600,2026-05-21 05:00:00,92811.83,92875.79,92676.63,92863.74
1779343200,2026-05-21 06:00:00,92863.82,92865.93,92622.71,92647.37
1779346800,2026-05-21 07:00:00,92651.17,92707.81,92588.2,92687.27
1779350400,2026-05-21 08:00:00,92688.14,92741.53,92466.22,92479.45
1779354000,2026-05-21 09:00:00,92477.32,92502.81,92166.85,92182.35
1779357600,2026-05-21 10:00:00,92181.07,92205.57,92111.09,92132.55
1779361200,2026-05-21 11:00:00,92128.52,92190.56,91971.35,92007.72
1779364800,2026-05-21 12:00:00,92008.59,92203.68,91966.74,92197.46
1779368400,2026-05-21 13:00:00,92198.44,92275.66,92145.83,92268.93
1779372000,2026-05-21 14:00:00,92270.01,92331.6,92107.23,92182.51
1779375600,2026-05-21 15:00:00,92182.75,92187.56,91961.28,92027.37
1779379200,2026-05-21 16:00:00,92026.2,92117.27,92020.41,92061.23
1779382800,2026-05-21 17:00:00,92061.2,92074.01,91883.57,91894.54
1779386400,2026-05-21 18:00:00,91894.93,92013.41,91870.73,91944.98
1779390000,2026-05-21 19:00:00,91943.86,92152.44,91942.71,92116.12
1779393600,2026-05-21 20:00:00,92116.08,92274.25,92098.7,92175.32
1779397200,2026-05-21 21:00:00,92175.4,92295.79,92095.67,92155.41
1779400800,2026-05-21 22:00:00,92155.45,92171.67,91881.41,91885.38
1779404400,2026-05-21 23:00:00,91885.14,91901.59,91762.4,91798.09
1779408000,2026-05-22 00:00:00,91801.45,91925.48,91719.57,91722.85
1779411600,2026-05-22 01:00:00,91724.73,91842.61,91676.82,91796.7
1779415200,2026-05-22 02:00:00,91794.33,91887.72,91788.79,91881.37
1779418800,2026-05-22 03:00:00,91878.94,92037.66,91845.82,91994.6
1779422400,2026-05-22 04:00:00,91995.19,92007.92,91867.58,91959.5
1779426000,2026-05-22 05:00:00,91960.37,92026.39,91890.15,91934.68
1779429600,2026-05-22 06:00:00,91934.69,92178.85,91928.34,92111.21
1779433200,2026-05-22 07:00:00,92112.56,92134.73,91971.8,92021.58
1779436800,2026-05-22 08:00:00,92023.48,92210.4,91969.07,92171.41
1779440400,2026-05-22 09:00:00,92171.48,92341.37,92139.45,92221.12
1779444000,2026-05-22 10:00:00,92220.59,92355.74,92201.08,92245.02
1779447600,2026-05-22 11:00:00,92243.21,92265.11,92106.96,92245.46
1779451200,2026-05-22 12:00:00,92242.69,92341.26,91843.67,91853.58
1779454800,2026-05-22 13:00:00,91854.06,91865.12,91744.63,91752.14
1779458400,2026-05-22 14:00:00,91750.46,91849.62,91726.75,91733.08
1779462000,2026-05-22 15:00:00,91732.85,91816.74,91591.04,91713.12
1779465600,2026-05-22 16:00:00,91713.58,91733.04,91523.69,91523.69
1779469200,2026-05-22 17:00:00,91522.75,91589.14,91501.78,91544.86
1779472800,2026-05-22 18:00:00,91544.07,91708.65,91525.69,91626.39
1779476400,2026-05-22 19:00:00,91627.78,91780.81,91597.35,91608.36
1779480000,2026-05-22 20:00:00,91609.48,91693.14,91594.21,91658.74
1779483600,2026-05-22 21:00:00,91658.75,91701.43,91501.12,91518.99
1779487200,2026-05-22 22:00:00,91522.94,91680.21,91387.88,91657.07
1779490800,2026-05-22 23:00:00,91655.63,91805.1,91609.12,91745.18
1779494400,2026-05-23 00:00:00,91744.12,91803.37,91635.75,91778.33
1779498000,2026-05-23 01:00:00,91780.8,91904.69,91738.63,91763.81
1779501600,2026-05-23 02:00:00,91765.86,91925.91,91696.07,91734.69
1779505200,2026-05-23 03:00:00,91733.49,91776.76,91573.77,91597.47
1779508800,2026-05-23 04:00:00,91598.79,91711.85,91482.8,91565.49
1779512400,2026-05-23 05:00:00,91564.88,91808.41,91528.51,91741.66
1779516000,2026-05-23 06:00:00,91744.57,91830.48,91649.31,91738.26
1779519600,2026-05-23 07:00:00,91737.78,91838.24,91653.9,91836.37
1779523200,2026-05-23 08:00:00,91836.84,91884.75,91663.9,91664.32
1779526800,2026-05-23 09:00:00,91664.23,91694.75,91548.19,91575.76
1779530400,2026-05-23 10:00:00,91575.91,92020.59,91513.22,91979.97
1779534000,2026-05-23 11:00:00,91980.12,92112.87,91974.62,92043.05
1779537600,2026-05-23 12:00:00,92048.28,92069.23,91877.84,91962.61
1779541200,2026-05-23 13:00:00,91960.64,92099.06,91858.59,91878.94
1779544800,2026-05-23 14:00:00,91879.19,91939.9,91740.59,91741.4
1779548400,2026-05-23 15:00:00,91740.3,91829.74,91710.69,91820.89
1779552000,2026-05-23 16:00:00,91820.09,91975.96,91804.7,91855.92
1779555600,2026-05-23 17:00:00,91855.07,92031.11,91853.64,92017.66
1779559200,2026-05-23 18:00:00,92016.24,92263.29,92016.24,92118.08
1779562800,2026-05-23 19:00:00,92118.27,92152.12,91985.06,92039.77
1779566400,2026-05-23 20:00:00,92039.53,92083,91937.92,92015.14
1779570000,2026-05-23 21:00:00,92015.77,92056.42,91944.07,91983.24
1779573600,2026-05-23 22:00:00,91982.68,92051.87,91924.79,91997.53
1779577200,2026-05-23 23:00:00,91995.6,92047.19,91925.39,92015.25
1779580800,2026-05-24 00:00:00,92016.03,92080.49,91808.19,91961.49
1779584400,2026-05-24 01:00:00,91963.08,91984.66,91716.95,91827.08
1779588000,2026-05-24 02:00:00,91827.03,91853.02,91709.49,91849.51
1779591600,2026-05-24 03:00:00,91848.23,91980.39,91828.67,91831.08
1779595200,2026-05-24 04:00:00,91829.58,91859.63,91652.57,91753.43
1779598800,2026-05-24 05:00:00,91752.32,91924.11,91652.64,91658.92
1779602400,2026-05-24 06:00:00,91657.88,91760.62,91610.98,91739.21
1779606000,2026-05-24 07:00:00,91743.75,92010.44,91716.36,92005.66
1779609600,2026-05-24 08:00:00,92003.68,92013.43,91776.61,91779.91
1779613200,2026-05-24 09:00:00,91780.28,91783.94,91622.63,91655.62
1779616800,2026-05-24 10:00:00,91655.04,91656.58,91494.59,91517.67
1779620400,2026-05-24 11:00:00,91516.95,91598.7,91486.54,91515.4
1779624000,2026-05-24 12:00:00,91515.91,91540.5,91287.84,91308.7
1779627600,2026-05-24 13:00:00,91308.79,91454.25,91301.29,91378.33
1779631200,2026-05-24 14:00:00,91376.09,91376.09,91221.3,91316.13
1779634800,2026-05-24 15:00:00,91316.63,91473.28,91262.89,91353.42
1779638400,2026-05-24 16:00:00,91352.21,91602.3,91349.5,91582.64
1779642000,2026-05-24 17:00:00,91585.34,91762.61,91574.98,91762.61
1779645600,2026-05-24 18:00:00,91761.73,91824.94,91691.29,91792.59
1779649200,2026-05-24 19:00:00,91793.55,91833.77,91643.92,91750.79
1779652800,2026-05-24 20:00:00,91748.2,91829.28,91700.89,91813.08
1779656400,2026-05-24 21:00:00,91812.79,91846.47,91600.23,91603.21
1779660000,2026-05-24 22:00:00,91602.17,91696.94,91547.14,91577.24
1779663600,2026-05-24 23:00:00,91578.84,91601.41,91202.14,91202.35
1779667200,2026-05-25 00:00:00,91201.36,91421.43,91157.14,91411.04
1779670800,2026-05-25 01:00:00,91410.4,91467.5,91288.23,91297.28
1779674400,2026-05-25 02:00:00,91299.42,91351.19,91186.24,91215.65
1779678000,2026-05-25 03:00:00,91218.85,91238.2,91068.66,91218.37
1779681600,2026-05-25 04:00:00,91218.63,91279.17,91097.22,91263.83
1779685200,2026-05-25 05:00:00,91263.03,91313.49,91081.54,91098.85
1779688800,2026-05-25 06:00:00,91099.21,91274.22,91055.84,91242.39
1779692400,2026-05-25 07:00:00,91242.55,91386.31,91218.34,91338.05
1779696000,2026-05-25 08:00:00,91339.14,91474.22,91249.14,91275.03
1779699600,2026-05-25 09:00:00,91272.62,91385.91,91228.55,91382.72
1779703200,2026-05-25 10:00:00,91385.03,91414.08,91284.23,91335.39
1779706800,2026-05-25 11:00:00,91335.9,91470.48,91312.19,91332.64
1779710400,2026-05-25 12:00:00,91331.98,91535.99,91310.46,91514.99
1779714000,2026-05-25 13:00:00,91516.45,91648.91,91433.6,91451.81
1779717600,2026-05-25 14:00:00,91453.46,91470.26,91333.62,91456.39
1779721200,2026-05-25 15:00:00,91454.6,91463.71,91286.44,91307.83
1779724800,2026-05-25 16:00:00,91306.64,91384.68,91256.93,91314
1779728400,2026-05-25 17:00:00,91315.4,91438.38,91289.84,91366.7
1779732000,2026-05-25 18:00:00,91365.62,91445.17,91277.8,91374.48
1779735600,2026-05-25 19:00:00,91376.08,91532.47,91367.86,91491.22
1779739200,2026-05-25 20:00:00,91494.03,91600.08,91445.59,91522.66
1779742800,2026-05-25 21:00:00,91519.75,91563.04,91291.37,91370.47
1779746400,2026-05-25 22:00:00,91372.45,91372.45,91238.41,91303.3
1779750000,2026-05-25 23:00:00,91299.98,91343.22,91240.52,91308.89
1779753600,2026-05-26 00:00:00,91307.71,91349.21,91208.9,91278.35
1779757200,2026-05-26 01:00:00,91277.74,91498.16,91265.9,91353.07
1779760800,2026-05-26 02:00:00,91353.97,91405.73,91270.22,91287.58
1779764400,2026-05-26 03:00:00,91288.66,91417.4,91277.53,91417.4
1779768000,2026-05-26 04:00:00,91417.96,91524.77,91293.51,91316.81
1779771600,2026-05-26 05:00:00,91317.34,91451.74,91195.25,91250.88
1779775200,2026-05-26 06:00:00,91247.64,91369.24,91221.03,91330.85
1779778800,2026-05-26 07:00:00,91329.87,91403.06,91278.31,91342.59
1779782400,2026-05-26 08:00:00,91343.21,91353.12,91139.05,91199.22
1779786000,2026-05-26 09:00:00,91199.05,91205.71,91055.31,91084.51
1779789600,2026-05-26 10:00:00,91084.83,91174.29,91009.6,91025.41
1779793200,2026-05-26 11:00:00,91026.66,91059.14,90925.46,91021.9
1779796800,2026-05-26 12:00:00,91023.48,91086.1,90900.61,90997.27
1779800400,2026-05-26 13:00:00,90997.43,91123,90865.56,90945.11
1779804000,2026-05-26 14:00:00,90946.4,91098.6,90946.4,90973.31
1779807600,2026-05-26 15:00:00,90975.16,91007.67,90772.56,90804.02
1779811200,2026-05-26 16:00:00,90804.16,90848.79,90640.04,90679.59
1779814800,2026-05-26 17:00:00,90679.38,90697.57,90470.13,90488.1
1779818400,2026-05-26 18:00:00,90486.92,90551.35,90420.43,90422.32
1779822000,2026-05-26 19:00:00,90420.58,90485.27,90286.62,90346.08
1779825600,2026-05-26 20:00:00,90347.49,90540.7,90347.49,90407.16
1779829200,2026-05-26 21:00:00,90407.4,90578.79,90400.51,90500.87
1779832800,2026-05-26 22:00:00,90499.39,90705.52,90425.84,90663.82
1779836400,2026-05-26 23:00:00,90665.16,90733.84,90621.81,90716.2
1779840000,2026-05-27 00:00:00,90719.2,90812.46,90661.37,90777.47
1779843600,2026-05-27 01:00:00,90776.85,91006.97,90739.94,90981.4
1779847200,2026-05-27 02:00:00,90978.79,90991.34,90701.47,90711.42
1779850800,2026-05-27 03:00:00,90709.78,90709.78,90431.55,90602.32
1779854400,2026-05-27 04:00:00,90601.74,90792.53,90511.35,90776.26
1779858000,2026-05-27 05:00:00,90775.72,90814.63,90680.95,90788.4
1779861600,2026-05-27 06:00:00,90789.1,90972.19,90762.81,90946.27
1779865200,2026-05-27 07:00:00,90946.46,91152.71,90929.56,91096.88
1779868800,2026-05-27 08:00:00,91096.19,91167.64,90945.24,91052.62
1779872400,2026-05-27 09:00:00,91056.27,91282.71,91053.61,91269.15
1779876000,2026-05-27 10:00:00,91267.7,91469.34,91254.99,91463.18
1779879600,2026-05-27 11:00:00,91465.29,91561.98,91355.1,91374.91
1779883200,2026-05-27 12:00:00,91374.87,91698.03,91366.3,91683.73
1779886800,2026-05-27 13:00:00,91683.21,91865.14,91682.92,91724.37
1779890400,2026-05-27 14:00:00,91723.54,91741.44,91581.74,91585.65
1779894000,2026-05-27 15:00:00,91584.36,91728.45,91561.67,91713.84
1779897600,2026-05-27 16:00:00,91713.55,91760.11,91549.45,91550.92
1779901200,2026-05-27 17:00:00,91554.08,91651.98,91462.17,91497.68
1779904800,2026-05-27 18:00:00,91497.57,91558.42,91403.58,91541.57
1779908400,2026-05-27 19:00:00,91541.02,91725.17,91498.42,91597.6
1779912000,2026-05-27 20:00:00,91598.23,91799.15,91597.7,91766.78
1779915600,2026-05-27 21:00:00,91769.29,92043.38,91768.57,91951.23
1779919200,2026-05-27 22:00:00,91949.73,92079.72,91927.32,91979.29
1779922800,2026-05-27 23:00:00,91979.25,92056.49,91888.5,92030.55
1779926400,2026-05-28 00:00:00,92028,92103.51,91947.99,92077.67
1779930000,2026-05-28 01:00:00,92074.62,92143.86,92028.03,92108.7
1779933600,2026-05-28 02:00:00,92108.9,92210.38,92067.19,92119.49
1779937200,2026-05-28 03:00:00,92120.81,92217.39,92089.73,92184.44
1779940800,2026-05-28 04:00:00,92184.63,92285.62,92179.28,92225.66
1779944400,2026-05-28 05:00:00,92225.71,92272.96,92183.77,92254.71
1779948000,2026-05-28 06:00:00,92256.03,92275.82,92085.61,92106.86
1779951600,2026-05-28 07:00:00,92105.08,92183.07,91895.89,91983.42
1779955200,2026-05-28 08:00:00,91983.58,92035.22,91911.79,91942.56
1779958800,2026-05-28 09:00:00,91941.85,91968.07,91769.72,91888.49
1779962400,2026-05-28 10:00:00,91885.63,92014.06,91820.95,91995.72
1779966000,2026-05-28 11:00:00,91996.27,92010.8,91865.79,91911.49
1779969600,2026-05-28 12:00:00,91910.07,91954.67,91771.28,91780.26
1779973200,2026-05-28 13:00:00,91775.91,91907.21,91760.39,91899.41
1779976800,2026-05-28 14:00:00,91898.72,92058.41,91856.64,92035.6
1779980400,2026-05-28 15:00:00,92034.91,92228.68,92029.64,92161.52
1779984000,2026-05-28 16:00:00,92161.38,92323.1,92097.51,92320.25
1779987600,2026-05-28 17:00:00,92316.43,92316.43,92011.04,92045.18
1779991200,2026-05-28 18:00:00,92044.46,92046.27,91827.33,91848.43
1779994800,2026-05-28 19:00:00,91847.6,91942.24,91680.08,91690.61
1779998400,2026-05-28 20:00:00,91690.42,91872.43,91684.66,91832.93
1780002000,2026-05-28 21:00:00,91832.7,91946.3,91744.88,91919.31
1780005600,2026-05-28 22:00:00,91919.19,92133.05,91905.15,92127.05
1780009200,2026-05-28 23:00:00,92127.72,92155.68,91992.72,92112.54
1780012800,2026-05-29 00:00:00,92116.16,92130.27,91869.63,91914.1
1780016400,2026-05-29 01:00:00,91916.08,92027.89,91856.15,92024.49
1780020000,2026-05-29 02:00:00,92026.11,92152.22,91914.67,92134.78
1780023600,2026-05-29 03:00:00,92133.6,92261.7,92133.6,92221.1
1780027200,2026-05-29 04:00:00,92221.52,92337.38,92200.7,92331.47
1780030800,2026-05-29 05:00:00,92332.49,92452.98,92275.54,92433.09
1780034400,2026-05-29 06:00:00,92433.77,92487.08,92287.89,92319.9
1780038000,2026-05-29 07:00:00,92315.71,92502.96,92290.87,92430.93
1780041600,2026-05-29 08:00:00,92431.22,92449.85,92282.12,92421.98
1780045200,2026-05-29 09:00:00,92422.99,92531.22,92263.52,92270.52
1780048800,2026-05-29 10:00:00,92269.82,92296.45,92093.81,92150.08
1780052400,2026-05-29 11:00:00,92151.99,92164.5,92027.63,92053.13
1780056000,2026-05-29 12:00:00,92052.46,92061.99,91870.52,91889.03
1780059600,2026-05-29 13:00:00,91889.65,91992.95,91835.3,91975.02
1780063200,2026-05-29 14:00:00,91972.1,91985.15,91596.23,91687
1780066800,2026-05-29 15:00:00,91685.01,91739.45,91470.44,91477.13
1780070400,2026-05-29 16:00:00,91475.52,91838.76,91467.64,91826.39
1780074000,2026-05-29 17:00:00,91822.38,92149.5,91812.98,92144
1780077600,2026-05-29 18:00:00,92144.09,92312.02,92085.89,92230.35
1780081200,2026-05-29 19:00:00,92230.91,92453.5,92184.68,92401.36
1780084800,2026-05-29 20:00:00,92403.7,92465.89,92298.89,92349.27
1780088400,2026-05-29 21:00:00,92346.75,92409.66,92302.86,92381.55
1780092000,2026-05-29 22:00:00,92385.29,92451.05,92274.56,92277.23
1780095600,2026-05-29 23:00:00,92274.58,92329.06,92177.8,92265.37
1780099200,2026-05-30 00:00:00,92265.73,92271.86,92110.14,92240.66
1780102800,2026-05-30 01:00:00,92240.9,92289.8,92120.96,92124.49
1780106400,2026-05-30 02:00:00,92127.29,92392.65,92126.8,92387.57
1780110000,2026-05-30 03:00:00,92390.98,92529.61,92376.8,92526.64
1780113600,2026-05-30 04:00:00,92526.76,92576.68,92342.38,92357.28
1780117200,2026-05-30 05:00:00,92357.44,92444.4,92340.4,92381.91
1780120800,2026-05-30 06:00:00,92382.69,92427.16,92262.7,92324.46
1780124400,2026-05-30 07:00:00,92322.12,92355.37,92201.53,92260.14
1780128000,2026-05-30 08:00:00,92260.33,92353.49,92198.16,92292.11
1780131600,2026-05-30 09:00:00,92292.65,92427.34,92186,92199.83
1780135200,2026-05-30 10:00:00,92201.13,92391.18,92195.02,92256.7
1780138800,2026-05-30 11:00:00,92257.73,92264.12,92042.65,92074.11
1780142400,2026-05-30 12:00:00,92076.11,92108.95,92008.11,92078.94
1780146000,2026-05-30 13:00:00,92079.83,92195.57,92053.59,92145.69
1780149600,2026-05-30 14:00:00,92146.87,92245.2,92077.32,92080.56
1780153200,2026-05-30 15:00:00,92079.45,92252.5,92075.65,92252.5
1780156800,2026-05-30 16:00:00,92254.01,92310.97,92142.82,92154.41
1780160400,2026-05-30 17:00:00,92156.35,92270.84,92100.41,92265.36
1780164000,2026-05-30 18:00:00,92264.4,92415.91,92263.75,92357.94
1780167600,2026-05-30 19:00:00,92359.77,92397.14,92275.14,92366.58
1780171200,2026-05-30 20:00:00,92365.85,92366.63,92088.01,92106.7
1780174800,2026-05-30 21:00:00,92108.71,92287.31,92018.59,92287.31
1780178400,2026-05-30 22:00:00,92288.53,92360.68,92132.89,92296
1780182000,2026-05-30 23:00:00,92295.3,92392.35,92189.27,92203.89
1780185600,2026-05-31 00:00:00,92205.26,92559.46,92178.64,92444.05
1780189200,2026-05-31 01:00:00,92443.48,92798.31,92431.74,92794.88
1780192800,2026-05-31 02:00:00,92794.34,92915.55,92728.29,92911.34
1780196400,2026-05-31 03:00:00,92911.38,93067.15,92866.1,93047.31
1780200000,2026-05-31 04:00:00,93048.7,93402.52,92996.69,93387.72
1780203600,2026-05-31 05:00:00,93388.79,93424.53,93067.21,93079.42
1780207200,2026-05-31 06:00:00,93080.36,93239.76,93070.67,93235.61
1780210800,2026-05-31 07:00:00,93236.03,93379.71,93221.73,93379.71
1780214400,2026-05-31 08:00:00,93378.94,93450.2,93272.48,93440.89
1780218000,2026-05-31 09:00:00,93439.65,93481.68,93263.31,93366.13
1780221600,2026-05-31 10:00:00,93366.9,93444.14,93301.91,93410.52
1780225200,2026-05-31 11:00:00,93408.65,93419.94,93221.33,93301.99
1780228800,2026-05-31 12:00:00,93302.54,93354.52,93235.01,93306.06
1780232400,2026-05-31 13:00:00,93307.7,93384.92,93186.97,93320.99
1780236000,2026-05-31 14:00:00,93318.12,93413.05,93247.78,93407.75
1780239600,2026-05-31 15:00:00,93411.59,93526.33,93387.65,93500.22
1780243200,2026-05-31 16:00:00,93502.97,93599.35,93491.78,93544.27
1780246800,2026-05-31 17:00:00,93547.5,93915.59,93537.03,93908.44
1780250400,2026-05-31 18:00:00,93909.09,93971.79,93866.62,93890.78
1780254000,2026-05-31 19:00:00,93891.01,93960.22,93779.21,93889.62
1780257600,2026-05-31 20:00:00,93890.72,93935.79,93788.76,93848.04
1780261200,2026-05-31 21:00:00,93848.04,93997.6,93772.39,93996.68
1780264800,2026-05-31 22:00:00,93997.32,94060.55,93738.22,93748.09
1780268400,2026-05-31 23:00:00,93749.35,93925.8,93735.04,93771.08
1780272000,2026-06-01 00:00:00,93771.26,93776.88,93602.4,93612.34
1780275600,2026-06-01 01:00:00,93612.67,93811.64,93591.41,93637.1
1780279200,2026-06-01 02:00:00,93637.44,93727.95,93611.97,93658.66
1780282800,2026-06-01 03:00:00,93659.62,93734.67,93644.94,93662.94
1780286400,2026-06-01 04:00:00,93661.01,93670.61,93402.61,93408.63
1780290000,2026-06-01 05:00:00,93409.87,93599.41,93359.5,93517.44
1780293600,2026-06-01 06:00:00,93522.42,93636.06,93468.63,93518.49
1780297200,2026-06-01 07:00:00,93517.92,93541.72,93310.81,93379.72
1780300800,2026-06-01 08:00:00,93382.21,93459.55,93262.99,93441.31
1780304400,2026-06-01 09:00:00,93443.3,93491.57,93212.74,93234.08
1780308000,2026-06-01 10:00:00,93234.49,93244.16,93166.2,93199.59
1780311600,2026-06-01 11:00:00,93201.24,93243.66,93134.27,93224.85
1780315200,2026-06-01 12:00:00,93224.5,93484.47,93210.44,93456.73
1780318800,2026-06-01 13:00:00,93457.34,93493.26,93302.26,93412.68
1780322400,2026-06-01 14:00:00,93411.43,93499.65,93331.59,93372.07
1780326000,2026-06-01 15:00:00,93372.89,93375.65,93236.5,93357.23
1780329600,2026-06-01 16:00:00,93358.92,93372.58,93173.22,93258.55
1780333200,2026-06-01 17:00:00,93259.27,93420.44,93165.64,93406.38
1780336800,2026-06-01 18:00:00,93404.97,93772,93387.28,93767.23
1780340400,2026-06-01 19:00:00,93764.63,93853.3,93661.25,93781.61
1780344000,2026-06-01 20:00:00,93781.42,94056.07,93779.04,93979.02
1780347600,2026-06-01 21:00:00,93975.94,94077.16,93961.22,94074.65
1780351200,2026-06-01 22:00:00,94073.27,94113.74,94017.44,94062.49
1780354800,2026-06-01 23:00:00,94063.12,94119.14,94008.38,94065.59
1780358400,2026-06-02 00:00:00,94066.39,94158.92,94000.43,94043.24
1780362000,2026-06-02 01:00:00,94046.42,94227.24,94038.72,94192.58
1780365600,2026-06-02 02:00:00,94193.59,94560.58,94159.19,94500
1780369200,2026-06-02 03:00:00,94498.1,94604.01,94465.43,94578.97
1780372800,2026-06-02 04:00:00,94578.98,94734.69,94474.07,94665.72
1780376400,2026-06-02 05:00:00,94667.15,94985.18,94595.44,94968.55
1780380000,2026-06-02 06:00:00,94970.6,95029.68,94777.09,94788.79
1780383600,2026-06-02 07:00:00,94789.55,94935.85,94763.18,94881.62
1780387200,2026-06-02 08:00:00,94883.09,95006.01,94771.91,94771.99
1780390800,2026-06-02 09:00:00,94773.09,94906.95,94731.85,94828.28
1780394400,2026-06-02 10:00:00,94829.28,94898.95,94731.55,94804.22
1780398000,2026-06-02 11:00:00,94802.58,94803.53,94660.58,94744.84
1780401600,2026-06-02 12:00:00,94743.84,94806.31,94615.93,94790.49
1780405200,2026-06-02 13:00:00,94791.95,94913.03,94787.45,94861.81
1780408800,2026-06-02 14:00:00,94861.81,94901.87,94728.75,94778.9
1780412400,2026-06-02 15:00:00,94781.71,94886.85,94761.53,94814.96
1780416000,2026-06-02 16:00:00,94816.8,94865.43,94732.75,94773.48
1780419600,2026-06-02 17:00:00,94769.94,94839.48,94627.76,94688.71
1780423200,2026-06-02 18:00:00,94689.58,94712.74,94458.33,94473.18
1780426800,2026-06-02 19:00:00,94475.29,94488.6,94322.79,94436.48
1780430400,2026-06-02 20:00:00,94436.25,94485.92,94266.85,94305.77
1780434000,2026-06-02 21:00:00,94305.61,94448.83,94276.39,94371.6
1780437600,2026-06-02 22:00:00,94372.3,94455.64,94299.24,94420.14
1780441200,2026-06-02 23:00:00,94422.76,94437.86,94110.08,94170.1
1780444800,2026-06-03 00:00:00,94167.05,94262.19,94120.32,94171.44
1780448400,2026-06-03 01:00:00,94170.57,94196.73,94031.77,94078.41
1780452000,2026-06-03 02:00:00,94076.53,94176.51,94039.36,94045.74
1780455600,2026-06-03 03:00:00,94043.05,94072.98,93921.55,93944.7
1780459200,2026-06-03 04:00:00,93943.91,94039.34,93878.65,94038.6
1780462800,2026-06-03 05:00:00,94035.08,94082.66,93968.31,93980.94
1780466400,2026-06-03 06:00:00,93979.46,94086.22,93922.82,94004.67
1780470000,2026-06-03 07:00:00,94005.18,94183.16,93999.94,94041.7
1780473600,2026-06-03 08:00:00,94040.16,94072.64,93912.76,94039.22
1780477200,2026-06-03 09:00:00,94039.52,94054.31,93889.81,93988.58
1780480800,2026-06-03 10:00:00,93988.61,94254.03,93932.79,94238.52
1780484400,2026-06-03 11:00:00,94235.54,94344.73,94164.56,94317.49
1780488000,2026-06-03 12:00:00,94316.28,94386.05,94207.79,94352.32
1780491600,2026-06-03 13:00:00,94355.39,94419.55,94334.63,94376.12
1780495200,2026-06-03 14:00:00,94375.77,94416.65,94276.42,94321.11
1780498800,2026-06-03 15:00:00,94325.54,94371.04,94237.78,94364.9
1780502400,2026-06-03 16:00:00,94368.71,94517.16,94314.82,94500.67
1780506000,2026-06-03 17:00:00,94500.47,94543.15,94355.12,94530.08
1780509600,2026-06-03 18:00:00,94530.81,94707.24,94503.42,94676.67
1780513200,2026-06-03 19:00:00,94676.38,94821.58,94661.47,94739.17
1780516800,2026-06-03 20:00:00,94738.51,94863.78,94656.25,94688.01
1780520400,2026-06-03 21:00:00,94688.67,94738.01,94423.49,94424.81
1780524000,2026-06-03 22:00:00,94425.21,94536.31,94376.18,94515.63
1780527600,2026-06-03 23:00:00,94516.49,94542.77,94286.56,94345.41
1780531200,2026-06-04 00:00:00,94347.26,94480.48,94335.74,94470
1780534800,2026-06-04 01:00:00,94471.75,94582.96,94401.94,94521.58
1780538400,2026-06-04 02:00:00,94519.64,94560.27,94391.3,94400.96
1780542000,2026-06-04 03:00:00,94399.26,94424.26,94206.93,94311.38
1780545600,2026-06-04 04:00:00,94309.41,94359.4,94110.1,94218.36
1780549200,2026-06-04 05:00:00,94215.8,94377.85,94201.02,94365.29
1780552800,2026-06-04 06:00:00,94367.52,94409.87,94181.7,94227.19
1780556400,2026-06-04 07:00:00,94227.41,94365.19,94068.54,94358.73
1780560000,2026-06-04 08:00:00,94355.94,94501.57,94249.2,94324.77
1780563600,2026-06-04 09:00:00,94327.95,94414.52,94206.96,94269.78
1780567200,2026-06-04 10:00:00,94273.36,94423.91,94267.07,94396.79
1780570800,2026-06-04 11:00:00,94396.69,94609.9,94389.69,94416.75
1780574400,2026-06-04 12:00:00,94419.34,94420.45,94242.06,94272.27
1780578000,2026-06-04 13:00:00,94271.47,94418.23,94243.66,94387.48
1780581600,2026-06-04 14:00:00,94388.53,94524.59,94370.19,94522.71
1780585200,2026-06-04 15:00:00,94522.34,94687.71,94503.62,94538.37
1780588800,2026-06-04 16:00:00,94536.94,94684.85,94448.84,94678.54
1780592400,2026-06-04 17:00:00,94680.42,94727.8,94577.36,94601.39
1780596000,2026-06-04 18:00:00,94598.39,94750.29,94590.52,94699.39
1780599600,2026-06-04 19:00:00,94699.59,94740.32,94574.65,94598.58
1780603200,2026-06-04 20:00:00,94598.91,94712.13,94482.41,94564.08
1780606800,2026-06-04 21:00:00,94564.27,94638.75,94430.12,94449.06
1780610400,2026-06-04 22:00:00,94446.58,94454.97,94232.01,94262.75
1780614000,2026-06-04 23:00:00,94265.85,94602.58,94263.96,94571.7
1780617600,2026-06-05 00:00:00,94571.49,94578.35,94388.62,94514.8
1780621200,2026-06-05 01:00:00,94516.52,94676.8,94493.82,94628.09
1780624800,2026-06-05 02:00:00,94628.16,94678.56,94566.48,94636
1780628400,2026-06-05 03:00:00,94636.52,94693.05,94543.77,94612.52
1780632000,2026-06-05 04:00:00,94610.81,94631.86,94473.02,94495.91
1780635600,2026-06-05 05:00:00,94498.63,94515.32,94330.51,94367
1780639200,2026-06-05 06:00:00,94365.13,94437.29,94242.64,94389.01
1780642800,2026-06-05 07:00:00,94394.02,94440.12,94260.69,94311.29
1780646400,2026-06-05 08:00:00,94310.69,94512.3,94294.63,94443.78
1780650000,2026-06-05 09:00:00,94441.04,94647.75,94380.16,94647.75
1780653600,2026-06-05 10:00:00,94647.21,94719.71,94480.6,94483.24
1780657200,2026-06-05 11:00:00,94485.5,94724.26,94468.37,94699.15
1780660800,2026-06-05 12:00:00,94700.73,94852.69,94682.19,94743.95
1780664400,2026-06-05 13:00:00,94740.89,94747.96,94627.36,94627.82
1780668000,2026-06-05 14:00:00,94626.42,94732.26,94501.44,94524.21
1780671600,2026-06-05 15:00:00,94521.64,94772.89,94518.78,94671.5
1780675200,2026-06-05 16:00:00,94673.02,94753.78,94561.1,94706.73
1780678800,2026-06-05 17:00:00,94710.42,94782.39,94615.74,94782.39
1780682400,2026-06-05 18:00:00,94780.44,94832.53,94669.43,94692.64
1780686000,2026-06-05 19:00:00,94691.45,94763.42,94554.51,94672.55
1780689600,2026-06-05 20:00:00,94670.54,94807.46,94627.15,94807.46
1780693200,2026-06-05 21:00:00,94808.79,94846.55,94686.77,94727.12
1780696800,2026-06-05 22:00:00,94725.86,94875.33,94659.1,94840.18
1780700400,2026-06-05 23:00:00,94839.97,94860.83,94741.61,94859.14
1780704000,2026-06-06 00:00:00,94859.25,94958.83,94840.66,94879.32
1780707600,2026-06-06 01:00:00,94882.13,95236.99,94846.02,95213.22
1780711200,2026-06-06 02:00:00,95211.54,95211.54,94992.45,94997.07
1780714800,2026-06-06 03:00:00,94997.35,95185.43,94991.08,95138.52
1780718400,2026-06-06 04:00:00,95135.55,95250.65,95131.6,95201.74
1780722000,2026-06-06 05:00:00,95205.54,95222.85,94996.67,95059.97
1780725600,2026-06-06 06:00:00,95062.78,95105.69,94964.38,95035.74
1780729200,2026-06-06 07:00:00,95032.69,95252.11,94986.18,95201.68
1780732800,2026-06-06 08:00:00,95202.44,95369.22,95193.91,95345.3
1780736400,2026-06-06 09:00:00,95346.97,95434.48,95240.89,95392.74
1780740000,2026-06-06 10:00:00,95391.84,95501.07,95349.36,95478.95
1780743600,2026-06-06 11:00:00,95479.87,95542.32,95395.73,95463.07
1780747200,2026-06-06 12:00:00,95461.29,95629.07,95427.86,95533.79
1780750800,2026-06-06 13:00:00,95534.41,95637.06,95514.79,95540.58
1780754400,2026-06-06 14:00:00,95537.72,95651.43,95497.55,95543.32
1780758000,2026-06-06 15:00:00,95540.5,95616.63,95458.93,95535.05
1780761600,2026-06-06 16:00:00,95537.4,95621.33,95447.15,95490.09
1780765200,2026-06-06 17:00:00,95493.74,95552.67,95443.07,95551.41
1780768800,2026-06-06 18:00:00,95552.17,95698.09,95472.68,95483.31
1780772400,2026-06-06 19:00:00,95482.08,95484.76,95405.45,95408.27
1780776000,2026-06-06 20:00:00,95406.92,95599.45,95398.02,95459.28
1780779600,2026-06-06 21:00:00,95457.61,95539.06,95397.63,95404.45
1780783200,2026-06-06 22:00:00,95403.98,95609.46,95400.86,95449.05
1780786800,2026-06-06 23:00:00,95448.04,95461.39,95197,95211.78
1780790400,2026-06-07 00:00:00,95213.02,95336.46,95185.28,95294.86
1780794000,2026-06-07 01:00:00,95294.27,95331.44,95197.49,95206.71
1780797600,2026-06-07 02:00:00,95206.89,95298.45,95123.26,95297.18
1780801200,2026-06-07 03:00:00,95296.1,95524.35,95274.06,95519.78
1780804800,2026-06-07 04:00:00,95520.76,95603.81,95395.27,95597.18
1780808400,2026-06-07 05:00:00,95596.28,95624.34,95435.73,95544.27
1780812000,2026-06-07 06:00:00,95544.97,95631.57,95519.05,95628.82
1780815600,2026-06-07 07:00:00,95626.33,95764.79,95535.94,95751.4
1780819200,2026-06-07 08:00:00,95750.86,95956.45,95693.21,95907.24
1780822800,2026-06-07 09:00:00,95906.72,96029.77,95868.14,95988.99
1780826400,2026-06-07 10:00:00,95991.28,96094.14,95938.95,95993.59
1780830000,2026-06-07 11:00:00,95995.31,96205.36,95979.2,96165.47
1780833600,2026-06-07 12:00:00,96164.77,96280.73,96074.79,96116.03
1780837200,2026-06-07 13:00:00,96116.9,96137.93,95982.51,96107.51
1780840800,2026-06-07 14:00:00,96107.9,96248.69,96102.9,96170.05
1780844400,2026-06-07 15:00:00,96168.38,96229.01,96090.99,96164.07
1780848000,2026-06-07 16:00:00,96166.38,96392.05,96166.38,96257.62
1780851600,2026-06-07 17:00:00,96256.71,96290.62,96145.09,96221.34
1780855200,2026-06-07 18:00:00,96222.77,96223.46,96068.55,96155.28
1780858800,2026-06-07 19:00:00,96152.82,96322.71,96145.6,96234.25
1780862400,2026-06-07 20:00:00,96233.21,96297.64,96061.11,96145.48
1780866000,2026-06-07 21:00:00,96145.68,96213.58,96016.7,96060.97
1780869600,2026-06-07 22:00:00,96062.56,96339.22,96000.24,96301.42
1780873200,2026-06-07 23:00:00,96300.78,96496.49,96298.55,96478.54
1780876800,2026-06-08 00:00:00,96483.85,96504.01,96369.53,96476.46
1780880400,2026-06-08 01:00:00,96474.89,96478.57,96271.46,96436.54
1780884000,2026-06-08 02:00:00,96435.23,96492.54,96357.91,96373.52
1780887600,2026-06-08 03:00:00,96374.7,96407.3,96261.77,96357.81
1780891200,2026-06-08 04:00:00,96357.95,96365.1,96151.22,96157.46
1780894800,2026-06-08 05:00:00,96155.91,96327.32,96149.82,96300.49
1780898400,2026-06-08 06:00:00,96302.46,96333.87,96129.59,96162.91
1780902000,2026-06-08 07:00:00,96162.94,96199.02,96083.62,96175.47
1780905600,2026-06-08 08:00:00,96173.38,96408.63,96154.04,96387.53
1780909200,2026-06-08 09:00:00,96387.35,96534,96344.72,96483.72
1780912800,2026-06-08 10:00:00,96484.82,96535.66,96315.06,96315.06
1780916400,2026-06-08 11:00:00,96314.92,96390.24,96189.57,96379.09
1780920000,2026-06-08 12:00:00,96380.28,96455.47,96255.96,96372.72
1780923600,2026-06-08 13:00:00,96372.62,96380.38,96117.27,96222.11
1780927200,2026-06-08 14:00:00,96221.91,96287.89,96038.61,96090.63
1780930800,2026-06-08 15:00:00,96088.34,96232.6,96029.78,96161.81
1780934400,2026-06-08 16:00:00,96167.08,96344.62,96092.65,96242.25
1780938000,2026-06-08 17:00:00,96239.36,96575.4,96239.36,96552.78
1780941600,2026-06-08 18:00:00,96552.47,96562.2,96336.45,96451.92
1780945200,2026-06-08 19:00:00,96453.96,96562.21,96379.19,96562.21
1780948800,2026-06-08 20:00:00,96559.55,96833.54,96559.17,96803.09
1780952400,2026-06-08 21:00:00,96802.14,96822.17,96591.37,96678.77
1780956000,2026-06-08 22:00:00,96681.32,96970.58,96647.15,96905.5
1780959600,2026-06-08 23:00:00,96906.47,96910.67,96695.37,96755.63
1780963200,2026-06-09 00:00:00,96758.36,96863.84,96671.04,96855.56
1780966800,2026-06-09 01:00:00,96856.22,96897.59,96728.28,96757.57
1780970400,2026-06-09 02:00:00,96755.65,96951.6,96753.85,96788.47
1780974000,2026-06-09 03:00:00,96788.66,96873.8,96562.44,96587.36
1780977600,2026-06-09 04:00:00,96588.8,96851.1,96545.28,96760.56
1780981200,2026-06-09 05:00:00,96757.92,96847.86,96644.61,96676.54
1780984800,2026-06-09 06:00:00,96677.05,96699.82,96529.01,96668
1780988400,2026-06-09 07:00:00,96667.76,96711.91,96566.43,96676.61
1780992000,2026-06-09 08:00:00,96673.92,96703.83,96525.66,96563.62
1780995600,2026-06-09 09:00:00,96563.71,96633.39,96425.62,96629.67
1780999200,2026-06-09 10:00:00,96629.75,96648.02,96461.96,96568.03
1781002800,2026-06-09 11:00:00,96569.31,96794.82,96551.54,96747.96
1781006400,2026-06-09 12:00:00,96745.1,96827.22,96691.68,96704.83
1781010000,2026-06-09 13:00:00,96703.18,97002.17,96625.43,96984.58
1781013600,2026-06-09 14:00:00,96984.07,97203.61,96922.69,97117.45
1781017200,2026-06-09 15:00:00,97116.68,97151.39,96994.47,97030.13
1781020800,2026-06-09 16:00:00,97027.55,97065.18,96955.24,97061.81
1781024400,2026-06-09 17:00:00,97060.27,97102.16,97017.77,97042.42
1781028000,2026-06-09 18:00:00,97041.55,97049.19,96864.77,96918.49
1781031600,2026-06-09 19:00:00,96915.93,97029.25,96882.81,97023.78
1781035200,2026-06-09 20:00:00,97023.97,97168.7,97000.27,97006.1
1781038800,2026-06-09 21:00:00,97006.1,97067.82,96937,97043.71
1781042400,2026-06-09 22:00:00,97045.47,97295.28,97012.61,97244.55
1781046000,2026-06-09 23:00:00,97243.14,97243.14,97064.95,97106.19
1781049600,2026-06-10 00:00:00,97105.41,97184.52,97054.96,97140.32
1781053200,2026-06-10 01:00:00,97140.99,97210.51,97028.9,97075.17
1781056800,2026-06-10 02:00:00,97074.93,97155.65,97004.08,97067.03
1781060400,2026-06-10 03:00:00,97067.23,97230.23,97044.23,97226.98
1781064000,2026-06-10 04:00:00,97226.46,97236.21,97053.41,97151.54
1781067600,2026-06-10 05:00:00,97150.62,97170.81,96978.34,97091.53
1781071200,2026-06-10 06:00:00,97092.83,97164.17,96973.55,97149.13
1781074800,2026-06-10 07:00:00,97150.71,97229.12,97116.16,97171.69
1781078400,2026-06-10 08:00:00,97172.65,97251.59,97141.45,97211.43
1781082000,2026-06-10 09:00:00,97210.61,97580.94,97193.57,97445.58
1781085600,2026-06-10 10:00:00,97444.8,97478.09,97302,97376.76
1781089200,2026-06-10 11:00:00,97378.07,97448.53,97296.75,97370.23
1781092800,2026-06-10 12:00:00,97368.15,97401.09,97178.32,97245.57
1781096400,2026-06-10 13:00:00,97245.23,97319.01,97114.54,97247.78
1781100000,2026-06-10 14:00:00,97245.89,97285.3,97065.99,97219.47
1781103600,2026-06-10 15:00:00,97219.5,97299.99,97127.91,97180.22
1781107200,2026-06-10 16:00:00,97181.51,97279.76,97107.31,97222.53
1781110800,2026-06-10 17:00:00,97226.29,97370.8,97160.27,97362.63
1781114400,2026-06-10 18:00:00,97363.5,97617.31,97352.2,97593.49
1781118000,2026-06-10 19:00:00,97592.47,97601.33,97348.26,97363.36
1781121600,2026-06-10 20:00:00,97362.94,97378.54,97145.11,97156.72
1781125200,2026-06-10 21:00:00,97155.82,97277.42,97061.83,97267.66
1781128800,2026-06-10 22:00:00,97265.9,97269.98,97064.05,97064.05
1781132400,2026-06-10 23:00:00,97064.54,97072.83,96792.64,96888.91
1781136000,2026-06-11 00:00:00,96888.45,96959.32,96782.31,96801.66
1781139600,2026-06-11 01:00:00,96800.81,96814.39,96497.87,96514.61
1781143200,2026-06-11 02:00:00,96514.86,96624.87,96465.79,96467.64
1781146800,2026-06-11 03:00:00,96465.59,96522.05,96290.74,96334.95
1781150400,2026-06-11 04:00:00,96333.03,96480.25,96314.44,96400.47
1781154000,2026-06-11 05:00:00,96399.44,96476.81,96357.58,96406.2
1781157600,2026-06-11 06:00:00,96407.01,96569.81,96372.46,96498.06
1781161200,2026-06-11 07:00:00,96500.58,96534.31,96361.1,96394.44
1781164800,2026-06-11 08:00:00,96395.63,96446.71,96247.83,96298.66
1781168400,2026-06-11 09:00:00,96301.67,96352.22,96238.61,96271.46
1781172000,2026-06-11 10:00:00,96271,96385.43,96196.84,96201.29
1781175600,2026-06-11 11:00:00,96200.95,96205.99,95949.63,95961.04
1781179200,2026-06-11 12:00:00,95961.74,96074.04,95870.53,96007.03
1781182800,2026-06-11 13:00:00,96003.42,96038.54,95826.54,95839.26
1781186400,2026-06-11 14:00:00,95841.26,95858.23,95719.68,95744.06
1781190000,2026-06-11 15:00:00,95741.82,95966.95,95667.13,95921.63
1781193600,2026-06-11 16:00:00,95925.39,96107.92,95896.34,96095.44
1781197200,2026-06-11 17:00:00,96095.84,96143.68,96010.51,96116.89
1781200800,2026-06-11 18:00:00,96116.95,96171.31,96053.76,96069.47
1781204400,2026-06-11 19:00:00,96068.34,96080.83,95908.75,95954.8
1781208000,2026-06-11 20:00:00,95954.08,96007.42,95532.82,95565.88
1781211600,2026-06-11 21:00:00,95569.78,95724.38,95519.12,95522.14
1781215200,2026-06-11 22:00:00,95520.49,95559.73,95423.75,95525.81
1781218800,2026-06-11 23:00:00,95527.02,95546.14,95351.91,95470.43
1781222400,2026-06-12 00:00:00,95471.12,95536.08,95390.55,95400.34
1781226000,2026-06-12 01:00:00,95401.21,95437.67,95300.96,95328.57
1781229600,2026-06-12 02:00:00,95328.17,95334.37,95051.83,95052.36
1781233200,2026-06-12 03:00:00,95050.59,95099.75,94863.91,94874.67
1781236800,2026-06-12 04:00:00,94875.61,94987.17,94857.13,94894.36
1781240400,2026-06-12 05:00:00,94896.26,94912.74,94695.01,94891.7
1781244000,2026-06-12 06:00:00,94891.59,94913.59,94738.1,94805
1781247600,2026-06-12 07:00:00,94803.84,94932.44,94764.17,94870.03
1781251200,2026-06-12 08:00:00,94867.75,94951.22,94830.88,94949.71
1781254800,2026-06-12 09:00:00,94946.92,95093.28,94928.6,95070
1781258400,2026-06-12 10:00:00,95070.42,95082.21,94947.21,94987.81
1781262000,2026-06-12 11:00:00,94986.58,95109.33,94943.12,95051.9
1781265600,2026-06-12 12:00:00,95052.87,95179.96,95045.91,95070.83
1781269200,2026-06-12 13:00:00,95068.41,95204.27,95050.03,95082.54
1781272800,2026-06-12 14:00:00,95082.16,95244.32,95044.95,95111.36
1781276400,2026-06-12 15:00:00,95111.86,95136.73,94902.11,94939.47
1781280000,2026-06-12 16:00:00,94941.03,95082.71,94921.67,95001.08
1781283600,2026-06-12 17:00:00,95000.16,95259.07,94984.57,95236.35
1781287200,2026-06-12 18:00:00,95235.47,95441.86,95186.95,95403.65
1781290800,2026-06-12 19:00:00,95403.22,95433.61,95191.48,95209.16
1781294400,2026-06-12 20:00:00,95208.15,95329.83,95153.63,95311.33
1781298000,2026-06-12 21:00:00,95311.1,95381.08,95102.3,95137.3
1781301600,2026-06-12 22:00:00,95135.63,95298.48,95109.04,95296.49
1781305200,2026-06-12 23:00:00,95296.03,95320.22,95075.06,95093.1
1781308800,2026-06-13 00:00:00,95094.09,95141.56,94970.06,95022.34
1781312400,2026-06-13 01:00:00,95022.07,95141.12,94902.68,95117.46
1781316000,2026-06-13 02:00:00,95116.96,95123.57,95007.34,95027.47
1781319600,2026-06-13 03:00:00,95027.13,95091.55,94938.88,94947.19
1781323200,2026-06-13 04:00:00,94946.41,95267.1,94931.36,95242.69
1781326800,2026-06-13 05:00:00,95243.2,95381.49,95099.4,95378.46
1781330400,2026-06-13 06:00:00,95377.75,95425,95102.49,95116.51
1781334000,2026-06-13 07:00:00,95115.79,95118.74,94956.25,94964.33
1781337600,2026-06-13 08:00:00,94965.3,95116.77,94868.75,94989.62
1781341200,2026-06-13 09:00:00,94989.95,95199.61,94971.37,95161.74
1781344800,2026-06-13 10:00:00,95161.6,95334.62,95159.09,95215.97
1781348400,2026-06-13 11:00:00,95216.6,95221.52,95073.57,95160.5
1781352000,2026-06-13 12:00:00,95163.73,95258.75,95126.07,95156.83
1781355600,2026-06-13 13:00:00,95156.53,95195.13,94891.98,94974.69
1781359200,2026-06-13 14:00:00,94971.96,94983.39,94711.72,94829.41
1781362800,2026-06-13 15:00:00,94830.18,94900.19,94612.98,94623.95
1781366400,2026-06-13 16:00:00,94622.4,94622.4,94282.96,94485.3
1781370000,2026-06-13 17:00:00,94484.5,94724.23,94484.5,94694.19
1781373600,2026-06-13 18:00:00,94691.68,94796.18,94626.6,94781.18
1781377200,2026-06-13 19:00:00,94779.51,94790.11,94534.1,94535.27
1781380800,2026-06-13 20:00:00,94535.78,94610.37,94442.5,94466.67
1781384400,2026-06-13 21:00:00,94465.37,94675.25,94452.34,94659.48
1781388000,2026-06-13 22:00:00,94659.65,94690.23,94325.41,94344.11
1781391600,2026-06-13 23:00:00,94344.26,94493.03,94253.9,94323.23
1781395200,2026-06-14 00:00:00,94322.78,94420.99,94208.81,94331.19
1781398800,2026-06-14 01:00:00,94330.39,94356.82,94099.86,94119.74
1781402400,2026-06-14 02:00:00,94117.52,94234.28,93977.16,93988.23
1781406000,2026-06-14 03:00:00,93986.65,94001.14,93866.21,93992.39
1781409600,2026-06-14 04:00:00,93990.78,94168.66,93917.78,94093.17
1781413200,2026-06-14 05:00:00,94091.95,94186.97,93867.27,93912.62
1781416800,2026-06-14 06:00:00,93912.98,94015.2,93883.33,93978.83
1781420400,2026-06-14 07:00:00,93978.69,94180.19,93937.79,94157.04
1781424000,2026-06-14 08:00:00,94157.16,94246.87,94025.18,94213.9
1781427600,2026-06-14 09:00:00,94212.64,94259.26,94062.31,94090.71
1781431200,2026-06-14 10:00:00,94091.57,94233.15,94079.28,94218.81
1781434800,2026-06-14 11:00:00,94215.38,94280.43,93908.64,94002.63
1781438400,2026-06-14 12:00:00,94005.52,94112.67,93976.29,94097.05
1781442000,2026-06-14 13:00:00,94095.5,94297.41,94021.87,94294.84
1781445600,2026-06-14 14:00:00,94295.36,94596.56,94293.9,94560.47
1781449200,2026-06-14 15:00:00,94559.3,94596.18,94375.7,94445.84
1781452800,2026-06-14 16:00:00,94447.18,94576.67,94287.7,94287.7
1781456400,2026-06-14 17:00:00,94284.32,94406.78,94255.11,94312.91
1781460000,2026-06-14 18:00:00,94311.47,94335.82,94239.21,94302.41
1781463600,2026-06-14 19:00:00,94301.61,94491.71,94260.72,94396.28
1781467200,2026-06-14 20:00:00,94395.66,94520.14,94395.66,94463.44
1781470800,2026-06-14 21:00:00,94459.74,94474.01,94357.35,94443.46
1781474400,2026-06-14 22:00:00,94445.84,94502.08,94351.69,94448.93
1781478000,2026-06-14 23:00:00,94449.4,94515.32,94314.59,94481.08
1781481600,2026-06-15 00:00:00,94482.7,94596.3,94466.22,94553.6
1781485200,2026-06-15 01:00:00,94553.61,94606.23,94395.63,94484.46
1781488800,2026-06-15 02:00:00,94484.47,94617.34,94396.24,94436.87
1781492400,2026-06-15 03:00:00,94434.97,94658.53,94421.25,94651.42
1781496000,2026-06-15 04:00:00,94650.63,94743.51,94604.76,94686.25
1781499600,2026-06-15 05:00:00,94683.2,94737.01,94625.17,94706.68
1781503200,2026-06-15 06:00:00,94705.56,94806.28,94567.1,94614.44
1781506800,2026-06-15 07:00:00,94612.73,94623.89,94290.44,94446.78
1781510400,2026-06-15 08:00:00,94446.14,94556.51,94399.69,94512.98
1781514000,2026-06-15 09:00:00,94515.61,94796.72,94503.86,94789.4
1781517600,2026-06-15 10:00:00,94790.69,94914.63,94703.71,94911.77
1781521200,2026-06-15 11:00:00,94912.34,95082.41,94897.92,95036.8
1781524800,2026-06-15 12:00:00,95034.71,95041.76,94884.37,94991.81
1781528400,2026-06-15 13:00:00,94993.41,95117.09,94828.8,94885.9
1781532000,2026-06-15 14:00:00,94888.35,94993.98,94791.87,94910.35
1781535600,2026-06-15 15:00:00,94909.22,95047.73,94817.3,94848.23
1781539200,2026-06-15 16:00:00,94845.12,95014.87,94806.55,94999.76
1781542800,2026-06-15 17:00:00,95002.11,95060.48,94823.63,94984.88
1781546400,2026-06-15 18:00:00,94983.64,95190.12,94948.26,95112.67
1781550000,2026-06-15 19:00:00,95112.92,95164.37,94888.28,94978.14
1781553600,2026-06-15 20:00:00,94977.94,94987.81,94711.16,94748.85
1781557200,2026-06-15 21:00:00,94749.06,94781.7,94573.9,94630.43
1781560800,2026-06-15 22:00:00,94630.22,94657.69,94519.11,94617.65
1781564400,2026-06-15 23:00:00,94615.06,94868.86,94595.25,94742.83
1781568000,2026-06-16 00:00:00,94745.36,94856.99,94685.38,94822.42
1781571600,2026-06-16 01:00:00,94820.99,94886.19,94772.1,94878.52
1781575200,2026-06-16 02:00:00,94881.01,94963.68,94869.66,94921.53
1781578800,2026-06-16 03:00:00,94919.66,95011.3,94869.73,94874.14
1781582400,2026-06-16 04:00:00,94874.64,94984.85,94841.7,94899.96
1781586000,2026-06-16 05:00:00,94900.09,95180.2,94889.79,95155.81
1781589600,2026-06-16 06:00:00,95155.92,95321.61,95149.53,95205.23
1781593200,2026-06-16 07:00:00,95208.98,95454.84,95208.98,95333.59
1781596800,2026-06-16 08:00:00,95333.17,95604.95,95286.92,95598.61
1781600400,2026-06-16 09:00:00,95598.68,95649.83,95505.78,95543.29
1781604000,2026-06-16 10:00:00,95542.63,95593.52,95381.54,95465.9
1781607600,2026-06-16 11:00:00,95467.95,95496.43,95221.26,95224.68
1781611200,2026-06-16 12:00:00,95225.39,95261.45,95135.08,95201.02
1781614800,2026-06-16 13:00:00,95199.74,95271.57,95147.6,95247.54
1781618400,2026-06-16 14:00:00,95247.32,95323.18,95199.68,95316.25
1781622000,2026-06-16 15:00:00,95315.55,95470.38,95288.58,95450.78
1781625600,2026-06-16 16:00:00,95451.33,95565.02,95369.9,95369.9
1781629200,2026-06-16 17:00:00,95371.98,95432.19,95308.38,95343.52
1781632800,2026-06-16 18:00:00,95342.16,95352.54,95211.08,95223.02
1781636400,2026-06-16 19:00:00,95225.64,95289.73,95197.76,95247.06
1781640000,2026-06-16 20:00:00,95248.16,95370.44,95200.45,95270.59
1781643600,2026-06-16 21:00:00,95271.2,95440.12,95184.64,95410.24
1781647200,2026-06-16 22:00:00,95411.43,95494.74,95344.54,95485.28
1781650800,2026-06-16 23:00:00,95487.44,95496.05,95189.73,95238.12
1781654400,2026-06-17 00:00:00,95237.77,95453.5,95227.04,95426.58
1781658000,2026-06-17 01:00:00,95430.05,95470.76,95376.68,95397.2
1781661600,2026-06-17 02:00:00,95396.47,95470.17,95352.27,95364.92
1781665200,2026-06-17 03:00:00,95363.56,95419.33,95257.53,95383.53
1781668800,2026-06-17 04:00:00,95384.35,95406.41,95228.05,95314.57
1781672400,2026-06-17 05:00:00,95315.03,95333.94,95097.78,95150.17
1781676000,2026-06-17 06:00:00,95149.63,95243.43,95105.68,95184.78
1781679600,2026-06-17 07:00:00,95186.5,95266.13,94962.13,94980.54
1781683200,2026-06-17 08:00:00,94981.74,95124.79,94941.26,95028.82
1781686800,2026-06-17 09:00:00,95027.6,95055.94,94911.74,94938.75
1781690400,2026-06-17 10:00:00,94939.36,95106.79,94923.47,95020.39
1781694000,2026-06-17 11:00:00,95017.52,95172.37,95007.74,95079.52
1781697600,2026-06-17 12:00:00,95082.65,95164.75,95023.45,95156.99
1781701200,2026-06-17 13:00:00,95156.82,95447.28,95143.67,95397.04
1781704800,2026-06-17 14:00:00,95398.46,95546.1,95358.03,95523.84
1781708400,2026-06-17 15:00:00,95524.61,95610.05,95409.74,95487.86
1781712000,2026-06-17 16:00:00,95489.88,95513.74,95400.34,95474.48
1781715600,2026-06-17 17:00:00,95474.14,95591.06,95453.6,95524.62
1781719200,2026-06-17 18:00:00,95524.5,95737,95479.51,95707.97
1781722800,2026-06-17 19:00:00,95708.51,95708.54,95478.32,95484.59
1781726400,2026-06-17 20:00:00,95485.98,95739.58,95481.88,95557.47
1781730000,2026-06-17 21:00:00,95557.97,95767.34,95529.1,95767.34
1781733600,2026-06-17 22:00:00,95767.57,95820.8,95673.13,95811.26
1781737200,2026-06-17 23:00:00,95810.29,95981.97,95776.63,95981.97
1781740800,2026-06-18 00:00:00,95978.49,96024.63,95859.85,95932.75
1781744400,2026-06-18 01:00:00,95933.43,96034.3,95875.79,95900.12
1781748000,2026-06-18 02:00:00,95898.69,96055.78,95898.34,96055.78
1781751600,2026-06-18 03:00:00,96055.51,96161.11,95965,96078.66
1781755200,2026-06-18 04:00:00,96077.58,96088.36,95957.38,95957.38
1781758800,2026-06-18 05:00:00,95955.63,96296.19,95947.03,96210.29
1781762400,2026-06-18 06:00:00,96209.02,96323.68,96198.12,96294.18
1781766000,2026-06-18 07:00:00,96294.23,96522.47,96292.8,96476.04
1781769600,2026-06-18 08:00:00,96473.72,96581,96428.3,96556.71
1781773200,2026-06-18 09:00:00,96556.44,96598.96,96437.14,96580.61
1781776800,2026-06-18 10:00:00,96583.01,96601.27,96231.89,96261.08
1781780400,2026-06-18 11:00:00,96257.11,96316.15,96157.95,96172.69
1781784000,2026-06-18 12:00:00,96174.46,96211.21,96063.45,96203.08
1781787600,2026-06-18 13:00:00,96202.97,96365.05,96129.53,96135.48
1781791200,2026-06-18 14:00:00,96135.49,96135.49,95953.13,96014.33
1781794800,2026-06-18 15:00:00,96016.88,96187,96000.83,96166.71
1781798400,2026-06-18 16:00:00,96167.11,96444.79,96166.31,96424.67
1781802000,2026-06-18 17:00:00,96423.62,96609.8,96347.17,96588.92
1781805600,2026-06-18 18:00:00,96593.42,96683.05,96462.9,96471.01
1781809200,2026-06-18 19:00:00,96470.36,96506.67,96341.37,96462.79
1781812800,2026-06-18 20:00:00,96462.86,96500.63,96301.41,96333.93
1781816400,2026-06-18 21:00:00,96333.18,96375.54,96233.29,96344.8
1781820000,2026-06-18 22:00:00,96344.9,96421.27,96220.55,96348.16
1781823600,2026-06-18 23:00:00,96347.67,96616.19,96317.41,96590.26
1781827200,2026-06-19 00:00:00,96586.81,96604.4,96392.72,96423.94
1781830800,2026-06-19 01:00:00,96424.52,96714.47,96424.52,96683.82
1781834400,2026-06-19 02:00:00,96685.64,96840.62,96656.36,96840.62
1781838000,2026-06-19 03:00:00,96843.24,96993.11,96826.59,96985
1781841600,2026-06-19 04:00:00,96985.9,96998.93,96720.23,96737.37
1781845200,2026-06-19 05:00:00,96736.51,96773.75,96630.04,96730.75
1781848800,2026-06-19 06:00:00,96728.65,96805.8,96635.13,96771.01
1781852400,2026-06-19 07:00:00,96772.11,96818.86,96655,96704.87
1781856000,2026-06-19 08:00:00,96703.9,96831.3,96651,96757.49
1781859600,2026-06-19 09:00:00,96757.94,96789.89,96638.52,96660.26
1781863200,2026-06-19 10:00:00,96663.04,96807.9,96657.5,96738.33
1781866800,2026-06-19 11:00:00,96738.1,97007.23,96737.31,96904.73
1781870400,2026-06-19 12:00:00,96905.78,97145.14,96892.62,97112.05
1781874000,2026-06-19 13:00:00,97110.91,97161.63,96934.97,97009.79
1781877600,2026-06-19 14:00:00,97011.06,97244.39,96984.97,97240.82
1781881200,2026-06-19 15:00:00,97239.31,97469.26,97219.29,97437.07
1781884800,2026-06-19 16:00:00,97436.15,97567.95,97421.81,97537.29
1781888400,2026-06-19 17:00:00,97536.86,97590.45,97445.88,97495.07
1781892000,2026-06-19 18:00:00,97492.9,97712.88,97445.22,97674.61
1781895600,2026-06-19 19:00:00,97671.52,97697.15,97587.51,97654.08
1781899200,2026-06-19 20:00:00,97653.47,97674.9,97511.34,97608.9
1781902800,2026-06-19 21:00:00,97608.33,97844.26,97584.42,97769.99
1781906400,2026-06-19 22:00:00,97769.02,97831.35,97652.05,97796.21
1781910000,2026-06-19 23:00:00,97795.58,97842.04,97739.28,97830.63
1781913600,2026-06-20 00:00:00,97829.38,97887.86,97727.89,97789.64
1781917200,2026-06-20 01:00:00,97790.27,97814.36,97669.3,97693.69
1781920800,2026-06-20 02:00:00,97694.24,97746.85,97661.64,97695.52
1781924400,2026-06-20 03:00:00,97698.99,97786.85,97621.43,97641.93
1781928000,2026-06-20 04:00:00,97643.11,97720.56,97453.62,97489.94
1781931600,2026-06-20 05:00:00,97489.28,97612.84,97480.73,97555.95
1781935200,2026-06-20 06:00:00,97557.67,97653.71,97513.98,97615.07
1781938800,2026-06-20 07:00:00,97611.36,97704.22,97577.9,97580.48
1781942400,2026-06-20 08:00:00,97582.22,97702.53,97534.13,97592.84
1781946000,2026-06-20 09:00:00,97593.95,97826.59,97582.29,97702.18
1781949600,2026-06-20 10:00:00,97700.02,97842.4,97691.33,97801.88
1781953200,2026-06-20 11:00:00,97800.77,98021.18,97800.77,97939.9
1781956800,2026-06-20 12:00:00,97939.34,98112.39,97893.23,98060.35
1781960400,2026-06-20 13:00:00,98061.76,98092.32,97887.02,97931.31
1781964000,2026-06-20 14:00:00,97934.36,97940.45,97813.1,97868.71
1781967600,2026-06-20 15:00:00,97870.09,98069.27,97841.94,98064.19
1781971200,2026-06-20 16:00:00,98067.17,98242.59,98005.45,98231.42
1781974800,2026-06-20 17:00:00,98232.98,98259.86,98113.33,98206.96
1781978400,2026-06-20 18:00:00,98205.57,98291.94,98119.46,98238.86
1781982000,2026-06-20 19:00:00,98237.66,98396.77,98194,98242.94
1781985600,2026-06-20 20:00:00,98243.41,98477.6,98135.19,98438.9
1781989200,2026-06-20 21:00:00,98438.44,98705.32,98349.63,98705.32
1781992800,2026-06-20 22:00:00,98704.73,98860.73,98680.72,98817.54
1781996400,2026-06-20 23:00:00,98816.95,98880.59,98733.17,98840.79
1782000000,2026-06-21 00:00:00,98840.58,98842.65,98716.69,98769.57
1782003600,2026-06-21 01:00:00,98768.49,98839.2,98717.47,98722.2
1782007200,2026-06-21 02:00:00,98721.5,98745.48,98499.71,98604.31
1782010800,2026-06-21 03:00:00,98603.69,98760.5,98582.97,98748.65
1782014400,2026-06-21 04:00:00,98747.09,98778.99,98635.73,98642.5
1782018000,2026-06-21 05:00:00,98645.25,98672.78,98492.86,98538.05
1782021600,2026-06-21 06:00:00,98538.12,98575.63,98441.13,98477.26
1782025200,2026-06-21 07:00:00,98476.06,98476.06,98324.31,98438.42
1782028800,2026-06-21 08:00:00,98434.22,98498.19,98317.38,98472.35
1782032400,2026-06-21 09:00:00,98472.55,98555.66,98335.17,98388.34
1782036000,2026-06-21 10:00:00,98387.37,98557.6,98356.99,98482.93
1782039600,2026-06-21 11:00:00,98485.16,98492.87,98297.82,98307.31
1782043200,2026-06-21 12:00:00,98306.46,98482.95,98301.58,98346.7
1782046800,2026-06-21 13:00:00,98344.67,98425.45,98309.78,98364.63
1782050400,2026-06-21 14:00:00,98365.02,98415.92,98297.43,98349.58
1782054000,2026-06-21 15:00:00,98347.48,98357.46,98209.97,98228.24
1782057600,2026-06-21 16:00:00,98228.85,98265.01,98142.54,98234.37
1782061200,2026-06-21 17:00:00,98233.55,98321.33,98092.49,98126.6
1782064800,2026-06-21 18:00:00,98122.73,98223.8,98118.19,98223.8
1782068400,2026-06-21 19:00:00,98223.61,98351.64,98126.23,98132.77
1782072000,2026-06-21 20:00:00,98131.79,98332.05,98107.3,98272.43
1782075600,2026-06-21 21:00:00,98273.04,98551.89,98234.63,98530.17
1782079200,2026-06-21 22:00:00,98529.79,98880.87,98520.15,98826.87
1782082800,2026-06-21 23:00:00,98825.17,98993.24,98750.89,98990.1
1782086400,2026-06-22 00:00:00,98992.9,99009.19,98617.02,98785.35
1782090000,2026-06-22 01:00:00,98785.28,98995.86,98777.89,98920.5
1782093600,2026-06-22 02:00:00,98916.45,99008.12,98908.44,98984.34
1782097200,2026-06-22 03:00:00,98982.88,99088.59,98909.26,99046.4
1782100800,2026-06-22 04:00:00,99047.22,99059.89,98753.23,98880.19
1782104400,2026-06-22 05:00:00,98879.78,99068.42,98879.68,99014.58
1782108000,2026-06-22 06:00:00,99012.93,99187.02,99006.1,99063.91
1782111600,2026-06-22 07:00:00,99066.11,99324.06,99031.17,99302.48
1782115200,2026-06-22 08:00:00,99303.77,99523.31,99299.07,99474.18
1782118800,2026-06-22 09:00:00,99475.59,99581.03,99423.03,99441.02
1782122400,2026-06-22 10:00:00,99444.71,99468.34,99334.39,99380.39
1782126000,2026-06-22 11:00:00,99382.46,99405.37,99131.93,99307.16
1782129600,2026-06-22 12:00:00,99305.49,99357.15,99189.48,99197.31
1782133200,2026-06-22 13:00:00,99196.77,99197.38,98864.35,98896.32
1782136800,2026-06-22 14:00:00,98897.03,98922.29,98676.12,98740.1
1782140400,2026-06-22 15:00:00,98738.44,98761.28,98542.06,98545.17
1782144000,2026-06-22 16:00:00,98542.95,98696.22,98518.98,98677.25
1782147600,2026-06-22 17:00:00,98679.15,98688.59,98449.08,98593.99
1782151200,2026-06-22 18:00:00,98594.23,98623.27,98474.04,98585.39
1782154800,2026-06-22 19:00:00,98586.06,98619.67,98286.07,98383.16
1782158400,2026-06-22 20:00:00,98382.83,98465.27,98079.55,98109.95
1782162000,2026-06-22 21:00:00,98110.51,98119.18,97949.73,97993.01
1782165600,2026-06-22 22:00:00,97994.47,98017.33,97923.62,97994.13
1782169200,2026-06-22 23:00:00,97993.93,98077.09,97915.97,98074.23
1782172800,2026-06-23 00:00:00,98075.08,98244.06,97980.38,98126.57
1782176400,2026-06-23 01:00:00,98127.99,98198.17,98104.24,98151.62
1782180000,2026-06-23 02:00:00,98153.21,98210.52,98116.59,98136.53
1782183600,2026-06-23 03:00:00,98135.55,98224.96,98125.02,98165.51
1782187200,2026-06-23 04:00:00,98166.73,98343.83,98108.91,98327.96
1782190800,2026-06-23 05:00:00,98329.09,98364.1,98240.72,98292.39
1782194400,2026-06-23 06:00:00,98292.71,98530.58,98247.4,98512.65
1782198000,2026-06-23 07:00:00,98514.27,98544.95,98348.84,98541.45
1782201600,2026-06-23 08:00:00,98537.89,98612.05,98478.27,98581.07
1782205200,2026-06-23 09:00:00,98579.62,98659.15,98541.73,98575.23
1782208800,2026-06-23 10:00:00,98575.25,98605.25,98481.92,98505.39
1782212400,2026-06-23 11:00:00,98502.38,98544.14,98360.06,98432.71
1782216000,2026-06-23 12:00:00,98432.95,98586.07,98332.12,98553.04
1782219600,2026-06-23 13:00:00,98553.81,98561.44,98327.98,98330.92
1782223200,2026-06-23 14:00:00,98332.04,98405.28,98266.76,98384.04
1782226800,2026-06-23 15:00:00,98383.32,98436.12,98243.37,98281.67
1782230400,2026-06-23 16:00:00,98283.41,98449.76,98268.52,98374.96
1782234000,2026-06-23 17:00:00,98370.25,98535.08,98340.84,98432.2
1782237600,2026-06-23 18:00:00,98434.63,98539.42,98372.8,98532.81
1782241200,2026-06-23 19:00:00,98530.09,98547.52,98324.29,98390.54
1782244800,2026-06-23 20:00:00,98391.17,98482.15,98290.61,98320.84
1782248400,2026-06-23 21:00:00,98321.68,98346.84,98008.31,98048.39
1782252000,2026-06-23 22:00:00,98050.61,98411.19,98012.96,98279.25
1782255600,2026-06-23 23:00:00,98279.09,98526.9,98222.47,98455.03
1782259200,2026-06-24 00:00:00,98454.8,98493.67,98298.91,98309.72
1782262800,2026-06-24 01:00:00,98309.55,98386.54,98221.81,98253.1
1782266400,2026-06-24 02:00:00,98254.43,98290.27,98138.57,98258
1782270000,2026-06-24 03:00:00,98257.53,98296.59,98156.39,98162.45
1782273600,2026-06-24 04:00:00,98163.43,98207.31,97983.71,98003.57
1782277200,2026-06-24 05:00:00,98003.61,98260.03,97997.72,98177.74
1782280800,2026-06-24 06:00:00,98177.9,98322.11,98139.44,98322.03
1782284400,2026-06-24 07:00:00,98324.12,98341.59,97978.32,97988.46
1782288000,2026-06-24 08:00:00,97988.49,98036.9,97637.51,97724.25
1782291600,2026-06-24 09:00:00,97723.84,97832.49,97624.7,97630.62
1782295200,2026-06-24 10:00:00,97632.04,97635.21,97390.99,97408.14
1782298800,2026-06-24 11:00:00,97408.06,97419.59,97249.37,97263.79
1782302400,2026-06-24 12:00:00,97261.92,97357.65,97150.32,97273.68
1782306000,2026-06-24 13:00:00,97273.54,97300.88,97056.28,97140.38
1782309600,2026-06-24 14:00:00,97138.97,97175.32,97072.65,97134.99
1782313200,2026-06-24 15:00:00,97135.78,97214.78,97087.56,97179.39
1782316800,2026-06-24 16:00:00,97179.38,97189.22,96981.46,97024.66
1782320400,2026-06-24 17:00:00,97023.75,97447.05,97000.13,97442.76
1782324000,2026-06-24 18:00:00,97441.44,97498.29,97360.47,97438.57
1782327600,2026-06-24 19:00:00,97436.99,97469.69,97328.57,97342.32
1782331200,2026-06-24 20:00:00,97340.59,97510.44,97276.26,97492.58
1782334800,2026-06-24 21:00:00,97490.48,97680.1,97468.08,97671.9
1782338400,2026-06-24 22:00:00,97673.43,97784.3,97656.48,97699.65
1782342000,2026-06-24 23:00:00,97697.67,97795.13,97645.3,97794.58
1782345600,2026-06-25 00:00:00,97796.46,97875.24,97707.08,97823.53
1782349200,2026-06-25 01:00:00,97821.3,98013.81,97821.3,97999.22
1782352800,2026-06-25 02:00:00,98001.85,98010.66,97818.78,97825.06
1782356400,2026-06-25 03:00:00,97825.2,97856.4,97515.24,97530.56
1782360000,2026-06-25 04:00:00,97530.05,97640.17,97485.41,97625.88
1782363600,2026-06-25 05:00:00,97623.65,97627.65,97437.14,97557.24
1782367200,2026-06-25 06:00:00,97556.17,97586.2,97472.24,97529.49
1782370800,2026-06-25 07:00:00,97529.89,97658.59,97444.84,97519.72
1782374400,2026-06-25 08:00:00,97519.84,97537.06,97223.25,97315.09
1782378000,2026-06-25 09:00:00,97317.45,97398.81,97254.74,97390.96
1782381600,2026-06-25 10:00:00,97391.56,97447.46,97261.68,97287.63
1782385200,2026-06-25 11:00:00,97290.41,97339.02,97077.92,97097.5
1782388800,2026-06-25 12:00:00,97096.17,97320.14,97086.39,97132.57
1782392400,2026-06-25 13:00:00,97132.69,97153.12,96757.03,96767.36
1782396000,2026-06-25 14:00:00,96769.34,96805.07,96653.65,96744.14
1782399600,2026-06-25 15:00:00,96743.48,96774.82,96630.8,96641.03
1782403200,2026-06-25 16:00:00,96638.35,96664.89,96412.69,96530.54
1782406800,2026-06-25 17:00:00,96530.85,96851.25,96494.38,96838.41
1782410400,2026-06-25 18:00:00,96839.2,97104.73,96824.14,97069.41
1782414000,2026-06-25 19:00:00,97067.96,97335.22,97053.54,97330.41
1782417600,2026-06-25 20:00:00,97331.66,97419.5,97291.26,97340.16
1782421200,2026-06-25 21:00:00,97342.82,97459.98,97266.78,97427.83
1782424800,2026-06-25 22:00:00,97427.69,97487.56,97197.12,97237.69
1782428400,2026-06-25 23:00:00,97237.55,97454.39,97215.48,97439.15
1782432000,2026-06-26 00:00:00,97436.72,97488.79,97296.82,97304.76
1782435600,2026-06-26 01:00:00,97306.42,97388.46,97198.11,97253.35
1782439200,2026-06-26 02:00:00,97253.86,97279.76,96953.86,97017.71
1782442800,2026-06-26 03:00:00,97019.14,97086.05,96901.05,97041.94
1782446400,2026-06-26 04:00:00,97043.75,97068.37,96877.71,96949.31
1782450000,2026-06-26 05:00:00,96951.07,96987.71,96859.2,96892.32
1782453600,2026-06-26 06:00:00,96892.29,96932.02,96739.44,96772.84
1782457200,2026-06-26 07:00:00,96773.27,96802.88,96620.82,96761.76
1782460800,2026-06-26 08:00:00,96761.27,96881.18,96688.57,96833.53
1782464400,2026-06-26 09:00:00,96832.45,96838.51,96687.51,96690.66
1782468000,2026-06-26 10:00:00,96690.74,96911.07,96684.49,96854.96
1782471600,2026-06-26 11:00:00,96854.41,96863.12,96746.31,96832.62
1782475200,2026-06-26 12:00:00,96833.64,96936.44,96811.06,96907.21
1782478800,2026-06-26 13:00:00,96906.65,97058.93,96860.56,97014.8
1782482400,2026-06-26 14:00:00,97016.85,97132.35,96931.99,97061.49
1782486000,2026-06-26 15:00:00,97061.02,97331.55,97024.62,97306.15
1782489600,2026-06-26 16:00:00,97306.67,97784.6,97306.61,97752.56
1782493200,2026-06-26 17:00:00,97750.51,97816.1,97560.66,97593.14
1782496800,2026-06-26 18:00:00,97593.47,97883.22,97538.12,97821.12
1782500400,2026-06-26 19:00:00,97822.92,97823.28,97528.71,97566.13
1782504000,2026-06-26 20:00:00,97563.52,97564.87,97405.97,97436.6
1782507600,2026-06-26 21:00:00,97437.26,97451.71,97328.31,97447.64
1782511200,2026-06-26 22:00:00,97446.04,97464.82,97360.46,97386.71
1782514800,2026-06-26 23:00:00,97389.33,97454.4,97238.47,97239.37
1782518400,2026-06-27 00:00:00,97240.51,97281.16,97053.62,97166.27
1782522000,2026-06-27 01:00:00,97166.58,97303.75,97165.21,97202.25
1782525600,2026-06-27 02:00:00,97199.11,97370.54,97199.11,97267.39
1782529200,2026-06-27 03:00:00,97268.93,97309.3,97138.25,97229.17
1782532800,2026-06-27 04:00:00,97229.14,97393.8,97208.89,97363.17
1782536400,2026-06-27 05:00:00,97364.61,97642.29,97289.1,97641.65
1782540000,2026-06-27 06:00:00,97640.84,97699.23,97461.23,97670.09
1782543600,2026-06-27 07:00:00,97669.97,97830.8,97591.94,97598.4
1782547200,2026-06-27 08:00:00,97598.22,97743.58,97496.38,97550.48
1782550800,2026-06-27 09:00:00,97551.61,97582.4,97289.89,97382.1
1782554400,2026-06-27 10:00:00,97380.6,97483.36,97257.09,97257.09
1782558000,2026-06-27 11:00:00,97256.51,97270.57,96856.72,96868.52
1782561600,2026-06-27 12:00:00,96868.37,96905.72,96755.68,96796.85
1782565200,2026-06-27 13:00:00,96798.44,96831.91,96721.1,96823.04
1782568800,2026-06-27 14:00:00,96823.2,96904.77,96799.74,96887.07
1782572400,2026-06-27 15:00:00,96887.68,97095.02,96870.68,97071.37
1782576000,2026-06-27 16:00:00,97073.95,97191.99,96999,97015.35
1782579600,2026-06-27 17:00:00,97014.98,97262.27,97001.22,97249.56
1782583200,2026-06-27 18:00:00,97247.72,97392.19,97181.59,97389.24
1782586800,2026-06-27 19:00:00,97388.79,97445.88,97317.51,97442.87
1782590400,2026-06-27 20:00:00,97440.9,97663.81,97368.51,97551.68
1782594000,2026-06-27 21:00:00,97547.44,97549.42,97246.74,97272.3
1782597600,2026-06-27 22:00:00,97269.98,97632.5,97235.61,97620.85
1782601200,2026-06-27 23:00:00,97619.95,97637.34,97467.22,97508.03
1782604800,2026-06-28 00:00:00,97505.46,97537.51,97331.47,97455.19
1782608400,2026-06-28 01:00:00,97456.97,97500.17,97184.03,97189.57
1782612000,2026-06-28 02:00:00,97189.51,97263.02,97085.59,97230.49
1782615600,2026-06-28 03:00:00,97230.45,97451.6,97217.85,97370.94
1782619200,2026-06-28 04:00:00,97370.81,97419.38,97153.12,97163.45
1782622800,2026-06-28 05:00:00,97163.44,97356.88,97128.98,97326.32
1782626400,2026-06-28 06:00:00,97324.69,97341.05,97135.55,97136.85
1782630000,2026-06-28 07:00:00,97135.21,97135.69,96946.87,96958.51
1782633600,2026-06-28 08:00:00,96958.87,97196.99,96936.24,97187.24
1782637200,2026-06-28 09:00:00,97186.09,97410.89,97180.76,97338.66
1782640800,2026-06-28 10:00:00,97340.51,97465.81,97279.62,97418.45
1782644400,2026-06-28 11:00:00,97420.12,97504.93,97339.89,97411.87
1782648000,2026-06-28 12:00:00,97414.69,97549.04,97405.44,97522.63
1782651600,2026-06-28 13:00:00,97525.69,97533.69,97388.13,97406.87
1782655200,2026-06-28 14:00:00,97407.22,97433.77,97168.12,97262.91
1782658800,2026-06-28 15:00:00,97264.75,97645.01,97260.94,97472.32
1782662400,2026-06-28 16:00:00,97471.22,97511.08,97298.8,97389.22
1782666000,2026-06-28 17:00:00,97390.15,97410.2,97100.33,97102.6
1782669600,2026-06-28 18:00:00,97101.61,97388.43,97091.25,97312.49
1782673200,2026-06-28 19:00:00,97312.77,97413.84,97194.88,97289.59
1782676800,2026-06-28 20:00:00,97289.73,97462.84,97213.91,97334.63
1782680400,2026-06-28 21:00:00,97331.18,97452.24,97259.3,97447.3
1782684000,2026-06-28 22:00:00,97445.84,97510.31,97329.59,97463.98
1782687600,2026-06-28 23:00:00,97461.76,97518.4,97353.5,97365.86
1782691200,2026-06-29 00:00:00,97362.13,97434.82,97322.38,97421.04
1782694800,2026-06-29 01:00:00,97421.31,97514.12,97302.44,97345.71
1782698400,2026-06-29 02:00:00,97343.76,97388.27,97094.22,97109.71
1782702000,2026-06-29 03:00:00,97112.29,97166.25,96999.17,97159.78
1782705600,2026-06-29 04:00:00,97161,97225.68,97087.89,97108.64
1782709200,2026-06-29 05:00:00,97110.72,97161.56,96770.92,96812.65
1782712800,2026-06-29 06:00:00,96812.33,97040.74,96788.1,97028.4
1782716400,2026-06-29 07:00:00,97028.63,97230.6,96995.79,97192.98
1782720000,2026-06-29 08:00:00,97196.2,97333.32,97189.3,97296.73
1782723600,2026-06-29 09:00:00,97296.32,97410.33,97289.32,97343.68
1782727200,2026-06-29 10:00:00,97341.99,97485.07,97313.22,97446.94
1782730800,2026-06-29 11:00:00,97448.34,97581.94,97411.9,97576.97
1782734400,2026-06-29 12:00:00,97576.81,97772.33,97565.44,97762.32
1782738000,2026-06-29 13:00:00,97761.04,97826.36,97700.44,97787.29
1782741600,2026-06-29 14:00:00,97789.67,97948.18,97728.45,97924.47
1782745200,2026-06-29 15:00:00,97923.02,98044.2,97819.51,97888.92
1782748800,2026-06-29 16:00:00,97885.52,98105.95,97856.82,97995.96
1782752400,2026-06-29 17:00:00,97999.6,98004.79,97763.51,97815.22
1782756000,2026-06-29 18:00:00,97814.76,97849.8,97728.79,97797.22
1782759600,2026-06-29 19:00:00,97799.43,97881.82,97753.99,97804.08
1782763200,2026-06-29 20:00:00,97803.51,97980.57,97749.35,97923.72
1782766800,2026-06-29 21:00:00,97922.9,98159.7,97898.31,98130.1
1782770400,2026-06-29 22:00:00,98128.39,98190.43,97955,98115.41
1782774000,2026-06-29 23:00:00,98116.86,98283.42,98105.6,98207.4
1782777600,2026-06-30 00:00:00,98209.36,98264.8,97967.71,97970.23
1782781200,2026-06-30 01:00:00,97970.5,98040.01,97782.41,97784.45
1782784800,2026-06-30 02:00:00,97783.09,98013.07,97775.2,98011.05
1782788400,2026-06-30 03:00:00,98012.52,98114.18,97896.63,97983.94
1782792000,2026-06-30 04:00:00,97984.74,98060.52,97912.38,98025.89
1782795600,2026-06-30 05:00:00,98027.66,98169.09,98026.09,98079.02
1782799200,2026-06-30 06:00:00,98078.24,98140.86,98015.14,98070.33
1782802800,2026-06-30 07:00:00,98071.56,98082.08,97776.44,97779.41
1782806400,2026-06-30 08:00:00,97782.7,97933.91,97758.7,97889.79
1782810000,2026-06-30 09:00:00,97891.52,97927.28,97712.46,97766.5
1782813600,2026-06-30 10:00:00,97765.02,97780.82,97645.94,97646.04
1782817200,2026-06-30 11:00:00,97646.6,97665.73,97440.38,97450.37
1782820800,2026-06-30 12:00:00,97450.26,97516.7,97197.04,97202.37
1782824400,2026-06-30 13:00:00,97202.2,97258.88,97043.65,97235.93
1782828000,2026-06-30 14:00:00,97230.7,97385.26,97137.09,97326.18
1782831600,2026-06-30 15:00:00,97323.8,97401.47,97274.91,97347.7
1782835200,2026-06-30 16:00:00,97347.14,97489.85,97218.98,97489.85
1782838800,2026-06-30 17:00:00,97492.49,97644.72,97445.69,97630.26
1782842400,2026-06-30 18:00:00,97629.28,97641.33,97383.54,97451.27
1782846000,2026-06-30 19:00:00,97456.47,97469.24,97151.79,97284.52
1782849600,2026-06-30 20:00:00,97285.36,97424.59,97196.34,97321.15
1782853200,2026-06-30 21:00:00,97321.24,97530.77,97300.61,97455.06
1782856800,2026-06-30 22:00:00,97456.46,97689.7,97394.13,97662.18
1782860400,2026-06-30 23:00:00,97661.48,97747.77,97580.38,97719.96
1782864000,2026-07-01 00:00:00,97719.77,97842.42,97703.15,97733.22
1782867600,2026-07-01 01:00:00,97734.75,97769.79,97603.23,97604.61
1782871200,2026-07-01 02:00:00,97601.54,97627.18,97298.81,97298.81
1782874800,2026-07-01 03:00:00,97296.61,97443.05,97203.95,97317.73
1782878400,2026-07-01 04:00:00,97315.79,97396.84,97290.84,97329.79
1782882000,2026-07-01 05:00:00,97328.91,97330.97,97170.85,97233.13
1782885600,2026-07-01 06:00:00,97233.33,97335.23,97204.39,97320.75
1782889200,2026-07-01 07:00:00,97322.17,97433.35,97218.94,97271.3
1782892800,2026-07-01 08:00:00,97270.4,97399.7,97225.06,97350.71
1782896400,2026-07-01 09:00:00,97349.7,97505.43,97293.74,97404.88
1782900000,2026-07-01 10:00:00,97406.88,97460.84,97373.05,97423.38
1782903600,2026-07-01 11:00:00,97424.58,97550.15,97307.09,97491.18
1782907200,2026-07-01 12:00:00,97491.1,97547.06,97435.65,97466.7
1782910800,2026-07-01 13:00:00,97463.62,97479.54,97297.98,97348.6
1782914400,2026-07-01 14:00:00,97352.57,97487.23,97332.63,97363.05
1782918000,2026-07-01 15:00:00,97360.8,97586.68,97316.87,97525.02
1782921600,2026-07-01 16:00:00,97523.57,97564.57,97458.06,97507.34
1782925200,2026-07-01 17:00:00,97506.03,97522.39,97270.98,97341.25
1782928800,2026-07-01 18:00:00,97337.24,97506.23,97307.28,97452.23
1782932400,2026-07-01 19:00:00,97453.53,97545.57,97296.75,97296.75
1782936000,2026-07-01 20:00:00,97295.97,97396.46,97274.25,97318.96
1782939600,2026-07-01 21:00:00,97320.32,97385.27,97222.38,97244.68
1782943200,2026-07-01 22:00:00,97243.17,97475.61,97223.59,97439.86
1782946800,2026-07-01 23:00:00,97440.48,97493.27,97379.27,97493.27
1782950400,2026-07-02 00:00:00,97493.16,97546.13,97309.27,97359.63
1782954000,2026-07-02 01:00:00,97363.44,97494.44,97336.42,97370.09
1782957600,2026-07-02 02:00:00,97370.33,97394.53,97215.94,97277.15
1782961200,2026-07-02 03:00:00,97278.19,97532.82,97265.75,97502.71
1782964800,2026-07-02 04:00:00,97499.88,97649.74,97462.31,97612.02
1782968400,2026-07-02 05:00:00,97610.77,97655.04,97457,97601.19
1782972000,2026-07-02 06:00:00,97600.21,97897.39,97591.9,97805.12
1782975600,2026-07-02 07:00:00,97805.37,98059.89,97792.25,98029.89
1782979200,2026-07-02 08:00:00,98028.79,98094.18,97949.1,97953.14
1782982800,2026-07-02 09:00:00,97954.34,97960.13,97575.11,97585.5
1782986400,2026-07-02 10:00:00,97589.63,97766.71,97586.51,97685.22
1782990000,2026-07-02 11:00:00,97687.95,97712.33,97568.96,97688.87
1782993600,2026-07-02 12:00:00,97689.28,97709.69,97480.49,97596.9
1782997200,2026-07-02 13:00:00,97595.15,97595.15,97322.82,97363.95
1783000800,2026-07-02 14:00:00,97365.12,97418.45,97238.49,97273.84
1783004400,2026-07-02 15:00:00,97272.37,97382.39,97083.8,97098.48
1783008000,2026-07-02 16:00:00,97097.9,97200.5,97046.61,97082.59
1783011600,2026-07-02 17:00:00,97084.32,97326.98,97025.57,97292.53
1783015200,2026-07-02 18:00:00,97293.2,97308.28,96887.1,96906.22
1783018800,2026-07-02 19:00:00,96904.92,97114.44,96780.32,97103.68
1783022400,2026-07-02 20:00:00,97103.14,97237.8,97051.29,97160.41
1783026000,2026-07-02 21:00:00,97158.64,97160.65,96965.05,96971.44
1783029600,2026-07-02 22:00:00,96970.65,97219.14,96961.67,97162.06
1783033200,2026-07-02 23:00:00,97160.52,97315.37,97149.17,97237.32
1783036800,2026-07-03 00:00:00,97239.3,97259.4,97100.38,97145.5
1783040400,2026-07-03 01:00:00,97145.03,97162.23,96984.65,96993.04
1783044000,2026-07-03 02:00:00,96993.39,96998.4,96807.36,96909.88
1783047600,2026-07-03 03:00:00,96909.52,97055.2,96902.15,97035.05
1783051200,2026-07-03 04:00:00,97034.04,97043.52,96860.13,96862.76
1783054800,2026-07-03 05:00:00,96862.92,96872.89,96719.68,96853.15
1783058400,2026-07-03 06:00:00,96852.69,96935.12,96798.4,96802.43
1783062000,2026-07-03 07:00:00,96804.13,96826.56,96661.61,96763.19
1783065600,2026-07-03 08:00:00,96762.37,96831.55,96698.4,96818.31
1783069200,2026-07-03 09:00:00,96818.86,96861.12,96748.35,96784.63
1783072800,2026-07-03 10:00:00,96784.32,96995.49,96768.91,96946.03
1783076400,2026-07-03 11:00:00,96945.25,97089.41,96909.83,97021.36
1783080000,2026-07-03 12:00:00,97022.47,97124.8,97015.92,97055.15
1783083600,2026-07-03 13:00:00,97054.41,97124.83,96984.74,96994.05
1783087200,2026-07-03 14:00:00,96993.02,97254.77,96987.59,97120.1
1783090800,2026-07-03 15:00:00,97122.33,97122.7,96894.54,96916.43
1783094400,2026-07-03 16:00:00,96915.39,96918.05,96772.99,96826.13
1783098000,2026-07-03 17:00:00,96827.08,96970.26,96741.09,96963.31
1783101600,2026-07-03 18:00:00,96965.17,97025.37,96879.65,96900.95
1783105200,2026-07-03 19:00:00,96904.54,96916.91,96534.73,96555.85
1783108800,2026-07-03 20:00:00,96553.41,96697.54,96474.14,96512.2
1783112400,2026-07-03 21:00:00,96513.04,96668.98,96510.16,96651.04
1783116000,2026-07-03 22:00:00,96651.67,96804.61,96627.14,96630.75
1783119600,2026-07-03 23:00:00,96632.91,96846.45,96612.39,96790.93
1783123200,2026-07-04 00:00:00,96789.48,96901.55,96779.82,96840.17
1783126800,2026-07-04 01:00:00,96839.67,96845.24,96665.43,96724.89
1783130400,2026-07-04 02:00:00,96723.2,96787.62,96641.19,96676.01
1783134000,2026-07-04 03:00:00,96675.92,96695.84,96424.67,96499.97
1783137600,2026-07-04 04:00:00,96500.25,96608.23,96432.69,96564.86
1783141200,2026-07-04 05:00:00,96566.02,96625.36,96530.19,96539.78
1783144800,2026-07-04 06:00:00,96539.91,96554.21,96356.75,96388.67
1783148400,2026-07-04 07:00:00,96388.95,96408.87,96216.58,96240.79
1783152000,2026-07-04 08:00:00,96240.86,96289.26,96156.7,96182.38
1783155600,2026-07-04 09:00:00,96178.99,96314.91,96178.19,96239.64
1783159200,2026-07-04 10:00:00,96240.41,96344.39,96159.91,96163.37
1783162800,2026-07-04 11:00:00,96162.43,96288.78,96105.5,96205.66
1783166400,2026-07-04 12:00:00,96206.58,96258.78,95970.65,96036.89
1783170000,2026-07-04 13:00:00,96034.26,96050.96,95926.12,95978.95
1783173600,2026-07-04 14:00:00,95979.55,96078.49,95913.99,96021.99
1783177200,2026-07-04 15:00:00,96021.99,96143.09,96019.18,96114.28
1783180800,2026-07-04 16:00:00,96111.55,96320.83,96100.64,96244.02
1783184400,2026-07-04 17:00:00,96243.33,96248.75,96037.63,96131.93
1783188000,2026-07-04 18:00:00,96132.89,96200.99,96075.84,96083.73
1783191600,2026-07-04 19:00:00,96085.66,96234.85,96057.02,96166.07
1783195200,2026-07-04 20:00:00,96167,96193.79,96023.25,96056.23
1783198800,2026-07-04 21:00:00,96050.71,96091.13,95809.16,95893.31
1783202400,2026-07-04 22:00:00,95892.49,95947.04,95815.63,95910.58
1783206000,2026-07-04 23:00:00,95911.91,96083.44,95878.31,96037.76
1783209600,2026-07-05 00:00:00,96037.19,96069.03,95846.35,95860.04
1783213200,2026-07-05 01:00:00,95859.87,95859.87,95693.1,95747.76
1783216800,2026-07-05 02:00:00,95747.57,95764.81,95665.1,95704.29
1783220400,2026-07-05 03:00:00,95705.33,95716.12,95591.24,95631.1
1783224000,2026-07-05 04:00:00,95631.82,95812.04,95614.84,95707.53
1783227600,2026-07-05 05:00:00,95710.81,95823.85,95602.52,95702.55
1783231200,2026-07-05 06:00:00,95701.39,95883.91,95691.61,95795.21
1783234800,2026-07-05 07:00:00,95795.29,96014.16,95770.11,95941.4
1783238400,2026-07-05 08:00:00,95942.06,95945.65,95721.75,95749.51
1783242000,2026-07-05 09:00:00,95747.84,95870.75,95742.13,95801.83
1783245600,2026-07-05 10:00:00,95799.78,95802.31,95611.16,95717.98
1783249200,2026-07-05 11:00:00,95719.7,95926.06,95689.85,95855.58
1783252800,2026-07-05 12:00:00,95857.2,96002.12,95848.07,95995.22
1783256400,2026-07-05 13:00:00,95996.54,96084.65,95965.88,96073.28
1783260000,2026-07-05 14:00:00,96072.7,96299.92,96031.54,96272.94
1783263600,2026-07-05 15:00:00,96278.75,96340.15,96163.81,96207.42
1783267200,2026-07-05 16:00:00,96207.38,96323.91,96135.72,96261.6
1783270800,2026-07-05 17:00:00,96258.14,96372.74,96225.43,96351.53
1783274400,2026-07-05 18:00:00,96352.91,96461.44,96322.18,96430.23
1783278000,2026-07-05 19:00:00,96430.51,96557.77,96250.03,96274.58
1783281600,2026-07-05 20:00:00,96273.53,96314.85,96197.61,96220.49
1783285200,2026-07-05 21:00:00,96219.23,96226.36,96063.69,96144.65
1783288800,2026-07-05 22:00:00,96143.49,96278.01,96141.12,96205.66
1783292400,2026-07-05 23:00:00,96204.76,96405.75,96198.29,96402.58
1783296000,2026-07-06 00:00:00,96400.44,96505.84,96355.5,96437.59
1783299600,2026-07-06 01:00:00,96439.18,96505.25,96344.78,96463.83
1783303200,2026-07-06 02:00:00,96463.7,96620.95,96392.08,96475.12
1783306800,2026-07-06 03:00:00,96474.89,96476.89,96358.91,96380.81
1783310400,2026-07-06 04:00:00,96380.34,96430.93,96254.47,96318.29
1783314000,2026-07-06 05:00:00,96317.96,96398.06,96183.33,96325.07
1783317600,2026-07-06 06:00:00,96327.21,96370.41,96262.7,96343.82
1783321200,2026-07-06 07:00:00,96344.48,96353.61,96155.84,96231.5
1783324800,2026-07-06 08:00:00,96232.45,96301.6,96140.59,96194.44
1783328400,2026-07-06 09:00:00,96193.34,96235.32,96082.85,96130.26
1783332000,2026-07-06 10:00:00,96130.15,96171.67,96057.66,96140.66
1783335600,2026-07-06 11:00:00,96140.63,96149.87,95952.76,96032.79
1783339200,2026-07-06 12:00:00,96030.93,96031.24,95685.91,95841.77
1783342800,2026-07-06 13:00:00,95840.61,95857.38,95658.78,95701.71
1783346400,2026-07-06 14:00:00,95701.69,95807.17,95509.47,95513.17
1783350000,2026-07-06 15:00:00,95514.61,95709.49,95491.13,95700.57
1783353600,2026-07-06 16:00:00,95698.04,95837.32,95618.3,95776.14
1783357200,2026-07-06 17:00:00,95780.27,95785.47,95526.47,95576.41
1783360800,2026-07-06 18:00:00,95573.31,95644.22,95517.23,95632.21
1783364400,2026-07-06 19:00:00,95628.92,95652.59,95390.36,95599.78
1783368000,2026-07-06 20:00:00,95598.48,95678.05,95443.6,95479.88
1783371600,2026-07-06 21:00:00,95478.74,95497.26,95311.2,95433.38
1783375200,2026-07-06 22:00:00,95430.59,95585.13,95403.54,95581.63
1783378800,2026-07-06 23:00:00,95580.05,95684.95,95512.89,95562.01
1783382400,2026-07-07 00:00:00,95564.1,95580.68,95385.26,95459.54
1783386000,2026-07-07 01:00:00,95457.22,95516.69,95356.88,95492.64
1783389600,2026-07-07 02:00:00,95490.47,95737.76,95488.42,95730.33
1783393200,2026-07-07 03:00:00,95730.88,95935.16,95713.23,95867.26
1783396800,2026-07-07 04:00:00,95864.66,95948.79,95757.13,95817.96
1783400400,2026-07-07 05:00:00,95815.97,95864.69,95604.38,95725.14
1783404000,2026-07-07 06:00:00,95723.19,95780.23,95658.24,95741.82
1783407600,2026-07-07 07:00:00,95742.56,95867.33,95666.16,95751.78
1783411200,2026-07-07 08:00:00,95749.82,96130.09,95749.01,95974.68
1783414800,2026-07-07 09:00:00,95976.92,96102.98,95889.94,96101.3
1783418400,2026-07-07 10:00:00,96102.97,96267.58,96058.64,96101.46
1783422000,2026-07-07 11:00:00,96100.65,96229.22,96012.99,96142.76
1783425600,2026-07-07 12:00:00,96143.86,96222.76,96042.92,96049.05
1783429200,2026-07-07 13:00:00,96049.5,96106.94,95833.6,95856
1783432800,2026-07-07 14:00:00,95857.11,96025.98,95808.92,95925.09
1783436400,2026-07-07 15:00:00,95923.21,96039.57,95868.45,96018.84
1783440000,2026-07-07 16:00:00,96016.46,96053.55,95887.38,95994.45
1783443600,2026-07-07 17:00:00,95996.64,96030.21,95743.08,95775.71
1783447200,2026-07-07 18:00:00,95776.65,95882.34,95727.51,95788.1
1783450800,2026-07-07 19:00:00,95785.71,95955.96,95755.92,95764.62
1783454400,2026-07-07 20:00:00,95761.63,95896.24,95714.97,95844.03
1783458000,2026-07-07 21:00:00,95842.39,95845.05,95693.16,95746.11
1783461600,2026-07-07 22:00:00,95745.5,95818.3,95694.23,95759.71
1783465200,2026-07-07 23:00:00,95789.85,95795.1,95691.52,95718.76
1783468800,2026-07-08 00:00:00,95719.58,95806.99,95643.94,95696.97
1783472400,2026-07-08 01:00:00,95694.91,95840.69,95637.3,95724.45
1783476000,2026-07-08 02:00:00,95724.75,95923.59,95675.2,95896.06
1783479600,2026-07-08 03:00:00,95896.13,96166.49,95867.54,96138.04
1783483200,2026-07-08 04:00:00,96141.22,96323.29,96126.69,96281.01
1783486800,2026-07-08 05:00:00,96282.34,96534.67,96268.37,96388.29
1783490400,2026-07-08 06:00:00,96388.16,96683.06,96371.9,96672.42
1783494000,2026-07-08 07:00:00,96672.79,96695.25,96564.19,96601.83
1783497600,2026-07-08 08:00:00,96601.12,96702.23,96585.32,96678.09
1783501200,2026-07-08 09:00:00,96677.51,96699.48,96529.22,96578.54
1783504800,2026-07-08 10:00:00,96580.3,96649.22,96523.09,96567.43
1783508400,2026-07-08 11:00:00,96567.84,96913.5,96565.05,96885.31
1783512000,2026-07-08 12:00:00,96886.44,97024.63,96857.32,96991.98
1783515600,2026-07-08 13:00:00,96995.04,97175.19,96946.03,97125.65
1783519200,2026-07-08 14:00:00,97127.06,97333.66,97111.37,97287.88
1783522800,2026-07-08 15:00:00,97288.74,97321.2,96956.26,97067
1783526400,2026-07-08 16:00:00,97064.56,97318.4,96989.61,97231.34
1783530000,2026-07-08 17:00:00,97229.34,97348.4,97204.03,97245.08
1783533600,2026-07-08 18:00:00,97245.28,97402.23,97224.83,97350.33
1783537200,2026-07-08 19:00:00,97352.71,97532.03,97341.6,97496.08
1783540800,2026-07-08 20:00:00,97499.68,97640.56,97388.69,97638.95
1783544400,2026-07-08 21:00:00,97640.05,97773.74,97628.77,97773.74
1783548000,2026-07-08 22:00:00,97773.23,97858.2,97711.66,97806.02
1783551600,2026-07-08 23:00:00,97808.94,97833.15,97684.32,97684.63
1783555200,2026-07-09 00:00:00,97682.09,97688.01,97550.76,97573.93
1783558800,2026-07-09 01:00:00,97572.57,97812.19,97540.41,97542.39
1783562400,2026-07-09 02:00:00,97539.25,97594.79,97427.37,97463.5
1783566000,2026-07-09 03:00:00,97461.69,97510.27,97346.63,97444.84
1783569600,2026-07-09 04:00:00,97443.84,97492.28,97359.51,97447.77
1783573200,2026-07-09 05:00:00,97450,97512.47,97356.41,97437.18
1783576800,2026-07-09 06:00:00,97439.79,97515.1,97412.01,97496.3
1783580400,2026-07-09 07:00:00,97494.71,97503.54,97208.93,97244.83
1783584000,2026-07-09 08:00:00,97240.52,97286.3,97047.14,97067.18
1783587600,2026-07-09 09:00:00,97068.22,97260.45,97051.91,97216.24
1783591200,2026-07-09 10:00:00,97219.13,97297.23,97076.19,97258.31
1783594800,2026-07-09 11:00:00,97259.29,97306.79,97181.02,97292.43
1783598400,2026-07-09 12:00:00,97291.43,97457.74,97261.68,97449.34
1783602000,2026-07-09 13:00:00,97449.29,97497.46,97260.17,97400.22
1783605600,2026-07-09 14:00:00,97401.68,97476.47,97324.62,97347.55
1783609200,2026-07-09 15:00:00,97346.07,97577.76,97306.36,97574.72
1783612800,2026-07-09 16:00:00,97575.51,97742.39,97538.14,97663.66
1783616400,2026-07-09 17:00:00,97664.82,97810.83,97640.16,97757.38
1783620000,2026-07-09 18:00:00,97757.04,97782.28,97577.59,97723.03
1783623600,2026-07-09 19:00:00,97721.71,97731.75,97559.79,97663.48
1783627200,2026-07-09 20:00:00,97664.25,97719.58,97539.38,97710.08
1783630800,2026-07-09 21:00:00,97712.41,97740.39,97605.02,97656.17
1783634400,2026-07-09 22:00:00,97656.95,97700.4,97467.54,97516.44
1783638000,2026-07-09 23:00:00,97514.76,97618.39,97454.67,97618.39
1783641600,2026-07-10 00:00:00,97616.62,97616.62,97410.38,97541.48
1783645200,2026-07-10 01:00:00,97541.39,97788.02,97470.95,97475.85
1783648800,2026-07-10 02:00:00,97475.62,97696.58,97475.06,97604.05
1783652400,2026-07-10 03:00:00,97601.31,97606.56,97131.69,97157.49
1783656000,2026-07-10 04:00:00,97159.33,97202.84,96888.56,96942.44
1783659600,2026-07-10 05:00:00,96944.59,97081.81,96755.55,96921.97
1783663200,2026-07-10 06:00:00,96922.33,97044.94,96880.54,96996.58
1783666800,2026-07-10 07:00:00,96994.9,97007.79,96887.68,96888.13
1783670400,2026-07-10 08:00:00,96887.93,96909.51,96737.45,96782.82
1783674000,2026-07-10 09:00:00,96781.38,96791.66,96556.18,96629.56
1783677600,2026-07-10 10:00:00,96629.02,96636.83,96519.48,96575.88
1783681200,2026-07-10 11:00:00,96577.04,96657.59,96494.69,96494.69
1783684800,2026-07-10 12:00:00,96493.79,96507.05,96159.75,96162.76
1783688400,2026-07-10 13:00:00,96163.35,96205.95,96083.09,96189.17
1783692000,2026-07-10 14:00:00,96192.3,96195.66,95911,95922.54
1783695600,2026-07-10 15:00:00,95921.2,95984.06,95753.18,95768.72
1783699200,2026-07-10 16:00:00,95770.35,95818.22,95692.82,95747.48
1783702800,2026-07-10 17:00:00,95747.08,95754.71,95599.67,95601.54
1783706400,2026-07-10 18:00:00,95603.96,95622.46,95482.82,95552.66
1783710000,2026-07-10 19:00:00,95549.82,95624.47,95462.48,95571.37
1783713600,2026-07-10 20:00:00,95570.56,95633.19,95383.94,95517.5
1783717200,2026-07-10 21:00:00,95518.69,95636.85,95394.41,95400.14
1783720800,2026-07-10 22:00:00,95399,95609.55,95390.63,95609.55
1783724400,2026-07-10 23:00:00,95609.27,95645.47,95405.21,95428.43
1783728000,2026-07-11 00:00:00,95429.05,95615.33,95332.77,95612.01
1783731600,2026-07-11 01:00:00,95615.25,95740.26,95614.99,95651.44
1783735200,2026-07-11 02:00:00,95650.3,95732.58,95593.09,95691.35
1783738800,2026-07-11 03:00:00,95690.61,95826.18,95599.81,95757.3
1783742400,2026-07-11 04:00:00,95757.84,95852.97,95710.33,95729.67
1783746000,2026-07-11 05:00:00,95729.82,95909.87,95725.58,95863.58
1783749600,2026-07-11 06:00:00,95862.76,96001.24,95855.37,95990.81
1783753200,2026-07-11 07:00:00,95992.05,96035.42,95953.61,95999.28
1783756800,2026-07-11 08:00:00,95998.42,96387.71,95989.99,96355.23
1783760400,2026-07-11 09:00:00,96353.93,96392.16,96101.62,96108.38
1783764000,2026-07-11 10:00:00,96108.09,96273.12,96012.35,96271.95
1783767600,2026-07-11 11:00:00,96272.36,96644.92,96250.92,96624.57
1783771200,2026-07-11 12:00:00,96622.79,96640.12,96328.75,96369.44
1783774800,2026-07-11 13:00:00,96369.12,96387.09,96163.45,96329.76
1783778400,2026-07-11 14:00:00,96326.46,96343.96,96039.22,96085.57
1783782000,2026-07-11 15:00:00,96082.95,96368.53,96068.06,96361.91
1783785600,2026-07-11 16:00:00,96364.6,96398.11,96223.3,96231.21
1783789200,2026-07-11 17:00:00,96231.34,96325.69,96147.79,96170.19
1783792800,2026-07-11 18:00:00,96169.47,96258.34,96164.2,96203.42
1783796400,2026-07-11 19:00:00,96201.76,96514.8,96200.08,96391.48
1783800000,2026-07-11 20:00:00,96389.42,96535.61,96378.94,96499.26
1783803600,2026-07-11 21:00:00,96498.45,96578.51,96445.22,96553.78
1783807200,2026-07-11 22:00:00,96552.45,96583.57,96391,96409.25
1783810800,2026-07-11 23:00:00,96407.59,96569.66,96181.61,96213.78
1783814400,2026-07-12 00:00:00,96214.72,96295.96,96036.03,96069.98
1783818000,2026-07-12 01:00:00,96070.59,96262.38,96060.82,96144.38
1783821600,2026-07-12 02:00:00,96145.65,96181.97,95932.22,95945.99
1783825200,2026-07-12 03:00:00,95945.68,96191.87,95918.2,96158.96
1783828800,2026-07-12 04:00:00,96160.62,96162.72,95817.2,95826.37
1783832400,2026-07-12 05:00:00,95827.72,95952.91,95807.78,95901.3
1783836000,2026-07-12 06:00:00,95900.65,95962.6,95787.98,95811.68
1783839600,2026-07-12 07:00:00,95811.62,95948.23,95731.86,95842.66
1783843200,2026-07-12 08:00:00,95845.14,95970.57,95817.52,95959.67
1783846800,2026-07-12 09:00:00,95959.4,96069.42,95920.61,96055.23
1783850400,2026-07-12 10:00:00,96053.73,96053.73,95663.92,95807.13
1783854000,2026-07-12 11:00:00,95807.7,95846.66,95675.73,95763.44
1783857600,2026-07-12 12:00:00,95763.28,95797,95627.18,95639.3
1783861200,2026-07-12 13:00:00,95641.35,95791.18,95614.88,95718.71
1783864800,2026-07-12 14:00:00,95720.81,95928.98,95694.88,95851.39
1783868400,2026-07-12 15:00:00,95852.13,95852.13,95659.35,95662.12
1783872000,2026-07-12 16:00:00,95660.17,95697.53,95498.31,95585.88
1783875600,2026-07-12 17:00:00,95584.2,95684.8,95573.44,95653.59
1783879200,2026-07-12 18:00:00,95655.02,95867.77,95649.84,95818.53
1783882800,2026-07-12 19:00:00,95820.38,95864.4,95689.52,95761.99
1783886400,2026-07-12 20:00:00,95762.04,95845.05,95691.61,95745.27
1783890000,2026-07-12 21:00:00,95745.32,95930.77,95728.46,95884.72
1783893600,2026-07-12 22:00:00,95887.54,96046.73,95826.16,95998.18
1783897200,2026-07-12 23:00:00,96000.58,96107.58,95827.29,95899.24
1783900800,2026-07-13 00:00:00,95902.27,95936.17,95609.16,95641.34
1783904400,2026-07-13 01:00:00,95640.69,95684.94,95377.61,95384.12
1783908000,2026-07-13 02:00:00,95383.78,95412.73,95140.69,95350.62
1783911600,2026-07-13 03:00:00,95347.81,95416.33,95118.28,95161.59
1783915200,2026-07-13 04:00:00,95162.24,95276.62,95020.68,95089.17
1783918800,2026-07-13 05:00:00,95087.11,95144.63,94990.99,95043.58
1783922400,2026-07-13 06:00:00,95042.75,95073.26,94974.92,95042.59
1783926000,2026-07-13 07:00:00,95046.21,95161.5,94922.2,95134.43
1783929600,2026-07-13 08:00:00,95135.47,95194.22,94890.24,94946.27
1783933200,2026-07-13 09:00:00,94946.21,95028.92,94880.79,95003.89
1783936800,2026-07-13 10:00:00,95003.77,95035,94923.09,95034.22
1783940400,2026-07-13 11:00:00,95033.37,95053.76,94797.47,94837.85
1783944000,2026-07-13 12:00:00,94837.03,95013.02,94832.83,94885.32
1783947600,2026-07-13 13:00:00,94885.52,94985.36,94786.52,94966.82
1783951200,2026-07-13 14:00:00,94967.55,95004.53,94704.83,94704.96
1783954800,2026-07-13 15:00:00,94704.73,94824.5,94648.62,94724.14
1783958400,2026-07-13 16:00:00,94723.84,94727.34,94419.53,94474.93
1783962000,2026-07-13 17:00:00,94476.02,94668.67,94450.27,94623.72
1783965600,2026-07-13 18:00:00,94619.77,94787.07,94589.49,94780.43
1783969200,2026-07-13 19:00:00,94779.62,94918.32,94696.14,94707.53
1783972800,2026-07-13 20:00:00,94706.59,94713.98,94587.02,94593.67
1783976400,2026-07-13 21:00:00,94591.66,94671.42,94497.86,94516.36
1783980000,2026-07-13 22:00:00,94516.87,94560.14,94440.29,94508.99
1783983600,2026-07-13 23:00:00,94507.58,94543.83,94234.92,94237.44
1783987200,2026-07-14 00:00:00,94239.55,94253.37,93882.23,93898.36
1783990800,2026-07-14 01:00:00,93901.94,93994.73,93729.56,93794.19
1783994400,2026-07-14 02:00:00,93795.77,93903.41,93655.74,93684.39
1783998000,2026-07-14 03:00:00,93684.97,93711.26,93588.77,93656.66
1784001600,2026-07-14 04:00:00,93653.58,93755.96,93582.54,93699.75
1784005200,2026-07-14 05:00:00,93700.04,93730.27,93610.4,93650.48
1784008800,2026-07-14 06:00:00,93650.41,93713.11,93591.97,93638.79
1784012400,2026-07-14 07:00:00,93637.41,93720.96,93618.89,93672.81
1784016000,2026-07-14 08:00:00,93673.03,93858.09,93673.03,93842.79
1784019600,2026-07-14 09:00:00,93840.7,93936.95,93778.46,93812.56
1784023200,2026-07-14 10:00:00,93813.74,94012.83,93804.7,93967.41
1784026800,2026-07-14 11:00:00,93966.85,93999.98,93849.11,93872.26
1784030400,2026-07-14 12:00:00,93873.95,93878.02,93710.2,93740.31
1784034000,2026-07-14 13:00:00,93742.39,93842.33,93628.4,93657.33
1784037600,2026-07-14 14:00:00,93654.68,93708.74,93437.81,93537.14
1784041200,2026-07-14 15:00:00,93534.02,93569.39,93382.31,93426.46
1784044800,2026-07-14 16:00:00,93422.98,93482.79,93397.53,93466.48
1784048400,2026-07-14 17:00:00,93465.79,93600.66,93290.1,93297.9
1784052000,2026-07-14 18:00:00,93297.95,93358.91,93215.1,93310.23
1784055600,2026-07-14 19:00:00,93311.08,93465.86,93064.05,93072.61
1784059200,2026-07-14 20:00:00,93073.75,93128.45,92888.66,93084.31
1784062800,2026-07-14 21:00:00,93079.94,93185.03,93020.87,93170.96
1784066400,2026-07-14 22:00:00,93170.54,93396.31,93154.88,93380.2
1784070000,2026-07-14 23:00:00,93377.71,93432.8,93213.94,93430.04
1784073600,2026-07-15 00:00:00,93428.78,93493.45,93301.98,93320.52
1784077200,2026-07-15 01:00:00,93321.47,93487.7,93261.54,93460.17
1784080800,2026-07-15 02:00:00,93460.97,93465.11,93312.05,93355.99
1784084400,2026-07-15 03:00:00,93353.62,93479.25,93281.74,93378.86
1784088000,2026-07-15 04:00:00,93379.77,93458.99,93288.41,93332.82
1784091600,2026-07-15 05:00:00,93332.55,93596.42,93312.67,93580.68
1784095200,2026-07-15 06:00:00,93582.37,93882.98,93569.17,93856.74
1784098800,2026-07-15 07:00:00,93855.28,94242.89,93812.56,94238.69
1784102400,2026-07-15 08:00:00,94240.69,94341.07,94224.22,94256.71
1784106000,2026-07-15 09:00:00,94260.08,94378.35,94155.56,94348.03
1784109600,2026-07-15 10:00:00,94345,94414.95,94295.71,94353.74
1784113200,2026-07-15 11:00:00,94355.39,94424.83,94253.03,94408.43
1784116800,2026-07-15 12:00:00,94407.88,94494.35,94381.12,94428.53
1784120400,2026-07-15 13:00:00,94428.61,94464.19,94308.59,94312.36
1784124000,2026-07-15 14:00:00,94313.07,94411.16,94269.62,94345.3
1784127600,2026-07-15 15:00:00,94344.64,94412.49,94313.3,94343.35
1784131200,2026-07-15 16:00:00,94339.4,94356.88,94225.07,94254.45
1784134800,2026-07-15 17:00:00,94253.1,94412.81,94235.52,94323.74
1784138400,2026-07-15 18:00:00,94324.97,94459.64,94237.35,94439.82
1784142000,2026-07-15 19:00:00,94439.17,94552.11,94370.85,94387.16
1784145600,2026-07-15 20:00:00,94389.02,94484.24,94263.68,94266.98
1784149200,2026-07-15 21:00:00,94263.5,94301.9,94215.06,94297.79
1784152800,2026-07-15 22:00:00,94300.72,94366.76,94021.33,94080.62
1784156400,2026-07-15 23:00:00,94078.43,94216.25,94057.06,94176.35
1784160000,2026-07-16 00:00:00,94177.69,94205,93949.05,93990.18
1784163600,2026-07-16 01:00:00,93988.88,94064.23,93943.02,94048.64
1784167200,2026-07-16 02:00:00,94048.69,94109.95,93945.6,94041.9
1784170800,2026-07-16 03:00:00,94041.91,94070.72,93825.33,93854.3
1784174400,2026-07-16 04:00:00,93856.02,93866.99,93631.37,93649.14
1784178000,2026-07-16 05:00:00,93652.31,93654.85,93402.41,93449.41
1784181600,2026-07-16 06:00:00,93448.47,93453.84,93143.26,93212.22
1784185200,2026-07-16 07:00:00,93212.72,93262.62,93166.99,93206.01
1784188800,2026-07-16 08:00:00,93204.23,93245.89,92920.93,92939
1784192400,2026-07-16 09:00:00,92941.24,92957.86,92838.59,92861
1784196000,2026-07-16 10:00:00,92860.68,92885.05,92710.3,92727.16
1784199600,2026-07-16 11:00:00,92727.05,92808.78,92691.84,92787.69
1784203200,2026-07-16 12:00:00,92787.49,92923.65,92775.12,92874.13
1784206800,2026-07-16 13:00:00,92872.07,92920.29,92728.82,92764.08
1784210400,2026-07-16 14:00:00,92764.77,92839.66,92745.19,92766.79
1784214000,2026-07-16 15:00:00,92767.19,92767.19,92633.02,92657.94
1784217600,2026-07-16 16:00:00,92657.56,92731.8,92613.11,92616.58
1784221200,2026-07-16 17:00:00,92617.11,92658.83,92455.72,92471.71
1784224800,2026-07-16 18:00:00,92473.2,92620.03,92457.33,92556.6
1784228400,2026-07-16 19:00:00,92554.79,92694.84,92519.24,92657.12
1784232000,2026-07-16 20:00:00,92660.67,92769.96,92562,92661.53
1784235600,2026-07-16 21:00:00,92661.56,92663.06,92493.27,92493.27
1784239200,2026-07-16 22:00:00,92494.01,92526.96,92415.24,92511.46
1784242800,2026-07-16 23:00:00,92510.55,92571.38,92337.39,92374.38
1784246400,2026-07-17 00:00:00,92373.96,92431.73,92331.29,92361.27
1784250000,2026-07-17 01:00:00,92361.83,92407.28,92285.15,92297.73
1784253600,2026-07-17 02:00:00,92295.64,92382.75,92260.06,92330.07
1784257200,2026-07-17 03:00:00,92327.73,92509.15,92300.85,92446.89
1784260800,2026-07-17 04:00:00,92447.28,92613.02,92446.65,92605.1
1784264400,2026-07-17 05:00:00,92607.12,92742.71,92547.99,92717.32
1784268000,2026-07-17 06:00:00,92720.21,92741.98,92479.26,92485.91
1784271600,2026-07-17 07:00:00,92486.15,92582.91,92431.99,92457.38
1784275200,2026-07-17 08:00:00,92458.76,92486.72,92306.25,92374.91
1784278800,2026-07-17 09:00:00,92374.4,92394.9,92224.18,92270.89
1784282400,2026-07-17 10:00:00,92271.48,92281.09,92074.28,92095.03
1784286000,2026-07-17 11:00:00,92095.6,92101.89,91910.74,92010.56
1784289600,2026-07-17 12:00:00,92007.8,92111.04,91997.25,92029.27
1784293200,2026-07-17 13:00:00,92030.36,92046.47,91815.03,91907.04
1784296800,2026-07-17 14:00:00,91908.26,92088.26,91901.22,91986.63
1784300400,2026-07-17 15:00:00,91987.22,92091.25,91954.97,91993.12
1784304000,2026-07-17 16:00:00,91991.64,92005.13,91810.46,91869.27
1784307600,2026-07-17 17:00:00,91870.24,92193.1,91867.07,92117.53
1784311200,2026-07-17 18:00:00,92117.69,92152.31,91899.12,92016.27
1784314800,2026-07-17 19:00:00,92016.69,92171.63,91965.67,92133.78
1784318400,2026-07-17 20:00:00,92134.51,92168.98,92083.44,92122.58
1784322000,2026-07-17 21:00:00,92122.34,92256.73,92104.61,92220.88
1784325600,2026-07-17 22:00:00,92221.92,92246.37,92137.84,92170.11
1784329200,2026-07-17 23:00:00,92166.87,92197.41,92067.83,92161.22
1784332800,2026-07-18 00:00:00,92162.11,92199.82,92022.23,92022.23
1784336400,2026-07-18 01:00:00,92021.76,92180.2,91931.4,92171.39
1784340000,2026-07-18 02:00:00,92172.28,92329.55,92162.53,92185.36
1784343600,2026-07-18 03:00:00,92186.46,92222.87,91982.41,91997.09
1784347200,2026-07-18 04:00:00,91996.14,92167.92,91985.18,92104.09
1784350800,2026-07-18 05:00:00,92103.14,92224.35,92071.12,92222.18
1784354400,2026-07-18 06:00:00,92222.93,92602.23,92191.12,92475.74
1784358000,2026-07-18 07:00:00,92477.78,92492.96,92375.1,92455.91
1784361600,2026-07-18 08:00:00,92455.23,92662.63,92426.45,92571.08
1784365200,2026-07-18 09:00:00,92569.55,92611.37,92439.82,92606.95
1784368800,2026-07-18 10:00:00,92607.29,92943.77,92600.11,92911.24
1784372400,2026-07-18 11:00:00,92910.32,93044.38,92886.67,92939.31
1784376000,2026-07-18 12:00:00,92936.99,92993.09,92866.43,92923.19
1784379600,2026-07-18 13:00:00,92924.24,93069.32,92887.45,93054.79
1784383200,2026-07-18 14:00:00,93053.7,93271.64,93052.47,93129.1
1784386800,2026-07-18 15:00:00,93131.07,93296.84,93066.43,93277.31
1784390400,2026-07-18 16:00:00,93277.84,93398.01,93264.78,93318.93
1784394000,2026-07-18 17:00:00,93319.32,93342,93149.22,93188.33
1784397600,2026-07-18 18:00:00,93189.58,93251.05,93161.86,93247
1784401200,2026-07-18 19:00:00,93246.75,93263,93113.58,93131.09
1784404800,2026-07-18 20:00:00,93133,93410.09,93109.35,93240.68
1784408400,2026-07-18 21:00:00,93243.15,93271.92,92900.77,92929.71
1784412000,2026-07-18 22:00:00,92926.74,93065.36,92898.75,93061.25
1784415600,2026-07-18 23:00:00,93065.85,93085.16,92926.83,93063.74
1784419200,2026-07-19 00:00:00,93064.79,93261.39,93054.88,93231.22
1784422800,2026-07-19 01:00:00,93230.89,93309.78,93079.05,93131.03
1784426400,2026-07-19 02:00:00,93132.29,93177.83,93044.49,93144.61
1784430000,2026-07-19 03:00:00,93142.62,93206.53,92999,93014.71
1784433600,2026-07-19 04:00:00,93015.29,93074.09,92936.18,92939.52
1784437200,2026-07-19 05:00:00,92940.45,93050.73,92908.46,92950.34
1784440800,2026-07-19 06:00:00,92951.98,92969.99,92779.23,92823.46
1784444400,2026-07-19 07:00:00,92822.66,92974.47,92789,92911.97
1784448000,2026-07-19 08:00:00,92911.69,93145.07,92815.31,93142.59
1784451600,2026-07-19 09:00:00,93138.96,93237.21,93029.61,93213.49
1784455200,2026-07-19 10:00:00,93211.97,93319.26,93130.35,93134.2
1784458800,2026-07-19 11:00:00,93133.51,93270.04,93057.73,93266.68
1784462400,2026-07-19 12:00:00,93267.35,93435.88,93259.75,93407.93
1784466000,2026-07-19 13:00:00,93409.38,93548.59,93404.47,93427.36
1784469600,2026-07-19 14:00:00,93427.44,93653.16,93420.62,93576.78
1784473200,2026-07-19 15:00:00,93577.97,93644.19,93536.01,93554.79
1784476800,2026-07-19 16:00:00,93554.12,93566.96,93382.81,93449.12
1784480400,2026-07-19 17:00:00,93449.98,93536.35,93301.58,93334.44
1784484000,2026-07-19 18:00:00,93334.4,93358.88,93238.11,93245.82
1784487600,2026-07-19 19:00:00,93244.96,93277.24,93154.19,93173
1784491200,2026-07-19 20:00:00,93174.01,93317.25,93171.31,93309.31
1784494800,2026-07-19 21:00:00,93304.28,93367.43,93252.96,93312.76
1784498400,2026-07-19 22:00:00,93314.7,93560.03,93195.67,93560.03
1784502000,2026-07-19 23:00:00,93558.65,93583.26,93418.68,93565.29
1784505600,2026-07-20 00:00:00,93565.81,93630.81,93524.36,93579.75
1784509200,2026-07-20 01:00:00,93577.69,93671.06,93459.38,93582.54
1784512800,2026-07-20 02:00:00,93580.96,93633.85,93397.12,93489.4
1784516400,2026-07-20 03:00:00,93486.33,93499.29,93400.8,93463.1
1784520000,2026-07-20 04:00:00,93464.44,93563.96,93452.54,93468.39
1784523600,2026-07-20 05:00:00,93467.89,93672,93457.05,93638.5
1784527200,2026-07-20 06:00:00,93636.71,93655.05,93374.09,93413.42
1784530800,2026-07-20 07:00:00,93413.56,93474.65,93329.68,93355.61
1784534400,2026-07-20 08:00:00,93354.84,93368.55,93270.55,93317.56
1784538000,2026-07-20 09:00:00,93318.36,93327.26,93168.54,93185.71
1784541600,2026-07-20 10:00:00,93186.68,93199.71,93065.34,93109.39
1784545200,2026-07-20 11:00:00,93108.76,93187.8,93039.1,93162.58
1784548800,2026-07-20 12:00:00,93161.64,93221.08,93117.61,93158.13
1784552400,2026-07-20 13:00:00,93157.95,93315.25,93125.36,93226.38
1784556000,2026-07-20 14:00:00,93227.75,93475.59,93224.48,93452.38
1784559600,2026-07-20 15:00:00,93453.03,93503.85,93255.4,93291.01
1784563200,2026-07-20 16:00:00,93290.91,93344.3,93188.25,93288.38
1784566800,2026-07-20 17:00:00,93290.95,93425.54,93241.6,93252.25
1784570400,2026-07-20 18:00:00,93253.01,93427.97,93248.53,93408.57
1784574000,2026-07-20 19:00:00,93409.33,93490.44,93354.7,93426.42
1784577600,2026-07-20 20:00:00,93425.82,93617.75,93421.15,93601.05
1784581200,2026-07-20 21:00:00,93602.87,93725.86,93585.13,93665
1784584800,2026-07-20 22:00:00,93664.62,93883.7,93664.39,93766.62
1784588400,2026-07-20 23:00:00,93767.29,93820.08,93702.38,93763.97
1784592000,2026-07-21 00:00:00,93763.49,93767.94,93594.04,93688.97
1784595600,2026-07-21 01:00:00,93691.89,93698.73,93402.19,93428.69
1784599200,2026-07-21 02:00:00,93425.3,93640.03,93415.42,93637.25
1784602800,2026-07-21 03:00:00,93638.82,93678.33,93351.88,93399.56
1784606400,2026-07-21 04:00:00,93400.24,93467.84,93274.32,93467.84
1784610000,2026-07-21 05:00:00,93468.81,93668.72,93430.71,93629.86
1784613600,2026-07-21 06:00:00,93631.66,93800.52,93616.7,93688.38
1784617200,2026-07-21 07:00:00,93687.02,93693.22,93547.19,93573.96
1784620800,2026-07-21 08:00:00,93573.45,93614.56,93461.31,93512.79
1784624400,2026-07-21 09:00:00,93511.19,93582.83,93469.77,93529.62
1784628000,2026-07-21 10:00:00,93527.79,93689.43,93513.84,93524.47
1784631600,2026-07-21 11:00:00,93524.92,93639.96,93432.53,93510.41
1784635200,2026-07-21 12:00:00,93510.89,93760.66,93472.45,93737.18
1784638800,2026-07-21 13:00:00,93738.88,93874.26,93685.73,93789.71
1784642400,2026-07-21 14:00:00,93790.87,93805.57,93564.61,93568.46
1784646000,2026-07-21 15:00:00,93569.06,93623.55,93472.98,93576.25
1784649600,2026-07-21 16:00:00,93577.86,93746.66,93536.47,93713.2
1784653200,2026-07-21 17:00:00,93710.65,93759.26,93609.51,93663.21
1784656800,2026-07-21 18:00:00,93663.53,93723.24,93520.91,93527.17
1784660400,2026-07-21 19:00:00,93530.21,93665.26,93505.15,93660.85
1784664000,2026-07-21 20:00:00,93661.81,93786.21,93637.58,93652.62
1784667600,2026-07-21 21:00:00,93550.95,93627.47,93508.1,93547.22
1784671200,2026-07-21 22:00:00,93545.5,93597.83,93504.94,93554.38
1784674800,2026-07-21 23:00:00,93557.01,93657.57,93430.9,93465
1784678400,2026-07-22 00:00:00,93465.12,93660.84,93447.85,93650.6
1784682000,2026-07-22 01:00:00,93649.52,93763.39,93627.43,93739.79
1784685600,2026-07-22 02:00:00,93740.5,93854.76,93699.92,93823.23
1784689200,2026-07-22 03:00:00,93822.97,93982.2,93758.09,93972.97
1784692800,2026-07-22 04:00:00,93971.35,94064.23,93907.2,94024.97
1784696400,2026-07-22 05:00:00,94023.19,94210.82,93963.45,93979.26
1784700000,2026-07-22 06:00:00,93981.15,94019.74,93876.19,93920.15
1784703600,2026-07-22 07:00:00,93921.68,94215.7,93897.08,94212.21
1784707200,2026-07-22 08:00:00,94213.75,94353.61,94167.39,94307.28
1784710800,2026-07-22 09:00:00,94308.41,94527.05,94246.12,94523.63
1784714400,2026-07-22 10:00:00,94521.36,94624.55,94498.17,94504.58
1784718000,2026-07-22 11:00:00,94503.07,94633.56,94394.16,94622.61
1784721600,2026-07-22 12:00:00,94623.65,94694.63,94510.56,94524.27
1784725200,2026-07-22 13:00:00,94521.44,94536.65,94425.36,94512.63
1784728800,2026-07-22 14:00:00,94515.71,94575.28,94434.11,94549.67
1784732400,2026-07-22 15:00:00,94548.28,94565.46,94250.46,94253.2
1784736000,2026-07-22 16:00:00,94253.71,94318.42,94080.87,94218.91
1784739600,2026-07-22 17:00:00,94221.2,94481.92,94159.11,94459.72
1784743200,2026-07-22 18:00:00,94460.25,94468.02,94205.73,94265.07
1784746800,2026-07-22 19:00:00,94268.48,94506.4,94250.93,94361.53
1784750400,2026-07-22 20:00:00,94357.04,94415.33,94315.63,94326.46
1784754000,2026-07-22 21:00:00,94323.55,94377.34,94225.32,94321.27
1784757600,2026-07-22 22:00:00,94322.87,94439.84,94247.43,94423.03
1784761200,2026-07-22 23:00:00,94422.67,94446.23,94188.29,94247.06
1784764800,2026-07-23 00:00:00,94246.35,94252.87,94001.2,94052.32
1784768400,2026-07-23 01:00:00,94051.8,94116.06,93846.78,93850.7
1784772000,2026-07-23 02:00:00,93849.92,93936.92,93746.9,93774.87
1784775600,2026-07-23 03:00:00,93777.85,93856.47,93749,93802.99
1784779200,2026-07-23 04:00:00,93804.66,93833.38,93709.63,93739.65
1784782800,2026-07-23 05:00:00,93741.73,93926.12,93648.38,93838.02
1784786400,2026-07-23 06:00:00,93837.34,93843.51,93572.98,93581.78
1784790000,2026-07-23 07:00:00,93583.34,93843.17,93583.34,93748.53
1784793600,2026-07-23 08:00:00,93748.3,93879.79,93620.04,93663.41
1784797200,2026-07-23 09:00:00,93663.72,93935.98,93594.25,93929.9
1784800800,2026-07-23 10:00:00,93931.52,93994.19,93834.8,93922.42
1784804400,2026-07-23 11:00:00,93922.25,93953.8,93697.15,93777.81
1784808000,2026-07-23 12:00:00,93778.61,93915.01,93699.84,93840.6
1784811600,2026-07-23 13:00:00,93840.55,93899.6,93683,93744.32
1784815200,2026-07-23 14:00:00,93744.46,93750.54,93585.68,93707.68
1784818800,2026-07-23 15:00:00,93707.03,93817.76,93674.7,93771.03
1784822400,2026-07-23 16:00:00,93771.96,93908.37,93756.75,93817.1
1784826000,2026-07-23 17:00:00,93817.75,93863.66,93662.7,93744.2
1784829600,2026-07-23 18:00:00,93743.58,93787.24,93527.73,93613
1784833200,2026-07-23 19:00:00,93610.8,93738.84,93475.6,93519.18
1784836800,2026-07-23 20:00:00,93521.66,93576.19,93424.19,93535.16
1784840400,2026-07-23 21:00:00,93533.27,93630.29,93290.81,93327.89
1784844000,2026-07-23 22:00:00,93325.96,93339.67,93185.21,93239.58
1784847600,2026-07-23 23:00:00,93241,93287.85,93179.23,93187.88
1784851200,2026-07-24 00:00:00,93186.9,93228.12,93088.01,93182.27
1784854800,2026-07-24 01:00:00,93179.87,93291.41,93114.84,93190.09
1784858400,2026-07-24 02:00:00,93190.65,93535,93156.56,93451.58
1784862000,2026-07-24 03:00:00,93449.64,93634.05,93422.04,93551.98
1784865600,2026-07-24 04:00:00,93551.06,93727.99,93473.62,93714.58
1784869200,2026-07-24 05:00:00,93713.21,93880.62,93628.95,93855.19
1784872800,2026-07-24 06:00:00,93855.75,93901.39,93586.46,93639.01
1784876400,2026-07-24 07:00:00,93639.43,93659.06,93497.6,93527.86
1784880000,2026-07-24 08:00:00,93525.99,93936.18,93523.15,93921.33
1784883600,2026-07-24 09:00:00,93919.41,93954.89,93735.73,93879.01
1784887200,2026-07-24 10:00:00,93878.53,93892.13,93604.27,93761.48
1784890800,2026-07-24 11:00:00,93760.98,93805.63,93619.01,93641
1784894400,2026-07-24 12:00:00,93639.48,93784.62,93554.06,93734.62
1784898000,2026-07-24 13:00:00,93736.65,94032.3,93716.2,94017.09
1784901600,2026-07-24 14:00:00,94016.42,94047.44,93958.62,93966.07
1784905200,2026-07-24 15:00:00,93968.22,94039.4,93873.12,93882.19
1784908800,2026-07-24 16:00:00,93884.25,93885.46,93703.99,93758.02
1784912400,2026-07-24 17:00:00,93759.91,93848.21,93680,93710
1784916000,2026-07-24 18:00:00,93712.15,93726.12,93589.57,93618.31
1784919600,2026-07-24 19:00:00,93618.51,93656.37,93544.77,93574.74
1784923200,2026-07-24 20:00:00,93574.6,93659.51,93530.3,93541.48
1784926800,2026-07-24 21:00:00,93542.68,93582.33,93475.78,93563.61
1784930400,2026-07-24 22:00:00,93563.82,93711.76,93560.97,93612.82
1784934000,2026-07-24 23:00:00,93613.08,93757.94,93571.81,93577.03
1784937600,2026-07-25 00:00:00,93577.59,93651.03,93483.03,93603.78
1784941200,2026-07-25 01:00:00,93603.67,93615.77,93403.03,93452.67
1784944800,2026-07-25 02:00:00,93452.95,93500.28,93357.22,93438.87
1784948400,2026-07-25 03:00:00,93439.53,93551.21,93427.72,93505.86
1784952000,2026-07-25 04:00:00,93505.91,93587.29,93371.57,93461.37
1784955600,2026-07-25 05:00:00,93464.58,93609.48,93352.56,93541.57
1784959200,2026-07-25 06:00:00,93539.39,93630.25,93402.81,93624.08
1784962800,2026-07-25 07:00:00,93625.22,93921.22,93620.94,93913.1
1784966400,2026-07-25 08:00:00,93914.66,93930.47,93450.79,93454.17
1784970000,2026-07-25 09:00:00,93452.49,93544.9,93358.35,93507.71
1784973600,2026-07-25 10:00:00,93507.21,93673.09,93391.64,93628.43
1784977200,2026-07-25 11:00:00,93629.48,93652.86,93411.75,93460.65
1784980800,2026-07-25 12:00:00,93459.62,93476.85,93197.43,93210.75
1784984400,2026-07-25 13:00:00,93211.71,93221.21,93103.78,93188.56
1784988000,2026-07-25 14:00:00,93187.84,93227.62,93088.87,93095.5
1784991600,2026-07-25 15:00:00,93096.37,93122.86,92957.06,93113.35
1784995200,2026-07-25 16:00:00,93113,93178.23,92989.49,93172.57
1784998800,2026-07-25 17:00:00,93174.45,93315.59,93055.66,93142.69
1785002400,2026-07-25 18:00:00,93141.29,93265.17,93080.49,93249.57
1785006000,2026-07-25 19:00:00,93252.18,93311.99,93184.64,93214.26
1785009600,2026-07-25 20:00:00,93214.25,93217.77,93085.82,93091.8
1785013200,2026-07-25 21:00:00,93091.32,93123.98,92934.09,92964.81
1785016800,2026-07-25 22:00:00,92962.05,93081.6,92926.88,93039.89
1785020400,2026-07-25 23:00:00,93038.89,93220.99,92962.72,93167.62
1785024000,2026-07-26 00:00:00,93168.93,93273.76,93132.63,93273.15
1785027600,2026-07-26 01:00:00,93271.33,93413.74,93229.08,93266.28
1785031200,2026-07-26 02:00:00,93262.56,93355.7,93173.13,93264.13
1785034800,2026-07-26 03:00:00,93264.58,93316.53,93109.79,93116.69
1785038400,2026-07-26 04:00:00,93116.71,93116.71,92990.24,93000.92
1785042000,2026-07-26 05:00:00,93000.75,93075.58,92963.88,92984.14
1785045600,2026-07-26 06:00:00,92984.05,93024.89,92857.85,92861.89
1785049200,2026-07-26 07:00:00,92862.71,92959.34,92812.1,92942.94
1785052800,2026-07-26 08:00:00,92944.03,93099.4,92921.37,93095.94
1785056400,2026-07-26 09:00:00,93098.58,93248.3,93079.73,93206.45
1785060000,2026-07-26 10:00:00,93205.28,93236.23,93073.51,93148.1
1785063600,2026-07-26 11:00:00,93147.05,93275.19,93124.01,93125.15
1785067200,2026-07-26 12:00:00,93123.74,93132.74,92978.45,93016.54
1785070800,2026-07-26 13:00:00,93013.8,93296.23,92990.03,93280.46
1785074400,2026-07-26 14:00:00,93282.39,93346.41,93201.83,93246.13
1785078000,2026-07-26 15:00:00,93245.74,93258.5,92983.33,93007.58
1785081600,2026-07-26 16:00:00,93009.69,93042.08,92804,92815.55
1785085200,2026-07-26 17:00:00,92819.14,92892.67,92755.01,92868.5
1785088800,2026-07-26 18:00:00,92866.66,93096.6,92851.52,93095.83
1785092400,2026-07-26 19:00:00,93096.18,93284.55,93055.06,93244.85
1785096000,2026-07-26 20:00:00,93246.53,93436.35,93210.03,93436.35
1785099600,2026-07-26 21:00:00,93436.43,93480.89,93227.17,93331.71
1785103200,2026-07-26 22:00:00,93333.37,93345.27,93084.15,93118.79
1785106800,2026-07-26 23:00:00,93118.85,93188.21,93049.13,93066.1
1785110400,2026-07-27 00:00:00,93065.17,93199.68,92976.4,93153.18
1785114000,2026-07-27 01:00:00,93154.7,93327.59,93110.44,93292.72
1785117600,2026-07-27 02:00:00,93296.19,93308.59,93129.13,93267.2
1785121200,2026-07-27 03:00:00,93268.34,93316.14,93138.68,93167.62
1785124800,2026-07-27 04:00:00,93166.32,93186.18,93018.32,93127.98
1785128400,2026-07-27 05:00:00,93128.68,93356.03,93118.1,93330.36
1785132000,2026-07-27 06:00:00,93328.59,93328.59,93142.36,93313.1
1785135600,2026-07-27 07:00:00,93311.23,93454.7,93272.84,93425.67
1785139200,2026-07-27 08:00:00,93426.25,93431.55,93251.97,93258.13
1785142800,2026-07-27 09:00:00,93259.69,93306.06,93107.44,93170.42
1785146400,2026-07-27 10:00:00,93170.21,93209.31,93109.65,93137.36
1785150000,2026-07-27 11:00:00,93136.57,93357.19,93131.49,93305.2
1785153600,2026-07-27 12:00:00,93305.17,93485.04,93294.11,93475.99
1785157200,2026-07-27 13:00:00,93474.77,93609.28,93463.73,93573.14
1785160800,2026-07-27 14:00:00,93573.18,93741.42,93556.53,93714.04
1785164400,2026-07-27 15:00:00,93717.19,93725.24,93336.43,93409.35
1785168000,2026-07-27 16:00:00,93409.1,93443.23,93246.53,93312.73
1785171600,2026-07-27 17:00:00,93312.81,93315.94,93215.37,93259.01
1785175200,2026-07-27 18:00:00,93260.38,93383.13,93247.52,93314.48
1785178800,2026-07-27 19:00:00,93314.37,93411.37,93230.63,93408.49
1785182400,2026-07-27 20:00:00,93408.1,93420.97,93275.18,93289.96
1785186000,2026-07-27 21:00:00,93290.69,93539.9,93287.25,93535.05
1785189600,2026-07-27 22:00:00,93536.77,93569.59,93366.5,93549.84
1785193200,2026-07-27 23:00:00,93551.12,93688.34,93473.91,93665.62
1785196800,2026-07-28 00:00:00,93663.66,93752.15,93579.37,93630.06
1785200400,2026-07-28 01:00:00,93633.29,93738.78,93624.81,93682.45
1785204000,2026-07-28 02:00:00,93682.52,93797.51,93550.29,93590
1785207600,2026-07-28 03:00:00,93591.31,93676.88,93507.58,93540.67
1785211200,2026-07-28 04:00:00,93539.54,93576.57,93430.99,93538.99
1785214800,2026-07-28 05:00:00,93539.98,93564.04,93303.9,93402.18
1785218400,2026-07-28 06:00:00,93401.12,93583.83,93363.66,93579.16
1785222000,2026-07-28 07:00:00,93580.14,93756.36,93536.39,93720.22
1785225600,2026-07-28 08:00:00,93721.08,93972.77,93690.93,93914.86
1785229200,2026-07-28 09:00:00,93918.07,94222.07,93825.26,94219.08
1785232800,2026-07-28 10:00:00,94219.7,94409.09,94218.55,94308.71
1785236400,2026-07-28 11:00:00,94307.3,94462.65,94291.34,94378.24
1785240000,2026-07-28 12:00:00,94378.96,94452.59,94257.65,94279.18
1785243600,2026-07-28 13:00:00,94280.58,94318.25,94175.2,94214.42
1785247200,2026-07-28 14:00:00,94214.54,94358.73,94161.28,94174.89
1785250800,2026-07-28 15:00:00,94173.44,94196.48,94073.33,94156.67
1785254400,2026-07-28 16:00:00,94156.66,94266.39,94019.59,94245.62
1785258000,2026-07-28 17:00:00,94245.97,94522.49,94240.62,94504.72
1785261600,2026-07-28 18:00:00,94503.56,94622.26,94348.66,94401.38
1785265200,2026-07-28 19:00:00,94403.36,94525.64,94258.86,94261.41
1785268800,2026-07-28 20:00:00,94262.96,94306.52,94170.68,94204
1785272400,2026-07-28 21:00:00,94201.96,94201.96,94056.58,94199.8
1785276000,2026-07-28 22:00:00,94199.14,94216.69,93983.57,93994.92
1785279600,2026-07-28 23:00:00,93992.99,94050.65,93921.86,93992.87
1785283200,2026-07-29 00:00:00,93993.19,94169.32,93942.1,94144.92
1785286800,2026-07-29 01:00:00,94148.41,94254.07,94131.23,94182.84
1785290400,2026-07-29 02:00:00,94182.61,94286.37,94150.74,94236.75
1785294000,2026-07-29 03:00:00,94235.48,94303.92,94141.41,94147.83
1785297600,2026-07-29 04:00:00,94146.57,94332,94105.92,94133.35
1785301200,2026-07-29 05:00:00,94129.6,94215.16,93774.76,93781.2
1785304800,2026-07-29 06:00:00,93784.93,93793.69,93434.24,93488.29
1785308400,2026-07-29 07:00:00,93487.05,93521.37,93400.42,93436.61
1785312000,2026-07-29 08:00:00,93437.56,93453.18,93029.42,93064.39
1785315600,2026-07-29 09:00:00,93066.73,93093.31,92965.62,93043.6
1785319200,2026-07-29 10:00:00,93043.48,93087.24,92909.89,93025.8
1785322800,2026-07-29 11:00:00,93022.7,93039.98,92779.3,92908.91
1785326400,2026-07-29 12:00:00,92909.51,93108.58,92784.76,93107.45
1785330000,2026-07-29 13:00:00,93105.48,93144.34,92969.63,93095.72
1785333600,2026-07-29 14:00:00,93096.68,93416.6,93089.69,93404.23
1785337200,2026-07-29 15:00:00,93403.12,93438.95,93316.44,93384.38
1785340800,2026-07-29 16:00:00,93384.07,93388.28,93272.85,93343.87
1785344400,2026-07-29 17:00:00,93344.5,93351.75,93170.9,93199.03
1785348000,2026-07-29 18:00:00,93201.48,93372.73,93111.31,93301.04
1785351600,2026-07-29 19:00:00,93299.42,93442.3,93262.38,93408.54
1785355200,2026-07-29 20:00:00,93407.98,93428.48,93154.83,93189.11
1785358800,2026-07-29 21:00:00,93188.11,93254.75,92867.64,92869.73
1785362400,2026-07-29 22:00:00,92867.87,92882.07,92607.66,92697.84
1785366000,2026-07-29 23:00:00,92698.11,92800.09,92637.79,92646.96
1785369600,2026-07-30 00:00:00,92648.41,92727.96,92585.57,92684.76
1785373200,2026-07-30 01:00:00,92685.34,92768.2,92581.89,92691.8
1785376800,2026-07-30 02:00:00,92689.75,92721,92509.89,92533.49
1785380400,2026-07-30 03:00:00,92532.96,92649.98,92486.39,92571.62
1785384000,2026-07-30 04:00:00,92571.36,92867.69,92530.02,92797.69
1785387600,2026-07-30 05:00:00,92795.46,92871.39,92717.31,92853.68
1785391200,2026-07-30 06:00:00,92852.39,92862.06,92742.81,92765.52
1785394800,2026-07-30 07:00:00,92767.08,92807.24,92497.52,92504.71
1785398400,2026-07-30 08:00:00,92505.25,92632.11,92486.62,92625.94
1785402000,2026-07-30 09:00:00,92624.7,92657.68,92409.45,92463.4
1785405600,2026-07-30 10:00:00,92465.49,92497.31,92390.64,92401.42
1785409200,2026-07-30 11:00:00,92402.95,92560.3,92364.43,92538.36
1785412800,2026-07-30 12:00:00,92538.96,92655.06,92513.21,92530.5
1785416400,2026-07-30 13:00:00,92530.62,92605.86,92482.3,92521.99
1785420000,2026-07-30 14:00:00,92523.16,92740.37,92513.21,92709.08
1785423600,2026-07-30 15:00:00,92712.63,92716.25,92474.3,92556.2
1785427200,2026-07-30 16:00:00,92554.76,92573.23,92435.66,92554.25
1785430800,2026-07-30 17:00:00,92555.3,92593.01,92353.91,92356.24
1785434400,2026-07-30 18:00:00,92358.28,92582.6,92342.87,92582.6
1785438000,2026-07-30 19:00:00,92582.34,92651.44,92452.9,92462.17
1785441600,2026-07-30 20:00:00,92460.08,92473.54,92383.77,92447.86
1785445200,2026-07-30 21:00:00,92446.42,92508.83,92277.67,92342.44
1785448800,2026-07-30 22:00:00,92343.61,92363.03,92112.24,92120.61
1785452400,2026-07-30 23:00:00,92121.25,92261.11,92121.25,92224.5
1785456000,2026-07-31 00:00:00,92225.1,92243.84,92039.13,92043.92
1785459600,2026-07-31 01:00:00,92045.08,92087.6,91816.91,91980.55
1785463200,2026-07-31 02:00:00,91979.47,92001.9,91779.38,91834.86
1785466800,2026-07-31 03:00:00,91835.93,91960.72,91801.78,91828.54
1785470400,2026-07-31 04:00:00,91829.57,91854.97,91609.12,91618.11
1785474000,2026-07-31 05:00:00,91616.56,91728.3,91422.79,91504.13
1785477600,2026-07-31 06:00:00,91501.38,91579.09,91370.04,91390.15
1785481200,2026-07-31 07:00:00,91391.55,91424.42,91276.87,91423.56
1785484800,2026-07-31 08:00:00,91423.08,91426.11,91192.81,91266.42
1785488400,2026-07-31 09:00:00,91265.16,91445.63,91241.81,91418.69
