epoch,datetime_utc,open,high,low,close
1753955280,2025-07-31 09:48:00,19189.05,19258.66,18820.1,18825.9
1753963200,2025-07-31 12:00:00,18829.25,19133.83,18497.08,18744.65
1753977600,2025-07-31 16:00:00,18738.2,18782.01,18100.42,18327.51
1753992000,2025-07-31 20:00:00,18332.72,18761.46,18224.58,18680.07
1754006400,2025-08-01 00:00:00,18682.48,19015.59,18512.9,18542.61
1754020800,2025-08-01 04:00:00,18546.61,18817.82,18430.4,18561.16
1754035200,2025-08-01 08:00:00,18557.68,18890.39,18484.17,18754.9
1754049600,2025-08-01 12:00:00,18763.73,18861.33,18315.4,18636.45
1754064000,2025-08-01 16:00:00,18638.07,18909.1,18381.41,18893.21
1754078400,2025-08-01 20:00:00,18888.29,19219.41,18605.16,18875.11
1754092800,2025-08-02 00:00:00,18875.79,19351.12,18734.98,19132.61
1754107200,2025-08-02 04:00:00,19132.28,19375.08,18796.3,19018.88
1754121600,2025-08-02 08:00:00,19016.47,19034.28,18179.86,18517.47
1754136000,2025-08-02 12:00:00,18518.01,18555.04,17693.53,17721.76
1754150400,2025-08-02 16:00:00,17722.27,17894.66,17515.69,17531.17
1754164800,2025-08-02 20:00:00,17528.59,17940.92,17451.23,17704.08
1754179200,2025-08-03 00:00:00,17705.56,17724.51,17218.35,17272.28
1754193600,2025-08-03 04:00:00,17266.84,17737.6,17266.84,17673.66
1754208000,2025-08-03 08:00:00,17671.8,17952.33,16982.36,17125.87
1754222400,2025-08-03 12:00:00,17127.6,17318.08,16949.8,16969.13
1754236800,2025-08-03 16:00:00,16972.13,17005.69,16760.2,16972.9
1754251200,2025-08-03 20:00:00,16970.64,17318.49,16875.52,16940.73
1754265600,2025-08-04 00:00:00,16941.86,17279.66,16871.39,16904.06
1754280000,2025-08-04 04:00:00,16904.86,17154.01,16664.97,16684.86
1754294400,2025-08-04 08:00:00,16683.58,16696.62,15498.58,15523.28
1754308800,2025-08-04 12:00:00,15523.46,16013.24,15469.73,15930.87
1754323200,2025-08-04 16:00:00,15930.67,16133.95,15203.71,15227.88
1754337600,2025-08-04 20:00:00,15227.07,15263.06,14948.08,15130.53
1754352000,2025-08-05 00:00:00,15129.49,15729.75,15007.74,15727.22
1754366400,2025-08-05 04:00:00,15727.04,16185.16,15607.75,16072.85
1754380800,2025-08-05 08:00:00,16073.63,16085.36,15503.93,15818.4
1754395200,2025-08-05 12:00:00,15820.61,16024.84,15532.31,15693.81
1754409600,2025-08-05 16:00:00,15693.62,16172.74,15693.62,16010.1
1754424000,2025-08-05 20:00:00,16007.15,16261.08,15825.76,16144.92
1754438400,2025-08-06 00:00:00,16147.45,16180.02,15633.45,15649.26
1754452800,2025-08-06 04:00:00,15650.32,16098.15,15585.38,15973.66
1754467200,2025-08-06 08:00:00,15973.71,16084.18,15538.45,15656.81
1754481600,2025-08-06 12:00:00,15653,15955.72,15511.03,15954.28
1754496000,2025-08-06 16:00:00,15952.96,16128.78,15748.94,15783.62
1754510400,2025-08-06 20:00:00,15783.94,15896.91,14994.15,15103.04
1754524800,2025-08-07 00:00:00,15107.43,15796.25,15054.56,15707.73
1754539200,2025-08-07 04:00:00,15707.62,16090.88,15597.36,15735.24
1754553600,2025-08-07 08:00:00,15735.89,16550.54,15732.17,16534.02
1754568000,2025-08-07 12:00:00,16533.12,16967.45,16413.19,16805.94
1754582400,2025-08-07 16:00:00,16806.13,16906.8,16643.11,16745.2
1754596800,2025-08-07 20:00:00,16743.73,16887.86,16544.64,16795.3
1754611200,2025-08-08 00:00:00,16796.7,17040.53,16673.44,16845.91
1754625600,2025-08-08 04:00:00,16845.47,16995,16412.22,16922.52
1754640000,2025-08-08 08:00:00,16923.22,16924.17,16056.74,16088.74
1754654400,2025-08-08 12:00:00,16090.57,16543.93,15979.93,16282.92
1754668800,2025-08-08 16:00:00,16285.2,16647.6,16228.84,16638.39
1754683200,2025-08-08 20:00:00,16639.19,16807.56,16250.02,16548.71
1754697600,2025-08-09 00:00:00,16549.45,17052.89,16485.07,16491.29
1754712000,2025-08-09 04:00:00,16491.7,17148.38,16484.89,16990.09
1754726400,2025-08-09 08:00:00,16988.16,17230.41,16772.42,17053.31
1754740800,2025-08-09 12:00:00,17053.83,17070,15841.8,15988.96
1754755200,2025-08-09 16:00:00,15987.66,16167.78,15795.44,16013.57
1754769600,2025-08-09 20:00:00,16013.47,16298.02,15863.55,16176.88
1754784000,2025-08-10 00:00:00,16173.99,16299.67,15820.61,16141.75
1754798400,2025-08-10 04:00:00,16142.69,16243.18,15574.97,15685.04
1754812800,2025-08-10 08:00:00,15686.75,15794.41,15444.79,15599.57
1754827200,2025-08-10 12:00:00,15597.48,16156.89,15532.37,16033.92
1754841600,2025-08-10 16:00:00,16035.28,16329.22,15842.89,15905.27
1754856000,2025-08-10 20:00:00,15903.17,16303,15750.67,15899.61
1754870400,2025-08-11 00:00:00,15902.82,16205.2,15317.48,15474.19
1754884800,2025-08-11 04:00:00,15474.92,15476.41,14933.29,15379.04
1754899200,2025-08-11 08:00:00,15379.52,15514.83,15146.07,15192.53
1754913600,2025-08-11 12:00:00,15192.02,15323.38,14879.88,15277.74
1754928000,2025-08-11 16:00:00,15278.02,15715.92,15269.16,15483.84
1754942400,2025-08-11 20:00:00,15484.22,15505.68,14946.04,14969.64
1754956800,2025-08-12 00:00:00,14967.36,15105.71,14640.25,14978.77
1754971200,2025-08-12 04:00:00,14982.06,15639.92,14966.21,15594.97
1754985600,2025-08-12 08:00:00,15594.49,15790.37,15295.47,15334.72
1755000000,2025-08-12 12:00:00,15335.94,15370.13,14886.68,14907.23
1755014400,2025-08-12 16:00:00,14907.89,15664.15,14903.05,15521.46
1755028800,2025-08-12 20:00:00,15523.21,15930.37,15521.83,15678.03
1755043200,2025-08-13 00:00:00,15675.2,15828.07,15229.69,15333.4
1755057600,2025-08-13 04:00:00,15331.37,15667.96,15131.89,15403.99
1755072000,2025-08-13 08:00:00,15401.91,15692.17,15300.34,15606.53
1755086400,2025-08-13 12:00:00,15610.85,16081.19,15484.86,16007.25
1755100800,2025-08-13 16:00:00,16009.59,16296.88,15937.87,16062.38
1755115200,2025-08-13 20:00:00,16062.95,16650.49,15945.86,16646.03
1755129600,2025-08-14 00:00:00,16647.32,16656.35,15892.93,16007.46
1755144000,2025-08-14 04:00:00,16006.65,16068.8,15663.14,15823.37
1755158400,2025-08-14 08:00:00,15822.22,15977.9,15458.23,15523.51
1755172800,2025-08-14 12:00:00,15521.09,15919.82,15295.7,15898.41
1755187200,2025-08-14 16:00:00,15901.39,16335.29,15750.8,16277.94
1755201600,2025-08-14 20:00:00,16282.18,16465.9,15620.75,15676.79
1755216000,2025-08-15 00:00:00,15676.83,15864.81,15553,15817.5
1755230400,2025-08-15 04:00:00,15817.9,16033.28,15447.37,15479.2
1755244800,2025-08-15 08:00:00,15481.47,15624.18,15296.26,15494.18
1755259200,2025-08-15 12:00:00,15495.58,15650.02,15211.96,15388.45
1755273600,2025-08-15 16:00:00,15388.29,15541.07,15142.68,15383.33
1755288000,2025-08-15 20:00:00,15384.62,15427.95,14951.52,15211.94
1755302400,2025-08-16 00:00:00,15212.98,15636.14,15043.1,15597.51
1755316800,2025-08-16 04:00:00,15599.69,16328.18,15562.76,16326.73
1755331200,2025-08-16 08:00:00,16329.37,16356.1,15717.52,16135.63
1755345600,2025-08-16 12:00:00,16135.44,16265.82,15552.87,15620.85
1755360000,2025-08-16 16:00:00,15619.73,16136.91,15445,16062.23
1755374400,2025-08-16 20:00:00,16065.33,16166.63,15763.13,15995.73
1755388800,2025-08-17 00:00:00,15995.54,16398.85,15831.42,16288.87
1755403200,2025-08-17 04:00:00,16288.28,16468.9,15987.69,16428.47
1755417600,2025-08-17 08:00:00,16427.5,17155.55,16343.84,17122.25
1755432000,2025-08-17 12:00:00,17122.77,17286.74,16555.7,16620.59
1755446400,2025-08-17 16:00:00,16620.19,16817.11,16502.6,16595.48
1755460800,2025-08-17 20:00:00,16596.13,16839.91,16188.74,16333.75
1755475200,2025-08-18 00:00:00,16334.68,16347.56,15907.29,15997.33
1755489600,2025-08-18 04:00:00,15995.08,16838.02,15722.15,16827.43
1755504000,2025-08-18 08:00:00,16829.34,16964.18,16346.77,16394.59
1755518400,2025-08-18 12:00:00,16395.13,16590.84,16185.99,16523.31
1755532800,2025-08-18 16:00:00,16520.03,16808.76,16173.95,16560.84
1755547200,2025-08-18 20:00:00,16562.35,16639.56,16181.14,16363.8
1755561600,2025-08-19 00:00:00,16366.34,16746.49,16310.4,16465.21
1755576000,2025-08-19 04:00:00,16466.06,16839.84,16441.37,16625.08
1755590400,2025-08-19 08:00:00,16623.58,16794.92,16280.94,16280.94
1755604800,2025-08-19 12:00:00,16277.18,16331.58,15983.42,16132.2
1755619200,2025-08-19 16:00:00,16133.92,16309.98,16027.06,16151.49
1755633600,2025-08-19 20:00:00,16148.81,16460.73,15887.48,15937.63
1755648000,2025-08-20 00:00:00,15935.8,16281.08,15927.29,16239.4
1755662400,2025-08-20 04:00:00,16239.61,16314.54,15893.71,16135.8
1755676800,2025-08-20 08:00:00,16135.61,16178.84,15795.23,15856.8
1755691200,2025-08-20 12:00:00,15858.69,16024.8,15635.63,15747.45
1755705600,2025-08-20 16:00:00,15745.71,16031.17,15473.24,15997.3
1755720000,2025-08-20 20:00:00,15996.84,16258.1,15801.14,16093.55
1755734400,2025-08-21 00:00:00,16092.92,16111.71,15823.03,15977.87
1755748800,2025-08-21 04:00:00,15976.8,16345.04,15913.13,16179
1755763200,2025-08-21 08:00:00,16178.28,16446.18,16060.75,16135.69
1755777600,2025-08-21 12:00:00,16136.44,16596.78,16095.64,16173.55
1755792000,2025-08-21 16:00:00,16168.99,16472.67,16021.01,16364.33
1755806400,2025-08-21 20:00:00,16364.87,16502.36,16195.21,16255.34
1755820800,2025-08-22 00:00:00,16256.23,16425.38,16095.93,16313.1
1755835200,2025-08-22 04:00:00,16311.59,16358.8,15799.93,16046.1
1755849600,2025-08-22 08:00:00,16045.12,16600.85,16003.04,16565.69
1755864000,2025-08-22 12:00:00,16564.06,16762.14,16268.86,16481.16
1755878400,2025-08-22 16:00:00,16482.74,16720.66,16387.52,16674.85
1755892800,2025-08-22 20:00:00,16677.12,16942.32,16500.42,16570.13
1755907200,2025-08-23 00:00:00,16575.13,17488.5,16556.08,17357.78
1755921600,2025-08-23 04:00:00,17358.4,17479.22,17202.42,17272.9
1755936000,2025-08-23 08:00:00,17272.87,17867.41,17258.57,17678.4
1755950400,2025-08-23 12:00:00,17680.81,18256.11,17679.72,18119.76
1755964800,2025-08-23 16:00:00,18119.74,18658.21,17985.99,18488
1755979200,2025-08-23 20:00:00,18482.11,18627.06,18142.44,18285.07
1755993600,2025-08-24 00:00:00,18282.65,19249.66,18162.43,19202.2
1756008000,2025-08-24 04:00:00,19199.22,19704.14,19187.41,19490.82
1756022400,2025-08-24 08:00:00,19492.3,20056.2,19374.48,19975.51
1756036800,2025-08-24 12:00:00,19978.02,20145.76,19578.61,20014.25
1756051200,2025-08-24 16:00:00,20010.06,20049.32,19256.5,19270.66
1756065600,2025-08-24 20:00:00,19273.93,19591,18938.36,19157.69
1756080000,2025-08-25 00:00:00,19155.22,19205.02,18646.22,18931.74
1756094400,2025-08-25 04:00:00,18931.57,18983.82,18588.42,18835.3
1756108800,2025-08-25 08:00:00,18835.51,19753.83,18824.08,19577.3
1756123200,2025-08-25 12:00:00,19574.73,19761.83,19286.44,19685.79
1756137600,2025-08-25 16:00:00,19690.24,20117.55,19561.67,20014.25
1756152000,2025-08-25 20:00:00,20015.62,20500.01,19845.59,20190.63
1756166400,2025-08-26 00:00:00,20192.33,20201.49,19295.34,19698.35
1756180800,2025-08-26 04:00:00,19696.53,20377.2,19604.01,20104.45
1756195200,2025-08-26 08:00:00,20101.76,21170.03,20069.64,20931.23
1756209600,2025-08-26 12:00:00,20930.52,21291.13,20470.74,20930.47
1756224000,2025-08-26 16:00:00,20934.34,21110.92,20614.85,20765.99
1756238400,2025-08-26 20:00:00,20766.48,21402.16,20676.35,21227.17
1756252800,2025-08-27 00:00:00,21226.31,21749.18,20840.42,21645.55
1756267200,2025-08-27 04:00:00,21643.34,22066.28,21545.81,21624.74
1756281600,2025-08-27 08:00:00,21627.6,22080.32,21409.57,21738.6
1756296000,2025-08-27 12:00:00,21743.57,22579.05,21681.85,21686.5
1756310400,2025-08-27 16:00:00,21687.71,21969.52,21165.65,21238.63
1756324800,2025-08-27 20:00:00,21239.08,21574.53,21064.98,21488.19
1756339200,2025-08-28 00:00:00,21485.57,21609.29,20928.82,21601.44
1756353600,2025-08-28 04:00:00,21600.58,21792.7,21219.56,21474.22
1756368000,2025-08-28 08:00:00,21475.07,22283.73,21359.51,22159.17
1756382400,2025-08-28 12:00:00,22159.74,22192.9,21613.53,21846.64
1756396800,2025-08-28 16:00:00,21848.03,21905.87,21083.44,21177.79
1756411200,2025-08-28 20:00:00,21179.17,21278.91,20442.77,20816.68
1756425600,2025-08-29 00:00:00,20818.03,21567.19,20676.52,21222.76
1756440000,2025-08-29 04:00:00,21222.16,21617.36,21124.99,21581.26
1756454400,2025-08-29 08:00:00,21582.25,21989.13,21045.3,21545.95
1756468800,2025-08-29 12:00:00,21549.76,21741.04,21227.85,21580.82
1756483200,2025-08-29 16:00:00,21579.31,21766.52,21095.76,21756.17
1756497600,2025-08-29 20:00:00,21755.52,22228.84,21689.16,22020.67
1756512000,2025-08-30 00:00:00,22022.32,22429.55,21605.39,22429.55
1756526400,2025-08-30 04:00:00,22427.63,22765.11,21608.29,21648.04
1756540800,2025-08-30 08:00:00,21650.16,21660.56,20907.13,21466.08
1756555200,2025-08-30 12:00:00,21464.08,21919.97,21431.2,21893.09
1756569600,2025-08-30 16:00:00,21894.26,22117.32,21629.75,21668.99
1756584000,2025-08-30 20:00:00,21671.23,22315.2,21368.69,22090.44
1756598400,2025-08-31 00:00:00,22083.2,22175.34,21365.89,21387.18
1756612800,2025-08-31 04:00:00,21389.02,21578.32,20711.14,21103.95
1756627200,2025-08-31 08:00:00,21103.38,21971.76,20911.81,21794.39
1756641600,2025-08-31 12:00:00,21789.45,22419.74,21717.69,22060.64
1756656000,2025-08-31 16:00:00,22058.55,22500.51,21738.2,22132.6
1756670400,2025-08-31 20:00:00,22130.89,22376.34,21491.96,21654.37
1756684800,2025-09-01 00:00:00,21653.78,22270.28,21635.65,22219.93
1756699200,2025-09-01 04:00:00,22220.36,22460.81,22085.38,22268.5
1756713600,2025-09-01 08:00:00,22269.33,22673.49,22096.54,22368.77
1756728000,2025-09-01 12:00:00,22368.7,22414.22,21922.32,21988.57
1756742400,2025-09-01 16:00:00,21989.56,22274.88,21679.53,22249.83
1756756800,2025-09-01 20:00:00,22249.4,22304.14,21088.04,21101.44
1756771200,2025-09-02 00:00:00,21096.94,21483.43,20942.32,21463.4
1756785600,2025-09-02 04:00:00,21457.69,21969.94,21437.79,21815.45
1756800000,2025-09-02 08:00:00,21816.8,22376.38,21440.43,22326.68
1756814400,2025-09-02 12:00:00,22327.76,22425.33,21805.79,22052.78
1756828800,2025-09-02 16:00:00,22055.37,22525.33,21491.51,21637.17
1756843200,2025-09-02 20:00:00,21637.52,21916.15,21299.1,21623.12
1756857600,2025-09-03 00:00:00,21623.73,21999.13,20953.87,21050.15
1756872000,2025-09-03 04:00:00,21050.06,21363.19,20888.46,21147.69
1756886400,2025-09-03 08:00:00,21055.82,21838.76,21039.03,21531.4
1756900800,2025-09-03 12:00:00,21528.86,21694.25,21134.95,21473.33
1756915200,2025-09-03 16:00:00,21473.67,21562.81,20855.14,20861.21
1756929600,2025-09-03 20:00:00,20862.68,21364.51,20810.43,21235.93
1756944000,2025-09-04 00:00:00,21234.65,21857.78,21165.32,21793.51
1756958400,2025-09-04 04:00:00,21795.51,21882.99,21094.26,21128.28
1756972800,2025-09-04 08:00:00,21126.27,21802.37,21067.81,21496.05
1756987200,2025-09-04 12:00:00,21493.82,21950.55,21327.48,21949.54
1757001600,2025-09-04 16:00:00,21945.77,22204.69,21680.28,21942.06
1757016000,2025-09-04 20:00:00,21949.24,22545.96,21526.47,22516.38
1757030400,2025-09-05 00:00:00,22516.56,23066.18,22444.3,23050.72
1757044800,2025-09-05 04:00:00,23053.4,24115.77,22887.44,24102.75
1757059200,2025-09-05 08:00:00,24101.52,24736.82,23915.59,24552.8
1757073600,2025-09-05 12:00:00,24556.72,25088.29,24361.13,24879.83
1757088000,2025-09-05 16:00:00,24880.1,25903.69,24794.84,25742.93
1757102400,2025-09-05 20:00:00,25738.55,25772.5,25150.08,25564.93
1757116800,2025-09-06 00:00:00,25567.11,26125.86,25503.73,25551.53
1757131200,2025-09-06 04:00:00,25555.74,26107.51,25544.98,25751.89
1757145600,2025-09-06 08:00:00,25751.72,25924.37,25436.72,25506.36
1757160000,2025-09-06 12:00:00,25514.43,26213.63,25433.93,25829.05
1757174400,2025-09-06 16:00:00,25833.39,25932.91,24861,25545.61
1757188800,2025-09-06 20:00:00,25547.45,25821.33,25379.89,25711.2
1757203200,2025-09-07 00:00:00,25710.34,26164.11,25669.71,26020.7
1757217600,2025-09-07 04:00:00,26022.53,26254.97,25678.53,25709.44
1757232000,2025-09-07 08:00:00,25708.72,26275.37,25562.86,26056.55
1757246400,2025-09-07 12:00:00,26056.71,26056.71,25209.81,25276.06
1757260800,2025-09-07 16:00:00,25277.67,25360.27,24690.15,25031.65
1757275200,2025-09-07 20:00:00,25031.06,25072.92,24341.69,25038.46
1757289600,2025-09-08 00:00:00,25039.6,25172.06,24272.95,24308.88
1757304000,2025-09-08 04:00:00,24311.98,24567.14,23839.68,24296.84
1757318400,2025-09-08 08:00:00,24299.67,24462.18,23712.58,23735.51
1757332800,2025-09-08 12:00:00,23732.16,23843.25,23344.44,23435.6
1757347200,2025-09-08 16:00:00,23436.28,23932.27,23276.1,23663.26
1757361600,2025-09-08 20:00:00,23661.67,23680.28,22780.82,23169.99
1757376000,2025-09-09 00:00:00,23170.04,23284.3,22601.8,23237.05
1757390400,2025-09-09 04:00:00,23232.03,23807.95,23109.12,23612.89
1757404800,2025-09-09 08:00:00,23610.71,24059.17,23549.43,23646.67
1757419200,2025-09-09 12:00:00,23645.84,23781.12,23167.36,23543.91
1757433600,2025-09-09 16:00:00,23540.53,23835.08,23183.66,23801.84
1757448000,2025-09-09 20:00:00,23806.22,24349.19,23770.85,24274.81
1757462400,2025-09-10 00:00:00,24273.81,24875.67,24021.28,24871.89
1757476800,2025-09-10 04:00:00,24872.33,25592.32,24564.29,24738.2
1757491200,2025-09-10 08:00:00,24732.85,25026.7,24466.83,24855.71
1757505600,2025-09-10 12:00:00,24852.71,25018.74,24411.76,24938.65
1757520000,2025-09-10 16:00:00,24939.06,25197.79,24603.59,25054.1
1757534400,2025-09-10 20:00:00,25052.31,25835.77,24906.29,25602.63
1757548800,2025-09-11 00:00:00,25600.76,25643.52,24494.25,24605.11
1757563200,2025-09-11 04:00:00,24607.84,24929.93,24399.9,24754.61
1757577600,2025-09-11 08:00:00,24753.32,25000.36,23681.88,23842.75
1757592000,2025-09-11 12:00:00,23844.01,24502.56,23771.33,23958.22
1757606400,2025-09-11 16:00:00,23963.3,24427.78,23805.04,23821.17
1757620800,2025-09-11 20:00:00,23825.27,24638.3,23681.52,24123.97
1757635200,2025-09-12 00:00:00,24126.8,24690.04,23806.98,24643.61
1757649600,2025-09-12 04:00:00,24649.35,25510.62,24151.78,25420.2
1757664000,2025-09-12 08:00:00,25426.31,25556.53,24928.1,25296.51
1757678400,2025-09-12 12:00:00,25299.24,25476.21,24764.35,25221.92
1757692800,2025-09-12 16:00:00,25218.99,25364.92,24652.42,25114.18
1757707200,2025-09-12 20:00:00,25116.19,25272.5,24585.79,25181.21
1757721600,2025-09-13 00:00:00,25188,25694.22,25071.8,25573.07
1757736000,2025-09-13 04:00:00,25573.05,27070.88,25531.5,26499.2
1757750400,2025-09-13 08:00:00,26500.57,26706.66,26241.36,26245.81
1757764800,2025-09-13 12:00:00,26243.34,26243.62,25481.61,25775.55
1757779200,2025-09-13 16:00:00,25779.77,25853.74,25043.11,25382.89
1757793600,2025-09-13 20:00:00,25380.91,26360.2,25379.22,26168.82
1757808000,2025-09-14 00:00:00,26169.22,26362.43,25575.25,25831.93
1757822400,2025-09-14 04:00:00,25834.45,26041.48,23774.02,24031.63
1757836800,2025-09-14 08:00:00,24032.61,24034.05,22991.83,23210.64
1757851200,2025-09-14 12:00:00,23207.54,23993.87,23075.14,23993.87
1757865600,2025-09-14 16:00:00,23997.08,24445.5,23568.95,24002.55
1757880000,2025-09-14 20:00:00,24006.23,24298.3,23679.89,23914.71
1757894400,2025-09-15 00:00:00,23917.94,23926,23346.27,23692.84
1757908800,2025-09-15 04:00:00,23693.72,23934.54,23369.76,23916.83
1757923200,2025-09-15 08:00:00,23914.14,24337.41,23797.79,24113.6
1757937600,2025-09-15 12:00:00,24113.08,24687.62,23957.82,24386.54
1757952000,2025-09-15 16:00:00,24389.89,24814.53,24378.16,24525.47
1757966400,2025-09-15 20:00:00,24524.53,24524.53,23424.66,23454.01
1757980800,2025-09-16 00:00:00,23452.02,23580.96,22874.76,23358.07
1757995200,2025-09-16 04:00:00,23351.34,23841.1,22977.63,23540.42
1758009600,2025-09-16 08:00:00,23542.72,24507.88,23391.19,24416.03
1758024000,2025-09-16 12:00:00,24413.84,24675.3,22979.29,23017.23
1758038400,2025-09-16 16:00:00,23014.58,23257.46,22337.6,22379.72
1758052800,2025-09-16 20:00:00,22379.85,23189.52,22345.69,23021.39
1758067200,2025-09-17 00:00:00,23021.29,23980.43,22991.7,23980.43
1758081600,2025-09-17 04:00:00,23980.45,24067.6,23318.02,23717.52
1758096000,2025-09-17 08:00:00,23719.5,23759.59,22572.27,22623.98
1758110400,2025-09-17 12:00:00,22623.73,22921.82,22464.33,22853.8
1758124800,2025-09-17 16:00:00,22855,23042.57,22448.25,23014.95
1758139200,2025-09-17 20:00:00,23012.96,23429.29,22974.95,23158.88
1758153600,2025-09-18 00:00:00,23160.42,23666.83,22989.71,23101.43
1758168000,2025-09-18 04:00:00,23096.46,23484.49,22687.49,23400.45
1758182400,2025-09-18 08:00:00,23400.78,23657.51,23085.95,23508.89
1758196800,2025-09-18 12:00:00,23507.11,23840.71,23169.6,23348.79
1758211200,2025-09-18 16:00:00,23347.48,23849.08,23167.55,23361.65
1758225600,2025-09-18 20:00:00,23363.7,23566.17,22896.25,23373.65
1758240000,2025-09-19 00:00:00,23370.85,23783.03,22955.43,23002.39
1758254400,2025-09-19 04:00:00,23003.74,23131.3,22512.49,22880.39
1758268800,2025-09-19 08:00:00,22882.09,22986.07,22502.29,22721.64
1758283200,2025-09-19 12:00:00,22722.05,22991.2,22047.17,22102.92
1758297600,2025-09-19 16:00:00,22103.82,22870.76,22020.37,22750.36
1758312000,2025-09-19 20:00:00,22748.21,22768.17,21842.81,22239.56
1758326400,2025-09-20 00:00:00,22241.23,22387.23,21775.01,22084.74
1758340800,2025-09-20 04:00:00,22081.73,22508.46,21764.26,22327.94
1758355200,2025-09-20 08:00:00,22325.06,22633.86,22185.41,22419.36
1758369600,2025-09-20 12:00:00,22417.41,23047.53,22331.01,22764.41
1758384000,2025-09-20 16:00:00,22767.85,22909.53,22353.95,22659.09
1758398400,2025-09-20 20:00:00,22655.75,22791.84,22379.08,22722.54
1758412800,2025-09-21 00:00:00,22724.45,22954.97,22293.39,22428.18
1758427200,2025-09-21 04:00:00,22429.47,22612.19,22159.79,22209.61
1758441600,2025-09-21 08:00:00,22211.03,22477.4,21831.44,22261.45
1758456000,2025-09-21 12:00:00,22259.06,22626.82,21822.04,22091.28
1758470400,2025-09-21 16:00:00,22087.89,22457.32,22001.35,22368.1
1758484800,2025-09-21 20:00:00,22366.54,22489.68,21757.85,21787.93
1758499200,2025-09-22 00:00:00,21786.31,22648.33,21730.04,22331.71
1758513600,2025-09-22 04:00:00,22332.01,22365.89,21363.98,21398.67
1758528000,2025-09-22 08:00:00,21400.75,21964.68,21322.26,21586.22
1758542400,2025-09-22 12:00:00,21582.13,21830.66,21224.25,21562.7
1758556800,2025-09-22 16:00:00,21566.12,22277.97,21525.97,21719.87
1758571200,2025-09-22 20:00:00,21717.89,22035.73,21556.69,21993.37
1758585600,2025-09-23 00:00:00,21991.13,22519.61,21767.86,21777.96
1758600000,2025-09-23 04:00:00,21777.08,21889.22,21255.28,21638.52
1758614400,2025-09-23 08:00:00,21636.12,21715.13,21077.37,21133.41
1758628800,2025-09-23 12:00:00,21137.23,22429.49,21133,22361.16
1758643200,2025-09-23 16:00:00,22360.81,23222.47,22340.59,22962.55
1758657600,2025-09-23 20:00:00,22963.49,23127.72,22415.47,22779.87
1758672000,2025-09-24 00:00:00,22777.6,23174.56,22354.63,22862.24
1758686400,2025-09-24 04:00:00,22868.17,23424.5,22824.97,23413.65
1758700800,2025-09-24 08:00:00,23413.97,23457.4,22321.9,22565.33
1758715200,2025-09-24 12:00:00,22563.62,22678.92,21909.54,22209.61
1758729600,2025-09-24 16:00:00,22208.55,22910.62,22059.43,22613.87
1758744000,2025-09-24 20:00:00,22620.1,22837.48,21986.06,22025.89
1758758400,2025-09-25 00:00:00,22027.54,22321.3,21899.66,22216.57
1758772800,2025-09-25 04:00:00,22216.6,22460.39,21797.66,22173.78
1758787200,2025-09-25 08:00:00,22168.9,23074.59,22135.97,22940.26
1758801600,2025-09-25 12:00:00,22942.14,23039.49,22448.8,22767.4
1758816000,2025-09-25 16:00:00,22765.97,23541.33,22732.78,23385.95
1758830400,2025-09-25 20:00:00,23385.76,23460.96,22660,22703.95
1758844800,2025-09-26 00:00:00,22702.71,23243.35,22219.17,23154.58
1758859200,2025-09-26 04:00:00,23153.91,23377.29,22886.57,22982.4
1758873600,2025-09-26 08:00:00,22982.19,23224.86,22739.84,22932.56
1758888000,2025-09-26 12:00:00,22935.9,23735.47,22871.11,23707.48
1758902400,2025-09-26 16:00:00,23709.67,23804.03,22671.13,22766.71
1758916800,2025-09-26 20:00:00,22761.67,23080.62,22549.9,22705.85
1758931200,2025-09-27 00:00:00,22704.74,22732.78,22143.11,22582.43
1758945600,2025-09-27 04:00:00,22585.58,22986.17,22471.88,22734.42
1758960000,2025-09-27 08:00:00,22736.02,22833.31,21804.66,22085.72
1758974400,2025-09-27 12:00:00,22085.49,22261.49,21719.96,21845.43
1758988800,2025-09-27 16:00:00,21846.27,21861.46,20966.43,21280.87
1759003200,2025-09-27 20:00:00,21278.64,21524.56,20928.55,21300.74
1759017600,2025-09-28 00:00:00,21296.48,21561.87,21064.83,21173.56
1759032000,2025-09-28 04:00:00,21174.17,21329.58,20842.19,20994.12
1759046400,2025-09-28 08:00:00,20998.45,21457.91,20834.38,21338.43
1759060800,2025-09-28 12:00:00,21337.61,21593.31,20802.84,20927.94
1759075200,2025-09-28 16:00:00,20928.1,20978.9,20533.81,20543.92
1759089600,2025-09-28 20:00:00,20547.06,21345.41,20417.51,21226.25
1759104000,2025-09-29 00:00:00,21224.2,22102.08,21205.43,22032.16
1759118400,2025-09-29 04:00:00,22034.79,22108.67,21431.68,21666.4
1759132800,2025-09-29 08:00:00,21665.68,22014.82,21493.42,21922.39
1759147200,2025-09-29 12:00:00,21914.85,22080.6,21610.5,21953.66
1759161600,2025-09-29 16:00:00,21952.99,22291.07,21749.77,22074.12
1759176000,2025-09-29 20:00:00,22073.77,22292.6,21785.19,21898.24
1759190400,2025-09-30 00:00:00,21897.73,22050.51,21543.76,21826.65
1759204800,2025-09-30 04:00:00,21824.09,22075.42,21420.42,21673.58
1759219200,2025-09-30 08:00:00,21680.86,22141.15,21587.05,22073.77
1759233600,2025-09-30 12:00:00,22066.9,22303.47,21546.37,21654.3
1759248000,2025-09-30 16:00:00,21654.17,22453.7,21644.77,22331.36
1759262400,2025-09-30 20:00:00,22329.67,22749.8,21940.75,22681.71
1759276800,2025-10-01 00:00:00,22683.05,23100.65,22630.86,22685.02
1759291200,2025-10-01 04:00:00,22678.47,23186.95,22626.73,23077.92
1759305600,2025-10-01 08:00:00,23075.37,23366.71,22618.83,23116.06
1759320000,2025-10-01 12:00:00,23115.13,23555.65,23068.19,23376.92
1759334400,2025-10-01 16:00:00,23373.41,23402.86,22580.44,23099.18
1759348800,2025-10-01 20:00:00,23104.63,23410.85,22888.6,23345.9
1759363200,2025-10-02 00:00:00,23343.23,23777.05,23115.27,23422.75
1759377600,2025-10-02 04:00:00,23424.64,24684.86,23256.77,24431.79
1759392000,2025-10-02 08:00:00,24435.07,25217.65,24275.84,25194.21
1759406400,2025-10-02 12:00:00,25195.04,25495.7,24841.75,25255.48
1759420800,2025-10-02 16:00:00,25259.11,25274.21,24180.74,24323.6
1759435200,2025-10-02 20:00:00,24323.4,24342.64,23178.36,23382.84
1759449600,2025-10-03 00:00:00,23386.34,23750.49,22884.48,23324.35
1759464000,2025-10-03 04:00:00,23326.03,23396.38,22618.74,23032.87
1759478400,2025-10-03 08:00:00,23034.92,23812.8,22887.04,23626.55
1759492800,2025-10-03 12:00:00,23634.34,24610.18,23311.06,24502.35
1759507200,2025-10-03 16:00:00,24495.92,24815.87,24130.64,24166.69
1759521600,2025-10-03 20:00:00,24170.35,25021.87,24065.13,24922.45
1759536000,2025-10-04 00:00:00,24923.48,24995.65,23664.89,24276.31
1759550400,2025-10-04 04:00:00,24275.67,24322.83,23507.89,24167.39
1759564800,2025-10-04 08:00:00,24170.54,24985.96,23976.66,23986.49
1759579200,2025-10-04 12:00:00,23987.1,24762.03,23760.51,24587.42
1759593600,2025-10-04 16:00:00,24585.48,25671.86,24517.23,25575.63
1759608000,2025-10-04 20:00:00,25579.47,25659.25,24776.72,25546.4
1759622400,2025-10-05 00:00:00,25540.94,25938.61,25278.09,25758.63
1759636800,2025-10-05 04:00:00,25752.82,25787.17,24945.45,25413.95
1759651200,2025-10-05 08:00:00,25408.58,25660.5,25059.96,25189.07
1759665600,2025-10-05 12:00:00,25189.1,26299.02,25189.1,26160.56
1759680000,2025-10-05 16:00:00,26160.66,26173.68,25293.92,25772.33
1759694400,2025-10-05 20:00:00,25773.82,27135.03,25693.64,27049.33
1759708800,2025-10-06 00:00:00,27053.1,27787.59,26714.39,27634.91
1759723200,2025-10-06 04:00:00,27636.33,28136.66,27206.58,27431.92
1759737600,2025-10-06 08:00:00,27431.56,27585.41,26162.4,26707.15
1759752000,2025-10-06 12:00:00,26703.39,27100.65,26006.74,26105.42
1759766400,2025-10-06 16:00:00,26107.44,26653.76,25878.42,26624.91
1759780800,2025-10-06 20:00:00,26624.43,26921.91,26409.04,26803.58
1759795200,2025-10-07 00:00:00,26801.85,27016.05,26215.59,26417.68
1759809600,2025-10-07 04:00:00,26421.89,26433.46,25755.46,26194.12
1759824000,2025-10-07 08:00:00,26194.99,26197.7,25498.9,26055.39
1759838400,2025-10-07 12:00:00,26053.1,26552.58,25414.02,25524.9
1759852800,2025-10-07 16:00:00,25523.09,26067.78,25453.48,25844.05
1759867200,2025-10-07 20:00:00,25846.88,25846.88,25292.53,25361.72
1759881600,2025-10-08 00:00:00,25361.99,25684.79,24728.38,24772.37
1759896000,2025-10-08 04:00:00,24772.18,24821.99,24288.55,24405.59
1759910400,2025-10-08 08:00:00,24406.85,24628.42,24049.65,24569.43
1759924800,2025-10-08 12:00:00,24574.43,25048.77,24400.82,24400.82
1759939200,2025-10-08 16:00:00,24400.39,24442.62,23921.87,24094.12
1759953600,2025-10-08 20:00:00,24096.66,25098.57,23958.19,25018.6
1759968000,2025-10-09 00:00:00,25016.44,25277.85,24306.99,25270.58
1759982400,2025-10-09 04:00:00,25268.18,26262.79,25059.84,25815.93
1759996800,2025-10-09 08:00:00,25809.71,25986.36,25113.76,25318.68
1760011200,2025-10-09 12:00:00,25318.47,25669.58,25158.38,25189.99
1760025600,2025-10-09 16:00:00,25193.42,25233.87,24518.82,24632.09
1760040000,2025-10-09 20:00:00,24630.8,25041.24,24355.92,24495.37
1760054400,2025-10-10 00:00:00,24494.16,24921.52,24056.18,24719.03
1760068800,2025-10-10 04:00:00,24716.81,24727.5,23807.19,24487.18
1760083200,2025-10-10 08:00:00,24485.57,24849.56,24180.51,24320.67
1760097600,2025-10-10 12:00:00,24315.82,24608.1,23770.33,23990.33
1760112000,2025-10-10 16:00:00,23986.71,24080.59,22919.97,23035.25
1760126400,2025-10-10 20:00:00,23035.14,23064.28,22478.31,22481.8
1760140800,2025-10-11 00:00:00,22482.86,22962.58,22361.08,22915.47
1760155200,2025-10-11 04:00:00,22915.4,23114.33,22327.21,22327.21
1760169600,2025-10-11 08:00:00,22330.77,22985.79,22267.22,22902.65
1760184000,2025-10-11 12:00:00,22904.07,23567.14,22752.08,23344.19
1760198400,2025-10-11 16:00:00,23344.16,23392.18,22459.18,22541.47
1760212800,2025-10-11 20:00:00,22535.99,22736.28,22191.47,22432.31
1760227200,2025-10-12 00:00:00,22429.34,22655.22,22123.61,22289.77
1760241600,2025-10-12 04:00:00,22286.24,22298.92,21609.71,22014.57
1760256000,2025-10-12 08:00:00,22011.99,22440.93,21658.84,21804.69
1760270400,2025-10-12 12:00:00,21804.98,21804.98,21055.32,21479.9
1760284800,2025-10-12 16:00:00,21478.99,22274.41,21287.71,22191.17
1760299200,2025-10-12 20:00:00,22190.72,22421.63,21840.26,22196.03
1760313600,2025-10-13 00:00:00,22196.42,22776.75,22044.9,22725.72
1760328000,2025-10-13 04:00:00,22724.98,23107.18,22321.31,22375.36
1760342400,2025-10-13 08:00:00,22379.02,23472.64,22362.18,23041.88
1760356800,2025-10-13 12:00:00,23038.69,23426.92,22906.43,23135.2
1760371200,2025-10-13 16:00:00,23131.05,23308.15,22572.25,22656.5
1760385600,2025-10-13 20:00:00,22660.92,22821.61,22348.31,22620.73
1760400000,2025-10-14 00:00:00,22620.41,23130.04,22358.24,23113.83
1760414400,2025-10-14 04:00:00,23110.3,23940.16,23039.61,23783.81
1760428800,2025-10-14 08:00:00,23780.46,23981.59,23159.59,23166.85
1760443200,2025-10-14 12:00:00,23164.99,23512.77,22763.66,23481.63
1760457600,2025-10-14 16:00:00,23484.9,24294.77,23459.3,23979.36
1760472000,2025-10-14 20:00:00,23977.55,24103.32,23572.99,24068.62
1760486400,2025-10-15 00:00:00,24067.95,24269.57,23468.84,23511.83
1760500800,2025-10-15 04:00:00,23509.79,24009.37,23442.56,23991.79
1760515200,2025-10-15 08:00:00,23995.58,24628.51,23948.55,23980.81
1760529600,2025-10-15 12:00:00,23979.98,24894,23979.98,24713.34
1760544000,2025-10-15 16:00:00,24709.11,24879.89,24346.68,24596.82
1760558400,2025-10-15 20:00:00,24590.42,24712.93,23799.2,23848.68
1760572800,2025-10-16 00:00:00,23852.56,24100.48,23116.16,23511.59
1760587200,2025-10-16 04:00:00,23506.86,23519.81,22495.82,22635.67
1760601600,2025-10-16 08:00:00,22633.84,22940.58,22457.35,22557.19
1760616000,2025-10-16 12:00:00,22557.55,22634.77,21996.15,22330.93
1760630400,2025-10-16 16:00:00,22337.28,22771.61,21980.64,22010.8
1760644800,2025-10-16 20:00:00,22011.5,22249.16,21549.26,21572.36
1760659200,2025-10-17 00:00:00,21572.01,21590.73,20657.21,20837.4
1760673600,2025-10-17 04:00:00,20842.22,21239.29,20627.2,20968.53
1760688000,2025-10-17 08:00:00,20964.2,21644.5,20813.52,21478.9
1760702400,2025-10-17 12:00:00,21473.61,22565.63,21174.17,22549.69
1760716800,2025-10-17 16:00:00,22549.71,22808.77,22255.48,22722.9
1760731200,2025-10-17 20:00:00,22720.31,22816.34,21853.33,21946.57
1760745600,2025-10-18 00:00:00,21944.4,22075.99,21400.35,21832.52
1760760000,2025-10-18 04:00:00,21830.42,22199.36,21580.01,21665.81
1760774400,2025-10-18 08:00:00,21664.13,21680.42,20815.27,21238.14
1760788800,2025-10-18 12:00:00,21239.47,21418.19,21063.42,21179.22
1760803200,2025-10-18 16:00:00,21177.34,21868.58,20947.67,21567.45
1760817600,2025-10-18 20:00:00,21571.18,21641.43,20712.52,20712.52
1760832000,2025-10-19 00:00:00,20709.31,21571.86,20681.1,21397
1760846400,2025-10-19 04:00:00,21396.31,21764.37,21072.43,21314.75
1760860800,2025-10-19 08:00:00,21319.04,21857.85,21264.22,21855.64
1760875200,2025-10-19 12:00:00,21860.1,22565.35,21768.76,22205.45
1760889600,2025-10-19 16:00:00,22202.85,22575.74,21545.56,21643
1760904000,2025-10-19 20:00:00,21643.02,22664.3,21431.66,22218.3
1760918400,2025-10-20 00:00:00,22217.51,23050.14,22209.39,22976.61
1760932800,2025-10-20 04:00:00,22976.42,23648.73,22960.94,23647.13
1760947200,2025-10-20 08:00:00,23649.25,24188.9,23303.76,24012.42
1760961600,2025-10-20 12:00:00,24012.24,24455.58,23699.5,24082.19
1760976000,2025-10-20 16:00:00,24079.67,24224.9,23515.57,23552.12
1760990400,2025-10-20 20:00:00,23552.61,23674.68,23211.74,23310.44
1761004800,2025-10-21 00:00:00,23311.52,23600.14,22950.95,23140.47
1761019200,2025-10-21 04:00:00,23133.95,23790.95,23044.01,23589.97
1761033600,2025-10-21 08:00:00,23584.5,23802.87,23292.54,23501.72
1761048000,2025-10-21 12:00:00,23502.05,23971.75,22775.1,22847.74
1761062400,2025-10-21 16:00:00,22849.69,23139.77,22737.92,22862.96
1761076800,2025-10-21 20:00:00,22867.91,22959.86,21997.78,22103.41
1761091200,2025-10-22 00:00:00,22101.54,22303.9,21548.2,21721.84
1761105600,2025-10-22 04:00:00,21723.54,21796.08,21284.15,21373.21
1761120000,2025-10-22 08:00:00,21376.48,21491.97,20964.21,21193.02
1761134400,2025-10-22 12:00:00,21189.14,21814.57,21124.31,21487.08
1761148800,2025-10-22 16:00:00,21492.27,21751.16,21281.7,21315.78
1761163200,2025-10-22 20:00:00,21315.57,21659.13,21154.42,21366.73
1761177600,2025-10-23 00:00:00,21371.88,21376.34,20140.24,20458.12
1761192000,2025-10-23 04:00:00,20454.94,21274.78,20290.91,21000.77
1761206400,2025-10-23 08:00:00,20996.86,21764.65,20822.33,21714.54
1761220800,2025-10-23 12:00:00,21711.38,21914.98,21521.65,21826.64
1761235200,2025-10-23 16:00:00,21826.11,22241.77,21266.32,22139.91
1761249600,2025-10-23 20:00:00,22140,22181.77,21532.03,21909.07
1761264000,2025-10-24 00:00:00,21908.39,22165.87,21560.91,22044.44
1761278400,2025-10-24 04:00:00,22040.81,22789.79,22016.85,22743.36
1761292800,2025-10-24 08:00:00,22748.47,22847,22334.99,22497.81
1761307200,2025-10-24 12:00:00,22500.03,22572.91,21937.55,22035.47
1761321600,2025-10-24 16:00:00,22033.24,22133.66,21730.46,21915.57
1761336000,2025-10-24 20:00:00,21916.11,22577.39,21791.13,22541.12
1761350400,2025-10-25 00:00:00,22542.9,22942.09,22154.77,22392.9
1761364800,2025-10-25 04:00:00,22391.83,22436.13,21856.55,21884.63
1761379200,2025-10-25 08:00:00,21885.9,22454.66,21858.08,22011.91
1761393600,2025-10-25 12:00:00,22013.67,22312.42,21678.25,21791.85
1761408000,2025-10-25 16:00:00,21794.4,21980.48,21403.96,21482.68
1761422400,2025-10-25 20:00:00,21487.26,22194.63,21454.36,21933.52
1761436800,2025-10-26 00:00:00,21936.83,22594.38,21853.74,22339.52
1761451200,2025-10-26 04:00:00,22338.72,22464.56,21968.87,22061.39
1761465600,2025-10-26 08:00:00,22056.65,22562.23,21949.26,22212.57
1761480000,2025-10-26 12:00:00,22214.15,22845.12,22192.4,22645.3
1761494400,2025-10-26 16:00:00,22649.82,23008.41,21945.22,22382.39
1761508800,2025-10-26 20:00:00,22381.26,22718.82,22308.53,22485.78
1761523200,2025-10-27 00:00:00,22484.95,23133.76,22461.98,23115.85
1761537600,2025-10-27 04:00:00,23114.43,23368.09,22575.01,23027.75
1761552000,2025-10-27 08:00:00,23021.58,23739.01,22927.51,23610.71
1761566400,2025-10-27 12:00:00,23614.49,24174.46,23505.03,24120.86
1761580800,2025-10-27 16:00:00,24118.62,24434.92,23564.53,23582.51
1761595200,2025-10-27 20:00:00,23584.7,24161.11,23415.94,24082.81
1761609600,2025-10-28 00:00:00,24078.36,24307.5,23378.8,23462.93
1761624000,2025-10-28 04:00:00,23456.5,24134.28,23034.09,23889.22
1761638400,2025-10-28 08:00:00,23894.76,23944.88,23028.6,23070.75
1761652800,2025-10-28 12:00:00,23072.98,23387.51,22601.09,22625.92
1761667200,2025-10-28 16:00:00,22627.65,22790.13,22265.56,22751.9
1761681600,2025-10-28 20:00:00,22751.75,23112.85,22608.71,22810.49
1761696000,2025-10-29 00:00:00,22810.73,23021.38,22059.48,22125.83
1761710400,2025-10-29 04:00:00,22126.21,22361.8,21805.42,22053.12
1761724800,2025-10-29 08:00:00,22051.03,22661.74,21977.62,22547.38
1761739200,2025-10-29 12:00:00,22550.66,22977.5,22393.07,22611.64
1761753600,2025-10-29 16:00:00,22608.84,22662.83,22119.7,22346.38
1761768000,2025-10-29 20:00:00,22347.13,22403.89,21757.1,21763.93
1761782400,2025-10-30 00:00:00,21769.24,22029.86,21282.18,21932.16
1761796800,2025-10-30 04:00:00,21927.98,22625.97,21912.25,22444.48
1761811200,2025-10-30 08:00:00,22445.63,22741.17,22287.36,22387.88
1761825600,2025-10-30 12:00:00,22383.47,22641.05,22126.55,22626.31
1761840000,2025-10-30 16:00:00,22636.13,22720.51,22399.44,22501.18
1761854400,2025-10-30 20:00:00,22498.31,23668.88,22333.67,23644.06
1761868800,2025-10-31 00:00:00,23641.55,23749.63,22900.75,23486.34
1761883200,2025-10-31 04:00:00,23485.99,23656.72,22995.72,23139.96
1761897600,2025-10-31 08:00:00,23141.67,23307.91,22507.15,22533.12
1761912000,2025-10-31 12:00:00,22528.64,23060.15,22520.11,22670.66
1761926400,2025-10-31 16:00:00,22672.56,23099.68,22542.31,22702.02
1761940800,2025-10-31 20:00:00,22704.37,23121.63,22704.37,22936.24
1761955200,2025-11-01 00:00:00,22934.93,22938.68,22458.16,22705.73
1761969600,2025-11-01 04:00:00,22705.64,22810.35,22319.35,22516.2
1761984000,2025-11-01 08:00:00,22514.43,22799.52,22070.24,22082.41
1761998400,2025-11-01 12:00:00,22085.42,22588.62,22001.47,22227.31
1762012800,2025-11-01 16:00:00,22225.71,22540.71,22172.58,22445.54
1762027200,2025-11-01 20:00:00,22446.4,22640.18,22070.88,22104.28
1762041600,2025-11-02 00:00:00,22107.04,22311.11,21406.43,21476.66
1762056000,2025-11-02 04:00:00,21479.21,21733.39,21122.61,21308.08
1762070400,2025-11-02 08:00:00,21305.35,21735.89,21076.21,21199.33
1762084800,2025-11-02 12:00:00,21201.73,21749.47,21084.55,21473.85
1762099200,2025-11-02 16:00:00,21472.61,21737.38,21270.33,21518.57
1762113600,2025-11-02 20:00:00,21519.64,21978.49,21280.24,21319.23
1762128000,2025-11-03 00:00:00,21320.57,21881.94,21065.25,21218.34
1762142400,2025-11-03 04:00:00,21218.55,21610.98,21065.54,21488.49
1762156800,2025-11-03 08:00:00,21485.91,21710.52,21041.48,21443.2
1762171200,2025-11-03 12:00:00,21447.27,21559.92,20523.83,21124.61
1762185600,2025-11-03 16:00:00,21125.75,21354.56,20563.09,20580.42
1762200000,2025-11-03 20:00:00,20577.3,20796.71,19953.29,20391.04
1762214400,2025-11-04 00:00:00,20388.35,20686.36,20341.78,20579.6
1762228800,2025-11-04 04:00:00,20579.61,20855.76,20307.81,20520.53
1762243200,2025-11-04 08:00:00,20521.73,20735.7,20232.79,20286.63
1762257600,2025-11-04 12:00:00,20285.84,20683.37,19926.81,20569.97
1762272000,2025-11-04 16:00:00,20573.12,20589.78,20063.3,20118.9
1762286400,2025-11-04 20:00:00,20114.12,20310.48,19802.46,20121.19
1762300800,2025-11-05 00:00:00,20124.56,20375.88,19591.78,19660.24
1762315200,2025-11-05 04:00:00,19657.99,20503.03,19637.14,20186.58
1762329600,2025-11-05 08:00:00,20183.07,20468.9,19987.28,20397.9
1762344000,2025-11-05 12:00:00,20399.56,20418.27,19845.33,19862.2
1762358400,2025-11-05 16:00:00,19860.74,20299.81,19623.88,19661.04
1762372800,2025-11-05 20:00:00,19662.19,20021.67,19429.17,19704.76
1762387200,2025-11-06 00:00:00,19701.24,19934.23,19377.03,19804.21
1762401600,2025-11-06 04:00:00,19806.68,19831.41,18904.99,18967.44
1762416000,2025-11-06 08:00:00,18969.04,19230.51,18847.35,18997.6
1762430400,2025-11-06 12:00:00,18997.35,19007.28,18275.27,18302.73
1762444800,2025-11-06 16:00:00,18302.18,18526.58,18171.37,18394.99
1762459200,2025-11-06 20:00:00,18396.89,19176.86,18321.67,19040.77
1762473600,2025-11-07 00:00:00,19037.97,19154.9,18644.61,18651.47
1762488000,2025-11-07 04:00:00,18651.92,19139.55,18542.46,18972.82
1762502400,2025-11-07 08:00:00,18970.35,19048.38,18438.19,18852.09
1762516800,2025-11-07 12:00:00,18851.9,19216.72,18770.15,19002.45
1762531200,2025-11-07 16:00:00,19004.72,19073.4,18455.52,18482.98
1762545600,2025-11-07 20:00:00,18483.59,18743.19,18353.62,18412.68
1762560000,2025-11-08 00:00:00,18412.34,18443.6,18044.49,18335.18
1762574400,2025-11-08 04:00:00,18334.96,18609.76,18013.93,18280.28
1762588800,2025-11-08 08:00:00,18279.97,18598.74,18120.83,18462.52
1762603200,2025-11-08 12:00:00,18464.4,18603.64,17647.7,17759.74
1762617600,2025-11-08 16:00:00,17756.15,18212.43,17705.13,18212.43
1762632000,2025-11-08 20:00:00,18213.37,18247.58,17875.54,18006.61
1762646400,2025-11-09 00:00:00,18005.75,18030.61,17093.63,17098.41
1762660800,2025-11-09 04:00:00,17097.72,17174.81,16743.76,17139.92
1762675200,2025-11-09 08:00:00,17136.24,17771.04,17102.62,17491.8
1762689600,2025-11-09 12:00:00,17489.62,17705.5,17296.6,17611.72
1762704000,2025-11-09 16:00:00,17612.73,17857.96,17090.56,17407.01
1762718400,2025-11-09 20:00:00,17408.66,17677.32,16555.13,16698.59
1762732800,2025-11-10 00:00:00,16697.64,17284.97,16666.01,17155.52
1762747200,2025-11-10 04:00:00,17153.93,17180.68,16750.83,16870.49
1762761600,2025-11-10 08:00:00,16866.83,17016.81,16422.67,16626.01
1762776000,2025-11-10 12:00:00,16626.35,16685.23,16141.04,16180.13
1762790400,2025-11-10 16:00:00,16179.58,16864.47,16157.24,16539.62
1762804800,2025-11-10 20:00:00,16539.63,16685.18,16197.69,16414.42
1762819200,2025-11-11 00:00:00,16418.43,16468.94,16014.55,16199.48
1762833600,2025-11-11 04:00:00,16200.57,16246.04,15747.76,15877.56
1762848000,2025-11-11 08:00:00,15877.24,15921.46,15517.93,15807.68
1762862400,2025-11-11 12:00:00,15805.35,16344.55,15723.74,16338.65
1762876800,2025-11-11 16:00:00,16340.94,16388.54,16007.35,16107.05
1762891200,2025-11-11 20:00:00,16114.47,16338.6,15961.64,15970.04
1762905600,2025-11-12 00:00:00,15969.93,15969.93,15378.09,15399.65
1762920000,2025-11-12 04:00:00,15399.19,15464.03,15075.47,15086.66
1762934400,2025-11-12 08:00:00,15089.21,15436.8,15024.39,15243.99
1762948800,2025-11-12 12:00:00,15246.75,15439.14,14677.47,14691.09
1762963200,2025-11-12 16:00:00,14690.49,15102.32,14664.91,14916.83
1762977600,2025-11-12 20:00:00,14920.34,14994.83,14480.88,14628.53
1762992000,2025-11-13 00:00:00,14630.03,14887.68,14201.55,14759.88
1763006400,2025-11-13 04:00:00,14759.56,15282.31,14620.84,15045.45
1763020800,2025-11-13 08:00:00,15049.27,15179.37,14628.48,14971.87
1763035200,2025-11-13 12:00:00,14972.16,15263.8,14775.98,15077.97
1763049600,2025-11-13 16:00:00,15078.2,15545.52,15026.08,15505.53
1763064000,2025-11-13 20:00:00,15505.92,15563.52,15120.02,15342.54
1763078400,2025-11-14 00:00:00,15341.59,15447.6,15132.94,15291.67
1763092800,2025-11-14 04:00:00,15296.22,15457.61,15040.89,15408.7
1763107200,2025-11-14 08:00:00,15410.49,15410.99,14938.64,15109.89
1763121600,2025-11-14 12:00:00,15110.87,15288.79,15011.42,15207.49
1763136000,2025-11-14 16:00:00,15207.85,16039.12,15148.89,15977.73
1763150400,2025-11-14 20:00:00,15974.93,17088.62,15949.87,17019.45
1763164800,2025-11-15 00:00:00,17017.95,17224.48,16862.97,17220.84
1763179200,2025-11-15 04:00:00,17221.24,17495.51,17008.32,17379.25
1763193600,2025-11-15 08:00:00,17381.45,17823.41,17374.58,17499.62
1763208000,2025-11-15 12:00:00,17499.85,17866.92,17457.4,17839.78
1763222400,2025-11-15 16:00:00,17840.13,17919.74,17327.1,17436.14
1763236800,2025-11-15 20:00:00,17435.91,17671.88,17250.65,17545.61
1763251200,2025-11-16 00:00:00,17542.87,17596.96,17066.9,17527.84
1763265600,2025-11-16 04:00:00,17528.83,17604.06,17217.05,17309.33
1763280000,2025-11-16 08:00:00,17304.4,17518.23,17087.13,17264.29
1763294400,2025-11-16 12:00:00,17263.82,17545.51,17136.49,17429.29
1763308800,2025-11-16 16:00:00,17433.49,17571.51,16967.09,17223.87
1763323200,2025-11-16 20:00:00,17219.6,17596.41,17111.01,17331.53
1763337600,2025-11-17 00:00:00,17331.11,17430.24,16858.7,16908.81
1763352000,2025-11-17 04:00:00,16910.44,16930.5,16690.63,16697.75
1763366400,2025-11-17 08:00:00,16701.6,17256.21,16559,17194.22
1763380800,2025-11-17 12:00:00,17195.2,17460.86,17091.44,17359.73
1763395200,2025-11-17 16:00:00,17358.85,17530.46,16973.99,17170.54
1763409600,2025-11-17 20:00:00,17171.95,17200.55,16770.95,16804.16
1763424000,2025-11-18 00:00:00,16803.54,16804.32,16275,16408.02
1763438400,2025-11-18 04:00:00,16406.22,16592.6,16124.98,16428.11
1763452800,2025-11-18 08:00:00,16426.64,16503.09,16003.09,16157.79
1763467200,2025-11-18 12:00:00,16157.27,16305.57,15966.61,16131.92
1763481600,2025-11-18 16:00:00,16132.22,16980.14,16120.68,16869.03
1763496000,2025-11-18 20:00:00,16866.33,17263.23,16859.57,16985.43
1763510400,2025-11-19 00:00:00,16983.35,17319.37,16961.5,17131.57
1763524800,2025-11-19 04:00:00,17135.2,17281.22,16388.07,16571.81
1763539200,2025-11-19 08:00:00,16570.81,17495.38,16509.61,17479.36
1763553600,2025-11-19 12:00:00,17481.88,17617.44,17234.83,17321.01
1763568000,2025-11-19 16:00:00,17319.55,17710.4,17196.73,17452.25
1763582400,2025-11-19 20:00:00,17452.91,17792.17,17282.21,17748.7
1763596800,2025-11-20 00:00:00,17745.37,18271.61,17704.09,18213.18
1763611200,2025-11-20 04:00:00,18212.76,18324.56,17747.45,17808.13
1763625600,2025-11-20 08:00:00,17810.19,17996.85,17536.2,17967.67
1763640000,2025-11-20 12:00:00,17967.54,18240.08,17815.1,18073.07
1763654400,2025-11-20 16:00:00,18072.86,18227.85,17808.32,18063.79
1763668800,2025-11-20 20:00:00,18065.22,18672.25,17858.56,18397.22
1763683200,2025-11-21 00:00:00,18397.71,18515.41,17762.86,17875.82
1763697600,2025-11-21 04:00:00,17874.88,18626.25,17840.96,18326.24
1763712000,2025-11-21 08:00:00,18331.7,18742.52,18178.1,18225.84
1763726400,2025-11-21 12:00:00,18223.88,18530.09,18061.76,18351.34
1763740800,2025-11-21 16:00:00,18349.17,18455.67,17813.93,17903.27
1763755200,2025-11-21 20:00:00,17902.13,17977.31,17507.64,17782.2
1763769600,2025-11-22 00:00:00,17784.64,18465.52,17739.38,18224.27
1763784000,2025-11-22 04:00:00,18227.51,18263.79,17791.01,17819.24
1763798400,2025-11-22 08:00:00,17819.69,17835.47,17121.42,17306.2
1763812800,2025-11-22 12:00:00,17305.99,17361.96,16707.43,16758.73
1763827200,2025-11-22 16:00:00,16761.4,17062.91,16619.66,16925.48
1763841600,2025-11-22 20:00:00,16924.99,17576.25,16756.25,17367.26
1763856000,2025-11-23 00:00:00,17367.06,17578.62,17141.75,17156.1
1763870400,2025-11-23 04:00:00,17157.03,17345.37,16803.27,17321.7
1763884800,2025-11-23 08:00:00,17322.72,17342.16,16900.5,16900.5
1763899200,2025-11-23 12:00:00,16898.04,17186.9,16670.35,16864.34
1763913600,2025-11-23 16:00:00,16864,17076.61,16711.31,17063.54
1763928000,2025-11-23 20:00:00,17064.59,17553.66,16840.25,16945.87
1763942400,2025-11-24 00:00:00,16944.28,17309.02,16793.09,17197.54
1763956800,2025-11-24 04:00:00,17197.27,17247.96,16744.11,16847.09
1763971200,2025-11-24 08:00:00,16843.79,17115.74,16665.37,16970.15
1763985600,2025-11-24 12:00:00,16970.22,17164.68,16702.66,16962.99
1764000000,2025-11-24 16:00:00,16961.04,17658.24,16935.44,17538.18
1764014400,2025-11-24 20:00:00,17537.36,17901.6,17217.16,17774.55
1764028800,2025-11-25 00:00:00,17773.3,18019.55,17622.26,17934.81
1764043200,2025-11-25 04:00:00,17931.1,18291.17,17751.77,18215.84
1764057600,2025-11-25 08:00:00,18215.5,18295.29,17614.23,17826.68
1764072000,2025-11-25 12:00:00,17824.78,18069.18,17537.43,17653.05
1764086400,2025-11-25 16:00:00,17656.36,18096.39,17406.65,18055.9
1764100800,2025-11-25 20:00:00,18058.09,18195.64,17869.7,17940.89
1764115200,2025-11-26 00:00:00,17941.66,18116.54,17475.27,17505.78
1764129600,2025-11-26 04:00:00,17506.56,17797.71,17396.44,17677.77
1764144000,2025-11-26 08:00:00,17676.43,18159.36,17351.01,18129.22
1764158400,2025-11-26 12:00:00,18130.15,18790.56,18044.14,18582.11
1764172800,2025-11-26 16:00:00,18580.51,18955.75,18391.2,18890.78
1764187200,2025-11-26 20:00:00,18892.59,19560.29,18859.99,19550.49
1764201600,2025-11-27 00:00:00,19549.67,19877.21,19427.78,19796.3
1764216000,2025-11-27 04:00:00,19796.16,20082.29,19604.68,19737.99
1764230400,2025-11-27 08:00:00,19736.3,19741.65,19060.69,19428.62
1764244800,2025-11-27 12:00:00,19423.93,20131.5,19257.79,20122.41
1764259200,2025-11-27 16:00:00,20124.29,20838.19,20030.39,20753.65
1764273600,2025-11-27 20:00:00,20753.82,21297.06,20651.96,21247.6
1764288000,2025-11-28 00:00:00,21248.2,21976.79,21239.68,21777.75
1764302400,2025-11-28 04:00:00,21776.82,21846.06,21101.29,21105.84
1764316800,2025-11-28 08:00:00,21108.61,21178.16,20417.01,20451.56
1764331200,2025-11-28 12:00:00,20451.32,20453.86,19396.48,19401
1764345600,2025-11-28 16:00:00,19403.33,19767.16,19353.76,19532.95
1764360000,2025-11-28 20:00:00,19530.52,19555.57,18984.88,19388.49
1764374400,2025-11-29 00:00:00,19387.22,19930,19346.15,19642.07
1764388800,2025-11-29 04:00:00,19643.11,19883.51,19350.6,19657.97
1764403200,2025-11-29 08:00:00,19659.6,19675.1,19302.95,19479.1
1764417600,2025-11-29 12:00:00,19475.03,19998.61,19475.03,19948.12
1764432000,2025-11-29 16:00:00,19947.4,20213.5,19772.35,20154.8
1764446400,2025-11-29 20:00:00,20153.8,20587.39,20020.5,20394.83
1764460800,2025-11-30 00:00:00,20394.6,20683.69,19572.4,20146.35
1764475200,2025-11-30 04:00:00,20139.33,20333.78,20001.24,20087.79
1764489600,2025-11-30 08:00:00,20091.04,20180.35,19316.55,19755.71
1764504000,2025-11-30 12:00:00,19757.29,20511.81,19687.72,20362.42
1764518400,2025-11-30 16:00:00,20362.5,20527.41,19906.46,19933.13
1764532800,2025-11-30 20:00:00,19929.43,20701.01,19885.53,20630.34
1764547200,2025-12-01 00:00:00,20629.85,21014.31,20527.04,20711.81
1764561600,2025-12-01 04:00:00,20706.59,21038.86,20583.22,20786.64
1764576000,2025-12-01 08:00:00,20779.57,20959.52,20471.66,20661.32
1764590400,2025-12-01 12:00:00,20663.44,21265.74,20468.3,21231.71
1764604800,2025-12-01 16:00:00,21233.26,21427.18,20586.49,20926.49
1764619200,2025-12-01 20:00:00,20929.95,21286.53,20701.28,20905.59
1764633600,2025-12-02 00:00:00,20900.69,21895.93,20863.43,21520.11
1764648000,2025-12-02 04:00:00,21517.12,22014.58,21305.16,21946.86
1764662400,2025-12-02 08:00:00,21947.29,22556.9,21343.42,22466.38
1764676800,2025-12-02 12:00:00,22465.76,22617.12,21236.05,21255
1764691200,2025-12-02 16:00:00,21260.12,21487.29,20785.47,21377.21
1764705600,2025-12-02 20:00:00,21379.49,21464.43,20311.71,20348.5
1764720000,2025-12-03 00:00:00,20349.08,20378.05,19740.81,20002.8
1764734400,2025-12-03 04:00:00,19997.94,20393.79,19774.59,20288.24
1764748800,2025-12-03 08:00:00,20290.9,20333.92,19566.14,19717.74
1764763200,2025-12-03 12:00:00,19721.35,20198.54,19623.99,20021.52
1764777600,2025-12-03 16:00:00,20022.1,20184.22,19658.88,19831.75
1764792000,2025-12-03 20:00:00,19838.88,20654.14,19782.48,20047.83
1764806400,2025-12-04 00:00:00,20044.31,20348.04,19820.75,20279.36
1764820800,2025-12-04 04:00:00,20280.22,20827.39,20247.13,20647.58
1764835200,2025-12-04 08:00:00,20652.51,20893.32,20506.15,20882.85
1764849600,2025-12-04 12:00:00,20878.56,21186.67,20653.85,20773.22
1764864000,2025-12-04 16:00:00,20772.37,20772.37,20110.68,20255.89
1764878400,2025-12-04 20:00:00,20258.3,20436.97,19909.3,20137.5
1764892800,2025-12-05 00:00:00,20136.73,20498.05,19798.88,20463.12
1764907200,2025-12-05 04:00:00,20465.66,20589.95,20019.7,20465.87
1764921600,2025-12-05 08:00:00,20467.19,20992.22,20180,20961.16
1764936000,2025-12-05 12:00:00,20962.75,21094.6,20624.86,20712.28
1764950400,2025-12-05 16:00:00,20716.44,20892.65,20079.42,20196.24
1764964800,2025-12-05 20:00:00,20199.45,20741.36,19919.29,20037.74
1764979200,2025-12-06 00:00:00,20040.74,20612.2,19847.77,19967.89
1764993600,2025-12-06 04:00:00,19970.75,20445.06,19885.58,20209.64
1765008000,2025-12-06 08:00:00,20207.5,20344.37,19628.7,19656.78
1765022400,2025-12-06 12:00:00,19654.58,19686.72,19129.25,19262.77
1765036800,2025-12-06 16:00:00,19262.22,19429.58,18869.42,19187.61
1765051200,2025-12-06 20:00:00,19187.52,19644.14,19095.96,19569.97
1765065600,2025-12-07 00:00:00,19567.9,19668.92,19089.87,19551.97
1765080000,2025-12-07 04:00:00,19555.17,19752.33,19236.33,19293.01
1765094400,2025-12-07 08:00:00,19297.99,20139.31,19250.52,20000.05
1765108800,2025-12-07 12:00:00,19998.26,20854.8,19954.5,20624.03
1765123200,2025-12-07 16:00:00,20620.53,20883.99,19578.03,19602.64
1765137600,2025-12-07 20:00:00,19604.13,19761.38,19187.36,19445.71
1765152000,2025-12-08 00:00:00,19447.04,19793.79,19224.57,19565.95
1765166400,2025-12-08 04:00:00,19564.39,19642.45,19086.2,19118.26
1765180800,2025-12-08 08:00:00,19120.84,19709.04,19039.87,19606.68
1765195200,2025-12-08 12:00:00,19611.09,19611.09,19071.02,19267.59
1765209600,2025-12-08 16:00:00,19271.83,19432.35,18884.93,18911.18
1765224000,2025-12-08 20:00:00,18909.97,19112.13,18735.44,18879.04
1765238400,2025-12-09 00:00:00,18877.8,19036.85,18633.42,18636.51
1765252800,2025-12-09 04:00:00,18636.3,19126.1,18606.7,18824
1765267200,2025-12-09 08:00:00,18825.55,18881.7,18173.39,18788
1765281600,2025-12-09 12:00:00,18792.44,19346.85,18669.39,19184.14
1765296000,2025-12-09 16:00:00,19186.74,19981.97,19107.25,19876.9
1765310400,2025-12-09 20:00:00,19875.76,20741.44,19859.34,20719.03
1765324800,2025-12-10 00:00:00,20717.39,21200.13,20641.94,20994.98
1765339200,2025-12-10 04:00:00,20996.68,21004.68,20224.12,20276.14
1765353600,2025-12-10 08:00:00,20278.06,20772.05,20142.72,20638.42
1765368000,2025-12-10 12:00:00,20638.72,20716.45,20195.58,20377.09
1765382400,2025-12-10 16:00:00,20377.51,20556.13,20169.67,20343.55
1765396800,2025-12-10 20:00:00,20348.19,20537.9,20105.73,20304.35
1765411200,2025-12-11 00:00:00,20307.28,20519.76,19798.33,19798.33
1765425600,2025-12-11 04:00:00,19792.89,20079.1,18838.31,18865.22
1765440000,2025-12-11 08:00:00,18865.42,19104.93,18498.51,19034.28
1765454400,2025-12-11 12:00:00,19037.64,19889.08,19020.06,19807.28
1765468800,2025-12-11 16:00:00,19807.7,20003.65,19221.81,19371.97
1765483200,2025-12-11 20:00:00,19368.16,19602.45,19062.92,19230.8
1765497600,2025-12-12 00:00:00,19231.08,19583.24,19064.97,19306.47
1765512000,2025-12-12 04:00:00,19304.09,19930.22,19245.52,19808.69
1765526400,2025-12-12 08:00:00,19810.35,20350.5,19705.89,20006.37
1765540800,2025-12-12 12:00:00,20003.99,20314.35,19586.61,19596.14
1765555200,2025-12-12 16:00:00,19599.78,19612.52,18713.27,18789.5
1765569600,2025-12-12 20:00:00,18786.8,18787.97,18137.87,18160.33
1765584000,2025-12-13 00:00:00,18158.39,18504.34,17876.98,17939.25
1765598400,2025-12-13 04:00:00,17940.66,18254.7,17878.25,18129.39
1765612800,2025-12-13 08:00:00,18129.15,18431.01,17941.65,18033.92
1765627200,2025-12-13 12:00:00,18029.57,18216.13,17379.16,17392.74
1765641600,2025-12-13 16:00:00,17390.61,17409.89,16779.19,16825.25
1765656000,2025-12-13 20:00:00,16825.11,17293.32,16816.63,17201.29
1765670400,2025-12-14 00:00:00,17203.88,17482.07,17156.37,17308.94
1765684800,2025-12-14 04:00:00,17310.81,18067.37,17281.25,17866.38
1765699200,2025-12-14 08:00:00,17870.37,18310.83,17559.66,17648.98
1765713600,2025-12-14 12:00:00,17644.19,18001.62,17458.8,17810.68
1765728000,2025-12-14 16:00:00,17812.62,18186.43,17620.61,18186.43
1765742400,2025-12-14 20:00:00,18188.71,18250.71,17843.39,18107.21
1765756800,2025-12-15 00:00:00,18104.69,18133.82,17569.82,17621.06
1765771200,2025-12-15 04:00:00,17627.02,18070.95,17515.7,17674.51
1765785600,2025-12-15 08:00:00,17676.92,17736.72,17256.57,17526.7
1765800000,2025-12-15 12:00:00,17525.07,17647.84,17142.26,17473.97
1765814400,2025-12-15 16:00:00,17475.79,18082.03,17378.68,17858.84
1765828800,2025-12-15 20:00:00,17859.81,18223.66,17760.25,18053.66
1765843200,2025-12-16 00:00:00,18054.78,18455.26,17950.05,18419.7
1765857600,2025-12-16 04:00:00,18418.55,18455.08,17421.08,17461.76
1765872000,2025-12-16 08:00:00,17458.58,17705.68,17269.89,17634.46
1765886400,2025-12-16 12:00:00,17632.53,17853.5,17462.35,17489.84
1765900800,2025-12-16 16:00:00,17487.32,17551.35,16619.86,16676.1
1765915200,2025-12-16 20:00:00,16675.7,16747.08,16212.46,16355.59
1765929600,2025-12-17 00:00:00,16352.7,16528.49,15839.67,15853.65
1765944000,2025-12-17 04:00:00,15854.54,15914.7,15437.33,15810.29
1765958400,2025-12-17 08:00:00,15809.05,15823.26,15319,15587.92
1765972800,2025-12-17 12:00:00,15587.45,15694.96,15423.29,15525.89
1765987200,2025-12-17 16:00:00,15527.12,15727.11,15487.02,15614.45
1766001600,2025-12-17 20:00:00,15617.95,15857.77,15221.54,15261.05
1766016000,2025-12-18 00:00:00,15260.6,15585.17,15157.29,15328.64
1766030400,2025-12-18 04:00:00,15327.31,15605.16,15275.64,15336.57
1766044800,2025-12-18 08:00:00,15336.26,16351.57,15235.15,16312.89
1766059200,2025-12-18 12:00:00,16310.97,16403.88,15875.82,15980.33
1766073600,2025-12-18 16:00:00,15979.31,16050.59,15538.27,15677.75
1766088000,2025-12-18 20:00:00,15680.95,15937.66,15625,15764.42
1766102400,2025-12-19 00:00:00,15763.03,15898.74,15611.22,15854.59
1766116800,2025-12-19 04:00:00,15853.87,16198,15713.88,16177.55
1766131200,2025-12-19 08:00:00,16178.13,16400.16,15818.52,15867.88
1766145600,2025-12-19 12:00:00,15868.68,16240.58,15856.36,16148.68
1766160000,2025-12-19 16:00:00,16141.65,16258.65,15740.69,15750.62
1766174400,2025-12-19 20:00:00,15747.42,16108.01,15642.9,15671.08
1766188800,2025-12-20 00:00:00,15672.42,15803.84,15498.28,15511.21
1766203200,2025-12-20 04:00:00,15508.86,16438.43,15453.62,16355.51
1766217600,2025-12-20 08:00:00,16357.66,16516.03,15953.03,16186.91
1766232000,2025-12-20 12:00:00,16183.41,16199.52,15794.11,15934.56
1766246400,2025-12-20 16:00:00,15937.99,16100.42,15640.34,16030.46
1766260800,2025-12-20 20:00:00,16032.28,16325.69,15797.73,16036.43
1766275200,2025-12-21 00:00:00,16034.7,16097.13,15797.8,15936.27
1766289600,2025-12-21 04:00:00,15936.63,15956.43,15233.23,15285.49
1766304000,2025-12-21 08:00:00,15283.69,15351.43,14920.25,15058.32
1766318400,2025-12-21 12:00:00,15059.77,15370.76,14823.56,15173.89
1766332800,2025-12-21 16:00:00,15175.65,15198.33,14863.38,15013.6
1766347200,2025-12-21 20:00:00,15015.43,15434.83,14987.63,15185.88
1766361600,2025-12-22 00:00:00,15188.24,15336.95,14965.69,15296.71
1766376000,2025-12-22 04:00:00,15297.47,15400.73,15107.19,15316.44
1766390400,2025-12-22 08:00:00,15318.25,15412.97,14874.71,14941.56
1766404800,2025-12-22 12:00:00,14937.93,15135.31,14655.4,15135.31
1766419200,2025-12-22 16:00:00,15135.67,15344.31,14898.44,15081.98
1766433600,2025-12-22 20:00:00,15083.63,15508.61,15048.41,15230.94
1766448000,2025-12-23 00:00:00,15228.73,15571.08,14705.96,15543.07
1766462400,2025-12-23 04:00:00,15542.65,16048.49,15524.77,15571.09
1766476800,2025-12-23 08:00:00,15568.69,15780.7,15202.72,15382.52
1766491200,2025-12-23 12:00:00,15382.5,15720.38,15214.78,15719.96
1766505600,2025-12-23 16:00:00,15721.42,16177.79,15652.7,15881.71
1766520000,2025-12-23 20:00:00,15882.44,16068.02,15529.67,15868.68
1766534400,2025-12-24 00:00:00,15871.01,15887.8,15466.44,15470.15
1766548800,2025-12-24 04:00:00,15471.29,15669.93,14871.42,14944.6
1766563200,2025-12-24 08:00:00,14944.28,14994.18,14214.03,14218.41
1766577600,2025-12-24 12:00:00,14220.2,14696.12,14212.83,14664.01
1766592000,2025-12-24 16:00:00,14663.02,14677.33,13903.68,13904.8
1766606400,2025-12-24 20:00:00,13903.17,13967.53,13683.67,13812.18
1766620800,2025-12-25 00:00:00,13811.98,14042.87,13630.58,13899.78
1766635200,2025-12-25 04:00:00,13896.63,13975.25,13564.44,13687.19
1766649600,2025-12-25 08:00:00,13685.44,13826.66,13468.56,13471.83
1766664000,2025-12-25 12:00:00,13472.48,13591.38,13115.39,13242.63
1766678400,2025-12-25 16:00:00,13242.82,13244.63,12553.38,12735.55
1766692800,2025-12-25 20:00:00,12736.94,13150.49,12714.83,12994.66
1766707200,2025-12-26 00:00:00,12994.24,13115.58,12726.74,12884.99
1766721600,2025-12-26 04:00:00,12880.7,12966.33,12690.64,12744.6
1766736000,2025-12-26 08:00:00,12742.36,12844.3,12569.36,12687.55
1766750400,2025-12-26 12:00:00,12687.89,12914.3,12536.6,12675.64
1766764800,2025-12-26 16:00:00,12677.29,13163.96,12516.51,13044.12
1766779200,2025-12-26 20:00:00,13044.32,13524.3,12989.27,13502.75
1766793600,2025-12-27 00:00:00,13505.72,13587.46,13040.81,13167.98
1766808000,2025-12-27 04:00:00,13168.66,13322.67,12973.15,13176.51
1766822400,2025-12-27 08:00:00,13176.16,13176.43,12809,13042.79
1766836800,2025-12-27 12:00:00,13042.11,13232.63,12953.37,13185.52
1766851200,2025-12-27 16:00:00,13188.23,13429.03,13168.78,13267.18
1766865600,2025-12-27 20:00:00,13265.62,13305.99,12803.85,12967.09
1766880000,2025-12-28 00:00:00,12968.3,13209.83,12929.02,13101.93
1766894400,2025-12-28 04:00:00,13098.88,13441.08,12827.63,13340.01
1766908800,2025-12-28 08:00:00,13341.74,13477.92,13063.72,13259.97
1766923200,2025-12-28 12:00:00,13257.29,13263.06,12841.85,13066.81
1766937600,2025-12-28 16:00:00,13066.38,13549.63,12969.46,13540.07
1766952000,2025-12-28 20:00:00,13538.69,14044.42,13527.68,13864.87
1766966400,2025-12-29 00:00:00,13865.25,14469.29,13844.78,14336.94
1766980800,2025-12-29 04:00:00,14340.32,14811.34,14301.69,14664.15
1766995200,2025-12-29 08:00:00,14665.14,15007.16,14551.29,14715.96
1767009600,2025-12-29 12:00:00,14715.87,14981.74,14662.51,14911.5
1767024000,2025-12-29 16:00:00,14911.05,15546.8,14867.26,15324.17
1767038400,2025-12-29 20:00:00,15322.97,16082.25,15307.51,16008.62
1767052800,2025-12-30 00:00:00,16013.59,16241.4,15904.39,16168.77
1767067200,2025-12-30 04:00:00,16169.87,16261.39,15922.31,16247.61
1767081600,2025-12-30 08:00:00,16248.92,16342.16,15904.51,15936.77
1767096000,2025-12-30 12:00:00,15939.39,16206.62,15815.28,16190.24
1767110400,2025-12-30 16:00:00,16191.44,16312.13,15968.86,16171.73
1767124800,2025-12-30 20:00:00,16170.82,16731.43,16159.47,16653.94
1767139200,2025-12-31 00:00:00,16659.8,17087.36,16620.84,16741.43
1767153600,2025-12-31 04:00:00,16744.8,17606.18,16585.96,17317
1767168000,2025-12-31 08:00:00,17314.02,17669.37,17214.94,17588.78
1767182400,2025-12-31 12:00:00,17594.29,17625.05,17208.59,17577.84
1767196800,2025-12-31 16:00:00,17578.85,17691.48,17308.28,17395.04
1767211200,2025-12-31 20:00:00,17394.38,17402.57,16973.6,17054.81
1767225600,2026-01-01 00:00:00,17053.55,17226.22,16626.3,17037.67
1767240000,2026-01-01 04:00:00,17039.66,17133.96,16625.17,16782.56
1767254400,2026-01-01 08:00:00,16778.13,16959.34,16072.38,16102.72
1767268800,2026-01-01 12:00:00,16096.66,16366.24,15933.49,16231.59
1767283200,2026-01-01 16:00:00,16228.79,17211.5,16228.79,17173.9
1767297600,2026-01-01 20:00:00,17173.05,17283.13,16597.86,16756.33
1767312000,2026-01-02 00:00:00,16758.34,17098.36,16651.88,16727.64
1767326400,2026-01-02 04:00:00,16730.04,17333.8,16655.11,17129.29
1767340800,2026-01-02 08:00:00,17127.66,17543.24,17107.36,17501.62
1767355200,2026-01-02 12:00:00,17501.55,18620.88,17497.56,18458.88
1767369600,2026-01-02 16:00:00,18456.88,18708.91,18265.36,18573.96
1767384000,2026-01-02 20:00:00,18577.38,18607.33,18028.05,18149.42
1767398400,2026-01-03 00:00:00,18145.28,18367.19,17947.5,18077.99
1767412800,2026-01-03 04:00:00,18080.64,18225.26,17955.01,18070.57
1767427200,2026-01-03 08:00:00,18069.84,18098.06,17598.42,17685.97
1767441600,2026-01-03 12:00:00,17687.94,18123.83,17638.63,17832.98
1767456000,2026-01-03 16:00:00,17834.01,18089.4,17599.2,17909.73
1767470400,2026-01-03 20:00:00,17909.52,18026.21,17398.94,17509.36
1767484800,2026-01-04 00:00:00,17510.08,17555.65,17138.12,17500.77
1767499200,2026-01-04 04:00:00,17499.1,18125.43,17400.99,18082.93
1767513600,2026-01-04 08:00:00,18083.28,18265.32,17803.09,17934.9
1767528000,2026-01-04 12:00:00,17933.24,18212.32,17774.58,17970.11
1767542400,2026-01-04 16:00:00,17971.75,18445.52,17776.37,18355.49
1767556800,2026-01-04 20:00:00,18354.31,18770.84,17983.82,18293.39
1767571200,2026-01-05 00:00:00,18296.16,18447.02,18043.59,18353.54
1767585600,2026-01-05 04:00:00,18354.58,18798.32,18267.87,18555.85
1767600000,2026-01-05 08:00:00,18553.01,18741.11,18246.54,18268.92
1767614400,2026-01-05 12:00:00,18272.73,18384.2,17978.58,18253.64
1767628800,2026-01-05 16:00:00,18257.87,18551.06,17968.33,18455.3
1767643200,2026-01-05 20:00:00,18456.2,18921.08,18403.88,18738.86
1767657600,2026-01-06 00:00:00,18738.96,19281.85,18576.96,18879.81
1767672000,2026-01-06 04:00:00,18875.53,18976.71,18288.97,18684.41
1767686400,2026-01-06 08:00:00,18683.81,18757.22,18341.43,18473.68
1767700800,2026-01-06 12:00:00,18473.4,19002.9,18419.15,18932.03
1767715200,2026-01-06 16:00:00,18932.78,19369.19,18781.14,19101.42
1767729600,2026-01-06 20:00:00,19099.53,19907.25,18880.71,19865.48
1767744000,2026-01-07 00:00:00,19862.24,20380.27,19751.14,20365.77
1767758400,2026-01-07 04:00:00,20368.22,20600.83,20144.12,20244.56
1767772800,2026-01-07 08:00:00,20244.13,20330.84,20002.6,20119.4
1767787200,2026-01-07 12:00:00,20121.27,20631,20003.57,20511.7
1767801600,2026-01-07 16:00:00,20512.26,21081.28,20393.78,21063.84
1767816000,2026-01-07 20:00:00,21069.2,21923.07,20950.7,21288.46
1767830400,2026-01-08 00:00:00,21288.99,21479.6,20289.32,20308.7
1767844800,2026-01-08 04:00:00,20310.07,20466.07,20104.26,20190.66
1767859200,2026-01-08 08:00:00,20192.1,20584.78,20145.73,20544.72
1767873600,2026-01-08 12:00:00,20549.04,21062.85,20345.32,20670.24
1767888000,2026-01-08 16:00:00,20669.91,21016.61,20209.04,20307.99
1767902400,2026-01-08 20:00:00,20307.58,20386.92,19869.12,19890.83
1767916800,2026-01-09 00:00:00,19888.61,20020.57,19667.89,19974.59
1767931200,2026-01-09 04:00:00,19978.82,20462.32,19797.3,20077.97
1767945600,2026-01-09 08:00:00,20077.87,20134.65,19603.25,19742.2
1767960000,2026-01-09 12:00:00,19738.55,20148.12,19501.75,19514.84
1767974400,2026-01-09 16:00:00,19514.01,19649.98,19043.93,19640.39
1767988800,2026-01-09 20:00:00,19641.13,20500.49,19532.41,20395.56
1768003200,2026-01-10 00:00:00,20400.32,20501.13,19765.17,19817.58
1768017600,2026-01-10 04:00:00,19818.11,20203.03,19811.3,19992.62
1768032000,2026-01-10 08:00:00,19992.68,20590.44,19974.24,20312.59
1768046400,2026-01-10 12:00:00,20318.53,20596.66,20175.74,20488.92
1768060800,2026-01-10 16:00:00,20484.5,21035.52,20459.18,20563.12
1768075200,2026-01-10 20:00:00,20562.17,21478.41,20496.2,21397.53
1768089600,2026-01-11 00:00:00,21405.1,21752.69,21307.15,21510.1
1768104000,2026-01-11 04:00:00,21508.16,21539.47,20745.86,21051.73
1768118400,2026-01-11 08:00:00,21052.26,21523.45,21012.99,21399.46
1768132800,2026-01-11 12:00:00,21400.38,22055.71,21265.22,21810.38
1768147200,2026-01-11 16:00:00,21809.2,23028.38,21740.36,22934.64
1768161600,2026-01-11 20:00:00,22937.79,23192.45,22710.45,22843.2
1768176000,2026-01-12 00:00:00,22845.33,22871.68,21842.14,21921.72
1768190400,2026-01-12 04:00:00,21919.9,21971.43,21387.53,21469.64
1768204800,2026-01-12 08:00:00,21465.5,21702.83,21160.86,21587
1768219200,2026-01-12 12:00:00,21588.21,21626.78,21070.15,21290.75
1768233600,2026-01-12 16:00:00,21287.23,21598.57,21132.77,21328.22
1768248000,2026-01-12 20:00:00,21328.59,21718.27,21212.76,21460.07
1768262400,2026-01-13 00:00:00,21457.38,21557.72,20657.32,20756.01
1768276800,2026-01-13 04:00:00,20756.53,21127.89,20596.12,21066.77
1768291200,2026-01-13 08:00:00,21069.33,21471.67,20745.03,21386.93
1768305600,2026-01-13 12:00:00,21385.74,21555.44,21015.18,21460.93
1768320000,2026-01-13 16:00:00,21462.74,21724.8,21133.87,21494.52
1768334400,2026-01-13 20:00:00,21493.5,21592.96,20763.58,20840.11
1768348800,2026-01-14 00:00:00,20839.41,20857.63,19666.03,19775.22
1768363200,2026-01-14 04:00:00,19773.26,19783.55,19251.01,19318.73
1768377600,2026-01-14 08:00:00,19317.83,19397.71,18770.91,18797.25
1768392000,2026-01-14 12:00:00,18798.79,18921.1,18127.79,18478.03
1768406400,2026-01-14 16:00:00,18477.03,18513.08,17762.99,18108.5
1768420800,2026-01-14 20:00:00,18106.99,18369.64,17885.14,18136.64
1768435200,2026-01-15 00:00:00,18139.32,18194.12,17717.01,17836.33
1768449600,2026-01-15 04:00:00,17838.75,18067.36,17052.33,17154.87
1768464000,2026-01-15 08:00:00,17157.33,17412.26,16789.65,16800.19
1768478400,2026-01-15 12:00:00,16801.97,17037.79,16623.23,16875.07
1768492800,2026-01-15 16:00:00,16877.13,17000.27,16289.65,16333.55
1768507200,2026-01-15 20:00:00,16332.27,16363.01,15756.86,16043.14
1768521600,2026-01-16 00:00:00,16045.41,16474.75,15998.11,16468.39
1768536000,2026-01-16 04:00:00,16469.89,17025.08,16411.52,16902.38
1768550400,2026-01-16 08:00:00,16903.84,17084.7,16805.75,17064.3
1768564800,2026-01-16 12:00:00,17061.86,17091.67,16731.56,16849.57
1768579200,2026-01-16 16:00:00,16848.94,16960.16,16664.89,16687.79
1768593600,2026-01-16 20:00:00,16684.89,16774.7,16232.98,16451.38
1768608000,2026-01-17 00:00:00,16448.16,16658.94,16311.32,16393.87
1768622400,2026-01-17 04:00:00,16391.25,16498.33,15410.49,15429.6
1768636800,2026-01-17 08:00:00,15430.79,15801.38,15146.87,15561.49
1768651200,2026-01-17 12:00:00,15560.94,15877.45,15229.49,15687.49
1768665600,2026-01-17 16:00:00,15687.01,15965.25,15603.27,15956.08
1768680000,2026-01-17 20:00:00,15952.87,16207.93,15839.53,16113.49
1768694400,2026-01-18 00:00:00,16116.82,16169.93,15745.75,15757.77
1768708800,2026-01-18 04:00:00,15755.53,15765.25,15364.98,15523.15
1768723200,2026-01-18 08:00:00,15521.25,15738.74,15505.29,15618.83
1768737600,2026-01-18 12:00:00,15621.54,15665.24,15153.83,15235.01
1768752000,2026-01-18 16:00:00,15233.11,15582.67,15067.87,15564.23
1768766400,2026-01-18 20:00:00,15563.79,15810.48,15403.89,15430.81
1768780800,2026-01-19 00:00:00,15430.3,15616.34,15152.83,15251.33
1768795200,2026-01-19 04:00:00,15252.98,15452.39,15209.73,15327.47
1768809600,2026-01-19 08:00:00,15326.57,15566.48,15183.97,15493.03
1768824000,2026-01-19 12:00:00,15493.01,15548.82,14740.83,14752.23
1768838400,2026-01-19 16:00:00,14752.49,14912.61,14542.53,14879.11
1768852800,2026-01-19 20:00:00,14878.38,14879.13,14398.34,14616.85
1768867200,2026-01-20 00:00:00,14619.57,15174.63,14542.59,15131.04
1768881600,2026-01-20 04:00:00,15129.89,15438.65,14859.11,15394.63
1768896000,2026-01-20 08:00:00,15390.97,15418.83,15033.01,15176.4
1768910400,2026-01-20 12:00:00,15178.82,15269.58,14616.05,14629.44
1768924800,2026-01-20 16:00:00,14631.79,15421.34,14580.38,15281.49
1768939200,2026-01-20 20:00:00,15281.1,15384.3,15054.95,15159.37
1768953600,2026-01-21 00:00:00,15157.33,15477.65,15032.77,15445.24
1768968000,2026-01-21 04:00:00,15439.56,15732.44,15218.66,15253.52
1768982400,2026-01-21 08:00:00,15253.66,15353.79,14958.73,15158.57
1768996800,2026-01-21 12:00:00,15157.83,15261.64,14671.76,14694.17
1769011200,2026-01-21 16:00:00,14693.72,14929.22,14239.03,14242.59
1769025600,2026-01-21 20:00:00,14240.9,14501.71,14238.64,14320.12
1769040000,2026-01-22 00:00:00,14317.48,14378.94,13913.35,13967.71
1769054400,2026-01-22 04:00:00,13969.34,13993.5,13534.26,13833.38
1769068800,2026-01-22 08:00:00,13833.68,13996.33,13616.26,13976.46
1769083200,2026-01-22 12:00:00,13977.07,14073.5,13390.98,13399.96
1769097600,2026-01-22 16:00:00,13400.61,13490.24,12904.36,13125.77
1769112000,2026-01-22 20:00:00,13124.86,13134.15,12156.38,12165.89
1769126400,2026-01-23 00:00:00,12164.56,12380.71,11931.95,12363.73
1769140800,2026-01-23 04:00:00,12364.33,12606.19,12281.51,12349.09
1769155200,2026-01-23 08:00:00,12348.56,12580.24,12106.89,12227.51
1769169600,2026-01-23 12:00:00,12228.74,12293.02,12054.45,12109.12
1769184000,2026-01-23 16:00:00,12106.96,12243.79,11947.18,12209.4
1769198400,2026-01-23 20:00:00,12210.73,12242.8,12022.43,12199.95
1769212800,2026-01-24 00:00:00,12200.18,12445.01,12015.4,12022.7
1769227200,2026-01-24 04:00:00,12023.72,12191.98,11816.65,11949.5
1769241600,2026-01-24 08:00:00,11946.25,11947.05,11560.3,11805.61
1769256000,2026-01-24 12:00:00,11809.68,12247.17,11757.26,12094.8
1769270400,2026-01-24 16:00:00,12096.19,12425.27,11953.67,12097.97
1769284800,2026-01-24 20:00:00,12100.35,12144.28,11886.24,12033.97
1769299200,2026-01-25 00:00:00,12037.54,12502.93,12004.62,12289.96
1769313600,2026-01-25 04:00:00,12290.44,12585.99,12275.43,12327.29
1769328000,2026-01-25 08:00:00,12324.87,12708,12238.16,12693.91
1769342400,2026-01-25 12:00:00,12691.51,12833.97,12553.96,12566.52
1769356800,2026-01-25 16:00:00,12566.17,12753.68,12497.47,12715.51
1769371200,2026-01-25 20:00:00,12717.2,12774.31,12378.58,12443.63
1769385600,2026-01-26 00:00:00,12441.61,12632.63,12181.39,12264.39
1769400000,2026-01-26 04:00:00,12263.32,12659.59,12263.32,12659.59
1769414400,2026-01-26 08:00:00,12657.3,12675.88,12079.99,12101
1769428800,2026-01-26 12:00:00,12102.04,12412.27,11998.49,12060.3
1769443200,2026-01-26 16:00:00,12060.88,12421.48,11920.38,12377.03
1769457600,2026-01-26 20:00:00,12376.53,12386.55,12148.32,12293.99
1769472000,2026-01-27 00:00:00,12295.82,12322.01,11774.59,11925.06
1769486400,2026-01-27 04:00:00,11926.7,12175.37,11871.01,12154.94
1769500800,2026-01-27 08:00:00,12153.52,12185.99,11926.51,12127.18
1769515200,2026-01-27 12:00:00,12129.38,12282.69,11857.72,12085.3
1769529600,2026-01-27 16:00:00,12084.9,12462.35,12045.48,12307.52
1769544000,2026-01-27 20:00:00,12309.88,12593.35,12301.72,12564.18
1769558400,2026-01-28 00:00:00,12566.05,12873.53,12556.43,12836.63
1769572800,2026-01-28 04:00:00,12835.65,12842.23,12058.85,12113.9
1769587200,2026-01-28 08:00:00,12112.44,12180.38,11776.83,11781.37
1769601600,2026-01-28 12:00:00,11779.13,11956.49,11610.9,11646.46
1769616000,2026-01-28 16:00:00,11647.31,11932.72,11613.23,11665.42
1769630400,2026-01-28 20:00:00,11665.33,11805.97,11455.03,11651.29
1769644800,2026-01-29 00:00:00,11653.54,11995.2,11628.06,11700.76
1769659200,2026-01-29 04:00:00,11698.44,11847.94,11554.94,11675.2
1769673600,2026-01-29 08:00:00,11675.55,11851.64,11529.95,11761.05
1769688000,2026-01-29 12:00:00,11762.49,11992.55,11719.55,11992.55
1769702400,2026-01-29 16:00:00,11991.75,12164.22,11709.58,11851.85
1769716800,2026-01-29 20:00:00,11851.46,12161.78,11765.42,12127.4
1769731200,2026-01-30 00:00:00,12126.77,12209.26,11871.68,11871.68
1769745600,2026-01-30 04:00:00,11873.59,11963.61,11683.83,11915.28
1769760000,2026-01-30 08:00:00,11916.23,11948.01,11578.72,11600.58
1769774400,2026-01-30 12:00:00,11601.58,11854.06,11544.22,11767.72
1769788800,2026-01-30 16:00:00,11767.49,12134.81,11700.68,11929.19
1769803200,2026-01-30 20:00:00,11930.62,12142.82,11834.7,12106.63
1769817600,2026-01-31 00:00:00,12108.2,12423.59,12101.91,12356.26
1769832000,2026-01-31 04:00:00,12355.93,12432.29,12110.92,12110.92
1769846400,2026-01-31 08:00:00,12109.75,12213.67,11853.33,12033.73
1769860800,2026-01-31 12:00:00,12032.23,12378.54,12032.23,12292.32
1769875200,2026-01-31 16:00:00,12291,12338,12010.38,12011.29
1769889600,2026-01-31 20:00:00,12010.86,12252.04,11888.63,12105.33
1769904000,2026-02-01 00:00:00,12107.12,12205.37,11934.2,12028.11
1769918400,2026-02-01 04:00:00,12027.21,12633.63,12015.71,12402.22
1769932800,2026-02-01 08:00:00,12402.63,13185.83,12390.93,13000.93
1769947200,2026-02-01 12:00:00,13002.99,13282.95,12936.21,13260.93
1769961600,2026-02-01 16:00:00,13261.36,13484.93,13002.06,13007.99
1769976000,2026-02-01 20:00:00,13007.48,13032.89,12690.71,12718.61
1769990400,2026-02-02 00:00:00,12720.64,13143.74,12715.58,12822.31
1770004800,2026-02-02 04:00:00,12821.36,12886.35,12304.03,12318.16
1770019200,2026-02-02 08:00:00,12317.94,12652.37,12298.18,12525.69
1770033600,2026-02-02 12:00:00,12521.7,12530.21,12124.11,12170.69
1770048000,2026-02-02 16:00:00,12168.74,12237.36,11830.42,11938.85
1770062400,2026-02-02 20:00:00,11937.37,12180.8,11869.59,12154.69
1770076800,2026-02-03 00:00:00,12154.64,12210.62,11801.89,11815.06
1770091200,2026-02-03 04:00:00,11815.2,12312.51,11809.5,12120.27
1770105600,2026-02-03 08:00:00,12121.27,12141.3,11924.76,12049.63
1770120000,2026-02-03 12:00:00,12049.57,12092.44,11657.75,11660.92
1770134400,2026-02-03 16:00:00,11662.54,11688.45,11120.31,11262.78
1770148800,2026-02-03 20:00:00,11261.91,11293.64,10942.67,10944.74
1770163200,2026-02-04 00:00:00,10945.16,11041.98,10759.08,11039.83
1770177600,2026-02-04 04:00:00,11041.28,11258.04,11003.31,11131.22
1770192000,2026-02-04 08:00:00,11132.02,11485.45,10986.89,11326.22
1770206400,2026-02-04 12:00:00,11325.12,11699.52,11273.16,11495.25
1770220800,2026-02-04 16:00:00,11495.13,11533.35,11276.01,11277.71
1770235200,2026-02-04 20:00:00,11277.26,11539.66,11146.81,11518.47
1770249600,2026-02-05 00:00:00,11516.89,11704.58,11300.41,11689.51
1770264000,2026-02-05 04:00:00,11689.01,12063.72,11611.34,12058.8
1770278400,2026-02-05 08:00:00,12059.27,12300.12,11927.39,12200.56
1770292800,2026-02-05 12:00:00,12198.88,12520.75,12110.96,12432.28
1770307200,2026-02-05 16:00:00,12429.13,12586.55,12257.07,12494.46
1770321600,2026-02-05 20:00:00,12494.16,12583.85,12065.36,12135.3
1770336000,2026-02-06 00:00:00,12135.94,12351.12,11998.85,12216.88
1770350400,2026-02-06 04:00:00,12217.51,12364.59,12007.34,12257.41
1770364800,2026-02-06 08:00:00,12257.09,12431.76,12200.53,12301.86
1770379200,2026-02-06 12:00:00,12301.68,12791.84,12227.74,12540.61
1770393600,2026-02-06 16:00:00,12538.63,12809.52,12463.9,12801.05
1770408000,2026-02-06 20:00:00,12802,13095.47,12631.96,12958.7
1770422400,2026-02-07 00:00:00,12960.21,13047.78,12757.78,12867.29
1770436800,2026-02-07 04:00:00,12865.98,13125.33,12637.64,13028.2
1770451200,2026-02-07 08:00:00,13025.46,13042.61,12794.59,12987.82
1770465600,2026-02-07 12:00:00,12988.15,13161.57,12930.11,13071.73
1770480000,2026-02-07 16:00:00,13072.29,13255.7,12882.5,13199.88
1770494400,2026-02-07 20:00:00,13200.09,13495.67,13105.62,13455.39
1770508800,2026-02-08 00:00:00,13454.03,13713.2,13419.88,13473.09
1770523200,2026-02-08 04:00:00,13475.42,13916.92,13421.03,13536.44
1770537600,2026-02-08 08:00:00,13535.17,13736.01,13416.43,13562.94
1770552000,2026-02-08 12:00:00,13562.28,13634.39,12857.88,12924.02
1770566400,2026-02-08 16:00:00,12923.54,13215.41,12876.73,12938.66
1770580800,2026-02-08 20:00:00,12937.4,13286.74,12768.29,13268.11
1770595200,2026-02-09 00:00:00,13267.27,13606.33,13195.67,13522.72
1770609600,2026-02-09 04:00:00,13523.38,13826.04,13320.45,13682.31
1770624000,2026-02-09 08:00:00,13679.76,13864.85,13509.11,13819.79
1770638400,2026-02-09 12:00:00,13819.1,14424.25,13807.03,14252.93
1770652800,2026-02-09 16:00:00,14251.7,14274.12,13591.16,13739.26
1770667200,2026-02-09 20:00:00,13741.82,13915.36,13632.48,13658.1
1770681600,2026-02-10 00:00:00,13655.73,13860.78,13480.74,13621.38
1770696000,2026-02-10 04:00:00,13619.78,14125.28,13596.77,13940.09
1770710400,2026-02-10 08:00:00,13941.85,13961.09,13654.16,13955.8
1770724800,2026-02-10 12:00:00,13955.78,14186.56,13679.14,14056.6
1770739200,2026-02-10 16:00:00,14058.88,14073.88,13713.72,13835.34
1770753600,2026-02-10 20:00:00,13833.54,14025.35,13658.19,13663.32
1770768000,2026-02-11 00:00:00,13666.23,14002.8,13620.31,13949.21
1770782400,2026-02-11 04:00:00,13949.74,14329.07,13775.91,14184.41
1770796800,2026-02-11 08:00:00,14182.08,14501.64,14113.68,14321.81
1770811200,2026-02-11 12:00:00,14321.21,14652.08,14305.61,14576.57
1770825600,2026-02-11 16:00:00,14577.96,14917.49,14443.8,14644.17
1770840000,2026-02-11 20:00:00,14641.95,15574.29,14556.6,15468.72
1770854400,2026-02-12 00:00:00,15468.54,16041.05,15420.66,15700.03
1770868800,2026-02-12 04:00:00,15697.24,16032.67,15410.97,15839.42
1770883200,2026-02-12 08:00:00,15836.48,15954.8,15641.2,15711.11
1770897600,2026-02-12 12:00:00,15712.97,15782.4,15198.46,15255.22
1770912000,2026-02-12 16:00:00,15256.46,15633.18,15118.25,15158.12
1770926400,2026-02-12 20:00:00,15157.26,15261.1,14782.25,14840.28
1770940800,2026-02-13 00:00:00,14842.45,15480.21,14805.16,15326.12
1770955200,2026-02-13 04:00:00,15324.61,15380.01,14932.82,15020.95
1770969600,2026-02-13 08:00:00,15023.23,15448.12,14829.04,14876.7
1770984000,2026-02-13 12:00:00,14880.32,15301.76,14877.35,15149.37
1770998400,2026-02-13 16:00:00,15153.31,15590.55,15091.92,15382.95
1771012800,2026-02-13 20:00:00,15385.06,15532.84,15231.71,15432.96
1771027200,2026-02-14 00:00:00,15430.65,15484.54,15096.45,15187.61
1771041600,2026-02-14 04:00:00,15185.46,15499.3,14703.24,14964.21
1771056000,2026-02-14 08:00:00,14962.06,15104.03,14770.36,15070.65
1771070400,2026-02-14 12:00:00,15073.01,15396.82,15062.97,15345.49
1771084800,2026-02-14 16:00:00,15342.29,15585.42,15133.4,15326.28
1771099200,2026-02-14 20:00:00,15322.12,15405.71,15079.41,15132.96
1771113600,2026-02-15 00:00:00,15128.43,15328.49,14835.84,15082.6
1771128000,2026-02-15 04:00:00,15084.09,15640.06,14900.19,15620.81
1771142400,2026-02-15 08:00:00,15620.43,15789.04,15322.41,15613.99
1771156800,2026-02-15 12:00:00,15616.64,15767.08,15339.47,15498.23
1771171200,2026-02-15 16:00:00,15502.82,15535.74,15036.74,15248.3
1771185600,2026-02-15 20:00:00,15248.03,15300.04,14879.54,15128.79
1771200000,2026-02-16 00:00:00,15131.65,15638.11,15048.68,15408.47
1771214400,2026-02-16 04:00:00,15409.01,15458.16,15040.45,15245.59
1771228800,2026-02-16 08:00:00,15245.64,15625.05,15116.29,15290.57
1771243200,2026-02-16 12:00:00,15288.7,15467.74,14950.56,15133.92
1771257600,2026-02-16 16:00:00,15132.36,15277.5,14915.32,15202.2
1771272000,2026-02-16 20:00:00,15203.17,15761.17,15089.72,15598.5
1771286400,2026-02-17 00:00:00,15599.56,15731.89,15309.84,15405.82
1771300800,2026-02-17 04:00:00,15403.17,15791.92,15353.22,15754.54
1771315200,2026-02-17 08:00:00,15753.2,16262.14,15731.91,16220.68
1771329600,2026-02-17 12:00:00,16218.75,16468.63,16131.56,16353.5
1771344000,2026-02-17 16:00:00,16351.04,16381.61,16072.3,16097.96
1771358400,2026-02-17 20:00:00,16102.4,16654.36,16048.22,16273.03
1771372800,2026-02-18 00:00:00,16276.82,16681.85,16248.96,16670.88
1771387200,2026-02-18 04:00:00,16671.62,16970.29,16447.64,16478.19
1771401600,2026-02-18 08:00:00,16474.49,16599.91,16143.11,16395.6
1771416000,2026-02-18 12:00:00,16398.83,16419.22,15108.22,15108.22
1771430400,2026-02-18 16:00:00,15106.54,15315.22,14929.4,15290.47
1771444800,2026-02-18 20:00:00,15292.83,15683.75,15252.72,15379.29
1771459200,2026-02-19 00:00:00,15378.25,15453.06,14927.55,15018.17
1771473600,2026-02-19 04:00:00,15015.38,15085.81,14416.73,14434.49
1771488000,2026-02-19 08:00:00,14433.64,15010.7,14345.2,14961.32
1771502400,2026-02-19 12:00:00,14960.87,15544.94,14913.14,15314.86
1771516800,2026-02-19 16:00:00,15314.04,15405.15,14394.15,14482.5
1771531200,2026-02-19 20:00:00,14483.45,14644.32,14356.71,14515.66
1771545600,2026-02-20 00:00:00,14512.98,14612.6,14191.52,14344.64
1771560000,2026-02-20 04:00:00,14346.06,14886.73,14298.27,14879.77
1771574400,2026-02-20 08:00:00,14881.63,14920.89,14544.2,14614.82
1771588800,2026-02-20 12:00:00,14613.17,14931.95,14391.54,14514.31
1771603200,2026-02-20 16:00:00,14514.81,14748.54,14356.1,14526.48
1771617600,2026-02-20 20:00:00,14524.3,14932.24,14492.37,14920.54
1771632000,2026-02-21 00:00:00,14919.18,15453.29,14803.42,15345.03
1771646400,2026-02-21 04:00:00,15343.78,15404.07,14716.74,14804.43
1771660800,2026-02-21 08:00:00,14805.41,15487.12,14777.29,15465.09
1771675200,2026-02-21 12:00:00,15466.63,15645.65,15287.79,15532.55
1771689600,2026-02-21 16:00:00,15531.69,16081.72,15480.85,15822.14
1771704000,2026-02-21 20:00:00,15822.6,16065.7,15569.69,15987.22
1771718400,2026-02-22 00:00:00,15987.88,16232.86,15674.61,15919.14
1771732800,2026-02-22 04:00:00,15919.35,16125.77,15767.38,15776.3
1771747200,2026-02-22 08:00:00,15776.21,16177.95,15430.14,15975.11
1771761600,2026-02-22 12:00:00,15974.65,16327.26,15915.48,16290.08
1771776000,2026-02-22 16:00:00,16291.31,16413.45,15711.62,15845.09
1771790400,2026-02-22 20:00:00,15845.68,15946.38,15274.96,15287.63
1771804800,2026-02-23 00:00:00,15285.61,15369.04,14952.38,15112.39
1771819200,2026-02-23 04:00:00,15111.16,15187.98,14784.36,14807.2
1771833600,2026-02-23 08:00:00,14808.42,15037.63,14638.32,14903.66
1771848000,2026-02-23 12:00:00,14905.69,14918.59,14419.27,14790.8
1771862400,2026-02-23 16:00:00,14790.92,15161.51,14731.29,14964.53
1771876800,2026-02-23 20:00:00,14963.49,15310.22,14834.09,14913.96
1771891200,2026-02-24 00:00:00,14917.23,15203.14,14752.37,15041.88
1771905600,2026-02-24 04:00:00,15043.25,15459.01,14905.71,15441.34
1771920000,2026-02-24 08:00:00,15440.82,16441.81,15404.51,16377.05
1771934400,2026-02-24 12:00:00,16375.15,16415.51,15615.14,15738.01
1771948800,2026-02-24 16:00:00,15739.79,15802.88,15297.07,15297.07
1771963200,2026-02-24 20:00:00,15295.5,15730.4,15291.6,15716.74
1771977600,2026-02-25 00:00:00,15713.83,16303.81,15685.06,15745.49
1771992000,2026-02-25 04:00:00,15748.18,15759.71,15244.91,15488.52
1772006400,2026-02-25 08:00:00,15487.03,15932.64,15325.56,15850.48
1772020800,2026-02-25 12:00:00,15851.03,16130.91,15726.77,15930.37
1772035200,2026-02-25 16:00:00,15928.69,15983.47,15462.32,15464
1772049600,2026-02-25 20:00:00,15464.82,15496.8,14925.04,15120.35
1772064000,2026-02-26 00:00:00,15120.12,15267.25,14805.94,14946.21
1772078400,2026-02-26 04:00:00,14944.11,14960.97,14439.5,14550.7
1772092800,2026-02-26 08:00:00,14547.63,14897.15,14500.14,14875.11
1772107200,2026-02-26 12:00:00,14870.79,14981.14,14727.84,14781.36
1772121600,2026-02-26 16:00:00,14778.35,14907.82,14588.06,14779.12
1772136000,2026-02-26 20:00:00,14779.65,15094.15,14560.29,15018.87
1772150400,2026-02-27 00:00:00,15019.24,15022.56,14481.45,14486.42
1772164800,2026-02-27 04:00:00,14484.63,14576.81,13893.08,13899.6
1772179200,2026-02-27 08:00:00,13899.52,14048.08,13482.12,13736.72
1772193600,2026-02-27 12:00:00,13736.49,14117.4,13714.16,14077.81
1772208000,2026-02-27 16:00:00,14078.07,14471.72,14027.62,14248.77
1772222400,2026-02-27 20:00:00,14248.01,14256.8,13531.85,13608.73
1772236800,2026-02-28 00:00:00,13606.77,13800.99,13254.71,13327.04
1772251200,2026-02-28 04:00:00,13324.11,13543.49,13115.02,13185.19
1772265600,2026-02-28 08:00:00,13183.21,13672.8,13094.27,13571.71
1772280000,2026-02-28 12:00:00,13572.4,13919.74,13449.95,13841.77
1772294400,2026-02-28 16:00:00,13839.14,13962.56,13689.2,13932.38
1772308800,2026-02-28 20:00:00,13932.14,14397.46,13927.14,14315.57
1772323200,2026-03-01 00:00:00,14316.78,14534.91,14122.81,14518.8
1772337600,2026-03-01 04:00:00,14519.61,14893.83,14491.7,14801.26
1772352000,2026-03-01 08:00:00,14803.78,14924.6,14609.2,14612.31
1772366400,2026-03-01 12:00:00,14608.18,15213.81,14573.85,15213.81
1772380800,2026-03-01 16:00:00,15218.06,15617.39,15146.77,15521.79
1772395200,2026-03-01 20:00:00,15522.89,15560.67,14969.51,15156.44
1772409600,2026-03-02 00:00:00,15154.6,15731.79,15154.6,15557.22
1772424000,2026-03-02 04:00:00,15555.55,15770.16,15454.85,15679.32
1772438400,2026-03-02 08:00:00,15680.41,16394.4,15666.36,16356.94
1772452800,2026-03-02 12:00:00,16360.17,16460.76,15844.06,15919.37
1772467200,2026-03-02 16:00:00,15918.42,16677.17,15880.92,16375.61
1772481600,2026-03-02 20:00:00,16372.65,17121.32,16330.26,16946.91
1772496000,2026-03-03 00:00:00,16948.26,17016.72,16529.64,16628.14
1772510400,2026-03-03 04:00:00,16626.67,16804.7,16248.29,16369.82
1772524800,2026-03-03 08:00:00,16371.4,16648.06,16276.32,16460.28
1772539200,2026-03-03 12:00:00,16462.21,16567.99,15711.99,15734.01
1772553600,2026-03-03 16:00:00,15733.89,16544.2,15725.16,16509.59
1772568000,2026-03-03 20:00:00,16507.06,16591.07,16300.05,16306.56
1772582400,2026-03-04 00:00:00,16302.14,16429.81,15753.98,16056.97
1772596800,2026-03-04 04:00:00,16058.77,16258.94,15719.38,15886.16
1772611200,2026-03-04 08:00:00,15886.87,16067.64,15608.24,16067.64
1772625600,2026-03-04 12:00:00,16069.95,16135.03,15559.48,15663.62
1772640000,2026-03-04 16:00:00,15664.93,15765.07,15078.5,15099.14
1772654400,2026-03-04 20:00:00,15097.74,15282.03,14842.3,14892.99
1772668800,2026-03-05 00:00:00,14893.61,15151.73,14698.77,14937.94
1772683200,2026-03-05 04:00:00,14937.6,15334.68,14671.99,15028.72
1772697600,2026-03-05 08:00:00,15027.25,15153.69,14626.85,14769.07
1772712000,2026-03-05 12:00:00,14768.41,14887.2,14164.44,14197.85
1772726400,2026-03-05 16:00:00,14197.63,14197.84,13383.22,13659.82
1772740800,2026-03-05 20:00:00,13660.27,13825.04,13285.25,13509.82
1772755200,2026-03-06 00:00:00,13509.73,13533.11,13011.32,13038.9
1772769600,2026-03-06 04:00:00,13040.63,13100.64,12770.19,12792.94
1772784000,2026-03-06 08:00:00,12794.54,12982.29,12618.93,12845.2
1772798400,2026-03-06 12:00:00,12847.59,13072.75,12320.11,12485.33
1772812800,2026-03-06 16:00:00,12486.74,12858.11,12444.31,12662.91
1772827200,2026-03-06 20:00:00,12664.08,12728.23,12110.91,12159.97
1772841600,2026-03-07 00:00:00,12157.71,12418.03,12023.4,12283.95
1772856000,2026-03-07 04:00:00,12283.79,12538.47,12150.12,12422.47
1772870400,2026-03-07 08:00:00,12421.76,12440.54,11903.45,12088.76
1772884800,2026-03-07 12:00:00,12089.11,12100.54,11609.86,11610
1772899200,2026-03-07 16:00:00,11609.37,11886.78,11465.69,11839.08
1772913600,2026-03-07 20:00:00,11840.03,12173.1,11770.19,12121.63
1772928000,2026-03-08 00:00:00,12119.79,12193.02,11882.91,11911.45
1772942400,2026-03-08 04:00:00,11912.89,11998.35,11665.66,11854.2
1772956800,2026-03-08 08:00:00,11853.95,12050.69,11821.28,11857.84
1772971200,2026-03-08 12:00:00,11859.15,12293.56,11713.39,12130.16
1772985600,2026-03-08 16:00:00,12130.48,12219.91,11864.63,12011.04
1773000000,2026-03-08 20:00:00,12011.2,12371.13,11934.46,12086.28
1773014400,2026-03-09 00:00:00,12085.93,12244.35,11836.65,11886.46
1773028800,2026-03-09 04:00:00,11887.57,11987.26,11642.47,11894.36
1773043200,2026-03-09 08:00:00,11892.25,12249.92,11875.51,12164.85
1773057600,2026-03-09 12:00:00,12164.03,12530.33,12065.11,12185.16
1773072000,2026-03-09 16:00:00,12187.37,12328.39,11630.69,11638.28
1773086400,2026-03-09 20:00:00,11636.99,11829.98,11590.16,11686.32
1773100800,2026-03-10 00:00:00,11685.98,11875.13,11501.95,11621.98
1773115200,2026-03-10 04:00:00,11623.63,12028.89,11604.5,11886.97
1773129600,2026-03-10 08:00:00,11888.59,11961.88,11635.28,11668.7
1773144000,2026-03-10 12:00:00,11669.07,11697.55,11212.63,11401.31
1773158400,2026-03-10 16:00:00,11400.06,11423.71,11073.38,11078.75
1773172800,2026-03-10 20:00:00,11080.53,11335.91,11033.68,11162.26
1773187200,2026-03-11 00:00:00,11160.32,11339.03,11013.71,11159.94
1773201600,2026-03-11 04:00:00,11157.67,11225.95,10777.14,10781.73
1773216000,2026-03-11 08:00:00,10782.6,11103.48,10755.55,10981.07
1773230400,2026-03-11 12:00:00,10983.83,11443.42,10973.52,11400.04
1773244800,2026-03-11 16:00:00,11400.99,11514.37,11247.32,11497.51
1773259200,2026-03-11 20:00:00,11499.47,11642.65,11370.09,11522.16
1773273600,2026-03-12 00:00:00,11521.79,12061.93,11456.96,12031.31
1773288000,2026-03-12 04:00:00,12031.52,12203.82,11730.04,12065.09
1773302400,2026-03-12 08:00:00,12065.46,12105.6,11738.84,11894.08
1773316800,2026-03-12 12:00:00,11896.3,12293.02,11787.44,12277.62
1773331200,2026-03-12 16:00:00,12277.14,12400.62,11793.22,11811.3
1773345600,2026-03-12 20:00:00,11812.48,11890.71,11513.49,11553.65
1773360000,2026-03-13 00:00:00,11555.02,11698.52,11445.37,11455.02
1773374400,2026-03-13 04:00:00,11456.72,11602.55,11363.19,11481.37
1773388800,2026-03-13 08:00:00,11479.41,11524.08,11201.79,11240.73
1773403200,2026-03-13 12:00:00,11239.28,11261.65,10951.05,10971.06
1773417600,2026-03-13 16:00:00,10970.33,11119.47,10898.21,11018.84
1773432000,2026-03-13 20:00:00,11019.1,11312.12,10905.08,10950.17
1773446400,2026-03-14 00:00:00,10951.5,11362.87,10850.54,11358.52
1773460800,2026-03-14 04:00:00,11360.61,11531.52,11215.58,11362.13
1773475200,2026-03-14 08:00:00,11363.03,11742.58,11345.32,11400.34
1773489600,2026-03-14 12:00:00,11398.92,11425.99,11074.86,11166.5
1773504000,2026-03-14 16:00:00,11168.69,11231.1,10987.47,11152.8
1773518400,2026-03-14 20:00:00,11148.69,11281.73,11046.12,11098.49
1773532800,2026-03-15 00:00:00,11098.32,11100.39,10650.96,10822.75
1773547200,2026-03-15 04:00:00,10824.69,10892.35,10623.31,10672.69
1773561600,2026-03-15 08:00:00,10669.03,10929.21,10645.74,10844.52
1773576000,2026-03-15 12:00:00,10844.6,10961.01,10617.45,10685.59
1773590400,2026-03-15 16:00:00,10686.38,10861.83,10606.88,10808.61
1773604800,2026-03-15 20:00:00,10808.63,11068.7,10767.36,11053.09
1773619200,2026-03-16 00:00:00,11052.74,11059.19,10759.52,10841.08
1773633600,2026-03-16 04:00:00,10839.87,11035.31,10802.33,10955.1
1773648000,2026-03-16 08:00:00,10953.54,11012.9,10714.74,10797.01
1773662400,2026-03-16 12:00:00,10796.92,10814.39,10565.1,10696.02
1773676800,2026-03-16 16:00:00,10697.95,10804.82,10556.17,10798.81
1773691200,2026-03-16 20:00:00,10799.08,10826.76,10532.93,10650.6
1773705600,2026-03-17 00:00:00,10650.21,10724.08,10439.12,10570.81
1773720000,2026-03-17 04:00:00,10571.41,10993.11,10503.58,10942.43
1773734400,2026-03-17 08:00:00,10940.38,11175.54,10808.64,11067.08
1773748800,2026-03-17 12:00:00,11067.67,11440.1,11026.51,11436.2
1773763200,2026-03-17 16:00:00,11434.9,11913.71,11333.86,11868.31
1773777600,2026-03-17 20:00:00,11868.12,11947.63,11628.31,11665.31
1773792000,2026-03-18 00:00:00,11664.47,12135.41,11654.19,12103.59
1773806400,2026-03-18 04:00:00,12102.63,12362.53,12063.24,12339.93
1773820800,2026-03-18 08:00:00,12339.03,12761.74,12276.46,12695.01
1773835200,2026-03-18 12:00:00,12693.79,13054.67,12651.1,12847.85
1773849600,2026-03-18 16:00:00,12845.56,13033.05,12681.87,12820.63
1773864000,2026-03-18 20:00:00,12819.19,12914.95,12695.54,12702.24
1773878400,2026-03-19 00:00:00,12699.41,12846.99,12538.36,12550.18
1773892800,2026-03-19 04:00:00,12549.84,12668.13,12127.55,12291.86
1773907200,2026-03-19 08:00:00,12287.52,12312.14,11740.4,11784.72
1773921600,2026-03-19 12:00:00,11784.42,11878.43,11504.21,11622
1773936000,2026-03-19 16:00:00,11618.63,11824.75,11595.71,11661.07
1773950400,2026-03-19 20:00:00,11662.21,11949.52,11551.39,11758.7
1773964800,2026-03-20 00:00:00,11760.97,12041.12,11747.8,12027.11
1773979200,2026-03-20 04:00:00,12026.53,12118.38,11875.04,11937.32
1773993600,2026-03-20 08:00:00,11937.33,12232.66,11835.19,12140.6
1774008000,2026-03-20 12:00:00,12140.59,12227.81,11786.98,11836.16
1774022400,2026-03-20 16:00:00,11837.98,11877.34,11628.73,11762.71
1774036800,2026-03-20 20:00:00,11764.7,11852.03,11601.84,11697.42
1774051200,2026-03-21 00:00:00,11699.41,11971.48,11642.09,11917.27
1774065600,2026-03-21 04:00:00,11917.55,12334.23,11839.1,12199.92
1774080000,2026-03-21 08:00:00,12198.04,12492.42,12146.77,12339.11
1774094400,2026-03-21 12:00:00,12338.25,12676.18,12308.33,12660.84
1774108800,2026-03-21 16:00:00,12662.63,12733.65,12348.89,12528.19
1774123200,2026-03-21 20:00:00,12526.15,12651.39,12366.48,12469.47
1774137600,2026-03-22 00:00:00,12467.57,12916.54,12384.68,12843.18
1774152000,2026-03-22 04:00:00,12845.16,12858.09,12450.69,12589.94
1774166400,2026-03-22 08:00:00,12589.51,12646.97,12042.54,12355.95
1774180800,2026-03-22 12:00:00,12355.45,12628.15,12281.67,12570.52
1774195200,2026-03-22 16:00:00,12568.56,12885.61,12463.35,12861.62
1774209600,2026-03-22 20:00:00,12863.91,13148.05,12747.11,12805.98
1774224000,2026-03-23 00:00:00,12807.35,12954.06,12587.45,12788.48
1774238400,2026-03-23 04:00:00,12788.07,12951.91,12413.74,12460.51
1774252800,2026-03-23 08:00:00,12463.2,12660.46,12454.27,12581.35
1774267200,2026-03-23 12:00:00,12579.31,12657.56,12192.82,12585.62
1774281600,2026-03-23 16:00:00,12586.38,12757.3,12225.2,12285.04
1774296000,2026-03-23 20:00:00,12287.09,12370.02,11812.15,11833.54
1774310400,2026-03-24 00:00:00,11833.89,11870.05,11566.82,11612.7
1774324800,2026-03-24 04:00:00,11614.47,11783.41,11567.45,11723.11
1774339200,2026-03-24 08:00:00,11723.91,12046.09,11705.25,11898.24
1774353600,2026-03-24 12:00:00,11897.16,11917.22,11659.94,11772.67
1774368000,2026-03-24 16:00:00,11771.58,12029.72,11766.76,12018.79
1774382400,2026-03-24 20:00:00,12017.77,12124.37,11810.7,12066.14
1774396800,2026-03-25 00:00:00,12068.05,12611.38,11948.12,12517.27
1774411200,2026-03-25 04:00:00,12517.36,13128.7,12295.34,12926.5
1774425600,2026-03-25 08:00:00,12923.31,13090.53,12550.78,12572.12
1774440000,2026-03-25 12:00:00,12569.99,12672.26,12365.47,12493.04
1774454400,2026-03-25 16:00:00,12493.44,12674.81,12395.75,12628.39
1774468800,2026-03-25 20:00:00,12628.94,12728.36,12406.52,12636.12
1774483200,2026-03-26 00:00:00,12636.67,12902.04,12565.11,12883.63
1774497600,2026-03-26 04:00:00,12884.47,13416.19,12819.61,13401.58
1774512000,2026-03-26 08:00:00,13403.57,13788.09,13244.35,13265.94
1774526400,2026-03-26 12:00:00,13264.69,13639.02,13127.76,13152.02
1774540800,2026-03-26 16:00:00,13149.5,13279.24,12947.3,13101.52
1774555200,2026-03-26 20:00:00,13102.3,13120.59,12585.2,12717.47
1774569600,2026-03-27 00:00:00,12718.22,12751.64,12323.08,12348.72
1774584000,2026-03-27 04:00:00,12349.3,12688.95,12347.18,12508.75
1774598400,2026-03-27 08:00:00,12508.97,12586.18,12259.31,12446.57
1774612800,2026-03-27 12:00:00,12447.15,12802.09,12420.87,12641.53
1774627200,2026-03-27 16:00:00,12640.89,13177.63,12572.51,12901.41
1774641600,2026-03-27 20:00:00,12898.21,12908.36,12568.65,12660.18
1774656000,2026-03-28 00:00:00,12660.25,12906.2,12585.81,12862.16
1774670400,2026-03-28 04:00:00,12860.06,13030.97,12741.82,12752.57
1774684800,2026-03-28 08:00:00,12752.74,13143.81,12619.08,13083
1774699200,2026-03-28 12:00:00,13081.19,13137.99,12706.96,12773.32
1774713600,2026-03-28 16:00:00,12770.62,13292.93,12665.93,13134.34
1774728000,2026-03-28 20:00:00,13133.19,13259.61,12998.28,13211.21
1774742400,2026-03-29 00:00:00,13212.38,13789.68,13167.25,13723.12
1774756800,2026-03-29 04:00:00,13723.03,14132.85,13609.49,14093.02
1774771200,2026-03-29 08:00:00,14092.57,14160.05,13868.94,14010.93
1774785600,2026-03-29 12:00:00,14012.72,14041.88,13513.19,13529.92
1774800000,2026-03-29 16:00:00,13532.07,13551.61,13144.96,13328.28
1774814400,2026-03-29 20:00:00,13326.57,13479.54,13115.92,13383.17
1774828800,2026-03-30 00:00:00,13381.57,13682.35,13344.5,13541.96
1774843200,2026-03-30 04:00:00,13540.99,14002.05,13530.12,13991.52
1774857600,2026-03-30 08:00:00,13990.99,14425.01,13845.15,14424.49
1774872000,2026-03-30 12:00:00,14425.2,14571.67,14293.39,14379.72
1774886400,2026-03-30 16:00:00,14380.52,14494.93,14121.74,14344.6
1774900800,2026-03-30 20:00:00,14345.94,14373.98,13868.35,13996.07
1774915200,2026-03-31 00:00:00,13998.39,14086.39,13531.25,13584.05
1774929600,2026-03-31 04:00:00,13582.74,13728.16,13435.48,13678.38
1774944000,2026-03-31 08:00:00,13677.41,13720.66,13305.77,13521.49
1774958400,2026-03-31 12:00:00,13520.37,13546.67,13071.36,13264.88
1774972800,2026-03-31 16:00:00,13266.67,13516.01,12987.84,13038.12
1774987200,2026-03-31 20:00:00,13039.08,13354.06,13030.31,13224.94
1775001600,2026-04-01 00:00:00,13223.19,13470.35,13133.5,13151.68
1775016000,2026-04-01 04:00:00,13150.02,13382.69,12928.25,13348.16
1775030400,2026-04-01 08:00:00,13351.54,13603.82,13254.59,13381.11
1775044800,2026-04-01 12:00:00,13382.35,13535.06,13021.05,13492.82
1775059200,2026-04-01 16:00:00,13491.07,13557.55,13310.69,13540.11
1775073600,2026-04-01 20:00:00,13542.58,13715.1,13359.63,13431.51
1775088000,2026-04-02 00:00:00,13430.1,13546.39,13287.23,13447.65
1775102400,2026-04-02 04:00:00,13449.42,13794.31,13388.35,13788.6
1775116800,2026-04-02 08:00:00,13792.1,13876.07,13600.45,13834.29
1775131200,2026-04-02 12:00:00,13833.7,14374.04,13767.53,14156.23
1775145600,2026-04-02 16:00:00,14156.06,14181.78,13491.28,13576.81
1775160000,2026-04-02 20:00:00,13582.23,13851.08,13510.25,13726.53
1775174400,2026-04-03 00:00:00,13727.38,14063.87,13572.99,14006.33
1775188800,2026-04-03 04:00:00,14005.52,14507.53,13915.55,14168.86
1775203200,2026-04-03 08:00:00,14172.11,14241.85,13952.89,14095.39
1775217600,2026-04-03 12:00:00,14094.38,14824.06,14082.04,14783.97
1775232000,2026-04-03 16:00:00,14783.64,15017.97,14590.33,14917.61
1775246400,2026-04-03 20:00:00,14917.51,14977.22,14673.02,14674.18
1775260800,2026-04-04 00:00:00,14674.63,14993.95,14560.96,14907.2
1775275200,2026-04-04 04:00:00,14905.44,15302.28,14888.52,15144.58
1775289600,2026-04-04 08:00:00,15146.38,15328.67,15014.28,15305.9
1775304000,2026-04-04 12:00:00,15307.31,16160.44,15251.17,16105.39
1775318400,2026-04-04 16:00:00,16105.36,16316.16,15836.15,15926.86
1775332800,2026-04-04 20:00:00,15925.72,16071.07,15111.57,15137.18
1775347200,2026-04-05 00:00:00,15136.78,15199.44,14944.42,14975.01
1775361600,2026-04-05 04:00:00,14977.06,15228.08,14815.83,14825.05
1775376000,2026-04-05 08:00:00,14821.79,14860.54,14521.06,14544.35
1775390400,2026-04-05 12:00:00,14546.95,14808.71,14479.69,14766.57
1775404800,2026-04-05 16:00:00,14763.14,14909.2,14397.65,14472.05
1775419200,2026-04-05 20:00:00,14473.67,14551.49,14312.74,14336.33
1775433600,2026-04-06 00:00:00,14337.15,14682.99,14242.61,14351.19
1775448000,2026-04-06 04:00:00,14355.29,14568.81,13974.82,14040.43
1775462400,2026-04-06 08:00:00,14039.6,14205.49,13875.07,14030.68
1775476800,2026-04-06 12:00:00,14028.75,14100.71,13814.27,13823.38
1775491200,2026-04-06 16:00:00,13822.01,13856.99,13275.73,13284.35
1775505600,2026-04-06 20:00:00,13283.92,13364.07,13123.91,13328.73
1775520000,2026-04-07 00:00:00,13327.89,13546.36,13131.16,13490.29
1775534400,2026-04-07 04:00:00,13491.91,13639.53,13020.93,13382.51
1775548800,2026-04-07 08:00:00,13384.61,13614.26,13310.21,13529.69
1775563200,2026-04-07 12:00:00,13529.68,13601.73,13064.57,13087.9
1775577600,2026-04-07 16:00:00,13086.52,13197.12,12817.36,12911.23
1775592000,2026-04-07 20:00:00,12912.38,13100.04,12680.59,12701.87
1775606400,2026-04-08 00:00:00,12700.57,13094.32,12634.79,13044.22
1775620800,2026-04-08 04:00:00,13045,13192.57,12850.31,12979.91
1775635200,2026-04-08 08:00:00,12980.68,13683.27,12960.04,13672.75
1775649600,2026-04-08 12:00:00,13671.86,13985.92,13547.59,13943.16
1775664000,2026-04-08 16:00:00,13942.16,14127.66,13778.61,14111.42
1775678400,2026-04-08 20:00:00,14113.23,14347.52,14051.27,14140.06
1775692800,2026-04-09 00:00:00,14137.38,14217.23,13664.98,13666.27
1775707200,2026-04-09 04:00:00,13661.04,13847.8,13544.28,13847.8
1775721600,2026-04-09 08:00:00,13850.2,13927.27,13671.39,13820.08
1775736000,2026-04-09 12:00:00,13819.22,14059.49,13801.13,13828.2
1775750400,2026-04-09 16:00:00,13826.68,14282.15,13684.2,14257.74
1775764800,2026-04-09 20:00:00,14261.16,14379.05,13932.82,13939.58
1775779200,2026-04-10 00:00:00,13940.25,14204.64,13724.94,13808.39
1775793600,2026-04-10 04:00:00,13807.57,14139.4,13752.4,13928.27
1775808000,2026-04-10 08:00:00,13925.71,14058.41,13651.68,13950.73
1775822400,2026-04-10 12:00:00,13954.51,14241.7,13585.8,13770.75
1775836800,2026-04-10 16:00:00,13768.12,14307.58,13762.24,14307.58
1775851200,2026-04-10 20:00:00,14307.65,14504.83,14076.01,14408.45
1775865600,2026-04-11 00:00:00,14407.59,14645.73,14147.44,14163.9
1775880000,2026-04-11 04:00:00,14164.66,14806.15,14056.77,14759.18
1775894400,2026-04-11 08:00:00,14756.79,14817.59,14384.57,14525.45
1775908800,2026-04-11 12:00:00,14524.16,14904.88,14208.09,14873.28
1775923200,2026-04-11 16:00:00,14872.33,14931.96,14495.19,14676.75
1775937600,2026-04-11 20:00:00,14677.41,15134.88,14429.55,14961.12
1775952000,2026-04-12 00:00:00,14959.84,15227.23,14815.9,15114.63
1775966400,2026-04-12 04:00:00,15113.23,15180.57,14583.93,14787.03
1775980800,2026-04-12 08:00:00,14787.86,15223.97,14770.97,14954.41
1775995200,2026-04-12 12:00:00,14954.41,15086.33,14581.67,15052.69
1776009600,2026-04-12 16:00:00,15052.34,15289.07,14985.89,15193.69
1776024000,2026-04-12 20:00:00,15195.64,15211.24,14854.53,14954.85
1776038400,2026-04-13 00:00:00,14954,14955.47,14387.76,14684.37
1776052800,2026-04-13 04:00:00,14684.04,14850.15,14347.49,14837.26
1776067200,2026-04-13 08:00:00,14839.4,15346.59,14703.07,15258.18
1776081600,2026-04-13 12:00:00,15257.15,15306.75,15000.65,15011.71
1776096000,2026-04-13 16:00:00,15014.32,15144.73,14767.04,15108.07
1776110400,2026-04-13 20:00:00,15106.78,15594.03,15103.85,15557.27
1776124800,2026-04-14 00:00:00,15556.46,15886.36,15465.76,15560.59
1776139200,2026-04-14 04:00:00,15560.21,16063.66,15392.95,16001.76
1776153600,2026-04-14 08:00:00,16004.56,16298.29,15971.56,16231.74
1776168000,2026-04-14 12:00:00,16231.68,16262.99,15549.49,16020.1
1776182400,2026-04-14 16:00:00,16019.02,16127.36,15607.79,15734.75
1776196800,2026-04-14 20:00:00,15733.38,16090.03,15702.03,15795.07
1776211200,2026-04-15 00:00:00,15796.22,15927.07,15624.42,15766.57
1776225600,2026-04-15 04:00:00,15764.58,15855.33,15410.23,15410.23
1776240000,2026-04-15 08:00:00,15411.06,15514.82,15185.31,15303.59
1776254400,2026-04-15 12:00:00,15302.54,15684.22,15262.14,15426.29
1776268800,2026-04-15 16:00:00,15423.62,15474.6,15169.32,15389.54
1776283200,2026-04-15 20:00:00,15389.6,15493.14,15098.1,15114.85
1776297600,2026-04-16 00:00:00,15113.4,15276.93,14777.71,14928.05
1776312000,2026-04-16 04:00:00,14929.29,15232.54,14854.39,14921.28
1776326400,2026-04-16 08:00:00,14924.95,15312.85,14903.72,15175.6
1776340800,2026-04-16 12:00:00,15177.77,15252.28,14659.34,14983.77
1776355200,2026-04-16 16:00:00,14986.06,15157.93,14794.2,14887.79
1776369600,2026-04-16 20:00:00,14884.05,15195.87,14825.55,15001.15
1776384000,2026-04-17 00:00:00,15004.8,15128.68,14786.18,15069.5
1776398400,2026-04-17 04:00:00,15069.42,15100.89,14641.87,14890.97
1776412800,2026-04-17 08:00:00,14892.65,15343.78,14800.5,15260.72
1776427200,2026-04-17 12:00:00,15259.57,15606.02,15195.59,15376.01
1776441600,2026-04-17 16:00:00,15374.53,15451.74,15013.21,15274.49
1776456000,2026-04-17 20:00:00,15276.63,15847.01,15261.81,15587.74
1776470400,2026-04-18 00:00:00,15590.27,15610.61,14802.04,14842.95
1776484800,2026-04-18 04:00:00,14841.33,15445.93,14759.68,15227.52
1776499200,2026-04-18 08:00:00,15226.96,15507.62,15124.75,15375.72
1776513600,2026-04-18 12:00:00,15374.71,15580.69,15119.53,15445.93
1776528000,2026-04-18 16:00:00,15446.32,15693.87,15319.94,15595.95
1776542400,2026-04-18 20:00:00,15597.37,15813.57,15241.07,15600.34
1776556800,2026-04-19 00:00:00,15601.69,15905.4,15339.93,15466.35
1776571200,2026-04-19 04:00:00,15469.75,15583.9,15027.14,15127.37
1776585600,2026-04-19 08:00:00,15128.39,15478.81,15021.84,15408.13
1776600000,2026-04-19 12:00:00,15406.65,15502.94,14904.78,15021.65
1776614400,2026-04-19 16:00:00,15018.9,15158.25,14878.66,15032.79
1776628800,2026-04-19 20:00:00,15036.62,15379.97,14932.19,15283.87
1776643200,2026-04-20 00:00:00,15282.17,15332.89,14848.53,15030.78
1776657600,2026-04-20 04:00:00,15032.19,15346.1,14709.48,14841.07
1776672000,2026-04-20 08:00:00,14840,15152.08,14677.51,15015.11
1776686400,2026-04-20 12:00:00,15015.67,15024.16,14592.48,14827.27
1776700800,2026-04-20 16:00:00,14829.29,15142.07,14537.04,14673.64
1776715200,2026-04-20 20:00:00,14673.17,15260.08,14662.6,15260.08
1776729600,2026-04-21 00:00:00,15259.86,15537.69,15168.74,15494.86
1776744000,2026-04-21 04:00:00,15493.5,15756.24,15311.99,15428.16
1776758400,2026-04-21 08:00:00,15429.54,15474.87,15123.75,15270.04
1776772800,2026-04-21 12:00:00,15271.41,15886.03,15209.39,15868.98
1776787200,2026-04-21 16:00:00,15868.76,16140.44,15653.76,15856.57
1776801600,2026-04-21 20:00:00,15857.61,16202.82,15742.78,15812.53
1776816000,2026-04-22 00:00:00,15809.09,16304.24,15743.02,16130.89
1776830400,2026-04-22 04:00:00,16129.14,16323.84,15799.73,16123.67
1776844800,2026-04-22 08:00:00,16123.95,16471.74,16053.4,16459.27
1776859200,2026-04-22 12:00:00,16457.44,16809.14,16354.33,16731.8
1776873600,2026-04-22 16:00:00,16728.32,16818.03,16316.38,16703.9
1776888000,2026-04-22 20:00:00,16705.59,16745.67,15989.88,16271.45
1776902400,2026-04-23 00:00:00,16272.44,16486.19,15616.53,15701.64
1776916800,2026-04-23 04:00:00,15703.4,16091.08,15677.59,15688.44
1776931200,2026-04-23 08:00:00,15689.24,15821.54,15461.7,15534.72
1776945600,2026-04-23 12:00:00,15536.57,15989.34,15301.07,15330.72
1776960000,2026-04-23 16:00:00,15331.86,15528.98,15171.26,15252.37
1776974400,2026-04-23 20:00:00,15251.66,15538.19,15121.22,15442.93
1776988800,2026-04-24 00:00:00,15439.58,15590.37,15001.07,15013.71
1777003200,2026-04-24 04:00:00,15013.23,15208.55,14935.22,15117.49
1777017600,2026-04-24 08:00:00,15114.95,15127.33,14472.17,14485.19
1777032000,2026-04-24 12:00:00,14485.89,14568.06,14254.88,14521.07
1777046400,2026-04-24 16:00:00,14521.55,15220.73,14494.58,15173.14
1777060800,2026-04-24 20:00:00,15175.14,15859.23,15053.9,15702.15
1777075200,2026-04-25 00:00:00,15703.6,16064.89,15524.96,16043.85
1777089600,2026-04-25 04:00:00,16048.9,16210.65,15929.32,16176.99
1777104000,2026-04-25 08:00:00,16173.78,16497.12,16069.01,16429.25
1777118400,2026-04-25 12:00:00,16428.87,16558.53,16004.78,16209.75
1777132800,2026-04-25 16:00:00,16207.56,16692.65,16119.45,16572.1
1777147200,2026-04-25 20:00:00,16573.18,17094.35,16560.3,16921.92
1777161600,2026-04-26 00:00:00,16919.9,17021.1,16687.72,16806.22
1777176000,2026-04-26 04:00:00,16807.35,17132.79,16698.63,16899.28
1777190400,2026-04-26 08:00:00,16900.86,16957.04,16194.83,16393.82
1777204800,2026-04-26 12:00:00,16392.11,16597.66,16207.86,16247.42
1777219200,2026-04-26 16:00:00,16251.82,16356.66,15854.32,16084.94
1777233600,2026-04-26 20:00:00,16080.95,16265.43,15695.41,15747.45
1777248000,2026-04-27 00:00:00,15745.6,15904.42,15530.55,15592.33
1777262400,2026-04-27 04:00:00,15594.66,15935.4,15526.5,15657.58
1777276800,2026-04-27 08:00:00,15660.91,16023.73,15538.01,15619.33
1777291200,2026-04-27 12:00:00,15622.62,15652.7,15197.94,15241.97
1777305600,2026-04-27 16:00:00,15241.12,15660.67,14975.5,15123.97
1777320000,2026-04-27 20:00:00,15124.44,15186.37,14713.82,15008.18
1777334400,2026-04-28 00:00:00,15004.63,15276.8,14915.29,15257.11
1777348800,2026-04-28 04:00:00,15258.1,15700.97,15206.18,15577.27
1777363200,2026-04-28 08:00:00,15577.94,15797.74,15468.32,15758.08
1777377600,2026-04-28 12:00:00,15757.44,15991.48,15542.19,15579.89
1777392000,2026-04-28 16:00:00,15580.02,15869.65,15520,15733.82
1777406400,2026-04-28 20:00:00,15731.08,16094.95,15679.08,15975.76
1777420800,2026-04-29 00:00:00,15979.22,16303.57,15730.05,15824.21
1777435200,2026-04-29 04:00:00,15825.73,16178.31,15735.73,15959.6
1777449600,2026-04-29 08:00:00,15960.25,15988.03,15449.96,15517.42
1777464000,2026-04-29 12:00:00,15519.65,15587.89,15330.4,15360.88
1777478400,2026-04-29 16:00:00,15355.85,15450.95,14989.2,15031.15
1777492800,2026-04-29 20:00:00,15028.59,15236.41,14890.16,15038.93
1777507200,2026-04-30 00:00:00,15042.58,15389.68,15003.66,15240.54
1777521600,2026-04-30 04:00:00,15238.79,15266.66,14618.11,14666.97
1777536000,2026-04-30 08:00:00,14665.28,14894.35,14491.4,14518.36
1777550400,2026-04-30 12:00:00,14518.7,14530.29,14095.86,14110.84
1777564800,2026-04-30 16:00:00,14107.61,14399.86,14029.96,14117.42
1777579200,2026-04-30 20:00:00,14116.65,14340.93,13985.71,14301.63
1777593600,2026-05-01 00:00:00,14306.33,14491.34,14132.68,14353.76
1777608000,2026-05-01 04:00:00,14356.42,14380.29,13680.49,13695.6
1777622400,2026-05-01 08:00:00,13694.83,14109.7,13659.11,14060.48
1777636800,2026-05-01 12:00:00,14062.15,14237.64,13689.42,13794.17
1777651200,2026-05-01 16:00:00,13793.71,14382.15,13754.37,14373.72
1777665600,2026-05-01 20:00:00,14372.55,14398.21,13951.88,13972.86
1777680000,2026-05-02 00:00:00,13973.27,14124,13778.65,13947.48
1777694400,2026-05-02 04:00:00,13946.18,14130.65,13590.48,13604.65
1777708800,2026-05-02 08:00:00,13602.86,13645.43,13237.24,13569.22
1777723200,2026-05-02 12:00:00,13570.33,13791.84,13468.59,13473.3
1777737600,2026-05-02 16:00:00,13471.56,13913.26,13436.94,13863.85
1777752000,2026-05-02 20:00:00,13861.68,14080.77,13527.49,13543.75
1777766400,2026-05-03 00:00:00,13544.97,13577.65,12982.5,13132.13
1777780800,2026-05-03 04:00:00,13131.56,13416.48,13026.93,13382.83
1777795200,2026-05-03 08:00:00,13380.5,13629.21,13235.08,13365.39
1777809600,2026-05-03 12:00:00,13364.7,13385.97,12563.67,12563.67
1777824000,2026-05-03 16:00:00,12563.71,12733.12,12436.83,12678.66
1777838400,2026-05-03 20:00:00,12678.24,12846.07,12352.07,12387.91
1777852800,2026-05-04 00:00:00,12389.04,12481.33,12177.92,12276.18
1777867200,2026-05-04 04:00:00,12275.54,12613.11,12249.2,12539.52
1777881600,2026-05-04 08:00:00,12543.31,12807.45,12463.75,12568.57
1777896000,2026-05-04 12:00:00,12568.36,12736.2,12275.75,12315.52
1777910400,2026-05-04 16:00:00,12314.92,12378.47,11807.62,11852.59
1777924800,2026-05-04 20:00:00,11850.35,12047.45,11628.06,11995.51
1777939200,2026-05-05 00:00:00,11994.1,12054.13,11818.42,11842.02
1777953600,2026-05-05 04:00:00,11844.17,12320.84,11713.53,12287.09
1777968000,2026-05-05 08:00:00,12285.34,12907.74,12267.59,12770.48
1777982400,2026-05-05 12:00:00,12769.33,13152.55,12740.86,13046.01
1777996800,2026-05-05 16:00:00,13046.49,13092.11,12581.95,12979.59
1778011200,2026-05-05 20:00:00,12978.11,13009.97,12788.4,12874.49
1778025600,2026-05-06 00:00:00,12875.98,13088.9,12694.76,13079.7
1778040000,2026-05-06 04:00:00,13078.49,13459.74,13068.55,13270.15
1778054400,2026-05-06 08:00:00,13269.61,13400.89,13128.67,13328.65
1778068800,2026-05-06 12:00:00,13327.12,13867.01,13282.8,13648.05
1778083200,2026-05-06 16:00:00,13649.63,14099.24,13597.23,14080.64
1778097600,2026-05-06 20:00:00,14080.2,14187.45,13843.69,13880.59
1778112000,2026-05-07 00:00:00,13879.05,13961.39,13222.14,13249.05
1778126400,2026-05-07 04:00:00,13204.46,13465.83,13112.31,13350.98
1778140800,2026-05-07 08:00:00,13353.14,13385.78,13005.19,13024.61
1778155200,2026-05-07 12:00:00,13024.64,13199.75,12698.11,12853.29
1778169600,2026-05-07 16:00:00,12852.91,13030.81,12584.31,12636.62
1778184000,2026-05-07 20:00:00,12635.51,13104.5,12576.48,12828.2
1778198400,2026-05-08 00:00:00,12828.82,13320.64,12795.22,13193.12
1778212800,2026-05-08 04:00:00,13191.65,13207.41,12562.8,12783.25
1778227200,2026-05-08 08:00:00,12784.05,12784.05,12255.92,12348.79
1778241600,2026-05-08 12:00:00,12348.07,12440.24,12115.96,12392.8
1778256000,2026-05-08 16:00:00,12392.66,12442.99,12187.05,12362.75
1778270400,2026-05-08 20:00:00,12361.08,12859.63,12341.28,12714.28
1778284800,2026-05-09 00:00:00,12714.22,12916.88,12610.02,12660.69
1778299200,2026-05-09 04:00:00,12660.99,12747.47,12403.76,12444.86
1778313600,2026-05-09 08:00:00,12446.73,12807.6,12431.55,12684.95
1778328000,2026-05-09 12:00:00,12686.55,12884.63,12663.36,12819.15
1778342400,2026-05-09 16:00:00,12821.9,12859.85,12483.6,12610.08
1778356800,2026-05-09 20:00:00,12612.25,12923.57,12557.23,12642.24
1778371200,2026-05-10 00:00:00,12641.29,12934.61,12618.35,12845.66
1778385600,2026-05-10 04:00:00,12843.79,13293.59,12842.2,13147.72
1778400000,2026-05-10 08:00:00,13148.46,13243.54,12969.32,13234.92
1778414400,2026-05-10 12:00:00,13235.88,13264.2,12827.57,13044.22
1778428800,2026-05-10 16:00:00,13043.82,13130.72,12776.69,12933.54
1778443200,2026-05-10 20:00:00,12933.66,13033.11,12448.73,12462.09
1778457600,2026-05-11 00:00:00,12460.37,12717.81,12437.41,12468.92
1778472000,2026-05-11 04:00:00,12470.21,12497.22,11889.12,11895.39
1778486400,2026-05-11 08:00:00,11891.5,12019.16,11486.84,11548.94
1778500800,2026-05-11 12:00:00,11549.59,11644.65,11334.28,11520.33
1778515200,2026-05-11 16:00:00,11520.26,11677.41,11468.42,11581.41
1778529600,2026-05-11 20:00:00,11584.63,11821.32,11511.41,11782.35
1778544000,2026-05-12 00:00:00,11782.27,11948.82,11713.98,11911.51
1778558400,2026-05-12 04:00:00,11911.58,12623.6,11867.42,12509.69
1778572800,2026-05-12 08:00:00,12509.98,12888.24,12437.76,12681.36
1778587200,2026-05-12 12:00:00,12682.64,13250.49,12625.34,13237.12
1778601600,2026-05-12 16:00:00,13235.09,13438.65,13001.81,13163.45
1778616000,2026-05-12 20:00:00,13164.87,13201.46,12651.93,12706.41
1778630400,2026-05-13 00:00:00,12707.92,12948.58,12637.18,12692.82
1778644800,2026-05-13 04:00:00,12695.13,13057.12,12643.41,12961.23
1778659200,2026-05-13 08:00:00,12962.26,13059.57,12456.33,12735.61
1778673600,2026-05-13 12:00:00,12737.02,12794.77,12144.33,12202.11
1778688000,2026-05-13 16:00:00,12203.42,12275.6,11921.96,12092.82
1778702400,2026-05-13 20:00:00,12091.6,12212.53,11824.63,12120.2
1778716800,2026-05-14 00:00:00,12118.92,12453.82,12085.01,12221.83
1778731200,2026-05-14 04:00:00,12223.78,12409.47,12201.01,12217.09
1778745600,2026-05-14 08:00:00,12215.08,12232.3,11532.03,11569.51
1778760000,2026-05-14 12:00:00,11568.58,12110.79,11555.3,12016.46
1778774400,2026-05-14 16:00:00,12017.03,12385.77,11934.03,12072.09
1778788800,2026-05-14 20:00:00,12073.49,12361.21,11949.77,12273.67
1778803200,2026-05-15 00:00:00,12273.46,12392.35,12081.03,12287.93
1778817600,2026-05-15 04:00:00,12286.51,12290.14,11923.02,12065.62
1778832000,2026-05-15 08:00:00,12068.49,12368.79,12026.71,12034.32
1778846400,2026-05-15 12:00:00,12034.38,12348.59,11912.81,12332.94
1778860800,2026-05-15 16:00:00,12331.04,13005.76,12275.51,12999.03
1778875200,2026-05-15 20:00:00,12997.1,13011.88,12403.26,12425.72
1778889600,2026-05-16 00:00:00,12425.97,12476.28,12176.16,12273.6
1778904000,2026-05-16 04:00:00,12269.35,12315.6,11982.68,12171.88
1778918400,2026-05-16 08:00:00,12173.57,12503.81,12156.88,12484.72
1778932800,2026-05-16 12:00:00,12484.44,12531.15,12223.91,12331.53
1778947200,2026-05-16 16:00:00,12331.1,12367.91,12003.05,12070.07
1778961600,2026-05-16 20:00:00,12071.64,12086.39,11419.76,11440.35
1778976000,2026-05-17 00:00:00,11440.15,11773.91,11422.41,11746.95
1778990400,2026-05-17 04:00:00,11748.57,11925.63,11629.76,11795.96
1779004800,2026-05-17 08:00:00,11795.8,11987.83,11542.77,11830.97
1779019200,2026-05-17 12:00:00,11829.51,12084.99,11660.02,12068.94
1779033600,2026-05-17 16:00:00,12066.49,12081.17,11583.5,11693.17
1779048000,2026-05-17 20:00:00,11693,11993.02,11673.97,11848.85
1779062400,2026-05-18 00:00:00,11850.04,11896.73,11642.79,11842.53
1779076800,2026-05-18 04:00:00,11841.52,11866.32,11471.69,11763.2
1779091200,2026-05-18 08:00:00,11764.11,11814.3,11621.77,11628.41
1779105600,2026-05-18 12:00:00,11627.6,11875.61,11544.48,11776.45
1779120000,2026-05-18 16:00:00,11775.63,12123.61,11718.31,11868.9
1779134400,2026-05-18 20:00:00,11870.1,11993.93,11712.24,11720.32
1779148800,2026-05-19 00:00:00,11719.34,11762.96,11400.27,11503.07
1779163200,2026-05-19 04:00:00,11501.13,11523.23,11295.86,11441.75
1779177600,2026-05-19 08:00:00,11441.27,11609.22,11292.81,11336.05
1779192000,2026-05-19 12:00:00,11334.96,11409.67,11199.88,11223.22
1779206400,2026-05-19 16:00:00,11221.07,11242.91,10899.81,11037.41
1779220800,2026-05-19 20:00:00,11038.86,11256.24,10896.48,11243.46
1779235200,2026-05-20 00:00:00,11242.55,11281.57,10961.79,11065.34
1779249600,2026-05-20 04:00:00,11067.06,11093.3,10599.35,10752.2
1779264000,2026-05-20 08:00:00,10749.8,11319.32,10656.2,11275.19
1779278400,2026-05-20 12:00:00,11275.1,11311,10780.27,10836.76
1779292800,2026-05-20 16:00:00,10837.53,11024.16,10624.75,10774.21
1779307200,2026-05-20 20:00:00,10777.91,10835.78,10592.36,10629.71
1779321600,2026-05-21 00:00:00,10630.14,10804.73,10585.04,10737.2
1779336000,2026-05-21 04:00:00,10736.8,10941.83,10619.88,10764.59
1779350400,2026-05-21 08:00:00,10763.05,10803.79,10443.25,10444.77
1779364800,2026-05-21 12:00:00,10446.23,10538.97,10347.27,10347.27
1779379200,2026-05-21 16:00:00,10344.53,10409.21,10156.99,10198.35
1779393600,2026-05-21 20:00:00,10198.68,10380.95,10014.24,10057.02
1779408000,2026-05-22 00:00:00,10055.57,10236.09,9991.77,10009.24
1779422400,2026-05-22 04:00:00,10010.31,10150.36,9986.3,10016.92
1779436800,2026-05-22 08:00:00,10014.62,10142.8,9864.86,9907.14
1779451200,2026-05-22 12:00:00,9906.93,10339.06,9830.21,10339.06
1779465600,2026-05-22 16:00:00,10338.19,10375.24,10112.99,10143.04
1779480000,2026-05-22 20:00:00,10140.2,10499.67,10098.26,10322.83
1779494400,2026-05-23 00:00:00,10321.73,10376.47,9956.56,10081.98
1779508800,2026-05-23 04:00:00,10081.53,10313.74,10044.16,10084.35
1779523200,2026-05-23 08:00:00,10082.32,10157.52,9795.98,10074.44
1779537600,2026-05-23 12:00:00,10074.64,10111.62,9857.8,9889.08
1779552000,2026-05-23 16:00:00,9889.07,10048.17,9861.09,9907.67
1779566400,2026-05-23 20:00:00,9907.94,10257.51,9870.86,10223.19
1779580800,2026-05-24 00:00:00,10223.62,10424.02,10108.91,10392.43
1779595200,2026-05-24 04:00:00,10393.3,10920.96,10375.7,10920.45
1779609600,2026-05-24 08:00:00,10920.84,10956.02,10443.53,10474.65
1779624000,2026-05-24 12:00:00,10477.39,10823.21,10467.75,10688.22
1779638400,2026-05-24 16:00:00,10687.94,10764.27,10523.36,10699.5
1779652800,2026-05-24 20:00:00,10699.74,10961.18,10620.26,10957.9
1779667200,2026-05-25 00:00:00,10957.71,11150.98,10864.06,10934.48
1779681600,2026-05-25 04:00:00,10933.96,11281.69,10929.87,11250.71
1779696000,2026-05-25 08:00:00,11251.55,11602.1,11216.45,11556.98
1779710400,2026-05-25 12:00:00,11556.23,11565.61,11318.58,11388.86
1779724800,2026-05-25 16:00:00,11386.8,11432.4,11133.79,11196.81
1779739200,2026-05-25 20:00:00,11195.82,11333.28,11050.78,11067.02
1779753600,2026-05-26 00:00:00,11066.09,11185.95,10999.96,11074.1
1779768000,2026-05-26 04:00:00,11073.65,11697.97,11070.7,11650.09
1779782400,2026-05-26 08:00:00,11649.35,11802.37,11573.54,11590.06
1779796800,2026-05-26 12:00:00,11587.67,11949.92,11574.16,11834.6
1779811200,2026-05-26 16:00:00,11836.86,11912.44,11636.66,11646.15
1779825600,2026-05-26 20:00:00,11645.31,11746.51,11460.15,11674.08
1779840000,2026-05-27 00:00:00,11672.17,11762.87,11299.67,11499.19
1779854400,2026-05-27 04:00:00,11499.91,11817.05,11494.87,11682.98
1779868800,2026-05-27 08:00:00,11683.05,12159.55,11677.65,11949.39
1779883200,2026-05-27 12:00:00,11948.37,12153.26,11872.15,12153.26
1779897600,2026-05-27 16:00:00,12153.05,12420.86,11995.86,12071.48
1779912000,2026-05-27 20:00:00,12070.64,12201.81,11679.37,11680.1
1779926400,2026-05-28 00:00:00,11680.34,11787.04,11546.52,11584.14
1779940800,2026-05-28 04:00:00,11584.97,11706.13,11465.83,11547.04
1779955200,2026-05-28 08:00:00,11546.77,11747.72,11537.34,11643.87
1779969600,2026-05-28 12:00:00,11644.61,11845.92,11361.16,11816.66
1779984000,2026-05-28 16:00:00,11819.05,11908.12,11673.15,11863.15
1779998400,2026-05-28 20:00:00,11866.02,11931.16,11724.39,11813.41
1780012800,2026-05-29 00:00:00,11812.01,11923.02,11494.51,11673.61
1780027200,2026-05-29 04:00:00,11673.98,11855,11534.92,11847.23
1780041600,2026-05-29 08:00:00,11846.48,12456.93,11835.33,12396.53
1780056000,2026-05-29 12:00:00,12395.11,12955.01,12395.11,12949.95
1780070400,2026-05-29 16:00:00,12950,13196.55,12801.6,12928.21
1780084800,2026-05-29 20:00:00,12930.7,12941.56,12601.29,12697.14
1780099200,2026-05-30 00:00:00,12700.79,12715.19,12283.23,12360.77
1780113600,2026-05-30 04:00:00,12359.7,12525.43,12255.54,12273.19
1780128000,2026-05-30 08:00:00,12274.63,12607.59,12215.29,12519.61
1780142400,2026-05-30 12:00:00,12518.18,12976.47,12518.18,12852.05
1780156800,2026-05-30 16:00:00,12851.12,12856.75,12491.66,12548.52
1780171200,2026-05-30 20:00:00,12549.83,12765.3,12446.23,12449.87
1780185600,2026-05-31 00:00:00,12449.79,12590.2,12332.53,12540.05
1780200000,2026-05-31 04:00:00,12536.93,12886,12536.23,12639.78
1780214400,2026-05-31 08:00:00,12640.83,12830.56,12523.74,12694.35
1780228800,2026-05-31 12:00:00,12695.29,12730.86,12415.78,12467.9
1780243200,2026-05-31 16:00:00,12467.2,12512.26,11947.14,12201.52
1780257600,2026-05-31 20:00:00,12201.78,12469.18,12151.38,12189.4
1780272000,2026-06-01 00:00:00,12191.45,12615.04,12176.18,12467.26
1780286400,2026-06-01 04:00:00,12471.07,12812.69,12423.84,12461.33
1780300800,2026-06-01 08:00:00,12462.02,12520.74,11918.78,11919.79
1780315200,2026-06-01 12:00:00,11923.09,12002.22,11638.32,11692.42
1780329600,2026-06-01 16:00:00,11694.76,11784.45,11310.53,11375.33
1780344000,2026-06-01 20:00:00,11372.66,11455.86,10829.84,10844.61
1780358400,2026-06-02 00:00:00,10842.41,10859.59,10159.43,10171.23
1780372800,2026-06-02 04:00:00,10170.05,10523.64,10168.32,10295.17
1780387200,2026-06-02 08:00:00,10293.93,10351.55,9947.34,9974.19
1780401600,2026-06-02 12:00:00,9976.07,10052.89,9499.13,9556.13
1780416000,2026-06-02 16:00:00,9557.24,9674.67,9487.59,9615.27
1780430400,2026-06-02 20:00:00,9616.07,9666.57,9421.12,9571.98
1780444800,2026-06-03 00:00:00,9571.77,9660.48,9420.53,9430.36
1780459200,2026-06-03 04:00:00,9432.26,9520.21,9352.08,9366.92
1780473600,2026-06-03 08:00:00,9367.97,9706.1,9365.53,9645.5
1780488000,2026-06-03 12:00:00,9645.4,9811.25,9449.75,9763.25
1780502400,2026-06-03 16:00:00,9763.91,10018.82,9750.02,9915.69
1780516800,2026-06-03 20:00:00,9915.25,9981.44,9711.68,9772.83
1780531200,2026-06-04 00:00:00,9774.74,10020.6,9583.83,9584.24
1780545600,2026-06-04 04:00:00,9583.39,9799.15,9470.8,9722.76
1780560000,2026-06-04 08:00:00,9724.98,9828.66,9504.86,9505.66
1780574400,2026-06-04 12:00:00,9506.86,9663.65,9232.1,9235.77
1780588800,2026-06-04 16:00:00,9235.68,9328.48,9106.35,9140.07
1780603200,2026-06-04 20:00:00,9137.67,9156.03,8838.32,9062.84
1780617600,2026-06-05 00:00:00,9059.96,9129.17,8869.05,8909.21
1780632000,2026-06-05 04:00:00,8908.78,9066.09,8831.71,8901.31
1780646400,2026-06-05 08:00:00,8899.3,9084.27,8793.13,9063.04
1780660800,2026-06-05 12:00:00,9061.41,9240.2,8938.39,9154.77
1780675200,2026-06-05 16:00:00,9155.91,9171,8935.2,9076.15
1780689600,2026-06-05 20:00:00,9079.14,9108.55,8835.47,9075.45
1780704000,2026-06-06 00:00:00,9074.75,9270.06,8977.53,9201.42
1780718400,2026-06-06 04:00:00,9201.72,9212.3,8794.25,8832.85
1780732800,2026-06-06 08:00:00,8832.53,9042.13,8827.15,8993.45
1780747200,2026-06-06 12:00:00,8993.76,9060.69,8757.34,8958.35
1780761600,2026-06-06 16:00:00,8958.76,9203.56,8767.62,9122.69
1780776000,2026-06-06 20:00:00,9119.89,9249.25,9005.5,9167.51
1780790400,2026-06-07 00:00:00,9171.62,9189.53,8874.36,9014.82
1780804800,2026-06-07 04:00:00,9012.29,9136.41,8912.64,8922.39
1780819200,2026-06-07 08:00:00,8921.76,8925.55,8658.33,8798.61
1780833600,2026-06-07 12:00:00,8797.25,8844,8410.36,8411.47
1780848000,2026-06-07 16:00:00,8411.53,8427.83,8107.14,8112.22
1780862400,2026-06-07 20:00:00,8111.15,8196.5,8044.64,8185.49
1780876800,2026-06-08 00:00:00,8184.91,8209.56,8046.23,8131.33
1780891200,2026-06-08 04:00:00,8131.85,8285.17,8075.92,8137.13
1780905600,2026-06-08 08:00:00,8135.52,8276.66,8046.85,8189.6
1780920000,2026-06-08 12:00:00,8189.7,8253.41,8038.97,8134.41
1780934400,2026-06-08 16:00:00,8136.37,8264.88,8038.82,8072.36
1780948800,2026-06-08 20:00:00,8071.89,8398.17,8069.77,8382.62
1780963200,2026-06-09 00:00:00,8383.17,8494.51,8282.72,8334.85
1780977600,2026-06-09 04:00:00,8335.27,8385.39,8132.93,8145.31
1780992000,2026-06-09 08:00:00,8145.09,8204.75,8032.37,8167.64
1781006400,2026-06-09 12:00:00,8168.16,8288.43,7982,7991.52
1781020800,2026-06-09 16:00:00,7992.9,8128.04,7968.41,8012.39
1781035200,2026-06-09 20:00:00,8012.4,8128.18,7979.38,8022.39
1781049600,2026-06-10 00:00:00,8021.63,8311.04,7942.65,8211.84
1781064000,2026-06-10 04:00:00,8212.23,8377.93,8037.01,8050.12
1781078400,2026-06-10 08:00:00,8049.15,8133.76,7982.63,8046.42
1781092800,2026-06-10 12:00:00,8045.56,8257.87,8027.87,8250.64
1781107200,2026-06-10 16:00:00,8250.39,8257.95,7886.84,7952.06
1781121600,2026-06-10 20:00:00,7952.05,8125.52,7872.89,7884.85
1781136000,2026-06-11 00:00:00,7884.57,8115.39,7760.03,8085.59
1781150400,2026-06-11 04:00:00,8086.29,8111.54,7844.25,7903.31
1781164800,2026-06-11 08:00:00,7902.64,8027.97,7859.44,7966.7
1781179200,2026-06-11 12:00:00,7966.25,8125.64,7947.91,7981.03
1781193600,2026-06-11 16:00:00,7982.58,8001.89,7830.44,7916.69
1781208000,2026-06-11 20:00:00,7914.72,7971.12,7825.13,7882.81
1781222400,2026-06-12 00:00:00,7882.44,7916.99,7729.3,7753.76
1781236800,2026-06-12 04:00:00,7752.02,7814.51,7670.7,7808.42
1781251200,2026-06-12 08:00:00,7809.27,7932.04,7588.55,7642.28
1781265600,2026-06-12 12:00:00,7641.91,7928.19,7565.93,7878.2
1781280000,2026-06-12 16:00:00,7876.72,7931.57,7835.65,7901.94
1781294400,2026-06-12 20:00:00,7901.99,8117.86,7717.9,8102.6
1781308800,2026-06-13 00:00:00,8105,8153.97,7974.99,8045.53
1781323200,2026-06-13 04:00:00,8046.48,8172.35,7974.49,8091.1
1781337600,2026-06-13 08:00:00,8091.47,8182.56,7947.55,8139.92
1781352000,2026-06-13 12:00:00,8137.95,8188.72,7988.68,7992.14
1781366400,2026-06-13 16:00:00,7993.68,8253.49,7975.01,8135.07
1781380800,2026-06-13 20:00:00,8134.84,8237.99,8094.64,8114.11
1781395200,2026-06-14 00:00:00,8114.67,8304.94,8091.67,8097.99
1781409600,2026-06-14 04:00:00,8097.91,8470.75,8092.41,8249.14
1781424000,2026-06-14 08:00:00,8248.99,8337.39,7968.96,8039.98
1781438400,2026-06-14 12:00:00,8040.23,8090.03,7921.67,7925.37
1781452800,2026-06-14 16:00:00,7925.2,7987.49,7823.91,7893
1781467200,2026-06-14 20:00:00,7892.8,8117.44,7833.41,8032.68
1781481600,2026-06-15 00:00:00,8033.02,8040.69,7749.7,7917.91
1781496000,2026-06-15 04:00:00,7919.71,7942.6,7765.95,7838.65
1781510400,2026-06-15 08:00:00,7838.82,8106.71,7760.97,8105.84
1781524800,2026-06-15 12:00:00,8105.48,8235.76,8006.94,8231.24
1781539200,2026-06-15 16:00:00,8230.27,8437.8,8215.81,8301.14
1781553600,2026-06-15 20:00:00,8299.22,8433.47,8073.62,8191.22
1781568000,2026-06-16 00:00:00,8190.53,8450.62,8154.19,8326.79
1781582400,2026-06-16 04:00:00,8327.12,8370,8212.25,8217.14
1781596800,2026-06-16 08:00:00,8214.61,8345.23,8147.66,8255.19
1781611200,2026-06-16 12:00:00,8255.32,8432.44,8145.87,8423.52
1781625600,2026-06-16 16:00:00,8424.5,8517.09,8255.08,8261.71
1781640000,2026-06-16 20:00:00,8261.31,8365.77,8136.45,8310.95
1781654400,2026-06-17 00:00:00,8311.6,8474.07,8110.93,8168.61
1781668800,2026-06-17 04:00:00,8168.11,8303.12,8158.7,8289.41
1781683200,2026-06-17 08:00:00,8289.48,8490.62,8207.52,8358.37
1781697600,2026-06-17 12:00:00,8357.57,8524.99,8304.26,8482.63
1781712000,2026-06-17 16:00:00,8483.24,8731,8455.42,8616.94
1781726400,2026-06-17 20:00:00,8617.39,8621.92,8267.4,8270.06
1781740800,2026-06-18 00:00:00,8270.2,8618.08,8119.71,8612.84
1781755200,2026-06-18 04:00:00,8611.83,8613.58,8394.87,8424.49
1781769600,2026-06-18 08:00:00,8425.62,8495.25,8230.59,8360.43
1781784000,2026-06-18 12:00:00,8361.13,8389.1,8147.61,8154.72
1781798400,2026-06-18 16:00:00,8155.11,8299.97,8097.4,8117.41
1781812800,2026-06-18 20:00:00,8117.96,8138.35,8012.93,8089.19
1781827200,2026-06-19 00:00:00,8090.05,8224.71,8002.15,8125.98
1781841600,2026-06-19 04:00:00,8125.84,8285.42,8055.63,8209.7
1781856000,2026-06-19 08:00:00,8209.25,8351.8,8151.49,8179.02
1781870400,2026-06-19 12:00:00,8178.86,8186.88,7843.47,8027.3
1781884800,2026-06-19 16:00:00,8027.26,8220.26,7994.09,8193.33
1781899200,2026-06-19 20:00:00,8193.81,8197.33,7976.94,8092.91
1781913600,2026-06-20 00:00:00,8093.19,8168.5,7975.53,8015.95
1781928000,2026-06-20 04:00:00,8017.39,8318.78,8012.45,8298.58
1781942400,2026-06-20 08:00:00,8298.78,8474.77,8217.18,8423.35
1781956800,2026-06-20 12:00:00,8423.36,8509.25,8225.55,8323.81
1781971200,2026-06-20 16:00:00,8323.75,8334.16,7999.16,8192.63
1781985600,2026-06-20 20:00:00,8194.71,8326.04,8114.85,8291.42
1782000000,2026-06-21 00:00:00,8291.78,8411.6,8015.9,8020.45
1782014400,2026-06-21 04:00:00,8019.19,8032.24,7659.15,7675.8
1782028800,2026-06-21 08:00:00,7676.29,7841.53,7642.29,7792.7
1782043200,2026-06-21 12:00:00,7793.15,7817.81,7583.42,7790.69
1782057600,2026-06-21 16:00:00,7791.55,8003.57,7737.9,7931.24
1782072000,2026-06-21 20:00:00,7931.71,8075.23,7831.02,7846.14
1782086400,2026-06-22 00:00:00,7845.66,8084.67,7779.6,7997.96
1782100800,2026-06-22 04:00:00,7997.01,8034.64,7917.74,7957.24
1782115200,2026-06-22 08:00:00,7956.81,8001.91,7752.28,7781.94
1782129600,2026-06-22 12:00:00,7781.94,7879,7628.68,7732.33
1782144000,2026-06-22 16:00:00,7732.97,7817.48,7648.72,7662.35
1782158400,2026-06-22 20:00:00,7663.19,7799.37,7595.7,7668.01
1782172800,2026-06-23 00:00:00,7669.13,7875.85,7658.54,7870.16
1782187200,2026-06-23 04:00:00,7871.01,8003.45,7789.97,7814.77
1782201600,2026-06-23 08:00:00,7815.33,8109.33,7780.68,8088.5
1782216000,2026-06-23 12:00:00,8090.63,8152.12,7903.19,8012.52
1782230400,2026-06-23 16:00:00,8012.87,8065.93,7912.69,7967.29
1782244800,2026-06-23 20:00:00,7967.71,8052.18,7889.42,8031.5
1782259200,2026-06-24 00:00:00,8030.44,8088.35,7867.92,7959.48
1782273600,2026-06-24 04:00:00,7959.61,8078.91,7864.66,8002.7
1782288000,2026-06-24 08:00:00,8002.17,8335.47,7998.38,8325.43
1782302400,2026-06-24 12:00:00,8324.48,8497.23,8229.25,8417.71
1782316800,2026-06-24 16:00:00,8417.1,8448.29,8201.17,8341.79
1782331200,2026-06-24 20:00:00,8342.29,8619.69,8279.02,8514.74
1782345600,2026-06-25 00:00:00,8514,8518.62,8214.23,8276.7
1782360000,2026-06-25 04:00:00,8276.89,8437.23,8145.23,8227.61
1782374400,2026-06-25 08:00:00,8227.14,8281.65,8086.3,8227.45
1782388800,2026-06-25 12:00:00,8225.33,8348.47,8181.39,8209.13
1782403200,2026-06-25 16:00:00,8208.43,8289.75,8113.2,8226.17
1782417600,2026-06-25 20:00:00,8228.04,8260.34,7988.96,8055.61
1782432000,2026-06-26 00:00:00,8057.55,8064.03,7721.53,7780.65
1782446400,2026-06-26 04:00:00,7781.24,7810.2,7637.17,7709.13
1782460800,2026-06-26 08:00:00,7707.23,7862.44,7637.62,7752.26
1782475200,2026-06-26 12:00:00,7754.07,7810.99,7669.41,7760.16
1782489600,2026-06-26 16:00:00,7760.62,7771.2,7465.71,7529.43
1782504000,2026-06-26 20:00:00,7529.87,7585.48,7471.58,7484.89
1782518400,2026-06-27 00:00:00,7484.39,7562.1,7247.28,7278.31
1782532800,2026-06-27 04:00:00,7278.1,7328.9,7083.98,7154.71
1782547200,2026-06-27 08:00:00,7154.84,7401.92,7151.53,7353.39
1782561600,2026-06-27 12:00:00,7352.51,7566.43,7338.8,7519.26
1782576000,2026-06-27 16:00:00,7517.39,7908.31,7496.09,7897.18
1782590400,2026-06-27 20:00:00,7896.97,7899.05,7697.46,7764.94
1782604800,2026-06-28 00:00:00,7765.83,7893.4,7640.28,7860.67
1782619200,2026-06-28 04:00:00,7861.55,7966.79,7830.12,7963.93
1782633600,2026-06-28 08:00:00,7964.37,8067.71,7855.34,7977.21
1782648000,2026-06-28 12:00:00,7977.21,8162.72,7954.94,7992.09
1782662400,2026-06-28 16:00:00,7993.08,8070.57,7721.21,7805
1782676800,2026-06-28 20:00:00,7804.74,8047.59,7788.81,7951.54
1782691200,2026-06-29 00:00:00,7950.54,7983.08,7834.26,7890.65
1782705600,2026-06-29 04:00:00,7889.16,7990.57,7747.78,7947.72
1782720000,2026-06-29 08:00:00,7946.9,8024.66,7850.48,7927.19
1782734400,2026-06-29 12:00:00,7928.49,8121.92,7848.17,8121.54
1782748800,2026-06-29 16:00:00,8121.71,8276.12,8100.97,8212.38
1782763200,2026-06-29 20:00:00,8214.05,8220.38,7909.49,7929.79
1782777600,2026-06-30 00:00:00,7931.71,8130.15,7862.2,8092.48
1782792000,2026-06-30 04:00:00,8092.92,8177.36,8008.18,8141.31
1782806400,2026-06-30 08:00:00,8139.95,8170.29,7938.09,8015.12
1782820800,2026-06-30 12:00:00,8014.57,8101.67,7989.35,7991.47
1782835200,2026-06-30 16:00:00,7992.73,8026.45,7767.17,7926.85
1782849600,2026-06-30 20:00:00,7927.35,8136.42,7907.45,8065.15
1782864000,2026-07-01 00:00:00,8065.78,8210.28,8012.68,8053.4
1782878400,2026-07-01 04:00:00,8055.06,8105.96,7961.05,8009.19
1782892800,2026-07-01 08:00:00,8008.18,8103.71,7796.99,7845.99
1782907200,2026-07-01 12:00:00,7846.26,8028.54,7622.01,7710.39
1782921600,2026-07-01 16:00:00,7710.87,7869.36,7621.33,7672.85
1782936000,2026-07-01 20:00:00,7673.73,7834.29,7596.05,7707.51
1782950400,2026-07-02 00:00:00,7707.99,7763.35,7613.08,7740.8
1782964800,2026-07-02 04:00:00,7740.96,7903.52,7484.95,7556.35
1782979200,2026-07-02 08:00:00,7555.78,7950.07,7530.65,7816.22
1782993600,2026-07-02 12:00:00,7815.05,8181.98,7801.78,8176.23
1783008000,2026-07-02 16:00:00,8176.23,8230.16,7986.28,7989.37
1783022400,2026-07-02 20:00:00,7988.28,8032.1,7574.15,7655.86
1783036800,2026-07-03 00:00:00,7653.79,7837.18,7580.05,7782.09
1783051200,2026-07-03 04:00:00,7780.32,7785.12,7531.98,7685.48
1783065600,2026-07-03 08:00:00,7686.34,7785.37,7616.1,7669.14
1783080000,2026-07-03 12:00:00,7668.08,7877.69,7632.72,7732.67
1783094400,2026-07-03 16:00:00,7731.29,7870.15,7691.76,7808.69
1783108800,2026-07-03 20:00:00,7807.64,7879.54,7708.73,7764.61
1783123200,2026-07-04 00:00:00,7764.41,7774.2,7547.16,7643.97
1783137600,2026-07-04 04:00:00,7642.98,7688.77,7570.02,7606.82
1783152000,2026-07-04 08:00:00,7607.97,7623.85,7417.4,7592.04
1783166400,2026-07-04 12:00:00,7590.34,7590.45,7411.74,7463.4
1783180800,2026-07-04 16:00:00,7464.16,7532.6,7273.47,7277.11
1783195200,2026-07-04 20:00:00,7276.9,7467.06,7206.64,7432.05
1783209600,2026-07-05 00:00:00,7430.95,7617.44,7387.25,7589.39
1783224000,2026-07-05 04:00:00,7591.27,7915.66,7567.42,7782.98
1783238400,2026-07-05 08:00:00,7782.23,7987.82,7712.27,7984.79
1783252800,2026-07-05 12:00:00,7984.57,8037.54,7742.7,7784.61
1783267200,2026-07-05 16:00:00,7783.86,7829.34,7617.17,7665.47
1783281600,2026-07-05 20:00:00,7665.23,7764.46,7551.23,7554.95
1783296000,2026-07-06 00:00:00,7552.84,7811.6,7539.22,7798.24
1783310400,2026-07-06 04:00:00,7798.42,7821.33,7499.29,7666.04
1783324800,2026-07-06 08:00:00,7667.16,7772.58,7597.09,7660.02
1783339200,2026-07-06 12:00:00,7660.44,7722.65,7560.87,7695.09
1783353600,2026-07-06 16:00:00,7695.11,7816.62,7561.77,7583.9
1783368000,2026-07-06 20:00:00,7585.1,7686.87,7499.93,7632.02
1783382400,2026-07-07 00:00:00,7632.63,7718.2,7509.08,7556.3
1783396800,2026-07-07 04:00:00,7557.24,7560.12,7039.09,7136.64
1783411200,2026-07-07 08:00:00,7137.38,7305.48,7099.79,7104.21
1783425600,2026-07-07 12:00:00,7104.22,7117.19,6719.93,6750
1783440000,2026-07-07 16:00:00,6749.92,6870.26,6700.81,6829.11
1783454400,2026-07-07 20:00:00,6830.93,6948.04,6766.2,6909.34
1783468800,2026-07-08 00:00:00,6909.95,6974.57,6771.77,6804.35
1783483200,2026-07-08 04:00:00,6806.33,6859.57,6665.88,6778.87
1783497600,2026-07-08 08:00:00,6778.53,6802.55,6526.61,6576.68
1783512000,2026-07-08 12:00:00,6576.72,6737.32,6495.2,6690.46
1783526400,2026-07-08 16:00:00,6691.85,7011.06,6690.96,6942.67
1783540800,2026-07-08 20:00:00,6942.57,6997.3,6835.33,6860.93
1783555200,2026-07-09 00:00:00,6861.43,6955.14,6766.74,6888.1
1783569600,2026-07-09 04:00:00,6887.61,7155.12,6836.53,7075.85
1783584000,2026-07-09 08:00:00,7078.14,7296.67,7016.43,7274.85
1783598400,2026-07-09 12:00:00,7274.69,7412.56,7139.39,7312.97
1783612800,2026-07-09 16:00:00,7313.52,7397.06,7240.81,7302.06
1783627200,2026-07-09 20:00:00,7302.02,7316.64,7092.79,7170.97
1783641600,2026-07-10 00:00:00,7170.88,7236.89,7021.51,7117.15
1783656000,2026-07-10 04:00:00,7117.25,7187.25,6865.4,6881.9
1783670400,2026-07-10 08:00:00,6881.45,7162.34,6871.2,7117.47
1783684800,2026-07-10 12:00:00,7117.77,7388.39,7073.12,7129.15
1783699200,2026-07-10 16:00:00,7128.98,7173.1,7035.37,7074.11
1783713600,2026-07-10 20:00:00,7074.97,7230.29,7042.32,7160.2
1783728000,2026-07-11 00:00:00,7159.73,7348.22,7140.2,7266.37
1783742400,2026-07-11 04:00:00,7265.7,7304.05,7143.32,7158.69
1783756800,2026-07-11 08:00:00,7159.12,7194.75,6906.64,6943.55
1783771200,2026-07-11 12:00:00,6945.23,7166.29,6915.46,7146.72
1783785600,2026-07-11 16:00:00,7145.4,7422.61,7136.24,7400.58
1783800000,2026-07-11 20:00:00,7400.76,7666.72,7375.81,7654.48
1783814400,2026-07-12 00:00:00,7655.69,7680.6,7419.6,7585.77
1783828800,2026-07-12 04:00:00,7585.26,7715.91,7469.42,7533.65
1783843200,2026-07-12 08:00:00,7534.9,7708.75,7452.81,7601.65
1783857600,2026-07-12 12:00:00,7602.88,7823.7,7597.82,7817.49
1783872000,2026-07-12 16:00:00,7816.5,7947.49,7525.88,7528.16
1783886400,2026-07-12 20:00:00,7527.53,7542.21,7282.37,7435.08
1783900800,2026-07-13 00:00:00,7432.96,7565.21,7377.84,7543.21
1783915200,2026-07-13 04:00:00,7542.07,7563.88,7209.16,7210.02
1783929600,2026-07-13 08:00:00,7210.16,7388.11,7085.91,7306.65
1783944000,2026-07-13 12:00:00,7305.79,7325.17,7098.39,7194.04
1783958400,2026-07-13 16:00:00,7192.88,7391.49,7183.76,7354.04
1783972800,2026-07-13 20:00:00,7354.91,7446.07,7293.32,7328.87
1783987200,2026-07-14 00:00:00,7329.84,7333.16,7038.37,7102.8
1784001600,2026-07-14 04:00:00,7103.8,7210.61,7005.31,7081.56
1784016000,2026-07-14 08:00:00,7083.36,7102.54,6900.98,7050.25
1784030400,2026-07-14 12:00:00,7048.36,7122.86,6927.15,6989.66
1784044800,2026-07-14 16:00:00,6988.87,7331.39,6976.01,7269.04
1784059200,2026-07-14 20:00:00,7270.75,7358.1,7129.43,7166.16
1784073600,2026-07-15 00:00:00,7165.9,7359.6,7165.9,7285.18
1784088000,2026-07-15 04:00:00,7285.54,7555.35,7273.05,7525.21
1784102400,2026-07-15 08:00:00,7525.87,7603.97,7434.01,7590.41
1784116800,2026-07-15 12:00:00,7590.14,7678.48,7491.3,7530.75
1784131200,2026-07-15 16:00:00,7531.97,7579.09,7437.46,7493.11
1784145600,2026-07-15 20:00:00,7494.47,7619.46,7472.13,7564.46
1784160000,2026-07-16 00:00:00,7565.09,7715.45,7543.01,7672.02
1784174400,2026-07-16 04:00:00,7670.66,8030.72,7660.49,8028.23
1784188800,2026-07-16 08:00:00,8027.19,8400.53,7971.31,8305.39
1784203200,2026-07-16 12:00:00,8304.63,8410.01,8148.58,8203.09
1784217600,2026-07-16 16:00:00,8202.99,8299.09,8006.08,8189.98
1784232000,2026-07-16 20:00:00,8190.01,8511.52,8166.91,8510.07
1784246400,2026-07-17 00:00:00,8509.21,8723.21,8478.1,8627.88
1784260800,2026-07-17 04:00:00,8629.06,8691.96,8479.65,8657.05
1784275200,2026-07-17 08:00:00,8657.69,8670.61,8438.63,8524.28
1784289600,2026-07-17 12:00:00,8524.25,8664.92,8471.83,8617.95
1784304000,2026-07-17 16:00:00,8620.01,8687.98,8441.85,8686.39
1784318400,2026-07-17 20:00:00,8686.92,8752.1,8440.42,8503.52
1784332800,2026-07-18 00:00:00,8504.54,9049.07,8438.27,8881.93
1784347200,2026-07-18 04:00:00,8883.03,8898.44,8618.02,8645.31
1784361600,2026-07-18 08:00:00,8644.29,8714.61,8409.38,8515.08
1784376000,2026-07-18 12:00:00,8516.01,8597.99,8407.43,8595.47
1784390400,2026-07-18 16:00:00,8595.24,8602.6,8328.95,8513.96
1784404800,2026-07-18 20:00:00,8513.81,8547.19,8377.45,8470.23
1784419200,2026-07-19 00:00:00,8469.75,8487.37,8122.84,8168.33
1784433600,2026-07-19 04:00:00,8168.77,8358.62,8107.67,8124.88
1784448000,2026-07-19 08:00:00,8125.47,8287.63,8031.27,8211.71
1784462400,2026-07-19 12:00:00,8212.07,8258.97,8090.79,8094.27
1784476800,2026-07-19 16:00:00,8095.23,8211.52,7931.27,8083.62
1784491200,2026-07-19 20:00:00,8085.18,8198.63,7921.67,7995.81
1784505600,2026-07-20 00:00:00,7996.04,8202.43,7946.23,8153.81
1784520000,2026-07-20 04:00:00,8153.15,8288.52,8069.91,8157.62
1784534400,2026-07-20 08:00:00,8157.75,8360.46,8123.31,8172.87
1784548800,2026-07-20 12:00:00,8172.5,8251.24,7994.27,8224.38
1784563200,2026-07-20 16:00:00,8225.06,8404.78,8208.8,8276.9
1784577600,2026-07-20 20:00:00,8276.36,8288.44,8132.69,8233.84
1784592000,2026-07-21 00:00:00,8233.35,8351.9,8048.14,8163.93
1784606400,2026-07-21 04:00:00,8164.28,8216.38,7912.48,8062.39
1784620800,2026-07-21 08:00:00,8061.27,8088.18,7894.86,7972.68
1784635200,2026-07-21 12:00:00,7975.49,8085.07,7895.79,7965.49
1784649600,2026-07-21 16:00:00,7965.24,8036.43,7807.13,7934.45
1784664000,2026-07-21 20:00:00,7934.75,7996.67,7819.06,7944.41
1784678400,2026-07-22 00:00:00,7943.69,8075.79,7809.6,7999.48
1784692800,2026-07-22 04:00:00,8000.51,8008.27,7762.9,7941.83
1784707200,2026-07-22 08:00:00,7941.7,8122.33,7845.77,7918.74
1784721600,2026-07-22 12:00:00,7918.55,8010.58,7820.8,7997.73
1784736000,2026-07-22 16:00:00,7997.96,8133.54,7897.31,7936.31
1784750400,2026-07-22 20:00:00,7937.49,8114.63,7851.99,8097.55
1784764800,2026-07-23 00:00:00,8097.22,8160.29,7840.36,7844.61
1784779200,2026-07-23 04:00:00,7843.24,7948.97,7671.8,7726.69
1784793600,2026-07-23 08:00:00,7728.09,7857.5,7628.94,7632.7
1784808000,2026-07-23 12:00:00,7632.9,7696.03,7555.08,7621.15
1784822400,2026-07-23 16:00:00,7619.42,7723.1,7534.7,7687.95
1784836800,2026-07-23 20:00:00,7692.9,7784.19,7630.77,7672.33
1784851200,2026-07-24 00:00:00,7672.45,7964.27,7668.78,7922.34
1784865600,2026-07-24 04:00:00,7923.56,7956.81,7799.77,7949.29
1784880000,2026-07-24 08:00:00,7950.12,8131.32,7895.06,8125.68
1784894400,2026-07-24 12:00:00,8125.87,8345.36,8066.66,8343.6
1784908800,2026-07-24 16:00:00,8341.2,8391.91,8095.1,8198.57
1784923200,2026-07-24 20:00:00,8198.51,8220.04,7940.36,8182.27
1784937600,2026-07-25 00:00:00,8183.58,8361.32,8048.01,8049.66
1784952000,2026-07-25 04:00:00,8050.98,8387.22,7930.19,8261.6
1784966400,2026-07-25 08:00:00,8259.47,8366.87,8157.88,8249.5
1784980800,2026-07-25 12:00:00,8249.07,8513.11,8231.24,8474.43
1784995200,2026-07-25 16:00:00,8472.9,8537.87,8398.98,8476.17
1785009600,2026-07-25 20:00:00,8477.94,8816.83,8472.37,8788.67
1785024000,2026-07-26 00:00:00,8788.49,8833.6,8696.86,8799.06
1785038400,2026-07-26 04:00:00,8802,9060.96,8762.79,9045.56
1785052800,2026-07-26 08:00:00,9044.28,9080.47,8754.54,8787.96
1785067200,2026-07-26 12:00:00,8786.61,8864.56,8658.8,8686.98
1785081600,2026-07-26 16:00:00,8684.73,8847.9,8608.51,8654.65
1785096000,2026-07-26 20:00:00,8654.3,8688.92,8302.71,8377.81
1785110400,2026-07-27 00:00:00,8375.58,8621.49,8360.24,8564.44
1785124800,2026-07-27 04:00:00,8563.66,8577.85,8393.4,8393.4
1785139200,2026-07-27 08:00:00,8392.42,8410.43,8180.23,8392.93
1785153600,2026-07-27 12:00:00,8391.38,8415.42,8169.29,8234.46
1785168000,2026-07-27 16:00:00,8233.23,8414.98,8186.79,8270
1785182400,2026-07-27 20:00:00,8271.29,8456.27,8265.55,8361.63
1785196800,2026-07-28 00:00:00,8361.45,8579.46,8205.91,8453.5
1785211200,2026-07-28 04:00:00,8453.57,9049.13,8446.45,8994.43
1785225600,2026-07-28 08:00:00,8996.67,9136.96,8909.02,8935.59
1785240000,2026-07-28 12:00:00,8938.59,9065.44,8831.05,8902.09
1785254400,2026-07-28 16:00:00,8901.3,8997.32,8692.32,8952.08
1785268800,2026-07-28 20:00:00,8951.9,9118,8870.82,8990.68
1785283200,2026-07-29 00:00:00,8992.35,9070.38,8769.99,8947.27
1785297600,2026-07-29 04:00:00,8946.45,9146.91,8901.56,9023.97
1785312000,2026-07-29 08:00:00,9022.63,9052.12,8756.66,9030.2
1785326400,2026-07-29 12:00:00,9030.02,9258.51,8990.34,9245.28
1785340800,2026-07-29 16:00:00,9245.14,9567,9157.79,9520.66
1785355200,2026-07-29 20:00:00,9520.98,9876.95,9373.02,9846.79
1785369600,2026-07-30 00:00:00,9848.64,9888.42,9608.5,9675.94
1785384000,2026-07-30 04:00:00,9676.12,9830.79,9570.68,9628.87
1785398400,2026-07-30 08:00:00,9629.07,9727.82,9587.98,9603.17
1785412800,2026-07-30 12:00:00,9602.77,9754.51,9320.21,9605.75
1785427200,2026-07-30 16:00:00,9604.4,9914.51,9530.96,9908.23
1785441600,2026-07-30 20:00:00,9909.35,9999.1,9716.43,9744.86
1785456000,2026-07-31 00:00:00,9744.67,9974.77,9478.92,9498.22
1785470400,2026-07-31 04:00:00,9496.06,9735.63,9489.66,9572.73
1785484800,2026-07-31 08:00:00,9574.83,9858.57,9568.6,9841.96
